datetime,longitude,latitude,data_gap_minutes,day_count,x,y,u,v,speed,speed_flag,bearing
2019-10-08 04:00:00,136.49505,85.09689,60.0,13.0,-376885.9239430845,-397086.18478986336,,,,False,
2019-10-08 05:00:00,136.58322,85.0913,60.0,14.0,-376703.1234798506,-398118.7641003458,0.22030066746032734,-0.17808831380796478,0.28328048220523394,False,128.95164243540228
2019-10-08 06:00:00,136.66087,85.0854,120.0,15.0,-376615.05704935483,-399107.7383300754,0.1909225220180043,-0.18599109771680986,0.2665409871738665,False,134.25040204514096
2019-10-08 07:00:00,136.72676,85.0793,120.0,16.0,-376622.4098073348,-400036.1611211222,0.15748451244252526,-0.1907939295017342,0.24739380589249324,False,140.46316252396764
2019-10-08 08:00:00,136.77913,85.07309,120.0,17.0,-376731.13359629683,-400885.18756819883,0.11662888912918257,-0.1928071680812531,0.22533730681584827,False,148.83029262823152
2019-10-08 09:00:00,136.81424,85.06686,120.0,18.0,-376961.1486470441,-401622.8339260869,0.067542267686823,-0.19233578733018591,0.20385046728472556,False,160.65033236287934
2019-10-08 10:00:00,136.82974,85.06068,120.0,19.0,-377324.27227739425,-402227.72188043763,0.022248606426402168,-0.18907207830360678,0.19037660381980281,False,173.28871876131154
2019-10-08 11:00:00,136.8309,85.05466,120.0,20.0,-377775.69002068805,-402725.27326549706,-0.007240138618657535,-0.18271439478373214,0.1828577853644818,False,182.26918340186995
2019-10-08 12:00:00,136.82434,85.04889,120.0,21.0,-378262.32619348215,-403151.53320214903,-0.022061827313196128,-0.172330550032899,0.17373699289166594,False,187.2953467447743
2019-10-08 13:00:00,136.81444,85.04354,120.0,22.0,-378740.51735411084,-403521.43588092085,-0.026453417284658914,-0.15760833146709646,0.159812920109353,False,189.52787361674473
2019-10-08 14:00:00,136.80462,85.03872,120.0,23.0,-379177.8036206219,-403848.60096345335,-0.023845045386627683,-0.14071628885919685,0.14272231829603688,False,189.61768027829396
2019-10-08 15:00:00,136.79668,85.03446,120.0,24.0,-379559.1736466471,-404142.5357572192,-0.017360153875747755,-0.12382402386304862,0.12503505039878407,False,187.9808606358477
2019-10-08 16:00:00,136.7917,85.03073,120.0,24.0,-379879.2486898512,-404412.89621570095,-0.009707935710672029,-0.11173572273081463,0.1121566571806597,False,184.96556029411522
2019-10-08 17:00:00,136.78946,85.02725,120.0,24.0,-380160.92071655625,-404681.0539317803,-0.003982535553621484,-0.10786106093373246,0.10793455913277362,False,182.114561718341
2019-10-08 18:00:00,136.78874,85.02377,120.0,24.0,-380431.8708793411,-404959.28245958366,-0.005417012054870843,-0.1103402886576046,0.11047317919135903,False,182.8106047232111
2019-10-08 19:00:00,136.78544,85.02013,120.0,24.0,-380733.29936252075,-405233.3715999624,-0.017717802967232972,-0.11560829050759011,0.11695810094248726,False,188.71319503227033
2019-10-08 20:00:00,136.7756,85.01631,120.0,24.0,-381094.79917214124,-405478.56626501255,-0.035982122574052484,-0.11808648032549635,0.1234468710846815,False,196.9464990860307
2019-10-08 21:00:00,136.75877,85.01251,120.0,24.0,-381504.3600072948,-405675.48242348386,-0.05415002327813246,-0.11297137741771261,0.1252787178122348,False,205.6095723042621
2019-10-08 22:00:00,136.73549,85.00902,120.0,24.0,-381936.0504405473,-405804.00829267735,-0.07017788799262147,-0.09886855274036875,0.12124325417968622,False,215.3675137327332
2019-10-08 23:00:00,136.70682,85.00613,120.0,24.0,-382360.18543631665,-405847.5493707523,-0.08271668483165653,-0.07701798649488212,0.11302132627635124,False,227.0432191759631
2019-10-09 00:00:00,136.67429,85.00405,120.0,24.0,-382749.7899639825,-405799.23055070476,-0.08909168908484132,-0.05439425734116974,0.10438421478215675,False,238.59416329504276
2019-10-09 01:00:00,136.64093,85.00262,120.0,24.0,-383095.5460608068,-405692.3181720907,-0.0870213567527497,-0.03734985123315715,0.09469808825012418,False,246.77083196786774
2019-10-09 02:00:00,136.60995,85.00164,120.0,24.0,-383389.96668862016,-405564.5802225287,-0.07725737861519219,-0.023248931764971687,0.08067970859332267,False,253.25197210632118
2019-10-09 03:00:00,136.58382,85.00112,120.0,24.0,-383614.7639006429,-405431.83677154954,-0.06176113376053464,-0.008836912626345245,0.062390132778768086,False,261.8572668131529
2019-10-09 04:00:00,136.5643,85.00107,120.0,24.0,-383756.70326339145,-405305.1713350903,-0.044202400646962806,0.0007723980706100739,0.04420914862032631,False,271.0010914648576
2019-10-09 05:00:00,136.55115,85.00117,120.0,24.0,-383842.0416943929,-405208.9838348697,-0.02864336260882295,-0.00015625334428214822,0.02864378879701699,False,269.6874470193944
2019-10-09 06:00:00,136.54313,85.00106,120.0,24.0,-383907.1991841577,-405164.1608096798,-0.018956536642929688,-0.011158249965603276,0.02199674575453427,False,239.51796234569673
2019-10-09 07:00:00,136.53714,85.00045,120.0,24.0,-383996.3747171731,-405173.4246472414,-0.01794468063864813,-0.028824403052336998,0.03395375935808357,False,211.904397968097
2019-10-09 08:00:00,136.52987,84.9992,120.0,24.0,-384143.73695386143,-405225.91864753125,-0.024446516599405207,-0.04261625160554593,0.049130205319662466,False,209.84043831111154
2019-10-09 09:00:00,136.51908,84.9977,120.0,24.0,-384335.2111749587,-405275.01233562187,-0.03554156187940792,-0.043080443849010455,0.0558491473798439,False,219.52278614224883
2019-10-09 10:00:00,136.50362,84.99642,120.0,24.0,-384542.8566882986,-405274.89818304987,-0.04521853826741006,-0.034867445009434186,0.05710039338329593,False,232.36463627412797
2019-10-09 11:00:00,136.48569,84.99545,120.0,24.0,-384744.1848735384,-405233.0302304159,-0.04824687148322117,-0.02479541180811074,0.0542454887954036,False,242.80010530352203
2019-10-09 12:00:00,136.468,84.99482,120.0,24.0,-384917.69786874385,-405165.1845713348,-0.045922793574912926,-0.014257893165096762,0.048085241885960986,False,252.75172201682582
2019-10-09 13:00:00,136.45179,84.99453,120.0,24.0,-385054.6043632076,-405079.72108100995,-0.04091295651295654,-0.003410146606762903,0.04105483053808272,False,265.235338089743
2019-10-09 14:00:00,136.4378,84.9946,120.0,24.0,-385148.1192777432,-404980.02991121623,-0.03432861311251108,0.008212653217979388,0.0352973278182252,False,283.4543569247934
2019-10-09 15:00:00,136.42645,84.99506,120.0,24.0,-385192.95774409006,-404866.54071596713,-0.027241232501987366,0.02030054259514496,0.03397347167842326,False,306.6939877452412
2019-10-09 16:00:00,136.41769,84.99591,120.0,24.0,-385189.4698966752,-404738.9413646623,-0.022333851704819673,0.030993944495700625,0.03820242829160796,False,324.2239466960516
2019-10-09 17:00:00,136.40996,84.99706,120.0,24.0,-385155.5984020979,-404594.0321859996,-0.022328413506854217,0.03812301631057956,0.044180566116221114,False,329.64275935845535
2019-10-09 18:00:00,136.4012,84.99837,120.0,24.0,-385116.65419213433,-404429.28747473547,-0.028589771312260277,0.04091320874183777,0.04991258031038399,False,325.0545066495476
2019-10-09 19:00:00,136.38884,84.9997,120.0,24.0,-385101.5292319093,-404238.7523845249,-0.04170991644589439,0.038899928753307944,0.05703438951138099,False,313.00352836884065
2019-10-09 20:00:00,136.37038,85.00088,120.0,24.0,-385140.9031230913,-404019.3564507641,-0.060250702107690166,0.03425259648433677,0.06930647495283843,False,299.61828226286855
2019-10-09 21:00:00,136.34431,85.00191,120.0,24.0,-385245.35857204866,-403760.923202306,-0.08197792613942365,0.02976049868892529,0.0872127723234064,False,289.9524481517011
2019-10-09 22:00:00,136.30978,85.0028,120.0,24.0,-385420.02387169626,-403456.8707576104,-0.10384629026474398,0.028211740786182486,0.10761019617088435,False,285.1986271863765
2019-10-09 23:00:00,136.26753,85.00373,120.0,24.0,-385645.6943238425,-403097.57101999165,-0.12282456553995519,0.03224078933258604,0.1269855991711932,False,284.70801624997955
2019-10-10 00:00:00,136.21895,85.00488,120.0,24.0,-385898.55186909,-402677.8016300204,-0.13677551415404496,0.03952245201150773,0.14237122421720366,False,286.1171011466905
2019-10-10 01:00:00,136.16636,85.00628,120.0,24.0,-386159.80796351726,-402210.74440771155,-0.14409054978436164,0.047268050882813696,0.15164549176094838,False,288.161770369808
2019-10-10 02:00:00,136.11234,85.00793,120.0,24.0,-386411.2204626376,-401713.79853600234,-0.14440935090364448,0.05454847951656096,0.15436838162648658,False,290.69331046245486
2019-10-10 03:00:00,136.05948,85.0098,120.0,24.0,-386636.8823595445,-401206.8886701243,-0.1374429878335685,0.059814267301450945,0.14989436773083867,False,293.5183525364016
2019-10-10 04:00:00,136.01058,85.01179,120.0,24.0,-386824.9431311931,-400717.00801692967,-0.12184166727801031,0.057331481004502166,0.13465619406197013,False,295.19890059885086
2019-10-10 05:00:00,135.96924,85.0135,120.0,24.0,-386981.3520383576,-400300.62238197064,-0.09833285698476149,0.041988918708265696,0.10692249556138737,False,293.12287088970925
2019-10-10 06:00:00,135.93773,85.0145,120.0,24.0,-387123.84314190847,-400007.56073956995,-0.07694882837129556,0.018902537786464477,0.07923653275152705,False,283.8014695764614
2019-10-10 07:00:00,135.91222,85.01472,120.0,24.0,-387284.8223344354,-399817.5287127221,-0.06705287378180473,-0.004804906472958594,0.06722480947248952,False,265.9012779711869
2019-10-10 08:00:00,135.88804,85.01419,120.0,24.0,-387494.6823318362,-399696.51037763443,-0.06573649991756375,-0.025570154539087953,0.07053453214252363,False,248.74498222966503
2019-10-10 09:00:00,135.86351,85.01307,120.0,24.0,-387752.7934582716,-399620.2642716869,-0.06770728620172896,-0.040292014324399855,0.07878910472343546,False,239.24349288042666
2019-10-10 10:00:00,135.83788,85.01159,120.0,24.0,-388046.56603973144,-399565.2368674415,-0.0705072063156091,-0.047885663856111114,0.08523088023347133,False,235.81722709432307
2019-10-10 11:00:00,135.81129,85.00998,120.0,24.0,-388357.17125812033,-399513.92077288183,-0.07186501972593715,-0.048351120924804744,0.08661646468711608,False,236.06714975617422
2019-10-10 12:00:00,135.78467,85.00847,120.0,24.0,-388660.24039677915,-399454.201651209,-0.067467033632862,-0.043703908958760015,0.0803855228601103,False,237.0655726920697
2019-10-10 13:00:00,135.76135,85.00716,120.0,24.0,-388924.76502578007,-399400.7010723267,-0.053929651829610285,-0.036886368649458746,0.06533767319553675,False,235.62896733307988
2019-10-10 14:00:00,135.74476,85.00609,120.0,24.0,-389123.7122440607,-399373.5827642234,-0.0337075326312355,-0.030221841039961235,0.04527203808014933,False,228.1209105900916
2019-10-10 15:00:00,135.73641,85.00521,120.0,24.0,-389250.4434323163,-399387.1869024558,-0.009799028473486144,-0.025571075094867834,0.027384317419493265,False,200.9672085292836
2019-10-10 16:00:00,135.73751,85.00444,120.0,24.0,-389302.74051321147,-399456.18868663843,0.01854015401571663,-0.025723366624751755,0.031708498883389065,False,144.21776707370458
2019-10-10 17:00:00,135.75012,85.00355,120.0,24.0,-389284.1106913444,-399612.99201736704,0.05109699385071427,-0.03300326225212366,0.060828596070124634,False,122.85819096350872
2019-10-10 18:00:00,135.77529,85.00231,120.0,24.0,-389205.02471498196,-399883.1146112123,0.07976175875746483,-0.04664029799557453,0.09239727029084793,False,120.31675216335452
2019-10-10 19:00:00,135.80908,85.00054,120.0,24.0,-389106.7915508862,-400254.1856312719,0.09692213258439827,-0.06539432884814105,0.11692013526423278,False,124.00793226940863
2019-10-10 20:00:00,135.84691,84.99809,120.0,24.0,-389032.8583247078,-400707.14617659425,0.10525534593116773,-0.08724664898538141,0.13671380912793024,False,129.65549455902396
2019-10-10 21:00:00,135.88682,84.99491,120.0,24.0,-389000.63014808943,-401232.78353725024,0.10845028136935178,-0.10971896256838765,0.15427156016639884,False,135.33317830507417
2019-10-10 22:00:00,135.92696,84.99101,120.0,24.0,-389022.12540781044,-401817.84955399606,0.10364682883240152,-0.12847388862427553,0.16507030376556497,False,141.10500570001653
2019-10-10 23:00:00,135.96327,84.98662,120.0,24.0,-389107.893991136,-402416.43949435034,0.08860032236464643,-0.13978868270373088,0.16550194239090854,False,147.63281761664797
2019-10-11 00:00:00,135.99226,84.98199,120.0,24.0,-389263.14937371796,-402984.83341747365,0.07016986200215508,-0.14552051416186718,0.16155503574737518,False,154.25667670043492
2019-10-11 01:00:00,136.01494,84.97723,120.0,24.0,-389472.44290723384,-403521.03427116096,0.05580033715287595,-0.14722313721597352,0.157443100065033,False,159.24234983847208
2019-10-11 02:00:00,136.03331,84.97249,120.0,24.0,-389710.21650565456,-404026.54258715647,0.04574200402505808,-0.13838876826989957,0.14575246864286173,False,161.70959376820235
2019-10-11 03:00:00,136.04856,84.9683,120.0,24.0,-389927.1410082581,-404466.8288058205,0.04012975443292111,-0.11514230987407052,0.1219350184072772,False,160.78537404431393
2019-10-11 04:00:00,136.06278,84.96506,120.0,24.0,-390077.5878455493,-404823.91522774356,0.04600916932360172,-0.09421886330063337,0.10485245759404636,False,153.97271270581757
2019-10-11 05:00:00,136.08232,84.96222,120.0,24.0,-390159.3006409894,-405185.18305532035,0.06683646412877556,-0.09297532997715033,0.11450556720787461,False,144.28906437683503
2019-10-11 06:00:00,136.11179,84.95906,120.0,24.0,-390195.2729087736,-405639.91257935046,0.08469720985166646,-0.11126493067746202,0.13983383766212545,False,142.7208448021907
2019-10-11 07:00:00,136.14439,84.95504,120.0,24.0,-390275.1778368786,-406185.2960625373,0.08175280797549447,-0.14179956058978377,0.16367845611238466,False,150.03492518871178
2019-10-11 08:00:00,136.17166,84.94991,120.0,24.0,-390478.1890460803,-406783.9340306745,0.06274125436786307,-0.16210099102325154,0.17381943588210488,False,158.84105071466894
2019-10-11 09:00:00,136.1903,84.94458,120.0,24.0,-390757.522354276,-407340.1102736681,0.0378861856643178,-0.15404080620917265,0.15863143774726068,False,166.18241464922846
2019-10-11 10:00:00,136.19936,84.93997,120.0,24.0,-391049.1260875252,-407773.14037092467,0.01623434317624274,-0.13032826202640624,0.13133548561294325,False,172.89952379397914
2019-10-11 11:00:00,136.20216,84.93617,120.0,24.0,-391322.64812171826,-408098.2801319647,0.005206126577230304,-0.1070822122168798,0.10720869333780272,False,177.2165835595501
2019-10-11 12:00:00,136.20316,84.93306,120.0,24.0,-391555.68638989667,-408355.57514980325,0.006776590425888025,-0.08693614489003557,0.08719985932409234,False,175.54286076905112
2019-10-11 13:00:00,136.2071,84.93056,120.0,24.0,-391720.6458796302,-408583.85152574925,0.02020013590482391,-0.06895890259795676,0.07185663322260404,False,163.67310568425626
2019-10-11 14:00:00,136.21788,84.92861,120.0,24.0,-391794.30791558244,-408814.6276149332,0.039395363686146795,-0.052686122808989155,0.06578618560615641,False,143.2131749643534
2019-10-11 15:00:00,136.2358,84.92716,120.0,24.0,-391778.33197169774,-409053.98620697466,0.05788599191673115,-0.039203281499004775,0.0699119828103457,False,124.10781686081282
2019-10-11 16:00:00,136.26004,84.92608,120.0,24.0,-391688.5526315352,-409306.7591298215,0.07299224342380738,-0.03362469334000666,0.08036471615236278,False,114.73368938091102
2019-10-11 17:00:00,136.28895,84.92499,120.0,24.0,-391566.01727511984,-409592.2523743284,0.08252883323233613,-0.03873990403753278,0.0911690105218215,False,115.14585532361718
2019-10-11 18:00:00,136.32012,84.92358,120.0,24.0,-391451.78410052357,-409918.9876635418,0.08261796033290932,-0.04711126911582494,0.09510625135748889,False,119.69310111624071
2019-10-11 19:00:00,136.34908,84.92195,120.0,24.0,-391370.07844379597,-410248.3858157792,0.07060082445062624,-0.05052293396098364,0.08681614636191852,False,125.58803772390092
2019-10-11 20:00:00,136.37149,84.92032,120.0,24.0,-391335.07400392595,-410533.0715962612,0.05016372401117295,-0.04602850633335781,0.06808100030073802,False,132.53842148256678
2019-10-11 21:00:00,136.38557,84.91898,120.0,24.0,-391337.3098070492,-410737.47250352567,0.026468889600927026,-0.03223494172871617,0.04170963419834547,False,140.60975514699783
2019-10-11 22:00:00,136.39074,84.91824,120.0,24.0,-391357.1945418193,-410832.5651642182,0.0042078721432942945,-0.008058486451024964,0.009090951097419073,False,152.4279419593464
2019-10-11 23:00:00,136.38863,84.91846,120.0,24.0,-391355.39245769655,-410800.38001388306,-0.011949416804525062,0.025879750530761456,0.028505263540313283,False,335.2158866866978
2019-10-12 00:00:00,136.38205,84.91991,120.0,24.0,-391290.96098896133,-410638.3083469838,-0.01677318100540296,0.06322593308212995,0.06541298200774817,False,345.1422712334819
2019-10-12 01:00:00,136.37643,84.92254,120.0,24.0,-391128.7858499138,-410387.50538983557,-0.0077959788528022475,0.09669842467476769,0.09701217769360226,False,355.3906936082412
2019-10-12 02:00:00,136.37638,84.92615,120.0,24.0,-390851.25332796073,-410095.5909148679,0.005666970932235879,0.11932422093126482,0.11945871362274124,False,2.7190601191513224
2019-10-12 03:00:00,136.38056,84.93024,120.0,24.0,-390506.51735380467,-409793.7389047514,0.013075617018866482,0.1256779612144059,0.12635632827616422,False,5.939720351372102
2019-10-12 04:00:00,136.38591,84.93426,120.0,24.0,-390158.8524616884,-409505.46006405883,0.010834870946928934,0.1190141962414878,0.11950637361849775,False,5.201781229119888
2019-10-12 05:00:00,136.38846,84.93792,120.0,24.0,-389858.9480653625,-409227.1516242941,-0.0013646335632697057,0.10413788006294927,0.10414682082890102,False,359.2492331438957
2019-10-12 06:00:00,136.38491,84.94098,120.0,24.0,-389648.78527104895,-408955.8082229786,-0.017729064289215453,0.08337324114395786,0.08523741584198621,False,347.99504584688486
2019-10-12 07:00:00,136.37551,84.9433,120.0,24.0,-389537.2805276079,-408704.4956996982,-0.03327138650079467,0.059664015315102556,0.06831383376158927,False,330.8539614984742
2019-10-12 08:00:00,136.3606,84.94483,120.0,24.0,-389525.81256275345,-408479.5692260875,-0.052224976800296447,0.03952049653518021,0.06549288395069111,False,307.11608806728384
2019-10-12 09:00:00,136.33734,84.94585,120.0,24.0,-389613.0339055778,-408239.07152437454,-0.07879259633583616,0.028831570131340446,0.08390192294328196,False,290.09844451111655
2019-10-12 10:00:00,136.303,84.94669,120.0,24.0,-389792.8914277954,-407937.7221502014,-0.10748608643001357,0.027438547870286698,0.11093300989908443,False,284.32036380464956
2019-10-12 11:00:00,136.25875,84.94762,120.0,24.0,-390036.0844918477,-407561.59228494274,-0.13057483941231152,0.03255115563215769,0.13457104599630595,False,283.9980136000904
2019-10-12 12:00:00,136.20751,84.94879,120.0,24.0,-390310.07022673194,-407118.38360895525,-0.14148281444884403,0.04044780139151211,0.14715098172208446,False,285.9544336235333
2019-10-12 13:00:00,136.15526,84.95023,120.0,24.0,-390569.8756461052,-406646.39839742973,-0.13597897481635182,0.04772411784627567,0.14411062770077454,False,289.33938429024136
2019-10-12 14:00:00,136.10802,84.95187,120.0,24.0,-390778.15579480265,-406192.3693336174,-0.11825917825813448,0.050201399292674226,0.1284733969864257,False,293.00137784700814
2019-10-12 15:00:00,136.06871,84.95347,120.0,24.0,-390932.88943104184,-405795.5978098202,-0.09496322968071205,0.04462323089504537,0.10492496236312979,False,295.1688360109614
2019-10-12 16:00:00,136.0385,84.95475,120.0,24.0,-391047.65543492837,-405486.61488188873,-0.0738133991370799,0.031144473840729416,0.08011489339059091,False,292.87659485546965
2019-10-12 17:00:00,136.01466,84.95548,120.0,24.0,-391159.77329433017,-405265.26454796334,-0.061977666595827555,0.011621368315054413,0.06305780965255381,False,280.6201516643914
2019-10-12 18:00:00,135.99311,84.9555,120.0,24.0,-391310.62301599805,-405116.5084269946,-0.06328729662909105,-0.008056546124823847,0.06379803954730877,False,262.745202418435
2019-10-12 19:00:00,135.96831,84.95496,120.0,24.0,-391527.81589860783,-404990.41316400346,-0.07871086988566184,-0.021999942411428795,0.08172758716775977,False,254.38415048575797
2019-10-12 20:00:00,135.93547,84.95408,120.0,24.0,-391828.16481837194,-404836.48967537854,-0.1011078392545385,-0.028971648722525556,0.10517676353844994,False,254.01076509556805
2019-10-12 21:00:00,135.89428,84.95309,120.0,24.0,-392195.9802237336,-404634.0167934087,-0.12220178255175479,-0.028506548990688677,0.12548266411813583,False,256.86917935880996
2019-10-12 22:00:00,135.84601,84.95224,120.0,24.0,-392602.79798005725,-404371.5048705989,-0.13745234955469102,-0.021690619571767378,0.13915326577379386,False,261.03240963734106
2019-10-12 23:00:00,135.79367,84.95169,120.0,24.0,-393014.81763423845,-404056.68158257863,-0.14387341344240656,-0.011001937480310989,0.1442934569683959,False,265.62712695419
2019-10-13 00:00:00,135.74071,84.95153,120.0,24.0,-393400.58917321294,-403706.0206818388,-0.1405594359282743,-0.00093354807624213,0.14056253604885374,False,269.61946647037945
2019-10-13 01:00:00,135.6908,84.95163,120.0,24.0,-393744.31171400816,-403355.19450825744,-0.12801655188633498,0.003712379720608075,0.12807036862622315,False,271.66106719921277
2019-10-13 02:00:00,135.64702,84.95177,120.0,24.0,-394041.4824066065,-403043.04515820154,-0.11029441528472977,0.0006132878678162951,0.11029612035338889,False,270.3185877020094
2019-10-13 03:00:00,135.61008,84.95167,120.0,24.0,-394309.0574918778,-402796.8863984359,-0.09212474895544723,-0.010233070886745542,0.09269134323051606,False,263.66165889288845
2019-10-13 04:00:00,135.5796,84.95111,120.0,24.0,-394567.0130933701,-402631.69317587273,-0.07784043283435335,-0.02510750238085885,0.08178948379617217,False,252.12284658505808
2019-10-13 05:00:00,135.55312,84.95005,120.0,24.0,-394835.8717927674,-402533.72980715573,-0.07074894609667674,-0.039517516448823974,0.08103732152578554,False,240.81403042150788
2019-10-13 06:00:00,135.52784,84.94856,120.0,24.0,-395129.907078957,-402478.11550055153,-0.07056461496198317,-0.050673776896178975,0.08687460244315746,False,234.31716172683937
2019-10-13 07:00:00,135.50151,84.94678,120.0,24.0,-395454.02364016674,-402438.15280840104,-0.07566351674091076,-0.0573362347922258,0.09493372206835318,False,232.84591018272926
2019-10-13 08:00:00,135.47252,84.94486,120.0,24.0,-395807.82203717605,-402390.7385812409,-0.08238195146693578,-0.06012575567464143,0.10198966821667398,False,233.87648577152993
2019-10-13 09:00:00,135.4413,84.9429,120.0,24.0,-396180.464223984,-402330.83001777,-0.08653263503618379,-0.06059162244165712,0.10563731176254774,False,234.99963608457392
2019-10-13 10:00:00,135.4093,84.94095,120.0,24.0,-396557.85146471404,-402264.4415335361,-0.08370179870193142,-0.059354522615305313,0.10261067420512078,False,234.65882810774949
2019-10-13 11:00:00,135.38017,84.93907,120.0,24.0,-396909.65501284064,-402212.0799216184,-0.07091009464236972,-0.0573418264638269,0.09119389554349278,False,231.03907911364544
2019-10-13 12:00:00,135.35753,84.93725,120.0,24.0,-397211.2476202376,-402199.6971586282,-0.05140917932552778,-0.05718628284715181,0.07689716941993849,False,221.954827413569
2019-10-13 13:00:00,135.34265,84.93538,120.0,24.0,-397462.338547026,-402244.9415354492,-0.02913890822805855,-0.06121405587794037,0.06779555007337003,False,205.45522474239658
2019-10-13 14:00:00,135.33627,84.9333,120.0,24.0,-397670.2649997109,-402365.74519743305,-0.004464971860101918,-0.06942544554128796,0.0695688756723712,False,183.67980647460172
2019-10-13 15:00:00,135.33939,84.9309,120.0,24.0,-397836.5796390484,-402577.8684231114,0.02058724436218131,-0.08228565015065693,0.08482194793297589,False,165.95338170441767
2019-10-13 16:00:00,135.35127,84.92799,120.0,24.0,-397981.2741280366,-402891.3399351364,0.03382931181718275,-0.10491193766038515,0.11023128866923729,False,162.1278572409309
2019-10-13 17:00:00,135.36403,84.92413,120.0,24.0,-398194.1359788686,-403286.4289625302,0.02444764601348711,-0.13792144305360585,0.14007145265752696,False,169.94828662368536
2019-10-13 18:00:00,135.36907,84.91909,120.0,24.0,-398553.72463179857,-403721.64219035755,-0.002340823303781603,-0.16224891476246406,0.16226579983267225,False,180.8265694206093
2019-10-13 19:00:00,135.36234,84.91366,120.0,24.0,-399026.82863669924,-404105.9287957121,-0.03744910089122814,-0.16162446129218816,0.16590630381498894,False,193.0454791366982
2019-10-13 20:00:00,135.34188,84.90866,120.0,24.0,-399563.2234702957,-404360.236738078,-0.07267563194765836,-0.14999872105467218,0.1666774243772349,False,205.85057541548173
2019-10-13 21:00:00,135.30961,84.90398,120.0,24.0,-400158.132221378,-404506.35119584855,-0.10082118399833888,-0.1437997809609776,0.17562257300031803,False,215.03514072529939
2019-10-13 22:00:00,135.26879,84.89938,120.0,24.0,-400807.42953008617,-404585.77462477173,-0.11813123003214823,-0.13651964278074658,0.18053420832044817,False,220.8698240258607
2019-10-13 23:00:00,135.22404,84.89517,120.0,24.0,-401454.1493516769,-404606.0507512848,-0.12262716668392563,-0.12009804478209996,0.17164195981580543,False,225.5969827612685
2019-10-14 00:00:00,135.18003,84.89163,120.0,24.0,-402043.22546112834,-404577.73061769473,-0.11582696474159067,-0.10321028553427836,0.1551394495327251,False,228.29662917957702
2019-10-14 01:00:00,135.14026,84.88851,120.0,24.0,-402569.5012960369,-404545.3213673529,-0.10081992741897852,-0.0949986447488219,0.13852581084000543,False,226.7027839742343
2019-10-14 02:00:00,135.10715,84.8855,120.0,24.0,-403040.2404354141,-404550.53409238707,-0.08334134598008,-0.09143287986199646,0.12371641552207077,False,222.34926630587225
2019-10-14 03:00:00,135.08005,84.88261,120.0,24.0,-403459.22778975504,-404588.180701944,-0.06841701677412959,-0.08709229323069874,0.11075177526547168,False,218.15208386887647
2019-10-14 04:00:00,135.05775,84.87988,120.0,24.0,-403831.83097548224,-404646.71913088195,-0.05573304983631058,-0.08352730451971592,0.10041405999353893,False,213.71294172533607
2019-10-14 05:00:00,135.03983,84.87722,120.0,24.0,-404168.0827771835,-404730.40049154713,-0.044449198143870265,-0.08368150906950843,0.09475402986566461,False,207.97594808258336
2019-10-14 06:00:00,135.02569,84.87448,120.0,24.0,-404484.0270288868,-404846.9108811519,-0.037094888602887024,-0.08879421694929175,0.09623119932796477,False,202.67333979243963
2019-10-14 07:00:00,135.01309,84.87149,120.0,24.0,-404808.8873854887,-404993.89784757193,-0.03648035037116032,-0.09762613301325629,0.10421937348844805,False,200.48941009162598
2019-10-14 08:00:00,134.99941,84.86818,120.0,24.0,-405166.7146369262,-405158.3703608867,-0.0432418772451047,-0.10335853302384537,0.11203948543492172,False,202.70286193759824
2019-10-14 09:00:00,134.98196,84.86482,120.0,24.0,-405555.2579755526,-405299.9542056164,-0.05626519930115906,-0.09994790424336847,0.11469680124153725,False,209.3771296825384
2019-10-14 10:00:00,134.95893,84.86173,120.0,24.0,-405962.0919032883,-405380.51596705976,-0.06949303154649863,-0.08801606681947183,0.11214325415241161,False,218.29283511807128
2019-10-14 11:00:00,134.93199,84.85914,120.0,24.0,-406357.23077838466,-405393.68326996546,-0.07653678644217063,-0.06988704920962253,0.10364400284687308,False,227.60026153955488
2019-10-14 12:00:00,134.90392,84.85722,120.0,24.0,-406707.5196596143,-405345.77618633205,-0.07455980650557924,-0.05020927724913448,0.08988957819474885,False,236.04330339481868
2019-10-14 13:00:00,134.87842,84.8559,120.0,24.0,-406992.2424635537,-405268.6455803136,-0.06245294617769401,-0.03347506461136042,0.07085866522175463,False,241.80848818641917
2019-10-14 14:00:00,134.85906,84.85506,120.0,24.0,-407195.59120107896,-405197.2088915904,-0.04225986973006189,-0.02185267282114406,0.04757558091111205,False,242.65641451851428
2019-10-14 15:00:00,134.84807,84.85449,120.0,24.0,-407318.3936826338,-405163.9464910232,-0.017323201259775583,-0.01658232955023878,0.023980553688341157,False,226.25177418087858
2019-10-14 16:00:00,134.84662,84.85399,120.0,24.0,-407368.1993737799,-405192.97927288554,0.006923416437194972,-0.016890330897619318,0.018254231646220975,False,157.71107332972883
2019-10-14 17:00:00,134.85304,84.8534,120.0,24.0,-407369.46130187414,-405285.05002584,0.02506071752778523,-0.021383558258246223,0.03294383290983689,False,130.47313146947732
2019-10-14 18:00:00,134.86461,84.85261,120.0,24.0,-407350.08488963614,-405429.4821622486,0.03393848464286996,-0.027272850222432542,0.043538822895314466,False,128.78523976725165
2019-10-14 19:00:00,134.8774,84.85164,120.0,24.0,-407336.2619249715,-405596.766585989,0.03169998649754272,-0.030993056862157274,0.04433349430853951,False,134.35395753989144
2019-10-14 20:00:00,134.88736,84.85061,120.0,24.0,-407347.1687740484,-405748.6700006612,0.01925929086400755,-0.03068336439626256,0.036226911754361255,False,147.88438786036312
2019-10-14 21:00:00,134.89122,84.84966,120.0,24.0,-407394.9235716457,-405850.9182414651,-0.0006848121085733655,-0.024948712960914887,0.02495810982486797,False,181.57230531048742
2019-10-14 22:00:00,134.88687,84.849,120.0,24.0,-407477.907675714,-405871.95362173667,-0.021302506446972243,-0.014100247245233073,0.02554630605978087,False,236.4992036248757
2019-10-14 23:00:00,134.87594,84.84875,120.0,24.0,-407575.0922157752,-405813.8945106483,-0.03567610501043822,0.000311083674905354,0.03567746125733454,False,270.49958732697087
2019-10-15 00:00:00,134.86128,84.84902,120.0,24.0,-407657.55983676814,-405688.3473456951,-0.04097186092891923,0.015806068808172227,0.0439149769343828,False,291.09554916538764
2019-10-15 01:00:00,134.84655,84.84977,120.0,24.0,-407702.5152734812,-405524.51913040894,-0.036200225617569796,0.028511769204586757,0.04608011846706319,False,308.22442889164745
2019-10-15 02:00:00,134.83531,84.85086,120.0,24.0,-407695.820565546,-405358.78400308045,-0.023790788361206773,0.0365697502254462,0.04362737950415145,False,326.9536136118493
2019-10-15 03:00:00,134.82948,84.85213,120.0,24.0,-407636.57237702946,-405217.4017142738,-0.007595606476625424,0.03843001685778617,0.03917345317223749,False,348.81971617324126
2019-10-15 04:00:00,134.82986,84.85334,120.0,24.0,-407538.1406923376,-405124.92802472116,0.006504200214565154,0.03347190117966261,0.03409798804932996,False,10.996571963925646
2019-10-15 05:00:00,134.83415,84.85429,120.0,24.0,-407432.6404895888,-405080.7095686791,0.01310582866289604,0.022779440477926106,0.02628051851521514,False,29.913361040933864
2019-10-15 06:00:00,134.83927,84.85481,120.0,24.0,-407355.30093399726,-405076.20708216267,0.010820935472365359,0.009917307218223976,0.014678066185902429,False,47.49497303114566
2019-10-15 07:00:00,134.84192,84.85493,120.0,24.0,-407327.0719160506,-405085.60625966464,-0.000208939137496109,-0.0010847211338825872,0.0011046608083340077,False,190.9027895873561
2019-10-15 08:00:00,134.83912,84.85474,120.0,24.0,-407361.8994535328,-405080.6476476599,-0.01767271865364638,-0.007901946808757589,0.01935886742501676,False,245.9092999519332
2019-10-15 09:00:00,134.82923,84.85442,120.0,24.0,-407457.13666516385,-405035.49620664766,-0.03839656518054569,-0.008985159985077155,0.03943386003958179,False,256.8292435138282
2019-10-15 10:00:00,134.81155,84.85416,120.0,24.0,-407602.6804495468,-404930.1909037631,-0.05756111224818122,-0.004026001192655317,0.057701735925801925,False,265.99907272909707
2019-10-15 11:00:00,134.7879,84.85416,120.0,24.0,-407769.7889052085,-404761.91010421794,-0.07044237846786301,0.006200477836742109,0.07071474110546952,False,275.03032343102404
2019-10-15 12:00:00,134.76097,84.85456,120.0,24.0,-407928.3001079283,-404538.78111104213,-0.07465695351351684,0.01797537825789635,0.07679046120081495,False,283.53760312484644
2019-10-15 13:00:00,134.73429,84.85532,120.0,24.0,-408056.39439059125,-404289.1034754636,-0.06910588595322202,0.02727099393662963,0.07429219732698325,False,291.53549154713414
2019-10-15 14:00:00,134.71134,84.85632,120.0,24.0,-408139.0108301289,-404047.12768737134,-0.055702006714885774,0.03145435672739823,0.06396944668511369,False,299.45297538986756
2019-10-15 15:00:00,134.69428,84.85735,120.0,24.0,-408177.60618266644,-403844.75940526254,-0.03829322359053964,0.028820674577271433,0.04792705140152105,False,306.9662598760889
2019-10-15 16:00:00,134.68383,84.85818,120.0,24.0,-408185.41331162327,-403705.1870395032,-0.025426881838205878,0.021229182037179557,0.03312407719441843,False,309.85887505092376
2019-10-15 17:00:00,134.67601,84.85872,120.0,24.0,-408197.6663009624,-403607.1111937931,-0.02447744493861752,0.011157668009750672,0.026900536539981243,False,294.50514320245736
2019-10-15 18:00:00,134.66624,84.8589,120.0,24.0,-408252.1995669487,-403523.3821030459,-0.03290921929814875,0.0006210276873279096,0.03291507846264496,False,271.08109652391965
2019-10-15 19:00:00,134.65236,84.85876,120.0,24.0,-408361.05374111823,-403435.4483722289,-0.04759106284104208,-0.008055340444037325,0.04826797874377339,False,260.3930773897735
2019-10-15 20:00:00,134.63204,84.85838,120.0,24.0,-408534.2783159437,-403320.3838373726,-0.07327152509773918,-0.015488500020050401,0.0748906537761537,False,258.064240146473
2019-10-15 21:00:00,134.59971,84.85776,120.0,24.0,-408811.04743057047,-403138.36921939836,-0.11200070494374473,-0.02136926693554464,0.1140210659363362,False,259.19803062482384
2019-10-15 22:00:00,134.55157,84.857,120.0,24.0,-409210.0471597438,-402854.2313708874,-0.14724265668410041,-0.020442733287375378,0.14865498744290628,False,262.0957523261746
2019-10-15 23:00:00,134.49393,84.85644,120.0,24.0,-409659.683439215,-402486.1475767407,-0.16249512612833983,-0.008830756620929622,0.1627349018433451,False,266.88933520955146
2019-10-16 00:00:00,134.43484,84.85643,120.0,24.0,-410075.35220943164,-402064.2265242477,-0.1600597550182467,0.007898573360853478,0.16025452454654107,False,272.82512053682194
2019-10-16 01:00:00,134.37895,84.85695,120.0,24.0,-410425.88948911964,-401623.443743305,-0.14629497727820423,0.021531144024868908,0.1478709252687963,False,278.37247081679357
2019-10-16 02:00:00,134.32974,84.85782,120.0,24.0,-410701.24732166633,-401202.9606379695,-0.12438360826367051,0.027108480164191054,0.1273033844856553,False,282.2949287874387
2019-10-16 03:00:00,134.28958,84.8587,120.0,24.0,-410912.0773825073,-400846.4313646847,-0.09773175709360735,0.02199596994797385,0.10017643953822694,False,282.6839126113688
2019-10-16 04:00:00,134.25951,84.85924,120.0,24.0,-411079.2435910468,-400588.67262791784,-0.0739418002432787,0.009138231786991823,0.07450434284932468,False,277.0452788328696
2019-10-16 05:00:00,134.23644,84.85929,120.0,24.0,-411236.50937162875,-400419.22837982216,-0.06031878310648642,-0.007439637262415314,0.06077584880562072,False,262.9687266572806
2019-10-16 06:00:00,134.21616,84.85876,120.0,24.0,-411420.59486948844,-400314.8827274525,-0.05883590999883089,-0.02370827477459966,0.06343300874291277,False,248.0527408989425
2019-10-16 07:00:00,134.19416,84.85776,120.0,24.0,-411654.2698560116,-400234.6553554178,-0.06907747211460093,-0.03532788586678222,0.07758709089507003,False,242.9137017800479
2019-10-16 08:00:00,134.16653,84.85648,120.0,24.0,-411949.67103970464,-400135.59917531593,-0.08656494318608898,-0.04028480638242296,0.09547960522582882,False,245.04410143068176
2019-10-16 09:00:00,134.13198,84.85516,120.0,24.0,-412296.58762258594,-399989.66610938264,-0.10593974274745596,-0.03733928771538704,0.11232742986683886,False,250.58459699211485
2019-10-16 10:00:00,134.09045,84.85407,120.0,24.0,-412673.7540969314,-399775.332035512,-0.12237934725106245,-0.027423049052436192,0.12541422667675484,False,257.3696715177183
2019-10-16 11:00:00,134.04411,84.85339,120.0,24.0,-413051.4867249415,-399494.18188370584,-0.13185045743214818,-0.012394638213906288,0.13243175669574253,False,264.62967667915774
2019-10-16 12:00:00,133.99579,84.85327,120.0,24.0,-413397.8821461032,-399154.99558598426,-0.13252248581219433,0.004337185760349874,0.132593440358726,False,271.87450280175096
2019-10-16 13:00:00,133.94897,84.85367,120.0,24.0,-413691.7878908533,-398786.075595198,-0.12364226980197757,0.018435160838381266,0.12500906381907673,False,278.4803720825048
2019-10-16 14:00:00,133.90702,84.85446,120.0,24.0,-413920.15102216153,-398421.95214084967,-0.10674820017298822,0.02680159104159175,0.11006136253260312,False,284.09409093079523
2019-10-16 15:00:00,133.87232,84.8554,120.0,24.0,-414085.7659985015,-398098.51085402665,-0.08462014253895528,0.027111906512647475,0.08885732382906682,False,287.7652209438968
2019-10-16 16:00:00,133.84625,84.85621,120.0,24.0,-414201.68329022464,-397847.4534636546,-0.06308390395371073,0.019056522998405424,0.06589939306875106,False,286.8086308788513
2019-10-16 17:00:00,133.82701,84.85663,120.0,24.0,-414301.4509557661,-397675.8914948347,-0.04793230579256265,0.0037173861522950442,0.048076240476944636,False,274.43469261371024
2019-10-16 18:00:00,133.81182,84.85645,120.0,24.0,-414421.3587114572,-397579.9431049034,-0.041571216771545315,-0.014256662010792998,0.04394790638422721,False,251.07082536297148
2019-10-16 19:00:00,133.79715,84.85571,120.0,24.0,-414582.73536378343,-397530.9645629718,-0.04503048857863384,-0.029131606211290358,0.053632036900346826,False,237.0999312048535
2019-10-16 20:00:00,133.77948,84.85457,120.0,24.0,-414797.14806846494,-397491.0910043839,-0.057254248656464106,-0.037962697329272356,0.06869654560260045,False,236.45344573342513
2019-10-16 21:00:00,133.75604,84.85326,120.0,24.0,-415065.29886696674,-397422.44456215634,-0.0762403758797611,-0.03889010558601558,0.08558641963990957,False,242.97393735719857
2019-10-16 22:00:00,133.72475,84.85206,120.0,24.0,-415379.0304419085,-397288.2542975681,-0.0985357344228687,-0.03377458149790254,0.1041633971873641,False,251.0800899468812
2019-10-16 23:00:00,133.68532,84.85108,120.0,24.0,-415731.4083278887,-397077.8246610364,-0.119107543863278,-0.02571670615630639,0.12185218906803644,False,257.81620339632036
2019-10-17 00:00:00,133.63928,84.8504,120.0,24.0,-416105.2521549212,-396795.9941411599,-0.12811178479309887,-0.017045916617883697,0.12924083207801287,False,262.4210246128721
2019-10-17 01:00:00,133.5934,84.84998,120.0,24.0,-416456.794535637,-396494.9796062031,-0.1182259330844628,-0.009769717638052886,0.11862891146941862,False,265.2760395768023
2019-10-17 02:00:00,133.55446,84.84977,120.0,24.0,-416743.14898459875,-396227.99541510566,-0.09709937115098899,-0.0031061898516033942,0.09714904164896182,False,268.16774408444326
2019-10-17 03:00:00,133.52374,84.84978,120.0,24.0,-416954.7237171809,-396003.72697505256,-0.07387746874669787,0.0030937835578471184,0.07394221990934628,False,272.3979872570618
2019-10-17 04:00:00,133.50146,84.84997,120.0,24.0,-417093.30532187136,-395826.96767891705,-0.04824287481911645,0.005574416354588024,0.04856386607867252,False,276.59123976149294
2019-10-17 05:00:00,133.48913,84.85014,120.0,24.0,-417164.7164285162,-395724.1468220834,-0.020057929049023974,0.0013928537621386433,0.020106231853293237,False,273.9723311223004
2019-10-17 06:00:00,133.48707,84.85006,120.0,24.0,-417185.41984953807,-395715.2905497059,0.0004463948163661493,-0.00883277439621332,0.008844047256006729,False,177.1068210487121
2019-10-17 07:00:00,133.48945,84.84957,120.0,24.0,-417208.64532248594,-395770.2448747988,0.003930852168263117,-0.022159521601030574,0.022505465921755084,False,169.94100438643278
2019-10-17 08:00:00,133.48989,84.84863,120.0,24.0,-417281.69437914,-395845.62844673125,-0.004769684638835177,-0.03316151111525866,0.03350277169132972,False,188.18482986960157
2019-10-17 09:00:00,133.48603,84.84743,120.0,24.0,-417405.50168500404,-395909.65305172704,-0.017670762859523095,-0.03687997803691552,0.040894848575839866,False,205.6010588966554
2019-10-17 10:00:00,133.47722,84.84625,120.0,24.0,-417561.9083328962,-395936.0539255524,-0.02870712983065745,-0.033470839834499444,0.044095310661576445,False,220.61889324873303
2019-10-17 11:00:00,133.46545,84.84527,120.0,24.0,-417722.592934298,-395925.48498639604,-0.0331337726099653,-0.024638732733013036,0.04129060471896403,False,233.36499614297412
2019-10-17 12:00:00,133.45347,84.84466,120.0,24.0,-417854.7742082668,-395884.94303848996,-0.029453634375364714,-0.012087684931276252,0.03183753609994764,False,247.68689763846004
2019-10-17 13:00:00,133.44434,84.84449,120.0,24.0,-417931.6236077145,-395831.3962536282,-0.01745535344710491,0.0015487333110428183,0.017523924755376313,False,275.07031424232116
2019-10-17 14:00:00,133.44096,84.84476,120.0,24.0,-417933.10099231504,-395786.02714669437,0.0012269421473206582,0.01317176113325499,0.013228782195818274,False,5.321713270154191
2019-10-17 15:00:00,133.44522,84.84534,120.0,24.0,-417856.68997175735,-395772.60011965927,0.024161870503830143,0.020146780841452296,0.031459319199839124,False,50.17779493343721
2019-10-17 16:00:00,133.45828,84.84606,120.0,24.0,-417708.1558514494,-395812.58179136383,0.04748201128348711,0.022937510177591294,0.05273206584870634,False,64.21583855964616
2019-10-17 17:00:00,133.47926,84.84682,120.0,24.0,-417501.66411769466,-395907.1609445491,0.06656981002136936,0.022937586427019728,0.07041074120741954,False,70.98787219139672
2019-10-17 18:00:00,133.50601,84.84754,120.0,24.0,-417258.5143927734,-396046.7362272966,0.07545890446486327,0.021385031592693487,0.07843064349639024,False,74.17728566256909
2019-10-17 19:00:00,133.53337,84.8482,120.0,24.0,-417015.9605198852,-396195.2213899109,0.06994231374036156,0.019677280585214483,0.07265757099287333,False,74.28680377077029
2019-10-17 20:00:00,133.55617,84.84881,120.0,24.0,-416808.9452705642,-396314.2382293654,0.053997561059977495,0.021846290050283605,0.058249437674428396,False,67.97276824191033
2019-10-17 21:00:00,133.5721,84.84961,120.0,24.0,-416634.0736864276,-396368.58635281166,0.03356767710911322,0.032229661872424195,0.04653536344450828,False,46.16497205510541
2019-10-17 22:00:00,133.58025,84.85089,120.0,24.0,-416474.23368083994,-396329.3956679214,0.01400779864095918,0.05144640428430782,0.05331932985841161,False,15.23123396163055
2019-10-17 23:00:00,133.58215,84.85293,120.0,24.0,-416296.21498167934,-396186.2951786518,0.00019750313146758847,0.07794562361679758,0.07794587383882749,False,0.14517905086432847
2019-10-18 00:00:00,133.58039,84.85592,120.0,24.0,-416066.721397197,-395943.5320519607,-0.004218701302559677,0.10552888814516342,0.10561317945140479,False,357.71072032423683
2019-10-18 01:00:00,133.57912,84.85974,120.0,24.0,-415766.74352984916,-395640.5014541107,0.0026660309557407502,0.12815361760167304,0.12818134585598956,False,1.1917751076413197
2019-10-18 02:00:00,133.58231,84.86419,120.0,24.0,-415385.05932470784,-395321.36508734006,0.017339544580396958,0.14272111626967934,0.1437705701300475,False,6.92705824873633
2019-10-18 03:00:00,133.5916,84.86895,120.0,24.0,-414936.3040912035,-395022.5193039679,0.03497392752193701,0.14814617481059,0.15221847692484508,False,13.283023680537895
2019-10-18 04:00:00,133.6075,84.87375,120.0,24.0,-414438.88386241806,-394768.27478232054,0.050969011183037635,0.14752679575112676,0.1560832968820536,False,19.059511854782045
2019-10-18 05:00:00,133.62834,84.87847,120.0,24.0,-413914.0805382059,-394555.63081854954,0.06108643771860807,0.1444268992820412,0.15681416424983508,False,22.9262957120672
2019-10-18 06:00:00,133.65157,84.88307,120.0,24.0,-413382.72381056374,-394369.1420908293,0.06211773414130761,0.13838145444127345,0.15168401309344506,False,24.174725723150743
2019-10-18 07:00:00,133.67319,84.8874,120.0,24.0,-412884.4510493858,-394191.48812613013,0.05241081216719253,0.12877237513881865,0.13902955740027864,False,22.146497015847785
2019-10-18 08:00:00,133.68944,84.89138,120.0,24.0,-412451.5349230721,-394001.83580424165,0.03554238565705461,0.12272935518700664,0.12777228104253768,False,16.151001014683743
2019-10-18 09:00:00,133.69889,84.89532,120.0,24.0,-412068.7213575877,-393766.1503183387,0.016213819912709815,0.12706966363178349,0.1280999116770046,False,7.2715268796278
2019-10-18 10:00:00,133.70117,84.89958,120.0,24.0,-411709.4272604173,-393454.15959846333,-0.001538988597144575,0.14194758578341335,0.14195592835680246,False,359.37882637408563
2019-10-18 11:00:00,133.69777,84.90448,120.0,24.0,-411337.5026382544,-393052.026941201,-0.01373048859996126,0.1655028445958129,0.16607142405151906,False,355.2574737551484
2019-10-18 12:00:00,133.69121,84.91026,120.0,24.0,-410916.1902807904,-392559.4486566567,-0.01605002445204065,0.190916953894798,0.19159041356336057,False,355.1945525017244
2019-10-18 13:00:00,133.68612,84.9168,120.0,24.0,-410423.3904950643,-392018.93256534316,-0.005940236767729021,0.21152780273180197,0.211611194744987,False,358.3914120793748
2019-10-18 14:00:00,133.6869,84.92391,120.0,24.0,-409844.3976645169,-391476.5731409044,0.011993217290861669,0.2256313919156659,0.22594991099530587,False,3.0426381094284807
2019-10-18 15:00:00,133.69486,84.93136,120.0,24.0,-409188.996282845,-390959.2735497293,0.031757678697222985,0.23183199451552222,0.23399705946289406,False,7.800156645544234
2019-10-18 16:00:00,133.71006,84.93887,120.0,24.0,-408479.5653385718,-390488.7915750813,0.04901781617945758,0.22656411146668382,0.23180604588252443,False,12.20795344962744
2019-10-18 17:00:00,133.73065,84.94598,120.0,24.0,-407765.9689014492,-390087.16928065795,0.06021520410924733,0.2081228148943311,0.21665866445969412,False,16.136496103794514
2019-10-18 18:00:00,133.75408,84.9523,120.0,24.0,-407097.0650802345,-389766.2175114453,0.06311047380151336,0.18518625598867047,0.19564478349946593,False,18.81883234878063
2019-10-18 19:00:00,133.77684,84.95793,120.0,24.0,-406488.6333095663,-389493.29445138137,0.05638375703613762,0.1675186173054649,0.17675297791393788,False,18.602308417364213
2019-10-18 20:00:00,133.79539,84.96311,120.0,24.0,-405945.3220275353,-389224.8735610754,0.04130359908264467,0.15946024494032363,0.16472266696969137,False,14.52167869184268
2019-10-18 21:00:00,133.80713,84.96822,120.0,24.0,-405454.0901630318,-388913.35990891646,0.020276696672224204,0.16333575667710062,0.16458953137189014,False,7.076562576135075
2019-10-18 22:00:00,133.81027,84.97365,120.0,24.0,-404995.5600772666,-388516.1542914466,-0.002463540074249093,0.17465058353426965,0.17466795744657443,False,359.19186591999716
2019-10-18 23:00:00,133.80531,84.97949,120.0,24.0,-404558.9232774867,-388030.03812020575,-0.021758014535565293,0.18704956118171992,0.18831077912536992,False,353.3650477666163
2019-10-19 00:00:00,133.79425,84.98572,120.0,24.0,-404132.0509851264,-387470.8564048729,-0.03079244467990966,0.19665717358452392,0.1990533058545345,False,351.10092333217284
2019-10-19 01:00:00,133.78262,84.99218,120.0,24.0,-403690.29773922527,-386890.0795748925,-0.025611600801008258,0.19960099722990282,0.20123745225668577,False,352.6881039680001
2019-10-19 02:00:00,133.77536,84.9986,120.0,24.0,-403222.08132460044,-386343.33948309685,-0.015397431659450247,0.19092369173578674,0.191543564151159,False,355.38924342017924
2019-10-19 03:00:00,133.77125,85.0045,120.0,24.0,-402774.41816036176,-385859.0029097371,-0.009886045681095787,0.1679887404726832,0.16827938324348357,False,356.6320590824107
2019-10-19 04:00:00,133.76805,85.00944,120.0,24.0,-402397.91934262647,-385455.21809599554,-0.007754966385818518,0.1357550287513734,0.1359763484394672,False,356.73054855900574
2019-10-19 05:00:00,133.76551,85.01326,120.0,24.0,-402107.1902975592,-385142.5490384078,-0.006749387280741696,0.10181646119364468,0.1020399235528055,False,356.2074261480829
2019-10-19 06:00:00,133.76305,85.01601,120.0,24.0,-401902.1210697473,-384913.04679356364,-0.01161294238244881,0.07578167176253323,0.07666630424053583,False,351.2876504173745
2019-10-19 07:00:00,133.7569,85.01815,120.0,24.0,-401770.96757983835,-384704.76438444835,-0.02655933570921994,0.06539995445126941,0.07058719682451739,False,337.89761742792166
2019-10-19 08:00:00,133.74335,85.02023,120.0,24.0,-401694.2665319175,-384449.2666676258,-0.0465754439007676,0.06850077485849429,0.08283494510632378,False,325.7872052108957
2019-10-19 09:00:00,133.72234,85.02257,120.0,24.0,-401646.52014267206,-384121.4808876119,-0.06519668059136474,0.08043431503162696,0.10353881491855818,False,320.97322637616605
2019-10-19 10:00:00,133.69495,85.02542,120.0,24.0,-401600.17635113036,-383709.7488015707,-0.07988954781591517,0.09562126771691168,0.12460243452686104,False,320.1219567620553
2019-10-19 11:00:00,133.663,85.02874,120.0,24.0,-401546.096954834,-383229.9816287479,-0.0891494547623717,0.10848279104846147,0.14041417748251886,False,320.5871713182813
2019-10-19 12:00:00,133.62869,85.03242,120.0,24.0,-401478.2967579177,-382706.14024912554,-0.09176211119261796,0.11886401235323399,0.15016303967100608,False,322.33213315977605
2019-10-19 13:00:00,133.59475,85.03641,120.0,24.0,-401382.4934813639,-382161.25768195925,-0.08750062803883404,0.1267660389157455,0.15403242687687127,False,325.3845085018512
2019-10-19 14:00:00,133.56356,85.0406,120.0,24.0,-401251.69784293615,-381620.503027443,-0.07965799339368629,0.12769607837576144,0.15050476518720987,False,328.0437041674087
2019-10-19 15:00:00,133.53541,85.04465,120.0,24.0,-401111.53670636116,-381112.045719353,-0.07213740797098851,0.11793346196294169,0.138246544547549,False,328.5467550351408
2019-10-19 16:00:00,133.50978,85.04821,120.0,24.0,-400993.885433028,-380659.09552160057,-0.06762152589253824,0.10026770279212488,0.1209391706075625,False,326.0038858356338
2019-10-19 17:00:00,133.48496,85.05112,120.0,24.0,-400923.1567642917,-380261.9048442713,-0.0679023594871981,0.07903745691613351,0.10420004807915562,False,319.3335907433486
2019-10-19 18:00:00,133.45909,85.05331,120.0,24.0,-400917.4354299493,-379912.76049358,-0.07223628872106251,0.058271739404996595,0.09280989721725014,False,308.8925061692674
2019-10-19 19:00:00,133.43101,85.05488,120.0,24.0,-400976.35971151997,-379595.7948959898,-0.0787308958782477,0.04168994827061764,0.08908762962722858,False,297.9023216803723
2019-10-19 20:00:00,133.40027,85.056,120.0,24.0,-401089.1598567795,-379294.74401852087,-0.08347574670386511,0.031615454099871425,0.08926218250585699,False,290.7435910349128
2019-10-19 21:00:00,133.36863,85.05692,120.0,24.0,-401223.928421356,-379002.7036452612,-0.08340492118901924,0.029599458492129447,0.08850146225669836,False,289.5391954317415
2019-10-19 22:00:00,133.33793,85.05791,120.0,24.0,-401346.60265022825,-378711.85426444066,-0.08111179204601712,0.03641850293030309,0.08891248598819415,False,294.179673646571
2019-10-19 23:00:00,133.30799,85.05927,120.0,24.0,-401434.01843192184,-378397.9890950862,-0.0793089091695345,0.05191614237437271,0.0947902363785301,False,303.20902638980044
2019-10-20 00:00:00,133.27862,85.06126,120.0,24.0,-401466.276480981,-378039.9388177755,-0.07546957460295321,0.06958221077413086,0.10265155014400072,False,312.6757538759876
2019-10-20 01:00:00,133.25153,85.06376,120.0,24.0,-401441.795004745,-377658.93884697184,-0.06671015097994246,0.08290916000730633,0.10641509788034705,False,321.17923987709526
2019-10-20 02:00:00,133.22869,85.06661,120.0,24.0,-401360.60100057157,-377281.0726740393,-0.05409584972992692,0.09050307327703266,0.10543797812264222,False,329.13223023866993
2019-10-20 03:00:00,133.21102,85.0696,120.0,24.0,-401233.7728085834,-376928.842473102,-0.03989213741293454,0.09205347960104326,0.10032559859792584,False,336.57010392174016
2019-10-20 04:00:00,133.1988,85.07255,120.0,24.0,-401074.19696989906,-376617.93314628757,-0.027250939831315196,0.08709531258840557,0.0912590115909768,False,342.62580755339195
2019-10-20 05:00:00,133.19059,85.07522,120.0,24.0,-400910.94739342446,-376356.55057870084,-0.019183473093031787,0.07609274208747341,0.07847363275841014,False,345.850220284207
2019-10-20 06:00:00,133.18441,85.07746,120.0,24.0,-400769.29078119615,-376142.2560580058,-0.017174262437746998,0.06477999391032074,0.06701792970020634,False,345.15152195563746
2019-10-20 07:00:00,133.1777,85.0794,120.0,24.0,-400655.4808603855,-375947.1959929191,-0.02157440122917616,0.05873642733322898,0.06257333844593212,False,339.8312766363101
2019-10-20 08:00:00,133.16821,85.08125,120.0,24.0,-400567.1861540511,-375739.6033147653,-0.02952692272108011,0.05889175037220664,0.06587926401591732,False,333.37190264179407
2019-10-20 09:00:00,133.15552,85.0832,120.0,24.0,-400491.6666342157,-375502.0504963289,-0.03763217612093112,0.06540092903481287,0.07545503428011552,False,330.0835604792114
2019-10-20 10:00:00,133.13993,85.08547,120.0,24.0,-400409.0001799609,-375219.8665756786,-0.04337431340749103,0.07779869095883485,0.08907282064962099,False,330.8594662789154
2019-10-20 11:00:00,133.12291,85.08822,120.0,24.0,-400296.47453075624,-374891.15205006517,-0.044613743833956915,0.09469049730200571,0.10467414398113356,False,334.772374381759
2019-10-20 12:00:00,133.10637,85.09158,120.0,24.0,-400130.95685060835,-374519.3767381212,-0.04014861567226841,0.11375195591322253,0.12062926185003056,False,340.55957705808703
2019-10-20 13:00:00,133.09269,85.09556,120.0,24.0,-399896.06100044074,-374120.428652157,-0.029314682294347486,0.1320390803895757,0.13525409179815362,False,347.4824963235057
2019-10-20 14:00:00,133.08429,85.1001,120.0,24.0,-399580.9183037161,-373715.7590330273,-0.012462307292826116,0.14598782146596662,0.14651878077379626,False,355.12075259899916
2019-10-20 15:00:00,133.0833,85.10498,120.0,24.0,-399189.6727866032,-373336.9083824363,0.009699075744519975,0.15280871068183755,0.15311621119445018,False,3.6318062707283616
2019-10-20 16:00:00,133.09162,85.10996,120.0,24.0,-398729.6576711165,-373015.2434669522,0.036290588827933186,0.15498133139542436,0.15917355282387982,False,13.178989177330948
2019-10-20 17:00:00,133.11073,85.11498,120.0,24.0,-398196.29209636385,-372765.3977133858,0.0645625549275729,0.1546742415524045,0.1676080084560026,False,22.65613857127994
2019-10-20 18:00:00,133.14046,85.11994,120.0,24.0,-397598.9680120094,-372593.5169944668,0.08419068852528723,0.14599289092086695,0.16852891809358442,False,29.971044098826155
2019-10-20 19:00:00,133.17447,85.1244,120.0,24.0,-397014.7957256472,-372488.94552811095,0.08482583568897373,0.1250650879594816,0.15111816114102777,False,34.14722058143241
2019-10-20 20:00:00,133.20473,85.12801,120.0,24.0,-396524.3940335822,-372422.7972777015,0.0635222902518929,0.10367410716892059,0.12158701351755688,False,31.49626963060058
2019-10-20 21:00:00,133.22263,85.13109,120.0,24.0,-396157.5843534154,-372311.29357755114,0.023433171379530916,0.0959284583754336,0.09874908934866064,False,13.727246235272219
2019-10-20 22:00:00,133.2225,85.1342,120.0,24.0,-395905.5486345967,-372072.7372134485,-0.015264599463904897,0.11205165779792134,0.11308661287728053,False,352.2424504744117
2019-10-20 23:00:00,133.21103,85.13832,120.0,24.0,-395644.9565304786,-371678.70144461235,-0.03392681812788801,0.15513555558639736,0.1588019823408479,False,347.664114751315
2019-10-21 00:00:00,133.19671,85.14421,120.0,24.0,-395258.70609911234,-371129.92256458435,-0.037085401552844094,0.20224886950255405,0.20562084579000453,False,349.609376523476
2019-10-21 01:00:00,133.18281,85.15137,120.0,24.0,-394766.1542049534,-370487.27450219734,-0.03349406875544633,0.23092028381996088,0.23333673118753903,False,351.747030174354
2019-10-21 02:00:00,133.17119,85.15911,120.0,24.0,-394211.3932381606,-369816.2947737804,-0.025387517226265616,0.24347425087433527,0.24479427458527842,False,354.0471735895619
2019-10-21 03:00:00,133.16344,85.16708,120.0,24.0,-393612.71974274213,-369154.5849731958,-0.014451230185371061,0.24610999162798566,0.24653390442898063,False,356.6395315756035
2019-10-21 04:00:00,133.16015,85.17499,120.0,24.0,-392990.0708868164,-368528.2135211966,-0.007068206535333604,0.23464256373358133,0.2347489984197886,False,358.27458424754457
2019-10-21 05:00:00,133.15803,85.18222,120.0,24.0,-392415.1883335503,-367961.8275851615,-0.009515008528526561,0.2056618391901714,0.20588182893684873,False,357.35108196625197
2019-10-21 06:00:00,133.15285,85.18826,120.0,24.0,-391956.7576548828,-367465.37636452354,-0.02282220680612397,0.17265219205578597,0.1741540483169125,False,352.46995406792246
2019-10-21 07:00:00,133.1405,85.19336,120.0,24.0,-391620.6966349151,-366991.73939744796,-0.04577081960433162,0.15064771895928747,0.15744746157016545,False,343.099810919483
2019-10-21 08:00:00,133.11766,85.19798,120.0,24.0,-391390.6441307322,-366483.2288759439,-0.0733701911897563,0.14398642736561068,0.1616022160143037,False,332.9982808255622
2019-10-21 09:00:00,133.08404,85.20265,120.0,24.0,-391225.02285646735,-365897.5464618412,-0.10000357296527511,0.153752303041857,0.18341342725246734,False,326.9592188294225
2019-10-21 10:00:00,133.04063,85.2079,120.0,24.0,-391073.95994639065,-365201.18601973425,-0.1211007377862933,0.17467383141200854,0.21254725609269895,False,325.2665697682296
2019-10-21 11:00:00,132.99066,85.21392,120.0,24.0,-390900.9468585937,-364401.9141508762,-0.13322005537673254,0.19900321929553932,0.23947831727437915,False,326.2001965101674
2019-10-21 12:00:00,132.93778,85.22074,120.0,24.0,-390679.94795394526,-363522.56410798174,-0.13644120827068257,0.2200779429591208,0.2589411212833562,False,328.2024254617993
2019-10-21 13:00:00,132.88518,85.22812,120.0,24.0,-390410.0979966626,-362603.3131564332,-0.13214625850163797,0.23247438551772137,0.26740787863827775,False,330.3846437681903
2019-10-21 14:00:00,132.83547,85.23574,120.0,24.0,-390101.0052196662,-361686.3324178993,-0.12352113786885946,0.2343343123022737,0.26489628427480316,False,332.2056115688179
2019-10-21 15:00:00,132.7894,85.24324,120.0,24.0,-389777.520176045,-360804.0187813489,-0.11415013531297867,0.22550123943408606,0.2527470323827371,False,333.1511823521637
2019-10-21 16:00:00,132.74682,85.25029,120.0,24.0,-389467.81910314166,-359980.2639504776,-0.10725505068681361,0.2092301294144346,0.23511889110110232,False,332.8595234308599
2019-10-21 17:00:00,132.70598,85.25674,120.0,24.0,-389195.4013345202,-359214.3964535599,-0.10542454301172807,0.1893943592140312,0.21675921565489478,False,330.897922486152
2019-10-21 18:00:00,132.66471,85.26251,120.0,24.0,-388980.5770066274,-358497.605998055,-0.10885597574354866,0.17188307067958866,0.20345371326501888,False,327.6533421780049
2019-10-21 19:00:00,132.62109,85.26783,120.0,24.0,-388816.5466672724,-357799.36864680034,-0.1171427665548383,0.16320620951035159,0.20089473507003142,False,324.330755774429
2019-10-21 20:00:00,132.57325,85.27304,120.0,24.0,-388687.01798671676,-357081.26640996285,-0.12996767306451595,0.1650687828183375,0.21009354845623504,False,321.78470865804917
2019-10-21 21:00:00,132.5195,85.27848,120.0,24.0,-388574.39999851654,-356306.20212684805,-0.14582386922454282,0.17746990254916956,0.22969581438595765,False,320.59066157953816
2019-10-21 22:00:00,132.45913,85.28449,120.0,24.0,-388454.81826916925,-355443.83844023664,-0.15879862734358935,0.1969955495455126,0.25303013770487237,False,321.1276218618465
2019-10-21 23:00:00,132.39507,85.29119,120.0,24.0,-388299.82083517686,-354505.1958987947,-0.16351139364742734,0.21822468147887428,0.2726866103406621,False,323.15651265058347
2019-10-22 00:00:00,132.33083,85.29857,120.0,24.0,-388088.2222832855,-353515.02392012003,-0.1610863587934304,0.23682111389513816,0.2864141319415992,False,325.776357355569
2019-10-22 01:00:00,132.26848,85.30647,120.0,24.0,-387820.32068460307,-352499.5356146119,-0.1541413868621294,0.24906415984072158,0.29290360677353416,False,328.24737047274795
2019-10-22 02:00:00,132.2095,85.31464,120.0,24.0,-387507.6759445266,-351487.5993632832,-0.14443218996048268,0.2523191340522665,0.2907328720761837,False,330.2123712356621
2019-10-22 03:00:00,132.1546,85.32275,120.0,24.0,-387173.3628524708,-350508.74360687414,-0.13410868397679818,0.24565592050720778,0.2798784922037281,False,331.368954234091
2019-10-22 04:00:00,132.10358,85.33049,120.0,24.0,-386844.49175133096,-349584.72888126405,-0.12798010269537402,0.23124612071612108,0.2642984582478175,False,331.03824597793056
2019-10-22 05:00:00,132.05335,85.33767,120.0,24.0,-386555.8753940632,-348708.76478689397,-0.13013876831201127,0.2118766889024471,0.24865202657133462,False,328.440947692779
2019-10-22 06:00:00,132.00046,85.34416,120.0,24.0,-386339.3891421899,-347867.1648859714,-0.1390919139169798,0.1908008313679495,0.23611759309248692,False,323.90832205783164
2019-10-22 07:00:00,131.94298,85.34998,120.0,24.0,-386205.0903936186,-347045.3019635807,-0.15180592294952355,0.1708091326984439,0.22851870395167065,False,318.37103634430287
2019-10-22 08:00:00,131.87985,85.35518,120.0,24.0,-386155.18480644526,-346232.1740805223,-0.16464818101056,0.15453449441572603,0.22580950705054514,False,313.1851216066533
2019-10-22 09:00:00,131.81202,85.35995,120.0,24.0,-386168.0551324585,-345419.89538652246,-0.1745761752212816,0.14399358028873532,0.22629845805762813,False,309.5164276611122
2019-10-22 10:00:00,131.74085,85.36447,120.0,24.0,-386220.4482562912,-344604.13276852295,-0.18178233574028835,0.13856800071503342,0.2285736389204941,False,307.31734187647686
2019-10-22 11:00:00,131.66714,85.36889,120.0,24.0,-386294.9871867366,-343779.06750233175,-0.18677344639398402,0.1365518600303905,0.23136709090889693,False,306.17089623771267
2019-10-22 12:00:00,131.59185,85.37328,120.0,24.0,-386380.00352934416,-342945.9484611513,-0.18802636546591836,0.13577382086793954,0.2319233592017036,False,305.8330468978874
2019-10-22 13:00:00,131.517,85.37765,120.0,24.0,-386462.54130752664,-342117.6468506796,-0.18426178128246792,0.13406592960703256,0.22787294162051328,False,306.03903762524544
2019-10-22 14:00:00,131.44458,85.38193,120.0,24.0,-386536.6280733785,-341312.7563074268,-0.17682883334103644,0.13204992356082038,0.2206934947232712,False,306.75115883688983
2019-10-22 15:00:00,131.37554,85.38617,120.0,24.0,-386592.55919815,-340533.9819186234,-0.1673758610648966,0.13080947581222707,0.21242833574993047,False,308.00873996249885
2019-10-22 16:00:00,131.31056,85.39037,120.0,24.0,-386626.4515112199,-339785.91214069107,-0.15614501496560726,0.12925910956025707,0.20270466966234463,False,309.6184510342705
2019-10-22 17:00:00,131.2504,85.39451,120.0,24.0,-386635.655381586,-339075.14472036285,-0.1437150587995799,0.1258496771278288,0.19102921074784732,False,311.2082717832938
2019-10-22 18:00:00,131.19528,85.39849,120.0,24.0,-386627.4628174484,-338410.50219510123,-0.13380129973970173,0.11779314258583727,0.17826388375742547,False,311.35935869862834
2019-10-22 19:00:00,131.14298,85.40211,120.0,24.0,-386631.97981040826,-337791.6500202044,-0.13003664271256737,0.10400185826440722,0.16651100555340403,False,308.65243102041916
2019-10-22 20:00:00,131.0908,85.4052,120.0,24.0,-386679.5596260939,-337212.75541276584,-0.13256743502875296,0.09222502620387014,0.16149173442751544,False,304.82571294003344
2019-10-22 21:00:00,131.03639,85.40806,120.0,24.0,-386758.8680809279,-336635.8538405276,-0.1399734565376119,0.09052223464699397,0.16669386161635394,False,302.89115307150064
2019-10-22 22:00:00,130.97818,85.41104,120.0,24.0,-386849.60678166745,-336024.667060853,-0.14790631410656724,0.0953260016625394,0.17596398593336363,False,302.80188487582416
2019-10-22 23:00:00,130.91731,85.41421,120.0,24.0,-386939.05165637814,-335381.7913966231,-0.15239839891022874,0.1009039260672577,0.1827754750676026,False,303.50879002515086
2019-10-23 00:00:00,130.8554,85.41755,120.0,24.0,-387019.29370851757,-334719.66947087354,-0.15396254343115007,0.10617296359110244,0.187021824869469,False,304.5902456669952
2019-10-23 01:00:00,130.79318,85.42106,120.0,24.0,-387086.00115686754,-334043.2765580577,-0.1535244476251773,0.1103568316299415,0.1890724366638751,False,305.70943136523795
2019-10-23 02:00:00,130.73153,85.42467,120.0,24.0,-387139.9228287466,-333363.7030400735,-0.14879023936101848,0.11004364796611538,0.1850625293969568,False,306.4862278278905
2019-10-23 03:00:00,130.67304,85.42816,120.0,24.0,-387184.63807939255,-332714.482245885,-0.13827455372100228,0.10275670316050906,0.1722753384880126,False,306.6173436795302
2019-10-23 04:00:00,130.6198,85.4313,120.0,24.0,-387227.6503115585,-332126.4268061388,-0.12690080377442833,0.09035910096208767,0.15578376399764102,False,305.45258242201385
2019-10-23 05:00:00,130.57043,85.43399,120.0,24.0,-387285.65635164024,-331597.397399418,-0.12000174836636207,0.07625699075457996,0.1421813920663593,False,302.43455709848433
2019-10-23 06:00:00,130.52271,85.43622,120.0,24.0,-387372.52627133875,-331113.024133183,-0.11824843261871851,0.06323928093184912,0.13409660126028902,False,298.13787855687144
2019-10-23 07:00:00,130.47471,85.43807,120.0,24.0,-387492.732698906,-330654.36982661585,-0.12028548992788698,0.053165670044532376,0.13151116894954545,False,293.84522284872946
2019-10-23 08:00:00,130.4253,85.43965,120.0,24.0,-387643.5059559631,-330205.74659375404,-0.12150177644515445,0.04711889748390542,0.13031834935812792,False,291.1965011585205
2019-10-23 09:00:00,130.37628,85.44111,120.0,24.0,-387801.7510265304,-329768.42413585726,-0.11789603972906257,0.045101794993071695,0.12622855499210062,False,290.9346335670399
2019-10-23 10:00:00,130.32976,85.44256,120.0,24.0,-387946.0121605385,-329348.7224905582,-0.11101138515330046,0.04603142687615734,0.12017661958097106,False,292.5215855654959
2019-10-23 11:00:00,130.28629,85.44408,120.0,24.0,-388066.37804753677,-328944.61130089196,-0.10351329081358521,0.04882166429687636,0.11444892432773125,False,295.25073664569527
2019-10-23 12:00:00,130.24582,85.44571,120.0,24.0,-388159.7812687209,-328552.9009490488,-0.09697895016952585,0.05316243236864207,0.11059457939399119,False,298.73090444378886
2019-10-23 13:00:00,130.20762,85.44751,120.0,24.0,-388225.33406552643,-328164.3572588418,-0.09220832746971483,0.05889806177932733,0.10941369811921918,False,302.56840242570536
2019-10-23 14:00:00,130.17099,85.44951,120.0,24.0,-388264.5044804162,-327772.11402982124,-0.08821558060635952,0.06292806305265321,0.10836018540624509,False,305.50193749577
2019-10-23 15:00:00,130.136,85.45157,120.0,24.0,-388288.84194129775,-327386.7529960086,-0.08399130092170737,0.06230808954147143,0.10457933186260478,False,306.5694947808583
2019-10-23 16:00:00,130.10277,85.45353,120.0,24.0,-388311.34461053956,-327020.60114617075,-0.08038660360788281,0.05796866558165539,0.09910788176996155,False,305.79625759497503
2019-10-23 17:00:00,130.07068,85.45531,120.0,24.0,-388342.4258959694,-326675.19095644396,-0.0784481718954149,0.05207927383089228,0.09416138506036127,False,303.57893303220067
2019-10-23 18:00:00,130.039,85.45689,120.0,24.0,-388387.99505618354,-326346.98616322427,-0.07779300151203883,0.04696455886210982,0.0908703520041859,False,301.1198790196719
2019-10-23 19:00:00,130.00742,85.45834,120.0,24.0,-388443.86343420245,-326028.83569506486,-0.07817297497430112,0.04417496680956284,0.08979110038839422,False,299.4704682691182
2019-10-23 20:00:00,129.97541,85.45974,120.0,24.0,-388506.2195183107,-325711.3919886544,-0.08120718272809976,0.044641153788665726,0.0926684365801986,False,298.79844353865855
2019-10-23 21:00:00,129.94134,85.46122,120.0,24.0,-388573.19593949214,-325374.27786874183,-0.08797257358246714,0.04913735401610296,0.10076533760389247,False,299.1856775971346
2019-10-23 22:00:00,129.9038,85.46291,120.0,24.0,-388641.6150934806,-324998.6273547474,-0.09578643563935804,0.05673211746628514,0.11132643174332525,False,300.6372900181283
2019-10-23 23:00:00,129.86334,85.46488,120.0,24.0,-388702.26715331496,-324583.1877860698,-0.1013538684354652,0.06711612571546384,0.12156142882463802,False,303.5123663692591
2019-10-24 00:00:00,129.82123,85.46724,120.0,24.0,-388738.4331284614,-324128.7564850224,-0.10278568762565661,0.08090927537503512,0.1308098177599538,False,308.20857603733384
2019-10-24 01:00:00,129.77956,85.4701,120.0,24.0,-388728.7725342056,-323641.73013465863,-0.09928889449180467,0.09733766485000739,0.13904281918839637,False,314.43144225211114
2019-10-24 02:00:00,129.74025,85.47352,120.0,24.0,-388657.24175315804,-323130.94598938,-0.09272480903818353,0.10973743056789725,0.14366695472102023,False,319.803201362103
2019-10-24 03:00:00,129.70388,85.47718,120.0,24.0,-388548.03136741964,-322623.2409195432,-0.08584659619081315,0.11144299149998439,0.1406740147717912,False,322.3922749373211
2019-10-24 04:00:00,129.67013,85.48071,120.0,24.0,-388434.77002147445,-322142.82791014184,-0.08226738561368836,0.10586491577627183,0.13407200724994173,False,322.149301879109
2019-10-24 05:00:00,129.63663,85.48401,120.0,24.0,-388339.440821958,-321680.7284801022,-0.08461364388388873,0.09827184672494514,0.12967969999209844,False,319.27101875249343
2019-10-24 06:00:00,129.60091,85.48705,120.0,24.0,-388278.5065456726,-321222.3031071745,-0.09078616058945826,0.09067757360785242,0.12831425996350676,False,314.9657144991477
2019-10-24 07:00:00,129.56231,85.48986,120.0,24.0,-388253.06266986433,-320760.912709923,-0.09820070775436136,0.08401313213553206,0.12923461368642636,False,310.5478056121161
2019-10-24 08:00:00,129.52047,85.49247,120.0,24.0,-388262.5027870043,-320291.9515254959,-0.10734292911750495,0.07796942991949919,0.13267153588278607,False,305.9930915803249
2019-10-24 09:00:00,129.47433,85.49489,120.0,24.0,-388311.8339699656,-319807.48733214196,-0.1188816423443172,0.07254583969250222,0.13926860286213968,False,301.3930384530813
2019-10-24 10:00:00,129.42298,85.49715,120.0,24.0,-388403.46507663577,-319299.1751213908,-0.13100838962778272,0.07022095250073221,0.14864111249238893,False,298.1914631790166
2019-10-24 11:00:00,129.36684,85.49942,120.0,24.0,-388520.28413539485,-318757.7679236925,-0.1413919722980326,0.07363023505867061,0.1594148717815333,False,297.50836318695315
2019-10-24 12:00:00,129.30691,85.5019,120.0,24.0,-388639.32957036037,-318175.88392391294,-0.1481825036869358,0.0796730654727508,0.16824343006713213,False,298.2655197194828
2019-10-24 13:00:00,129.24513,85.50456,120.0,24.0,-388752.28006559866,-317568.8384709299,-0.15010456741438777,0.08478553611179859,0.17239480355400968,False,299.45963543683933
2019-10-24 14:00:00,129.18355,85.50737,120.0,24.0,-388850.2911854409,-316952.7002282883,-0.14761626543232154,0.0895886581753405,0.17267509807104095,False,301.25366200900015
2019-10-24 15:00:00,129.12374,85.51034,120.0,24.0,-388923.80182999256,-316337.4662819878,-0.14175989552494703,0.0942374200358709,0.170225025522868,False,303.6146821950184
2019-10-24 16:00:00,129.0669,85.51345,120.0,24.0,-388967.95453725354,-315732.74114270735,-0.13428252914877997,0.09423755815956722,0.16405034289043946,False,305.06062894145913
2019-10-24 17:00:00,129.01317,85.51642,120.0,24.0,-389006.3245222884,-315159.1900906878,-0.12713407040179556,0.08524817405479743,0.15306966726496057,False,303.8433388431787
2019-10-24 18:00:00,128.96215,85.51895,120.0,24.0,-389067.2629169834,-314635.1229067377,-0.12244105390008994,0.06990485872019728,0.1409911378521908,False,299.7231968096886
2019-10-24 19:00:00,128.91223,85.52093,120.0,24.0,-389169.3069388657,-314157.2229149367,-0.12185197772171771,0.053476532478861916,0.13307007176918767,False,293.694974786104
2019-10-24 20:00:00,128.86165,85.5224,120.0,24.0,-389318.7459906755,-313710.61193944723,-0.12508008901428375,0.042162905846872156,0.13199522452450071,False,288.62830663213697
2019-10-24 21:00:00,128.80903,85.52365,120.0,24.0,-389497.9854683445,-313265.5025386806,-0.13068665423356077,0.040458659238612915,0.13680608430237476,False,287.20175315652125
2019-10-24 22:00:00,128.75379,85.52501,120.0,24.0,-389681.46638889326,-312794.82462108333,-0.13425614620802323,0.04510619232078351,0.14163079248634322,False,288.57086338441377
2019-10-24 23:00:00,128.69819,85.52656,120.0,24.0,-389849.81524776417,-312308.3771795616,-0.1321759232181933,0.05161355929494585,0.1418958568164505,False,291.33021690587987
2019-10-25 00:00:00,128.64463,85.52834,120.0,24.0,-389986.4364725922,-311819.7542051509,-0.1270408876134513,0.05781366649379534,0.13957724441709457,False,294.4692948814576
2019-10-25 01:00:00,128.59323,85.53029,120.0,24.0,-390095.91899494245,-311334.0210697378,-0.1214089618361686,0.06246359737481911,0.13653511274078822,False,297.22533016483544
2019-10-25 02:00:00,128.54428,85.53237,120.0,24.0,-390180.2041533258,-310855.9871603934,-0.11159811858076492,0.06308078129301559,0.12819253113697276,False,299.47728346933934
2019-10-25 03:00:00,128.50095,85.53436,120.0,24.0,-390241.37172183074,-310422.5677937668,-0.09441127284960266,0.0573441332424313,0.11046193035796466,False,301.2739307106062
2019-10-25 04:00:00,128.46618,85.53607,120.0,24.0,-390280.25700766104,-310066.97973882675,-0.07489661684192785,0.04680605904972811,0.08831936581595898,False,302.0030031036075
2019-10-25 05:00:00,128.43897,85.53738,120.0,24.0,-390312.9515109656,-309790.7098795251,-0.059556076895278205,0.03347807191500602,0.06832062349175837,False,299.3415112974535
2019-10-25 06:00:00,128.41688,85.53823,120.0,24.0,-390358.0347599871,-309581.25905475847,-0.052465064000875694,0.021235133604620617,0.05659959222310767,False,292.03554604275905
2019-10-25 07:00:00,128.39553,85.53875,120.0,24.0,-390427.88310548005,-309399.73560154927,-0.0555128363060996,0.013176879967409575,0.057055281617246704,False,283.3529701392389
2019-10-25 08:00:00,128.37091,85.53908,120.0,24.0,-390531.92201550654,-309209.0786658551,-0.06416560654732913,0.009457397264087126,0.06485882689809776,False,278.38448350019826
2019-10-25 09:00:00,128.34239,85.53936,120.0,24.0,-390661.27906783606,-308995.26067754196,-0.07282986580567724,0.009767306008965717,0.07348189994784929,False,277.6384329900452
2019-10-25 10:00:00,128.31059,85.53971,120.0,24.0,-390802.0662110711,-308754.1755558407,-0.07820887564905632,0.011936077182235008,0.07911446245023615,False,278.6774049989266
2019-10-25 11:00:00,128.27761,85.54013,120.0,24.0,-390942.9270895399,-308500.13842906145,-0.07839500009353341,0.013949622028778905,0.07962642773860257,False,280.08961875814146
2019-10-25 12:00:00,128.24565,85.54061,120.0,24.0,-391072.87851760024,-308248.85845592956,-0.07484953490686455,0.016739139588423678,0.07669844633325154,False,282.60604101225704
2019-10-25 13:00:00,128.2156,85.54121,120.0,24.0,-391181.8815163189,-308002.2855948904,-0.06940857831987571,0.020613913032741626,0.07240500089709105,False,286.54108973932136
2019-10-25 14:00:00,128.18814,85.54194,120.0,24.0,-391265.4179142217,-307764.40106942476,-0.061831920740961194,0.023868579009687748,0.06627892188666178,False,291.10776380096877
2019-10-25 15:00:00,128.16436,85.54275,120.0,24.0,-391322.04375503975,-307546.125262491,-0.05229030369259183,0.024643664889934164,0.05780645361437472,False,295.2338247264389
2019-10-25 16:00:00,128.1448,85.54353,120.0,24.0,-391358.55225804774,-307358.74873507937,-0.04475399293705605,0.022009744758519495,0.04987332702101634,False,296.1876821503431
2019-10-25 17:00:00,128.12726,85.54417,120.0,24.0,-391396.439436964,-307194.82846259826,-0.042660977257264324,0.016275506208718718,0.045660169545183094,False,290.8822554977503
2019-10-25 18:00:00,128.10943,85.54458,120.0,24.0,-391456.0138815086,-307044.7743538161,-0.043199988286759486,0.008525270134387006,0.04403316044574166,False,281.1635482770862
2019-10-25 19:00:00,128.09144,85.54472,120.0,24.0,-391540.1051380546,-306912.20903892955,-0.04336743384920898,0.00031000006863995955,0.043368541809796574,False,270.409556007608
2019-10-25 20:00:00,128.07347,85.5446,120.0,24.0,-391646.88721409073,-306797.6516721076,-0.045803931923726296,-0.00495930683798268,0.04607162797195922,False,263.82051415306876
2019-10-25 21:00:00,128.05346,85.5444,120.0,24.0,-391771.5854615706,-306674.61236461025,-0.052872521766293354,-0.00480335559277674,0.05309026071585846,False,264.8090504800148
2019-10-25 22:00:00,128.02963,85.54429,120.0,24.0,-391908.7711606773,-306519.2064044074,-0.060097791764849445,-0.001548899958237454,0.06011774834515872,False,268.52364311427027
2019-10-25 23:00:00,128.00363,85.5443,120.0,24.0,-392046.94541029516,-306340.64514123555,-0.06254584800381982,0.002324980618876222,0.06258904566611542,False,272.12884268452603
2019-10-26 00:00:00,127.97777,85.54444,120.0,24.0,-392172.85400288546,-306154.05208167,-0.060469296402872665,0.007129341609029848,0.060888121331148924,False,276.7241418065439
2019-10-26 01:00:00,127.95349,85.54476,120.0,24.0,-392274.3964723465,-305965.87090407277,-0.05529152564854671,0.013329022138537434,0.05687543968808961,False,283.5535829819855
2019-10-26 02:00:00,127.93192,85.5453,120.0,24.0,-392342.0209694826,-305781.12396503746,-0.04761694788366236,0.018598947129167168,0.051120392800417455,False,291.3353735668949
2019-10-26 03:00:00,127.914,85.54596,120.0,24.0,-392379.52762239176,-305613.1378161945,-0.038363555796629624,0.02045916930182344,0.04347804068586565,False,298.0708662745585
2019-10-26 04:00:00,127.9001,85.54662,120.0,24.0,-392395.53588524385,-305472.69021116896,-0.03072737366924092,0.019219869132547272,0.036243273335632965,False,302.02584112990746
2019-10-26 05:00:00,127.88851,85.5472,120.0,24.0,-392406.23487731896,-305353.55653145973,-0.027722042802155466,0.01565535758903701,0.03183711479335335,False,299.4545454946899
2019-10-26 06:00:00,127.8771,85.54763,120.0,24.0,-392429.15651327855,-305245.94194823183,-0.029394298931624402,0.01147069847368372,0.03155315726129266,False,291.3174936864616
2019-10-26 07:00:00,127.86412,85.54794,120.0,24.0,-392470.98483586474,-305135.7964875694,-0.034947633293814395,0.008061135820032659,0.03586528939724226,False,282.98885321304965
2019-10-26 08:00:00,127.8481,85.54815,120.0,24.0,-392537.7795066958,-305011.6689847721,-0.0431759318695601,0.006511597067057347,0.04366419573481922,False,278.57645318532605
2019-10-26 09:00:00,127.82829,85.54836,120.0,24.0,-392624.7022820438,-304861.55732140475,-0.05253593066881524,0.007907030524918111,0.05312763069214125,False,278.5591787895711
2019-10-26 10:00:00,127.8045,85.54866,120.0,24.0,-392724.7976983804,-304677.9850981517,-0.060628614259297366,0.011936761687274054,0.061792516914117114,False,281.13812451236754
2019-10-26 11:00:00,127.77797,85.54913,120.0,24.0,-392824.373764235,-304463.9736743588,-0.06516384232076348,0.017981058726741196,0.06759914806371337,False,285.426104757007
2019-10-26 12:00:00,127.75041,85.54982,120.0,24.0,-392909.89182851627,-304227.8400655199,-0.06523836110889222,0.02495511629961016,0.06984841866285371,False,290.9329582346536
2019-10-26 13:00:00,127.72381,85.55074,120.0,24.0,-392969.8769814651,-303982.5737489477,-0.06073355281783954,0.03177438695924647,0.0685432425882613,False,297.61752164174675
2019-10-26 14:00:00,127.69998,85.55187,120.0,24.0,-392996.49062190356,-303741.9860769165,-0.053278383366486756,0.03673441843683097,0.0647147868113503,False,304.58551469647045
2019-10-26 15:00:00,127.67956,85.55311,120.0,24.0,-392995.1922764514,-303517.3154936479,-0.04495888807025091,0.03828469434992421,0.05905099015241377,False,310.4160204774329
2019-10-26 16:00:00,127.66263,85.55434,120.0,24.0,-392976.19225453015,-303317.3037674817,-0.03791860016387924,0.03751028171243067,0.05333705534179829,False,314.68984432928073
2019-10-26 17:00:00,127.64805,85.55553,120.0,24.0,-392948.21014266345,-303136.17344527104,-0.03402219384665611,0.03611577457999187,0.04961712252491303,False,316.7097406162755
2019-10-26 18:00:00,127.63435,85.55667,120.0,24.0,-392919.9272154798,-302964.51911922876,-0.03379653117215243,0.03441120770354037,0.04823211310824425,False,315.51632583404495
2019-10-26 19:00:00,127.61995,85.55775,120.0,24.0,-392900.5878187582,-302792.1830230172,-0.03735908454118219,0.03270670446336059,0.04965309370632216,False,311.2011271877251
2019-10-26 20:00:00,127.60328,85.55878,120.0,24.0,-392897.5966780391,-302607.71493833547,-0.044550332540841626,0.033017432439067136,0.05545162733741847,False,306.54312467080524
2019-10-26 21:00:00,127.58289,85.55988,120.0,24.0,-392907.97483202483,-302392.9996498336,-0.054381642502783094,0.03627321889415525,0.06536902515904461,False,303.70377129109124
2019-10-26 22:00:00,127.55803,85.56112,110.5,24.0,-392929.4374148507,-302138.1362320679,-0.0628492526487456,0.041232686061898505,0.07516756586710079,False,303.2671540860991
2019-10-26 23:00:00,127.53058,85.56254,90.0,24.0,-392948.4678618868,-301853.31014438136,-0.06678130413370972,0.04712187823463448,0.08173257606461914,False,305.20736106692107
2019-10-27 00:00:00,127.50243,85.56416,90.0,24.0,-392953.29223668954,-301550.14538118255,-0.06729703812109973,0.054561588606683614,0.0866363566359859,False,309.0336751802888
2019-10-27 01:00:00,127.47453,85.56606,99.5,24.0,-392931.7991101035,-301229.751128307,-0.06486892662693002,0.06293105496662627,0.0903786220349844,False,314.1312724974491
2019-10-27 02:00:00,127.44838,85.56822,99.5,24.0,-392877.85950082884,-300903.8062041259,-0.05894873356228965,0.07037071820843105,0.0917986447055087,False,320.0474825395622
2019-10-27 03:00:00,127.42539,85.5706,120.0,24.0,-392787.62738551106,-300584.71645011613,-0.051113048754237195,0.07533108021382054,0.09103469338188652,False,325.842633410748
2019-10-27 04:00:00,127.40575,85.57308,120.0,24.0,-392670.78023879055,-300281.9279125569,-0.04360760822615949,0.07641658045987762,0.08798361929579371,False,330.2884829841437
2019-10-27 05:00:00,127.389,85.57553,120.0,24.0,-392541.3002192148,-300001.087761539,-0.039163241746392456,0.07409239089594688,0.08380597766725337,False,332.14027626277925
2019-10-27 06:00:00,127.37305,85.57786,120.0,24.0,-392418.14747466426,-299733.95718869404,-0.039871514042885386,0.07006306909145958,0.08061371646678155,False,330.35664728803226
2019-10-27 07:00:00,127.35569,85.58005,120.0,24.0,-392314.6655058752,-299466.744574066,-0.044803968343273076,0.06649856755627859,0.08018388283403319,False,326.02954963843723
2019-10-27 08:00:00,127.3356,85.58215,120.0,24.0,-392233.29942475155,-299187.0256124593,-0.05204054501422927,0.06525902018511762,0.08346830560697642,False,321.4295304558285
2019-10-27 09:00:00,127.31217,85.58426,120.0,24.0,-392168.32149949064,-298883.863336904,-0.05855382128584534,0.06696370832570023,0.08895329234999776,False,318.8331850921659
2019-10-27 10:00:00,127.28661,85.58647,120.0,24.0,-392105.381312421,-298559.4662815131,-0.06185765770938715,0.07176822250876447,0.09474728270171778,False,319.2416618872372
2019-10-27 11:00:00,127.26039,85.58889,120.0,24.0,-392027.0117261301,-298216.4791188805,-0.06252880688631879,0.07796814372254386,0.09994440017412583,False,321.2711223753656
2019-10-27 12:00:00,127.23424,85.5915,120.0,24.0,-391931.1636083925,-297861.2744075533,-0.061633236817313426,0.08354813915627753,0.1038217098542292,False,323.5839040750642
2019-10-27 13:00:00,127.20874,85.59428,120.0,24.0,-391816.58695790445,-297499.19113483635,-0.05901929864175923,0.08866301464736624,0.10651012993384358,False,326.34993716709613
2019-10-27 14:00:00,127.18475,85.59722,120.0,24.0,-391679.7080760843,-297136.7992771932,-0.05449957926821846,0.09393304943835926,0.10859844343820989,False,329.8778645409619
2019-10-27 15:00:00,127.16301,85.60034,120.0,24.0,-391514.93031875294,-296777.81423456606,-0.0489715756702379,0.09842841963894117,0.10993802352346224,False,333.54805124570294
2019-10-27 16:00:00,127.14363,85.60357,120.0,24.0,-391327.9405424247,-296427.7033936449,-0.043949344512600456,0.10090895608266784,0.11006435526900174,False,336.46520698792017
2019-10-27 17:00:00,127.12608,85.60685,120.0,24.0,-391126.85243066313,-296086.87738763413,-0.042428410640186744,0.10122000599752765,0.10975272043822806,False,337.25802086441223
2019-10-27 18:00:00,127.10795,85.6101,120.0,24.0,-390931.2558744151,-295744.26483013685,-0.04674416117092167,0.09967108964143853,0.11008788631763612,False,334.874167115173
2019-10-27 19:00:00,127.08674,85.61328,120.0,24.0,-390757.59256753256,-295385.5116629451,-0.05517542402796023,0.0984318350595374,0.11284127600241495,False,330.7274294021742
2019-10-27 20:00:00,127.06148,85.61645,120.0,24.0,-390605.46078656195,-294999.99052466074,-0.0656115558420224,0.09936277979635819,0.11907072801016373,False,326.5622887391346
2019-10-27 21:00:00,127.03144,85.61969,120.0,24.0,-390471.405455247,-294577.38044054375,-0.0785197153172289,0.10370459589157521,0.13007685767473626,False,322.8688924903518
2019-10-27 22:00:00,126.99525,85.62314,120.0,24.0,-390349.8667905401,-294098.98889652407,-0.09359677567810773,0.11145633170446861,0.14554336224766334,False,319.9777416657464
2019-10-27 23:00:00,126.95243,85.62688,120.0,24.0,-390235.98852196505,-293556.25416843855,-0.10470629994938546,0.12028911657028317,0.15947689743141433,False,318.9618858983014
2019-10-28 00:00:00,126.90679,85.6309,120.0,24.0,-390110.95023228327,-292975.8863101115,-0.10615298293959699,0.12788072693981262,0.16619848407741053,False,320.3041489862438
2019-10-28 01:00:00,126.86267,85.63513,120.0,24.0,-389958.72589672555,-292392.18947755214,-0.09999219911467842,0.13392452977910604,0.1671353330697736,False,323.2538429101779
2019-10-28 02:00:00,126.82216,85.63954,120.0,24.0,-389771.36560668465,-291821.4201026956,-0.08995559339747816,0.13841938641549995,0.1650816020007557,False,326.9810817610917
2019-10-28 03:00:00,126.78646,85.64406,120.0,24.0,-389549.1086119159,-291276.41440750926,-0.07872050019317126,0.14121037455468577,0.16167030349615144,False,330.86165927175136
2019-10-28 04:00:00,126.7554,85.64865,120.0,24.0,-389296.51823809306,-290758.6515783647,-0.06871973156244006,0.14245160892829126,0.1581608750363776,False,334.24698767131844
2019-10-28 05:00:00,126.72812,85.65325,120.0,24.0,-389023.436856042,-290266.246267301,-0.0622328404864016,0.1410581146313274,0.15417625672700255,False,336.1936079022961
2019-10-28 06:00:00,126.70251,85.65775,120.0,24.0,-388750.4761475928,-289792.1675755513,-0.06088515811290076,0.13656426041592784,0.1495219037511972,False,335.9710034666673
2019-10-28 07:00:00,126.67632,85.66206,120.0,24.0,-388497.1047429619,-289327.12380283733,-0.06362890007458025,0.13253489876978478,0.14701746942665697,False,334.3547258348925
2019-10-28 08:00:00,126.64832,85.6663,120.0,24.0,-388258.7821187111,-288854.7702165751,-0.06860922301752334,0.13222556429176768,0.14896585291718584,False,332.576096594956
2019-10-28 09:00:00,126.61783,85.67059,120.0,24.0,-388028.1434909611,-288362.5266177356,-0.07342896903024229,0.13393046951882615,0.1527389411982992,False,331.26572132302215
2019-10-28 10:00:00,126.58566,85.67494,120.0,24.0,-387800.1540268213,-287855.2477405398,-0.0759913381438575,0.13455001955963342,0.1545263447972281,False,330.54305003292166
2019-10-28 11:00:00,126.55292,85.67927,120.0,24.0,-387576.36850500514,-287345.78910797264,-0.07620960819682857,0.13237947470770473,0.15274891065209584,False,330.0713738679813
2019-10-28 12:00:00,126.5205,85.68348,120.0,24.0,-387361.2881083276,-286846.8135614717,-0.07440780591442687,0.12726374935271131,0.14741975268025906,False,329.6862836975171
2019-10-28 13:00:00,126.48924,85.68748,120.0,24.0,-387158.81249377824,-286369.9489032734,-0.07054493368241874,0.1226130474153703,0.14145864082741888,False,330.0861993072447
2019-10-28 14:00:00,126.46007,85.69139,120.0,24.0,-386953.5812641384,-285913.4744542671,-0.06496427410872016,0.12137291610618987,0.13766532488100675,False,331.84229606651365
2019-10-28 15:00:00,126.43354,85.69531,120.0,24.0,-386733.93391212577,-285474.4398417537,-0.06005761037760093,0.11966864948183131,0.13389362282451367,False,333.3494876829945
2019-10-28 16:00:00,126.40853,85.69911,120.0,24.0,-386517.17950532807,-285053.87267398176,-0.05856037207242816,0.11315922454834237,0.12741399953554317,False,332.6382461289193
2019-10-28 17:00:00,126.38324,85.70261,120.0,24.0,-386328.4780652282,-284651.52242044726,-0.0624766610648652,0.10448022010320426,0.12173516160349093,False,329.1215904394617
2019-10-28 18:00:00,126.35482,85.70585,120.0,24.0,-386178.394344902,-284245.50092731044,-0.07244686469544429,0.09781655129432201,0.1217235635007238,False,323.4748664791122
2019-10-28 19:00:00,126.32091,85.70892,120.0,24.0,-386070.4852201653,-283813.94640650053,-0.08455587993721567,0.0945615858257714,0.1268526323961847,False,318.1972846681596
2019-10-28 20:00:00,126.28202,85.71195,120.0,24.0,-385990.4285584365,-283351.71297334885,-0.09489606215808807,0.0947163178750273,0.13407625996019926,False,314.94568611118984
2019-10-28 21:00:00,126.23915,85.71503,120.0,24.0,-385925.07088559214,-282859.61234467593,-0.10394418349325704,0.09673181278738986,0.14199097466816166,False,312.9416541140182
2019-10-28 22:00:00,126.1924,85.71819,120.0,24.0,-385871.10760243965,-282336.3650538192,-0.11251371035971451,0.09952215356794543,0.1502131621054275,False,311.49383841182936
2019-10-28 23:00:00,126.14207,85.72145,120.0,24.0,-385825.1418479655,-281782.7039734517,-0.11816270756781032,0.1026204342624915,0.15650360694877993,False,310.9732431845256
2019-10-29 00:00:00,126.09037,85.72481,120.0,24.0,-385776.2063220807,-281213.54248826264,-0.11806088519717198,0.10571799741733309,0.15847607892508908,False,311.8429571237697
2019-10-29 01:00:00,126.04005,85.72827,120.0,24.0,-385710.7732251938,-280647.422428606,-0.11127515371716191,0.10664535162522792,0.15412783933490573,False,313.78291297438693
2019-10-29 02:00:00,125.99414,85.73169,120.0,24.0,-385626.69645838474,-280113.9397132849,-0.09859574973809829,0.10338888569660183,0.14286491364923265,False,316.35938522469223
2019-10-29 03:00:00,125.95472,85.73494,120.0,24.0,-385525.7000238315,-279635.58143641736,-0.08599257335750254,0.09734576081124983,0.12988810500029063,False,318.54350421437255
2019-10-29 04:00:00,125.91966,85.73797,120.0,24.0,-385422.8687918313,-279201.22794835275,-0.07941068400867861,0.09006256072918473,0.12007215155823724,False,318.5964721805974
2019-10-29 05:00:00,125.88589,85.74075,120.0,24.0,-385335.9800251373,-278792.13595934515,-0.07967893113671654,0.08339900284819857,0.11534351192487356,False,316.3067828587799
2019-10-29 06:00:00,125.85055,85.74335,120.0,24.0,-385272.65461776353,-278384.4528382798,-0.08585011774916836,0.0790604396908407,0.11670816527413638,False,312.6423564748171
2019-10-29 07:00:00,125.81138,85.74585,120.0,24.0,-385236.60463563213,-277957.73402478837,-0.09501086480436197,0.07751094486963701,0.12261733566448366,False,309.20795715261465
2019-10-29 08:00:00,125.76804,85.74835,120.0,24.0,-385220.3489416208,-277503.1588539782,-0.10428719106545867,0.07937131969465086,0.1310558072364363,False,307.27418497888243
2019-10-29 09:00:00,125.72076,85.75097,120.0,24.0,-385211.8028531931,-277014.458216029,-0.11284777516690335,0.08464182791274753,0.14106331696274244,False,306.87184613990706
2019-10-29 10:00:00,125.66992,85.75381,120.0,24.0,-385199.9455406213,-276487.7079333836,-0.11974874433131805,0.09239179551858655,0.15124815915599002,False,307.65187765150995
2019-10-29 11:00:00,125.61657,85.75693,120.0,24.0,-385174.1404769942,-275926.12293762655,-0.12136478911016776,0.0996739109108114,0.1570487203131941,False,309.3954186665545
2019-10-29 12:00:00,125.56425,85.76024,120.0,24.0,-385125.4227914267,-275359.41555085644,-0.11487127329601723,0.10370096740679936,0.15475561401692137,False,312.0743994816788
2019-10-29 13:00:00,125.51648,85.76362,120.0,24.0,-385047.8087725594,-274819.0673762067,-0.10349870377373149,0.10323582945802151,0.1461835085320103,False,314.9271453081414
2019-10-29 14:00:00,125.474,85.7669,120.0,24.0,-384953.3254561032,-274321.0593918543,-0.09156004059932857,0.09796613904859706,0.13409177989213117,False,316.93589466695977
2019-10-29 15:00:00,125.43658,85.76994,120.0,24.0,-384855.9560891596,-273872.86066855554,-0.08159990747819683,0.0899068940150549,0.12141579177308279,False,317.7729722323222
2019-10-29 16:00:00,125.40274,85.7727,120.0,24.0,-384766.5531609393,-273467.05076413526,-0.07545736491245922,0.08122746604555449,0.11086800782783887,False,317.10903066449447
2019-10-29 17:00:00,125.37064,85.77518,120.0,24.0,-384693.9953801878,-273091.21417388617,-0.07395819272106723,0.07425324155542724,0.10480151789003415,False,315.1140602323301
2019-10-29 18:00:00,125.33807,85.77749,120.0,24.0,-384638.8523516222,-272723.364143372,-0.07719582651320508,0.07099926458788883,0.10488131960972794,False,312.60565516881496
2019-10-29 19:00:00,125.3031,85.77976,120.0,24.0,-384598.46688530955,-272342.1353832147,-0.08321975090064666,0.0702247314055936,0.10889003554482589,False,310.15924364197906
2019-10-29 20:00:00,125.26522,85.78202,120.0,24.0,-384572.48271461396,-271942.1701747327,-0.08987663270952076,0.07084506090577151,0.11444139007345451,False,308.2468690488634
2019-10-29 21:00:00,125.22438,85.78433,120.0,24.0,-384555.60675624094,-271519.2728382684,-0.09629654431247645,0.07394541331780251,0.12141230826100534,False,307.5203953861743
2019-10-29 22:00:00,125.18083,85.78679,120.0,24.0,-384537.4615057814,-271068.7033521148,-0.10163380963417525,0.08014567709336155,0.12943245658454125,False,308.25835784873294
2019-10-29 23:00:00,125.13526,85.7895,120.0,24.0,-384505.5749479195,-270588.70315311005,-0.1039067297098737,0.08727478345658912,0.13569633858875954,False,310.0280383104493
2019-10-30 00:00:00,125.08966,85.79242,120.0,24.0,-384454.13070258516,-270095.2498988043,-0.10138890432560985,0.09238849269881567,0.1371690325966717,False,312.34068446079795
2019-10-30 01:00:00,125.04624,85.79546,120.0,24.0,-384380.92117863894,-269608.98439498304,-0.09444505862817953,0.09316242631607109,0.13266162510830948,False,314.60828709366615
2019-10-30 02:00:00,125.00668,85.79843,120.0,24.0,-384295.46312731184,-269153.3569665427,-0.08452005162296618,0.08835660561339995,0.12227235534605019,False,316.2713241830771
2019-10-30 03:00:00,124.97193,85.80116,120.0,24.0,-384208.9505941246,-268745.58325107716,-0.07510974484892805,0.08060710037592796,0.11017703209964406,False,317.02190400203415
2019-10-30 04:00:00,124.9406,85.80363,120.0,24.0,-384129.85533726955,-268377.5614391956,-0.0696680444093654,0.07301271748635743,0.10091825071099852,False,316.3428619122165
2019-10-30 05:00:00,124.9106,85.80587,120.0,24.0,-384065.30239730247,-268033.3127058494,-0.06943584847315681,0.06681355732797667,0.09636072071132522,False,313.8974068019618
2019-10-30 06:00:00,124.87944,85.80794,120.0,24.0,-384021.47933817725,-267692.2810714236,-0.07467630757343263,0.06278469930268663,0.09756264335969321,False,310.055711402661
2019-10-30 07:00:00,124.84479,85.80992,120.0,24.0,-384001.92717053654,-267333.72637575364,-0.08391735691516317,0.061545753312509215,0.10406729814130433,False,306.2566606574715
2019-10-30 08:00:00,124.80545,85.81191,120.0,24.0,-384003.01749306766,-266943.2240027868,-0.09471383160718913,0.06371664345259286,0.11415130551412815,False,303.9298248360015
2019-10-30 09:00:00,124.76124,85.81403,120.0,24.0,-384014.4872409828,-266511.93295282277,-0.10263211925280924,0.06867519359803798,0.12348940893068867,False,303.78803939859927
2019-10-30 10:00:00,124.71487,85.81634,120.0,24.0,-384018.1190269505,-266054.22851553495,-0.10392430463454295,0.07549325984161126,0.12845035373749003,False,305.9956092925132
2019-10-30 11:00:00,124.66947,85.8189,120.0,24.0,-383993.8158484012,-265587.32145056705,-0.09956291628177703,0.08138246603103207,0.12859191294877073,False,309.2624737072522
2019-10-30 12:00:00,124.6269,85.82159,120.0,24.0,-383943.9786004959,-265131.3399955631,-0.09173137251273972,0.08293195805214122,0.12366225927676208,False,312.11591770260316
2019-10-30 13:00:00,124.58837,85.82425,120.0,24.0,-383877.7686742885,-264704.54814790556,-0.08258664909226196,0.07936694514371304,0.11454111309802069,False,313.86108640743464
2019-10-30 14:00:00,124.55384,85.82671,120.0,24.0,-383811.0921373054,-264317.4206482611,-0.07419009314099398,0.07115167715291018,0.10279460628817702,False,313.80238792975365
2019-10-30 15:00:00,124.5227,85.82884,120.0,24.0,-383758.81821264286,-263974.0482321204,-0.06811048374530355,0.060611438288914465,0.09117447256480372,False,311.66584721253616
2019-10-30 16:00:00,124.49352,85.83062,120.0,24.0,-383729.4626435236,-263666.0594800128,-0.06560819708433618,0.050846278682396114,0.0830046961352488,False,307.775643899854
2019-10-30 17:00:00,124.46457,85.83212,120.0,24.0,-383724.60215609364,-263377.394702065,-0.06720747531875627,0.044181572871529184,0.08042919942485738,False,303.3205494312709
2019-10-30 18:00:00,124.43395,85.83347,120.0,24.0,-383741.02452691813,-263087.0846756218,-0.07287930144566357,0.04216750771134591,0.08419911689438504,False,300.05340552127683
2019-10-30 19:00:00,124.39995,85.83484,120.0,24.0,-383770.90656146884,-262772.9320230695,-0.08123078349280288,0.0448035841919376,0.09276745842858183,False,298.8793354035358
2019-10-30 20:00:00,124.3619,85.83636,120.0,24.0,-383805.28157253057,-262422.2570485441,-0.0903735371160288,0.05146981447099259,0.10400249041508879,False,299.66251101633827
2019-10-30 21:00:00,124.31976,85.83816,120.0,24.0,-383832.2556272391,-262026.63142284245,-0.09782626932913269,0.06030494026838077,0.1149202540530997,False,301.65172938938144
2019-10-30 22:00:00,124.27506,85.84025,120.0,24.0,-383843.7974933437,-261595.7281460598,-0.10127991837825612,0.06929444529820641,0.12271651077133973,False,304.3794426763504
2019-10-30 23:00:00,124.22981,85.84263,120.0,24.0,-383830.6459416721,-261143.074011569,-0.09989693140968509,0.07657845462344709,0.12587158780911073,False,307.47285872533405
2019-10-31 00:00:00,124.18629,85.84519,120.0,24.0,-383792.52798804897,-260690.90407648464,-0.09368680630418226,0.07983239935233752,0.12308708162040591,False,310.43498000340765
2019-10-31 01:00:00,124.14651,85.84778,120.0,24.0,-383734.1853211828,-260262.1122516929,-0.08450428054250371,0.0776620127668062,0.11477090945443336,False,312.5839573800191
2019-10-31 02:00:00,124.11111,85.8502,120.0,24.0,-383671.27793076355,-259873.49741397996,-0.07466055308994018,0.07022149344200254,0.10249515270938905,False,313.2450562636262
2019-10-31 03:00:00,124.08005,85.85231,120.0,24.0,-383617.03848566907,-259533.5046021171,-0.06644767057357862,0.060611386334763546,0.08993905201900222,False,312.3700452305561
2019-10-31 04:00:00,124.05193,85.85411,120.0,24.0,-383577.91035139916,-259232.702618518,-0.06173715297013251,0.052551386529120975,0.08107480670954831,False,310.404817225211
2019-10-31 05:00:00,124.02504,85.8557,120.0,24.0,-383552.4467894248,-258953.35059186936,-0.06071367852901845,0.04743656978316974,0.07704790012270632,False,308.001081404754
2019-10-31 06:00:00,123.99781,85.85717,120.0,24.0,-383539.44471309637,-258679.29293524855,-0.06303449369178969,0.04557712510455532,0.07778574244536438,False,305.8688311008052
2019-10-31 07:00:00,123.96883,85.85864,120.0,24.0,-383534.1610990909,-258393.591836782,-0.06793205756627416,0.04743800285959405,0.08285607135566131,False,304.9271905935721
2019-10-31 08:00:00,123.93721,85.86023,120.0,24.0,-383529.46672691917,-258082.8126720647,-0.07418006467177299,0.052709097309898055,0.09099962051532262,False,305.3959297648516
2019-10-31 09:00:00,123.90263,85.86204,120.0,24.0,-383517.4819306514,-257738.6069018749,-0.07921064425243303,0.059994288075998194,0.09936619528104798,False,307.1403551805955
2019-10-31 10:00:00,123.86649,85.8641,120.0,24.0,-383489.05965810263,-257368.51805075767,-0.08071708027825678,0.0677441906438078,0.10537799777292754,False,310.006047056096
2019-10-31 11:00:00,123.83053,85.86641,120.0,24.0,-383436.3362492521,-256984.23708516383,-0.0786378207823163,0.07347903777256913,0.10762469906752047,False,313.0576560708439
2019-10-31 12:00:00,123.79621,85.86884,120.0,24.0,-383364.8059383073,-256603.64703865917,-0.07355055332625071,0.07471855412502693,0.10484534431786767,False,315.45134238104026
2019-10-31 13:00:00,123.76476,85.87123,120.0,24.0,-383283.8337687589,-256244.91537592333,-0.0664013588713581,0.07130795782160408,0.09743698121683858,False,317.04059205767044
2019-10-31 14:00:00,123.7368,85.87344,120.0,24.0,-383203.70340127946,-255920.8490200888,-0.05852455900587092,0.06448727214471468,0.08708462709053855,False,317.7751078859116
2019-10-31 15:00:00,123.71237,85.87539,120.0,24.0,-383131.73975555546,-255636.63247109245,-0.05226583302199639,0.056117000123400845,0.07668660250873668,False,317.03503468991676
2019-10-31 16:00:00,123.68999,85.87706,120.0,24.0,-383076.47038016183,-255383.56488207437,-0.04965424668199762,0.04805670625398277,0.0691013113445632,False,314.06331719411617
2019-10-31 17:00:00,123.66788,85.87849,120.0,24.0,-383042.1539846792,-255147.23494862654,-0.05063980476916031,0.042631591414930184,0.06619548635389137,False,310.09266163276345
2019-10-31 18:00:00,123.6446,85.87981,120.0,24.0,-383023.1385977406,-254909.95065962506,-0.05454815341221984,0.04139203531066508,0.06847482477409063,False,307.1918243775034
2019-10-31 19:00:00,123.61897,85.88116,120.0,24.0,-383011.65032260824,-254655.1607641913,-0.06040488020937258,0.04402785267575611,0.07474758433786831,False,306.0875242061147
2019-10-31 20:00:00,123.59042,85.88265,120.0,24.0,-382999.95849669504,-254372.26748000787,-0.06701361764639985,0.049453887758791996,0.08328572485436547,False,306.4261288374403
2019-10-31 21:00:00,123.55884,85.88435,120.0,24.0,-382981.9839289624,-254056.23782647008,-0.07262268527758653,0.057049527495939625,0.09235097727927602,False,308.1517852939533
2019-10-31 22:00:00,123.52523,85.88633,120.0,24.0,-382946.71367134043,-253709.4756934542,-0.07540525972931562,0.06634995772590165,0.10044038074935042,False,311.3449204924609
2019-10-31 23:00:00,123.49112,85.88863,120.0,24.0,-382883.59217534936,-253339.7917475282,-0.07391892616369494,0.07440969435264684,0.10488474750338157,False,315.1895712590135
2019-11-01 00:00:00,123.45881,85.89113,120.0,24.0,-382793.5947412561,-252969.99168614336,-0.06755914374850225,0.07874926841816025,0.1037578198519333,False,319.3736454402156
2019-11-01 01:00:00,123.43038,85.89371,120.0,24.0,-382678.7431883892,-252621.36985734478,-0.05862591014134293,0.07859449439349522,0.0980514757098024,False,323.2796761633137
2019-11-01 02:00:00,123.40607,85.8962,120.0,24.0,-382553.8843144884,-252305.9634978728,-0.04978149983067397,0.07394432342818723,0.08914011831181148,False,326.0503970445182
2019-11-01 03:00:00,123.38557,85.89848,120.0,24.0,-382431.6407141678,-252029.03636214102,-0.04237007928527246,0.06634885241598612,0.0787235278398941,False,327.43788138742684
2019-11-01 04:00:00,123.36791,85.90048,120.0,24.0,-382322.86949774285,-251788.36804688876,-0.03744351737937375,0.0576681301829786,0.06875776488906858,False,327.0046154663518
2019-11-01 05:00:00,123.35183,85.9022,120.0,24.0,-382233.1549784847,-251575.5126428217,-0.036061970679598015,0.05069274117743562,0.06221109014780776,False,324.5725875377312
2019-11-01 06:00:00,123.3354,85.90375,120.0,24.0,-382160.7393920225,-251370.82042085694,-0.038763572756738994,0.047747923905788664,0.06150186021723231,False,320.92900019759475
2019-11-01 07:00:00,123.31687,85.90528,120.0,24.0,-382099.3086878428,-251153.41209555703,-0.04365847834566797,0.049298361412655096,0.06585128069697598,False,318.4719969578692
2019-11-01 08:00:00,123.29601,85.90693,120.0,24.0,-382036.7862182984,-250913.1806837852,-0.048382250895039156,0.054879173977900444,0.07316123248119309,False,318.60014640151655
2019-11-01 09:00:00,123.2732,85.90882,120.0,24.0,-381960.2740087751,-250645.33102303895,-0.05138361041083727,0.06247489559385361,0.08089121088422162,False,320.56379253270904
2019-11-01 10:00:00,123.24961,85.91096,120.0,24.0,-381863.68142397044,-250357.0836023207,-0.05140208178216442,0.06976037708227036,0.0866526642533331,False,323.6158085864874
2019-11-01 11:00:00,123.22676,85.91332,120.0,24.0,-381743.14521357307,-250060.4333598764,-0.047546993352044944,0.07472040067778093,0.08856553988017875,False,327.53009170008556
2019-11-01 12:00:00,123.20663,85.91578,120.0,24.0,-381601.23649188154,-249775.922614929,-0.03965967499054651,0.07580524006754044,0.08555304928553523,False,332.3824008348432
2019-11-01 13:00:00,123.19089,85.91821,120.0,24.0,-381442.8598775815,-249522.60207992286,-0.03001266062912162,0.07270520621970897,0.07865625728121847,False,337.56919746539273
2019-11-01 14:00:00,123.17947,85.92047,120.0,24.0,-381281.4584629845,-249308.51906633461,-0.021161195457514017,0.06541957106723123,0.06875693762677064,False,342.0752198244912
2019-11-01 15:00:00,123.17173,85.92243,120.0,24.0,-381132.0153766732,-249137.30978807964,-0.014494203980383973,0.0553434108563306,0.057209921117211744,False,345.3240901729484
2019-11-01 16:00:00,123.16634,85.92404,120.0,24.0,-381005.022888925,-249003.1432302852,-0.011199528413765356,0.04449196320175624,0.04587988912625191,False,345.87102852874466
2019-11-01 17:00:00,123.16158,85.9253,120.0,24.0,-380907.97550030384,-248894.55995948127,-0.012496626692465842,0.035810867427107665,0.0379286686369655,False,340.7629610189218
2019-11-01 18:00:00,123.15501,85.92635,120.0,24.0,-380838.3953189494,-248786.7837088005,-0.018734095635375446,0.031315599170062325,0.036491548208529075,False,329.1106484949891
2019-11-01 19:00:00,123.14459,85.92732,120.0,24.0,-380792.9811124921,-248658.32247263513,-0.02651290908850691,0.03007552546936236,0.040093285978997736,False,318.6023940403877
2019-11-01 20:00:00,123.13096,85.92829,120.0,24.0,-380761.456057171,-248508.5541691485,-0.03244736324142705,0.031005558028955413,0.04487957230197312,False,313.6983240648646
2019-11-01 21:00:00,123.11515,85.92932,120.0,24.0,-380733.7213020459,-248340.66989634352,-0.03715437863194866,0.035656375767727795,0.05149587346978017,False,313.82136731742196
2019-11-01 22:00:00,123.09724,85.93059,120.0,24.0,-380692.57685920934,-248144.23801073624,-0.04142701360913057,0.04511287207225781,0.061248417801433766,False,317.43883583607237
2019-11-01 23:00:00,123.07754,85.93223,120.0,24.0,-380624.4873487723,-247913.4241871922,-0.04298614778649605,0.05534375796955979,0.07007667548989244,False,322.16309242192085
2019-11-02 00:00:00,123.0582,85.93416,120.0,24.0,-380527.5986210749,-247667.42047147028,-0.03971004444865273,0.06216412733683864,0.07376493989467262,False,327.4298216019553
2019-11-02 01:00:00,123.04146,85.93624,120.0,24.0,-380405.32404747023,-247429.6445934269,-0.03331094782536266,0.06340434091408781,0.07162213129873965,False,332.28376267819596
2019-11-02 02:00:00,123.02792,85.93825,120.0,24.0,-380275.687186383,-247217.45845496998,-0.02648891848851847,0.058598839936673655,0.06430775104616297,False,335.67521069071887
2019-11-02 03:00:00,123.01737,85.94002,120.0,24.0,-380155.5427880962,-247039.78184771969,-0.021948570762753455,0.049607881074811934,0.05424648950172057,False,336.13342701649503
2019-11-02 04:00:00,123.00795,85.94145,120.0,24.0,-380062.3018770639,-246890.32648600853,-0.02191808860951192,0.038601531454423785,0.04439009843333629,False,330.4119335901991
2019-11-02 05:00:00,122.99742,85.94251,120.0,24.0,-380008.4392010188,-246756.0385458452,-0.02664549372508535,0.02930055140617468,0.039604351384152824,False,317.71707407346594
2019-11-02 06:00:00,122.98369,85.94334,120.0,24.0,-379989.847852665,-246614.53363742516,-0.03539141163977738,0.024340473484803397,0.042953587362647455,False,304.518281571197
2019-11-02 07:00:00,122.96519,85.94408,120.0,24.0,-380000.15691570344,-246446.88363848667,-0.04546281064461446,0.024650807132672186,0.05171585292732076,False,298.4673977073953
2019-11-02 08:00:00,122.94228,85.94493,120.0,24.0,-380019.04811860964,-246243.3262144852,-0.054112660810846896,0.03085173044912494,0.06228972091553492,False,299.6891446338461
2019-11-02 09:00:00,122.91589,85.94607,120.0,24.0,-380025.60733944096,-245999.12035315754,-0.060505357587131214,0.04108303561123935,0.07313490351248833,False,304.17643839845687
2019-11-02 10:00:00,122.88714,85.94758,120.0,24.0,-380007.46410535445,-245716.88234265114,-0.06425631183072422,0.053019394099627457,0.08330624082731665,False,309.5268419999785
2019-11-02 11:00:00,122.85731,85.94949,120.0,24.0,-379956.2546172924,-245403.3383806799,-0.06467754495440103,0.06325014505482279,0.09046416788311652,False,314.360727953494
2019-11-02 12:00:00,122.82815,85.95166,120.0,24.0,-379877.5693192267,-245078.6239647897,-0.06159841940702476,0.0692954443572679,0.09271582325641581,False,318.36532034795704
2019-11-02 13:00:00,122.8011,85.95396,120.0,24.0,-379777.441305745,-244760.17895591626,-0.05730420637575881,0.07038092260950934,0.09075927685763753,False,320.84749005464255
2019-11-02 14:00:00,122.77583,85.9562,120.0,24.0,-379675.1338509428,-244457.30381283545,-0.05431735603465236,0.06635074879155095,0.08574845206646406,False,320.6948823644724
2019-11-02 15:00:00,122.75148,85.95824,120.0,24.0,-379587.4874053672,-244172.73830882116,-0.053600530487641546,0.058910105500247875,0.07964557362846303,False,317.70188415239437
2019-11-02 16:00:00,122.72684,85.96,120.0,24.0,-379527.19407810975,-243903.2671880913,-0.05557782100918447,0.050694355816051445,0.07522507494003164,False,312.36897034799733
2019-11-02 17:00:00,122.70066,85.96151,120.0,24.0,-379496.76936769154,-243638.7691650287,-0.06028981252980865,0.04402896660176298,0.07465528377079973,False,306.14023213601706
2019-11-02 18:00:00,122.67169,85.96284,120.0,24.0,-379494.9452489286,-243366.71741432563,-0.06754709732062836,0.040309163659837964,0.07866027606993278,False,300.82691117685846
2019-11-02 19:00:00,122.63885,85.96411,120.0,24.0,-379515.0013795701,-243072.70871496128,-0.07664654733011315,0.040774974902976865,0.08681757769003734,False,298.01240161716873
2019-11-02 20:00:00,122.60153,85.96547,120.0,24.0,-379545.3641308641,-242743.6675422871,-0.08664461261113288,0.045581373875713024,0.09790276062977397,False,297.7476372091039
2019-11-02 21:00:00,122.55951,85.96705,120.0,24.0,-379574.64656296885,-242370.3368134479,-0.09603070003507624,0.053797549383577205,0.11007302879863541,False,299.258071863911
2019-11-02 22:00:00,122.51356,85.96894,120.0,24.0,-379591.00496736873,-241952.45703340895,-0.1029797351282464,0.06418330971827671,0.12134382181831929,False,301.93370071455035
2019-11-02 23:00:00,122.46513,85.97119,120.0,24.0,-379583.4884046767,-241496.70603846284,-0.10476833151178794,0.07394709813907856,0.12823640906916575,False,305.2150311791098
2019-11-03 00:00:00,122.41749,85.97371,120.0,24.0,-379546.70824900904,-241030.21809893782,-0.09968213735634043,0.08061072173983441,0.12819757005242077,False,308.961695651887
2019-11-03 01:00:00,122.37367,85.97639,120.0,24.0,-379478.2917563263,-240579.69774582694,-0.09116463760186087,0.08510677304300265,0.1247162939109072,False,313.03170847862356
2019-11-03 02:00:00,122.33379,85.9792,120.0,24.0,-379380.63379763655,-240147.75188528205,-0.08375374173944798,0.08898361888852974,0.12219972866523582,False,316.7341840686789
2019-11-03 03:00:00,122.29672,85.98213,120.0,24.0,-379259.4790706191,-239727.5029345024,-0.08113514381646818,0.09146652393548825,0.12226625275586153,False,318.4254538476521
2019-11-03 04:00:00,122.25919,85.9851,120.0,24.0,-379136.0848551834,-239302.08417857398,-0.0863551158279574,0.09100451686262469,0.12545528334454342,False,316.5016385417781
2019-11-03 05:00:00,122.21726,85.988,120.0,24.0,-379037.2495954679,-238851.9886410348,-0.10068333171034358,0.08434285975179276,0.13134249607573956,False,309.9530531179521
2019-11-03 06:00:00,122.16648,85.99054,120.0,24.0,-379008.79326565156,-238365.0244252223,-0.1234904686211608,0.07039580284064528,0.14214592817894187,False,299.6853238326094
2019-11-03 07:00:00,122.10348,85.99254,120.0,24.0,-379081.5556056683,-237829.49742945164,-0.14828075329315366,0.05752918463683096,0.15904964282312514,False,291.20499450300224
2019-11-03 08:00:00,122.02979,85.99425,120.0,24.0,-379225.3075928691,-237240.52138753815,-0.16876001965783646,0.05427195284752375,0.1772720764835714,False,287.82740024093687
2019-11-03 09:00:00,121.94784,85.99604,120.0,24.0,-379394.7074922922,-236592.15024014332,-0.18524442208317085,0.05783680352837649,0.1940633704626094,False,287.33934878523564
2019-11-03 10:00:00,121.85887,85.99798,120.0,24.0,-379577.7134659492,-235888.43589570938,-0.19818510292530486,0.06403527275993028,0.20827350090434535,False,287.90608085863187
2019-11-03 11:00:00,121.76489,86.00017,120.0,24.0,-379756.28707514075,-235136.82621767136,-0.20202767656833484,0.0745661736513687,0.21534924274908834,False,290.25854403486915
2019-11-03 12:00:00,121.67227,86.00279,120.0,24.0,-379887.0046310304,-234369.08263259978,-0.19197706089274058,0.08912822891825298,0.2116578207842071,False,294.90379211872187
2019-11-03 13:00:00,121.58746,86.00592,120.0,24.0,-379935.89463616186,-233623.51098286983,-0.17222879732083207,0.09734240619607847,0.1978340280907776,False,299.4748035065139
2019-11-03 14:00:00,121.51298,86.00907,120.0,24.0,-379939.5145478978,-232945.645834187,-0.14942591564775778,0.09036785435617896,0.1746266112827893,False,301.1641620201482
2019-11-03 15:00:00,121.44916,86.01175,120.0,24.0,-379943.5491298664,-232366.22268206967,-0.13099907565139923,0.07626700622301485,0.1515830269513787,False,300.20775002975773
2019-11-03 16:00:00,121.39165,86.01399,120.0,24.0,-379963.1596769212,-231854.50420601468,-0.12266520087303853,0.06480070003808638,0.13872952905077182,False,297.84627932265334
2019-11-03 17:00:00,121.33548,86.01593,120.0,24.0,-380005.31708748924,-231369.28173384457,-0.12254913181649625,0.056587012141277954,0.1349828865154917,False,294.78511252347323
2019-11-03 18:00:00,121.27802,86.01764,120.0,24.0,-380074.02807338256,-230888.97187624598,-0.12731316238748844,0.050853115050546155,0.1370936928798954,False,291.7734124577986
2019-11-03 19:00:00,121.21738,86.01921,120.0,24.0,-380168.30967338814,-230395.7573835231,-0.13536354398391792,0.04883935188865725,0.14390473005704216,False,289.839513120531
2019-11-03 20:00:00,121.1524,86.02079,120.0,24.0,-380278.43125668936,-229873.2200972439,-0.14496891734507664,0.05147560376375615,0.15383668216341279,False,289.54894712881116
2019-11-03 21:00:00,121.08279,86.02253,120.0,24.0,-380391.0938132293,-229310.76964184994,-0.15230239928176764,0.057053809108629464,0.16263811964231173,False,290.536388693267
2019-11-03 22:00:00,121.01094,86.02447,120.0,24.0,-380492.76043405145,-228722.00724445842,-0.1542842668616458,0.06371669277367488,0.166923491273848,False,292.43976568992366
2019-11-03 23:00:00,120.93942,86.02664,120.0,24.0,-380570.2148583604,-228122.34337164572,-0.15307103380346374,0.0708475848271712,0.16867163859257536,False,294.8366449032093
2019-11-04 00:00:00,120.86862,86.02904,120.0,24.0,-380621.86981379485,-227514.4539018677,-0.1509481789233924,0.07735831215295544,0.16961621732441323,False,297.13434913759875
2019-11-04 01:00:00,120.79899,86.03163,120.0,24.0,-380649.7530188021,-226903.6994874138,-0.14542029947478466,0.07983546208531865,0.16589383504432106,False,298.76670061175264
2019-11-04 02:00:00,120.73325,86.03419,120.0,24.0,-380664.2277303209,-226320.76958895926,-0.13469267710542487,0.07564758347920586,0.154481954130797,False,299.31991697924394
2019-11-04 03:00:00,120.67353,86.03651,120.0,24.0,-380677.1869522286,-225791.76779556397,-0.12459258009727575,0.06634930189851915,0.14115785800909886,False,298.03664579183936
2019-11-04 04:00:00,120.61713,86.03847,120.0,24.0,-380710.98537886835,-225305.509148775,-0.12119406437657415,0.054880937746506986,0.13304104091613675,False,294.3626910352266
2019-11-04 05:00:00,120.56052,86.04005,120.0,24.0,-380781.5438122759,-224839.57378994918,-0.12359881914491125,0.04418589290230457,0.1312595186094723,False,289.67168845680544
2019-11-04 06:00:00,120.50183,86.04132,120.0,24.0,-380889.51263335434,-224377.456050434,-0.1294405879422952,0.03612593690600524,0.1343873101307699,False,285.59403557225653
2019-11-04 07:00:00,120.43973,86.04238,120.0,24.0,-381030.46978113137,-223904.55313529653,-0.13769482350420092,0.03240656800138515,0.14145688413605553,False,283.2435897285212
2019-11-04 08:00:00,120.3733,86.04341,120.0,24.0,-381190.62265401275,-223404.49471972193,-0.1469420384692475,0.03380221354502617,0.15077981400055301,False,282.95481786673224
2019-11-04 09:00:00,120.30253,86.04456,120.0,24.0,-381355.4469990037,-222868.7206200623,-0.15287357832264348,0.03844922992429742,0.15763462256414643,False,284.11764058121867
2019-11-04 10:00:00,120.23052,86.04589,120.0,24.0,-381506.9815387606,-222314.50741329443,-0.15188153111437958,0.04402588497686306,0.15813373467304256,False,286.1652831179906
2019-11-04 11:00:00,120.16063,86.0474,120.0,24.0,-381632.1479709719,-221764.29224946024,-0.14601572916591865,0.048520391119849814,0.15386624554553252,False,288.381422606162
2019-11-04 12:00:00,120.09405,86.04902,120.0,24.0,-381733.1362724803,-221229.9997904887,-0.13840758843780254,0.05007041541618564,0.14718596073375181,False,289.88812884492336
2019-11-04 13:00:00,120.03122,86.05063,120.0,24.0,-381819.9193473785,-220721.32126088647,-0.1305495657830222,0.04712534210563622,0.13879476573238955,False,289.8483976585302
2019-11-04 14:00:00,119.97194,86.05206,120.0,24.0,-381909.80612840055,-220246.41814780986,-0.12346110516274364,0.039529618123494446,0.12963500760595242,False,287.7539596690192
2019-11-04 15:00:00,119.9157,86.05318,120.0,24.0,-382017.4502891698,-219809.09052272464,-0.11788162974747603,0.02867852620592948,0.12131997567286769,False,283.6734254884252
2019-11-04 16:00:00,119.86161,86.05391,120.0,24.0,-382154.1247664575,-219407.77797758413,-0.11438795470915092,0.016277162864607488,0.11554025364981556,False,278.098697076367
2019-11-04 17:00:00,119.80862,86.05423,120.0,24.0,-382325.8873820105,-219036.49279892142,-0.1132553794004854,0.005271106021919873,0.11337797635273886,False,272.6647241526048
2019-11-04 18:00:00,119.75558,86.05425,120.0,24.0,-382526.55247162835,-218681.36330188336,-0.11441721367581928,-0.0020143656131994675,0.11443494420045708,False,268.991386678416
2019-11-04 19:00:00,119.7015,86.0541,120.0,24.0,-382747.3333073768,-218328.50507969465,-0.11683446961513327,-0.006044967889723862,0.11699074718556716,False,267.038180727164
2019-11-04 20:00:00,119.6462,86.05386,120.0,24.0,-382981.16103916016,-217972.2394953839,-0.11923286700927682,-0.0072853984343431225,0.11945523682785542,False,266.50344512538527
2019-11-04 21:00:00,119.58988,86.05363,120.0,24.0,-383217.56094705814,-217608.35257793273,-0.12021095031526408,-0.006046326239301715,0.12036291221423215,False,267.12058444919734
2019-11-04 22:00:00,119.53367,86.05347,120.0,24.0,-383446.4000990871,-217241.0961077202,-0.11863380731949633,-0.0029470081407899154,0.11867040530857415,False,268.57699577014546
2019-11-04 23:00:00,119.47883,86.05344,120.0,24.0,-383657.0694020947,-216875.63320700463,-0.1144691058355791,0.00030753479700988684,0.11446951894914374,False,270.15393152064325
2019-11-05 00:00:00,119.42652,86.05349,120.0,24.0,-383850.05188966566,-216522.52893020713,-0.10850811361537264,0.0010823292774731624,0.1085135114031036,False,270.571485772575
2019-11-05 01:00:00,119.37726,86.05351,120.0,24.0,-384034.11969618563,-216191.3390314146,-0.10392698678505752,-0.0027916835444330157,0.10396447508275977,False,268.4612925423984
2019-11-05 02:00:00,119.32924,86.05331,120.0,24.0,-384234.63921005756,-215880.3365577974,-0.10372068331420112,-0.011936448669067345,0.10440526305696508,False,263.4351312795226
2019-11-05 03:00:00,119.28018,86.05274,120.0,24.0,-384474.8436761702,-215582.37091595895,-0.10780563312028638,-0.021546704293339825,0.10993777784897425,False,258.69743798370695
2019-11-05 04:00:00,119.22835,86.05192,120.0,24.0,-384749.5797930401,-215279.17870372484,-0.11461325650522998,-0.02743689977220315,0.11785152538615512,False,256.5374920669965
2019-11-05 05:00:00,119.17294,86.05097,120.0,24.0,-385050.183659253,-214958.68130356795,-0.11979489528868215,-0.03348537928896351,0.12438684642417809,False,254.3831216997321
2019-11-05 06:00:00,119.11629,86.04976,120.0,24.0,-385380.5268916952,-214643.5854548755,-0.12002497452495607,-0.043254715036288825,0.12758120897133285,False,250.1818030827843
2019-11-05 07:00:00,119.0607,86.04818,120.0,24.0,-385742.7588063721,-214355.2432163492,-0.11876588810726504,-0.052400565147267396,0.1298120002374989,False,246.19250184563685
2019-11-05 08:00:00,119.00527,86.04638,120.0,24.0,-386125.67279824306,-214079.385601823,-0.12003788181336243,-0.05627477494910426,0.13257429375942797,False,244.88241888899373
2019-11-05 09:00:00,118.94854,86.04455,120.0,24.0,-386516.1950020175,-213795.8387514499,-0.12320750564545654,-0.055344188315785164,0.13506690426491716,False,245.81062502420502
2019-11-05 10:00:00,118.8902,86.04281,120.0,24.0,-386903.7377217889,-213496.00266377284,-0.12605586193764223,-0.05131399448249052,0.13609998662230274,False,247.85006666197035
2019-11-05 11:00:00,118.83086,86.04124,120.0,24.0,-387278.1675723495,-213179.68875372937,-0.12466775629230709,-0.045271428661156014,0.13263314710878352,False,250.04218630033927
2019-11-05 12:00:00,118.77386,86.03989,120.0,24.0,-387622.1384946119,-212866.83943347697,-0.1165305328116456,-0.03860793982574504,0.12275967617648054,False,251.66935744914764
2019-11-05 13:00:00,118.72215,86.03875,120.0,24.0,-387925.68730116443,-212578.07110801255,-0.10679891502805322,-0.035040410598046856,0.11240034975946048,False,251.83548844928805
2019-11-05 14:00:00,118.67426,86.03763,120.0,24.0,-388212.9173152058,-212313.74036503438,-0.1007290179406479,-0.03736393556181311,0.10743555619977349,False,249.64841126214685
2019-11-05 15:00:00,118.62824,86.03634,120.0,24.0,-388509.7112248365,-212070.84925610689,-0.09623431808619079,-0.04356545811059662,0.10563613547409,False,245.64364717930562
2019-11-05 16:00:00,118.58457,86.03482,120.0,24.0,-388820.22054360504,-211855.84846511934,-0.09063553436376565,-0.05069714386012785,0.10385085692944397,False,240.779456871071
2019-11-05 17:00:00,118.5438,86.03307,120.0,24.0,-389142.4675550665,-211672.46018535423,-0.08632590591462352,-0.05612174111227357,0.10296510019153815,False,236.9715124533592
2019-11-05 18:00:00,118.50418,86.0312,120.0,24.0,-389472.17626715044,-211502.92969085707,-0.08605482728004356,-0.05813558510913007,0.1038517190718528,False,235.9584367570814
2019-11-05 19:00:00,118.4637,86.02932,120.0,24.0,-389805.9897114593,-211327.725423451,-0.08883514317855958,-0.05611949746655475,0.10507654666696001,False,237.71832028872112
2019-11-05 20:00:00,118.42153,86.02758,120.0,24.0,-390132.2343006463,-211133.2095077406,-0.09267953929388947,-0.05038317765392299,0.10548915391752069,False,241.47026578617903
2019-11-05 21:00:00,118.37751,86.02607,120.0,24.0,-390442.62628752843,-210913.51847148602,-0.09557449641890767,-0.04185734040445917,0.10433849391026576,False,246.3487386254138
2019-11-05 22:00:00,118.33268,86.02488,120.0,24.0,-390724.44943425007,-210670.9990574943,-0.09586005250133242,-0.03085137319702244,0.10070231821413131,False,252.15987040798373
2019-11-05 23:00:00,118.28842,86.02408,120.0,24.0,-390965.7051556833,-210411.42714208542,-0.09317937666607864,-0.02077554238470724,0.0954673734699857,False,257.43075896835353
2019-11-06 00:00:00,118.2461,86.02354,120.0,24.0,-391174.111367339,-210151.11934882644,-0.08791899481185139,-0.014420020415556747,0.08909369583484246,False,260.6855727450575
2019-11-06 01:00:00,118.20674,86.02315,120.0,24.0,-391356.7475567786,-209902.9239308525,-0.08179312836662189,-0.01193923074578735,0.08265991216303004,False,261.69526477839497
2019-11-06 02:00:00,118.17012,86.02277,120.0,24.0,-391528.2167726871,-209672.7737496743,-0.07670938431156073,-0.01286878297616785,0.07778132948687896,False,260.47672619222345
2019-11-06 03:00:00,118.13549,86.02232,120.0,24.0,-391699.16724519496,-209459.77903511186,-0.07398382510816384,-0.01596839419763627,0.0756874889984235,False,257.82032897137276
2019-11-06 04:00:00,118.10141,86.02174,120.0,24.0,-391880.79477556417,-209257.25098488905,-0.07450110673182893,-0.020153168695846775,0.07717878667581284,False,254.86328305627464
2019-11-06 05:00:00,118.06631,86.02102,120.0,24.0,-392079.83082514734,-209054.95367234066,-0.07832739995711596,-0.02371778143852301,0.08183956708345637,False,253.153523623816
2019-11-06 06:00:00,118.02869,86.02021,120.0,24.0,-392296.81912188185,-208839.95819150092,-0.08486042456915951,-0.025112147590826986,0.08849808819788985,False,253.5153051281068
2019-11-06 07:00:00,117.98754,86.0194,120.0,24.0,-392526.546717735,-208600.58464895253,-0.09160033554318694,-0.023872353331462773,0.09465997425103516,False,255.3928229271185
2019-11-06 08:00:00,117.94368,86.01867,120.0,24.0,-392758.0989074168,-208338.22735185525,-0.09632525462992425,-0.019842356173145233,0.09834771872301716,False,258.3602683430521
2019-11-06 09:00:00,117.89816,86.01812,120.0,24.0,-392977.75094093813,-208054.85081124745,-0.09999124523182026,-0.012865920646045574,0.10081557933712607,False,262.668010962886
2019-11-06 10:00:00,117.85091,86.01784,120.0,24.0,-393176.8271380685,-207745.30486297703,-0.10338186216104835,-0.0034093717342214905,0.10343806475136756,False,268.11115957339405
2019-11-06 11:00:00,117.80225,86.0179,120.0,24.0,-393347.1945253248,-207408.19011421103,-0.10338124581317791,0.006044869278244727,0.10355782167695389,False,273.34636705068965
2019-11-06 12:00:00,117.755,86.01823,120.0,24.0,-393485.50667151663,-207066.58501176734,-0.0972522407598828,0.013018836129081925,0.09811976573032621,False,277.6246668969984
2019-11-06 13:00:00,117.71202,86.01874,120.0,24.0,-393590.3283447307,-206744.8840416356,-0.08776835408306898,0.0168947336777512,0.0893796173883795,False,280.89572756640655
2019-11-06 14:00:00,117.67356,86.01932,120.0,24.0,-393671.6834169483,-206450.57100451313,-0.0786840678544978,0.016740492007296996,0.0804451776477471,False,282.01092175305894
2019-11-06 15:00:00,117.639,86.01982,120.0,24.0,-393746.69791784254,-206187.18581508278,-0.07195182156534637,0.012400881015892578,0.07301264600424894,False,279.77884550108024
2019-11-06 16:00:00,117.60678,86.02012,120.0,24.0,-393832.9101136791,-205950.21409829,-0.06885475159351392,0.005115651555941635,0.06904452699415295,False,274.24905628959436
2019-11-06 17:00:00,117.57509,86.02015,120.0,24.0,-393943.7916220101,-205730.8055382168,-0.06965095797692183,-0.002324669027410759,0.06968974123348382,False,268.08840676980515
2019-11-06 18:00:00,117.54213,86.01997,120.0,24.0,-394079.8900725191,-205513.44166778185,-0.07395187165134118,-0.006819537711176982,0.07426564088009073,False,264.7313194937701
2019-11-06 19:00:00,117.50645,86.01971,120.0,24.0,-394233.5346341079,-205281.39863253862,-0.07976340899197945,-0.008059668844226757,0.08016956826564796,False,264.2301493864255
2019-11-06 20:00:00,117.4681,86.01945,120.0,24.0,-394396.59793083934,-205030.86515563392,-0.08488567663410591,-0.006509692209245986,0.08513491757374944,False,265.6146983687843
2019-11-06 21:00:00,117.42767,86.01929,120.0,24.0,-394557.0288813949,-204760.73999466078,-0.088055969934544,-0.0020147206846218013,0.08807901532459567,False,268.6893011871384
2019-11-06 22:00:00,117.38638,86.01932,120.0,24.0,-394701.5131800798,-204474.81039428504,-0.08842100538785808,0.004805508649314311,0.08855149409907358,False,273.11085307506437
2019-11-06 23:00:00,117.34561,86.0196,120.0,24.0,-394819.15017703566,-204179.5439027884,-0.08564628390752155,0.012090758463290243,0.08649550501260403,False,278.0353948129939
2019-11-07 00:00:00,117.30689,86.0201,120.0,24.0,-394907.45163633587,-203887.0784138748,-0.07979761950635597,0.017671004340131892,0.0817308049224411,False,282.4865156939542
2019-11-07 01:00:00,117.27154,86.02074,120.0,24.0,-394969.67255072965,-203610.6587652502,-0.07218169619143688,0.019531383810786614,0.0747774847038676,False,285.1408847393607
2019-11-07 02:00:00,117.23988,86.02136,120.0,24.0,-395020.59147415124,-203360.70244091132,-0.0645032160452263,0.01674125127557441,0.06664033594189829,False,284.5495982848929
2019-11-07 03:00:00,117.21165,86.02182,120.0,24.0,-395075.0776561195,-203142.56924205064,-0.058820640394486125,0.010851119717364627,0.05981316356403523,False,280.45230208305384
2019-11-07 04:00:00,117.18526,86.02206,120.0,24.0,-395144.77185330505,-202948.3400142094,-0.056846375960017376,0.0038757424968616713,0.05697834535759722,False,273.9003464934149
2019-11-07 05:00:00,117.15886,86.02207,120.0,24.0,-395237.2486424396,-202765.73933112866,-0.058418607494544444,-0.0035649393117393006,0.058527279912003675,False,266.5079106583117
2019-11-07 06:00:00,117.13101,86.02183,120.0,24.0,-395359.6025335071,-202585.81730081394,-0.06289134115259906,-0.011005611680932482,0.06384703814934627,False,260.0740842279759
2019-11-07 07:00:00,117.10046,86.02136,120.0,24.0,-395514.26683518087,-202398.88269375026,-0.06955408672897279,-0.016431010566319657,0.07146851816661638,False,256.7084875439208
2019-11-07 08:00:00,117.06643,86.02077,120.0,24.0,-395693.0528431009,-202193.90327478014,-0.07712485726870955,-0.01798103115094164,0.07919318840638981,False,256.8763833737016
2019-11-07 09:00:00,117.02886,86.0202,120.0,24.0,-395882.225309636,-201963.30917758943,-0.08229489933565041,-0.015967130263008413,0.08382958729172364,False,259.0197101456441
2019-11-07 10:00:00,116.99004,86.01974,120.0,24.0,-396064.72545405704,-201718.3405859596,-0.0822065098345189,-0.01162816449062034,0.08302484247858455,False,261.9488873679719
2019-11-07 11:00:00,116.95256,86.01945,120.0,24.0,-396225.4487989924,-201473.8837912373,-0.07798909975071416,-0.006978077272070452,0.078300659271438,False,264.8870735552231
2019-11-07 12:00:00,116.91766,86.01929,120.0,24.0,-396364.02150451374,-201240.582735303,-0.07153817589528408,-0.0035678040957095834,0.07162708870594955,False,267.1448686975454
2019-11-07 13:00:00,116.88617,86.01922,120.0,24.0,-396481.5331968771,-201026.24243670932,-0.06368458813416182,-0.0018625086392864074,0.06371181761847045,False,268.3248148684245
2019-11-07 14:00:00,116.85856,86.01917,120.0,24.0,-396583.3377698986,-200837.68190253404,-0.05524834264005514,-0.0023273448299141394,0.055297340789863154,False,267.5878327259023
2019-11-07 15:00:00,116.8349,86.01907,120.0,24.0,-396676.19892893045,-200678.9365310026,-0.04787915426764303,-0.004962146942286222,0.04813560341017448,False,264.0830479747643
2019-11-07 16:00:00,116.81413,86.01885,120.0,24.0,-396770.8361465021,-200546.20373632782,-0.04321571605074679,-0.009612362562574785,0.04427183786351277,False,257.45998612664073
2019-11-07 17:00:00,116.7948,86.01845,120.0,24.0,-396878.3266706227,-200432.46026564582,-0.042002292862350764,-0.015192760414402066,0.04466556363356567,False,250.11430204465267
2019-11-07 18:00:00,116.77516,86.01787,120.0,24.0,-397004.8070010013,-200325.57035010177,-0.04452010328381083,-0.01999799460026409,0.04880532127169511,False,245.81085055186554
2019-11-07 19:00:00,116.7535,86.01716,120.0,24.0,-397151.2766442508,-200211.14807351568,-0.0501883914376119,-0.023408003572407958,0.05537877992824344,False,244.99552511165518
2019-11-07 20:00:00,116.72861,86.01636,120.0,24.0,-397317.9685896077,-200078.7643295337,-0.057757377188077844,-0.024957798735180937,0.06291904590306256,False,246.63012835183963
2019-11-07 21:00:00,116.69994,86.01555,120.0,24.0,-397498.8078991826,-199920.55119229734,-0.0640990523262234,-0.023563265489794483,0.0682928692446178,False,249.8162148636782
2019-11-07 22:00:00,116.66918,86.01484,120.0,24.0,-397676.90025596716,-199742.69073076625,-0.06626669104106298,-0.018913607090043975,0.0689129804513508,False,254.07037946312587
2019-11-07 23:00:00,116.63851,86.01433,120.0,24.0,-397834.64814449404,-199555.3123234827,-0.06407437618347943,-0.013333594171661075,0.06544700464373134,False,258.2447675602841
2019-11-08 00:00:00,116.60979,86.01398,120.0,24.0,-397969.5562060697,-199373.36796288105,-0.058350976959926706,-0.00914842777050616,0.05906378114250785,False,261.0895453190037
2019-11-08 01:00:00,116.58443,86.01374,120.0,24.0,-398081.71974614885,-199209.18946748346,-0.051158196477053226,-0.007907961157136306,0.05176578905462137,False,261.21284784569
2019-11-08 02:00:00,116.56238,86.01347,120.0,24.0,-398185.3115128707,-199069.45163272446,-0.04470901998680947,-0.010543018739170098,0.04593529919697291,False,256.73125173090966
2019-11-08 03:00:00,116.543,86.01306,120.0,24.0,-398293.5639038496,-198955.2069215979,-0.04058062732735268,-0.01643349029610374,0.043781810350802294,False,247.95407063065275
2019-11-08 04:00:00,116.52478,86.01241,120.0,24.0,-398421.7280173921,-198860.94124785613,-0.039842935287004395,-0.024649450423571445,0.04685141298262547,False,238.2563497885573
2019-11-08 05:00:00,116.50609,86.01147,120.0,24.0,-398580.4704511481,-198777.7913668857,-0.042357811228088904,-0.03395066027086008,0.054284726257592675,False,231.2871051222779
2019-11-08 06:00:00,116.48555,86.01022,120.0,24.0,-398776.5871740142,-198697.11596234288,-0.04737198727987679,-0.042941857057038894,0.0639383161050709,False,227.8082568781135
2019-11-08 07:00:00,116.46223,86.0087,120.0,24.0,-399009.3136758235,-198610.39656058128,-0.05295413697639277,-0.05069333037070641,0.07330725998827234,False,226.24956395451295
2019-11-08 08:00:00,116.43654,86.00695,120.0,24.0,-399273.23510221747,-198518.4357177828,-0.05741912017505215,-0.056429587686148766,0.08050623409467017,False,225.49798200383964
2019-11-08 09:00:00,116.40911,86.00506,120.0,24.0,-399557.1759969596,-198421.09502771808,-0.06120877130849679,-0.05890995359501745,0.08495231790635832,False,226.09638589830814
2019-11-08 10:00:00,116.37994,86.00315,120.0,24.0,-399849.1376335693,-198312.37703805734,-0.0649592583047252,-0.058444796464541655,0.08738134511027917,False,228.0218215204729
2019-11-08 11:00:00,116.34907,86.00129,120.0,24.0,-400141.9714089598,-198189.063523826,-0.06764116995265843,-0.05736008159543665,0.08868769268167692,False,229.70187337194983
2019-11-08 12:00:00,116.31745,85.99945,120.0,24.0,-400435.37982320436,-198059.2605247182,-0.06806215665783853,-0.05782580546979954,0.08931002713663933,False,229.64867491441058
2019-11-08 13:00:00,116.28622,85.99756,120.0,24.0,-400732.42329997884,-197934.39321010216,-0.06594885116026156,-0.06015187674571715,0.08926084945478774,False,227.6320901882712
2019-11-08 14:00:00,116.25658,85.99557,120.0,24.0,-401033.97029458906,-197825.3276102994,-0.06161300342902137,-0.06402793854811936,0.08885797154035392,False,223.89885771089027
2019-11-08 15:00:00,116.22938,85.99343,120.0,24.0,-401342.1102329631,-197740.49385730005,-0.05685247297366095,-0.06914349009687207,0.08951550651142569,False,219.42837515652232
2019-11-08 16:00:00,116.20416,85.99111,120.0,24.0,-401661.4558176793,-197678.1638196474,-0.053565395968941845,-0.07534407708660266,0.09244447845783682,False,215.41068376915695
2019-11-08 17:00:00,116.18002,85.98857,120.0,24.0,-401999.13625171484,-197634.00208912318,-0.05265597382183763,-0.08340485714542882,0.0986358037153621,False,212.26543959807245
2019-11-08 18:00:00,116.15567,85.98573,120.0,24.0,-402367.63171964587,-197602.87713904795,-0.054172379389389874,-0.0937911826804857,0.10831173822495986,False,210.01008539479108
2019-11-08 19:00:00,116.13017,85.98252,120.0,24.0,-402777.2168180152,-197581.5797631164,-0.055703498760058937,-0.10216300673782347,0.11636219196897442,False,208.60104587692575
2019-11-08 20:00:00,116.10445,85.97914,120.0,24.0,-403204.66056240676,-197566.75794384562,-0.05477905705369954,-0.10433391625406778,0.1178401933662844,False,207.7010876019212
2019-11-08 21:00:00,116.07984,85.97579,120.0,24.0,-403625.3368013864,-197557.93943752142,-0.051523057582457434,-0.10278386353848112,0.11497455399584003,False,206.62349709210082
2019-11-08 22:00:00,116.05715,85.97251,120.0,24.0,-404032.4400857734,-197558.90323414834,-0.04628759556221435,-0.10061369197270643,0.1107504244475378,False,204.70491993603937
2019-11-08 23:00:00,116.03738,85.9693,120.0,24.0,-404422.5177906,-197576.75709385864,-0.037779140906509086,-0.09627327769923692,0.10342053706391327,False,201.42581946288794
2019-11-09 00:00:00,116.02252,85.9663,120.0,24.0,-404774.65735132265,-197618.77134607243,-0.0253041887417498,-0.08852167714104621,0.09206730848537781,False,195.9527446017844
2019-11-09 01:00:00,116.0142,85.96359,120.0,24.0,-405075.19104017556,-197692.66071835932,-0.012047455632627952,-0.08123449556427258,0.08212298373051213,False,188.4357446586473
2019-11-09 02:00:00,116.01149,85.96106,120.0,24.0,-405338.33234413393,-197797.34632953824,-0.0014403713957208894,-0.07828838534477703,0.07830163439960822,False,181.0540247024881
2019-11-09 03:00:00,116.01288,85.95854,120.0,24.0,-405586.31851992226,-197930.54158240187,0.006215942500041285,-0.0790632412154475,0.07930721311870602,False,175.50465952739467
2019-11-09 04:00:00,116.01717,85.95596,120.0,24.0,-405830.29129239946,-198087.22737843788,0.011090503658325493,-0.08169862405326148,0.08244794990532807,False,172.26941197055396
2019-11-09 05:00:00,116.02301,85.95327,120.0,24.0,-406079.91277215094,-198260.32278096024,0.011873772300879465,-0.08355910122730563,0.08439851815386477,False,171.91239947138934
2019-11-09 06:00:00,116.02801,85.95057,120.0,24.0,-406333.4150624464,-198428.00367969234,0.007758573346649041,-0.08231893143428634,0.08268374648537685,False,174.6157682844265
2019-11-09 07:00:00,116.03009,85.94796,120.0,24.0,-406587.98489007587,-198570.60034570936,0.0017092854202939017,-0.07844305870601374,0.0784616792823296,False,178.75171434619688
2019-11-09 08:00:00,116.02957,85.94551,120.0,24.0,-406835.5140982664,-198686.91638048523,-0.0028874206729806173,-0.07286199443021503,0.0729191842418128,False,182.26936551405976
2019-11-09 09:00:00,116.02746,85.94326,120.0,24.0,-407068.5023409035,-198782.1352427046,-0.004787828614612261,-0.06712603045224289,0.0672965620750298,False,184.07976742305203
2019-11-09 10:00:00,116.02521,85.94118,120.0,24.0,-407284.9328761992,-198868.0162633366,-0.003284213646969323,-0.06232024586698836,0.062406723229158724,False,183.0166388535626
2019-11-09 11:00:00,116.02447,85.93924,120.0,24.0,-407482.0850521065,-198957.76371008894,0.002420091295725544,-0.057824351505488154,0.0578749727335564,False,177.6034293891708
2019-11-09 12:00:00,116.02741,85.93745,120.0,24.0,-407651.4094572794,-199066.34337169054,0.01242894126164018,-0.053328076035407276,0.054757303389808026,False,166.88052524408806
2019-11-09 13:00:00,116.03577,85.9358,120.0,24.0,-407787.8397862828,-199206.65955746302,0.023655005992214612,-0.04976206936253347,0.05509830174999318,False,154.57535279428606
2019-11-09 14:00:00,116.04891,85.93424,120.0,24.0,-407898.5802792144,-199376.63942649175,0.032732428517337174,-0.04836681511423166,0.05840171813343214,False,145.91167159656703
2019-11-09 15:00:00,116.06551,85.93268,120.0,24.0,-407997.21311767306,-199571.3191820478,0.03837024029733058,-0.0482122002255263,0.06161729944634972,False,141.48506382492724
2019-11-09 16:00:00,116.08376,85.93113,120.0,24.0,-408089.01177569607,-199777.33424456202,0.04005830040909252,-0.04805774800902125,0.06256368415753413,False,140.18726896847306
2019-11-09 17:00:00,116.10188,85.92958,120.0,24.0,-408181.17423737777,-199982.50185437707,0.038486057454784846,-0.04681792025699927,0.06060605807676113,False,140.57853404550087
2019-11-09 18:00:00,116.11869,85.92811,120.0,24.0,-408269.80701120046,-200174.48193757585,0.034762961578169826,-0.04356257041250339,0.055732943925739534,False,141.41010842922964
2019-11-09 19:00:00,116.13342,85.92677,120.0,24.0,-408352.608863543,-200345.31524607333,0.03059577135099715,-0.03922168735454175,0.04974376326234192,False,142.0431759864693
2019-11-09 20:00:00,116.14644,85.92558,120.0,24.0,-408426.3046542645,-200496.6364969725,0.027660211326056845,-0.034260661053040056,0.04403271722700541,False,141.08446293750427
2019-11-09 21:00:00,116.1585,85.92456,120.0,24.0,-408486.2829962983,-200632.79181050035,0.026828964360885763,-0.028524463940113993,0.039159141611487626,False,136.7544460911534
2019-11-09 22:00:00,116.17076,85.92374,120.0,24.0,-408525.48626267165,-200760.56158813514,0.02845638648992531,-0.02170311084950894,0.03578813983165479,False,127.33203384383393
2019-11-09 23:00:00,116.18429,85.92316,120.0,24.0,-408536.161399851,-200885.59281493336,0.03164977771404419,-0.014881898893796328,0.03497398095775751,False,115.1831667184398
2019-11-10 00:00:00,116.19944,85.92278,120.0,24.0,-408521.0865897079,-201012.33581253572,0.035394278656428996,-0.009610967228422786,0.03667595469343316,False,105.19179063652251
2019-11-10 01:00:00,116.21636,85.92254,120.0,24.0,-408485.7404584622,-201144.80130727906,0.039667797909071725,-0.005580151582884144,0.040058360958018735,False,98.00737393387493
2019-11-10 02:00:00,116.23538,85.92242,120.0,24.0,-408430.95991970267,-201286.31280880727,0.0443930728949994,-0.0021694969946504696,0.04444605312365236,False,92.7978285249855
2019-11-10 03:00:00,116.25658,85.9224,120.0,24.0,-408358.4560759151,-201438.4100586601,0.048102359376027706,-0.00030955345291378347,0.04810335540147622,False,90.36871084465793
2019-11-10 04:00:00,116.27896,85.9224,120.0,24.0,-408279.7421388493,-201597.901414426,0.04933888217220562,-0.00046509898991555637,0.04934107427968315,False,90.54008965578925
2019-11-10 05:00:00,116.30128,85.92237,120.0,24.0,-408204.1790651634,-201758.41824772966,0.047826757977332775,-0.0006206443018490042,0.04783078483541517,False,90.74348136179248
2019-11-10 06:00:00,116.32229,85.92236,120.0,24.0,-408131.16853027086,-201908.5855051871,0.043775598139825664,0.0012392935810942377,0.04379313691755421,False,88.37838123894011
2019-11-10 07:00:00,116.34094,85.92245,120.0,24.0,-408056.42233238067,-202036.96575434017,0.03816737346816311,0.005424948072729557,0.038550985189098004,False,81.91040810707199
2019-11-10 08:00:00,116.35687,85.92271,120.0,24.0,-407974.2302605859,-202137.5262635187,0.03228236544540211,0.011316047201839876,0.03420824524913198,False,70.68273215454542
2019-11-10 09:00:00,116.37019,85.92318,120.0,24.0,-407880.22532992315,-202209.06454549046,0.027687797812180844,0.018447534371191402,0.033270492513103773,False,56.32569069183717
2019-11-10 10:00:00,116.38196,85.9239,120.0,24.0,-407766.68303939974,-202257.13887914817,0.02582899395840485,0.02666418178577363,0.03712297831812658,False,44.088477698050156
2019-11-10 11:00:00,116.3936,85.9249,120.0,24.0,-407625.60202884214,-202290.35712241085,0.02765322946469019,0.03503597666393474,0.04463430027033682,False,38.28336022563008
2019-11-10 12:00:00,116.40703,85.92616,120.0,24.0,-407452.21074151335,-202323.34989101728,0.033356416730094304,0.04185762767553719,0.05352300002518181,False,38.55140267346701
2019-11-10 13:00:00,116.42385,85.9276,120.0,24.0,-407248.86067779595,-202371.4286970532,0.04062059840142449,0.04573341413455891,0.06116844106966339,False,41.61160883250653
2019-11-10 14:00:00,116.44388,85.92911,120.0,24.0,-407027.18048795953,-202438.73055042405,0.04683242415502112,0.04635339400711335,0.06589319455159613,False,45.29453155551499
2019-11-10 15:00:00,116.46635,85.93059,120.0,24.0,-406799.87626025506,-202524.71851177845,0.05068264230912545,0.04495766892804241,0.06774896476609973,False,48.4256044406884
2019-11-10 16:00:00,116.48989,85.93201,120.0,24.0,-406574.77728142194,-202621.13917674383,0.05140307657231072,0.04371683872530006,0.06747916915043288,False,49.619791850704814
2019-11-10 17:00:00,116.51303,85.93341,120.0,24.0,-406353.0805104797,-202715.56870921009,0.04894152064142132,0.04480143723491036,0.06635089465115207,False,47.52877941821174
2019-11-10 18:00:00,116.53435,85.9349,120.0,24.0,-406128.8283031039,-202792.4636105943,0.04364160528933468,0.0497619052321063,0.06618789107200208,False,41.25103199107974
2019-11-10 19:00:00,116.55269,85.93662,120.0,24.0,-405892.1615680605,-202836.63197650592,0.036715905158751436,0.05782332012704044,0.06849521181907996,False,32.41420343474795
2019-11-10 20:00:00,116.56773,85.93863,120.0,24.0,-405638.2412247987,-202842.8278215436,0.029716741639313756,0.06821031881070634,0.07440250214822028,False,23.54099605096667
2019-11-10 21:00:00,116.57972,85.94102,120.0,24.0,-405357.2108479335,-202808.34609997625,0.024864205498764853,0.0798377748220796,0.08361996773274846,False,17.298369575153345
2019-11-10 22:00:00,116.59036,85.94378,120.0,24.0,-405044.0595160583,-202745.7254150529,0.024055438642925513,0.0908450849704447,0.09397602668548438,False,14.831318985437122
2019-11-10 23:00:00,116.60163,85.94688,120.0,24.0,-404694.7836139243,-202670.4519832381,0.027206376215526858,0.10061219960445383,0.104225724348777,False,15.131378465183445
2019-11-11 00:00:00,116.61516,85.95027,120.0,24.0,-404308.62172854145,-202596.49651548194,0.03357337990907337,0.10836411248840778,0.11344581399910385,False,17.21403178295793
2019-11-11 01:00:00,116.63226,85.95387,120.0,24.0,-403888.94437101175,-202537.0298588669,0.041571418754667286,0.11425554686408913,0.1215833576049287,False,19.99371211742266
2019-11-11 02:00:00,116.65312,85.95764,120.0,24.0,-403439.0909259265,-202495.2954815654,0.049225505606219265,0.11921656699548216,0.12897961175463435,False,22.436134881315127
2019-11-11 03:00:00,116.67725,85.96156,120.0,24.0,-402962.8052885701,-202468.74241895298,0.05387983915339928,0.12572691221981508,0.13678557498334853,False,23.19738805580556
2019-11-11 04:00:00,116.70241,85.96575,120.0,24.0,-402456.0506698759,-202435.51696332064,0.05366202004810135,0.1356477574992853,0.14587640834016904,False,21.583666441172966
2019-11-11 05:00:00,116.72639,85.97031,120.0,24.0,-401916.6838572881,-202375.03360772022,0.050711120974260095,0.1477399634886452,0.1562008790055045,False,18.944567780351974
2019-11-11 06:00:00,116.7489,85.97528,120.0,24.0,-401341.7613800038,-202283.23845712628,0.04777207126789419,0.1610727056049252,0.16800770007388252,False,16.519672253438785
2019-11-11 07:00:00,116.77024,85.9807,120.0,24.0,-400726.2557141265,-202160.21479854043,0.04598740669448246,0.17611097988955293,0.18201625974660132,False,14.634706025086587
2019-11-11 08:00:00,116.79117,85.98664,120.0,24.0,-400060.53037390084,-202007.73509921247,0.046037172695499146,0.19300972222352936,0.19842422771072885,False,13.41566565847063
2019-11-11 09:00:00,116.81262,85.99315,120.0,24.0,-399336.3537142066,-201829.72132179546,0.04854203724543122,0.20866854339309093,0.2142402632133631,False,13.095662037351076
2019-11-11 10:00:00,116.83593,86.0001,120.0,24.0,-398561.9950048804,-201641.96163764948,0.053870047897169426,0.21921162995717391,0.22573373865889937,False,13.806533874316358
2019-11-11 11:00:00,116.86238,86.00729,120.0,24.0,-397752.9144792943,-201463.29976947975,0.06145684277300411,0.22448376786754023,0.2327442922170884,False,15.310693123581359
2019-11-11 12:00:00,116.8928,86.01458,120.0,24.0,-396920.1795110209,-201306.3878181489,0.07048252081255521,0.22526007520686792,0.23602942024734136,False,17.374587259819236
2019-11-11 13:00:00,116.92772,86.02182,120.0,24.0,-396076.8983071647,-201182.28314298968,0.0799513572909652,0.22138516578808445,0.23537971697596463,False,19.85675154825634
2019-11-11 14:00:00,116.96705,86.02886,120.0,24.0,-395238.33495152,-201097.76835500423,0.08886436762463606,0.21254899158053753,0.23037784106816758,False,22.68926192419883
2019-11-11 15:00:00,117.01039,86.03553,120.0,24.0,-394422.79883818683,-201058.55563249107,0.09605992214584327,0.19921611092965724,0.22116637967060673,False,25.74287791057145
2019-11-11 16:00:00,117.05656,86.04171,120.0,24.0,-393646.3266572806,-201062.5437883379,0.10060700355873772,0.18293729503176226,0.2087769697035712,False,28.808747699608716
2019-11-11 17:00:00,117.10428,86.04733,120.0,24.0,-392920.3075137395,-201104.51831687137,0.102797579219312,0.16665860609861174,0.19581223986279037,False,31.666920779143595
2019-11-11 18:00:00,117.15263,86.05246,120.0,24.0,-392240.9463959719,-201174.69574937035,0.1032725231105524,0.15363566421633226,0.18511923549111037,False,33.90864225634073
2019-11-11 19:00:00,117.20092,86.05724,120.0,24.0,-391596.70423050947,-201261.31792702756,0.10282572879596574,0.1449539957429163,0.17772110562411794,False,35.35067056509956
2019-11-11 20:00:00,117.24897,86.06181,120.0,24.0,-390974.27711351303,-201356.0917643074,0.10227772388545053,0.1412335324108041,0.1743778755473931,False,35.91109786165413
2019-11-11 21:00:00,117.29686,86.06635,120.0,24.0,-390355.50443103263,-201450.40863490014,0.10250994009639858,0.1409242584768046,0.17426397919766567,False,36.03257716838465
2019-11-11 22:00:00,117.34524,86.0709,120.0,24.0,-389734.1317418376,-201546.65193533615,0.10436793961894755,0.1420104981611496,0.1762374773091188,False,36.31332538020587
2019-11-11 23:00:00,117.39499,86.07551,120.0,24.0,-389102.10660636076,-201648.21173546521,0.10851506954409368,0.14325222351552303,0.17971288173166902,False,37.14431258393461
2019-11-12 00:00:00,117.44739,86.08014,120.0,24.0,-388458.8858908926,-201765.76372690735,0.114647514582046,0.14309813949897215,0.1833606558886277,False,38.701045434426646
2019-11-12 01:00:00,117.50304,86.08474,120.0,24.0,-387807.2935284432,-201905.85194794068,0.1187463514065039,0.1407703710496822,0.18416566818444233,False,40.14918746280631
2019-11-12 02:00:00,117.55943,86.08922,120.0,24.0,-387165.0606745668,-202056.06227019022,0.11725981483104003,0.1359617226477845,0.17954234653574871,False,40.77603690374059
2019-11-12 03:00:00,117.6138,86.09351,120.0,24.0,-386548.82892731164,-202201.40700779267,0.11199122184998361,0.13162028408079404,0.17281762917295554,False,40.3933294524864
2019-11-12 04:00:00,117.66533,86.09771,120.0,24.0,-385951.5966646905,-202331.29864318,0.10503632130217248,0.12975951872531188,0.16694358775501913,False,38.9891004584851
2019-11-12 05:00:00,117.71323,86.10188,120.0,24.0,-385370.2339711121,-202437.42205179023,0.09421658525832674,0.12929256883001056,0.15997916518222793,False,36.08113906632417
2019-11-12 06:00:00,117.75461,86.10605,120.0,24.0,-384812.00927290873,-202498.926130097,0.07773814000246017,0.1294470299538846,0.15099586741008508,False,30.98650761940644
2019-11-12 07:00:00,117.78697,86.11023,120.0,24.0,-384284.79283459956,-202498.71382567866,0.0599944177552226,0.13192982147315446,0.14493035553577646,False,24.45342624909125
2019-11-12 08:00:00,117.81158,86.11456,120.0,24.0,-383770.2763702898,-202438.24825912263,0.046282964889241204,0.13859843154399404,0.1461219971988952,False,18.46600520398357
2019-11-12 09:00:00,117.83097,86.11917,120.0,24.0,-383246.6788387551,-202327.8681381653,0.03925865249115096,0.14774729363009947,0.1528741461805749,False,14.88049154694528
2019-11-12 10:00:00,117.84895,86.12409,120.0,24.0,-382697.57962444454,-202191.57307110284,0.03997035864277564,0.15643069306085677,0.16145646875096734,False,14.3332439095675
2019-11-12 11:00:00,117.86907,86.12926,120.0,24.0,-382116.38629352377,-202056.1811873085,0.04570015519610099,0.1609275561734054,0.16729071259604422,False,15.853468837879234
2019-11-12 12:00:00,117.89257,86.13447,120.0,24.0,-381519.4757917416,-201940.8240705988,0.053183844170513625,0.15922285728134988,0.1678703057767829,False,18.47042327975032
2019-11-12 13:00:00,117.9199,86.13953,120.0,24.0,-380924.0262596256,-201858.31371541062,0.06074420851817104,0.153641895513155,0.16521407605096572,False,21.571972776487314
2019-11-12 14:00:00,117.9507,86.14438,120.0,24.0,-380337.2277406899,-201809.30158827832,0.06692124693595453,0.14728530039412943,0.161775810934923,False,24.435372900264156
2019-11-12 15:00:00,117.98402,86.14903,120.0,24.0,-379761.43204498827,-201786.8942348674,0.0694087418011935,0.14046243012652396,0.1566756768470249,False,26.29602816530496
2019-11-12 16:00:00,118.01728,86.15344,120.0,24.0,-379209.6523847378,-201776.0724591944,0.06656289816680042,0.13208920621292775,0.14791273714702596,False,26.744623678702737
2019-11-12 17:00:00,118.04794,86.15755,120.0,24.0,-378696.72304186015,-201763.24098254976,0.06020917644626296,0.12402720070850017,0.13786910982494885,False,25.89431899181551
2019-11-12 18:00:00,118.07516,86.16144,120.0,24.0,-378217.6959451188,-201738.7694519244,0.05251071108026326,0.1178259152852546,0.12899736854278415,False,24.020788725528803
2019-11-12 19:00:00,118.09847,86.16515,120.0,24.0,-377770.2663510248,-201697.57329367683,0.04359443951759905,0.11395017315480542,0.12200457827009502,False,20.93558012551415
2019-11-12 20:00:00,118.11715,86.16879,120.0,24.0,-377346.118561622,-201629.23710045338,0.03398004646762699,0.11317552185463235,0.11816658709216601,False,16.71196476730222
2019-11-12 21:00:00,118.13123,86.17245,120.0,24.0,-376936.2674196923,-201529.33106464974,0.0278513975626163,0.11643248715939827,0.11971726864706843,False,13.45273272243844
2019-11-12 22:00:00,118.14403,86.1763,120.0,24.0,-376512.2862277509,-201410.81971898972,0.029050792801660584,0.12372031561896664,0.12708526688511826,False,13.214245473059236
2019-11-12 23:00:00,118.1593,86.18043,120.0,24.0,-376052.1422806521,-201293.59134549063,0.03619322711104958,0.12976771529120512,0.13472048701148348,False,15.58420068073059
2019-11-13 00:00:00,118.17904,86.18467,120.0,24.0,-375565.56729122734,-201199.63492322963,0.04669820868698164,0.12883858025148867,0.1370405139212203,False,19.923310057645324
2019-11-13 01:00:00,118.20452,86.18874,120.0,24.0,-375075.6756352346,-201151.91071274405,0.05829837434746922,0.12124236925637422,0.13453034064647518,False,25.680183384713416
2019-11-13 02:00:00,118.23555,86.19249,120.0,24.0,-374597.88878209493,-201156.97335051713,0.06798489559806742,0.10914903358353024,0.1285902700895318,False,31.917251525737527
2019-11-13 03:00:00,118.27048,86.19578,120.0,24.0,-374151.73648102395,-201211.3628726285,0.06948758063309478,0.09379660795007412,0.11673186165388076,False,36.5322519559997
2019-11-13 04:00:00,118.30302,86.19854,120.0,24.0,-373766.1418671344,-201277.74540175026,0.05860382060043973,0.07782504055657123,0.09742250626318583,False,36.98048251482436
2019-11-13 05:00:00,118.32742,86.2008,120.0,24.0,-373458.32362607727,-201317.19082367007,0.042839965754909184,0.06712894546120853,0.0796338997200043,False,32.544971392652144
2019-11-13 06:00:00,118.34467,86.20287,120.0,24.0,-373194.3304617082,-201319.9127178487,0.02972918966397322,0.06588991173276851,0.07228627246046457,False,24.28465172756961
2019-11-13 07:00:00,118.35634,86.20505,120.0,24.0,-372939.1685970857,-201280.34144474936,0.015054947767945904,0.06837088125613779,0.07000877699286334,False,12.418092214918943
2019-11-13 08:00:00,118.35932,86.20728,120.0,24.0,-372709.64435687807,-201181.49637603338,-0.004798596648826384,0.06837251564827186,0.06854069904714503,False,355.98538620082286
2019-11-13 09:00:00,118.35166,86.20946,120.0,24.0,-372522.3783926931,-201016.10424207046,-0.019062649602500942,0.06961297026105011,0.07217582863004468,False,344.6856845073712
2019-11-13 10:00:00,118.34074,86.21177,120.0,24.0,-372333.72979765385,-200822.6914700975,-0.018019777473611595,0.07596840453242269,0.07807631438150946,False,346.6560022507664
2019-11-13 11:00:00,118.33409,86.21436,120.0,24.0,-372102.55654008035,-200642.25717248878,-0.010680093389234362,0.0815502729776779,0.08224664988640297,False,352.5388184447909
2019-11-13 12:00:00,118.33032,86.21703,120.0,24.0,-371853.4087820575,-200476.33328286698,-0.00733261971647748,0.0806203472276785,0.08095312037851242,False,354.80310603280685
2019-11-13 13:00:00,118.32693,86.21956,120.0,24.0,-371616.66864819534,-200320.3229996574,-0.004484053889270829,0.07503892556817227,0.0751727815748997,False,356.58027867117244
2019-11-13 14:00:00,118.32594,86.22187,120.0,24.0,-371393.14407410513,-200191.55003942744,0.002666733519575498,0.0677523278149016,0.06780478885744219,False,2.253999991687067
2019-11-13 15:00:00,118.32954,86.22393,120.0,24.0,-371178.1514114301,-200105.7618588579,0.010271794633946674,0.06015558388784126,0.06102625695460178,False,9.690016607597158
2019-11-13 16:00:00,118.33599,86.22575,120.0,24.0,-370976.80178723956,-200051.11557965452,0.013772402727811462,0.05426392823413063,0.05598439947249508,False,14.241192205249718
2019-11-13 17:00:00,118.34302,86.22743,120.0,24.0,-370787.1990402208,-200007.5991462235,0.014674995728243176,0.052558491445690046,0.054568768747981014,False,15.600405774963292
2019-11-13 18:00:00,118.35036,86.22914,120.0,24.0,-370593.5833601808,-199964.45402960005,0.01554562584300067,0.05689966952220663,0.05898507332017907,False,15.280921886349063
2019-11-13 19:00:00,118.35825,86.2311,120.0,24.0,-370373.50743932574,-199911.5626812352,0.017046684724260314,0.06806264015130525,0.07016489467286616,False,14.060821420368825
2019-11-13 20:00:00,118.36707,86.23353,120.0,24.0,-370104.043376085,-199839.69524998107,0.019104607175197918,0.0854272168861717,0.08753739429658415,False,12.6059800257446
2019-11-13 21:00:00,118.37699,86.23661,120.0,24.0,-369766.9346350661,-199740.36470612805,0.020495807099696433,0.10279165729003312,0.10481508916706403,False,11.276418076033565
2019-11-13 22:00:00,118.38719,86.24016,120.0,24.0,-369382.73857463343,-199617.78503699988,0.02058956075084975,0.11333442559141059,0.11518950488672097,False,10.296674560199904
2019-11-13 23:00:00,118.39722,86.24392,120.0,24.0,-368978.5680501,-199482.83122469767,0.022478740125354134,0.11705595792597412,0.11919476097375517,False,10.870411820017864
2019-11-14 00:00:00,118.4093,86.24771,120.0,24.0,-368564.37735050626,-199359.33570241995,0.02891471275989216,0.1150412472333568,0.11861934571979985,False,14.108595832122717
2019-11-14 01:00:00,118.42569,86.25134,120.0,24.0,-368150.9737559982,-199271.8692522734,0.03741188098301043,0.1086849465059685,0.11494375335655335,False,18.994651920345234
2019-11-14 02:00:00,118.44617,86.25472,120.0,24.0,-367747.9684810033,-199223.7256665701,0.04458875497645328,0.09938243732081833,0.10892669974885208,False,24.163784765503408
2019-11-14 03:00:00,118.46967,86.25775,120.0,24.0,-367368.89109803183,-199213.30595569138,0.04863831265232372,0.08604824442884411,0.09884323865065985,False,29.477074088785685
2019-11-14 04:00:00,118.49418,86.26027,120.0,24.0,-367036.40716468095,-199236.23799579949,0.04833414075307889,0.06930288921653327,0.08449307436765173,False,34.89320133194866
2019-11-14 05:00:00,118.51741,86.26222,120.0,24.0,-366764.3310915979,-199281.1077692299,0.043299594105732836,0.05550340946581095,0.07039519381357429,False,37.958681404513186
2019-11-14 06:00:00,118.53697,86.26385,120.0,24.0,-366536.4273659801,-199319.37917565508,0.034075859538635615,0.05069692964251545,0.06108471886220797,False,33.90695740442459
2019-11-14 07:00:00,118.5511,86.26549,120.0,24.0,-366326.4513873682,-199322.26818035328,0.02381966746042429,0.05178288496016213,0.05699862921792577,False,24.702010489384918
2019-11-14 08:00:00,118.56053,86.26719,120.0,24.0,-366126.9629442775,-199291.83019265954,0.01569411333882799,0.05426409922716435,0.05648803110772686,False,16.13078102328558
2019-11-14 09:00:00,118.56663,86.26899,120.0,24.0,-365929.2706701147,-199234.72611929176,0.010221962348873636,0.05829548406184436,0.05918489652154965,False,9.945558207470356
2019-11-14 10:00:00,118.57065,86.27095,120.0,24.0,-365723.1392166769,-199155.76313758598,0.007419731774283154,0.06387716415099602,0.06430664444344455,False,6.625571274871504
2019-11-14 11:00:00,118.57398,86.27311,120.0,24.0,-365499.8112158962,-199061.69191146817,0.008160932043026821,0.067598356245773,0.06808919575778039,False,6.88382031268975
2019-11-14 12:00:00,118.57874,86.27531,120.0,24.0,-365267.6080870557,-198974.575903272,0.013025291482374558,0.06604826471443086,0.06732036460082752,False,11.156070902030478
2019-11-14 13:00:00,118.5869,86.27737,120.0,24.0,-365037.3419912616,-198916.56187079143,0.020566244986852836,0.059846969729148776,0.06328214770866188,False,18.965141281347485
2019-11-14 14:00:00,118.59915,86.27917,120.0,24.0,-364818.3861582666,-198898.4202125565,0.02851439099364465,0.05100981321646214,0.058438613417130275,False,29.205109416237235
2019-11-14 15:00:00,118.61521,86.28066,120.0,24.0,-364616.60750564653,-198921.011719128,0.03315628603348222,0.04093137823901328,0.05267558284517845,False,39.009052826916445
2019-11-14 16:00:00,118.63208,86.28181,120.0,24.0,-364445.3453594656,-198966.84457346326,0.031536456099149554,0.03038762106283254,0.043794469709677854,False,46.06284746788873
2019-11-14 17:00:00,118.64654,86.28262,120.0,24.0,-364315.76695011335,-199015.4668792096,0.02542083393370434,0.02092989979118761,0.03292839964459447,False,50.53412788257208
2019-11-14 18:00:00,118.65734,86.28316,120.0,24.0,-364225.3506345089,-199055.22653109455,0.017276742563500286,0.01348801551428441,0.021918311890267446,False,52.020712622492056
2019-11-14 19:00:00,118.66371,86.28349,120.0,24.0,-364170.89436250005,-199078.04892114687,0.007676757295288862,0.010387495809803582,0.012916372237182457,False,36.4658205378953
2019-11-14 20:00:00,118.66497,86.28383,120.0,24.0,-364133.2136506009,-199067.85118557987,-0.0026249282977660543,0.013488804670488855,0.0137418375775227,False,348.98784314575215
2019-11-14 21:00:00,118.6611,86.28436,120.0,24.0,-364094.74379943067,-199014.87884240242,-0.010188240432486641,0.021085980006631904,0.02341834315126149,False,334.21127928556643
2019-11-14 22:00:00,118.65484,86.28519,120.0,24.0,-364035.179940401,-198930.66728693832,-0.011745229037691672,0.030698318568145505,0.0328684828986551,False,339.06306409370137
2019-11-14 23:00:00,118.64942,86.28634,120.0,24.0,-363941.33836385765,-198834.68047634757,-0.007510504676928702,0.03891544669921273,0.039633567493999766,False,349.0764767683547
2019-11-15 00:00:00,118.64737,86.2877,120.0,24.0,-363815.2191100361,-198748.87475431585,0.001143682593655937,0.042326671280497045,0.04234211982839646,False,1.5477769294630548
2019-11-15 01:00:00,118.65056,86.28907,120.0,24.0,-363669.9441973421,-198695.80349710077,0.011551045040953077,0.038916213425480996,0.04059431375101338,False,16.531853257557373
2019-11-15 02:00:00,118.65887,86.29021,120.0,24.0,-363529.45356427605,-198687.5143339241,0.021049390329505778,0.027908476922555155,0.0349565432699042,False,37.02466764471524
2019-11-15 03:00:00,118.67152,86.29087,120.0,24.0,-363420.9351977344,-198732.42207478188,0.02837643811646089,0.013489447429694726,0.03141953901851254,False,64.57475688910648
2019-11-15 04:00:00,118.68713,86.29108,120.0,24.0,-363346.2128870358,-198820.1742400241,0.032842953475438405,0.0007756405691322892,0.03285211121499341,False,88.64711705742417
2019-11-15 05:00:00,118.70423,86.29092,120.0,24.0,-363302.5245708069,-198937.18492449712,0.0343500336908738,-0.008992473566030737,0.035507596305578426,False,104.67020571305665
2019-11-15 06:00:00,118.72134,86.2905,120.0,24.0,-363284.2171225968,-199068.19812486012,0.03316826267499773,-0.0151945273627348,0.03648297288673915,False,114.61272445920173
2019-11-15 07:00:00,118.73726,86.28994,120.0,24.0,-363283.7044102949,-199199.1872537666,0.030390235789668617,-0.01596981329465567,0.03433076416303337,False,117.72154847696856
2019-11-15 08:00:00,118.7516,86.28947,120.0,24.0,-363279.8354394776,-199315.34078765044,0.027842015589403208,-0.009302792092643026,0.029355063835725396,False,108.47590793408921
2019-11-15 09:00:00,118.76498,86.28934,120.0,24.0,-363246.001634241,-199407.15372630427,0.029750374456255977,0.005117149856240948,0.030187249012433626,False,80.24045889468408
2019-11-15 10:00:00,118.78122,86.2898,120.0,24.0,-363144.46022282436,-199485.38133478092,0.038421552741897125,0.026204149086113994,0.04650669999500794,False,55.70535046012742
2019-11-15 11:00:00,118.80324,86.29103,120.0,24.0,-362947.44863138284,-199558.77644324137,0.046119706088649064,0.04945939317486976,0.06762587421194441,False,42.99880769602339
2019-11-15 12:00:00,118.82716,86.29299,120.0,24.0,-362672.42194156034,-199604.78652928933,0.04707110050231313,0.0694587971887054,0.08390597719710183,False,34.124856685796544
2019-11-15 13:00:00,118.85015,86.29551,120.0,24.0,-362345.9061610497,-199614.55546073717,0.05341528689028025,0.07767989728472455,0.0942727920225995,False,34.513710281007775
2019-11-15 14:00:00,118.88043,86.298,120.0,24.0,-361996.97120194527,-199671.77164167425,0.07606968262351743,0.06791902406429577,0.10197838224000741,False,48.239840870840055
2019-11-15 15:00:00,118.92606,86.29989,120.0,24.0,-361653.1776521867,-199857.95221839932,0.10281513473812638,0.044972696275690505,0.11222074381113586,False,66.37479707399598
2019-11-15 16:00:00,118.98307,86.3009,120.0,24.0,-361355.5103225951,-200163.07067359667,0.1197463606101284,0.017060538279820917,0.12095558211909092,False,81.89150821448243
2019-11-15 17:00:00,119.04563,86.30099,120.0,24.0,-361127.95806710934,-200552.62962192975,0.12956103945583533,-0.004646475860658264,0.12964433147191665,False,92.05393079041886
2019-11-15 18:00:00,119.11245,86.3006,120.0,24.0,-360931.8582977724,-200994.83246458013,0.13778891605627835,-0.012553738055794503,0.13835961017268597,False,95.20575894988457
2019-11-15 19:00:00,119.18322,86.30018,120.0,24.0,-360724.25403888937,-201463.35239332277,0.14460800603599114,-0.015810804426409968,0.14546978018239884,False,96.23968408810407
2019-11-15 20:00:00,119.25683,86.29958,120.0,24.0,-360523.5637081287,-201959.35589932118,0.1494229980792397,-0.02387408964398751,0.15131822266771977,False,99.07771797949238
2019-11-15 21:00:00,119.33238,86.29864,120.0,24.0,-360348.4274729647,-202485.96936668668,0.15417534378805917,-0.030384688599973474,0.15714091107500805,False,101.14890628440344
2019-11-15 22:00:00,119.4107,86.29762,120.0,24.0,-360170.49346527044,-203034.26999337698,0.16198992268002851,-0.028675878749938176,0.1645084832826647,False,100.03865014091207
2019-11-15 23:00:00,119.49401,86.29679,120.0,24.0,-359955.5405867295,-203603.37168626318,0.17815438186521856,-0.027580377176486814,0.18027662350669704,False,98.80019526934194
2019-11-16 00:00:00,119.58841,86.29584,120.0,24.0,-359711.81713512156,-204248.5180938567,0.20510535663530163,-0.0365619197270481,0.20833862170663744,False,100.10733495891594
2019-11-16 01:00:00,119.69854,86.29443,120.0,24.0,-359455.28466266196,-205017.53512828413,0.23138314335349391,-0.049592638489191015,0.23663809672253347,False,102.09725155073625
2019-11-16 02:00:00,119.81906,86.29264,120.0,24.0,-359196.604519074,-205872.54733149937,0.24546728944752266,-0.05875350012924321,0.25240080024863404,False,103.46071381833104
2019-11-16 03:00:00,119.94312,86.29064,120.0,24.0,-358943.45709589054,-206761.25531280288,0.2498501392042917,-0.0626355761955002,0.25758165203629363,False,104.07358509829027
2019-11-16 04:00:00,120.06788,86.2886,120.0,24.0,-358689.4715273443,-207656.45102501076,0.25090985685568534,-0.0631017077908484,0.2587229827314576,False,104.11664746730145
2019-11-16 05:00:00,120.19286,86.28657,120.0,24.0,-358431.52261738427,-208552.33524677836,0.2566751050862433,-0.06541574543917128,0.26487983940344817,False,104.29792102922187
2019-11-16 06:00:00,120.32321,86.28438,120.0,24.0,-358167.1563729057,-209490.66753118357,0.2734559791035611,-0.0740834478676895,0.283313483186826,False,105.15845102680026
2019-11-16 07:00:00,120.46471,86.28179,120.0,24.0,-357897.9050329056,-210521.15955993018,0.2989452215067887,-0.09019785083628745,0.3122561412642322,False,106.7896303891103
2019-11-16 08:00:00,120.62018,86.27856,120.0,24.0,-357635.6364677734,-211675.17860924723,0.3277148219095852,-0.11189899907466663,0.34629234830290917,False,108.8525914750013
2019-11-16 09:00:00,120.78997,86.27457,120.0,24.0,-357389.41472872184,-212962.06246125905,0.35047971585801097,-0.1281948326845996,0.37318888830583447,False,110.09098446049597
2019-11-16 10:00:00,120.96769,86.27029,120.0,24.0,-357136.8044470106,-214315.42871749494,0.36049144783358544,-0.12883396339522846,0.382821465026816,False,109.66608901576757
2019-11-16 11:00:00,121.14703,86.26626,120.0,24.0,-356849.24999574746,-215664.92981831369,0.3649361632962924,-0.11844351387408007,0.383675995157708,False,107.9813331842646
2019-11-16 12:00:00,121.32877,86.26265,120.0,24.0,-356507.6029801253,-217005.28565653856,0.3723498929849245,-0.10479255027767251,0.38681509975643824,False,105.71849688863591
2019-11-16 13:00:00,121.51509,86.2595,120.0,24.0,-356099.8088611258,-218347.26942229588,0.3823292611808451,-0.09254256106459434,0.39336978730386124,False,103.60670733616496
2019-11-16 14:00:00,121.70637,86.25668,120.0,24.0,-355636.69406001834,-219700.3233824061,0.3916139735296065,-0.08525875083389749,0.4007874235269913,False,102.28227450986435
2019-11-16 15:00:00,121.90156,86.254,120.0,24.0,-355140.1570621347,-221068.69489359966,0.39457900287222103,-0.08434616584231813,0.4034933273301258,False,102.06608821819833
2019-11-16 16:00:00,122.09548,86.25124,120.0,24.0,-354650.91686963226,-222433.11521913263,0.38545457433333713,-0.09227575472155544,0.3963458638410735,False,103.46293261930168
2019-11-16 17:00:00,122.28138,86.24805,120.0,24.0,-354228.40975414176,-223772.81484584408,0.3602792273524229,-0.1195895875328245,0.3796087342355678,False,108.3628551509239
2019-11-16 18:00:00,122.45016,86.24353,120.0,24.0,-353993.4719153858,-225086.0484680424,0.31680327280847914,-0.1710809877204262,0.3600458554428314,False,118.37005731919231
2019-11-16 19:00:00,122.59288,86.23702,120.0,24.0,-354043.96272829047,-226358.57487896632,0.2582971585081107,-0.220383262611689,0.3395382224915727,False,130.4713405055963
2019-11-16 20:00:00,122.70375,86.22932,120.0,24.0,-354328.5688479699,-227507.64853592103,0.19176114994330232,-0.24362373190397169,0.3100400963978626,False,141.79300335135883
2019-11-16 21:00:00,122.78081,86.22131,120.0,24.0,-354774.01188371057,-228468.1106203841,0.13378044612953344,-0.2544466466383461,0.2874722660572953,False,152.26594717599545
2019-11-16 22:00:00,122.83458,86.21291,120.0,24.0,-355347.3199450345,-229309.37536003708,0.09659937196102464,-0.27117426121215965,0.28786614703230556,False,160.3927696740194
2019-11-16 23:00:00,122.87506,86.20382,120.0,24.0,-356037.4222301331,-230111.16124563917,0.06471089936637194,-0.2927228285337927,0.29979018469861374,False,167.53436776459625
2019-11-17 00:00:00,122.89759,86.19403,120.0,24.0,-356864.49987566035,-230844.7063488132,0.023958211952851582,-0.31023569501828646,0.31115941635029626,False,175.58405007514835
2019-11-17 01:00:00,122.89837,86.18381,120.0,24.0,-357819.2386125312,-231469.20713373576,-0.005876293497998897,-0.3075941944624236,0.30765031983123614,False,181.09444804894957
2019-11-17 02:00:00,122.89192,86.17419,120.0,24.0,-358747.00223533827,-232012.08566759434,-0.0037986378118922554,-0.27581136894557257,0.2758375262520614,False,180.78906158066894
2019-11-17 03:00:00,122.89468,86.16602,120.0,24.0,-359501.5956687249,-232524.66468719475,0.020952518826239525,-0.24340496516823973,0.2443051066058913,False,175.08005586238875
2019-11-17 04:00:00,122.91208,86.15849,120.0,24.0,-360136.6071287755,-233090.5419107634,0.05155962402930371,-0.23859424445996386,0.24410163522488773,False,167.8060286014237
2019-11-17 05:00:00,122.94423,86.15063,120.0,24.0,-360742.05588983267,-233769.72547893558,0.07169267167600103,-0.2477445772049631,0.25790931488899116,False,163.86054022205678
2019-11-17 06:00:00,122.98087,86.14251,120.0,24.0,-361352.82566629903,-234493.77563305257,0.07043009228365518,-0.2517812607968346,0.2614463638827816,False,164.3722432152279
2019-11-17 07:00:00,123.01169,86.13439,120.0,24.0,-361986.7058684745,-235181.93234063408,0.05819687048058897,-0.24728409277539165,0.2540399540888853,False,166.75676256767133
2019-11-17 08:00:00,123.0365,86.12656,120.0,24.0,-362617.55003635515,-235815.15141998205,0.04437765725420688,-0.23689593023387595,0.24101671772876104,False,169.3897678959471
2019-11-17 09:00:00,123.05403,86.11911,120.0,24.0,-363242.39955924754,-236379.66775938214,0.012128548107575216,-0.23100372988910747,0.2313219075268866,False,176.99451982858852
2019-11-17 10:00:00,123.04809,86.11166,120.0,24.0,-363963.96465884545,-236795.51716155896,-0.05288925946165267,-0.23733938898285756,0.24316097410801385,False,192.5626601536299
2019-11-17 11:00:00,123.00386,86.1038,120.0,24.0,-364882.44270120724,-236992.37945025682,-0.12771047544595127,-0.24553685192676553,0.27676399909080895,False,207.4801828433557
2019-11-17 12:00:00,122.92707,86.09582,120.0,24.0,-365947.4123574458,-236987.3287335468,-0.18225323972137147,-0.24166659104883956,0.30268628085544735,False,217.02182978764307
2019-11-17 13:00:00,122.83144,86.08821,120.0,24.0,-367056.2207579105,-236836.76093337088,-0.19585947792217018,-0.21938194037676084,0.2940907527540057,False,221.75779216537396
2019-11-17 14:00:00,122.74207,86.08167,120.0,24.0,-368039.2204625371,-236658.77457268545,-0.16333013001810656,-0.18173319321764078,0.24434337496402875,False,221.947169481795
2019-11-17 15:00:00,122.67739,86.07649,120.0,24.0,-368792.8372040376,-236555.33182386548,-0.13250331799908735,-0.1649595472640113,0.21158634529268386,False,218.77307930725016
2019-11-17 16:00:00,122.61731,86.07103,120.0,24.0,-369554.02862520557,-236497.0035492758,-0.1467609659183709,-0.1973327721046157,0.2459247935117267,False,216.6390384550034
2019-11-17 17:00:00,122.53946,86.06376,120.0,24.0,-370559.135514228,-236431.14708210935,-0.17681595663413904,-0.24183330947594903,0.29957842394360756,False,216.17233239918954
2019-11-17 18:00:00,122.45141,86.05543,120.0,24.0,-371706.6589418257,-236360.331563686,-0.18611148168758188,-0.2593698359638573,0.31923376297607586,False,215.66142638658982
2019-11-17 19:00:00,122.36516,86.04703,120.0,24.0,-372854.01226531685,-236302.44110678122,-0.1832742178240108,-0.2666546063109538,0.3235647044809627,False,214.50110681609826
2019-11-17 20:00:00,122.28014,86.03823,120.0,24.0,-374034.70617900434,-236273.50335483995,-0.18626870064654283,-0.28664484905648785,0.3418498183869169,False,213.01677777204412
2019-11-17 21:00:00,122.1915,86.02854,120.0,24.0,-375315.1275372692,-236270.79740834612,-0.20441994920871154,-0.3108115244593877,0.3720098377345158,False,213.33281780743198
2019-11-17 22:00:00,122.09004,86.01818,120.0,24.0,-376712.64562422934,-236220.15240438742,-0.2402309814602241,-0.32443404210962756,0.40369341353672605,False,216.518530460987
2019-11-17 23:00:00,121.96868,86.00761,120.0,24.0,-378213.04242517654,-236046.36542796824,-0.27721548153908,-0.3204104186534179,0.4236876910964048,False,220.86599006294412
2019-11-18 00:00:00,121.83355,85.99751,120.0,24.0,-379726.4901060824,-235748.34191682565,-0.2975865781439787,-0.29733191989736324,0.4206709427584634,False,225.0245257827856
2019-11-18 01:00:00,121.69399,85.98843,120.0,24.0,-381161.9570783204,-235355.19373441604,-0.298447509331341,-0.2661930689884974,0.39991207259045813,False,228.26940209784368
2019-11-18 02:00:00,121.55867,85.98034,120.0,24.0,-382486.2051852744,-234926.92450957242,-0.2820160683147809,-0.2387696893515438,0.3695186427512959,False,229.74698645138756
2019-11-18 03:00:00,121.43476,85.97303,120.0,24.0,-383689.55963429756,-234524.73139549716,-0.2560033659050543,-0.21706628091819458,0.3356419128571008,False,229.7052547609676
2019-11-18 04:00:00,121.32378,85.96634,120.0,24.0,-384780.9979166099,-234169.30513820276,-0.22702050188466588,-0.20063195907416617,0.30297110634168317,False,228.5309922931533
2019-11-18 05:00:00,121.22681,85.96009,120.0,24.0,-385773.31496346777,-233879.41392633854,-0.19122979232791615,-0.19055894925872802,0.2699658249045023,False,225.10067462142524
2019-11-18 06:00:00,121.14888,85.95405,120.0,24.0,-386668.0447011825,-233703.22165917055,-0.14684265047459383,-0.18683412781032407,0.2376336577866196,False,218.1656457020974
2019-11-18 07:00:00,121.0927,85.94804,120.0,24.0,-387471.4629583905,-233670.4031544429,-0.11105848069423069,-0.18619657943751883,0.21680210406807188,False,210.8143109003443
2019-11-18 08:00:00,121.04761,85.94204,120.0,24.0,-388229.0014247586,-233710.80610535922,-0.09992806432174156,-0.18587473198001997,0.2110332533695445,False,208.26290718542538
2019-11-18 09:00:00,121.00173,85.93605,120.0,24.0,-388989.10814342956,-233744.22223277244,-0.10533878878725406,-0.18525127503855557,0.21310630053233123,False,209.62370866190798
2019-11-18 10:00:00,120.95186,85.93009,120.0,24.0,-389762.92303234845,-233747.70558365653,-0.11535320670537189,-0.18261415048171192,0.21599604221691096,False,212.27967093227227
2019-11-18 11:00:00,120.89703,85.92427,120.0,24.0,-390543.8620516392,-233708.1848682518,-0.12751418304718004,-0.1702102439045229,0.21267673593561406,False,216.83897018998596
2019-11-18 12:00:00,120.83628,85.91911,120.0,24.0,-391285.9684741623,-233589.18729588942,-0.13949449395453772,-0.1423063528004023,0.19927320916516883,False,224.42831151933257
2019-11-18 13:00:00,120.77074,85.91509,120.0,24.0,-391938.4466308123,-233371.00464943523,-0.13996380123987548,-0.10635190607697784,0.17578564669426708,False,232.77050731392907
2019-11-18 14:00:00,120.70968,85.91225,120.0,24.0,-392459.46681668534,-233115.06873321152,-0.11883843473491826,-0.07241137416531593,0.1391617069410792,False,238.64495291613505
2019-11-18 15:00:00,120.66332,85.91042,120.0,24.0,-392823.65942829003,-232901.6106341684,-0.08006704593134736,-0.047141464213712056,0.09291420500862708,False,239.5114926683615
2019-11-18 16:00:00,120.63734,85.90921,120.0,24.0,-393045.4292790376,-232792.2912891431,-0.0312191697231382,-0.03442173838864515,0.046470341422227966,False,222.20679854028566
2019-11-18 17:00:00,120.63512,85.9082,120.0,24.0,-393151.4478575131,-232834.5074024646,0.019866324723657115,-0.03317118474761639,0.03866520859359598,False,149.08247823499426
2019-11-18 18:00:00,120.65527,85.90707,120.0,24.0,-393178.0404318091,-233037.0666901012,0.06464456918531564,-0.03936581144872222,0.07568743248499984,False,121.33964892742989
2019-11-18 19:00:00,120.69346,85.90566,120.0,24.0,-393157.9569424503,-233379.41804147288,0.09221477650022981,-0.045416392752528324,0.10279208984955625,False,116.22055392305327
2019-11-18 20:00:00,120.73847,85.90414,120.0,24.0,-393120.32152218523,-233774.91562282888,0.09409297725038578,-0.04496101762579442,0.10428317924664846,False,115.54015309896567
2019-11-18 21:00:00,120.77833,85.90276,120.0,24.0,-393089.92844209564,-234127.1687771734,0.07390343490399533,-0.04000446152180305,0.08403615074632165,False,118.42700246167357
2019-11-18 22:00:00,120.80511,85.90156,120.0,24.0,-393095.4977809211,-234379.46647330048,0.03996582220262581,-0.03333612649704631,0.05204386874703851,False,129.83202147897936
2019-11-18 23:00:00,120.81436,85.90061,120.0,24.0,-393148.7207448221,-234497.24368460773,0.007099084755582576,-0.02325424087255365,0.02431371470848685,False,163.02354996687257
2019-11-19 00:00:00,120.81151,85.90006,120.0,24.0,-393213.1091441117,-234509.13193425644,-0.011530529704095595,-0.008060737077874365,0.014068709873177761,False,235.0434578944868
2019-11-19 01:00:00,120.80397,85.90009,120.0,24.0,-393241.0905210282,-234455.6691378536,-0.016024342730250975,0.011936701069014106,0.019981601345926952,False,306.6828126732366
2019-11-19 02:00:00,120.79707,85.90083,120.0,24.0,-393198.3734806116,-234366.02104605953,-0.008678187598660066,0.03301950840961984,0.034140868114482574,False,345.27454408211526
2019-11-19 03:00:00,120.79615,85.90222,120.0,24.0,-393068.8659790331,-234280.27428945084,0.013083661003395414,0.04387316536699054,0.04578249473948605,False,16.60539976365999
2019-11-19 04:00:00,120.80887,85.90366,120.0,24.0,-392878.7983188175,-234285.21099130117,0.04981819281642279,0.03504376106851016,0.060909092304196326,False,54.8761814013007
2019-11-19 05:00:00,120.84108,85.90448,120.0,24.0,-392668.44459132757,-234459.11734014226,0.08881954867687006,0.011948963623919798,0.08961969626621509,False,82.33795670733116
2019-11-19 06:00:00,120.88898,85.90443,120.0,24.0,-392477.08586855687,-234790.1762522571,0.1162885172677304,-0.016268239872572844,0.1174209303185714,False,97.9637378076174
2019-11-19 07:00:00,120.94596,85.90343,120.0,24.0,-392339.1241834352,-235237.77075120716,0.12733615439666193,-0.042165385987243204,0.13413581174311254,False,108.32148546890488
2019-11-19 08:00:00,121.0038,85.90171,120.0,24.0,-392266.00537090143,-235732.60495965835,0.12051329374472312,-0.05953633914738652,0.13441737108080395,False,116.29043130285783
2019-11-19 09:00:00,121.05459,85.89959,120.0,24.0,-392259.5986248901,-236202.30293963046,0.09936672971985719,-0.06605031674668542,0.11931634974954866,False,123.6124867857452
2019-11-19 10:00:00,121.09333,85.89745,120.0,24.0,-392304.3450582072,-236590.82672253752,0.07071937543715674,-0.06186272067657256,0.09395864128290259,False,131.17824614048436
2019-11-19 11:00:00,121.11828,85.8956,120.0,24.0,-392378.05926175293,-236868.3527331448,0.04959215032877866,-0.053330187334592556,0.07282506611994882,False,137.08001152470058
2019-11-19 12:00:00,121.13797,85.89401,120.0,24.0,-392448.5362022957,-237094.9515570826,0.04853813306782399,-0.04697012496435504,0.0675436377527663,False,134.05943027296553
2019-11-19 13:00:00,121.16195,85.89257,120.0,24.0,-392486.8065067805,-237342.35223722088,0.06161066344582092,-0.04541768187136608,0.07654175120026213,False,126.39661587130155
2019-11-19 14:00:00,121.19338,85.89108,120.0,24.0,-392498.8159253411,-237643.75373482602,0.0802329518647329,-0.05006585065595422,0.09457227906121782,False,121.96441440957238
2019-11-19 15:00:00,121.23408,85.88934,120.0,24.0,-392495.96943682974,-238023.2109923482,0.10423033353827635,-0.06184286965913984,0.12119613425013892,False,120.68188097358694
2019-11-19 16:00:00,121.28704,85.88709,120.0,24.0,-392490.40608898964,-238516.3253754107,0.1333307283875937,-0.0804405735923697,0.15571695158920792,False,121.10325651097952
2019-11-19 17:00:00,121.35382,85.88415,120.0,24.0,-392492.37317333557,-239144.36727604963,0.15837907392117995,-0.09935741547777273,0.18696477493515545,False,122.10166397330181
2019-11-19 18:00:00,121.42918,85.88068,120.0,24.0,-392507.9759498334,-239862.35708942046,0.16991988742038935,-0.11145841056757011,0.2032135463673788,False,123.26274460708834
2019-11-19 19:00:00,121.5062,85.87696,120.0,24.0,-392539.1881278854,-240606.75566597102,0.16621130195806097,-0.11565374321953253,0.20248946940343168,False,124.83110676168536
2019-11-19 20:00:00,121.57811,85.87322,120.0,24.0,-392592.5326446945,-241317.82714377466,0.14863502572009682,-0.11224967527831148,0.18625885340273146,False,127.06022623281342
2019-11-19 21:00:00,121.63927,85.86972,120.0,24.0,-392667.3067254337,-241941.6854737788,0.12351283210043275,-0.10062175906180829,0.15931151273577904,False,129.16854839411315
2019-11-19 22:00:00,121.6886,85.86673,120.0,24.0,-392742.8328954834,-242454.98026891076,0.09841863882901943,-0.0809303744136104,0.12742038287371504,False,129.4307136721912
2019-11-19 23:00:00,121.72725,85.8645,120.0,24.0,-392790.8974524773,-242850.74938026775,0.08108133254191145,-0.055656106551615424,0.09834523213281261,False,124.4666069209486
2019-11-20 00:00:00,121.76104,85.86314,120.0,24.0,-392776.6741400076,-243162.25679768086,0.07700110025058061,-0.028213075259345535,0.08200699394191609,False,110.12275022477883
2019-11-20 01:00:00,121.79602,85.86268,120.0,24.0,-392671.78442044515,-243429.06046346735,0.08254270647002593,-0.0024776389331474247,0.08257988305925304,False,91.71929960790465
2019-11-20 02:00:00,121.83475,85.86298,120.0,24.0,-392478.69734152453,-243676.77545245265,0.092011194921582,0.01798624822163984,0.09375268058027887,False,78.93935894289939
2019-11-20 03:00:00,121.87819,85.86384,120.0,24.0,-392212.32447397715,-243923.5780194797,0.10047125247908452,0.02992161651567557,0.10483213109360648,False,73.41579934434293
2019-11-20 04:00:00,121.92449,85.86491,120.0,24.0,-391913.72046355123,-244177.2862916386,0.10277946118053571,0.030073439033487533,0.10708888539835561,False,73.69043750392268
2019-11-20 05:00:00,121.97001,85.86578,120.0,24.0,-391637.22734042536,-244437.15949288505,0.09175014871714626,0.01952544008572643,0.09380475787591878,False,77.98605314281576
2019-11-20 06:00:00,122.00647,85.86617,120.0,24.0,-391444.688245544,-244663.25561213473,0.06315001349350273,0.0012310839129590738,0.06316201209453609,False,88.88318346896034
2019-11-20 07:00:00,122.02644,85.86586,120.0,24.0,-391388.7236556504,-244818.02492374607,0.02685702068280651,-0.018606306427481907,0.032672529728046025,False,124.71387481636515
2019-11-20 08:00:00,122.03047,85.86497,120.0,24.0,-391455.71813879185,-244898.23910245328,-0.007089807679112655,-0.033638749597366104,0.03437776675994389,False,191.9016492492687
2019-11-20 09:00:00,122.02011,85.86369,120.0,24.0,-391621.12537308305,-244903.20445687242,-0.04226315823685687,-0.042469562345776736,0.059915259074758406,False,224.8604310018285
2019-11-20 10:00:00,121.99273,85.86223,120.0,24.0,-391876.3203247304,-244802.3693100249,-0.08076153034925804,-0.04370376333351908,0.09182833829415826,False,241.58014980082066
2019-11-20 11:00:00,121.94801,85.86087,120.0,24.0,-392196.0758409366,-244576.75409059634,-0.10493232208208066,-0.03286061719457548,0.10995732072011369,False,252.61152539349175
2019-11-20 12:00:00,121.89907,85.86011,120.0,24.0,-392476.85837280005,-244286.4900619473,-0.09992521294015846,-0.00853374776464006,0.10028894770634754,False,265.11870732805454
2019-11-20 13:00:00,121.85883,85.86032,120.0,24.0,-392628.4208618451,-243998.4134289816,-0.08245922233574564,0.01332685881876879,0.08352920755155845,False,279.1806203818261
2019-11-20 14:00:00,121.82548,85.86097,120.0,24.0,-392708.73521528736,-243731.57793188182,-0.07166243037766856,0.01736065542463524,0.07373531233003025,False,283.61789127327984
2019-11-20 15:00:00,121.79487,85.86144,120.0,24.0,-392794.30447057757,-243494.10069690205,-0.06391373668851223,0.01038409314977708,0.06475179633053992,False,279.2282363445586
2019-11-20 16:00:00,121.76843,85.86164,120.0,24.0,-392887.6479828078,-243301.06112494468,-0.05274153601987663,0.0018575848578226382,0.05277423844301266,False,272.01715392011033
2019-11-20 17:00:00,121.74779,85.86156,120.0,24.0,-392982.8614440568,-243164.2114713097,-0.0430752991812224,-0.009922419958659875,0.044203346223875756,False,257.0281596381009
2019-11-20 18:00:00,121.72998,85.861,120.0,24.0,-393111.5907535543,-243074.91588797572,-0.04140191242432213,-0.027593285296461992,0.04975447463136542,False,236.3175878758208
2019-11-20 19:00:00,121.71084,85.85978,120.0,24.0,-393308.6113571717,-243015.15673086137,-0.04886891747272674,-0.046969121704812024,0.06778104077599886,False,226.1356244987639
2019-11-20 20:00:00,121.68638,85.85797,120.0,24.0,-393584.2295478107,-242953.34491916766,-0.0645335156173558,-0.06277864135085315,0.09003184129958997,False,225.78971658494257
2019-11-20 21:00:00,121.65329,85.85573,120.0,24.0,-393937.3015760242,-242857.2017410292,-0.08446679352696501,-0.06944263478571397,0.10934769652219012,False,230.57537087408312
2019-11-20 22:00:00,121.61109,85.85349,120.0,24.0,-394328.98744523514,-242698.03659295948,-0.10382318971140511,-0.06324112520872886,0.12156765457767349,False,238.65343170031463
2019-11-20 23:00:00,121.56079,85.85165,120.0,24.0,-394716.89423251816,-242459.25347799333,-0.11714652000163778,-0.047277481992227054,0.12632682791877375,False,248.02219719623636
2019-11-21 00:00:00,121.50676,85.85044,120.0,24.0,-395060.5022455583,-242157.50625188617,-0.11971612289635791,-0.02666507459965716,0.12264981159684328,False,257.44315051268296
2019-11-21 01:00:00,121.4542,85.84993,120.0,24.0,-395331.0370589875,-241824.70128999202,-0.11066969291455891,-0.009617648209190852,0.11108681328978037,False,265.03324124013426
2019-11-21 02:00:00,121.40824,85.84982,120.0,24.0,-395535.36900002556,-241513.9056884887,-0.09121994258701033,-0.0021788213508705592,0.09124595984511572,False,268.63172972952475
2019-11-21 03:00:00,121.373,85.84979,120.0,24.0,-395686.69716687134,-241272.32762533295,-0.06709107242271319,-0.002176587691421372,0.06712636987658571,False,268.1418457133989
2019-11-21 04:00:00,121.34852,85.84968,120.0,24.0,-395800.2315668545,-241109.63320058785,-0.04460153758218908,-0.006669488646818052,0.04509744154057367,False,261.4952952964268
2019-11-21 05:00:00,121.3333,85.84936,120.0,24.0,-395894.77344499243,-241023.05793614432,-0.027942671879191736,-0.014728310890810736,0.03158664359257797,False,242.20672104073628
2019-11-21 06:00:00,121.32365,85.84873,120.0,24.0,-395995.430134881,-240992.93221836843,-0.019878857345533574,-0.02495858326668308,0.03190767694527489,False,218.53640282518816
2019-11-21 07:00:00,121.31561,85.84775,120.0,24.0,-396122.690773284,-240994.2137411125,-0.019479164690254226,-0.03286412815860304,0.038203256100169426,False,210.65599117344976
2019-11-21 08:00:00,121.30632,85.84661,120.0,24.0,-396270.4753508071,-240996.09882190864,-0.024397608195698278,-0.03425884843992779,0.04205843532634977,False,215.45675668559744
2019-11-21 09:00:00,121.29391,85.84554,120.0,24.0,-396424.7173476191,-240972.29695422447,-0.030216882109725465,-0.029608349249430427,0.04230501518389154,False,225.58278357431348
2019-11-21 10:00:00,121.27945,85.8447,120.0,24.0,-396565.6483769824,-240920.92120267384,-0.03310135230165116,-0.02015249480246897,0.038753355609051014,False,238.66645051939196
2019-11-21 11:00:00,121.26448,85.84424,120.0,24.0,-396672.4684170857,-240843.94630305038,-0.03356607458905089,-0.008216105179826853,0.03455699274595094,False,256.2459109858785
2019-11-21 12:00:00,121.24961,85.84417,120.0,24.0,-396741.64087088755,-240745.04274678198,-0.032565561750121326,0.0037202626003899827,0.03277737277325359,False,276.5171690781792
2019-11-21 13:00:00,121.23553,85.84448,120.0,24.0,-396771.2052086375,-240629.59689289215,-0.0284021760946606,0.01317600507173676,0.031309594640661555,False,294.88697646796675
2019-11-21 14:00:00,121.22436,85.84502,120.0,24.0,-396766.56804616144,-240520.99608494685,-0.019671791258295785,0.017671485706723663,0.026443539445257725,False,311.9338620070894
2019-11-21 15:00:00,121.21804,85.84562,120.0,24.0,-396735.82446925505,-240442.51968414497,-0.00890727365988688,0.015501669354660373,0.0178785143911157,False,330.1182847097538
2019-11-21 16:00:00,121.21644,85.84602,120.0,24.0,-396704.3568933283,-240408.30191360594,0.00035965798654614186,0.005890785408040778,0.005901754534955905,False,3.4938188080685677
2019-11-21 17:00:00,121.21836,85.846,120.0,24.0,-396698.2095646105,-240422.7524694132,0.004677984984646925,-0.008061046455022541,0.009320086558965724,False,149.87255726642428
2019-11-21 18:00:00,121.2206,85.8455,120.0,24.0,-396736.5350462613,-240467.1882187365,0.0020688267096932566,-0.021857917106789596,0.021955604847100556,False,174.59312763963487
2019-11-21 19:00:00,121.2202,85.84459,120.0,24.0,-396825.07402944466,-240517.06474945866,-0.003746430814003568,-0.030848958716035407,0.03107561741474773,False,186.92433812847088
2019-11-21 20:00:00,121.21727,85.84351,120.0,24.0,-396940.4631163367,-240559.24754241703,-0.00886642061837894,-0.032244057323159804,0.033440882871736965,False,195.37510285681313
2019-11-21 21:00:00,121.21232,85.84251,120.0,24.0,-397056.7031372376,-240582.7933372728,-0.014529399420382904,-0.029608477397948627,0.03298128835175875,False,206.13799714124914
2019-11-21 22:00:00,121.20436,85.8416,120.0,24.0,-397176.99771937245,-240580.2508501439,-0.021860335729141225,-0.026352758777627695,0.03423948266815084,False,219.67663684593893
2019-11-21 23:00:00,121.1929,85.84081,120.0,24.0,-397300.5371587792,-240546.4727066755,-0.026524299385830234,-0.020462507218815363,0.033500039695338046,False,232.35115403096114
2019-11-22 00:00:00,121.1808,85.84028,120.0,24.0,-397401.93797876633,-240493.1907698722,-0.024522730280301316,-0.010231843980850462,0.02657169418100534,False,247.3521903781126
2019-11-22 01:00:00,121.17112,85.84015,120.0,24.0,-397454.97813921765,-240433.55737902733,-0.01877045264420437,-0.001240601279209979,0.01881140568916359,False,266.218632167244
2019-11-22 02:00:00,121.16413,85.8402,120.0,24.0,-397479.53235846065,-240382.17869678763,-0.013242077047405614,0.00015476353646928873,0.013242981397013553,False,270.66959992226043
2019-11-22 03:00:00,121.15936,85.84016,120.0,24.0,-397503.36380763946,-240351.396878974,-0.00898586518760866,-0.004805744547600955,0.010190238163393118,False,241.861613788903
2019-11-22 04:00:00,121.15615,85.83989,120.0,24.0,-397542.6180008642,-240344.71782695118,-0.007117212289532295,-0.013486750985813492,0.015249497136876702,False,207.82145415081385
2019-11-22 05:00:00,121.15304,85.83929,120.0,24.0,-397612.9742770815,-240357.78357724962,-0.012041478374798117,-0.026352933380452886,0.028973682872657364,False,204.55714131619456
2019-11-22 06:00:00,121.14546,85.83819,120.0,24.0,-397749.84772254014,-240368.68009155462,-0.027617063895899432,-0.042008154970698985,0.05027312703893059,False,213.32177911450583
2019-11-22 07:00:00,121.12853,85.83658,120.0,24.0,-397974.6797042665,-240344.03797087062,-0.05182453878487425,-0.05006593869174672,0.07205817814343267,False,225.9888103584117
2019-11-22 08:00:00,121.09948,85.83496,120.0,24.0,-398251.3142414609,-240235.62234703073,-0.0800587150090307,-0.04215636257084905,0.09047959302573194,False,242.2301417244957
2019-11-22 09:00:00,121.05752,85.83386,120.0,24.0,-398532.31736938766,-240007.24228121463,-0.10328353218255643,-0.02541631920326435,0.10636483113298019,False,256.17517754979264
2019-11-22 10:00:00,121.00789,85.83332,120.0,24.0,-398791.7223924468,-239692.99015697849,-0.11415690004126312,-0.008989188164343347,0.11451027609295557,False,265.4975831111883
2019-11-22 11:00:00,120.9563,85.83328,120.0,24.0,-399011.21258796763,-239336.11135040133,-0.11681876784958213,0.007286331992568368,0.11704578230675589,False,273.56908361728335
2019-11-22 12:00:00,120.90431,85.83379,120.0,24.0,-399179.37944540585,-238944.71531244085,-0.11610555948345247,0.024337058141786473,0.11862880485768292,False,281.8384571176505
2019-11-22 13:00:00,120.85334,85.83485,120.0,24.0,-399290.2172908186,-238528.8381731965,-0.10815634574591107,0.03642396831511263,0.11412493414205935,False,288.612055692182
2019-11-22 14:00:00,120.80838,85.83614,120.0,24.0,-399353.60358708753,-238141.6984638052,-0.08974582551677268,0.03750673057808017,0.09726802165328387,False,292.6811098731357
2019-11-22 15:00:00,120.77372,85.83727,120.0,24.0,-399389.22460403974,-237835.54219099786,-0.0691909891403249,0.029448997592738897,0.07519731669038264,False,293.05552399673275
2019-11-22 16:00:00,120.74698,85.83804,120.0,24.0,-399426.31686915056,-237605.182731018,-0.05525247285809211,0.015809892816683577,0.057469891837458924,False,285.96789641636826
2019-11-22 17:00:00,120.72468,85.83829,120.0,24.0,-399494.77772124816,-237435.44833498553,-0.04656212733875263,0.0006187511274119706,0.046566238362872825,False,270.76134282522696
2019-11-22 18:00:00,120.70565,85.83808,120.0,24.0,-399593.76949642686,-237314.71719405474,-0.04011932290076782,-0.012247433848003027,0.041947106048895476,False,253.0238700060208
2019-11-22 19:00:00,120.68907,85.8375,120.0,24.0,-399718.09583725006,-237232.1146333568,-0.03638335313298258,-0.0212380059976625,0.042128390474311515,False,239.72666582060708
2019-11-22 20:00:00,120.67336,85.83671,120.0,24.0,-399858.96645426366,-237167.4885551478,-0.036265784918505406,-0.024802941611445705,0.043936238668507786,False,235.63094538570013
2019-11-22 21:00:00,120.65689,85.8359,120.0,24.0,-400004.8969647933,-237098.6354593166,-0.0391571715375151,-0.02077204512101812,0.04432563526141498,False,242.0550022347408
2019-11-22 22:00:00,120.63862,85.83537,120.0,24.0,-400131.37803806004,-237001.22013345567,-0.04343301573599512,-0.008060276875421712,0.04417459585815876,False,259.4866816440292
2019-11-22 23:00:00,120.61836,85.83538,120.0,24.0,-400214.1970020264,-236859.14891057703,-0.045101721301463144,0.006975691457296328,0.04563798347497675,False,278.79203012021185
2019-11-23 00:00:00,120.59861,85.83582,120.0,24.0,-400253.5472790122,-236696.18185334333,-0.04021781477809705,0.017670921890079856,0.043928738952656324,False,293.7197481551052
2019-11-23 01:00:00,120.58268,85.83652,120.0,24.0,-400252.07886750065,-236545.13875099344,-0.027409997908420577,0.023871258806827483,0.03634755813479303,False,311.0524777990774
2019-11-23 02:00:00,120.57429,85.83736,120.0,24.0,-400205.9914484975,-236438.83656220764,-0.0070898486351582395,0.026042699207517894,0.02699051936667222,False,344.7709027061337
2019-11-23 03:00:00,120.57639,85.8382,120.0,24.0,-400116.6057970523,-236405.81225625143,0.015680085129792125,0.022944285334470654,0.027790381414927238,False,34.34863399802538
2019-11-23 04:00:00,120.58821,85.83884,120.0,24.0,-400006.3342076123,-236452.00063725957,0.035380236281824795,0.014264238362015326,0.03814747193990896,False,68.04220235226421
2019-11-23 05:00:00,120.6078,85.83912,120.0,24.0,-399898.56775055116,-236572.84073747727,0.04965961769550828,0.0060479080925091785,0.05002654117525493,False,83.05630001050173
2019-11-23 06:00:00,120.6323,85.83923,120.0,24.0,-399786.8069969248,-236737.56224136302,0.05790146159395867,0.004186758133515232,0.05805263300131378,False,85.86423564638676
2019-11-23 07:00:00,120.65921,85.83939,120.0,24.0,-399660.2128319159,-236916.1967360657,0.06309017439225936,0.0075971923816023565,0.06354594744693619,False,83.13361831269617
2019-11-23 08:00:00,120.68832,85.83972,120.0,24.0,-399508.11777796166,-237100.42140407508,0.06803898842919621,0.014728210147810755,0.06961482687349278,False,77.7857932514886
2019-11-23 09:00:00,120.71963,85.84034,120.0,24.0,-399319.001128836,-237283.35178790975,0.07110007817141542,0.02867904372628054,0.07666621593006462,False,68.03274231686339
2019-11-23 10:00:00,120.75147,85.84157,120.0,24.0,-399069.095561774,-237435.02551476276,0.07095320113716926,0.05208637528958446,0.08801901636816348,False,53.71780158880574
2019-11-23 11:00:00,120.78267,85.8437,120.0,24.0,-398735.4978128221,-237530.62969077975,0.07255726497162283,0.08045684783297526,0.10834140973506308,False,42.04464329561324
2019-11-23 12:00:00,120.81597,85.84676,120.0,24.0,-398304.0578289617,-237587.3671863405,0.08162825088655636,0.10805352097040816,0.1354205846129052,False,37.06895924564827
2019-11-23 13:00:00,120.85529,85.85067,120.0,24.0,-397766.27038081427,-237636.82853166058,0.10036075583272946,0.12883151767257325,0.16330903605476121,False,37.91886851498475
2019-11-23 14:00:00,120.90534,85.85507,120.0,24.0,-397137.1569197258,-237731.9591598189,0.12746229594557654,0.13844860991275454,0.18818781701930604,False,42.6341262857585
2019-11-23 15:00:00,120.96891,85.8596,120.0,24.0,-396439.6084131435,-237912.262210599,0.15116050376978887,0.13952910927266,0.20571307745099301,False,47.29135980002059
2019-11-23 16:00:00,121.04022,85.86407,120.0,24.0,-395715.7195089816,-238148.2211930215,0.16015544819505304,0.13579918820322742,0.20997901586399983,False,49.70468425740239
2019-11-23 17:00:00,121.11196,85.86836,120.0,24.0,-395007.26922867517,-238396.09234614993,0.1557212904804818,0.1311423735310232,0.2035864495595348,False,49.89722923660884
2019-11-23 18:00:00,121.17945,85.87253,120.0,24.0,-394327.9783794069,-238620.24870662318,0.14208017310742035,0.1295884414360121,0.19230168939468334,False,47.632691766539324
2019-11-23 19:00:00,121.23912,85.87672,120.0,24.0,-393679.3936388313,-238788.24855766294,0.12243379346443381,0.13656402872774376,0.1834114710819464,False,41.877189906184356
2019-11-23 20:00:00,121.28914,85.88134,120.0,24.0,-393030.11242023815,-238864.0303935197,0.10058737967446517,0.15702889846255946,0.18648296410701923,False,32.64224489872436
2019-11-23 21:00:00,121.32934,85.88685,120.0,24.0,-392337.09070011205,-238819.95446046776,0.08375752832477557,0.18834860635775127,0.2061322902118509,False,23.97443626072061
2019-11-23 22:00:00,121.36437,85.89349,120.0,24.0,-391558.17119987577,-238674.03656214,0.07754520959295377,0.2246279772579335,0.23763625080741746,False,19.04550176031489
2019-11-23 23:00:00,121.39911,85.90134,120.0,24.0,-390665.50440265524,-238454.91302116413,0.07781961945481027,0.2570290798263394,0.26855137506344334,False,16.844518348747783
2019-11-24 00:00:00,121.43452,85.91007,120.0,24.0,-389686.6521912967,-238188.1259114236,0.07959422428969595,0.2776482674798805,0.28883178664208287,False,15.996160480931621
2019-11-24 01:00:00,121.47101,85.91925,120.0,24.0,-388660.95251533255,-237901.32330524837,0.08430521794607303,0.28834749283447103,0.3004191178950837,False,16.297530656861284
2019-11-24 02:00:00,121.51085,85.92867,120.0,24.0,-387599.0422016155,-237621.97232784698,0.09310178753456785,0.2926905148483903,0.30714114072254733,False,17.64532234528042
2019-11-24 03:00:00,121.5555,85.93813,120.0,24.0,-386513.97511188744,-237371.37076292947,0.09922339583355513,0.2866423321192778,0.3033300328742947,False,19.093679440914798
2019-11-24 04:00:00,121.60109,85.94716,120.0,24.0,-385466.5204092459,-237150.69427030892,0.09560711630883835,0.26741581496582323,0.2839928498795826,False,19.67310271124194
2019-11-24 05:00:00,121.64263,85.95538,120.0,24.0,-384513.37650886737,-236948.75777674624,0.08183166674276085,0.2447801800158583,0.2580964126261624,False,18.485129618677888
2019-11-24 06:00:00,121.67581,85.96295,120.0,24.0,-383657.010146861,-236727.69328218268,0.059846138225520276,0.22850295308604848,0.23620999096048614,False,14.676422868128782
2019-11-24 07:00:00,121.69737,85.97012,120.0,24.0,-382886.9722783163,-236451.53512600562,0.034592070977022216,0.21966961034658355,0.2223765929325728,False,8.949058890199183
2019-11-24 08:00:00,121.7075,85.97712,120.0,24.0,-382180.44534392527,-236108.56945025455,0.01103956577508057,0.21610697867082557,0.21638876644302724,False,2.9243441898721585
2019-11-24 09:00:00,121.70749,85.98406,120.0,24.0,-381521.4666443403,-235701.3647343723,-0.008519255616915772,0.21300847943066598,0.21317877480094213,False,357.70968095174163
2019-11-24 10:00:00,121.69965,85.99086,120.0,24.0,-380907.9333834568,-235250.32009173842,-0.02254349255773941,0.20479288719184507,0.2060299388464517,False,353.7182026688914
2019-11-24 11:00:00,121.68671,85.99727,120.0,24.0,-380352.22356715996,-234788.4614814427,-0.02987317764218657,0.18479409528962434,0.18719312059034754,False,350.81720235264316
2019-11-24 12:00:00,121.67208,86.00278,120.0,24.0,-379888.73179199675,-234368.40894980164,-0.030356794756014584,0.15301281746484446,0.15599505535877925,False,348.77858355867505
2019-11-24 13:00:00,121.65866,86.00714,120.0,24.0,-379529.3706838756,-234023.9934319368,-0.027379830577519998,0.13409951603784187,0.1368661219003341,False,348.4602183967497
2019-11-24 14:00:00,121.64675,86.01143,120.0,24.0,-379170.36145936756,-233693.85107356246,-0.024571837411045787,0.14898264799692107,0.15099537939264684,False,350.63447095374624
2019-11-24 15:00:00,121.6359,86.01675,120.0,24.0,-378709.02841055946,-233310.57205787572,-0.023040276600117537,0.17750844994379059,0.17899749760054506,False,352.6044585159408
2019-11-24 16:00:00,121.62538,86.02288,120.0,24.0,-378169.23497050244,-232882.24479445515,-0.02385436319592797,0.194717373161515,0.1961731022704283,False,353.01563204256325
2019-11-24 17:00:00,121.61374,86.02931,120.0,24.0,-377605.3226199216,-232429.187816598,-0.030612964109259344,0.20061006802594594,0.2029323852048496,False,351.3236361900508
2019-11-24 18:00:00,121.59689,86.03582,120.0,24.0,-377054.72701646393,-231937.40421208856,-0.04580511164631082,0.20138784037071727,0.20653128213932265,False,347.1862256914912
2019-11-24 19:00:00,121.57104,86.0423,120.0,24.0,-376543.07738657197,-231388.57304490986,-0.0649372388028675,0.20418027209779757,0.2142578551588513,False,342.35731962775776
2019-11-24 20:00:00,121.53626,86.04899,120.0,24.0,-376047.0031100758,-230769.37947699416,-0.08218569321334813,0.21363776315747457,0.2289008126151757,False,338.9584419571112
2019-11-24 21:00:00,121.49418,86.05608,120.0,24.0,-375541.56305503094,-230079.6971854711,-0.09329168014816834,0.21983686900154228,0.23881286932924994,False,337.0051974993051
2019-11-24 22:00:00,121.44887,86.06317,120.0,24.0,-375048.2427109535,-229369.73841147986,-0.09586425482837033,0.21394296842756158,0.23443879605004658,False,335.86364925363614
2019-11-24 23:00:00,121.40423,86.06988,120.0,24.0,-374587.56250405643,-228687.18519136048,-0.09333713980081723,0.20665624578794622,0.2267567542309718,False,335.6934904308467
2019-11-25 00:00:00,121.36114,86.0765,120.0,24.0,-374128.4555018449,-228020.83773295945,-0.0896399153039375,0.20898205715332493,0.22739572253613888,False,336.7837675787706
2019-11-25 01:00:00,121.31983,86.08336,120.0,24.0,-373638.60788572236,-227352.99252062506,-0.08486329109305622,0.21518330766283728,0.23131284891216933,False,338.47687720249496
2019-11-25 02:00:00,121.2811,86.09038,120.0,24.0,-373122.5191662919,-226693.50048903847,-0.07911495998983778,0.21735429542982876,0.231305137504533,False,339.9989604203113
2019-11-25 03:00:00,121.24508,86.09738,120.0,24.0,-372596.92554360774,-226053.5907226671,-0.07670619801885256,0.21704697392943204,0.2302025840568063,False,340.53617005787476
2019-11-25 04:00:00,121.20849,86.10438,120.0,24.0,-372072.91605687316,-225410.7291373628,-0.08128610752352083,0.217825018091733,0.23249767694105933,False,339.5358546717806
2019-11-25 05:00:00,121.16799,86.11143,120.0,24.0,-371558.7985000953,-224740.38386802527,-0.08964330411560964,0.21984143045006382,0.23741561977909947,False,337.81615968963916
2019-11-25 06:00:00,121.12332,86.11856,120.0,24.0,-371052.58036506356,-224039.25632809463,-0.09778096014967841,0.22139218162774185,0.24202399520230228,False,336.1706775824599
2019-11-25 07:00:00,121.07492,86.12571,120.0,24.0,-370558.12032688037,-223313.7784437533,-0.10503047498718267,0.2179817915519732,0.24196582842261238,False,334.2737720247854
2019-11-25 08:00:00,121.02317,86.13262,120.0,24.0,-370098.6701324031,-222581.4649491428,-0.11138093924575307,0.20650940185052352,0.2346312994464446,False,331.6597756802809
2019-11-25 09:00:00,120.96853,86.13903,120.0,24.0,-369697.2447473392,-221860.23760551136,-0.11613081117028383,0.1922456162158386,0.22459907002762863,False,328.8648665167903
2019-11-25 10:00:00,120.91206,86.14502,120.0,24.0,-369342.0659854521,-221152.26741085996,-0.11838258030448376,0.1812371173856132,0.21647477459924536,False,326.8477639657574
2019-11-25 11:00:00,120.85509,86.15072,120.0,24.0,-369015.56388437975,-220458.5948384148,-0.11730314364912578,0.17301862778117344,0.20903462169996548,False,325.8635201807173
2019-11-25 12:00:00,120.79949,86.15618,120.0,24.0,-368705.80398647056,-219788.32313319982,-0.11270590953734125,0.16588583108688043,0.200551068309357,False,325.8070851234708
2019-11-25 13:00:00,120.74678,86.16142,120.0,24.0,-368405.14329541783,-219149.996580884,-0.10706473168651834,0.15922015718244154,0.191869526565079,False,326.08185036460554
2019-11-25 14:00:00,120.69646,86.16645,120.0,24.0,-368114.6615738063,-218539.73031999866,-0.10300997477515259,0.15348505207709873,0.18484781879775394,False,326.1328536520536
2019-11-25 15:00:00,120.64752,86.17132,120.0,24.0,-367833.50814132876,-217948.10661338523,-0.10122978427791944,0.14837012674174987,0.1796139296778427,False,325.6951127424717
2019-11-25 16:00:00,120.59879,86.17602,120.0,24.0,-367567.1496818367,-217368.12908402336,-0.10184919189140992,0.14341017007929135,0.17589694360933197,False,324.6178190583198
2019-11-25 17:00:00,120.54913,86.18057,120.0,24.0,-367318.0090451343,-216791.31080929673,-0.10482950732289334,0.137675055857592,0.17304232606779077,False,322.71337471916127
2019-11-25 18:00:00,120.4974,86.1849,120.0,24.0,-367097.1160109884,-216214.2889787312,-0.10993681695524748,0.1296142583849132,0.16995869998009114,False,319.69590371919037
2019-11-25 19:00:00,120.44268,86.18893,120.0,24.0,-366915.60424095794,-215635.66444281262,-0.11611232183429479,0.12217288947356517,0.16854757845804497,False,316.456951934014
2019-11-25 20:00:00,120.38485,86.19278,120.0,24.0,-366762.3277835449,-215047.84035166516,-0.12208546056470562,0.11767676411599931,0.16956615373979805,False,313.94657618859264
2019-11-25 21:00:00,120.32422,86.19652,120.0,24.0,-366629.31755337765,-214448.82878050342,-0.12639430907058447,0.11426473060450001,0.1703876463407761,False,312.1146479004068
2019-11-25 22:00:00,120.26209,86.20015,120.0,24.0,-366511.6544823602,-213846.93270101186,-0.12810693540864135,0.10992244447253417,0.168802638304652,False,310.63131786823436
2019-11-25 23:00:00,120.19968,86.20361,120.0,24.0,-366410.5604334911,-213253.29901261182,-0.128515031880919,0.10418608522242843,0.16544139075010444,False,309.03139925564085
2019-11-26 00:00:00,120.13704,86.20687,120.0,24.0,-366328.7694658459,-212669.877846579,-0.12899010192649266,0.09782973316652954,0.1618922576482314,False,307.1777062704318
2019-11-26 01:00:00,120.07406,86.20992,120.0,24.0,-366267.6854595535,-212096.46425957946,-0.1291127033651689,0.09116264231980033,0.15805289470613926,False,305.2247788179282
2019-11-26 02:00:00,120.0112,86.21275,120.0,24.0,-366226.60613442987,-211536.49218838077,-0.12836013387436263,0.08465064358683387,0.1537597327908366,False,303.4039601192227
2019-11-26 03:00:00,119.94886,86.21538,120.0,24.0,-366202.1687914466,-210991.33452982688,-0.12756417981147805,0.07813946836848908,0.149594105792592,False,301.48956237027494
2019-11-26 04:00:00,119.88669,86.21779,120.0,24.0,-366197.64665461576,-210459.80401511013,-0.12773857453874957,0.07131846302458537,0.14629923647572748,False,299.17531273557074
2019-11-26 05:00:00,119.8241,86.21998,120.0,24.0,-366215.2467737862,-209938.0612155448,-0.12933200136893938,0.06465272152983371,0.14459163523285004,False,296.5603447115145
2019-11-26 06:00:00,119.7603,86.22196,120.0,24.0,-366256.91676403035,-209420.4328078423,-0.1322905215914461,0.05891695998365317,0.1448170924879113,False,294.0062980365741
2019-11-26 07:00:00,119.69475,86.22378,120.0,24.0,-366319.78363108553,-208900.6316895491,-0.13497784046207126,0.0533346600019535,0.14513305403431823,False,291.56078071439185
2019-11-26 08:00:00,119.62826,86.2254,120.0,24.0,-366404.7659558358,-208385.98715177533,-0.13585975415769033,0.04775213463830326,0.14400742745533196,False,289.36561063171143
2019-11-26 09:00:00,119.56179,86.22686,120.0,24.0,-366504.51026669063,-207880.3664278295,-0.13561052129038506,0.045116307698754785,0.14291848972410356,False,288.40178466457473
2019-11-26 10:00:00,119.49549,86.22831,120.0,24.0,-366603.9309930036,-207376.4321500651,-0.1352082443879765,0.04744192432191475,0.14328993521474237,False,289.3349726901354
2019-11-26 11:00:00,119.42936,86.22992,120.0,24.0,-366686.5066393815,-206864.8584331776,-0.1347360896404589,0.04899226195293927,0.1433668566401147,False,289.9821000583796
2019-11-26 12:00:00,119.36347,86.23147,120.0,24.0,-366773.36275288626,-206358.19096048432,-0.13389920618623616,0.043720595034866486,0.1408562666249073,False,288.0828287359217
2019-11-26 13:00:00,119.29811,86.23274,120.0,24.0,-366884.8923557487,-205870.28616453332,-0.1317719891032335,0.036742704281442516,0.13679869674136602,False,285.58035577647945
2019-11-26 14:00:00,119.23426,86.23384,120.0,24.0,-367006.93314259034,-205401.33538618288,-0.12773466991842924,0.03379601100578965,0.1321299218915743,False,284.819727794928
2019-11-26 15:00:00,119.17282,86.23492,120.0,24.0,-367121.71356194647,-204948.89871553838,-0.12289767291892643,0.033021043677567447,0.1272565414210336,False,285.03945013746227
2019-11-26 16:00:00,119.11368,86.23597,120.0,24.0,-367230.6622100998,-204512.82311875554,-0.1182987037419793,0.03193599181986053,0.1225336316304662,False,285.1074722885479
2019-11-26 17:00:00,119.05672,86.23698,120.0,24.0,-367335.2400006531,-204092.8860595449,-0.11286583134308609,0.0333305422822185,0.11768441244953688,False,286.4524599710078
2019-11-26 18:00:00,119.00288,86.23812,120.0,24.0,-367415.56251865375,-203685.91549084653,-0.10602784313128534,0.03922186077036767,0.11304980265954717,False,290.30046139262197
2019-11-26 19:00:00,118.9526,86.23951,120.0,24.0,-367458.39400688844,-203288.29817788248,-0.10158159109231413,0.045271057710701904,0.1112128064347439,False,294.0207177546873
2019-11-26 20:00:00,118.90309,86.24104,120.0,24.0,-367484.40252850536,-202888.1479060839,-0.1027927670688559,0.04728907790155437,0.11314861842042678,False,294.70445671828566
2019-11-26 21:00:00,118.85158,86.24256,120.0,24.0,-367518.03959204454,-202475.8145172352,-0.10618971368340357,0.046668422104542105,0.11599222781674184,False,293.7246038111773
2019-11-26 22:00:00,118.79869,86.24405,120.0,24.0,-367559.0337111165,-202056.34519233613,-0.10754041162414343,0.04651211483940898,0.11716790071996926,False,293.3888804535625
2019-11-26 23:00:00,118.74581,86.24556,120.0,24.0,-367597.5739925005,-201635.9632028318,-0.10642073329753282,0.04666621147843253,0.11620287332649912,False,293.67777604105936
2019-11-27 00:00:00,118.69398,86.24706,120.0,24.0,-367632.94312750804,-201222.9554246218,-0.10333148539554811,0.04558016666327716,0.11293780353408019,False,293.8025768150701
2019-11-27 01:00:00,118.6441,86.2485,120.0,24.0,-367666.9093877715,-200825.77243538428,-0.09875255408846653,0.043719287563703454,0.10799742146955779,False,293.8797152778167
2019-11-27 02:00:00,118.59674,86.24988,120.0,24.0,-367697.52779997495,-200448.0607817915,-0.09332634337767443,0.04108351495740177,0.10196892452851825,False,293.75974154903906
2019-11-27 03:00:00,118.55217,86.25115,120.0,24.0,-367728.81608849723,-200094.21086164747,-0.08845271915728108,0.03891370596287672,0.09663415564944967,False,293.7465147979259
2019-11-27 04:00:00,118.50958,86.25239,120.0,24.0,-367755.8164239658,-199754.74075994917,-0.08537956228992637,0.038139285856978206,0.09351082708702621,False,294.0704471622662
2019-11-27 05:00:00,118.46801,86.25361,120.0,24.0,-367780.9277982324,-199422.95265914022,-0.08391157908079985,0.03736456307786984,0.09185457897042174,False,294.002690232457
2019-11-27 06:00:00,118.42684,86.2548,120.0,24.0,-367807.30649783846,-199095.3952349386,-0.08382431649669438,0.0358147086802399,0.0911548648947956,False,293.1350408522819
2019-11-27 07:00:00,118.38533,86.25592,120.0,24.0,-367841.45846424863,-198769.4349061633,-0.08587509614277025,0.035660713052511256,0.09298504499619055,False,292.55128265151416
2019-11-27 08:00:00,118.34211,86.2571,120.0,24.0,-367875.3587024766,-198429.37055874252,-0.09047697005964017,0.03876252326085619,0.09843076409701106,False,293.1914633900176
2019-11-27 09:00:00,118.29603,86.25842,120.0,24.0,-367905.08193787956,-198063.59507176082,-0.09572359105821991,0.04124289964410162,0.10423043056677238,False,293.3089909432505
2019-11-27 10:00:00,118.2476,86.25976,120.0,24.0,-367940.5964048663,-197681.7524054845,-0.09982251824856025,0.03953700556467233,0.10736717356112657,False,291.6071818889145
2019-11-27 11:00:00,118.19744,86.26097,120.0,24.0,-367994.47506350843,-197295.73743304177,-0.10411119962407886,0.03643699553267827,0.11030320272146776,False,289.2891027620325
2019-11-27 12:00:00,118.14474,86.26211,120.0,24.0,-368063.5789434754,-196897.14930369082,-0.10945184159614783,0.03488693230911852,0.11487734186831298,False,287.67928076457736
2019-11-27 13:00:00,118.08927,86.26322,120.0,24.0,-368144.7148341451,-196482.38000004136,-0.11148487660122257,0.033023091476449565,0.1162729645336859,False,286.49988969688457
2019-11-27 14:00:00,118.03453,86.26424,120.0,24.0,-368231.76240950974,-196077.0516655872,-0.10638020733693276,0.028523630389618224,0.1101378500046753,False,285.00961758251015
2019-11-27 15:00:00,117.98408,86.26506,120.0,24.0,-368323.43527972884,-195709.7894622015,-0.0975186839758246,0.02371755126400513,0.10036142666551458,False,283.6695266469094
2019-11-27 16:00:00,117.93808,86.26577,120.0,24.0,-368410.4223083684,-195376.8840542059,-0.08966481717828179,0.021238099273979953,0.09214573403248857,False,283.32555695729707
2019-11-27 17:00:00,117.89538,86.26643,120.0,24.0,-368490.8108377782,-195067.80007258538,-0.08574719069084161,0.019689852172486883,0.08797880989162073,False,282.93245386157093
2019-11-27 18:00:00,117.85324,86.26704,120.0,24.0,-368573.97462053975,-194764.91486437508,-0.0874201966245594,0.018296602161056028,0.08931436854457735,False,281.821081275442
2019-11-27 19:00:00,117.80887,86.26761,120.0,24.0,-368668.4100735916,-194449.74739142237,-0.09328573606055206,0.018607909328454932,0.09512351361222408,False,281.2808509290022
2019-11-27 20:00:00,117.76091,86.26824,120.0,24.0,-368768.8148029189,-194108.3246924593,-0.10097645755563717,0.021709381183992512,0.10328379452691154,False,282.13357797959566
2019-11-27 21:00:00,117.70891,86.26901,120.0,24.0,-368868.73215434037,-193733.59346088214,-0.1072904398510659,0.02387849517931669,0.10991551762814858,False,282.5472157583704
2019-11-27 22:00:00,117.65468,86.26978,120.0,24.0,-368975.79851889284,-193344.48007032517,-0.10992691672840803,0.021241087701265204,0.11196030916421762,False,280.9364326279882
2019-11-27 23:00:00,117.60005,86.27038,120.0,24.0,-369100.62344606844,-192961.55293464544,-0.11118269291198195,0.014574750431698008,0.1121339134843084,False,277.4682224015172
2019-11-28 00:00:00,117.54456,86.27072,120.0,24.0,-369253.67817497277,-192586.4432564564,-0.11347546262688725,0.0054278646553930915,0.11360520381172401,False,272.7385381023864
2019-11-28 01:00:00,117.48765,86.27073,120.0,24.0,-369443.7954478921,-192219.06563124395,-0.11492776880844277,-0.003565938392011525,0.11498307684134433,False,268.222816864029
2019-11-28 02:00:00,117.43072,86.27049,120.0,24.0,-369658.38401186885,-191864.22762229748,-0.11358078309484701,-0.009924014510322078,0.11401350951724873,False,265.006516307858
2019-11-28 03:00:00,117.37515,86.27009,120.0,24.0,-369883.94695286575,-191526.14501664232,-0.11131070703147146,-0.014574789197856687,0.11226084793911023,False,262.54025010500857
2019-11-28 04:00:00,117.32048,86.26955,120.0,24.0,-370120.08348932344,-191200.79180188847,-0.11051935556496668,-0.01922506485598277,0.11217901351506117,False,260.13202559028923
2019-11-28 05:00:00,117.26571,86.26885,120.0,24.0,-370372.1452951422,-190882.69825626982,-0.11187480633648594,-0.025425629108238743,0.114727655377315,False,257.19595952752604
2019-11-28 06:00:00,117.20972,86.26791,120.0,24.0,-370651.8211403767,-190568.65598095866,-0.11550026513861592,-0.033021488760832274,0.12012797329128776,False,254.0447839914529
2019-11-28 07:00:00,117.15139,86.26672,120.0,24.0,-370963.83877572423,-190251.83546094128,-0.12111427009043478,-0.03891204928336809,0.1272116897103802,False,252.18863101987634
2019-11-28 08:00:00,117.08988,86.2654,120.0,24.0,-371299.0562298268,-189920.57896648347,-0.128079415435349,-0.04015162238092377,0.13422551709001168,False,252.5943110097727
2019-11-28 09:00:00,117.0247,86.26413,120.0,24.0,-371641.1608067509,-189562.4809231626,-0.1347768185342476,-0.03844682881243657,0.1401533069889766,False,254.07851649558808
2019-11-28 10:00:00,116.95661,86.26292,120.0,24.0,-371986.5698740497,-189181.92106934096,-0.14042491775406848,-0.036741557956862556,0.14515198795515818,False,255.3375049547116
2019-11-28 11:00:00,116.88589,86.26176,120.0,24.0,-372335.2868719685,-188781.19280138565,-0.14880094698967664,-0.03766773897792882,0.15349456141744544,False,255.7944594433156
2019-11-28 12:00:00,116.80957,86.26049,120.0,24.0,-372712.9506871693,-188349.00366558693,-0.16265253617109388,-0.04262490709929128,0.16814496789411276,False,255.31522316170802
2019-11-28 13:00:00,116.72522,86.25901,120.0,24.0,-373137.39423798973,-187874.3950795095,-0.17592312542380456,-0.049915514143772745,0.18286745093404908,False,254.15951490095955
2019-11-28 14:00:00,116.63586,86.25727,120.0,24.0,-373603.57621564355,-187379.2913747139,-0.18255910685107055,-0.05813801684664318,0.19159294479996167,False,252.3353341421255
2019-11-28 15:00:00,116.54504,86.25526,120.0,24.0,-374100.84567597,-186887.12783733822,-0.18561634432187313,-0.0658899805352964,0.19696425263066877,False,250.45618532689642
2019-11-28 16:00:00,116.45276,86.25302,120.0,24.0,-374625.22915448557,-186395.74993674,-0.18968321493933804,-0.0725550077129806,0.20308606838962093,False,249.06783704819858
2019-11-28 17:00:00,116.35804,86.25058,120.0,24.0,-375176.9208503815,-185897.10326801022,-0.19622902459102332,-0.0765833804683558,0.2106438801767224,False,248.68051665886634
2019-11-28 18:00:00,116.25943,86.24808,120.0,24.0,-375746.5797491392,-185374.59499742076,-0.2052537820089727,-0.07627117033735362,0.21896667886602406,False,249.61521231420065
2019-11-28 19:00:00,116.15595,86.24566,120.0,24.0,-376323.2451164012,-184814.7528683291,-0.21395107218785042,-0.0730173337398252,0.22606767198519076,False,251.15622646749952
2019-11-28 20:00:00,116.04891,86.24337,120.0,24.0,-376897.52287933783,-184223.6407599501,-0.2195207794260087,-0.06898944884649526,0.23010631597578007,False,252.55347577047084
2019-11-28 21:00:00,115.94008,86.24121,120.0,24.0,-377463.5914416297,-183612.88677854426,-0.22195673745376843,-0.0654259776637559,0.23139868593918023,False,253.57611439167692
2019-11-28 22:00:00,115.83077,86.23915,120.0,24.0,-378020.1842288517,-182992.6157665244,-0.22201903859182637,-0.06356743160907316,0.2309399745791384,False,254.02277630938008
2019-11-28 23:00:00,115.722,86.23711,120.0,24.0,-378572.05310915876,-182373.48791426804,-0.2206951413089402,-0.06418820021640341,0.2298400975556575,False,253.78316281757893
2019-11-29 00:00:00,115.61411,86.23501,120.0,24.0,-379126.1807197977,-181761.64217222898,-0.21899618632128431,-0.06728899922172273,0.22910071811220425,False,252.91984574109907
2019-11-29 01:00:00,115.50713,86.23277,120.0,24.0,-379690.57319214486,-181161.11581306896,-0.21783157623861304,-0.07162900974296922,0.2293061504699712,False,251.79771379721973
2019-11-29 02:00:00,115.40051,86.23039,120.0,24.0,-380267.02668867697,-180568.2077923641,-0.2179585224629324,-0.07550359593907503,0.2306657983185971,False,250.8932658008754
2019-11-29 03:00:00,115.29354,86.2279,120.0,24.0,-380854.78867706214,-179976.70111469584,-0.21935675110452726,-0.07782810951588802,0.23275437457962111,False,250.46523742107254
2019-11-29 04:00:00,115.18569,86.22537,120.0,24.0,-381448.4621413733,-179379.67025515297,-0.22160687625963688,-0.07798248842946927,0.2349273847536858,False,250.61325303527897
2019-11-29 05:00:00,115.07666,86.22287,120.0,24.0,-382041.8850148932,-178771.754102539,-0.22372219842167634,-0.07472742203527899,0.23587244364415827,False,251.5297111252227
2019-11-29 06:00:00,114.96688,86.22055,120.0,24.0,-382618.4910809594,-178148.73863485132,-0.22462311157020468,-0.06744199631485061,0.23452924149967513,False,253.28787116348704
2019-11-29 07:00:00,114.8571,86.21852,120.0,24.0,-383164.73802114965,-177510.56154068362,-0.2233298473215587,-0.05814230630549072,0.2307742370525623,False,255.4073907606949
2019-11-29 08:00:00,114.7487,86.2168,120.0,24.0,-383674.2566691741,-176865.69971715723,-0.21949947853755455,-0.048997005848621364,0.22490159550431876,False,257.4166430298997
2019-11-29 09:00:00,114.64276,86.21536,120.0,24.0,-384146.7304191327,-176223.0073273714,-0.2152724099169076,-0.04139865877382734,0.2192169232055429,False,259.1144425551357
2019-11-29 10:00:00,114.53857,86.21413,120.0,24.0,-384591.4510205565,-175581.18399436137,-0.21238372836653077,-0.03643622823325428,0.21548653508452476,False,260.2651912489574
2019-11-29 11:00:00,114.43552,86.21301,120.0,24.0,-385020.4471984296,-174940.90720966266,-0.20838984937320645,-0.034888845111023956,0.21129022891503688,False,260.49562876098855
2019-11-29 12:00:00,114.33529,86.21188,120.0,24.0,-385440.8218018579,-174319.0859515944,-0.200301824428,-0.036908178343142944,0.203673843430605,False,259.55962699081175
2019-11-29 13:00:00,114.24019,86.21063,120.0,24.0,-385856.8595025217,-173736.37619473235,-0.1870675801420254,-0.044198818405126974,0.19221814453532343,False,256.7064060812819
2019-11-29 14:00:00,114.15293,86.20903,120.0,24.0,-386283.9770125366,-173221.60518871128,-0.16937432726880566,-0.05815349440755314,0.17907956792881147,False,251.05044842315954
2019-11-29 15:00:00,114.07515,86.20688,120.0,24.0,-386737.89495715365,-172794.9629088716,-0.1532950870413786,-0.07303154367739785,0.16980279762986095,False,244.5263324916955
2019-11-29 16:00:00,114.00364,86.20432,120.0,24.0,-387214.3104199187,-172428.39528143086,-0.14458105085460285,-0.08294848133101103,0.16668572470773357,False,240.15641126540788
2019-11-29 17:00:00,113.93444,86.20153,120.0,24.0,-387706.94200015924,-172086.9536079295,-0.1423519845129514,-0.08775163645010334,0.16722570733725917,False,238.3486066216043
2019-11-29 18:00:00,113.8652,86.19866,120.0,24.0,-388207.5995550932,-171747.91521698787,-0.14392978557900804,-0.08837001451025098,0.1688935837779553,False,238.45090581905498
2019-11-29 19:00:00,113.79457,86.19583,120.0,24.0,-388708.0758883778,-171396.686160929,-0.14617713829980963,-0.08620026824046398,0.16970044786696825,False,239.47226065003457
2019-11-29 20:00:00,113.72325,86.1931,120.0,24.0,-389200.11585539824,-171035.30574523436,-0.1464658363617687,-0.08248081722186362,0.16809320756871432,False,240.61438476360414
2019-11-29 21:00:00,113.65244,86.19051,120.0,24.0,-389676.02353974123,-170670.16467715203,-0.14457461124379975,-0.07814083374667835,0.1643405248711402,False,241.60931297028878
2019-11-29 22:00:00,113.58305,86.18806,120.0,24.0,-390133.07905245747,-170307.52525249595,-0.1408601820339961,-0.07442087104479073,0.1593111952428827,False,242.151095340438
2019-11-29 23:00:00,113.51593,86.18571,120.0,24.0,-390572.8582250405,-169955.04951266406,-0.1352702211398328,-0.0736466532988933,0.1540190321659848,False,241.43431581688438
2019-11-30 00:00:00,113.45204,86.18331,120.0,24.0,-391007.90497662773,-169626.0408855127,-0.1281874202755207,-0.07783294919760396,0.14996660527494038,False,238.73467702358968
2019-11-30 01:00:00,113.39186,86.18069,120.0,24.0,-391454.2796297675,-169331.36929786063,-0.12199072670556,-0.08542809075102609,0.14892849321575832,False,234.99708040299546
2019-11-30 02:00:00,113.33405,86.1778,120.0,24.0,-391921.1479240717,-169064.09536828878,-0.11798588134189639,-0.09364410148322919,0.15063162330209875,False,231.56135387208963
2019-11-30 03:00:00,113.27783,86.17465,120.0,24.0,-392409.850912569,-168818.41002994208,-0.11135885767153186,-0.1012439543042172,0.1505029350712567,False,227.72388023355919
2019-11-30 04:00:00,113.22651,86.17127,120.0,24.0,-392907.62387738214,-168615.6536749003,-0.09826959755991307,-0.1074472779136814,0.14560848648223482,False,222.44554792862303
2019-11-30 05:00:00,113.18301,86.16772,120.0,24.0,-393399.8026374732,-168473.303497406,-0.08503130494722702,-0.11132011316124481,0.1400802998828196,False,217.37421721690583
2019-11-30 06:00:00,113.14454,86.16409,120.0,24.0,-393885.42324080947,-168368.39205634978,-0.07814635641240444,-0.11209258802934469,0.13664406797095488,False,214.88262775205055
2019-11-30 07:00:00,113.10775,86.16049,120.0,24.0,-394363.0657149244,-168273.15341468004,-0.07468500779061113,-0.10976689357098617,0.13276528655076916,False,214.23123299291086
2019-11-30 08:00:00,113.07268,86.15701,120.0,24.0,-394823.37526722037,-168183.97393085007,-0.0702887155637594,-0.10527118070703534,0.12658011306305728,False,213.73071584688762
2019-11-30 09:00:00,113.04018,86.1537,120.0,24.0,-395258.71992787154,-168104.5971094722,-0.06454014023338098,-0.10170536066680141,0.1204550127213834,False,212.39837574845984
2019-11-30 10:00:00,113.01069,86.15045,120.0,24.0,-395679.10883784393,-168042.9495529633,-0.05801983001094947,-0.10155019671511219,0.11695615899719627,False,209.74111536998106
2019-11-30 11:00:00,112.9845,86.14715,120.0,24.0,-396095.00109443493,-168005.90640993766,-0.051155093060208504,-0.10434055120456844,0.11620582675439196,False,206.1173499536933
2019-11-30 12:00:00,112.96164,86.14372,120.0,24.0,-396514.5403698584,-167997.22379243985,-0.04419604653865108,-0.1089913242003586,0.11761122089577289,False,202.07258339493947
2019-11-30 13:00:00,112.94216,86.14012,120.0,24.0,-396941.6999421906,-168019.0456608761,-0.03668238926035254,-0.11519254634145279,0.12089218508437911,False,197.66377043415008
2019-11-30 14:00:00,112.92653,86.13629,120.0,24.0,-397381.2730419654,-168077.29844129132,-0.028413554682048498,-0.12216877549082064,0.12542942156685688,False,193.09287703344762
2019-11-30 15:00:00,112.91499,86.13224,120.0,24.0,-397831.5233310618,-168173.28313871342,-0.020884481610947768,-0.12790447350580436,0.12959828669760656,False,189.27352617270503
2019-11-30 16:00:00,112.90658,86.12804,120.0,24.0,-398288.0582786549,-168297.36762939644,-0.015510116860792372,-0.13069463557403216,0.13161174526942687,False,186.7678926638152
2019-11-30 17:00:00,112.90019,86.12381,120.0,24.0,-398741.78439906385,-168436.6824581315,-0.011697483382316735,-0.13007421629644414,0.1305991304052738,False,185.13874633995675
2019-11-30 18:00:00,112.89543,86.11965,120.0,24.0,-399183.5518599977,-168584.21458052497,-0.008369825797520311,-0.12650820084352557,0.12678477378828515,False,183.7851919473827
2019-11-30 19:00:00,112.89222,86.11565,120.0,24.0,-399604.3279763933,-168735.5375694243,-0.004740073987524997,-0.12154690998253125,0.12163930132859513,False,182.23328326670367
2019-11-30 20:00:00,112.89092,86.11181,120.0,24.0,-400003.03817820916,-168893.20166078015,-0.00010270024739939682,-0.11689566265231352,0.11689570776664258,False,180.05033796022406
2019-11-30 21:00:00,112.89212,86.10811,120.0,24.0,-400379.98205951747,-169062.23918251405,0.0061138006629158845,-0.11410472928344839,0.11426840247152717,False,176.93299011565603
2019-11-30 22:00:00,112.89672,86.10445,120.0,24.0,-400742.7623276348,-169253.3362823934,0.014504095484421761,-0.11348406489792404,0.11440717535005161,False,172.71666510671912
2019-11-30 23:00:00,112.90587,86.10079,120.0,24.0,-401092.05677552964,-169476.3447857782,0.025918610151992143,-0.11255289240501781,0.11549860579654833,False,167.03203342338844
2019-12-01 00:00:00,112.92127,86.09719,120.0,24.0,-401416.6074205655,-169740.6499957156,0.040374640752840314,-0.10991599637804375,0.11709670309491656,False,159.83057016537657
2019-12-01 01:00:00,112.94408,86.0937,120.0,24.0,-401707.74735980114,-170052.31042009647,0.05444228204297075,-0.1092955591060072,0.12210438695780382,False,153.52119564196556
2019-12-01 02:00:00,112.97275,86.09014,120.0,24.0,-401988.46994998044,-170408.3930292147,0.06454573115344693,-0.11348204982589541,0.13055392388902012,False,150.36987159952434
2019-12-01 03:00:00,113.00506,86.08638,120.0,24.0,-402278.6359985495,-170799.07951161527,0.07013440138955782,-0.11689371626916623,0.13631938659445306,False,149.03690242951978
2019-12-01 04:00:00,113.03895,86.0826,120.0,24.0,-402565.8221385237,-171202.1221283133,0.07203326340738411,-0.11425889611076623,0.13506993143393703,False,147.77106993722265
2019-12-01 05:00:00,113.07299,86.07901,120.0,24.0,-402832.7104640574,-171598.3069864216,0.0734270476102398,-0.10867698677749521,0.13115722921666303,False,145.9552748221676
2019-12-01 06:00:00,113.10813,86.07559,120.0,24.0,-403078.5140069262,-171995.16063268177,0.07694504819463352,-0.10433522353325232,0.12963942036050688,False,143.59200054418199
2019-12-01 07:00:00,113.14542,86.07228,120.0,24.0,-403306.22228988097,-172402.68827306907,0.08058170842735356,-0.10139009371741234,0.1295120181183842,False,141.52340947688845
2019-12-01 08:00:00,113.18392,86.06905,120.0,24.0,-403521.71203467064,-172815.5913961704,0.08176412969511539,-0.09906547411942998,0.12844976086901486,False,140.46528701283165
2019-12-01 09:00:00,113.22226,86.06589,120.0,24.0,-403730.1316677995,-173224.6534062967,0.08046700722891328,-0.09860094895065083,0.12726777434349526,False,140.7825436520941
2019-12-01 10:00:00,113.25948,86.06269,120.0,24.0,-403945.6801507032,-173627.9386094087,0.07714305291870033,-0.10108195220861668,0.12715585584597536,False,142.65009106027202
2019-12-01 11:00:00,113.29464,86.05937,120.0,24.0,-404179.43422405946,-174022.34259527829,0.0714147257884569,-0.10526840650138268,0.12720652682461242,False,145.84679325220884
2019-12-01 12:00:00,113.32643,86.0559,120.0,24.0,-404438.48879008176,-174399.94160755817,0.06327689710752787,-0.11007453894127939,0.12696601840922594,False,150.1073429238341
2019-12-01 13:00:00,113.35391,86.05227,120.0,24.0,-404726.79096010263,-174754.51783081362,0.05495705616331059,-0.11410453369136447,0.12664960572801245,False,154.28277599769672
2019-12-01 14:00:00,113.37786,86.04854,120.0,24.0,-405035.87915536755,-175088.886241515,0.04872002155562001,-0.11596407562743805,0.1257827783780683,False,157.21124852723148
2019-12-01 15:00:00,113.39946,86.04479,120.0,24.0,-405354.00154107297,-175407.80449028505,0.04477310086811416,-0.11503329348490438,0.12343941498293999,False,158.733085451085
2019-12-01 16:00:00,113.41968,86.04112,120.0,24.0,-405667.9787651994,-175713.66712621952,0.043014716777868396,-0.11069187865540286,0.11875587505358488,False,158.76393983048206
2019-12-01 17:00:00,113.4396,86.03765,120.0,24.0,-405962.2295711719,-176008.767050559,0.044190045546267334,-0.10231948165592156,0.11145418992446021,False,156.64130467276118
2019-12-01 18:00:00,113.46088,86.03452,120.0,24.0,-406217.32479996496,-176298.6263587686,0.04880865003196301,-0.08991625033892241,0.10230941497709,False,151.5058520572232
2019-12-01 19:00:00,113.48507,86.03185,120.0,24.0,-406416.198399514,-176588.88152262848,0.05538168071099966,-0.07379275228220043,0.09226321503046223,False,143.11166277301606
2019-12-01 20:00:00,113.51244,86.02976,120.0,24.0,-406545.7160329975,-176876.0752673442,0.06216958579499427,-0.05534399063260716,0.08323469647366573,False,131.67579777673188
2019-12-01 21:00:00,113.54292,86.02828,120.0,24.0,-406603.01340821665,-177158.30968703484,0.06862182272979822,-0.03798058925633529,0.07843136945775142,False,118.96351194867782
2019-12-01 22:00:00,113.57627,86.02731,120.0,24.0,-406599.06159862323,-177438.25580689943,0.07434939639874188,-0.024338090984875046,0.07823155001433443,False,108.12573120692434
2019-12-01 23:00:00,113.61206,86.02671,120.0,24.0,-406549.51067138277,-177719.0300726122,0.07842705105013419,-0.015036967125236202,0.07985557411192902,False,100.85370947102228
2019-12-02 00:00:00,113.64919,86.02634,120.0,24.0,-406472.0876423682,-177999.0202580454,0.08015619613309086,-0.009456630528250833,0.0807121034261552,False,96.72851255016491
2019-12-02 01:00:00,113.68658,86.0261,120.0,24.0,-406380.37508111534,-178274.99941562963,0.08037675667461507,-0.00635625968287901,0.08062769406777345,False,94.52158712744495
2019-12-02 02:00:00,113.72391,86.02593,120.0,24.0,-406281.5091725449,-178547.3656031222,0.08025150794340855,-0.004805962348591288,0.08039528469560289,False,93.42713664404994
2019-12-02 03:00:00,113.76118,86.02579,120.0,24.0,-406179.58332332474,-178817.90402915035,0.0807711455756627,-0.004495480084075375,0.08089615132249009,False,93.18562484914827
2019-12-02 04:00:00,113.79899,86.02564,120.0,24.0,-406076.810827621,-179092.66300560525,0.08253849210659914,-0.0046500978146926525,0.08266937818150889,False,93.22455161501699
2019-12-02 05:00:00,113.8379,86.02549,120.0,24.0,-405970.40889467293,-179375.15831477556,0.08477900065727606,-0.004030046173895515,0.08487473254514646,False,92.7215577974082
2019-12-02 06:00:00,113.87779,86.02538,120.0,24.0,-405856.6548660091,-179662.72634332353,0.08673848687788781,-0.0013946310912800151,0.08674969799224826,False,90.92115499855936
2019-12-02 07:00:00,113.91852,86.0254,120.0,24.0,-405726.79430558044,-179950.28819198228,0.08898547996602474,0.004186771467908662,0.08908391942493485,False,87.30621716615536
2019-12-02 08:00:00,113.9605,86.02565,120.0,24.0,-405569.3371563765,-180236.17896297498,0.0920014956444098,0.013023744869561905,0.09291874477862794,False,81.94273720445244
2019-12-02 09:00:00,114.00404,86.02624,120.0,24.0,-405372.0945144217,-180517.53512064318,0.0946549160773878,0.024185393107845874,0.09769588720820527,False,75.6669491044251
2019-12-02 10:00:00,114.0485,86.02721,120.0,24.0,-405133.020883979,-180787.9164768758,0.09613761525197477,0.03565724452341205,0.10253721350484969,False,69.65028592722882
2019-12-02 11:00:00,114.09344,86.02854,120.0,24.0,-404855.57194498734,-181045.02349247143,0.09845953635337701,0.04635538287393305,0.10882601628430076,False,64.78864213425925
2019-12-02 12:00:00,114.14009,86.0302,120.0,24.0,-404538.94397461077,-181298.81668642795,0.10391983657471146,0.05581385232416276,0.11795981750146185,False,61.76039295641641
2019-12-02 13:00:00,114.19015,86.03214,120.0,24.0,-404182.85555365944,-181563.46471210045,0.11318062317344686,0.06356748501187162,0.12981016374947033,False,60.67941417606107
2019-12-02 14:00:00,114.24547,86.0343,120.0,24.0,-403787.5285249736,-181854.61701147922,0.12584954701339238,0.07008083934965612,0.1440466331693607,False,60.88822496755495
2019-12-02 15:00:00,114.30739,86.03666,120.0,24.0,-403350.6865081707,-182182.4519994919,0.13893875855630258,0.07612668799802493,0.1584274321407602,False,61.28098580738799
2019-12-02 16:00:00,114.37498,86.03921,120.0,24.0,-402876.2266995279,-182540.6739828626,0.15004232663840633,0.08248235605655299,0.1712192712392685,False,61.20120552904859
2019-12-02 17:00:00,114.44734,86.04198,120.0,24.0,-402363.9000015547,-182921.36731535586,0.16189257970192777,0.08930654011789252,0.1848914964793508,False,61.117082255860396
2019-12-02 18:00:00,114.52609,86.04497,120.0,24.0,-401808.4679194658,-183335.68002911916,0.17690655913428682,0.09628592265318964,0.2014122875246417,False,61.441626122579976
2019-12-02 19:00:00,114.61259,86.04819,120.0,24.0,-401204.45866516157,-183792.39221704332,0.1908164403139121,0.10573989086631652,0.21815553720795927,False,61.00721033468483
2019-12-02 20:00:00,114.70448,86.05179,120.0,24.0,-400544.11772892304,-184267.65615493024,0.1996822016829336,0.11968915391839652,0.23280565979942452,False,59.061603231904996
2019-12-02 21:00:00,114.79944,86.05591,120.0,24.0,-399820.69451008085,-184738.35507005488,0.20753228176457916,0.13566026027841135,0.24793820640074613,False,56.82804972245884
2019-12-02 22:00:00,114.89888,86.06054,120.0,24.0,-399030.69290940766,-185214.4000469366,0.21853804576744673,0.15023683890985012,0.2651980113301736,False,55.49291330725782
2019-12-02 23:00:00,115.00439,86.0656,120.0,24.0,-398177.070367282,-185710.16066310092,0.22957571115783965,0.1600015750169823,0.27983121906167446,False,55.12563564816429
2019-12-03 00:00:00,115.11445,86.07086,120.0,24.0,-397287.97379338235,-186225.48252688287,0.236849972652593,0.1632536853036617,0.2876624329153201,False,55.42265237962539
2019-12-03 01:00:00,115.22708,86.07613,120.0,24.0,-396388.9814353426,-186755.37888892053,0.24140077031544427,0.16216764695504304,0.2908138195269017,False,56.107675797840784
2019-12-03 02:00:00,115.34172,86.08132,120.0,24.0,-395490.94237827044,-187300.1572224663,0.2448910922477554,0.1593764707661564,0.29218573972077105,False,56.943700102781634
2019-12-03 03:00:00,115.45794,86.08641,120.0,24.0,-394597.20978922816,-187857.7695206578,0.24651434053358973,0.1559631741219162,0.2917084705161881,False,57.67953332148062
2019-12-03 04:00:00,115.57441,86.09138,120.0,24.0,-393714.1039600776,-188420.02751613304,0.24555748176885844,0.15224026008398117,0.28892139699769814,False,58.2019937061732
2019-12-03 05:00:00,115.69002,86.09623,120.0,24.0,-392845.2513915266,-188979.38242642404,0.24415298275078556,0.14852116923433709,0.2857782649132715,False,58.68735231734661
2019-12-03 06:00:00,115.80545,86.10096,120.0,24.0,-391988.4002824645,-189540.59835755127,0.24450917496037297,0.14542282128945222,0.2844864383263045,False,59.25776312146445
2019-12-03 07:00:00,115.92168,86.10561,120.0,24.0,-391136.26075385895,-190108.4942639991,0.24619927974424888,0.1429431123944366,0.28468722965316773,False,59.86058258119107
2019-12-03 08:00:00,116.03899,86.11018,120.0,24.0,-390287.86084169685,-190684.99020182146,0.24803609265000498,0.14123766215086309,0.28542946671099534,False,60.34178262554855
2019-12-03 09:00:00,116.15724,86.11472,120.0,24.0,-389438.60907349037,-191266.67497509174,0.248485983252268,0.13952993710435002,0.2849805032299408,False,60.684902831077125
2019-12-03 10:00:00,116.27525,86.11918,120.0,24.0,-388597.4309000012,-191847.99257747052,0.24627043731496323,0.13658157455257403,0.2816090460240288,False,60.987251377559176
2019-12-03 11:00:00,116.39166,86.12353,120.0,24.0,-387771.8838525827,-192421.2868159089,0.24158706079268585,0.13378911514935865,0.2761590760320892,False,61.02264255033481
2019-12-03 12:00:00,116.50547,86.12781,120.0,24.0,-386961.3623120919,-192977.94691119698,0.2352100967190484,0.1316176795441123,0.2695310801506215,False,60.769716320849795
2019-12-03 13:00:00,116.61605,86.13202,120.0,24.0,-386168.05574957485,-193513.87825839224,0.22872060535584499,0.13115396820841846,0.2636559855022431,False,60.16899003362124
2019-12-03 14:00:00,116.72391,86.13627,120.0,24.0,-385379.3463747464,-194027.16383316045,0.2237812608799331,0.13317160291448557,0.26040877201781454,False,59.2432413734694
2019-12-03 15:00:00,116.83001,86.14061,120.0,24.0,-384587.0847132329,-194521.81795398903,0.2216046192772183,0.13658584795512121,0.26031577198975164,False,58.35242551684348
2019-12-03 16:00:00,116.93603,86.14508,120.0,24.0,-383781.64871049474,-195007.09421083305,0.22260988467177825,0.14015451356486625,0.2630559796434719,False,57.80560524904183
2019-12-03 17:00:00,117.04334,86.14965,120.0,24.0,-382961.39090269426,-195493.60352745157,0.2241887591330025,0.13937794251373853,0.2639825952235458,False,58.130821838162205
2019-12-03 18:00:00,117.15112,86.15407,120.0,24.0,-382153.9490791138,-195988.50043178294,0.22376106524914463,0.13193424483325958,0.25976077317631013,False,59.475501613909046
2019-12-03 19:00:00,117.25826,86.15816,120.0,24.0,-381380.94207968516,-196493.66337315293,0.2220525393154531,0.12402734127605376,0.2543425084417616,False,60.81447850948848
2019-12-03 20:00:00,117.36463,86.16207,120.0,24.0,-380627.87474909064,-197000.7417689213,0.22005542728864969,0.12123655532982629,0.2512423002351161,False,61.148029087474924
2019-12-03 21:00:00,117.47007,86.16598,120.0,24.0,-379877.44573799573,-197499.5357198275,0.21677162319283363,0.12076956559057539,0.24814355642368016,False,60.876591134263435
2019-12-03 22:00:00,117.57349,86.16986,120.0,24.0,-379136.4194482915,-197984.41891550025,0.21168242188213549,0.11844304155758714,0.2425658711098878,False,60.771600420850746
2019-12-03 23:00:00,117.67423,86.17362,120.0,24.0,-378416.0268552676,-198455.79260578062,0.2080647190635414,0.1147261470841448,0.23759843464080996,False,61.12781400784553
2019-12-04 00:00:00,117.77436,86.17726,120.0,24.0,-377709.1192509198,-198927.46637108,0.20891014438542038,0.1108544124733378,0.2364997868750543,False,62.048146750146714
2019-12-04 01:00:00,117.87611,86.18077,120.0,24.0,-377008.9090832017,-199414.7202306027,0.21194316166707539,0.10744353337512245,0.23762158286142088,False,63.11749703955144
2019-12-04 02:00:00,117.97936,86.18419,120.0,24.0,-376311.79888817476,-199914.6798366268,0.21444899354023353,0.1051173879150244,0.23882637222990438,False,63.8870928769079
2019-12-04 03:00:00,118.08372,86.18755,120.0,24.0,-375616.13817411405,-200423.2047296394,0.2174204052937908,0.10170828994552093,0.2400337661283479,False,64.93001791744052
2019-12-04 04:00:00,118.19003,86.19075,120.0,24.0,-374928.7774018632,-200951.05613741282,0.22222115384297367,0.09504364962751917,0.24169306268451562,False,66.84367798278504
2019-12-04 05:00:00,118.29922,86.19368,120.0,24.0,-374257.16116791236,-201510.14672963656,0.22805923743742956,0.08589678564070563,0.24369914559543948,False,69.36149689740142
2019-12-04 06:00:00,118.41136,86.19629,120.0,24.0,-373605.7904290046,-202103.63820008838,0.23347452417295478,0.07581852768896577,0.24547668438919024,False,72.00931078532659
2019-12-04 07:00:00,118.52596,86.19857,120.0,24.0,-372977.1929618835,-202728.9566890788,0.23651579301911663,0.06558236010993221,0.24543994439587546,False,74.50208627465588
2019-12-04 08:00:00,118.64119,86.20052,120.0,24.0,-372377.68309558637,-203374.32057694666,0.23533319149426069,0.056895561212810156,0.2421132295117204,False,76.40863231164406
2019-12-04 09:00:00,118.75476,86.20224,120.0,24.0,-371805.50576089445,-204019.67297065762,0.2289385424734178,0.05378935529189478,0.23517259826044917,False,76.77810565321693
2019-12-04 10:00:00,118.86388,86.20399,120.0,24.0,-371245.195385113,-204633.1066795252,0.2177076159879187,0.05921252546387651,0.2256163319242499,False,74.78464027269479
2019-12-04 11:00:00,118.96663,86.20606,120.0,24.0,-370675.4616115625,-205186.6338542751,0.2066414726575036,0.06867428281519658,0.21775411670561687,False,71.61652462143837
2019-12-04 12:00:00,119.06509,86.20842,120.0,24.0,-370092.0451340362,-205695.33748278004,0.2009202658204041,0.07612189017690515,0.21485691839325688,False,69.2499972799747
2019-12-04 13:00:00,119.16239,86.21097,120.0,24.0,-369493.6292299383,-206184.82613150362,0.20173948030297656,0.08046874437204138,0.21719584879487916,False,68.25420134484659
2019-12-04 14:00:00,119.26178,86.21361,120.0,24.0,-368878.3149733171,-206681.4212323861,0.20885666746425433,0.08155948738441353,0.22421654159914792,False,68.66912657910149
2019-12-04 15:00:00,119.36616,86.21623,120.0,24.0,-368246.29115121235,-207209.66905583077,0.22026322742663607,0.07660126853213112,0.23320300962279553,False,70.82378311080305
2019-12-04 16:00:00,119.47682,86.21855,120.0,24.0,-367619.94959239854,-207793.07075330758,0.2331673747006182,0.06373412625671546,0.24172104474887046,False,74.71217447688605
2019-12-04 17:00:00,119.59393,86.22034,120.0,24.0,-367020.7139959748,-208445.3564301602,0.24344159158890893,0.04884514381441531,0.24829348881835797,False,78.654581502859
2019-12-04 18:00:00,119.71474,86.2217,120.0,24.0,-366448.5331409489,-209143.51575214227,0.2468997344911641,0.03798407281098613,0.24980446088714592,False,81.25395147645673
2019-12-04 19:00:00,119.83532,86.22279,120.0,24.0,-365902.02765250165,-209853.71521727808,0.24029145207391717,0.03192514342257423,0.24240296351807164,False,82.43199962848075
2019-12-04 20:00:00,119.94974,86.22376,120.0,24.0,-365388.39892817196,-210529.9472178073,0.22292099870860682,0.029901618802314595,0.22491749258837476,False,82.36020363645821
2019-12-04 21:00:00,120.05339,86.22472,120.0,24.0,-364914.18927704316,-211136.93420247606,0.2034921276021307,0.03269877076504621,0.20610253663064626,False,80.87128404276575
2019-12-04 22:00:00,120.14886,86.22587,120.0,24.0,-364450.86565489514,-211680.20985394414,0.1909104818571573,0.04092362310119972,0.19524741998464676,False,77.90115860622103
2019-12-04 23:00:00,120.24026,86.22736,120.0,24.0,-363969.0302563138,-212177.55701468352,0.1854407748486129,0.05240139044524279,0.19270232665188225,False,74.22090191888702
2019-12-05 00:00:00,120.33045,86.22925,120.0,24.0,-363452.48721448757,-212643.6810409053,0.18555193183790458,0.0640336305471588,0.1962901557639313,False,70.96053977743037
2019-12-05 01:00:00,120.42205,86.23149,120.0,24.0,-362896.4435370956,-213097.85254912227,0.19132138443389696,0.0713255117929853,0.20418423243295325,False,69.55430829438558
2019-12-05 02:00:00,120.518,86.23385,120.0,24.0,-362312.12303855567,-213571.49642900116,0.20216677883990108,0.0710194988026113,0.2142782669256861,False,70.64405128057672
2019-12-05 03:00:00,120.62035,86.23607,120.0,24.0,-361716.77206946694,-214092.14523014816,0.21311967672562626,0.06388470512564282,0.22248876860782382,False,73.3133843127141
2019-12-05 04:00:00,120.72716,86.23797,120.0,24.0,-361134.7172224939,-214657.7102459375,0.21938160348173463,0.05256195441544913,0.22559044083956392,False,76.52640259256378
2019-12-05 05:00:00,120.83576,86.23946,120.0,24.0,-360584.3854396854,-215256.57315710545,0.22136151602731652,0.04015581610766027,0.22497424373733127,False,79.71813880177814
2019-12-05 06:00:00,120.9446,86.24056,120.0,24.0,-360069.51587855065,-215878.01565408573,0.22022711534984912,0.028834965968206047,0.2221068157389668,False,82.54053351213162
2019-12-05 07:00:00,121.05215,86.24132,120.0,24.0,-359590.97617374547,-216509.7609943468,0.21489831580715762,0.020302936701278668,0.21585526487776244,False,84.60288966639666
2019-12-05 08:00:00,121.1558,86.24187,120.0,24.0,-359146.17406958574,-217128.15432802582,0.2046098595315304,0.015027858196638225,0.2051609883469342,False,85.79937350440144
2019-12-05 09:00:00,121.25327,86.24229,120.0,24.0,-358736.20165580534,-217714.4848538895,0.1920224678345107,0.011927754984553465,0.19239256610437744,False,86.44555614788885
2019-12-05 10:00:00,121.34457,86.24264,120.0,24.0,-358355.4533915887,-218265.52550713357,0.18041787405209136,0.010689557020992807,0.18073426876710835,False,86.60925317100953
2019-12-05 11:00:00,121.43065,86.24298,120.0,24.0,-357994.7464570238,-218783.87316278732,0.1721405638453305,0.012088784003771988,0.17256451668775408,False,85.98292805367669
2019-12-05 12:00:00,121.51383,86.24342,120.0,24.0,-357634.87379841757,-219277.69304946114,0.16878316523553272,0.016278670837544987,0.1695663645631476,False,84.49101954414675
2019-12-05 13:00:00,121.59663,86.24403,120.0,24.0,-357259.61571972596,-219758.61695594623,0.16999809826605924,0.020002574299826395,0.17117083978498443,False,83.28923302545161
2019-12-05 14:00:00,121.68103,86.24471,120.0,24.0,-356870.9146391354,-220244.77640799148,0.17452522226480421,0.019539468498886978,0.17561561444187787,False,83.61188984569515
2019-12-05 15:00:00,121.76831,86.24529,120.0,24.0,-356479.95159255184,-220754.06318935796,0.1791667715492886,0.014576466561959933,0.17975874222086363,False,85.34883260513067
2019-12-05 16:00:00,121.8573,86.24565,120.0,24.0,-356102.52047293156,-221286.25947243857,0.18067673939283624,0.006201283378212616,0.1807831299462529,False,88.0342353796733
2019-12-05 17:00:00,121.94608,86.24569,120.0,24.0,-355755.4204223003,-221835.41302207942,0.17764788425653222,-0.004965586028905525,0.17771726935059723,False,91.60110581953245
2019-12-05 18:00:00,122.03209,86.24533,120.0,24.0,-355456.0779296627,-222390.5225464941,0.16954347847743179,-0.017837365391470697,0.17047921485722595,False,96.00589199306012
2019-12-05 19:00:00,122.11288,86.24454,120.0,24.0,-355216.83722207765,-222938.39193879528,0.15770051835229454,-0.028846396192568444,0.16031708599485275,False,100.3658797812293
2019-12-05 20:00:00,122.18721,86.24347,120.0,24.0,-355028.4059039141,-223462.65403410184,0.14357472504141966,-0.034118232631582264,0.1475728818876355,False,103.3674845651525
2019-12-05 21:00:00,122.25407,86.24234,120.0,24.0,-354874.0756815031,-223944.112262641,0.12717548098964504,-0.03225802880544801,0.1312028330005137,False,104.23288813150032
2019-12-05 22:00:00,122.31224,86.24139,120.0,24.0,-354736.1576651946,-224360.97148008968,0.10911541613217304,-0.023729820515832348,0.1116659232685196,False,102.2693252775639
2019-12-05 23:00:00,122.36132,86.24081,120.0,24.0,-354598.527516316,-224699.41392550443,0.09388074855106532,-0.013028217332556255,0.09478042727996468,False,97.90071071762833
2019-12-06 00:00:00,122.4045,86.24055,120.0,24.0,-354453.5900712377,-224982.1408214947,0.08550367080338049,-0.004807994540964401,0.08563874434132489,False,93.21843484444213
2019-12-06 01:00:00,122.44534,86.2405,120.0,24.0,-354297.84467258153,-225237.72991453062,0.08224955474573625,-6.172759771730374e-07,0.08224955474805255,False,90.00042999999692
2019-12-06 02:00:00,122.48532,86.24055,120.0,24.0,-354135.8833383471,-225481.90023853464,0.0812320842879542,0.0012402229462951872,0.08124155138057011,False,89.12529611273106
2019-12-06 03:00:00,122.52516,86.24058,120.0,24.0,-353976.1877224582,-225726.28967440405,0.0809068505434612,-0.0009303687349696069,0.08091219964161755,False,90.65882990279891
2019-12-06 04:00:00,122.56482,86.24049,120.0,24.0,-353828.3228559975,-225976.66466216743,0.07973899839702704,-0.005582124643844812,0.07993414777740801,False,94.00445520611743
2019-12-06 05:00:00,122.60351,86.24022,120.0,24.0,-353701.0377933177,-226231.7820448943,0.07493990814902968,-0.010390149883948038,0.07565675811185614,False,97.89353265214481
2019-12-06 06:00:00,122.63845,86.23982,120.0,24.0,-353600.6125099266,-226471.51545743848,0.06453355986107001,-0.0130270304848474,0.06583527832093862,False,101.41261108238047
2019-12-06 07:00:00,122.66691,86.23938,120.0,24.0,-353529.4233993091,-226673.6392341224,0.05087916902371009,-0.01395670305322503,0.05275869028566916,False,105.33953024756289
2019-12-06 08:00:00,122.68843,86.23892,120.0,24.0,-353487.4776271599,-226834.13932652536,0.03694691108765775,-0.013645716325715831,0.039386289657204254,False,110.27085578937192
2019-12-06 09:00:00,122.7032,86.2385,120.0,24.0,-353468.4435288713,-226950.58652316005,0.02378510380491247,-0.010699057514770561,0.026080663233798904,False,114.21925263122756
2019-12-06 10:00:00,122.71179,86.23823,120.0,24.0,-353459.77389532654,-227019.86526119395,0.012178422597798276,-0.0040316001360074655,0.012828397274298107,False,108.31684279191137
2019-12-06 11:00:00,122.71516,86.23824,120.0,24.0,-353445.4813112521,-227040.05120950256,0.0036760993223986854,0.0051162264679129816,0.006299958690270391,False,35.69791471352386
2019-12-06 12:00:00,122.7154,86.23856,120.0,24.0,-353414.47564417816,-227022.2255705239,-0.0005904153531146872,0.014418746227022359,0.014430829257130896,False,357.65517615031354
2019-12-06 13:00:00,122.71458,86.23917,120.0,24.0,-353360.4324879219,-226980.36605929432,-0.0020359776415750618,0.023101003949945374,0.023190549550460966,False,354.96332323035915
2019-12-06 14:00:00,122.7134,86.24005,120.0,24.0,-353282.45490112994,-226919.99955744325,-0.0023002523489489227,0.030077814659797454,0.030165644292439234,False,355.6267199358489
2019-12-06 15:00:00,122.71232,86.24111,120.0,24.0,-353187.17267703306,-226849.39399996286,-0.0012518344365682159,0.033798783978629385,0.033821958664315,False,357.87885684168066
2019-12-06 16:00:00,122.71217,86.24223,120.0,24.0,-353082.5714077114,-226780.90370830655,0.001159248298566994,0.033023617574723774,0.03304395821234701,False,2.0104633475498304
2019-12-06 17:00:00,122.71346,86.24324,120.0,24.0,-352982.6032529867,-226727.92132277542,0.0028170042247714095,0.028372404501700334,0.02851190716192948,False,5.670129472034432
2019-12-06 18:00:00,122.71494,86.24406,120.0,24.0,-352899.73101564514,-226687.56763482158,0.0015660959859690425,0.02186068752264768,0.02191671315686073,False,4.0976595063525
2019-12-06 19:00:00,122.715,86.24465,120.0,24.0,-352844.0800341735,-226652.34180511127,-0.0026529647859478483,0.015504113612058605,0.015729455205158893,False,350.2899533682032
2019-12-06 20:00:00,122.71233,86.24506,120.0,24.0,-352816.13280535495,-226611.1649366417,-0.009229251663521875,0.011473300122386423,0.01472466305105056,False,321.1864096993511
2019-12-06 21:00:00,122.70592,86.24539,120.0,24.0,-352810.4856510212,-226551.78762364385,-0.016993277469345525,0.011473578628062725,0.020504011453481585,False,304.0265677651148
2019-12-06 22:00:00,122.69561,86.2458,120.0,24.0,-352812.7303123261,-226463.57526905256,-0.024582290275045854,0.016124984647093724,0.02939904973014642,False,303.26324881007326
2019-12-06 23:00:00,122.68173,86.24643,120.0,24.0,-352808.38860416994,-226340.1248535676,-0.030562577693185704,0.023876870404230335,0.03878370915155515,False,307.99856548023774
2019-12-07 00:00:00,122.66553,86.24734,120.0,24.0,-352786.85480029293,-226185.53400112555,-0.03364356665320456,0.0324037045869142,0.04671070164431939,False,313.9245502609315
2019-12-07 01:00:00,122.64861,86.24852,120.0,24.0,-352742.7244729242,-226010.28037320529,-0.03297373686946659,0.040310186052096436,0.05207857930753728,False,320.7168298436193
2019-12-07 02:00:00,122.63306,86.24994,120.0,24.0,-352670.5594810618,-225829.05857678712,-0.02834356551501363,0.04666648259507284,0.054599618166248254,False,328.72698981852636
2019-12-07 03:00:00,122.62069,86.25153,120.0,24.0,-352569.81419857783,-225657.23192058207,-0.021533834346160356,0.049147283240816624,0.05365781836415761,False,336.3394174133005
2019-12-07 04:00:00,122.61184,86.25311,120.0,24.0,-352456.0978978504,-225507.71458662357,-0.014779737660843006,0.04697699177251427,0.049247115664962704,False,342.5355633178893
2019-12-07 05:00:00,122.60612,86.25456,120.0,24.0,-352342.2568696167,-225385.3052864316,-0.010443736665576946,0.04310128834202069,0.04434853652920156,False,346.3793589872633
2019-12-07 06:00:00,122.60154,86.25589,120.0,24.0,-352235.1976994948,-225277.1465152556,-0.01007436662615705,0.04031074010263887,0.04155055511711877,False,345.968195786156
2019-12-07 07:00:00,122.59618,86.25716,120.0,24.0,-352136.83155760344,-225167.82071642377,-0.011833788389357855,0.03922549895434761,0.040971676995964254,False,343.2121664210224
2019-12-07 08:00:00,122.58986,86.25842,120.0,24.0,-352043.159373067,-225053.21803319693,-0.013946615762108358,0.03891547014782743,0.041339108699176584,False,340.2832191071543
2019-12-07 09:00:00,122.58241,86.25967,120.0,24.0,-351954.8429786127,-224932.29859680473,-0.018335405643471206,0.03953602630527392,0.04358078104075175,False,335.11980344159224
2019-12-07 10:00:00,122.57175,86.26097,120.0,24.0,-351874.39195079537,-224788.68738389152,-0.0263647139868311,0.042017277226475594,0.04960392856552706,False,327.8928319694813
2019-12-07 11:00:00,122.55636,86.26238,120.0,24.0,-351802.09405280184,-224609.46324616615,-0.033487774047276625,0.0479084570467486,0.05845212799583612,False,325.0466421634303
2019-12-07 12:00:00,122.53865,86.26406,120.0,24.0,-351713.40354113677,-224399.84045559017,-0.03543522284739029,0.05814042187905629,0.06808791136845702,False,328.63867275659095
2019-12-07 13:00:00,122.52132,86.26613,120.0,24.0,-351586.4211956738,-224169.2206135358,-0.03500121587932512,0.06961364062442078,0.07791754663756507,False,333.3070934232864
2019-12-07 14:00:00,122.50402,86.26855,120.0,24.0,-351426.26391018037,-223917.88719942182,-0.035866934730844464,0.07984673470363138,0.08753249710718156,False,335.8105143289666
2019-12-07 15:00:00,122.48581,86.27128,120.0,24.0,-351240.3486564225,-223642.50563740663,-0.038000238704065284,0.0897695983567372,0.09748127476954667,False,337.0566439817992
2019-12-07 16:00:00,122.46637,86.27434,120.0,24.0,-351028.00830023695,-223339.95364120265,-0.04117529721967515,0.10015778362560201,0.1082912125794217,False,337.6522246515858
2019-12-07 17:00:00,122.44498,86.27774,120.0,24.0,-350791.06357312517,-223005.26949154632,-0.04816847674020888,0.10853156953111148,0.11874048903536877,False,336.0673964107994
2019-12-07 18:00:00,122.41856,86.28134,120.0,24.0,-350554.61785906,-222628.04817283264,-0.06098438510416557,0.11334000165916877,0.12870528816887655,False,331.7168222750379
2019-12-07 19:00:00,122.38439,86.28505,120.0,24.0,-350337.58809481445,-222197.12826322333,-0.0754920818719477,0.12217786110915216,0.14361923328916684,False,328.2886303339332
2019-12-07 20:00:00,122.34348,86.28922,120.0,24.0,-350102.87042539445,-221697.8862538213,-0.08771770189446781,0.14248838150349588,0.1673240391848479,False,328.3830069884538
2019-12-07 21:00:00,122.29705,86.29424,120.0,24.0,-349808.7209951517,-221114.6859367805,-0.10046188400238654,0.17132874075798746,0.19861049203661585,False,329.61395664207913
2019-12-07 22:00:00,122.24331,86.30027,120.0,24.0,-349446.62867608614,-220427.3611582397,-0.11595672271963002,0.20233967352471155,0.2332108595798318,False,330.1838613662395
2019-12-07 23:00:00,122.18124,86.30729,120.0,24.0,-349021.96145908104,-219631.29545381662,-0.1273760915961623,0.2266771240575695,0.26001382132749157,False,330.667173730375
2019-12-08 00:00:00,122.11587,86.31489,120.0,24.0,-348553.74392922595,-218781.90881390145,-0.12746397910492513,0.23736867716250362,0.26942708636500834,False,331.76476369054285
2019-12-08 01:00:00,122.05347,86.3226,120.0,24.0,-348062.33695373876,-217945.40224573403,-0.11631086454660457,0.2373644524653214,0.2643295301432294,False,333.8947016423158
2019-12-08 02:00:00,121.99905,86.3302,120.0,24.0,-347549.69235587626,-217165.1384380374,-0.09679608070527213,0.23209196365710344,0.2514680115523877,False,337.3609758961077
2019-12-08 03:00:00,121.95606,86.33757,120.0,24.0,-347014.4889832748,-216468.85993058188,-0.07550977839320872,0.22449848365109493,0.2368571210553578,False,341.4096998768474
2019-12-08 04:00:00,121.92291,86.34468,120.0,24.0,-346466.0079357817,-215848.35476118003,-0.058742806047132626,0.2161294626488447,0.2239702254478693,False,344.7946353596075
2019-12-08 05:00:00,121.89671,86.35151,120.0,24.0,-345917.351378856,-215287.03021814398,-0.04775289666411667,0.20713914504615452,0.21257225724507336,False,347.0181063357265
2019-12-08 06:00:00,121.87457,86.35804,120.0,24.0,-345381.4761019284,-214768.40895529688,-0.042348353132343294,0.1975279122385769,0.20201648231357902,False,347.89943483167553
2019-12-08 07:00:00,121.85376,86.36425,120.0,24.0,-344870.61982210516,-214277.09080549979,-0.04163282910166878,0.18807120551534123,0.19262416983079378,False,347.5178749618036
2019-12-08 08:00:00,121.83227,86.37017,120.0,24.0,-344389.49298544374,-213799.15948945383,-0.04431384613495454,0.1801647447627872,0.18553450410829972,False,346.1816639565774
2019-12-08 09:00:00,121.80866,86.37587,120.0,24.0,-343936.8190021727,-213321.83845376014,-0.04836397568688515,0.17582380419577298,0.1823542822807162,False,344.61998317848156
2019-12-08 10:00:00,121.78297,86.38151,120.0,24.0,-343497.22959288367,-212835.98456938344,-0.051756146738952014,0.17644407084993885,0.1838782446712013,False,343.65206188359383
2019-12-08 11:00:00,121.75582,86.38725,120.0,24.0,-343053.19158757105,-212335.95019455368,-0.053308249272239025,0.1815603703872618,0.189224569059176,False,343.637143859312
2019-12-08 12:00:00,121.72846,86.39322,120.0,24.0,-342587.6938271257,-211821.62541570354,-0.05221664396847772,0.18931240548680045,0.1963816813720911,False,344.57993903902366
2019-12-08 13:00:00,121.70234,86.39946,120.0,24.0,-342091.5650981441,-211299.35782483866,-0.048143957354679315,0.19504888912772025,0.20090273711357665,False,346.13481617662023
2019-12-08 14:00:00,121.67907,86.4058,120.0,24.0,-341575.0453767513,-210788.71471339898,-0.04116451464571198,0.19489388037953537,0.19919372950825956,False,348.0735621101719
2019-12-08 15:00:00,121.66004,86.41203,120.0,24.0,-341053.05662503786,-210310.2091878241,-0.03265314470983159,0.1902430467941793,0.19302498468585227,False,350.2607040099412
2019-12-08 16:00:00,121.64546,86.41807,120.0,24.0,-340532.54544583795,-209869.64886376346,-0.024364997405012606,0.18311155982712446,0.18472546235121148,False,352.4206912081936
2019-12-08 17:00:00,121.63492,86.42384,120.0,24.0,-340022.72586749546,-209469.149983275,-0.018146422249497834,0.17349932860965012,0.17444572126726532,False,354.02910150182686
2019-12-08 18:00:00,121.62672,86.42926,120.0,24.0,-339537.50019942544,-209103.19987602544,-0.015631399606403668,0.16249145652755434,0.16324158201298208,False,354.50515256388206
2019-12-08 19:00:00,121.61875,86.43432,120.0,24.0,-339085.5609991295,-208759.8230541752,-0.017507423707974604,0.1527239575266423,0.1537241590885772,False,353.4604767250919
2019-12-08 20:00:00,121.60858,86.43911,120.0,24.0,-338667.2045886121,-208419.37046775574,-0.023640899454012806,0.14667776859015272,0.14857072364897847,False,350.84405111599585
2019-12-08 21:00:00,121.59422,86.44378,120.0,24.0,-338275.36384737695,-208061.3544651648,-0.031571679749116406,0.14326713128610064,0.14670460752522246,False,347.572399656124
2019-12-08 22:00:00,121.57578,86.44835,120.0,24.0,-337907.6647481419,-207685.33215183878,-0.03854111379234421,0.14094152655195588,0.1461161570776829,False,344.7060988177617
2019-12-08 23:00:00,121.55413,86.45287,120.0,24.0,-337556.1286335921,-207293.5777079559,-0.0429970618618497,0.14109623867334126,0.14750218946346597,False,343.05214930001233
2019-12-09 00:00:00,121.531,86.45745,120.0,24.0,-337203.9793085885,-206889.90504302495,-0.044036434497580386,0.1445068517714912,0.15106765958393417,False,343.05213585953777
2019-12-09 01:00:00,121.50821,86.46219,120.0,24.0,-336835.10486256285,-206479.21411856852,-0.04200696292059947,0.14822776584263317,0.15406510150099245,False,344.17755145088927
2019-12-09 02:00:00,121.48714,86.46701,120.0,24.0,-336452.15431700647,-206074.2848500557,-0.03788662482928148,0.14931312378630565,0.15404481580299728,False,345.76228497953844
2019-12-09 03:00:00,121.4686,86.47182,120.0,24.0,-336060.8210547458,-205685.08711962643,-0.03381304696655753,0.14869347038037914,0.15248957432861865,False,347.1887444803546
2019-12-09 04:00:00,121.45174,86.4766,120.0,24.0,-335666.10786736966,-205307.7536098099,-0.03155296076894022,0.1480737923928044,0.15139827385698168,False,347.970791560238
2019-12-09 05:00:00,121.43552,86.48137,120.0,24.0,-335269.8645175112,-204934.9970802105,-0.03031047663866259,0.14621338978834458,0.14932206919093138,False,348.2882999336153
2019-12-09 06:00:00,121.41992,86.48603,120.0,24.0,-334881.7022893994,-204572.50634904552,-0.029138495874307717,0.14187215770470665,0.14483356335327183,False,348.3936740696789
2019-12-09 07:00:00,121.40489,86.49052,120.0,24.0,-334507.53352621285,-204223.4587792303,-0.029213673158376287,0.13691100233916845,0.13999307576062547,False,347.95502618248275
2019-12-09 08:00:00,121.38917,86.49486,120.0,24.0,-334149.95423913357,-203879.31929874938,-0.03146303441710402,0.13288011583846437,0.13655419334453112,False,346.6789685660211
2019-12-09 09:00:00,121.37173,86.49909,120.0,24.0,-333808.80559925723,-203531.76358776528,-0.03350170288846216,0.13070921187829598,0.13493428832684473,False,345.6241497743322
2019-12-09 10:00:00,121.35382,86.50329,120.0,24.0,-333472.0026639748,-203183.44134074287,-0.032677590900807484,0.13070886329602086,0.13473170336345638,False,345.9636017899447
2019-12-09 11:00:00,121.33721,86.50752,120.0,24.0,-333127.55129411106,-202841.16601394926,-0.028564835541393656,0.1331894886876105,0.136218169589721,False,347.89527724482036
2019-12-09 12:00:00,121.32361,86.51188,120.0,24.0,-332759.8928037412,-202509.04461004699,-0.021477461050603525,0.1375310525096189,0.13919795881256214,False,351.12412579835325
2019-12-09 13:00:00,121.31447,86.51639,120.0,24.0,-332362.04976398393,-202194.2788783148,-0.012444927068238229,0.14032246819721741,0.14087324547511804,False,354.9318089521177
2019-12-09 14:00:00,121.31042,86.52093,120.0,24.0,-331943.3170831128,-201907.3944158397,-0.002756421736091842,0.13861749055433972,0.13864489369742278,False,358.86081821203953
2019-12-09 15:00:00,121.31155,86.52533,120.0,24.0,-331519.6684984493,-201658.66394298925,0.005705240989303535,0.13427648244722523,0.13439763209649944,False,2.4329631517654207
2019-12-09 16:00:00,121.31649,86.52959,120.0,24.0,-331095.987778003,-201440.05659838466,0.011102634595055928,0.129469980155183,0.1299451586490809,False,4.901380269317656
2019-12-09 17:00:00,121.32337,86.53368,120.0,24.0,-330681.74570474715,-201242.43999600547,0.012471735179630114,0.12373290001823799,0.12435985978326809,False,5.755724268211736
2019-12-09 18:00:00,121.32978,86.53757,120.0,24.0,-330288.2767178291,-201053.62695532775,0.009441835567887982,0.11737564821044395,0.1177547920541365,False,4.599037343104783
2019-12-09 19:00:00,121.33344,86.54125,120.0,24.0,-329924.51912870054,-200861.0854934104,0.003290260504471794,0.11272426604849736,0.11277227483011816,False,1.671907362515185
2019-12-09 20:00:00,121.33329,86.54484,120.0,24.0,-329582.7124111232,-200651.80775991012,-0.0040647918712809206,0.11163925577140689,0.11171323091805392,False,357.9147784253487
2019-12-09 21:00:00,121.32909,86.54845,120.0,24.0,-329253.1646423956,-200418.09749312582,-0.009883325385768874,0.1133450146719906,0.11377509600819832,False,355.0165945318347
2019-12-09 22:00:00,121.32271,86.55215,120.0,24.0,-328922.6173042235,-200166.6980251298,-0.011545922439733083,0.1167561091037833,0.11732560393212933,False,354.35242573134053
2019-12-09 23:00:00,121.31672,86.55598,120.0,24.0,-328578.258234895,-199910.06761691917,-0.007863069063222532,0.12233800713856327,0.12259043945482928,False,356.32246887755684
2019-12-10 00:00:00,121.31428,86.56004,120.0,24.0,-328199.5410050941,-199660.50266454264,0.0008873353854127602,0.12978107729943925,0.1297841106957598,False,0.3917349236403993
2019-12-10 01:00:00,121.31768,86.56435,120.0,24.0,-327776.63214840146,-199429.87578939248,0.009909713865996143,0.13582867361139403,0.13618968758293165,False,4.172760957553578
2019-12-10 02:00:00,121.32494,86.5688,120.0,24.0,-327326.97928607656,-199213.12671777172,0.015305261745406452,0.13799954408103896,0.1388456884590588,False,6.3286994084627395
2019-12-10 03:00:00,121.33416,86.57325,120.0,24.0,-326870.57854302105,-199007.4484290861,0.02143243772836831,0.13831043933270315,0.1399611625251296,False,8.808435058607927
2019-12-10 04:00:00,121.34805,86.57772,120.0,24.0,-326396.1403010061,-198827.07085607477,0.03205577414824066,0.13939703832411876,0.1430353346197325,False,12.950599995645348
2019-12-10 05:00:00,121.36877,86.58224,120.0,24.0,-325893.3599319333,-198682.4193682004,0.040005370928196504,0.13784536629107286,0.1435331833097233,False,16.183742894110935
2019-12-10 06:00:00,121.39129,86.58661,120.0,24.0,-325398.7839233341,-198556.37498071571,0.0382519972060404,0.13055604805476662,0.1360444668993541,False,16.330210702383624
2019-12-10 07:00:00,121.41016,86.59066,120.0,24.0,-324947.486907489,-198427.89241725582,0.031486942923712236,0.12063281606853479,0.12467439146555341,False,14.62866153655051
2019-12-10 08:00:00,121.4254,86.59439,120.0,24.0,-324539.3569623936,-198297.2014706369,0.02572555851435162,0.11132997408236026,0.11426358776992054,False,13.011241708023817
2019-12-10 09:00:00,121.43806,86.59784,120.0,24.0,-324166.9128639091,-198168.01574424782,0.02046822361836105,0.10295705055086836,0.10497191260630291,False,11.24400050654998
2019-12-10 10:00:00,121.44762,86.60103,120.0,24.0,-323830.0189734095,-198036.2994053368,0.014265575088572381,0.09597969273016153,0.09703405613074165,False,8.454048492197103
2019-12-10 11:00:00,121.45356,86.60403,120.0,24.0,-323523.7759385242,-197895.10547240707,0.008579368026439778,0.09334406888420939,0.0937375098431419,False,5.251371345983159
2019-12-10 12:00:00,121.45695,86.60705,120.0,24.0,-323224.4616464641,-197738.2995269051,0.004960985041400148,0.09629036480685074,0.09641807780295869,False,2.949333555960493
2019-12-10 13:00:00,121.45896,86.61024,120.0,24.0,-322913.7362088921,-197563.77591627106,0.0023412631668712283,0.09923656475112767,0.09926417932376866,False,1.3515141094267733
2019-12-10 14:00:00,121.4595,86.61345,120.0,24.0,-322606.1827022398,-197379.78840267585,-0.0007318357211224882,0.09753106313069616,0.09753380879944426,False,359.5700824964752
2019-12-10 15:00:00,121.45816,86.61653,120.0,24.0,-322317.4828942726,-197192.79369236802,-0.004568692685153912,0.0945851362483997,0.0946954114621174,False,357.23462347931013
2019-12-10 16:00:00,121.45451,86.61955,120.0,24.0,-322042.43088364054,-196996.3244263017,-0.009084919399379318,0.09489544893708121,0.09532933435969962,False,354.5313926832466
2019-12-10 17:00:00,121.44823,86.62265,120.0,24.0,-321768.7686902117,-196780.46111228783,-0.013784816291761988,0.09954735832611217,0.10049725225052175,False,352.11610624903676
2019-12-10 18:00:00,121.43943,86.62597,120.0,24.0,-321482.7524592918,-196537.70869325282,-0.01880316225076055,0.10699041479495357,0.10863014208139768,False,350.03227430936136
2019-12-10 19:00:00,121.42764,86.62955,120.0,24.0,-321182.1436537302,-196263.1513508309,-0.027138568481607284,0.11086793613231485,0.11414114578656522,False,346.2454375916451
2019-12-10 20:00:00,121.40968,86.63312,120.0,24.0,-320903.49150564143,-195954.75183739924,-0.04044386811409204,0.10699310881386703,0.11438195575214677,False,339.2931862429322
2019-12-10 21:00:00,121.38326,86.63645,120.0,24.0,-320676.43612076883,-195613.15548337827,-0.052325629110634486,0.10265070108692587,0.11521778463180535,False,332.99003752598514
2019-12-10 22:00:00,121.35221,86.63974,120.0,24.0,-320468.72596305213,-195248.23780959955,-0.05620689904229089,0.10466428880024556,0.11880163656284996,False,331.7632769814537
2019-12-10 23:00:00,121.32147,86.6432,120.0,24.0,-320243.4466215103,-194875.46924850842,-0.05272840784909421,0.105438239417866,0.11788768945839787,False,333.430911179792
2019-12-11 00:00:00,121.29419,86.64654,120.0,24.0,-320017.5609624956,-194529.2823714503,-0.044300184438559584,0.0973746447336564,0.10697816496040766,False,335.5370383293304
2019-12-11 01:00:00,121.27268,86.64948,120.0,24.0,-319810.0296583146,-194238.740351692,-0.033121609075839165,0.08776143006105633,0.09380356919720269,False,339.32323889488293
2019-12-11 02:00:00,121.25768,86.6522,120.0,24.0,-319601.2825356988,-193997.4383033782,-0.02215380377032912,0.084506069249946,0.08736170077082359,False,345.31011736771126
2019-12-11 03:00:00,121.24824,86.65493,120.0,24.0,-319372.67267648404,-193786.67264507725,-0.017712524164064172,0.08218142503178127,0.08406854425120518,False,347.837123479474
2019-12-11 04:00:00,121.23812,86.6575,120.0,24.0,-319161.5722957075,-193581.46336601244,-0.024093256821771516,0.07489493663841412,0.07867487882642023,False,342.16732479222657
2019-12-11 05:00:00,121.22161,86.65976,120.0,24.0,-319001.5705728931,-193358.7016508553,-0.034078860295215146,0.06807241928836599,0.0761263619700291,False,333.40623716750304
2019-12-11 06:00:00,121.20043,86.66189,120.0,24.0,-318869.6220362131,-193117.57824487094,-0.03983207215625581,0.06760649078287234,0.07846802895597527,False,329.49445995463265
2019-12-11 07:00:00,121.17753,86.66412,120.0,24.0,-318733.77688173275,-192861.23062308377,-0.04272260519595857,0.07024250741472754,0.08221454155219622,False,328.6913707832674
2019-12-11 08:00:00,121.15312,86.66642,120.0,24.0,-318596.16556260985,-192592.58292686628,-0.04563540229342837,0.0713281012068574,0.08467755289484184,False,327.3890676315375
2019-12-11 09:00:00,121.12696,86.66872,120.0,24.0,-318464.2571465066,-192314.36058332038,-0.04835527475694269,0.07024257863180647,0.0852775025998354,False,325.4563189817944
2019-12-11 10:00:00,121.0995,86.67095,120.0,24.0,-318343.2098498967,-192033.1126645677,-0.05052241153060505,0.06729643894861095,0.08415060761534604,False,323.10282264027086
2019-12-11 11:00:00,121.0709,86.67306,120.0,24.0,-318237.25628783775,-191752.60753630832,-0.054389592240876666,0.06280075203558194,0.08307925252650918,False,319.1052782577086
2019-12-11 12:00:00,121.03911,86.675,120.0,24.0,-318158.0236523515,-191464.32961216057,-0.0617203974261794,0.05737485910967296,0.0842691041622038,False,312.91032316883866
2019-12-11 13:00:00,121.00233,86.67676,120.0,24.0,-318112.4427701568,-191158.84660769723,-0.0694877070372496,0.05318780874572663,0.0875070535926483,False,307.43144040189617
2019-12-11 14:00:00,120.96187,86.67843,120.0,24.0,-318087.47445666406,-190838.24111701027,-0.0740741829046557,0.05256630436537528,0.0908306166863666,False,305.36119096055586
2019-12-11 15:00:00,120.91995,86.68015,120.0,24.0,-318062.27775416785,-190506.79301537605,-0.0742707396702918,0.054115208794198476,0.09189449708231691,False,306.07786093065874
2019-12-11 16:00:00,120.87923,86.68192,120.0,24.0,-318027.9923340419,-190179.2799131432,-0.07031579451487734,0.05566467726914022,0.08968203417483342,False,308.3664868791109
2019-12-11 17:00:00,120.84167,86.68374,120.0,24.0,-317978.1379878516,-189866.58778409634,-0.06586121284246083,0.05473527102712451,0.08563672840255344,False,309.72895005221983
2019-12-11 18:00:00,120.80587,86.68545,120.0,24.0,-317932.73555549624,-189570.0980656309,-0.06422141888640275,0.049464238649744946,0.08106233125800004,False,307.60396934411364
2019-12-11 19:00:00,120.7701,86.68693,120.0,24.0,-317909.05088065314,-189287.04237956088,-0.06382523767436447,0.042176223864750444,0.07650160013802756,False,303.4570446684984
2019-12-11 20:00:00,120.73471,86.68817,120.0,24.0,-317906.91414817394,-189019.892116387,-0.062276772600170116,0.0358182535175907,0.07184249223505333,False,299.90519975800817
2019-12-11 21:00:00,120.70064,86.68924,120.0,24.0,-317916.53943239147,-188769.8306448616,-0.05862547634689059,0.03333661776714252,0.0674409116267892,False,299.6241642363799
2019-12-11 22:00:00,120.6693,86.69032,120.0,24.0,-317916.03660889156,-188534.40325180264,-0.05284479943392434,0.03519704645929218,0.06349334537311184,False,303.66542527699403
2019-12-11 23:00:00,120.64166,86.69151,120.0,24.0,-317892.64481414726,-188313.30345226437,-0.04731794042096919,0.037213541261679924,0.06019829847194308,False,308.1835401441756
2019-12-12 00:00:00,120.61647,86.69272,120.0,24.0,-317859.1488482721,-188104.72500439748,-0.044418220809752156,0.035353538132301396,0.05677015940065686,False,308.51713189330223
2019-12-12 01:00:00,120.59205,86.69379,120.0,24.0,-317836.46034578327,-187908.4381644581,-0.04422445236977514,0.03101236640147075,0.054014526353802106,False,305.04003213650617
2019-12-12 02:00:00,120.56706,86.69472,120.0,24.0,-317828.98774979654,-187716.99173517065,-0.04592093071466879,0.026670989458468842,0.05310436475841856,False,300.14812515659446
2019-12-12 03:00:00,120.54073,86.69551,120.0,24.0,-317839.2559951135,-187526.09695884673,-0.047368320649684,0.02248393627340812,0.05243362653410459,False,295.39190967130844
2019-12-12 04:00:00,120.51411,86.69617,120.0,24.0,-317862.86770402157,-187340.99294124971,-0.04667954617993483,0.017986628611097007,0.05002498216249759,False,291.0727421026056
2019-12-12 05:00:00,120.48854,86.69667,120.0,24.0,-317898.33926395926,-187170.79609024848,-0.044195173811714616,0.013489630922199486,0.04620804616800873,False,286.97368808339377
2019-12-12 06:00:00,120.46469,86.69704,120.0,24.0,-317940.618348715,-187017.50762244928,-0.04095315515686234,0.009768155896845071,0.04210199267169085,False,283.41553932536635
2019-12-12 07:00:00,120.44274,86.6973,120.0,24.0,-317987.215815723,-186880.9834076052,-0.038383871590307046,0.006047049561315984,0.03885728254340738,False,278.95287427973926
2019-12-12 08:00:00,120.42176,86.69743,120.0,24.0,-318043.1092456072,-186757.18430221963,-0.03761352438747558,0.001705705888654551,0.037652179876148086,False,272.59648198898094
2019-12-12 09:00:00,120.40067,86.69741,120.0,24.0,-318113.7570126036,-186641.23311793225,-0.0382033305543136,-0.00155042554440276,0.03823477847210427,False,267.6760110410378
2019-12-12 10:00:00,120.37903,86.69733,120.0,24.0,-318191.93191022077,-186525.58848709785,-0.03938391735033536,-0.0020155269009158976,0.03943545732645131,False,267.0703643813616
2019-12-12 11:00:00,120.35662,86.69728,120.0,24.0,-318269.6798577764,-186403.94148971394,-0.040895956261665936,-0.00217052403951018,0.04095351527234487,False,266.9619174054329
2019-12-12 12:00:00,120.33329,86.69719,120.0,24.0,-318354.22682361404,-186279.40580674645,-0.042524771627992314,-0.004341370573261689,0.04274580330824632,False,264.1708468214652
2019-12-12 13:00:00,120.30906,86.697,120.0,24.0,-318451.28760115005,-186155.46439342748,-0.04359988611483847,-0.006667503252148248,0.04410675309795873,False,261.30541476712415
2019-12-12 14:00:00,120.28453,86.69676,120.0,24.0,-318554.0949343447,-186032.62134980914,-0.04354876691598184,-0.006822814727875971,0.0440799943365858,False,261.0958138586931
2019-12-12 15:00:00,120.26036,86.69656,120.0,24.0,-318651.83006618434,-185909.47614327932,-0.04250507759095996,-0.005582491194507731,0.04287010413971819,False,262.51776702084703
2019-12-12 16:00:00,120.237,86.6964,120.0,24.0,-318743.03327527246,-185788.53892295246,-0.04067394558238467,-0.004807326401849093,0.0409570535606836,False,263.2593804753085
2019-12-12 17:00:00,120.21488,86.69625,120.0,24.0,-318829.2077642708,-185673.89658628186,-0.03778690368253676,-0.004342359808791807,0.03803559094614307,False,263.44449383226356
2019-12-12 18:00:00,120.19475,86.69612,120.0,24.0,-318906.9662730482,-185569.1688690708,-0.03447922408902638,-0.004032096337422806,0.03471418578413665,False,263.3299677266013
2019-12-12 19:00:00,120.17633,86.69599,120.0,24.0,-318979.155194375,-185473.929488048,-0.03576014942878912,-0.00496096672246063,0.03610262425351776,False,262.10182987045414
2019-12-12 20:00:00,120.15477,86.6958,120.0,24.0,-319067.26684191293,-185364.54248621492,-0.04567398918872815,-0.0075948152910594625,0.04630112857930535,False,260.55905851318886
2019-12-12 21:00:00,120.12527,86.6955,120.0,24.0,-319191.6328085921,-185217.0490280346,-0.05994795143589979,-0.012400672921755458,0.06121710194278522,False,258.3127860638699
2019-12-12 22:00:00,120.08776,86.695,120.0,24.0,-319361.1213679812,-185036.02816720863,-0.07328034270121203,-0.019223134068544572,0.07575973541284525,False,255.30117333524916
2019-12-12 23:00:00,120.04337,86.69426,120.0,24.0,-319575.89907651814,-184829.90944100753,-0.08465291420811435,-0.025735786275748435,0.08847850913728922,False,253.08992252679747
2019-12-13 00:00:00,119.99317,86.69334,120.0,24.0,-319826.6736278409,-184601.18593834504,-0.09395765173873796,-0.029457787312583736,0.09846726132888732,False,252.5926462292057
2019-12-13 01:00:00,119.93841,86.69236,120.0,24.0,-320097.7700058735,-184350.03332612687,-0.10013315151750321,-0.027908892830384995,0.10394976831068538,False,254.42589934317726
2019-12-13 02:00:00,119.88134,86.69154,120.0,24.0,-320360.6121362408,-184076.71515192266,-0.1017933877022965,-0.0200032419353268,0.10374017287354627,False,258.8825630974941
2019-12-13 03:00:00,119.82475,86.69107,120.0,24.0,-320587.78764709656,-183786.3082088377,-0.0973117400840858,-0.009927731954844546,0.09781684221012203,False,264.1748452276706
2019-12-13 04:00:00,119.7727,86.6909,120.0,24.0,-320771.0890628929,-183504.42082958057,-0.08672986755611974,-0.0017111762929185453,0.08674674662837516,False,268.869703557398
2019-12-13 05:00:00,119.72793,86.69096,120.0,24.0,-320908.56151117146,-183250.3977433027,-0.07720754344117337,0.0040293182150078,0.07731261326263954,False,272.98745001689736
2019-12-13 06:00:00,119.68651,86.69116,120.0,24.0,-321021.5541314666,-183007.3017494688,-0.07532233440669985,0.007443730358980188,0.07568925407303155,False,275.643929929152
2019-12-13 07:00:00,119.64384,86.69144,120.0,24.0,-321130.58770241233,-182752.71447277334,-0.07789528257155717,0.010080047495570538,0.07854477961275146,False,277.3733912723005
2019-12-13 08:00:00,119.59954,86.69181,120.0,24.0,-321235.8752028475,-182483.96430746122,-0.07997316764833491,0.013025580689654655,0.08102699115733834,False,279.25078395937567
2019-12-13 09:00:00,119.55454,86.69228,120.0,24.0,-321333.45353018626,-182205.72781152205,-0.07937180492713461,0.015195000740892636,0.08081318868171727,False,280.8376207054898
2019-12-13 10:00:00,119.5109,86.69279,120.0,24.0,-321422.5882029568,-181932.8804224392,-0.07547476669583292,0.015659164428657106,0.07708209804094676,False,281.7211747771379
2019-12-13 11:00:00,119.47024,86.69329,120.0,24.0,-321503.01694136043,-181677.27405080752,-0.0713720210342777,0.015660139490381426,0.07306986626083001,False,282.37548033078474
2019-12-13 12:00:00,119.43117,86.6938,120.0,24.0,-321577.23771966266,-181430.02066802917,-0.069973284556362,0.01628139943372565,0.07184249800171295,False,283.0985288414631
2019-12-13 13:00:00,119.39206,86.69434,120.0,24.0,-321648.4790990606,-181180.88220906482,-0.06952324364666772,0.017521541850569776,0.07169718150649432,False,284.1453487878813
2019-12-13 14:00:00,119.35348,86.69493,120.0,24.0,-321712.99102814595,-180931.9706454684,-0.06774840013553554,0.019071622725960316,0.07038162057189361,False,285.72226204753883
2019-12-13 15:00:00,119.31634,86.69557,120.0,24.0,-321767.90516169224,-180688.40823543072,-0.06496234704891453,0.02046708378834758,0.06811026393211858,False,287.4875921883066
2019-12-13 16:00:00,119.28086,86.69625,120.0,24.0,-321813.5154844295,-180451.9904259266,-0.06213181549255703,0.021552646844557898,0.06576381286397087,False,289.130935893971
2019-12-13 17:00:00,119.24687,86.69696,120.0,24.0,-321851.347364294,-180222.31904819616,-0.06015150623160545,0.021863208034991977,0.0640015903514296,False,289.9746369289161
2019-12-13 18:00:00,119.21359,86.69766,120.0,24.0,-321887.76398185256,-179997.19997575175,-0.05953982735697129,0.021243362146714552,0.06321606976864673,False,289.63601745405674
2019-12-13 19:00:00,119.18027,86.69833,120.0,24.0,-321927.07743658544,-179773.5076518189,-0.05959862435107345,0.02139842715053812,0.06332368205543051,False,289.75028488793646
2019-12-13 20:00:00,119.14691,86.69904,120.0,24.0,-321962.4646632573,-179547.43065835093,-0.05952274855165271,0.023569206777195914,0.06401925572239568,False,291.6020665628091
2019-12-13 21:00:00,119.11366,86.69985,120.0,24.0,-321987.5996582763,-179316.55963329374,-0.059338759474045585,0.026050203242456178,0.06480510369478557,False,293.70186923182666
2019-12-13 22:00:00,119.08049,86.70072,120.0,24.0,-322006.4708888933,-179082.9137307312,-0.05909137364331849,0.02713558497358911,0.06502407562521094,False,294.6652488397332
2019-12-13 23:00:00,119.0475,86.7016,120.0,24.0,-322023.6416320002,-178849.77568259297,-0.05816473662789439,0.027910563437092858,0.06451461957082522,False,295.6341921988695
2019-12-14 00:00:00,119.01535,86.70252,120.0,24.0,-322034.12670906814,-178619.2324899812,-0.05593483460979524,0.029305746489865028,0.06314691203972989,False,297.6512378514276
2019-12-14 01:00:00,118.98484,86.70349,120.0,24.0,-322034.4652144335,-178395.24676726275,-0.052313304922869897,0.03085607102430723,0.06073531913977448,False,300.5334720605815
2019-12-14 02:00:00,118.95673,86.70451,120.0,24.0,-322022.3086393551,-178182.0979155968,-0.047658688865883335,0.031321194636710625,0.0570295349611566,False,303.3128370327638
2019-12-14 03:00:00,118.93142,86.70551,120.0,24.0,-322003.2770538063,-177985.82028010115,-0.043559134845487256,0.030856507933118248,0.053380917098846584,False,305.3130709423141
2019-12-14 04:00:00,118.90789,86.7065,120.0,24.0,-321979.5887011802,-177800.13686594774,-0.04131701788591214,0.02992656571626822,0.05101661790588342,False,305.9164051037101
2019-12-14 05:00:00,118.88508,86.70744,120.0,24.0,-321958.4578669751,-177621.2452329898,-0.039709853115018436,0.028220787874329058,0.04871637612409422,False,305.4004449782231
2019-12-14 06:00:00,118.86334,86.70832,120.0,24.0,-321939.78832224745,-177451.64434102515,-0.03746267825051246,0.026204897281586904,0.0457181463233139,False,304.97253612543284
2019-12-14 07:00:00,118.84304,86.70913,120.0,24.0,-321923.4263199918,-177293.94398053281,-0.03568922535448487,0.024189407819391943,0.04311436253797643,False,304.12859544156953
2019-12-14 08:00:00,118.82328,86.70988,120.0,24.0,-321911.1922551375,-177142.54086548398,-0.03574320951745236,0.022329034193521446,0.04214454643988883,False,301.9933107500867
2019-12-14 09:00:00,118.80291,86.71057,120.0,24.0,-321906.6462746971,-176990.96756337595,-0.037427498810036194,0.020623593434995334,0.04273347953709414,False,298.85598739758757
2019-12-14 10:00:00,118.78125,86.71121,120.0,24.0,-321910.90722703654,-176834.85994483842,-0.03992214286722917,0.01876296733597035,0.044111522693760494,False,295.17300751655466
2019-12-14 11:00:00,118.75807,86.71178,120.0,24.0,-321926.63432928553,-176673.99418905075,-0.0413659406886599,0.01783211152997306,0.04504581279847358,False,293.32000324739215
2019-12-14 12:00:00,118.73478,86.71236,120.0,24.0,-321941.6438808792,-176511.9898299229,-0.040237292662295365,0.018606901317657538,0.044331213579556494,False,294.8172021732222
2019-12-14 13:00:00,118.71286,86.71298,120.0,24.0,-321948.4414672053,-176355.55526937722,-0.0374361423033345,0.01860680724780149,0.041805239223240295,False,296.4286583231184
2019-12-14 14:00:00,118.69271,86.71356,120.0,24.0,-321953.64053049946,-176211.23127344897,-0.034235987190276186,0.015970797938296522,0.03777789308151861,False,295.0086526932721
2019-12-14 15:00:00,118.67438,86.71401,120.0,24.0,-321965.9187807936,-176084.11651913673,-0.031233005575586097,0.013024751232776651,0.033839987913122975,False,292.63705510992736
2019-12-14 16:00:00,118.6576,86.7144,120.0,24.0,-321979.26652004564,-175968.93473167298,-0.028685171491914532,0.011939416063018493,0.031070705164936475,False,292.59818114776544
2019-12-14 17:00:00,118.64213,86.71478,120.0,24.0,-321989.5334618526,-175861.65731376508,-0.026387386715423792,0.011319206289363708,0.028712690725365586,False,293.2175303491364
2019-12-14 18:00:00,118.62793,86.71513,120.0,24.0,-321998.8100242392,-175763.12921153722,-0.024490541829153487,0.009768699603874153,0.026366913566745875,False,291.7458910135732
2019-12-14 19:00:00,118.61459,86.71541,120.0,24.0,-322012.2813714256,-175673.18335491937,-0.024781343230635963,0.00914889499248889,0.026416230842006495,False,290.2633790762982
2019-12-14 20:00:00,118.60006,86.71572,120.0,24.0,-322026.43432691565,-175574.94912693728,-0.0286016041737172,0.011165216327975142,0.030703645010983303,False,291.3241960979377
2019-12-14 21:00:00,118.58242,86.71613,120.0,24.0,-322040.27869442286,-175453.8971625218,-0.033825388692713676,0.013646245657532233,0.036474332629383086,False,291.97072720248616
2019-12-14 22:00:00,118.56201,86.7166,120.0,24.0,-322056.671807224,-175314.08050982602,-0.0380431498127379,0.014266333512544225,0.04063015529831953,False,290.5562463584689
2019-12-14 23:00:00,118.53962,86.71705,120.0,24.0,-322081.02113333915,-175164.2110924987,-0.041326326586195714,0.013646051179366604,0.04352102919163102,False,288.27334581910554
2019-12-15 00:00:00,118.51551,86.71748,120.0,24.0,-322112.5182491632,-175005.74581962012,-0.04401364610849802,0.012715565063648767,0.045813607570807914,False,286.1140330907763
2019-12-15 01:00:00,118.49009,86.71787,120.0,24.0,-322151.8615977669,-174842.04977895008,-0.04492397490367207,0.011009274155246615,0.04625329867772827,False,283.7697902028508
2019-12-15 02:00:00,118.46495,86.71819,120.0,24.0,-322197.13979395473,-174683.65264592558,-0.04295657813188142,0.008062487981266526,0.043706650721011556,False,280.6301299460313
2019-12-15 03:00:00,118.44174,86.71839,120.0,24.0,-322248.2422776426,-174542.48471150585,-0.038956040445585274,0.004650979426406696,0.039232699331335004,False,276.8083423970313
2019-12-15 04:00:00,118.4211,86.71849,120.0,24.0,-322301.2790112957,-174421.07428639283,-0.034370632395509526,0.0021700880446945438,0.03443907161043943,False,273.61273718689654
2019-12-15 05:00:00,118.40305,86.71853,120.0,24.0,-322352.28302109335,-174317.40619690728,-0.031225370775202113,0.0004649264785788424,0.031228831817398005,False,270.8530357235379
2019-12-15 06:00:00,118.38595,86.71852,120.0,24.0,-322405.27613005694,-174221.72274361772,-0.03116333462462579,-0.0012402549384645956,0.0311880050217834,False,267.7209149347296
2019-12-15 07:00:00,118.36797,86.71845,120.0,24.0,-322466.8094388874,-174124.25331668407,-0.03366891961019411,-0.002170294882397934,0.033738795586005677,False,266.31182288052537
2019-12-15 08:00:00,118.34805,86.71838,120.0,24.0,-322534.2055771543,-174015.84171560965,-0.037773783407630164,-0.001704796073176633,0.03781223403314957,False,267.41589607688655
2019-12-15 09:00:00,118.32545,86.71834,120.0,24.0,-322606.75113739964,-173890.72528662186,-0.04282026045795373,-0.0007741878113652588,0.04282725852134669,False,268.96420849996497
2019-12-15 10:00:00,118.29985,86.71833,120.0,24.0,-322685.39706068125,-173747.09514498047,-0.048284116574455735,-0.0001537344778038234,0.04828436131570238,False,269.8175734050067
2019-12-15 11:00:00,118.2711,86.71833,120.0,24.0,-322772.5396259846,-173585.15550276934,-0.053792397095677194,-0.0003086917778774845,0.05379328281405355,False,269.6712074037838
2019-12-15 12:00:00,118.2393,86.71831,120.0,24.0,-322870.79934999853,-173407.0417746116,-0.05886597704920859,-0.0017043128444168172,0.058890643876846824,False,268.34161145753194
2019-12-15 13:00:00,118.20484,86.71822,120.0,24.0,-322983.88989739824,-173217.57180048164,-0.06251036806025992,-0.004185881598333673,0.0626503608910949,False,266.1690221385933
2019-12-15 14:00:00,118.16894,86.71804,120.0,24.0,-323110.07580268016,-173024.65154227594,-0.06397106432731137,-0.007287789945134005,0.06438485034115872,False,263.50070042812723
2019-12-15 15:00:00,118.13284,86.71775,120.0,24.0,-323247.5800255488,-172836.30350064154,-0.06385198123255012,-0.010234263292516348,0.06466695951150388,False,260.8940221266797
2019-12-15 16:00:00,118.09708,86.71738,120.0,24.0,-323391.82962233137,-172653.97633601632,-0.06325468815445154,-0.012405124507406062,0.06445962059740314,False,258.9043192351885
2019-12-15 17:00:00,118.06166,86.71695,120.0,24.0,-323540.86523805116,-172476.60752200038,-0.06392982406124403,-0.014420129204527399,0.0655359636442227,False,257.2889798913325
2019-12-15 18:00:00,118.02515,86.71645,120.0,24.0,-323699.98162131145,-172296.63447851842,-0.06721977461771522,-0.016435011587946337,0.06919976665822192,False,256.2609077115444
2019-12-15 19:00:00,117.98604,86.71589,120.0,24.0,-323872.72538918274,-172104.9756294686,-0.07210315336776117,-0.017985338016907,0.07431242903550718,False,255.9940130357825
2019-12-15 20:00:00,117.94405,86.71529,120.0,24.0,-324057.94427589246,-171898.96540294925,-0.07746926585542646,-0.018915393475768243,0.0797450892690069,False,256.27876398976684
2019-12-15 21:00:00,117.89892,86.71467,120.0,24.0,-324254.41733417084,-171676.05104856848,-0.08428820963784672,-0.019844564145329792,0.08659277689317803,False,256.75172263404
2019-12-15 22:00:00,117.84928,86.71401,120.0,24.0,-324468.1835784985,-171429.48052174493,-0.09322758698281257,-0.02092881633477265,0.09554788499915909,False,257.34734148314385
2019-12-15 23:00:00,117.79412,86.71332,120.0,24.0,-324701.2194223359,-171152.94885652076,-0.10178791508019115,-0.02123980058673558,0.10398032883837452,False,258.2133781316236
2019-12-16 00:00:00,117.73488,86.71264,120.0,24.0,-324945.2024652486,-170852.4689680343,-0.10799325648667164,-0.02046540753657205,0.10991531445724034,False,259.2693341300709
2019-12-16 01:00:00,117.67277,86.712,120.0,24.0,-325193.4989181945,-170533.30424219975,-0.11531731497899966,-0.022478541180082197,0.1174877353069267,False,258.969780734461
2019-12-16 02:00:00,117.60533,86.71119,120.0,24.0,-325474.1369822501,-170192.32135490116,-0.1268890860388633,-0.03053863810611806,0.13051225449418344,False,256.46787161037696
2019-12-16 03:00:00,117.53026,86.71003,120.0,24.0,-325811.6895145599,-169825.5935946907,-0.13868824480439887,-0.03953388648616844,0.14421288925621772,False,254.0894919824052
2019-12-16 04:00:00,117.44962,86.70864,120.0,24.0,-326188.0991039478,-169438.4028594197,-0.14617283687986346,-0.043568668091336166,0.15252779117511728,False,253.402644875739
2019-12-16 05:00:00,117.36621,86.70722,120.0,24.0,-326575.21082811157,-169036.24027986964,-0.1499097691874537,-0.04574127193092023,0.1567329029135045,False,253.0317231657827
2019-12-16 06:00:00,117.28145,86.70569,120.0,24.0,-326976.7306053104,-168631.23467923806,-0.15264753700595102,-0.0500825423283345,0.16065345187717756,False,251.83571433550694
2019-12-16 07:00:00,117.19505,86.70399,120.0,24.0,-327399.462864828,-168224.71412618418,-0.16096054972039153,-0.052555013567269396,0.1693231467264488,False,251.91769115684568
2019-12-16 08:00:00,117.10106,86.7023,120.0,24.0,-327842.94626083167,-167773.36508393285,-0.17927868034961658,-0.049444330930630144,0.1859720061973782,False,254.58136007430372
2019-12-16 09:00:00,116.99423,86.7008,120.0,24.0,-328304.41648065025,-167237.8120095039,-0.19948212125993675,-0.040143850884953466,0.20348131478402995,False,258.62175065358997
2019-12-16 10:00:00,116.8777,86.69971,120.0,24.0,-328752.4168261338,-166624.7658884696,-0.2124778923246307,-0.025576148428842052,0.21401166812856612,False,263.136279954217
2019-12-16 11:00:00,116.75639,86.69915,120.0,24.0,-329160.2939023862,-165956.48559798484,-0.2178591438708327,-0.010541841685008782,0.21811404584355398,False,267.22971330571096
2019-12-16 12:00:00,116.63388,86.69903,120.0,24.0,-329526.36549446895,-165258.30111228113,-0.21736224781551686,0.0009270063414783258,0.21736422455448207,False,270.2443535133955
2019-12-16 13:00:00,116.51314,86.69921,120.0,24.0,-329855.90166659286,-164554.54943558737,-0.21224198333276403,0.009141262312591089,0.2124387492094907,False,272.46620504438374
2019-12-16 14:00:00,116.39635,86.69962,120.0,24.0,-330149.63761964504,-163861.48953764123,-0.20371221068200143,0.015496167312650355,0.20430074885406022,False,274.3500503295128
2019-12-16 15:00:00,116.28513,86.70021,120.0,24.0,-330408.0369275468,-163191.1397989281,-0.19335221366439093,0.019837668446622887,0.194367208186768,False,275.8579701520059
2019-12-16 16:00:00,116.1799,86.7009,120.0,24.0,-330638.0663607906,-162550.04735778098,-0.1825255281062269,0.02169881208429532,0.18381079091371808,False,276.7795596121591
2019-12-16 17:00:00,116.08076,86.70161,120.0,24.0,-330847.6389061378,-161942.8459906238,-0.17156671251050631,0.021854388592320743,0.1729530316080261,False,277.25931537813926
2019-12-16 18:00:00,115.98776,86.70231,120.0,24.0,-331039.81271147146,-161371.3714528194,-0.1608442691166815,0.021545284276411933,0.16228086203317652,False,277.6294238358822
2019-12-16 19:00:00,115.90059,86.703,120.0,24.0,-331215.64394722605,-160833.89029146335,-0.15192769481850732,0.022478378003912558,0.15358158070078676,False,278.4161087855284
2019-12-16 20:00:00,115.81754,86.70376,120.0,24.0,-331372.04373303783,-160316.67325883746,-0.14627851601025865,0.025427236159722588,0.1484720464763849,False,279.8610523052388
2019-12-16 21:00:00,115.73666,86.70464,120.0,24.0,-331509.51946303947,-159806.0792797273,-0.14378569993439316,0.029305811818917005,0.14674180764863545,False,281.5200032965322
2019-12-16 22:00:00,115.65636,86.70565,120.0,24.0,-331631.5188032531,-159292.48987464188,-0.14358172682666778,0.03271839286542677,0.1472623696340116,False,282.83696340001575
2019-12-16 23:00:00,115.57566,86.70675,120.0,24.0,-331744.7749226208,-158772.21866901268,-0.14332732528969708,0.036748703691859105,0.1479634731875766,False,284.38068471029726
2019-12-17 00:00:00,115.49559,86.70802,120.0,24.0,-331838.35219650174,-158247.42390264987,-0.14105292494122607,0.042484480668675176,0.14731211332460814,False,286.7620553902693
2019-12-17 01:00:00,115.41738,86.70949,120.0,24.0,-331905.8229056763,-157723.86946009943,-0.13764993368141648,0.048531908292439946,0.14595496005619046,False,289.4213699756298
2019-12-17 02:00:00,115.34106,86.71115,120.0,24.0,-331948.1258393267,-157202.29735037845,-0.1344819839861131,0.054579729099676566,0.1451356291385243,False,292.0898528642208
2019-12-17 03:00:00,115.26633,86.71301,120.0,24.0,-331965.0875187482,-156680.5748452064,-0.13188630745664406,0.06186808508923884,0.1456765528393562,False,295.1313513909806
2019-12-17 04:00:00,115.19284,86.71514,120.0,24.0,-331950.59678994864,-156153.4290804953,-0.12961189963746292,0.07148198517913378,0.1480166164076914,False,298.8770821658082
2019-12-17 05:00:00,115.12057,86.71762,120.0,24.0,-331896.60666291707,-155617.0576993681,-0.12608052889442004,0.07907851848398367,0.14882779260581147,False,302.0962012287851
2019-12-17 06:00:00,115.05095,86.72024,120.0,24.0,-331820.4588289182,-155089.80077441168,-0.11995574604160747,0.08062777762254965,0.14453449253638365,False,303.90686406045904
2019-12-17 07:00:00,114.98547,86.72282,120.0,24.0,-331736.3986835099,-154588.81532331466,-0.1121433315277359,0.0792321550164995,0.13730936309916483,False,305.24219107414615
2019-12-17 08:00:00,114.92455,86.72535,120.0,24.0,-331644.42484287306,-154116.97180686897,-0.10434250607607512,0.07907784729791262,0.13092236060928536,False,307.15732407927754
2019-12-17 09:00:00,114.86777,86.72792,120.0,24.0,-331536.6682715589,-153667.5771290288,-0.09911911585660861,0.08264667007365044,0.12905452801997544,False,309.821739859656
2019-12-17 10:00:00,114.81265,86.73068,120.0,24.0,-331404.6532348251,-153219.2477584501,-0.09819150137334909,0.09009176458844625,0.1332595099368613,False,312.5367180494374
2019-12-17 11:00:00,114.75682,86.73373,120.0,24.0,-331244.57419963286,-152753.65109206774,-0.0991802682079107,0.09753466239020657,0.13910332839067754,False,314.5207071039166
2019-12-17 12:00:00,114.70048,86.73697,120.0,24.0,-331065.9863249883,-152276.7006578586,-0.09937628397356331,0.1011005847448419,0.14176379669063346,False,315.4927886261936
2019-12-17 13:00:00,114.64432,86.74025,120.0,24.0,-330882.24485048343,-151799.42649711744,-0.0988705813356115,0.10234108966994514,0.14229929897393565,False,315.9881423096758
2019-12-17 14:00:00,114.58844,86.74357,120.0,24.0,-330693.08549081854,-151322.41672799393,-0.0980474234670685,0.10342640025953694,0.14251427128248104,False,316.5293275735596
2019-12-17 15:00:00,114.5331,86.74692,120.0,24.0,-330498.8417489936,-150847.64452525513,-0.09545780857610542,0.10233960784424731,0.13994852107781172,False,316.99264013444963
2019-12-17 16:00:00,114.48005,86.75017,120.0,24.0,-330308.1399102501,-150391.2165290412,-0.09003416725088953,0.09691143892988992,0.13227992390390514,False,317.1068215509757
2019-12-17 17:00:00,114.43077,86.75317,120.0,24.0,-330132.4221405561,-149968.53596314986,-0.08410467421710993,0.08931427442233902,0.12268103292993207,False,316.7206791240609
2019-12-17 18:00:00,114.38437,86.75593,120.0,24.0,-329973.10891717067,-149573.91658675505,-0.08014069313820657,0.08280271520261581,0.11523376389582045,False,315.93596337232356
2019-12-17 19:00:00,114.33952,86.75851,120.0,24.0,-329827.6472673382,-149196.8583600257,-0.07798726866240197,0.07799632771725624,0.1102970589399341,False,315.0033275653401
2019-12-17 20:00:00,114.2955,86.76096,120.0,24.0,-329692.8701317949,-148830.8669951806,-0.07698056000101157,0.07443031582090981,0.10707884259399575,False,314.0350467744885
2019-12-17 21:00:00,114.25173,86.76331,120.0,24.0,-329567.2567918205,-148471.1945650623,-0.07700345158780587,0.07101935931390584,0.10475342931757999,False,312.6849741692557
2019-12-17 22:00:00,114.20762,86.76554,120.0,24.0,-329454.3846307959,-148115.3395320753,-0.078018380081862,0.06729824289529382,0.10303359222793237,False,310.78088173268657
2019-12-17 23:00:00,114.16263,86.76765,120.0,24.0,-329355.6529912572,-147760.17193333307,-0.07961145786154111,0.0649724195042167,0.10275893887673157,False,309.2185361325828
2019-12-18 00:00:00,114.11664,86.76973,120.0,24.0,-329262.19641399203,-147400.87262564056,-0.08096713122192041,0.06559244731808193,0.10420194567992976,False,309.0113483404358
2019-12-18 01:00:00,114.07004,86.77188,120.0,24.0,-329162.8050444791,-147035.1265917942,-0.08039982457327734,0.06636653113051558,0.10425280929409751,False,309.5381794575743
2019-12-18 02:00:00,114.02464,86.77401,120.0,24.0,-329062.00413231616,-146677.4406831504,-0.07675115827293533,0.06372936683702496,0.09976057584880545,False,309.7041217723488
2019-12-18 03:00:00,113.98216,86.77599,120.0,24.0,-328968.68683727225,-146343.57851414272,-0.07187015921696213,0.05659676385660749,0.09147957949680398,False,308.2199466223062
2019-12-18 04:00:00,113.9423,86.77766,120.0,24.0,-328900.0106187515,-146039.01931791892,-0.06761167516851474,0.04481224378732237,0.08111396804710742,False,303.53596127654237
2019-12-18 05:00:00,113.90466,86.77888,120.0,24.0,-328871.35416567815,-145767.72577502235,-0.0625363570820977,0.031786224209848085,0.07015098008309195,False,296.94349819541264
2019-12-18 06:00:00,113.87059,86.77971,120.0,24.0,-328873.2345044951,-145534.64250000555,-0.05541395599707223,0.020931465466888417,0.059235401288731046,False,290.69301156620395
2019-12-18 07:00:00,113.8411,86.78023,120.0,24.0,-328894.99511037726,-145341.8866078304,-0.049179809185280116,0.01302430477682159,0.05087520168431866,False,284.83314284197604
2019-12-18 08:00:00,113.81417,86.78055,120.0,24.0,-328930.5869207728,-145172.85878813127,-0.0469165096759039,0.008373462280383938,0.047657882356753924,False,280.1193625795506
2019-12-18 09:00:00,113.78727,86.78077,120.0,24.0,-328976.23276955576,-145008.50503370093,-0.048019676715188864,0.006048054537831924,0.048399052837052925,False,277.17857576954384
2019-12-18 10:00:00,113.75907,86.78094,120.0,24.0,-329030.1923281411,-144838.92418330608,-0.050962648712913325,0.004497791424711149,0.05116074365698774,False,275.0436638486103
2019-12-18 11:00:00,113.72879,86.78106,120.0,24.0,-329094.42673650006,-144659.62493013067,-0.05424596643783953,0.003102087221037657,0.05433459137512803,False,273.2729279661942
2019-12-18 12:00:00,113.69682,86.78114,120.0,24.0,-329166.9143032418,-144472.38410567708,-0.056597339121009685,0.0020163355445557696,0.056633244694320774,False,272.04035524510164
2019-12-18 13:00:00,113.66384,86.78119,120.0,24.0,-329244.9065224058,-144280.64797678313,-0.05768570727696765,0.0010855713619548173,0.057695920906298874,False,271.0781061628868
2019-12-18 14:00:00,113.63062,86.78121,120.0,24.0,-329326.4591695195,-144088.83303007187,-0.057423849561196956,0.0003098581350558863,0.05742468554977763,False,270.3091640706284
2019-12-18 15:00:00,113.59794,86.78121,120.0,24.0,-329408.59006217844,-143900.97048438815,-0.05582905207488251,-6.284885015299391e-07,0.05582905207842007,False,269.99935499999964
2019-12-18 16:00:00,113.56655,86.78121,120.0,24.0,-329487.3780428736,-143720.47948547077,-0.05301458798080492,-0.00015596189906300073,0.05301481738993792,False,269.8314438885101
2019-12-18 17:00:00,113.5371,86.7812,120.0,24.0,-329562.23034039687,-143551.5500235661,-0.04936395896011968,-0.0010864198530562662,0.04937591267322047,False,268.73921730762476
2019-12-18 18:00:00,113.5099,86.78114,120.0,24.0,-329636.4840885815,-143397.75311633854,-0.04560060198572063,-0.0031021111153643824,0.04570599517385192,False,266.1082870013697
2019-12-18 19:00:00,113.48477,86.781,120.0,24.0,-329713.6825672335,-143259.38919005427,-0.04344968735830995,-0.004497018291647696,0.04368178688023527,False,264.09095847518336
2019-12-18 20:00:00,113.46004,86.78085,120.0,24.0,-329790.84807529685,-143123.73197462287,-0.04426176064333843,-0.0037210309564744016,0.04441789646783404,False,265.1945151018254
2019-12-18 21:00:00,113.43398,86.78076,120.0,24.0,-329865.13071639446,-142977.71355820785,-0.04696429946040763,-0.0012397894480177321,0.046980660932795106,False,268.48782565485146
2019-12-18 22:00:00,113.40615,86.78077,120.0,24.0,-329933.5150780458,-142817.02940336883,-0.049926825698794614,0.0024817398731620706,0.04998846824174412,False,272.8456902612678
2019-12-18 23:00:00,113.37669,86.78092,120.0,24.0,-329991.5319668815,-142640.7225343893,-0.05175484551085686,0.006202786659172699,0.052125220346698496,False,276.8342664366804
2019-12-19 00:00:00,113.34676,86.78117,120.0,24.0,-330040.37289976305,-142457.26185791145,-0.051429063903304414,0.008218034532159307,0.052081519808296034,False,279.0787450888728
2019-12-19 01:00:00,113.31767,86.78145,120.0,24.0,-330083.95050852327,-142277.30263909447,-0.04902039245772961,0.008062526436283995,0.04967900169332725,False,279.33998279943364
2019-12-19 02:00:00,113.2905,86.78169,120.0,24.0,-330126.7704909504,-142110.164259815,-0.04487027432292986,0.005271077263114449,0.04517881996388021,False,276.7000396313381
2019-12-19 03:00:00,113.26617,86.78179,120.0,24.0,-330176.82946064236,-141965.55681259054,-0.03937149325737795,0.0003089365654293467,0.03937270530605202,False,270.4495739582617
2019-12-19 04:00:00,113.24531,86.78171,120.0,24.0,-330236.7004491979,-141848.86311803776,-0.03323863994636094,-0.005428289464862948,0.033678977300359986,False,260.7247575901325
2019-12-19 05:00:00,113.22802,86.78144,120.0,24.0,-330307.19186194544,-141761.09071958615,-0.028579293719213524,-0.009614436210275905,0.030153165889016398,False,251.40640897597478
2019-12-19 06:00:00,113.21251,86.78109,120.0,24.0,-330381.46754599136,-141687.07278760147,-0.027196631128071823,-0.01069939709656073,0.029225568308354544,False,248.52488156095944
2019-12-19 07:00:00,113.19681,86.78075,120.0,24.0,-330455.17075434583,-141611.4894300787,-0.02814954569847634,-0.010544155718507505,0.03005954329072121,False,249.4652355739186
2019-12-19 08:00:00,113.18021,86.78041,120.0,24.0,-330531.0805410374,-141530.68436424944,-0.02995688321872957,-0.011009262960111238,0.03191580679076558,False,249.82143730641064
2019-12-19 09:00:00,113.16244,86.78004,120.0,24.0,-330612.9390314926,-141444.4135032313,-0.031729745319724806,-0.011629586925710918,0.03379384603914246,False,249.87110334021148
2019-12-19 10:00:00,113.14381,86.77966,120.0,24.0,-330697.92413095455,-141353.58060306738,-0.03293622419193751,-0.011009417184247526,0.03472754138660516,False,251.51703742860425
2019-12-19 11:00:00,113.12466,86.77933,120.0,24.0,-330779.03336276056,-141257.51293185932,-0.03400335093103795,-0.009613779171785861,0.03533627915476081,False,254.21279235705586
2019-12-19 12:00:00,113.10481,86.77904,120.0,24.0,-330857.73226038937,-141155.61213633395,-0.035288131454331,-0.008218170368095122,0.03623245155571427,False,256.89019680286515
2019-12-19 13:00:00,113.08419,86.7788,120.0,24.0,-330933.16050611483,-141047.03755189182,-0.035918390326744785,-0.0062025869775441615,0.03645000478571154,False,260.2024726460604
2019-12-19 14:00:00,113.06362,86.77864,120.0,24.0,-331000.2126625336,-140935.21679452594,-0.03503043117516161,-0.003101582069895456,0.03516746962256499,False,264.94024587561927
2019-12-19 15:00:00,113.04402,86.7786,120.0,24.0,-331052.5145483363,-140823.7266021373,-0.03301682244303008,-0.000620643186435706,0.033022655286930575,False,268.9230929889756
2019-12-19 16:00:00,113.02576,86.7786,120.0,24.0,-331097.37785172474,-140718.2139689179,-0.030444707447037766,-0.0010858776696281089,0.03046406640370116,False,267.9572855153963
2019-12-19 17:00:00,113.00911,86.77853,120.0,24.0,-331145.4496875735,-140625.0468191285,-0.027279762916240236,-0.004032151950464243,0.02757614393126618,False,261.59213375264414
2019-12-19 18:00:00,112.99448,86.77834,120.0,24.0,-331200.8736034866,-140548.77362098647,-0.023932156218835966,-0.00759852910766497,0.02510947522117499,False,252.38520553003286
2019-12-19 19:00:00,112.98167,86.77804,120.0,24.0,-331263.1242188942,-140487.79855595186,-0.023437328972628766,-0.010544113604048392,0.025699936207436432,False,245.77771226966544
2019-12-19 20:00:00,112.96761,86.77766,120.0,24.0,-331336.6513246881,-140423.0594927216,-0.02792384831129446,-0.011628869955829325,0.030248502788762493,False,247.39074270303607
2019-12-19 21:00:00,112.94966,86.77729,120.0,24.0,-331418.66713204805,-140335.3566110998,-0.03323090105605768,-0.010233603566348603,0.034770956658548784,False,252.88355184968904
2019-12-19 22:00:00,112.92952,86.777,120.0,24.0,-331497.7949429597,-140231.4653869055,-0.03503933755950729,-0.006512733542467583,0.035639456713090906,False,259.4706360681889
2019-12-19 23:00:00,112.9095,86.77687,120.0,24.0,-331560.14282924496,-140121.27652035686,-0.0346218322247859,-0.0012406224149510078,0.03464405303335195,False,267.9477681298384
2019-12-20 00:00:00,112.88984,86.77692,120.0,24.0,-331603.060636505,-140005.32816872423,-0.03403657041039012,0.0048068984048652875,0.03437432759453107,False,278.03857510972125
2019-12-20 01:00:00,112.87049,86.77718,120.0,24.0,-331623.5784896368,-139882.04907510654,-0.03251620234404265,0.01038889691486472,0.034135503423655705,False,287.7186334765154
2019-12-20 02:00:00,112.85257,86.77759,120.0,24.0,-331625.13024165295,-139760.5454279093,-0.02905807140291722,0.014110203970175154,0.03230277650198172,False,295.9005785643876
2019-12-20 03:00:00,112.83718,86.77809,120.0,24.0,-331611.2115842646,-139649.7981078778,-0.024518301788862003,0.016281175840231917,0.029431680369123765,False,303.58582028765636
2019-12-20 04:00:00,112.82446,86.77864,120.0,24.0,-331585.6092284725,-139552.35529415193,-0.020145283109937653,0.016591466652836086,0.026098068841807265,False,309.47455026419425
2019-12-20 05:00:00,112.81408,86.77916,120.0,24.0,-331557.3715906335,-139469.77045480092,-0.01686353397991302,0.01488596401044186,0.02249379253953969,False,311.4358420960902
2019-12-20 06:00:00,112.80512,86.7796,120.0,24.0,-331533.8937786377,-139398.87880252488,-0.015387836875244908,0.011474723372322884,0.019195176481878982,False,306.7119260395059
2019-12-20 07:00:00,112.79643,86.7799,120.0,24.0,-331524.15487288544,-139335.6162655153,-0.015987745778465512,0.007598286214685076,0.01770146797520237,False,295.41972570495625
2019-12-20 08:00:00,112.78678,86.78009,120.0,24.0,-331528.06047408085,-139271.5617957905,-0.018514582337226873,0.004807307976638937,0.01912851194171177,False,284.55542120941686
2019-12-20 09:00:00,112.77519,86.78021,120.0,24.0,-331543.8730889629,-139199.30982269955,-0.021625390589986578,0.004187044947696651,0.022027003054512707,False,280.9578562103625
2019-12-20 10:00:00,112.76197,86.78036,120.0,24.0,-331560.5393716385,-139116.32870685463,-0.023916364883212034,0.006512911543769628,0.024787305743140083,False,285.2334126936339
2019-12-20 11:00:00,112.74775,86.78063,120.0,24.0,-331567.25610417867,-139022.37967753637,-0.02496017967152558,0.010389355953477153,0.027036073797112075,False,292.59889644034956
2019-12-20 12:00:00,112.73333,86.78103,120.0,24.0,-331561.04509407707,-138921.66963244538,-0.02462599824025079,0.014575927147780806,0.02861638414521039,False,300.6209431731081
2019-12-20 13:00:00,112.71949,86.78157,120.0,24.0,-331538.981430952,-138818.29100508324,-0.0230101739687161,0.018917602218837204,0.029788316162225992,False,309.4250177495178
2019-12-20 14:00:00,112.70692,86.78225,120.0,24.0,-331499.39337569475,-138716.24576050168,-0.02033132587254707,0.022949216577855352,0.03065989812887533,False,318.46140682933714
2019-12-20 15:00:00,112.69615,86.78305,120.0,24.0,-331443.06152004894,-138619.46823886663,-0.017052166692362168,0.0251201514792468,0.03036113303624242,False,325.83039011712026
2019-12-20 16:00:00,112.68734,86.78387,120.0,24.0,-331379.90598585777,-138533.1916901105,-0.013739548898298787,0.023879711745062003,0.027550242048954773,False,330.08538660984345
2019-12-20 17:00:00,112.68037,86.78459,120.0,24.0,-331322.58676248486,-138461.88266282086,-0.01129029755168838,0.02015829266928709,0.023104709090276256,False,330.74759569948924
2019-12-20 18:00:00,112.67437,86.78517,120.0,24.0,-331277.3345579178,-138402.22328159603,-0.010452595690641085,0.015661520328790663,0.018829231946129184,False,326.2806081260627
2019-12-20 19:00:00,112.66836,86.7856,120.0,24.0,-331247.55091628997,-138348.97130765617,-0.01102543824895631,0.011319775906258787,0.01580182315903661,False,315.7546730198525
2019-12-20 20:00:00,112.6617,86.7859,120.0,24.0,-331232.7221380204,-138297.56165366943,-0.012538357632765333,0.007753348229014951,0.014741940879256501,False,301.73141650280957
2019-12-20 21:00:00,112.65395,86.7861,120.0,24.0,-331230.81910401356,-138244.15639854132,-0.014634309635583334,0.005582493756455709,0.015662926133101506,False,290.88015984529807
2019-12-20 22:00:00,112.64488,86.78626,120.0,24.0,-331236.21286295605,-138184.84262359346,-0.01692153769634909,0.005427454301498244,0.01777064146855186,False,287.78324760775706
2019-12-20 23:00:00,112.6345,86.78645,120.0,24.0,-331241.6627123702,-138116.66810436224,-0.018825536050685474,0.007443245586468776,0.020243584476474154,False,291.5728648561835
2019-12-21 00:00:00,112.62324,86.78674,120.0,24.0,-331238.91338492173,-138039.1138351032,-0.01975447870377789,0.011319749801432591,0.022767875711735764,False,299.8136553565948
2019-12-21 01:00:00,112.61179,86.78718,120.0,24.0,-331221.14420431654,-137954.02859135557,-0.019038860222287925,0.015351231011537268,0.02445687003959012,False,308.87959361826967
2019-12-21 02:00:00,112.60135,86.78773,120.0,24.0,-331189.58591547626,-137870.07449000774,-0.016253295109455067,0.017521995542322977,0.023899580115563167,False,317.15118861304154
2019-12-21 03:00:00,112.5931,86.78831,120.0,24.0,-331149.6488680942,-137797.5073376738,-0.012042404600226986,0.017522030328960304,0.02126125714544116,False,325.5003402426443
2019-12-21 04:00:00,112.5875,86.78886,120.0,24.0,-331106.41995840485,-137741.5551066581,-0.007380901192466023,0.015196166156575595,0.01689382041668491,False,334.0937781498895
2019-12-21 05:00:00,112.58461,86.78929,120.0,24.0,-331069.04076088115,-137706.41656089202,-0.0035378563484448357,0.010544348012052687,0.011122036798244776,False,341.45228556982033
2019-12-21 06:00:00,112.58343,86.78954,120.0,24.0,-331046.1053163647,-137688.8793386493,-0.0015036540729256047,0.0044968688347832835,0.004741603619902335,False,341.5111978256617
2019-12-21 07:00:00,112.58288,86.78958,120.0,24.0,-331043.30357523053,-137683.98653904197,-0.0009212812083742922,-0.001395582894874942,0.0016722471950555394,False,213.4304302343176
2019-12-21 08:00:00,112.58237,86.78945,120.0,24.0,-331057.93035505066,-137686.61341945454,-0.0012342307393411777,-0.005892455277918336,0.006020328456172664,False,191.83011557981092
2019-12-21 09:00:00,112.58146,86.7892,120.0,24.0,-331085.88891049183,-137692.07335358032,-0.0023991479722333493,-0.009458927966271676,0.009758443998086366,False,194.23228071057318
2019-12-21 10:00:00,112.57961,86.78884,120.0,24.0,-331127.44649403216,-137696.815673428,-0.004277178557113029,-0.012095001203507597,0.012829002709574806,False,199.47522025453088
2019-12-21 11:00:00,112.57654,86.78842,120.0,24.0,-331178.12218098604,-137697.07561621006,-0.005590396841646403,-0.012405160769394725,0.013606636269174684,False,204.25875124551888
2019-12-21 12:00:00,112.57318,86.78804,120.0,24.0,-331225.37205326004,-137693.93974035827,-0.005182221027752423,-0.009924173414046368,0.011195741723197447,False,207.57273642813027
2019-12-21 13:00:00,112.57058,86.78778,120.0,24.0,-331258.42483290425,-137690.0506709605,-0.0034174012740336517,-0.006822882976955941,0.0076308822284845935,False,206.60507545850692
2019-12-21 14:00:00,112.56925,86.7876,120.0,24.0,-331280.1782511203,-137690.07415833915,-0.0009478408395430357,-0.0049620818855434816,0.005051797590555703,False,190.81418326543604
2019-12-21 15:00:00,112.56949,86.78746,120.0,24.0,-331294.0349425751,-137697.46086977,0.0018611875662440322,-0.004341783147854479,0.004723886118412946,False,156.79668975694102
2019-12-21 16:00:00,112.57139,86.78732,120.0,24.0,-331303.9017895077,-137714.44644820856,0.004827084420599686,-0.0052721240296712156,0.00714814911622812,False,137.52320816754695
2019-12-21 17:00:00,112.57504,86.78712,120.0,24.0,-331315.74646608054,-137744.12379126356,0.00817619895783372,-0.008063210907612896,0.011483274774154312,False,134.60136273376224
2019-12-21 18:00:00,112.58079,86.7868,120.0,24.0,-331334.9093200688,-137791.09138103906,0.012065601246560243,-0.012715048865202602,0.01752858240376232,False,136.50125567799705
2019-12-21 19:00:00,112.58891,86.7863,120.0,24.0,-331366.91889264184,-137859.4896658717,0.01609580927888611,-0.018452369130006648,0.02448601647578263,False,138.9021481814616
2019-12-21 20:00:00,112.59929,86.78561,120.0,24.0,-331413.05898444547,-137949.12327562264,0.01964964774181973,-0.023879630830310687,0.03092483508395034,False,140.5503238980328
2019-12-21 21:00:00,112.61149,86.78476,120.0,24.0,-331471.2828203417,-138056.17499177446,0.021743553336164168,-0.028376698846572256,0.03574939368872808,False,142.53897633255627
2019-12-21 22:00:00,112.62427,86.78378,120.0,24.0,-331541.47458186594,-138172.19713565355,0.021732187690351144,-0.031168076463779303,0.037996538951076096,False,145.1135589708927
2019-12-21 23:00:00,112.63645,86.78275,120.0,24.0,-331618.2314678917,-138286.93334942422,0.0205716625398627,-0.031013023093995874,0.03721560023810864,False,146.44275400631108
2019-12-22 00:00:00,112.64789,86.78178,120.0,24.0,-331690.5597814754,-138394.84495165347,0.019610622791979164,-0.02760152896681188,0.03385883824934116,False,144.60656966043507
2019-12-22 01:00:00,112.65896,86.78097,120.0,24.0,-331747.2679829115,-138493.766709108,0.020129973482775926,-0.022639230886064395,0.030294398946501547,False,138.35767855395022
2019-12-22 02:00:00,112.67099,86.78032,120.0,24.0,-331785.1449631569,-138591.38969185433,0.023045498273406913,-0.018297114879647493,0.029425828851344503,False,128.44803387870184
2019-12-22 03:00:00,112.6854,86.77979,120.0,24.0,-331804.8732172898,-138697.65105194543,0.028036143368316713,-0.015970808438293252,0.03226595817795387,False,119.6680319081492
2019-12-22 04:00:00,112.70315,86.77929,120.0,24.0,-331813.38712925446,-138821.98152236082,0.03403096316436735,-0.01659083185819257,0.037859769619496435,False,115.99023657716799
2019-12-22 05:00:00,112.72443,86.77872,120.0,24.0,-331820.50327963155,-138969.79291807345,0.03809245922159568,-0.020623175926206883,0.0433168654779199,False,118.43101958163624
2019-12-22 06:00:00,112.74683,86.77796,120.0,24.0,-331844.3988068669,-139132.31731328633,0.03771747209869055,-0.027601948201117082,0.04673837016855263,False,126.19696464762148
2019-12-22 07:00:00,112.76767,86.77694,120.0,24.0,-331898.7766290392,-139297.07945847162,0.034011171727403804,-0.033649733405817214,0.04784416746640621,False,134.69393413580593
2019-12-22 08:00:00,112.78581,86.77579,120.0,24.0,-331973.03139291774,-139451.87756465838,0.028986030327859146,-0.03520034118328181,0.04559883741486197,False,140.52995137635605
2019-12-22 09:00:00,112.80088,86.77467,120.0,24.0,-332051.61358049937,-139587.64682115903,0.02463078918205147,-0.03442464877149633,0.042328857990401154,False,144.41633151163734
2019-12-22 10:00:00,112.81402,86.77357,120.0,24.0,-332132.79541031003,-139711.41341375787,0.02249091214356102,-0.03364900774913805,0.04047340919110884,False,146.2413321430709
2019-12-22 11:00:00,112.82663,86.7725,120.0,24.0,-332212.14432366466,-139830.8521280156,0.022332402787392194,-0.03178805983064654,0.03884864170154584,False,144.91040109616557
2019-12-22 12:00:00,112.83958,86.77152,120.0,24.0,-332281.3659028787,-139948.4041647395,0.02342283334808865,-0.028066398256337288,0.03655614631133411,False,140.1532883795224
2019-12-22 13:00:00,112.85343,86.77069,120.0,24.0,-332332.9187929399,-140064.711073966,0.025011285601727093,-0.024034714321052666,0.034687633242205716,False,133.85931533315323
2019-12-22 14:00:00,112.86819,86.76997,120.0,24.0,-332370.89259170304,-140181.55757706997,0.026695961213952,-0.021553650003916437,0.03431084629717193,False,128.91653706549874
2019-12-22 15:00:00,112.88396,86.7693,120.0,24.0,-332401.21207489853,-140302.12178813072,0.029500579597017806,-0.020622934020718835,0.03599429960678365,False,124.95619560350161
2019-12-22 16:00:00,112.90192,86.76864,120.0,24.0,-332425.094320267,-140434.98515588001,0.034475791361436935,-0.020932571490350008,0.040333022936496384,False,121.26475293203572
2019-12-22 17:00:00,112.92337,86.76795,120.0,24.0,-332443.4478943955,-140589.43172104523,0.04120515304570864,-0.026514407303462946,0.0489987594962791,False,122.76019079336908
2019-12-22 18:00:00,112.94901,86.76693,120.0,24.0,-332485.3661096926,-140782.58959964238,0.048432438593884665,-0.039849677941457703,0.06271919913541872,False,129.44717227600358
2019-12-22 19:00:00,112.9787,86.76538,120.0,24.0,-332571.6891544425,-141022.41795690142,0.05301586963118046,-0.053496442989317466,0.07531634514007976,False,135.25851131806098
2019-12-22 20:00:00,113.00955,86.76348,120.0,24.0,-332690.95991892496,-141284.38265784824,0.052315890000045315,-0.06001053607324433,0.07961291846361997,False,138.9187846133384
2019-12-22 21:00:00,113.03841,86.76151,120.0,24.0,-332822.1527280426,-141538.01582006708,0.04765574932657202,-0.060476186371480854,0.07699636070565384,False,141.76158937074683
2019-12-22 22:00:00,113.06391,86.75958,120.0,24.0,-332957.3799431946,-141770.54176509383,0.04144661876148031,-0.05846029096990407,0.07166189940997475,False,144.6644859571707
2019-12-22 23:00:00,113.08566,86.75774,120.0,24.0,-333092.51588771126,-141977.4749654356,0.036301170756261686,-0.0553583168667674,0.06619908039086868,False,146.74517375117773
2019-12-23 00:00:00,113.10527,86.75601,120.0,24.0,-333221.5570509739,-142167.26564076214,0.03416120336365145,-0.05225644217647761,0.06243175125043585,False,146.82645833306572
2019-12-23 01:00:00,113.12456,86.75437,120.0,24.0,-333342.0615140644,-142351.3532476826,0.03428397308138452,-0.048689737207091015,0.05954898252313537,False,144.84942078767165
2019-12-23 02:00:00,113.14429,86.75287,120.0,24.0,-333447.0126876175,-142531.95538768492,0.03558306338666742,-0.04341738345428611,0.0561357603136905,False,140.66339384941313
2019-12-23 03:00:00,113.16504,86.75157,120.0,24.0,-333528.80942808324,-142709.80079936574,0.03840331170139136,-0.03845493591548495,0.0543470003394693,False,135.03848447284633
2019-12-23 04:00:00,113.18796,86.75039,120.0,24.0,-333592.7939234584,-142895.08383745453,0.042992172237011995,-0.035353251233477406,0.055661290377014054,False,129.4310874527073
2019-12-23 05:00:00,113.21391,86.74929,120.0,24.0,-333640.90791380533,-143094.5650669816,0.04758326511725989,-0.0345781600145325,0.058820202900109544,False,126.00543304150466
2019-12-23 06:00:00,113.24203,86.74816,120.0,24.0,-333686.5598201278,-143308.0787914402,0.05025830272381614,-0.03612930723945458,0.06189688065065678,False,125.71131569537425
2019-12-23 07:00:00,113.271,86.74696,120.0,24.0,-333737.13260719593,-143529.71038977738,0.05038178073386855,-0.03783568201330031,0.06300684616235909,False,126.90579652877756
2019-12-23 08:00:00,113.29924,86.74572,120.0,24.0,-333793.49963626236,-143748.943346822,0.047783505910055896,-0.038146409152776735,0.06114255447973527,False,128.60097954038076
2019-12-23 09:00:00,113.32524,86.7445,120.0,24.0,-333853.3093798155,-143954.3304952137,0.04303392444725422,-0.03923209336231161,0.05823294430922344,False,132.35402289015184
2019-12-23 10:00:00,113.34807,86.74319,120.0,24.0,-333930.2020741921,-144145.30910352594,0.03707337932143799,-0.04248837672861791,0.05638880750063957,False,138.89356372585263
2019-12-23 11:00:00,113.36729,86.74176,120.0,24.0,-334028.38754390454,-144320.64069249367,0.031638139572115496,-0.04403853115180527,0.054225124265354925,False,144.30579649866888
2019-12-23 12:00:00,113.38394,86.74035,120.0,24.0,-334130.92441017914,-144480.18074888055,0.028395462342139334,-0.040626704573723145,0.04956643426901344,False,145.04891865978232
2019-12-23 13:00:00,113.39947,86.73914,120.0,24.0,-334215.73135867045,-144624.39130593088,0.02804477740766191,-0.034733859395401495,0.044642474487250644,False,141.08193522137304
2019-12-23 14:00:00,113.41571,86.73811,120.0,24.0,-334280.24954186846,-144764.81483052814,0.03099468104740228,-0.02961624855651982,0.04286948135669197,False,133.69718625652138
2019-12-23 15:00:00,113.43457,86.73723,120.0,24.0,-334322.7230115948,-144913.9149593145,0.037372035471041266,-0.025893950917623077,0.04546609428324627,False,124.71691536777223
2019-12-23 16:00:00,113.45802,86.73644,120.0,24.0,-334344.2947478067,-145085.84455346206,0.046561046469596135,-0.024032334285858135,0.05239736767788171,False,117.30037524905742
2019-12-23 17:00:00,113.48727,86.73568,120.0,24.0,-334348.00383858074,-145290.32800051032,0.05499364859498312,-0.024187957219894744,0.06007793821578722,False,113.74142151739915
2019-12-23 18:00:00,113.52025,86.73488,120.0,24.0,-334346.2134879716,-145518.40145305338,0.059267254220947196,-0.02573980211989871,0.06461536068197658,False,113.4753335642053
2019-12-23 19:00:00,113.55432,86.73402,120.0,24.0,-334347.63912588684,-145755.55845446416,0.05977743273467275,-0.02729126047271651,0.06571266516081951,False,114.53896813703449
2019-12-23 20:00:00,113.58786,86.73312,120.0,24.0,-334354.3440137624,-145991.4627775181,0.05799789570835694,-0.0277569241846368,0.06429776626593744,False,115.57507846922931
2019-12-23 21:00:00,113.6199,86.73223,120.0,24.0,-334363.69242467155,-146218.2239513317,0.055837802954621894,-0.02775662639112161,0.06235615885712886,False,116.43168659395553
2019-12-23 22:00:00,113.65098,86.73133,120.0,24.0,-334376.3680665164,-146439.88659833756,0.05482656970494806,-0.02744612326292996,0.06131266123546973,False,116.59249847539945
2019-12-23 23:00:00,113.68186,86.73046,120.0,24.0,-334386.34621180716,-146659.0934710133,0.054654913817844736,-0.025740341195954728,0.06041295199971774,False,115.21861388144714
2019-12-24 00:00:00,113.71273,86.72967,120.0,24.0,-334388.0332659449,-146874.7034047789,0.05488874123130511,-0.02186365078920933,0.05908293442094483,False,111.71871233004174
2019-12-24 01:00:00,113.74386,86.72905,120.0,24.0,-334371.54445546184,-147084.2330061965,0.05646703557455042,-0.017366223223526305,0.059077168310836356,False,107.09508224367642
2019-12-24 02:00:00,113.7765,86.72855,120.0,24.0,-334338.78440254694,-147297.1983112288,0.0602755184995066,-0.014419320708264719,0.0619762449658912,False,103.45365895445264
2019-12-24 03:00:00,113.81192,86.72812,120.0,24.0,-334291.5827115027,-147523.23916514686,0.06558929462190721,-0.01271325974083767,0.06681004821310452,False,100.96968748941197
2019-12-24 04:00:00,113.85055,86.72773,120.0,24.0,-334231.86668174615,-147766.1980126875,0.07116016160211411,-0.01147269172328785,0.07207906252592768,False,99.1586165359501
2019-12-24 05:00:00,113.89225,86.72738,120.0,24.0,-334159.96081545536,-148025.23992124214,0.07543819651175282,-0.010698134033540335,0.0761929889474447,False,98.07147803410174
2019-12-24 06:00:00,113.9357,86.72704,120.0,24.0,-334082.3052305001,-148294.00653309768,0.0773423737969191,-0.010854083785942183,0.07810028117346705,False,97.98861027948516
2019-12-24 07:00:00,113.97954,86.72668,120.0,24.0,-334005.4630905684,-148565.9214468976,0.07768828383905232,-0.012404973459509232,0.07867243997988296,False,99.07218924537972
2019-12-24 08:00:00,114.02337,86.72624,120.0,24.0,-333936.58430115215,-148841.38342386324,0.07754827540496005,-0.015196190638069346,0.07902315627834716,False,101.08706793532485
2019-12-24 09:00:00,114.06704,86.7257,120.0,24.0,-333878.0898351229,-149120.4475402302,0.07694925828614992,-0.018142614968682306,0.07905910971349517,False,103.26655626407211
2019-12-24 10:00:00,114.11018,86.72507,120.0,24.0,-333829.9173410934,-149400.5255631008,0.07574868646952014,-0.02000355578961463,0.07834542581469507,False,104.79285129595235
2019-12-24 11:00:00,114.15248,86.72441,120.0,24.0,-333786.7628523341,-149677.09248998883,0.07422098159326349,-0.020933952083345572,0.07711669377310833,False,105.75105143539628
2019-12-24 12:00:00,114.19388,86.72372,120.0,24.0,-333748.79247645143,-149949.8073037997,0.07297678133935948,-0.02124382065418455,0.07600599009709592,False,106.23048038074307
2019-12-24 13:00:00,114.23476,86.72304,120.0,24.0,-333710.94751993875,-150219.05842737065,0.0735851256459537,-0.018916792605210432,0.07597773199299473,False,104.41705063076643
2019-12-24 14:00:00,114.27683,86.7225,120.0,24.0,-333655.5145171181,-150488.83571050825,0.07718006364444535,-0.012247971925629066,0.07814585747467126,False,99.01727183510508
2019-12-24 15:00:00,114.32175,86.72225,120.0,24.0,-333562.8624064839,-150761.87148660014,0.08223558642946542,-0.004649818869162731,0.08236693809359492,False,93.23620996236252
2019-12-24 16:00:00,114.36951,86.7222,120.0,24.0,-333442.1609469047,-151042.17016055287,0.08687012551396495,-0.00030831953595406025,0.08687067265624386,False,90.20335338381994
2019-12-24 17:00:00,114.41965,86.72223,120.0,24.0,-333306.80534911976,-151332.52554738836,0.09065901907167846,0.0012419903414180034,0.09066752604459402,False,89.21512107448365
2019-12-24 18:00:00,114.47168,86.72228,120.0,24.0,-333164.16290188115,-151632.82488662293,0.09332046620231865,0.0009312752299052152,0.09332511283557034,False,89.42824579368079
2019-12-24 19:00:00,114.52482,86.72229,120.0,24.0,-333022.3693192762,-151941.29529065525,0.0936404769365006,-0.0012411079118323926,0.09364870137777732,False,90.75935198227904
2019-12-24 20:00:00,114.57721,86.7222,120.0,24.0,-332892.43602403457,-152249.91921749891,0.09088354930096834,-0.0046537280970708125,0.09100261929605657,False,92.93129290331603
2019-12-24 21:00:00,114.62724,86.72199,120.0,24.0,-332780.6790261155,-152550.30888269696,0.08701038880657373,-0.007289434417402835,0.08731519692697685,False,94.78886283977755
2019-12-24 22:00:00,114.67526,86.72173,120.0,24.0,-332679.0857073999,-152841.27941176482,0.0840344954865743,-0.007754083568188415,0.08439148205633981,False,95.2719037709428
2019-12-24 23:00:00,114.72193,86.72149,120.0,24.0,-332578.81814923894,-153123.41675692156,0.08165257035278295,-0.006358491285819917,0.08189977201829085,False,94.45278040735553
2019-12-25 00:00:00,114.76726,86.72132,120.0,24.0,-332474.80307791394,-153394.44229357355,0.07934877968658162,-0.00372235715256904,0.07943604207487272,False,92.68585240987147
2019-12-25 01:00:00,114.81133,86.72125,120.0,24.0,-332363.81260035496,-153653.4048784595,0.0780725032108023,-0.0007754319389527038,0.0780763539894934,False,90.5690545929495
2019-12-25 02:00:00,114.85522,86.72127,120.0,24.0,-332243.986681564,-153907.0202204948,0.07885296319105418,0.0021715954421558763,0.07888286018378225,False,88.42248398767953
2019-12-25 03:00:00,114.90017,86.72139,120.0,24.0,-332110.9884990808,-154161.98591007025,0.08148603837728041,0.005273461494330552,0.08165649910788365,False,86.2972021391526
2019-12-25 04:00:00,114.94703,86.72161,120.0,24.0,-331962.52417470934,-154423.19535728515,0.0851812035248492,0.0085300826228283,0.08560724118609395,False,84.28144040839544
2019-12-25 05:00:00,114.99615,86.72194,120.0,24.0,-331796.62242479715,-154692.16378780772,0.08794194340726366,0.011320176944727409,0.08866753530073057,False,82.665033556337
2019-12-25 06:00:00,115.04613,86.72234,120.0,24.0,-331621.09728381276,-154962.63045396502,0.08801178065096701,0.012869545622351562,0.08894773036946878,False,81.6808680746451
2019-12-25 07:00:00,115.09534,86.72277,120.0,24.0,-331444.40575878794,-155227.03375589065,0.0858187736277935,0.012713811050721432,0.08675541999444134,False,81.57308411689036
2019-12-25 08:00:00,115.14286,86.72316,120.0,24.0,-331276.13360114314,-155483.3741220904,0.08242926178663953,0.010852810171848536,0.08314064401552668,False,82.49945887964986
2019-12-25 09:00:00,115.18826,86.72347,120.0,24.0,-331121.5088455991,-155731.09195939853,0.07927164065679712,0.009457789661370907,0.07983384493871697,False,83.1962808779399
2019-12-25 10:00:00,115.23223,86.72377,120.0,24.0,-330971.60229910206,-155970.87792793184,0.07725055306063408,0.00976833749717863,0.07786570725057744,False,82.79319386283578
2019-12-25 11:00:00,115.27536,86.7241,120.0,24.0,-330820.7841791473,-156204.24535847947,0.07477772581490066,0.010387886759566079,0.07549580431638588,False,82.09126508784033
2019-12-25 12:00:00,115.31655,86.72444,120.0,24.0,-330674.08974535106,-156425.80033684694,0.07036350076450296,0.00992210741213223,0.07105962605681301,False,81.9735212843994
2019-12-25 13:00:00,115.35471,86.72474,120.0,24.0,-330539.56695197104,-156631.6578285173,0.0655412310954357,0.010542844591904146,0.06638376718441301,False,80.86178552108925
2019-12-25 14:00:00,115.39047,86.72512,120.0,24.0,-330403.4170965135,-156819.73569298405,0.06215480982190532,0.014730129044505963,0.0638764204199407,False,76.667392392441
2019-12-25 15:00:00,115.42482,86.72569,120.0,24.0,-330251.86691420566,-156990.46990355194,0.06026473337405451,0.020777943466217665,0.06374606672831835,False,70.97694231772874
2019-12-25 16:00:00,115.45846,86.72646,120.0,24.0,-330082.0175296846,-157147.38996488,0.05970117473145875,0.026670727807328046,0.06538775104015086,False,65.92791395888565
2019-12-25 17:00:00,115.49219,86.72741,120.0,24.0,-329893.71105935966,-157296.03382425982,0.061144521247739954,0.033339192111032874,0.06964304853488021,False,61.398470910506944
2019-12-25 18:00:00,115.52748,86.72861,120.0,24.0,-329675.87062504154,-157441.45915071125,0.06484978795141427,0.041248040907915895,0.07685633269994412,False,57.541390321634026
2019-12-25 19:00:00,115.56542,86.73007,120.0,24.0,-329424.5016263519,-157589.38683718583,0.06858431410759915,0.04760506525198812,0.08348682757930062,False,55.23509450936706
2019-12-25 20:00:00,115.60496,86.73168,120.0,24.0,-329153.5741824284,-157739.0055129715,0.07011867137672832,0.05008522773554529,0.08616935715762915,False,54.46207198216308
2019-12-25 21:00:00,115.64467,86.7333,120.0,24.0,-328881.12218720943,-157888.81793392263,0.0697665069131378,0.049464573076664964,0.08552256705991484,False,54.66329380057391
2019-12-25 22:00:00,115.68385,86.73487,120.0,24.0,-328615.1132438612,-158037.70812913004,0.06853990758784068,0.04775873970180637,0.08353811196127571,False,55.131141885298746
2019-12-25 23:00:00,115.72221,86.73638,120.0,24.0,-328357.3532683634,-158184.51639666752,0.0675803814222381,0.0457433016581338,0.08160611251470205,False,55.90700937133221
2019-12-26 00:00:00,115.76034,86.73782,120.0,24.0,-328107.2180818455,-158333.12981142965,0.06769173678632971,0.04341774687488008,0.08041935073625564,False,57.323727464703495
2019-12-26 01:00:00,115.79886,86.73918,120.0,24.0,-327863.9931401982,-158487.5991626059,0.06814861065644333,0.04171193887557215,0.07990068196932344,False,58.530316192347186
2019-12-26 02:00:00,115.83754,86.74051,120.0,24.0,-327623.28032944555,-158644.18765119888,0.06839447519777135,0.04062650931968638,0.07955072279420926,False,59.28956989388337
2019-12-26 03:00:00,115.87637,86.7418,120.0,24.0,-327386.10784877813,-158803.32947045277,0.07000693906083107,0.04016229018690086,0.08070923782147708,False,60.157532037197655
2019-12-26 04:00:00,115.91691,86.7431,120.0,24.0,-327143.12159004004,-158971.49845705013,0.07417537309029226,0.04047335812954036,0.08449898633336429,False,61.381168625461385
2019-12-26 05:00:00,115.9605,86.74441,120.0,24.0,-326890.58561819035,-159156.31587012523,0.0783762799917144,0.040937782232069696,0.08842365791698494,False,62.4208714851913
2019-12-26 06:00:00,116.00584,86.74574,120.0,24.0,-326631.0840481991,-159349.83852544182,0.07978153571000111,0.0407814527447903,0.0896003366523907,False,62.92551498166654
2019-12-26 07:00:00,116.05106,86.74704,120.0,24.0,-326374.8241548569,-159543.83755307362,0.0783589849194774,0.03954004901497736,0.08776984672265128,False,63.224427224408146
2019-12-26 08:00:00,116.09482,86.74829,120.0,24.0,-326127.5450806798,-159731.6766226819,0.07464119515893433,0.03752346449609816,0.08354231504180418,False,63.31050518746929
2019-12-26 09:00:00,116.13585,86.74946,120.0,24.0,-325895.8072660862,-159907.63789152913,0.0685683629609314,0.036437337976702455,0.07764856726283152,False,62.01375172811083
2019-12-26 10:00:00,116.17274,86.75064,120.0,24.0,-325674.5489529081,-160059.32494042304,0.06023964546680363,0.037367421323254976,0.07088821525695119,False,58.1881444772464
2019-12-26 11:00:00,116.20433,86.75187,120.0,24.0,-325463.040364386,-160178.2224767945,0.05115164533612715,0.03783317437539914,0.0636226367255578,False,53.512344329031805
2019-12-26 12:00:00,116.23091,86.75308,120.0,24.0,-325267.51791092067,-160269.4814332503,0.042720950709467034,0.035972965471230946,0.05584920656835767,False,49.9011107377014
2019-12-26 13:00:00,116.25293,86.75419,120.0,24.0,-325094.7553406234,-160339.65989908768,0.034533742562599175,0.034887806580001915,0.04908908660123448,False,44.707782407177206
2019-12-26 14:00:00,116.27021,86.75533,120.0,24.0,-324932.25278211926,-160381.3658972116,0.02622929821143517,0.03798943780479533,0.04616463440111715,False,34.622618941802216
2019-12-26 15:00:00,116.28279,86.75664,120.0,24.0,-324765.89547442243,-160387.94261913752,0.01950154861773672,0.04326218023657606,0.047454469097356275,False,24.264704482409797
2019-12-26 16:00:00,116.29242,86.75812,120.0,24.0,-324590.7925229796,-160369.33392702666,0.015893903943796448,0.04822457005791324,0.050776228097853135,False,18.24123997996304
2019-12-26 17:00:00,116.3009,86.75975,120.0,24.0,-324403.910111209,-160336.73911889744,0.014192907025103743,0.05256643209945046,0.05444876852132998,False,15.109545009012322
2019-12-26 18:00:00,116.3086,86.76151,120.0,24.0,-324206.21607684647,-160293.2460396983,0.012808829420904153,0.05659811823973172,0.05802941581140096,False,12.751909438673124
2019-12-26 19:00:00,116.31551,86.7634,120.0,24.0,-323997.7391952851,-160238.80096427404,0.01142604423816154,0.058148792719175925,0.05926075076836364,False,11.116797393916443
2019-12-26 20:00:00,116.32164,86.76526,120.0,24.0,-323794.4628291523,-160181.38509296082,0.01012353504285949,0.05582288089417892,0.05673341161158643,False,10.278933126160496
2019-12-26 21:00:00,116.32707,86.767,120.0,24.0,-323605.16650872683,-160125.91581640145,0.009251341007920548,0.05272166947012265,0.05352720562631394,False,9.952656549079052
2019-12-26 22:00:00,116.33221,86.76866,120.0,24.0,-323424.6986194417,-160072.73697318524,0.008931499040411406,0.0510160084920509,0.051791937573042,False,9.930274761141106
2019-12-26 23:00:00,116.33728,86.77029,120.0,24.0,-323247.4400128178,-160020.61805369653,0.008000799849169423,0.047294431293630666,0.0479664052188031,False,9.60182030900404
2019-12-27 00:00:00,116.34136,86.77171,120.0,24.0,-323093.968328894,-159973.2899808253,0.005489347676676111,0.03783552366236482,0.0382316595078058,False,8.255128440915087
2019-12-27 01:00:00,116.34356,86.77273,120.0,24.0,-322985.77295427734,-159935.16166761523,0.002525381839576046,0.026981108797969548,0.02709903661393759,False,5.347200298148664
2019-12-27 02:00:00,116.34425,86.77345,120.0,24.0,-322911.8101495873,-159903.3792855993,0.00039323440798133633,0.01969313336471193,0.019697059044942487,False,1.1439356918061776
2019-12-27 03:00:00,116.34401,86.774,120.0,24.0,-322857.45177600515,-159874.77744478948,-0.0010828342744938152,0.015816544555093015,0.015853567791801977,False,356.08352039307346
2019-12-27 04:00:00,116.34301,86.77447,120.0,24.0,-322813.2175807514,-159845.8576072303,-0.0025059986922709417,0.013800724973677375,0.01402640507203275,False,349.7081107872934
2019-12-27 05:00:00,116.34114,86.77489,120.0,24.0,-322776.4118366801,-159814.5152520926,-0.004889092325281007,0.012715337985018485,0.013622886765967615,False,338.9680721645134
2019-12-27 06:00:00,116.33741,86.77529,120.0,24.0,-322746.79241639073,-159773.68889841382,-0.008842961725455902,0.012560401879011676,0.015361043826516416,False,324.85311617687853
2019-12-27 07:00:00,116.33101,86.7757,120.0,24.0,-322723.61166692805,-159717.3329753429,-0.012795869266744048,0.013800918254784876,0.018820191682521706,False,317.1640838731226
2019-12-27 08:00:00,116.32275,86.77618,120.0,24.0,-322698.6003982313,-159647.0427874368,-0.015185315484367615,0.016126791661023803,0.022151009359346174,False,316.72222087542787
2019-12-27 09:00:00,116.31361,86.77674,120.0,24.0,-322668.02024410013,-159567.84791867624,-0.016500393693489674,0.01798753849329382,0.024409312425545313,False,317.4691062263532
2019-12-27 10:00:00,116.30384,86.77734,120.0,24.0,-322635.17323705676,-159483.14031454327,-0.017352606586433617,0.01767737491864971,0.0247710019853466,False,315.5311827423791
2019-12-27 11:00:00,116.29372,86.77788,120.0,24.0,-322609.2861063614,-159399.44525627326,-0.01689641068524524,0.01504110384836526,0.02262130630670514,False,311.67532311479584
2019-12-27 12:00:00,116.28447,86.77831,120.0,24.0,-322591.971628828,-159326.1009333813,-0.014452245445241924,0.010854255209526693,0.01807435350332214,False,306.9081180758252
2019-12-27 13:00:00,116.27715,86.77858,120.0,24.0,-322585.294740812,-159271.5405165033,-0.01159040260835234,0.005892305998865371,0.01300218068663736,False,296.9477832749019
2019-12-27 14:00:00,116.27118,86.77869,120.0,24.0,-322590.87590465567,-159232.49164510425,-0.010185876092285112,0.001085426867869744,0.010243545443491668,False,276.0825960349731
2019-12-27 15:00:00,116.26547,86.77865,120.0,24.0,-322610.747909075,-159202.31827297708,-0.010822583354465854,-0.0029461278458482484,0.01121641563729001,False,254.77191647528812
2019-12-27 16:00:00,116.25877,86.7785,120.0,24.0,-322644.3810965598,-159172.0013143938,-0.013378306240257199,-0.005116894646073139,0.014323466363877031,False,249.06929629059886
2019-12-27 17:00:00,116.25013,86.77832,120.0,24.0,-322686.40383088175,-159132.234298799,-0.016169764596477114,-0.004961878846813948,0.01691394480291172,False,252.940764009838
2019-12-27 18:00:00,116.24023,86.77818,120.0,24.0,-322727.9148184216,-159083.3865088323,-0.017513374600501605,-0.0024809854532512506,0.01768823277540012,False,261.9369974147602
2019-12-27 19:00:00,116.23005,86.77816,120.0,24.0,-322758.17778200924,-159027.03037177998,-0.017522175180302958,0.0013955370907221846,0.01757766044787549,False,274.55365625618015
2019-12-27 20:00:00,116.22014,86.77827,120.0,24.0,-322774.66120371205,-158965.77700567263,-0.01680650958164262,0.004961975939932294,0.017523697370883582,False,286.4487776594691
2019-12-27 21:00:00,116.21078,86.77848,120.0,24.0,-322779.5910749872,-158902.6901268666,-0.016186259766859452,0.0077531912804343055,0.017947339086094506,False,295.5943427064426
2019-12-27 22:00:00,116.20158,86.77877,120.0,24.0,-322776.0514458851,-158836.56364303562,-0.016219808053453022,0.009303885597346883,0.018698782326648393,False,299.8391237658539
2019-12-27 23:00:00,116.19218,86.77908,120.0,24.0,-322771.0494670636,-158768.33012624749,-0.016244761742921006,0.007908255104249943,0.0180674509236407,False,295.9576889094633
2019-12-28 00:00:00,116.18295,86.77928,120.0,24.0,-322776.58383832744,-158706.47908583266,-0.015808183390180416,0.002015790427389595,0.01593618753481307,False,277.2668895220461
2019-12-28 01:00:00,116.17405,86.77921,120.0,24.0,-322808.2463570808,-158659.7861939211,-0.016497562216963725,-0.007132796519301622,0.017973490069776388,False,246.61853713399373
2019-12-28 02:00:00,116.16403,86.77882,120.0,24.0,-322875.06869467703,-158622.5299607059,-0.019647916919498194,-0.016591451336752133,0.02571608245311322,False,229.82097537346738
2019-12-28 03:00:00,116.15152,86.77814,120.0,24.0,-322977.84246816544,-158585.49065548353,-0.0234285114759882,-0.023879519210065526,0.03345334942400236,False,224.45379132254618
2019-12-28 04:00:00,116.13717,86.77728,120.0,24.0,-323103.74822462816,-158546.8913800285,-0.025667378912016044,-0.026825949334544373,0.03712742783862825,False,223.73564084632275
2019-12-28 05:00:00,116.1221,86.77641,120.0,24.0,-323232.64915298607,-158504.6686985751,-0.0260926441565609,-0.025895774184984403,0.03676162672843269,False,225.2169668731494
2019-12-28 06:00:00,116.10727,86.77561,120.0,24.0,-323353.8685690843,-158460.3045396736,-0.025068751140247605,-0.02279463680809443,0.03388270577956547,False,227.72022615175217
2019-12-28 07:00:00,116.09338,86.77494,120.0,24.0,-323459.45290998684,-158414.81140716642,-0.023677221072878812,-0.01907302438332275,0.030403800039810823,False,231.14705505518646
2019-12-28 08:00:00,116.08015,86.77438,120.0,24.0,-323552.1792593637,-158367.6044722055,-0.02272961871150906,-0.015816624219845803,0.027691174920584278,False,235.16750131913773
2019-12-28 09:00:00,116.06735,86.77392,120.0,24.0,-323633.68392376066,-158317.88604199572,-0.021274373627288325,-0.013025613628472812,0.024945251725162397,False,238.52220683620405
2019-12-28 10:00:00,116.05579,86.77354,120.0,24.0,-323703.7332518784,-158271.22171851838,-0.018412100639524837,-0.011475069132595241,0.02169522209053945,False,238.06738701327203
2019-12-28 11:00:00,116.04627,86.77318,120.0,24.0,-323766.13702749566,-158235.08287486955,-0.01521734608386581,-0.01318065982622857,0.020131999783700123,False,229.10219171441528
2019-12-28 12:00:00,116.03837,86.77269,120.0,24.0,-323837.1054552359,-158214.45488506573,-0.01291336513183443,-0.019228055017689996,0.02316188892969204,False,213.88490557432948
2019-12-28 13:00:00,116.03149,86.77194,120.0,24.0,-323931.3412491106,-158212.31599976664,-0.01121210657981108,-0.02667109953411643,0.02893196993493164,False,202.80111124128322
2019-12-28 14:00:00,116.02554,86.77097,120.0,24.0,-324045.08463945956,-158226.1933471713,-0.009807953296858764,-0.0322533629378172,0.03371165034037822,False,196.91403786545476
2019-12-28 15:00:00,116.02027,86.76986,120.0,24.0,-324171.0024504971,-158250.7528526804,-0.00993418597776422,-0.036439949979301854,0.037769802826263583,False,195.2492906725158
2019-12-28 16:00:00,116.01418,86.76862,120.0,24.0,-324312.23614481994,-158277.01499797692,-0.01252777016417288,-0.0395410526560668,0.04147818547665975,False,197.57973540948967
2019-12-28 17:00:00,116.00595,86.76731,120.0,24.0,-324466.41536346154,-158294.55711888007,-0.015612947256164928,-0.040626531728197246,0.04352331791449275,False,201.02197805726962
2019-12-28 18:00:00,115.99634,86.766,120.0,24.0,-324624.4192024343,-158304.23947933194,-0.016922963461879673,-0.03861086102349581,0.0421566754062488,False,203.6676188976502
2019-12-28 19:00:00,115.98662,86.76482,120.0,24.0,-324769.69275846425,-158306.89027189795,-0.016061731408309285,-0.03457936276630621,0.038127569358096684,False,204.9143469559923
2019-12-28 20:00:00,115.978,86.76377,120.0,24.0,-324898.8896295618,-158309.3767094573,-0.013140524751639158,-0.030082609539756132,0.032827378626230086,False,203.59641066120537
2019-12-28 21:00:00,115.97162,86.76288,120.0,24.0,-325005.84572739044,-158316.71199933198,-0.008350642602164442,-0.026361053490701645,0.02765209527339144,False,197.57713674645566
2019-12-28 22:00:00,115.96847,86.76207,120.0,24.0,-325095.8516892303,-158338.44215815357,-0.002155487646817741,-0.02496531208310813,0.025058190964284886,False,184.93464023548586
2019-12-28 23:00:00,115.96916,86.76127,120.0,24.0,-325174.2431458459,-158381.46781742555,0.00395501438794831,-0.026205634673128496,0.0265024041820804,False,171.41756089923018
2019-12-29 00:00:00,115.97298,86.76038,120.0,24.0,-325253.0118338151,-158446.66385095165,0.008727070978780364,-0.029772021440668567,0.031024748645755367,False,163.66255912613605
2019-12-29 01:00:00,115.97911,86.75935,120.0,24.0,-325339.433255609,-158531.83418173474,0.012739183072295168,-0.03380358852241418,0.036124359957543095,False,159.35063595492022
2019-12-29 02:00:00,115.9875,86.7582,120.0,24.0,-325431.6261910319,-158635.73136317055,0.016605119647149495,-0.03674972464232663,0.04032706609441083,False,155.68448356286848
2019-12-29 03:00:00,115.99803,86.75698,120.0,24.0,-325524.8908444939,-158755.24285809303,0.019368072756379213,-0.04047137430206292,0.04486707456692577,False,154.42598218947398
2019-12-29 04:00:00,116.00956,86.75559,120.0,24.0,-325632.4070796298,-158888.80007684947,0.020228206758622438,-0.04682912947710432,0.05101125087912449,False,156.63769418633825
2019-12-29 05:00:00,116.02106,86.75396,120.0,24.0,-325764.04475778824,-159033.99138879147,0.02045769674215743,-0.05179107913389858,0.05568512578640568,False,158.44576908196734
2019-12-29 06:00:00,116.03284,86.75225,120.0,24.0,-325902.8847521047,-159184.7545049887,0.021760875920249077,-0.05210100668903761,0.05646282510490967,False,157.33131159932714
2019-12-29 07:00:00,116.04581,86.7506,120.0,24.0,-326032.34863358457,-159339.41171279218,0.025449470382197546,-0.04961953549067911,0.05576534627387436,False,152.84706841924555
2019-12-29 08:00:00,116.06177,86.74905,120.0,24.0,-326143.40607383754,-159506.2512700098,0.03172816694073543,-0.0468278994474048,0.05656437698830803,False,145.88046050024127
2019-12-29 09:00:00,116.08186,86.74758,120.0,24.0,-326234.8632705943,-159692.7548772792,0.03692762777290021,-0.04481263745678932,0.058067393335395276,False,140.5099433743287
2019-12-29 10:00:00,116.10371,86.74616,120.0,24.0,-326316.3055348353,-159886.9099591469,0.03805309228272209,-0.04419310133972203,0.0583186765822091,False,139.2694405597394
2019-12-29 11:00:00,116.12506,86.74473,120.0,24.0,-326400.04643466306,-160078.79359219482,0.038846039889086956,-0.044502576164790475,0.059071940042354394,False,138.882481421506
2019-12-29 12:00:00,116.14779,86.74329,120.0,24.0,-326480.8314586661,-160279.1172953234,0.043140134217447515,-0.04512197082831791,0.062426464193729235,False,136.28630283373434
2019-12-29 13:00:00,116.17399,86.74182,120.0,24.0,-326554.7950311631,-160500.78487194146,0.04815276815050267,-0.04868878009438761,0.0684783643761714,False,135.31712533615286
2019-12-29 14:00:00,116.20238,86.74015,120.0,24.0,-326642.51506354974,-160744.8973058937,0.05048116771305371,-0.057062876020426534,0.07618740127735048,False,138.5021405311204
2019-12-29 15:00:00,116.23119,86.73814,120.0,24.0,-326762.943316549,-161008.3088752845,0.050961402013673454,-0.06543637074328354,0.0829396353455433,False,142.08878314876534
2019-12-29 16:00:00,116.26009,86.73593,120.0,24.0,-326902.960304182,-161282.27497673544,0.05121554455015728,-0.06900273924569021,0.08593259001669774,False,143.41627904063256
2019-12-29 17:00:00,116.28915,86.73369,120.0,24.0,-327045.3356364661,-161558.81990464756,0.05155971003166211,-0.06900268417020414,0.08613811073643314,False,143.2324325450644
2019-12-29 18:00:00,116.3184,86.73148,120.0,24.0,-327183.97551116376,-161835.15068056967,0.05190425673580078,-0.06807228218710247,0.08560308095773439,False,142.67493641287865
2019-12-29 19:00:00,116.34781,86.7293,120.0,24.0,-327318.9641876734,-162111.09257496614,0.05197372029820084,-0.0663666851639407,0.08429593407327095,False,141.93445045276752
2019-12-29 20:00:00,116.3771,86.7272,120.0,24.0,-327446.0939964389,-162382.56168249025,0.0518030768114838,-0.06342046270993376,0.08188842322012672,False,140.75737678849623
2019-12-29 21:00:00,116.40628,86.72521,120.0,24.0,-327562.3443278434,-162648.11241979734,0.052889932959066424,-0.05938816563449647,0.07952546275152964,False,138.31236838231723
2019-12-29 22:00:00,116.43676,86.72337,120.0,24.0,-327659.71703580365,-162913.80255904284,0.056752471094520515,-0.05504550396794862,0.07906232024434796,False,134.12525774094615
2019-12-29 23:00:00,116.47026,86.72166,121.0,24.0,-327735.3058825646,-163190.44846838445,0.06332366312074884,-0.05163320641978379,0.08170602374499746,False,129.19330881246202
2019-12-30 00:00:00,116.50811,86.72004,121.0,24.0,-327789.27975495456,-163487.64123529164,0.07251067479803446,-0.049771071067335304,0.08794860700918491,False,124.46556638489221
2019-12-30 01:00:00,116.55192,86.71845,120.0,24.0,-327822.9688229604,-163817.58115321095,0.0860411539117367,-0.04868245356543077,0.09885879551973858,False,119.50136745837568
2019-12-30 02:00:00,116.60496,86.7169,120.0,24.0,-327825.90444996505,-164198.4816796721,0.10457770583881686,-0.047128171005880896,0.11470641246621595,False,114.25881224530241
2019-12-30 03:00:00,116.66958,86.71541,119.0,24.0,-327789.15988353203,-164642.77502195345,0.12229650590585878,-0.049145661940881664,0.13180186434337404,False,111.89305518723887
2019-12-30 04:00:00,116.74249,86.71373,119.0,24.0,-327746.88385629526,-165144.15937521812,0.13291295009365986,-0.058298963798990064,0.14513656149515072,False,113.6834652328368
2019-12-30 05:00:00,116.81897,86.71165,120.0,24.0,-327733.39467359596,-165686.26925721334,0.13493349981319955,-0.0694691254927103,0.15176629655019144,False,117.24120874232182
2019-12-30 06:00:00,116.89406,86.70925,120.0,24.0,-327754.93651603744,-166236.84703838325,0.1287811013009003,-0.0772268300627255,0.1501617638875151,False,120.95007013491636
2019-12-30 07:00:00,116.96353,86.70667,120.0,24.0,-327809.8672045692,-166764.72605306157,0.1179294387617113,-0.08001842748251915,0.14251421425046484,False,124.15799116863013
2019-12-30 08:00:00,117.02634,86.70409,120.0,24.0,-327883.4428279992,-167254.87068510373,0.10699229171368237,-0.07800105604731336,0.1324066283485907,False,126.09333415020922
2019-12-30 09:00:00,117.08345,86.70164,120.0,24.0,-327960.101387221,-167706.1417104199,0.10218138012794192,-0.07256835540795555,0.12532837129503566,False,125.38204890737592
2019-12-30 10:00:00,117.14078,86.69941,120.0,24.0,-328013.68287137494,-168147.7865898078,0.10731965557155451,-0.06589578084349047,0.12593554861503728,False,121.55051134111307
2019-12-30 11:00:00,117.20356,86.69739,120.0,24.0,-328029.818836793,-168610.19345689178,0.11475399848970314,-0.06248671018161704,0.13066395493285893,False,118.56950821237803
2019-12-30 12:00:00,117.26913,86.69538,120.0,24.0,-328036.1092297216,-169088.29972717725,0.11712501908634772,-0.06543584496375356,0.13416452549797844,False,119.19138278742082
2019-12-30 13:00:00,117.33448,86.69317,120.0,24.0,-328062.2211926439,-169575.6344457979,0.12003411249584726,-0.07132434164148406,0.13962574932030572,False,120.71880692378636
2019-12-30 14:00:00,117.40321,86.69078,120.0,24.0,-328095.45573080075,-170091.85188339002,0.12929564597002743,-0.07581684294443165,0.1498851485000008,False,120.3866593419383
2019-12-30 15:00:00,117.4788,86.68828,120.0,24.0,-328118.3894383557,-170653.3448157305,0.13826532363958174,-0.0783018214785001,0.15889768710717342,False,119.52355811118343
2019-12-30 16:00:00,117.55743,86.68573,120.0,24.0,-328136.2761244073,-171235.18675900932,0.13927362554404882,-0.0792382634063394,0.16023684083205195,False,119.63725646943215
2019-12-30 17:00:00,117.63403,86.68317,120.0,24.0,-328160.2595345101,-171806.29004779225,0.133243411895992,-0.07707048769723374,0.15392747281617547,False,120.04589331910984
2019-12-30 18:00:00,117.70583,86.68076,120.0,24.0,-328182.91525302024,-172342.48278227233,0.12304829733691176,-0.0700943034151019,0.141612481260521,False,119.66794606875402
2019-12-30 19:00:00,117.77098,86.67865,120.0,24.0,-328195.1696432246,-172825.30209937424,0.11062794603987595,-0.05939499004013688,0.1255639569576782,False,118.23088711197482
2019-12-30 20:00:00,117.82888,86.67693,120.0,24.0,-328190.1719722359,-173246.5141477556,0.09801974728538657,-0.04636877504360233,0.10843400830429191,False,115.31674509206135
2019-12-30 21:00:00,117.87995,86.67566,120.0,24.0,-328160.9497083666,-173605.27665200646,0.08875305221878645,-0.031014705822152114,0.09401604254267072,False,109.26193997681685
2019-12-30 22:00:00,117.92751,86.67493,120.0,24.0,-328088.7387992173,-173915.78682319555,0.08528942257040957,-0.013335420289526227,0.08632565688537909,False,98.88652690018307
2019-12-30 23:00:00,117.97471,86.6748,120.0,24.0,-327958.1742265111,-174192.8138464209,0.08430537087712905,0.0020152343110183824,0.08432945350266766,False,88.6306633261367
2019-12-31 00:00:00,118.02117,86.67506,120.0,24.0,-327791.1924780011,-174445.0543392149,0.081934399941476,0.010852842452922014,0.08265004587462543,False,82.4546558389344
2019-12-31 01:00:00,118.06574,86.6755,120.0,24.0,-327612.0471426984,-174676.8764883982,0.07797439526558922,0.01441887255650344,0.07929634419590244,False,79.52332233189458
2019-12-31 02:00:00,118.10781,86.67599,120.0,24.0,-327435.4472128106,-174891.60844703333,0.07329362294717627,0.014728975320260178,0.07475893176542638,False,78.63727240568915
2019-12-31 03:00:00,118.14719,86.67645,120.0,24.0,-327269.8825578553,-175092.39046278578,0.06936899516571148,0.014574633331969022,0.07088354835264558,False,78.13456931458632
2019-12-31 04:00:00,118.18491,86.67693,120.0,24.0,-327107.30702350545,-175282.4958041858,0.06705552661281562,0.015815593813565548,0.0688954037436295,False,76.72886146516413
2019-12-31 05:00:00,118.22173,86.67747,120.0,24.0,-326941.477019126,-175464.1596600449,0.06412974074435582,0.019226134468412846,0.0669497415569006,False,73.31123802254979
2019-12-31 06:00:00,118.25621,86.67817,120.0,24.0,-326766.98748517164,-175623.8803080535,0.05828015485815119,0.025117620468600145,0.06346236135139256,False,66.68489159044799
2019-12-31 07:00:00,118.28654,86.67909,120.0,24.0,-326583.5268720261,-175748.1593164059,0.04984953399040632,0.03318059839807777,0.05988261975828376,False,56.35166779757179
2019-12-31 08:00:00,118.31166,86.68031,120.0,24.0,-326386.53066723596,-175826.72784916847,0.0400004853834394,0.04310472851419198,0.05880524169827843,False,42.8608155790364
2019-12-31 09:00:00,118.33105,86.68187,120.0,24.0,-326173.7064488182,-175854.52127930406,0.030684939349434073,0.05457996988923779,0.06261420458640796,False,29.344758585104614
2019-12-31 10:00:00,118.34582,86.68383,120.0,24.0,-325935.7789520127,-175834.70362976647,0.023897687219507954,0.06776075695990785,0.07185137186039758,False,19.42659424739753
2019-12-31 11:00:00,118.35767,86.68624,120.0,24.0,-325662.6321777591,-175774.3134772723,0.02107114730005849,0.08140669045998138,0.08408949102110194,False,14.511838100109628
2019-12-31 12:00:00,118.36931,86.68908,120.0,24.0,-325347.92691455194,-175689.81461961402,0.023067742543374726,0.09365706999120586,0.09645603923749438,False,13.836549874148886
2019-12-31 13:00:00,118.38341,86.69228,120.0,24.0,-324990.3691652427,-175600.04429043317,0.028775067629105477,0.10265116239732522,0.1066079999745874,False,15.659191793857872
2019-12-31 14:00:00,118.40145,86.6957,120.0,24.0,-324599.19984575256,-175520.74910512933,0.03642029108752722,0.10652825874998287,0.11258200351389877,False,18.874729652549945
2019-12-31 15:00:00,118.42413,86.69915,120.0,24.0,-324190.9579791427,-175465.8854549941,0.04345250999592455,0.10575281461068362,0.11433187841992075,False,22.337148007678138
2019-12-31 16:00:00,118.45008,86.70252,120.0,24.0,-323780.65141228656,-175433.45961251936,0.04740996641460526,0.101875641453599,0.1123670380361441,False,24.955901549744226
2019-12-31 17:00:00,118.47724,86.70572,120.0,24.0,-323383.41931875277,-175416.57663121456,0.046919679172120636,0.09861824521142416,0.10921087208788013,False,25.443739801952916
2019-12-31 18:00:00,118.50269,86.70888,120.0,24.0,-322995.43495087937,-175391.8477791523,0.0415569086408569,0.09985798034579106,0.10816003372098643,False,22.59513063987447
2019-12-31 19:00:00,118.52388,86.71216,120.0,24.0,-322608.802837198,-175336.42451236604,0.03385164740375249,0.10621585630245958,0.11147978364713812,False,17.67740062935411
2019-12-31 20:00:00,118.54072,86.71573,120.0,24.0,-322207.1199940972,-175240.80578965173,0.026506145667118876,0.11769091735018938,0.12063883199391327,False,12.69228667992678
2019-12-31 21:00:00,118.55369,86.71975,120.0,24.0,-321773.22090128885,-175099.2155817812,0.019876067634357432,0.13350763513867997,0.1349790602461302,False,8.467765596399147
2019-12-31 22:00:00,118.5631,86.72434,120.0,24.0,-321294.37994360673,-174907.04459745868,0.013925079248039512,0.15180536203147327,0.15244269668820098,False,5.241064581434102
2019-12-31 23:00:00,118.56939,86.72954,120.0,24.0,-320765.3127536449,-174664.6821515197,0.00928111681432818,0.1668468183368383,0.16710475731841726,False,3.183886616023017
2020-01-01 00:00:00,118.57358,86.7351,120.0,24.0,-320207.39770511247,-174391.24447243902,0.006656652753396997,0.17335980641908813,0.17348756009450078,False,2.1989574034818133
2020-01-01 01:00:00,118.57692,86.74072,120.0,24.0,-319646.2239623503,-174109.77932198122,0.006634032480635932,0.17211965968485332,0.1722474604659931,False,2.2072667780179245
2020-01-01 02:00:00,118.5811,86.7462,120.0,24.0,-319096.26044894103,-173840.4044910932,0.009184611076736862,0.1662276355609729,0.16648118183393143,False,3.162560222320849
2020-01-01 03:00:00,118.58735,86.75144,120.0,24.0,-318563.59443208826,-173595.27965645108,0.012011507111416526,0.16173099647596917,0.16217642098713844,False,4.247469618519176
2020-01-01 04:00:00,118.59476,86.75663,120.0,24.0,-318032.3766902671,-173359.15079848995,0.012372153218270648,0.16343672198149045,0.16390433876902516,False,4.329031632775127
2020-01-01 05:00:00,118.60144,86.76198,120.0,24.0,-317487.74689178535,-173110.29037124818,0.007764265522704025,0.16591774340570703,0.1660993118467054,False,2.679251395898916
2020-01-01 06:00:00,118.60361,86.76733,120.0,24.0,-316956.7843871982,-172836.35639038583,-0.00320903319668793,0.16436787029480937,0.16439919306161063,False,358.88152895959644
2020-01-01 07:00:00,118.59776,86.77258,120.0,24.0,-316459.7962784424,-172523.43253096388,-0.017723655183837894,0.16467933575624252,0.16563034618750527,False,353.85717226846145
2020-01-01 08:00:00,118.58331,86.77795,120.0,24.0,-315976.82713479275,-172156.77428374128,-0.03220721946437052,0.1724337125377346,0.17541576384456506,False,349.42018557448876
2020-01-01 09:00:00,118.56082,86.7837,120.0,24.0,-315480.5328761974,-171725.8137189617,-0.04429882919910068,0.18235811609889785,0.187661580446159,False,346.34606266722426
2020-01-01 10:00:00,118.53242,86.78971,120.0,24.0,-314976.1128925619,-171248.91224426567,-0.052485868350902035,0.18716476388619702,0.19438470931923657,False,344.3351218688768
2020-01-01 11:00:00,118.50042,86.79577,120.0,24.0,-314477.1203526851,-170750.12973707292,-0.057577014348908384,0.1870095371673191,0.19567237815509195,False,342.887302669992
2020-01-01 12:00:00,118.46604,86.80177,120.0,24.0,-313990.6288789015,-170242.10810845904,-0.060753157702647304,0.1837530094395574,0.1935358226503218,False,341.70487381530563
2020-01-01 13:00:00,118.43025,86.80762,120.0,24.0,-313522.5445052655,-169734.98938474522,-0.06219151639602183,0.1778602606221742,0.18841989549998264,False,340.7270525738986
2020-01-01 14:00:00,118.39408,86.81324,120.0,24.0,-313077.6604539635,-169238.65642003817,-0.06265213843143809,0.16995211932187662,0.18113258489854736,False,339.7638022657817
2020-01-01 15:00:00,118.35763,86.81858,120.0,24.0,-312660.6086651757,-168756.27295100954,-0.066263388701719,0.16034045064309368,0.17349321829589034,False,337.54631576825403
2020-01-01 16:00:00,118.31714,86.82358,120.0,24.0,-312288.35148140637,-168270.47771975797,-0.07621651273805947,0.1496438487273506,0.16793522047469664,False,333.0093740549752
2020-01-01 17:00:00,118.26899,86.82823,120.0,24.0,-311972.40841826185,-167762.09768860877,-0.08840181370773943,0.14049515187535105,0.16599327807864941,False,327.82123574783805
2020-01-01 18:00:00,118.21418,86.83264,120.0,24.0,-311698.8823959182,-167230.8077964581,-0.09814033668667017,0.1352220520677539,0.16708240197695065,False,324.02891762306035
2020-01-01 19:00:00,118.15453,86.83695,120.0,24.0,-311448.549752368,-166679.1549550628,-0.10580594083320562,0.13444665998682082,0.17108711668974846,False,321.7981967117708
2020-01-01 20:00:00,118.09061,86.84131,120.0,24.0,-311204.8614049445,-166102.38340373486,-0.11237180454196138,0.13739263983438982,0.1774941124000431,False,320.7206753653065
2020-01-01 21:00:00,118.02311,86.84581,120.0,24.0,-310956.81758806575,-165499.5893020752,-0.11619986688194864,0.1437481342989639,0.18484029641237743,False,321.0494021373461
2020-01-01 22:00:00,117.95452,86.85058,120.0,24.0,-310684.2947268109,-164877.56814695738,-0.11562546073331842,0.15335979569855596,0.19206372407743993,False,322.9855704875383
2020-01-01 23:00:00,117.88749,86.8557,120.0,24.0,-310371.7170833772,-164246.6104925601,-0.11155963149295778,0.16312789941624606,0.19762657449543933,False,325.6326225164691
2020-01-02 00:00:00,117.82346,86.8611,120.0,24.0,-310021.8735284517,-163618.25292544745,-0.1056695838584264,0.1701056745294999,0.2002548412896656,False,328.1514646604047
2020-01-02 01:00:00,117.76314,86.86667,120.0,24.0,-309643.6631944528,-163002.0923968677,-0.10005444701963949,0.17305328593261257,0.19989580320877276,False,329.9647304190921
2020-01-02 02:00:00,117.70551,86.87226,120.0,24.0,-309254.8976579256,-162400.39088392007,-0.09652294380695237,0.17150413713172954,0.19680027371540718,False,330.62908541326703
2020-01-02 03:00:00,117.64915,86.87773,120.0,24.0,-308873.51619250735,-161812.69976953694,-0.09520483425714843,0.16576784857033944,0.1911620780530754,False,330.13011588266926
2020-01-02 04:00:00,117.59288,86.88295,120.0,24.0,-308515.76190153434,-161239.32915099635,-0.09588015100173725,0.15739535216626782,0.18429948518555173,False,328.65158039059105
2020-01-02 05:00:00,117.53553,86.88788,120.0,24.0,-308188.9182289955,-160675.97700967884,-0.09876542817765485,0.15119408205873952,0.18059418665256188,False,326.8459819009301
2020-01-02 06:00:00,117.47565,86.8927,120.0,24.0,-307879.22175402346,-160105.51263492912,-0.10380640955365333,0.15088525224018984,0.18314510642658877,False,325.4727097948843
2020-01-02 07:00:00,117.41212,86.89761,120.0,24.0,-307569.9117578547,-159511.65102083344,-0.10929534943767871,0.15367630470728222,0.18857857788516105,False,324.57937381353725
2020-01-02 08:00:00,117.34551,86.90261,120.0,24.0,-307259.280129728,-158897.53902445833,-0.1135307548913423,0.15662202931811894,0.19344170277870218,False,324.0627360066287
2020-01-02 09:00:00,117.27672,86.90771,120.0,24.0,-306943.7350639769,-158267.56919044265,-0.11649280264258717,0.15925785178491386,0.19731608252413274,False,323.81554133716764
2020-01-02 10:00:00,117.20635,86.91288,120.0,24.0,-306624.5163849752,-157626.5572383974,-0.11842963874882242,0.16173856667841396,0.20046182500756682,False,323.78733705083835
2020-01-02 11:00:00,117.13501,86.91814,120.0,24.0,-306297.90140739875,-156976.79951774958,-0.11891419103968709,0.1640636691334275,0.20262643549188236,False,324.0652068092622
2020-01-02 12:00:00,117.06382,86.92346,120.0,24.0,-305963.76910446316,-156325.85266069887,-0.11766208614727161,0.16499332720482085,0.20265035045280588,False,324.5061020750088
2020-01-02 13:00:00,116.99374,86.92878,120.0,24.0,-305625.47617492464,-155681.89947665934,-0.11555814652333721,0.1622022358416894,0.19915634697380877,False,324.5326926304813
2020-01-02 14:00:00,116.92484,86.93392,120.0,24.0,-305300.79134640726,-155054.39546507085,-0.11369877840434861,0.1541391523226024,0.19153665573297346,False,323.58613278176983
2020-01-02 15:00:00,116.85677,86.93872,120.0,24.0,-305006.66900737485,-154449.4648989401,-0.11306409041633068,0.14313042740694454,0.18240013100698918,False,321.6934697948984
2020-01-02 16:00:00,116.78842,86.94315,120.0,24.0,-304749.1694116496,-153862.5816889302,-0.11428906429995236,0.1321216813972857,0.1746943871846045,False,319.13924951217166
2020-01-02 17:00:00,116.71867,86.94724,120.0,24.0,-304528.3570015648,-153286.16036959723,-0.11684610630575223,0.12204272461596206,0.1689598744983634,False,316.2461752369611
2020-01-02 18:00:00,116.64704,86.95102,120.0,24.0,-304342.5392126111,-152716.04292863223,-0.1199360705645516,0.11335907533932396,0.16503012144530352,False,313.3851602151253
2020-01-02 19:00:00,116.57337,86.95455,120.0,24.0,-304186.15325349395,-152148.28694279183,-0.12278705671983392,0.1083964641970781,0.16378783455540324,False,311.4380776553709
2020-01-02 20:00:00,116.49811,86.95801,120.0,24.0,-304040.0116311384,-151576.23571835383,-0.12462996497619991,0.10855081665270933,0.16527524910263766,False,311.0553725436771
2020-01-02 21:00:00,116.42203,86.96155,120.0,24.0,-303887.05434642156,-150996.50722741985,-0.12463156405181541,0.11320147042063879,0.16836745428792504,False,312.2485209238278
2020-01-02 22:00:00,116.34659,86.96531,120.0,24.0,-303709.40180555644,-150409.9438553199,-0.1208978375833651,0.12079686369566624,0.17090397716566777,False,314.97606328463564
2020-01-02 23:00:00,116.27487,86.96934,120.0,24.0,-303493.9722946275,-149830.47206378804,-0.10742514095886818,0.12792249582104828,0.1670458794676445,False,319.9775554940476
2020-01-03 00:00:00,116.21567,86.97356,120.0,24.0,-303225.915404666,-149308.6713404224,-0.08025869429572502,0.1314867222041112,0.15404614933855293,False,328.6003630954974
2020-01-03 01:00:00,116.17694,86.97782,120.0,24.0,-302899.91970741475,-148893.84197266374,-0.04790973216640013,0.12994258979832113,0.13849339002187414,False,339.7611085251143
2020-01-03 02:00:00,116.15714,86.98194,120.0,24.0,-302538.4591692847,-148586.37164533066,-0.020573568469822674,0.12234950834183594,0.1240672152950628,False,350.45477889756006
2020-01-03 03:00:00,116.15178,86.98571,120.0,24.0,-302174.52000823675,-148372.54408087593,-0.0024801933921470842,0.11149697482697213,0.11152455673450985,False,358.72569473464847
2020-01-03 04:00:00,116.15411,86.98913,120.0,24.0,-301825.73231588065,-148216.5173667193,0.004840841211897581,0.1011074223827169,0.10122324142466457,False,2.741125454444557
2020-01-03 05:00:00,116.15772,86.99223,120.0,24.0,-301505.7193142494,-148082.94821070484,0.004878642252518044,0.09211317361938282,0.09224227829180401,False,3.0317561477796744
2020-01-03 06:00:00,116.1601,86.99507,120.0,24.0,-301214.95615659247,-147955.67206349818,0.0016534793015946653,0.08560019155885235,0.0856161596237125,False,1.1066050626080255
2020-01-03 07:00:00,116.15975,86.99775,120.0,24.0,-300947.2817294184,-147821.90944619855,-0.003719661840869533,0.08327432057430638,0.08335735331284679,False,357.4424365926782
2020-01-03 08:00:00,116.15552,87.00044,120.0,24.0,-300688.60387766047,-147667.2958491606,-0.01038251934507993,0.085755812764207,0.08638203592646267,False,353.0967565102552
2020-01-03 09:00:00,116.14696,87.00328,120.0,24.0,-300426.0177074171,-147482.63604437085,-0.015809514456706794,0.09009785616760879,0.09147439222731105,False,350.0476008391461
2020-01-03 10:00:00,116.13603,87.00625,120.0,24.0,-300156.4447758076,-147279.2478746261,-0.017829860639762038,0.09397444927720053,0.0956509333325424,False,349.2569124955227
2020-01-03 11:00:00,116.12496,87.00934,120.0,24.0,-299875.13483134954,-147069.33536066458,-0.0173667628717653,0.09831645107035669,0.09983851463094774,False,349.98252512509356
2020-01-03 12:00:00,116.11458,87.01259,120.0,24.0,-299575.9453471698,-146855.2815022524,-0.01577936572716565,0.10405418466049364,0.10524382037968671,False,351.3770420635237
2020-01-03 13:00:00,116.10545,87.01605,120.0,24.0,-299252.4334103105,-146637.5526048472,-0.01312053604201062,0.10979194030834702,0.11057313698498987,False,353.18526409213564
2020-01-03 14:00:00,116.09834,87.01967,120.0,24.0,-298907.6540437499,-146422.61040872504,-0.009458484986579828,0.11351383406851344,0.11390721427185971,False,355.23686017013347
2020-01-03 15:00:00,116.09373,87.02337,120.0,24.0,-298548.4239759725,-146216.8542332148,-0.006222548155259709,0.11490972698403645,0.11507808419108445,False,356.9003679974828
2020-01-03 16:00:00,116.09062,87.02708,120.0,24.0,-298184.33697532886,-146018.47213036762,-0.005311594221719201,0.11366933626532724,0.1137933699306609,False,357.3246020154301
2020-01-03 17:00:00,116.08713,87.0307,120.0,24.0,-297830.2211929446,-145822.57343533883,-0.008975068903328484,0.1111885595798627,0.11155020234524082,False,355.3851271418575
2020-01-03 18:00:00,116.07945,87.03425,120.0,24.0,-297493.7511064325,-145608.39959592096,-0.018266941408039944,0.10917353922948303,0.1106912047829286,False,350.50124744856606
2020-01-03 19:00:00,116.06437,87.03774,120.0,24.0,-297182.0223998641,-145358.88157187155,-0.028968696235878666,0.10824351222469851,0.11205285940280625,False,345.0173190034277
2020-01-03 20:00:00,116.04332,87.04123,120.0,24.0,-296885.3009278836,-145078.60407223878,-0.036785938885995795,0.10932884450927256,0.11535164299418069,False,341.40342822183356
2020-01-03 21:00:00,116.01844,87.04479,120.0,24.0,-296591.0682698077,-144775.30952312483,-0.042517101375400164,0.11382613469144912,0.12150758350062753,False,339.51799688351497
2020-01-03 22:00:00,115.99017,87.04857,120.0,24.0,-296283.09566796926,-144444.00230878376,-0.04732025461173564,0.12220013556465928,0.13104228183506494,False,338.8318181206836
2020-01-03 23:00:00,115.95921,87.05267,120.0,24.0,-295949.5093450186,-144083.49831046132,-0.04867091723569651,0.13165833262449425,0.1403665727088397,False,339.71185974511224
2020-01-04 00:00:00,115.92917,87.05706,120.0,24.0,-295584.19161939423,-143713.98520412296,-0.04411059398645003,0.13910065915872105,0.14592716635441164,False,342.4055143594052
2020-01-04 01:00:00,115.90385,87.06164,120.0,24.0,-295187.6748612597,-143359.94635581892,-0.03523887450384111,0.14421817090329725,0.14846096825425234,False,346.2691512164325
2020-01-04 02:00:00,115.88488,87.06636,120.0,24.0,-294760.9881812699,-143032.1319450235,-0.024438653189140916,0.14701012127081753,0.149027593169049,False,350.56158225941846
2020-01-04 03:00:00,115.87309,87.07112,120.0,24.0,-294312.2125065565,-142739.549859155,-0.013321960240730575,0.14515012301114188,0.14576018947162914,False,354.7560525082429
2020-01-04 04:00:00,115.86809,87.07572,120.0,24.0,-293862.51991852815,-142489.77678186735,-0.0036325405464942354,0.13677679870925347,0.13682502700885377,False,358.4786869468981
2020-01-04 05:00:00,115.86851,87.07994,120.0,24.0,-293437.50605044974,-142286.35032429948,0.0017377847114701736,0.12499134729254593,0.1250034271278562,False,0.7965456576525867
2020-01-04 06:00:00,115.87029,87.08378,120.0,24.0,-293047.2989364261,-142108.3856879408,0.0006895621288235607,0.11367086139444457,0.11367295292234005,False,0.34756941730881863
2020-01-04 07:00:00,115.86938,87.08727,120.0,24.0,-292698.929183806,-141933.70764767207,-0.004491291302001273,0.10498685027007057,0.10508287409083199,False,357.55040533814207
2020-01-04 08:00:00,115.86459,87.09055,120.0,24.0,-292381.2515072945,-141749.4715217497,-0.010810892451451795,0.1011102615831689,0.10168657921777927,False,353.89701790214554
2020-01-04 09:00:00,115.85565,87.09379,120.0,24.0,-292077.81690721435,-141546.08224262105,-0.016935855792410075,0.10157571799679188,0.10297790878622998,False,350.5340723492581
2020-01-04 10:00:00,115.84306,87.0971,120.0,24.0,-291776.2950792864,-141320.7963620364,-0.02178167610208665,0.10514250643808477,0.10737498812059963,False,348.29597150719786
2020-01-04 11:00:00,115.82793,87.10057,120.0,24.0,-291464.86250449385,-141074.94491875838,-0.023563437413089125,0.11041467430942914,0.11290100037456657,False,347.9533019915708
2020-01-04 12:00:00,115.81304,87.10422,120.0,24.0,-291134.63766561233,-140821.73587693917,-0.021043760314392514,0.11537674397377762,0.11728014707596607,False,349.6633481757381
2020-01-04 13:00:00,115.80109,87.10801,120.0,24.0,-290783.0138181892,-140576.82591849312,-0.01576406658078272,0.11847841243024856,0.11952255020353034,False,352.42106331418483
2020-01-04 14:00:00,115.79291,87.11186,120.0,24.0,-290416.0339207096,-140348.26334787044,-0.009707418620536229,0.11801347215923991,0.11841205000908492,False,355.2976152963252
2020-01-04 15:00:00,115.78868,87.11562,120.0,24.0,-290048.3819035374,-140144.17590942874,-0.0038611155646133474,0.11289623747937827,0.11296224435803086,False,358.04121521524524
2020-01-04 16:00:00,115.78797,87.11914,120.0,24.0,-289696.2317986173,-139969.5977964028,0.000910226491160071,0.10328166171882448,0.10328567257692087,False,0.5049375205933302
2020-01-04 17:00:00,115.78985,87.12228,120.0,24.0,-289375.9606434745,-139826.56742639883,0.0032251967989264524,0.09258137122274415,0.0926375312272265,False,1.9951688403442631
2020-01-04 18:00:00,115.79211,87.12511,120.0,24.0,-289085.93766013416,-139700.49368168146,0.001970635337845937,0.08482750160777014,0.084850388523866,False,1.3308040497139473
2020-01-04 19:00:00,115.79238,87.12775,120.0,24.0,-288819.87359113025,-139573.59735986183,-0.0023380999202795745,0.08002024829858387,0.0800543993107451,False,358.3263591834638
2020-01-04 20:00:00,115.7891,87.13027,120.0,24.0,-288574.5142513993,-139434.64887723644,-0.008543005334504524,0.07738422967745534,0.07785436367294085,False,353.70021444289887
2020-01-04 21:00:00,115.78138,87.13274,120.0,24.0,-288344.9604223283,-139275.81325212703,-0.014552117205089948,0.0769191299350381,0.07828356574092643,False,349.28698529495273
2020-01-04 22:00:00,115.77035,87.13523,120.0,24.0,-288121.39422808005,-139099.42629388822,-0.018410322184856002,0.07877996239509319,0.08090254901993199,False,346.8464383547396
2020-01-04 23:00:00,115.75764,87.13782,120.0,24.0,-287891.7877662093,-138909.836647782,-0.01966567900682258,0.08157114139061267,0.0839082239030639,False,346.4454343893709
2020-01-05 00:00:00,115.74497,87.14049,120.0,24.0,-287653.96853933716,-138716.67648905152,-0.018448552218198074,0.08389713149358852,0.08590155849459347,False,347.59832481435006
2020-01-05 01:00:00,115.73381,87.14323,120.0,24.0,-287405.3862153836,-138527.8092639367,-0.015755300228060536,0.08622333757701589,0.08765097505559402,False,349.64477675078757
2020-01-05 02:00:00,115.7246,87.14605,120.0,24.0,-287143.98544907727,-138344.9399224258,-0.012379297946944645,0.08823942467433758,0.0891035525920113,False,352.01397349685635
2020-01-05 03:00:00,115.71779,87.14892,120.0,24.0,-286871.7157544871,-138171.7522900296,-0.007420715393298867,0.08746408959883438,0.08777832298638014,False,355.1504683452612
2020-01-05 04:00:00,115.71499,87.15169,120.0,24.0,-286599.80970853445,-138023.5340648959,-0.0002967567034014504,0.08172647812184887,0.08172701689614062,False,359.7919544276045
2020-01-05 05:00:00,115.71741,87.15419,120.0,24.0,-286342.48828363954,-137914.51024375338,0.0064850556747758185,0.07304232766006988,0.07332965005443536,False,5.073696324818343
2020-01-05 06:00:00,115.72341,87.1564,120.0,24.0,-286105.7369688941,-137837.39399951117,0.010207666847947189,0.06482309338296088,0.06562187057844929,False,8.948859244166158
2020-01-05 07:00:00,115.73067,87.15837,120.0,24.0,-285890.11577911273,-137778.15015035507,0.010440174645214172,0.0583096079686987,0.05923687726480781,False,10.151089265449173
2020-01-05 08:00:00,115.73698,87.16016,120.0,24.0,-285694.901971467,-137722.8446200756,0.007674107673812727,0.05427748792841308,0.054817311356981924,False,8.04751276337447
2020-01-05 09:00:00,115.74065,87.16187,120.0,24.0,-285514.09287075966,-137658.22209340832,0.003888916064530002,0.05257173934368297,0.05271538149133612,False,4.230664279095549
2020-01-05 10:00:00,115.74204,87.16355,120.0,24.0,-285341.7855380019,-137583.6772612375,0.0010756803052907292,0.05319214171168999,0.05320301709485751,False,1.158508384716356
2020-01-05 11:00:00,115.74205,87.1653,120.0,24.0,-285165.75350097596,-137498.86097158122,-0.0002837560204239642,0.05505312800676742,0.05505385927261272,False,359.70468747185794
2020-01-05 12:00:00,115.74167,87.1671,120.0,24.0,-284985.6279429603,-137409.68000554392,-6.169251980626608e-05,0.057069180849306636,0.05706921419450128,False,359.93806254824506
2020-01-05 13:00:00,115.74197,87.16898,120.0,24.0,-284795.82527092786,-137320.00194263237,0.0018690834853251244,0.05986066494091865,0.05988983787124525,False,1.7884167123734187
2020-01-05 14:00:00,115.74411,87.17096,120.0,24.0,-284591.5588514845,-137234.6117797367,0.005328997183041053,0.06327253481629809,0.06349655008783166,False,4.814255589470065
2020-01-05 15:00:00,115.74893,87.17306,120.0,24.0,-284368.81522851426,-137156.6876714336,0.008922401779581285,0.06590894935646573,0.06651014102217374,False,7.709529079874073
2020-01-05 16:00:00,115.75577,87.17521,120.0,24.0,-284136.22541962174,-137086.31872302896,0.01125646009748538,0.06590892622874273,0.06686325186940978,False,9.69192592082311
2020-01-05 17:00:00,115.76365,87.17731,120.0,24.0,-283906.1971808098,-137023.47602684223,0.012250185770762869,0.060326015358577054,0.061557251241924994,False,11.478765919860166
2020-01-05 18:00:00,115.7718,87.1791,120.0,24.0,-283706.7169503097,-136976.95905521515,0.011846051412994227,0.04853987034350867,0.04996446684438787,False,13.714824844516727
2020-01-05 19:00:00,115.77916,87.18044,120.0,24.0,-283554.3888430098,-136948.3311332756,0.008527682808312556,0.04047555701235643,0.041364140140219344,False,11.897485925317653
2020-01-05 20:00:00,115.78297,87.18171,120.0,24.0,-283417.59354296466,-136905.50637684032,0.0013526396119573555,0.04373244231764492,0.04375335581399416,False,1.7715873433562592
2020-01-05 21:00:00,115.78093,87.18326,120.0,24.0,-283266.6254118702,-136820.14209218844,-0.006601867671414331,0.04791994604116913,0.04837257368943094,False,352.15581550203734
2020-01-05 22:00:00,115.77431,87.1848,120.0,24.0,-283127.5861357241,-136712.64263000956,-0.012155991351752772,0.04202694723943813,0.043749656227339714,False,343.86786855317825
2020-01-05 23:00:00,115.76498,87.18597,120.0,24.0,-283032.1927688198,-136609.75013291778,-0.015632427597238298,0.034583087277031736,0.03795211085293797,False,335.6758318029081
2020-01-06 00:00:00,115.75379,87.18703,120.0,24.0,-282952.2669884857,-136503.04396607593,-0.017849657641499532,0.03535840813351529,0.039608424655052654,False,333.2144088878331
2020-01-06 01:00:00,115.74154,87.18825,120.0,24.0,-282858.74133298,-136383.38183384173,-0.018253532472704694,0.040010571744607475,0.04397769092463208,False,335.47668719728233
2020-01-06 02:00:00,115.72981,87.18961,120.0,24.0,-282749.8585380471,-136259.54589057132,-0.016472883782190216,0.04218152791785657,0.04528396181416174,False,338.66817959114326
2020-01-06 03:00:00,115.71989,87.19097,120.0,24.0,-282636.63612392364,-136144.68891724612,-0.014190796127454944,0.042646896066125095,0.044945927944652186,False,341.59508657317593
2020-01-06 04:00:00,115.71115,87.19236,120.0,24.0,-282517.5627109056,-136034.24049409723,-0.01322569664844528,0.043267367450404604,0.045243608807488254,False,343.0029853412143
2020-01-06 05:00:00,115.70249,87.19376,120.0,24.0,-282397.2662496874,-135923.74159090302,-0.013788853239238614,0.04171668740131142,0.04393648235113953,False,341.70943690250067
2020-01-06 06:00:00,115.693,87.19505,120.0,24.0,-282289.978193506,-135814.51800058474,-0.015635537250131885,0.03644408890177482,0.039656546004168444,False,336.7793092209764
2020-01-06 07:00:00,115.6819,87.19611,120.0,24.0,-282209.6191999434,-135708.53395304878,-0.0183925816241442,0.030240990672316295,0.03539497952597131,False,328.69201766091044
2020-01-06 08:00:00,115.66877,87.197,120.0,24.0,-282151.1425438793,-135600.81247516692,-0.02161155427530476,0.02651916108711599,0.03421001582809997,False,320.8219938172116
2020-01-06 09:00:00,115.65342,87.19782,120.0,24.0,-282104.9265880869,-135485.57854381355,-0.024814084545222995,0.025123459026427743,0.03531185332533636,False,315.35495589133444
2020-01-06 10:00:00,115.63606,87.19862,120.0,24.0,-282065.43122749974,-135361.450270212,-0.027484084167360798,0.025123392854965426,0.037236537850121085,False,312.43065094474565
2020-01-06 11:00:00,115.61718,87.19944,120.0,24.0,-282027.460505842,-135228.910930748,-0.028916670638538866,0.02620869203369668,0.03902652148135792,False,312.1876625870832
2020-01-06 12:00:00,115.59792,87.20031,120.0,24.0,-281985.2941176442,-135092.12897467823,-0.028650251667313706,0.02775922621449093,0.039892500054868614,False,314.09505007740756
2020-01-06 13:00:00,115.57938,87.20123,120.0,24.0,-281936.336002156,-134956.5231554516,-0.027412817048572725,0.031326049262701654,0.041626720996827626,False,318.8114603811616
2020-01-06 14:00:00,115.56174,87.20233,120.0,24.0,-281867.0706230185,-134816.71887547412,-0.026144848347793667,0.03675391872908522,0.04510436383625569,False,324.57390883932237
2020-01-06 15:00:00,115.54486,87.2036,120.0,24.0,-281778.83306835446,-134672.52260899125,-0.025317009542610194,0.03597862765920293,0.04399332472569194,False,324.86717451386573
2020-01-06 16:00:00,115.5283,87.20465,120.0,24.0,-281711.95021387795,-134540.54963585708,-0.0251651161993346,0.023882445224691854,0.03469372080415157,False,313.50196657433685
2020-01-06 17:00:00,115.51161,87.20514,120.0,24.0,-281701.75142923056,-134434.91819422555,-0.02533327225384472,0.011631070931565545,0.027875733068432978,False,294.6609118569286
2020-01-06 18:00:00,115.49482,87.2054,120.0,24.0,-281714.9300727036,-134339.8664798732,-0.02542750744105448,0.010545492029063904,0.027527541423089916,False,292.5251400082759
2020-01-06 19:00:00,115.478,87.20582,120.0,24.0,-281712.01958562346,-134236.98605840118,-0.025507160593925677,0.014577601836282175,0.02937893321517125,False,299.7484058474621
2020-01-06 20:00:00,115.4611,87.20634,120.0,24.0,-281699.1789008458,-134128.92542083724,-0.02561650198733833,0.015508085362857069,0.029945047765681892,False,301.19047536490956
2020-01-06 21:00:00,115.44413,87.20682,120.0,24.0,-281690.49582585215,-134022.45876205075,-0.025240715595159217,0.017523997797944117,0.030727580812326634,False,304.771281019439
2020-01-06 22:00:00,115.42772,87.20747,120.0,24.0,-281663.3224433369,-133910.61182860498,-0.023865976785197054,0.025432981843463518,0.03487723345337915,False,316.82057715294644
2020-01-06 23:00:00,115.41256,87.20846,120.0,24.0,-281598.8985458251,-133788.64425360376,-0.021764926427590897,0.03396240191308034,0.04033803126212344,False,327.34607555488793
2020-01-07 00:00:00,115.39892,87.20966,120.0,24.0,-281509.70186987735,-133664.1315531978,-0.019127734055529342,0.037219069444093214,0.04184649734904094,False,332.800328108433
2020-01-07 01:00:00,115.38724,87.21086,120.0,24.0,-281415.8934929495,-133549.29577203878,-0.015163313853854471,0.036908811359851995,0.03990221100424931,False,337.66558203407544
2020-01-07 02:00:00,115.37884,87.21204,120.0,24.0,-281316.42845791706,-133451.56548479604,-0.009481270520043111,0.036598743199316816,0.03780691067045518,False,345.4762429474788
2020-01-07 03:00:00,115.37468,87.21322,120.0,24.0,-281207.07156825776,-133374.67745833713,-0.004120177320419376,0.03830489219331018,0.038525843625971556,False,353.8607157331276
2020-01-07 04:00:00,115.37338,87.21451,120.0,24.0,-281079.95328074985,-133306.57402059133,-0.0009355631154796852,0.041871858275371494,0.04188230884007999,False,358.7200257492519
2020-01-07 05:00:00,115.37344,87.21592,120.0,24.0,-280937.5628634227,-133239.4035035363,0.0013486014563736867,0.04109649595035932,0.04111861750212467,False,1.8795143452115894
2020-01-07 06:00:00,115.37517,87.21716,120.0,24.0,-280808.4414213346,-133188.5515296886,0.004429650816338884,0.03070614751790091,0.031024011696519582,False,8.208824127672813
2020-01-07 07:00:00,115.37932,87.2179,120.0,24.0,-280724.1408192622,-133173.47569097695,0.008496171131618614,0.016128656129880348,0.01822960428680986,False,27.779135458527662
2020-01-07 08:00:00,115.38645,87.2182,120.0,24.0,-280677.30338408076,-133194.04741880833,0.013142255897361704,0.004497718316502074,0.013890585305390725,False,71.10734275813235
2020-01-07 09:00:00,115.39677,87.21819,120.0,24.0,-280654.3168655177,-133245.0791718451,0.017134104686459595,-0.004652118057180158,0.017754428907303617,False,105.19029869413572
2020-01-07 10:00:00,115.4092,87.2179,120.0,24.0,-280654.65209764667,-133319.8564441063,0.01941038888313834,-0.012251253418213003,0.022953352846848678,False,122.25888790813167
2020-01-07 11:00:00,115.42254,87.2174,120.0,24.0,-280674.02709998266,-133409.16373172705,0.020603382418364506,-0.01550798891389139,0.025787537440220033,False,126.96846224516105
2020-01-07 12:00:00,115.43655,87.2169,120.0,24.0,-280691.8146100669,-133501.76960105944,0.0217968481826651,-0.012716475362575703,0.025235121088378904,False,120.25966774676323
2020-01-07 13:00:00,115.45147,87.21658,120.0,24.0,-280689.3038188849,-133590.21323196308,0.02420371991992684,-0.00914930119910983,0.02587527333950882,False,110.7072033052109
2020-01-07 14:00:00,115.46867,87.21631,120.0,24.0,-280676.40585640364,-133687.43325826727,0.028532550705809418,-0.00961416357114997,0.030108779300270755,False,108.62146130023694
2020-01-07 15:00:00,115.48933,87.21596,120.0,24.0,-280663.4584737343,-133805.45026104734,0.03319437792116821,-0.012715856838198748,0.03554658549991694,False,110.96046758892959
2020-01-07 16:00:00,115.51271,87.21549,120.0,24.0,-280656.1968691635,-133942.56956260823,0.03633557683619485,-0.015662725943215997,0.039567601999506,False,113.31882456966349
2020-01-07 17:00:00,115.53753,87.21495,120.0,24.0,-280652.5526767491,-134090.12817558795,0.03737504837231467,-0.017058932437696493,0.04108407741141032,False,114.5331744757953
2020-01-07 18:00:00,115.56228,87.21439,120.0,24.0,-280651.01187067816,-134238.3294740818,0.036642925978171335,-0.016593955671405255,0.040225158658062574,False,114.36366308598036
2020-01-07 19:00:00,115.58612,87.21388,120.0,24.0,-280646.49429892947,-134379.68594555344,0.0367709926229382,-0.015972995401106943,0.0400904287899239,False,113.479701988187
2020-01-07 20:00:00,115.61103,87.21336,120.0,24.0,-280640.40231272165,-134526.78551487866,0.039313378056733427,-0.017368279321694238,0.04297905095308691,False,113.83538910035412
2020-01-07 21:00:00,115.63823,87.21276,120.0,24.0,-280636.90576289064,-134688.98652241737,0.039102683155891875,-0.020936803891479835,0.04435504015532345,False,118.16599421314265
2020-01-07 22:00:00,115.66285,87.21201,120.0,24.0,-280654.48704216373,-134845.83105989688,0.03187368378439398,-0.025900459030078475,0.04107025074133726,False,129.09720556103815
2020-01-07 23:00:00,115.68046,87.21109,120.0,24.0,-280705.6074343003,-134976.60085386818,0.0238732637589096,-0.029311033898524512,0.0378030346758421,False,140.83785785981036
2020-01-08 00:00:00,115.69447,87.21012,120.0,24.0,-280770.19328622456,-135092.1946618615,0.02187300246952307,-0.028379613612256008,0.035830583386441094,False,142.3775020948678
2020-01-08 01:00:00,115.70942,87.20926,120.0,24.0,-280821.45458116086,-135207.1073013997,0.02416920138845131,-0.025122649507901836,0.03486112181287913,False,136.10812924861267
2020-01-08 02:00:00,115.72646,87.2085,120.0,24.0,-280857.67959708226,-135327.45448438328,0.026949051047244713,-0.02186601785085103,0.03470409326002824,False,129.05530805585056
2020-01-08 03:00:00,115.74508,87.20785,120.0,24.0,-280879.0594134787,-135450.24601914623,0.026432784172907023,-0.017369568107802286,0.031629005286019765,False,123.3098024227146
2020-01-08 04:00:00,115.76143,87.20738,120.0,24.0,-280887.65920227877,-135553.20134915912,0.0204113815840365,-0.010546505775376106,0.02297505782885401,False,117.32527668136225
2020-01-08 05:00:00,115.77208,87.20717,120.0,24.0,-280883.57388300146,-135615.60482210576,0.012875651818661241,-0.003877498173641576,0.01344683612757991,False,106.75965692455361
2020-01-08 06:00:00,115.77846,87.20713,120.0,24.0,-280872.4929187932,-135648.82330247908,0.007954074031580508,-0.0003103169596410755,0.007960125018823778,False,92.23418082232865
2020-01-08 07:00:00,115.7826,87.20715,120.0,24.0,-280860.67980546394,-135668.1465173168,0.004105567283448227,0.0023261089203138463,0.004718735575139181,False,60.46522367300571
2020-01-08 08:00:00,115.78389,87.20728,120.0,24.0,-280844.5547959817,-135668.1560431425,-0.0009750679280847155,0.006513424056425561,0.006586004130214512,False,351.48597381293155
2020-01-08 09:00:00,115.78131,87.20757,120.0,24.0,-280821.5058888154,-135641.4259708532,-0.00675789165954472,0.011476198487070446,0.013318116661029144,False,329.50780604567626
2020-01-08 10:00:00,115.77495,87.20802,120.0,24.0,-280791.31363333674,-135588.4042088324,-0.012312204300473365,0.0156635408403605,0.019923274991683372,False,321.8311581943025
2020-01-08 11:00:00,115.76502,87.20858,120.0,24.0,-280758.4961564804,-135512.55789171119,-0.017939632331179886,0.01845522053557684,0.02573762951778372,False,315.8116271887999
2020-01-08 12:00:00,115.75121,87.20921,120.0,24.0,-280727.7919324375,-135414.32050704132,-0.023775978016751517,0.01985114140755798,0.030973616931768148,False,309.8593252477727
2020-01-08 13:00:00,115.73355,87.20986,120.0,24.0,-280704.13692802936,-135296.2743900881,-0.02808339314072157,0.021866852004114833,0.03559264231363258,False,307.9057502839552
2020-01-08 14:00:00,115.71403,87.21062,120.0,24.0,-280673.75789376104,-135163.81479734302,-0.029412454279787958,0.026053559873553022,0.03929224413094051,False,311.5345313017424
2020-01-08 15:00:00,115.6946,87.21154,120.0,24.0,-280627.01031616586,-135024.08649871414,-0.029402710369041293,0.031016199844627775,0.042737852424374535,False,316.5297225660014
2020-01-08 16:00:00,115.67508,87.21262,120.0,24.0,-280564.3107144638,-134876.22425394636,-0.030123247379471356,0.03535868133473502,0.046450472316394875,False,319.5712083562786
2020-01-08 17:00:00,115.65468,87.21382,120.0,24.0,-280491.5340479547,-134718.3111416157,-0.03203379592767446,0.03799530234400771,0.04969715365841842,False,319.86580041579214
2020-01-08 18:00:00,115.63261,87.21507,120.0,24.0,-280417.5689143139,-134549.87835891073,-0.03503521452841707,0.0389260440925666,0.05237082361151718,False,318.01134421153733
2020-01-08 19:00:00,115.60821,87.21633,120.0,24.0,-280347.97327027,-134369.63932568708,-0.03844759279550171,0.04078706018004979,0.05605177668816322,False,316.6912130168372
2020-01-08 20:00:00,115.58159,87.2177,120.0,24.0,-280272.3956980097,-134173.32061322557,-0.04163686611029494,0.04528442071945285,0.06151672438762518,False,317.40294348098075
2020-01-08 21:00:00,115.55293,87.21925,120.0,24.0,-280183.3336192128,-133958.45532813005,-0.04492723963070907,0.04807607959106629,0.0658009596410394,False,316.93913885398814
2020-01-08 22:00:00,115.52191,87.2208,120.0,24.0,-280099.6353305798,-133732.1755804953,-0.048838962211891025,0.04481968722125557,0.06628762020577975,False,312.5427119243427
2020-01-08 23:00:00,115.48802,87.22214,120.0,24.0,-280043.6274243751,-133502.08962152892,-0.0536504202605141,0.03939230019514419,0.06655915345611105,False,306.2876153008958
2020-01-09 00:00:00,115.45057,87.22334,120.0,24.0,-280009.8406755165,-133261.43744964764,-0.05940711782775249,0.03629115854565243,0.06961504030873034,False,301.42030163480854
2020-01-09 01:00:00,115.40899,87.22448,120.0,24.0,-279991.4981484024,-133003.57950377173,-0.06552074473463765,0.03582609146468777,0.07467581148014209,False,298.6693997407407
2020-01-09 02:00:00,115.36337,87.22565,120.0,24.0,-279979.26137231715,-132724.64189771382,-0.07122320060262885,0.03768699681345315,0.08057948890939641,False,297.88507758699006
2020-01-09 03:00:00,115.31416,87.22691,120.0,24.0,-279965.9717890336,-132423.96900866067,-0.07558219487739208,0.04140821866486947,0.08618183541490468,False,298.7164305875092
2020-01-09 04:00:00,115.26269,87.22832,120.0,24.0,-279942.4366740167,-132105.22634456775,-0.0780507271535228,0.04559467415732597,0.0903924240227376,False,300.292071026292
2020-01-09 05:00:00,115.21014,87.22985,120.0,24.0,-279908.91615027835,-131775.64931567607,-0.07992021566844897,0.04885168956287009,0.0936681826750067,False,301.43559810908886
2020-01-09 06:00:00,115.15612,87.23147,120.0,24.0,-279869.30283007154,-131434.79251226832,-0.08240012748560359,0.05055794365116295,0.09667412619660905,False,301.5318767399451
2020-01-09 07:00:00,115.1002,87.23311,120.0,24.0,-279831.62047562364,-131083.9007024088,-0.08453241461303394,0.05024717659518989,0.09833874046426502,False,300.7278053698095
2020-01-09 08:00:00,115.04327,87.23471,120.0,24.0,-279799.8708377388,-130730.16613840936,-0.08532226028237597,0.04916095988997802,0.09847176284091566,False,299.9496757996292
2020-01-09 09:00:00,114.98623,87.23628,120.0,24.0,-279770.98118226015,-130377.501958064,-0.08590222406926536,0.048075870545996394,0.09844024293347552,False,299.2339088631411
2020-01-09 10:00:00,114.92846,87.23781,120.0,24.0,-279747.373616134,-130023.34324758532,-0.08742432537429468,0.04730097581752347,0.09940017595779438,False,298.41562677007767
2020-01-09 11:00:00,114.86932,87.23933,120.0,24.0,-279727.44988805125,-129663.14581284612,-0.08898351188429159,0.04683530631874934,0.10055650802028153,False,297.75948802632615
2020-01-09 12:00:00,114.8094,87.24083,120.0,24.0,-279710.8680617999,-129300.25730900952,-0.08949557704266185,0.04636944736914749,0.10079476156784717,False,297.38957678782185
2020-01-09 13:00:00,114.74951,87.24232,120.0,24.0,-279694.77978584793,-128938.15926339607,-0.08923717525846775,0.04714470175224876,0.1009252017655599,False,297.847846152122
2020-01-09 14:00:00,114.68987,87.24387,120.0,24.0,-279671.592144108,-128574.65806070023,-0.08857468921333995,0.04962578423856804,0.10152927671628843,False,299.2606228968767
2020-01-09 15:00:00,114.6308,87.24552,120.0,24.0,-279636.5254627739,-128209.47331431649,-0.08678523296409778,0.052261305592760446,0.10130607446196215,False,301.05598188505616
2020-01-09 16:00:00,114.57349,87.24724,120.0,24.0,-279589.9677163188,-127849.83583210701,-0.08350490748074815,0.05412177288863408,0.09950997876583632,False,302.94835592207073
2020-01-09 17:00:00,114.51875,87.24901,120.0,24.0,-279532.17202029575,-127500.64169344315,-0.0807934621499817,0.05381279891362415,0.0970742028197949,False,303.66575365093547
2020-01-09 18:00:00,114.46501,87.25071,120.0,24.0,-279478.85949492047,-127159.78941094222,-0.08053508171831093,0.050867468657479924,0.095254389688847,False,302.2772750347532
2020-01-09 19:00:00,114.41055,87.25229,120.0,24.0,-279438.948539088,-126821.17545144842,-0.08136732653531606,0.04652500355760859,0.09372949260259676,False,299.76047910585487
2020-01-09 20:00:00,114.35563,87.25371,120.0,24.0,-279415.93744044367,-126487.87683853481,-0.08186813952169317,0.04156225070550653,0.09181401283274138,False,296.9156787986773
2020-01-09 21:00:00,114.30044,87.25497,120.0,24.0,-279409.4213189572,-126160.7743258237,-0.08376265493908978,0.03613588965151139,0.09122491372071136,False,293.3357596640575
2020-01-09 22:00:00,114.24292,87.25604,120.0,24.0,-279426.99568606634,-125831.15055494577,-0.08881140283902035,0.02977931103079793,0.09367108753347404,False,288.5367940377424
2020-01-09 23:00:00,114.18089,87.25689,120.0,24.0,-279476.4774716796,-125489.68434227134,-0.09566586540216192,0.025282403744131376,0.09895027914172767,False,284.80357830602736
2020-01-10 00:00:00,114.1141,87.25767,120.0,24.0,-279543.0776251583,-125128.22907940697,-0.10216255463200541,0.02497186050770174,0.10517024952976771,False,283.7356288079885
2020-01-10 01:00:00,114.04328,87.2585,120.0,24.0,-279612.89136343484,-124744.84734185152,-0.10597678462845635,0.026520158718704168,0.10924466897131174,False,284.049453548108
2020-01-10 02:00:00,113.97131,87.25938,120.0,24.0,-279679.5791522444,-124353.60238879964,-0.10581077053019095,0.027293284543373805,0.1092741622770831,False,284.4638358064136
2020-01-10 03:00:00,113.90067,87.26026,120.0,24.0,-279742.847748705,-123968.88045127466,-0.10461793527967554,0.028534968714886467,0.10843964598679733,False,285.25654831570523
2020-01-10 04:00:00,113.83026,87.26122,120.0,24.0,-279796.92563030764,-123581.70570288549,-0.10543254665043884,0.031793187419732395,0.11012188092973708,False,286.78068656887683
2020-01-10 05:00:00,113.75847,87.26231,120.0,24.0,-279840.1560777288,-123181.9967960808,-0.10727154400743953,0.03706581790963126,0.11349475323137179,False,289.0617009510604
2020-01-10 06:00:00,113.68552,87.26361,120.0,24.0,-279863.83675865736,-122767.28750562084,-0.10836125368920245,0.04388873622136152,0.11691185768861917,False,292.049050568816
2020-01-10 07:00:00,113.61219,87.26514,120.0,24.0,-279864.1951262028,-122340.57474306569,-0.10790280476561093,0.049935749229523235,0.11889741093648498,False,294.83396974855714
2020-01-10 08:00:00,113.53978,87.26683,120.0,24.0,-279845.5834217399,-121911.42077205553,-0.10578838727441689,0.053811995758139074,0.11868830510878478,False,296.9613403594932
2020-01-10 09:00:00,113.46922,87.26861,120.0,24.0,-279813.19352177443,-121487.54224300395,-0.1037530543956783,0.055829069243358696,0.11782012251314426,False,298.2845023365412
2020-01-10 10:00:00,113.39947,87.27043,120.0,24.0,-279774.37362889934,-121066.10997809321,-0.10340309103570666,0.05660562776795196,0.11788297727298278,False,298.69747999092846
2020-01-10 11:00:00,113.32929,87.27226,120.0,24.0,-279734.8226520143,-120642.41077834372,-0.10410303809292065,0.055830401551941244,0.11812906618452162,False,298.2046345982481
2020-01-10 12:00:00,113.2585,87.27403,120.0,24.0,-279702.08870216616,-120218.65795018876,-0.10487744690645769,0.053504109231730414,0.11773686157825759,False,297.0287829017486
2020-01-10 13:00:00,113.18718,87.27571,120.0,24.0,-279679.0806213566,-119796.54005718726,-0.10567513726782043,0.05117798865176291,0.11741559163506636,False,295.8406959276856
2020-01-10 14:00:00,113.11522,87.27733,120.0,24.0,-279662.95039181854,-119374.17215069516,-0.10645170160804474,0.05009229960717084,0.11764864323562241,False,295.1999696634373
2020-01-10 15:00:00,113.04276,87.27894,120.0,24.0,-279648.2661397061,-118950.03049169536,-0.10609471035036357,0.049780853879108536,0.11719309270285812,False,295.13650776602117
2020-01-10 16:00:00,112.9712,87.28054,120.0,24.0,-279632.1228015327,-118530.94520903689,-0.10377228205874481,0.04977974161836743,0.11509434911962929,False,295.6271140082822
2020-01-10 17:00:00,112.90181,87.28215,120.0,24.0,-279609.8669258561,-118122.24132453628,-0.10080395018467636,0.05040049408992361,0.11270158019008934,False,296.5643777456395
2020-01-10 18:00:00,112.8342,87.28379,120.0,24.0,-279580.2870114886,-117721.15116812033,-0.09876341781644553,0.052417379099771184,0.11181142307687045,False,297.95653682017394
2020-01-10 19:00:00,112.7675,87.28553,120.0,24.0,-279537.99066281057,-117320.41414808089,-0.09820101316856887,0.05458954827438637,0.11235416221989729,False,299.06950654115724
2020-01-10 20:00:00,112.70057,87.28731,120.0,24.0,-279491.4892851512,-116917.08959429813,-0.09948063867917939,0.05521109440957046,0.11377461236110605,False,299.02998404546645
2020-01-10 21:00:00,112.63204,87.28909,120.0,24.0,-279447.68082506605,-116506.23024198133,-0.10337686710194509,0.05567840299480101,0.11741746553160089,False,298.30674327386174
2020-01-10 22:00:00,112.55971,87.2909,120.0,24.0,-279407.8952161561,-116075.82690235708,-0.1098482394473429,0.057385819254999366,0.12393453094778806,False,297.58301698287823
2020-01-10 23:00:00,112.48226,87.29279,120.0,24.0,-279369.5476642389,-115617.32890871073,-0.11518957439905662,0.05955438241540366,0.12967406261514267,False,297.3395024601723
2020-01-11 00:00:00,112.40254,87.29474,120.0,24.0,-279328.83965186274,-115145.5266225883,-0.11602381625533897,0.06141209669955639,0.1312744131942258,False,297.8925354949729
2020-01-11 01:00:00,112.32384,87.29675,120.0,24.0,-279279.12086100515,-114676.48873158137,-0.11381767428355222,0.06187654234566379,0.1295498725278088,False,298.53054477596675
2020-01-11 02:00:00,112.24702,87.29873,120.0,24.0,-279227.99375922326,-114218.23507654425,-0.11099230100286761,0.060635957751762205,0.12647533456917462,False,298.6481232686717
2020-01-11 03:00:00,112.17207,87.30066,120.0,24.0,-279177.5973280929,-113771.5433498857,-0.1088646924905064,0.06032674621228924,0.12446219337459256,False,298.99277756304457
2020-01-11 04:00:00,112.09805,87.30262,120.0,24.0,-279121.5670835674,-113328.44949403797,-0.10800877770484876,0.06311904616078115,0.125099600517117,False,300.3015075786791
2020-01-11 05:00:00,112.02416,87.30473,120.0,24.0,-279049.07520631625,-112880.04270424247,-0.10726010784542919,0.06823624190498195,0.12712558925852935,False,302.4635151068744
2020-01-11 06:00:00,111.95105,87.30702,120.0,24.0,-278955.7188109988,-112428.29605871708,-0.10548485517780856,0.07428388052225936,0.12901608263053313,False,305.1537314738458
2020-01-11 07:00:00,111.87947,87.30952,120.0,24.0,-278836.91415137146,-111975.67981200649,-0.10327734686617697,0.07862645411993993,0.12980111580102713,False,307.28251343176805
2020-01-11 08:00:00,111.80926,87.31209,120.0,24.0,-278707.490692865,-111527.2964965043,-0.10149191331339355,0.07940231480347872,0.1288616935484092,False,308.0378899704508
2020-01-11 09:00:00,111.74,87.31464,120.0,24.0,-278577.61986195535,-111084.84475822691,-0.1003903468689157,0.0801782481191308,0.1284786877887306,False,308.6131348303569
2020-01-11 10:00:00,111.67117,87.31726,120.0,24.0,-278438.99266988575,-110642.07339741051,-0.09974596812838356,0.08374533701527019,0.130240314916963,False,310.0163553139372
2020-01-11 11:00:00,111.60266,87.32004,120.0,24.0,-278282.4776004288,-110194.77223316894,-0.09808611309020462,0.08684579270161383,0.13100792835212718,False,311.52179219645177
2020-01-11 12:00:00,111.53598,87.32286,120.0,24.0,-278117.6311011031,-109755.24722003356,-0.09428271933194883,0.08606929430987834,0.12766030936680162,False,312.39249012113953
2020-01-11 13:00:00,111.47258,87.32559,120.0,24.0,-277955.2322269582,-109335.84560104912,-0.08962515687281274,0.08296799229737023,0.12213253657536463,False,312.7911148425202
2020-01-11 14:00:00,111.4122,87.32821,120.0,24.0,-277797.9395653008,-108936.06394237511,-0.0858540316312556,0.08033241278811898,0.11757640618636622,False,313.09702218008044
2020-01-11 15:00:00,111.35389,87.33077,120.0,24.0,-277642.4314358517,-108549.20541745504,-0.08399196564881797,0.07940321553857395,0.11558339383932906,False,313.3913422356869
2020-01-11 16:00:00,111.29597,87.33333,120.0,24.0,-277485.6874920884,-108164.6650780648,-0.08445054297954999,0.08064506676755834,0.11677123363005447,False,313.67955832680207
2020-01-11 17:00:00,111.23691,87.33597,120.0,24.0,-277322.2680840513,-107771.7989362725,-0.08603421556109023,0.08188583044975417,0.11877363123041253,False,313.58482278978465
2020-01-11 18:00:00,111.17668,87.33861,120.0,24.0,-277160.5263870329,-107373.72498398866,-0.08752816030294933,0.0808001796924473,0.11912114793079592,False,312.71114113760365
2020-01-11 19:00:00,111.11543,87.34118,120.0,24.0,-277007.45024232205,-106973.99479937319,-0.08937117379185691,0.07971514217250175,0.11975688120737137,False,311.73155331383396
2020-01-11 20:00:00,111.05252,87.34375,120.0,24.0,-276856.9239712436,-106566.69347874842,-0.09217411861265555,0.08064630043966783,0.12247405405482854,False,311.18379396264845
2020-01-11 21:00:00,110.98725,87.34638,120.0,24.0,-276703.9546282786,-106146.05463674413,-0.09558261545873688,0.08142196491475753,0.12556103196658097,False,310.4259873581891
2020-01-11 22:00:00,110.91947,87.349,120.0,24.0,-276556.0607667155,-105714.18622162742,-0.09910679378016801,0.08002633118180418,0.12738277063953568,False,308.92003315582406
2020-01-11 23:00:00,110.84916,87.35154,120.0,24.0,-276420.52928023454,-105273.79028108869,-0.10269833543043189,0.07676972354359296,0.12822066351856548,False,306.77908707196457
2020-01-12 00:00:00,110.77624,87.35395,120.0,24.0,-276302.6809681953,-104826.44966369105,-0.10635204553632584,0.07242745222775113,0.12867203824438275,False,304.2554922696711
2020-01-12 01:00:00,110.7007,87.35621,120.0,24.0,-276204.58268990985,-104372.87092324965,-0.10981276058308209,0.06699929240568893,0.1286380486859946,False,301.3883275390282
2020-01-12 02:00:00,110.62282,87.35827,120.0,24.0,-276130.91420122085,-103916.32252324391,-0.11258921406708586,0.06033001711099073,0.1277342635664234,False,298.1842705926042
2020-01-12 03:00:00,110.54328,87.3601,120.0,24.0,-276083.5616171228,-103461.18154532107,-0.11350613452412696,0.05288401909708362,0.12522125239139686,False,294.9814383330769
2020-01-12 04:00:00,110.46401,87.36168,120.0,24.0,-276061.1461956091,-103017.43298938042,-0.1119308047165273,0.045748555640842584,0.12091912746837302,False,292.2309029116925
2020-01-12 05:00:00,110.38658,87.36305,120.0,24.0,-276056.7176770754,-102590.97776839192,-0.11018353179455122,0.04202780480141889,0.11792687164148402,False,290.87857878779755
2020-01-12 06:00:00,110.30967,87.36439,120.0,24.0,-276053.85529232444,-102168.39081724283,-0.11053030808517093,0.043580229259948075,0.11881155410040067,False,291.5184782222068
2020-01-12 07:00:00,110.23167,87.36586,120.0,24.0,-276038.6711462665,-101735.72495592835,-0.11198630909395726,0.04854296217860462,0.12205471150906372,False,293.43539557279655
2020-01-12 08:00:00,110.15263,87.36752,120.0,24.0,-276004.74263990624,-101290.970332961,-0.11308466524057144,0.05443582781813286,0.12550458502707187,False,295.7048762060514
2020-01-12 09:00:00,110.07299,87.36937,120.0,24.0,-275951.24159552436,-100836.33144117217,-0.11376252246196192,0.05862304023823805,0.12797879653943645,False,297.26253378442675
2020-01-12 10:00:00,109.99289,87.3713,120.0,24.0,-275889.4215016621,-100376.76782453775,-0.11412218531195024,0.059863456547710525,0.12887011527198514,False,297.6795184595237
2020-01-12 11:00:00,109.91263,87.37323,120.0,24.0,-275827.1351199243,-99916.80399438895,-0.113435197926625,0.059397063818340805,0.128045130008496,False,297.63750347840187
2020-01-12 12:00:00,109.83338,87.37513,120.0,24.0,-275765.4996868541,-99463.2094128606,-0.11119336157089277,0.058465602032191,0.12562718765626263,False,297.7354471499725
2020-01-12 13:00:00,109.75616,87.377,120.0,24.0,-275702.78203928145,-99020.87706915005,-0.10853945523593239,0.05505417923636794,0.12170364002076149,False,296.89536947142176
2020-01-12 14:00:00,109.68054,87.37868,120.0,24.0,-275656.59685405233,-98593.73679077729,-0.10677559068633938,0.04745573981843483,0.11684636925523902,False,293.9624539051878
2020-01-12 15:00:00,109.60571,87.38006,120.0,24.0,-275639.96771690453,-98181.93147050502,-0.10632641435403489,0.040012558226173445,0.11360594705027038,False,290.62222908567185
2020-01-12 16:00:00,109.53064,87.38126,120.0,24.0,-275642.08564215165,-97775.90270148646,-0.10752894562262333,0.03691204924419881,0.11368805357696665,False,288.9460888491053
2020-01-12 17:00:00,109.45404,87.38244,120.0,24.0,-275648.31873992545,-97363.42008511779,-0.1112456779022403,0.03924060039108377,0.11796366207854739,False,289.4296927829555
2020-01-12 18:00:00,109.37365,87.38379,120.0,24.0,-275642.446559223,-96926.5644112048,-0.11804069654392506,0.046221895857034435,0.12676777862372418,False,291.38411544484825
2020-01-12 19:00:00,109.28737,87.38542,120.0,24.0,-275616.29837830167,-96451.25392177692,-0.1265858035178994,0.055993248446286475,0.13841679639350057,False,293.86145238097686
2020-01-12 20:00:00,109.1948,87.3874,120.0,24.0,-275562.969602602,-95933.13759704982,-0.1351107779424998,0.06700442960565427,0.15081285058975102,False,296.37783230700575
2020-01-12 21:00:00,109.09633,87.38974,120.0,24.0,-275480.52400723466,-95373.92341326376,-0.14190300553419413,0.07723802996179147,0.16156167940454236,False,298.5595224157963
2020-01-12 22:00:00,108.99398,87.39238,120.0,24.0,-275371.7160250002,-94785.723597676,-0.1457229687177884,0.08545506582325149,0.16893120459755734,False,300.38827162642264
2020-01-12 23:00:00,108.8899,87.39525,120.0,24.0,-275240.23125123576,-94181.59105639961,-0.14731659598975322,0.09010648652728766,0.17268861678842773,False,301.4521230195311
2020-01-13 00:00:00,108.78507,87.39819,120.0,24.0,-275101.2859741301,-93572.13107734676,-0.14781012289441842,0.08995072144157668,0.17302879736599686,False,301.3228497413454
2020-01-13 01:00:00,108.68006,87.40105,120.0,24.0,-274969.78726035816,-92965.49238491965,-0.14797801372261407,0.08762461107936416,0.17197547793828044,False,300.63173297996747
2020-01-13 02:00:00,108.57476,87.40384,120.0,24.0,-274844.8665126017,-92360.74907732499,-0.1485840740013306,0.08591936534159775,0.17163730476657993,False,300.0388285050998
2020-01-13 03:00:00,108.46866,87.40659,120.0,24.0,-274724.17012246704,-91754.35834137863,-0.1506430803824155,0.08530112768168113,0.17311735918407883,False,299.5205596763451
2020-01-13 04:00:00,108.3602,87.40934,120.0,24.0,-274605.925383565,-91137.42073207513,-0.1549696384057475,0.08592387973793786,0.1771962243864912,False,299.00644978865995
2020-01-13 05:00:00,108.2477,87.41213,120.0,24.0,-274488.4704322624,-90500.5066769292,-0.16127669452988477,0.08995806195811663,0.1846689608725465,False,299.1522150055246
2020-01-13 06:00:00,108.12999,87.41514,120.0,24.0,-274354.3980740513,-89831.81202413158,-0.16855077339902635,0.09879879163968727,0.19537288563890404,False,300.37739698599376
2020-01-13 07:00:00,108.00682,87.4185,120.0,24.0,-274190.06554351724,-89125.83705004008,-0.17386425055585283,0.10856505330097876,0.20497597034675244,False,301.9816551030219
2020-01-13 08:00:00,107.8812,87.42214,120.0,24.0,-273997.9921904798,-88399.6667311437,-0.1747007977780506,0.11553897628325106,0.20945076697130754,False,303.4787949109537
2020-01-13 09:00:00,107.75649,87.42595,120.0,24.0,-273784.58318346227,-87673.3270319363,-0.1722417249716528,0.12096515755019553,0.21047513193333342,False,305.08032194716293
2020-01-13 10:00:00,107.63403,87.42994,120.0,24.0,-273546.7422978941,-86952.98978382692,-0.16807416351626148,0.1259265422065272,0.21001528152442447,False,306.8417253561348
2020-01-13 11:00:00,107.51493,87.43407,120.0,24.0,-273287.1088400625,-86245.39285581335,-0.1616591350101376,0.1266992793218626,0.20539324066995304,False,308.08733936671496
2020-01-13 12:00:00,107.40133,87.43811,120.0,24.0,-273027.09449796134,-85568.46521742658,-0.15259805242907432,0.1200287711674882,0.19414703580823417,False,308.18746363477436
2020-01-13 13:00:00,107.29494,87.44181,120.0,24.0,-272791.03576518997,-84938.5185957459,-0.1431433666577755,0.10948482976872505,0.18021362703083543,False,307.4109772481414
2020-01-13 14:00:00,107.19467,87.44517,120.0,24.0,-272580.8418987452,-84350.0794917265,-0.136061329926555,0.1001826926519769,0.1689652550330491,False,306.3644167504866
2020-01-13 15:00:00,107.09824,87.44827,120.0,24.0,-272391.5597864395,-83789.42658617836,-0.13340195573316924,0.094294231557832,0.1633630432457613,False,305.25431071484047
2020-01-13 16:00:00,107.00157,87.45125,120.0,24.0,-272214.32603023713,-83232.4278092105,-0.13606841443679712,0.09290279094739806,0.16475904215902668,False,304.32390509021127
2020-01-13 17:00:00,106.90104,87.45426,120.0,24.0,-272038.3528665816,-82656.96476887366,-0.1410267537602634,0.09491880561601,0.16999448501562592,False,303.94273480805373
2020-01-13 18:00:00,106.79694,87.45737,120.0,24.0,-271855.62299667054,-82062.20948326518,-0.1448050026920329,0.09894952186414759,0.17538385524837535,False,304.3459454598672
2020-01-13 19:00:00,106.69067,87.46064,120.0,24.0,-271657.6025580363,-81452.970786112,-0.14623973016075903,0.10561591847078927,0.18039063421342033,False,305.83722438461587
2020-01-13 20:00:00,106.58421,87.46418,120.0,24.0,-271429.6311938387,-80835.24368651531,-0.14484950677682343,0.1144534158354846,0.18461030309790236,False,308.3141677195632
2020-01-13 21:00:00,106.47967,87.46802,120.0,24.0,-271165.49165465997,-80218.23031417008,-0.1406410021424074,0.12111998642156852,0.1856069572898106,False,310.7350205790026
2020-01-13 22:00:00,106.37904,87.47199,120.0,24.0,-270880.64501981466,-79616.84342189651,-0.1342200389006688,0.12189430323874076,0.18130979015087723,False,312.24471436113436
2020-01-13 23:00:00,106.28357,87.47588,120.0,24.0,-270595.9809085533,-79043.57876077003,-0.1280803713537375,0.11926000266730383,0.17500722774307528,False,312.95764909351124
2020-01-14 00:00:00,106.19162,87.47968,120.0,24.0,-270314.98902700853,-78490.89296087214,-0.12410680203685302,0.1158498769909804,0.16977541727423295,False,313.02922606117295
2020-01-14 01:00:00,106.10169,87.48335,120.0,24.0,-270044.1198534821,-77952.85900515941,-0.11977414764962178,0.11026466013592619,0.16280092665609958,False,312.632819177133
2020-01-14 02:00:00,106.01584,87.48679,120.0,24.0,-269791.4009633114,-77442.1650427146,-0.11280970868029229,0.10157814644840882,0.1518029980218665,False,312.00107385656804
2020-01-14 03:00:00,105.93591,87.4899,120.0,24.0,-269565.24145127815,-76970.37021504146,-0.1063602300450144,0.0918102531059556,0.14050487931245667,False,310.800791878798
2020-01-14 04:00:00,105.85934,87.49271,120.0,24.0,-269366.02884324425,-76524.30655806485,-0.10375908584402035,0.08390356430629531,0.13343821041398682,False,308.96032852406256
2020-01-14 05:00:00,105.78306,87.49531,120.0,24.0,-269188.2863128844,-76086.65351009573,-0.10362193572666126,0.07894120805737354,0.13026595830568266,False,307.30085613944595
2020-01-14 06:00:00,105.70653,87.4978,120.0,24.0,-269022.01085155207,-75651.76086833815,-0.10385538081676114,0.07723525489436307,0.12942652248743963,False,306.6374740730892
2020-01-14 07:00:00,105.62975,87.50029,120.0,24.0,-268855.3824113551,-75216.27515443836,-0.10425351736530497,0.07661515073159,0.12937803988568616,False,306.3118953681957
2020-01-14 08:00:00,105.55248,87.50274,120.0,24.0,-268693.0128573172,-74780.27171402863,-0.10482131412578528,0.07490920350780662,0.1288367054267942,False,305.55100812236753
2020-01-14 09:00:00,105.47471,87.50512,120.0,24.0,-268538.13861530647,-74344.58531453302,-0.10445723454714329,0.07397742853155223,0.12799989758346614,False,305.30642377383884
2020-01-14 10:00:00,105.39783,87.50751,120.0,24.0,-268380.3523310122,-73913.32961900884,-0.1021027832927737,0.07552700395273143,0.12700120740452436,False,306.49090413149963
2020-01-14 11:00:00,105.3234,87.50999,120.0,24.0,-268209.057528954,-73491.44470653766,-0.0982290483427094,0.07645707394333849,0.12447742805140002,False,307.89558563213245
2020-01-14 12:00:00,105.25212,87.51244,120.0,24.0,-268036.3341700717,-73085.74691677831,-0.09382468900964677,0.07351042859316145,0.11919251394155264,False,308.0782395254592
2020-01-14 13:00:00,105.18409,87.51473,120.0,24.0,-267876.13641969144,-72700.46625051537,-0.09038061403863833,0.06777338862200641,0.11296852481691888,False,306.8649995075553
2020-01-14 14:00:00,105.1178,87.51681,120.0,24.0,-267735.843821258,-72329.91505490817,-0.08913450876357333,0.06095078446535118,0.10798128902483627,False,304.3645864898099
2020-01-14 15:00:00,105.05151,87.51866,120.0,24.0,-267619.854557108,-71966.45543994222,-0.08969953741878557,0.05350716926670572,0.10444627411296208,False,300.8167337518888
2020-01-14 16:00:00,104.98428,87.52026,120.0,24.0,-267531.52472290525,-71606.19030105743,-0.091205900140276,0.045752998074015436,0.10203848809718252,False,296.64040997432573
2020-01-14 17:00:00,104.91566,87.52161,120.0,24.0,-267471.42225299106,-71246.92898916345,-0.09247401481791136,0.04172000133071065,0.101449504323963,False,294.2826959790443
2020-01-14 18:00:00,104.84646,87.52295,120.0,24.0,-267412.64010921074,-70885.49353503698,-0.09255495706524074,0.04435578967682703,0.10263457582707435,False,295.60547974895894
2020-01-14 19:00:00,104.77764,87.52447,120.0,24.0,-267333.47249430796,-70520.95036195393,-0.09171966689224008,0.05102441269824645,0.10495707687442736,False,299.0875510435502
2020-01-14 20:00:00,104.7096,87.52624,120.0,24.0,-267225.85852314084,-70153.24941160496,-0.09036093194661138,0.05955417452656725,0.10822105953002384,False,303.3876762119744
2020-01-14 21:00:00,104.64271,87.52831,120.0,24.0,-267083.9359666218,-69782.79650573163,-0.08811134439384337,0.0688589793860391,0.11182650872211576,False,308.0076116441421
2020-01-14 22:00:00,104.57792,87.53068,120.0,24.0,-266906.5472719972,-69414.1227399448,-0.08505864009010777,0.07862965874133017,0.11583434502666526,False,312.750821102761
2020-01-14 23:00:00,104.51547,87.53338,120.0,24.0,-266690.17286628304,-69047.59668874518,-0.0839551006046226,0.08886809343757673,0.1222538218165885,False,316.62835760180076
2020-01-15 00:00:00,104.45219,87.53641,120.0,24.0,-266438.62790948467,-68668.56794517134,-0.08687168518409603,0.09817584163229494,0.13109227882272148,False,318.4957322063717
2020-01-15 01:00:00,104.38521,87.53971,120.0,24.0,-266161.77607626043,-68265.49896334019,-0.09054959333163237,0.10391306317016256,0.13783016197454823,False,318.9311843330234
2020-01-15 02:00:00,104.31624,87.54311,120.0,24.0,-265875.88323329564,-67851.1752186015,-0.09206547550695329,0.1042221189653868,0.13906222298653453,False,318.5439624305775
2020-01-15 03:00:00,104.2468,87.54643,120.0,24.0,-265598.59060069796,-67437.65858703609,-0.09522667100407126,0.1009685968337469,0.13879040462904252,False,316.67636171736035
2020-01-15 04:00:00,104.17288,87.54962,120.0,24.0,-265340.0011357403,-67007.7223704933,-0.10362459453115744,0.09694009996556063,0.14189939948103963,False,313.09113156713545
2020-01-15 05:00:00,104.09059,87.55268,120.0,24.0,-265104.54784594895,-66543.37510628266,-0.11305159997901479,0.09306123913580133,0.14642765615588463,False,309.4603541744466
2020-01-15 06:00:00,104.00225,87.55562,120.0,24.0,-264888.28642020805,-66055.11631983356,-0.119289691365821,0.09011228910510753,0.14950001710339472,False,307.0676609963722
2020-01-15 07:00:00,103.91033,87.55849,120.0,24.0,-264682.83391525736,-65553.02436752088,-0.12594343009520426,0.09120162379642674,0.15549753620958293,False,305.9100838600024
2020-01-15 08:00:00,103.8117,87.5615,120.0,24.0,-264468.8879829302,-65017.05592211908,-0.13591424311374084,0.09849387171751889,0.16785030308905646,False,305.9299645549088
2020-01-15 09:00:00,103.70443,87.56484,120.0,24.0,-264227.8016269912,-64433.438961397565,-0.1415955378003593,0.1088751757076637,0.178614389706842,False,307.5572855241739
2020-01-15 10:00:00,103.59691,87.56852,120.0,24.0,-263948.8339547101,-63840.87544164999,-0.1359763526913838,0.11770517256585142,0.17984458885384477,False,310.8804373593325
2020-01-15 11:00:00,103.49787,87.57243,120.0,24.0,-263634.23585454264,-63282.614656442376,-0.1249521273180529,0.12158398057496822,0.17434362177539262,False,314.2172806257919
2020-01-15 12:00:00,103.4068,87.57636,120.0,24.0,-263307.59703999443,-62761.742351132925,-0.115775731666934,0.11926062574522814,0.16621406948919,False,315.84946471681144
2020-01-15 13:00:00,103.32144,87.58012,120.0,24.0,-262992.2375616378,-62272.650334397236,-0.10802086664696635,0.11507347784784641,0.15783032957945847,False,316.810670409116
2020-01-15 14:00:00,103.24193,87.58378,120.0,24.0,-262680.5659150293,-61814.0146608739,-0.09974447628129252,0.11352246210162736,0.15111687513393315,False,318.6964234109847
2020-01-15 15:00:00,103.16897,87.58744,120.0,24.0,-262361.11237615085,-61386.357319607705,-0.09077440808930293,0.11507369128776548,0.14656721185365865,False,321.73230956207294
2020-01-15 16:00:00,103.10296,87.5912,120.0,24.0,-262022.72363709187,-60988.86758280088,-0.08166466410807965,0.11972725549600069,0.14492664721330614,False,325.7025252551743
2020-01-15 17:00:00,103.04375,87.59516,120.0,24.0,-261654.8171772491,-60618.255363819146,-0.07401982018727535,0.12825929885494547,0.1480857235634779,False,330.0102936362395
2020-01-15 18:00:00,102.98927,87.59947,120.0,24.0,-261243.36647201402,-60261.25398520208,-0.06936019837397182,0.14066861668346778,0.1568390794353152,False,333.7532392393921
2020-01-15 19:00:00,102.93702,87.60423,120.0,24.0,-260780.16679533318,-59903.99155716061,-0.06770417220633013,0.15276735298874572,0.16709793258246028,False,336.09780571680164
2020-01-15 20:00:00,102.88488,87.60932,120.0,24.0,-260280.49594214396,-59539.906454902506,-0.06850489545637571,0.16083339263819013,0.17481504766180514,False,336.9290498724474
2020-01-15 21:00:00,102.83117,87.6146,120.0,24.0,-259761.31267849682,-59164.95009236224,-0.07041633969913993,0.16378039776251097,0.17827641343674988,False,336.7350207300802
2020-01-15 22:00:00,102.77584,87.61988,120.0,24.0,-259243.3172381538,-58783.689503343936,-0.0723375723236501,0.16160925523141975,0.17706009077749135,False,335.8863356383019
2020-01-15 23:00:00,102.71891,87.62502,120.0,24.0,-258741.7083653044,-58399.70154502682,-0.07502874416457989,0.1568023265641753,0.1738283120405081,False,334.4292328286383
2020-01-16 00:00:00,102.65915,87.62999,120.0,24.0,-258260.97976644285,-58008.17344676087,-0.07935552271903813,0.15137518638383904,0.17091444069695746,False,332.33509106301807
2020-01-16 01:00:00,102.59523,87.63478,120.0,24.0,-257803.51524152944,-57603.3783837723,-0.0847995102943974,0.14455166243047388,0.16758920030116284,False,329.6024906393748
2020-01-16 02:00:00,102.52672,87.63931,120.0,24.0,-257378.39322005128,-57185.35725300085,-0.09050085113307174,0.13462592591811454,0.16221758223176697,False,326.08945104429273
2020-01-16 03:00:00,102.45363,87.64346,120.0,24.0,-256998.61299325214,-56757.04610215546,-0.09553806664263632,0.12206268265007313,0.1550058730292026,False,321.9498283092509
2020-01-16 04:00:00,102.37698,87.64718,120.0,24.0,-256668.56017078296,-56324.144488416496,-0.09945403230706445,0.10779349703338414,0.14666472835968714,False,317.3042903932342
2020-01-16 05:00:00,102.29751,87.65041,120.0,24.0,-256394.02218710506,-55891.26525075833,-0.10373737883373746,0.09321590585011577,0.13946558310476462,False,311.94209966974745
2020-01-16 06:00:00,102.21391,87.65319,120.0,24.0,-256171.88802744818,-55451.4255075899,-0.10969426746452673,0.0798792277621043,0.13569643820841157,False,306.06206013981
2020-01-16 07:00:00,102.12487,87.65556,120.0,24.0,-255999.00154048484,-54997.66817219534,-0.11595418029819127,0.06933222558885822,0.13510118220700282,False,300.87637563441365
2020-01-16 08:00:00,102.03123,87.65766,120.0,24.0,-255859.19048973123,-54530.32778869667,-0.12068138900715705,0.0625065800844704,0.13590831544299664,False,297.38176858750467
2020-01-16 09:00:00,101.93457,87.65959,120.0,24.0,-255739.95879694127,-54054.03840553623,-0.12289875623078685,0.05567989993203412,0.13492351737008526,False,294.3731425528249
2020-01-16 10:00:00,101.83728,87.66125,120.0,24.0,-255649.94730745465,-53581.68081440156,-0.12237154818875608,0.045906812782113324,0.1306990101948942,False,290.56322110107294
2020-01-16 11:00:00,101.74132,87.66255,120.0,24.0,-255597.1962497176,-53123.897704386254,-0.12101539427113318,0.036601781601641285,0.12642949049573862,False,286.8282343890338
2020-01-16 12:00:00,101.64606,87.66361,120.0,24.0,-255569.23458867832,-52674.97381324758,-0.1208887539493523,0.03024423716689319,0.12461462479674817,False,284.0460784084223
2020-01-16 13:00:00,101.55021,87.6645,120.0,24.0,-255559.62406578453,-52227.459436947516,-0.12237744412069769,0.02218060777346819,0.12437129166618366,False,280.2731928511771
2020-01-16 14:00:00,101.45253,87.66504,120.0,24.0,-255589.19138296717,-51779.72292250892,-0.12540790999798299,0.008378439132181188,0.12568747802527452,False,273.8222220059704
2020-01-16 15:00:00,101.35185,87.66504,121.0,24.0,-255679.7839385727,-51330.52252661728,-0.12969205809708936,-0.006819922395071964,0.1298712488387388,False,266.98984504127225
2020-01-16 16:00:00,101.24739,87.6646,121.0,24.0,-255821.13392674248,-50873.87295917084,-0.13488538388864363,-0.018296082084781135,0.1361205840658929,False,262.2754469728492
2020-01-16 17:00:00,101.13853,87.66386,120.0,24.0,-255998.40911800947,-50403.69369559251,-0.1406620312004954,-0.025895197852505356,0.14302576094280897,False,259.56891835126476
2020-01-16 18:00:00,101.025,87.66293,120.0,24.0,-256199.71537215667,-49916.20170998812,-0.14655593078324425,-0.030547949964617623,0.14970577174839939,False,258.2259169045402
2020-01-16 19:00:00,100.90691,87.66189,120.0,24.0,-256416.08911995054,-49410.02772253512,-0.1515431309751657,-0.03272084748256765,0.15503539726699087,False,257.815870967539
2020-01-16 20:00:00,100.7856,87.66082,120.0,24.0,-256637.50299723417,-48889.37801113703,-0.15437239879532832,-0.03334394172123338,0.15793244112383273,False,257.81154283237265
2020-01-16 21:00:00,100.66315,87.65974,120.0,24.0,-256859.92080378765,-48363.108087914516,-0.15334929508050618,-0.035055359408856346,0.15730506833847488,False,257.12354548231565
2020-01-16 22:00:00,100.54357,87.65856,120.0,24.0,-257089.842637432,-47851.031410198666,-0.14750186075482835,-0.0400229038886434,0.15283530927706582,False,254.81898020722048
2020-01-16 23:00:00,100.43047,87.65716,119.0,24.0,-257337.5509358435,-47371.75500879241,-0.13945059474420615,-0.04638119166346871,0.1469615028319874,False,251.60290287788928
2020-01-17 00:00:00,100.32372,87.65557,119.0,24.0,-257600.0432643472,-46924.036683500555,-0.13250718600391276,-0.05273784147320909,0.14261638848999392,False,248.2974513440102
2020-01-17 01:00:00,100.22171,87.65376,120.0,24.0,-257882.09135786392,-46501.19656668093,-0.1288334773229932,-0.06436585189459439,0.14401745647403671,False,243.45305627545653
2020-01-17 02:00:00,100.12092,87.65142,120.0,24.0,-258220.73187461487,-46093.398056514096,-0.1292458210046704,-0.08561061065292727,0.1550279294305978,False,236.48006997047023
2020-01-17 03:00:00,100.01848,87.64824,120.0,24.0,-258652.42155680267,-45693.42415927745,-0.13030999277748267,-0.1112033698776431,0.17130932166642737,False,229.52336679017967
2020-01-17 04:00:00,99.91629,87.64425,120.0,24.0,-259172.40764042878,-45308.76075989716,-0.12812487211357046,-0.13416096997256635,0.1855132036220027,False,223.68166007819505
2020-01-17 05:00:00,99.81761,87.63959,120.0,24.0,-259762.81230837887,-44951.05384174025,-0.1213447437770592,-0.15277623738185042,0.195102858899801,False,218.45886932772126
2020-01-17 06:00:00,99.72641,87.6344,120.0,24.0,-260405.2614084122,-44635.43491357422,-0.11084348095825383,-0.16673573127844923,0.20021758503164006,False,213.61538008702917
2020-01-17 07:00:00,99.64453,87.62884,120.0,24.0,-261080.88269319336,-44367.2689856803,-0.10385298084721833,-0.1778951648167838,0.20599060972783048,False,210.2758503371038
2020-01-17 08:00:00,99.56464,87.62293,120.0,24.0,-261793.27616397536,-44112.84834206114,-0.10592921959987091,-0.1873494658877907,0.2152227263405938,False,209.48424230779355
2020-01-17 09:00:00,99.47995,87.61676,120.0,24.0,-262537.7760475657,-43839.3171289573,-0.10942083254799895,-0.1896798821968078,0.21897802699287458,False,209.97940274038885
2020-01-17 10:00:00,99.39505,87.6107,120.0,24.0,-263270.07795894716,-43560.71085369874,-0.10626082962414352,-0.18115481007232354,0.21002006838573992,False,210.39480775856117
2020-01-17 11:00:00,99.31565,87.60508,120.0,24.0,-263949.4868387943,-43297.41897639012,-0.10042848765830939,-0.16936581030928638,0.19690266335186118,False,210.6665798296142
2020-01-17 12:00:00,99.24014,87.59978,120.0,24.0,-264590.4775598509,-43044.555985521976,-0.09743674846643018,-0.16300430129303445,0.18990608782169344,False,210.86911177797185
2020-01-17 13:00:00,99.1657,87.59457,120.0,24.0,-265220.53770605393,-42793.430727262814,-0.09643877493474075,-0.16129786261615306,0.18792934256111515,False,210.8748846465606
2020-01-17 14:00:00,99.09205,87.58938,120.0,24.0,-265847.598512176,-42544.05335162134,-0.09538793963863093,-0.16160816993364568,0.18765942453765863,False,210.5508917170077
2020-01-17 15:00:00,99.01954,87.58415,120.0,24.0,-266478.02480825916,-42299.136565478024,-0.09384835440536252,-0.16315924201327597,0.18822447205116896,False,209.90729088545152
2020-01-17 16:00:00,98.94856,87.57886,120.0,24.0,-267113.7508768343,-42060.866912578924,-0.09181151206258174,-0.1650204533031837,0.18884147784744174,False,209.0900070134502
2020-01-17 17:00:00,98.87947,87.57351,120.0,24.0,-267754.53407866706,-41830.9531599057,-0.08939067149653852,-0.1650204099311317,0.18767639128148436,False,208.44416777161544
2020-01-17 18:00:00,98.81248,87.56822,120.0,24.0,-268387.0039131176,-41608.365680479714,-0.08650205056594225,-0.16160851545443716,0.183302801450223,False,208.15821759767894
2020-01-17 19:00:00,98.74807,87.56309,120.0,24.0,-268999.7952514074,-41393.75262244474,-0.08216172319048504,-0.15525068203044182,0.17565114012879973,False,207.88867604562816
2020-01-17 20:00:00,98.68793,87.55821,120.0,24.0,-269581.77607611835,-41193.69021180771,-0.07587340566395975,-0.14765159000078434,0.16600531833892407,False,207.19717450380938
2020-01-17 21:00:00,98.63328,87.55357,120.0,24.0,-270133.20679098874,-41014.315069343815,-0.07007451509342746,-0.14191154730696834,0.158269785254915,False,206.2797032272133
2020-01-17 22:00:00,98.58212,87.54906,120.0,24.0,-270667.697773803,-40848.24691604009,-0.06690305322800694,-0.13927359225239194,0.1545093913977887,False,205.65829913852446
2020-01-17 23:00:00,98.53245,87.54459,120.0,24.0,-271196.6314745548,-40687.64682230463,-0.06419130841211078,-0.13756814137134538,0.15180750177782779,False,205.01444548355371
2020-01-18 00:00:00,98.48555,87.54019,120.0,24.0,-271715.79867781466,-40538.14350234081,-0.05949528589770889,-0.13400167334981306,0.14661561139455825,False,203.94070063803306
2020-01-18 01:00:00,98.4431,87.53595,120.0,24.0,-272214.0915163282,-40406.33768339719,-0.053588082222313434,-0.12981391066890252,0.14043978766510304,False,202.43117454744146
2020-01-18 02:00:00,98.40521,87.53182,120.0,24.0,-272696.9800776174,-40293.724409106595,-0.04779824029653015,-0.12640142915154962,0.13513694190338577,False,200.71392917912797
2020-01-18 03:00:00,98.37156,87.5278,120.0,24.0,-273164.71160986973,-40198.91743764389,-0.042541656113956446,-0.12128292944667954,0.12852759034575562,False,199.329021439271
2020-01-18 04:00:00,98.34164,87.524,120.0,24.0,-273605.5073936158,-40117.82449889503,-0.03761261765138471,-0.11244246913066247,0.1185665124341154,False,198.49536866199895
2020-01-18 05:00:00,98.31544,87.52055,120.0,24.0,-274005.0204353467,-40048.42250667533,-0.03130743480848974,-0.10236181088364608,0.10704249530755139,False,197.00629021580482
2020-01-18 06:00:00,98.29499,87.5174,120.0,24.0,-274367.36413676094,-40001.368544634686,-0.02254246672589724,-0.09429688206094163,0.09695393118643161,False,193.44471380504626
2020-01-18 07:00:00,98.28189,87.51447,120.0,24.0,-274700.2710178524,-39985.76482293235,-0.014173838225573622,-0.08871273663993626,0.08983789474487601,False,189.0775560270859
2020-01-18 08:00:00,98.27392,87.51168,120.0,24.0,-275014.1346095403,-39992.386270892246,-0.009180156010496942,-0.08499005294799694,0.08548441006686767,False,186.16487227660264
2020-01-18 09:00:00,98.26826,87.50899,120.0,24.0,-275315.3418357402,-40008.415704538085,-0.006911501967535336,-0.08033715919809273,0.08063391350707802,False,184.91711721458108
2020-01-18 10:00:00,98.26367,87.5065,120.0,24.0,-275593.7060433429,-40026.323227548426,-0.005669728806776458,-0.0725825512039156,0.07280365762797512,False,184.46654471514614
2020-01-18 11:00:00,98.25986,87.50431,120.0,24.0,-275838.3774727372,-40043.12933513859,-0.0035051635774246996,-0.06498310600154265,0.06507757092356961,False,183.08752012147733
2020-01-18 12:00:00,98.25848,87.50231,120.0,24.0,-276060.35660077725,-40068.564618960954,0.0011451311203672949,-0.06095060153085289,0.060961357860989614,False,178.92366178045285
2020-01-18 13:00:00,98.26155,87.50038,120.0,24.0,-276271.4867525458,-40114.323981823705,0.00802156496147999,-0.055987322374240325,0.05655904676590965,False,171.8464551015757
2020-01-18 14:00:00,98.27033,87.4987,120.0,24.0,-276450.9830604325,-40183.64407407524,0.015921576639251984,-0.045905987712385035,0.04858864384328112,False,160.87191652973024
2020-01-18 15:00:00,98.28506,87.49742,120.0,24.0,-276582.0829783568,-40275.31086218916,0.021816022874618007,-0.03567030326305666,0.04181278977710393,False,148.54996764824517
2020-01-18 16:00:00,98.30253,87.4964,120.0,24.0,-276682.49457751005,-40376.0882898452,0.02309881720808462,-0.030242822205556085,0.03805500822978997,False,142.62818705768746
2020-01-18 17:00:00,98.31914,87.49547,120.0,24.0,-276773.53380735614,-40471.3221388098,0.02080179117237763,-0.027916747142128,0.03481464184760084,False,143.30885505014942
2020-01-18 18:00:00,98.33321,87.4946,120.0,24.0,-276859.7099768851,-40553.36732318306,0.016929120033846695,-0.025900575338301507,0.030942445087216715,False,146.8305880859781
2020-01-18 19:00:00,98.3441,87.4938,120.0,24.0,-276940.38360493234,-40618.951982263716,0.01380032274066253,-0.023884099293175448,0.027584399699698222,False,149.98051583838435
2020-01-18 20:00:00,98.35355,87.49306,120.0,24.0,-277015.4358908272,-40676.633090624935,0.013037802650386471,-0.021867711774465906,0.025459401332347534,False,149.19607553925624
2020-01-18 21:00:00,98.36331,87.49239,120.0,24.0,-277082.5228390195,-40734.70234812495,0.013156352011772024,-0.018145591070141243,0.022413212030908184,False,144.05623555088465
2020-01-18 22:00:00,98.37293,87.49189,120.0,24.0,-277130.9169792819,-40789.354205336276,0.012235171561448328,-0.011166636937765045,0.01656481824946874,False,132.38567083795243
2020-01-18 23:00:00,98.38133,87.49167,120.0,24.0,-277149.2379119597,-40833.5640834889,0.009798464524512253,-0.0017061966766656585,0.00994590439012914,False,99.87781578102789
2020-01-19 00:00:00,98.38736,87.49178,120.0,24.0,-277132.7871332355,-40860.94029265136,0.0066272688600858345,0.008684927663123607,0.010924681279449441,False,37.34642120781132
2020-01-19 01:00:00,98.39109,87.49223,120.0,24.0,-277080.4151030373,-40871.6489303608,0.007066992459582487,0.016594852713787134,0.018036948716900095,False,23.066947451960573
2020-01-19 02:00:00,98.39777,87.49285,120.0,24.0,-277007.15803469776,-40893.841896660764,0.013927106365665284,0.018766808150357275,0.0233700102668542,False,36.57961802483118
2020-01-19 03:00:00,98.41161,87.49344,120.0,24.0,-276932.0982105227,-40951.115262649444,0.020127283825920862,0.017370473870144947,0.026586479960358872,False,49.204782363863615
2020-01-19 04:00:00,98.42743,87.49397,120.0,24.0,-276862.23712674517,-41018.904135402205,0.018509167705231255,0.015508338701028745,0.02414741929081039,False,50.04125495961671
2020-01-19 05:00:00,98.43889,87.49444,120.0,24.0,-276802.11282975285,-41066.57778369373,0.0115865703471583,0.01535336395476136,0.019234718535424775,False,37.040396382867584
2020-01-19 06:00:00,98.44451,87.49496,120.0,24.0,-276740.6470307849,-41085.20135489112,0.0037376427647594947,0.018610669376297705,0.018982280897479737,False,11.355835182857902
2020-01-19 07:00:00,98.4444,87.49564,120.0,24.0,-276665.616805277,-41073.51942354914,-0.0030162105364311357,0.0229535038717338,0.023150828624258286,False,352.5139262650698
2020-01-19 08:00:00,98.44006,87.49644,120.0,24.0,-276580.36256193323,-41039.450941364674,-0.007759982675765397,0.025745212898174944,0.026889278872824624,False,343.2264271481902
2020-01-19 09:00:00,98.43295,87.4973,120.0,24.0,-276490.4593659619,-40991.04567819177,-0.011585453412666013,0.02729622622303203,0.029653106022742307,False,337.00196926089563
2020-01-19 10:00:00,98.42296,87.4982,120.0,24.0,-276398.1876236014,-40928.115632474364,-0.015956531008249612,0.02838207229100116,0.0325599893941759,False,330.6551060919657
2020-01-19 11:00:00,98.40939,87.49913,120.0,24.0,-276305.14122040017,-40847.46464968798,-0.021745628516193865,0.029933429841523185,0.036998413231403515,False,324.00285808005304
2020-01-19 12:00:00,98.39084,87.50013,120.0,24.0,-276207.8815138829,-40741.71161525341,-0.029113366468680346,0.03241544409958891,0.043570048465812555,False,318.07195581383274
2020-01-19 13:00:00,98.36637,87.50122,120.0,24.0,-276104.83654040826,-40606.0346314096,-0.03597288064834751,0.03768835987734436,0.0521004857211953,False,316.334106716892
2020-01-19 14:00:00,98.33766,87.50256,120.0,24.0,-275977.09891805117,-40445.98026485717,-0.040361412973480844,0.04699328321701985,0.06194685080559711,False,319.3415028883067
2020-01-19 15:00:00,98.30667,87.50425,120.0,24.0,-275812.20027036354,-40269.440709348666,-0.04324802847681221,0.0542825253614651,0.06940449932640723,False,321.45493136352707
2020-01-19 16:00:00,98.27365,87.50606,120.0,24.0,-275635.35132707714,-40081.39685611491,-0.04609463233278021,0.05490303731085947,0.07168722784326238,False,319.9843788522957
2020-01-19 17:00:00,98.2384,87.50779,120.0,24.0,-275468.77076927817,-39884.12917634347,-0.049361321541226494,0.05335239606940256,0.07268437404726516,False,317.22518230180765
2020-01-19 18:00:00,98.20049,87.5095,120.0,24.0,-275306.10449621594,-39674.61904275192,-0.053108375792364285,0.05490354413790337,0.07638650887562337,False,315.9521736196945
2020-01-19 19:00:00,98.15963,87.51133,120.0,24.0,-275132.0489780167,-39449.273354399855,-0.05686198471917544,0.05940116325288802,0.08223006446549824,False,316.2511366794398
2020-01-19 20:00:00,98.11609,87.51333,120.0,24.0,-274940.85348655895,-39208.654927515316,-0.060161797655885155,0.06513942552914062,0.08867122788962677,False,317.27489549347206
2020-01-19 21:00:00,98.07026,87.51553,120.0,24.0,-274728.8965343574,-38954.23335663173,-0.0630948647000072,0.07134307725979419,0.09524072986075431,False,318.5108848058504
2020-01-19 22:00:00,98.02228,87.51793,120.0,24.0,-274496.04596138955,-38686.75803869335,-0.0656213703772217,0.07723636327459713,0.10134900128797543,False,319.64818704442325
2020-01-19 23:00:00,97.9726,87.52051,120.0,24.0,-274244.17438665277,-38408.77462900669,-0.06661698794351266,0.08049227425022992,0.10448363171636187,False,320.38817448761563
2020-01-20 00:00:00,97.92304,87.52312,120.0,24.0,-273988.6293246891,-38131.36917714008,-0.06538915782076457,0.0798711031765642,0.10322371376360288,False,320.69337776637474
2020-01-20 01:00:00,97.87509,87.52566,120.0,24.0,-273739.48869243055,-37863.19736338986,-0.06399434691643818,0.07832094419709533,0.10114072739102661,False,320.7484858799081
2020-01-20 02:00:00,97.82751,87.52817,120.0,24.0,-273493.1671258694,-37597.69162618211,-0.06443596693063468,0.07863200939844678,0.10166113680420491,False,320.6666737760494
2020-01-20 03:00:00,97.7788,87.53073,120.0,24.0,-273241.7977248714,-37326.47638073592,-0.06570587488446294,0.08080319457993372,0.10414613890421157,False,320.88339205658116
2020-01-20 04:00:00,97.72922,87.53338,120.0,24.0,-272980.76890372514,-37050.21890178968,-0.0661905368737903,0.08328418150823749,0.10638346704792827,False,321.5238955827914
2020-01-20 05:00:00,97.67968,87.5361,120.0,24.0,-272711.69445001334,-36773.586957402316,-0.06489933465438003,0.08405869577585719,0.106196930153933,False,322.32928782685065
2020-01-20 06:00:00,97.63193,87.5388,120.0,24.0,-272443.4189377079,-36506.25608817131,-0.061572167173239156,0.08173171487195517,0.10232890591773122,False,323.00764553405884
2020-01-20 07:00:00,97.58728,87.54137,120.0,24.0,-272187.3156685843,-36256.040669542155,-0.058285479749713445,0.0772348757161953,0.09675961542167472,False,322.9598848977764
2020-01-20 08:00:00,97.54437,87.54378,120.0,24.0,-271947.60624487745,-36016.85053946902,-0.057122891508884825,0.07273817232023386,0.09248711503135916,False,321.85667087444165
2020-01-20 09:00:00,97.50138,87.54606,120.0,24.0,-271722.1335740433,-35779.55556429565,-0.05783971805414398,0.06901650178769855,0.09004837868387341,False,320.03509555953326
2020-01-20 10:00:00,97.45731,87.54823,120.0,24.0,-271509.3072549187,-35539.09584518811,-0.05954674696483052,0.06638023609837954,0.08917483287660348,False,318.1061368761508
2020-01-20 11:00:00,97.41167,87.55034,120.0,24.0,-271303.8829751507,-35292.414994274346,-0.061153285155728994,0.06529429882395689,0.0894598778461612,False,316.87570084594563
2020-01-20 12:00:00,97.3651,87.55244,120.0,24.0,-271099.91429470916,-35041.82676342974,-0.061869035999577195,0.06606941542441055,0.09051488976980704,False,316.88041669050165
2020-01-20 13:00:00,97.3183,87.5546,120.0,24.0,-270889.2117985618,-34789.65252739237,-0.06219148200346005,0.06824079657463701,0.09232868866678269,False,317.6554163167499
2020-01-20 14:00:00,97.27116,87.55684,120.0,24.0,-270669.6217359661,-34535.10900070727,-0.06276905630582008,0.07103264472948334,0.09479235753365463,False,318.53409656010615
2020-01-20 15:00:00,97.2234,87.55918,120.0,24.0,-270439.0891531379,-34276.61973707379,-0.06364185228521221,0.07258370023107238,0.09653330462346633,False,318.7555086003707
2020-01-20 16:00:00,97.17485,87.56152,120.0,24.0,-270208.7827880659,-34014.813144147396,-0.06451259993790462,0.0716530883925617,0.09641597703150859,False,318.00182416506755
2020-01-20 17:00:00,97.12568,87.5638,120.0,24.0,-269985.24046447215,-33751.33113649597,-0.06444027057273288,0.0693260233191538,0.09465012403972263,False,317.09177231943534
2020-01-20 18:00:00,97.07715,87.56599,120.0,24.0,-269771.0443368154,-33492.509347551844,-0.06309088418203473,0.06684420561306247,0.09191630699126403,False,316.65459303100727
2020-01-20 19:00:00,97.02994,87.56811,120.0,24.0,-269563.59570502816,-33241.241429520516,-0.06310744817119308,0.0638989863072207,0.08980885516345367,False,315.35707802951714
2020-01-20 20:00:00,96.9813,87.57011,120.0,24.0,-269370.04018056893,-32985.24418019007,-0.0666400342614106,0.059713054586987405,0.08947928841061778,False,311.86204899726494
2020-01-20 21:00:00,96.92864,87.57196,120.0,24.0,-269195.1677787266,-32712.734045404748,-0.07082936224020803,0.05599001041060846,0.09028665361577341,False,308.3260715966015
2020-01-20 22:00:00,96.87355,87.57372,120.0,24.0,-269031.3754974312,-32430.366433003503,-0.07259056127538344,0.05474799342951632,0.09092157263726557,False,307.02369512761686
2020-01-20 23:00:00,96.81813,87.57549,120.0,24.0,-268866.3655853778,-32146.662915816763,-0.07308263846012872,0.054748122124368824,0.09131499833235879,False,306.8378440218049
2020-01-21 00:00:00,96.76221,87.57725,120.0,24.0,-268702.44561233855,-31861.095595942203,-0.07400074152621881,0.053817896546007694,0.09150123351664191,False,306.02695581744115
2020-01-21 01:00:00,96.70531,87.57896,120.0,24.0,-268544.30964816135,-31571.937663709712,-0.07486050237899997,0.05164624659292487,0.09094740020238876,False,304.6017865463797
2020-01-21 02:00:00,96.648,87.58058,120.0,24.0,-268396.07080049516,-31282.368211660814,-0.07501401489728808,0.048544068145541894,0.08935115546611344,False,302.90825128065006
2020-01-21 03:00:00,96.59079,87.58209,120.0,24.0,-268259.66957986355,-30995.00494839114,-0.07535950349260859,0.04528765272374106,0.08792056787736677,False,301.0039631292957
2020-01-21 04:00:00,96.53288,87.5835,120.0,24.0,-268134.43155673996,-30705.940013849537,-0.0767739066452205,0.042496552383924996,0.0877507248180248,False,298.9657819188503
2020-01-21 05:00:00,96.47344,87.58483,120.0,24.0,-268018.57193059317,-30411.01029269647,-0.07849090813024633,0.039859747588144145,0.08803193816394896,False,296.92265826505707
2020-01-21 06:00:00,96.41284,87.58607,120.0,24.0,-267912.98590849614,-30112.052620103183,-0.07955648984904064,0.035981998975123206,0.08731517237769318,False,294.3364016803414
2020-01-21 07:00:00,96.35171,87.58715,120.0,24.0,-267825.1002824646,-29812.851671509714,-0.0799983911338573,0.0305535136038783,0.08563445438343141,False,290.9031868747169
2020-01-21 08:00:00,96.29038,87.58804,120.0,24.0,-267758.0733492264,-29515.262635394505,-0.08009384824748542,0.023884360491251,0.08357922710319385,False,286.60482685445743
2020-01-21 09:00:00,96.22906,87.58869,120.0,24.0,-267717.3531107585,-29220.805893210836,-0.0802150274471542,0.017215519059964556,0.08204160362189238,False,282.1129109732451
2020-01-21 10:00:00,96.16751,87.58915,120.0,24.0,-267697.51945572864,-28927.675042163864,-0.08059704619561217,0.012097546996465565,0.08149990490049258,False,278.5363206129832
2020-01-21 11:00:00,96.10558,87.58947,120.0,24.0,-267693.09965786035,-28634.50801120907,-0.08061101803835116,0.00915026793345023,0.08112868563235388,False,276.47600387503803
2020-01-21 12:00:00,96.04399,87.58974,120.0,24.0,-267693.7430360744,-28343.56071314947,-0.07979155721021472,0.008839694405135544,0.08027971598858054,False,276.32172475245716
2020-01-21 13:00:00,95.9833,87.59004,120.0,24.0,-267690.29781214986,-28056.50084691825,-0.07922730029679245,0.009460729687981041,0.07979016555031813,False,276.80958746075964
2020-01-21 14:00:00,95.92256,87.59035,120.0,24.0,-267685.4583637026,-27769.131260661892,-0.07983093242531411,0.009151128852620122,0.08035372381646244,False,276.53935005244057
2020-01-21 15:00:00,95.86093,87.59063,120.0,24.0,-267684.0698660581,-27477.987557736877,-0.08035661804029033,0.008219899912562098,0.08077594207092637,False,275.84062798505784
2020-01-21 16:00:00,95.79937,87.59088,120.0,24.0,-267685.6644414174,-27187.544514261703,-0.07947469509854677,0.006978321603042217,0.07978047463761079,False,275.01801948151467
2020-01-21 17:00:00,95.73908,87.59108,120.0,24.0,-267691.90306079196,-26903.621552357166,-0.07772772631375197,0.004496758862932954,0.0778576924791436,False,273.31102492893456
2020-01-21 18:00:00,95.68019,87.59117,120.0,24.0,-267709.4131461893,-26627.472409758768,-0.07597139817977348,0.00015423815554080258,0.07597155474780225,False,270.1163225032383
2020-01-21 19:00:00,95.62259,87.59109,120.0,24.0,-267744.93712151493,-26359.203394261924,-0.07442832779004802,-0.005273877152564584,0.07461494326100622,False,265.94688334378463
2020-01-21 20:00:00,95.56607,87.59083,120.0,24.0,-267799.7057542793,-26097.88697758479,-0.07307930440610964,-0.010546988729090802,0.07383646594828605,False,261.7876343454319
2020-01-21 21:00:00,95.51055,87.59041,120.0,24.0,-267871.5525681405,-25842.87881661982,-0.07151304770902749,-0.015355131546285778,0.07314298365145752,False,257.8815696420093
2020-01-21 22:00:00,95.45645,87.58984,120.0,24.0,-267959.1965348914,-25595.989276337517,-0.06952617626295252,-0.019542766282150993,0.07222055732065434,False,254.30012257297594
2020-01-21 23:00:00,95.404,87.58915,120.0,24.0,-268059.2234280317,-25357.93842676923,-0.06801901525358199,-0.02341950629286228,0.07193788786910855,False,251.00099321401433
2020-01-22 00:00:00,95.35224,87.58833,120.0,24.0,-268173.18988124025,-25124.30936035614,-0.06776755621893081,-0.026830986724014017,0.07288582526438295,False,248.40006349391567
2020-01-22 01:00:00,95.30021,87.58742,120.0,24.0,-268297.07726623554,-24890.159162628286,-0.06798163985491687,-0.02869224943117325,0.07378853931867932,False,247.1173954710068
2020-01-22 02:00:00,95.24816,87.58648,120.0,24.0,-268424.10501260293,-24656.017399186116,-0.06757557141971497,-0.028382470769301678,0.07329408229639868,False,247.21706757509656
2020-01-22 03:00:00,95.19679,87.58559,120.0,24.0,-268545.0783918344,-24424.34687416365,-0.06595329062280997,-0.02714237824309989,0.0713200199149463,False,247.63090302563643
2020-01-22 04:00:00,95.14726,87.58473,120.0,24.0,-268661.73846289515,-24200.806625391757,-0.06287083865505111,-0.02652253916319855,0.06823626189096871,False,247.12718263673506
2020-01-22 05:00:00,95.10064,87.58388,120.0,24.0,-268775.8822742199,-23990.634614016166,-0.05906636139700282,-0.026212268196651043,0.06462134363114487,False,246.06947259366794
2020-01-22 06:00:00,95.05696,87.58304,120.0,24.0,-268887.5289461589,-23793.991864696898,-0.055514149274299956,-0.025746690614640716,0.06119405892123259,False,245.11878527467942
2020-01-22 07:00:00,95.0158,87.58222,120.0,24.0,-268995.76902503596,-23608.828732949278,-0.052981291143557666,-0.02636647674661048,0.05917945849083086,False,243.54247382656442
2020-01-22 08:00:00,94.97602,87.58134,120.0,24.0,-269109.99229891313,-23430.585019232876,-0.05202572168345891,-0.029002467540765176,0.059563569739714765,False,240.86190636860982
2020-01-22 09:00:00,94.93635,87.58035,120.0,24.0,-269236.2908451582,-23253.767917429144,-0.05251894144566997,-0.03241407979800779,0.0617163817776555,False,238.31759792869477
2020-01-22 10:00:00,94.89585,87.57925,120.0,24.0,-269375.04630242515,-23073.93342189563,-0.05389916969001179,-0.03520554493227505,0.06437818642406078,False,236.84846824642835
2020-01-22 11:00:00,94.85411,87.57808,120.0,24.0,-269521.9660250854,-22888.74297366686,-0.05449528549153259,-0.037532691270173044,0.06616977448039071,False,235.44354027597083
2020-01-22 12:00:00,94.81274,87.57683,120.0,24.0,-269677.5140312319,-22705.841648514906,-0.053105855480277527,-0.04001482405070831,0.06649374429298795,False,233.00227673504637
2020-01-22 13:00:00,94.77316,87.5755,120.0,24.0,-269841.13692174625,-22531.900922606208,-0.051467668113355555,-0.0418754370749828,0.06635113481506824,False,230.867298922385
2020-01-22 14:00:00,94.73433,87.57413,120.0,24.0,-270008.8068292529,-22361.647971888382,-0.05140476847931891,-0.042340094126958175,0.06659680017157023,False,230.52305376128513
2020-01-22 15:00:00,94.69489,87.57277,120.0,24.0,-270175.49311741645,-22188.21026190848,-0.05222223453746211,-0.04218499417098063,0.06713222410505532,False,231.06880661939573
2020-01-22 16:00:00,94.65486,87.57141,120.0,24.0,-270342.29513768887,-22011.769825749536,-0.05283008611301072,-0.04234021045722505,0.0677031123381358,False,231.28987483859524
2020-01-22 17:00:00,94.61454,87.57004,120.0,24.0,-270510.2059413273,-21833.827805321787,-0.05328116272086052,-0.04296054073366695,0.06844333686353898,False,231.12080711060088
2020-01-22 18:00:00,94.57387,87.56864,120.0,24.0,-270681.4716817751,-21654.274018421995,-0.05391775585610446,-0.04420116488218534,0.06971992092293723,False,230.6554885136971
2020-01-22 19:00:00,94.53263,87.56719,120.0,24.0,-270858.39819317445,-21472.234773868055,-0.05501768322013121,-0.046527305952766315,0.07205369987816747,False,229.779496308787
2020-01-22 20:00:00,94.49034,87.56564,120.0,24.0,-271046.725264905,-21285.8593105952,-0.05647684965233141,-0.05024947132580834,0.07559526384089998,False,228.33936739256544
2020-01-22 21:00:00,94.44694,87.56395,120.0,24.0,-271250.9196059323,-21095.17498936531,-0.05671188458749038,-0.05304206940682663,0.0776511363756091,False,226.91507099713905
2020-01-22 22:00:00,94.40435,87.56222,120.0,24.0,-271459.1383389201,-20908.3741433017,-0.054685006822714176,-0.053352943759567256,0.07640017394621457,False,225.70639737304944
2020-01-22 23:00:00,94.36408,87.56051,120.0,24.0,-271664.16294794535,-20732.105678437125,-0.05313901087377955,-0.05226620886060898,0.07453530079971814,False,225.47442364747957
2020-01-23 00:00:00,94.32389,87.55885,120.0,24.0,-271863.4775777784,-20555.517977782572,-0.05472275447342986,-0.05071407347898775,0.0746089612981675,False,227.17732205108481
2020-01-23 01:00:00,94.28128,87.55724,120.0,24.0,-272057.9707300205,-20366.752916367834,-0.057800922448711024,-0.049318280051389954,0.07598183587640689,False,229.52773621308273
2020-01-23 02:00:00,94.23649,87.55567,120.0,24.0,-272248.64639231644,-20167.02124172188,-0.05981635224952234,-0.048388386154387224,0.07693784446593906,False,231.02890286606387
2020-01-23 03:00:00,94.19089,87.55412,120.0,24.0,-272437.23076704366,-19962.989155504136,-0.058925499806472284,-0.04714919266814572,0.07546695234803438,False,231.33497893194073
2020-01-23 04:00:00,94.1475,87.55263,120.0,24.0,-272618.21788684506,-19768.70072339921,-0.05451434790141304,-0.044823801317102605,0.07057610992135642,False,230.57163779666146
2020-01-23 05:00:00,94.10861,87.55123,120.0,24.0,-272787.50449512945,-19594.8550812716,-0.050131667354001534,-0.042651303456238014,0.06582034456160468,False,229.60934018804235
2020-01-23 06:00:00,94.07188,87.54988,120.0,24.0,-272950.3790219398,-19430.6824799299,-0.049198751341599546,-0.041409304964775476,0.06430589141935847,False,229.9135561416916
2020-01-23 07:00:00,94.03444,87.54856,120.0,24.0,-273110.0520961008,-19262.689031855625,-0.05036760751217266,-0.04156424624594672,0.06530300492698607,False,230.46994430763448
2020-01-23 08:00:00,93.99599,87.5472,120.0,24.0,-273274.4144127576,-19089.989310296507,-0.051424983211942686,-0.04327044884611262,0.06720759363117114,False,229.92178570591287
2020-01-23 09:00:00,93.957,87.54577,120.0,24.0,-273446.64410759625,-18915.039965320415,-0.05153453078756279,-0.045752340072733044,0.06891360160102845,False,228.40134132492278
2020-01-23 10:00:00,93.91843,87.54425,120.0,24.0,-273628.6512170061,-18742.557552607832,-0.05042925254589238,-0.048699453081104814,0.07010525117804031,False,225.9997119415306
2020-01-23 11:00:00,93.88115,87.54263,120.0,24.0,-273821.27274053736,-18576.759264416392,-0.04859171838999415,-0.0499402508891571,0.06967914863834411,False,224.21588498048942
2020-01-23 12:00:00,93.84539,87.54103,120.0,24.0,-274011.077404574,-18417.83777045773,-0.04678525929705962,-0.04792390296509245,0.0669743306267461,False,224.3111930039533
2020-01-23 13:00:00,93.81087,87.53954,120.0,24.0,-274188.13889296225,-18263.80446492974,-0.04606840959894273,-0.044976588943057956,0.0643831648486525,False,225.68706373835133
2020-01-23 14:00:00,93.77623,87.53813,120.0,24.0,-274356.23816185794,-18108.401507952924,-0.04736882118997646,-0.04311478210826479,0.064052241624873,False,227.69174890084835
2020-01-23 15:00:00,93.7398,87.53676,120.0,24.0,-274520.3532465073,-17943.93409254993,-0.05082301185614685,-0.04125292213867726,0.06545824714357856,False,230.9338409821843
2020-01-23 16:00:00,93.70002,87.53547,120.0,24.0,-274676.4943906044,-17762.628384353415,-0.056113435086121495,-0.037685062896609604,0.0675935023703151,False,236.11519738532587
2020-01-23 17:00:00,93.6557,87.53433,120.0,24.0,-274817.1924059072,-17558.26929812816,-0.06201337174621908,-0.03318731133237051,0.07033531054034275,False,241.8459229448094
2020-01-23 18:00:00,93.60712,87.53333,120.0,24.0,-274943.42574709334,-17332.276169028002,-0.06697342707790338,-0.02931048805515635,0.07310639263833707,False,246.36371942159093
2020-01-23 19:00:00,93.55541,87.53244,120.0,24.0,-275058.1477788094,-17090.293120694805,-0.06902855756336325,-0.02698599149991059,0.0741160272580216,False,248.6475071677447
2020-01-23 20:00:00,93.50379,87.53159,120.0,24.0,-275168.17212064256,-16848.276371801137,-0.06704754879589275,-0.026522361055938554,0.07210276995732678,False,248.41746719049485
2020-01-23 21:00:00,93.45508,87.53073,120.0,24.0,-275278.25441441766,-16620.12362987417,-0.0636552310156899,-0.027142243035272958,0.06920035977252338,False,246.90686483004205
2020-01-23 22:00:00,93.40857,87.52984,120.0,24.0,-275390.8620222544,-16402.569195988453,-0.06145122100688059,-0.02776198877788133,0.06743130270237771,False,245.68784284025858
2020-01-23 23:00:00,93.36319,87.52894,120.0,24.0,-275504.0932196048,-16190.341932318954,-0.05932531409621813,-0.027297180815483966,0.0653041267692032,False,245.291562706944
2020-01-24 00:00:00,93.31989,87.52808,120.0,24.0,-275612.1215448089,-15987.692600307479,-0.05575101837718631,-0.024661145926693114,0.06096185830920033,False,246.13806993827393
2020-01-24 01:00:00,93.27988,87.52735,120.0,24.0,-275704.6012209166,-15799.890872049476,-0.051336620478315984,-0.021404113598664246,0.055620002526781454,False,247.36696043110695
2020-01-24 02:00:00,93.2432,87.5267,120.0,24.0,-275787.1261699654,-15627.491530013442,-0.04709174471542697,-0.01907749317500061,0.05080928228370422,False,247.94647477105124
2020-01-24 03:00:00,93.20955,87.52612,120.0,24.0,-275860.92129065533,-15469.144281542607,-0.04341940393352495,-0.017060993513737695,0.04665106791509066,False,248.5484107151054
2020-01-24 04:00:00,93.17837,87.5256,120.0,24.0,-275927.2755716662,-15322.239691661802,-0.04059495409314891,-0.015044491193035728,0.04329303654263809,False,249.6652928001442
2020-01-24 05:00:00,93.14895,87.52515,120.0,24.0,-275985.280549088,-15183.315987631297,-0.03890789960000166,-0.013958487994027944,0.04133598962602966,False,250.26418759529108
2020-01-24 06:00:00,93.1203,87.5247,120.0,24.0,-276043.01338479924,-15048.046507282741,-0.038392898612581175,-0.015043868310220136,0.04123508988241911,False,248.60277384591825
2020-01-24 07:00:00,93.09166,87.52418,120.0,24.0,-276108.4825571411,-14913.19285062624,-0.03797195891685592,-0.0173704427800832,0.04175645993567388,False,245.4180619621333
2020-01-24 08:00:00,93.06365,87.52358,120.0,24.0,-276182.6438485333,-14781.791632216205,-0.03653252134927613,-0.01923181620158369,0.04128544380949311,False,242.23633412141362
2020-01-24 09:00:00,93.03717,87.52294,120.0,24.0,-276260.81167093583,-14657.935152799786,-0.03406749861640926,-0.021093064349361777,0.04006883858593063,False,238.23606946423905
2020-01-24 10:00:00,93.01285,87.52222,120.0,24.0,-276347.2967735534,-14544.896829988022,-0.030991569482270147,-0.023729631769736956,0.03903297071581521,False,232.55943379808136
2020-01-24 11:00:00,92.99097,87.52141,120.0,24.0,-276443.1570456966,-14444.08432066255,-0.02838479736784374,-0.026520973242608194,0.03884660530018921,False,226.9442085001627
2020-01-24 12:00:00,92.97055,87.52051,120.0,24.0,-276548.6514240822,-14350.76823867387,-0.02722050489253007,-0.02900213610871249,0.039775366566161756,False,223.18496962992018
2020-01-24 13:00:00,92.95042,87.51954,120.0,24.0,-276661.84844065056,-14259.181400588326,-0.02723796706837938,-0.03101817627178532,0.04127994802862118,False,221.28731337079117
2020-01-24 14:00:00,92.92999,87.51851,120.0,24.0,-276781.780562294,-14166.410073300245,-0.027820175520129255,-0.03225883720642476,0.04259806033003631,False,220.77464132586
2020-01-24 15:00:00,92.90901,87.51746,120.0,24.0,-276904.04718048376,-14071.010303057321,-0.028120703649236252,-0.032724266772541234,0.04314686094640739,False,220.67321425280753
2020-01-24 16:00:00,92.88815,87.5164,120.0,24.0,-277027.36697084847,-13976.15935616287,-0.027641449268110057,-0.03225910420844625,0.042481755165869696,False,220.59186189624822
2020-01-24 17:00:00,92.8679,87.51538,120.0,24.0,-277146.0455259199,-13883.947682458616,-0.027551972992383576,-0.030397746595890937,0.041026018742756805,False,222.18859834897066
2020-01-24 18:00:00,92.84719,87.51444,120.0,24.0,-277255.8819651156,-13788.98410394538,-0.02859190454273426,-0.027450853829744288,0.039636427454587966,False,226.1664015167911
2020-01-24 19:00:00,92.82541,87.51361,120.0,24.0,-277353.6733355766,-13688.15764934406,-0.028204136537351463,-0.02528024983231066,0.03787564322096203,False,228.12913335037814
2020-01-24 20:00:00,92.80529,87.51281,120.0,24.0,-277447.68836119334,-13595.133330677256,-0.024112115084061803,-0.025125678592358727,0.03482375365398673,False,223.82072882763433
2020-01-24 21:00:00,92.7896,87.51199,120.0,24.0,-277542.85811194044,-13523.612312290768,-0.018576361490947144,-0.024660085890855537,0.03087395411000535,False,216.99059440109477
2020-01-24 22:00:00,92.77771,87.51122,120.0,24.0,-277631.53997604764,-13470.183237628895,-0.014465493819288,-0.022178302279676407,0.0264788142378876,False,213.11384973437202
2020-01-24 23:00:00,92.76813,87.51056,120.0,24.0,-277707.4015794664,-13427.32159489239,-0.012508620166207858,-0.019696617738695608,0.023332859421998847,False,212.41817564081146
2020-01-25 00:00:00,92.75915,87.50995,120.0,24.0,-277777.5396213449,-13387.075132738804,-0.012417661882257474,-0.01923122695729753,0.022891885394286715,False,212.85045402138692
2020-01-25 01:00:00,92.74971,87.50932,120.0,24.0,-277850.0097429985,-13344.68344857748,-0.011975467031438468,-0.019696664168169703,0.023051472620523185,False,211.29937879519798
2020-01-25 02:00:00,92.74139,87.50868,120.0,24.0,-277923.32872025133,-13307.754393607502,-0.009394904580413352,-0.018921312444226002,0.021125347256011996,False,206.40554741488955
2020-01-25 03:00:00,92.73578,87.5081,120.0,24.0,-277989.3225312759,-13283.633324886896,-0.006638079229969247,-0.016594804784883573,0.01787321016806281,False,201.80187772150384
2020-01-25 04:00:00,92.73155,87.50761,120.0,24.0,-278044.9563626013,-13265.717627286553,-0.005782659255821112,-0.01380308196855792,0.014965434170102194,False,202.73074581839006
2020-01-25 05:00:00,92.72721,87.50721,120.0,24.0,-278090.5759865281,-13246.78169047149,-0.005493433893268782,-0.012562385278276592,0.01371099339287911,False,203.6193867366227
2020-01-25 06:00:00,92.72341,87.5068,120.0,24.0,-278137.18504421355,-13230.513347087754,-0.004319840106904167,-0.014113311894595713,0.014759627067895539,False,197.01844140530403
2020-01-25 07:00:00,92.72081,87.5063,120.0,24.0,-278193.554900253,-13220.542204672656,-0.003699679074277501,-0.015043801323678777,0.015492049041975247,False,193.81640324634157
2020-01-25 08:00:00,92.71793,87.50583,120.0,24.0,-278246.6427808796,-13209.04733549822,-0.004807747179500735,-0.011941935737160682,0.012873393573276345,False,201.92940142197654
2020-01-25 09:00:00,92.71369,87.50553,120.0,24.0,-278281.0815621527,-13190.042545599646,-0.0048487537062712,-0.009150412410226369,0.010355696972261377,False,207.91887283319204
2020-01-25 10:00:00,92.71075,87.50524,120.0,24.0,-278314.1047352181,-13177.294695420644,-0.0010194691471336207,-0.01116657593716772,0.011213016342737154,False,185.21644232357409
2020-01-25 11:00:00,92.71218,87.50481,120.0,24.0,-278361.7380889465,-13186.512977068975,0.005506286654379402,-0.014578279053846586,0.015583498095486098,False,159.30820612090037
2020-01-25 12:00:00,92.7189,87.5043,120.0,24.0,-278417.07480210066,-13221.862301711813,0.012696374160847424,-0.01550848352099335,0.020042728805059366,False,140.69374515399335
2020-01-25 13:00:00,92.73097,87.50381,120.0,24.0,-278468.93716655194,-13283.120714117482,0.019084695798529425,-0.014112575005215037,0.02373584603506323,False,126.48184342422155
2020-01-25 14:00:00,92.74714,87.50339,120.0,24.0,-278512.02286071883,-13363.957424171142,0.02364979514888514,-0.01132107638652257,0.026219831828860195,False,115.58027953413415
2020-01-25 15:00:00,92.76596,87.50308,120.0,24.0,-278542.194086568,-13457.110268849165,0.02656604897395118,-0.007909241775354289,0.027718424622394794,False,106.5793164954714
2020-01-25 16:00:00,92.78644,87.50288,120.0,24.0,-278559.6727958191,-13557.758170349362,0.028555410929253257,-0.003876948806710268,0.028817394493402218,False,97.73173334108327
2020-01-25 17:00:00,92.8082,87.50283,120.0,24.0,-278560.0802531962,-13663.823137358802,0.03135419320869752,0.0020169617428877204,0.03141900008658147,False,86.31933171646261
2020-01-25 18:00:00,92.83282,87.50301,120.0,24.0,-278534.10799549735,-13782.525787831928,0.03560309653155302,0.010237052675246211,0.03704561688122966,False,73.95832885011725
2020-01-25 19:00:00,92.86087,87.50349,120.0,24.0,-278473.7946222704,-13916.209451220479,0.03648994262580448,0.01752457993532991,0.04047995571569058,False,64.3469899952259
2020-01-25 20:00:00,92.88681,87.50414,120.0,24.0,-278394.97531862813,-14038.628330387732,0.030624251914924686,0.01984986251064104,0.036494682448818774,False,57.04971729617273
2020-01-25 21:00:00,92.90619,87.50477,120.0,24.0,-278319.95220394555,-14129.226418794717,0.025812862329193567,0.0178353145679002,0.031375186172544915,False,55.35759014089035
2020-01-25 22:00:00,92.92502,87.50529,120.0,24.0,-278257.3033263067,-14217.731200671498,0.029589188016478602,0.01380466765060322,0.032651016774644735,False,64.9888630591451
2020-01-25 23:00:00,92.95,87.50566,120.0,24.0,-278209.8167496495,-14336.919052504516,0.03695822827717142,0.011788438503166835,0.03879275602133032,False,72.30905676229867
2020-01-26 00:00:00,92.97975,87.50605,120.0,24.0,-278158.84438959375,-14479.109679395713,0.0418533013326897,0.014579444662080913,0.04431996208368871,False,70.79440465144819
2020-01-26 01:00:00,93.01199,87.5066,120.0,24.0,-278089.3219177998,-14632.39863569843,0.04683919013641747,0.018767995116465725,0.05045936358424617,False,68.1645174926391
2020-01-26 02:00:00,93.04914,87.50726,120.0,24.0,-278006.18113076314,-14808.785594858911,0.05511424872281137,0.020940805401544162,0.05895844081338359,False,69.19557916345929
2020-01-26 03:00:00,93.09366,87.50795,120.0,24.0,-277917.65361974965,-15020.639414660667,0.06364565086918386,0.02388693163919721,0.06798054411151565,False,69.42831944420345
2020-01-26 04:00:00,93.14348,87.5088,120.0,24.0,-277809.71495486435,-15257.084660960498,0.06887619299426247,0.03101966683237155,0.0755390607022236,False,65.75469972073284
2020-01-26 05:00:00,93.19579,87.50995,120.0,24.0,-277667.454151668,-15503.554548191642,0.07140660076193156,0.03985917308032854,0.08177809187686805,False,60.82973995429978
2020-01-26 06:00:00,93.24941,87.51137,120.0,24.0,-277494.5135574501,-15754.413709208688,0.07382591866979772,0.046683874853745665,0.08734787025909546,False,57.69275533205456
2020-01-26 07:00:00,93.30537,87.51296,120.0,24.0,-277301.7412599534,-16015.194225680725,0.08259860959235146,0.04886140555016398,0.09596857432997163,False,59.393461312548595
2020-01-26 08:00:00,93.37209,87.51452,120.0,24.0,-277109.0071415093,-16327.850284578011,0.10135516023409408,0.045611944981672634,0.11114548137954154,False,65.77125672241539
2020-01-26 09:00:00,93.456,87.5159,120.0,24.0,-276930.9794679648,-16724.371002185067,0.11827923864237701,0.04343378582632422,0.12600187318062925,False,69.83606085335362
2020-01-26 10:00:00,93.54797,87.51732,120.0,24.0,-276745.5158134338,-17159.060465716397,0.12230961213329333,0.048386295976803634,0.13153279005081395,False,68.41600005813075
2020-01-26 11:00:00,93.63798,87.51902,120.0,24.0,-276528.76884070126,-17581.75304304176,0.12108752546971513,0.05428213935216589,0.1326979256696459,False,65.85385739249477
2020-01-26 12:00:00,93.72825,87.52082,120.0,24.0,-276300.15254655515,-18004.33474960551,0.12440489905851473,0.054597283867102435,0.13585816985159269,False,66.30488452326176
2020-01-26 13:00:00,93.82333,87.52254,120.0,24.0,-276078.2570397086,-18450.011602917763,0.1317229794632095,0.05211777593537394,0.14165876565576502,False,68.4131775503509
2020-01-26 14:00:00,93.92464,87.52418,120.0,24.0,-275862.499860806,-18925.607825215873,0.14019977935946437,0.05087790676854658,0.1491460342402419,False,70.05437965462727
2020-01-26 15:00:00,94.0325,87.52582,120.0,24.0,-275643.7048133226,-19432.01022397431,0.1482488649294687,0.05273825213727501,0.1573500848152636,False,70.41742394562152
2020-01-26 16:00:00,94.14597,87.52758,120.0,24.0,-275408.6630367223,-19963.654667697596,0.15484778144068062,0.0578549731707616,0.16530285338641418,False,69.51306434001589
2020-01-26 17:00:00,94.26385,87.52955,120.0,24.0,-275147.63410032284,-20513.880630229054,0.15995657847446398,0.06033523308838325,0.17095744309355732,False,69.33364634117157
2020-01-26 18:00:00,94.38513,87.53147,120.0,24.0,-274889.8242715133,-21079.85597852513,0.1632475915172759,0.05599037012117026,0.17258243735240558,False,71.06914775068361
2020-01-26 19:00:00,94.50811,87.53316,120.0,24.0,-274655.81348455185,-21654.999033272,0.16223490309497945,0.05272674847902535,0.17058802357553643,False,71.99570903515877
2020-01-26 20:00:00,94.62805,87.53487,120.0,24.0,-274419.55396728514,-22214.494261900214,0.15542764972308298,0.05814981421794869,0.1659492548703468,False,69.48777652208832
2020-01-26 21:00:00,94.74101,87.53691,120.0,24.0,-274148.2049008797,-22736.647465497947,0.14760933801174983,0.06528765160677688,0.16140320356360616,False,66.14017998909969
2020-01-26 22:00:00,94.84941,87.53908,120.0,24.0,-273863.24991113064,-23234.792910491735,0.14298037248089654,0.06606627305126926,0.15750599782122832,False,65.19997825371274
2020-01-26 23:00:00,94.95561,87.54117,120.0,24.0,-273587.2029952845,-23722.208628391953,0.13696947271006513,0.06388982347605347,0.15113750692093128,False,64.99315955030562
2020-01-27 00:00:00,95.05516,87.5432,120.0,24.0,-273319.77261752496,-24177.549515287265,0.12535010389179266,0.06295561491011278,0.14027137268307324,False,63.33244757521686
2020-01-27 01:00:00,95.14406,87.54523,120.0,24.0,-273056.16027816484,-24581.278170992267,0.11437464322197995,0.06063522621860278,0.12945342664733267,False,62.069893027200976
2020-01-27 02:00:00,95.22725,87.54711,120.0,24.0,-272811.122368144,-24958.586951224654,0.11070645720596795,0.05459267517317697,0.123435326587087,False,63.75071098206314
2020-01-27 03:00:00,95.31076,87.54875,120.0,24.0,-272592.1081794277,-25339.23885405179,0.11196950732084943,0.04916582456290156,0.12228838405434822,False,66.29371612119098
2020-01-27 04:00:00,95.39597,87.55028,120.0,24.0,-272384.02989711467,-25728.54191799256,0.11375299613317001,0.04838980942695532,0.12361762732575822,False,66.95540377602481
2020-01-27 05:00:00,95.48228,87.55187,120.0,24.0,-272168.22610029037,-26121.867435816042,0.11248535250658628,0.047455324186029005,0.12208588092868104,False,67.12609002730517
2020-01-27 06:00:00,95.56568,87.55334,120.0,24.0,-271966.5388474118,-26502.08860061574,0.104998508392339,0.04047144821115332,0.11252832925501093,False,68.92095082695079
2020-01-27 07:00:00,95.64078,87.55448,120.0,24.0,-271804.88446478336,-26846.031319161215,0.08887921617992031,0.03209170687974423,0.09449546401395377,False,70.14681907176384
2020-01-27 08:00:00,95.69991,87.55541,120.0,24.0,-271673.69788494904,-27116.209019807167,0.06405801865257896,0.027439333477035473,0.06968749367969918,False,66.81206724937874
2020-01-27 09:00:00,95.73756,87.55625,120.0,24.0,-271562.49076130183,-27285.34704770627,0.03929051468559382,0.023258398488489387,0.0456584892928821,False,59.37618013002759
2020-01-27 10:00:00,95.75929,87.55691,120.0,24.0,-271478.7950924682,-27380.94214462248,0.023370516944116734,0.016127952735845854,0.02839527991911552,False,55.390511166818726
2020-01-27 11:00:00,95.77289,87.55729,120.0,24.0,-271430.0700889508,-27441.112701026403,0.016170148903951683,0.008529695505644358,0.018281942484183113,False,62.188514019833576
2020-01-27 12:00:00,95.78374,87.55746,120.0,24.0,-271405.9820704499,-27490.599415284043,0.015163357749332756,0.0032571038985664763,0.015509227706120853,False,77.87702021030088
2020-01-27 13:00:00,95.79582,87.5575,120.0,24.0,-271395.7362074557,-27547.369833909466,0.017186484525040402,2.7446407688150147e-07,0.017186484527231965,False,89.99908500000629
2020-01-27 14:00:00,95.80973,87.55746,120.0,24.0,-271393.4841079358,-27613.709341423164,0.01962677262674845,-0.0018607906357660587,0.019714784947653802,False,95.41595497313853
2020-01-27 15:00:00,95.8255,87.55738,120.0,24.0,-271394.76066391205,-27689.3129332246,0.022781763869443708,-0.002791085236007709,0.022952100596628427,False,96.98472827893875
2020-01-27 16:00:00,95.84418,87.55728,120.0,24.0,-271396.82737938664,-27778.930643445638,0.026895923545529728,-0.0027908867519400578,0.027040335653041273,False,95.924161195257
2020-01-27 17:00:00,95.86617,87.5572,120.0,24.0,-271395.03243902896,-27884.00316023624,0.028979825316085256,-0.0018611495172128,0.029039527421709833,False,93.67461730077781
2020-01-27 18:00:00,95.888,87.55716,120.0,24.0,-271388.83188315656,-27987.862309128795,0.02614961163020172,-0.00031112502715346414,0.026151462429334662,False,90.68166633317077
2020-01-27 19:00:00,95.90571,87.55718,120.0,24.0,-271377.9464540179,-28071.516873367524,0.019278040673538662,0.002170239187686185,0.01939981418319206,False,83.57692944755019
2020-01-27 20:00:00,95.91715,87.5573,120.0,24.0,-271359.0075353702,-28124.31976378213,0.010045491877193792,0.006047930879928288,0.011725586338565616,False,58.94977871435924
2020-01-27 21:00:00,95.9209,87.55757,120.0,24.0,-271327.17709397635,-28138.969977670436,-0.00040924720945192863,0.010081037976722659,0.010089341404004954,False,357.6753118379044
2020-01-27 22:00:00,95.91653,87.55795,120.0,24.0,-271287.11523181095,-28113.901527961494,-0.010868093725077407,0.013028496560233756,0.016966354465149245,False,320.16585719540006
2020-01-27 23:00:00,95.90446,87.55841,120.0,24.0,-271241.9376074408,-28051.46714145771,-0.01921479379842447,0.015354980800722718,0.024596417139626958,False,308.62915066478115
2020-01-28 00:00:00,95.88746,87.55894,120.0,24.0,-271191.37759092014,-27964.916089087677,-0.02340769544454371,0.017060462814209476,0.028965144526819413,False,306.08605933972126
2020-01-28 01:00:00,95.86904,87.55951,120.0,24.0,-271137.0376864643,-27871.220896250135,-0.0226433330841099,0.017214759312359183,0.028444128943253003,False,307.24417758899347
2020-01-28 02:00:00,95.85319,87.56005,120.0,24.0,-271084.7518653038,-27790.06454007803,-0.017235500972844417,0.01473294514622668,0.02267426220335835,False,310.5238967474331
2020-01-28 03:00:00,95.84295,87.56046,120.0,24.0,-271044.1687689389,-27736.954529399416,-0.010865180547439929,0.011321372639292556,0.015691578211454355,False,316.1779296535249
2020-01-28 04:00:00,95.83674,87.56078,120.0,24.0,-271011.6253764795,-27703.943386324758,-0.007356733884238715,0.009305470365086941,0.01186226420878482,False,321.6707513847789
2020-01-28 05:00:00,95.83181,87.56106,120.0,24.0,-270982.9033160592,-27677.44719887815,-0.007573484077843689,0.008840381872558081,0.011640876802458027,False,319.41360148872053
2020-01-28 06:00:00,95.82527,87.56135,120.0,24.0,-270953.84468020947,-27643.229053597872,-0.011236550007830142,0.009461032515219963,0.01468915219924271,False,310.0969531576975
2020-01-28 07:00:00,95.81479,87.56167,120.0,24.0,-270923.3469200986,-27590.048032344945,-0.01639702716770298,0.01132231273842159,0.019926295834525126,False,304.62547038374765
2020-01-28 08:00:00,95.80043,87.56208,120.0,24.0,-270884.70436877763,-27517.518807443394,-0.0211197317822159,0.014734399650823711,0.025751613612023116,False,304.901953777186
2020-01-28 09:00:00,95.78279,87.56262,120.0,24.0,-270833.1703817738,-27428.042908884083,-0.025258896764215836,0.018766865188934286,0.03146755622486352,False,306.61162530656947
2020-01-28 10:00:00,95.76215,87.56329,120.0,24.0,-270768.5947301568,-27322.965761689902,-0.0289263364391928,0.02279926277624996,0.03683122755127597,False,308.2445976136554
2020-01-28 11:00:00,95.73894,87.56409,120.0,24.0,-270690.7551945716,-27204.3446456922,-0.03150844800334204,0.027451770495655625,0.041789735568982224,False,311.0640449870489
2020-01-28 12:00:00,95.71437,87.56506,120.0,24.0,-270594.6178244795,-27077.477515300732,-0.03211612015494587,0.032414249319215445,0.045630348812332994,False,315.26470360347116
2020-01-28 13:00:00,95.69022,87.56618,120.0,24.0,-270481.5563797294,-26951.019934355925,-0.0294674881728441,0.03520512238736992,0.04591005882730278,False,320.06990165315034
2020-01-28 14:00:00,95.66965,87.56733,120.0,24.0,-270363.426177469,-26841.224838973616,-0.023474791977241907,0.03365399742520604,0.04103239453249781,False,325.1029338473347
2020-01-28 15:00:00,95.65458,87.56835,120.0,24.0,-270257.1307482624,-26758.889937707492,-0.019217003663009036,0.030708209747136436,0.03622550725191061,False,327.9619275755817
2020-01-28 16:00:00,95.64046,87.56931,120.0,24.0,-270157.03591330606,-26681.750588974242,-0.02131375616076529,0.029468404362740792,0.03636843490400104,False,324.1227297920907
2020-01-28 17:00:00,95.62219,87.57025,120.0,24.0,-270061.06834894087,-26585.320388344222,-0.02719975522988122,0.027917850554171637,0.038977340393240176,False,315.74643125562955
2020-01-28 18:00:00,95.59911,87.57111,120.0,24.0,-269976.18027987314,-26467.161954838826,-0.03339843732789273,0.024350926458640832,0.04133307677078144,False,306.0959309956137
2020-01-28 19:00:00,95.5714,87.57182,120.0,24.0,-269910.0400970961,-26328.89276178127,-0.040158070885273116,0.022955731162202585,0.04625620229134618,False,299.753766833864
2020-01-28 20:00:00,95.53802,87.57259,120.0,24.0,-269839.7510996973,-26163.343222667456,-0.04800270796973562,0.027919353912945116,0.055531525238768684,False,300.18315580529054
2020-01-28 21:00:00,95.49835,87.57362,120.0,24.0,-269743.31347298605,-25965.48686182436,-0.05482792228675699,0.03489787953899805,0.06499202303822434,False,302.4766838458272
2020-01-28 22:00:00,95.45455,87.57484,120.0,24.0,-269627.46729958494,-25746.323039501545,-0.05821051473476101,0.03846358619945276,0.06977041987123599,False,303.45541120627234
2020-01-28 23:00:00,95.40969,87.5761,120.0,24.0,-269507.4691641395,-25521.944311920874,-0.05702191985818806,0.037220905253706214,0.06809475113559779,False,303.13438577833426
2020-01-29 00:00:00,95.36766,87.57724,120.0,24.0,-269399.37643232866,-25312.328569573056,-0.051297295605084,0.031171072657903615,0.060025397183522886,False,301.28517891126637
2020-01-29 01:00:00,95.33149,87.57811,120.0,24.0,-269318.5720545235,-25133.22859804289,-0.04445189205180801,0.023262192598743,0.05017071169005484,False,297.6235860676843
2020-01-29 02:00:00,95.29987,87.57874,120.0,24.0,-269262.35192198784,-24978.09696766605,-0.03993581595249216,0.016439057513432734,0.04318694256046932,False,292.3738761104257
2020-01-29 03:00:00,95.27057,87.57917,120.0,24.0,-269227.27623833437,-24835.987146649197,-0.037902816852218656,0.011011354843977935,0.03946990576164107,False,286.19939863503623
2020-01-29 04:00:00,95.24204,87.57945,120.0,24.0,-269208.4737492744,-24699.06775286116,-0.037340862484444945,0.007289349730578902,0.03804569135364632,False,281.0458589695537
2020-01-29 05:00:00,95.21359,87.57964,120.0,24.0,-269199.575825333,-24563.46233682693,-0.035693407237056884,0.004186757049680094,0.03593811701777697,False,276.69009640865136
2020-01-29 06:00:00,95.18757,87.57972,120.0,24.0,-269201.8064116233,-24440.39922339416,-0.03101997744258999,0.0012394726475125246,0.03104473051876475,False,272.28816391831083
2020-01-29 07:00:00,95.16625,87.57972,120.0,24.0,-269210.882149482,-24340.226411800373,-0.025456126166971616,0.0007746236894995129,0.025467909244559335,False,271.74295870579647
2020-01-29 08:00:00,95.14872,87.57977,120.0,24.0,-269212.7557680327,-24257.35747362912,-0.021386090759266976,0.004497249110214147,0.021853835533446442,False,281.8756102779953
2020-01-29 09:00:00,95.13361,87.58001,120.0,24.0,-269192.4509465177,-24183.962010966152,-0.018246161090308393,0.009460304020610353,0.0205528525196835,False,297.405921277312
2020-01-29 10:00:00,95.12087,87.58038,120.0,24.0,-269156.6698124052,-24120.41732155507,-0.014641023211133405,0.011941772578388245,0.018893530453117875,False,309.20198679599014
2020-01-29 11:00:00,95.11126,87.58078,120.0,24.0,-269116.22243575973,-24071.293003231745,-0.008921136203825083,0.012872296601606069,0.015661503470833116,False,325.27613236274703
2020-01-29 12:00:00,95.10725,87.58121,120.0,24.0,-269070.0802615728,-24048.18364252397,0.0004246143050418658,0.01364823179832777,0.013654835353417173,False,1.7819717005666007
2020-01-29 13:00:00,95.11191,87.58166,120.0,24.0,-269018.07315162633,-24065.590303604236,0.014173650202405495,0.012564073296214808,0.01894065199122795,False,48.444975578400204
2020-01-29 14:00:00,95.1289,87.58202,120.0,24.0,-268970.8859209428,-24141.767800091773,0.031795673511340626,0.007603614383193542,0.032692197933575466,False,76.55087162685152
2020-01-29 15:00:00,95.16048,87.58215,120.0,24.0,-268943.08084455127,-24288.708431528667,0.04823850588555306,0.0010900849153851018,0.04825082108309959,False,88.70546080212921
2020-01-29 16:00:00,95.20259,87.58209,120.0,24.0,-268931.8294497143,-24486.971304719977,0.05881117398726756,-0.0034091650999074925,0.05890990232922716,False,93.3176080253146
2020-01-29 17:00:00,95.25032,87.58193,120.0,24.0,-268929.12914799043,-24712.630208175156,0.06499832689232628,-0.002789504146159034,0.06505815730700604,False,92.45742938019424
2020-01-29 18:00:00,95.30188,87.58191,120.0,24.0,-268909.0053556205,-24954.833645360013,0.0699773498850248,0.004810195571288582,0.07014247984185636,False,86.06771266677839
2020-01-29 19:00:00,95.35722,87.58224,120.0,24.0,-268848.0877396485,-25211.111305321683,0.07740156222501175,0.016289898903482626,0.07909717214387661,False,78.11500438431284
2020-01-29 20:00:00,95.42014,87.58296,120.0,24.0,-268740.1989308727,-25498.74009897267,0.08899932671561663,0.027149203750329923,0.09304815645734202,False,73.0356972449315
2020-01-29 21:00:00,95.49324,87.58399,120.0,24.0,-268592.9590796077,-25830.57719071352,0.09807850896729157,0.03303804659045589,0.10349350918661629,False,71.38374391319962
2020-01-29 22:00:00,95.57009,87.58509,120.0,24.0,-268435.8174236318,-26178.891029350823,0.09852526263532096,0.03086095079401916,0.1032454631510259,False,72.60794061265062
2020-01-29 23:00:00,95.64393,87.58598,120.0,24.0,-268302.9544284824,-26515.042161771886,0.0952588963336405,0.02512349345297757,0.09851622837880607,False,75.22529898695387
2020-01-30 00:00:00,95.71584,87.58671,120.0,24.0,-268188.35322766483,-26843.640498971534,0.09456208286080332,0.020938335832710316,0.09685247246413896,False,77.51476994757735
2020-01-30 01:00:00,95.78866,87.58733,120.0,24.0,-268085.1391111362,-27177.489516108413,0.09711784729267844,0.017373018600032916,0.09865950556353452,False,79.85786530002036
2020-01-30 02:00:00,95.86452,87.58783,120.0,24.0,-267993.3795687468,-27526.707244334062,0.10157863824237333,0.01303121804343606,0.10241109505747178,False,82.68962586158364
2020-01-30 03:00:00,95.9442,87.58817,120.0,24.0,-267917.0769158552,-27895.44125380397,0.10410026297188932,0.006669063749493071,0.10431366718753259,False,86.33442096279953
2020-01-30 04:00:00,96.02394,87.58826,120.0,24.0,-267868.00010906474,-28267.226465511805,0.101526312112297,-0.0031054088524449424,0.10157379393950187,False,91.75197306146327
2020-01-30 05:00:00,96.09968,87.58797,120.0,24.0,-267862.5994421095,-28624.74071160549,0.09601735976686711,-0.018304740454724848,0.09774659533566799,False,100.79334940202722
2020-01-30 06:00:00,96.17096,87.58708,120.0,24.0,-267925.58892395964,-28968.641794457657,0.09086965488558117,-0.04094737254774232,0.09966936087679217,False,114.25711656504183
2020-01-30 07:00:00,96.23876,87.58533,120.0,24.0,-268085.382061463,-29306.903086226786,0.08845910590280277,-0.07366950610201768,0.1151182415885445,False,129.78782397964767
2020-01-30 08:00:00,96.30624,87.58233,120.0,24.0,-268383.6543316892,-29659.41717410646,0.08842159945269754,-0.11492390454670733,0.14500304509228065,False,142.4255838391
2020-01-30 09:00:00,96.37381,87.57792,120.0,24.0,-268837.8975845836,-30030.57577926042,0.08018945512428749,-0.14564129284682578,0.16625803708460227,False,151.16301291760874
2020-01-30 10:00:00,96.42854,87.57294,120.0,24.0,-269361.6940122567,-30349.62433156273,0.055711258834436825,-0.14983169848311184,0.15985394030567954,False,159.60357794148615
2020-01-30 11:00:00,96.45865,87.56826,120.0,24.0,-269864.99159486615,-30549.960073314272,0.027752042898958277,-0.14098369612573253,0.14368917307277715,False,168.86394612228185
2020-01-30 12:00:00,96.47073,87.56385,120.0,24.0,-270347.8578111453,-30662.353589934617,0.010324820935363885,-0.1353966393029577,0.13578973400770236,False,175.639286212113
2020-01-30 13:00:00,96.47432,87.55953,120.0,24.0,-270825.2594868358,-30733.687197528852,0.000984472216828564,-0.13275923405224035,0.13276288416452559,False,179.57513261054874
2020-01-30 14:00:00,96.47223,87.55529,120.0,24.0,-271296.8290012937,-30777.178066114662,-0.0056967372387400055,-0.12857135926047009,0.1286975028400012,False,182.53700092077207
2020-01-30 15:00:00,96.46572,87.55124,120.0,24.0,-271749.6967828707,-30797.28007825351,-0.010171629123856493,-0.12128193278021776,0.12170772061762782,False,184.79404256722114
2020-01-30 16:00:00,96.45689,87.54747,120.0,24.0,-272172.7516406814,-30802.74148019784,-0.011831238156421816,-0.11058067401479432,0.11121179641512936,False,186.10695327644663
2020-01-30 17:00:00,96.4479,87.54411,120.0,24.0,-272550.4067827282,-30802.170513819496,-0.01098166190757912,-0.09708774970502407,0.09770684746238503,False,186.45333677116645
2020-01-30 18:00:00,96.44037,87.54121,120.0,24.0,-272876.24093924346,-30802.674726409372,-0.008491414305997301,-0.08173362239298956,0.08217353069204159,False,185.93125602338375
2020-01-30 19:00:00,96.43514,87.53884,120.0,24.0,-273142.0328467483,-30807.427672867565,-0.0066687685879845745,-0.06467333420107309,0.06501624897795766,False,185.8872278347941
2020-01-30 20:00:00,96.43036,87.53704,120.0,24.0,-273344.33652774774,-30807.15120073226,-0.007261062434491653,-0.04606218329347561,0.04663097422785985,False,188.95816709323088
2020-01-30 21:00:00,96.42425,87.53587,120.0,24.0,-273477.44916118786,-30792.6199804937,-0.008137866210399398,-0.027296153332679072,0.028483413651096794,False,196.60102069079898
2020-01-30 22:00:00,96.41816,87.53528,120.0,24.0,-273546.19063937024,-30770.916394095664,-0.006765280013571757,-0.01008108439707621,0.01214072799641796,False,213.86502999557825
2020-01-30 23:00:00,96.41411,87.53522,120.0,24.0,-273555.0230483814,-30752.328953847576,-0.0029359866956830518,0.0051179329665056485,0.0059002759026060125,False,330.15855079386756
2020-01-31 00:00:00,96.41376,87.53561,120.0,24.0,-273511.9337080463,-30745.79306165058,0.0027078966844917185,0.01706020616953249,0.017273776049284522,False,9.01908476809956
2020-01-31 01:00:00,96.41817,87.53632,120.0,24.0,-273430.7804171444,-30757.982349032685,0.00839656907155203,0.023264043038163238,0.024732934938151912,False,19.845768200055318
2020-01-31 02:00:00,96.42635,87.53711,120.0,24.0,-273338.72446853475,-30787.145499675313,0.012335222696114041,0.02326400034351745,0.026331946964588602,False,27.933784166967712
2020-01-31 03:00:00,96.43667,87.53782,120.0,24.0,-273254.39155075647,-30827.4902104198,0.013624218989369566,0.027141046131516966,0.030368663589025947,False,26.655662702821814
2020-01-31 04:00:00,96.44679,87.53886,120.0,24.0,-273133.5438992606,-30862.714481019208,0.011459892592718474,0.04404578656190416,0.04551220113434924,False,14.583948896709785
2020-01-31 05:00:00,96.45387,87.54066,120.0,24.0,-272930.0028413281,-30873.872222363236,0.0046110376019555446,0.06730960463485335,0.06746735909954472,False,3.918918793975706
2020-01-31 06:00:00,96.45371,87.5432,120.0,24.0,-272648.25427010615,-30841.229672683647,-0.00713461692724123,0.08824799890770273,0.08853593660154264,False,355.3778411162931
2020-01-31 07:00:00,96.44313,87.54635,120.0,24.0,-272304.41762049065,-30751.410876731126,-0.019446495266510995,0.10794548033289357,0.10968314775957858,False,349.78764170599226
2020-01-31 08:00:00,96.42442,87.55016,120.0,24.0,-271891.6678980195,-30614.88341219824,-0.028171907512406905,0.1285726903303945,0.1316229200089526,False,347.6410828160459
2020-01-31 09:00:00,96.40064,87.55464,120.0,24.0,-271407.2035129889,-30446.26541938999,-0.034416607076776795,0.14687378357159306,0.15085228252602742,False,346.8119541521628
2020-01-31 10:00:00,96.37242,87.55963,120.0,24.0,-270868.3930482496,-30250.739298559532,-0.04020729449638448,0.15943663483263087,0.1644283036994321,False,345.8460689709715
2020-01-31 11:00:00,96.33977,87.56492,120.0,24.0,-270298.48329384805,-30031.150620897333,-0.04601533206144508,0.16517547781149608,0.17146530044000474,False,344.4329858334528
2020-01-31 12:00:00,96.30261,87.57028,120.0,24.0,-269722.9871803177,-29790.131544515603,-0.05065488611268115,0.16424446632081507,0.17187833547046602,False,342.859634543301
2020-01-31 13:00:00,96.26276,87.57551,120.0,24.0,-269163.1088648875,-29538.818827567935,-0.04790330267701638,0.15571051758942228,0.16291252774213416,False,342.89983440353035
2020-01-31 14:00:00,96.22965,87.58032,120.0,24.0,-268646.1871461115,-29324.985571922538,-0.03334742998720244,0.13864878700353694,0.14260272516436537,False,346.47624588348907
2020-01-31 15:00:00,96.21189,87.58445,120.0,24.0,-268196.78677472397,-29191.808931787036,-0.014918999350247018,0.11833450410223498,0.11927125136735398,False,352.81435740087716
2020-01-31 16:00:00,96.20686,87.58795,120.0,24.0,-267810.8043631677,-29126.007337236268,-0.001202372806547584,0.100500422214924,0.10050761446648665,False,359.3145541172204
2020-01-31 17:00:00,96.21006,87.59093,120.0,24.0,-267478.36146684655,-29104.967803688658,0.009034607289092765,0.08731821226737303,0.08778436263047162,False,5.9072375080060056
2020-01-31 18:00:00,96.22072,87.59358,120.0,24.0,-267178.76577997056,-29122.666824504176,0.017931861514154844,0.08002924450687199,0.08201360639371694,False,12.629457316752848
2020-01-31 19:00:00,96.23759,87.59609,120.0,24.0,-266891.5535762441,-29170.87946743567,0.021387069923989026,0.07553043192746053,0.07850001851644588,False,15.809910959933688
2020-01-31 20:00:00,96.25358,87.59845,120.0,24.0,-266621.4352184002,-29216.65531232486,0.01611000047279137,0.0699462455944557,0.07177749917622689,False,12.970162138409592
2020-01-31 21:00:00,96.26236,87.6006,120.0,24.0,-266378.30244850024,-29231.323214368047,0.008558285778060639,0.05940058430462455,0.06001394563924091,False,8.198611701772279
2020-01-31 22:00:00,96.26675,87.60228,120.0,24.0,-266189.5815226132,-29231.254920181444,0.005239555854422287,0.04172020360732984,0.04204792901664323,False,7.1581841016302405
2020-01-31 23:00:00,96.27043,87.60329,120.0,24.0,-266075.59400093945,-29236.033271736742,0.0030051357744445076,0.023264005591861096,0.023457297312371485,False,7.360442809051506
2020-02-01 00:00:00,96.27138,87.60378,120.0,24.0,-266020.7195442133,-29234.46779082701,-0.0037757114038594153,0.005893821118969134,0.00699950883902868,False,327.35548221226315
2020-02-01 01:00:00,96.26461,87.60367,120.0,24.0,-266036.38208099635,-29204.375273033493,-0.02091614672778715,-0.03132554523478835,0.03766662950404632,False,213.73113792404462
2020-02-01 02:00:00,96.23916,87.60176,120.0,24.0,-266261.3497606083,-29109.38224479011,-0.05047419306453249,-0.1071579851200246,0.11845031844828073,False,205.2216530289382
2020-02-01 03:00:00,96.18696,87.59676,120.0,24.0,-266842.8451129584,-28926.963386997486,-0.07902508231263047,-0.21076041905981427,0.22508868891347372,False,200.55364398023414
2020-02-01 04:00:00,96.11784,87.58817,120.0,24.0,-267831.30707018275,-28707.25864582295,-0.09486564924660432,-0.32103723095324044,0.33476020531882816,False,196.4622701174874
2020-02-01 05:00:00,96.04181,87.57606,120.0,24.0,-269213.9422221552,-28494.162348489655,-0.10939098768223894,-0.4095863179767169,0.42394261411165074,False,194.95335173572698
2020-02-01 06:00:00,95.9513,87.56176,120.0,24.0,-270846.8475557286,-28234.41523756271,-0.13439640733578428,-0.45222292072062653,0.4717710931477893,False,196.5514550776852
2020-02-01 07:00:00,95.83837,87.5469,120.0,24.0,-272552.7280169144,-27869.316217370695,-0.15929677789744273,-0.44680002795784224,0.474347687283954,False,199.62258095056916
2020-02-01 08:00:00,95.71148,87.53295,120.0,24.0,-274163.79008547805,-27420.66514310179,-0.1691672216467962,-0.39998110496846906,0.434283816428259,False,202.92535042081374
2020-02-01 09:00:00,95.58498,87.52111,120.0,24.0,-275539.5100066605,-26943.96034884646,-0.15507319212444998,-0.33161401020704234,0.3660813388869514,False,205.06227655000828
2020-02-01 10:00:00,95.48021,87.51157,120.0,24.0,-276648.73943416355,-26541.806409047134,-0.1136785136807649,-0.26260911112288704,0.2861579104575316,False,203.40687314657185
2020-02-01 11:00:00,95.41603,87.50418,120.0,24.0,-277499.8202182982,-26309.78983273896,-0.05804267621015548,-0.20443104821892635,0.2125111896760402,False,195.85046377656448
2020-02-01 12:00:00,95.39417,87.49839,120.0,24.0,-278153.51675807947,-26264.693177927064,-0.003960819714277631,-0.16563806540886877,0.16568541518553073,False,181.36982409397
2020-02-01 13:00:00,95.4101,87.4935,120.0,24.0,-278689.81381114863,-26393.51042612266,0.039125955624107464,-0.14965344975328085,0.15468353314608954,False,165.34832939485227
2020-02-01 14:00:00,95.45178,87.48874,120.0,24.0,-279199.66130265663,-26646.73641470029,0.06494499210449611,-0.15632405211546124,0.16927805903084578,False,157.43950698799142
2020-02-01 15:00:00,95.50559,87.48342,120.0,24.0,-279765.8295343516,-26965.933818043322,0.07335592788315413,-0.17819840720900268,0.19270642046238118,False,157.62533237534234
2020-02-01 16:00:00,95.55943,87.47725,120.0,24.0,-280426.097580192,-27295.560033392758,0.06587164160404474,-0.20441484582464864,0.21476615739246857,False,162.1387288001564
2020-02-01 17:00:00,95.60205,87.47024,120.0,24.0,-281184.7465265934,-27580.56278866565,0.04433554600043115,-0.21961485256819857,0.22404536171880002,False,168.58660724295254
2020-02-01 18:00:00,95.62422,87.46309,120.0,24.0,-281968.61105020344,-27767.608374748732,0.012291869959943899,-0.21092448619593512,0.21128234413725014,False,176.6647939174735
2020-02-01 19:00:00,95.62002,87.45664,120.0,24.0,-282687.41864695644,-27817.47198466151,-0.020244369940572226,-0.18083036147362713,0.18196003447178558,False,186.38779460519282
2020-02-01 20:00:00,95.59486,87.45143,120.0,24.0,-283278.6056748634,-27750.053140843247,-0.043145084414207495,-0.1367839589340995,0.1434271582748348,False,197.50657882539235
2020-02-01 21:00:00,95.55749,87.44782,120.0,24.0,-283697.85736651794,-27604.32329464605,-0.052753456109078084,-0.08839994252619504,0.1029440477642443,False,210.8270178987194
2020-02-01 22:00:00,95.51849,87.44573,120.0,24.0,-283948.8774470086,-27433.653144644453,-0.04894367372336323,-0.04389322520673533,0.0657426681584207,False,228.11389577542937
2020-02-01 23:00:00,95.48669,87.44499,120.0,24.0,-284046.31255927216,-27283.95388200097,-0.03920543917554254,-0.0077568066044703884,0.03996541642027918,False,258.80854964100547
2020-02-02 00:00:00,95.4618,87.44523,120.0,24.0,-284031.46056428616,-27158.00723823409,-0.03132172537690762,0.017213636026893225,0.035740169919192814,False,298.792093346127
2020-02-02 01:00:00,95.4414,87.4461,120.0,24.0,-283944.4021975064,-27047.664636816644,-0.02646626965978021,0.032568083989550564,0.04196598056109999,False,320.90115938973247
2020-02-02 02:00:00,95.42352,87.44733,120.0,24.0,-283816.0971271325,-26946.072648690286,-0.024761155920814782,0.03923751243918768,0.046397168285901985,False,327.7456874220547
2020-02-02 03:00:00,95.40557,87.44863,120.0,24.0,-283680.00735381455,-26843.480428880306,-0.028858113748922613,0.036912652638610384,0.04685439844843242,False,321.9818947884868
2020-02-02 04:00:00,95.38174,87.44971,120.0,24.0,-283571.08174836024,-26714.181267594322,-0.04172396491906777,0.026524864964346327,0.04944145740109615,False,302.4450400819118
2020-02-02 05:00:00,95.34514,87.45034,120.0,24.0,-283518.0461805491,-26526.480009262305,-0.0648739570649675,0.013504504669338828,0.06626463575415956,False,281.759059755992
2020-02-02 06:00:00,95.28776,87.45058,120.0,24.0,-283517.78413468396,-26240.062183872746,-0.0982942314007765,0.0046763850809751015,0.09840540891686272,False,272.72381448725935
2020-02-02 07:00:00,95.20273,87.45064,120.0,24.0,-283549.7413202701,-25818.67035094282,-0.13707404809953894,0.0071682488128218345,0.1372613509092681,False,272.9935398219068
2020-02-02 08:00:00,95.08914,87.45104,120.0,24.0,-283555.88050686545,-25252.51500147952,-0.17374449975081346,0.0242311951248126,0.17542605852847848,False,277.93951782638214
2020-02-02 09:00:00,94.95091,87.4522,120.0,24.0,-283486.9315440832,-24557.165397223987,-0.19567683731389637,0.0442126541081073,0.20060952979470392,False,282.73203424640224
2020-02-02 10:00:00,94.80542,87.45389,120.0,24.0,-283360.3259324948,-23821.425598890324,-0.1934521721859264,0.055194131281853596,0.20117190422972042,False,285.92405794868296
2020-02-02 11:00:00,94.67026,87.45576,120.0,24.0,-283207.6131292522,-23135.91488299313,-0.17592700748905923,0.0581354012251703,0.18528366587388928,False,288.2862323152775
2020-02-02 12:00:00,94.55002,87.45764,120.0,24.0,-283046.2749342395,-22524.87591597678,-0.15479968110012546,0.057361857073634163,0.165085807735361,False,290.33245864468824
2020-02-02 13:00:00,94.44537,87.45946,120.0,24.0,-282884.326542871,-21992.106291115717,-0.13463391847334924,0.05379997256830965,0.14498527184455434,False,291.7817445482318
2020-02-02 14:00:00,94.35429,87.46111,120.0,24.0,-282735.2144217977,-21528.404164421925,-0.11783718710200428,0.04667080468550306,0.12674291567620313,False,291.6066249750095
2020-02-02 15:00:00,94.27395,87.46247,120.0,24.0,-282613.68231116555,-21120.614831473013,-0.1053448508954836,0.03690449091263994,0.11162203662231215,False,289.3064184381665
2020-02-02 16:00:00,94.20096,87.46349,120.0,24.0,-282526.7671997536,-20752.22818561454,-0.09800070233593258,0.026362380643625102,0.10148454449587603,False,285.05626349654847
2020-02-02 17:00:00,94.13125,87.46417,120.0,24.0,-282476.0721732612,-20403.001108065815,-0.09782415306900194,0.019698968781068485,0.09978784642783425,False,281.3854557476817
2020-02-02 18:00:00,94.05847,87.46476,120.0,24.0,-282436.0443946583,-20039.506572589406,-0.10662013707986862,0.02187670822906404,0.10884137078275692,False,281.5952235207295
2020-02-02 19:00:00,93.9759,87.46558,120.0,24.0,-282373.2859242483,-19626.11331458721,-0.12400857649887823,0.03832398221009606,0.1297954338862423,False,287.173397846894
2020-02-02 20:00:00,93.8777,87.46723,120.0,24.0,-282222.6840462292,-19129.661362031973,-0.1470870451676657,0.0716746040318408,0.16362104913267148,False,295.9796866737761
2020-02-02 21:00:00,93.76132,87.4702,120.0,24.0,-281930.028975018,-18534.611659651982,-0.16503865054107386,0.11105589801039581,0.19892503275182372,False,303.9369422151121
2020-02-02 22:00:00,93.63666,87.47439,120.0,24.0,-281502.7553223072,-17891.488508362694,-0.1683337103503971,0.14484901951528756,0.2220753847117495,False,310.71157689542946
2020-02-02 23:00:00,93.51509,87.47954,120.0,24.0,-280966.09231709887,-17258.89848616281,-0.16079507203078516,0.16702104479391466,0.23184280146995342,False,316.0880462034506
2020-02-03 00:00:00,93.40101,87.48516,120.0,24.0,-280373.4479074714,-16662.211896643163,-0.14849303778972092,0.1746181341090235,0.22921970908221745,False,319.6225841756286
2020-02-03 01:00:00,93.29701,87.4908,120.0,24.0,-279774.4822587568,-16117.046524434287,-0.13308147119416017,0.17167065798824455,0.21721301247696675,False,322.2166616455775
2020-02-03 02:00:00,93.20514,87.49623,120.0,24.0,-279194.57217931544,-15634.524880201354,-0.11514697644903354,0.16267578065181149,0.19930437977132004,False,324.7079528957457
2020-02-03 03:00:00,93.12718,87.50129,120.0,24.0,-278651.402324221,-15223.798426586214,-0.0953587476432164,0.14871934934567743,0.17666560395811143,False,327.33203436971706
2020-02-03 04:00:00,93.06422,87.50582,120.0,24.0,-278162.842170691,-14890.550603803102,-0.0745342608642334,0.13088644450120826,0.15062077345686903,False,330.3403280885086
2020-02-03 05:00:00,93.01684,87.50973,120.0,24.0,-277739.0538737978,-14637.543745702775,-0.054097021858273475,0.11320948253253393,0.12547061293075212,False,334.4592500224283
2020-02-03 06:00:00,92.98401,87.51312,120.0,24.0,-277369.36264791567,-14458.693136735412,-0.034695360518178064,0.09909888029576354,0.10499693384742442,False,340.7044157056478
2020-02-03 07:00:00,92.96533,87.51612,120.0,24.0,-277039.5136318374,-14350.932386887569,-0.013167921633760392,0.08731426297101272,0.08830161198032581,False,351.4238144693494
2020-02-03 08:00:00,92.96445,87.51875,120.0,24.0,-276746.44635063293,-14331.489277108876,0.013448130600703679,0.07677271183077575,0.07794165445065249,False,9.935590852078462
2020-02-03 09:00:00,92.98537,87.52107,120.0,24.0,-276482.4822929355,-14419.042453424407,0.043547881341269745,0.07228130164600055,0.0843860446812945,False,31.068031299574784
2020-02-03 10:00:00,93.02936,87.52341,120.0,24.0,-276210.39755364164,-14617.50424601759,0.07391414622592636,0.0783354880866178,0.10770213417605179,False,43.336593359385006
2020-02-03 11:00:00,93.09564,87.52612,120.0,24.0,-275891.1303683397,-14920.67371843873,0.09939738337582413,0.09074220528098285,0.13458821509038818,False,47.60631195093606
2020-02-03 12:00:00,93.1778,87.52926,120.0,24.0,-275519.3593199278,-15296.838684174776,0.11592519564650015,0.10283470270214103,0.15496330877184142,False,48.424469900373765
2020-02-03 13:00:00,93.26897,87.53275,120.0,24.0,-275105.58986752474,-15713.007327883497,0.12583231154382554,0.10779520532651699,0.16569120954307842,False,49.414737097054285
2020-02-03 14:00:00,93.36619,87.53621,120.0,24.0,-274692.83399030776,-16157.099869525713,0.13225196039600018,0.10096899877641673,0.16638906136671738,False,52.63973663648136
2020-02-03 15:00:00,93.46723,87.53926,120.0,24.0,-274323.9559176432,-16620.89242184839,0.13509229206010956,0.08654192541024433,0.16043513401922357,False,57.35583324442484
2020-02-03 16:00:00,93.56895,87.54179,120.0,24.0,-274012.04821791034,-17090.300222498565,0.13370395487859674,0.07056373821895023,0.15118197214486379,False,62.176653712950156
2020-02-03 17:00:00,93.66811,87.54381,120.0,24.0,-273756.9565466194,-17550.067414812638,0.12832344604016338,0.057533051224712015,0.14063057557603914,False,65.85120581599455
2020-02-03 18:00:00,93.76191,87.5455,120.0,24.0,-273539.5487885173,-17985.83460639092,0.11980380777962293,0.05070738953477268,0.13009301177207028,False,67.05931548745224
2020-02-03 19:00:00,93.84839,87.54708,120.0,24.0,-273336.05516990187,-18386.842252761067,0.1105669411519408,0.04822735418026639,0.12062721984247833,False,66.43401727877807
2020-02-03 20:00:00,93.9284,87.54861,120.0,24.0,-273139.66450580774,-18756.816170979386,0.10316148487283565,0.04822949568006203,0.11387877859689846,False,64.94322680907754
2020-02-03 21:00:00,94.00383,87.55019,120.0,24.0,-272938.73216095235,-19104.0695873841,0.09917535771288641,0.05381581142379645,0.11283569088139,False,61.51428626813032
2020-02-03 22:00:00,94.07794,87.55208,120.0,24.0,-272703.2782347734,-19442.0813478695,0.09964315111884033,0.06638130826372549,0.11972984444864113,False,56.32882933837294
2020-02-03 23:00:00,94.1542,87.55447,120.0,24.0,-272410.9778471151,-19785.695584841695,0.10431749147695694,0.07662014548301892,0.1294325527905711,False,53.70309314918336
2020-02-04 00:00:00,94.23551,87.55702,120.0,24.0,-272098.6531893636,-20151.230814685696,0.11222392092499146,0.07662248773218817,0.13588676923839224,False,55.6761334226569
2020-02-04 01:00:00,94.32388,87.55941,120.0,24.0,-271801.1258549827,-20550.75587282822,0.12087771757413206,0.07507122604449035,0.14229234549249162,False,58.15761065795783
2020-02-04 02:00:00,94.41846,87.56186,120.0,24.0,-271494.06160899537,-20978.321671577105,0.12733167196901124,0.0811174837386501,0.15097483516968663,False,57.50055619871898
2020-02-04 03:00:00,94.5168,87.56464,120.0,24.0,-271148.1861756409,-21419.82415290697,0.12822434011395822,0.0884002305670259,0.15574364244476685,False,55.41690238624312
2020-02-04 04:00:00,94.61294,87.56756,120.0,24.0,-270786.85218241665,-21848.54585317308,0.12157567502388969,0.08839460623861857,0.1503138422421397,False,53.980045583317064
2020-02-04 05:00:00,94.7014,87.57034,120.0,24.0,-270443.4078384297,-22241.148373924207,0.11132185357606311,0.082346726506067,0.1384685467890648,False,53.50901801225325
2020-02-04 06:00:00,94.78216,87.57287,120.0,24.0,-270130.2559653228,-22598.770913364726,0.10136228470679343,0.07381772107973843,0.12539285747755774,False,53.935785419442084
2020-02-04 07:00:00,94.85564,87.5751,120.0,24.0,-269852.92807342374,-22924.10743628274,0.0895118772034755,0.0645103323131237,0.11033566574612096,False,54.22007720243937
2020-02-04 08:00:00,94.91849,87.57703,120.0,24.0,-269612.8957128274,-23201.62778753095,0.07324335635024282,0.05644485517462586,0.092469513490302,False,52.38042347064754
2020-02-04 09:00:00,94.96728,87.57874,120.0,24.0,-269402.8072645546,-23414.67336231297,0.05478131685171914,0.0527249382069432,0.07603230750762748,False,46.09581950339515
2020-02-04 10:00:00,95.00205,87.58043,120.0,24.0,-269200.5498398539,-23561.701874314105,0.03729662396119388,0.05613961194476912,0.06739951178021963,False,33.59826876744529
2020-02-04 11:00:00,95.02421,87.58236,120.0,24.0,-268976.7274429468,-23646.943145831137,0.022984407686843684,0.06451692830290198,0.06848880955569919,False,19.608639845646678
2020-02-04 12:00:00,95.03716,87.58459,120.0,24.0,-268723.3198854178,-23685.872489396752,0.013381963795842923,0.07459923461547717,0.07578999116142089,False,10.16982419566284
2020-02-04 13:00:00,95.04467,87.58717,120.0,24.0,-268433.2275923688,-23695.761547207414,0.00841480235783737,0.08328497896074803,0.08370899963094594,False,5.7693722626954695
2020-02-04 14:00:00,95.05004,87.58996,120.0,24.0,-268120.66329870786,-23693.495561949447,0.007281185204216186,0.08778291793047442,0.08808437056803269,False,4.741564712911327
2020-02-04 15:00:00,95.05583,87.59283,120.0,24.0,-267799.029315978,-23692.34704814104,0.007846230682863942,0.08778297120525921,0.0881329301087402,False,5.107646854570589
2020-02-04 16:00:00,95.06208,87.59562,120.0,24.0,-267486.106461425,-23694.069439268125,0.00796155054723102,0.08359544084383673,0.08397371027286767,False,5.440386363286962
2020-02-04 17:00:00,95.06806,87.59822,120.0,24.0,-267194.43178112974,-23696.33907722994,0.006711874772256479,0.07739165866026647,0.0776821607136777,False,4.956635915776417
2020-02-04 18:00:00,95.0724,87.60061,120.0,24.0,-266926.7959619233,-23692.981737184353,0.0036332903045820245,0.0710328489993967,0.0711257086812389,False,2.9280951423235138
2020-02-04 19:00:00,95.07365,87.6028,120.0,24.0,-266682.6852752598,-23677.177925347503,-0.0010944533803830883,0.0654496399014352,0.06545879002417758,False,359.041985323013
2020-02-04 20:00:00,95.07071,87.60483,120.0,24.0,-266458.10182028066,-23643.458096026294,-0.007227437809793448,0.06219298697641598,0.06261152838210451,False,353.371398397151
2020-02-04 21:00:00,95.0625,87.60681,120.0,24.0,-266241.247591976,-23585.76610713403,-0.014813871068406221,0.06327917054458314,0.06499003154978308,False,346.82413960424753
2020-02-04 22:00:00,95.04784,87.60891,120.0,24.0,-266013.6810318463,-23497.01019205002,-0.023686885234316696,0.0699489100315392,0.07385065027949352,False,341.29229449668304
2020-02-04 23:00:00,95.0259,87.61132,120.0,24.0,-265754.57461611147,-23371.56864677495,-0.032599175188724364,0.08049569432865404,0.08684620330467675,False,337.9530193137778
2020-02-05 00:00:00,94.99742,87.6141,120.0,24.0,-265456.90273321525,-23212.424806677423,-0.039615352584781556,0.09212745097300905,0.1002838141636064,False,336.7320072119541
2020-02-05 01:00:00,94.96456,87.61726,120.0,24.0,-265118.6251749503,-23029.640190410308,-0.04125247495880298,0.10220648154376512,0.11021765539051656,False,338.0200623366567
2020-02-05 02:00:00,94.93347,87.62069,120.0,24.0,-264749.48058989074,-22852.837983791367,-0.035820258900747554,0.10871909699506885,0.11446804357173128,False,341.76422416907525
2020-02-05 03:00:00,94.90896,87.62427,120.0,24.0,-264360.92731775675,-22705.3717770862,-0.030366915428952833,0.11042679104211259,0.11452609192899045,False,344.62396683807526
2020-02-05 04:00:00,94.88626,87.62781,120.0,24.0,-263976.03385570744,-22566.96162702952,-0.031730113802995334,0.1068612795464236,0.1114725669761396,False,343.46236762762715
2020-02-05 05:00:00,94.85955,87.63116,120.0,24.0,-263613.78179285745,-22412.209178684177,-0.03712391573469052,0.1006578960383408,0.10728558689004701,False,339.75538249507827
2020-02-05 06:00:00,94.82837,87.6343,120.0,24.0,-263276.54543507274,-22239.235262696337,-0.042455526453306164,0.09429907603794924,0.10341560553435981,False,335.7616739170827
2020-02-05 07:00:00,94.79326,87.63724,120.0,24.0,-262962.9672933639,-22050.465803358467,-0.04803696560561928,0.08964687056260937,0.10170600506491584,False,331.8155222610342
2020-02-05 08:00:00,94.75327,87.64008,120.0,24.0,-262662.2461182985,-21840.643883183602,-0.05492248689305845,0.08794169594047059,0.10368327469464089,False,328.0138639264277
2020-02-05 09:00:00,94.70729,87.64291,120.0,24.0,-262364.73305849574,-21603.915380368486,-0.06266760781540577,0.08732190357580027,0.10748183061990928,False,324.3344352100028
2020-02-05 10:00:00,94.65506,87.64571,120.0,24.0,-262072.67753276386,-21339.36313208528,-0.07030607997023545,0.08623644819638762,0.11126396486872733,False,320.8106353484094
2020-02-05 11:00:00,94.59698,87.64847,120.0,24.0,-261786.96063543228,-21048.99095881278,-0.07643645095086843,0.0871660777929728,0.1159329812942594,False,318.7522842820297
2020-02-05 12:00:00,94.53499,87.65133,120.0,24.0,-261491.20864043155,-20740.491548055903,-0.08008763844044746,0.09243813556459425,0.12230633155166638,False,319.0946130445777
2020-02-05 13:00:00,94.47102,87.65443,120.0,24.0,-261169.0827510394,-20421.54126350908,-0.08246431366647236,0.10019295808435887,0.12976514122897734,False,320.54374140229004
2020-02-05 14:00:00,94.40512,87.65779,120.0,24.0,-260818.29975898564,-20092.319521325437,-0.08437031162033348,0.10748204212266209,0.13664091210823312,False,321.869105977932
2020-02-05 15:00:00,94.33796,87.66136,120.0,24.0,-260444.15648831712,-19756.429982436744,-0.08274279960009466,0.11120085301343909,0.13860736126403211,False,323.3476466749131
2020-02-05 16:00:00,94.27444,87.66496,120.0,24.0,-260065.0092936356,-19437.717668487137,-0.07500519443608292,0.10933691704842737,0.1325908768432025,False,325.5498528060485
2020-02-05 17:00:00,94.21933,87.66841,120.0,24.0,-259699.37144449906,-19159.219721011203,-0.06430905689209442,0.1031339866511672,0.12154124403227808,False,328.05445404071645
2020-02-05 18:00:00,94.17258,87.67161,120.0,24.0,-259358.52407593993,-18921.31344562983,-0.0543229748530802,0.09398461646693695,0.10855456567701618,False,329.97214871890185
2020-02-05 19:00:00,94.13317,87.67447,120.0,24.0,-259052.93446925667,-18719.89449299931,-0.04503135638151636,0.08328366138390259,0.09467835714178653,False,331.59997409841276
2020-02-05 20:00:00,94.10107,87.67698,120.0,24.0,-258783.8097814118,-18554.711769105033,-0.036138099561709346,0.07320320801829452,0.08163744180277648,False,333.72590930728336
2020-02-05 21:00:00,94.07572,87.67919,120.0,24.0,-258545.8290196164,-18422.672935144292,-0.029961579782729453,0.06498448666680169,0.07155892516258604,False,335.2475851301554
2020-02-05 22:00:00,94.05339,87.68117,120.0,24.0,-258332.43725719166,-18306.27891363309,-0.02855201140923265,0.05955713983939873,0.0660474848980841,False,334.386691588367
2020-02-05 23:00:00,94.03024,87.68303,120.0,24.0,-258132.62147361945,-18187.301708610055,-0.0301458977400932,0.058626842701869866,0.0659233026762612,False,332.7877915618752
2020-02-06 00:00:00,94.00533,87.68495,120.0,24.0,-257926.6227862075,-18060.09782275705,-0.032501242599772044,0.06296967616502797,0.070862619813677,False,332.6998784448231
2020-02-06 01:00:00,93.97838,87.68709,120.0,24.0,-257696.6925189926,-17922.19593558228,-0.035319950914609946,0.06948394267909919,0.07794560425606306,False,333.0549417560794
2020-02-06 02:00:00,93.94892,87.68943,120.0,24.0,-257445.1875327773,-17771.697216678014,-0.03851871958687824,0.07429208103112504,0.08368395941007935,False,332.59430892275134
2020-02-06 03:00:00,93.9168,87.69188,120.0,24.0,-257182.1587224965,-17608.682371751653,-0.040973208108451946,0.07553246653653904,0.08592995568363748,False,331.52201794420296
2020-02-06 04:00:00,93.88335,87.6943,120.0,24.0,-256922.77530309706,-17440.231067769397,-0.041082533239149024,0.0730500891475779,0.08380984465929324,False,330.64709776392294
2020-02-06 05:00:00,93.85099,87.69659,120.0,24.0,-256677.43845769166,-17277.94639986499,-0.03651643143421811,0.0707220993483341,0.07959312219611435,False,332.69102272531654
2020-02-06 06:00:00,93.8248,87.69886,120.0,24.0,-256432.3839946645,-17143.707646357558,-0.026594857374739662,0.07258301084064457,0.07730187514851028,False,339.8768581369854
2020-02-06 07:00:00,93.80831,87.70127,120.0,24.0,-256168.7777892278,-17052.029631008816,-0.017919243084341577,0.0784783212644197,0.08049811290457182,False,347.1379453167496
2020-02-06 08:00:00,93.79601,87.70392,120.0,24.0,-255877.15701950341,-16977.444553379195,-0.016644641436671492,0.08607907943166922,0.0876735536199998,False,349.0560911180211
2020-02-06 09:00:00,93.78153,87.70682,120.0,24.0,-255558.30217201938,-16891.419666498656,-0.01969189106940622,0.08685476436073274,0.08905908525270047,False,347.22573877864215
2020-02-06 10:00:00,93.76429,87.70952,120.0,24.0,-255262.51506521742,-16794.728108143936,-0.022542691285147444,0.07475713060580574,0.07808201781966806,False,343.2195407458772
2020-02-06 11:00:00,93.74518,87.71164,120.0,24.0,-255031.86786982528,-16694.125177002745,-0.024168899473391382,0.06234919443878811,0.06686970725912222,False,338.81179028900823
2020-02-06 12:00:00,93.72528,87.71354,120.0,24.0,-254825.92614480908,-16591.76094754712,-0.02449999508168282,0.06203881116379797,0.06670130320780746,False,338.4502425935918
2020-02-06 13:00:00,93.7056,87.71564,120.0,24.0,-254597.59340616208,-16489.076011741494,-0.023841695244821444,0.0657610463624497,0.06994956505105089,False,340.07186584814394
2020-02-06 14:00:00,93.68673,87.71778,120.0,24.0,-254364.5308838055,-16389.858722936966,-0.02266521009475591,0.0634345716385185,0.06736213051560766,False,340.3381610710365
2020-02-06 15:00:00,93.66892,87.71973,120.0,24.0,-254152.3029526131,-16296.856003539904,-0.021725308608344412,0.05847160929341431,0.062377224429189686,False,339.61729429193423
2020-02-06 16:00:00,93.65154,87.72155,120.0,24.0,-253954.40774852937,-16206.817171259961,-0.02126930387737799,0.056455393707390805,0.06032905407914786,False,339.35633568235517
2020-02-06 17:00:00,93.63444,87.72337,120.0,24.0,-253756.40249015423,-16118.13998159815,-0.0190966467776368,0.0558345388954633,0.05900997925621419,False,341.11817791201327
2020-02-06 18:00:00,93.62056,87.72515,120.0,24.0,-253561.92350541952,-16044.114348971056,-0.01378010026245919,0.05350798433115531,0.055253918869403194,False,345.5582330525981
2020-02-06 19:00:00,93.61207,87.72682,120.0,24.0,-253378.1793276456,-15994.792794049805,-0.009460405483780241,0.047304614585422455,0.048241329096459416,False,348.69067014256007
2020-02-06 20:00:00,93.60519,87.7282,120.0,24.0,-253226.29816802777,-15954.677107941208,-0.00998250890617082,0.036137949143043836,0.03749135703501545,False,344.55806893406674
2020-02-06 21:00:00,93.59584,87.72915,120.0,24.0,-253123.02051420102,-15906.699775335566,-0.012456053509611025,0.026056566435279906,0.028880753512165302,False,334.45038408814315
2020-02-06 22:00:00,93.58493,87.72988,120.0,24.0,-253044.68501521146,-15853.403720149774,-0.013183220304913243,0.022799308240436262,0.02633639599205445,False,329.96225538727174
2020-02-06 23:00:00,93.57439,87.73062,120.0,24.0,-252965.12182023385,-15801.70203858348,-0.012054401669509945,0.02559095845695063,0.028287908271119253,False,334.77762166020426
2020-02-07 00:00:00,93.56531,87.73153,120.0,24.0,-252866.19952373795,-15755.293600186373,-0.009937012810069036,0.03210504745498155,0.03360771184823646,False,342.80188837974725
2020-02-07 01:00:00,93.55821,87.73269,120.0,24.0,-252738.86207516678,-15715.91927452258,-0.007888076141917218,0.037843748135485245,0.0386570953146085,False,348.2259622827372
2020-02-07 02:00:00,93.55246,87.73397,120.0,24.0,-252597.77458865553,-15681.698438609272,-0.006540220756890299,0.03861929027511814,0.03916917243065895,False,350.3880913689055
2020-02-07 03:00:00,93.54755,87.73518,120.0,24.0,-252464.2552640341,-15651.690970703694,-0.0046424363995999085,0.03675808259620489,0.03705008572019437,False,352.8018247224526
2020-02-07 04:00:00,93.54489,87.73634,120.0,24.0,-252335.6918026444,-15631.960724972849,-0.0010184720484530188,0.03536226896759136,0.0353769324821946,False,358.3502748925442
2020-02-07 05:00:00,93.54589,87.73746,120.0,24.0,-252210.58748256037,-15628.62943211468,0.0031230791243480795,0.034431806312307106,0.034573153011334824,False,5.182735488114986
2020-02-07 06:00:00,93.54999,87.73856,120.0,24.0,-252086.86667484642,-15639.071181104562,0.006305589668362275,0.03381145281999711,0.03439440074873595,False,10.563892066093103
2020-02-07 07:00:00,93.55619,87.73964,120.0,24.0,-251964.80099577035,-15658.868755716941,0.008291718240008976,0.03334613346496077,0.034361565861215845,False,13.963748150381434
2020-02-07 08:00:00,93.56354,87.74071,120.0,24.0,-251843.53376611596,-15683.76430824988,0.009193325404060875,0.0328807894658221,0.03414181523997616,False,15.620760458235623
2020-02-07 09:00:00,93.57122,87.74176,120.0,24.0,-251724.40286799255,-15710.217937629273,0.009458190705109448,0.03179509262737944,0.03317205580903688,False,16.566335523387522
2020-02-07 10:00:00,93.57901,87.74276,120.0,24.0,-251610.8118079132,-15737.471509140561,0.009539688331720456,0.02946862182358709,0.03097426876696134,False,17.937991092939
2020-02-07 11:00:00,93.58683,87.74366,120.0,24.0,-251508.3549005034,-15765.524789152292,0.009578496733747208,0.027452353484188553,0.029075407331613522,False,19.234569204359104
2020-02-07 12:00:00,93.59469,87.74453,120.0,24.0,-251409.22750798095,-15793.93595396153,0.009763961024367667,0.02714218157664765,0.028844981463420672,False,19.785374656162503
2020-02-07 13:00:00,93.60282,87.74541,120.0,24.0,-251308.90797708652,-15823.434314786264,0.010644804371063653,0.028693253530558453,0.030604160799916097,False,20.354164531922834
2020-02-07 14:00:00,93.61213,87.74638,120.0,24.0,-251198.2281893521,-15857.444940906178,0.012543505905746604,0.031795323413825245,0.03418014235484171,False,21.52962542265857
2020-02-07 15:00:00,93.62338,87.74746,120.0,24.0,-251074.74653298827,-15899.145369391614,0.014568397085363676,0.03489725655238163,0.03781609060333412,False,22.658847994539656
2020-02-07 16:00:00,93.63602,87.74863,120.0,24.0,-250940.84123639742,-15946.248635752469,0.015841213623899116,0.03675836319684855,0.040026507641679615,False,23.31388514666361
2020-02-07 17:00:00,93.64937,87.74983,120.0,24.0,-250803.3858212343,-15996.188313666744,0.016813585226541854,0.03737879787550198,0.040986231575833094,False,24.218982574535914
2020-02-07 18:00:00,93.66362,87.75104,120.0,24.0,-250664.55422767115,-16049.930894203228,0.017900756352470938,0.03675842152356647,0.04088543299140567,False,25.965332580595373
2020-02-07 19:00:00,93.67877,87.7522,120.0,24.0,-250531.030440564,-16107.898906027214,0.018044114904749095,0.035362302089472074,0.03969990543770689,False,27.033590859533604
2020-02-07 20:00:00,93.69327,87.75332,120.0,24.0,-250402.13443817082,-16163.24448761368,0.016077059057049186,0.034276363384159125,0.037859489098068556,False,25.12855671890054
2020-02-07 21:00:00,93.7052,87.75441,120.0,24.0,-250277.29680169886,-16207.516341899462,0.011759181103675898,0.034586464377334696,0.036530834350637136,False,18.777711310382415
2020-02-07 22:00:00,93.71261,87.75555,120.0,24.0,-250148.16104505258,-16231.641065927673,0.005701396267795544,0.03691314092693681,0.037350848618128214,False,8.780202143830252
2020-02-07 23:00:00,93.71458,87.75679,120.0,24.0,-250009.4218735756,-16231.270826736323,0.0010999635149447895,0.04094595840985288,0.04096073033816183,False,1.5388115338215584
2020-02-08 00:00:00,93.71442,87.75819,120.0,24.0,-249853.45640367054,-16220.444474010308,0.0006245850007517858,0.04575404853741926,0.045758311419759376,False,0.7820917054937695
2020-02-08 01:00:00,93.71561,87.75974,120.0,24.0,-249680.39340897434,-16214.416832572933,0.0022859239667734664,0.04947644541113937,0.049529224695156734,False,2.6453137304747543
2020-02-08 02:00:00,93.71819,87.76138,120.0,24.0,-249496.90820359517,-16213.783309685445,0.0033877833374645213,0.05040703597201471,0.05052075169101888,False,3.8449834481988887
2020-02-08 03:00:00,93.7212,87.76299,120.0,24.0,-249316.64488747652,-16215.221795957636,0.003064905213825442,0.05102740733804094,0.05111936955413367,False,3.4372785525118275
2020-02-08 04:00:00,93.72325,87.76467,120.0,24.0,-249128.8532617627,-16211.959448520092,0.0010843381354091455,0.054439597223511875,0.05445039517808943,False,1.1410772258885231
2020-02-08 05:00:00,93.72299,87.7665,120.0,24.0,-248925.0001084458,-16197.559418004217,-0.002102758436006603,0.058317158516610436,0.05835505608335636,False,357.9349643450769
2020-02-08 06:00:00,93.71977,87.76843,120.0,24.0,-248710.8388963851,-16169.587358740997,-0.005894826229225232,0.06064377623555864,0.060929603415591574,False,354.4480551960947
2020-02-08 07:00:00,93.71323,87.77041,120.0,24.0,-248492.0383252441,-16126.878661082315,-0.0096387108753058,0.059558177719527754,0.060333086118717565,False,350.80713300906297
2020-02-08 08:00:00,93.7038,87.77227,120.0,24.0,-248287.41469087984,-16072.562847513222,-0.012840054674324052,0.05412976684533468,0.05563181340537017,False,346.655578626512
2020-02-08 09:00:00,93.69194,87.7739,120.0,24.0,-248109.0900548056,-16009.44711146232,-0.015813709688479175,0.04901159546139891,0.05149961071487161,False,342.11757888978866
2020-02-08 10:00:00,93.67756,87.77543,120.0,24.0,-247942.59512922357,-15936.217582427475,-0.018891622642394704,0.04916679105240922,0.052671308588774474,False,338.9814562646794
2020-02-08 11:00:00,93.66057,87.77707,120.0,24.0,-247764.5426143475,-15851.001380962472,-0.021856445714693234,0.05335449376562299,0.05765766405487856,False,337.72374533662713
2020-02-08 12:00:00,93.64124,87.77887,120.0,24.0,-247569.27366883162,-15754.645817340683,-0.024274074219742793,0.05893799168879846,0.06374101931671988,False,337.6153022722676
2020-02-08 13:00:00,93.6202,87.78087,120.0,24.0,-247352.14538195968,-15649.630657728712,-0.025364844271730795,0.06405595089047479,0.06889513893891261,False,338.39744894894125
2020-02-08 14:00:00,93.59902,87.783,120.0,24.0,-247120.5226343608,-15543.261921445835,-0.025160947865036074,0.06762312830118274,0.07215234423568846,False,339.5909703560464
2020-02-08 15:00:00,93.57828,87.78523,120.0,24.0,-246877.59105893708,-15438.265567733602,-0.027338237063718962,0.0733629061329254,0.07829109273742779,False,339.56239941773174
2020-02-08 16:00:00,93.55342,87.78773,120.0,24.0,-246605.62440271024,-15313.843434143977,-0.03423314315809744,0.08329053290268201,0.09005121299402662,False,337.65690562401915
2020-02-08 17:00:00,93.52111,87.7906,120.0,24.0,-246294.32869294297,-15155.09242799528,-0.03900007398502359,0.08856191933357455,0.09676889648478935,False,336.2327136441062
2020-02-08 18:00:00,93.48822,87.79344,120.0,24.0,-245986.42803320242,-14994.411147275538,-0.03562437300581968,0.08173547767906959,0.08916156270211653,False,336.45004086716676
2020-02-08 19:00:00,93.46149,87.79587,120.0,24.0,-245722.5295795615,-14863.266126652963,-0.03071696374071442,0.07165543228955354,0.0779617395781492,False,336.796348129635
2020-02-08 20:00:00,93.43675,87.79806,120.0,24.0,-245484.80341173112,-14742.502510150201,-0.031718228282298755,0.06871013645086277,0.07567779632404868,False,335.2208328057734
2020-02-08 21:00:00,93.40828,87.8003,120.0,24.0,-245242.39638628694,-14605.649208273977,-0.036645704003478864,0.07103709499205835,0.07993232441773045,False,332.7122773334399
2020-02-08 22:00:00,93.37521,87.80264,120.0,24.0,-244989.92698061146,-14448.713083861427,-0.04157498278570586,0.07336350637293765,0.08432486739369235,False,330.45984085028164
2020-02-08 23:00:00,93.33839,87.80503,120.0,24.0,-244732.71886329504,-14275.730062413655,-0.04418490390656353,0.0705706523960633,0.08326177221773656,False,327.94895688314625
2020-02-09 00:00:00,93.30086,87.80719,120.0,24.0,-244501.20625198318,-14101.532976651093,-0.04339672077864906,0.06048817291798058,0.07444524455796724,False,324.3427761188036
2020-02-09 01:00:00,93.2653,87.80893,120.0,24.0,-244315.9174882852,-13938.715538365652,-0.041531773904550956,0.051958046650381354,0.06651711701045036,False,321.3635069197943
2020-02-09 02:00:00,93.23085,87.81054,120.0,24.0,-244144.74816248348,-13781.681288187174,-0.04147867593272589,0.05413025540717236,0.06819505192884456,False,322.537946954948
2020-02-09 03:00:00,93.19532,87.81242,120.0,24.0,-243943.6305565114,-13618.578480830463,-0.04505282791423484,0.06328275176376082,0.0776818123749918,False,324.55183248085524
2020-02-09 04:00:00,93.15477,87.81462,120.0,24.0,-243707.9016628218,-13432.40811696096,-0.052460354308065824,0.07259026784129684,0.08956246847535532,False,324.14468830889393
2020-02-09 05:00:00,93.10664,87.8171,120.0,24.0,-243442.55957447112,-13212.673195419655,-0.0584689499396443,0.07894729313511295,0.09824099551819537,False,323.4760778348144
2020-02-09 06:00:00,93.05583,87.81971,120.0,24.0,-243163.13112656152,-12981.245061811553,-0.0583753081699841,0.08065067229056287,0.09956007003242001,False,324.10281667131676
2020-02-09 07:00:00,93.00775,87.8223,120.0,24.0,-242885.106327401,-12762.012883813946,-0.05518817004654984,0.07847946718098857,0.09594144506989022,False,324.8844251930201
2020-02-09 08:00:00,92.96223,87.82477,120.0,24.0,-242619.70697070667,-12554.788744046837,-0.05308156499491743,0.07382730667430415,0.09092922386720012,False,324.2840023207277
2020-02-09 09:00:00,92.91762,87.82706,120.0,24.0,-242374.01051069648,-12352.866697827341,-0.05303508634835198,0.06979558085408648,0.0876592464645714,False,322.7701383687828
2020-02-09 10:00:00,92.87208,87.82927,120.0,24.0,-242137.26651558236,-12147.852378236123,-0.05473633446243045,0.06902065927659014,0.08809039514815563,False,321.58407908163235
2020-02-09 11:00:00,92.82448,87.83151,120.0,24.0,-241897.43294354828,-11934.359879532878,-0.05581425099719912,0.06995024132156434,0.08948892040539673,False,321.41315631622126
2020-02-09 12:00:00,92.77701,87.83378,120.0,24.0,-241654.03900226686,-11721.660255840976,-0.05440247629940806,0.07072480170034184,0.08922794967419308,False,322.43202754397726
2020-02-09 13:00:00,92.73172,87.83607,120.0,24.0,-241407.78973375427,-11518.450909995956,-0.05289724204594422,0.07072573262218641,0.08831900968088474,False,323.2064236088813
2020-02-09 14:00:00,92.68672,87.83834,120.0,24.0,-241163.54397305739,-11316.963511082544,-0.05387035359530262,0.07010645537184684,0.08841340442086645,False,322.4610402293795
2020-02-09 15:00:00,92.63967,87.84059,120.0,24.0,-240921.7593273591,-11107.349828176299,-0.056345489766385704,0.0696413365677322,0.08958085719591005,False,321.0243324653361
2020-02-09 16:00:00,92.59034,87.84283,120.0,24.0,-240681.3421844211,-10888.61384435052,-0.05898465777797174,0.06995164702575005,0.09150094411971697,False,319.861729146862
2020-02-09 17:00:00,92.53867,87.8451,120.0,24.0,-240437.81575602767,-10660.331913084963,-0.06255533308565683,0.07181380098082607,0.09523860408873687,False,318.94163454310103
2020-02-09 18:00:00,92.48311,87.84746,120.0,24.0,-240184.74007368475,-10415.755039002786,-0.06742644583298103,0.07615722813866031,0.10171651289457322,False,318.479656169854
2020-02-09 19:00:00,92.42296,87.85001,120.0,24.0,-239911.0315243936,-10151.560922142204,-0.07016045019188893,0.08235874280256555,0.10819173391321386,False,319.572710794803
2020-02-09 20:00:00,92.36257,87.85277,120.0,24.0,-239613.64322690057,-9885.98245919244,-0.0680161332505224,0.08840533441472853,0.11154235758371259,False,322.42651006565615
2020-02-09 21:00:00,92.30596,87.85571,120.0,24.0,-239295.24171466826,-9636.021873698646,-0.06493516884914172,0.09026806285699808,0.11119756888269411,False,324.2702971594904
2020-02-09 22:00:00,92.25072,87.85859,120.0,24.0,-238983.05101814866,-9392.677434596873,-0.0647276017430096,0.08499609877708202,0.10683631982956518,False,322.70941694307845
2020-02-09 23:00:00,92.19432,87.86119,120.0,24.0,-238702.0443602806,-9146.309081262483,-0.06382205295046942,0.07785938432120065,0.10067441665929308,False,320.6582117913239
2020-02-10 00:00:00,92.14051,87.86361,120.0,24.0,-238440.46891881287,-8912.031414955558,-0.058677153438689775,0.07475567561337934,0.0950337801630575,False,321.87095635640117
2020-02-10 01:00:00,92.09288,87.86601,120.0,24.0,-238179.9586300265,-8704.024929937013,-0.05335204384560825,0.07351670559268364,0.09083582213920358,False,324.03111245335475
2020-02-10 02:00:00,92.04817,87.86835,120.0,24.0,-237925.53014423753,-8508.822415380744,-0.0521664209488652,0.07072671104891225,0.08788403228351853,False,323.58835456841894
2020-02-10 03:00:00,92.00249,87.87057,120.0,24.0,-237684.47540927387,-8310.466847523385,-0.052832950655262945,0.06731419199330847,0.08557173083824729,False,321.8726631478022
2020-02-10 04:00:00,91.95653,87.87269,120.0,24.0,-237454.45613440382,-8111.7219595132365,-0.052595940426812586,0.0649872891645285,0.08360431030954601,False,321.01583333757935
2020-02-10 05:00:00,91.91117,87.87476,120.0,24.0,-237229.76868768138,-7916.021864100287,-0.0534806896062227,0.06390291680998554,0.08332926819300089,False,320.0738588420646
2020-02-10 06:00:00,91.86358,87.87681,120.0,24.0,-237007.4528646388,-7711.530811605673,-0.05772659935430375,0.0639045404626234,0.08611707475728243,False,317.9076930752455
2020-02-10 07:00:00,91.81074,87.87888,120.0,24.0,-236783.41563877606,-7485.647374835839,-0.06364237188939803,0.06483538423771863,0.09085140917432737,False,315.5320190046895
2020-02-10 08:00:00,91.75275,87.88099,120.0,24.0,-236555.3502482081,-7238.784080052023,-0.06873066389002074,0.06685116330601372,0.09588004064522665,False,314.2057891825433
2020-02-10 09:00:00,91.69093,87.88319,120.0,24.0,-236317.4485179801,-6976.29598406435,-0.07130435696784361,0.06840039201175054,0.09880751464316272,False,313.8091959679001
2020-02-10 10:00:00,91.62833,87.8854,120.0,24.0,-236078.2310391457,-6711.084080289336,-0.07061419018279043,0.0677783796033784,0.09787886695722911,False,313.8261129713408
2020-02-10 11:00:00,91.56759,87.88756,120.0,24.0,-235844.08851797416,-6454.212042715756,-0.06879842256830333,0.06514210514157762,0.09474553715169481,False,313.43632433490757
2020-02-10 12:00:00,91.50804,87.8896,120.0,24.0,-235622.93426774236,-6203.090134076834,-0.06798954804671445,0.060489717615484224,0.09100321192572004,False,311.65921543384763
2020-02-10 13:00:00,91.4486,87.89146,120.0,24.0,-235421.59633170912,-5953.395013039715,-0.06742186382609341,0.05490566987525302,0.08695021740188204,False,309.1579937549238
2020-02-10 14:00:00,91.38994,87.89314,120.0,24.0,-235240.01171566432,-5707.814089244009,-0.06613085591849352,0.04901146356729019,0.08231290096649713,False,306.54319914414634
2020-02-10 15:00:00,91.33267,87.89462,120.0,24.0,-235080.36723852923,-5468.833200276675,-0.0652506655087263,0.043738766230559396,0.07855398793634355,False,303.8347012559278
2020-02-10 16:00:00,91.27547,87.89596,120.0,24.0,-234936.10421069572,-5230.81218059268,-0.06632431176036004,0.04001753818472483,0.07746171759554098,False,301.1051652456757
2020-02-10 17:00:00,91.21624,87.8972,120.0,24.0,-234802.94195417225,-4985.002981298096,-0.07040386793578106,0.03893385520953604,0.08045215784424938,False,298.9429155275909
2020-02-10 18:00:00,91.1518,87.89847,120.0,24.0,-234666.60313185086,-4718.068438512327,-0.0778458885987089,0.04141769438373794,0.08817827271945915,False,298.01508938488826
2020-02-10 19:00:00,91.07941,87.89987,120.0,24.0,-234516.06142091242,-4418.63146105654,-0.08667356094417196,0.04638136965227982,0.09830329403211528,False,298.1524418176185
2020-02-10 20:00:00,90.99935,87.90146,120.0,24.0,-234344.47246726553,-4087.838619296863,-0.09456738352765086,0.052429793090764835,0.10812896573447017,False,299.0047440398556
2020-02-10 21:00:00,90.91295,87.90325,120.0,24.0,-234150.49969153735,-3731.265961266724,-0.10014714939141905,0.058631833886251136,0.11604802228427744,False,300.34713155495314
2020-02-10 22:00:00,90.82292,87.90524,120.0,24.0,-233933.8657158172,-3360.144443515809,-0.10254951580320125,0.06436815288782659,0.12107709237366762,False,302.1156191641045
2020-02-10 23:00:00,90.73212,87.9074,120.0,24.0,-233697.70119317982,-2986.3294449138566,-0.10205976271086956,0.06607231296367484,0.12158020276742754,False,302.9185539372776
2020-02-11 00:00:00,90.64278,87.9095,120.0,24.0,-233467.57323434931,-2619.295593160958,-0.09925173920796578,0.061262580478519915,0.11663623580471542,False,301.68472691493673
2020-02-11 01:00:00,90.55677,87.91135,120.0,24.0,-233264.65517417784,-2266.8135648068564,-0.09484909293986342,0.053661908325316615,0.10897683623885185,False,299.49948451644764
2020-02-11 02:00:00,90.47506,87.91296,120.0,24.0,-233087.86182285758,-1932.6599289591709,-0.08992696806209832,0.04652741131548258,0.10125047944855248,False,297.35664229089
2020-02-11 03:00:00,90.39763,87.91435,120.0,24.0,-232935.03770828227,-1616.584098197089,-0.08691212505993604,0.03986065119480482,0.09561688656355558,False,294.637688166667
2020-02-11 04:00:00,90.32115,87.91553,120.0,24.0,-232805.21480613883,-1304.9159704074207,-0.08784407048119634,0.033194027482081265,0.09390646505532278,False,290.7002963903943
2020-02-11 05:00:00,90.24198,87.91649,120.0,24.0,-232699.58956047375,-982.7771251030975,-0.09167032930228894,0.02838712200200613,0.09596498304041362,False,287.20594009036756
2020-02-11 06:00:00,90.15864,87.91736,120.0,24.0,-232603.61686310044,-644.0322897761491,-0.09721162004710221,0.027147826662004788,0.10093118232069029,False,285.6032010929572
2020-02-11 07:00:00,90.06957,87.91824,120.0,24.0,-232506.06389713543,-282.314944524411,-0.10588136424777524,0.02839277589670403,0.10962213744536509,False,285.0110815309466
2020-02-11 08:00:00,89.97077,87.91919,120.0,24.0,-232400.11468689906,118.56119245348238,-0.11820292164895409,0.030722935581833727,0.12213037892807131,False,284.5697556823359
2020-02-11 09:00:00,89.85974,87.92022,120.0,24.0,-232284.42461267373,568.6331306482793,-0.12841432387695798,0.034129308604823064,0.13287230065976696,False,284.8837061763203
2020-02-11 10:00:00,89.7427,87.92139,120.0,24.0,-232152.1210250949,1042.540005346918,-0.13116852792021114,0.03877452298890758,0.13677955384403231,False,286.46812369461986
2020-02-11 11:00:00,89.62665,87.92272,120.0,24.0,-232001.00976879787,1511.783305881806,-0.129179042482126,0.043581144537663506,0.13633246559719966,False,288.6428560765107
2020-02-11 12:00:00,89.513,87.9242,120.0,24.0,-231832.28285471807,1970.5647029299462,-0.12604917397516135,0.0471479165633048,0.13457830544363697,False,290.50800017962024
2020-02-11 13:00:00,89.40236,87.92576,120.0,24.0,-231653.84313911712,2416.419241153525,-0.12084454442790254,0.0471448138032166,0.12971521648028528,False,291.31213803086325
2020-02-11 14:00:00,89.29782,87.92724,120.0,24.0,-231483.7832000727,2837.0575008397946,-0.11238440728776847,0.0424895235183578,0.12014830256911709,False,290.7102577531974
2020-02-11 15:00:00,89.20211,87.9285,120.0,24.0,-231338.02515554888,3221.7770887279676,-0.10317237855075438,0.03613225706252493,0.10931642006694395,False,289.30089235751825
2020-02-11 16:00:00,89.11387,87.92957,120.0,24.0,-231213.31184601435,3576.2038855888295,-0.09645721079602872,0.031016884622934303,0.10132147179281367,False,287.82576974958477
2020-02-11 17:00:00,89.03004,87.9305,120.0,24.0,-231103.9897895713,3912.7322208269743,-0.09467105068145878,0.029625758485826513,0.09919825302389079,False,287.3766582063895
2020-02-11 18:00:00,88.9449,87.93148,120.0,24.0,-230988.4981632862,4254.126903393434,-0.09910676669731552,0.0335080487964725,0.10461806985097226,False,288.68042167227077
2020-02-11 19:00:00,88.85306,87.93266,120.0,24.0,-230849.63314054543,4621.737448350628,-0.10740688698027427,0.04204064433284363,0.11534147192885162,False,291.3761097780945
2020-02-11 20:00:00,88.75298,87.93419,120.0,24.0,-230670.3867843983,5021.242692194379,-0.1165841561856286,0.05475983502654766,0.12880413427235074,False,295.1595475797967
2020-02-11 21:00:00,88.64458,87.93619,120.0,24.0,-230437.18781139803,5452.364097307537,-0.12481526116848411,0.06794233361109425,0.14210914860443757,False,298.5613602729539
2020-02-11 22:00:00,88.52957,87.93857,120.0,24.0,-230160.08141905157,5908.089780799669,-0.1307015791155704,0.0786420395113408,0.1525367928134291,False,301.03496830364213
2020-02-11 23:00:00,88.41037,87.94126,120.0,24.0,-229847.00323774433,6378.575724166792,-0.1332999707533694,0.08716885684142302,0.15927112671758695,False,303.18187893831737
2020-02-12 00:00:00,88.2904,87.94419,120.0,24.0,-229506.0827604789,6850.069696616595,-0.13180313726159668,0.09305832947253306,0.16134410332025714,False,305.2236334597506
2020-02-12 01:00:00,88.17356,87.94726,120.0,24.0,-229148.9698255971,7307.146707743832,-0.12541685966664706,0.09305320561996008,0.15616749906684813,False,306.57361648654273
2020-02-12 02:00:00,88.06475,87.95019,120.0,24.0,-228807.6596048771,7731.2586283708115,-0.11430277849394832,0.08482992541626254,0.1423419875425564,False,306.5809956194637
2020-02-12 03:00:00,87.96763,87.95273,120.0,24.0,-228510.75064522246,8109.031383297935,-0.10257777615666562,0.07320064605266366,0.1260179937301588,False,305.51207772656744
2020-02-12 04:00:00,87.87971,87.95491,120.0,24.0,-228254.754117737,8450.662856470455,-0.09491896380057094,0.064984768291903,0.11503316825562276,False,304.3968755177904
2020-02-12 05:00:00,87.79621,87.95692,120.0,24.0,-228017.8958835573,8774.669207253515,-0.09428739556499226,0.06530151679342573,0.11469263733104836,False,304.70567963475236
2020-02-12 06:00:00,87.70924,87.95912,120.0,24.0,-227758.82577125359,9110.950086392726,-0.10168660157993129,0.07663023837132849,0.12732775963521192,False,307.00139721843675
2020-02-12 07:00:00,87.61214,87.96186,120.0,24.0,-227437.33483080083,9484.174332052527,-0.11192686365379026,0.09089927727968432,0.14418842331249443,False,309.08112203977555
2020-02-12 08:00:00,87.50637,87.96498,120.0,24.0,-227071.34339374566,9888.855740113737,-0.11965723376755545,0.09989276540260676,0.15587308354133386,False,309.85594925333214
2020-02-12 09:00:00,87.39494,87.9683,120.0,24.0,-226681.30417242178,10313.598205390435,-0.12512970629724826,0.1079573732413153,0.16526414564327097,False,310.78643376292405
2020-02-12 10:00:00,87.27886,87.97194,120.0,24.0,-226253.9050565422,10753.52965220246,-0.12927257328781627,0.11989908521842378,0.17631559443415287,False,312.84562906768383
2020-02-12 11:00:00,87.15947,87.97603,120.0,24.0,-225774.81621164404,11202.32732411294,-0.1301062046454456,0.13168182460802824,0.18511544349227613,False,315.34484114563617
2020-02-12 12:00:00,87.04141,87.98043,120.0,24.0,-225260.53824426854,11642.15857683409,-0.1258511003560778,0.13741575453579571,0.18633729915257877,False,317.5152432326546
2020-02-12 13:00:00,86.92931,87.98489,120.0,24.0,-224739.97248138988,12056.180725224407,-0.11841641828586474,0.1366394998402983,0.18081150692436518,False,319.0866899547452
2020-02-12 14:00:00,86.82438,87.98924,120.0,24.0,-224232.4744081008,12440.83219883733,-0.11052055861722766,0.13105664994609276,0.17143698367667565,False,319.8589405984212
2020-02-12 15:00:00,86.72632,87.99334,120.0,24.0,-223753.73180467988,12798.434100194976,-0.104302768025752,0.12439011189460018,0.16233289055205352,False,320.01971833621405
2020-02-12 16:00:00,86.63241,87.99726,120.0,24.0,-223295.4420793899,13139.442535601012,-0.10185379144148846,0.11958574934793341,0.15708260972530658,False,319.5782390845091
2020-02-12 17:00:00,86.53848,88.00105,120.0,24.0,-222851.12313489206,13479.93744155233,-0.10573396058342781,0.11571511237995624,0.15674711370154082,False,317.5806885644828
2020-02-12 18:00:00,86.43703,88.00472,120.0,24.0,-222417.8483185221,13849.034139030064,-0.11748876426687799,0.11169045750971174,0.16210603945469382,False,313.5507078472216
2020-02-12 19:00:00,86.32097,88.00825,120.0,24.0,-221995.93616848468,14274.245852084558,-0.13421118437743662,0.10781752492649535,0.1721547579745321,False,308.7763870032089
2020-02-12 20:00:00,86.18812,88.01167,120.0,24.0,-221581.15597476202,14763.551233584545,-0.1517182445568596,0.10502735808644689,0.18452417640524452,False,304.6930218967948
2020-02-12 21:00:00,86.03911,88.01502,120.0,24.0,-221168.79041173798,15313.927994320924,-0.1651481638993346,0.10610511218970568,0.1962962324450256,False,302.72011051496406
2020-02-12 22:00:00,85.88079,88.01851,120.0,24.0,-220736.88852004672,15897.007133264286,-0.17088771359906313,0.11276411507863338,0.20473972821263267,False,303.41972514186705
2020-02-12 23:00:00,85.72054,88.02229,120.0,24.0,-220270.6048109888,16482.820725773963,-0.17103425777776496,0.11849858835525126,0.20807362345039856,False,304.7155876197678
2020-02-13 00:00:00,85.56136,88.02615,120.0,24.0,-219794.18534392116,17061.354368765413,-0.16858124670943367,0.11694492233974738,0.2051724923159937,False,304.74907077062267
2020-02-13 01:00:00,85.4051,88.02983,120.0,24.0,-219337.19017742868,17627.801461403815,-0.16423133298438417,0.11104864752732485,0.19825169066486092,False,304.0654612205051
2020-02-13 02:00:00,85.25349,88.03331,120.0,24.0,-218902.47727149597,18175.967406815955,-0.15875797172374922,0.10577478155128171,0.19076791658468184,False,303.6741073235456
2020-02-13 03:00:00,85.10696,88.03665,120.0,24.0,-218483.6384023289,18703.92007914234,-0.15550555182914583,0.1042301451722814,0.18720550155463384,False,303.8326182159828
2020-02-13 04:00:00,84.96094,88.04003,120.0,24.0,-218059.25445351913,19227.516133938938,-0.1576776657008345,0.10796047525864093,0.19109607656604502,False,304.3990906599534
2020-02-13 05:00:00,84.80979,88.04361,120.0,24.0,-217609.61018343995,19766.536088721437,-0.16543945804356017,0.11448242568419764,0.2011875743386871,False,304.68284103180713
2020-02-13 06:00:00,84.64856,88.04741,120.0,24.0,-217130.60503653646,20339.230536777024,-0.17780967073344975,0.11991818269469907,0.21446829496952935,False,303.9964663832196
2020-02-13 07:00:00,84.4734,88.05134,120.0,24.0,-216630.56257156937,20960.660071486258,-0.1922677273174816,0.11992025919734774,0.2266004137988025,False,301.9524073920022
2020-02-13 08:00:00,84.28411,88.05514,120.0,24.0,-216137.87108875133,21633.968557021482,-0.2061297063357826,0.11231952934307357,0.23474482423671356,False,298.5858490260814
2020-02-13 09:00:00,84.08194,88.05858,120.0,24.0,-215678.06946585383,22356.87171470928,-0.21756298144572786,0.10176732513736908,0.24018792509443332,False,295.0683266882721
2020-02-13 10:00:00,83.87021,88.0617,120.0,24.0,-215247.54064354187,23116.525033792648,-0.22528416063710238,0.09307471221090047,0.24375367707402015,False,292.4476543606031
2020-02-13 11:00:00,83.65266,88.06458,120.0,24.0,-214838.55924673707,23898.08569067566,-0.22922206586433527,0.08593309669510472,0.2448004342045248,False,290.55052749136803
2020-02-13 12:00:00,83.43278,88.06724,120.0,24.0,-214450.15441154654,24688.40415481947,-0.22932043219831688,0.07848030195303393,0.24237784225927547,False,288.89247860233354
2020-02-13 13:00:00,83.21445,88.06964,120.0,24.0,-214088.3736343392,25473.733805501408,-0.22444422744448364,0.0677669464946395,0.23445163738041677,False,286.80075777884826
2020-02-13 14:00:00,83.00338,88.07161,120.0,24.0,-213774.71419185263,26235.433357011603,-0.21503649048826964,0.05442276275779229,0.22181643164495865,False,284.2025455558353
2020-02-13 15:00:00,82.80263,88.07315,120.0,24.0,-213510.85256334874,26962.736335367274,-0.2090672249574142,0.050563202513904254,0.2150947279685305,False,283.59599155477963
2020-02-13 16:00:00,82.6026,88.07487,120.0,24.0,-213224.9341600952,27683.24480259191,-0.213067017394941,0.0645404490761613,0.22262754427188172,False,286.8521639524248
2020-02-13 17:00:00,82.39375,88.07731,120.0,24.0,-212852.5149131989,28424.221427663357,-0.2201195825984832,0.07880375281845442,0.23380047498155884,False,289.69758478910387
2020-02-13 18:00:00,82.17971,88.07995,120.0,24.0,-212452.7601614278,29179.05886828627,-0.22180290792884647,0.07646442723209534,0.23461316799707715,False,289.02114230769394
2020-02-13 19:00:00,81.96711,88.08224,120.0,24.0,-212089.79577997932,29931.43945990742,-0.21730633960620155,0.06931970057434482,0.22809486210952368,False,287.69243835422185
2020-02-13 20:00:00,81.7612,88.08442,120.0,24.0,-211739.9151100396,30658.56737059766,-0.2083957586771692,0.07164089197077976,0.2203660809584857,False,288.97160031342696
2020-02-13 21:00:00,81.56527,88.08686,120.0,24.0,-211364.29170760815,31342.48763362617,-0.19952339097943475,0.08048861935944959,0.21514646498216683,False,291.96936643781726
2020-02-13 22:00:00,81.37597,88.08961,120.0,24.0,-210955.94568348982,31994.592044964444,-0.1941851453636354,0.08902575126592258,0.21361988453409042,False,294.62947173265525
2020-02-13 23:00:00,81.18981,88.0926,120.0,24.0,-210520.9034751345,32628.697025626025,-0.18924660588715977,0.09320933332086616,0.2109555821919162,False,296.2215570747305
2020-02-14 00:00:00,81.00951,88.09562,120.0,24.0,-210084.0625330421,33238.3029474464,-0.18105579739151903,0.09087753055999867,0.20258313683463952,False,296.6534966304971
2020-02-14 01:00:00,80.83868,88.09846,120.0,24.0,-209670.90948838257,33814.03244450984,-0.17055992236502304,0.0857585920462426,0.19090632055255938,False,296.69353497998816
2020-02-14 02:00:00,80.67824,88.10115,120.0,24.0,-209278.95632009237,34352.36055724631,-0.1596111937720344,0.08234725668075739,0.1796017924748538,False,297.29029823501673
2020-02-14 03:00:00,80.52823,88.10377,120.0,24.0,-208899.69301564133,34852.019854975064,-0.1491356186724503,0.078937070656876,0.16873794440108347,False,297.8921452965002
2020-02-14 04:00:00,80.38777,88.10624,120.0,24.0,-208541.65538673915,35317.96990706233,-0.13958074781726915,0.07304487764207147,0.1575383740901666,False,297.6237946765448
2020-02-14 05:00:00,80.25602,88.10848,120.0,24.0,-208213.34264271482,35755.073494281445,-0.13049297611400512,0.066220898345057,0.1463339475060954,False,296.9062967028767
2020-02-14 06:00:00,80.13298,88.11051,120.0,24.0,-207912.7282337944,36163.270394722924,-0.12185622987535033,0.06141413952193957,0.1364574559804428,False,296.74757910666176
2020-02-14 07:00:00,80.01783,88.11244,120.0,24.0,-207627.35450960364,36543.68730667892,-0.11615103162920624,0.062195047528422524,0.13175464350675314,False,298.167581188981
2020-02-14 08:00:00,79.90569,88.11452,120.0,24.0,-207326.73938028168,36909.274720605776,-0.11468219140743227,0.07026411469421588,0.13449554208141196,False,301.4951971731923
2020-02-14 09:00:00,79.79315,88.11697,120.0,24.0,-206984.56230169922,37267.94870492625,-0.11150207370652845,0.08049466158893945,0.13752128193546623,False,305.8259619485294
2020-02-14 10:00:00,79.68697,88.11971,120.0,24.0,-206614.08897301133,37596.684944394176,-0.10103142162775405,0.08746849355186676,0.13363414803244703,False,310.8845517082823
2020-02-14 11:00:00,79.5947,88.12261,120.0,24.0,-206234.7353611191,37870.87715221963,-0.08655449154243997,0.09181307255411875,0.12617971428878014,False,316.688688484596
2020-02-14 12:00:00,79.5167,88.12563,120.0,24.0,-205851.3511912684,38090.23567182763,-0.0724755099021813,0.09522795073326462,0.11967064024412276,False,322.7261831687334
2020-02-14 13:00:00,79.4519,88.12875,120.0,24.0,-205465.59359402058,38259.23884350437,-0.058748659746919805,0.09771109637992376,0.11401255798299635,False,328.98366992908814
2020-02-14 14:00:00,79.40076,88.13193,120.0,24.0,-205082.2866792173,38377.29116090618,-0.04486790996162038,0.098488387510803,0.10822703829820979,False,335.5076278639021
2020-02-14 15:00:00,79.36321,88.1351,120.0,24.0,-204709.1552183345,38446.34219375789,-0.03303526529837332,0.0960092424160724,0.10153375489285354,False,341.0124681992146
2020-02-14 16:00:00,79.33535,88.13812,120.0,24.0,-204358.99448571375,38483.46235367041,-0.025356623213592874,0.08949633226542494,0.09301909389883058,False,344.18120366396874
2020-02-14 17:00:00,79.31292,88.14087,120.0,24.0,-204042.125750263,38506.50842663797,-0.020822090474768216,0.08158640762046306,0.08420155200560014,False,345.6828720776556
2020-02-14 18:00:00,79.29399,88.14338,120.0,24.0,-203753.95965626795,38521.84648669132,-0.0179924537667659,0.07538241128082915,0.07749991176163548,False,346.57567015831665
2020-02-14 19:00:00,79.27713,88.14573,120.0,24.0,-203484.75426766174,38532.972012381186,-0.016813167208635214,0.07243566798420106,0.07436133799161321,False,346.93237512416727
2020-02-14 20:00:00,79.2605,88.14805,120.0,24.0,-203219.00629173697,38543.75098334992,-0.017477270272126835,0.07352173222836535,0.07557049745783354,False,346.6280831394047
2020-02-14 21:00:00,79.24227,88.15047,120.0,24.0,-202941.22085854431,38557.961882982905,-0.019777217833785214,0.07553845148017518,0.07808454390766313,False,345.3283359395123
2020-02-14 22:00:00,79.221,88.15292,120.0,24.0,-202658.10881030286,38582.126181319945,-0.02301160188316316,0.07553865186193343,0.07896595308325972,False,343.0575092107788
2020-02-14 23:00:00,79.19625,88.15534,120.0,24.0,-202375.95248225852,38619.00526183665,-0.024931861519540358,0.07321143874550137,0.0773402384403865,False,341.19393035938026
2020-02-15 00:00:00,79.17108,88.15764,120.0,24.0,-202106.6814547041,38659.64700797366,-0.023700972455975827,0.06855752266503738,0.07253874833029612,False,340.9292568861265
2020-02-15 01:00:00,79.14874,88.15976,120.0,24.0,-201859.06766735273,38693.874677510015,-0.020635032635831115,0.061267424056388305,0.0646490666783916,False,341.3863367202374
2020-02-15 02:00:00,79.12967,88.16159,120.0,24.0,-201645.47345435186,38722.51635570068,-0.017702332898401993,0.05103044208433697,0.05401368909238394,False,340.86846754365774
2020-02-15 03:00:00,79.11318,88.16305,120.0,24.0,-201474.20458482148,38749.75400118356,-0.016299532176583944,0.039397649354898076,0.04263624659684523,False,337.52422050351163
2020-02-15 04:00:00,79.0969,88.16413,120.0,24.0,-201344.75059985186,38784.185505999994,-0.017188940142011676,0.028230140721101547,0.0330514826950147,False,328.66334612637934
2020-02-15 05:00:00,79.0786,88.16487,120.0,24.0,-201251.20757258032,38832.83453370353,-0.01911507532363597,0.017837848576732904,0.02614526623453525,False,313.0204386012033
2020-02-15 06:00:00,79.05843,88.16528,120.0,24.0,-201192.56885224927,38894.98821770811,-0.020665699741592405,0.008221005428677014,0.02224086500269244,False,291.6931176850419
2020-02-15 07:00:00,79.037,88.1654,120.0,24.0,-201164.85027096092,38967.68774071167,-0.021816337731994387,0.0006206378936073984,0.021825163995521854,False,271.6295284774071
2020-02-15 08:00:00,79.01451,88.16532,120.0,24.0,-201158.30956413576,39048.34939881676,-0.02253685899368468,-0.003722539866571891,0.02284222660686657,False,260.62081906201354
2020-02-15 09:00:00,78.99163,88.16516,120.0,24.0,-201160.2400630003,39132.087143577475,-0.0214803178003083,-0.005584397168616161,0.02219435839440036,False,255.42699671238165
2020-02-15 10:00:00,78.97127,88.16496,120.0,24.0,-201168.2450043329,39207.8396148709,-0.01786042091745717,-0.006049995303023871,0.018857281843239034,False,251.2868292838475
2020-02-15 11:00:00,78.95568,88.16477,120.0,24.0,-201178.39515420626,39266.640275140955,-0.014429107173195913,-0.0060495212225349084,0.015645952858086783,False,247.2537336517408
2020-02-15 12:00:00,78.94223,88.16457,120.0,24.0,-201191.09291491704,39318.149131101156,-0.01361585812127553,-0.006359410198718035,0.015027763987175995,False,244.96464635772043
2020-02-15 13:00:00,78.92828,88.16436,120.0,24.0,-201204.53000268174,39371.63640939509,-0.012966133834630753,-0.006204565244705019,0.014374187159396451,False,244.42791368034074
2020-02-15 14:00:00,78.91614,88.16417,120.0,24.0,-201217.00642061097,39418.34658016682,-0.009796223318865835,-0.005118987980750656,0.0110530552002675,False,242.41081296127342
2020-02-15 15:00:00,78.90857,88.16403,120.0,24.0,-201227.13960540912,39447.93909729897,-0.00539801442650226,-0.003722817768744352,0.006557280830344633,False,235.4073574252034
2020-02-15 16:00:00,78.90528,88.16393,120.0,24.0,-201235.8332462172,39461.64280894794,-0.0017745640881154788,-0.002792008717784208,0.0033082307028096053,False,212.43950383788808
2020-02-15 17:00:00,78.905,88.16385,120.0,24.0,-201244.40769014216,39464.345512114756,0.00023863681638776135,-0.0021715238918436517,0.002184596883405148,False,173.7287187521373
2020-02-15 18:00:00,78.90576,88.16379,120.0,24.0,-201251.50663341748,39462.96547433962,0.000347983716001727,-0.0013959834895141026,0.0014387016958349432,False,166.00286178118824
2020-02-15 19:00:00,78.9057,88.16376,120.0,24.0,-201254.7530500959,39463.82091413944,-0.0008004172368435143,-0.0009306435961208537,0.0012275036684413457,False,220.69778691781062
2020-02-15 20:00:00,78.90415,88.16373,120.0,24.0,-201256.9731023253,39469.910143413996,-0.0024410598590108427,-0.0012408334456965018,0.002738328116795555,False,243.05497246141488
2020-02-15 21:00:00,78.90079,88.16368,120.0,24.0,-201260.13759828513,39482.78735333529,-0.004260808681191405,-0.002171457177488175,0.0047822292805114386,False,242.99501771463173
2020-02-15 22:00:00,78.89558,88.16359,120.0,24.0,-201266.40941617376,39503.02391856276,-0.0061354741058036845,-0.003412295098762015,0.007020527070243572,False,240.91901113453775
2020-02-15 23:00:00,78.88845,88.16346,120.0,24.0,-201275.7380648277,39530.867546902795,-0.008189562462167146,-0.004963329789867453,0.009576198406712493,False,238.78180906657028
2020-02-16 00:00:00,78.87911,88.16327,120.0,24.0,-201290.1117854745,39567.77043248798,-0.01033374512406452,-0.006824606014359693,0.012383922461819668,False,236.55845250045437
2020-02-16 01:00:00,78.86767,88.16302,120.0,24.0,-201309.60172644627,39613.350965989266,-0.011334548496530088,-0.007910566899066915,0.013822049713584654,False,235.08818136053372
2020-02-16 02:00:00,78.85632,88.16276,120.0,24.0,-201330.23951248376,39658.840453387034,-0.009833540774520108,-0.006825046376570963,0.011969953308450871,False,235.23711414179812
2020-02-16 03:00:00,78.8479,88.16258,120.0,24.0,-201344.13174395825,39692.31489319788,-0.005173284409267618,-0.004343342003158874,0.00675481245746879,False,229.98413921892447
2020-02-16 04:00:00,78.84592,88.16248,120.0,24.0,-201353.7168469372,39701.433221761465,0.0024427607351184995,-0.0017060096159201266,0.0029795215754628477,False,124.93021996202725
2020-02-16 05:00:00,78.85281,88.16247,120.0,24.0,-201359.58532990477,39677.43541699231,0.009879991585395152,0.0009311780521792448,0.009923775808246544,False,84.615842102344
2020-02-16 06:00:00,78.86578,88.16254,120.0,24.0,-201360.89157258172,39630.34317135411,0.013938961756852797,0.003257541344595352,0.01431454611473074,False,76.84603227849817
2020-02-16 07:00:00,78.88083,88.16268,120.0,24.0,-201355.95292190803,39574.43471505417,0.014152149181772156,0.004497956347413823,0.01484974537715629,False,72.36826024481758
2020-02-16 08:00:00,78.89423,88.16283,120.0,24.0,-201348.76478747613,39524.11494790661,0.010783882087954706,0.004032351542096116,0.01151312172462166,False,69.49802708664623
2020-02-16 09:00:00,78.90251,88.16294,120.0,24.0,-201342.4195216007,39492.652435209355,0.00441190421436414,0.0013956847613556384,0.004627400431106476,False,72.44548232482094
2020-02-16 10:00:00,78.9031,88.16292,120.0,24.0,-201345.01799263252,39491.00901366772,-0.0031834960272770995,-0.0027917510442710233,0.004234208408767502,False,228.75101778654033
2020-02-16 11:00:00,78.89611,88.16276,120.0,24.0,-201357.73269761744,39519.01379255465,-0.005725049821470794,-0.0035676298934080664,0.006745678506619005,False,238.0704336142461
2020-02-16 12:00:00,78.89159,88.16269,120.0,24.0,-201362.28548719108,39536.404721018414,0.0007657921367098085,0.0021715964293268536,0.002302665552899881,False,19.424697413119247
2020-02-16 13:00:00,78.89765,88.1629,120.0,24.0,-201343.45244695747,39510.59096358647,0.0063713474499105804,0.006824833477359474,0.009336617177606065,False,43.031808241551516
2020-02-16 14:00:00,78.9044,88.16313,120.0,24.0,-201322.8998718396,39481.92728006499,0.0011392149220622045,0.002791850238948003,0.0030153338779251655,False,22.197923047062886
2020-02-16 15:00:00,78.89994,88.16308,120.0,24.0,-201325.3053842273,39498.673507789055,-0.010907997337002298,-0.006048011777083861,0.01247248380876056,False,240.9935308506548
2020-02-16 16:00:00,78.88247,88.16274,120.0,24.0,-201350.51063388557,39567.37916176207,-0.021639709055215364,-0.01287242753562887,0.02517888795507828,False,239.25361099717009
2020-02-16 17:00:00,78.85644,88.16225,120.0,24.0,-201386.2047395564,39669.42656054872,-0.020530964397983027,-0.00884314397194765,0.022354455806837273,False,246.69737811967485
2020-02-16 18:00:00,78.8412,88.16217,120.0,24.0,-201384.4113872729,39724.72054715859,-0.0031908562513861373,0.009926304219685786,0.010426556434353666,False,342.17975890098097
2020-02-16 19:00:00,78.85003,88.16289,120.0,24.0,-201311.6403433215,39678.13499517086,0.007714554025145836,0.024507074196127798,0.02569262597441933,False,17.47342140298275
2020-02-16 20:00:00,78.85671,88.16375,120.0,24.0,-201222.0321976321,39636.10252112058,-0.007712270019209827,0.0183048054035831,0.019863157093278194,False,337.15309719499606
2020-02-16 21:00:00,78.83451,88.16407,120.0,24.0,-201171.5988853836,39707.14539610078,-0.030668836596369542,0.007604970405678479,0.03159767575385983,False,283.92675607744127
2020-02-16 22:00:00,78.79501,88.16424,120.0,24.0,-201125.5533256207,39842.1354384802,-0.03925641289543472,0.009461644254484999,0.040380548106920024,False,283.551067019896
2020-02-16 23:00:00,78.75552,88.16468,120.0,24.0,-201049.8498641396,39971.16602453965,-0.03846165421425124,0.011167316608130506,0.040050066231191894,False,286.19062121196737
2020-02-17 00:00:00,78.71761,88.16496,120.0,24.0,-200992.69308076188,40098.064959938005,-0.038211269967691884,0.000155469133042283,0.0382115862428552,False,270.23311646074035
2020-02-17 01:00:00,78.67862,88.16469,120.0,24.0,-200994.92611372162,40240.75140692241,-0.041083322540814,-0.008063982049920692,0.04186725686612391,False,258.8949578857653
2020-02-17 02:00:00,78.63493,88.16444,120.0,24.0,-200991.5548877362,40399.50706057215,-0.04712806259731219,0.002639924721089107,0.04720194367511992,False,273.20612878679594
2020-02-17 03:00:00,78.58377,88.16486,120.0,24.0,-200909.42466625344,40569.67425506746,-0.0537901574822668,0.02094250773510714,0.057723216059070076,False,291.2728126688951
2020-02-17 04:00:00,78.52665,88.16579,120.0,24.0,-200767.09403329666,40749.28789571214,-0.058629698234299185,0.031178862131631513,0.06640454019770237,False,298.00373191897575
2020-02-17 05:00:00,78.4657,88.16687,120.0,24.0,-200605.45518991363,40938.71937594217,-0.06223525082962429,0.02931749223007251,0.06879492565943082,False,295.2239686194064
2020-02-17 06:00:00,78.40126,88.16768,120.0,24.0,-200470.67254661955,41146.12493653117,-0.06555740770055568,0.016288302493759153,0.0675505921702029,False,283.9530933194652
2020-02-17 07:00:00,78.33357,88.16792,120.0,24.0,-200395.67292977613,41377.51500065092,-0.06784632813614232,0.0026376757081106594,0.06789758150846209,False,272.22637862536317
2020-02-17 08:00:00,78.26449,88.16785,120.0,24.0,-200353.29360715472,41620.68664316421,-0.06871034712494765,-0.0013957649917143763,0.06872452227511587,False,268.83626776384324
2020-02-17 09:00:00,78.19505,88.16783,120.0,24.0,-200304.89033927498,41863.93246506705,-0.07099046398842866,0.00201904343097678,0.07101917004350697,False,271.62911304183604
2020-02-17 10:00:00,78.12137,88.16798,120.0,24.0,-200234.49639233525,42118.03340032637,-0.07688596331804223,0.007605478576904089,0.07726121057637579,False,275.649260121151
2020-02-17 11:00:00,78.04003,88.16832,120.0,24.0,-200137.35527104273,42394.385324492534,-0.08271152831994986,0.011325919485485867,0.08348337181267643,False,277.7971777812286
2020-02-17 12:00:00,77.95458,88.16871,120.0,24.0,-200031.3107442658,42683.73039685245,-0.08431415954024409,0.010546782838324931,0.08497124294263629,False,277.13004314576824
2020-02-17 13:00:00,77.86998,88.169,120.0,24.0,-199936.40442006968,42972.23423914766,-0.0816386813956187,0.007597118960066061,0.08199140513803098,False,275.3165099197763
2020-02-17 14:00:00,77.7899,88.1692,120.0,24.0,-199854.31814837825,43246.91128553459,-0.07644384530664874,0.005579960972328775,0.07664722728004944,False,274.1748580517086
2020-02-17 15:00:00,77.71576,88.16936,120.0,24.0,-199780.73044482057,43501.68217164301,-0.07366839536666979,0.006514809535994287,0.07395590050286899,False,275.0537623284067
2020-02-17 16:00:00,77.64126,88.16962,120.0,24.0,-199695.63407178473,43755.19954941492,-0.07666800236044663,0.011326783939075024,0.07750018464716028,False,278.4039774219418
2020-02-17 17:00:00,77.56104,88.17009,120.0,24.0,-199582.91975879818,44023.444968490374,-0.07917316913376923,0.015975791649224323,0.08076890880471183,False,281.4081223948822
2020-02-17 18:00:00,77.48145,88.17065,120.0,24.0,-199460.5207410884,44287.08864293194,-0.074849391693077,0.016281183146391643,0.07659966293313575,False,282.27177318735846
2020-02-17 19:00:00,77.40992,88.17114,120.0,24.0,-199351.66912433133,44524.13926396146,-0.06696894642632854,0.0159716695448701,0.06884717868949311,False,283.41409936282105
2020-02-17 20:00:00,77.3462,88.17168,120.0,24.0,-199243.187802883,44732.604718097595,-0.060225212071450686,0.019230495984680455,0.06322094704184698,False,287.7087883803075
2020-02-17 21:00:00,77.28825,88.17238,120.0,24.0,-199121.58360596013,44916.89788661132,-0.055368366042837486,0.023729764170316456,0.06023917052742737,False,293.19899654085157
2020-02-17 22:00:00,77.2343,88.17321,120.0,24.0,-198988.79930286406,45083.88991342308,-0.052064727388598714,0.026987798415720115,0.058643645021235216,False,297.4000061604504
2020-02-17 23:00:00,77.18298,88.17412,120.0,24.0,-198849.24234564297,45239.56179048689,-0.0496405783843659,0.03024532938766037,0.05812888242605776,False,301.3533833631095
2020-02-18 00:00:00,77.13388,88.17516,120.0,24.0,-198697.17125003258,45384.087725932615,-0.047552019760601874,0.034433436350680816,0.05870993205777927,False,305.9091027037038
2020-02-18 01:00:00,77.08673,88.17634,120.0,24.0,-198531.30834068067,45518.134922473786,-0.04612450518009942,0.03784630134850792,0.05966416431888651,False,309.36972815928146
2020-02-18 02:00:00,77.04046,88.1776,120.0,24.0,-198357.3538440266,45646.88957291251,-0.04580670823155063,0.03955298467751724,0.06052018767246448,False,310.8098145489005
2020-02-18 03:00:00,76.99389,88.17889,120.0,24.0,-198179.81683553912,45775.67663354623,-0.04660558819408466,0.042345405056874334,0.06296994664399329,False,312.25799420675935
2020-02-18 04:00:00,76.94593,88.18033,120.0,24.0,-197984.76897995837,45905.22505668597,-0.04934837396657539,0.04979193017616522,0.07010348296492185,False,315.2563410455409
2020-02-18 05:00:00,76.89371,88.1821,120.0,24.0,-197750.32592938092,46040.82782557425,-0.058534403782430494,0.062206266988417316,0.08541601769456869,False,316.7418939512922
2020-02-18 06:00:00,76.82697,88.18434,120.0,24.0,-197452.98404538166,46214.132868309716,-0.07712447048928525,0.07834601540294467,0.10993762812509225,False,315.4501685799311
2020-02-18 07:00:00,76.73676,88.18715,120.0,24.0,-197074.53008419534,46452.95989001665,-0.09817218271517159,0.09494374518063108,0.1365726627403363,False,314.0422404936211
2020-02-18 08:00:00,76.62689,88.19046,120.0,24.0,-196625.45618437877,46745.28454092871,-0.11401768434428361,0.10905481813775293,0.15777511116234735,False,313.7255068007196
2020-02-18 09:00:00,76.50398,88.19418,120.0,24.0,-196120.7529348493,47070.01866208954,-0.12416782534149554,0.12068393417612291,0.1731538645779034,False,314.18481782024037
2020-02-18 10:00:00,76.37288,88.19824,120.0,24.0,-195571.88450143402,47411.81819327923,-0.13004694856507007,0.12952135216505348,0.18354288190433807,False,314.8839826966331
2020-02-18 11:00:00,76.23736,88.20253,120.0,24.0,-194993.8477169551,47760.28672990534,-0.13348797399863635,0.13556948678222613,0.19025804831506288,False,315.44324925220485
2020-02-18 12:00:00,76.09856,88.20698,120.0,24.0,-194395.15936857733,48113.12323321675,-0.13558942968184987,0.13929040412427804,0.19438701119816107,False,315.7713821734734
2020-02-18 13:00:00,75.95804,88.21151,120.0,24.0,-193785.78606035415,48466.989885837014,-0.1340266075313084,0.14285102146572468,0.19588145869416101,False,316.82546560114156
2020-02-18 14:00:00,75.82177,88.21619,120.0,24.0,-193163.22792476648,48799.72513762747,-0.12753279749334234,0.1479653144246199,0.1953416205247988,False,319.2416172620997
2020-02-18 15:00:00,75.69398,88.22105,120.0,24.0,-192527.97611771102,49096.30931607562,-0.12255040341000503,0.15448830569357447,0.1971934024556255,False,321.5762089077413
2020-02-18 16:00:00,75.56731,88.22615,120.0,24.0,-191867.3726865643,49379.87161748737,-0.12481290811698191,0.16287272319801677,0.20519694440842914,False,322.53626948419986
2020-02-18 17:00:00,75.43405,88.23155,120.0,24.0,-191168.31862100368,49674.31921011318,-0.12956278977606653,0.17248712486639028,0.21572743158724836,False,323.0881500418541
2020-02-18 18:00:00,75.29667,88.23727,120.0,24.0,-190430.7748707502,49970.40821252604,-0.13116427503042266,0.18209954426628502,0.22441994355726289,False,324.2352139147229
2020-02-18 19:00:00,75.15919,88.24329,120.0,24.0,-189660.43931446553,50254.99629988699,-0.13092651164489286,0.18690837044933417,0.22820273967576682,False,324.9893337179448
2020-02-18 20:00:00,75.02139,88.24932,120.0,24.0,-188888.47651110904,50536.94244092908,-0.13140396790875594,0.1833424726431003,0.22556920236825623,False,324.37033177483374
2020-02-18 21:00:00,74.88197,88.25511,120.0,24.0,-188140.69647422872,50827.776229795934,-0.1330811180602828,0.17713964805508867,0.2215604632989731,False,323.0832682376509
2020-02-18 22:00:00,74.73969,88.26074,120.0,24.0,-187407.30968836258,51129.32797386258,-0.136071826418373,0.17450480985155817,0.22128594760210218,False,322.05432860900135
2020-02-18 23:00:00,74.59299,88.26636,120.0,24.0,-186670.69748311595,51442.24888366327,-0.14110064534192387,0.17249211677178217,0.22285179484203738,False,320.71641714853104
2020-02-19 00:00:00,74.43906,88.27186,120.0,24.0,-185940.0934416293,51778.79112591362,-0.14910415446294395,0.168309387510739,0.22485572886264107,False,318.4624828534868
2020-02-19 01:00:00,74.27429,88.27721,120.0,24.0,-185215.29474202497,52151.359864496786,-0.16124988268718024,0.17048972027855758,0.23466629367527453,False,316.59542863587143
2020-02-19 02:00:00,74.09327,88.28285,120.0,24.0,-184443.84508812436,52563.63502738125,-0.1776579488798051,0.18631952498684845,0.2574438039485594,False,316.3632110312156
2020-02-19 03:00:00,73.892,88.28922,120.0,24.0,-183574.58546092844,53013.84981744192,-0.19412650806574483,0.20756659144466044,0.2841988582273938,False,316.9163209247733
2020-02-19 04:00:00,73.67401,88.29623,120.0,24.0,-182620.2450577952,53491.83081693421,-0.20667396797724294,0.2241570753566683,0.3048942824519894,False,317.32378556500976
2020-02-19 05:00:00,73.44385,88.30367,120.0,24.0,-181607.43699578784,53988.22164219824,-0.21654997985320473,0.2340835632431308,0.3188871404666927,False,317.22818263724207
2020-02-19 06:00:00,73.20242,88.31132,120.0,24.0,-180560.42840437157,54506.085985717276,-0.22530628106630696,0.23795974360520908,0.3277007169119203,False,316.56456496486635
2020-02-19 07:00:00,72.951,88.31901,120.0,24.0,-179498.42756804888,55046.0782984085,-0.23039605274382588,0.23732662346164946,0.3307661822551443,False,315.8489291055853
2020-02-19 08:00:00,72.69618,88.32662,120.0,24.0,-178440.41112427154,55591.05033081574,-0.2293642156890534,0.23343541175773647,0.3272614167621331,False,315.50401150245585
2020-02-19 09:00:00,72.44478,88.33406,120.0,24.0,-177402.56440088528,56122.843543855735,-0.22416943776739115,0.22676132585010633,0.3188614679296424,False,315.3293246429382
2020-02-19 10:00:00,72.19924,88.34124,120.0,24.0,-176396.9404671366,56637.44275705191,-0.21741289711706469,0.21729793855400606,0.30738699050652085,False,314.9848482260203
2020-02-19 11:00:00,71.96075,88.34807,120.0,24.0,-175434.37441081472,57134.98083769236,-0.2099234181825697,0.2069050553016398,0.2947499676180282,False,314.5851136799161
2020-02-19 12:00:00,71.72995,88.35458,120.0,24.0,-174512.40374275873,57613.27736644457,-0.2024034422800986,0.19806512127737436,0.2831906525884183,False,314.37933265360437
2020-02-19 13:00:00,71.50647,88.36084,120.0,24.0,-173623.33501027783,58071.755066356054,-0.19685397341837232,0.19186792850261752,0.2748905033617691,False,314.26512073785625
2020-02-19 14:00:00,71.28641,88.36695,120.0,24.0,-172752.71387626132,58519.241067225936,-0.19490800553556842,0.18908316577172685,0.27155399868186714,False,314.1309353834311
2020-02-19 15:00:00,71.06564,88.37303,120.0,24.0,-171883.66409511448,58964.11615552819,-0.19549025978503184,0.18986154669975502,0.27251394200305146,False,314.16315801409473
2020-02-19 16:00:00,70.84259,88.37919,120.0,24.0,-171002.9560591103,59407.039181675005,-0.19682291690903214,0.19296424291553962,0.27563464888244216,False,314.43282248492596
2020-02-19 17:00:00,70.61709,88.38547,120.0,24.0,-170106.2123349087,59846.82858273847,-0.19705045598718596,0.1928046700239871,0.27568555092317854,False,314.3760348826859
2020-02-19 18:00:00,70.39182,88.39162,120.0,24.0,-169222.58406064406,60284.675973728394,-0.1948360641538546,0.18457885536288787,0.26838488359451024,False,313.45142709695074
2020-02-19 19:00:00,70.16973,88.39737,120.0,24.0,-168383.54528678147,60722.315046690914,-0.190857693330986,0.17402948974158972,0.2582884480640642,False,312.3594514537906
2020-02-19 20:00:00,69.95201,88.40284,120.0,24.0,-167577.7049406583,61152.29949693655,-0.18614621328149067,0.16766918822485655,0.25052618505661356,False,312.0106028553691
2020-02-19 21:00:00,69.73929,88.40818,120.0,24.0,-166790.02937889748,61567.51331985874,-0.18103941529031714,0.16317065117919843,0.24372101118882541,False,312.0283072160976
2020-02-19 22:00:00,69.53198,88.41336,120.0,24.0,-166024.18031306984,61968.2980691191,-0.175821269593227,0.15758703991806208,0.23610758986426314,False,311.86959018402854
2020-02-19 23:00:00,69.33004,88.41834,120.0,24.0,-165284.3642695621,62356.744831552234,-0.1713566577102566,0.15029944810310075,0.22793206935779511,False,311.2544776862935
2020-02-20 00:00:00,69.13187,88.42305,120.0,24.0,-164576.1827391875,62740.66327424033,-0.16835369456123123,0.14223626390770583,0.22039537482179355,False,310.1933206613186
2020-02-20 01:00:00,68.93576,88.42751,120.0,24.0,-163895.65256631895,63124.57440281418,-0.16637225964458552,0.13618782920317873,0.2150043106598553,False,309.3028277746593
2020-02-20 02:00:00,68.74111,88.43183,120.0,24.0,-163230.6173193394,63506.074138843935,-0.16487819864563683,0.13448240167482917,0.21276827007065732,False,309.20230054536165
2020-02-20 03:00:00,68.54742,88.43618,120.0,24.0,-162562.8384938753,63879.836546282946,-0.16410726586280677,0.13758648672393187,0.21415236640765992,False,309.97625427056687
2020-02-20 04:00:00,68.35349,88.4407,120.0,24.0,-161876.4866936716,64243.48631994657,-0.16389343591774166,0.14441180015015628,0.21843952563474306,False,311.3843189200347
2020-02-20 05:00:00,68.15917,88.44549,120.0,24.0,-161161.11100078866,64593.102607162895,-0.16167700723391282,0.14843795279908953,0.21948412357001915,False,312.55548190331683
2020-02-20 06:00:00,67.96936,88.45027,120.0,24.0,-160451.37761330156,64926.39698037772,-0.1556743634649423,0.14470996474487333,0.212545245387135,False,312.9095613942709
2020-02-20 07:00:00,67.7882,88.45482,120.0,24.0,-159774.84059193652,65241.29340163183,-0.14967860586055223,0.13835618816906814,0.20382865317965757,False,312.7489076663823
2020-02-20 08:00:00,67.61161,88.45919,120.0,24.0,-159121.73649278353,65547.52928835739,-0.14727146971248695,0.1344841813747466,0.19943640798839038,False,312.40145319577823
2020-02-20 09:00:00,67.43518,88.46349,120.0,24.0,-158475.66970224114,65852.9181408824,-0.1455785452288964,0.13494612007376122,0.19850332025919318,False,312.82941858402734
2020-02-20 10:00:00,67.26166,88.46789,120.0,24.0,-157822.294342678,66142.61841750407,-0.14093117163490504,0.13974952434277832,0.19847298227320476,False,314.75878995704045
2020-02-20 11:00:00,67.09543,88.4725,120.0,24.0,-157155.46818911325,66399.8409917397,-0.13298991751381978,0.14781197907090812,0.19883334558667762,False,318.02153998731467
2020-02-20 12:00:00,66.94009,88.47742,120.0,24.0,-156469.29206421546,66610.4470689122,-0.12201384295124093,0.1582018553527916,0.1997878998057582,False,322.35864383208116
2020-02-20 13:00:00,66.79946,88.4827,120.0,24.0,-155763.32744851764,66761.98513548065,-0.10726390476545813,0.16797110396104462,0.1992983618382884,False,327.43829041648655
2020-02-20 14:00:00,66.67903,88.48825,120.0,24.0,-155053.45360365993,66843.85187889011,-0.08877234735665124,0.1744864902414329,0.19577043937219837,False,333.0346718871691
2020-02-20 15:00:00,66.58265,88.49395,120.0,24.0,-154356.63064703695,66851.58041871598,-0.07061716857472963,0.1766648680473449,0.19025577547001712,False,338.2122296074961
2020-02-20 16:00:00,66.50592,88.49964,120.0,24.0,-153684.16602946937,66804.89674141562,-0.057185228406628916,0.17387872052925651,0.18304086920906384,False,341.7950001847806
2020-02-20 17:00:00,66.44193,88.50516,120.0,24.0,-153044.3476072677,66730.09585340845,-0.05019061976939697,0.16426626766036717,0.17176293256667333,False,343.0097671738808
2020-02-20 18:00:00,66.38194,88.51023,120.0,24.0,-152455.58917269413,66663.44439467427,-0.050213306898610505,0.14782776788378044,0.15612310894673764,False,341.23869134096265
2020-02-20 19:00:00,66.31745,88.51469,120.0,24.0,-151924.29726881298,66634.925275192,-0.05598201797727592,0.13200899471340868,0.14338884552869796,False,337.01930155749454
2020-02-20 20:00:00,66.24272,88.51874,120.0,24.0,-151423.2669413591,66650.79820652692,-0.06607850531241813,0.12363658357394929,0.14018692400563404,False,331.877388131702
2020-02-20 21:00:00,66.15265,88.52266,120.0,24.0,-150917.87953805918,66711.75236592704,-0.08030458975847032,0.12271153844552286,0.1466524762966628,False,326.79855859853234
2020-02-20 22:00:00,66.04189,88.52665,120.0,24.0,-150381.40969078595,66822.41899613176,-0.0972136836061536,0.12674891918131886,0.15973662320804782,False,322.51257296822956
2020-02-20 23:00:00,65.90887,88.53083,120.0,24.0,-149799.6908325451,66980.81092820867,-0.1091154571204586,0.1327874788740194,0.17186825631373814,False,320.5890279512121
2020-02-21 00:00:00,65.76753,88.53521,120.0,24.0,-149187.92987099336,67149.36241572637,-0.10946508951556017,0.13773697388893671,0.17593771568009867,False,321.5244278158358
2020-02-21 01:00:00,65.63286,88.53971,120.0,24.0,-148571.87854216582,67292.47818083526,-0.10243760571702795,0.14083661730679617,0.17415055509374133,False,323.9697064519938
2020-02-21 02:00:00,65.50846,88.54429,120.0,24.0,-147959.93479338195,67402.84449887951,-0.09415389068886891,0.14192357808591904,0.17031517004824154,False,326.4392030071757
2020-02-21 03:00:00,65.394,88.54886,120.0,24.0,-147360.93948946826,67485.77282958,-0.08783331756881979,0.1417726203029837,0.1667758002310861,False,328.22027256326805
2020-02-21 04:00:00,65.28492,88.55343,120.0,24.0,-146768.5487014224,67552.79657555709,-0.08522885854953699,0.14146619227365761,0.16515641642414153,False,328.9323803071589
2020-02-21 05:00:00,65.17639,88.55798,120.0,24.0,-146179.1146304323,67617.34455123104,-0.085229476340448,0.14007154538598482,0.16396371996293874,False,328.68069900457584
2020-02-21 06:00:00,65.06662,88.56246,120.0,24.0,-145595.58854405634,67686.3491462173,-0.08628847618271009,0.13712509179488702,0.16201540643312387,False,327.8190930323549
2020-02-21 07:00:00,64.95469,88.56682,120.0,24.0,-145021.9236646799,67764.50708043408,-0.08785748374288735,0.13557432534735384,0.161552886520241,False,327.05517886281456
2020-02-21 08:00:00,64.84019,88.5712,120.0,24.0,-144443.4456070559,67846.21217050456,-0.0892778506433,0.13743522368337105,0.16388708101734442,False,326.9922673967005
2020-02-21 09:00:00,64.72389,88.57568,120.0,24.0,-143852.98846251113,67925.62745142054,-0.08845182666194731,0.13898256804359346,0.16474185825049825,False,327.52635054661437
2020-02-21 10:00:00,64.61083,88.58016,120.0,24.0,-143266.65092352114,67994.82456816286,-0.08365887968552288,0.13711753310744515,0.16062386508768897,False,328.61157587626946
2020-02-21 11:00:00,64.5063,88.58452,120.0,24.0,-142702.83044352257,68046.49879230591,-0.0761701236854352,0.13448000141437824,0.15455341640567402,False,330.4725742774613
2020-02-21 12:00:00,64.41211,88.58883,120.0,24.0,-142156.62289643698,68073.101901425,-0.06803587704818408,0.13355013729130363,0.14988168579330055,False,333.00385455443404
2020-02-21 13:00:00,64.32826,88.59313,120.0,24.0,-141624.0082526846,68073.02017391291,-0.061414087318058495,0.13277730454388417,0.14629252449475838,False,335.1778291832868
2020-02-21 14:00:00,64.2509,88.59739,120.0,24.0,-141103.43250950435,68057.48428202982,-0.058253909886643515,0.13045341637878421,0.14286921243563158,False,335.9368727754936
2020-02-21 15:00:00,64.17487,88.60154,120.0,24.0,-140595.7952364461,68042.75547231772,-0.0595658793746303,0.12983642331463793,0.14284813896166398,False,335.3554626326151
2020-02-21 16:00:00,64.09356,88.60576,120.0,24.0,-140075.14424057872,68036.29316805858,-0.06517505649475583,0.13418275351392334,0.1491737219810276,False,334.093292923456
2020-02-21 17:00:00,64.00217,88.61019,120.0,24.0,-139521.74443819438,68042.76047886057,-0.07104160272597235,0.14054064650456982,0.15747565728644328,False,333.18395250023275
2020-02-21 18:00:00,63.90473,88.61482,120.0,24.0,-138941.43511955687,68052.48430314167,-0.07325940973750684,0.1451907977334312,0.16262628588748512,False,333.2257048115702
2020-02-21 19:00:00,63.80682,88.61955,120.0,24.0,-138350.9174068462,68056.63686338786,-0.0722858929822752,0.1450339269293412,0.16204965376325375,False,333.5080230292649
2020-02-21 20:00:00,63.71134,88.62417,120.0,24.0,-137774.69347807017,68058.56890538402,-0.06969639416890132,0.13851821579020326,0.15506412694704141,False,333.2904306063948
2020-02-21 21:00:00,63.61975,88.62848,120.0,24.0,-137234.48581899298,68064.83860180946,-0.06716896858209091,0.12704053885245814,0.14370444966077023,False,332.133662685118
2020-02-21 22:00:00,63.53049,88.63236,120.0,24.0,-136740.3694505409,68085.4023058226,-0.06616298333627704,0.11277114647893752,0.13074735883424357,False,329.59979413152496
2020-02-21 23:00:00,63.4411,88.63575,120.0,24.0,-136295.31924881416,68129.37006510144,-0.0671639076607595,0.09989806126472633,0.12037696264947892,False,326.08609530531027
2020-02-22 00:00:00,63.34867,88.6388,120.0,24.0,-135880.78664173,68196.356259353,-0.06972927570917395,0.09167766535811944,0.11518231729063853,False,322.74368086690004
2020-02-22 01:00:00,63.2519,88.64166,120.0,24.0,-135480.17178266207,68281.99423450505,-0.07060099241178591,0.08671028400358147,0.11181759021509455,False,320.8469312743913
2020-02-22 02:00:00,63.15671,88.64439,120.0,24.0,-135094.49582472385,68369.30499272024,-0.06738627439623018,0.0831395680977474,0.1070191467004106,False,320.9745451489281
2020-02-22 03:00:00,63.06832,88.64702,120.0,24.0,-134726.98518408128,68444.59354453367,-0.06405509775071525,0.07926455547572286,0.10191136002731802,False,321.05770573206235
2020-02-22 04:00:00,62.98186,88.6495,120.0,24.0,-134376.7967623963,68521.99560677963,-0.06464470040220047,0.07368356405000553,0.09802145122982787,False,318.7385962470565
2020-02-22 05:00:00,62.89153,88.65177,120.0,24.0,-134042.92573766463,68618.23690273211,-0.06706709926360455,0.06685795956220475,0.09469943273565894,False,314.9105259868222
2020-02-22 06:00:00,62.79814,88.65381,120.0,24.0,-133728.26245173157,68732.47948698107,-0.06829705350809773,0.06003130709478424,0.09092989249634169,False,311.3146177035239
2020-02-22 07:00:00,62.70416,88.65564,120.0,24.0,-133433.71681664934,68858.00831359689,-0.06775650913386687,0.05196370966044717,0.0853883578228498,False,307.4852603003062
2020-02-22 08:00:00,62.61201,88.65716,120.0,24.0,-133172.06461704455,68994.4304501645,-0.06556213842058704,0.04141443623398374,0.07754707939606056,False,302.2798733856557
2020-02-22 09:00:00,62.52386,88.65831,120.0,24.0,-132951.8075098135,69139.97609056794,-0.06214989319717097,0.031796529657683176,0.06981137817499154,False,297.09475600276846
2020-02-22 10:00:00,62.44094,88.65921,120.0,24.0,-132762.49517066547,69285.8095352222,-0.058170187234101084,0.025746889122558788,0.06361346541684168,False,293.8748107347926
2020-02-22 11:00:00,62.36363,88.65997,120.0,24.0,-132593.68902718343,69425.5118673162,-0.05476760657119416,0.02295584730888428,0.05938401851681915,False,292.7409989481903
2020-02-22 12:00:00,62.28999,88.66069,120.0,24.0,-132433.1584027333,69558.47978569678,-0.0524715638169873,0.02171547176065935,0.056787557820249364,False,292.482324975196
2020-02-22 13:00:00,62.21893,88.66137,120.0,24.0,-132279.5956389992,69687.27580835664,-0.048860738787081436,0.017680442280909456,0.051961233954439294,False,289.89284775287547
2020-02-22 14:00:00,62.15519,88.66183,120.0,24.0,-132156.56161118814,69810.39376130156,-0.042886818708398784,0.0071320574089851,0.043475803176159074,False,279.44185363158454
2020-02-22 15:00:00,62.10058,88.66183,120.0,24.0,-132089.96360971953,69936.32366362069,-0.04198865547481562,-0.007753513892285548,0.042698526511586184,False,259.53776567841686
2020-02-22 16:00:00,62.03932,88.66133,120.0,24.0,-132064.43730664885,70103.69555620248,-0.05278775627475527,-0.02201625572936423,0.057194953701036666,False,247.3603858843838
2020-02-22 17:00:00,61.95497,88.66041,120.0,24.0,-132051.77430554593,70346.35273199393,-0.06988703633553482,-0.027441412385885534,0.07508148214770802,False,248.56235592337268
2020-02-22 18:00:00,61.84664,88.65956,120.0,24.0,-132002.23459106553,70640.69161907263,-0.08612637607585942,-0.01859869708346367,0.08811165751001857,False,257.8142906755414
2020-02-22 19:00:00,61.71762,88.65921,120.0,24.0,-131877.25322084952,70956.27956577204,-0.09951062502571573,-0.006345873189374754,0.09971276046496871,False,266.3511426513231
2020-02-22 20:00:00,61.57249,88.65915,120.0,24.0,-131702.9914695353,71293.28623432564,-0.1094762115130154,-0.0020057450805051127,0.10949458388692318,False,268.9503850157954
2020-02-22 21:00:00,61.41606,88.65908,120.0,24.0,-131514.71971556696,71656.33851339939,-0.11604120472429072,-0.0032506418072045656,0.11608672562366248,False,268.3954030621273
2020-02-22 22:00:00,61.25287,88.65894,120.0,24.0,-131323.8036429079,72038.14800721525,-0.1193919343326139,-0.004806128393927946,0.11948863064669421,False,267.69480010999513
2020-02-22 23:00:00,61.08724,88.65877,120.0,24.0,-131131.62817024632,72426.65544236173,-0.11983510183134059,-0.0031036647378062873,0.11987528671804074,False,268.51640176590644
2020-02-23 00:00:00,60.92285,88.65874,120.0,24.0,-130926.21429986307,72804.22103755684,-0.11811694787030624,0.0037192550043138595,0.11817548913367677,False,271.8035280497543
2020-02-23 01:00:00,60.76194,88.65901,120.0,24.0,-130694.92088831298,73156.8988829844,-0.11666582199953272,0.011943651418680125,0.11727559350537346,False,275.84528550485015
2020-02-23 02:00:00,60.60149,88.65951,120.0,24.0,-130440.88973686361,73495.19489338802,-0.11746453228608025,0.017531222857399192,0.11876556790612078,False,278.4885636521633
2020-02-23 03:00:00,60.43827,88.66014,120.0,24.0,-130169.79043077872,73831.77271355865,-0.11895526423612146,0.022648848203971998,0.12109221781126994,False,280.77997643772323
2020-02-23 04:00:00,60.27355,88.66097,120.0,24.0,-129876.49316073925,74159.72727331867,-0.11945962946661492,0.02962772639516932,0.12307885782557436,False,283.92912735552943
2020-02-23 05:00:00,60.10873,88.66205,120.0,24.0,-129558.04961011744,74472.91739002985,-0.12040781822690036,0.037851832936748084,0.1262172886209879,False,287.45124870993993
2020-02-23 06:00:00,59.94112,88.66341,120.0,24.0,-129208.1717245455,74775.51890571373,-0.12335255880742711,0.04530069785159589,0.1314077889250913,False,290.1655427983808
2020-02-23 07:00:00,59.76783,88.66497,120.0,24.0,-128830.89075946469,75078.23836958398,-0.12709968246898262,0.049643517348490346,0.136450753381746,False,291.3349834364701
2020-02-23 08:00:00,59.58947,88.66661,120.0,24.0,-128438.58564078315,75386.20398945393,-0.13025083404476,0.04979763474750495,0.13944563168418553,False,290.9229072153852
2020-02-23 09:00:00,59.40704,88.66818,120.0,24.0,-128046.96574502197,75705.5299576364,-0.13339662244656206,0.048713101197391466,0.14201276389260906,False,290.0609256924449
2020-02-23 10:00:00,59.21952,88.66975,120.0,24.0,-127647.86179081438,76034.46742256655,-0.13709534989962593,0.05010997058530392,0.14596624307065276,False,290.0779553641704
2020-02-23 11:00:00,59.02637,88.67141,120.0,24.0,-127231.85542545875,76368.93456865696,-0.13975674084298728,0.05072641307022988,0.14867789208226453,False,289.94898317693855
2020-02-23 12:00:00,58.831,88.67302,120.0,24.0,-126816.85260392143,76709.26585446589,-0.13998118635606766,0.04684434798418918,0.14761140020918423,False,288.5026864312931
2020-02-23 13:00:00,58.63678,88.67443,120.0,24.0,-126421.6297298405,77056.74456176092,-0.13926566729210696,0.03939954326009116,0.1447316485618112,False,285.7966980648248
2020-02-23 14:00:00,58.443,88.67556,120.0,24.0,-126052.7517806429,77417.82451598349,-0.13967254676748153,0.029940172724528653,0.14284549087489226,False,282.0988129211976
2020-02-23 15:00:00,58.24732,88.67636,120.0,24.0,-125711.63943663039,77800.8550318904,-0.14269472687047677,0.020794308802740545,0.14420190135786595,False,278.29111416645014
2020-02-23 16:00:00,58.04486,88.6769,120.0,24.0,-125384.76744164481,78212.66264238917,-0.14923268540942944,0.013510453021451027,0.14984300696180175,False,275.1730450834541
2020-02-23 17:00:00,57.83076,88.67723,120.0,24.0,-125060.43343074503,78661.02388732498,-0.1583838369017203,0.008550892761392814,0.15861449353299206,False,273.09030832212693
2020-02-23 18:00:00,57.60263,88.67745,120.0,24.0,-124725.49816674378,79145.17733236242,-0.1685487486878135,0.006070843322003805,0.16865804405028545,False,272.0628061789678
2020-02-23 19:00:00,57.36006,88.67762,120.0,24.0,-124373.32061719414,79662.26939094118,-0.17701716328022854,0.004357621713034998,0.17707079082325522,False,271.4101622298334
2020-02-23 20:00:00,57.10822,88.67773,120.0,24.0,-124011.6537390017,80201.50155373185,-0.18199676315257746,0.0017137132051884413,0.1820048312846805,False,270.53949109020607
2020-02-23 21:00:00,56.85171,88.67773,120.0,24.0,-123651.35451964808,80755.8891970834,-0.1865172143891143,-0.002934313754872228,0.18654029446928314,False,269.09868948924316
2020-02-23 22:00:00,56.58726,88.67754,120.0,24.0,-123295.02123730531,81337.4280163316,-0.19390996029348523,-0.010216425006446261,0.1941789073018317,False,266.98407802325136
2020-02-23 23:00:00,56.3102,88.67707,120.0,24.0,-122943.94168960821,81961.79861090226,-0.20379596264972122,-0.020449234273445804,0.20481934863361137,False,264.2700231341116
2020-02-24 00:00:00,56.01837,88.67622,120.0,24.0,-122603.60506191361,82639.9953765088,-0.2142867872518093,-0.032082842718942364,0.21667518544501252,False,261.4849706153001
2020-02-24 01:00:00,55.71241,88.675,120.0,24.0,-122273.13890305649,83370.2782845764,-0.2211890767052289,-0.039856169879156314,0.2247512445597305,False,259.7854544382774
2020-02-24 02:00:00,55.40183,88.67365,120.0,24.0,-121943.53607294578,84117.46252359319,-0.22210836347793883,-0.03987015673587309,0.22565849092155002,False,259.82335130255376
2020-02-24 03:00:00,55.09387,88.67243,120.0,24.0,-121601.39541713038,84849.65127462705,-0.22435129804750328,-0.035970927332070995,0.22721666432884888,False,260.89111814015916
2020-02-24 04:00:00,54.77763,88.67133,120.0,24.0,-121231.58615300235,85590.38220165396,-0.2351647443879996,-0.033151392616018446,0.23748994049318087,False,261.97583612029706
2020-02-24 05:00:00,54.44015,88.67029,120.0,24.0,-120819.83868520384,86370.51332449557,-0.25165465161189626,-0.03143580412746329,0.25361047584641516,False,262.8796974685478
2020-02-24 06:00:00,54.07862,88.6693,120.0,24.0,-120361.99005291,87196.01663041447,-0.26894350464986383,-0.029882409155242845,0.2705985348634997,False,263.65985086284684
2020-02-24 07:00:00,53.69367,88.66836,120.0,24.0,-119858.0420707236,88064.87367262028,-0.2845005624414583,-0.02926919152270284,0.28600219509979075,False,264.12612091993446
2020-02-24 08:00:00,53.28953,88.66741,120.0,24.0,-119318.951554944,88971.52794329402,-0.2963335469041527,-0.030058628551051195,0.2978541458015411,False,264.2080063513632
2020-02-24 09:00:00,52.87235,88.66642,120.0,24.0,-118756.13390986815,89904.68139713754,-0.30226804914245375,-0.03349759306072758,0.3041185003797811,False,263.67623839874153
2020-02-24 10:00:00,52.45242,88.66525,120.0,24.0,-118197.62761570614,90852.27613790626,-0.3012011391055507,-0.03972637985604299,0.303809663202058,False,262.4864445684382
2020-02-24 11:00:00,52.03893,88.66386,120.0,24.0,-117661.29436140956,91798.40115173574,-0.2965941170418612,-0.04453647901847571,0.29991926951632236,False,261.4602866840035
2020-02-24 12:00:00,51.63256,88.66238,120.0,24.0,-117136.85967412598,92733.19630394576,-0.2920699388855497,-0.04422370345594219,0.2953990269922497,False,261.3899741045613
2020-02-24 13:00:00,51.23241,88.66101,120.0,24.0,-116605.66594485192,93644.81318057077,-0.28734144544866563,-0.041435011579856865,0.29031356574771244,False,261.79443733604705
2020-02-24 14:00:00,50.83992,88.65971,120.0,24.0,-116074.02458045667,94533.07371777251,-0.28184204499024257,-0.0395747918049176,0.28460692625212847,False,262.00708202302087
2020-02-24 15:00:00,50.4557,88.65846,120.0,24.0,-115545.14535625506,95398.20795450003,-0.2779459065257971,-0.03878665625969699,0.28063914847764027,False,262.05581916289657
2020-02-24 16:00:00,50.07468,88.65721,120.0,24.0,-115015.25410019376,96254.07255080169,-0.2778504317296195,-0.038773508555118505,0.2805427728137187,False,262.05578365113064
2020-02-24 17:00:00,49.69144,88.65596,120.0,24.0,-114475.32221873052,97111.53998259417,-0.2800504739404081,-0.03954687526033128,0.28282896474212715,False,261.9622156179514
2020-02-24 18:00:00,49.3051,88.65466,120.0,24.0,-113927.99387598083,97975.89195496877,-0.28240257609920727,-0.04078889895746829,0.28533304972545875,False,261.7813043478259
2020-02-24 19:00:00,48.91614,88.65333,120.0,24.0,-113372.21469168134,98844.6599304621,-0.2840886259164045,-0.041722958447556205,0.28713612213841594,False,261.64492861428386
2020-02-24 20:00:00,48.52594,88.65197,120.0,24.0,-112810.23780610312,99715.05317835705,-0.28478897440261963,-0.04234673337007426,0.2879201378306354,False,261.54236676946846
2020-02-24 21:00:00,48.13584,88.6506,120.0,24.0,-112242.66595223703,100582.92120663846,-0.2849191693306834,-0.04343315681831676,0.28821063853246487,False,261.33254273513046
2020-02-24 22:00:00,47.74609,88.64917,120.0,24.0,-111674.08020039214,101451.50207997498,-0.2849656219005092,-0.04591502131769733,0.2886409445102142,False,260.84689795324437
2020-02-24 23:00:00,47.3567,88.64764,120.0,24.0,-111107.72422435952,102323.86463800828,-0.28497655422572477,-0.04948301522939609,0.2892407392719084,False,260.1494399293294
2020-02-25 00:00:00,46.96781,88.64598,120.0,24.0,-110546.17662092776,103202.15297487887,-0.2847593810060019,-0.05320711774500349,0.2896875945732782,False,259.4163599368703
2020-02-25 01:00:00,46.57996,88.64421,120.0,24.0,-109988.63128015936,104083.97454515367,-0.2835998525940649,-0.055538961945288665,0.2889869420671729,False,258.91967285099486
2020-02-25 02:00:00,46.19522,88.6424,120.0,24.0,-109433.12773893603,104960.1232742596,-0.28076953751525835,-0.05585523402763992,0.2862714452487612,False,258.74868467118773
2020-02-25 03:00:00,45.81608,88.64061,120.0,24.0,-108879.55218381103,105821.30037600842,-0.27602872874479756,-0.054465428916843514,0.28135092329609435,False,258.837902001107
2020-02-25 04:00:00,45.44521,88.63889,120.0,24.0,-108329.19095289735,106658.62026388355,-0.26982836272684274,-0.052141188890087134,0.2748200300391519,False,259.06306047718425
2020-02-25 05:00:00,45.08384,88.63725,120.0,24.0,-107784.04057883678,107469.0639206041,-0.26488018068917085,-0.05088906701558488,0.26972431715298584,False,259.12478395218295
2020-02-25 06:00:00,44.72729,88.63561,120.0,24.0,-107242.07965776113,108267.84728843124,-0.2635227025117852,-0.052428509938738904,0.2686874827629886,False,258.74778612403134
2020-02-25 07:00:00,44.37049,88.63387,120.0,24.0,-106701.68036174521,109072.49136915832,-0.2642446557535589,-0.055684677410689984,0.2700481834648207,False,258.10008418987115
2020-02-25 08:00:00,44.0129,88.63202,120.0,24.0,-106162.43422738502,109884.89728569877,-0.26476034789844355,-0.05956523002034207,0.2713780728921943,False,257.32082112923024
2020-02-25 09:00:00,43.65568,88.63003,120.0,24.0,-105628.70676480822,110705.44554186251,-0.26362743909598113,-0.0640712844498395,0.27130159626393185,False,256.33983731590126
2020-02-25 10:00:00,43.30218,88.62789,120.0,24.0,-105107.59874382999,111528.97219052828,-0.25973825440116377,-0.06935449748789807,0.2688382545717081,False,255.0498510441737
2020-02-25 11:00:00,42.95654,88.62556,120.0,24.0,-104610.21535511412,112351.4588399681,-0.2524407123894936,-0.07432888358215131,0.26315603015375505,False,253.59341201162377
2020-02-25 12:00:00,42.62381,88.6231,120.0,24.0,-104142.0567273343,113159.21923981719,-0.24173445420236978,-0.07759383228844785,0.2538825499275706,False,252.2039988568321
2020-02-25 13:00:00,42.30808,88.62056,120.0,24.0,-103707.86178602895,113941.16798842757,-0.22976885539840408,-0.07991735702251666,0.243270447988565,False,250.82149134378616
2020-02-25 14:00:00,42.00858,88.61795,120.0,24.0,-103305.93034279278,114698.31324353891,-0.21884591909655585,-0.08239374723548465,0.23384239540494192,False,249.36904337862367
2020-02-25 15:00:00,41.72321,88.61525,120.0,24.0,-102934.0710531328,115436.48620384371,-0.2097003037361391,-0.08533492032904323,0.22639846734152852,False,247.85674831242915
2020-02-25 16:00:00,41.44925,88.61245,120.0,24.0,-102587.94240989833,116161.74009801933,-0.202643329199726,-0.08858657975887599,0.22116035128956596,False,246.3872073744194
2020-02-25 17:00:00,41.1838,88.60954,120.0,24.0,-102262.67607076558,116880.37737861631,-0.19778756110807777,-0.09261412656020782,0.21839710567585777,False,244.90863275401955
2020-02-25 18:00:00,40.92388,88.60648,120.0,24.0,-101955.27195897362,117601.30805859594,-0.19516103516012676,-0.09803808596597866,0.21840168484845726,False,243.32758254282095
2020-02-25 19:00:00,40.66656,88.60322,120.0,24.0,-101663.35195438244,118334.18001490913,-0.19463506252376822,-0.1039280584878807,0.22064416807314785,False,241.899401299852
2020-02-25 20:00:00,40.40924,88.59978,120.0,24.0,-101379.93255166811,119082.10355211304,-0.19590661678369758,-0.10904327811756195,0.22420936421625773,False,240.89931806894788
2020-02-25 21:00:00,40.14983,88.59619,120.0,24.0,-101098.27143482954,119846.35476020112,-0.19808040277067512,-0.11261045300957856,0.2278529352209784,False,240.38138847233938
2020-02-25 22:00:00,39.8881,88.59252,120.0,24.0,-100812.60870825038,120621.427711507,-0.19988172973306306,-0.11354323205649977,0.22987990653147009,False,240.40116897785938
2020-02-25 23:00:00,39.6253,88.58887,120.0,24.0,-100518.27721871308,121396.54173603431,-0.19910257313515783,-0.1127772166089089,0.2288242452518824,False,240.47158175963042
2020-02-26 00:00:00,39.36695,88.58525,120.0,24.0,-100226.31381241369,122161.11223785202,-0.19406662128900956,-0.11123529181562217,0.2236853675228634,False,240.17948642347665
2020-02-26 01:00:00,39.11861,88.5817,120.0,24.0,-99946.0357450157,122901.98570452907,-0.18625753415565255,-0.10891047825420713,0.21576227961185476,False,239.68386748503298
2020-02-26 02:00:00,38.88186,88.57823,120.0,24.0,-99680.61374819143,123615.60104491487,-0.17777936085275897,-0.10642785244831808,0.20720132461443497,False,239.09309534549453
2020-02-26 03:00:00,38.65673,88.57484,120.0,24.0,-99430.62824753803,124301.97504493815,-0.16997251580899586,-0.1042526482330102,0.19939726877275704,False,238.4771274717159
2020-02-26 04:00:00,38.44132,88.57151,120.0,24.0,-99193.82029926838,124966.2130306637,-0.16379011874399035,-0.10254240136865184,0.19324116299748392,False,237.95097419570774
2020-02-26 05:00:00,38.23321,88.56823,120.0,24.0,-98965.96963936572,125613.4281635449,-0.15954133240979676,-0.10238332345781151,0.18956735391242904,False,237.31027329738092
2020-02-26 06:00:00,38.02975,88.56491,120.0,24.0,-98747.72186255488,126256.13826357505,-0.1572084053022993,-0.1045516436343999,0.1888002353927202,False,236.37405858737716
2020-02-26 07:00:00,37.82861,88.56149,120.0,24.0,-98538.14237957577,126903.71032382813,-0.15618180178639074,-0.10765250194934442,0.18968873552532592,False,235.42240307978855
2020-02-26 08:00:00,37.62875,88.55797,120.0,24.0,-98334.89852551908,127558.01162677411,-0.15589047208855575,-0.10997806165471952,0.19078001292934768,False,234.79768567017678
2020-02-26 09:00:00,37.42933,88.5544,120.0,24.0,-98132.66453692713,128216.11608818625,-0.15644039725055975,-0.11106205480883277,0.19185509612797133,False,234.62783596017078
2020-02-26 10:00:00,37.22905,88.55081,120.0,24.0,-97926.4546410744,128877.60243612688,-0.15758022963753104,-0.11106171747653462,0.19278546071074606,False,234.82401995210446
2020-02-26 11:00:00,37.02771,88.54724,120.0,24.0,-97713.07455845311,129539.23430412236,-0.156950156834667,-0.11075788973748726,0.1920954498928279,False,234.78982845418486
2020-02-26 12:00:00,36.83001,88.54367,120.0,24.0,-97504.52212207303,130194.7597011205,-0.15224452724293064,-0.11092031859887166,0.1883659023111631,False,233.92415908527715
2020-02-26 13:00:00,36.64157,88.54009,120.0,24.0,-97314.41930115952,130835.55447896713,-0.14356502743383967,-0.11061488532224668,0.1812362269440989,False,232.38624137703633
2020-02-26 14:00:00,36.46676,88.53654,120.0,24.0,-97150.43605622972,131450.70127800337,-0.13216672882297387,-0.10922026907455493,0.17145585841400607,False,230.43026928382707
2020-02-26 15:00:00,36.30796,88.53305,120.0,24.0,-97016.53395923803,132033.55722405578,-0.12151832945067467,-0.1079732122136173,0.16255743276826667,False,228.37780963143587
2020-02-26 16:00:00,36.16077,88.52958,120.0,24.0,-96905.69790642937,132595.24093931157,-0.1148211743408237,-0.10765662692923308,0.15739711369267834,False,226.84448295878462
2020-02-26 17:00:00,36.01953,88.52611,120.0,24.0,-96806.44210619024,133147.17200026702,-0.1118474139455629,-0.10765277615366606,0.1552384109036853,False,226.09478626127924
2020-02-26 18:00:00,35.88048,88.52264,120.0,24.0,-96710.16284761284,133695.7209918038,-0.11158523903633948,-0.10749463300117305,0.15493986476970315,False,226.06968854772083
2020-02-26 19:00:00,35.74056,88.51918,120.0,24.0,-96609.09900481951,134245.14535632016,-0.1133855919035276,-0.10780272911562305,0.15645357412373073,False,226.44585650806167
2020-02-26 20:00:00,35.59768,88.51569,120.0,24.0,-96500.9134467647,134802.58129799622,-0.11650843214991946,-0.10919742963188397,0.15968185056618875,False,226.855260533122
2020-02-26 21:00:00,35.45066,88.51214,120.0,24.0,-96384.65265473147,135372.73365255276,-0.11958111283462541,-0.11090492723818957,0.16309367073088868,False,227.15576707347432
2020-02-26 22:00:00,35.30084,88.50854,120.0,24.0,-96262.68301768541,135952.4363748995,-0.12125582085097639,-0.1118378092841956,0.16495656905904713,False,227.31374387676115
2020-02-26 23:00:00,35.15038,88.50493,120.0,24.0,-96137.45694690385,136534.41149000236,-0.12090613575090395,-0.11184078341287863,0.16470171370274944,False,227.23050862847504
2020-02-27 00:00:00,35.00214,88.50133,120.0,24.0,-96014.50851063602,137112.0290547469,-0.11809708251792214,-0.11106840799571231,0.16212067158122348,False,226.756753075308
2020-02-27 01:00:00,34.85931,88.49777,90.0,24.0,-95899.6602665795,137677.20161635423,-0.11260577744716826,-0.10921004820547181,0.1568658527007158,False,225.87705986020774
2020-02-27 02:00:00,34.72525,88.49429,90.0,24.0,-95798.65886462324,138220.6454923214,-0.10515277102715648,-0.1067288887180437,0.1498271034949223,False,224.5738034795942
2020-02-27 03:00:00,34.60134,88.49089,90.0,24.0,-95715.14514248446,138740.05947712244,-0.09707686797426249,-0.10471170799107503,0.14278816507715392,False,222.8331996937851
2020-02-27 04:00:00,34.48763,88.48754,120.0,24.0,-95651.459853334,139238.12778796046,-0.09024053635669889,-0.10346766552013835,0.1372913406232597,False,221.09369107679808
2020-02-27 05:00:00,34.38095,88.48422,120.0,24.0,-95601.42616371566,139721.99409961063,-0.08639305217106918,-0.10315401289792103,0.1345530001165992,False,219.94668530119634
2020-02-27 06:00:00,34.27711,88.48089,120.0,24.0,-95557.49994951293,140202.34214514412,-0.08628734594250849,-0.10361558773229905,0.13483951976669117,False,219.78631909953737
2020-02-27 07:00:00,34.17116,88.47754,120.0,24.0,-95508.21951459299,140688.35409770254,-0.0899436089051101,-0.10407752841220991,0.13755720520303458,False,220.83351586146415
2020-02-27 08:00:00,34.05892,88.47418,120.0,24.0,-95442.59416130205,141186.06585983903,-0.09545461660435783,-0.10423204133330607,0.14133613222241853,False,222.48312743155748
2020-02-27 09:00:00,33.94011,88.47082,120.0,24.0,-95359.13716255057,141694.99466218863,-0.10078548241055452,-0.1042323455639309,0.14498998353847378,False,224.0368051951448
2020-02-27 10:00:00,33.8155,88.46746,120.0,24.0,-95259.58322711244,142213.8267365473,-0.10534149666035283,-0.10407799223864403,0.14808463589133875,False,225.34568221300407
2020-02-27 11:00:00,33.68624,88.46411,120.0,24.0,-95146.01884936013,142739.68745110248,-0.10883778980142557,-0.10330358276801821,0.15005763793145646,False,226.49435633587893
2020-02-27 12:00:00,33.55377,88.4608,120.0,24.0,-95020.0696662171,143267.35880130684,-0.11078951912039427,-0.10128919577600375,0.1501126867652359,False,227.56491920109838
2020-02-27 13:00:00,33.42038,88.45758,120.0,24.0,-94884.34285690992,143788.34318003757,-0.11084739725342474,-0.09818903294475592,0.14808184111660996,False,228.4653589893589
2020-02-27 14:00:00,33.28832,88.45447,120.0,24.0,-94743.31119389158,144297.00159261376,-0.10947192999312363,-0.09493268145789069,0.14490106095265384,False,229.0685820168223
2020-02-27 15:00:00,33.15875,88.45146,120.0,24.0,-94600.62208374498,144792.31111790755,-0.10737576102482024,-0.0922961541880757,0.14159143382835118,False,229.31888883650336
2020-02-27 16:00:00,33.0322,88.44852,120.0,24.0,-94459.57254174496,145276.1786198985,-0.10542269863489298,-0.09074410114431097,0.13909866023780532,False,229.2793035523595
2020-02-27 17:00:00,32.90777,88.44561,120.0,24.0,-94320.41903555018,145753.82515336157,-0.1043012086635372,-0.09043282109543692,0.13804650397584875,False,229.07356013100795
2020-02-27 18:00:00,32.78436,88.44269,120.0,24.0,-94182.84350360862,146230.8133579047,-0.10375204665159385,-0.09120811419355515,0.13814270621042252,False,228.6813935312898
2020-02-27 19:00:00,32.6617,88.43973,120.0,24.0,-94047.98119361077,146710.41359968003,-0.10361217200023015,-0.09260347867292101,0.1389636155579273,False,228.2112172922352
2020-02-27 20:00:00,32.53909,88.43672,120.0,24.0,-93914.62818883274,147194.73083281232,-0.10507265068977531,-0.094617112449542,0.14139540265250783,False,227.99720763112006
2020-02-27 21:00:00,32.41346,88.43363,120.0,24.0,-93776.63717800983,147691.63320504915,-0.10887488882575672,-0.09725159648368158,0.14598498017072067,False,228.22744102242632
2020-02-27 22:00:00,32.28238,88.43045,120.0,24.0,-93628.189855166,148206.04046558545,-0.11258285805041426,-0.09833979866479901,0.14948450062877067,False,228.8631704007076
2020-02-27 23:00:00,32.14853,88.42729,120.0,24.0,-93469.49992694854,148723.16771185448,-0.11353501059835928,-0.0961719169585391,0.14879259471845263,False,229.73311968927942
2020-02-28 00:00:00,32.01573,88.42425,120.0,24.0,-93304.53363423332,149227.28708491463,-0.1113883132850017,-0.09245247146478573,0.14475778326716912,False,230.307274635396
2020-02-28 01:00:00,31.88742,88.42133,120.0,24.0,-93142.3854278979,149712.7604343592,-0.10655892562646346,-0.08919747276593591,0.13896400173604692,False,230.06824861407281
2020-02-28 02:00:00,31.7664,88.4185,120.0,24.0,-92992.34785475067,150177.8774049611,-0.1001572300569181,-0.08718128935085634,0.13278572191900812,False,228.96224492597463
2020-02-28 03:00:00,31.65349,88.41571,120.0,24.0,-92859.73785126141,150626.08168831037,-0.0934004955041326,-0.08718076250101603,0.12776594973104555,False,226.97265007110448
2020-02-28 04:00:00,31.54864,88.41288,120.0,24.0,-92749.31041199582,151065.10686271632,-0.08730301530354516,-0.08826494791986465,0.12414716071013247,False,224.68608095355182
2020-02-28 05:00:00,31.45031,88.41002,120.0,24.0,-92656.57454959236,151496.54684022462,-0.08270094716140888,-0.08934903782258292,0.12174849987254667,False,222.78716556940822
2020-02-28 06:00:00,31.35652,88.40712,120.0,24.0,-92576.99323776871,151924.59241548274,-0.0799806545048607,-0.09012278632332235,0.12049490325198453,False,221.58787490046723
2020-02-28 07:00:00,31.26485,88.40421,120.0,24.0,-92502.47508302357,152350.3146305718,-0.0793769586575014,-0.09043123935572679,0.12032668289754953,False,221.2753788747701
2020-02-28 08:00:00,31.1728,88.40129,120.0,24.0,-92426.39598873969,152777.75503713044,-0.08092300153385568,-0.09120502097184442,0.12192984879726124,False,221.58151471066012
2020-02-28 09:00:00,31.0779,88.39833,120.0,24.0,-92343.86691135133,153213.76290536072,-0.08416698108424249,-0.09306521185979277,0.12547993609873792,False,222.1257855085821
2020-02-28 10:00:00,30.97872,88.39529,120.0,24.0,-92253.26740607872,153664.46716993427,-0.0869067565475069,-0.09384261319496187,0.12790316800168347,False,222.80247956082204
2020-02-28 11:00:00,30.87787,88.39228,120.0,24.0,-92155.17212669,154115.12646297392,-0.08697277807478183,-0.09136344955039484,0.1261409689188758,False,223.58965204546345
2020-02-28 12:00:00,30.7789,88.3894,120.0,24.0,-92053.41760301474,154550.42117508248,-0.08420466191564692,-0.08717746779304046,0.12120369622719847,False,224.00624324000208
2020-02-28 13:00:00,30.68475,88.38666,120.0,24.0,-91955.492510122,154964.64107019713,-0.07922891662055967,-0.08376617746416917,0.11529958246163027,False,223.40548096568602
2020-02-28 14:00:00,30.5975,88.384,120.0,24.0,-91870.6177291804,155360.20191105647,-0.07378393716293544,-0.08252424815119672,0.11069923629449437,False,221.7995152036498
2020-02-28 15:00:00,30.5161,88.38134,120.0,24.0,-91800.65353159404,155746.49072775504,-0.0695300424566965,-0.0836087695763196,0.10874214065437614,False,219.74731127793996
2020-02-28 16:00:00,30.43884,88.37861,120.0,24.0,-91745.01881118721,156133.0054432089,-0.06658364037609937,-0.0854692475835441,0.10834377438612193,False,217.91988258105295
2020-02-28 17:00:00,30.36442,88.37583,120.0,24.0,-91699.08918973041,156519.92589893495,-0.06484237018723668,-0.08639903222387685,0.10802465339320072,False,216.88818399056794
2020-02-28 18:00:00,30.29138,88.37304,120.0,24.0,-91656.65138842899,156905.74669679516,-0.06489045165404597,-0.08732820347405262,0.10879791283784636,False,216.61471464098256
2020-02-28 19:00:00,30.21711,88.3702,120.0,24.0,-91612.81227258783,157298.50514307368,-0.06715940033722315,-0.08918808378104265,0.11164631360770355,False,216.980064226678
2020-02-28 20:00:00,30.13919,88.36729,120.0,24.0,-91561.98806087086,157704.0068275262,-0.07079355685232938,-0.09089377030363638,0.11521026504532574,False,217.91361207656422
2020-02-28 21:00:00,30.05697,88.36434,120.0,24.0,-91500.60121346125,158120.39443143102,-0.07464501104912499,-0.09166927049846721,0.11821646597765112,False,219.1554467667221
2020-02-28 22:00:00,29.97064,88.36138,120.0,24.0,-91427.39281254192,158544.45611507632,-0.07765448608815086,-0.09260097626360879,0.12085181014195961,False,219.98294539195646
2020-02-28 23:00:00,29.88194,88.35837,120.0,24.0,-91349.32016240587,158977.27571769408,-0.07912466615523647,-0.09415324417786951,0.12298595929371427,False,220.04308019275493
2020-02-29 00:00:00,29.79262,88.35531,120.0,24.0,-91271.1755862073,159416.0664020415,-0.07972349507414583,-0.09399824136757615,0.12325382366090903,False,220.30254883568787
2020-02-29 01:00:00,29.7029,88.35231,120.0,24.0,-91187.44813452382,159849.81515418255,-0.0800890301527541,-0.09043081247952114,0.1207972872067708,False,221.52934481706305
2020-02-29 02:00:00,29.61308,88.34948,120.0,24.0,-91092.92416862186,160267.34480163362,-0.07940477326370428,-0.08639925704612297,0.11734542869316349,False,222.5843957078068
2020-02-29 03:00:00,29.5252,88.34674,120.0,24.0,-90997.80205677144,160673.142886183,-0.07658298854893061,-0.08531521156268224,0.11464571278103193,False,221.91265745013595
2020-02-29 04:00:00,29.44198,88.34398,120.0,24.0,-90915.8475662405,161073.5768689984,-0.07090612338153494,-0.0857825412384755,0.111293857486962,False,219.57645099522293
2020-02-29 05:00:00,29.36704,88.34121,120.0,24.0,-90856.80333187206,161461.95612712632,-0.06270540645247606,-0.08578300702327366,0.1062576693341485,False,216.16594542985894
2020-02-29 06:00:00,29.30234,88.33845,120.0,24.0,-90825.27650501915,161833.25204386158,-0.056173892286796305,-0.08515914837511933,0.10201758047819103,False,213.41021201268364
2020-02-29 07:00:00,29.24216,88.33572,120.0,24.0,-90804.18589894321,162194.59567128168,-0.054923410974769604,-0.08422549328574953,0.10055105565000937,False,213.10835484125863
2020-02-29 08:00:00,29.18045,88.33302,120.0,24.0,-90776.46180669723,162555.57206439416,-0.056244868159998865,-0.08376026600439582,0.10089235528751819,False,213.88128963933377
2020-02-29 09:00:00,29.11754,88.33032,120.0,24.0,-90744.65311167655,162918.57707086834,-0.056728806267030925,-0.0843814369521061,0.10167784597730513,False,213.91255055019099
2020-02-29 10:00:00,29.05496,88.32758,120.0,24.0,-90715.26641798187,163285.09037791094,-0.05652236531699431,-0.08500185563474795,0.10207885795980622,False,213.622098002646
2020-02-29 11:00:00,28.99271,88.32484,120.0,24.0,-90686.12967916504,163651.21111425696,-0.05621972642491444,-0.08453658899557347,0.10152385196740092,False,213.62526648892134
2020-02-29 12:00:00,28.931,88.32213,120.0,24.0,-90656.2292673283,164013.67413492952,-0.05454136475663805,-0.08345210278903475,0.09969460331145444,False,213.16722137462742
2020-02-29 13:00:00,28.87264,88.31946,120.0,24.0,-90633.1066655287,164367.051209618,-0.05021292324867455,-0.08252259256659993,0.09659873676757029,False,211.31946163615123
2020-02-29 14:00:00,28.82063,88.31681,120.0,24.0,-90626.53643611152,164708.55092571175,-0.04386130852711716,-0.08221253434337071,0.09318108815028331,False,208.08042089261744
2020-02-29 15:00:00,28.77638,88.31416,120.0,24.0,-90641.77388881642,165037.89905721947,-0.03647657790710226,-0.08267760779189624,0.09036662860815116,False,203.8066179938257
2020-02-29 16:00:00,28.7407,88.31148,120.0,24.0,-90682.90134668595,165356.74460809192,-0.028633881043437566,-0.08190147238119937,0.08676260900767159,False,199.27032857821985
2020-02-29 17:00:00,28.71373,88.30888,120.0,24.0,-90744.55898600574,165654.07581796174,-0.021105654066170862,-0.07848824467487256,0.08127639993075195,False,195.05092826029028
2020-02-29 18:00:00,28.69459,88.30642,121.0,24.0,-90821.12753601074,165925.37537557783,-0.015930852174336936,-0.07429923926556797,0.0759879530349561,False,192.10182504199952
2020-02-29 19:00:00,28.67898,88.30409,121.0,24.0,-90900.79667179394,166178.4065407251,-0.014569168079847115,-0.07166175290755819,0.07312774773177935,False,191.49187670259948
2020-02-29 20:00:00,28.66286,88.3018,120.0,24.0,-90976.71045646173,166428.38336503584,-0.014547066283965487,-0.07150675854154113,0.07297145780775077,False,191.49911658073677
2020-02-29 21:00:00,28.64734,88.29948,120.0,24.0,-91055.84242328985,166680.4027474806,-0.013341653138025093,-0.07383357986011013,0.07502930909594353,False,190.2427611666418
2020-02-29 22:00:00,28.63388,88.29704,119.0,24.0,-91147.26851012184,166940.96301971743,-0.012795478402534591,-0.07724568655461803,0.0782982781346054,False,189.4054419022002
2020-02-29 23:00:00,28.61959,88.2945,119.0,24.0,-91241.5044296858,167212.70057650446,-0.014769462359264404,-0.07972710419680687,0.08108358750074042,False,190.4950787855622
2020-03-01 00:00:00,28.6019,88.2919,120.0,24.0,-91328.87935415596,167495.79820069173,-0.016398654389891718,-0.08034794909359358,0.0820043217723665,False,191.53538311208263
2020-03-01 01:00:00,28.58413,88.28932,120.0,24.0,-91414.78516857704,167777.13187362484,-0.014702170444621233,-0.07864218865280878,0.08000467268782906,False,190.5892191548977
2020-03-01 02:00:00,28.57015,88.28683,120.0,24.0,-91506.83487800919,168043.6545594245,-0.011179875621135843,-0.0747642573886303,0.07559552765724588,False,188.50470935624008
2020-03-01 03:00:00,28.56002,88.2845,120.0,24.0,-91601.5266082262,168288.38214795425,-0.007888713747834498,-0.06902494901613573,0.0694742786308387,False,186.5199231382275
2020-03-01 04:00:00,28.55316,88.28238,120.0,24.0,-91694.54316793119,168507.31440260512,-0.00447578179270168,-0.06282039566820265,0.0629796374597807,False,184.0752816619035
2020-03-01 05:00:00,28.55039,88.28045,120.0,24.0,-91789.41133798355,168701.0797430089,-0.0005191757235757169,-0.0577015543011934,0.057703889922651845,False,180.51551081172403
2020-03-01 06:00:00,28.55204,88.27866,120.0,24.0,-91889.81686067226,168874.03207348014,0.0022096209475776993,-0.05351347823907257,0.053559077456353445,False,177.6355474788603
2020-03-01 07:00:00,28.55513,88.277,120.0,24.0,-91987.54110553392,169031.9143114879,0.0021264260292511473,-0.0499459571584506,0.04999120246735079,False,177.56213092491282
2020-03-01 08:00:00,28.5566,88.27544,120.0,24.0,-92075.16024405925,169182.5806561015,0.0005922748409317308,-0.04792947445399323,0.04793313374820376,False,179.29201974464718
2020-03-01 09:00:00,28.5564,88.27391,120.0,24.0,-92156.24998644997,169332.98595747654,-0.0006406516224141678,-0.04808456122032615,0.04808882887170986,False,180.7633315438921
2020-03-01 10:00:00,28.55523,88.27234,120.0,24.0,-92236.60469884062,169488.8771242227,-0.0012958759024772892,-0.04948055422938744,0.04949752055610435,False,181.50021059032082
2020-03-01 11:00:00,28.55363,88.27072,120.0,24.0,-92318.34894423155,169650.3692640666,-0.0015169575974170006,-0.05041121594793197,0.050434034676014095,False,181.7236054808584
2020-03-01 12:00:00,28.55199,88.26909,120.0,24.0,-92400.49945339009,169812.91155314507,-0.001682507249486622,-0.05010097757159221,0.05012922086242475,False,181.9234025815021
2020-03-01 13:00:00,28.55004,88.26749,120.0,24.0,-92480.11980950729,169973.01602714456,-0.0021110084137411673,-0.04870495742299164,0.04875068444748561,False,182.48180522764005
2020-03-01 14:00:00,28.54749,88.26595,120.0,24.0,-92554.74549026374,170128.20922139593,-0.002577503728023362,-0.04560272261311986,0.045675505855952245,False,183.23496312890234
2020-03-01 15:00:00,28.54455,88.26455,120.0,24.0,-92620.72727418345,170270.30517261403,-0.0026544917448249467,-0.04063916611908738,0.0407257676327669,False,183.73716885825104
2020-03-01 16:00:00,28.54184,88.26333,120.0,24.0,-92677.77383830445,170394.3769039514,-0.0016026653364497843,-0.036140954748594536,0.03617647227578465,False,182.5391094516142
2020-03-01 17:00:00,28.54114,88.26222,120.0,24.0,-92734.92122681651,170504.40915559445,0.0008666360350710316,-0.03350400506805437,0.03351521167496181,False,178.5182811076279
2020-03-01 18:00:00,28.54368,88.26117,120.0,24.0,-92798.51196607493,170603.30892855368,0.002989784691722841,-0.03257332386296321,0.03271024671237362,False,174.7557269604029
2020-03-01 19:00:00,28.54749,88.26012,120.0,24.0,-92865.8953556289,170700.14498885607,0.0029673139946997246,-0.03288360863132392,0.03301721776529969,False,174.84377298890115
2020-03-01 20:00:00,28.54998,88.25905,120.0,24.0,-92930.42461516293,170801.0758062899,0.0009371041233876172,-0.034900038978144796,0.03491261784533059,False,178.461915381197
2020-03-01 21:00:00,28.54948,88.25787,120.0,24.0,-92991.91523007225,170917.64509164696,-0.002576924161384081,-0.03877768695136907,0.03886321581433919,False,183.80193154414025
2020-03-01 22:00:00,28.54452,88.25655,120.0,24.0,-93047.56108110007,171055.19304041477,-0.007460377849346771,-0.04234495267416867,0.04299711914341016,False,189.9918902133162
2020-03-01 23:00:00,28.53368,88.25514,120.0,24.0,-93090.41580159805,171211.13606985455,-0.013021804020376712,-0.04374065796042628,0.04563784108342661,False,196.57852134048278
2020-03-02 00:00:00,28.51696,88.25373,120.0,24.0,-93115.62772697676,171376.65833205325,-0.015838563148580804,-0.04405153037468277,0.04681236386856768,False,199.77585852189935
2020-03-02 01:00:00,28.50018,88.2523,120.0,24.0,-93141.63710184752,171544.2703073401,-0.013890943102150662,-0.0448275942631071,0.046930496563374856,False,197.21689296535203
2020-03-02 02:00:00,28.4876,88.25084,120.0,24.0,-93181.74118972488,171708.0269078142,-0.013659224556728423,-0.045136859192324005,0.04715835528555695,False,196.83675814109822
2020-03-02 03:00:00,28.47134,88.24939,120.0,24.0,-93210.20624382944,171876.81472798277,-0.020388749503679894,-0.04373942208586235,0.0482580371620006,False,204.99216859932818
2020-03-02 04:00:00,28.44459,88.24802,120.0,24.0,-93202.826908748,172054.8443845755,-0.025657313044547856,-0.043120701792381505,0.050176614430762656,False,210.7531317706434
2020-03-02 05:00:00,28.41725,88.24661,120.0,24.0,-93195.65395041753,172237.79314422517,-0.02141145856832019,-0.04575949965574471,0.05052110813082975,False,205.07549840452435
2020-03-02 06:00:00,28.39948,88.24507,120.0,24.0,-93224.03055942328,172417.97784088494,-0.015103211091789059,-0.048860414572004775,0.05114144207422505,False,197.17686816648023
2020-03-02 07:00:00,28.38546,88.24346,120.0,24.0,-93267.3171537398,172598.97061143545,-0.015181879956324827,-0.0499451709205519,0.0522016242782866,False,196.90774701272966
2020-03-02 08:00:00,28.36756,88.24185,120.0,24.0,-93298.8200653444,172786.31332151484,-0.018294544837677455,-0.05134124930756301,0.05450334165240816,False,199.61262494135278
2020-03-02 09:00:00,28.34703,88.24015,120.0,24.0,-93327.0474376138,172986.82230470833,-0.01948859499416148,-0.056150115856383825,0.05943602313018412,False,199.14087678138017
2020-03-02 10:00:00,28.32666,88.23823,120.0,24.0,-93367.28488602719,173208.74043920645,-0.019352041119826004,-0.06188919795867161,0.06484423119654577,False,197.36386402890545
2020-03-02 11:00:00,28.30646,88.23616,120.0,24.0,-93415.83444004384,173445.18064587915,-0.019843203939483696,-0.06561160731319864,0.06854659551579,False,196.8271198980632
2020-03-02 12:00:00,28.28511,88.234,120.0,24.0,-93465.50564236616,173692.4035044254,-0.022761821352823383,-0.06685169655251415,0.07062046334630834,False,198.80280138639063
2020-03-02 13:00:00,28.25886,88.23185,120.0,24.0,-93499.60090474482,173946.70054704504,-0.028621056626662946,-0.06560994329271531,0.0715809300114211,False,203.56829662557183
2020-03-02 14:00:00,28.22533,88.22977,120.0,24.0,-93507.65073308912,174206.06011613106,-0.032964900280620935,-0.0634396970086139,0.07149321511203716,False,207.45755024938427
2020-03-02 15:00:00,28.19008,88.22776,120.0,24.0,-93506.49851019045,174461.4054802222,-0.031598260940320436,-0.0620454594158607,0.06962822077705129,False,206.98865042568949
2020-03-02 16:00:00,28.15947,88.22577,120.0,24.0,-93518.16215948023,174707.27309515365,-0.026541551783520564,-0.062045545256813675,0.06748409929229712,False,203.16004279774356
2020-03-02 17:00:00,28.13482,88.22376,120.0,24.0,-93548.84138411655,174945.44247738432,-0.021118801125774335,-0.0637513545091196,0.06715831268530689,False,198.32839562971952
2020-03-02 18:00:00,28.11555,88.22166,120.0,24.0,-93600.51866132603,175183.74785254593,-0.017495747022257594,-0.06623244606361818,0.0685042923869514,False,194.7970726932695
2020-03-02 19:00:00,28.09848,88.21949,120.0,24.0,-93662.4638140591,175425.40775659168,-0.016839170319252493,-0.06855862740965091,0.07059633878138534,False,193.79965028234676
2020-03-02 20:00:00,28.08062,88.21724,120.0,24.0,-93726.05662800185,175676.29494938083,-0.017284447172683223,-0.0699546995454804,0.0720583936995803,False,193.87870420507966
2020-03-02 21:00:00,28.06267,88.21498,120.0,24.0,-93789.75111625656,175928.37155856573,-0.01691415349757413,-0.06979971289461005,0.07181983367224887,False,193.6215761743032
2020-03-02 22:00:00,28.04562,88.21274,120.0,24.0,-93855.01405847467,176177.05965402498,-0.016718686947511212,-0.06995460136925921,0.0719246880144839,False,193.4411871613201
2020-03-02 23:00:00,28.02812,88.21047,120.0,24.0,-93920.3259591846,176429.49715506422,-0.0182241703647043,-0.07181554852998938,0.07409179034241935,False,194.23901551441412
2020-03-03 00:00:00,28.00801,88.20811,120.0,24.0,-93982.16381081317,176695.14600024192,-0.022169598123418538,-0.073365979169016,0.0766424032790098,False,196.81367141959652
2020-03-03 01:00:00,27.98243,88.20574,120.0,24.0,-94027.45590084975,176970.82361968778,-0.027984442518462136,-0.07227966645519204,0.07750792995521764,False,201.16485615668734
2020-03-03 02:00:00,27.95041,88.20345,120.0,24.0,-94048.40994636109,177249.25715475972,-0.030573783857032685,-0.0697997693108796,0.07620212631671483,False,203.6544414439928
2020-03-03 03:00:00,27.91957,88.20124,120.0,24.0,-94068.55488151658,177517.93743089083,-0.025751968381887043,-0.06809520163870425,0.0728019255360564,False,200.71541305725026
2020-03-03 04:00:00,27.89752,88.19906,120.0,24.0,-94114.14408165659,177769.29298334316,-0.017772856578924343,-0.0670086243303921,0.06932553761512875,False,194.85466681822493
2020-03-03 05:00:00,27.88311,88.19692,120.0,24.0,-94181.20154604808,178004.2041609434,-0.011918404091923105,-0.06561188964569335,0.06668559378889126,False,190.29552210681754
2020-03-03 06:00:00,27.8731,88.19483,120.0,24.0,-94259.22368718448,178226.98583985245,-0.008893656656793307,-0.06281957891102737,0.0634460134546507,False,188.05807476306813
2020-03-03 07:00:00,27.86491,88.19287,120.0,24.0,-94336.05356136523,178433.96853162046,-0.008062833932601616,-0.05863145120810431,0.059183243927593464,False,187.8300446015246
2020-03-03 08:00:00,27.85662,88.19105,120.0,24.0,-94405.20872620953,178627.31829441516,-0.007982920426815233,-0.05645992637840364,0.05702148985422622,False,188.04775678947965
2020-03-03 09:00:00,27.84861,88.18923,120.0,24.0,-94475.18376903176,178820.23006107428,-0.007589121036644681,-0.058786570600032825,0.059274409664048844,False,187.35598117324685
2020-03-03 10:00:00,27.84114,88.18726,120.0,24.0,-94554.6173144161,179027.0864950023,-0.008221877019990772,-0.06281923598890338,0.06335499721380615,False,187.45657444194018
2020-03-03 11:00:00,27.83186,88.18518,120.0,24.0,-94634.07181375434,179247.8196625366,-0.010988806829620657,-0.06514562421614971,0.06606592336485208,False,189.57455993723875
2020-03-03 12:00:00,27.81878,88.18306,120.0,24.0,-94703.63895393941,179478.8153095798,-0.013582698136793758,-0.06545601461602622,0.06685042661111969,False,191.72300359636262
2020-03-03 13:00:00,27.80425,88.18096,120.0,24.0,-94767.51566466644,179710.27467430345,-0.013601534694236705,-0.06421546183642517,0.06564013471119558,False,191.9591172900814
2020-03-03 14:00:00,27.79116,88.17892,120.0,24.0,-94832.67921642959,179933.46665853402,-0.01183650303052847,-0.062043965058786406,0.06316293536725172,False,190.8008765277873
2020-03-03 15:00:00,27.78024,88.17696,120.0,24.0,-94900.4047064114,180145.1989281434,-0.00968252777878435,-0.05956216179015927,0.060344034181549704,False,189.23333181935743
2020-03-03 16:00:00,27.77154,88.17508,120.0,24.0,-94970.8780856794,180345.37851334288,-0.007662113640966466,-0.057235445071305846,0.057746031534275606,False,187.62485741398376
2020-03-03 17:00:00,27.76473,88.17327,120.0,24.0,-95043.60666433856,180535.53093912167,-0.005894376670597046,-0.05521897084865349,0.05553267882895009,False,186.0929941394731
2020-03-03 18:00:00,27.75962,88.17152,120.0,24.0,-95118.53260692419,180716.9513857931,-0.0038006888100963754,-0.053047424831148146,0.0531834045229102,False,184.09806805414559
2020-03-03 19:00:00,27.75705,88.16985,120.0,24.0,-95197.28539249899,180886.26013302204,-0.0011284481050244342,-0.05041050010906886,0.050423128784042794,False,181.2823621549308
2020-03-03 20:00:00,27.75734,88.16827,120.0,24.0,-95280.3796219262,181041.92573044152,0.0003620835389296119,-0.048238931786516295,0.048240290674842916,False,179.56994344102026
2020-03-03 21:00:00,27.75778,88.16674,120.0,24.0,-95361.34915557574,181192.39943963007,-0.000656079123659413,-0.04746336300831886,0.047467897234614816,False,180.7919407421889
2020-03-03 22:00:00,27.75602,88.16521,120.0,24.0,-95435.35785083899,181346.5364694015,-0.0017386195745025777,-0.04715314691139008,0.0471851890074839,False,182.11163970521943
2020-03-03 23:00:00,27.75428,88.1637,120.0,24.0,-95508.3803736581,181498.66823886742,-0.0006354771287767416,-0.04575716724595021,0.04576157979741365,False,180.79567462362803
2020-03-04 00:00:00,27.75474,88.16226,120.0,24.0,-95584.72803611172,181640.21629821302,0.00025359161574535494,-0.04451627406817395,0.04451699636790821,False,179.67361212411078
2020-03-04 01:00:00,27.75479,88.16083,120.0,24.0,-95659.25708218977,181781.45934721493,-0.0013953448316607643,-0.04420601036248532,0.04422802662755148,False,181.80791783452963
2020-03-04 02:00:00,27.75194,88.15941,120.0,24.0,-95724.05827639705,181926.55920253377,-0.002910199250988541,-0.04281005269984866,0.042908855401237095,False,183.88894628396667
2020-03-04 03:00:00,27.74895,88.15807,120.0,24.0,-95784.2405895955,182063.9931841849,-0.0013352976100651798,-0.03877725578363403,0.038800239507209545,False,181.97220503166272
2020-03-04 04:00:00,27.74926,88.15691,120.0,24.0,-95845.54309288024,182178.12313566566,0.0023415072236813196,-0.034899405982440124,0.03497786720207122,False,176.16160458679644
2020-03-04 05:00:00,27.75364,88.15582,120.0,24.0,-95916.15531976458,182278.5210701617,0.006262281372670755,-0.033813514752469284,0.03438851476737483,False,169.50767209700552
2020-03-04 06:00:00,27.7618,88.15473,120.0,24.0,-95998.81540314834,182372.5762791335,0.009178084442703304,-0.033813551289907776,0.0350370301948184,False,164.81397253253732
2020-03-04 07:00:00,27.77201,88.15364,120.0,24.0,-96088.03266889129,182463.17377962725,0.01038764504400303,-0.03334835091716963,0.03492872282885375,False,162.69876212892922
2020-03-04 08:00:00,27.78258,88.15258,120.0,24.0,-96176.8706208019,182550.1768203417,0.010623638004201063,-0.032572825179773536,0.03426150353729961,False,161.93624556771232
2020-03-04 09:00:00,27.79325,88.15154,120.0,24.0,-96265.02122249734,182635.00936463103,0.010714656778220305,-0.03179727919230788,0.033553998776727614,False,161.37784427061507
2020-03-04 10:00:00,27.80399,88.15053,120.0,24.0,-96351.8672157924,182716.73412510962,0.010379824347109762,-0.031021805364885552,0.03271227845280262,False,161.49987796747615
2020-03-04 11:00:00,27.81398,88.14954,120.0,24.0,-96435.31219904713,182797.7195757479,0.009177682225650017,-0.02993610525920627,0.031311343777060886,False,162.9557334785253
2020-03-04 12:00:00,27.82231,88.1486,120.0,24.0,-96510.88367161067,182876.53936812014,0.007332533608259584,-0.026989034011726195,0.027967373956136278,False,164.80044411287514
2020-03-04 13:00:00,27.82861,88.1478,120.0,24.0,-96572.69905445595,182944.93626105238,0.005385060767405381,-0.021094860695524957,0.021771357955631804,False,165.67947577640405
2020-03-04 14:00:00,27.83305,88.14724,120.0,24.0,-96616.07527784012,182992.7567191078,0.0045094048303359995,-0.015355748321989476,0.016004178780935317,False,163.6344733230623
2020-03-04 15:00:00,27.8376,88.14681,120.0,24.0,-96653.03139787923,183027.5479285182,0.005474067201072342,-0.012718818840473718,0.013846796178851092,False,156.71338332853315
2020-03-04 16:00:00,27.84396,88.14642,120.0,24.0,-96693.69018663542,183055.32991049325,0.006634362456893209,-0.011943332608200612,0.013662282349576227,False,150.94841052163986
2020-03-04 17:00:00,27.85082,88.14604,120.0,24.0,-96735.4323023039,183081.2735233919,0.006374509608859716,-0.011167874710984117,0.01285907455121415,False,150.28271377827457
2020-03-04 18:00:00,27.85666,88.1457,120.0,24.0,-96771.83494453802,183104.9831218388,0.005763284333427581,-0.009926958850898556,0.011478674066954117,False,149.86187904216064
2020-03-04 19:00:00,27.8623,88.1454,120.0,24.0,-96805.51648002343,183125.0758552189,0.006130792150685939,-0.008220704355292579,0.010255076425460646,False,143.2853608961052
2020-03-04 20:00:00,27.86887,88.14517,120.0,24.0,-96838.52135364016,183136.68105545992,0.007155969401039085,-0.006049164631815089,0.00937018093802944,False,130.2088813428261
2020-03-04 21:00:00,27.87655,88.14501,120.0,24.0,-96871.42310292978,183139.49404278683,0.008045421323440745,-0.0035674505059870103,0.008800881057277278,False,113.91315700959939
2020-03-04 22:00:00,27.88489,88.14494,120.0,24.0,-96901.7361512529,183132.30123062507,0.00770427449892974,-0.001551175631942982,0.007858879779968186,False,101.38371541207323
2020-03-04 23:00:00,27.89189,88.14491,120.0,24.0,-96925.67656645639,183123.4222249265,0.00546945626493728,-0.0007756912285045948,0.005524187606883082,False,98.07199137874551
2020-03-05 00:00:00,27.89578,88.14489,120.0,24.0,-96939.15420342697,183118.81522154386,0.00265188246433645,-0.00031027498278933313,0.0026699721289931257,False,96.6733673632715
2020-03-05 01:00:00,27.89717,88.14489,120.0,24.0,-96943.59665138437,183116.4634163499,0.0007433356202066279,0.0006204258005552871,0.0009682334523567346,False,50.14990314517382
2020-03-05 02:00:00,27.89726,88.14493,120.0,24.0,-96941.79417706707,183112.36314467154,-3.0129176264272542e-05,0.0023266284340742256,0.0023268235080265644,False,359.25807742713647
2020-03-05 03:00:00,27.89711,88.14504,120.0,24.0,-96935.56700774659,183101.75994182928,0.00011046354859307298,0.004653257310870665,0.00465456827178838,False,1.35988753824563
2020-03-05 04:00:00,27.89748,88.14523,120.0,24.0,-96926.82131696727,183082.38102731912,0.0004017233517769471,0.006359451347918175,0.006372127046591365,False,3.614542951252588
2020-03-05 05:00:00,27.89791,88.14545,120.0,24.0,-96916.69946437799,183059.9397633525,0.00018078585910922184,0.006049233403816098,0.006051934261101847,False,1.7118176514418906
2020-03-05 06:00:00,27.89784,88.14562,120.0,24.0,-96907.59266407599,183043.2792883003,-0.00024097052285407218,0.0054288007986110776,0.005434146198243551,False,357.45845579729655
2020-03-05 07:00:00,27.89743,88.1458,120.0,24.0,-96896.87726971647,183026.20679813126,-0.0004317177116962994,0.006514560434079094,0.006528849656092648,False,356.2085718596271
2020-03-05 08:00:00,27.89698,88.14604,120.0,24.0,-96882.89921905506,183003.27979730602,-0.000356386338266239,0.008686080125419276,0.008693388244367472,False,357.65049526235794
2020-03-05 09:00:00,27.89672,88.14636,120.0,24.0,-96865.34816715558,182972.13533016026,-0.00014555766115301877,0.01116781832018471,0.011168766855180279,False,359.25326798653566
2020-03-05 10:00:00,27.89669,88.14676,120.0,24.0,-96844.3516222467,182932.70590324307,-0.00021571058493198136,0.012563797324782959,0.01256564897944691,False,359.01637287085856
2020-03-05 11:00:00,27.89629,88.14717,120.0,24.0,-96821.65153045295,182892.91469877123,-0.0009831013234626223,0.011943372879337298,0.011983765849977363,False,355.29438997068667
2020-03-05 12:00:00,27.89473,88.14753,120.0,24.0,-96797.86239063556,182860.0180285567,-0.002582751396738258,0.010857649045494681,0.011160606953588366,False,346.61950386569004
2020-03-05 13:00:00,27.89114,88.14787,120.0,24.0,-96768.64229975572,182832.52291397357,-0.004908899405041004,0.010857715664048456,0.011915841674432198,False,335.67172146798845
2020-03-05 14:00:00,27.88494,88.14823,120.0,24.0,-96730.05396638873,182807.45722241714,-0.007119106620267895,0.010392390250350547,0.012596962101487932,False,325.58765846959557
2020-03-05 15:00:00,27.87694,88.14854,120.0,24.0,-96688.34075656478,182790.3588009606,-0.008506626972959182,0.00822082990303518,0.011829824459885873,False,314.0211678355664
2020-03-05 16:00:00,27.86797,88.14876,120.0,24.0,-96648.23811278994,182783.7738575483,-0.00966310326165646,0.007290219355591256,0.012104662857678982,False,307.03231629070456
2020-03-05 17:00:00,27.85766,88.14901,120.0,24.0,-96602.29965019322,182776.4781227713,-0.011244912924353975,0.010237349667011227,0.015206952189079767,False,312.3146754537925
2020-03-05 18:00:00,27.84553,88.14942,120.0,24.0,-96542.21503681997,182756.43927007212,-0.012930993141587788,0.014270171688830605,0.019257424117895234,False,317.8185328226976
2020-03-05 19:00:00,27.83185,88.14993,120.0,24.0,-96471.98569253349,182729.11724600778,-0.014585633284789085,0.01597641709042722,0.02163299797452129,False,317.6055550228616
2020-03-05 20:00:00,27.81641,88.15045,120.0,24.0,-96395.64152170355,182703.74553153315,-0.01778095475744954,0.01613202116656869,0.024008424750597186,False,312.21632838606865
2020-03-05 21:00:00,27.79634,88.15097,120.0,24.0,-96304.5557085409,182686.12878691626,-0.023397511738233616,0.016132651064950126,0.02842016864700518,False,304.5863739308562
2020-03-05 22:00:00,27.76967,88.15149,120.0,24.0,-96192.45153061792,182679.55243679657,-0.027701536670884958,0.014270485630692768,0.03116122420676365,False,297.25532354103325
2020-03-05 23:00:00,27.74099,88.15189,120.0,24.0,-96080.20393450008,182688.14285569056,-0.027621581940421903,0.009150892722697767,0.029097948836881344,False,288.32977689147356
2020-03-06 00:00:00,27.71447,88.15208,120.0,24.0,-95985.76620192995,182713.81053049158,-0.02758256911315799,0.004498655575491131,0.02794702168155016,False,279.26325176788146
2020-03-06 01:00:00,27.68586,88.15218,120.0,24.0,-95889.32932705423,182751.82795248914,-0.032562873916600836,0.003414627856476291,0.03274141782370866,False,275.9863066525696
2020-03-06 02:00:00,27.64938,88.1523,120.0,24.0,-95766.73347473383,182800.97226110773,-0.04220597622953813,0.0032614849822970235,0.0423318049907878,False,274.4187744304468
2020-03-06 03:00:00,27.60149,88.15239,120.0,24.0,-95609.25116693723,182872.0467374927,-0.05451074251974748,0.0012471437395385788,0.05452500726787,False,271.3106335673083
2020-03-06 04:00:00,27.54041,88.15238,120.0,24.0,-95414.76303104157,182974.85700527308,-0.06624678574941659,-0.0017002576974537095,0.06626860114991756,False,268.52979722351824
2020-03-06 05:00:00,27.46906,88.15228,120.0,24.0,-95191.98328423062,183103.44314968804,-0.0746042755013006,-0.004028637363435592,0.07471296970459701,False,266.9090250294412
2020-03-06 06:00:00,27.39128,88.15212,120.0,24.0,-94951.55027165954,183248.36434133395,-0.07969313593122009,-0.005426206152105373,0.07987765412026739,False,266.10481392843
2020-03-06 07:00:00,27.30977,88.15193,120.0,24.0,-94700.49711973498,183402.11243236085,-0.08349334233030009,-0.005891320020236686,0.08370093108840261,False,265.963878786106
2020-03-06 08:00:00,27.22441,88.15174,120.0,24.0,-94436.86440674857,183561.86316127726,-0.09252304163597597,-0.004952023437668443,0.09265546810469288,False,266.9363352374822
2020-03-06 09:00:00,27.12487,88.15161,120.0,24.0,-94124.43918212973,183738.5726927531,-0.11079443898143317,-0.0027703713488648057,0.1108290695919673,False,268.56764004784384
2020-03-06 10:00:00,27.00301,88.15156,120.0,24.0,-93735.97599995021,183943.32147702525,-0.127504057804848,-0.003555196431107868,0.12755361295692796,False,268.40283525190864
2020-03-06 11:00:00,26.8701,88.15138,120.0,24.0,-93318.11323841574,184178.19905900088,-0.13174163567390754,-0.0103952679869381,0.1321511262402135,False,265.48834009803045
2020-03-06 12:00:00,26.73981,88.15089,120.0,24.0,-92923.67479017949,184438.7973755706,-0.1272496012878251,-0.020016101538249523,0.12881422805226125,False,261.06073803399687
2020-03-06 13:00:00,26.61594,88.15009,120.0,24.0,-92564.73863274785,184719.13647202696,-0.12141138156743617,-0.028390482115437966,0.12468657926521436,False,256.838608828663
2020-03-06 14:00:00,26.49741,88.14906,120.0,24.0,-92233.72604455947,185013.1786845199,-0.12143346680562128,-0.03396315569327102,0.12609354783285817,False,254.3744749890842
2020-03-06 15:00:00,26.37363,88.1479,120.0,24.0,-91891.3620925401,185328.06865849197,-0.1310214499603004,-0.03643474569727978,0.13599305513049167,False,254.4596924681499
2020-03-06 16:00:00,26.23613,88.14671,120.0,24.0,-91505.09248489268,185667.2641928703,-0.13983315970765048,-0.03737657119578102,0.1447422558487278,False,255.03502828167333
2020-03-06 17:00:00,26.09495,88.14549,120.0,24.0,-91107.2504271709,186014.53316419982,-0.13788326872118625,-0.03847612818144099,0.14315099801633777,False,254.40831613953915
2020-03-06 18:00:00,25.96151,88.14423,120.0,24.0,-90735.38214970367,186352.72905317004,-0.13103946921798762,-0.0400248409142509,0.1370158034065524,False,253.0151742198136
2020-03-06 19:00:00,25.83414,88.14291,120.0,24.0,-90385.13007884454,186686.65789190677,-0.12683462640371673,-0.041726832696769994,0.13352209937637527,False,251.7895116050165
2020-03-06 20:00:00,25.70925,88.14154,120.0,24.0,-90044.35865553474,187021.08365925917,-0.12348773686081349,-0.0442105126406176,0.1311632211519362,False,250.30185003117782
2020-03-06 21:00:00,25.58872,88.14006,120.0,24.0,-89722.1210055103,187359.16326177135,-0.11832470941815253,-0.04855512797764206,0.1278997158394632,False,247.688963496082
2020-03-06 22:00:00,25.47428,88.13841,120.0,24.0,-89426.97465857369,187704.35022988947,-0.11462903256799645,-0.052738202988293625,0.12617897274074336,False,245.2939196998923
2020-03-06 23:00:00,25.36129,88.13666,120.0,24.0,-89140.34942185714,188056.94071022255,-0.11561966881665098,-0.05474991302268339,0.12792756072583988,False,244.66082586254777
2020-03-07 00:00:00,25.2451,88.13488,120.0,24.0,-88843.58696819916,188417.12248681468,-0.11804104161353912,-0.055217024935385974,0.13031733325971764,False,244.93083217943254
2020-03-07 01:00:00,25.12753,88.1331,120.0,24.0,-88541.18307869406,188779.00584449852,-0.11833417236012167,-0.05506437639664215,0.13051843508143232,False,245.04605364692583
2020-03-07 02:00:00,25.01098,88.13133,120.0,24.0,-88240.5627088685,189137.85777202892,-0.11829066521368285,-0.0549074675202845,0.13041285008075967,False,245.10049060733397
2020-03-07 03:00:00,24.89372,88.12956,120.0,24.0,-87936.50019204269,189497.35673438318,-0.12000948444337087,-0.055215821724703525,0.13210247281976942,False,245.2930546007031
2020-03-07 04:00:00,24.774,88.12777,120.0,24.0,-87624.11978120377,189862.19280480396,-0.12131837650881866,-0.05537359424140389,0.13335810218335864,False,245.4665246083181
2020-03-07 05:00:00,24.65438,88.12599,120.0,24.0,-87310.46441227508,190225.3825847739,-0.11975853254554736,-0.0553768206965454,0.13194202661745144,False,245.1839914756572
2020-03-07 06:00:00,24.53796,88.1242,120.0,24.0,-87006.78218863282,190584.24628012866,-0.11608917113098789,-0.05584309717566682,0.12882215320375126,False,244.31075979981267
2020-03-07 07:00:00,24.42579,88.12239,120.0,24.0,-86717.08854259035,190938.26231224943,-0.11154044232010218,-0.05708443550430354,0.12529925398744013,False,242.8974324293983
2020-03-07 08:00:00,24.31854,88.12052,120.0,24.0,-86445.52723581714,191290.5577213796,-0.10599791089738417,-0.05925687409652989,0.12143695583430025,False,240.79314502362823
2020-03-07 09:00:00,24.21748,88.11857,120.0,24.0,-86197.31914153976,191641.34185316385,-0.09952154759433962,-0.0620489343561615,0.11728004387067582,False,238.05760092205202
2020-03-07 10:00:00,24.12316,88.11652,120.0,24.0,-85975.29089911577,191991.92545812775,-0.0943584768033185,-0.06499308052876386,0.11457583803429404,False,235.44135695700987
2020-03-07 11:00:00,24.03244,88.11438,120.0,24.0,-85768.520063894,192346.088126492,-0.0924655340716444,-0.06731697095378876,0.11437416478185829,False,233.94454667019
2020-03-07 12:00:00,23.94204,88.11218,120.0,24.0,-85564.63840764404,192705.7229622796,-0.09231060958296278,-0.06778216648994387,0.11452366888835097,False,233.71077258720746
2020-03-07 13:00:00,23.85183,88.11001,120.0,24.0,-85359.12057967315,193061.84537113275,-0.09194906533302327,-0.06576617159604009,0.11304786571190265,False,234.42591857637373
2020-03-07 14:00:00,23.76234,88.10794,120.0,24.0,-85150.62375906817,193406.5066211635,-0.09126183565616071,-0.063284507121135,0.11105697406690437,False,235.2610557026928
2020-03-07 15:00:00,23.67367,88.10593,120.0,24.0,-84941.34067324772,193743.63451960284,-0.09045763741765994,-0.06235393284493814,0.10986626920222552,False,235.42086736264372
2020-03-07 16:00:00,23.58594,88.10392,120.0,24.0,-84734.40190663122,194079.1871721342,-0.08927015607564989,-0.06250949598646514,0.1089798048000307,False,234.99919906139218
2020-03-07 17:00:00,23.49977,88.1019,120.0,24.0,-84532.37309477264,194413.2824513705,-0.0873505743708945,-0.06297538518362415,0.10768482707397081,False,234.21028621900408
2020-03-07 18:00:00,23.41596,88.09986,120.0,24.0,-84338.43992496975,194745.78441832043,-0.08456862933281717,-0.06390659817941641,0.10599955829198919,False,232.92248440267093
2020-03-07 19:00:00,23.33538,88.09778,120.0,24.0,-84156.48136220376,195077.49235116882,-0.08107763518795336,-0.06607833981080666,0.10459411991036249,False,230.81993740701657
2020-03-07 20:00:00,23.25853,88.0956,120.0,24.0,-83990.88740975737,195413.86616198148,-0.077870769986441,-0.06886942782834231,0.10395602391244314,False,228.51024121512293
2020-03-07 21:00:00,23.18435,88.09334,120.0,24.0,-83837.18153483851,195754.45245239997,-0.07588853377018528,-0.07119509407394112,0.10405676805468195,False,226.8276885863716
2020-03-07 22:00:00,23.11152,88.09101,120.0,24.0,-83690.42320055427,196100.1860437325,-0.07499358130811146,-0.07259050652278191,0.10437154245602759,False,225.93285041004975
2020-03-07 23:00:00,23.03925,88.08866,120.0,24.0,-83545.71533501013,196447.10120091503,-0.07468765215500045,-0.07321067902749019,0.10458512756645916,False,225.57216003050289
2020-03-08 00:00:00,22.96719,88.08629,120.0,24.0,-83401.85808174392,196795.71363312166,-0.07407423415595267,-0.07321125953751244,0.10414835903104719,False,225.3357033772908
2020-03-08 01:00:00,22.89628,88.08394,120.0,24.0,-83260.34381958863,197140.5457863698,-0.07256750620771348,-0.07305660654700737,0.10297237841951003,False,224.80756428796218
2020-03-08 02:00:00,22.8273,88.08158,120.0,24.0,-83125.18904535007,197483.55799915906,-0.07127140741506714,-0.07383135382287626,0.10261911285059538,False,223.98927553782923
2020-03-08 03:00:00,22.75906,88.07918,120.0,24.0,-82993.61197164758,197829.57749309964,-0.0711177190653403,-0.0758470872504471,0.10397360534978867,False,223.15684200522685
2020-03-08 04:00:00,22.69055,88.07669,120.0,24.0,-82864.2717017852,198185.22673141104,-0.07060414829086722,-0.07817470916537805,0.10533864869538727,False,222.08703640547296
2020-03-08 05:00:00,22.62347,88.07414,120.0,24.0,-82741.73212727228,198544.96910216316,-0.06814067680595193,-0.0794167180582421,0.10464304536239144,False,220.6300642045882
2020-03-08 06:00:00,22.55986,88.07157,120.0,24.0,-82631.36658326702,198901.75437224453,-0.06420625405960777,-0.0806578571969679,0.10309283674423439,False,218.52091996136
2020-03-08 07:00:00,22.50049,88.06894,120.0,24.0,-82537.62019563875,199258.6221925799,-0.05994442041937287,-0.08298418760570384,0.1023704495056712,False,215.84282367327864
2020-03-08 08:00:00,22.4452,88.06622,120.0,24.0,-82461.27452114887,199618.92715577644,-0.05716657910059138,-0.08546442009805817,0.10282113045848863,False,213.77829962167675
2020-03-08 09:00:00,22.3913,88.06343,120.0,24.0,-82392.13952490594,199984.49920560603,-0.05688329642936732,-0.08732462498539544,0.10421755870059143,False,213.0802374584796
2020-03-08 10:00:00,22.33671,88.06059,120.0,24.0,-82322.0988897894,200356.27369022794,-0.056203861146365386,-0.08965257490154316,0.10581331766009762,False,212.0839028275227
2020-03-08 11:00:00,22.28426,88.05765,120.0,24.0,-82263.15639609665,200735.35721167095,-0.052532376644504705,-0.09337633329378772,0.10713911617757836,False,209.36157051783027
2020-03-08 12:00:00,22.23681,88.05457,120.0,24.0,-82227.05565319787,201121.7978687749,-0.048514307935645845,-0.09787326459192212,0.10923742031170026,False,206.36692439367772
2020-03-08 13:00:00,22.19215,88.05134,120.0,24.0,-82206.51066223145,201519.8241251899,-0.04728401992964095,-0.10283530995767495,0.11318515589421504,False,204.69313004222477
2020-03-08 14:00:00,22.14719,88.04794,120.0,24.0,-82191.49484352439,201935.95474730784,-0.048499773860774684,-0.10903884273208662,0.11933858256615504,False,203.9791897031978
2020-03-08 15:00:00,22.10039,88.04431,120.0,24.0,-82179.04170744329,202378.62273020702,-0.050963627367435295,-0.11679368241054165,0.12742862930072374,False,203.57434000903294
2020-03-08 16:00:00,22.05095,88.04041,120.0,24.0,-82167.8948585371,202853.1373034122,-0.053522811368977095,-0.12687573509076627,0.13770309906338857,False,202.87255751204236
2020-03-08 17:00:00,21.99952,88.03613,120.0,24.0,-82164.82486678904,203369.9831087019,-0.05512245072537411,-0.13912955000678132,0.14965131559415293,False,201.61322985547423
2020-03-08 18:00:00,21.94729,88.03144,120.0,24.0,-82175.15927511844,203930.6022871223,-0.05516008032647787,-0.1506081204340886,0.16039152222705672,False,200.11520837167268
2020-03-08 19:00:00,21.89603,88.02642,120.0,24.0,-82201.74489996539,204524.21174359455,-0.05348040298991891,-0.15929458365981333,0.16803249057047687,False,198.5585866115836
2020-03-08 20:00:00,21.8472,88.02117,120.0,24.0,-82245.59150132089,205138.3843224212,-0.051276618952002896,-0.16658414828484305,0.17429736117031572,False,197.1089995106023
2020-03-08 21:00:00,21.80032,88.01568,120.0,24.0,-82305.4067572252,205774.86402696525,-0.04972210096068164,-0.174028711415523,0.18099248526082956,False,195.94527779520791
2020-03-08 22:00:00,21.75465,88.00995,120.0,24.0,-82378.52802046596,206434.7319234174,-0.048527900205497326,-0.17976745782060208,0.18620229856163606,False,195.10680839405063
2020-03-08 23:00:00,21.71025,88.00409,120.0,24.0,-82460.60996775863,207106.5066019616,-0.047047796714342505,-0.18240424826523385,0.1883741090513215,False,194.46314710288576
2020-03-09 00:00:00,21.66758,87.99819,120.0,24.0,-82549.62284123122,207780.19052608017,-0.04468150028382216,-0.18426575149604146,0.18960565298011056,False,193.630229738617
2020-03-09 01:00:00,21.6278,87.99221,120.0,24.0,-82651.48484257619,208458.257512065,-0.04111201303936057,-0.18783326506585465,0.19227983014723143,False,192.34592409193107
2020-03-09 02:00:00,21.59194,87.98608,120.0,24.0,-82772.91737910942,209146.47886471738,-0.0370929684152163,-0.191090065216556,0.19465688102484294,False,190.9852130428314
2020-03-09 03:00:00,21.55976,87.97989,120.0,24.0,-82909.45983538785,209835.84016441207,-0.03344422474284287,-0.19171003704939443,0.1946053814110236,False,189.89578493606172
2020-03-09 04:00:00,21.53078,87.97372,120.0,24.0,-83056.19183605646,210518.70385136508,-0.03017312862881201,-0.191399479188051,0.19376320167851274,False,188.95865291840494
2020-03-09 05:00:00,21.50475,87.96755,120.0,24.0,-83213.12802313187,211197.48469809373,-0.02712916347721228,-0.19217468045920194,0.1940801363369515,False,188.03530741445934
2020-03-09 06:00:00,21.48147,87.96133,120.0,24.0,-83381.67829963527,211877.6449798932,-0.02434826821818887,-0.1943458061756519,0.1958650825014222,False,187.14099340108805
2020-03-09 07:00:00,21.46063,87.95502,120.0,24.0,-83562.41839418505,212563.77197537242,-0.021743945429536157,-0.19729251235857165,0.19848711443214592,False,186.28928336191882
2020-03-09 08:00:00,21.44219,87.94861,120.0,24.0,-83755.68501429922,213256.94423488545,-0.01845507647515606,-0.19977409242515126,0.2006247189455894,False,185.2779884449651
2020-03-09 09:00:00,21.42739,87.94214,120.0,24.0,-83964.5537161747,213951.16578632005,-0.013853486407407578,-0.2011697938878305,0.2016462374023191,False,183.9394339848946
2020-03-09 10:00:00,21.41731,87.93564,120.0,24.0,-84191.97452970615,214641.69270626185,-0.009052896860015529,-0.20225503921735036,0.20245754080885703,False,182.5628375451226
2020-03-09 11:00:00,21.41118,87.9291,120.0,24.0,-84435.63029630581,215330.64377088464,-0.005175288460733188,-0.2034954649009832,0.2035612631271458,False,181.4568299241741
2020-03-09 12:00:00,21.40807,87.92252,120.0,24.0,-84692.1558340337,216019.34377991353,-0.0016195576734822498,-0.20365025173562257,0.2036566915155016,False,180.45564325316712
2020-03-09 13:00:00,21.40829,87.91597,120.0,24.0,-84959.978497609,216700.01490102443,0.0024215731084745312,-0.20147845721488172,0.20149300915418533,False,179.31139417848863
2020-03-09 14:00:00,21.41235,87.90953,120.0,24.0,-85237.89023314753,217363.53445045184,0.006718678516105692,-0.19806583739919797,0.19817975826417872,False,178.05718957058838
2020-03-09 15:00:00,21.42015,87.9032,120.0,24.0,-85525.64152685973,218009.9967959905,0.010802876309701892,-0.194808364716391,0.1951076654056348,False,176.82597855637658
2020-03-09 16:00:00,21.43137,87.89697,120.0,24.0,-85822.54122582606,218640.86626082295,0.014409551862853476,-0.1920162740746046,0.19255618581178308,False,175.70837460394534
2020-03-09 17:00:00,21.44545,87.89082,120.0,24.0,-86127.36978480055,219259.0126670475,0.017500333607910964,-0.18984461802859545,0.19064952313292444,False,174.73322186719224
2020-03-09 18:00:00,21.46201,87.88473,120.0,24.0,-86439.57259260595,219867.04457117777,0.020638541582137147,-0.18891365635130802,0.19003767772380747,False,173.7652455889645
2020-03-09 19:00:00,21.48148,87.87864,120.0,24.0,-86763.33139140012,220470.5072520708,0.024461386279463246,-0.18984380887285363,0.19141324715407157,False,172.65788906433522
2020-03-09 20:00:00,21.50459,87.87249,120.0,24.0,-87104.01084851052,221074.4753893931,0.02926333051021763,-0.1926350372316752,0.19484506686544342,False,171.3621963754906
2020-03-09 21:00:00,21.53227,87.86622,120.0,24.0,-87467.79086145322,221683.6938507822,0.03499525103712999,-0.1968221347488463,0.19990903011681277,False,169.91809004984742
2020-03-09 22:00:00,21.56515,87.8598,120.0,24.0,-87858.51072931025,222300.21761652667,0.0406902869754467,-0.20023413981042984,0.20432672414485328,False,168.51313716261097
2020-03-09 23:00:00,21.60248,87.85331,120.0,24.0,-88270.15761108574,222916.77820468508,0.045454550948668467,-0.2005442816301969,0.20563104117938233,False,167.22934246208422
2020-03-10 00:00:00,21.64335,87.84687,120.0,24.0,-88694.39611935365,223522.22606973615,0.049617943367467526,-0.19821747702489517,0.2043333269492083,False,165.9464623805028
2020-03-10 01:00:00,21.68759,87.84053,120.0,24.0,-89128.59851347805,224111.562085498,0.053692240140278104,-0.19464981878399767,0.2019193121123495,False,164.5790043911415
2020-03-10 02:00:00,21.73518,87.83432,120.0,24.0,-89571.52512568176,224681.63735495176,0.05765130066257579,-0.19061697060353466,0.1991444248533097,False,163.17227956195973
2020-03-10 03:00:00,21.78591,87.82824,120.0,24.0,-90022.41617584738,225232.71627985875,0.06111035661646242,-0.1865844087705468,0.19633699926923023,False,161.8652795824658
2020-03-10 04:00:00,21.83911,87.82229,120.0,24.0,-90478.68568605755,225765.79569283416,0.062890299770003,-0.18332827020400305,0.19381549076674132,False,161.06559812293176
2020-03-10 05:00:00,21.89258,87.81642,120.0,24.0,-90933.75756790751,226289.5027615967,0.06220058788392644,-0.18208835953330976,0.19241903183063244,False,161.1400571655031
2020-03-10 06:00:00,21.94433,87.81055,120.0,24.0,-91383.0763754597,226815.2993020067,0.06063220962615217,-0.18255317706138852,0.19235885032760078,False,161.6268922687741
2020-03-10 07:00:00,21.99487,87.80465,120.0,24.0,-91829.87231821308,227345.51330391312,0.06006085864019249,-0.18394825668377582,0.19350521408374882,False,161.9176462194293
2020-03-10 08:00:00,22.04538,87.79869,90.0,24.0,-92280.06988292564,227881.3731710883,0.060756827790785145,-0.1868944433818603,0.19652207278118788,False,161.991364959154
2020-03-10 09:00:00,22.09681,87.7926,90.0,24.0,-92740.41183488347,228428.5768040175,0.06185063149681071,-0.19077186636320922,0.20054776391736814,False,162.0366556062275
2020-03-10 10:00:00,22.14887,87.78639,90.0,24.0,-93209.37993156418,228986.52330588392,0.06262250744451217,-0.19340847438457187,0.20329391629462396,False,162.0588931732293
2020-03-10 11:00:00,22.2013,87.78013,120.0,24.0,-93683.03014566177,229548.36956452552,0.06388775852819611,-0.19340765179494895,0.20368643907386988,False,161.72021883418324
2020-03-10 12:00:00,22.25517,87.77392,120.0,24.0,-94161.45473020045,230102.00529829014,0.06635025663996197,-0.18999469620909074,0.2012469655517158,False,160.74969399909787
2020-03-10 13:00:00,22.31139,87.76788,120.0,24.0,-94643.25583332831,230633.49827285396,0.06880479521813629,-0.18270535344261946,0.1952315190270315,False,159.36418654288582
2020-03-10 14:00:00,22.36903,87.76214,120.0,24.0,-95119.16955778838,231130.92796145685,0.06972915602752121,-0.17215942521277544,0.1857445097167171,False,157.9507405595964
2020-03-10 15:00:00,22.42649,87.75678,120.0,24.0,-95579.26288800013,231588.7070564281,0.06821082452544142,-0.16052831625833136,0.174419198780339,False,156.97865281599945
2020-03-10 16:00:00,22.48136,87.75179,120.0,24.0,-96014.08074542094,232011.95769768071,0.06402760825060083,-0.1498273907518249,0.16293489999933236,False,156.86092342667763
2020-03-10 17:00:00,22.5317,87.74712,120.0,24.0,-96417.7258502195,232409.20499127588,0.05894706653370352,-0.1399005310109377,0.15181210501824682,False,157.15188284540466
2020-03-10 18:00:00,22.57802,87.74277,120.0,24.0,-96792.08838926573,232779.71820177426,0.05446659745831389,-0.12997375186729537,0.14092475443706573,False,157.26346782397513
2020-03-10 19:00:00,22.62084,87.73874,120.0,24.0,-97139.12563365331,233122.72701624723,0.04907765715937833,-0.12082356319689855,0.1304106968612944,False,157.8933665098403
2020-03-10 20:00:00,22.6582,87.73498,120.0,24.0,-97452.86573061095,233446.81158780947,0.04107617615274106,-0.11337922373541892,0.12059063239811454,False,160.0850470339555
2020-03-10 21:00:00,22.68784,87.73143,120.0,24.0,-97726.52538701736,233762.12049916797,0.03111134967302466,-0.10764011335312874,0.11204601769430102,False,163.87905701752072
2020-03-10 22:00:00,22.70887,87.72804,120.0,24.0,-97958.46302632987,234075.4504421357,0.019858292943127527,-0.10298647797276879,0.10488358519735422,False,169.08593324116669
2020-03-10 23:00:00,22.72014,87.72479,120.0,24.0,-98144.67731801963,234390.9434687296,0.005815758312584289,-0.09724678583389494,0.09742053376867642,False,176.5775526878911
2020-03-11 00:00:00,22.71833,87.72177,120.0,24.0,-98267.51672283966,234705.12244548183,-0.011940064782298886,-0.08840387765511211,0.08920656215472898,False,187.69197485165068
2020-03-11 01:00:00,22.7008,87.71909,120.0,24.0,-98311.19884749665,235011.26877737,-0.029949651616725616,-0.0763043650996807,0.08197156680964811,False,201.43012982854208
2020-03-11 02:00:00,22.66984,87.71685,120.0,24.0,-98280.60463388545,235295.1725927862,-0.04453069635612961,-0.06203495746966108,0.07636307266096928,False,215.67200657219377
2020-03-11 03:00:00,22.62876,87.71509,120.0,24.0,-98187.49732317698,235546.9865229283,-0.05572928364480607,-0.04931703852444724,0.07441722478287578,False,228.49311876854102
2020-03-11 04:00:00,22.57975,87.71367,120.0,24.0,-98046.86434878566,235777.30475858142,-0.0645849586263586,-0.04125226504612532,0.07663528072764023,False,237.43246209970266
2020-03-11 05:00:00,22.52442,87.71243,120.0,24.0,-97872.17569472747,235999.78541995236,-0.07236203644853766,-0.03675409610227505,0.08116112307795378,False,243.07309254716245
2020-03-11 06:00:00,22.46291,87.7113,120.0,24.0,-97666.9754938889,236221.33310027103,-0.08024291990260213,-0.03411679983503067,0.08719450800067037,False,246.96630823003267
2020-03-11 07:00:00,22.39492,87.71023,120.0,24.0,-97432.11798072892,236447.53827914948,-0.08860574208147301,-0.03690770342403038,0.09598518688758542,False,247.3863921527642
2020-03-11 08:00:00,22.31999,87.70892,120.0,24.0,-97178.3714423724,236710.0826201289,-0.09730241279300729,-0.047608802266269845,0.10832523985004404,False,243.92809929402083
2020-03-11 09:00:00,22.23807,87.70716,120.0,24.0,-96914.21168100231,237030.70391779338,-0.10486897341074317,-0.06079329314302997,0.12121603060403162,False,239.89882409658188
2020-03-11 10:00:00,22.15107,87.705,120.0,24.0,-96645.13103104204,237400.99266309603,-0.11006645025321604,-0.07180677139278005,0.13141855230217178,False,236.87978274149617
2020-03-11 11:00:00,22.06094,87.70253,120.0,24.0,-96375.16189227915,237808.35773394397,-0.11395290178277148,-0.08421456331578034,0.1416945888140459,False,233.5345033709646
2020-03-11 12:00:00,21.96789,87.69957,120.0,24.0,-96112.47886976626,238271.10290668922,-0.11773476679414614,-0.10143013606793624,0.1554012477904603,False,229.25464474883717
2020-03-11 13:00:00,21.87193,87.69599,120.0,24.0,-95862.21381915949,238802.74037307425,-0.12082427586434881,-0.11694083773567121,0.16814774803268953,False,225.93573371105893
2020-03-11 14:00:00,21.77421,87.69203,120.0,24.0,-95618.82623037651,239376.5502704098,-0.12235304373111533,-0.12376644726104248,0.1740356307710827,False,224.6709680876419
2020-03-11 15:00:00,21.67612,87.68801,120.0,24.0,-95374.68482124932,239957.06535873577,-0.12223298709229907,-0.12562886283795321,0.17528124346735852,False,224.21505800393192
2020-03-11 16:00:00,21.57893,87.68393,120.0,24.0,-95135.07791971018,240542.18080957464,-0.12105665567144398,-0.12780054839178395,0.17603321860261278,False,223.4476959541571
2020-03-11 17:00:00,21.48306,87.67977,120.0,24.0,-94902.58663238828,241133.29890684976,-0.12149781791062503,-0.13058900776629245,0.17836818299917784,False,222.93459589292533
2020-03-11 18:00:00,21.38552,87.67551,120.0,24.0,-94665.40925847371,241737.4681256596,-0.1257905642190334,-0.1339975086364565,0.18378954912431772,False,223.1905753378485
2020-03-11 19:00:00,21.28319,87.67113,120.0,24.0,-94411.05283280101,242361.90668121274,-0.1322366708994786,-0.14004553417996912,0.19261175658388538,False,223.3572473913969
2020-03-11 20:00:00,21.17581,87.66648,120.0,24.0,-94144.24154386368,243022.61844500338,-0.1391526452711242,-0.15074615580637504,0.20515326508820478,False,222.70987172782222
2020-03-11 21:00:00,21.06296,87.66141,120.0,24.0,-93868.87566024908,243735.90765966423,-0.14878709628643516,-0.16640522341790015,0.22322253112557924,False,221.80069936837333
2020-03-11 22:00:00,20.94086,87.65575,120.0,24.0,-93575.14582679656,244525.69164813796,-0.162751675609418,-0.18563148590774636,0.2468747789345665,False,221.24253734374315
2020-03-11 23:00:00,20.80659,87.64944,121.0,24.0,-93252.14928752626,245402.9856940705,-0.17603270576833352,-0.20254146865497447,0.26834783402337103,False,220.99453624654188
2020-03-12 00:00:00,20.66429,87.64269,121.0,24.0,-92908.37514105412,246339.09846524557,-0.18311123797284523,-0.21216568655160178,0.28025703206496083,False,220.79608920928845
2020-03-12 01:00:00,20.51969,87.63576,120.0,24.0,-92557.64376282865,247297.55246371936,-0.1834088013421036,-0.21480992716688063,0.2824572413998051,False,220.49133003372287
2020-03-12 02:00:00,20.37774,87.62884,120.0,24.0,-92213.75746901357,248250.48801271402,-0.1780529681867365,-0.2123340498624649,0.27710757516008605,False,219.98155471475675
2020-03-12 03:00:00,20.2423,87.62207,119.0,24.0,-91888.23419210422,249177.07694514707,-0.16991858776886543,-0.20923209114268243,0.26953737112561105,False,219.08025036585192
2020-03-12 04:00:00,20.11378,87.61535,119.0,24.0,-91587.12969732103,250087.20630444147,-0.16199317845794126,-0.21000571141824625,0.2652247889907543,False,217.64570021626923
2020-03-12 05:00:00,19.99137,87.60853,120.0,24.0,-91312.98629552558,250997.99226427657,-0.15604189478124134,-0.21512010784235963,0.2657550257756726,False,215.95604377468726
2020-03-12 06:00:00,19.87277,87.60148,120.0,24.0,-91060.8493516042,251926.84404976462,-0.1532427407134222,-0.2234913172214044,0.27098285269499905,False,214.43751612081047
2020-03-12 07:00:00,19.75539,87.59412,120.0,24.0,-90822.34150266576,252886.36917311978,-0.15361511428258925,-0.23403427909533786,0.27994579319526747,False,213.280041635926
2020-03-12 08:00:00,19.63695,87.58639,120.0,24.0,-90589.47139363892,253886.55967399327,-0.15681056324304632,-0.24488763303310668,0.2907911717318099,False,212.63293082329588
2020-03-12 09:00:00,19.51544,87.57833,120.0,24.0,-90351.50538707727,254926.43733873108,-0.16217910347634198,-0.2535704887276153,0.30099842916193387,False,212.60224676802412
2020-03-12 10:00:00,19.38961,87.57004,120.0,24.0,-90098.76129831526,255997.46242406577,-0.16865689434589648,-0.258066921484278,0.3082915567685489,False,213.1661967930168
2020-03-12 11:00:00,19.25909,87.56169,120.0,24.0,-89822.91377394102,257082.2795137927,-0.17371138504177688,-0.25931091256262095,0.31211823828028973,False,213.81797880878418
2020-03-12 12:00:00,19.12647,87.55332,120.0,24.0,-89533.85863982904,258172.5540225927,-0.1750144638995958,-0.25931521284421627,0.31284891271427506,False,214.0158123952811
2020-03-12 13:00:00,18.99487,87.54497,120.0,24.0,-89244.12394002175,259259.16109327745,-0.172727177602725,-0.25807749776207417,0.3105457659246648,False,213.7937678657409
2020-03-12 14:00:00,18.86658,87.53668,120.0,24.0,-88962.74151349727,260334.31395897034,-0.16764402755659152,-0.25606350824457497,0.30606051726727956,False,213.21265118312164
2020-03-12 15:00:00,18.74347,87.52846,120.0,24.0,-88698.11123990973,261394.08042122293,-0.16069415945015894,-0.25389274979178955,0.3004731956069116,False,212.33059590464717
2020-03-12 16:00:00,18.6264,87.52031,120.0,24.0,-88454.50590841773,262437.17545074597,-0.15291375343990635,-0.2523414637056511,0.29505733391358174,False,211.21500387724114
2020-03-12 17:00:00,18.51567,87.51219,120.0,24.0,-88235.09732306235,263467.42262051377,-0.14551817234161324,-0.252494568077699,0.29142588318539453,False,209.9557933507079
2020-03-12 18:00:00,18.41033,87.50403,120.0,24.0,-88038.32786795749,264493.7545403208,-0.1398588328723562,-0.2549732993816899,0.29081244218568525,False,208.74580100277092
2020-03-12 19:00:00,18.30869,87.49575,120.0,24.0,-87859.43706806029,265527.2977264673,-0.1375712472633218,-0.25900115516687733,0.29327026179168403,False,207.97548604291242
2020-03-12 20:00:00,18.20742,87.48733,120.0,24.0,-87683.76105682977,266575.31847171596,-0.13942326363273735,-0.2645805692502696,0.29906809269261825,False,207.78741766916482
2020-03-12 21:00:00,18.10375,87.47869,120.0,24.0,-87501.07677124898,267650.5586320774,-0.14238810997360063,-0.2732664785466746,0.30813786226160905,False,207.52219749040012
2020-03-12 22:00:00,17.99884,87.46971,120.0,24.0,-87320.70257578054,268764.00339670375,-0.1429887119007386,-0.2856760288062889,0.3194629323811513,False,206.5892254380231
2020-03-12 23:00:00,17.89503,87.46027,120.0,24.0,-87157.50721687826,269924.8876099283,-0.13981962227336944,-0.2991720807578941,0.33023243432115446,False,205.0492792036315
2020-03-13 00:00:00,17.79549,87.45042,120.0,24.0,-87024.58476536591,271123.16546063364,-0.13360450861362597,-0.31049420736236116,0.338018960307657,False,203.2820308430258
2020-03-13 01:00:00,17.70146,87.44025,120.0,24.0,-86924.81298444998,272347.4744122573,-0.13175393041753952,-0.3208757160064906,0.3468722002454908,False,202.32341402852353
2020-03-13 02:00:00,17.60539,87.42973,120.0,24.0,-86823.33570617784,273612.5236864041,-0.13912280706302582,-0.3306384471244252,0.35871567872334104,False,202.8199077182133
2020-03-13 03:00:00,17.50157,87.41893,120.0,24.0,-86690.0797041237,274919.53832309286,-0.1430839270387932,-0.333907499665616,0.36327293941303423,False,203.1957944912803
2020-03-13 04:00:00,17.40061,87.4082,120.0,24.0,-86563.8207796441,276215.18254396756,-0.13187910498384253,-0.32663015078076163,0.35224899393809833,False,201.98672211111406
2020-03-13 05:00:00,17.31355,87.39787,120.0,24.0,-86487.29254517838,277447.6109220407,-0.11549870298076657,-0.31576763291116644,0.3362278221452837,False,200.0910637920792
2020-03-13 06:00:00,17.23661,87.38784,120.0,24.0,-86446.5122411787,278633.17893748404,-0.10639152683976341,-0.3092463253357329,0.32703584928406554,False,198.98500478031139
2020-03-13 07:00:00,17.16309,87.37793,120.0,24.0,-86415.45072546335,279801.1728164354,-0.10436459735677939,-0.30722639172400845,0.3244688351031522,False,198.76258943748255
2020-03-13 08:00:00,17.08959,87.36803,120.0,24.0,-86381.3027916841,280968.4442802814,-0.10665525660209464,-0.30784356427238846,0.32579595427934155,False,199.10911756121004
2020-03-13 09:00:00,17.01342,87.35808,120.0,24.0,-86332.78691790604,282145.44669403526,-0.11316043998571526,-0.3090802643233346,0.32914418568758436,False,200.10868451822512
2020-03-13 10:00:00,16.9314,87.3481,120.0,24.0,-86253.34033861829,283334.825146911,-0.1232335401787201,-0.3093873379087769,0.3330270713969961,False,201.71812174170879
2020-03-13 11:00:00,16.8418,87.33813,120.0,24.0,-86132.69835460922,284534.878638394,-0.13123160531450936,-0.31063213843063525,0.33721515336564056,False,202.9024186190597
2020-03-13 12:00:00,16.74931,87.32807,120.0,24.0,-85996.99600752011,285749.20383234083,-0.13218562122049757,-0.3146695439183631,0.3413062559157677,False,202.78618421825104
2020-03-13 13:00:00,16.65906,87.31784,120.0,24.0,-85874.2567707829,286978.6559382136,-0.12901721401164024,-0.3210279058869809,0.3459831757029605,False,201.89459501888967
2020-03-13 14:00:00,16.57163,87.30737,120.0,24.0,-85769.68452974132,288229.88990760816,-0.1255992972711577,-0.32847085120131536,0.35166501612177076,False,200.92564329917013
2020-03-13 15:00:00,16.48676,87.29666,120.0,24.0,-85682.03139881059,289503.33675493556,-0.12170199953708624,-0.33405396076278376,0.3555325939947397,False,200.017612181726
2020-03-13 16:00:00,16.40533,87.28583,120.0,24.0,-85612.03455530155,290784.8654569849,-0.11634216676173775,-0.3360702001196759,0.355638410714162,False,199.0950409908856
2020-03-13 17:00:00,16.32841,87.27499,120.0,24.0,-85561.87009925174,292061.1123491845,-0.10993469705767947,-0.3340533739942622,0.351677827413265,False,198.21602433680624
2020-03-13 18:00:00,16.25629,87.26429,120.0,24.0,-85528.63004172253,293315.5718056792,-0.103634026053568,-0.3281587423856316,0.34413394421386406,False,197.52635418044315
2020-03-13 19:00:00,16.18846,87.25383,120.0,24.0,-85506.95048514566,294538.2680265021,-0.10008209796006005,-0.318539909441956,0.33389234827916703,False,197.44220442636612
2020-03-13 20:00:00,16.12166,87.24375,120.0,24.0,-85476.02944303973,295719.0211880102,-0.10152433801504024,-0.30550921956655264,0.32193644473646693,False,198.38225936286773
2020-03-13 21:00:00,16.0524,87.23413,120.0,24.0,-85415.52002072334,296854.4065045816,-0.1067071562404942,-0.29372079888663477,0.3125033198088241,False,199.96580579472229
2020-03-13 22:00:00,15.97916,87.22481,120.0,24.0,-85322.46818668368,297963.79879457253,-0.1129065613299114,-0.2868965415469958,0.30831399115669744,False,201.48184640246515
2020-03-13 23:00:00,15.90213,87.21563,120.0,24.0,-85202.65219571357,299064.0374642143,-0.11507261469904859,-0.279922425891522,0.30265206288850954,False,202.3469518859257
2020-03-14 00:00:00,15.82649,87.20676,120.0,24.0,-85077.87282549296,300129.1226702945,-0.10951844083256193,-0.26752017851778337,0.28906977496200126,False,202.26340025354665
2020-03-14 01:00:00,15.75727,87.19838,120.0,24.0,-84969.31925962763,301132.2191140682,-0.10067335693152843,-0.2527859190701657,0.2720952878607259,False,201.71518672959758
2020-03-14 02:00:00,15.69373,87.19046,120.0,24.0,-84874.52367372194,302077.6265482271,-0.09363833711053013,-0.2386714326286718,0.2563828990589035,False,201.4216445681155
2020-03-14 03:00:00,15.63414,87.18299,120.0,24.0,-84785.08440125901,302968.9592412406,-0.08773917554182231,-0.22269774056216285,0.23935840611152787,False,201.5036085904539
2020-03-14 04:00:00,15.57866,87.1761,120.0,24.0,-84698.28652230348,303791.9721659404,-0.08172201454086,-0.20191647674356944,0.2178273427307806,False,202.03474375167227
2020-03-14 05:00:00,15.52722,87.16997,120.0,24.0,-84608.73580722425,304527.3701105954,-0.0778112013081278,-0.17539563353774665,0.19188072157755062,False,203.92362927646514
2020-03-14 06:00:00,15.47708,87.16479,120.0,24.0,-84496.55245309985,305158.70529270463,-0.07780213837902958,-0.1443779604550551,0.16400661023724356,False,208.3192604577987
2020-03-14 07:00:00,15.42584,87.16066,120.0,24.0,-84346.27314552246,305678.67996931233,-0.07829294402253176,-0.11506904671056223,0.13917855651857022,False,214.23135889499423
2020-03-14 08:00:00,15.37521,87.15737,120.0,24.0,-84173.52326563383,306107.29778037715,-0.07598618332325723,-0.09444471096357107,0.12121758735855179,False,218.8186711867522
2020-03-14 09:00:00,15.32709,87.15457,120.0,24.0,-83999.04823931275,306479.40242632944,-0.07346451279565613,-0.08591420662423346,0.11304107899420726,False,220.5334728934402
2020-03-14 10:00:00,15.27984,87.15183,120.0,24.0,-83826.90126325999,306843.6940798471,-0.07373393066760858,-0.08932460047826236,0.11582563093847967,False,219.53832755841657
2020-03-14 11:00:00,15.23147,87.14881,120.0,24.0,-83656.4188609107,307239.7106595152,-0.07533036668558289,-0.09537276393060508,0.12153447348282422,False,218.30351336588143
2020-03-14 12:00:00,15.18225,87.14568,120.0,24.0,-83483.98014622794,307648.7496528985,-0.07565546704768408,-0.09444313463621767,0.1210093193688732,False,218.69713571232015
2020-03-14 13:00:00,15.13356,87.14272,120.0,24.0,-83308.79434288671,308038.62464303465,-0.07218779501235999,-0.08824213971439739,0.11400768820619833,False,219.28539306269317
2020-03-14 14:00:00,15.08892,87.13999,120.0,24.0,-83148.12217412223,308397.7509456505,-0.06400169125704233,-0.08095455111560632,0.10319813869489645,False,218.32947102944723
2020-03-14 15:00:00,15.05089,87.1375,120.0,24.0,-83015.60174760019,308721.35931206873,-0.05648990316001437,-0.07474924577780165,0.09369396407121432,False,217.07926747960607
2020-03-14 16:00:00,15.01602,87.13517,120.0,24.0,-82895.1041073069,309023.10072890477,-0.05524435843845203,-0.07086997602135324,0.08985818071017991,False,217.9370247030102
2020-03-14 17:00:00,14.97966,87.13293,120.0,24.0,-82763.628289108,309317.25449974963,-0.06008480832591205,-0.06621585569703692,0.0894132190296961,False,222.22085704305735
2020-03-14 18:00:00,14.93861,87.1309,120.0,24.0,-82600.42418271065,309595.4731780837,-0.06888021840261703,-0.05815027131207155,0.09014398782425677,False,229.82817005351822
2020-03-14 19:00:00,14.89098,87.12918,120.0,24.0,-82392.38161132555,309849.6308311109,-0.0775875016579101,-0.05086244351866069,0.09277288706408329,False,236.75317719337068
2020-03-14 20:00:00,14.83878,87.12762,120.0,24.0,-82154.66367631618,310092.9412950779,-0.08280961524528131,-0.04838276034241567,0.09590789266490614,False,239.70375074444368
2020-03-14 21:00:00,14.78449,87.12606,120.0,24.0,-81905.25043275168,310339.0634869106,-0.08581082560138435,-0.048227893133804337,0.09843488947785156,False,240.6628923272701
2020-03-14 22:00:00,14.72849,87.12451,120.0,24.0,-81645.89111434459,310586.3482265747,-0.08899469696777339,-0.04807227481270887,0.10114840430799893,False,241.62340832885775
2020-03-14 23:00:00,14.67017,87.12296,120.0,24.0,-81373.54037453397,310836.7174210153,-0.0946391647668698,-0.050861437793598294,0.10744048288332847,False,241.74531166800844
2020-03-15 00:00:00,14.60699,87.12123,120.0,24.0,-81079.44534023869,311113.180282029,-0.10367915206285097,-0.059388661339909304,0.11948380504578104,False,240.19540144756274
2020-03-15 01:00:00,14.53715,87.11913,120.0,24.0,-80759.01314478512,311438.7504814843,-0.11167575651227732,-0.06916111841528262,0.13135727955862286,False,238.2299474064168
2020-03-15 02:00:00,14.46381,87.11677,120.0,24.0,-80426.11377556747,311797.0247990499,-0.11378367106310067,-0.07521340920134463,0.1363956770733032,False,236.53445451729186
2020-03-15 03:00:00,14.39138,87.11428,120.0,24.0,-80100.9948513653,312167.74425256316,-0.10903457127953109,-0.07878427679282068,0.13451951532725254,False,234.14954140390978
2020-03-15 04:00:00,14.32424,87.11169,120.0,24.0,-79806.68513344026,312541.59103352035,-0.10098653452354561,-0.08374619245412647,0.1311933874310701,False,230.33173483580677
2020-03-15 05:00:00,14.26223,87.10888,120.0,24.0,-79545.67741660932,312931.8629141363,-0.10752490374585388,-0.09629033820885627,0.14433791656363573,False,228.1550263157725
2020-03-15 06:00:00,14.18689,87.10548,120.0,24.0,-79227.1664655766,313404.24005852686,-0.14248470501654914,-0.11983574900012338,0.18617867198493387,False,229.9347249683116
2020-03-15 07:00:00,14.08047,87.10115,120.0,24.0,-78762.53977235574,314019.7964237758,-0.18861966313009412,-0.14603694290167815,0.2385459410918119,False,232.25152014468023
2020-03-15 08:00:00,13.94662,87.09606,120.0,24.0,-78165.71313024133,314754.50995115406,-0.22546206233414667,-0.1652737890207378,0.2795506517417514,False,233.7569147094217
2020-03-15 09:00:00,13.79374,87.09049,120.0,24.0,-77473.87174350317,315565.9388554267,-0.2514785350952631,-0.17644679311532008,0.3072050201646126,False,234.9450571259338
2020-03-15 10:00:00,13.62739,87.08468,120.0,24.0,-76710.18822488723,316419.9958656947,-0.269574085262812,-0.1811074836748733,0.32476161732619563,False,236.10567930210325
2020-03-15 11:00:00,13.4522,87.07881,120.0,24.0,-75894.80357359165,317290.50086303067,-0.28123266151591286,-0.18375142425898633,0.3359410600395998,False,236.84025535882407
2020-03-15 12:00:00,13.27179,87.07283,120.0,24.0,-75048.64410802475,318177.7634006822,-0.2875683281646598,-0.188411039232697,0.3437939252926997,False,236.76770294872136
2020-03-15 13:00:00,13.08933,87.06666,120.0,24.0,-74191.03638233182,319086.1533782574,-0.28950552301105736,-0.19213860264876514,0.3474632217684714,False,236.42862397689984
2020-03-15 14:00:00,12.90723,87.06044,120.0,24.0,-73331.65995019895,319997.28102806257,-0.2866610428203942,-0.1916821378419344,0.34484285615121885,False,236.23047226310968
2020-03-15 15:00:00,12.7291,87.0543,120.0,24.0,-72487.50669091195,320892.4265851628,-0.27366155680114973,-0.19108292261830562,0.3337713753262587,False,235.07550610064342
2020-03-15 16:00:00,12.56404,87.04812,120.0,24.0,-71712.86820830451,321773.4178400086,-0.24673780547631358,-0.1949743702845175,0.31447503830846624,False,231.6839011633464
2020-03-15 17:00:00,12.42031,87.04173,120.0,24.0,-71058.9087263167,322649.07148752443,-0.21372257556438262,-0.205201576936613,0.2962853801373702,False,226.16524660470776
2020-03-15 18:00:00,12.29715,87.03489,120.0,24.0,-70527.85213188449,323547.25905937195,-0.18475760855926027,-0.2217819562987175,0.2886565607434258,False,219.79631701950723
2020-03-15 19:00:00,12.19013,87.02743,120.0,24.0,-70099.27080797205,324492.5842135985,-0.16719360837391514,-0.23944319521505225,0.2920389467449226,False,214.92505678785255
2020-03-15 20:00:00,12.08939,87.01945,120.0,24.0,-69715.23272547532,325486.5668313686,-0.16527754403505018,-0.2529201770298035,0.3021345437235622,False,213.16369657449482
2020-03-15 21:00:00,11.98532,87.01112,120.0,24.0,-69317.05519947915,326522.4531224699,-0.17370405111037085,-0.2609783678493238,0.3135008865337566,False,213.64725663822597
2020-03-15 22:00:00,11.87474,87.00262,120.0,24.0,-68882.03143307113,327584.3647868415,-0.18448931081939615,-0.2634588557555172,0.32163158191107755,False,215.00196035251287
2020-03-15 23:00:00,11.75798,86.99413,120.0,24.0,-68407.48968253266,328652.095473561,-0.18873242613518845,-0.26083460519582286,0.3219543755604746,False,215.88841854469402
2020-03-16 00:00:00,11.6428,86.9858,120.0,24.0,-67934.36822336588,329699.8765307919,-0.18052810226888172,-0.253712515063863,0.3113847074100376,False,215.43359731098246
2020-03-16 01:00:00,11.53671,86.97777,120.0,24.0,-67503.08276521781,330703.5527923008,-0.1671340942706604,-0.24285420108480402,0.294808358857432,False,214.53604205709541
2020-03-16 02:00:00,11.43849,86.97014,120.0,24.0,-67105.01722163566,331653.76838053484,-0.15558391967897198,-0.23013557106721605,0.27779261533220506,False,214.06079061843093
2020-03-16 03:00:00,11.347,86.96293,120.0,24.0,-66733.73242301418,332549.77254734933,-0.1382608738001435,-0.22114976763904381,0.2608127469100816,False,212.01325749149964
2020-03-16 04:00:00,11.27029,86.95588,120.0,24.0,-66442.27848089518,333410.7842201704,-0.10869225868832516,-0.2199114356283554,0.2453060264626495,False,206.3011008886069
2020-03-16 05:00:00,11.21506,86.94875,120.0,24.0,-66275.68799863782,334255.54794933554,-0.08030714969974946,-0.22253619736924687,0.2365831723357821,False,199.84310908387056
2020-03-16 06:00:00,11.17304,86.94153,120.0,24.0,-66186.7356598169,335094.9057946104,-0.06698656199839753,-0.2243892395443037,0.23417457229946223,False,196.62185869295752
2020-03-16 07:00:00,11.13415,86.93428,120.0,24.0,-66115.58585951429,335933.98628433724,-0.06374756247625069,-0.22655852947452818,0.23535615351913816,False,195.71519403348682
2020-03-16 08:00:00,11.09623,86.92692,120.0,24.0,-66051.39226335348,336784.056572356,-0.06261239580467091,-0.23089985147620093,0.239238486703399,False,195.17187217780344
2020-03-16 09:00:00,11.05889,86.91939,120.0,24.0,-65993.16070947304,337652.14729458076,-0.06308449447765478,-0.23415503711350344,0.24250409243789564,False,195.07824213764462
2020-03-16 10:00:00,11.02059,86.91182,120.0,24.0,-65929.007111983,338525.7915606085,-0.06598269757529744,-0.23291322304953088,0.24207909007312814,False,195.81705743013447
2020-03-16 11:00:00,10.97997,86.90437,120.0,24.0,-65847.41987115456,339389.01289287646,-0.06969268855098698,-0.2271753825816541,0.23762517814530046,False,197.05492570655065
2020-03-16 12:00:00,10.93743,86.89717,120.0,24.0,-65747.94340319821,340227.08493105386,-0.07188342378547388,-0.21787167677981473,0.22942383084145834,False,198.25951528908752
2020-03-16 13:00:00,10.89439,86.89032,120.0,24.0,-65636.89644864676,341027.3942702501,-0.06990655774413299,-0.20794905845137146,0.21938490769979074,False,198.58118015687143
2020-03-16 14:00:00,10.85438,86.88376,120.0,24.0,-65536.66356573795,341792.46234050556,-0.061916259795899,-0.1995767436099836,0.20896052214970748,False,197.2358683318551
2020-03-16 15:00:00,10.82098,86.87745,120.0,24.0,-65469.672756155494,342522.5878721582,-0.049571475099665106,-0.1919780395284831,0.19827480627844915,False,194.4783399434712
2020-03-16 16:00:00,10.79572,86.87138,120.0,24.0,-65445.59885145008,343217.1334926843,-0.03556623124094674,-0.18453360619095466,0.18792979704805418,False,190.90917886993458
2020-03-16 17:00:00,10.77897,86.86555,120.0,24.0,-65466.99331836354,343875.67975795065,-0.023070167244671286,-0.1783292486688231,0.17981533179204728,False,187.37132192275487
2020-03-16 18:00:00,10.76852,86.85988,120.0,24.0,-65522.553570267875,344509.51477820077,-0.014947792236461702,-0.17491666456910057,0.17555419686445456,False,184.8844383714984
2020-03-16 19:00:00,10.76138,86.85427,120.0,24.0,-65596.57276263162,345133.0104373532,-0.012152184254973403,-0.1725899709248939,0.17301726401149264,False,184.02759009027852
2020-03-16 20:00:00,10.75425,86.84875,120.0,24.0,-65668.62276000799,345746.64566279564,-0.014737122303522122,-0.1691778591701074,0.1698185231568384,False,184.97848138114193
2020-03-16 21:00:00,10.74411,86.84336,120.0,24.0,-65719.61916472627,346349.4966279757,-0.02103653798593963,-0.1656106729556195,0.16694139968038796,False,187.23917299412074
2020-03-16 22:00:00,10.72964,86.83807,120.0,24.0,-65742.10514360573,346946.37548178376,-0.029059208927448052,-0.16359410006508146,0.16615494936833197,False,190.07238638009397
2020-03-16 23:00:00,10.71017,86.83281,120.0,24.0,-65733.34208715339,347545.7335530984,-0.037371852786513095,-0.16142269684875934,0.1656923125513772,False,193.03520509244885
2020-03-17 00:00:00,10.68606,86.82766,120.0,24.0,-65693.7076872162,348138.3780246641,-0.044446789328143145,-0.1570807647945787,0.16324792112008682,False,195.79912642655495
2020-03-17 01:00:00,10.65842,86.82268,120.0,24.0,-65628.59007598775,348716.4414542242,-0.04795162174934869,-0.1493284299427477,0.15683857311758073,False,197.80261149196093
2020-03-17 02:00:00,10.63031,86.81803,120.0,24.0,-65553.26799044313,349258.8487000504,-0.04609642671955702,-0.13769959274962482,0.14521039356645246,False,198.5085266408788
2020-03-17 03:00:00,10.6049,86.8138,120.0,24.0,-65485.2834979108,349752.0883497062,-0.040248827027743114,-0.12606988492209034,0.13233889814177194,False,197.70610203470204
2020-03-17 04:00:00,10.58364,86.8099,120.0,24.0,-65435.47571434915,350204.37985884445,-0.032483086468250474,-0.11816134496506807,0.12254490748479781,False,195.37116454097483
2020-03-17 05:00:00,10.56728,86.80618,120.0,24.0,-65411.64402735585,350631.33330641856,-0.024490079813130287,-0.11474934027236597,0.11733360602230174,False,192.0474561604359
2020-03-17 06:00:00,10.55531,86.8025,120.0,24.0,-65413.65357228467,351048.8999304908,-0.01789781578090367,-0.11521399584906368,0.11659586892010894,False,188.82998553430576
2020-03-17 07:00:00,10.5466,86.79875,120.0,24.0,-65436.91943519919,351470.44297985506,-0.014541601885439464,-0.11784956102821338,0.1187433249489722,False,187.03424061417445
2020-03-17 08:00:00,10.53853,86.7949,120.0,24.0,-65466.03121774165,351902.24593378487,-0.015811350214338812,-0.12064024233809498,0.12167196417825578,False,187.46674028583857
2020-03-17 09:00:00,10.52838,86.79097,120.0,24.0,-65483.86383528632,352345.2224090173,-0.02077557885776181,-0.12312078517810088,0.12486133276457986,False,189.5779461700708
2020-03-17 10:00:00,10.51462,86.78696,120.0,24.0,-65480.94335179111,352801.1238441252,-0.02787427590841485,-0.12544617702690825,0.1285057142234727,False,192.52765330169166
2020-03-17 11:00:00,10.49634,86.78288,120.0,24.0,-65451.36304580812,353269.8925503594,-0.03533793240150194,-0.12684148232288756,0.13167205893537368,False,195.56779311319744
2020-03-17 12:00:00,10.47405,86.77878,120.0,24.0,-65397.13859572204,353745.45131661877,-0.041197140880169916,-0.12560110973195154,0.13218488257965924,False,198.1594809478521
2020-03-17 13:00:00,10.4491,86.77478,120.0,24.0,-65324.084045106036,354213.07452991913,-0.04300749268272057,-0.12048505831082656,0.12793081608047976,False,199.64417164948605
2020-03-17 14:00:00,10.42479,86.77101,120.0,24.0,-65249.949944641936,354654.71704596176,-0.039085467398644505,-0.11149232162206778,0.11814487522719343,False,199.31895442678334
2020-03-17 15:00:00,10.40438,86.76759,120.0,24.0,-65192.56631776992,355053.48917386396,-0.0311727899298035,-0.10280872864635121,0.10743080339403002,False,196.86790751876225
2020-03-17 16:00:00,10.38916,86.76438,120.0,24.0,-65162.87629345408,355423.30223304,-0.021814551967917598,-0.09908675310168405,0.10145964378902121,False,192.41594858215183
2020-03-17 17:00:00,10.37947,86.7612,120.0,24.0,-65166.73056807647,355783.54160285264,-0.013306331008546888,-0.1012569927496853,0.10212755272510371,False,187.48642540675388
2020-03-17 18:00:00,10.37398,86.75785,120.0,24.0,-65199.989062422785,356157.68344316696,-0.007502388148476567,-0.10900974301989513,0.10926760682468513,False,183.9370647145886
2020-03-17 19:00:00,10.37092,86.75417,120.0,24.0,-65254.92986656575,356565.30876321683,-0.004885149795321592,-0.11800317157651051,0.11810424713209135,False,182.3706034875052
2020-03-17 20:00:00,10.36842,86.75024,120.0,24.0,-65318.339641230814,356999.75781535654,-0.005394223732928426,-0.12358524463346374,0.12370291161001007,False,182.4992482567191
2020-03-17 21:00:00,10.36479,86.7462,120.0,24.0,-65376.8716645648,357447.5826152421,-0.008282416553566726,-0.12606601734251704,0.1263377977984839,False,183.75887580348723
2020-03-17 22:00:00,10.35902,86.74211,120.0,24.0,-65422.9834392925,357903.35081731953,-0.012438416391394013,-0.1266860075164905,0.12729516370543692,False,185.60750087086302
2020-03-17 23:00:00,10.35069,86.73803,120.0,24.0,-65452.79168883415,358360.95797787665,-0.01604687745807281,-0.12637580937767479,0.1273905313279476,False,187.23654528442268
2020-03-18 00:00:00,10.34085,86.73396,120.0,24.0,-65472.81126700145,358819.20818641974,-0.01754184468984942,-0.12544548391848986,0.1266660402423116,False,187.96041670942043
2020-03-18 01:00:00,10.33085,86.72994,120.0,24.0,-65490.67091748401,359272.1664816514,-0.017137518445693743,-0.12311953539039794,0.1243065345556055,False,187.92432087129936
2020-03-18 02:00:00,10.32149,86.72602,120.0,24.0,-65510.392172898864,359713.42588525725,-0.01526919746685311,-0.11877777098004408,0.11975519725786249,False,187.32534833823394
2020-03-18 03:00:00,10.31362,86.72228,120.0,24.0,-65535.73895317708,360133.22527235595,-0.011168086735805128,-0.11428096270691115,0.11482536565827642,False,185.58149685085652
2020-03-18 04:00:00,10.3089,86.71865,120.0,24.0,-65578.59617910467,360537.3503929196,-0.004374922454451518,-0.11257503508523092,0.11266001274153771,False,182.22552465034028
2020-03-18 05:00:00,10.30869,86.71502,120.0,24.0,-65649.79826567111,360936.3181618563,0.0032055042016536223,-0.11428031639811945,0.11432526393252328,False,178.39330408154012
2020-03-18 06:00:00,10.3125,86.71128,120.0,24.0,-65748.54776993487,361342.75652949116,0.0094494931746728,-0.1190869706926858,0.11946128875087023,False,175.46311377575057
2020-03-18 07:00:00,10.3193,86.70734,120.0,24.0,-65870.22930284915,361767.71383928554,0.013631205937907044,-0.12482415767046204,0.1255662379521741,False,173.7678090364762
2020-03-18 08:00:00,10.32779,86.70323,120.0,24.0,-66006.09840610437,362209.3722083769,0.015333218321193318,-0.12870072261655077,0.1296108930071378,False,173.20588795529602
2020-03-18 09:00:00,10.33648,86.69904,120.0,24.0,-66144.96820976489,362659.5534224677,0.013911499343065532,-0.12978625131549315,0.13052969334408343,False,173.8819521210823
2020-03-18 10:00:00,10.34336,86.69486,120.0,24.0,-66272.30470328992,363110.6957746491,0.00929246759993915,-0.12761530901258322,0.12795318303376835,False,175.83528682765336
2020-03-18 11:00:00,10.34687,86.69081,120.0,24.0,-66375.75969496582,363551.4394320853,0.0038132467763070978,-0.12466883420337423,0.1247271384767783,False,178.24803968744538
2020-03-18 12:00:00,10.34762,86.68682,120.0,24.0,-66460.5316666198,363988.7835747007,-0.00017223228298137577,-0.12327305969321044,0.12327318001124626,False,180.08005136332474
2020-03-18 13:00:00,10.34668,86.68286,120.0,24.0,-66533.96429959469,364424.79291040497,-0.0027131207526371118,-0.1217222997547478,0.12175253295846894,False,181.2768788699276
2020-03-18 14:00:00,10.3446,86.67897,120.0,24.0,-66598.71966990511,364854.4414804098,-0.004108982458593657,-0.11862098110791738,0.11869212651161797,False,181.98390921492188
2020-03-18 15:00:00,10.34211,86.67521,120.0,24.0,-66658.22436975481,365270.29398681154,-0.003085634386711243,-0.11629501436524028,0.1163359424502157,False,181.5198618694556
2020-03-18 16:00:00,10.34117,86.67147,120.0,24.0,-66727.18489192257,365682.1503161677,0.001986597322130728,-0.11784537866257795,0.11786212216419098,False,179.03421870998199
2020-03-18 17:00:00,10.34431,86.66761,120.0,24.0,-66824.60665260813,366102.4305446627,0.012611850850602017,-0.12606263339208737,0.12669193470630108,False,174.28689247968936
2020-03-18 18:00:00,10.35514,86.66334,120.0,24.0,-66979.49488935349,366558.7434591969,0.029164676144753425,-0.14234186497357598,0.1452989499576101,False,168.42082513087473
2020-03-18 19:00:00,10.37658,86.65843,120.0,24.0,-67215.38999571308,367072.85483631614,0.047508712546659906,-0.16001712955548963,0.16692081811152112,False,163.463968584815
2020-03-18 20:00:00,10.40764,86.65302,120.0,24.0,-67523.48034551693,367630.4126753959,0.06304013656449968,-0.17242149677614865,0.18358439848908242,False,159.91675607785254
2020-03-18 21:00:00,10.44614,86.64731,120.0,24.0,-67886.07688114174,368211.86959296424,0.0738886418551228,-0.1798652910741985,0.19445064753916544,False,157.66714691120757
2020-03-18 22:00:00,10.48904,86.64142,120.0,24.0,-68281.46450990789,368807.5214481594,0.08052506532277669,-0.18420752688462114,0.20103904870991077,False,156.38778398276708
2020-03-18 23:00:00,10.5347,86.63543,120.0,24.0,-68697.61753324176,369410.4535289711,0.08991276525388424,-0.18792475329962627,0.20832671038137546,False,154.4311748936425
2020-03-19 00:00:00,10.58774,86.6293,120.0,24.0,-69165.30551293456,370019.4133690337,0.1082820919565281,-0.19334535101748596,0.22160197697348474,False,150.74921208205438
2020-03-19 01:00:00,10.65334,86.62296,120.0,24.0,-69719.75853244367,370635.5891419886,0.13222106197751554,-0.19969872920605267,0.23950363604123917,False,146.49135088645727
2020-03-19 02:00:00,10.73234,86.61642,120.0,24.0,-70366.69485003881,371256.4700812448,0.15580583488744024,-0.20589964581431672,0.2582055815264909,False,142.88492880744712
2020-03-19 03:00:00,10.82341,86.60968,120.0,24.0,-71098.00655246315,371883.23153345095,0.17289786309326982,-0.2150545866933506,0.27593866405429107,False,141.20169328169322
2020-03-19 04:00:00,10.9207,86.60255,120.0,24.0,-71880.17541505104,372543.5541672946,0.17923298145803168,-0.22963840092183432,0.2913044057687289,False,142.02792953305686
2020-03-19 05:00:00,11.01827,86.59487,120.0,24.0,-72678.35018808427,373262.20434932323,0.17844911742538186,-0.24375090658507284,0.30209037053660387,False,143.7922828256065
2020-03-19 06:00:00,11.11428,86.58683,120.0,24.0,-73476.74516499409,374020.64943888015,0.17501883189258105,-0.25181482921359694,0.3066631698279344,False,145.19954490145398
2020-03-19 07:00:00,11.20769,86.57863,120.0,24.0,-74264.35008646862,374798.3544527545,0.16857890130724798,-0.2560038683798766,0.30652377818273746,False,146.63504087473012
2020-03-19 08:00:00,11.2963,86.57032,120.0,24.0,-75025.62641851504,375592.8099755273,0.15851189991951398,-0.2598815902504479,0.3044083825508025,False,148.6193590231196
2020-03-19 09:00:00,11.37843,86.56187,120.0,24.0,-75750.05162869455,376409.6944877511,0.14824719169238104,-0.26328968319333196,0.30215672608883404,False,150.61799385092058
2020-03-19 10:00:00,11.45559,86.55334,120.0,24.0,-76446.0239871886,377240.65544378106,0.1415281969404828,-0.26514654502101015,0.3005543559255175,False,151.9078823493499
2020-03-19 11:00:00,11.53012,86.54477,120.0,24.0,-77127.90928510719,378078.33671913214,0.13929660161575572,-0.26777874755389586,0.30184267568260065,False,152.51686943331083
2020-03-19 12:00:00,11.60451,86.53607,120.0,24.0,-77814.09595140783,378929.2849784829,0.14168037618452728,-0.2732019429946358,0.3077541724361075,False,152.5891009396131
2020-03-19 13:00:00,11.6812,86.52715,120.0,24.0,-78522.83938187824,379799.9849985764,0.1484524459488325,-0.27955541656046523,0.3165270282874533,False,152.03033584166604
2020-03-19 14:00:00,11.7624,86.51804,120.0,24.0,-79268.34009147988,380683.99019150913,0.15868526243468384,-0.28466903210763816,0.32591021824279154,False,150.86305469661227
2020-03-19 15:00:00,11.84953,86.50879,120.0,24.0,-80059.20350969674,381573.65321161936,0.16882840972068996,-0.2891665486327091,0.33484373187648303,False,149.72169938007528
2020-03-19 16:00:00,11.94102,86.49939,120.0,24.0,-80885.52347803548,382472.01578715554,0.17525679070889058,-0.29397579682953634,0.34225240950377644,False,149.1982680520158
2020-03-19 17:00:00,12.03446,86.48983,120.0,24.0,-81731.6871597098,383383.3950663402,0.1767268885670899,-0.2997162613279799,0.3479399810987903,False,149.4743870031612
2020-03-19 18:00:00,12.127,86.48006,120.0,24.0,-82579.92595539468,384317.24375981715,0.17344787429736866,-0.3056106080016296,0.3514000694669845,False,150.42312488070945
2020-03-19 19:00:00,12.21649,86.47012,120.0,24.0,-83414.90126783973,385272.3359345237,0.1691770922745599,-0.3079337506085388,0.3513461018914493,False,151.21585083942904
2020-03-19 20:00:00,12.30405,86.4602,120.0,24.0,-84239.57448671105,386226.4079831132,0.16693862886646807,-0.30421013526708746,0.34700477259979584,False,151.2437414660589
2020-03-19 21:00:00,12.39071,86.4505,120.0,24.0,-85056.00552293894,387156.2019299459,0.16317095078969732,-0.29723570346747497,0.33907790048515185,False,151.234909963873
2020-03-19 22:00:00,12.47388,86.44103,120.0,24.0,-85846.2556292946,388064.56430658425,0.15447705836114356,-0.2904158274052408,0.32894454603684004,False,151.990738033331
2020-03-19 23:00:00,12.55107,86.43177,120.0,24.0,-86593.62879999152,388957.6004651599,0.144875940821726,-0.28359038933509934,0.31845336731178314,False,152.93917554474456
2020-03-20 00:00:00,12.62388,86.42274,120.0,24.0,-87308.14903122908,389830.94312375545,0.13893410402602657,-0.27614437576346224,0.30912521981764446,False,153.29205987014865
2020-03-20 01:00:00,12.69455,86.41396,120.0,24.0,-88004.30192087294,390679.1546702892,0.13560753063779715,-0.26885574561572906,0.30111926925434496,False,153.234184739007
2020-03-20 02:00:00,12.76358,86.4054,120.0,24.0,-88686.04638654814,391504.82411485375,0.1323023618820509,-0.2634288666940008,0.29478582524818725,False,153.33274060909406
2020-03-20 03:00:00,12.83052,86.39697,120.0,24.0,-89352.37332340596,392318.5238197876,0.12610296462689607,-0.2607950417098773,0.28968260470409474,False,154.19470848153128
2020-03-20 04:00:00,12.89288,86.38858,120.0,24.0,-89988.29982691306,393134.0392668722,0.11523783294509454,-0.26064119875639863,0.2849799863693133,False,156.14824126935684
2020-03-20 05:00:00,12.94841,86.38016,120.0,24.0,-90579.8953435292,393962.69605289045,0.10287492899068096,-0.259088683820784,0.27876548763938447,False,158.34372805055955
2020-03-20 06:00:00,12.99788,86.37187,120.0,24.0,-91128.16054448612,394786.07260858687,0.0925146020696545,-0.252729543576949,0.2691304029512821,False,159.89425759746678
2020-03-20 07:00:00,13.04262,86.36386,120.0,24.0,-91638.20098371923,395585.90929253475,0.08363451416898063,-0.24373574702428633,0.257685557099672,False,161.06105904044801
2020-03-20 08:00:00,13.08286,86.35615,120.0,24.0,-92110.83242825481,396359.8031074336,0.07464863097489288,-0.23505247067943016,0.24662133338162398,False,162.38104511730762
2020-03-20 09:00:00,13.11831,86.3487,120.0,24.0,-92544.80692740832,397112.69755481585,0.0638670640470396,-0.2269899719058707,0.235803836304282,False,164.2852491773117
2020-03-20 10:00:00,13.14749,86.34151,120.0,24.0,-92929.60619714006,397847.1135399706,0.05006586045473297,-0.21784174647540927,0.22352095403010716,False,167.05666364636284
2020-03-20 11:00:00,13.16888,86.33465,120.0,24.0,-93252.59200556435,398558.0523564977,0.03415458288215688,-0.20326618981696534,0.20611569434315455,False,170.46175697808133
2020-03-20 12:00:00,13.18193,86.3284,120.0,24.0,-93502.47369804337,399216.11929939355,0.01835346048189223,-0.18093814674519984,0.1818666062234842,False,174.20801322770137
2020-03-20 13:00:00,13.18736,86.32298,120.0,24.0,-93678.34015373653,399796.3457337776,0.008137793539913535,-0.1575251373630851,0.15773519767305294,False,177.04271260171254
2020-03-20 14:00:00,13.19011,86.31824,120.0,24.0,-93818.26830290609,400307.02411611396,0.007626664060649213,-0.1401596428797195,0.14036698862932304,False,176.88537200799846
2020-03-20 15:00:00,13.19501,86.31394,120.0,24.0,-93962.07402048715,400766.34211936686,0.01203598147958155,-0.1296163824766773,0.13017400453438133,False,174.69481390155028
2020-03-20 16:00:00,13.20217,86.30988,120.0,24.0,-94115.66603297195,401195.8421303652,0.015734494231534786,-0.12465486461818846,0.12564397948847805,False,172.8059164625006
2020-03-20 17:00:00,13.21076,86.3059,120.0,24.0,-94277.34962724202,401614.2623777053,0.018801858054386982,-0.12356933824670542,0.12499156459948012,False,171.34844237045547
2020-03-20 18:00:00,13.22097,86.30191,120.0,24.0,-94450.78314981594,402031.0589877718,0.022737265105877202,-0.12449925750691498,0.12655847796282976,False,169.6501499298289
2020-03-20 19:00:00,13.23347,86.29787,120.0,24.0,-94641.73078402349,402449.4570608478,0.028817185902972664,-0.1269793016142731,0.13020819191515956,False,167.2136468356552
2020-03-20 20:00:00,13.24972,86.29372,120.0,24.0,-94862.04715769018,402873.5352525312,0.036986941922080754,-0.12976944594112927,0.13493755212176872,False,164.09136601383875
2020-03-20 21:00:00,13.27033,86.2895,120.0,24.0,-95115.09445265825,403297.8891258459,0.0419959515091051,-0.12961542813223464,0.13624910698077103,False,162.0474545461762
2020-03-20 22:00:00,13.29153,86.28536,120.0,24.0,-95370.5632976686,403712.43913276773,0.03969466179701605,-0.1231047151660637,0.12934619078773504,False,162.12827480990097
2020-03-20 23:00:00,13.30981,86.28156,120.0,24.0,-95597.01819002425,404094.7927393019,0.03565975729217236,-0.10915011302789036,0.11482754662596377,False,161.90758793211296
2020-03-21 00:00:00,13.32696,86.27832,120.0,24.0,-95801.33972142625,404418.10266335116,0.03557103234157792,-0.08930395032610393,0.09612748766972337,False,158.2819050113137
2020-03-21 01:00:00,13.34512,86.2758,120.0,24.0,-95994.44641774686,404661.4301955679,0.03555477667053515,-0.07162972880623045,0.07996849500238047,False,153.6016233318544
2020-03-21 02:00:00,13.36223,86.2737,120.0,24.0,-96169.46129039634,404860.8229439588,0.031540625401754424,-0.06387807129178188,0.071240571605594,False,153.7215464156747
2020-03-21 03:00:00,13.37639,86.27168,120.0,24.0,-96321.68220247215,405056.4189249873,0.02844076942605766,-0.06170666956730158,0.06794549605849029,False,155.25489721464703
2020-03-21 04:00:00,13.39041,86.26972,120.0,24.0,-96471.46430284668,405245.68425482593,0.031284866700285754,-0.060310419075424164,0.06794180990750788,False,152.58284368533873
2020-03-21 05:00:00,13.40737,86.26779,120.0,24.0,-96641.3720663915,405426.6843329372,0.03655492183597806,-0.06124071274279293,0.07132101518963219,False,149.1667879640719
2020-03-21 06:00:00,13.42659,86.26577,120.0,24.0,-96829.72712897637,405613.572297931,0.039687934276675114,-0.0654272308857887,0.07652355629825358,False,148.7591432412985
2020-03-21 07:00:00,13.44663,86.26357,120.0,24.0,-97028.69859729688,405818.53336569533,0.04062024280816712,-0.06821818915443596,0.07939600403864704,False,149.22848871978965
2020-03-21 08:00:00,13.46675,86.26137,120.0,24.0,-97228.39215709694,406023.2689211296,0.04044045179157765,-0.06511744622541588,0.07665319265384088,False,148.15812028072145
2020-03-21 09:00:00,13.48659,86.25937,120.0,24.0,-97421.04941608636,406206.6799129859,0.04043177112874961,-0.05829540633468387,0.07094422116235748,False,145.25609907851907
2020-03-21 10:00:00,13.50668,86.25761,120.0,24.0,-97609.36122889999,406363.52994442824,0.0416567084282468,-0.051163229135350076,0.06597694576617125,False,140.84778350955145
2020-03-21 11:00:00,13.52771,86.25607,120.0,24.0,-97798.71976394391,406494.816024132,0.04406573632066657,-0.04434119396538947,0.06251344335228068,False,135.17852117874975
2020-03-21 12:00:00,13.55016,86.25475,120.0,24.0,-97992.51148694707,406599.7141988779,0.047355935388920335,-0.03751917019677171,0.06041748711105022,False,128.38908855746695
2020-03-21 13:00:00,13.57442,86.25365,120.0,24.0,-98193.48426651217,406677.5484153782,0.05123483374823441,-0.03348794562633575,0.06120825672637344,False,123.16930325336205
2020-03-21 14:00:00,13.60068,86.25259,120.0,24.0,-98407.68888724234,406747.51044419716,0.05512541842918014,-0.034418197339375955,0.06498787629307808,False,121.97907480913909
2020-03-21 15:00:00,13.62876,86.25143,120.0,24.0,-98637.53107388823,406825.0771800077,0.05746664990806788,-0.03907004826305752,0.06949017572962442,False,124.2107428368767
2020-03-21 16:00:00,13.65731,86.25007,120.0,24.0,-98876.08220011972,406923.3998359201,0.057030303674189195,-0.04558243663750089,0.07300831505371166,False,128.63418878360875
2020-03-21 17:00:00,13.68494,86.24849,120.0,24.0,-99114.03031525451,407047.03837078146,0.05496166478753557,-0.051474049625600295,0.07530180861756369,False,133.12324125422072
2020-03-21 18:00:00,13.71143,86.24675,120.0,24.0,-99348.25279947897,407189.87030508264,0.05272082051055631,-0.05519495196164384,0.07632802655220731,False,136.31336187149327
2020-03-21 19:00:00,13.73683,86.24493,120.0,24.0,-99576.99997992393,407343.1418187795,0.050570373879924205,-0.05612512716825034,0.07554728727100393,False,137.98022728037978
2020-03-21 20:00:00,13.76118,86.24313,120.0,24.0,-99797.90369021716,407495.9508656684,0.048570670052484444,-0.05503974868703833,0.0734062934964002,False,138.5727139398062
2020-03-21 21:00:00,13.78459,86.24138,120.0,24.0,-100010.93739303364,407644.8657458543,0.04701590170611783,-0.05224884558058726,0.07028824139031639,False,138.01767064079866
2020-03-21 22:00:00,13.80739,86.23976,120.0,24.0,-100216.3044660887,407780.6490189682,0.04604893747297481,-0.048217667063080255,0.06667419335392066,False,136.31793371464153
2020-03-21 23:00:00,13.82983,86.23827,120.0,24.0,-100415.7635198912,407902.8731767794,0.04488592432136262,-0.0444968489012033,0.06320376384614772,False,134.75059804157178
2020-03-22 00:00:00,13.85147,86.23689,120.0,24.0,-100606.69684057926,408014.486268272,0.04292619017903474,-0.04139614116229624,0.059634707230063734,False,133.96046835580051
2020-03-22 01:00:00,13.87197,86.2356,120.0,24.0,-100787.19966902753,408118.2651249097,0.04113754975671749,-0.03891528278618309,0.05662770730230039,False,133.40987729305255
2020-03-22 02:00:00,13.89184,86.23438,120.0,24.0,-100961.42491432824,408215.49168690847,0.04044756057821421,-0.036279383192044476,0.054334140294326067,False,131.8904736352406
2020-03-22 03:00:00,13.91165,86.23326,120.0,24.0,-101132.61827713008,408301.91689061717,0.04022503719232376,-0.03317861001108693,0.05214282097654122,False,129.5166593349985
2020-03-22 04:00:00,13.93129,86.23224,120.0,24.0,-101299.98419270273,408377.73851045273,0.03935871106295866,-0.030233018670063668,0.04963006704047338,False,127.52932454696855
2020-03-22 05:00:00,13.95024,86.23131,120.0,24.0,-101460.07301904203,408444.9649729589,0.03665487724637003,-0.028838044172257663,0.04663917685409488,False,128.19372484478953
2020-03-22 06:00:00,13.96722,86.23038,120.0,24.0,-101606.17145839403,408515.62393678306,0.03159226164805003,-0.029613431994828646,0.043301574458109414,False,133.148226066157
2020-03-22 07:00:00,13.9812,86.2294,120.0,24.0,-101732.2755088116,408596.97540212685,0.026282481188312518,-0.029923183033119874,0.03982669582387666,False,138.70613611498317
2020-03-22 08:00:00,13.99297,86.22845,120.0,24.0,-101841.85201090263,408678.9686859184,0.022909767439263866,-0.02759729189513797,0.03586736628282878,False,140.30239142253475
2020-03-22 09:00:00,14.00364,86.22762,120.0,24.0,-101940.37734572393,408749.89408879046,0.021240157442229474,-0.023411093491600914,0.0316104980448454,False,137.7835189006579
2020-03-22 10:00:00,14.01377,86.22694,120.0,24.0,-102031.02485939447,408805.5126866654,0.02058022620575177,-0.018914858096939238,0.027952058376929233,False,132.58546983348765
2020-03-22 11:00:00,14.02379,86.2264,120.0,24.0,-102117.12321497446,408846.14584411186,0.020940885011447738,-0.015193799829877808,0.025872228708270793,False,125.96301427723512
2020-03-22 12:00:00,14.03427,86.22596,120.0,24.0,-102203.81463397144,408875.1111751549,0.022424815233598665,-0.01255801461867747,0.025701674447863428,False,119.24905602274805
2020-03-22 13:00:00,14.04574,86.22559,120.0,24.0,-102295.68897447408,408894.71057383687,0.024715720221491738,-0.010542422551854799,0.026870234448715037,False,113.10053838918958
2020-03-22 14:00:00,14.05846,86.22528,120.0,24.0,-102394.86940542136,408905.5586175998,0.027354048311171743,-0.008836938264026142,0.0287460508051476,False,107.90345461771074
2020-03-22 15:00:00,14.07251,86.22502,120.0,24.0,-102502.1946711714,408908.5895608331,0.029747427403857704,-0.008526913579446332,0.030945398564877633,False,105.99461798121911
2020-03-22 16:00:00,14.08757,86.22473,120.0,24.0,-102617.5509124424,408913.0317428963,0.031221522860222353,-0.010232492722292343,0.03285555351874554,False,108.14595802560814
2020-03-22 17:00:00,14.10306,86.22436,120.0,24.0,-102738.16146957608,408925.3316249927,0.030785072107845264,-0.013178590676927247,0.033487250064990794,False,113.17498269948987
2020-03-22 18:00:00,14.11769,86.22388,120.0,24.0,-102855.64313676681,408951.04827941844,0.027824299398634848,-0.016279643230657524,0.03223691084366436,False,120.33135906515588
2020-03-22 19:00:00,14.13028,86.22331,120.0,24.0,-102961.03570840304,408990.14024014986,0.02346297213901787,-0.019380391219726383,0.030432065743652308,False,129.55667198767821
2020-03-22 20:00:00,14.14064,86.22263,120.0,24.0,-103053.5304089836,409045.12379332446,0.01892700107603281,-0.022791163467391483,0.02962547049296445,False,140.29194591836568
2020-03-22 21:00:00,14.14879,86.22184,120.0,24.0,-103133.27007976836,409115.9720980413,0.014123797643295907,-0.02589188813448106,0.029493584574229903,False,151.38792089392416
2020-03-22 22:00:00,14.15445,86.22096,120.0,24.0,-103197.7059115681,409201.03262765874,0.008960825962987947,-0.028217365084778786,0.02960601449480581,False,162.38201338808602
2020-03-22 23:00:00,14.15755,86.22002,120.0,24.0,-103245.51055155887,409297.19204953406,0.004921443247034824,-0.028992413308700116,0.029407152753986168,False,170.36591319701176
2020-03-23 00:00:00,14.15926,86.21909,120.0,24.0,-103283.12088425687,409394.77088010334,0.0034081768960449697,-0.027441955453171744,0.027652786276406164,False,172.9203538752916
2020-03-23 01:00:00,14.16088,86.21825,120.0,24.0,-103317.63605626939,409482.7688420922,0.003931194712676933,-0.025116336291889474,0.025422128954835067,False,171.10427200839558
2020-03-23 02:00:00,14.1631,86.21747,120.0,24.0,-103354.80647872211,409563.1887274791,0.005478228129948033,-0.024031032659701242,0.024647545803494954,False,167.15803754573636
2020-03-23 03:00:00,14.16623,86.2167,120.0,24.0,-103398.21623867628,409640.88181656314,0.006616043495593715,-0.0246512152682441,0.02552360565705596,False,164.9766465488778
2020-03-23 04:00:00,14.16956,86.21588,120.0,24.0,-103444.43126336508,409723.62188005267,0.006258778406568451,-0.02620164178358061,0.026938788749637666,False,166.56551653406268
2020-03-23 05:00:00,14.17234,86.21501,120.0,24.0,-103488.08893378936,409812.76288178645,0.005102373524190773,-0.027131865138961538,0.02760746858187399,False,169.34944378679074
2020-03-23 06:00:00,14.17454,86.21413,120.0,24.0,-103527.87943740429,409904.03090254334,0.004068482698822949,-0.02666673023582107,0.026975304501352257,False,171.3254057191931
2020-03-23 07:00:00,14.17631,86.21329,120.0,24.0,-103563.50657491993,409991.74455523584,0.0032186083480365106,-0.025891524113587527,0.026090811804590035,False,172.91384093893964
2020-03-23 08:00:00,14.17768,86.21246,120.0,24.0,-103596.00291711949,410079.0973430457,0.0023478162597221465,-0.026046554242889517,0.026152155343627064,False,174.8493225290586
2020-03-23 09:00:00,14.1786,86.21161,120.0,24.0,-103625.82890218998,410169.4272212477,0.0012612475230534652,-0.02620158386606552,0.026231922201868343,False,177.24411992417322
2020-03-23 10:00:00,14.17891,86.21077,120.0,24.0,-103651.01653548815,410259.777497463,-2.065593725417668e-05,-0.025271337068800546,0.025271345510531815,False,180.04683162429313
2020-03-23 11:00:00,14.17858,86.20998,120.0,24.0,-103670.25434684404,410345.8741660388,-0.000728433252694477,-0.023100787013364488,0.023112268941851217,False,181.80609977640842
2020-03-23 12:00:00,14.1782,86.20928,120.0,24.0,-103686.67221675091,410422.32105104445,-0.0004924958543382043,-0.020000007416736014,0.02000607029968744,False,181.41061109483837
2020-03-23 13:00:00,14.1781,86.20869,120.0,24.0,-103702.08755064092,410486.356322983,-0.0011803847176741645,-0.017054255861292753,0.017095056334044557,False,183.95932702683342
2020-03-23 14:00:00,14.17705,86.20818,120.0,24.0,-103708.50827684389,410543.4530343634,-0.004085472432192051,-0.014883653285621638,0.01543418997293985,False,195.34929053184123
2020-03-23 15:00:00,14.17412,86.20773,120.0,24.0,-103699.81412821241,410597.4592334828,-0.005769318477052686,-0.014573652607433492,0.01567406730915159,False,201.5972851423888
2020-03-23 16:00:00,14.17143,86.20724,120.0,24.0,-103693.92802445138,410655.36049654096,-0.003470009085223999,-0.017054317945841068,0.01740375602131258,False,191.50086743587025
2020-03-23 17:00:00,14.17074,86.20663,120.0,24.0,-103705.65258869242,410722.6301865558,-0.002105246405670458,-0.02139532456069912,0.021498650550354163,False,185.6196712618168
2020-03-23 18:00:00,14.16938,86.20586,120.0,24.0,-103716.94392792282,410808.43008919933,-0.006379086968055108,-0.026511412364633447,0.027268071734423204,False,193.52913525617532
2020-03-23 19:00:00,14.16453,86.20492,120.0,24.0,-103707.84641012702,410918.9480456202,-0.012513781913050265,-0.03131752433315235,0.03372509552432689,False,201.7805439889356
2020-03-23 20:00:00,14.1572,86.20384,120.0,24.0,-103684.7620701002,411049.1087430901,-0.016010771979250996,-0.03457346557400094,0.03810077874752952,False,204.84858174990853
2020-03-23 21:00:00,14.14895,86.20269,120.0,24.0,-103656.95384948047,411188.51155560813,-0.018256326531332568,-0.034728420050486104,0.039234635433780224,False,207.73038277380135
2020-03-23 22:00:00,14.13944,86.2016,120.0,24.0,-103618.42590149812,411323.698910053,-0.021088887186875106,-0.031162451198404974,0.0376276431294031,False,214.08779654821228
2020-03-23 23:00:00,14.12844,86.20068,120.0,24.0,-103564.52358723307,411443.1755847232,-0.02218379475346455,-0.026666686111065378,0.03468764762577492,False,219.7567891557155
2020-03-24 00:00:00,14.11787,86.19988,120.0,24.0,-103510.40059721035,411548.87912023143,-0.019359327023512528,-0.023566221104564907,0.03049836585708393,False,219.40263449860927
2020-03-24 01:00:00,14.10962,86.19916,120.0,24.0,-103470.73362192244,411641.7264220253,-0.01509339751732747,-0.022015681636180656,0.02669271223614658,False,214.4335547539253
2020-03-24 02:00:00,14.1032,86.19846,120.0,24.0,-103443.64859983018,411729.1018069361,-0.012503130417728733,-0.021395357999202745,0.0247808315872729,False,210.30138272715118
2020-03-24 03:00:00,14.09747,86.19778,120.0,24.0,-103420.96090871247,411813.06550868566,-0.012413038882196917,-0.021395213037901293,0.024735372955104477,False,210.12137796511223
2020-03-24 04:00:00,14.09114,86.19708,120.0,24.0,-103394.48762071977,411900.2769075107,-0.014803852355964531,-0.02186016574904522,0.026401153216345046,False,214.10612341222946
2020-03-24 05:00:00,14.08309,86.19637,120.0,24.0,-103355.90017015478,411991.6730765424,-0.018698796125249956,-0.022480199493666857,0.029240457346093655,False,219.75333176791304
2020-03-24 06:00:00,14.07298,86.19563,120.0,24.0,-103303.28735404812,412090.0292109111,-0.023336907862409384,-0.02372033841550231,0.03327560252083408,False,224.5331544450044
2020-03-24 07:00:00,14.06043,86.19484,120.0,24.0,-103234.44544554691,412198.1904001673,-0.029718389371261582,-0.026045427929277706,0.03951641409390676,False,228.76842293689708
2020-03-24 08:00:00,14.04413,86.19395,120.0,24.0,-103141.28434901664,412323.9215407367,-0.038504179340233174,-0.029765702914350503,0.04866794526842297,False,232.2941397441091
2020-03-24 09:00:00,14.02306,86.19292,120.0,24.0,-103017.50917957218,412473.37264542904,-0.0469860766082837,-0.03457205840799694,0.05833454051936517,False,233.654600013447
2020-03-24 10:00:00,13.99854,86.19172,120.0,24.0,-102873.382626935,412647.3963750629,-0.05283549429179497,-0.03953365431138736,0.06598862993175851,False,233.1946781323419
2020-03-24 11:00:00,13.97181,86.19037,120.0,24.0,-102717.2454132525,412841.5830653315,-0.05880403965135445,-0.041703359938994836,0.0720908129342389,False,234.65603556036112
2020-03-24 12:00:00,13.94152,86.18903,120.0,24.0,-102535.01679090089,413041.0020958679,-0.06716960472763024,-0.03922190847176747,0.07778247812607793,False,239.7183415827789
2020-03-24 13:00:00,13.9067,86.18784,120.0,24.0,-102315.90919064537,413232.18150513567,-0.07324842324866535,-0.037053162100921314,0.0820869559070914,False,243.16715397887646
2020-03-24 14:00:00,13.87054,86.18664,120.0,24.0,-102087.20574206818,413426.7184356506,-0.07314847258972686,-0.04031072670969836,0.08352037913032968,False,241.14167979988855
2020-03-24 15:00:00,13.83584,86.18524,120.0,24.0,-101874.17617396289,413640.21315996116,-0.07336336163394619,-0.04806060645869062,0.08770407472523897,False,236.77104536026704
2020-03-24 16:00:00,13.7995,86.18354,120.0,24.0,-101657.0672357011,413889.0326039408,-0.08024834014877072,-0.058290609778546,0.09918463230252723,False,234.00617927732438
2020-03-24 17:00:00,13.75817,86.18148,120.0,24.0,-101413.17231050013,414185.60858539684,-0.08889009951626015,-0.06743868850768617,0.1115769980759805,False,232.8133216831661
2020-03-24 18:00:00,13.71351,86.17919,120.0,24.0,-101150.8992131056,414512.86928340385,-0.09365823886029331,-0.07395178229374996,0.11933453737637711,False,231.70566612614542
2020-03-24 19:00:00,13.66762,86.17671,120.0,24.0,-100884.2833298752,414862.74666824786,-0.0976041848360046,-0.08340784559029679,0.12838787171503288,False,229.48439122021034
2020-03-24 20:00:00,13.61921,86.17381,120.0,24.0,-100609.9491864625,415262.4524267316,-0.10500660878334633,-0.09999469856736255,0.14500112975337967,False,226.40049892104165
2020-03-24 21:00:00,13.56625,86.17026,120.0,24.0,-100319.02216629586,415740.48968375725,-0.11621773333925353,-0.11704654354357477,0.16494379314788352,False,224.79642349215786
2020-03-24 22:00:00,13.50712,86.16626,120.0,24.0,-99994.20786317921,416277.95488596754,-0.12972319887658673,-0.12619218721756917,0.18097672900549536,False,225.79049263809722
2020-03-24 23:00:00,13.44126,86.16212,120.0,24.0,-99623.06337500116,416842.09529537533,-0.14057863752330174,-0.1280556637294421,0.1901594234874933,False,227.66903541745137
2020-03-25 00:00:00,13.37181,86.158,120.0,24.0,-99224.08375159622,417409.9772733261,-0.1446859401748656,-0.12557904142490475,0.1915831854038416,False,229.04390623450203
2020-03-25 01:00:00,13.30214,86.15402,120.0,24.0,-98818.67289025497,417962.67432858725,-0.14480684431343846,-0.12356400605994508,0.19036041015294788,False,229.52579902326733
2020-03-25 02:00:00,13.23272,86.15003,120.0,24.0,-98414.14596860626,418515.65865290695,-0.1450021125334367,-0.12619877258553522,0.19222836117819628,False,228.96617677009868
2020-03-25 03:00:00,13.16301,86.14588,120.0,24.0,-98010.36988410354,419086.16202283994,-0.14748744731753782,-0.13162271859540342,0.1976792532530621,False,228.2532135379424
2020-03-25 04:00:00,13.09136,86.14154,120.0,24.0,-97595.94549771464,419680.2633876362,-0.15280401840496338,-0.1373573488215301,0.20546559156214914,False,228.0472504398735
2020-03-25 05:00:00,13.01672,86.13702,120.0,24.0,-97162.78146238244,420298.62933139096,-0.15661004638284876,-0.14402698649416443,0.2127686054535026,False,227.3966963308018
2020-03-25 06:00:00,12.9416,86.13225,120.0,24.0,-96730.89516032432,420944.5851699887,-0.15552351212338855,-0.15209154766414118,0.217530231678421,False,225.63920446911666
2020-03-25 07:00:00,12.86818,86.12721,120.0,24.0,-96316.70263317038,421616.6537615817,-0.15501283376046363,-0.15735880086141957,0.22088633013157022,False,224.56970649111375
2020-03-25 08:00:00,12.79374,86.1221,120.0,24.0,-95895.15867747551,422297.6772184203,-0.16015143675874688,-0.15704470783688368,0.22430230260847314,False,225.56115676938472
2020-03-25 09:00:00,12.71562,86.11708,120.0,24.0,-95442.62868924304,422974.64643113426,-0.16533954838980797,-0.1559628190645834,0.22729181065827608,False,226.67161723025444
2020-03-25 10:00:00,12.63644,86.11204,120.0,24.0,-94981.08113338194,423655.10047099617,-0.16423638373280897,-0.15844794947316904,0.22820898850370114,False,226.0276832561001
2020-03-25 11:00:00,12.55957,86.10686,120.0,24.0,-94538.34084793493,424346.5271153903,-0.15853735781698922,-0.1596892260680681,0.22502164950468795,False,224.79261034603078
2020-03-25 12:00:00,12.486,86.10174,120.0,24.0,-94116.94806243441,425025.56721617375,-0.15129180268120435,-0.15503837739121865,0.21662434771426411,False,224.29927826261132
2020-03-25 13:00:00,12.41619,86.09686,120.0,24.0,-93716.14318969972,425671.91024893534,-0.14263795344215302,-0.1483724942435825,0.20581540955484295,False,223.8710973458963
2020-03-25 14:00:00,12.35099,86.09217,120.0,24.0,-93343.66725420866,426289.6788807477,-0.1322007647873527,-0.1444969727665591,0.1958479444596258,False,222.45549925701803
2020-03-25 15:00:00,12.29121,86.08754,120.0,24.0,-93008.86428140453,426891.8091059133,-0.12072940828819004,-0.14356617893305634,0.18758154962323678,False,220.06155668376647
2020-03-25 16:00:00,12.23699,86.08291,120.0,24.0,-92714.38984828413,427484.7084267516,-0.10954897444574543,-0.14434017573879818,0.1812044815517037,False,217.1971837051439
2020-03-25 17:00:00,12.18789,86.07823,120.0,24.0,-92458.30758625093,428074.62652637594,-0.10103022706927113,-0.1458880663012437,0.177455444184687,False,214.7033289265899
2020-03-25 18:00:00,12.14182,86.0735,120.0,24.0,-92225.12512849618,428664.9982925491,-0.09689265616195422,-0.1477463890598255,0.17668384843651105,False,213.25701820527058
2020-03-25 19:00:00,12.09673,86.0687,120.0,24.0,-92000.03231006247,429261.3373174199,-0.09511627940555689,-0.14898625297308504,0.17675975272362218,False,212.5551049844042
2020-03-25 20:00:00,12.05244,86.06389,120.0,24.0,-91780.2927759034,429857.39657582913,-0.09299383986283555,-0.14852132038829644,0.1752325222734573,False,212.05196862924936
2020-03-25 21:00:00,12.00945,86.05912,120.0,24.0,-91568.52408669892,430446.9267658008,-0.08917971179112857,-0.1477467339964057,0.17257496458569366,False,211.11511934290846
2020-03-25 22:00:00,11.96884,86.05436,120.0,24.0,-91373.59535384303,431031.4929197619,-0.08299522151936313,-0.14774720059003382,0.16946221430525404,False,209.32457850124138
2020-03-25 23:00:00,11.93174,86.04959,120.0,24.0,-91204.55559720861,431611.50357131526,-0.07494575835867777,-0.1472820323022259,0.1652539371241461,False,206.96966818311296
2020-03-26 00:00:00,11.89875,86.04486,120.0,24.0,-91064.88438995762,432180.57474313263,-0.0659131683052846,-0.1457313544200605,0.15994428222711202,False,204.33687290965307
2020-03-26 01:00:00,11.87017,86.04019,120.0,24.0,-90956.51833501318,432736.07343864563,-0.05685860699284282,-0.14325015488420667,0.1541217313149439,False,201.64903345002875
2020-03-26 02:00:00,11.8457,86.03562,120.0,24.0,-90876.41031622043,433274.1282999105,-0.04873714299367002,-0.14030382916550987,0.14852768625980145,False,199.15562096830155
2020-03-26 03:00:00,11.82475,86.03114,120.0,24.0,-90820.45185894305,433796.78115746926,-0.042466006861584506,-0.1381325871745234,0.14451288308761767,False,197.08896286944687
2020-03-26 04:00:00,11.80617,86.02671,120.0,24.0,-90780.94652428324,434310.232466662,-0.03856777898870852,-0.13766685698158093,0.1429672587948336,False,195.6503735374373
2020-03-26 05:00:00,11.78889,86.02226,120.0,24.0,-90751.43948891088,434823.82939362404,-0.03595208290685393,-0.1403020858873469,0.1448351738000192,False,194.37265352693493
2020-03-26 06:00:00,11.77278,86.01766,120.0,24.0,-90733.93660915627,435351.98557805264,-0.033309656237563115,-0.146968148270614,0.15069561972651296,False,192.77008416425565
2020-03-26 07:00:00,11.75799,86.01278,120.0,24.0,-90732.55452345008,435908.6734933721,-0.030046634586914547,-0.15425435371861568,0.15715344695916592,False,191.02241286543534
2020-03-26 08:00:00,11.74494,86.00771,120.0,24.0,-90748.46274381249,436483.39714985533,-0.025944952252009195,-0.15937006621711108,0.1614681347926129,False,189.24645876947704
2020-03-26 09:00:00,11.73398,86.0025,120.0,24.0,-90783.23435194568,437070.13889810536,-0.021553025529851874,-0.16402055233384924,0.16543057304316947,False,187.48602790863362
2020-03-26 10:00:00,11.72502,85.99713,120.0,24.0,-90836.69091963515,437671.22512516816,-0.017247654312512805,-0.16960120386300487,0.17047595118099348,False,185.80675173528317
2020-03-26 11:00:00,11.71806,85.99156,120.0,24.0,-90909.79394638356,438291.0235517406,-0.01200738955462725,-0.17347659420351844,0.173891650576929,False,183.9594806993333
2020-03-26 12:00:00,11.71395,85.98594,120.0,24.0,-91005.7127251932,438911.78363630845,-0.005058049684740721,-0.17332110692996813,0.17339489604380734,False,181.671594853427
2020-03-26 13:00:00,11.7134,85.98038,120.0,24.0,-91127.49265690916,439520.33955004613,0.0018757386662453246,-0.17208036474617974,0.1720905875599311,False,179.3754798638593
2020-03-26 14:00:00,11.71567,85.97484,120.0,24.0,-91270.4696624226,440122.2191752473,0.0070089681979124754,-0.17316516597394063,0.17330695410739222,False,177.68218274417075
2020-03-26 15:00:00,11.71983,85.96921,120.0,24.0,-91430.07281805867,440730.9076876605,0.01089187208606851,-0.17533517676411045,0.17567315414838186,False,176.44533724490168
2020-03-26 16:00:00,11.72565,85.96353,120.0,24.0,-91603.68545455065,441342.3849161781,0.01430503712569521,-0.176730061398447,0.17730806154562279,False,175.37240425779612
2020-03-26 17:00:00,11.73292,85.95781,120.0,24.0,-91789.51554015504,441955.8789353121,0.01662201503509811,-0.17890017703694092,0.1796707119362414,False,174.69176092795522
2020-03-26 18:00:00,11.74084,85.95199,120.0,24.0,-91982.79459715734,442579.2165835746,0.017445141034866732,-0.1832406358817407,0.1840691815162741,False,174.56163505965378
2020-03-26 19:00:00,11.74884,85.94599,120.0,24.0,-92180.95733799471,443222.04969437356,0.018547928837451662,-0.1895961842760048,0.19050128282030004,False,174.41261354432243
2020-03-26 20:00:00,11.75774,85.93976,120.0,24.0,-92391.50463541786,443888.51716088504,0.021589758622350262,-0.19734685144623995,0.1985242994021529,False,173.7566664440082
2020-03-26 21:00:00,11.76848,85.93326,120.0,24.0,-92622.68396206341,444581.4577837854,0.02554362709115532,-0.20711295348913095,0.20868218033162994,False,172.96910949560754
2020-03-26 22:00:00,11.78094,85.9264,120.0,24.0,-92875.6969854104,445310.87406827527,0.028883267485058976,-0.21858435883896413,0.22048438736031742,False,172.47266678419726
2020-03-26 23:00:00,11.79467,85.91916,120.0,24.0,-93147.58779582087,446079.65430311044,0.031164528139296648,-0.22788540201120847,0.230006487438844,False,172.21280619972538
2020-03-27 00:00:00,11.80915,85.9117,120.0,24.0,-93430.72660025663,446871.14097841823,0.0324151661817143,-0.23191556711399575,0.23416996662337897,False,172.04323539116376
2020-03-27 01:00:00,11.82396,85.9042,120.0,24.0,-93717.76415497501,447666.3411145812,0.033383655322304806,-0.23160488835048987,0.23399848877828533,False,171.79784765485772
2020-03-27 02:00:00,11.83926,85.89676,120.0,24.0,-94007.67988677352,448454.0621013313,0.03481057834882256,-0.2285037660359907,0.23114010352513537,False,171.33808063037304
2020-03-27 03:00:00,11.8553,85.88946,120.0,24.0,-94300.61442796899,449225.1471664919,0.03660763900456788,-0.22168217228143144,0.22468445593966443,False,170.62304652238436
2020-03-27 04:00:00,11.87216,85.88246,120.0,24.0,-94593.53905268441,449961.9789383905,0.03896622247309703,-0.21113997147241514,0.2147055053956353,False,169.54362431849785
2020-03-27 05:00:00,11.89026,85.87584,120.0,24.0,-94887.92023644106,450655.1177064477,0.04396806598739219,-0.2043177186947254,0.20899502625490546,False,167.85546413066277
2020-03-27 06:00:00,11.91154,85.86928,120.0,24.0,-95206.41651544221,451336.27747955493,0.05283172652668644,-0.20819184761600387,0.2147906812260624,False,165.76092788618234
2020-03-27 07:00:00,11.9375,85.86241,120.0,24.0,-95569.50956337409,452043.30944179744,0.06131900402300131,-0.22229892427978182,0.2306010233939152,False,164.5789972594556
2020-03-27 08:00:00,11.96628,85.85494,120.0,24.0,-95969.43100142005,452810.8946721057,0.06470218290053625,-0.2433826334281459,0.2518362140886685,False,165.11251646398307
2020-03-27 09:00:00,11.99516,85.84671,120.0,24.0,-96388.56839038334,453660.99670918897,0.06176561674659683,-0.2671016473721653,0.27415010749772106,False,166.97956647098204
2020-03-27 10:00:00,12.02122,85.83771,120.0,24.0,-96804.1159081506,454599.6110879688,0.052979439131260075,-0.28911449991877286,0.2939285883236692,False,169.61591368274526
2020-03-27 11:00:00,12.04219,85.82806,120.0,24.0,-97195.20343325073,455617.52568852407,0.04204463246239458,-0.30554499293304194,0.30842421082877153,False,172.16499822072024
2020-03-27 12:00:00,12.05846,85.818,120.0,24.0,-97559.14995635251,456687.9667056647,0.0330918017526189,-0.31406922360971823,0.31580776520226006,False,173.9852413297886
2020-03-27 13:00:00,12.07143,85.8078,120.0,24.0,-97900.61412553983,457779.1534421627,0.02860587178319808,-0.31654765120986983,0.31783755502923533,False,174.83630388681013
2020-03-27 14:00:00,12.08367,85.79758,120.0,24.0,-98237.19733619227,458873.6394691388,0.029774056720531003,-0.3160808618777487,0.31748008709047854,False,174.6187541990044
2020-03-27 15:00:00,12.0976,85.78741,120.0,24.0,-98586.64941463883,459959.63414639875,0.034283957680127375,-0.31731965487129665,0.3191663408347622,False,173.83354969848722
2020-03-27 16:00:00,12.11373,85.77711,120.0,24.0,-98957.38218563636,461055.86929215654,0.03887105940842664,-0.3236742609577158,0.32599997924241797,False,173.15196568437563
2020-03-27 17:00:00,12.1316,85.76653,120.0,24.0,-99349.34172950071,462179.4646739956,0.04015302973179431,-0.3315797285113939,0.33400206908989655,False,173.0953212175516
2020-03-27 18:00:00,12.14877,85.75572,120.0,24.0,-99741.75290900466,463329.1702531617,0.03596290691364924,-0.3376247966363062,0.3395347316216515,False,173.91992955982903
2020-03-27 19:00:00,12.16291,85.74475,120.0,24.0,-100114.06019159558,464501.42927904864,0.02912177130191819,-0.3433588641795148,0.3445916237728475,False,175.15209584932558
2020-03-27 20:00:00,12.17406,85.73357,120.0,24.0,-100467.5923673276,465701.68248113076,0.022859422313906752,-0.35110797168974417,0.3518513336234662,False,176.27492792805202
2020-03-27 21:00:00,12.18271,85.7221,120.0,24.0,-100808.05228279778,466937.8475210935,0.01699130021615608,-0.36009724269961474,0.36049788970658453,False,177.29848459572605
2020-03-27 22:00:00,12.18874,85.71034,120.0,24.0,-101134.31172827315,468210.17720472376,0.010766782888204457,-0.36753625758947533,0.3676939274133296,False,178.3220299184564
2020-03-27 23:00:00,12.19199,85.69839,120.0,24.0,-101442.53785772517,469508.08780259895,0.00463772458781421,-0.36706953512399865,0.3670988315229305,False,179.27613740088236
2020-03-28 00:00:00,12.19273,85.68666,120.0,24.0,-101725.09951329931,470786.4164510309,-0.0001450516411586611,-0.35482199595908853,0.35482202560772635,False,180.0234225794385
2020-03-28 01:00:00,12.19187,85.6755,120.0,24.0,-101981.07554373403,472005.3991981006,-0.0004525784009548478,-0.33745934214748846,0.3374596456316291,False,180.07684130645703
2020-03-28 02:00:00,12.19234,85.66489,120.0,24.0,-102235.03485284947,473162.0119456048,0.005207940700525618,-0.322576877084695,0.32261891493843725,False,179.07505118471306
2020-03-28 03:00:00,12.1963,85.65469,120.0,24.0,-102508.23658534266,474267.6463340875,0.009786879158409548,-0.3129651925713408,0.31311818018901066,False,178.20886090446908
2020-03-28 04:00:00,12.20066,85.6447,120.0,24.0,-102779.95631412121,475349.6155316452,0.006605255014023564,-0.30924404977614117,0.3093145837424236,False,178.77638487141905
2020-03-28 05:00:00,12.20191,85.63474,120.0,24.0,-103025.27206159246,476433.8625845213,-0.00057524098218599,-0.3101727970430842,0.31017333045850004,False,180.10625961725015
2020-03-28 06:00:00,12.20018,85.62469,120.0,24.0,-103247.92077403436,477533.2835012118,-0.006721225911840649,-0.3132717261044733,0.3133438195564644,False,181.22908891364608
2020-03-28 07:00:00,12.19624,85.61453,120.0,24.0,-103454.63410490214,478648.70454301505,-0.01229306408610916,-0.3159055770571183,0.3161446710612344,False,182.22846806324435
2020-03-28 08:00:00,12.18983,85.60431,120.0,24.0,-103641.92502065476,479775.16588422394,-0.018569080538829268,-0.3166792629612031,0.31722321217355504,False,183.35580258664532
2020-03-28 09:00:00,12.18064,85.5941,120.0,24.0,-103805.3952659976,480905.61729432404,-0.024561794690898406,-0.31714308314819983,0.31809278040720107,False,184.42854873145433
2020-03-28 10:00:00,12.16924,85.58385,120.0,24.0,-103950.852623512,482044.5030858612,-0.02847670376037066,-0.3185371749848041,0.31980752727907397,False,185.10856875245656
2020-03-28 11:00:00,12.15682,85.57355,120.0,24.0,-104088.43328214556,483190.7697222642,-0.027564161208593646,-0.31760665139961464,0.3188005144230631,False,184.96010646365943
2020-03-28 12:00:00,12.14623,85.56336,120.0,24.0,-104238.40735526508,484321.7836590845,-0.019729373348791872,-0.31032063399953197,0.31094717245636355,False,183.63781945044718
2020-03-28 13:00:00,12.14038,85.55353,120.0,24.0,-104419.67692193575,485404.94926310924,-0.006639387761087592,-0.29745370817464095,0.29752779698153675,False,181.27867204366692
2020-03-28 14:00:00,12.1407,85.54417,120.0,24.0,-104642.08169837951,486425.6060035572,0.008639115917957553,-0.281641454077183,0.28177392175031724,False,178.24305081237947
2020-03-28 15:00:00,12.14753,85.53536,120.0,24.0,-104906.96410275719,487374.3319053135,0.02121678487926896,-0.26536495963606593,0.26621178366718495,False,175.4287415981604
2020-03-28 16:00:00,12.15825,85.52705,120.0,24.0,-105193.47473739147,488261.30746022623,0.027133605781376788,-0.2518793835521105,0.2533366464238649,False,173.85154535927757
2020-03-28 17:00:00,12.16994,85.51911,120.0,24.0,-105479.89647748579,489106.03959279065,0.028150050999530107,-0.24304377402099048,0.24466855429671064,False,173.39327087752827
2020-03-28 18:00:00,12.18146,85.51137,120.0,24.0,-105760.50325888491,489929.1686953368,0.026751594127706398,-0.23947822428594076,0.24096777314720091,False,173.6260376191682
2020-03-28 19:00:00,12.19196,85.50366,120.0,24.0,-106032.00114868711,490750.81747365283,0.022449572179024435,-0.23947780158691007,0.24052775462287235,False,174.6445240029077
2020-03-28 20:00:00,12.19991,85.49592,120.0,24.0,-106282.63275580751,491580.3838391046,0.015281238752148152,-0.24040707136684972,0.2408922502302341,False,176.36294329896714
2020-03-28 21:00:00,12.2045,85.48815,120.0,24.0,-106505.32725533312,492419.4066106375,0.010464837634103163,-0.23978598848441776,0.2400142352031593,False,177.50106002578468
2020-03-28 22:00:00,12.20848,85.48045,120.0,24.0,-106721.25284904211,493251.89532327786,0.012274095570149614,-0.23544502615587623,0.2357647424098998,False,177.0157881591777
2020-03-28 23:00:00,12.21453,85.47296,120.0,24.0,-106950.18604895356,494057.5847960752,0.015918839046511764,-0.22800448242557744,0.2285595183814146,False,176.0061986506326
2020-03-29 00:00:00,12.22147,85.46574,120.0,24.0,-107180.59835721836,494832.1152353756,0.016334010131346367,-0.21901411463627743,0.21962236292527998,False,175.73479331263025
2020-03-29 01:00:00,12.22784,85.45883,120.0,24.0,-107398.94154672725,495573.85263042647,0.016755052322299492,-0.21033339622683328,0.21099969039464736,False,175.44546464332768
2020-03-29 02:00:00,12.2351,85.45217,120.0,24.0,-107619.24742594374,496286.60788280837,0.0206966039944064,-0.20335765232410913,0.20440813138345187,False,174.18876534307435
2020-03-29 03:00:00,12.24465,85.44571,120.0,24.0,-107854.86555179543,496973.19092021545,0.024063590234672666,-0.19886253428858475,0.20031316461645943,False,173.10040340483351
2020-03-29 04:00:00,12.25462,85.43934,120.0,24.0,-108092.23133044457,497649.1001182455,0.022513693071019004,-0.19746749827520746,0.19874677167381893,False,173.49567099693257
2020-03-29 05:00:00,12.26289,85.43297,120.0,24.0,-108315.04959184291,498328.1540657088,0.018391425900635125,-0.19591698858394713,0.1967783295041937,False,174.63715704293196
2020-03-29 06:00:00,12.2695,85.4267,120.0,24.0,-108521.23668561467,498999.39190209424,0.01475304850507276,-0.19095652692881881,0.19152557953680688,False,175.5821798156556
2020-03-29 07:00:00,12.27481,85.42065,120.0,24.0,-108711.02288695551,499649.0637893532,0.010792936854510916,-0.18491123197891426,0.185225946340963,False,176.65953818736648
2020-03-29 08:00:00,12.27821,85.41477,120.0,24.0,-108880.21773122759,500283.79568867775,0.005208509588160666,-0.18088085278558771,0.18095582741810615,False,178.35060941020765
2020-03-29 09:00:00,12.27901,85.40898,120.0,24.0,-109024.62087954952,500913.64185890305,-0.0012093646045113135,-0.1776253968873316,0.17762951382619024,False,180.3900929612928
2020-03-29 10:00:00,12.27724,85.40331,120.0,24.0,-109143.69688794715,501535.2936201087,-0.00718238697600437,-0.17390500694698588,0.17405326231905074,False,182.36500791051503
2020-03-29 11:00:00,12.27324,85.39776,120.0,24.0,-109240.34314288558,502148.1185745378,-0.011724195407506771,-0.17126971342950081,0.17167053182237402,False,183.91604894289662
2020-03-29 12:00:00,12.26783,85.39226,120.0,24.0,-109323.34592652434,502758.196321594,-0.01396922137736823,-0.1706494719617184,0.17122027165818665,False,184.6797497644925
2020-03-29 13:00:00,12.26204,85.38675,120.0,24.0,-109403.13274505599,503370.1090649204,-0.013171776923329007,-0.1663094378448849,0.1668302275476467,False,184.52839701413438
2020-03-29 14:00:00,12.25728,85.38153,120.0,24.0,-109484.98605741953,503948.4484742657,-0.009572752064225736,-0.1537546057295706,0.1540523169742631,False,183.56263309287306
2020-03-29 15:00:00,12.25438,85.37683,120.0,24.0,-109570.80528207158,504466.5391049592,-0.0073453577093746565,-0.13995968966773756,0.14015230648037183,False,183.00423812449185
2020-03-29 16:00:00,12.25141,85.3725,120.0,24.0,-109647.19330114275,504944.4227568924,-0.009633856082461627,-0.13096966779552402,0.13132351299553138,False,184.20698150153981
2020-03-29 17:00:00,12.24669,85.36838,120.0,24.0,-109703.12353666798,505402.76425122237,-0.011645938212357827,-0.12275496505966399,0.12330616093142055,False,185.4195113810951
2020-03-29 18:00:00,12.24212,85.36458,120.0,24.0,-109752.73102164267,505825.93189972045,-0.008755188314149967,-0.11035546856239518,0.11070222565080623,False,184.53613066658534
2020-03-29 19:00:00,12.23971,85.36126,120.0,24.0,-109810.0006002509,506192.62221299007,-0.005021405480284794,-0.09563084483334994,0.09576258662200852,False,183.00573906073947
2020-03-29 20:00:00,12.23812,85.35841,120.0,24.0,-109863.37112559419,506506.48761936295,-0.004962922835399531,-0.08152630446899285,0.08167722401894578,False,183.48358804687928
2020-03-29 21:00:00,12.23576,85.356,120.0,24.0,-109899.5066883721,506773.84683151584,-0.0059076377233613555,-0.06757690345492899,0.06783463764204299,False,184.99615027491626
2020-03-29 22:00:00,12.23342,85.35405,120.0,24.0,-109924.92002400853,506991.003322249,-0.004551573818694921,-0.053782536436341344,0.05397479087271588,False,184.83737021244997
2020-03-29 23:00:00,12.23214,85.35253,120.0,24.0,-109949.5324692236,507159.2320353696,-0.002326877210920642,-0.043707950959849626,0.043769845038146085,False,183.04737476058477
2020-03-30 00:00:00,12.23157,85.35123,120.0,24.0,-109975.2227233181,507302.1056783171,-0.0012456601220192298,-0.03983309984907748,0.03985257222220625,False,181.7911690563978
2020-03-30 01:00:00,12.23115,85.34996,120.0,24.0,-110001.52935754636,507441.41998313577,-0.0009061694346362585,-0.03704321520478542,0.03705429712937913,False,181.40131819217913
2020-03-30 02:00:00,12.23085,85.34884,120.0,24.0,-110025.35080126287,507564.1449523028,-0.0002642684920632597,-0.02960356212235008,0.029604741650075886,False,180.5114609857825
2020-03-30 03:00:00,12.23094,85.34805,120.0,24.0,-110044.82493971045,507650.1307397184,0.0017629989772196993,-0.02076896518101475,0.020843658030294986,False,175.1480094128172
2020-03-30 04:00:00,12.23225,85.3475,120.0,24.0,-110069.43597312541,507707.59809619794,0.005591481034859005,-0.01487917985674544,0.015895114135248203,False,159.40416703003228
2020-03-30 05:00:00,12.23538,85.34709,120.0,24.0,-110106.86778259919,507746.29883670027,0.008853675748624225,-0.010849405484482742,0.014003470056685983,False,140.7837768596387
2020-03-30 06:00:00,12.23928,85.3468,120.0,24.0,-110148.2893835447,507770.42975339515,0.009572046301192376,-0.007129664323876184,0.011935500985016233,False,126.68029717010722
2020-03-30 07:00:00,12.24298,85.34663,120.0,24.0,-110185.10250163007,507781.85523281194,0.010542513233400918,-0.006354596033082463,0.012309568474162725,False,121.07985484198582
2020-03-30 08:00:00,12.24765,85.34639,120.0,24.0,-110232.17145998975,507799.04579659033,0.014372705565714126,-0.01115918625998466,0.018196211233763478,False,127.82630592750218
2020-03-30 09:00:00,12.25439,85.34591,120.0,24.0,-110303.27511462627,507838.4199441684,0.017951697206646716,-0.017359014450416738,0.024971960581598406,False,134.03839287111919
2020-03-30 10:00:00,12.2619,85.34527,120.0,24.0,-110385.0070124255,507893.7487875475,0.018306524594436137,-0.020614046554843075,0.027569326398951658,False,138.39297911329578
2020-03-30 11:00:00,12.26892,85.34458,120.0,24.0,-110463.59695603323,507955.46190137765,0.01883870199587657,-0.021853750913565645,0.02885278360716025,False,139.2375054693884
2020-03-30 12:00:00,12.27685,85.34386,120.0,24.0,-110550.98410929256,508018.67888141575,0.023278176091370537,-0.022628325032899604,0.03246405051646214,False,134.18897682806136
2020-03-30 13:00:00,12.28739,85.34312,120.0,24.0,-110662.01043889853,508079.02169028064,0.03031589266186863,-0.024797951984801645,0.03916620699693127,False,129.28265865468228
2020-03-30 14:00:00,12.3009,85.34226,120.0,24.0,-110802.25557125587,508146.6819508591,0.03772247713067325,-0.029757519983628272,0.04804680297845219,False,128.2682773413781
2020-03-30 15:00:00,12.31731,85.3412,120.0,24.0,-110973.02283250983,508230.49342411687,0.044515167571687275,-0.03502722681292953,0.05664368245567909,False,128.197809360483
2020-03-30 16:00:00,12.3362,85.34,120.0,24.0,-111169.18689029633,508324.6999208974,0.05035355628342412,-0.037972080381762766,0.06306631049068126,False,127.02028240550794
2020-03-30 17:00:00,12.35723,85.33875,120.0,24.0,-111385.60859362566,508420.1228184222,0.05584274127113815,-0.039366856571606434,0.06832394272145532,False,125.1822766660415
2020-03-30 18:00:00,12.38046,85.33746,120.0,24.0,-111622.59785423052,508515.52961394505,0.06127262024739259,-0.04138168361179254,0.07393766111074711,False,124.03390749126072
2020-03-30 19:00:00,12.40578,85.33608,120.0,24.0,-111880.39316005174,508616.55598867894,0.0648023574506037,-0.04990692748072459,0.08179270714264271,False,127.6013286848476
2020-03-30 20:00:00,12.43179,85.33424,120.0,24.0,-112155.47676264102,508766.23282978026,0.0647533901717663,-0.06866168120611413,0.09437917145634966,False,136.67795554982877
2020-03-30 21:00:00,12.45705,85.33165,120.0,24.0,-112442.11131404528,508998.96124915825,0.062448881680032466,-0.0867957881460257,0.10692694544864016,False,144.26528357757923
2020-03-30 22:00:00,12.48121,85.32864,120.0,24.0,-112729.3256112426,509279.4613227221,0.06036272111792057,-0.09392499774105291,0.11164928706183774,False,147.27238609585504
2020-03-30 23:00:00,12.50479,85.32559,120.0,24.0,-113012.60462354247,509565.31112808856,0.06264492386790248,-0.09717810650877153,0.11561994149386792,False,147.19254058009648
2020-03-31 00:00:00,12.53072,85.32237,120.0,24.0,-113321.16545793833,509864.8852766377,0.07211203384457085,-0.10508059508223189,0.1274444070488639,False,145.53996217044698
2020-03-31 01:00:00,12.56174,85.31881,120.0,24.0,-113683.59362877315,510191.2208825543,0.08446988378690284,-0.11453467383498137,0.14231427467917065,False,143.5910433903034
2020-03-31 02:00:00,12.59738,85.31498,120.0,24.0,-114094.14436115124,510537.51996439265,0.09473227074837569,-0.12057970705796951,0.15334167364199888,False,141.84539641210682
2020-03-31 03:00:00,12.63644,85.31103,120.0,24.0,-114538.59379349233,510889.73595957644,0.10245036735956797,-0.12228491658551253,0.1595295539905888,False,140.04370719217155
2020-03-31 04:00:00,12.6781,85.30709,120.0,24.0,-115006.53066039055,511235.2753508997,0.10888641533603743,-0.12073487325613325,0.1625827821908169,False,137.953842345209
2020-03-31 05:00:00,12.72216,85.30324,120.0,24.0,-115494.24751970019,511565.76926141133,0.11753469408024916,-0.11964759706058789,0.16771986106275713,False,135.51039738449526
2020-03-31 06:00:00,12.77055,85.29937,120.0,24.0,-116021.71887564096,511889.2245757367,0.13073983986140028,-0.12196987783232878,0.17880032669270435,False,133.0124221569206
2020-03-31 07:00:00,12.82491,85.29537,120.0,24.0,-116606.4088166868,512214.1511514381,0.1437896650901888,-0.12832578528135435,0.19272512797978608,False,131.7474720532541
2020-03-31 08:00:00,12.88346,85.29109,120.0,24.0,-117236.2675998115,512560.3156412962,0.15150382129066148,-0.139022728076691,0.2056227778908705,False,132.54007157395318
2020-03-31 09:00:00,12.94377,85.2864,120.0,24.0,-117892.95897993803,512946.69572626293,0.1541055116389442,-0.15467843023094072,0.21834359504278747,False,135.1063066280566
2020-03-31 10:00:00,13.00424,85.28111,120.0,24.0,-118567.09324444707,513397.1665248494,0.15343625981813983,-0.17560284266153314,0.23319314779339226,False,138.85405721007032
2020-03-31 11:00:00,13.06389,85.27507,120.0,24.0,-119253.87310118697,513930.01785291417,0.15232739829525951,-0.19745490256663611,0.24938338922029749,False,142.35146163546347
2020-03-31 12:00:00,13.12334,85.26837,120.0,24.0,-119956.816742824,514534.1387130212,0.15322039231760048,-0.2146567699187727,0.2637309566469593,False,144.48103870027143
2020-03-31 13:00:00,13.18352,85.26122,120.0,24.0,-120679.15789423378,515184.7064699002,0.1558066642779933,-0.22286996758971486,0.2719314970482012,False,145.04290138075743
2020-03-31 14:00:00,13.24481,85.25399,120.0,24.0,-121415.03596081269,515840.6591554759,0.1594692746348909,-0.22007892562130277,0.2717814987360346,False,144.07289869628966
2020-03-31 15:00:00,13.30766,85.24702,120.0,24.0,-122159.83908539968,516464.06345671404,0.16534287848817228,-0.2143419207647282,0.27070413085852146,False,142.35348596048925
2020-03-31 16:00:00,13.37333,85.24016,120.0,24.0,-122928.76611197976,517068.45958279894,0.17441138926448424,-0.21325435843260587,0.2754936552729841,False,140.72177198069517
2020-03-31 17:00:00,13.44303,85.23326,120.0,24.0,-123736.68711271281,517667.4079755773,0.18511351818807764,-0.21340831037814967,0.2825068522256131,False,139.06114849459902
2020-03-31 18:00:00,13.5168,85.22639,120.0,24.0,-124582.27865805823,518253.04936890316,0.19579209671092687,-0.21108270202735224,0.28790702011175223,False,137.15219784877593
2020-03-31 19:00:00,13.59456,85.21964,120.0,24.0,-125462.56594971924,518815.61670379585,0.20732086182513637,-0.21232029689080908,0.29675216632691764,False,135.6825664553469
2020-03-31 20:00:00,13.67702,85.21269,120.0,24.0,-126392.49019720194,519388.0649614221,0.2200430548953152,-0.22285772803196002,0.3131844711208232,False,135.3641147783992
2020-03-31 21:00:00,13.76436,85.20526,120.0,24.0,-127381.35074323344,520000.08538956614,0.2296974239296649,-0.2372752906980839,0.3302430470665271,False,135.92969388613392
2020-03-31 22:00:00,13.854,85.19738,120.0,24.0,-128405.29218900055,520653.8939047042,0.23176757793527866,-0.24921486709181737,0.3403296345626952,False,137.07745195689853
2020-03-31 23:00:00,13.94265,85.18918,120.0,24.0,-129431.18637072801,521342.6588687583,0.2250021970094333,-0.25650510275321975,0.3412050064074554,False,138.74327600067556
2020-04-01 00:00:00,14.0268,85.18083,120.0,24.0,-130422.57446268939,522055.9742960897,0.21026555851820003,-0.259143168774276,0.33371662682782754,False,140.94455284897646
2020-04-01 01:00:00,14.10386,85.17246,120.0,24.0,-131352.18935548476,522785.9196808578,0.19365758933823993,-0.2580544423924591,0.3226381210377679,False,143.11351481747317
2020-04-01 02:00:00,14.17502,85.16418,120.0,24.0,-132227.6338653763,523518.1862736295,0.1810478225027871,-0.2541754275252678,0.31206323396172986,False,144.53792876373763
2020-04-01 03:00:00,14.24219,85.15606,120.0,24.0,-133064.198079754,524241.0433173992,0.17222829466913275,-0.24859348058984568,0.3024257000924551,False,145.28535747356767
2020-04-01 04:00:00,14.30639,85.14814,120.0,24.0,-133869.9108388261,524947.969594905,0.16501262421332416,-0.2430129012687986,0.29374212556738705,False,145.82238767772856
2020-04-01 05:00:00,14.36785,85.14038,120.0,24.0,-134647.80561577805,525642.8893686269,0.1555533012920997,-0.23898505493854366,0.28515028673815057,False,146.9402456979593
2020-04-01 06:00:00,14.42466,85.13272,120.0,24.0,-135381.84791994357,526336.9232393345,0.14089585237368923,-0.23728144575300547,0.27596036982643884,False,149.29849326979303
2020-04-01 07:00:00,14.47481,85.12507,120.0,24.0,-136055.85679734487,527044.7530378689,0.12322521848377872,-0.2377449075248742,0.26778180581284083,False,152.60190652350872
2020-04-01 08:00:00,14.51806,85.11738,120.0,24.0,-136668.76964035732,527772.5862629969,0.1052483583608131,-0.23944782668799763,0.26155779216695396,False,156.27229748809378
2020-04-01 09:00:00,14.55446,85.10962,120.0,24.0,-137221.6351108873,528523.7607513512,0.0866061708518345,-0.24378574256226415,0.25871242163114566,False,160.4421495385675
2020-04-01 10:00:00,14.5835,85.10165,120.0,24.0,-137713.4197826082,529314.8142069414,0.06675302487401127,-0.25199770586200726,0.26068910619652885,False,165.16337471989596
2020-04-01 11:00:00,14.60482,85.09336,120.0,24.0,-138143.6169116581,530158.6718419276,0.047490261144566163,-0.26175876744596216,0.2660319101882486,False,169.71681839893995
2020-04-01 12:00:00,14.61927,85.08476,120.0,24.0,-138519.52046180278,531052.3621444214,0.03071875776402193,-0.26981534674732394,0.271558397805966,False,173.50478337343122
2020-04-01 13:00:00,14.62792,85.07595,120.0,24.0,-138847.95122720825,531982.6236602541,0.016327448363217062,-0.26981357410391965,0.27030714075063733,False,176.53703678491394
2020-04-01 14:00:00,14.63153,85.06735,120.0,24.0,-139123.86811441736,532902.362895893,0.004303114424613272,-0.2574140653324078,0.2574500297624928,False,179.04229268584982
2020-04-01 15:00:00,14.63115,85.05934,120.0,24.0,-139346.09644320895,533768.0741322102,-0.0029179902121948334,-0.23866109677261899,0.23867893451159,False,180.7004920197366
2020-04-01 16:00:00,14.62935,85.05195,120.0,24.0,-139537.58974864532,534570.3067032516,-0.0036274607090441696,-0.22037347366391297,0.22040332657629058,False,180.94303283159712
2020-04-01 17:00:00,14.62844,85.04512,120.0,24.0,-139721.56763505985,535309.9189800785,-0.0015275722665333488,-0.205030423299145,0.20503611378305056,False,180.42687237805904
2020-04-01 18:00:00,14.62821,85.03872,120.0,24.0,-139899.76639129888,536001.4502054611,-0.00046979109993244145,-0.19371681187357753,0.19371738152819587,False,180.13895022455472
2020-04-01 19:00:00,14.62809,85.03262,120.0,24.0,-140070.5358080395,536660.3230046362,0.0008214930641870233,-0.1856577201049216,0.18565953755574185,False,179.7464808989448
2020-04-01 20:00:00,14.62882,85.02674,120.0,24.0,-140243.07364813256,537293.3624065124,0.0023830244675472068,-0.181318031859006,0.18133369097560564,False,179.2470170650359
2020-04-01 21:00:00,14.62986,85.02092,120.0,24.0,-140416.84677180133,537919.1584983718,-0.0059809144893908164,-0.1865863074377566,0.18668214017786067,False,181.8359539253015
2020-04-01 22:00:00,14.62439,85.0147,120.0,24.0,-140540.72010398982,538604.1034441983,-0.032125921904115826,-0.2045592909553525,0.20706660371567867,False,188.92536655293532
2020-04-01 23:00:00,14.60607,85.00772,120.0,24.0,-140564.89527025592,539402.6690190731,-0.06404407839466927,-0.22253299387851283,0.23156549255438896,False,196.05560038833937
2020-04-02 00:00:00,14.57701,85.00034,120.0,24.0,-140498.54417069035,540270.8414560218,-0.08786367716729798,-0.22795709444859663,0.24430403736902417,False,201.07863505571052
2020-04-02 01:00:00,14.54115,84.99301,120.0,24.0,-140365.72248597746,541150.3454041813,-0.10279782484704757,-0.22439358606129772,0.2468195175806267,False,204.61317478173282
2020-04-02 02:00:00,14.50116,84.98586,120.0,24.0,-140187.75414665215,542020.554530366,-0.11102781017432013,-0.21819604805582915,0.24481970921330368,False,206.9690071466833
2020-04-02 03:00:00,14.45934,84.97893,120.0,24.0,-139985.16975935423,542871.4780640479,-0.11333821933058333,-0.21168870769062295,0.24012009687811103,False,208.1646144549046
2020-04-02 04:00:00,14.41776,84.9722,120.0,24.0,-139778.1384132691,543700.1938051224,-0.11024847352933757,-0.2062660200761492,0.23388115989451444,False,208.12434943240544
2020-04-02 05:00:00,14.37832,84.96562,120.0,24.0,-139586.15934785284,544507.4668383334,-0.10243416407343728,-0.20425211279291092,0.228498760499465,False,206.63415250641535
2020-04-02 06:00:00,14.34258,84.95902,120.0,24.0,-139428.90194102112,545307.8901575699,-0.09172181581700757,-0.2073510165418928,0.22673185827696415,False,203.8622242186338
2020-04-02 07:00:00,14.31109,84.95224,120.0,24.0,-139316.17217453686,546117.4554102051,-0.0843778089177107,-0.2141665182421354,0.23018886196710867,False,201.50356040204846
2020-04-02 08:00:00,14.28082,84.9452,120.0,24.0,-139221.39576573131,546952.2084705196,-0.08576054556654245,-0.22222169690045532,0.2381960405825186,False,201.1027668297629
2020-04-02 09:00:00,14.24841,84.9379,120.0,24.0,-139112.45571860461,547820.3247604314,-0.09342149311711076,-0.2284185615921681,0.24678455108872896,False,202.2441965356406
2020-04-02 10:00:00,14.21264,84.93046,120.0,24.0,-138974.23560916912,548711.7832489188,-0.10404226059946935,-0.2305862339455758,0.25297194167703996,False,204.2852579620643
2020-04-02 11:00:00,14.17259,84.92302,120.0,24.0,-138793.90012336636,549613.6493084602,-0.11872576443014607,-0.23352721605597013,0.2619747464515889,False,206.94888661373363
2020-04-02 12:00:00,14.12625,84.91539,120.0,24.0,-138557.10778289416,550551.3004078978,-0.13818987858690152,-0.24127192219775506,0.2780442104861422,False,209.80217190322674
2020-04-02 13:00:00,14.07219,84.90745,120.0,24.0,-138252.99008541374,551541.1070311554,-0.15676997285369287,-0.24576672810567252,0.291510049624906,False,212.53303726220292
2020-04-02 14:00:00,14.01252,84.89953,120.0,24.0,-137892.48610142013,552542.165343736,-0.16884663461104096,-0.2398805601723346,0.293345988839233,False,215.14086922736652
2020-04-02 15:00:00,13.94988,84.89197,120.0,24.0,-137491.66914697934,553511.2134562944,-0.17545557425347508,-0.23089375329725148,0.2899941100234774,False,217.2311093385723
2020-04-02 16:00:00,13.88561,84.88463,120.0,24.0,-137067.2321604997,554460.112902897,-0.17910132771312798,-0.22717511648785935,0.28928501368006904,False,218.25169637269215
2020-04-02 17:00:00,13.82052,84.87731,120.0,24.0,-136632.35660492582,555408.5417935309,-0.18149401922973085,-0.22794936390318424,0.29137774712566544,False,218.52691660678468
2020-04-02 18:00:00,13.75471,84.86992,120.0,24.0,-136190.36777988807,556365.9922953069,-0.18317144381850428,-0.23042870994399653,0.2943623077043152,False,218.48174658122875
2020-04-02 19:00:00,13.6886,84.86244,120.0,24.0,-135745.81702733866,557333.6237285936,-0.18080465825703312,-0.23275635197877523,0.2947301203370806,False,217.8399876844847
2020-04-02 20:00:00,13.62468,84.8549,120.0,24.0,-135322.13032937393,558302.3003993736,-0.17192950598371207,-0.23399841914547084,0.2903704791992167,False,216.30645303540044
2020-04-02 21:00:00,13.56513,84.84734,120.0,24.0,-134939.6294321869,559262.6006462608,-0.16143246764129598,-0.2353904809241745,0.2854279595948376,False,214.44260699996897
2020-04-02 22:00:00,13.50892,84.83971,120.0,24.0,-134589.75949171773,560222.454597112,-0.1551818840522937,-0.23848600386374336,0.2845294205823309,False,213.05189149129356
2020-04-02 23:00:00,13.45402,84.83195,120.0,24.0,-134254.34062618233,561193.1937351783,-0.15571369301790444,-0.24142562074949314,0.2872857193588854,False,212.8210385737553
2020-04-03 00:00:00,13.3976,84.82413,120.0,24.0,-133903.8215994247,562173.8654484864,-0.16389690529384016,-0.24250565387355147,0.2926964088019133,False,214.05270647135245
2020-04-03 01:00:00,13.33703,84.8163,120.0,24.0,-133510.96761502896,563165.1447837545,-0.17747489670166325,-0.24219255678539314,0.30025751201512335,False,216.23337505039592
2020-04-03 02:00:00,13.27111,84.8085,120.0,24.0,-133062.71943693995,564165.3875406608,-0.19290149222132602,-0.24017639611247904,0.3080514355603505,False,218.77024300577887
2020-04-03 03:00:00,13.19975,84.8008,120.0,24.0,-132556.1370657537,565167.0666188169,-0.20432047523520025,-0.2328973123370098,0.30981932588871985,False,221.2604299420267
2020-04-03 04:00:00,13.12591,84.79347,120.0,24.0,-132013.3842864076,566133.8677726168,-0.20694999683551707,-0.2175616888425479,0.30026886225887983,False,223.56805220685257
2020-04-03 05:00:00,13.05288,84.78676,120.0,24.0,-131460.75332292085,567030.9606327006,-0.20261545527101804,-0.199279012902864,0.28419209647388466,False,225.4756464443991
2020-04-03 06:00:00,12.9823,84.78061,120.0,24.0,-130916.29816292605,567861.0815099232,-0.19419534027007754,-0.18331987243206213,0.2670543124742956,False,226.65012189274793
2020-04-03 07:00:00,12.9154,84.77493,120.0,24.0,-130394.80199113446,568631.2334780339,-0.18210240480949763,-0.16891025361445414,0.24837866175157108,False,227.15234120503433
2020-04-03 08:00:00,12.85352,84.76971,120.0,24.0,-129910.15621134388,569339.5231082389,-0.16708189089333444,-0.1554290903160424,0.2281985109087362,False,227.06928142168687
2020-04-03 09:00:00,12.79736,84.7649,120.0,24.0,-129470.90875640877,569989.8969761,-0.15390775473359786,-0.1444235475189597,0.21105866019924063,False,226.82086856664824
2020-04-03 10:00:00,12.74489,84.76039,120.0,24.0,-129059.87733871007,570598.9983703265,-0.14715337248099672,-0.1369819619738841,0.20104271421453102,False,227.05018550841504
2020-04-03 11:00:00,12.69359,84.75606,120.0,24.0,-128655.09003458414,571185.6050919314,-0.14672620945546727,-0.13419001035823241,0.1988354581585291,False,227.55519264346623
2020-04-03 12:00:00,12.64151,84.75173,120.0,24.0,-128241.57160037968,571773.6890028787,-0.1508415218576581,-0.13558267248004097,0.20281968788350996,False,228.04947002634734
2020-04-03 13:00:00,12.5874,84.74731,120.0,24.0,-127808.99936011888,572375.8201059942,-0.15557384398638643,-0.13852757213168376,0.20831012739038723,False,228.31718205560776
2020-04-03 14:00:00,12.53208,84.74279,120.0,24.0,-127365.72429648333,572991.2235115505,-0.15665777756167773,-0.14054408653656705,0.2104621094899558,False,228.10342408946
2020-04-03 15:00:00,12.4773,84.73824,120.0,24.0,-126927.50893611637,573608.374818807,-0.15042277299329862,-0.14085814428396248,0.2060777218578346,False,226.88071374004417
2020-04-03 16:00:00,12.42645,84.7337,120.0,24.0,-126527.37614119898,574215.4436360942,-0.13521264398711205,-0.14086077849793163,0.19525423942395942,False,223.82795987014666
2020-04-03 17:00:00,12.38243,84.72915,120.0,24.0,-126195.02607143817,574808.3032811531,-0.11671606348155814,-0.145042517455754,0.18617188655791672,False,218.8237173696121
2020-04-03 18:00:00,12.34463,84.72434,120.0,24.0,-125930.50540507246,575415.6595495266,-0.10054783091612425,-0.15728170165440472,0.1866745831045102,False,212.590170702208
2020-04-03 19:00:00,12.31201,84.719,120.0,24.0,-125729.92316159075,576069.3221145064,-0.08430833205237373,-0.17138208297448443,0.19099663143135895,False,206.1940494944779
2020-04-03 20:00:00,12.28564,84.71328,120.0,24.0,-125600.56809655069,576750.6688025557,-0.06527977623567947,-0.18036834899891618,0.19181811829432382,False,199.8964457938224
2020-04-03 21:00:00,12.26638,84.70736,120.0,24.0,-125547.00694608323,577438.245959698,-0.047750268381831745,-0.1859442633263507,0.19197749137468229,False,194.40228255795915
2020-04-03 22:00:00,12.2523,84.70128,120.0,24.0,-125549.05222893372,578131.9464112743,-0.036565639689157374,-0.19121080875468147,0.19467567744969233,False,190.8260847497317
2020-04-03 23:00:00,12.24088,84.69502,120.0,24.0,-125581.89379819226,578839.4766105022,-0.03177313464004622,-0.19570321521011866,0.1982656816709148,False,189.22171749432187
2020-04-04 00:00:00,12.23017,84.68865,120.0,24.0,-125624.2392535395,579557.4778959932,-0.03269149294670638,-0.19833625732997445,0.20101244907404714,False,189.35982611043283
2020-04-04 01:00:00,12.21814,84.68222,120.0,24.0,-125654.36827301557,580284.9504889423,-0.04055106470107426,-0.20003907056595496,0.20410786021435287,False,191.45946887744628
2020-04-04 02:00:00,12.202,84.67574,120.0,24.0,-125643.69780272525,581026.9256593226,-0.054551797993823016,-0.2009670001958702,0.20823936667231238,False,195.1867964389584
2020-04-04 03:00:00,12.18029,84.66925,120.0,24.0,-125576.2970533542,581782.2399273997,-0.06366860320861586,-0.19709496347887678,0.20712343098567082,False,197.9022808266168
2020-04-04 04:00:00,12.15787,84.66302,120.0,24.0,-125495.01384793836,582510.7838323207,-0.058475934242933666,-0.185940738549652,0.19491893991599163,False,197.45768085760943
2020-04-04 05:00:00,12.1398,84.65725,120.0,24.0,-125446.66727215788,583179.6566941874,-0.046684262191361556,-0.1740085890992838,0.18016217532177828,False,195.01806298321185
2020-04-04 06:00:00,12.12558,84.65179,120.0,24.0,-125429.8778193339,583806.3150908931,-0.03726830433239843,-0.16749965644093923,0.17159563343991285,False,192.5438530049613
2020-04-04 07:00:00,12.11405,84.64644,120.0,24.0,-125437.6479878892,584415.1123333337,-0.02687075152971876,-0.16316091498236382,0.16535876591718396,False,189.35201822576698
2020-04-04 08:00:00,12.10703,84.64126,120.0,24.0,-125487.2494952394,584995.5150923997,-0.011231187605210573,-0.15711716088869085,0.15751806823582556,False,184.08871278711683
2020-04-04 09:00:00,12.1063,84.6363,120.0,24.0,-125595.84742943027,585538.1546302591,0.004607918076382285,-0.15246760144076085,0.1525372164361778,False,178.26891800397698
2020-04-04 10:00:00,12.1102,84.63142,120.0,24.0,-125749.91896182294,586061.9096064713,0.014998364310888756,-0.15293196182610097,0.1536656626575441,False,174.39879237495808
2020-04-04 11:00:00,12.11662,84.62643,120.0,24.0,-125932.43725914483,586592.1054121038,0.021541616860321855,-0.15603050897231435,0.1575105107194957,False,172.1394194589165
2020-04-04 12:00:00,12.12501,84.62135,120.0,24.0,-126137.3715943827,587127.7464134425,0.027151715532336453,-0.1580443831453431,0.16035972904735443,False,170.2518579767409
2020-04-04 13:00:00,12.13527,84.61623,120.0,24.0,-126362.58321217333,587663.5775959091,0.032816228221142774,-0.15695928036212003,0.16035311199492427,False,168.19100204165977
2020-04-04 14:00:00,12.14753,84.61122,120.0,24.0,-126605.9401340737,588182.9296637377,0.038271539077121414,-0.1529303546166091,0.15764645275582143,False,165.95002287679165
2020-04-04 15:00:00,12.16151,84.60636,120.0,24.0,-126863.67208787003,588682.0365128322,0.04026018093205639,-0.1520010548544246,0.1572424969451316,False,165.16485209115507
2020-04-04 16:00:00,12.17511,84.60141,120.0,24.0,-127119.86481067745,589191.7090956704,0.03662800612157947,-0.15819904232282908,0.16238395186810403,False,166.96394266622974
2020-04-04 17:00:00,12.18658,84.59615,120.0,24.0,-127361.68428133767,589739.8310932538,0.03262832016704541,-0.16424100242087408,0.16745063198786916,False,168.76384191924274
2020-04-04 18:00:00,12.19742,84.59081,120.0,24.0,-127599.12307672786,590298.0048500331,0.033804437450213824,-0.16222575751511045,0.1657103991687813,False,168.22920466726964
2020-04-04 19:00:00,12.20967,84.58568,120.0,24.0,-127846.36309062093,590830.0648087608,0.03906813123896853,-0.15370317938083217,0.15859062466073315,False,165.73862086677485
2020-04-04 20:00:00,12.22408,84.58089,120.0,24.0,-128108.09875383232,591320.1451957263,0.04573151209849538,-0.14223685433157168,0.14940781080303525,False,162.17653899475
2020-04-04 21:00:00,12.24085,84.5765,120.0,24.0,-128385.0040290103,591761.233103307,0.05149181190426223,-0.1301512829128877,0.13996700731620454,False,158.41473948953035
2020-04-04 22:00:00,12.25916,84.57249,120.0,24.0,-128669.09416064124,592157.3245758858,0.0544370304256972,-0.11868578290912739,0.13057452027988,False,155.36072674178223
2020-04-04 23:00:00,12.27791,84.56884,120.0,24.0,-128949.46046742289,592513.0613112693,0.0540615512530151,-0.10954453944829405,0.12215832942055663,False,153.73310520076603
2020-04-05 00:00:00,12.29594,84.56542,120.0,24.0,-129217.15877122927,592845.2313607514,0.05090366884520367,-0.10365687702756093,0.11548130436139457,False,153.84533548337947
2020-04-05 01:00:00,12.31252,84.56215,120.0,24.0,-129466.49866368607,593164.2188964238,0.04822736201970564,-0.09916293264845485,0.11026860685989344,False,154.06427614862685
2020-04-05 02:00:00,12.32871,84.55902,120.0,24.0,-129708.6593772791,593468.7362139851,0.049257375751701374,-0.09389415598597164,0.10603019189958242,False,152.3182564993544
2020-04-05 03:00:00,12.34597,84.55609,120.0,24.0,-129957.32058719685,593748.9409996897,0.05401351609011917,-0.08614641480976608,0.1016792245495305,False,147.91242447142395
2020-04-05 04:00:00,12.36537,84.55346,120.0,24.0,-130221.18235632668,593991.4948334789,0.06167501451861314,-0.07560968256489928,0.09757372347838314,False,140.7957852504366
2020-04-05 05:00:00,12.38781,84.55121,120.0,24.0,-130507.65765997284,594185.6086581955,0.07156625914599575,-0.0649180265217168,0.0966233906237312,False,132.2112919247254
2020-04-05 06:00:00,12.4139,84.54927,120.0,24.0,-130824.73497968812,594337.4812466624,0.08290690374641366,-0.05686040974287159,0.10053188989044395,False,124.44367154106084
2020-04-05 07:00:00,12.44401,84.54754,120.0,24.0,-131178.63980130936,594457.1086881825,0.09432553011856429,-0.05159223842389579,0.10751309082031028,False,118.67687026529688
2020-04-05 08:00:00,12.47782,84.54594,120.0,24.0,-131567.9688211406,594553.8729536441,0.10468600455410602,-0.0483384756581868,0.11530727547930107,False,114.78500214147874
2020-04-05 09:00:00,12.51493,84.54442,120.0,24.0,-131989.7729602128,594634.0708314863,0.11448922864914132,-0.04539426816981211,0.12316015207585682,False,111.62801844693439
2020-04-05 10:00:00,12.55536,84.54301,120.0,24.0,-132443.52900985582,594694.3201228344,0.12435402928636616,-0.04105559773483385,0.1309560487534612,False,108.27068771363241
2020-04-05 11:00:00,12.59913,84.54177,120.0,24.0,-132927.9694035655,594727.9687786081,0.13370280732106365,-0.03532293894962326,0.13829009618035662,False,104.79885175528949
2020-04-05 12:00:00,12.64587,84.54073,120.0,24.0,-133438.48398216575,594732.5375984869,0.14161759500415802,-0.02897090558276632,0.1445505329808482,False,101.56155606455172
2020-04-05 13:00:00,12.69498,84.5399,120.0,24.0,-133968.54687186668,594708.2736565527,0.1469464483950739,-0.025563572281285717,0.14915346098467389,False,99.86870904744688
2020-04-05 14:00:00,12.74531,84.53908,120.0,24.0,-134511.08263984206,594679.5857826924,0.14871452070744207,-0.02788928040968383,0.15130704091685288,False,100.62163075876794
2020-04-05 15:00:00,12.7956,84.5381,120.0,24.0,-135057.2093203083,594667.9036817583,0.14702783768494154,-0.03486295657892401,0.15110463525561835,False,103.33950192446542
2020-04-05 16:00:00,12.84477,84.53683,120.0,24.0,-135598.98699372253,594689.9134377381,0.14209361196955267,-0.044160678045442395,0.14879771519746873,False,107.26450314261922
2020-04-05 17:00:00,12.8917,84.53525,120.0,24.0,-136125.36698372985,594750.4640049253,0.13362930539863851,-0.05361329790342374,0.143983252405979,False,111.8611072278573
2020-04-05 18:00:00,12.93512,84.53337,120.0,24.0,-136622.98961225786,594851.5390902009,0.12231083969040836,-0.06167048245079615,0.13697879365612303,False,116.75774825454721
2020-04-05 19:00:00,12.97437,84.53127,120.0,24.0,-137083.0525742108,594986.095231202,0.11291425849341682,-0.06631634445602505,0.13094841470261606,False,120.42639546742515
2020-04-05 20:00:00,13.01141,84.52909,120.0,24.0,-137522.4182911386,595134.3001092955,0.10967231149964692,-0.06708881122588503,0.12856486495686922,False,121.45498408147449
2020-04-05 21:00:00,13.04844,84.52694,120.0,24.0,-137961.17334691912,595278.9490423255,0.11042706535428853,-0.06677838500044425,0.1290483997034751,False,121.16254592393557
2020-04-05 22:00:00,13.08596,84.52478,120.0,24.0,-138405.51744189125,595423.1820641817,0.11217533032957906,-0.06786271924129972,0.13110550483245792,False,121.17268348863257
2020-04-05 23:00:00,13.12414,84.52256,120.0,24.0,-138858.4897609817,595572.0071341328,0.11471086082552864,-0.06879191081086089,0.13375690107184468,False,120.95104539427246
2020-04-06 00:00:00,13.16334,84.52034,120.0,24.0,-139322.32700862898,595718.0123871651,0.1177525835949975,-0.06817207967585476,0.13606286558289135,False,120.06841200617885
2020-04-06 01:00:00,13.20354,84.51816,120.0,24.0,-139795.80949317908,595856.8772789419,0.11787242177620685,-0.0669345075449155,0.13555123059444482,False,119.59031661008243
2020-04-06 02:00:00,13.24279,84.51602,120.0,24.0,-140258.6511462201,595993.3527685124,0.11184701004253776,-0.06600690033141186,0.12987172343053155,False,120.54712677410402
2020-04-06 03:00:00,13.2789,84.5139,120.0,24.0,-140688.5627429294,596135.0130824035,0.10063435819184631,-0.06430335250166615,0.11942443297599682,False,122.57776826255565
2020-04-06 04:00:00,13.31057,84.51187,120.0,24.0,-141070.18959272365,596277.5314949878,0.08684288101101761,-0.060739507566361525,0.10597628867675,False,124.96964892087402
2020-04-06 05:00:00,13.33737,84.50998,120.0,24.0,-141397.71941542593,596416.6342706335,0.07547812568492596,-0.05717403235309003,0.09468800046691062,False,127.14361629378146
2020-04-06 06:00:00,13.36137,84.50818,120.0,24.0,-141693.93664653195,596552.717956432,0.07106068994415676,-0.055777816367224745,0.09033707131646136,False,128.12950640706612
2020-04-06 07:00:00,13.38518,84.50638,120.0,24.0,-141988.31395114245,596689.128791971,0.07380623593828596,-0.0565510407116251,0.09298053919474662,False,127.45967959566093
2020-04-06 08:00:00,13.41101,84.50453,120.0,24.0,-142305.16411039323,596825.8068088223,0.08205691441359232,-0.05856397062242211,0.10081208190561058,False,125.5154274064277
2020-04-06 09:00:00,13.44035,84.5026,120.0,24.0,-142660.8109126554,596962.2618900057,0.09127929665549911,-0.059493931717592055,0.10895612836889955,False,123.09546561704155
2020-04-06 10:00:00,13.47236,84.50069,120.0,24.0,-143043.93974129023,597089.6740261923,0.09706927709984081,-0.057480802927357785,0.11281173370646967,False,120.63243405679572
2020-04-06 11:00:00,13.50557,84.49889,120.0,24.0,-143436.89767518872,597201.9083727158,0.0983807289975164,-0.05422837888527393,0.11233648078254717,False,118.86396530848816
2020-04-06 12:00:00,13.53844,84.49719,120.0,24.0,-143823.87771238826,597303.8955452158,0.09535799734096327,-0.05206034624310775,0.10864357922966006,False,118.63217021596552
2020-04-06 13:00:00,13.5696,84.49553,120.0,24.0,-144192.14526580277,597405.6011524348,0.08954702399694248,-0.051285925915462986,0.10319358363636448,False,119.80089698982226
2020-04-06 14:00:00,13.59855,84.49388,120.0,24.0,-144537.2566342526,597511.5739117354,0.08209357774259843,-0.052525669946213334,0.09745922998812678,False,122.61220189070627
2020-04-06 15:00:00,13.62469,84.49214,120.0,24.0,-144855.56730199172,597634.2125086073,0.07131196175786735,-0.05701954936955534,0.09130511979107575,False,128.64509811422823
2020-04-06 16:00:00,13.64639,84.4902,120.0,24.0,-145132.96153292342,597789.6140320757,0.056036676821407824,-0.06461148541888646,0.08552633043234044,False,139.06533832396462
2020-04-06 17:00:00,13.66227,84.48797,120.0,24.0,-145357.3965072513,597991.0937976833,0.0401712399803163,-0.07158241942193311,0.08208392834077635,False,150.69935496226765
2020-04-06 18:00:00,13.67332,84.48558,120.0,24.0,-145535.74563607894,598222.1079973688,0.02783163008033282,-0.07468021893427138,0.07969777119216817,False,159.5607122504057
2020-04-06 19:00:00,13.68092,84.48315,120.0,24.0,-145679.20914089234,598466.1838495552,0.0186169348511622,-0.07483468015948799,0.07711562499147163,False,166.02987942338535
2020-04-06 20:00:00,13.68579,84.48075,120.0,24.0,-145793.42087986847,598713.9276774611,0.01182915802665993,-0.0737497903655258,0.0746924397685515,False,170.88761177202298
2020-04-06 21:00:00,13.68884,84.47839,120.0,24.0,-145887.59366661558,598961.9551726426,0.010132175532160396,-0.07158036064599775,0.07229390715147171,False,171.94332617226718
2020-04-06 22:00:00,13.69257,84.47613,120.0,24.0,-145986.2641489355,599197.4031336297,0.015624128897168028,-0.06770654475479947,0.06948589501783066,False,167.005751472957
2020-04-06 23:00:00,13.69929,84.47402,120.0,24.0,-146112.2844306965,599408.9591924612,0.024513024606150915,-0.060734152980998185,0.06549447086328014,False,158.02041258903557
2020-04-07 00:00:00,13.70896,84.47221,120.0,24.0,-146261.2977583841,599580.4508156092,0.03237427037075788,-0.050198467621876804,0.059732566775784424,False,147.18099965188355
2020-04-07 01:00:00,13.72093,84.47078,120.0,24.0,-146424.39386891617,599704.8506549897,0.03796345710266032,-0.03780377533878769,0.053575642833764134,False,134.87924756791904
2020-04-07 02:00:00,13.73433,84.46977,120.0,24.0,-146591.3952123935,599780.0368602074,0.040409711534071246,-0.02571920142495256,0.04790012639027305,False,122.47515868923665
2020-04-07 03:00:00,13.74793,84.46912,120.0,24.0,-146750.9897345544,599815.6567136567,0.037166688387171846,-0.0181282011246355,0.041352078565464766,False,116.00099127149389
2020-04-07 04:00:00,13.75916,84.4686,120.0,24.0,-146882.34770664215,599843.2251176118,0.0267661884577758,-0.017198885657355556,0.03181557028267702,False,122.72318350817733
2020-04-07 05:00:00,13.76581,84.46801,120.0,24.0,-146967.62845176796,599890.0992819057,0.013938199988601678,-0.020451936376298892,0.024749850917984005,False,145.72517709939552
2020-04-07 06:00:00,13.76847,84.46728,120.0,24.0,-147014.8598447562,599962.3695287154,0.003982495967141808,-0.02478972191927853,0.02510758026898369,False,170.8733529615963
2020-04-07 07:00:00,13.76847,84.46641,120.0,24.0,-147037.95797731585,600056.6321791494,-0.0016626460282419195,-0.028817916864231127,0.028865840091862306,False,183.302012117865
2020-04-07 08:00:00,13.76736,84.46542,120.0,24.0,-147052.61495243528,600166.745514651,-0.002785971300239262,-0.03160676011789852,0.031729306976928086,False,185.03730570476893
2020-04-07 09:00:00,13.76661,84.46437,120.0,24.0,-147072.63211409326,600282.4364490728,-0.0001793962787301137,-0.031761674184372715,0.03176218081333633,False,180.3236145635871
2020-04-07 10:00:00,13.76724,84.46337,120.0,24.0,-147105.77977100605,600389.1675617743,0.00488532784656236,-0.02866287462894985,0.029076224138689235,False,170.32740102302017
2020-04-07 11:00:00,13.76987,84.46252,120.0,24.0,-147155.9081264616,600474.5094341667,0.00965161265134842,-0.025564151623495145,0.027325436410068887,False,159.31623139707506
2020-04-07 12:00:00,13.77368,84.46172,120.0,24.0,-147217.0850793311,600551.3988544483,0.011601377096327898,-0.025099424716771637,0.02765091448115394,False,155.1928245214093
2020-04-07 13:00:00,13.77761,84.4609,120.0,24.0,-147280.0621892953,600630.1411684497,0.010868243374741154,-0.02355013871611055,0.025936995731978173,False,155.22696827542086
2020-04-07 14:00:00,13.78093,84.4602,120.0,24.0,-147333.46655828116,600697.4452778657,0.008305701043964015,-0.017507700664685724,0.01937793209803208,False,154.62020951854987
2020-04-07 15:00:00,13.78315,84.45977,120.0,24.0,-147368.1694759581,600738.322712537,0.00520277588468704,-0.010845470550681998,0.012028844847781165,False,154.37209119573396
2020-04-07 16:00:00,13.7844,84.4595,120.0,24.0,-147388.45201357387,600764.3593305323,0.0025340658766000272,-0.008831292307771072,0.009187666389908004,False,163.98960804648505
2020-04-07 17:00:00,13.78484,84.4592,120.0,24.0,-147401.0396808643,600795.7294249253,-0.000510004641839628,-0.013324370966389169,0.01333412788241708,False,182.19198759214066
2020-04-07 18:00:00,13.78406,84.45864,120.0,24.0,-147407.74491217113,600858.4065659042,-0.00466461843967946,-0.024169728781833835,0.024615735913744375,False,190.9234556475601
2020-04-07 19:00:00,13.78173,84.45764,120.0,24.0,-147409.88472573354,600972.7418745056,-0.008280441242115417,-0.03640954433421836,0.03733926386244831,False,192.81256279142912
2020-04-07 20:00:00,13.77854,84.45629,120.0,24.0,-147412.29221227366,601127.2108056451,-0.009242192894210738,-0.04431125810890575,0.04526483982836861,False,191.7815243894857
2020-04-07 21:00:00,13.77557,84.45478,120.0,24.0,-147421.24174533552,601298.4507796243,-0.006077297891121624,-0.04710012901066065,0.047490585408881916,False,187.35221410457405
2020-04-07 22:00:00,13.77449,84.45325,120.0,24.0,-147450.54554365182,601466.9965061314,0.0016976118013832427,-0.045550606649977496,0.045582229563824204,False,177.8656487061246
2020-04-07 23:00:00,13.7767,84.45184,120.0,24.0,-147511.20168831767,601614.0727563921,0.011142416436709986,-0.04105724576566165,0.04254234213005916,False,164.81636340810275
2020-04-08 00:00:00,13.78191,84.4506,120.0,24.0,-147598.85959670416,601734.9995116569,0.01914938946268237,-0.03501469848972417,0.039908999324961565,False,151.32593875091385
2020-04-08 01:00:00,13.78945,84.44958,120.0,24.0,-147705.16616323977,601826.0746756336,0.025626822593339916,-0.027887667260640167,0.03787421314655525,False,137.41915550235478
2020-04-08 02:00:00,13.79897,84.4488,120.0,24.0,-147825.91423080585,601886.0239907522,0.030948414966912113,-0.019986050464140946,0.03684082792391314,False,122.85380468845841
2020-04-08 03:00:00,13.81005,84.44829,120.0,24.0,-147955.88594702055,601912.672908149,0.034467207009831656,-0.013324076422683774,0.036952934546204935,False,111.13513400524278
2020-04-08 04:00:00,13.82191,84.44794,120.0,24.0,-148089.80395986178,601919.9464777084,0.035626693294336424,-0.010380569016358306,0.03710818626923302,False,106.2445670799741
2020-04-08 05:00:00,13.83376,84.44762,120.0,24.0,-148222.82608165653,601923.966760831,0.03499798500999567,-0.01146522585759151,0.036828119130977444,False,108.13862726048757
2020-04-08 06:00:00,13.8452,84.4472,120.0,24.0,-148354.21833080647,601939.850483191,0.033648278401283205,-0.01564845369122657,0.03710903855257805,False,114.9412336351827
2020-04-08 07:00:00,13.85615,84.44661,120.0,24.0,-148485.01639850676,601975.3876070962,0.03318602381984198,-0.020915999900527824,0.03922742954630088,False,122.22180886017844
2020-04-08 08:00:00,13.86728,84.44585,120.0,24.0,-148622.26987845727,602028.8409607912,0.03505456687987628,-0.025408797017920877,0.0432946835654636,False,125.93593617585987
2020-04-08 09:00:00,13.87947,84.44497,120.0,24.0,-148773.89961215682,602092.5068652605,0.039630682660190576,-0.028662032003620504,0.04890913091324866,False,125.87551927439961
2020-04-08 10:00:00,13.89364,84.444,120.0,24.0,-148948.7828206858,602160.7345640146,0.046705069865753485,-0.031140531839383395,0.0561346263406515,False,123.69331051170445
2020-04-08 11:00:00,13.91053,84.44296,120.0,24.0,-149154.17553031197,602229.4121498057,0.05488068576344405,-0.03423899602044907,0.064685381025037,False,121.95923973395986
2020-04-08 12:00:00,13.93013,84.44179,120.0,24.0,-149391.60037033036,602305.0310259195,0.06227837951360778,-0.03873214690953245,0.07334013743553093,False,121.87829183639673
2020-04-08 13:00:00,13.95193,84.44046,120.0,24.0,-149656.5273902067,602392.1338269422,0.06617424800391801,-0.042606431770175694,0.07870412395212009,False,122.77554696660707
2020-04-08 14:00:00,13.97411,84.43904,120.0,24.0,-149927.96249575823,602487.8703290079,0.06468474777947743,-0.04353700290459357,0.07797170779974746,False,123.94309439813571
2020-04-08 15:00:00,13.99491,84.43765,120.0,24.0,-150184.17120881059,602583.8570702624,0.06004946285987603,-0.043537092128857584,0.07417153349362722,False,125.94288209254199
2020-04-08 16:00:00,14.014,84.43623,120.0,24.0,-150423.2926193498,602687.4736702705,0.054704473400602895,-0.04555117937960791,0.07118630031762072,False,129.78338470321438
2020-04-08 17:00:00,14.03124,84.43471,120.0,24.0,-150645.740949339,602806.684408539,0.047896206270959,-0.049734572013934435,0.06904762290303326,False,136.07873924680632
2020-04-08 18:00:00,14.0458,84.43302,120.0,24.0,-150844.6751503532,602951.2686864738,0.038704661502022085,-0.055622016667849314,0.06776326113894326,False,145.16781697241584
2020-04-08 19:00:00,14.05693,84.43112,120.0,24.0,-151013.27784870035,603127.5560763562,0.02880057652915613,-0.06228370449838418,0.06862020879051463,False,155.1837304629579
2020-04-08 20:00:00,14.06491,84.429,120.0,24.0,-151154.750146793,603335.9168609473,0.020202420027407002,-0.06925526496709383,0.07214173203234138,False,163.73753255545097
2020-04-08 21:00:00,14.07033,84.42665,120.0,24.0,-151275.5540832221,603575.8961282338,0.013785489313606899,-0.0748325083414811,0.07609168167607684,False,169.56211471960478
2020-04-08 22:00:00,14.07405,84.42417,120.0,24.0,-151382.0155104781,603834.4157601247,0.010049657411282619,-0.07715627106507537,0.07780800587826124,False,172.5789636510508
2020-04-08 23:00:00,14.07699,84.42167,120.0,24.0,-151480.82983470146,604097.1500707848,0.009073327202758042,-0.0752969231090521,0.07584162377097957,False,173.12895106570795
2020-04-09 00:00:00,14.08006,84.41931,120.0,24.0,-151577.24339702653,604344.3836597162,0.010436746174482866,-0.06940937504145162,0.07018965033646676,False,171.44877827704994
2020-04-09 01:00:00,14.0839,84.41719,120.0,24.0,-151675.29412342043,604563.6025455743,0.01217807125060993,-0.06336700161152775,0.06452660158895936,False,169.12135325658096
2020-04-09 02:00:00,14.08812,84.41522,120.0,24.0,-151773.3129790096,604765.5748397132,0.012348412882153615,-0.06073317633512643,0.061975817932978496,False,168.5071491158219
2020-04-09 03:00:00,14.09207,84.41327,120.0,24.0,-151867.96830786212,604966.087579791,0.010658977047275793,-0.05964865278156052,0.06059352746250642,False,169.8684103458994
2020-04-09 04:00:00,14.09517,84.41137,120.0,24.0,-151952.3158008466,605163.434698635,0.0070776697022065915,-0.05794437219527378,0.058375026145758166,False,173.03604972310808
2020-04-09 05:00:00,14.09675,84.40953,120.0,24.0,-152018.9952231675,605358.3159814855,0.0006340653319893402,-0.058409035731755626,0.05841247721128369,False,179.37804416661356
2020-04-09 06:00:00,14.09559,84.4076,120.0,24.0,-152059.17154486847,605570.2034743004,-0.009189347689706114,-0.06398617947184337,0.0646426737872534,False,188.17262730215765
2020-04-09 07:00:00,14.09068,84.4054,120.0,24.0,-152067.02321053567,605821.2585682633,-0.019943504073765415,-0.07297181696145442,0.07564806293221464,False,195.28588124728236
2020-04-09 08:00:00,14.08242,84.40289,120.0,24.0,-152047.8105277028,606114.7510265872,-0.028919983584774017,-0.08273229440356786,0.08764130297880232,False,199.2676352837957
2020-04-09 09:00:00,14.07159,84.40006,120.0,24.0,-152009.994637841,606449.69367039,-0.03514731750902965,-0.08985916745225474,0.09648836149138869,False,201.36234667573757
2020-04-09 10:00:00,14.05923,84.39709,120.0,24.0,-151959.64785411523,606803.850399198,-0.03809095002965851,-0.09094389613668755,0.09859874602997015,False,202.72588990709386
2020-04-09 11:00:00,14.04647,84.39419,120.0,24.0,-151903.0212802762,607151.4986918225,-0.037229380954694025,-0.08753576760805643,0.0951238004760186,False,203.0402816874037
2020-04-09 12:00:00,14.03469,84.39144,120.0,24.0,-151852.5803026363,607480.3211813591,-0.03245014366730275,-0.08164862492245285,0.087860740810421,False,201.67467890264408
2020-04-09 13:00:00,14.02509,84.38892,120.0,24.0,-151818.91862556164,607778.4804541132,-0.025357572485481615,-0.07188790269472517,0.07622910885090241,False,199.42966652213818
2020-04-09 14:00:00,14.01799,84.3868,120.0,24.0,-151800.88534920377,608026.7308237945,-0.01803022233822445,-0.05825385275163094,0.06098032697497208,False,197.19788412577188
2020-04-09 15:00:00,14.01322,84.38516,120.0,24.0,-151794.56356031465,608216.8627863382,-0.012839668018814698,-0.045859213180975446,0.04762273100538781,False,195.64119023098738
2020-04-09 16:00:00,14.00954,84.38384,120.0,24.0,-151791.14415542613,608369.4760873064,-0.011764376895303871,-0.0396618511757561,0.041369832032806045,False,196.52124869452354
2020-04-09 17:00:00,14.00548,84.3826,120.0,24.0,-151781.5101562433,608514.4394162804,-0.014853974366799898,-0.04183065899060697,0.04438969008765432,False,199.54983780625167
2020-04-09 18:00:00,13.99977,84.38114,120.0,24.0,-151760.26501285483,608687.5866433971,-0.021489196351740333,-0.05252043792387775,0.05674664712174232,False,202.25235297097197
2020-04-09 19:00:00,13.99135,84.37921,120.0,24.0,-151722.8643064352,608918.7844386114,-0.030320414290644936,-0.06708339830331286,0.0736173203171459,False,204.3220593732018
2020-04-09 20:00:00,13.97984,84.37681,120.0,24.0,-151665.21234384927,609209.0388279491,-0.03955607792954113,-0.08040698782761121,0.08961008309714677,False,206.19479937063474
2020-04-09 21:00:00,13.96536,84.37402,120.0,24.0,-151586.35446743527,609549.3703191674,-0.04653282512904938,-0.09047761595830564,0.10174233535745743,False,207.21685262886342
2020-04-09 22:00:00,13.94928,84.37097,120.0,24.0,-151497.2942103249,609922.0783821061,-0.04873438449682442,-0.09574577659355864,0.10743506861257157,False,206.97599139793357
2020-04-09 23:00:00,13.93337,84.36784,120.0,24.0,-151411.99615671294,610302.9960212053,-0.04537486387530705,-0.09373231863074127,0.10413753323176736,False,205.83115283681073
2020-04-10 00:00:00,13.91951,84.36492,120.0,24.0,-151342.71271586447,610655.7608505304,-0.03667330074943607,-0.08273268008954439,0.09049655983879985,False,203.90649649413103
2020-04-10 01:00:00,13.90932,84.3625,120.0,24.0,-151298.99705118212,610944.6980420784,-0.0251704566433718,-0.06398601234768246,0.06875872063813893,False,201.4734039936746
2020-04-10 02:00:00,13.90301,84.36079,120.0,24.0,-151277.54511662337,611146.5157268792,-0.013748570182564191,-0.04090132719780114,0.04315022304237233,False,198.5795534516481
2020-04-10 03:00:00,13.90031,84.35986,120.0,24.0,-151273.66702935583,611254.3453418277,-0.004166461469162207,-0.023239229205864263,0.023609768640473965,False,190.16432679971018
2020-04-10 04:00:00,13.90028,84.35929,120.0,24.0,-151288.62151880958,611316.1448135357,0.0021527475747148877,-0.019520836029892234,0.01963917924523272,False,173.70688061636093
2020-04-10 05:00:00,13.90172,84.3586,120.0,24.0,-151322.47762830698,611387.0558412103,0.004152896508158128,-0.027112306141165565,0.027428519713972095,False,171.29147066673886
2020-04-10 06:00:00,13.903,84.35754,120.0,24.0,-151364.546825126,611498.4517199934,0.0013585437377291575,-0.04059098539620489,0.04061371365096083,False,178.0830773951081
2020-04-10 07:00:00,13.90261,84.35598,120.0,24.0,-151402.19530657446,611668.3987108071,-0.004614324377762841,-0.05732298653065916,0.05750840611821326,False,184.60221101387538
2020-04-10 08:00:00,13.89998,84.35384,120.0,24.0,-151431.46343344016,611907.0692491196,-0.01167646037744314,-0.07513939146338817,0.07604122484833008,False,188.8329625518062
2020-04-10 09:00:00,13.89497,84.35113,120.0,24.0,-151450.55072221186,612213.7559519737,-0.017934506679887188,-0.08923762269998448,0.09102197446219074,False,191.36362203614607
2020-04-10 10:00:00,13.88825,84.34808,120.0,24.0,-151460.40797474748,612561.7879711482,-0.021522292439172353,-0.09589949767435858,0.09828490589114669,False,192.6490491552031
2020-04-10 11:00:00,13.8809,84.34494,120.0,24.0,-151465.85470722424,612921.2417696127,-0.02072127873898252,-0.09605461590987165,0.09826423881642588,False,192.173519501886
2020-04-10 12:00:00,13.87471,84.34188,120.0,24.0,-151481.48801311833,613268.9763810153,-0.014544628953526373,-0.0914068509253304,0.09255678596127531,False,189.04109060722965
2020-04-10 13:00:00,13.8714,84.33904,120.0,24.0,-151522.00801042758,613585.2806041607,-0.00445545678203625,-0.08350528219811659,0.08362405903879386,False,183.05414260289479
2020-04-10 14:00:00,13.8718,84.33649,120.0,24.0,-151594.487165334,613860.3708714233,0.0072675527079661024,-0.07420923749763937,0.07456425586260558,False,174.4066736231017
2020-04-10 15:00:00,13.87614,84.33425,120.0,24.0,-151700.90838595922,614091.4585889014,0.017557919415371576,-0.06460359180102174,0.06694702837161426,False,164.7954476521989
2020-04-10 16:00:00,13.88325,84.33232,120.0,24.0,-151828.7679250509,614281.6243111651,0.023989985495719967,-0.05654753014005127,0.06142591121851479,False,157.01117652859358
2020-04-10 17:00:00,13.89178,84.3306,120.0,24.0,-151966.2817584032,614445.2617601365,0.027204348487423813,-0.05499836441842424,0.061358753779122595,False,153.6811950512543
2020-04-10 18:00:00,13.90098,84.32877,120.0,24.0,-152113.9825093577,614619.0037474519,0.028119082324714963,-0.06320953163803382,0.0691818450222578,False,156.0178663803037
2020-04-10 19:00:00,13.9101,84.32652,120.0,24.0,-152272.14706552576,614838.4020313699,0.025841383876914373,-0.07575869828018664,0.08004472178590169,False,161.16542889036413
2020-04-10 20:00:00,13.91781,84.32388,120.0,24.0,-152425.71291439523,615103.7420259467,0.019753424936493486,-0.08551900164777337,0.08777070946251686,False,166.99376171831813
2020-04-10 21:00:00,13.92296,84.321,120.0,24.0,-152558.29929420096,615401.8526301722,0.012232072592102738,-0.08768764838646433,0.08853670018385974,False,172.0587158378932
2020-04-10 22:00:00,13.92577,84.31822,120.0,24.0,-152663.11013563324,615695.352724223,0.006441673813434669,-0.08025099288125649,0.08050911140949309,False,175.41075964582973
2020-04-10 23:00:00,13.92715,84.31582,120.0,24.0,-152742.37389584677,615951.515027779,0.005276829211182121,-0.07203979619394679,0.07223279838265562,False,175.81063427216026
2020-04-11 00:00:00,13.9292,84.31357,120.0,24.0,-152824.82802538518,616189.6466896142,0.010512802289138992,-0.07188457155978513,0.07264923014254449,False,171.67972715818013
2020-04-11 01:00:00,13.93398,84.31118,120.0,24.0,-152940.43086148638,616435.6434466464,0.01972441758270606,-0.07560235880937932,0.07813302314974828,False,165.37766210214767
2020-04-11 02:00:00,13.94201,84.30869,120.0,24.0,-153093.74320974792,616683.7679950333,0.02955971829777494,-0.07730618581523171,0.08276486761387916,False,159.07454722258376
2020-04-11 03:00:00,13.95317,84.30619,120.0,24.0,-153281.09902108344,616924.57126697,0.03735325678171679,-0.07606688868740163,0.08474336166793492,False,153.84628258213996
2020-04-11 04:00:00,13.96625,84.30378,120.0,24.0,-153486.81276261178,617150.4392269178,0.04088269031515006,-0.07281390725554475,0.08350604443525951,False,150.68717659287586
2020-04-11 05:00:00,13.97969,84.30149,120.0,24.0,-153693.2830174562,617362.2904959247,0.03884684612727593,-0.0695611405057456,0.07967326855662654,False,150.81855703032204
2020-04-11 06:00:00,13.99144,84.29929,120.0,24.0,-153879.21776170208,617568.8765693039,0.031008259786120068,-0.06801218362648508,0.07474736983069194,False,155.49070778116152
2020-04-11 07:00:00,13.99979,84.2971,120.0,24.0,-154028.31398875808,617783.4711039832,0.02071038345523571,-0.06770194105998698,0.07079881924264593,False,162.99085010361534
2020-04-11 08:00:00,14.00486,84.29492,120.0,24.0,-154141.82736538353,618005.7779155198,0.011315762422465217,-0.06816632446148342,0.06909916258385415,False,170.57472184115113
2020-04-11 09:00:00,14.00712,84.2927,120.0,24.0,-154226.14075937492,618239.9628561247,0.002809513427992485,-0.06971526861226085,0.0697718571014256,False,177.69223864947725
2020-04-11 10:00:00,14.00668,84.29042,120.0,24.0,-154282.947582775,618487.9065421043,-0.005208952843877086,-0.07250361857777808,0.07269049385305937,False,184.10929981642965
2020-04-11 11:00:00,14.00375,84.28802,120.0,24.0,-154316.09998545595,618755.545170603,-0.011100141152935106,-0.07560196924395421,0.0764125047827833,False,188.352684651461
2020-04-11 12:00:00,13.9995,84.28554,120.0,24.0,-154337.12275219467,619035.4027684015,-0.013052637806205119,-0.07761600417727298,0.07870587943823786,False,189.5460756665176
2020-04-11 13:00:00,13.99531,84.28301,120.0,24.0,-154360.10211884414,619320.5165659918,-0.010953332853622986,-0.07885540535957211,0.07961250187643075,False,187.90801327891734
2020-04-11 14:00:00,13.99242,84.28045,120.0,24.0,-154397.90801133873,619605.3807257466,-0.005756747234349307,-0.07947497715996382,0.07968319856341712,False,184.14296775039452
2020-04-11 15:00:00,13.99159,84.27788,120.0,24.0,-154458.24246492158,619885.7793345003,-0.0008664505629228623,-0.07870017915878884,0.07870494861318093,False,180.6307730848634
2020-04-11 16:00:00,13.99186,84.27537,120.0,24.0,-154528.85688552583,620156.7187908228,0.0005576110227425816,-0.07544673055694898,0.07544879112209514,False,179.57654657431056
2020-04-11 17:00:00,13.99195,84.27301,120.0,24.0,-154593.4792176978,620411.9078945864,-0.0007908523648524173,-0.06924979285447246,0.06925430858690552,False,180.65430568209626
2020-04-11 18:00:00,13.99135,84.2709,120.0,24.0,-154643.8856186248,620641.9004954331,-0.0033804721613380825,-0.06072904038053759,0.06082305432625484,False,183.18607220762578
2020-04-11 19:00:00,13.98977,84.26909,120.0,24.0,-154675.57799022793,620842.0694517634,-0.006545513951508108,-0.05422227412097972,0.05461592042381099,False,186.88323005450803
2020-04-11 20:00:00,13.98713,84.2674,120.0,24.0,-154692.53453994336,621032.1142245186,-0.009821083391416066,-0.053757436226852535,0.05464719232188664,False,190.3533337733695
2020-04-11 21:00:00,13.98344,84.26562,120.0,24.0,-154700.51515663767,621234.7381924615,-0.013145304407403306,-0.05685576956237497,0.05835561293049008,False,193.0182875238081
2020-04-11 22:00:00,13.97866,84.26373,120.0,24.0,-154699.61184456653,621452.2150272973,-0.01592829714414736,-0.06010907828389374,0.0621836951463285,False,194.84168500549708
2020-04-11 23:00:00,13.97318,84.26174,120.0,24.0,-154693.7715326562,621682.4100082056,-0.014923042282256962,-0.05995437749301997,0.06178369179268562,False,193.97726806267156
2020-04-12 00:00:00,13.96905,84.25986,120.0,24.0,-154699.58010498006,621897.0576070723,-0.0078743580774125,-0.05360263870914417,0.05417793270063331,False,188.3571151275586
2020-04-12 01:00:00,13.96811,84.25828,120.0,24.0,-154731.91764541488,622070.6214849909,0.0009642815256364363,-0.04167350690545308,0.041684661647415695,False,178.67447189860843
2020-04-12 02:00:00,13.96967,84.25717,120.0,24.0,-154778.74406381478,622186.5585962334,0.007071541137604986,-0.0257166483637094,0.026671196019742292,False,164.62486139282913
2020-04-12 03:00:00,13.97266,84.25662,120.0,24.0,-154826.02597469286,622238.0136776983,0.01120650891609681,-0.010844283469598984,0.015594368408357392,False,134.05889446102788
2020-04-12 04:00:00,13.97688,84.25647,120.0,24.0,-154875.89631742265,622242.8446076539,0.014735287821120015,-0.0017039866522127114,0.01483348501472823,False,96.59637664964623
2020-04-12 05:00:00,13.98214,84.25651,120.0,24.0,-154931.94221244866,622224.294207785,0.016149792972306936,0.00232378217462548,0.016316120146759205,False,81.81195135992692
2020-04-12 06:00:00,13.98727,84.25662,120.0,24.0,-154984.6870307231,622198.5139573002,0.01405131147196689,0.002633491037590843,0.014295965484265118,False,79.38479546286743
2020-04-12 07:00:00,13.99118,84.25668,120.0,24.0,-155025.5288996294,622181.4419878135,0.010476250850960715,-0.00015501877904125667,0.010477397707165197,False,90.84775305076386
2020-04-12 08:00:00,13.99401,84.25661,120.0,24.0,-155058.14813201872,622181.3603186328,0.008067144511776621,-0.005112394132344549,0.00955067507238722,False,122.36367490366933
2020-04-12 09:00:00,13.99637,84.25635,120.0,24.0,-155090.78970902774,622203.1130006918,0.008223076330691255,-0.011928799884283331,0.014488452333484511,False,145.41969861105622
2020-04-12 10:00:00,13.9993,84.25584,120.0,24.0,-155136.3692661653,622250.3781481095,0.011379813421327871,-0.019829611484275596,0.02286293168256312,False,150.1493566485471
2020-04-12 11:00:00,14.00369,84.25507,120.0,24.0,-155204.82906969785,622321.8248348999,0.015532419128209627,-0.025251783274158408,0.02964639274008625,False,148.404249510902
2020-04-12 12:00:00,14.00929,84.25421,120.0,24.0,-155288.87487891852,622399.7255954675,0.018659880265527007,-0.024941968149301635,0.031149524983289576,False,143.1986683045654
2020-04-12 13:00:00,14.01569,84.25346,120.0,24.0,-155378.6572442369,622463.5419828353,0.021461688476416583,-0.021843505920019747,0.03062258681327706,False,135.50515790351392
2020-04-12 14:00:00,14.02309,84.2528,120.0,24.0,-155476.88839378438,622514.8928919504,0.024590400974047653,-0.019054913903245527,0.031109123483707212,False,127.77183112274304
2020-04-12 15:00:00,14.0315,84.25223,120.0,24.0,-155583.675898606,622553.7469731326,0.025930077362421682,-0.014097728867849463,0.029514655194539705,False,118.53215087276351
2020-04-12 16:00:00,14.03976,84.25189,120.0,24.0,-155682.62450458365,622568.1023613983,0.02378461591267158,-0.005112605539631994,0.024327899406179437,False,102.13137759214015
2020-04-12 17:00:00,14.04679,84.2519,120.0,24.0,-155758.73962216047,622547.9138710583,0.020424963224148628,0.0027883888049886505,0.020614418129930562,False,82.2261135750012
2020-04-12 18:00:00,14.05289,84.25207,120.0,24.0,-155820.41400887846,622512.9328042126,0.018278063477099864,0.004182760195141227,0.018750548987241676,False,77.11035103940839
2020-04-12 19:00:00,14.05854,84.25217,120.0,24.0,-155879.09043160616,622486.7440262605,0.016131071957500902,0.0021687450239020003,0.016276207711772777,False,82.34277385935508
2020-04-12 20:00:00,14.06326,84.25221,120.0,24.0,-155929.28591558317,622469.5727040134,0.0126464824684548,0.0012392131502468175,0.012707051902651506,False,84.40352398708603
2020-04-12 21:00:00,14.06667,84.25225,120.0,24.0,-155965.24795214782,622455.963458914,0.010235317870537221,0.0013942560412691465,0.010329844230168918,False,82.24290793443282
2020-04-12 22:00:00,14.06984,84.2523,120.0,24.0,-155998.33047524688,622441.923629411,0.011339598467950046,0.002014050417454913,0.011517069614202449,False,79.92860154070411
2020-04-12 23:00:00,14.07396,84.25238,120.0,24.0,-156040.91842026336,622422.0490401177,0.014948153354230546,0.002788733833118097,0.015206062116589274,False,79.43235896561993
2020-04-13 00:00:00,14.07945,84.25248,120.0,24.0,-156097.84384287914,622396.2754238019,0.019536473412706753,0.003408503555601022,0.01983158314139198,False,80.10329259933417
2020-04-13 01:00:00,14.08652,84.2526,120.0,24.0,-156171.38535601945,622364.0264593536,0.024871172828909185,0.003873395118045426,0.025170983843027843,False,81.14796049211537
2020-04-13 02:00:00,14.09544,84.25273,120.0,24.0,-156264.74377419468,622325.6417306024,0.030749944640448102,0.0043382709833738355,0.031054463294602378,False,81.96958302741564
2020-04-13 03:00:00,14.10629,84.25288,120.0,24.0,-156378.511887497,622279.812190287,0.03589722335367001,0.005577543821301574,0.03632794571100616,False,81.16826651765308
2020-04-13 04:00:00,14.11852,84.25309,120.0,24.0,-156505.622545057,622223.702121697,0.03922410025508699,0.008056088741386315,0.04004285962103864,False,78.39364039152338
2020-04-13 05:00:00,14.13151,84.2534,120.0,24.0,-156638.2458169614,622154.6717550445,0.04153917339688319,0.011309410265478272,0.04305119843917511,False,74.76986140151433
2020-04-13 06:00:00,14.14523,84.25382,120.0,24.0,-156775.77328768102,622071.7181518965,0.04365104133474794,0.014717624173891004,0.046065408615703976,False,71.36766978338733
2020-04-13 07:00:00,14.15958,84.25435,120.0,24.0,-156917.10767977402,621975.1120845787,0.04430039786373234,0.01735094430873825,0.047577100786932336,False,68.61142746902493
2020-04-13 08:00:00,14.17372,84.25494,120.0,24.0,-157054.48545419148,621872.5610722859,0.04236823781327511,0.01843508873833355,0.04620519529438726,False,66.48538195630397
2020-04-13 09:00:00,14.18683,84.25554,120.0,24.0,-157180.3712752629,621771.7244354141,0.03919253616114595,0.017970369343747974,0.04311599546680385,False,65.36782966069484
2020-04-13 10:00:00,14.19893,84.2561,120.0,24.0,-157296.35484608414,621677.9609941771,0.036017651900461335,0.016266275794216013,0.03952041215165024,False,65.69513434986737
2020-04-13 11:00:00,14.21,84.25659,120.0,24.0,-157403.048317974,621594.5750313556,0.03138259539182022,0.014716869166234459,0.034661989723366406,False,64.87576939732475
2020-04-13 12:00:00,14.21912,84.25705,120.0,24.0,-157489.384832539,621519.7751054055,0.02435493282989444,0.014716860486229756,0.028456084335688574,False,58.85685373180826
2020-04-13 13:00:00,14.22567,84.25754,120.0,24.0,-157547.00415257103,621448.7871987179,0.018509224587732055,0.016731179625515697,0.024950426178732426,False,47.888393581411776
2020-04-13 14:00:00,14.23103,84.25813,120.0,24.0,-157588.96153220575,621370.2554982001,0.017077424433421442,0.020604420821744053,0.026761550453565645,False,39.65273123360055
2020-04-13 15:00:00,14.23666,84.25887,120.0,24.0,-157629.7186506485,621274.7610132921,0.01702867119424051,0.02587163056300037,0.030972841500739506,False,33.35285679641032
2020-04-13 16:00:00,14.24199,84.2598,120.0,24.0,-157661.99214986773,621159.5483138637,0.014711531951329907,0.03175850435888622,0.03500045387517704,False,24.855046773715003
2020-04-13 17:00:00,14.24613,84.26092,120.0,24.0,-157676.1314383893,621027.0686634566,0.01045315539837998,0.038884869947844,0.04026538921509914,False,15.046712521169525
2020-04-13 18:00:00,14.24872,84.26231,120.0,24.0,-157666.0428839826,620869.6658120261,0.005419827744067139,0.048180185635549176,0.048484067699104405,False,6.4182663348416895
2020-04-13 19:00:00,14.24962,84.26403,120.0,24.0,-157628.57130749736,620681.2383989451,0.00014055799366388504,0.057010775268131364,0.05701094853817959,False,0.141260375050706
2020-04-13 20:00:00,14.24881,84.26599,120.0,24.0,-157565.98599445,620471.5684768126,-0.005119972659346335,0.0628978915642145,0.06310593381969828,False,355.34630740123475
2020-04-13 21:00:00,14.24632,84.26809,120.0,24.0,-157481.376531379,620251.378907493,-0.010299273842813251,0.06506691819073734,0.0658769981444917,False,351.00542355865616
2020-04-13 22:00:00,14.24217,84.27019,120.0,24.0,-157378.82254902503,620035.7428441673,-0.015614301824887473,0.06444738976831807,0.06631193308468841,False,346.3808210225248
2020-04-13 23:00:00,14.23625,84.27225,120.0,24.0,-157258.25004480002,619829.2780003605,-0.02207217654830581,0.0644476744615053,0.06812256396434109,False,341.0945845672427
2020-04-14 00:00:00,14.22793,84.27435,120.0,24.0,-157110.67039020057,619625.0513981663,-0.030260453165668028,0.0677013888466644,0.07415640955142612,False,335.9168151539931
2020-04-14 01:00:00,14.21672,84.27662,120.0,24.0,-156927.25253495702,619410.3295777374,-0.03842699601690801,0.07250406508411862,0.08205774476919027,False,332.07650805664423
2020-04-14 02:00:00,14.20312,84.27903,120.0,24.0,-156714.2642115167,619186.9584781956,-0.04503787946293422,0.07591236397573213,0.0882671943074086,False,329.31986094799726
2020-04-14 03:00:00,14.18763,84.28152,120.0,24.0,-156478.78590373247,618960.0316987834,-0.05190473994908784,0.0779268525001122,0.09363063798648752,False,326.3336058921584
2020-04-14 04:00:00,14.16958,84.28406,120.0,24.0,-156214.43100673487,618734.5954522908,-0.06086898361695279,0.07885704267975013,0.09961659674349853,False,322.3357990912879
2020-04-14 05:00:00,14.14828,84.28661,120.0,24.0,-155914.8768893084,618516.8171696137,-0.07010423335281916,0.0788570853111258,0.10551323821091216,False,318.36278910506155
2020-04-14 06:00:00,14.12424,84.28915,120.0,24.0,-155586.20992236093,618307.424244271,-0.07767749219818217,0.07870205735214908,0.1105794132090581,False,315.3753842454836
2020-04-14 07:00:00,14.09802,84.29169,120.0,24.0,-155234.228436425,618103.7709505756,-0.08530457748270681,0.07963227812215735,0.11669691794742375,False,313.0303324242167
2020-04-14 08:00:00,14.06902,84.29429,120.0,24.0,-154850.85815465078,617900.947006706,-0.09544045055488613,0.08226716489785217,0.12600303973496063,False,310.7604760587118
2020-04-14 09:00:00,14.03621,84.297,120.0,24.0,-154423.68158348722,617696.2597853341,-0.11005911313889166,0.08103016799478553,0.1366707595288126,False,306.3620698897888
2020-04-14 10:00:00,13.99771,84.29952,120.0,24.0,-153940.59314849533,617527.140086416,-0.12889685501276182,0.0711170765889613,0.14721425819105,False,298.8871169111084
2020-04-14 11:00:00,13.95266,84.30159,120.0,24.0,-153399.32798043397,617423.9031510694,-0.14284139894860778,0.05670505178116382,0.15368515917647937,False,291.6520437971251
2020-04-14 12:00:00,13.90509,84.30318,120.0,24.0,-152844.0357963714,617378.8917243476,-0.1437284920899631,0.041981824557127345,0.14973427473895215,False,286.2826179535667
2020-04-14 13:00:00,13.85944,84.3043,120.0,24.0,-152322.16924382918,617379.1800327287,-0.1359482340076573,0.02509390919103926,0.13824480680404913,False,280.4581865965439
2020-04-14 14:00:00,13.8169,84.3048,120.0,24.0,-151850.42648846083,617437.9448073083,-0.12624180363920412,0.003869583882621472,0.1263010952664466,False,271.755689646209
2020-04-14 15:00:00,13.77754,84.30455,120.0,24.0,-151432.87572136463,617569.198407741,-0.11807411000413648,-0.014874838954074689,0.11900737912910518,False,262.8197699595952
2020-04-14 16:00:00,13.7403,84.30384,120.0,24.0,-151050.25906991606,617744.4238249045,-0.11313694668183423,-0.024014210584040237,0.11565747279991394,False,258.01637340338436
2020-04-14 17:00:00,13.70415,84.303,120.0,24.0,-150682.66929500777,617930.6343030843,-0.10946830460907928,-0.027577605290368217,0.11288859121956263,False,255.86009429923558
2020-04-14 18:00:00,13.6693,84.30206,120.0,24.0,-150331.56524120586,618124.0546147008,-0.10469062322714405,-0.031141241563258214,0.10922409769729863,False,253.43437956113598
2020-04-14 19:00:00,13.63626,84.30099,120.0,24.0,-150003.23314409747,618326.6301555858,-0.09869449743269841,-0.03439476160680392,0.10451604398120791,False,250.78669423483797
2020-04-14 20:00:00,13.60531,84.29984,120.0,24.0,-149699.3787128204,618532.2454967023,-0.092111253036801,-0.035943936254132045,0.09887592977793275,False,248.68312342259475
2020-04-14 21:00:00,13.57655,84.29867,120.0,24.0,-149419.51930091472,618734.1706944405,-0.0863752022484807,-0.036872855892756635,0.09391636207367673,False,246.8827668447075
2020-04-14 22:00:00,13.54933,84.29746,120.0,24.0,-149157.17593570196,618936.2994814402,-0.08315296609738095,-0.03826638776206203,0.09153541502144771,False,245.28845790541678
2020-04-14 23:00:00,13.52267,84.2962,120.0,24.0,-148902.02969244003,619142.2858528602,-0.08378944991558089,-0.040124331474156796,0.09290120501588582,False,244.41159468052697
2020-04-15 00:00:00,13.49505,84.29487,120.0,24.0,-148638.1688358802,619358.2517196955,-0.08873435079350733,-0.04136266407868165,0.0979012512199465,False,245.00787297271842
2020-04-15 01:00:00,13.4652,84.29353,120.0,24.0,-148350.27961267543,619580.9661056454,-0.09486989425458009,-0.04027847370929456,0.10306625189762914,False,246.99560290332377
2020-04-15 02:00:00,13.43362,84.29227,120.0,24.0,-148041.4109986226,619799.339440992,-0.09831837068813637,-0.035631783794416144,0.10457593428290186,False,250.07886227622672
2020-04-15 03:00:00,13.40155,84.29123,120.0,24.0,-147721.35655605022,619994.9522917671,-0.0957406203067133,-0.02990186517681081,0.10030148512243682,False,252.65528721683802
2020-04-15 04:00:00,13.37165,84.29034,120.0,24.0,-147420.7487919035,620168.5398402436,-0.08612881356397946,-0.02572018465015632,0.08988715383399827,False,253.37307960453742
2020-04-15 05:00:00,13.34581,84.28957,120.0,24.0,-147160.86765954018,620318.5320607402,-0.07787292321955544,-0.021535095357632136,0.08079574557376822,False,254.54166916514254
2020-04-15 06:00:00,13.32126,84.28895,120.0,24.0,-146910.99571598697,620448.8269418732,-0.07859233848593426,-0.01580088394412669,0.0801649774034985,False,258.6323065935193
2020-04-15 07:00:00,13.29496,84.28855,120.0,24.0,-146636.4412982573,620559.6187487274,-0.08323479545556682,-0.00913951143663147,0.0837350693785487,False,263.73379885123086
2020-04-15 08:00:00,13.26741,84.28836,120.0,24.0,-146342.8993816559,620650.6831305417,-0.08532457124584707,-0.0034082171552157273,0.08539261327810936,False,267.7125850347361
2020-04-15 09:00:00,13.23976,84.28833,120.0,24.0,-146044.13294634677,620724.4909096303,-0.08565067141084326,-0.0006196071379962545,0.08565291253736616,False,269.5855227505497
2020-04-15 10:00:00,13.212,84.28832,120.0,24.0,-145743.62762947942,620796.2628467596,-0.08681144949741008,-0.002633194777382542,0.08685137580129065,False,268.2626173837942
2020-04-15 11:00:00,13.1836,84.28816,120.0,24.0,-145439.96789377136,620885.8045181573,-0.09125178275441527,-0.009603407555335002,0.09175572621113554,False,263.99226292221533
2020-04-15 12:00:00,13.15297,84.2877,120.0,24.0,-145119.70082161456,621013.4313792695,-0.10001036918027323,-0.019981979536019524,0.10198702588933775,False,258.70113717677594
2020-04-15 13:00:00,13.11891,84.28687,120.0,24.0,-144771.52157948224,621189.7546583916,-0.10831152717732644,-0.029898162454813332,0.11236230256477985,False,254.56843983845448
2020-04-15 14:00:00,13.08292,84.28577,120.0,24.0,-144409.07055285588,621400.083032772,-0.11150064732339342,-0.0357868963610766,0.11710293038474398,False,252.205611267667
2020-04-15 15:00:00,13.04681,84.28456,120.0,24.0,-144047.88036948763,621622.4558389225,-0.11143200951746936,-0.04027990647820402,0.11848866448312363,False,250.12633414222304
2020-04-15 16:00:00,13.01088,84.28317,120.0,24.0,-143692.9410593173,621863.7310955072,-0.11074762094488229,-0.04632193125491648,0.12004481188346516,False,247.30211444445058
2020-04-15 17:00:00,12.97523,84.28157,120.0,24.0,-143346.0553574573,622126.9310990871,-0.10848748321355953,-0.05251963552005004,0.12053151508701475,False,244.1680144295698
2020-04-15 18:00:00,12.94078,84.27978,120.0,24.0,-143016.67908944326,622407.599913733,-0.10348932227371144,-0.05794256734305041,0.11860599029971479,False,240.75600101178657
2020-04-15 19:00:00,12.90838,84.27783,120.0,24.0,-142713.28318063816,622700.387636161,-0.09774814578866547,-0.06258974399293699,0.1160697034467806,False,237.36789679762802
2020-04-15 20:00:00,12.87766,84.27574,120.0,24.0,-142431.34921495846,623004.0783667335,-0.09400435261418912,-0.06708159421803435,0.11548488469598879,False,234.48831041076778
2020-04-15 21:00:00,12.8477,84.2735,120.0,24.0,-142161.11882614376,623322.0725170288,-0.09463135335093945,-0.0720374379315269,0.11893059110577459,False,232.72005603896463
2020-04-15 22:00:00,12.8166,84.27109,120.0,24.0,-141882.39274650987,623661.2670185743,-0.10133967329936945,-0.07761265949206944,0.12764581582588147,False,232.55270652522495
2020-04-15 23:00:00,12.78234,84.26849,120.0,24.0,-141573.6138514493,624028.8189889054,-0.11332816290222575,-0.07977976248276797,0.13859322858134263,False,234.85555793688818
2020-04-16 00:00:00,12.74354,84.26594,120.0,24.0,-141213.73946142133,624401.9760083308,-0.12878472180821626,-0.07327143097283217,0.14816952172436193,False,240.3625018898675
2020-04-16 01:00:00,12.69935,84.26376,120.0,24.0,-140785.57648700866,624747.9178776793,-0.14445835287988737,-0.05406136972127075,0.15424281964782022,False,249.48239254272247
2020-04-16 02:00:00,12.65048,84.26245,120.0,24.0,-140284.65228910247,625010.346418622,-0.1562840129063829,-0.02060043795121661,0.15763588022371172,False,262.4908982819999
2020-04-16 03:00:00,12.59869,84.26243,120.0,24.0,-139720.131038178,625139.0723515277,-0.15838287782772753,0.01641939705723258,0.15923169467388054,False,275.9186543809012
2020-04-16 04:00:00,12.54847,84.26351,120.0,24.0,-139145.96718207034,625143.7089486754,-0.1467471813521995,0.04646858820760652,0.15392876574839232,False,287.5707788169759
2020-04-16 05:00:00,12.50416,84.26543,120.0,24.0,-138616.09898544807,625042.0488891704,-0.12683840582815348,0.06955175398329716,0.14465623966901825,False,298.7381313743027
2020-04-16 06:00:00,12.46674,84.268,120.0,24.0,-138145.96983452482,624852.539795805,-0.10533087369473872,0.0882985143384058,0.13744533672579312,False,309.9729897046602
2020-04-16 07:00:00,12.43626,84.27113,120.0,24.0,-137738.35721471268,624585.0037500748,-0.08446841466081234,0.10580633782807851,0.13538793963976412,False,321.3985696122207
2020-04-16 08:00:00,12.41226,84.27483,120.0,24.0,-137388.00988144882,624239.5810493499,-0.06531084664758476,0.12362392877890346,0.13981553009789624,False,332.15238846993066
2020-04-16 09:00:00,12.39411,84.27911,120.0,24.0,-137087.79004877582,623816.7912084219,-0.048882046545776714,0.14082180509533776,0.14906453389325303,False,340.85709615111057
2020-04-16 10:00:00,12.38069,84.28392,120.0,24.0,-136826.63958993746,623324.8349687699,-0.03570759012491273,0.15538564087474976,0.1594356590684326,False,347.0581299438285
2020-04-16 11:00:00,12.37103,84.28914,120.0,24.0,-136596.80164949052,622779.1548737842,-0.023930341646210454,0.16297758022831726,0.16472508281491907,False,351.64682916351416
2020-04-16 12:00:00,12.36521,84.29444,120.0,24.0,-136406.9425656394,622215.5562560174,-0.01225024406782281,0.1611193083329101,0.16158434329289637,False,355.6520453540567
2020-04-16 13:00:00,12.3631,84.29954,120.0,24.0,-136262.22830255236,621664.8940625808,-0.0038129926131132905,0.15368371806075157,0.15373101219221916,False,358.5787461680958
2020-04-16 14:00:00,12.36274,84.30436,120.0,24.0,-136143.2121825229,621140.5713152554,-0.0007248043370350725,0.14609287256514028,0.1460946705244969,False,359.71574322528915
2020-04-16 15:00:00,12.36263,84.30897,120.0,24.0,-136031.92548682896,620638.5337106949,0.0033698928040698933,0.14547357827559476,0.14551260479359346,False,1.3270183613024642
2020-04-16 16:00:00,12.36493,84.31375,120.0,24.0,-135942.66418281698,620112.2540408173,0.015350081626573517,0.15631926118142375,0.15707111899470458,False,5.6082931949447925
2020-04-16 17:00:00,12.37261,84.31906,120.0,24.0,-135898.87093765475,619515.4760242542,0.035456490059869034,0.1702645201828929,0.17391713406239287,False,11.763359247886228
2020-04-16 18:00:00,12.388,84.32474,120.0,24.0,-135929.34921491361,618860.1214681353,0.06140641871529982,0.17801375553665097,0.18830731642637058,False,19.032039268175936
2020-04-16 19:00:00,12.4126,84.33055,120.0,24.0,-136055.73934960892,618168.7688103847,0.08743020477598348,0.18018418599904693,0.20027576386400214,False,25.883906646367848
2020-04-16 20:00:00,12.44499,84.33637,120.0,24.0,-136265.2718181562,617457.8097387669,0.10786840028711892,0.17956428544960748,0.20947296815945066,False,30.994207211144953
2020-04-16 21:00:00,12.48298,84.34214,120.0,24.0,-136535.52836246547,616738.9135927156,0.1214215990109935,0.17677433026662182,0.21445831424218365,False,34.48414012179785
2020-04-16 22:00:00,12.52429,84.34778,120.0,24.0,-136843.73079570255,616026.1569886897,0.12886102368645846,0.17150558461462476,0.21452116207853766,False,36.91943376242716
2020-04-16 23:00:00,12.56722,84.35321,120.0,24.0,-137173.47056551423,615332.2609135272,0.13500422398988626,0.16221148630421256,0.2110419550329581,False,39.769694970078945
2020-04-17 00:00:00,12.61263,84.35825,120.0,24.0,-137538.3504228724,614674.7169666244,0.14404671189177554,0.14718540287334272,0.20594416239801602,False,44.38253106283776
2020-04-17 01:00:00,12.66156,84.36271,120.0,24.0,-137954.1774158549,614071.631455086,0.15339648048767693,0.12642455205275646,0.19878040041147513,False,50.505726683416015
2020-04-17 02:00:00,12.71317,84.36641,120.0,24.0,-138416.4260579538,613544.5087247392,0.1584233927697165,0.10070408125135986,0.18772129169955218,False,57.55734001830217
2020-04-17 03:00:00,12.76546,84.36921,120.0,24.0,-138907.2953542896,613113.3148869944,0.1532281113901092,0.07172631381557154,0.16918486402083835,False,64.91563398349462
2020-04-17 04:00:00,12.81371,84.37104,120.0,24.0,-139378.28876077046,612797.0708844267,0.13425694864520885,0.04120109818074209,0.14043667167382384,False,72.93967023403621
2020-04-17 05:00:00,12.85358,84.37187,120.0,24.0,-139784.08111945083,612609.6691944156,0.10886955117880537,0.014245550361341855,0.10979760871244897,False,82.54521678400619
2020-04-17 06:00:00,12.88518,84.37196,120.0,24.0,-140119.69004749972,612522.6951869568,0.08514684171283521,-0.003103991686975907,0.08520340027289655,False,92.08776862044738
2020-04-17 07:00:00,12.90948,84.37167,120.0,24.0,-140386.68465176047,612494.7446388134,0.0630606914446574,-0.0074405243195785455,0.06349812759151663,False,96.72921089933203
2020-04-17 08:00:00,12.92658,84.37148,120.0,24.0,-140574.21944230865,612473.4758604874,0.04102013022248285,0.0026311801213655776,0.041104430324485956,False,86.32986858528233
2020-04-17 09:00:00,12.93641,84.37184,120.0,24.0,-140670.3068893116,612410.2109029718,0.01919226605728944,0.022308510142206094,0.029428093740143896,False,40.705786473515275
2020-04-17 10:00:00,12.93918,84.37292,120.0,24.0,-140672.93831429566,612285.9960409262,0.0009308301806695111,0.044774296270055386,0.04478397091933609,False,1.1909725846888932
2020-04-17 11:00:00,12.93702,84.37473,120.0,24.0,-140604.65358503594,612094.520932182,0.00022577287947889678,0.06599960347556402,0.06599998963882335,False,0.19599788458327794
2020-04-17 12:00:00,12.93933,84.37718,120.0,24.0,-140568.13553570284,611822.497015362,0.025525059323341585,0.08257975543645762,0.08643462651857332,False,17.176161783074804
2020-04-17 13:00:00,12.9538,84.38006,120.0,24.0,-140650.63083359788,611473.8923283762,0.05195223760323963,0.08846681224536386,0.10259342991069129,False,30.423635229334423
2020-04-17 14:00:00,12.97349,84.38289,120.0,24.0,-140789.88777510435,611117.8955001874,0.05416960882403872,0.07994167523657653,0.09656613257130911,False,34.1221217806218
2020-04-17 15:00:00,12.98943,84.38522,120.0,24.0,-140901.47851272975,610825.4446644054,0.039028099093985094,0.061969619415031284,0.07323541663248556,False,32.20248061257121
2020-04-17 16:00:00,12.99917,84.38689,120.0,24.0,-140963.4109335568,610619.9700737969,0.020359571641399288,0.040900294190674175,0.04568748430702839,False,26.463454120107087
2020-04-17 17:00:00,13.00283,84.38786,120.0,24.0,-140978.07093544494,610505.535882177,0.00761017557702634,0.02494350124270832,0.026078593262638988,False,16.966765594327853
2020-04-17 18:00:00,13.00418,84.3885,120.0,24.0,-140976.39091611182,610432.6533832708,0.006013751112522964,0.019831053599195014,0.02072283497250115,False,16.869885046631055
2020-04-17 19:00:00,13.00679,84.38914,120.0,24.0,-140988.13001411068,610356.6709385617,0.008184650394695459,0.02122537263220159,0.02274873502986926,False,21.086983987763574
2020-04-17 20:00:00,13.00957,84.38987,120.0,24.0,-140999.41319882427,610270.4885570251,0.006286041252289926,0.024168953946252167,0.02497303845112863,False,14.578908575760352
2020-04-17 21:00:00,13.01093,84.3907,120.0,24.0,-140993.05430382403,610176.932504386,0.0032791248116582957,0.030211286697076317,0.030388723293737985,False,6.194618220508119
2020-04-17 22:00:00,13.01173,84.39182,120.0,24.0,-140973.44470020026,610053.2362720275,0.003475333031615191,0.0415212188537715,0.04166640798993147,False,4.784514234114226
2020-04-17 23:00:00,13.01322,84.39338,120.0,24.0,-140950.12485054758,609880.021836741,0.00597771990497075,0.054690323645311095,0.055016039803780475,False,6.237737841055491
2020-04-18 00:00:00,13.01567,84.39535,120.0,24.0,-140926.71137116238,609659.8872226181,0.00893330352721371,0.0656904354485175,0.06629507690111819,False,7.7442004118487375
2020-04-18 01:00:00,13.01911,84.39762,120.0,24.0,-140906.27077399005,609404.7160935369,0.012022730316157918,0.07281732641549435,0.07380317791637236,False,9.375414438792347
2020-04-18 02:00:00,13.0236,84.40005,120.0,24.0,-140892.9411241279,609129.5785043861,0.015351749524959048,0.07607098871619705,0.07760458451494254,False,11.409515432288458
2020-04-18 03:00:00,13.02924,84.40253,120.0,24.0,-140890.53217454883,608846.1847864431,0.018889784869161715,0.07715563124353189,0.07943434650698075,False,13.75695162753425
2020-04-18 04:00:00,13.03607,84.40503,120.0,24.0,-140900.20495675912,608557.697338994,0.022242974518003594,0.07793037772903258,0.08104254246010704,False,15.929864451425601
2020-04-18 05:00:00,13.04393,84.40756,120.0,24.0,-140919.99035690317,608263.4225499359,0.02371710034674264,0.07746546370537676,0.08101480676979056,False,17.022678036498178
2020-04-18 06:00:00,13.05174,84.41003,120.0,24.0,-140940.67853495706,607975.7965834776,0.021997720628235923,0.07607097531865231,0.07918770737159225,False,16.128475266416274
2020-04-18 07:00:00,13.05847,84.41247,120.0,24.0,-140950.59230125952,607694.0929037222,0.01894786773751782,0.08133878610400568,0.08351658408167599,False,13.113189539374957
2020-04-18 08:00:00,13.06427,84.41528,120.0,24.0,-140941.25281662593,607374.4774523195,0.017259584446805185,0.09900121970474299,0.10049445138067668,False,9.889387992648096
2020-04-18 09:00:00,13.06989,84.41886,120.0,24.0,-140910.51880229713,606971.6434172172,0.019693135572937552,0.12363587388743214,0.12519444436796356,False,9.050236083219602
2020-04-18 10:00:00,13.07731,84.42326,120.0,24.0,-140878.06588490188,606475.2948397949,0.028111039004427494,0.1482709451167745,0.15091223833649145,False,10.735423352831788
2020-04-18 11:00:00,13.08852,84.42843,120.0,24.0,-140866.11918136055,605885.9828144421,0.040748947108609636,0.16980761052933876,0.17462846641983623,False,13.494176544921345
2020-04-18 12:00:00,13.10434,84.43422,120.0,24.0,-140886.96772447182,605218.0013944042,0.055738116193736115,0.1854572392353299,0.19365207249502084,False,16.727851053958602
2020-04-18 13:00:00,13.12553,84.4404,120.0,24.0,-140954.2386898797,604494.4752572821,0.07443873157473586,0.18995280083226807,0.20401762497999745,False,21.399226802536134
2020-04-18 14:00:00,13.15382,84.44648,120.0,24.0,-141098.34912111654,603764.3631511425,0.09669557831150519,0.18003947864522488,0.20436303172501827,False,28.23934992993486
2020-04-18 15:00:00,13.18987,84.45202,120.0,24.0,-141337.18983852267,603073.7687174862,0.11275032707445407,0.1614442262924525,0.19691844621204227,False,34.92989471191771
2020-04-18 16:00:00,13.22891,84.4569,120.0,24.0,-141623.50092529878,602447.3936167583,0.11451683165356222,0.14269283542764255,0.1829627011561389,False,38.74846712030808
2020-04-18 17:00:00,13.2662,84.46123,120.0,24.0,-141904.7214621857,601884.958387414,0.11037505328512323,0.13153866554740212,0.17171218046977654,False,40.00025753558873
2020-04-18 18:00:00,13.30254,84.46539,120.0,24.0,-142179.6628834631,601343.2242200845,0.11016631893600531,0.13247028867612234,0.17229334058472728,False,39.74793996598555
2020-04-18 19:00:00,13.33975,84.46978,120.0,24.0,-142457.17703240574,600774.254558929,0.1130864096933219,0.14037254460614268,0.1802581130948878,False,38.85548491541613
2020-04-18 20:00:00,13.3781,84.47445,120.0,24.0,-142738.72701647956,600171.9498036046,0.11660937366936275,0.1493592879308048,0.18948863532876614,False,37.980249417007315
2020-04-18 21:00:00,13.41773,84.47942,120.0,24.0,-143025.16301867017,599533.788517348,0.12201243332658804,0.16346007464261814,0.20397605224252524,False,36.738973067648146
2020-04-18 22:00:00,13.45977,84.485,120.0,24.0,-143320.13611294638,598823.3095921462,0.13091425715890959,0.18515318053711838,0.22676032058206272,False,35.26257164863125
2020-04-18 23:00:00,13.50545,84.49137,120.0,24.0,-143631.5598671356,598017.9032120568,0.14244247724669923,0.1998737285709267,0.24543709315631348,False,35.47604078164363
2020-04-19 00:00:00,13.55532,84.4979,120.0,24.0,-143981.27996340592,597184.4997866553,0.15392925910759045,0.19398632838244775,0.24763867308785711,False,38.4322009332019
2020-04-19 01:00:00,13.60882,84.50389,120.0,24.0,-144381.6134372489,596400.3423627445,0.157936380182421,0.17507842762025755,0.2357887953298629,False,42.05328160137611
2020-04-19 02:00:00,13.66149,84.5092,120.0,24.0,-144789.89595731694,595691.7656276061,0.14841189546205946,0.15477602027306114,0.21443345626606006,False,43.797498406167904
2020-04-19 03:00:00,13.70868,84.51388,120.0,24.0,-145156.745642452,595065.1038956709,0.12999053548539896,0.13835223568224148,0.1898390909008344,False,43.21521125002471
2020-04-19 04:00:00,13.74903,84.51813,120.0,24.0,-145463.0964970841,594502.2041138714,0.10953095719002268,0.1285925635265547,0.1689173702651494,False,40.4232755730589
2020-04-19 05:00:00,13.7825,84.52218,120.0,24.0,-145702.72123807762,593978.3355618829,0.09193834478563118,0.12301762357901427,0.1535773256472115,False,36.77293617174195
2020-04-19 06:00:00,13.81104,84.52607,120.0,24.0,-145894.98017117922,593484.2775593445,0.08078854800354301,0.11868170182477059,0.14356927190922342,False,34.24374999619738
2020-04-19 07:00:00,13.83703,84.52984,120.0,24.0,-146063.59279515294,593009.6741963581,0.07613960468424363,0.1189932232786222,0.14126792483684658,False,32.6137574177792
2020-04-19 08:00:00,13.86247,84.53375,120.0,24.0,-146222.3748480739,592521.2800267164,0.07649678043222971,0.1259666497956319,0.14737487668266983,False,31.2693907067528
2020-04-19 09:00:00,13.88874,84.53797,120.0,24.0,-146381.02701623263,591997.1689662386,0.07762320865662425,0.13138921108209806,0.1526056594983487,False,30.574096936413866
2020-04-19 10:00:00,13.91498,84.54223,120.0,24.0,-146537.84633155045,591468.7816061421,0.07567566792611632,0.1275151380034131,0.14827986085808592,False,30.687613596214476
2020-04-19 11:00:00,13.93997,84.5462,120.0,24.0,-146689.1134973875,590974.9730434994,0.0709866724252707,0.1177537564668383,0.13749565383700008,False,31.083252946925995
2020-04-19 12:00:00,13.96307,84.54983,120.0,24.0,-146829.65176089693,590522.7965991343,0.06439058014277008,0.10690782122595208,0.12480155868578975,False,31.060555262851153
2020-04-19 13:00:00,13.98362,84.5531,120.0,24.0,-146953.29197642885,590116.1133499613,0.05460886203932537,0.09420229960488431,0.1088861839908005,False,30.100773434390135
2020-04-19 14:00:00,14.00011,84.55591,120.0,24.0,-147047.28654414607,589769.6295763021,0.04024472156040054,0.07855328372807907,0.08826242687541659,False,27.127146328766173
2020-04-19 15:00:00,14.01093,84.55817,120.0,24.0,-147097.61854687528,589497.2299102118,0.021875635898286262,0.06383461669443673,0.06747889843854929,False,18.916196092725613
2020-04-19 16:00:00,14.01496,84.56003,120.0,24.0,-147088.83068253193,589285.5609546365,0.0012254510897408769,0.05422950818961968,0.05424335248545553,False,1.29452082579337
2020-04-19 17:00:00,14.01176,84.56167,120.0,24.0,-147011.62123378945,589116.2634621398,-0.01741008529001683,0.047567953309741014,0.050653936193383445,False,339.8971464984492
2020-04-19 18:00:00,14.00313,84.5631,120.0,24.0,-146884.283945452,588983.6126046699,-0.02989983496734999,0.04013074572391862,0.050044748809766025,False,323.31165884557475
2020-04-19 19:00:00,13.99144,84.56426,120.0,24.0,-146732.82340888522,588888.000774725,-0.03504366538927428,0.03129841045511719,0.0469856252585023,False,311.7688715114483
2020-04-19 20:00:00,13.97931,84.56512,120.0,24.0,-146584.97117167054,588825.9535211296,-0.03299415906835768,0.020916645454129138,0.03906559342544064,False,302.3726517933387
2020-04-19 21:00:00,13.96901,84.56561,120.0,24.0,-146465.9205811172,588799.2484682843,-0.026151940563587783,0.00759151680075778,0.027231509737390906,False,286.1872218885661
2020-04-19 22:00:00,13.96153,84.56561,120.0,24.0,-146389.05122150952,588818.3646685595,-0.01765016586842282,-0.009296978659620739,0.019948989131790145,False,242.22260673359034
2020-04-19 23:00:00,13.95701,84.56501,120.0,24.0,-146358.74384164758,588894.870146128,-0.01163562272575587,-0.028819327186768925,0.031079596775282735,False,201.98608429523773
2020-04-20 00:00:00,13.95362,84.56375,120.0,24.0,-146357.7955829048,589039.9441890456,-0.011344738035134836,-0.049426378716220604,0.050711635687336096,False,192.92707718816757
2020-04-20 01:00:00,13.9493,84.56182,120.0,24.0,-146365.28525079452,589259.9353217607,-0.015455921628450832,-0.06848401780682045,0.07020645417872715,False,192.71781888665151
2020-04-20 02:00:00,13.94312,84.55933,120.0,24.0,-146368.65936935804,589545.3139047832,-0.021515718964313618,-0.08537240574621972,0.08804188676674583,False,194.1452252678081
2020-04-20 03:00:00,13.93469,84.55631,120.0,24.0,-146363.04922948626,589893.8329628038,-0.027333220656880517,-0.10551468566281676,0.10899749465928447,False,194.5230374593569
2020-04-20 04:00:00,13.92457,84.55252,120.0,24.0,-146360.60089868473,590330.0544913593,-0.03137773865862338,-0.13293919726564798,0.1365920665813492,False,193.28050527666414
2020-04-20 05:00:00,13.91341,84.54773,120.0,24.0,-146374.10415208212,590877.2337070663,-0.0346963016174251,-0.16191276746864575,0.16558857936247623,False,192.09499681530798
2020-04-20 06:00:00,13.90106,84.54207,120.0,24.0,-146398.4329513699,591521.6918688219,-0.038543581662444724,-0.18608295734763405,0.19003282532923343,False,191.7022596972525
2020-04-20 07:00:00,13.88732,84.53572,120.0,24.0,-146426.5991196396,592244.4626443568,-0.04213718435147696,-0.20637965931049843,0.21063738054340628,False,191.5396542532145
2020-04-20 08:00:00,13.87257,84.52875,120.0,24.0,-146460.5570417015,593037.0080789579,-0.043758770467861356,-0.22528198066195057,0.22949248528836505,False,190.9922530071422
2020-04-20 09:00:00,13.85777,84.52118,120.0,24.0,-146509.62924265474,593894.7210945223,-0.039706291429519175,-0.24728352803906417,0.2504510587291109,False,189.12211191749833
2020-04-20 10:00:00,13.84579,84.51279,120.0,24.0,-146609.43091308107,594834.0997738175,-0.02774566550111983,-0.27424216180606326,0.27564213260342296,False,185.7770789459036
2020-04-20 11:00:00,13.83908,84.50348,120.0,24.0,-146788.19209577856,595859.6975821825,-0.013750007024687108,-0.2957766050505028,0.29609603642801446,False,182.66163912347105
2020-04-20 12:00:00,13.83654,84.4937,120.0,24.0,-147022.6940304215,596925.5525709888,-0.003509752506214575,-0.30352176042137685,0.3035420521310788,False,180.6625061848182
2020-04-20 13:00:00,13.83672,84.48389,120.0,24.0,-147286.28921412968,597987.6829302819,0.005667307938625354,-0.30677380945976024,0.3068261536273016,False,178.94164402639927
2020-04-20 14:00:00,13.84033,84.4739,120.0,24.0,-147590.55503119598,599060.4694598201,0.017481346171393103,-0.3156032211723815,0.31608699859112716,False,176.8296112569002
2020-04-20 15:00:00,13.8484,84.46352,120.0,24.0,-147952.08359583456,600163.942013676,0.0306855341783024,-0.32753123532421224,0.3289655181334546,False,174.64773316313108
2020-04-20 16:00:00,13.8608,84.45276,120.0,24.0,-148369.51872944395,601297.2646800302,0.04308510237326975,-0.33837471381361356,0.341106688581388,False,172.74360121541832
2020-04-20 17:00:00,13.87709,84.44168,120.0,24.0,-148836.91204682773,602454.9806873723,0.05399999739326315,-0.3456547778124134,0.34984743123684825,False,171.12072621104988
2020-04-20 18:00:00,13.89669,84.43045,120.0,24.0,-149343.86355271976,603620.0898901504,0.0631503330387877,-0.34766720771522847,0.3533559846435512,False,169.70502641684504
2020-04-20 19:00:00,13.91898,84.41924,120.0,24.0,-149879.48544809155,604775.7147368948,0.07049403229477606,-0.34472191810255537,0.3518559497997466,False,168.4426242466954
2020-04-20 20:00:00,13.94336,84.4082,120.0,24.0,-150433.5606729013,605907.1157881357,0.07703378524255493,-0.3372833329411691,0.345968569018487,False,167.1346122332995
2020-04-20 21:00:00,13.96988,84.39747,120.0,24.0,-151002.94899336356,606998.9510314118,0.08760456130766721,-0.3267442278615659,0.33828442116473484,False,164.99121313258638
2020-04-20 22:00:00,14.00113,84.38711,120.0,24.0,-151613.59292270365,608037.8208950976,0.10514868229265542,-0.31512039637303796,0.3322004057766672,False,161.54728989806597
2020-04-20 23:00:00,14.03909,84.37713,120.0,24.0,-152286.45965179428,609017.2455964504,0.12072777641719952,-0.30629053554144164,0.32922498107055065,False,158.48757633686455
2020-04-21 00:00:00,14.08046,84.36734,120.0,24.0,-152991.83723372465,609966.3781147308,0.12631125771266072,-0.30210953496354404,0.3274518360627148,False,157.31031451570192
2020-04-21 01:00:00,14.12195,84.35763,120.0,24.0,-153697.76569506625,610905.8281221446,0.12986112790205417,-0.29745815668923686,0.3245693570270494,False,156.41539111158005
2020-04-21 02:00:00,14.1655,84.34814,120.0,24.0,-154421.12604358417,611815.2242863461,0.13909181108695645,-0.289398337891595,0.3210886635897745,False,154.32993965854723
2020-04-21 03:00:00,14.21288,84.33895,120.0,24.0,-155178.6979363174,612681.0566657711,0.14444583808135042,-0.2881629034576224,0.322339043660787,False,153.37701704066347
2020-04-21 04:00:00,14.25978,84.32954,120.0,24.0,-155938.71081805584,613571.1399820402,0.1359772901280551,-0.30211044765382955,0.33130129189631385,False,155.76790369346918
2020-04-21 05:00:00,14.30149,84.31945,120.0,24.0,-156663.36053950628,614548.0766602979,0.12017809300099803,-0.3163614717920385,0.33841890442435585,False,159.199423382259
2020-04-21 06:00:00,14.33796,84.30912,120.0,24.0,-157339.84978339748,615564.6062286454,0.1061794447109955,-0.31604834920628105,0.3334076086641556,False,161.4297367049702
2020-04-21 07:00:00,14.37044,84.29905,120.0,24.0,-157967.55896311178,616563.4261866309,0.09713282436605435,-0.31093238744218077,0.32575103243093667,False,162.6516072462275
2020-04-21 08:00:00,14.40092,84.28905,120.0,24.0,-158572.95074090213,617559.6997246328,0.09404911365899285,-0.3126334526910663,0.3264734468859288,False,163.25720539612672
2020-04-21 09:00:00,14.43129,84.27887,120.0,24.0,-159183.26206150974,618575.2481941216,0.09542548355369586,-0.315264804271002,0.3293902240860981,False,163.1597972954346
2020-04-21 10:00:00,14.46255,84.2687,120.0,24.0,-159804.03885969438,619586.7552744967,0.09955007635768882,-0.3110797419817618,0.32662030490197813,False,162.2545666956355
2020-04-21 11:00:00,14.49547,84.25879,120.0,24.0,-160436.68644556237,620565.0374310892,0.10629799945554712,-0.3053452801160169,0.32331873558051094,False,160.80576991240434
2020-04-21 12:00:00,14.53096,84.24899,120.0,24.0,-161095.31019384772,621523.6891890259,0.11524450598075898,-0.30425871475851723,0.3253531337873572,False,159.25474433122793
2020-04-21 13:00:00,14.56951,84.23915,120.0,24.0,-161789.54877755768,622477.4362313908,0.12309157644605756,-0.30301903911558936,0.3270658561490495,False,157.89215975128047
2020-04-21 14:00:00,14.60991,84.22943,120.0,24.0,-162501.89572007186,623412.326127926,0.12716633131485275,-0.2958927115481239,0.32206175272357346,False,156.74333265374037
2020-04-21 15:00:00,14.65094,84.22005,120.0,24.0,-163212.91310075164,624308.0302260689,0.13039333158596028,-0.2853562302245886,0.31373651214048165,False,155.44200206053904
2020-04-21 16:00:00,14.69327,84.21101,120.0,24.0,-163929.86159503923,625162.6277347025,0.134655677447793,-0.27636978785895455,0.3074287089881614,False,154.02326275717667
2020-04-21 17:00:00,14.73689,84.20221,120.0,24.0,-164655.4456004844,625986.9058555197,0.131792939981311,-0.27327553533941745,0.30339561177440033,False,154.25332208842138
2020-04-21 18:00:00,14.77727,84.19337,120.0,24.0,-165348.07090556412,626824.1021355488,0.1147927050376963,-0.2768414299324897,0.2996974181686208,False,157.47858758913583
2020-04-21 19:00:00,14.80995,84.18434,120.0,24.0,-165963.02087207857,627703.4256340492,0.09161203705212664,-0.27544404784681814,0.2902795012174998,False,161.60299705899217
2020-04-21 20:00:00,14.83549,84.17559,120.0,24.0,-166492.69705449708,628572.8110444227,0.07315421601701069,-0.25963896698392436,0.2697479054553396,False,164.26462614412725
2020-04-21 21:00:00,14.85637,84.16758,120.0,24.0,-166950.82319934346,629375.6483533431,0.06649648585410037,-0.24042549728203114,0.2494518037101687,False,164.53970840413052
2020-04-21 22:00:00,14.87762,84.16007,120.0,24.0,-167399.30630612254,630123.2516256603,0.07525395674045407,-0.22973247628461294,0.24174401474484197,False,161.86264619490612
2020-04-21 23:00:00,14.90398,84.15275,120.0,24.0,-167899.17989601017,630835.1544065949,0.09269008875773288,-0.21966099264860905,0.23841645128910186,False,157.12177189097537
2020-04-22 00:00:00,14.93619,84.14589,120.0,24.0,-168451.00036089114,631479.9571394842,0.1101254274365569,-0.20153542236532895,0.22966091577814432,False,151.3463905867781
2020-04-22 01:00:00,14.97349,84.13974,120.0,24.0,-169039.2930123082,632032.8180089985,0.121657276826759,-0.18511684539126408,0.22151464839264207,False,146.68740987927714
2020-04-22 02:00:00,15.0129,84.13394,120.0,24.0,-169641.55988305085,632541.2259449305,0.12345983647276126,-0.18109199376757373,0.21917262928704376,False,145.715710047612
2020-04-22 03:00:00,15.05126,84.12805,120.0,24.0,-170235.61107195122,633061.9159595505,0.11743104629262965,-0.1840365397453292,0.21831055539028765,False,147.45864321237673
2020-04-22 04:00:00,15.0868,84.12206,120.0,24.0,-170802.15398209437,633601.2682763591,0.1063329128256732,-0.18574106326378145,0.21402436994966784,False,150.20975620752392
2020-04-22 05:00:00,15.11811,84.11606,120.0,24.0,-171322.90441988138,634153.8859935167,0.09076988370332366,-0.18481159700848987,0.20589924277748903,False,153.8421201745182
2020-04-22 06:00:00,15.14381,84.11013,120.0,24.0,-171780.12285469729,634715.4081552259,0.07150880997603384,-0.18047325535996808,0.19412394443863118,False,158.38507316208558
2020-04-22 07:00:00,15.16298,84.10441,120.0,24.0,-172159.34892778393,635273.6648244027,0.05240167156647638,-0.16978250431797365,0.1776852102889928,False,162.84768176763657
2020-04-22 08:00:00,15.17666,84.09917,120.0,24.0,-172464.02643038906,635796.5973798329,0.03755198217487143,-0.1513467368172111,0.15593583972416356,False,166.06524180166434
2020-04-22 09:00:00,15.1865,84.09464,120.0,24.0,-172705.57165385308,636254.5733081527,0.02913087323463512,-0.13120746719169474,0.13440240779938442,False,167.48215435602742
2020-04-22 10:00:00,15.19489,84.0907,120.0,24.0,-172913.91782262662,636653.3563130184,0.02848166864642359,-0.11494127595197667,0.11841749180907828,False,166.08281987417536
2020-04-22 11:00:00,15.20431,84.08722,120.0,24.0,-173120.38102009182,636999.4693279786,0.03520432646046154,-0.09991434323352838,0.1059349828211723,False,160.5903418800653
2020-04-22 12:00:00,15.21689,84.08425,120.0,24.0,-173347.18339392,637281.0830528303,0.047212918458624215,-0.08395793886361143,0.09632235030150901,False,150.6492050713049
2020-04-22 13:00:00,15.2338,84.0818,120.0,24.0,-173607.06026730762,637493.548855806,0.05719382969354442,-0.07357989899336742,0.09319407540658535,False,142.14199225062669
2020-04-22 14:00:00,15.2526,84.0795,120.0,24.0,-173883.7120649201,637684.040146589,0.05824119071049675,-0.07451082965422509,0.09457219480977166,False,141.9871335760347
2020-04-22 15:00:00,15.27015,84.07699,120.0,24.0,-174152.7598119756,637900.8126334285,0.05063372770633527,-0.07900395072125453,0.09383708547800128,False,147.34414053310013
2020-04-22 16:00:00,15.28419,84.0744,120.0,24.0,-174385.21655704378,638136.7708705015,0.03697542937094264,-0.07884901802100654,0.08708817382424884,False,154.87625800950934
2020-04-22 17:00:00,15.29321,84.0719,120.0,24.0,-174559.2196803416,638378.2674275681,0.02187929965630743,-0.07575001766280959,0.07884648964517355,False,163.8894013482501
2020-04-22 18:00:00,15.29783,84.06951,120.0,24.0,-174681.02318645094,638621.307493779,0.009402666821327243,-0.07265124431163145,0.07325717332371792,False,172.6256588144425
2020-04-22 19:00:00,15.29907,84.06721,120.0,24.0,-174762.53009333188,638864.9604693045,-0.0006278787800124801,-0.0687782224207373,0.06878108832461727,False,180.5230406304932
2020-04-22 20:00:00,15.29744,84.06507,120.0,24.0,-174807.32569217557,639100.1543635903,-0.008786575391394727,-0.0628915779908118,0.06350239750814946,False,187.95330715055422
2020-04-22 21:00:00,15.2936,84.06315,120.0,24.0,-174820.97553169774,639318.4268467335,-0.012965554502783382,-0.05545617421472863,0.05695167128451086,False,193.15928013335986
2020-04-22 22:00:00,15.28937,84.06149,120.0,24.0,-174822.59697075,639509.9219294394,-0.011136319000044446,-0.04771104622142217,0.04899348459145801,False,193.1382834269117
2020-04-22 23:00:00,15.28667,84.06007,120.0,24.0,-174834.21602157204,639670.9313591418,-0.0044034735808528725,-0.04058531791530703,0.040823505604783754,False,186.19232190097125
2020-04-23 00:00:00,15.28663,84.05887,120.0,24.0,-174869.05562157894,639800.1563038655,0.00503331728382269,-0.03438883804785293,0.03475523651424466,False,171.67303755278652
2020-04-23 01:00:00,15.2898,84.05785,120.0,24.0,-174934.45284055336,639900.2160905882,0.013685150467809326,-0.029276829725734352,0.03231742721994163,False,154.946749771913
2020-04-23 02:00:00,15.29514,84.05698,120.0,24.0,-175019.6875059808,639977.505017239,0.01841523561910648,-0.025404323151367245,0.03137675154770331,False,144.0621735040682
2020-04-23 03:00:00,15.30125,84.05621,120.0,24.0,-175110.59653463392,640041.6724687029,0.018658827117267882,-0.024630011839824266,0.030899665250969547,False,142.85371644605095
2020-04-23 04:00:00,15.30674,84.05539,120.0,24.0,-175196.06675081383,640113.1023621926,0.014719808246009278,-0.02834785605963463,0.03194172346597858,False,152.55911129687775
2020-04-23 05:00:00,15.3104,84.05438,120.0,24.0,-175266.70041813943,640210.5587205342,0.007690456933499186,-0.0333047366053636,0.034181114788705357,False,166.99762743786175
2020-04-23 06:00:00,15.31152,84.05324,120.0,24.0,-175312.7900700908,640329.765369155,-0.0012884195472935168,-0.0359378970359798,0.03596098536328689,False,182.05324754730066
2020-04-23 07:00:00,15.3096,84.05206,120.0,24.0,-175326.0811631939,640462.576625996,-0.01170328073804315,-0.03717679835805803,0.03897539116146441,False,197.4740364820023
2020-04-23 08:00:00,15.30425,84.05084,120.0,24.0,-175302.19163138498,640610.1879755195,-0.022283197281820783,-0.03841575319565139,0.04441070788323178,False,210.1160326022964
2020-04-23 09:00:00,15.29576,84.04958,120.0,24.0,-175244.3369960492,640771.7084620559,-0.02793900259951592,-0.0382613459449636,0.04737634916048238,False,216.1374734694465
2020-04-23 10:00:00,15.2869,84.04837,120.0,24.0,-175180.82907394503,640928.9778226075,-0.02465789111883944,-0.03500893843096761,0.04282099210074215,False,215.1582353447058
2020-04-23 11:00:00,15.28045,84.04732,120.0,24.0,-175139.53923643648,641061.6622351912,-0.016156626636255812,-0.029896960428257763,0.033983302180809055,False,208.3872461089083
2020-04-23 12:00:00,15.27687,84.04644,120.0,24.0,-175125.34381598962,641167.2834641419,-0.00731402233272969,-0.024475057387438624,0.025544536731013204,False,196.63802634902444
2020-04-23 13:00:00,15.27591,84.04574,120.0,24.0,-175135.17030674,641245.5310016251,0.00030649769240508745,-0.01874341651917558,0.01874592232051423,False,179.06316656933865
2020-04-23 14:00:00,15.27706,84.04523,120.0,24.0,-175163.02825090048,641296.886539794,0.005930354040948757,-0.012856983537852614,0.014158782601043437,False,155.2382275084866
2020-04-23 15:00:00,15.27959,84.04491,120.0,24.0,-175200.7510678011,641323.5796203532,0.00796117218134058,-0.0094491673551116,0.012355849877926563,False,139.88498029675515
2020-04-23 16:00:00,15.282,84.04462,120.0,24.0,-175236.25145372626,641347.4100116309,0.005108856612674746,-0.011308081427986089,0.012408590631930541,False,155.68711376938705
2020-04-23 17:00:00,15.28276,84.04418,120.0,24.0,-175257.69356364477,641392.4237833893,-0.0021602459520952094,-0.017039406038888403,0.017175797528256157,False,187.22537880324057
2020-04-23 18:00:00,15.28066,84.04352,120.0,24.0,-175253.5850347035,641469.8549493181,-0.012606444673851067,-0.02354502977504025,0.026707505956610773,False,208.16542062221788
2020-04-23 19:00:00,15.27494,84.04266,120.0,24.0,-175214.8137527734,641579.8759659578,-0.023458340276940687,-0.02850171194663411,0.03691397177814443,False,219.4560958072959
2020-04-23 20:00:00,15.26611,84.04168,120.0,24.0,-175144.71518356772,641712.3145978175,-0.031830395418139194,-0.030515509668599203,0.04409501562319111,False,226.20819862922156
2020-04-23 21:00:00,15.2552,84.04069,120.0,24.0,-175051.57249100655,641852.1780998796,-0.03577017118938344,-0.030361056408023078,0.04691800180238878,False,229.6760218888405
2020-04-23 22:00:00,15.24393,84.03972,120.0,24.0,-174953.76261752527,641990.976493565,-0.033968838609455584,-0.028967458833120782,0.04464298004976581,False,229.54359455379773
2020-04-23 23:00:00,15.23414,84.03882,120.0,24.0,-174870.44017405226,642117.7114860471,-0.026568729913614527,-0.024940230951959234,0.03644053415030659,False,226.81085089111627
2020-04-24 00:00:00,15.22746,84.03811,120.0,24.0,-174816.37431339113,642214.5015243754,-0.014858576215843503,-0.01734975692133762,0.022842752732355462,False,220.57721515109608
2020-04-24 01:00:00,15.22493,84.0377,120.0,24.0,-174800.0244613117,642266.3428794579,-0.0029201752844809944,-0.008829594108774111,0.009299954613749044,False,198.30038736360564
2020-04-24 02:00:00,15.22565,84.03754,120.0,24.0,-174812.78185426892,642281.3647584809,0.005244063902171576,-0.002168568858000252,0.005674759651469611,False,112.46647937748685
2020-04-24 03:00:00,15.22818,84.03756,120.0,24.0,-174840.55689166274,642271.4926634924,0.008680947561145364,0.0013941574397449866,0.008792185480649958,False,80.87622446905567
2020-04-24 04:00:00,15.23103,84.03763,120.0,24.0,-174870.45344010254,642255.2620553506,0.007002870592055589,0.0003097242651651346,0.007009716517057525,False,87.46756199054079
2020-04-24 05:00:00,15.23252,84.03758,120.0,24.0,-174888.620650456,642256.0948764978,-0.0012265759838978561,-0.0071255289955240815,0.007230328630866609,False,189.7670737846817
2020-04-24 06:00:00,15.23027,84.03717,120.0,24.0,-174875.4117617928,642307.0837547767,-0.016380507154800217,-0.02075627967154124,0.026441334316779423,False,218.27990855803097
2020-04-24 07:00:00,15.22237,84.03624,120.0,24.0,-174814.08239782203,642431.2738768719,-0.03318465929578878,-0.03423231063278759,0.04767675223667446,False,224.1097023653367
2020-04-24 08:00:00,15.20971,84.03496,120.0,24.0,-174709.58060104074,642607.6434245439,-0.045814535146945695,-0.04151290911815727,0.06182469776863537,False,227.82002945034898
2020-04-24 09:00:00,15.19399,84.03356,120.0,24.0,-174574.1876048928,642806.2381026619,-0.05236408435789316,-0.045696041876174424,0.06949910484164265,False,228.89009759088455
2020-04-24 10:00:00,15.17728,84.03201,120.0,24.0,-174431.96830802917,643023.9667658474,-0.052360986591186987,-0.05142833585323897,0.07339309671512716,False,225.51484595470174
2020-04-24 11:00:00,15.16157,84.03024,120.0,24.0,-174307.28084401484,643262.3075700647,-0.04731838208166882,-0.0551463916149679,0.07266466672997406,False,220.6312559611735
2020-04-24 12:00:00,15.14799,84.02845,120.0,24.0,-174206.9809747139,643496.3054921572,-0.03939707310572927,-0.053442488975128204,0.06639449523232235,False,216.3971327917926
2020-04-24 13:00:00,15.13719,84.02679,120.0,24.0,-174134.0274974112,643707.847544818,-0.0312289218976671,-0.0486401230117324,0.05780231076252101,False,212.7021002737245
2020-04-24 14:00:00,15.12867,84.02531,120.0,24.0,-174081.3846627256,643893.0781726779,-0.025093003598742614,-0.043063299997867975,0.049840812957985405,False,210.22937378201
2020-04-24 15:00:00,15.12167,84.02401,120.0,24.0,-174040.54019496986,644054.3099703545,-0.02162200381180366,-0.03903558843808783,0.04462385251796878,False,208.9822835413326
2020-04-24 16:00:00,15.1153,84.02279,120.0,24.0,-174004.4157914253,644205.0143421757,-0.021287205535372625,-0.03764124439865815,0.04324359373808695,False,209.48940701107892
2020-04-24 17:00:00,15.10851,84.02158,120.0,24.0,-173963.2459286936,644355.9170522093,-0.025353378095126215,-0.04011927521477556,0.04745892987197805,False,212.29084149918157
2020-04-24 18:00:00,15.09963,84.0202,120.0,24.0,-173903.47174555957,644531.4682054997,-0.03451979156785273,-0.047244141582315546,0.05851175030485649,False,216.15441150416098
2020-04-24 19:00:00,15.08718,84.01853,120.0,24.0,-173811.89505471187,644749.0755812933,-0.04592483892172361,-0.053284975991035086,0.07034471903669419,False,220.75713676596533
2020-04-24 20:00:00,15.07126,84.01676,120.0,24.0,-173684.07056921013,644987.9625832387,-0.056025089285378894,-0.054214384424899814,0.07796159380108578,False,225.94100973739646
2020-04-24 21:00:00,15.05258,84.01503,120.0,24.0,-173523.8866307216,645230.8796822614,-0.06242220985189494,-0.05375033766206726,0.0823749420733044,False,229.26901111121796
2020-04-24 22:00:00,15.03272,84.01329,120.0,24.0,-173350.55849003282,645478.408103467,-0.06384968104205019,-0.055609927505616975,0.08467139898662072,False,228.94573988493715
2020-04-24 23:00:00,15.01317,84.01144,120.0,24.0,-173183.75123295773,645736.806172761,-0.06236146237148371,-0.05731396168741969,0.0846985371385893,False,227.41510893774068
2020-04-25 00:00:00,14.99424,84.00959,120.0,24.0,-173023.7780967017,645993.2930943543,-0.06001321305400374,-0.05561009665168933,0.0818172878472238,False,227.18085903783188
2020-04-25 01:00:00,14.97615,84.00785,120.0,24.0,-172869.9585172862,646235.3587249881,-0.055311326856245395,-0.05235767866820827,0.07616212571955804,False,226.5713820505662
2020-04-25 02:00:00,14.96013,84.00621,120.0,24.0,-172736.48022548007,646460.3762074967,-0.04682677757820078,-0.050034413160324046,0.06852875016120093,False,223.10329770636412
2020-04-25 03:00:00,14.94728,84.00462,120.0,24.0,-172637.23009983468,646670.4310781718,-0.0372834841877675,-0.05065356700589772,0.06289548508120818,False,216.35487230482337
2020-04-25 04:00:00,14.93715,84.00294,120.0,24.0,-172571.19082003905,646881.9806002504,-0.02997517530550366,-0.055764840885575,0.06331057268410367,False,208.2592837818341
2020-04-25 05:00:00,14.92881,84.00102,120.0,24.0,-172532.1937574471,647114.0006196265,-0.026349115437663728,-0.065523176969314,0.07062267769278768,False,201.90675003078172
2020-04-25 06:00:00,14.92092,83.99871,120.0,24.0,-172509.41661772534,647386.6975440375,-0.026928822203470287,-0.07977367289861545,0.08419620153546957,False,198.65289646608608
2020-04-25 07:00:00,14.91223,83.99587,120.0,24.0,-172492.73584307174,647718.9277650686,-0.03017575071737599,-0.09727718823322438,0.1018500234753011,False,197.23408722787866
2020-04-25 08:00:00,14.90235,83.99243,120.0,24.0,-172479.70764494417,648119.4156666679,-0.034111539770247404,-0.11586499852925765,0.12078201451243495,False,196.40483116749945
2020-04-25 09:00:00,14.89125,83.98839,120.0,24.0,-172469.93392428407,648588.2592822922,-0.03720812995357927,-0.13058041129652068,0.13577808640944586,False,195.90459460230426
2020-04-25 10:00:00,14.87948,83.984,120.0,24.0,-172462.41847812966,649096.8649950013,-0.03806372973788242,-0.13693129058644563,0.14212327699299704,False,195.53469975773243
2020-04-25 11:00:00,14.86787,83.97955,120.0,24.0,-172458.23212632115,649611.4799665408,-0.03533658613824728,-0.13786080526978275,0.14231751806976797,False,194.37658295978906
2020-04-25 12:00:00,14.85779,83.9751,120.0,24.0,-172471.20461999753,650121.5134561504,-0.02836647909685469,-0.1372411191128629,0.14014200623547288,False,191.67806488230912
2020-04-25 13:00:00,14.85047,83.97069,120.0,24.0,-172514.20077481755,650618.948975835,-0.019200859960819588,-0.13429754807253913,0.13566320223823025,False,188.13658111317318
2020-04-25 14:00:00,14.84602,83.96643,120.0,24.0,-172585.40084231176,651091.5901196457,-0.01059393733988636,-0.12810107950552393,0.12853839145890228,False,184.7275929926197
2020-04-25 15:00:00,14.84398,83.96242,120.0,24.0,-172676.79156774326,651530.0312088211,-0.005145653379001917,-0.12097533660725211,0.12108472164536195,False,182.4355924396299
2020-04-25 16:00:00,14.84287,83.95862,120.0,24.0,-172772.73389253672,651943.0353598999,-0.004561906637096554,-0.11524382901989592,0.11533408481161408,False,182.26685979170094
2020-04-25 17:00:00,14.84119,83.95498,120.0,24.0,-172857.59956190875,652340.5135437748,-0.007526198105598365,-0.11028684567955639,0.11054334890834001,False,183.90392758284605
2020-04-25 18:00:00,14.83827,83.9515,120.0,24.0,-172923.7454984426,652724.4901475447,-0.012310403176779944,-0.1057945387090877,0.10650835857829904,False,186.637170174144
2020-04-25 19:00:00,14.83367,83.94815,120.0,24.0,-172966.99058174534,653099.5314244297,-0.01850840325767915,-0.10424523060573211,0.10587553586731514,False,190.06776682026617
2020-04-25 20:00:00,14.82697,83.94477,120.0,24.0,-172987.0813726232,653484.1583246697,-0.02568014601416286,-0.10718791641221731,0.11022122900830497,False,193.47301035302917
2020-04-25 21:00:00,14.818,83.94123,120.0,24.0,-172985.74227168076,653892.9027018818,-0.03202320863682272,-0.11028572017394214,0.1148408723655587,False,196.1914935059843
2020-04-25 22:00:00,14.80744,83.93765,120.0,24.0,-172967.2619334363,654310.7750386861,-0.03540374570644381,-0.1090466611949407,0.11464989981596463,False,197.98685247668726
2020-04-25 23:00:00,14.79642,83.93419,120.0,24.0,-172939.95892775527,654717.1113677794,-0.03374739430988104,-0.10285122469074265,0.10824629805721867,False,198.16562269025934
2020-04-26 00:00:00,14.78688,83.93101,120.0,24.0,-172921.45832034046,655088.8012859948,-0.025962452059954517,-0.09262826493391571,0.09619794374950598,False,195.65746710406134
2020-04-26 01:00:00,14.78061,83.92821,120.0,24.0,-172929.43516203627,655409.6566089723,-0.014505774671369903,-0.08116561139633824,0.08245164626711797,False,190.1328228095295
2020-04-26 02:00:00,14.77805,83.92577,120.0,24.0,-172969.56208054654,655680.5009995073,-0.0026607056671949687,-0.07094204523414643,0.07099192303812542,False,182.14789107127666
2020-04-26 03:00:00,14.77899,83.92363,120.0,24.0,-173041.19985709392,655908.4297433157,0.006216578112226262,-0.06164808778961006,0.06196073411073242,False,174.24177275716875
2020-04-26 04:00:00,14.78183,83.92179,120.0,24.0,-173126.0670441372,656098.2650823102,0.009721058784597694,-0.05312889937072781,0.054010914936136065,False,169.63121714966542
2020-04-26 05:00:00,14.7849,83.9202,120.0,24.0,-173206.47294615742,656260.4402003743,0.009262818163326818,-0.04987612585215091,0.050728963426690026,False,169.4790945608641
2020-04-26 06:00:00,14.78746,83.91857,120.0,24.0,-173282.1923362697,656428.4640930563,0.006862441850130211,-0.05560719502388625,0.056029039315081415,False,172.9647425963425
2020-04-26 07:00:00,14.78907,83.91661,120.0,24.0,-173356.43460284805,656634.9403870563,0.00335779321349294,-0.06567525322445948,0.06576103452167897,False,177.07317445269962
2020-04-26 08:00:00,14.7895,83.91433,120.0,24.0,-173426.27087573276,656879.4897715616,-0.0007584369476179922,-0.07434921197543232,0.07435308028569684,False,180.58445446480494
2020-04-26 09:00:00,14.78861,83.91181,120.0,24.0,-173487.80369503007,657153.9138056686,-0.005223832489087718,-0.0808546132291796,0.08102318746083909,False,183.69661217451915
2020-04-26 10:00:00,14.78633,83.90911,120.0,24.0,-173538.50187566134,657451.9591599819,-0.009379694276784114,-0.08503660926892664,0.08555234409811363,False,186.29438520065537
2020-04-26 11:00:00,14.78292,83.90632,120.0,24.0,-173578.76522484142,657763.1375032682,-0.010784480899149317,-0.08503661290462644,0.08571773773587003,False,187.22775855996053
2020-04-26 12:00:00,14.77979,83.90362,120.0,24.0,-173619.647483778,658063.7690770691,-0.007439108952793622,-0.0791506401603367,0.07949946024849879,False,185.36926956276653
2020-04-26 13:00:00,14.77841,83.90121,120.0,24.0,-173672.35605928893,658327.8303992642,-0.0009063811226838955,-0.06877260475272862,0.06877857726948551,False,180.75507982678448
2020-04-26 14:00:00,14.77924,83.89918,120.0,24.0,-173739.64424150597,658544.2162846241,0.006472737371260372,-0.05669073133743122,0.05705905141737038,False,173.48638705244514
2020-04-26 15:00:00,14.78233,83.89755,120.0,24.0,-173821.54106111082,658710.6112186706,0.012716077512260721,-0.04414431655721396,0.04593930029507782,False,163.9305860430801
2020-04-26 16:00:00,14.78694,83.89633,120.0,24.0,-173909.2655694659,658828.1753348664,0.01630246771206162,-0.03237250964642283,0.036245687113235295,False,153.27063799605162
2020-04-26 17:00:00,14.7922,83.89546,120.0,24.0,-173994.51992183444,658906.0161959701,0.01729591241860562,-0.023233921703212767,0.028964870172384638,False,143.33508094295036
2020-04-26 18:00:00,14.79741,83.89483,120.0,24.0,-174072.3789963578,658958.1210481019,0.016141291756238765,-0.017812752867105697,0.024038208424601942,False,137.81823335840897
2020-04-26 19:00:00,14.80197,83.89431,120.0,24.0,-174139.63864646526,659000.3323993977,0.013218221730450673,-0.016573643945395327,0.02119922308350232,False,141.42607434505038
2020-04-26 20:00:00,14.80541,83.89376,120.0,24.0,-174194.87826854835,659049.1770213776,0.009121325903829356,-0.018277437024439864,0.020427023533208005,False,153.47858305098316
2020-04-26 21:00:00,14.80749,83.89313,120.0,24.0,-174236.7598313052,659110.7787865319,0.005569167472829619,-0.019361609801515706,0.020146651345734172,False,163.95266427915584
2020-04-26 22:00:00,14.80878,83.89251,120.0,24.0,-174269.27229357391,659173.7030836057,0.004131888825583285,-0.016883288477904705,0.017381540066839007,False,166.2481607745798
2020-04-26 23:00:00,14.80999,83.89204,120.0,24.0,-174296.59118833387,659220.6969491413,0.004644672271390806,-0.012856060882811524,0.013669355578489546,False,160.13608936935015
2020-04-27 00:00:00,14.81159,83.89168,120.0,24.0,-174325.2635558684,659254.6434876199,0.007322839609527815,-0.009293469153935734,0.011831844693961481,False,141.76346504248528
2020-04-27 01:00:00,14.81442,83.89144,120.0,24.0,-174364.6694119975,659271.9079752569,0.015472125851227711,4.995731430978111e-07,0.015472125859292968,False,89.99815000001144
2020-04-27 02:00:00,14.82095,83.89168,120.0,24.0,-174432.95892557557,659226.1564245463,0.030742855904427234,0.02013750972955344,0.036751088246040224,False,56.773976441657624
2020-04-27 03:00:00,14.83302,83.89274,120.0,24.0,-174541.5653382701,659075.1209385697,0.044801699922909735,0.04290640073216853,0.062033471124642726,False,46.237921535158364
2020-04-27 04:00:00,14.84806,83.89445,120.0,24.0,-174665.69579708407,658844.9455584076,0.049582738875391705,0.058704296489226815,0.0768416711210807,False,40.185057169777565
2020-04-27 05:00:00,14.86303,83.89653,120.0,24.0,-174778.32829982875,658575.0809770445,0.04841076121886313,0.06737811835305225,0.08296633434464669,False,35.697011750125625
2020-04-27 06:00:00,14.87737,83.8988,120.0,24.0,-174878.1528034811,658286.646237783,0.04570225763256186,0.07140527900840975,0.0847785953114458,False,32.620881925206845
2020-04-27 07:00:00,14.89071,83.90114,120.0,24.0,-174964.3534304272,657993.7119060189,0.03903502758120815,0.07233408790058876,0.08219460840393232,False,28.35347929273223
2020-04-27 08:00:00,14.90102,83.90347,120.0,24.0,-175015.9320899678,657711.1069207366,0.02608669057698588,0.07171453671191982,0.07631179594967412,False,19.989229240913744
2020-04-27 09:00:00,14.90652,83.90577,120.0,24.0,-175013.08332888424,657446.4321521274,0.012057861984924916,0.07295447769794629,0.0739442212199685,False,9.384960672108036
2020-04-27 10:00:00,14.90833,83.90818,120.0,24.0,-174964.70455973866,657181.1788229862,0.0036276952061767877,0.07868598088597471,0.07876956112926424,False,2.63966395328589
2020-04-27 11:00:00,14.90872,83.91085,120.0,24.0,-174892.56815353673,656892.2437139088,0.0058474885101987735,0.08782501765239856,0.08801946857099868,False,3.8091953373740353
2020-04-27 12:00:00,14.91188,83.91385,120.0,24.0,-174842.70081451378,656559.2932274571,0.020746357963515535,0.09835895062205749,0.10052310448957825,False,11.910527680896735
2020-04-27 13:00:00,14.92132,83.9172,120.0,24.0,-174854.67209017498,656169.470152453,0.03963209369476768,0.10935728191346712,0.11631731581382183,False,19.920986305037502
2020-04-27 14:00:00,14.93596,83.92091,120.0,24.0,-174915.68755428898,655724.9950105307,0.05385538588155714,0.12066462670636045,0.1321376355420239,False,24.052300767025656
2020-04-27 15:00:00,14.95406,83.92499,120.0,24.0,-175005.41016378958,655230.0965195509,0.06547445288623276,0.1318177616202582,0.14718296864558322,False,26.413789711182403
2020-04-27 16:00:00,14.97579,83.92942,120.0,24.0,-175126.23129720983,654686.403538584,0.07730397364146505,0.14173170771568938,0.1614428112762099,False,28.609141575049705
2020-04-27 17:00:00,15.00112,83.93414,120.0,24.0,-175279.39419311847,654100.459774873,0.08419216033267857,0.1482356894802904,0.17047621387507564,False,29.594905965744488
2020-04-27 18:00:00,15.02708,83.93899,120.0,24.0,-175435.49964751813,653498.5759420737,0.08219354630693082,0.1502479326233216,0.17126067941034148,False,28.680986058312726
2020-04-27 19:00:00,15.05123,83.94384,120.0,24.0,-175570.46996765016,652902.2304502195,0.0806000005635995,0.15056000759393492,0.17077668452554634,False,28.161689783458883
2020-04-27 20:00:00,15.07626,83.94871,120.0,24.0,-175714.40693624012,652301.0336559839,0.08834200547797931,0.15226661842416458,0.17603815784710275,False,30.12143813027359
2020-04-27 21:00:00,15.10518,83.95367,120.0,24.0,-175899.48182525282,651678.2029157169,0.09972521417914325,0.15335097397114403,0.18292522942714734,False,33.03623185402034
2020-04-27 22:00:00,15.13721,83.95861,120.0,24.0,-176119.89373093966,651047.944730901,0.10782039076537389,0.15211123653423309,0.1864485584411189,False,35.33000364538407
2020-04-27 23:00:00,15.17113,83.96349,120.0,24.0,-176362.86189341175,650418.2837916578,0.11552358880971306,0.15149313803250875,0.19051475124622871,False,37.32792898770106
2020-04-28 00:00:00,15.20793,83.96839,120.0,24.0,-176637.22254019417,649777.531874051,0.1267875268470558,0.15397349009214356,0.19945654317456804,False,39.46931753788351
2020-04-28 01:00:00,15.24881,83.97343,120.0,24.0,-176952.95016945523,649109.0313269111,0.1397952218251128,0.15676235786626752,0.21004080767537583,False,41.72547022716731
2020-04-28 02:00:00,15.29365,83.97851,120.0,24.0,-177311.45336041407,648423.853409737,0.1516238579947145,0.15660747045104872,0.21798094897095352,False,44.073698692192124
2020-04-28 03:00:00,15.34186,83.98354,120.0,24.0,-177708.56569739876,647733.4373618128,0.16053726947690589,0.1528888561164981,0.22169171661501463,False,46.39788873892962
2020-04-28 04:00:00,15.39225,83.98838,120.0,24.0,-178134.88456410076,647056.4643673436,0.16543804622770109,0.1459169822547593,0.2205935467097229,False,48.58758450617205
2020-04-28 05:00:00,15.44355,83.99296,120.0,24.0,-178578.13765286538,646404.3559345072,0.16674224393125836,0.13971995020590836,0.2175422726661942,False,50.03902124030617
2020-04-28 06:00:00,15.49482,83.9974,120.0,24.0,-179024.198789678,645767.1119848063,0.1654325662951676,0.13708598507772946,0.21484995065332568,False,50.35309652573096
2020-04-28 07:00:00,15.54539,84.00181,120.0,24.0,-179462.2772203895,645135.0027085259,0.1630724018006024,0.1346079103782159,0.21145188049626543,False,50.462073305203035
2020-04-28 08:00:00,15.59528,84.00609,120.0,24.0,-179895.62784109032,644518.7225469651,0.16091418472682884,0.1282573943808719,0.20577495974892207,False,51.44324081213023
2020-04-28 09:00:00,15.64459,84.01009,120.0,24.0,-180329.94421406463,643934.0728913675,0.15827978094266199,0.1180336062056938,0.19744472960597825,False,53.28708864581188
2020-04-28 10:00:00,15.69292,84.01371,120.0,24.0,-180763.8466586253,643393.0456473018,0.15486434895120127,0.10471216878076835,0.18694278500881373,False,55.935245965578986
2020-04-28 11:00:00,15.74018,84.01685,120.0,24.0,-181199.4817691242,642906.6546334809,0.15385964514450334,0.08891443949825706,0.17770359578602146,False,59.97667564113243
2020-04-28 12:00:00,15.78794,84.01945,120.0,24.0,-181656.42971417058,642476.3513407005,0.1576279914973699,0.07218701186707346,0.173371129043425,False,65.39420581379034
2020-04-28 13:00:00,15.83757,84.02151,120.0,24.0,-182150.17728276763,642097.7285870109,0.16178091125400731,0.055920791968304594,0.17117300669363553,False,70.9319053737895
2020-04-28 14:00:00,15.88793,84.02306,120.0,24.0,-182667.15260500094,641771.1127188822,0.16220780176716657,0.041048541295767044,0.16732110953686238,False,75.79878585990281
2020-04-28 15:00:00,15.93785,84.02416,120.0,24.0,-183192.55002595752,641493.7500775513,0.16303445932261953,0.027419138517557416,0.165324057788526,False,80.45333331112988
2020-04-28 16:00:00,15.98874,84.02483,120.0,24.0,-183741.66829232444,641258.9514132441,0.16802907226473224,0.014099263295270115,0.16861956692986718,False,85.20356619396921
2020-04-28 17:00:00,16.04176,84.02507,120.0,24.0,-184327.59683259806,641062.9223025845,0.17096525045495506,0.0010838560717372353,0.17096868604253165,False,89.63677094375231
2020-04-28 18:00:00,16.09447,84.0249,120.0,24.0,-184922.52910237553,640911.2934431096,0.16500233839739792,-0.011002954886876859,0.1653687899600528,False,93.81504246144368
2020-04-28 19:00:00,16.1438,84.02436,120.0,24.0,-185491.01231047604,640809.6942630798,0.15096354137891524,-0.022932582471588955,0.15269542941581352,False,98.63765509252335
2020-04-28 20:00:00,16.18782,84.02342,120.0,24.0,-186012.51521745877,640767.6751211156,0.13156026773587057,-0.034550962559016685,0.13602159042037598,False,104.71498248220689
2020-04-28 21:00:00,16.22514,84.02213,120.0,24.0,-186470.04420446817,640784.5218575151,0.1094876413099916,-0.042914636333430074,0.11759765988851961,False,111.40312953142649
2020-04-28 22:00:00,16.2555,84.02065,120.0,24.0,-186855.76309341541,640844.0900800053,0.08786239907881134,-0.04601092975415556,0.09918067769846174,False,117.63971596834142
2020-04-28 23:00:00,16.27944,84.01916,120.0,24.0,-187170.09556950323,640925.476290981,0.07132751407675549,-0.04600834698292036,0.08487863250824997,False,122.82320756928397
2020-04-29 00:00:00,16.29957,84.01768,120.0,24.0,-187441.5901520074,641018.1068424074,0.06312200795854156,-0.045851739922725024,0.07801775402214166,False,125.9946032651909
2020-04-29 01:00:00,16.31843,84.0162,120.0,24.0,-187698.96218715495,641114.7862340931,0.059089271773103164,-0.04585164150740781,0.07479248002038366,False,127.81047430624835
2020-04-29 02:00:00,16.33606,84.01472,120.0,24.0,-187942.6528606599,641215.4003271001,0.05508681717283192,-0.045541771374998735,0.07147454348371639,False,129.58146575599795
2020-04-29 03:00:00,16.35244,84.01326,120.0,24.0,-188171.80378707105,641317.8901059737,0.05463141659881111,-0.045385777888714465,0.0710243656371289,False,129.7185595331115
2020-04-29 04:00:00,16.36978,84.01179,120.0,24.0,-188412.0900406453,641418.2144466806,0.06047952370350458,-0.04600441552860511,0.07598801902623423,False,127.25883307613469
2020-04-29 05:00:00,16.38976,84.01029,120.0,24.0,-188682.95716914925,641512.9687085727,0.0646122038884759,-0.05111758019536271,0.08238776545310182,False,128.34908411064862
2020-04-29 06:00:00,16.40964,84.00849,120.0,24.0,-188962.24562051598,641640.0375327745,0.05837189350460811,-0.0642860137562625,0.08683299785210506,False,137.76045720699426
2020-04-29 07:00:00,16.42576,84.00614,120.0,24.0,-189216.87447982223,641838.2444763026,0.04153833689548446,-0.08225497453056643,0.09214832753266278,False,153.20646038945443
2020-04-29 08:00:00,16.43525,84.00318,120.0,24.0,-189416.5835780445,642123.5318470674,0.017682955035826124,-0.10115162663161804,0.1026856293208612,False,170.08396622906298
2020-04-29 09:00:00,16.43666,83.99961,120.0,24.0,-189545.04632323774,642500.756172368,-0.0029603577729064023,-0.11973817461917345,0.11977476436743793,False,181.41626895386082
2020-04-29 10:00:00,16.43343,83.99545,120.0,24.0,-189640.07994770992,642956.4458348237,-0.012107592834023819,-0.1369318956988053,0.1374661335162337,False,185.05298298985593
2020-04-29 11:00:00,16.42921,83.99077,120.0,24.0,-189740.3477778942,643471.0523130764,-0.016395065152503236,-0.1521116599344315,0.15299266403773404,False,186.1517675764846
2020-04-29 12:00:00,16.42335,83.98563,120.0,24.0,-189836.61231377008,644040.3190844326,-0.02357224616795738,-0.16372842371699542,0.16541658780864382,False,188.19267022648216
2020-04-29 13:00:00,16.41473,83.9802,120.0,24.0,-189910.84994870774,644649.784113488,-0.03053077539758738,-0.16667125308319236,0.1694444889947722,False,190.3803363812798
2020-04-29 14:00:00,16.40461,83.97487,120.0,24.0,-189964.86538170438,645253.5593463863,-0.03154803449994725,-0.1579971330426244,0.1611160219546728,False,191.2920114147455
2020-04-29 15:00:00,16.39538,83.97,120.0,24.0,-190014.22454033347,645805.204264683,-0.02127152553171254,-0.144521339196232,0.14607838745522433,False,188.3730214087086
2020-04-29 16:00:00,16.39157,83.96554,120.0,24.0,-190111.64911895784,646295.0308370532,0.0019208887470296143,-0.13398678503816194,0.1340005536497558,False,179.178640798074
2020-04-29 17:00:00,16.39655,83.96135,120.0,24.0,-190299.73281686878,646726.7962329467,0.02510696951263449,-0.1298032177543488,0.13220905890857573,False,169.0528445089392
2020-04-29 18:00:00,16.40693,83.95716,120.0,24.0,-190548.88513962776,647140.5769434111,0.03602750672709785,-0.1315075989470027,0.1363533271386393,False,164.67928928688792
2020-04-29 19:00:00,16.41858,83.95286,120.0,24.0,-190816.01433034148,647561.8259287104,0.040126817573512365,-0.12995832743383284,0.13601223605976503,False,162.84104832503874
2020-04-29 20:00:00,16.43145,83.94877,120.0,24.0,-191090.49499470144,647956.4592553683,0.04486916101331666,-0.11834058231724942,0.1265611908652278,False,159.2356379146695
2020-04-29 21:00:00,16.44598,83.94522,120.0,24.0,-191366.89652042853,648287.6965761175,0.04771328485377081,-0.10687863810301167,0.11704529394337737,False,155.94282616222483
2020-04-29 22:00:00,16.46057,83.94187,120.0,24.0,-191637.83709895087,648597.243094245,0.04526387560949537,-0.1057948218726881,0.11507112048757356,False,156.8365403270725
2020-04-29 23:00:00,16.47359,83.93839,120.0,24.0,-191895.27767600075,648925.8545506401,0.04054875689712985,-0.10718855493657659,0.11460186732900138,False,159.27868447405677
2020-04-30 00:00:00,16.48529,83.93495,120.0,24.0,-192136.6536082985,649254.5309244064,0.03722334708274353,-0.10223147807778295,0.10879730087649513,False,159.99300648160977
2020-04-30 01:00:00,16.49627,83.93179,120.0,24.0,-192361.14168451028,649555.6109864179,0.03479591656447327,-0.09324737371067683,0.09952802878335534,False,159.5365848342023
2020-04-30 02:00:00,16.50648,83.92893,120.0,24.0,-192567.51254672202,649827.1378797609,0.032627519600196234,-0.08426323496293633,0.09035954737425485,False,158.8331266011087
2020-04-30 03:00:00,16.51613,83.92635,120.0,24.0,-192758.75484828211,650070.5570826594,0.034088826495397004,-0.074194354652492,0.08165078293643632,False,155.3234375305101
2020-04-30 04:00:00,16.52722,83.92414,120.0,24.0,-192954.69020103876,650269.5211822895,0.041977544433554406,-0.06195676976622157,0.07483819583966213,False,145.8811982149109
2020-04-30 05:00:00,16.54166,83.92235,120.0,24.0,-193175.40533407184,650412.2375485073,0.052680890557220805,-0.052817692897864185,0.07459882648510612,False,135.07429665969346
2020-04-30 06:00:00,16.55925,83.92073,120.0,24.0,-193426.5669608771,650526.07749465,0.06166182268216612,-0.051733593320339666,0.08048940957865941,False,129.99628138824693
2020-04-30 07:00:00,16.57914,83.91901,120.0,24.0,-193707.11706954718,650642.737886845,0.06725730565454939,-0.054522248625571146,0.08658071817153098,False,129.03001183062986
2020-04-30 08:00:00,16.60012,83.91721,120.0,24.0,-194002.70040467358,650764.1412237035,0.06865917417856525,-0.056691511168218876,0.08903937127708644,False,129.54630436250585
2020-04-30 09:00:00,16.62085,83.91535,120.0,24.0,-194297.47253419698,650892.6747688011,0.0658478646985454,-0.0600998263788684,0.08915116609516707,False,132.38693131949492
2020-04-30 10:00:00,16.64011,83.91333,120.0,24.0,-194580.76986022422,651043.1688519618,0.059165451620784563,-0.06660581567414171,0.08908919882403894,False,138.38555224978973
2020-04-30 11:00:00,16.65677,83.91105,120.0,24.0,-194842.95121147676,651230.1672117198,0.04953016236336402,-0.07171731093491521,0.08715853183410395,False,145.3698583648635
2020-04-30 12:00:00,16.67017,83.9087,120.0,24.0,-195070.43263058766,651435.6463885029,0.03860319670505491,-0.07125227867970885,0.08103760863265928,False,151.55196585207528
2020-04-30 13:00:00,16.68019,83.90645,120.0,24.0,-195256.37764542736,651641.891315143,0.030076550339571188,-0.06737919323739888,0.07378722492174035,False,155.94509439645032
2020-04-30 14:00:00,16.68841,83.90435,120.0,24.0,-195417.1183048621,651838.206634589,0.027465279340058373,-0.06273179615689733,0.06848079890230513,False,156.355201006406
2020-04-30 15:00:00,16.69684,83.9024,120.0,24.0,-195575.50285041376,652017.7489942224,0.03178126927842643,-0.05483156404852517,0.06337625338370334,False,149.902719262088
2020-04-30 16:00:00,16.70767,83.90081,120.0,24.0,-195749.7212137307,652150.6057874799,0.042154386542795026,-0.04150994608220218,0.05916137192921333,False,134.5586770710869
2020-04-30 17:00:00,16.72238,83.89972,120.0,24.0,-195952.1236165234,652216.7472855488,0.05264476441347306,-0.030512803213476256,0.06084819126395136,False,120.09649759096214
2020-04-30 18:00:00,16.73956,83.89884,120.0,24.0,-196175.9469342901,652251.9436309427,0.057325589344407214,-0.028500132860732833,0.06401937805667154,False,116.43484183229663
2020-04-30 19:00:00,16.7571,83.89788,120.0,24.0,-196406.4796962591,652294.3732847772,0.05550116968878019,-0.031134191018269863,0.06363739220917909,False,119.29088200942658
2020-04-30 20:00:00,16.77317,83.89683,120.0,24.0,-196623.2166948132,652351.3776604562,0.04827577582794175,-0.03237383250961334,0.058125859676654956,False,123.84588484071071
2020-04-30 21:00:00,16.78633,83.89579,120.0,24.0,-196806.54354566566,652417.2404780865,0.03842210749330575,-0.03175404509914788,0.04984553866080553,False,129.57211302954852
2020-04-30 22:00:00,16.79643,83.89478,120.0,24.0,-196954.0967042391,652490.3702091575,0.028796373069309558,-0.030204772659705864,0.04173199484054616,False,136.3674315914286
2020-04-30 23:00:00,16.80376,83.89384,120.0,24.0,-197067.8760845724,652565.5231239387,0.02048921267368259,-0.026487044155681292,0.03348688316479164,False,142.27604008650417
2020-05-01 00:00:00,16.80883,83.89307,120.0,24.0,-197150.45219594246,652630.2859386366,0.014311207846838023,-0.019826434556111428,0.024451956511558896,False,144.1773229274155
2020-05-01 01:00:00,16.81242,83.89256,120.0,24.0,-197207.79480563483,652672.3771973498,0.01193273794035563,-0.011926721097796869,0.01687118581777332,False,134.98555123664988
2020-05-01 02:00:00,16.81605,83.8923,120.0,24.0,-197257.53326968942,652687.6376701375,0.014280326758655633,-0.004801495955890396,0.015065924988144866,False,108.58426707805165
2020-05-01 03:00:00,16.82106,83.89225,120.0,24.0,-197316.21781324182,652675.7243252307,0.01857767217892875,0.0020138004239419636,0.018686500360827658,False,83.81335310110114
2020-05-01 04:00:00,16.82729,83.89243,120.0,24.0,-197381.37350011864,652635.0509507289,0.021932188269046474,0.009293706508420835,0.02382003070807348,False,67.03532688195412
2020-05-01 05:00:00,16.83433,83.89285,120.0,24.0,-197447.99707830077,652565.9612934076,0.024888815343049254,0.017038394215405896,0.030162228144153758,False,55.605224561760565
2020-05-01 06:00:00,16.84235,83.89353,120.0,24.0,-197517.36583057532,652465.7345463254,0.02804235106237503,0.024163474458166283,0.03701684685377646,False,49.24925083083758
2020-05-01 07:00:00,16.8513,83.89441,120.0,24.0,-197590.83343309417,652340.9471212118,0.028700001631198954,0.027260976974129044,0.03958346825651861,False,46.47302415640388
2020-05-01 08:00:00,16.85972,83.89529,120.0,24.0,-197658.23369025142,652217.9810401222,0.02395530554037896,0.024162776721941105,0.03402493853700973,False,44.75295878697648
2020-05-01 09:00:00,16.8658,83.89597,120.0,24.0,-197705.44112241114,652124.4290824116,0.013347723690663536,0.01920623035561749,0.023388907888042643,False,34.79808067152618
2020-05-01 10:00:00,16.8678,83.89653,120.0,24.0,-197710.08286323224,652057.7615989379,-0.0023445938474400104,0.01719321562819983,0.017352342318754217,False,352.2346231461885
2020-05-01 11:00:00,16.86438,83.89708,120.0,24.0,-197653.36653624033,652010.8621081851,-0.019933347950433777,0.017194019235935568,0.02632437383868389,False,310.7802529798397
2020-05-01 12:00:00,16.85573,83.89764,120.0,24.0,-197536.82057021244,651980.9248863054,-0.03591720949330873,0.017039615837244976,0.03975417519792251,False,295.3803028673177
2020-05-01 13:00:00,16.84263,83.89818,120.0,24.0,-197370.29863568518,651968.433206023,-0.04778662225715853,0.017039368221959977,0.05073363121393834,False,289.62480761954623
2020-05-01 14:00:00,16.82679,83.89874,120.0,24.0,-197171.96898931073,651963.1944272127,-0.052950555028234966,0.017503089430186077,0.05576844463851606,False,288.29157976591296
2020-05-01 15:00:00,16.81056,83.89931,120.0,24.0,-196968.89704603187,651958.1689758145,-0.04753173466659134,0.015177995723162706,0.04989626593832033,False,287.7094999909933
2020-05-01 16:00:00,16.798,83.89972,120.0,24.0,-196812.76009038417,651957.5581701401,-0.03027753002694961,0.007433075888400314,0.031176584830535134,False,283.79322019298695
2020-05-01 17:00:00,16.79222,83.89979,120.0,24.0,-196744.73424635068,651969.935602204,-0.011935624514876262,-0.004492350102232714,0.012753052262150637,False,249.37458317339158
2020-05-01 18:00:00,16.79077,83.89943,120.0,24.0,-196739.83254068915,652013.3510713447,-0.0033513342994377538,-0.01827740456448232,0.018582113959405885,False,190.3903038593964
2020-05-01 19:00:00,16.79019,83.89861,120.0,24.0,-196759.6488925389,652102.8929036733,-0.0036988995211529787,-0.02973941856998417,0.029968564772913386,False,187.08986727555475
2020-05-01 20:00:00,16.78853,83.89751,120.0,24.0,-196776.18930985298,652226.0397180388,-0.009298295613688508,-0.03500561008785418,0.036219484244566724,False,194.87557564320343
2020-05-01 21:00:00,16.78456,83.89635,120.0,24.0,-196768.35403824874,652363.5278558516,-0.01669963034795371,-0.03438589089357208,0.03822652412007845,False,205.90369278608992
2020-05-01 22:00:00,16.77842,83.89529,120.0,24.0,-196732.56856229907,652497.7920303512,-0.023062404237038977,-0.029893961746991216,0.03775610464710531,False,217.64924036586194
2020-05-01 23:00:00,16.7706,83.89442,120.0,24.0,-196671.50631855815,652617.5350491022,-0.027906913186334065,-0.026176557086324933,0.03826235675547462,False,226.83250619197318
2020-05-02 00:00:00,16.76153,83.8936,120.0,24.0,-196594.56638016284,652736.223508071,-0.031100171546352834,-0.026796235580346918,0.04105190508965478,False,229.25146616119898
2020-05-02 01:00:00,16.75178,83.89269,120.0,24.0,-196512.73846489424,652866.8472842905,-0.03140183219462285,-0.028500363229221982,0.04240690709515185,False,227.77305530706258
2020-05-02 02:00:00,16.74253,83.89176,120.0,24.0,-196437.2127716341,652997.8837583336,-0.02771993182348856,-0.027571277375469796,0.0390969302684232,False,225.15404351032748
2020-05-02 03:00:00,16.73501,83.89091,120.0,24.0,-196378.80149378642,653114.4395990156,-0.02071437246618575,-0.028500653787358495,0.03523311642439179,False,216.00978215090572
2020-05-02 04:00:00,16.73,83.88992,120.0,24.0,-196353.4738244409,653237.342603981,-0.011606800021824095,-0.035470642522453466,0.03732136502999722,False,198.1192720466433
2020-05-02 05:00:00,16.72799,83.88862,120.0,24.0,-196372.28652822788,653383.0744379667,-0.0021986109258374607,-0.04367965511384309,0.04373495353681642,False,182.8815452195032
2020-05-02 06:00:00,16.72867,83.8871,120.0,24.0,-196428.8338850219,653543.0837072835,0.0056749711565645625,-0.048481124006738645,0.04881213663203661,False,173.32360948101166
2020-05-02 07:00:00,16.73142,83.88549,120.0,24.0,-196511.8916026361,653705.6045710468,0.010590352522119246,-0.050184916562838994,0.05129016881393421,False,168.08389684523104
2020-05-02 08:00:00,16.73507,83.88386,120.0,24.0,-196605.87849243364,653867.1666158759,0.01173473795883243,-0.05111433086414069,0.052444054902832486,False,167.0701887322491
2020-05-02 09:00:00,16.73851,83.88219,120.0,24.0,-196698.7743319895,654033.7120037089,0.010330455252083839,-0.05142410829712637,0.05245147490652562,False,168.6411873262249
2020-05-02 10:00:00,16.74131,83.88054,120.0,24.0,-196783.7408540721,654200.3106846967,0.007865693772077307,-0.05095939133642216,0.05156286167286212,False,171.22551640328516
2020-05-02 11:00:00,16.74326,83.8789,120.0,24.0,-196858.695058534,654368.7550714351,0.005234068575612618,-0.05002997643581667,0.05030302193728113,False,174.02751940589656
2020-05-02 12:00:00,16.74447,83.87731,120.0,24.0,-196923.6007705667,654534.3987412757,0.0033301633113262084,-0.048635892294918895,0.048749769302049564,False,176.08299661166018
2020-05-02 13:00:00,16.74527,83.87576,120.0,24.0,-196982.54333286532,654697.1777242899,0.003828664204629559,-0.047396688905505094,0.0475510755798125,False,175.38172342706764
2020-05-02 14:00:00,16.74678,83.87425,120.0,24.0,-197048.31997922214,654853.2416355725,0.007758775469666966,-0.0464672172792674,0.047110517705363335,False,170.52059564468027
2020-05-02 15:00:00,16.74995,83.87276,120.0,24.0,-197132.43930333943,655001.4554585647,0.012651948632780565,-0.04584758832589038,0.047561256916810325,False,164.57280090837662
2020-05-02 16:00:00,16.75441,83.87129,120.0,24.0,-197230.68310848426,655143.0856654827,0.016568980835251226,-0.04522797849076883,0.048167428458247286,False,159.88001452805236
2020-05-02 17:00:00,16.75994,83.86984,120.0,24.0,-197340.54437354245,655278.8835107009,0.022778089584136504,-0.04646669385594392,0.05174934785101127,False,153.88579063490943
2020-05-02 18:00:00,16.76814,83.86829,120.0,24.0,-197484.19333650632,655416.1421161371,0.03378613761655305,-0.05064806629271998,0.06088291808246726,False,146.29367676380338
2020-05-02 19:00:00,16.7803,83.86657,120.0,24.0,-197678.66711090656,655557.8635868056,0.044134835365497886,-0.05281678448560721,0.06882947345533512,False,140.1171474733481
2020-05-02 20:00:00,16.79473,83.86488,120.0,24.0,-197898.22117354797,655688.4888884096,0.04837893520430233,-0.04894523848783182,0.0688197481987025,False,135.33338502302763
2020-05-02 21:00:00,16.80944,83.86341,120.0,24.0,-198113.96330172106,655794.5905257344,0.04925436869077108,-0.043524057251244905,0.06572926589226488,False,131.46570714823366
2020-05-02 22:00:00,16.82439,83.86207,120.0,24.0,-198328.32413592565,655885.916547204,0.05047813220971464,-0.041045671650712046,0.06505988773921684,False,129.11586003934457
2020-05-02 23:00:00,16.83983,83.86076,120.0,24.0,-198547.38685045173,655972.275102398,0.05126950926097514,-0.03996163906010543,0.06500380893633356,False,127.93436896010166
2020-05-03 00:00:00,16.85525,83.85949,120.0,24.0,-198764.98803303123,656054.3633070434,0.05000003032019325,-0.03748369349804141,0.062490241720410684,False,126.85792013849266
2020-05-03 01:00:00,16.86992,83.85834,120.0,24.0,-198970.175335447,656126.1798399471,0.046253168239851705,-0.034231266937136726,0.05754246439235581,False,126.50458062482204
2020-05-03 02:00:00,16.88308,83.85728,120.0,24.0,-199155.20370058747,656193.5789024136,0.041074738061280335,-0.031133421150588862,0.051540508528173504,False,127.1610373857863
2020-05-03 03:00:00,16.89463,83.85633,120.0,24.0,-199318.26760290438,656254.7908600781,0.03975147982636513,-0.02679563703541557,0.04793940250482528,False,123.9830817119169
2020-05-03 04:00:00,16.90699,83.85555,120.0,24.0,-199485.12920172507,656295.0044521539,0.04644089197426581,-0.020444131556819768,0.050741688604913224,False,113.75997367075018
2020-05-03 05:00:00,16.92256,83.85501,120.0,24.0,-199680.99762124906,656298.3840339305,0.056372533384346495,-0.014248484737655076,0.058145350953351806,False,104.18475452899202
2020-05-03 06:00:00,16.94089,83.85463,120.0,24.0,-199903.29787509088,656275.0075756259,0.06430878137169124,-0.010531361891574375,0.06516539683607618,False,99.3003428002213
2020-05-03 07:00:00,16.96123,83.85433,120.0,24.0,-200146.0228596704,656236.0014391642,0.07262727187915545,-0.007742581575700536,0.07303881290153298,False,96.08515262594454
2020-05-03 08:00:00,16.98456,83.85413,120.0,24.0,-200419.7312603035,656175.7817845693,0.08402203900666076,-0.004488965609993335,0.08414186740906411,False,93.0581796627277
2020-05-03 09:00:00,17.01175,83.85404,120.0,24.0,-200734.03665132175,656090.195388302,0.09451843417299158,-0.0024762111470793026,0.09455086472454423,False,91.50070199315161
2020-05-03 10:00:00,17.04139,83.85397,120.0,24.0,-201075.70323513146,655993.7284332534,0.09979278558547601,-0.0037167206614910388,0.09986197508253251,False,92.13296004249793
2020-05-03 11:00:00,17.07175,83.8538,120.0,24.0,-201428.8398547658,655905.2130817506,0.10104296529220315,-0.006815110330389201,0.10127253607892293,False,93.8586214408291
2020-05-03 12:00:00,17.10214,83.85353,120.0,24.0,-201785.56205702803,655827.0609377843,0.09983309990814364,-0.009913587022429195,0.10032410998818113,False,95.67097148971834
2020-05-03 13:00:00,17.13177,83.85316,120.0,24.0,-202136.84488024714,655762.0533740746,0.09350122042393796,-0.013168089772272578,0.0944239207458389,False,98.01643440634774
2020-05-03 14:00:00,17.15835,83.85268,120.0,24.0,-202456.82873127377,655719.3571503556,0.07988348482772722,-0.016421858813712973,0.08155396124725793,False,101.61660926681765
2020-05-03 15:00:00,17.17979,83.8521,120.0,24.0,-202721.2889462782,655705.348058168,0.06360265825960872,-0.017814856940113425,0.0660504902743748,False,105.64735250144793
2020-05-03 16:00:00,17.19658,83.85153,120.0,24.0,-202932.22217353963,655706.6392066,0.05046400887277048,-0.016264809651700168,0.05302037555994013,False,107.86439814915866
2020-05-03 17:00:00,17.21012,83.85105,120.0,24.0,-203103.00971977017,655709.7974540428,0.04394585253508187,-0.014869627664266381,0.04639335924363613,False,108.69389038878472
2020-05-03 18:00:00,17.22299,83.85057,120.0,24.0,-203266.14235902063,655715.2885639464,0.04529784346766836,-0.016262784834221233,0.04812871069731207,False,109.74910051671259
2020-05-03 19:00:00,17.23734,83.85,120.0,24.0,-203449.19969593867,655725.0705025125,0.04851373177823271,-0.018121845167796306,0.05178786965434946,False,110.48269818117632
2020-05-03 20:00:00,17.25214,83.8494,120.0,24.0,-203638.41702982236,655736.3975947624,0.04811838914653723,-0.01734787467289372,0.05115005503148574,False,109.82549306334772
2020-05-03 21:00:00,17.26625,83.84888,120.0,24.0,-203817.10870312373,655741.6056976127,0.04850499855170614,-0.012855407165197182,0.05017964106970094,False,104.84397374335316
2020-05-03 22:00:00,17.28128,83.84857,120.0,24.0,-203999.38762031237,655721.127852433,0.05368394786933975,-0.00464564685710705,0.053884583078640746,False,94.94588243413995
2020-05-03 23:00:00,17.2985,83.84858,120.0,24.0,-204196.12096245922,655658.7223409511,0.056164390095742145,0.004181662393753364,0.056319845660317905,False,85.74195756768819
2020-05-04 00:00:00,17.31502,83.84884,120.0,24.0,-204376.52778495723,655572.138292397,0.048788656982347224,0.010840649687959869,0.04997852274525732,False,77.47261813143149
2020-05-04 01:00:00,17.32781,83.84928,120.0,24.0,-204508.24990586107,655479.6575244331,0.037250350947919994,0.018430768961400085,0.041560580966243876,False,63.67466541374398
2020-05-04 02:00:00,17.3374,83.85003,120.0,24.0,-204593.0347073973,655365.5782630444,0.029007656180812857,0.029273618817690052,0.04121151387400938,False,44.73853641975825
2020-05-04 03:00:00,17.34524,83.85117,120.0,24.0,-204644.80694554842,655216.2250772428,0.025424830818663143,0.03949668301543858,0.04697243863564758,False,32.77022069080567
2020-05-04 04:00:00,17.35268,83.85258,120.0,24.0,-204682.98835157842,655039.5588834798,0.025502262912564744,0.044918027345862005,0.051652633953218514,False,29.585794946115016
2020-05-04 05:00:00,17.36057,83.85407,120.0,24.0,-204723.60849557348,654852.770602126,0.024914584666762225,0.04662157129235168,0.05286120920755685,False,28.12006335107793
2020-05-04 06:00:00,17.36766,83.85559,120.0,24.0,-204754.04148555946,654665.649335884,0.020402810211070523,0.04770566874015051,0.05188550370242094,False,23.15547750829785
2020-05-04 07:00:00,17.37284,83.85715,120.0,24.0,-204761.28163953585,654481.0993992377,0.016606772610378923,0.05018423011947903,0.052860588808843756,False,18.310214004298587
2020-05-04 08:00:00,17.37765,83.85883,120.0,24.0,-204760.2678622527,654285.1040301756,0.018229853838427273,0.05591546910024219,0.05881213527555823,False,18.05727528027205
2020-05-04 09:00:00,17.38381,83.86076,120.0,24.0,-204766.30432696853,654057.6818144057,0.02229457357452918,0.06257579390196662,0.06642874372838536,False,19.61002319898995
2020-05-04 10:00:00,17.39107,83.86287,120.0,24.0,-204778.84690679974,653807.1780628145,0.02446314320499641,0.06706750637364484,0.0713897456687377,False,20.03964491412728
2020-05-04 11:00:00,17.39854,83.86509,120.0,24.0,-204790.05649608912,653544.2247314457,0.022994346463621605,0.06861621987767287,0.07236660555525745,False,18.526789916547727
2020-05-04 12:00:00,17.40492,83.8673,120.0,24.0,-204789.10638583984,653286.2395192486,0.017078821199717233,0.06691234968354084,0.06905757506417641,False,14.318553421461957
2020-05-04 13:00:00,17.40883,83.86941,120.0,24.0,-204763.28586282552,653047.7313956983,0.006936812989395677,0.06304030029475571,0.06342080759264128,False,6.279435704813977
2020-05-04 14:00:00,17.4091,83.87137,120.0,24.0,-204700.96524644142,652838.1971917968,-0.006217226099795064,0.05870387178676254,0.05903218158879636,False,353.95443879104556
2020-05-04 15:00:00,17.40508,83.8732,120.0,24.0,-204594.11335521398,652657.8177962981,-0.018253458841523768,0.053902544059105384,0.05690934032057479,False,341.2919376542445
2020-05-04 16:00:00,17.39809,83.87485,120.0,24.0,-204459.46772519022,652507.1809439107,-0.025625570104124272,0.04817147435644121,0.05456336485990083,False,331.98855615595863
2020-05-04 17:00:00,17.38962,83.87631,120.0,24.0,-204314.3435933341,652382.01914615,-0.029762832002591152,0.04135622800767353,0.050952563859310795,False,324.258571222688
2020-05-04 18:00:00,17.38013,83.87752,120.0,24.0,-204165.97732149574,652287.0707159417,-0.032358498878702624,0.03330179359017571,0.04643362904195263,False,315.82307108281395
2020-05-04 19:00:00,17.37009,83.87846,120.0,24.0,-204020.37686560277,652222.787085954,-0.031359832749681106,0.025866551877142662,0.04065116992290486,False,309.51685802261466
2020-05-04 20:00:00,17.3612,83.87919,120.0,24.0,-203894.88309082124,652176.732910482,-0.024896254088738152,0.01982551142166562,0.03182568727901418,False,308.53118908839275
2020-05-04 21:00:00,17.35506,83.87974,120.0,24.0,-203806.69620207895,652140.0345547701,-0.01623159789798405,0.01471434316712402,0.021908369751346846,False,312.1930814810097
2020-05-04 22:00:00,17.3514,83.88014,120.0,24.0,-203751.73397160668,652110.4734206705,-0.009572641196176174,0.010377605400101676,0.01411843310395841,False,317.31055026097494
2020-05-04 23:00:00,17.34928,83.88041,120.0,24.0,-203718.62615071767,652089.2709733277,-0.007634350699640266,0.008828844726131402,0.011671838321500006,False,319.14984743100354
2020-05-05 00:00:00,17.34679,83.88071,120.0,24.0,-203680.3117774348,652066.188804833,-0.011707393380523866,0.011152409236392309,0.016169084437354594,False,313.6092616584089
2020-05-05 01:00:00,17.34221,83.88113,120.0,24.0,-203614.22576128988,652037.7581442375,-0.018677771465981017,0.013475917866728492,0.023031706608200506,False,305.81025834075604
2020-05-05 02:00:00,17.33551,83.88158,120.0,24.0,-203523.02357098553,652013.6584224494,-0.025630790597352224,0.012236906755338419,0.028402100513591703,False,295.52120632601304
2020-05-05 03:00:00,17.32673,83.88192,120.0,24.0,-203411.81407341323,652008.6417531986,-0.034950472262739736,0.009759259380290056,0.036287444867892246,False,285.60138723252066
2020-05-05 04:00:00,17.3144,83.88221,120.0,24.0,-203261.87241698682,652021.5248220344,-0.04834209588646855,0.009140526461031674,0.04919865301694082,False,280.7070864054565
2020-05-05 05:00:00,17.29753,83.88251,120.0,24.0,-203059.93653881885,652049.4008908957,-0.0595148269804686,0.008210409638758796,0.06007849413019052,False,277.8547001637513
2020-05-05 06:00:00,17.27845,83.88274,120.0,24.0,-202835.16860525846,652092.4929327944,-0.062641937395622,0.004801469220896639,0.06282568286422555,False,274.38311883060237
2020-05-05 07:00:00,17.25969,83.88282,120.0,24.0,-202619.00004017277,652150.3510159868,-0.06174722908923475,-1.185461774022567e-07,0.06174722908934855,False,269.9998899999929
2020-05-05 08:00:00,17.24115,83.88274,120.0,24.0,-202410.60834695125,652224.4020205372,-0.06178110425192909,-0.0048015147632874955,0.06196740584056911,False,265.5560095346112
2020-05-05 09:00:00,17.22237,83.88251,120.0,24.0,-202204.4105369716,652315.2116796918,-0.06140320395220722,-0.011307347735556802,0.06243564341311106,False,259.56592594736713
2020-05-05 10:00:00,17.20406,83.88201,120.0,24.0,-202012.43273998384,652433.0629177903,-0.0584945027365365,-0.021065927336700048,0.06217218143952971,False,250.1942681269824
2020-05-05 11:00:00,17.18704,83.88115,120.0,24.0,-201846.95561692418,652584.6690730735,-0.0540311627310116,-0.030514314159800084,0.062052315949592346,False,240.54423787142844
2020-05-05 12:00:00,17.17143,83.88004,120.0,24.0,-201705.70065318813,652757.9087644751,-0.05004887808460887,-0.035470599936447945,0.06134373364394755,False,234.6740679442969
2020-05-05 13:00:00,17.15682,83.87886,120.0,24.0,-201578.06485184527,652935.0609366404,-0.049611859354025595,-0.03779319771024016,0.06236715787759547,False,232.7006658160727
2020-05-05 14:00:00,17.14148,83.8776,120.0,24.0,-201444.660064167,653123.2824208221,-0.05502380420362356,-0.039805862488732,0.06791263297436304,False,234.1169000371854
2020-05-05 15:00:00,17.12361,83.87629,120.0,24.0,-201283.96233996734,653325.6967129114,-0.06428229822111457,-0.039960231629841914,0.07569038232496206,False,238.13340181109297
2020-05-05 16:00:00,17.10269,83.87502,120.0,24.0,-201087.0567965326,653534.515960698,-0.07427295013122129,-0.03686216936683111,0.08291737243559896,False,243.6044831155798
2020-05-05 17:00:00,17.0788,83.87391,120.0,24.0,-200850.89729363497,653736.6343395961,-0.0818125065343188,-0.032526002131507845,0.08804105315184962,False,248.31883435901435
2020-05-05 18:00:00,17.05334,83.87292,120.0,24.0,-200592.76048668267,653931.3720653844,-0.08427938055092962,-0.02927446190117974,0.08921887751844919,False,250.8453177990093
2020-05-05 19:00:00,17.02797,83.87202,120.0,24.0,-200332.57854726922,654116.0977730951,-0.08147304664732169,-0.028346180962747644,0.08626333696982452,False,250.81614273247015
2020-05-05 20:00:00,17.00421,83.87109,120.0,24.0,-200091.63637551607,654298.2983508253,-0.073855756096684,-0.029740967865120527,0.07961907986259957,False,248.0658513228188
2020-05-05 21:00:00,16.98344,83.8701,120.0,24.0,-199886.68602705706,654476.380826295,-0.06242100977098258,-0.03051561079440099,0.0694808244264881,False,243.9474880078403
2020-05-05 22:00:00,16.96658,83.86912,120.0,24.0,-199725.9821114262,654639.7056788574,-0.04880924967350679,-0.028346829173054054,0.05644364957953225,False,239.85336974395102
2020-05-05 23:00:00,16.95402,83.86827,120.0,24.0,-199610.11360778025,654774.1458431312,-0.0368529712494865,-0.025402999243093274,0.04475995822674632,False,235.4212448547582
2020-05-06 00:00:00,16.94437,83.86748,120.0,24.0,-199525.50756864794,654892.032858971,-0.030253383648006744,-0.02493766360692639,0.039206559251300066,False,230.50146742801417
2020-05-06 01:00:00,16.93579,83.86666,120.0,24.0,-199454.07434393204,655009.3857769106,-0.030008976433870623,-0.02633114417927583,0.0399232741693165,False,228.7349175440079
2020-05-06 02:00:00,16.92629,83.86578,120.0,24.0,-199374.0391236407,655136.3347582198,-0.03579038408875292,-0.027414807079594077,0.04508351406480888,False,232.54851791035395
2020-05-06 03:00:00,16.91423,83.86489,120.0,24.0,-199265.0140914589,655273.2460158985,-0.04480983415861867,-0.02400688525895419,0.050835536558194214,False,241.81980344133393
2020-05-06 04:00:00,16.8993,83.86423,120.0,24.0,-199115.65371275644,655395.573242188,-0.05419463363401291,-0.013474143613066477,0.05584452400039259,False,256.03792515307543
2020-05-06 05:00:00,16.88159,83.86402,120.0,24.0,-198919.8637421057,655479.4983452595,-0.06326342826912869,-0.0034061069866344433,0.06335505442478596,False,266.91816712565833
2020-05-06 06:00:00,16.8612,83.86401,120.0,24.0,-198686.9074063488,655551.3142405639,-0.07143499149031503,-0.002631738387260503,0.07148345302348202,False,267.8901188984996
2020-05-06 07:00:00,16.83857,83.86385,120.0,24.0,-198433.13891436296,655646.816400263,-0.07635371134109817,-0.011306508987709851,0.07718630954417309,False,261.57681400836447
2020-05-06 08:00:00,16.81522,83.86328,120.0,24.0,-198184.312862728,655788.4792892456,-0.07599510555917653,-0.023853716118543252,0.07965083704277334,False,252.57371447417287
2020-05-06 09:00:00,16.79281,83.86231,120.0,24.0,-197959.0533972337,655969.5068793255,-0.07121830728652113,-0.02307984123612244,0.07486472042452284,False,252.04395552475856
2020-05-06 10:00:00,16.77234,83.86179,120.0,24.0,-197741.41766831468,656095.7135020017,-0.06402848752364387,0.002941577679756297,0.06409602244922424,False,272.6304160361549
2020-05-06 11:00:00,16.75426,83.8625,120.0,24.0,-197511.5482236284,656082.2605775339,-0.05797874887830093,0.033145870449135605,0.06678460937464531,False,299.75617133101514
2020-05-06 12:00:00,16.73743,83.86393,120.0,24.0,-197272.89622296434,655987.5303408176,-0.056307455140963227,0.04507319622886211,0.072125741055029,False,308.67670067196286
2020-05-06 13:00:00,16.72035,83.86541,120.0,24.0,-197029.85077831568,655888.2358297363,-0.05954708613865653,0.04662289946042161,0.07562770802887764,False,308.0594712681849
2020-05-06 14:00:00,16.70156,83.86694,120.0,24.0,-196765.70735690446,655789.3866110711,-0.06739787648622181,0.05003142131233384,0.08393817292140843,False,306.58758281630094
2020-05-06 15:00:00,16.67974,83.86864,120.0,24.0,-196461.5329274134,655682.6644332288,-0.07909233714037084,0.055918307890826385,0.0968630732100698,False,305.26032306861197
2020-05-06 16:00:00,16.65389,83.87055,120.0,24.0,-196104.64493165555,655567.1638970652,-0.09305044630988106,0.06165011005171088,0.1116204355297726,False,303.52626596474505
2020-05-06 17:00:00,16.62364,83.87262,120.0,24.0,-195692.4607451253,655449.4073998543,-0.10491087455470735,0.06273336823489344,0.12223652109712661,False,300.87808215898485
2020-05-06 18:00:00,16.59062,83.8746,120.0,24.0,-195251.63874569713,655350.4575227738,-0.11119550046735645,0.056691147143111714,0.1248131623210782,False,297.01399244111565
2020-05-06 19:00:00,16.55656,83.87628,120.0,24.0,-194808.63580160475,655286.8224603941,-0.114959562439008,0.048172423016293014,0.12464462818520843,False,292.73553517907794
2020-05-06 20:00:00,16.52125,83.87771,120.0,24.0,-194359.41108330997,655253.8618366393,-0.11940526533760959,0.04182217043885096,0.12651763248876122,False,289.3030095328244
2020-05-06 21:00:00,16.48449,83.87898,120.0,24.0,-193898.7822490706,655242.6135436774,-0.12140289427435506,0.0354698929295288,0.12647836195421916,False,286.2866091351059
2020-05-06 22:00:00,16.44796,83.88,120.0,24.0,-193448.77230825002,655257.0068973473,-0.11817113709333033,0.025865117555667647,0.12096868168290162,False,282.34611167838204
2020-05-06 23:00:00,16.41314,83.88065,120.0,24.0,-193030.03876309918,655304.914020174,-0.11463109476698001,0.014094711310222684,0.11549436685135285,False,277.0097408649891
2020-05-07 00:00:00,16.37874,83.88091,120.0,24.0,-192628.3869715449,655392.8708137632,-0.11633131564613061,0.0027895203781230053,0.11636475593537605,False,271.3736380501002
2020-05-07 01:00:00,16.34289,83.88083,120.0,24.0,-192220.78006968368,655521.8314702475,-0.12315424558128585,-0.005573227068015649,0.12328028660190293,False,267.40890237180827
2020-05-07 02:00:00,16.30437,83.88055,120.0,24.0,-191788.79521786727,655680.8838583772,-0.13364091832957006,-0.009134333062802286,0.1339527196158145,False,266.0899249632672
2020-05-07 03:00:00,16.26219,83.88024,120.0,24.0,-191315.7254711008,655855.0858136817,-0.1470619468885172,-0.009752467597968467,0.1473849614000373,False,266.20596431864215
2020-05-07 04:00:00,16.21557,83.87992,120.0,24.0,-190791.9766248527,656044.8043392013,-0.16253816929764808,-0.009751213312973232,0.16283041067228818,False,266.5667478710026
2020-05-07 05:00:00,16.16405,83.87961,120.0,24.0,-190211.6126517407,656249.3031402505,-0.17824790620239503,-0.009596145594297827,0.17850602812175495,False,266.9184020497106
2020-05-07 06:00:00,16.10795,83.8793,120.0,24.0,-189578.56025782306,656468.4448989148,-0.1922205503565094,-0.010216375024534922,0.1924918551471758,False,266.9576357802881
2020-05-07 07:00:00,16.048,83.87895,120.0,24.0,-188902.36762369474,656703.9578463136,-0.20261906206665925,-0.01300659620741415,0.20303609496263328,False,266.3270879808505
2020-05-07 08:00:00,15.98563,83.87846,120.0,24.0,-188202.4421871294,656961.7332275546,-0.2080209348009312,-0.019050126165532075,0.2088913991105808,False,264.76756596485075
2020-05-07 09:00:00,15.92243,83.87772,120.0,24.0,-187500.307321823,657248.2897998303,-0.20852660483130273,-0.02710695408407572,0.21028107827901796,False,262.5934943973905
2020-05-07 10:00:00,15.85977,83.87671,120.0,24.0,-186812.19515735927,657561.3006991438,-0.2050475830389918,-0.03547290962337007,0.20809334114113315,False,260.18506602521893
2020-05-07 11:00:00,15.79869,83.87543,120.0,24.0,-186149.9620726654,657897.4329754978,-0.20020029153029253,-0.043217009111523645,0.20481178336550765,False,257.81854571386634
2020-05-07 12:00:00,15.73898,83.87392,120.0,24.0,-185509.9212073295,658253.1532585057,-0.1964196241851392,-0.049876507405821675,0.20265323771416607,False,255.75211612501994
2020-05-07 13:00:00,15.68021,83.87221,120.0,24.0,-184886.17430802554,658626.6949035452,-0.1934880436370596,-0.05467792366372797,0.20106540818020674,False,254.22020097055855
2020-05-07 14:00:00,15.6223,83.87039,120.0,24.0,-184275.05116897204,659008.6975230564,-0.19102357109320828,-0.05746555572347625,0.19948006117857983,False,253.2571547669809
2020-05-07 15:00:00,15.56505,83.8685,120.0,24.0,-183673.03494976118,659395.5417415219,-0.19071808452708847,-0.05978702687018644,0.19986964839028978,False,252.59463789820484
2020-05-07 16:00:00,15.50736,83.86653,120.0,24.0,-183067.74808766547,659791.8432181415,-0.19388465520174347,-0.0631928672965397,0.20392301978898075,False,251.94764592907487
2020-05-07 17:00:00,15.44824,83.86442,120.0,24.0,-182449.53088950476,660207.1964555775,-0.19838692158678725,-0.06985334885163855,0.21032560710115825,False,250.602496150494
2020-05-07 18:00:00,15.38788,83.86202,120.0,24.0,-181824.93580728225,660657.0926099914,-0.20157228130010663,-0.08069660210297774,0.21712513944611672,False,248.18200589950447
2020-05-07 19:00:00,15.32689,83.85921,120.0,24.0,-181204.41177660858,661152.4945164269,-0.20217860046086755,-0.09308934598682443,0.2225799021038733,False,245.27717951905228
2020-05-07 20:00:00,15.26622,83.85601,120.0,24.0,-180598.18610985563,661688.2728835043,-0.19935515069751328,-0.10393340950459731,0.2248213284385593,False,242.46480624797547
2020-05-07 21:00:00,15.20699,83.8525,120.0,24.0,-180016.74043010164,662252.3446777747,-0.1926457586471658,-0.11260899822043688,0.2231438433050583,False,239.69203994884307
2020-05-07 22:00:00,15.15042,83.84874,120.0,24.0,-179472.37932719613,662834.5002911362,-0.18234018014103637,-0.11880561028445308,0.21762976434515327,False,236.91333381421484
2020-05-07 23:00:00,15.09745,83.84483,120.0,24.0,-178973.08414781428,663421.1323724625,-0.17137849449146914,-0.12221176884812146,0.2104906288155109,False,234.50694133246995
2020-05-08 00:00:00,15.04753,83.84085,120.0,24.0,-178510.2306024114,664005.4437881589,-0.16315526113533477,-0.12282929866949505,0.2042221237960748,False,233.02621732135282
2020-05-08 01:00:00,14.99956,83.8369,120.0,24.0,-178068.24701893545,664580.1594843763,-0.15992724379644324,-0.12313612146456851,0.20183960889197133,False,232.40549585769662
2020-05-08 02:00:00,14.95164,83.8329,120.0,24.0,-177627.4449888308,665159.8315589443,-0.16288793045444394,-0.12607616364794122,0.20597979737807837,False,232.25992973146697
2020-05-08 03:00:00,14.90196,83.82876,120.0,24.0,-177169.3624923771,665759.7600014401,-0.16997956014013324,-0.13134097840093412,0.214810389582878,False,232.30720813016313
2020-05-08 04:00:00,14.84986,83.82442,120.0,24.0,-176687.9438367341,666388.4148101879,-0.17915822450789598,-0.13799972721098092,0.2261450731701374,False,232.39411438077116
2020-05-08 05:00:00,14.79476,83.81985,120.0,24.0,-176177.1525773974,667050.7672530663,-0.19163481648142494,-0.14465689446190266,0.2401031445092535,False,232.95241214815587
2020-05-08 06:00:00,14.73528,83.81508,120.0,24.0,-175619.8792793124,667747.7489185465,-0.208002200590823,-0.1505398990381661,0.25676288020865906,False,234.10516669256432
2020-05-08 07:00:00,14.67049,83.81013,120.0,24.0,-175004.48185991062,668479.9307237872,-0.22308966129838181,-0.15472406032791142,0.27149315244142325,False,235.25671829784744
2020-05-08 08:00:00,14.6021,83.80509,120.0,24.0,-174348.13470215962,669232.2407575827,-0.23176641930807787,-0.1564314337964698,0.2796184303627125,False,235.98250110284627
2020-05-08 09:00:00,14.53224,83.80003,120.0,24.0,-173673.6106146892,669990.5491921998,-0.2351033715612506,-0.15302569561118984,0.28051819697972535,False,236.94042571450518
2020-05-08 10:00:00,14.46197,83.79521,120.0,24.0,-172986.01218373646,670723.5273265901,-0.23509590471645947,-0.14218530070474247,0.2747485107347238,False,238.83457658006665
2020-05-08 11:00:00,14.39222,83.79085,120.0,24.0,-172290.21999099158,671404.5729540407,-0.23119209300777271,-0.12685419623251182,0.26370773779150136,False,241.2465958764457
2020-05-08 12:00:00,14.32437,83.78702,120.0,24.0,-171600.6896910216,672021.9598424803,-0.2232305165081768,-0.11059297284674108,0.24912380284426336,False,243.64524217210467
2020-05-08 13:00:00,14.25944,83.78371,120.0,24.0,-170929.93496270324,672573.7407821211,-0.21534526345815858,-0.09587658782871325,0.2357242087430578,False,246.00028882080946
2020-05-08 14:00:00,14.19635,83.78083,120.0,24.0,-170268.00640210917,673072.9078153084,-0.21078598285516953,-0.08425842435866177,0.2270026710054843,False,248.2117067290725
2020-05-08 15:00:00,14.13419,83.77827,91.0,24.0,-169607.40458745664,673534.0738649603,-0.205857428660962,-0.07682587877047484,0.21972595791976593,False,249.5344534476172
2020-05-08 16:00:00,14.07408,83.77587,90.0,24.0,-168965.77839657266,673971.2459056166,-0.201811691809139,-0.07217630921856552,0.21433006920000958,False,250.32082334340583
2020-05-08 17:00:00,14.01437,83.77361,90.0,24.0,-168324.34895566377,674391.4897211498,-0.20392516237276634,-0.06814569451580632,0.215010017277802,False,251.52191247512118
2020-05-08 18:00:00,13.95305,83.77147,119.0,24.0,-167660.0381244853,674802.8525699682,-0.2089206328262604,-0.06814609045636372,0.2197537723567266,False,251.9346207260594
2020-05-08 19:00:00,13.89042,83.76921,119.0,24.0,-166982.81398308527,675230.3739242762,-0.21159677665908155,-0.07589210528870557,0.22479503450402372,False,250.2689271574711
2020-05-08 20:00:00,13.82756,83.76657,120.0,24.0,-166312.27098158022,675699.035849916,-0.20937360436699606,-0.0873566575028201,0.2268666829124374,False,247.35270650938838
2020-05-08 21:00:00,13.7663,83.76357,120.0,24.0,-165669.33563695368,676201.4049484814,-0.20154006969474045,-0.09789105130968195,0.22405592520412312,False,244.0934551243232
2020-05-08 22:00:00,13.70814,83.76025,120.0,24.0,-165070.58532741092,676728.9094165266,-0.19236016208955384,-0.10749215158228176,0.22035651706021236,False,240.80324779834203
2020-05-08 23:00:00,13.65238,83.75663,120.0,24.0,-164507.1995250331,677281.5133958141,-0.1854434123156754,-0.11662879771366119,0.21906970495122252,False,237.83345201995365
2020-05-09 00:00:00,13.59838,83.75272,120.0,24.0,-163971.31912398236,677860.0570730794,-0.17657910207712285,-0.12437526473928001,0.21598468873818108,False,234.840663720903
2020-05-09 01:00:00,13.54793,83.7486,120.0,24.0,-163482.01506817216,678450.8298575527,-0.16222735210611347,-0.12824865100150803,0.20679804219350706,False,231.67190606075968
2020-05-09 02:00:00,13.50248,83.74444,120.0,24.0,-163052.09585312277,679031.3761938714,-0.1491824269268923,-0.12669610871556033,0.19572250884214273,False,229.6597656566283
2020-05-09 03:00:00,13.4598,83.74042,120.0,24.0,-162650.58034083527,679588.6201503621,-0.1437905467326172,-0.11956833547954583,0.18700884518924282,False,230.25494668634926
2020-05-09 04:00:00,13.41759,83.73672,120.0,24.0,-162245.62366052414,680109.6002237303,-0.14023281454136238,-0.11306460014440076,0.18013563245511802,False,231.12203482333138
2020-05-09 05:00:00,13.37706,83.73312,120.0,24.0,-161857.3645009739,680614.7569892781,-0.13234380813716926,-0.1133755788000094,0.17426676510592892,False,229.41417517899575
2020-05-09 06:00:00,13.33955,83.7294,120.0,24.0,-161507.45992959884,681124.2126439896,-0.12485625790337324,-0.11801983167479138,0.17180735085024662,False,226.61232409644802
2020-05-09 07:00:00,13.30348,83.7255,120.0,24.0,-161178.70754749095,681648.9841011262,-0.12311900042229647,-0.12374816186393361,0.17456201141625216,False,224.85397726916463
2020-05-09 08:00:00,13.26704,83.72141,120.0,24.0,-160849.8152206367,682195.2712402322,-0.12389542643665696,-0.12963365519010225,0.17931804496443574,False,223.7034222516348
2020-05-09 09:00:00,13.23056,83.71713,120.0,24.0,-160524.665471351,682762.15172275,-0.12236327403733084,-0.13536497894704266,0.18247314421160235,False,222.11202854591568
2020-05-09 10:00:00,13.19507,83.71267,120.0,24.0,-160215.24766246855,683345.6676488773,-0.11603396850971395,-0.1418713124681076,0.1832794346061137,False,219.27910949470316
2020-05-09 11:00:00,13.16236,83.70797,120.0,24.0,-159944.44662815734,683947.3612981396,-0.10368839124453054,-0.14915150898442833,0.181652016534942,False,214.80657660839773
2020-05-09 12:00:00,13.13417,83.70304,120.0,24.0,-159732.84126480724,684561.3452954845,-0.08710166822256844,-0.15333274276214598,0.17634520296882708,False,209.5990245327372
2020-05-09 13:00:00,13.11124,83.69807,120.0,24.0,-159584.58329983102,685164.9817462901,-0.06934858737705007,-0.1516278549263469,0.1667340186067548,False,204.57748366748586
2020-05-09 14:00:00,13.0935,83.69325,120.0,24.0,-159494.196182611,685737.8709439212,-0.0555807675554494,-0.14589531237597267,0.15612387355986124,False,200.8550070756762
2020-05-09 15:00:00,13.07867,83.68865,120.0,24.0,-159432.77476944026,686278.7755990451,-0.05017656071811849,-0.13907911509466414,0.14785360158282876,False,199.83828312785914
2020-05-09 16:00:00,13.06412,83.68427,120.0,24.0,-159368.89485387105,686795.0169211015,-0.052093354565126856,-0.13272812985170518,0.14258497131107167,False,201.4290959536802
2020-05-09 17:00:00,13.04819,83.68008,120.0,24.0,-159283.4250576193,687294.4657279764,-0.05888463216481064,-0.12777112192410495,0.14068709785523884,False,204.7430979638077
2020-05-09 18:00:00,13.02969,83.67602,120.0,24.0,-159163.57020401815,687786.9360835309,-0.06795949756490863,-0.12761567978493527,0.14458303854963747,False,208.03675213148006
2020-05-09 19:00:00,13.00848,83.67184,120.0,24.0,-159013.8710443853,688299.9592461198,-0.07713273320506922,-0.13381023813414517,0.15444946863359882,False,209.96059852452916
2020-05-09 20:00:00,12.98465,83.66738,120.0,24.0,-158839.33111560697,688850.6529002594,-0.08594295724353646,-0.14031456060073474,0.16454290570043303,False,211.48755514268223
2020-05-09 21:00:00,12.95833,83.66278,120.0,24.0,-158637.9004220843,689423.4276785939,-0.09318817808301816,-0.14124396030800096,0.1692155219178207,False,213.4155319457817
2020-05-09 22:00:00,12.93031,83.65826,120.0,24.0,-158413.50789186865,689992.167502829,-0.09311246408469957,-0.13752948488965414,0.16608518953217374,False,214.09942941843596
2020-05-09 23:00:00,12.90407,83.6539,120.0,24.0,-158206.06587826277,690538.5458471277,-0.08132341413591772,-0.13226566204636916,0.15526655481231727,False,211.5852391695159
2020-05-10 00:00:00,12.88295,83.64972,120.0,24.0,-158055.4365145528,691051.1897946204,-0.0639528356154416,-0.12668910895731747,0.14191580430542172,False,206.78470677499936
2020-05-10 01:00:00,12.86685,83.64572,120.0,24.0,-157960.57194385756,691530.4103940767,-0.04862250062685374,-0.12142202860556826,0.13079547621343726,False,201.82324622283784
2020-05-10 02:00:00,12.85467,83.64188,120.0,24.0,-157908.8257894018,691981.4348404582,-0.0378317008516958,-0.1170844709681268,0.12304475174186963,False,197.9064016742028
2020-05-10 03:00:00,12.84486,83.63816,120.0,24.0,-157882.5619222328,692412.8913305283,-0.032760149277695855,-0.11460567039175444,0.11919600272928776,False,195.9526393615725
2020-05-10 04:00:00,12.83564,83.63448,120.0,24.0,-157862.2983922597,692838.3839047846,-0.03450420599078383,-0.11568890128079073,0.12072473694571045,False,196.60720733888337
2020-05-10 05:00:00,12.82483,83.63069,120.0,24.0,-157825.38585068146,693280.2269130199,-0.04355916665498821,-0.12203749473622673,0.1295783590001494,False,199.64314191427803
2020-05-10 06:00:00,12.81037,83.6266,120.0,24.0,-157751.53565533573,693764.749807779,-0.05824962759718813,-0.13396124009746171,0.14607748958570205,False,203.500583658324
2020-05-10 07:00:00,12.79106,83.62204,120.0,24.0,-157630.28604021214,694313.7310478888,-0.07588100745579693,-0.1508407734229516,0.16885161005847985,False,206.70485091056048
2020-05-10 08:00:00,12.76641,83.61686,120.0,24.0,-157459.19878949638,694944.8101713544,-0.09162505460121814,-0.1688058881419342,0.19206920237784977,False,208.49238050423907
2020-05-10 09:00:00,12.73802,83.61114,120.0,24.0,-157255.46975198502,695644.8660296343,-0.10122983044449183,-0.18382920445953765,0.20985865477517734,False,208.8404021638321
2020-05-10 10:00:00,12.70786,83.60499,120.0,24.0,-157040.12089560207,696396.5130587326,-0.10506192879304511,-0.19513529842119026,0.22162083289177004,False,208.29826910309768
2020-05-10 11:00:00,12.67731,83.59854,120.0,24.0,-156826.6197328357,697181.827447442,-0.10450666042022588,-0.20287915294446918,0.22821391888238043,False,207.25380118964296
2020-05-10 12:00:00,12.64753,83.59189,120.0,24.0,-156626.58805106394,697986.7647230206,-0.10022560212937956,-0.2081448133781737,0.23101825611503402,False,205.71168091640806
2020-05-10 13:00:00,12.61951,83.5851,120.0,24.0,-156450.63719709532,698802.1078631452,-0.09276120249984358,-0.21170660225430157,0.23113702889688195,False,203.66107316018002
2020-05-10 14:00:00,12.59409,83.57822,120.0,24.0,-156307.8613157724,699620.1447567692,-0.08291852758862067,-0.2117060002369149,0.2273651529011811,False,201.38870358325644
2020-05-10 15:00:00,12.57179,83.57143,120.0,24.0,-156200.34701881267,700419.8900190027,-0.07211571648859255,-0.20659436483399599,0.21881935048305326,False,199.24251834737163
2020-05-10 16:00:00,12.55263,83.56488,120.0,24.0,-156124.84607707584,701184.9781474803,-0.06407805472876499,-0.20055273353586212,0.21054072296477258,False,197.7190585456363
2020-05-10 17:00:00,12.53499,83.55848,120.0,24.0,-156063.84228528314,701929.6246538771,-0.0620538394890873,-0.19776343993764137,0.20727049276562862,False,197.42071578015947
2020-05-10 18:00:00,12.51703,83.55211,120.0,24.0,-155997.7447781748,702671.9033182869,-0.06503101569336826,-0.19776217457848605,0.2081799959076825,False,198.20264618248015
2020-05-10 19:00:00,12.49772,83.54571,120.0,24.0,-155915.34674704503,703421.1467642095,-0.07087768382518954,-0.19899997100698985,0.21124543669676357,False,199.60433901273646
2020-05-10 20:00:00,12.47645,83.53926,120.0,24.0,-155809.57663411958,704181.1858641839,-0.07713681013284487,-0.20085780434543712,0.21516027756986295,False,201.00863233172208
2020-05-10 21:00:00,12.4536,83.53274,120.0,24.0,-155685.50666001902,704953.1557868571,-0.0814832869590038,-0.20271592268938649,0.21847945295943202,False,201.8980554922585
2020-05-10 22:00:00,12.42989,83.52617,120.0,24.0,-155551.45233621457,705732.9154264518,-0.08226422614719259,-0.2039550606359445,0.2199205985409467,False,201.9664312595745
2020-05-10 23:00:00,12.40664,83.51957,120.0,24.0,-155423.16965564547,706514.7013377284,-0.07813660508848674,-0.2045747884862575,0.21898897949200805,False,200.9041771316841
2020-05-11 00:00:00,12.38533,83.51296,120.0,24.0,-155318.4652164262,707292.3271801384,-0.06840010850142234,-0.20333603532694894,0.214532324150671,False,198.5923992897475
2020-05-11 01:00:00,12.36767,83.50644,120.0,24.0,-155256.1608510999,708050.2788648474,-0.053073676925173716,-0.19961884682436798,0.2065538651050815,False,194.88906537142333
2020-05-11 02:00:00,12.35512,83.50007,120.0,24.0,-155253.04018234275,708778.0752082095,-0.034798666872911235,-0.19682991245618542,0.19988236954179192,False,190.0260394379954
2020-05-11 03:00:00,12.34788,83.49373,120.0,24.0,-155314.64649160876,709488.243037551,-0.017051823610603055,-0.19775750307701703,0.19849129631221496,False,184.92819214795236
2020-05-11 04:00:00,12.34543,83.4873,120.0,24.0,-155437.59375390274,710195.2461566413,-0.004207563210146932,-0.20162769550429832,0.20167159240344543,False,181.19547380911513
2020-05-11 05:00:00,12.34549,83.48071,120.0,24.0,-155595.43745413626,710912.8705074061,0.0006355167600441067,-0.20704696515397894,0.20704794048969738,False,179.82413500346797
2020-05-11 06:00:00,12.34579,83.47393,120.0,24.0,-155760.7924934869,711650.5343553012,0.0006352984817935836,-0.21447943040991763,0.21448037130032124,False,179.83028761679174
2020-05-11 07:00:00,12.34585,83.46686,120.0,24.0,-155930.08411523356,712420.4335947995,-0.0006904712961514695,-0.22407981702186586,0.22408088081575298,False,180.17654854623993
2020-05-11 08:00:00,12.3454,83.45946,120.0,24.0,-156100.8952268213,713227.6623500586,-0.004445657059097025,-0.23321546707530796,0.23325783577372303,False,181.092065392446
2020-05-11 09:00:00,12.34334,83.4518,120.0,24.0,-156257.82567403163,714067.6006565016,-0.011948298204141346,-0.23987314806605742,0.24017054147645958,False,182.8515977051784
2020-05-11 10:00:00,12.33866,83.44397,120.0,24.0,-156386.05434297398,714933.2160442814,-0.020761129018316605,-0.24327882962265487,0.24416308775219062,False,184.87773625014762
2020-05-11 11:00:00,12.33164,83.43609,120.0,24.0,-156486.09860583895,715810.6912646836,-0.027444398052660142,-0.24281332104522796,0.24435937440885258,False,186.4485877585367
2020-05-11 12:00:00,12.32321,83.42829,120.0,24.0,-156566.38857909647,716683.3371610792,-0.028752665514305064,-0.23878658400560593,0.24051143106980136,False,186.86601829059185
2020-05-11 13:00:00,12.31547,83.42067,120.0,24.0,-156650.7850907978,717534.5247724878,-0.02304958666391117,-0.23197234865252972,0.23311467989971793,False,185.67448371757172
2020-05-11 14:00:00,12.31026,83.41331,120.0,24.0,-156760.49469374376,718350.5011094735,-0.014860130563158248,-0.22422849631153705,0.22472036409388246,False,183.7915767445387
2020-05-11 15:00:00,12.30713,83.40619,120.0,24.0,-156890.46053265026,719134.6611385042,-0.009525901229429527,-0.21679448591940753,0.21700366798580395,False,182.51594538962087
2020-05-11 16:00:00,12.30492,83.39931,120.0,24.0,-157026.19762391679,719890.1693328235,-0.00932455084667199,-0.2064184225696142,0.20662892446271888,False,182.58646706162853
2020-05-11 17:00:00,12.30191,83.39286,120.0,24.0,-157141.599224878,720601.0392348212,-0.014770592823616452,-0.19046772387735103,0.19103958817841896,False,184.43435881755897
2020-05-11 18:00:00,12.29666,83.38701,120.0,24.0,-157214.4789124643,721252.7071259046,-0.02251308695981617,-0.17265906640521045,0.1741206257063738,False,187.42890828746482
2020-05-11 19:00:00,12.28933,83.38171,120.0,24.0,-157247.9806798298,721850.18602631,-0.02926379434252964,-0.157018581961999,0.15972227377757578,False,190.55718219330282
2020-05-11 20:00:00,12.28032,83.37687,120.0,24.0,-157249.2400628144,722402.1820130523,-0.03582647524996654,-0.14277171688498988,0.1471981639529657,False,194.08667321663017
2020-05-11 21:00:00,12.26934,83.37249,120.0,24.0,-157214.5732559435,722909.4861483775,-0.04325628560596734,-0.12821524639543025,0.13531539325836475,False,198.64297524933426
2020-05-11 22:00:00,12.2562,83.36859,120.0,24.0,-157141.08466349938,723370.4309803294,-0.04911221890756354,-0.11443366993676138,0.12452740606476989,False,203.22786287114252
2020-05-11 23:00:00,12.24197,83.3651,120.0,24.0,-157043.9297307969,723789.6949577695,-0.050860494918978885,-0.10251054913762558,0.11443427208621125,False,206.3882574053659
2020-05-12 00:00:00,12.22787,83.36197,120.0,24.0,-156939.71823210784,724169.3720698592,-0.04926769079428632,-0.09244543327545789,0.10475430057848957,False,208.0548523584285
2020-05-12 01:00:00,12.21454,83.35913,120.0,24.0,-156838.2257894139,724515.3327708725,-0.04587466896226201,-0.08470295069706996,0.0963279560106379,False,208.43974040455933
2020-05-12 02:00:00,12.20234,83.3565,120.0,24.0,-156745.92788459908,724835.3094204206,-0.04190197454595878,-0.07727002697550438,0.08790012821176857,False,208.47008239491146
2020-05-12 03:00:00,12.19123,83.35414,120.0,24.0,-156660.93920268083,725122.8751389587,-0.03909386745743665,-0.06813361697153895,0.07855265899003042,False,209.84644347328918
2020-05-12 04:00:00,12.1806,83.3521,120.0,24.0,-156574.39434785754,725374.2491338621,-0.04148121442082391,-0.056983628608247044,0.07048279988187899,False,216.05273384526285
2020-05-12 05:00:00,12.16817,83.35046,120.0,24.0,-156455.56518143142,725586.9371644477,-0.0525034063607306,-0.04397498000699265,0.06848654281021499,False,230.05166000458877
2020-05-12 06:00:00,12.15142,83.34926,120.0,24.0,-156271.6005395031,725763.4362160884,-0.07126463086090636,-0.03127557107694384,0.07782550326165719,False,246.3049984185494
2020-05-12 07:00:00,12.12857,83.34844,120.0,24.0,-156001.35645962597,725915.0825794926,-0.09555234859473312,-0.019814415409965945,0.09758515450624697,False,258.2847783685903
2020-05-12 08:00:00,12.09833,83.34798,120.0,24.0,-155628.95477630402,726047.4636950792,-0.1222142072440244,-0.007424800796843652,0.12243953658503513,False,266.5234194892714
2020-05-12 09:00:00,12.06067,83.34796,120.0,24.0,-155152.16264535673,726151.7809563016,-0.14780776343959134,0.007131788488428183,0.14797971935389617,False,272.7624037404687
2020-05-12 10:00:00,12.01621,83.34844,120.0,24.0,-154577.5002165768,726219.6133129627,-0.168389491072027,0.018588605012529305,0.16941238720886997,False,276.299405710031
2020-05-12 11:00:00,11.96711,83.34916,120.0,24.0,-153938.4601043442,726273.2840990569,-0.1807760105499944,0.020288671511898882,0.18191095674007496,False,276.40356604788155
2020-05-12 12:00:00,11.91576,83.34975,120.0,24.0,-153273.91122446678,726346.5939639655,-0.1855704688889365,0.01022066726912433,0.1858517176759093,False,273.15249533684914
2020-05-12 13:00:00,11.86399,83.34982,120.0,24.0,-152615.9487389457,726477.1515087087,-0.18510519684699764,-0.010995326455440949,0.1854314727969,False,266.6006010296574
2020-05-12 14:00:00,11.8129,83.34904,120.0,24.0,-151985.89939507746,726698.0696697622,-0.18501692354584204,-0.03483984906110653,0.1882686301032879,False,259.3357236091608
2020-05-12 15:00:00,11.76119,83.34757,120.0,24.0,-151363.3919549847,726995.3930535801,-0.19087105773041668,-0.05372794360611842,0.19828881108945684,False,254.27871744249046
2020-05-12 16:00:00,11.70687,83.34557,120.0,24.0,-150719.33065910157,727356.9112440438,-0.20459838697320426,-0.07106630319215795,0.21658928736536523,False,250.84556589307425
2020-05-12 17:00:00,11.64757,83.34298,120.0,24.0,-150024.74819908317,727795.3273987337,-0.22701992322525893,-0.09103573419522965,0.2445926213966132,False,248.14905266436435
2020-05-12 18:00:00,11.58085,83.33969,120.0,24.0,-149250.77680885105,728328.87118345,-0.25804242594592625,-0.11069396358636623,0.28078291821711415,False,246.78183732803512
2020-05-12 19:00:00,11.5044,83.33583,120.0,24.0,-148364.66268445094,728949.0744633077,-0.29438273309520496,-0.1257092165607622,0.3200999854309951,False,246.87623556261943
2020-05-12 20:00:00,11.41761,83.33157,120.0,24.0,-147354.32159069934,729638.5243438056,-0.321161299486739,-0.13749147470490244,0.3493543844072086,False,246.82388275969365
2020-05-12 21:00:00,11.32642,83.32695,120.0,24.0,-146294.02896816464,730377.174432592,-0.3283121298721685,-0.14911852041756554,0.36059005498311175,False,245.5725740357634
2020-05-12 22:00:00,11.23579,83.32194,120.0,24.0,-145247.3757652801,731155.5230326151,-0.3374094383079114,-0.16489470763016995,0.3755467929082866,False,243.95486797754037
2020-05-12 23:00:00,11.13971,83.3163,120.0,24.0,-144142.5733872143,732015.012547524,-0.37018927391915163,-0.18453513346162928,0.4136342756669109,False,243.50426809900625
2020-05-13 00:00:00,11.03112,83.31002,120.0,24.0,-142888.9295433942,732974.0963241182,-0.4164120988067735,-0.1870057083420441,0.4564758164297116,False,245.81572014075363
2020-05-13 01:00:00,10.90968,83.30422,120.0,24.0,-141457.43312009127,733910.2516906786,-0.45707723772910264,-0.1565099015424311,0.4831303659788816,False,251.09804943335652
2020-05-13 02:00:00,10.77882,83.29991,120.0,24.0,-139870.72487035295,734703.4521542334,-0.47059203639674774,-0.11970298407281148,0.4855776653800849,False,255.72851867328475
2020-05-13 03:00:00,10.65009,83.29649,120.0,24.0,-138290.1352098564,735390.5736268783,-0.44418601185056095,-0.10410355174982283,0.4562222732513557,False,256.80970044784226
2020-05-13 04:00:00,10.53393,83.29319,120.0,24.0,-136866.20019584647,736031.1362032514,-0.4035336769687569,-0.09758630540415199,0.41516564820605945,False,256.405199893479
2020-05-13 05:00:00,10.42772,83.29019,120.0,24.0,-135562.11036470454,736612.5201253719,-0.37607956060839787,-0.08471645583452087,0.3855031955724465,False,257.3053259853218
2020-05-13 06:00:00,10.32678,83.28772,120.0,24.0,-134313.54830654303,737121.1139164409,-0.3565641584271354,-0.07728388828766214,0.36484352599944975,False,257.77053065039263
2020-05-13 07:00:00,10.2314,83.2852,120.0,24.0,-133136.18387834792,737620.163154997,-0.3350166886881838,-0.08765959114128952,0.34629522898627046,False,255.33687142679958
2020-05-13 08:00:00,10.1424,83.28206,120.0,24.0,-132051.89196345492,738170.6773381741,-0.31564393071421215,-0.10267252960821421,0.3319227912223986,False,251.98135044821237
2020-05-13 09:00:00,10.05776,83.27857,120.0,24.0,-131029.23878381794,738748.0537417349,-0.303505451252673,-0.10731196294470466,0.3219183379851703,False,250.52767495245783
2020-05-13 10:00:00,9.97552,83.27513,120.0,24.0,-130035.17063720252,739313.0816951531,-0.2928684397321481,-0.10530148848500001,0.3112239169284704,False,250.22384085752125
2020-05-13 11:00:00,9.89681,83.27177,120.0,24.0,-129083.80087427399,739860.0387525269,-0.27852046633943,-0.10143201088738549,0.29641542301741364,False,249.98931030695977
2020-05-13 12:00:00,9.82253,83.26858,120.0,24.0,-128185.18662820986,740377.1919272841,-0.2685531203371971,-0.08702344260580255,0.28230100603046115,False,252.04531402918204
2020-05-13 13:00:00,9.74936,83.26615,120.0,24.0,-127285.45373889797,740807.2859112484,-0.26815032534969446,-0.05651505985091945,0.27404114467557605,False,258.0985836152923
2020-05-13 14:00:00,9.67535,83.26493,120.0,24.0,-126351.29255668944,741105.1626089131,-0.25714440943764855,-0.026028802879770663,0.25845840261905006,False,264.2200640662861
2020-05-13 15:00:00,9.60825,83.26447,120.0,24.0,-125491.8457940339,741303.1903443475,-0.21787907461857656,-0.010711885494816761,0.21814223719284928,False,267.18535593914896
2020-05-13 16:00:00,9.5558,83.26424,120.0,24.0,-124817.44241802544,741443.0440083522,-0.16827711498213202,-0.0034249618243823686,0.16831196567745313,False,268.83401395694557
2020-05-13 17:00:00,9.51592,83.26425,120.0,24.0,-124301.15589620672,741528.6424799699,-0.12905466715430142,0.0064932451676624064,0.12921791418806797,False,272.8803459254884
2020-05-13 18:00:00,9.48499,83.26466,120.0,24.0,-123893.30578099166,741550.5517710781,-0.09589776739098997,0.019037724550813657,0.09776920142176203,False,281.2284303626136
2020-05-13 19:00:00,9.4633,83.26548,120.0,24.0,-123597.54351267267,741507.2258069366,-0.06328767191458771,0.031737667661736246,0.0707997808257576,False,296.63296926012515
2020-05-13 20:00:00,9.45026,83.26671,120.0,24.0,-123406.26486158199,741400.0699065067,-0.04623926854091026,0.04536822019053356,0.06477920467600039,False,314.4552204089703
2020-05-13 21:00:00,9.43792,83.26841,120.0,24.0,-123215.50574579019,741239.6707881877,-0.0574616690095902,0.06039161098659863,0.08336060270250185,False,316.4241329281983
2020-05-13 22:00:00,9.41871,83.27061,120.0,24.0,-122926.83984855976,741038.9780860684,-0.07965846579431894,0.07215990209057427,0.10748266205498422,False,312.17236327861883
2020-05-13 23:00:00,9.39417,83.27307,120.0,24.0,-122564.67323431635,740820.9825798607,-0.09279321348934584,0.07602887198375746,0.11996236845278563,False,309.3290159041123
2020-05-14 00:00:00,9.36773,83.27552,120.0,24.0,-122178.33793428019,740607.9644423466,-0.09647409154327774,0.07231134072146037,0.12056608285930112,False,306.85308313850976
2020-05-14 01:00:00,9.34115,83.27774,120.0,24.0,-121794.57815660877,740420.3466355039,-0.09420641632818884,0.06379386266158121,0.1137739240365943,False,304.1047220582732
2020-05-14 02:00:00,9.31594,83.27964,120.0,24.0,-121434.49350339841,740264.8337925421,-0.08525081949728126,0.056979362427994985,0.10253950442467936,False,303.75770581897564
2020-05-14 03:00:00,9.29427,83.28142,120.0,24.0,-121122.4570878398,740114.8680417526,-0.06953874900036032,0.05682412602460495,0.08980322327731505,False,309.2542416277016
2020-05-14 04:00:00,9.27769,83.28331,120.0,24.0,-120874.31029642154,739941.9334689636,-0.05417969949440951,0.05868380248207312,0.07987007268720549,False,317.2853200400553
2020-05-14 05:00:00,9.26446,83.28521,120.0,24.0,-120669.34721138392,739760.7626254265,-0.04635076647274072,0.05713663366950205,0.07357301448013001,False,320.95011076198523
2020-05-14 06:00:00,9.25218,83.287,120.0,24.0,-120478.7086189233,739589.6429148593,-0.045884104863361454,0.05109847460009266,0.06867608889248328,False,318.0776041785782
2020-05-14 07:00:00,9.2392,83.28851,120.0,24.0,-120284.12717416811,739450.7562259001,-0.04994217930277067,0.03995019994169123,0.0639549822053857,False,308.657329355117
2020-05-14 08:00:00,9.22468,83.28958,120.0,24.0,-120077.60722557445,739363.4666543099,-0.05205946092291829,0.025858650417517903,0.058127938833234534,False,296.4142229739697
2020-05-14 09:00:00,9.21053,83.29018,120.0,24.0,-119884.30038557755,739327.0691200334,-0.047170950848905074,0.010838074278906462,0.0484000253932259,False,282.93979211128817
2020-05-14 10:00:00,9.1987,83.29028,120.0,24.0,-119729.86493901488,739340.8008217771,-0.0398349296811395,-0.005265269550819041,0.04018139726470585,False,262.4704508473719
2020-05-14 11:00:00,9.18859,83.28984,120.0,24.0,-119607.23755580989,739410.3408732925,-0.0352798760386546,-0.021678297849987982,0.041407949127862255,False,238.43067315568467
2020-05-14 12:00:00,9.17927,83.28888,120.0,24.0,-119504.03350287424,739535.4440147771,-0.03176098838981049,-0.03329160202602094,0.04601185878615032,False,223.6521440135664
2020-05-14 13:00:00,9.1711,83.28769,120.0,24.0,-119419.72472799002,739683.4506398058,-0.02746141662191386,-0.03638841800465475,0.04558778748484959,False,217.04092950818256
2020-05-14 14:00:00,9.16415,83.28653,120.0,24.0,-119350.59670148691,739825.6050729584,-0.02737671394792236,-0.03994920831415399,0.048429574760821895,False,214.42237395224004
2020-05-14 15:00:00,9.15603,83.28511,120.0,24.0,-119270.93795455949,739998.8064091473,-0.03610613031922598,-0.052645422108558916,0.06383723925435117,False,214.4437358110106
2020-05-14 16:00:00,9.14428,83.28313,120.0,24.0,-119154.26017805832,740241.1889762578,-0.05011140785200856,-0.06472246194132797,0.08185444567436147,False,217.74885072193487
2020-05-14 17:00:00,9.12846,83.28093,120.0,24.0,-118988.7786689404,740516.2249320868,-0.06312527819835384,-0.06642573868205988,0.09163612555688325,False,223.54064008652674
2020-05-14 18:00:00,9.10956,83.27884,120.0,24.0,-118781.39046961382,740785.5031926543,-0.06628855685560643,-0.06286676582715264,0.09135865046926324,False,226.51761715002405
2020-05-14 19:00:00,9.09201,83.27687,120.0,24.0,-118589.18412294197,741038.7206077963,-0.05573724276824416,-0.0600809267577682,0.08195338913967191,False,222.85216626641844
2020-05-14 20:00:00,9.07892,83.27496,120.0,24.0,-118453.48129000419,741276.0656944887,-0.05038684630143553,-0.053419829058946516,0.07343372806069125,False,223.32643048537057
2020-05-14 21:00:00,9.06432,83.27342,120.0,24.0,-118291.63529169123,741475.7704181303,-0.06741640838087792,-0.03746712397188924,0.0771281887360401,False,240.93658786282774
2020-05-14 22:00:00,9.04188,83.27254,120.0,24.0,-118016.64410681654,741618.9313592403,-0.09321769558245845,-0.018885550018034603,0.09511152805621188,False,258.5471096181177
2020-05-14 23:00:00,9.01311,83.2722,120.0,24.0,-117650.17747764784,741715.5349366842,-0.11068010378704671,-0.0044872621900192665,0.11077102913791768,False,267.67835004764595
2020-05-15 00:00:00,8.98108,83.27225,120.0,24.0,-117234.64845686976,741775.6829293349,-0.11999938022279975,0.007589193831923977,0.12023912473431674,False,273.6187722548103
2020-05-15 01:00:00,8.94719,83.27269,120.0,24.0,-116788.24447318363,741796.4395370112,-0.12486982545966936,0.019665801097482772,0.12640892786165875,False,278.9500229768719
2020-05-15 02:00:00,8.91248,83.27352,120.0,24.0,-116324.50417737837,741775.6379274566,-0.12591045315031965,0.03143263419016894,0.12977462272976106,False,284.01697801904334
2020-05-15 03:00:00,8.87801,83.27472,120.0,24.0,-115857.57285165404,741713.3056625157,-0.12337816196657495,0.04118673418056353,0.13007120328001429,False,288.4603065128832
2020-05-15 04:00:00,8.84468,83.27618,120.0,24.0,-115401.05818900107,741619.7422069792,-0.11914979308234405,0.047535302983704925,0.12828202610388575,False,291.7497326889072
2020-05-15 05:00:00,8.81252,83.27779,120.0,24.0,-114957.27178427624,741507.0256318013,-0.11508472698272358,0.04954845445046624,0.12529782010521154,False,293.2937593244941
2020-05-15 06:00:00,8.78141,83.27938,120.0,24.0,-114527.57539510989,741394.1493095234,-0.11082074796769567,0.04846441836239335,0.1209546941103346,False,293.62084616775644
2020-05-15 07:00:00,8.75158,83.28092,120.0,24.0,-114115.4439455788,741283.985139221,-0.10603236352184678,0.04614182028093249,0.1156370602050525,False,293.51710142605987
2020-05-15 08:00:00,8.72309,83.28236,120.0,24.0,-113722.48313344653,741181.9529724014,-0.10250100955680409,0.04335540287453041,0.11129307219488949,False,292.9271652700604
2020-05-15 09:00:00,8.69519,83.28372,120.0,24.0,-113338.63155929484,741087.3625957147,-0.10200750965716614,0.040723930583531645,0.10983610767242777,False,291.76311129309977
2020-05-15 10:00:00,8.66696,83.28499,120.0,24.0,-112952.14325090841,741003.1438601837,-0.1044778649361332,0.036853541843057544,0.11078721861293786,False,289.4297940468292
2020-05-15 11:00:00,8.63769,83.2861,120.0,24.0,-112554.99568776491,740938.402810478,-0.10911180950470112,0.030970031536143708,0.11342191069956423,False,285.8459344412677
2020-05-15 12:00:00,8.6069,83.28699,120.0,24.0,-112141.95966256976,740900.6754289236,-0.1145094427607034,0.02616992606752027,0.11746181299361204,False,282.8732607576833
2020-05-15 13:00:00,8.57465,83.28779,120.0,24.0,-111711.6141528547,740875.4865742474,-0.11810957051141341,0.02477543770791045,0.12068012661581479,False,281.8469680431706
2020-05-15 14:00:00,8.54187,83.28859,120.0,24.0,-111274.47947722595,740851.077333368,-0.11299445245077325,0.022603804426762596,0.11523314739784464,False,281.31232831554803
2020-05-15 15:00:00,8.51243,83.28925,120.0,24.0,-110882.90522705993,740835.3842393315,-0.0933009981079524,0.01563305594237458,0.09460163151889903,False,279.51184150215227
2020-05-15 16:00:00,8.49049,83.2896,120.0,24.0,-110593.45134789195,740839.1969402757,-0.061791900904038057,0.005259358334520773,0.06201531961882767,False,274.8649500062369
2020-05-15 17:00:00,8.4784,83.28959,120.0,24.0,-110437.28855367737,740863.6194926646,-0.025856414358724884,-0.005576599327701708,0.0264509474981861,False,257.8291227221725
2020-05-15 18:00:00,8.47625,83.28924,120.0,24.0,-110415.23947957135,740906.357360127,-0.0028142869486007293,-0.011613308919919331,0.011949441622876875,False,193.62205227750866
2020-05-15 19:00:00,8.47685,83.28884,120.0,24.0,-110429.57194328432,740949.308720251,-0.005393610464138008,-0.00898070908404431,0.010475885141175183,False,210.98807366519708
2020-05-15 20:00:00,8.47328,83.28866,120.0,24.0,-110386.36140624301,740976.0365867822,-0.01768767124560085,-0.0029416190535359807,0.017930611722654113,False,260.55761744916884
2020-05-15 21:00:00,8.46711,83.28865,120.0,24.0,-110306.73157251558,740989.0221654106,-0.021519508927830163,0.000774123844144302,0.02153342825053723,False,272.0602194847485
2020-05-15 22:00:00,8.46143,83.28871,120.0,24.0,-110232.28902842305,740993.3373354146,-0.019031630803999892,0.0007740697037549723,0.019047366089988107,False,272.3290959951089
2020-05-15 23:00:00,8.45663,83.2887,120.0,24.0,-110170.37528273281,741003.6722831615,-0.01603531339266241,-0.0023227552730616884,0.0162026685351344,False,261.75788990637705
2020-05-16 00:00:00,8.4526,83.28856,120.0,24.0,-110120.54947241381,741026.8581305472,-0.012221818033376082,-0.004645436683326659,0.01307489648218118,False,249.1885152813024
2020-05-16 01:00:00,8.4499,83.2884,120.0,24.0,-110088.25046895786,741049.6909123521,-0.006610389871107718,-0.003406650889057081,0.0074365667164328535,False,242.73577773246672
2020-05-16 02:00:00,8.44896,83.28834,120.0,24.0,-110077.07555897816,741058.1135576299,-0.0017797482196010791,-0.0007742297150184626,0.00194085944282186,False,246.48989754251596
2020-05-16 03:00:00,8.44892,83.28835,120.0,24.0,-110076.39439749288,741057.0876345552,-0.0002542516683102332,0.00015484327314233521,0.00029769170306874303,False,301.342073467023
2020-05-16 04:00:00,8.44882,83.28835,120.0,24.0,-110075.10100871294,741057.2797529777,-0.0004721823337542276,-0.00030968603850472517,0.0005646783144006319,False,236.74068844767018
2020-05-16 05:00:00,8.44866,83.28833,120.0,24.0,-110073.35918655926,741059.7926816653,-0.0003087341725518595,-0.0007742161150520042,0.0008335030786430842,False,201.74063123572384
2020-05-16 06:00:00,8.44865,83.2883,120.0,24.0,-110073.72124753083,741063.1202090017,0.0001271274556662134,-0.0009290587406801535,0.0009377161263508044,False,172.20833952711854
2020-05-16 07:00:00,8.44873,83.28827,120.0,24.0,-110075.24737165235,741066.2748315368,0.0002542542627772558,-0.0007742157326665784,0.0008148958404905823,False,161.81969849778136
2020-05-16 08:00:00,8.44879,83.28825,120.0,24.0,-110076.35101996298,741068.3651036739,0.0001634499449130385,-0.001083901983089019,0.0010961566463952054,False,171.42453954237897
2020-05-16 09:00:00,8.44882,83.2882,120.0,24.0,-110077.55805926395,741073.8213248759,1.816028520181548e-05,-0.002322646950359729,0.0023227179449890082,False,179.55202554819698
2020-05-16 10:00:00,8.4488,83.2881,120.0,24.0,-110078.93740543629,741084.8874635871,-0.00021794207009239244,-0.004180764089438562,0.004186440865156846,False,182.98411190292188
2020-05-16 11:00:00,8.4487,83.28793,120.0,24.0,-110080.42858576642,741103.8267044231,-0.0006356815996964116,-0.006658252662282758,0.00668852895717646,False,185.45365482575198
2020-05-16 12:00:00,8.44845,83.28767,120.0,24.0,-110081.45361060035,741132.9790918004,-0.0016165200166693356,-0.009445422516446542,0.009582752395762293,False,189.71169507909894
2020-05-16 13:00:00,8.44781,83.28732,120.0,24.0,-110078.9075040016,741172.8057527507,-0.003305856675845021,-0.012232585553805546,0.012671418140539804,False,195.12292683916507
2020-05-16 14:00:00,8.44663,83.28688,120.0,24.0,-110070.84860079378,741223.5948462418,-0.0048137497690966344,-0.01532944618243448,0.01606748602301035,False,197.43332172934888
2020-05-16 15:00:00,8.44516,83.28633,120.0,24.0,-110060.8367826135,741287.071567151,-0.005195571863051378,-0.018116630929687082,0.018846917074859373,False,196.00207932480475
2020-05-16 16:00:00,8.44377,83.28571,120.0,24.0,-110053.00283911385,741358.1140735386,-0.004015025953688365,-0.019355384712451806,0.019767431567500222,False,191.71906885153044
2020-05-16 17:00:00,8.44295,83.28508,120.0,24.0,-110052.70521114633,741429.1645915037,-0.001362574895193192,-0.01811662617575006,0.018167794426866543,False,184.30119166905354
2020-05-16 18:00:00,8.44302,83.28454,120.0,24.0,-110062.45037452757,741488.5805761338,0.0009631201827324377,-0.015948807218307357,0.015977861314115833,False,176.54420620324106
2020-05-16 19:00:00,8.44348,83.28405,120.0,24.0,-110076.42473413532,741541.7333447784,0.001308386857276701,-0.014555223415346517,0.014613911346348927,False,174.8634177963121
2020-05-16 20:00:00,8.44374,83.2836,120.0,24.0,-110087.15647629481,741590.859073201,0.00036343514844228717,-0.01316163390033597,0.013166650752321042,False,178.41828072489835
2020-05-16 21:00:00,8.44368,83.2832,120.0,24.0,-110092.92804405,741635.085682922,-0.0008178896539410983,-0.010993829863156486,0.011024211470488729,False,184.2547008048458
2020-05-16 22:00:00,8.44329,83.28289,120.0,24.0,-110092.95448187555,741670.0213509443,-0.001908447973610656,-0.008671185559760923,0.008878717963748199,False,192.41237949763786
2020-05-16 23:00:00,8.44263,83.28264,120.0,24.0,-110088.50314253497,741698.8591263347,-0.0026900879980153777,-0.007122758476150427,0.007613820443551262,False,200.6902986228301
2020-05-17 00:00:00,8.44181,83.28243,120.0,24.0,-110081.32518628854,741723.5931518576,-0.003180953067652226,-0.006658230337526377,0.007379057774957634,False,205.53602317922721
2020-05-17 01:00:00,8.44088,83.28221,120.0,24.0,-110072.88613945559,741749.6412374116,-0.003399188144534544,-0.007432445315935997,0.008172865067791291,False,204.57672782564725
2020-05-17 02:00:00,8.43994,83.28195,120.0,24.0,-110064.9713388437,741780.119623317,-0.0032175355387422293,-0.009135716104808629,0.00968575467843002,False,199.40190845417249
2020-05-17 03:00:00,8.43911,83.28162,120.0,24.0,-110059.62505225769,741818.1062154899,-0.0026904920237574396,-0.011458354011325216,0.01176998827436778,False,193.21402537913082
2020-05-17 04:00:00,8.43846,83.28121,120.0,24.0,-110057.91712297853,741864.569426547,-0.002563419618019303,-0.013471297722871901,0.01371302236840223,False,190.77386506288417
2020-05-17 05:00:00,8.4377,83.28075,120.0,24.0,-110055.60172831568,741916.7579688247,-0.003418153454150719,-0.014864868485802112,0.015252805910268289,False,192.94995922971634
2020-05-17 06:00:00,8.43658,83.28025,120.0,24.0,-110049.27730426476,741974.0492439637,-0.004327525783458021,-0.016413294219059477,0.016974207095705685,False,194.7704537763939
2020-05-17 07:00:00,8.43532,83.27969,120.0,24.0,-110042.11881179168,742038.226252374,-0.004346038665237528,-0.01873593520221469,0.01923339075621684,False,193.05952468032933
2020-05-17 08:00:00,8.43419,83.27904,120.0,24.0,-110038.11301225839,742112.0788911118,-0.004401054185482151,-0.020903710422238535,0.021361984630655313,False,191.88937467217949
2020-05-17 09:00:00,8.4329,83.27834,120.0,24.0,-110032.84924436436,742191.7529593682,-0.005783863786543183,-0.02183273213083483,0.022585864442125594,False,194.83778809334166
2020-05-17 10:00:00,8.43101,83.27763,120.0,24.0,-110019.97234549938,742273.6821181248,-0.008876880328812764,-0.02291656387528213,0.024575758466870334,False,201.17420137883073
2020-05-17 11:00:00,8.42802,83.27686,120.0,24.0,-109993.81834372638,742364.3399952378,-0.014117383441780106,-0.025239052153766713,0.02891902952837116,False,209.22032820066795
2020-05-17 12:00:00,8.42325,83.276,120.0,24.0,-109946.05916606494,742468.3386521629,-0.022598115993630784,-0.028490374871480685,0.03636449238995492,False,218.42089641883314
2020-05-17 13:00:00,8.4156,83.27502,120.0,24.0,-109862.9154854683,742591.0919069018,-0.03448424199081181,-0.03158666900134851,0.046764095247119025,False,227.51112612827072
2020-05-17 14:00:00,8.4043,83.27396,120.0,24.0,-109733.73008828594,742729.651210712,-0.04577334988632514,-0.034219042215876856,0.057150174190354876,False,233.21910473000398
2020-05-17 15:00:00,8.39045,83.27281,120.0,24.0,-109572.89628289144,742882.9920348059,-0.052370014329716094,-0.03623249369985475,0.06368211680373606,False,235.32235613956857
2020-05-17 16:00:00,8.37553,83.27162,120.0,24.0,-109398.76806842836,743042.7534358148,-0.05423589322699689,-0.03731687443108504,0.0658337393092294,False,235.47017854983716
2020-05-17 17:00:00,8.36066,83.2704,120.0,24.0,-109225.69894606348,743205.6881462439,-0.052278588046520816,-0.03747213765817171,0.06432116190501225,False,234.36788153847448
2020-05-17 18:00:00,8.34682,83.2692,120.0,24.0,-109065.59236682388,743364.4163263376,-0.04706077127089391,-0.037472398302066064,0.060157267450575556,False,231.4712501922948
2020-05-17 19:00:00,8.33482,83.26798,120.0,24.0,-108929.61616640723,743521.8188140206,-0.03956415654838787,-0.03793692907652494,0.054813621219023896,False,226.20281630895516
2020-05-17 20:00:00,8.3251,83.26675,120.0,24.0,-108823.33374033787,743675.9700974609,-0.03284879345013201,-0.03840104417876237,0.050533982874385576,False,220.54414512434258
2020-05-17 21:00:00,8.31679,83.2655,120.0,24.0,-108735.6296404267,743829.6372288332,-0.0296662204598908,-0.03855554298197614,0.04864786255335226,False,217.57616336110038
2020-05-17 22:00:00,8.30882,83.26426,120.0,24.0,-108652.13701817645,743981.546568428,-0.02923446725601338,-0.038710243702983586,0.04850914391418693,False,217.06056553912742
2020-05-17 23:00:00,8.30075,83.263,120.0,24.0,-108567.62736710072,744135.8428141534,-0.03006031392376555,-0.03917467333713336,0.04937891760930408,False,217.50048773255472
2020-05-18 00:00:00,8.29233,83.26173,120.0,24.0,-108478.69056899927,744291.8957831669,-0.03143361704664996,-0.0405681947393606,0.05132105518250894,False,217.76974210416316
2020-05-18 01:00:00,8.28351,83.26038,120.0,24.0,-108385.79795294223,744457.5210457706,-0.032679953908954305,-0.043045646040764496,0.054045416369551284,False,217.20551433913204
2020-05-18 02:00:00,8.27441,83.25895,120.0,24.0,-108290.50152746389,744632.4904177549,-0.03244932169169736,-0.044439374258836165,0.05502559824997972,False,216.13665872950511
2020-05-18 03:00:00,8.26572,83.25751,120.0,24.0,-108200.64224151938,744807.7771919799,-0.029792198345799034,-0.04366529406546971,0.052860504992852414,False,214.30515245458884
2020-05-18 04:00:00,8.25808,83.25613,120.0,24.0,-108123.4239951968,744974.4526032588,-0.025838785169757603,-0.044284599838736845,0.051271518428128667,False,210.26232717718477
2020-05-18 05:00:00,8.25156,83.25465,120.0,24.0,-108062.3289982658,745150.0414335602,-0.021847449651286738,-0.049549081505632364,0.054151847007441106,False,203.79390188025064
2020-05-18 06:00:00,8.24611,83.25293,120.0,24.0,-108018.95191784111,745350.0885563197,-0.017544190449435552,-0.056671672429774014,0.05932518077944368,False,197.201270760362
2020-05-18 07:00:00,8.24195,83.25099,120.0,24.0,-107995.83955969046,745571.9760802778,-0.012362546781662338,-0.06286517900919654,0.06406920707162775,False,191.12535155188755
2020-05-18 08:00:00,8.23934,83.24887,120.0,24.0,-107995.74694788159,745810.8028306492,-0.006758149907998997,-0.06766506057454094,0.06800171330735191,False,185.70358748984864
2020-05-18 09:00:00,8.23825,83.24662,120.0,24.0,-108017.50137247914,746061.1089919152,-0.0014610403207666323,-0.07138105367590727,0.0713960045289767,False,181.17257665027614
2020-05-18 10:00:00,8.23854,83.24426,120.0,24.0,-108058.97881472626,746320.9502610669,0.0025597469662482653,-0.07447771155648643,0.0745216869322106,False,178.0315588753532
2020-05-18 11:00:00,8.23965,83.24181,120.0,24.0,-108112.58162025051,746589.1736131498,0.004425521363216797,-0.07726472521539185,0.07739136257972395,False,176.7218293808117
2020-05-18 12:00:00,8.24096,83.23927,120.0,24.0,-108170.24000461148,746866.9471805145,0.004207301082615043,-0.08005173611991755,0.08016222201394298,False,176.99145807362385
2020-05-18 13:00:00,8.24195,83.23664,120.0,24.0,-108225.17659000216,747155.252469211,0.002561677704869385,-0.0828387166899238,0.08287831547212507,False,178.22876828021873
2020-05-18 14:00:00,8.24236,83.23392,120.0,24.0,-108273.9952139665,747454.5816206466,0.0019408284239038117,-0.08531599005469719,0.08533806286754007,False,178.69681989301523
2020-05-18 15:00:00,8.24301,83.23113,120.0,24.0,-108327.06909702979,747761.1791331423,0.0043232805087906456,-0.08748355661502528,0.08759031585952881,False,177.17084689131985
2020-05-18 16:00:00,8.24472,83.22827,120.0,24.0,-108395.10856398684,748073.4930236608,0.008209638591345986,-0.08918659963808977,0.08956365178355241,False,174.7407366219647
2020-05-18 17:00:00,8.24749,83.22537,120.0,24.0,-108477.65186927078,748388.2094725604,0.011805887121820461,-0.08980579044657014,0.09057846856988937,False,172.51083042991877
2020-05-18 18:00:00,8.25116,83.22247,120.0,24.0,-108571.98636762021,748701.2138178896,0.015423849351356307,-0.09011526819387763,0.09142568944485915,False,170.28754374694796
2020-05-18 19:00:00,8.2559,83.21955,120.0,24.0,-108680.66933887295,749014.3857016447,0.01979719948971355,-0.09057955079843723,0.092717765991649,False,167.6712219857519
2020-05-18 20:00:00,8.26195,83.21662,120.0,24.0,-108806.69744917602,749326.1599191808,0.02479817992065561,-0.08995997717092148,0.09331531074786131,False,164.588709101417
2020-05-18 21:00:00,8.26941,83.21374,120.0,24.0,-108950.43873496134,749629.7182042946,0.030115290957873637,-0.08732752569306046,0.09237438764695287,False,160.97301536125406
2020-05-18 22:00:00,8.27835,83.21098,120.0,24.0,-109111.70605520516,749917.194516724,0.03530756001208296,-0.08314678223414806,0.09033278026220426,False,156.9919166140728
2020-05-18 23:00:00,8.28863,83.20837,120.0,24.0,-109288.2002985984,750185.5348163294,0.03947383261936649,-0.07803716053112664,0.08745274086855477,False,153.16817207767497
2020-05-19 00:00:00,8.29983,83.20594,120.0,24.0,-109473.94762691804,750432.2211419224,0.04014869853805179,-0.07215379788474303,0.08257171757624829,False,150.9070271528899
2020-05-19 01:00:00,8.31047,83.20371,120.0,24.0,-109649.2358465554,750657.8726649145,0.03558221528832459,-0.06627034808978424,0.07521870166897225,False,151.76753120401537
2020-05-19 02:00:00,8.31918,83.20166,120.0,24.0,-109796.4147405093,750867.3280993007,0.028989551120905302,-0.06177985695620212,0.06824327658986178,False,154.8621740598366
2020-05-19 03:00:00,8.32623,83.19972,120.0,24.0,-109920.12342906302,751067.8071768315,0.024398382702829916,-0.05976668574055547,0.06455492082656493,False,157.7933848204745
2020-05-19 04:00:00,8.33244,83.1978,120.0,24.0,-110032.54579188104,751267.6740975094,0.023853887391014798,-0.05976632956622324,0.0643507738374732,False,158.2421108635799
2020-05-19 05:00:00,8.33919,83.19586,120.0,24.0,-110152.41851643584,751468.6931677423,0.028059140685123427,-0.06146913652443008,0.06757048261664685,False,155.46447485942417
2020-05-19 06:00:00,8.34768,83.19383,120.0,24.0,-110296.62393172899,751676.2720161647,0.03429227950313547,-0.06456570112507035,0.07310738810334476,False,152.02623502956027
2020-05-19 07:00:00,8.35781,83.19169,120.0,24.0,-110464.1971415933,751892.7955476212,0.039829650251860305,-0.06828167640782958,0.07904927812604658,False,149.74439404846407
2020-05-19 08:00:00,8.3693,83.18942,120.0,24.0,-110651.81214312669,752120.994990275,0.04538982963245827,-0.07122326722315131,0.08445703302865906,False,147.49107192747556
2020-05-19 09:00:00,8.38244,83.18709,120.0,24.0,-110862.16421720546,752352.5742231994,0.05194954770646369,-0.07215197350916316,0.08890817053664489,False,144.24604644180437
2020-05-19 10:00:00,8.39748,83.18476,120.0,24.0,-111097.58485113563,752580.4124602664,0.057830889800877645,-0.07153275800955043,0.0919855819333343,False,141.04608099705553
2020-05-19 11:00:00,8.4138,83.18247,120.0,24.0,-111349.29807522222,752801.2799703837,0.061114900522386134,-0.07029437834164379,0.09314682330761104,False,138.9958545595395
2020-05-19 12:00:00,8.43061,83.18022,120.0,24.0,-111606.93223843325,753016.6993178978,0.06165107677653669,-0.06828182520520161,0.09199599404898089,False,137.9213894901543
2020-05-19 13:00:00,8.44721,83.17806,120.0,24.0,-111860.46773906084,753222.5175810014,0.05982424839847309,-0.06503053636467154,0.08836238654721294,False,137.38777885723027
2020-05-19 14:00:00,8.46302,83.17602,120.0,24.0,-112101.77467089398,753416.5656602522,0.056666339562079296,-0.061779006560114626,0.0838314958170231,False,137.47162528747697
2020-05-19 15:00:00,8.4779,83.17407,120.0,24.0,-112329.48570455519,753602.4374894305,0.053302888988270694,-0.06007573059568352,0.08031370606005586,False,138.41858669197262
2020-05-19 16:00:00,8.49188,83.17214,120.0,24.0,-112545.13107067002,753787.8044081947,0.050602133232618175,-0.05868200150464266,0.07748647100160469,False,139.22844156680378
2020-05-19 17:00:00,8.50529,83.17028,120.0,24.0,-112752.21857643756,753966.5147069417,0.04941492940655454,-0.05635922889122852,0.07495463914574371,False,138.75619986821494
2020-05-19 18:00:00,8.51862,83.1685,120.0,24.0,-112957.02179662781,754136.5068752546,0.05064801085892892,-0.05326215549141597,0.07349883136185197,False,136.44112816555207
2020-05-19 19:00:00,8.53269,83.16684,120.0,24.0,-113169.66749959798,754291.7532825125,0.05467257156052731,-0.04908126909687267,0.07347149826429708,False,131.91530984477077
2020-05-19 20:00:00,8.54819,83.16533,120.0,24.0,-113398.74027764953,754427.5743394775,0.059640518327651236,-0.043971785931981554,0.07409797152715393,False,126.40062460515782
2020-05-19 21:00:00,8.56494,83.164,120.0,24.0,-113641.36831554705,754541.0048556717,0.06351732628759627,-0.0371593127170377,0.073588485922239,False,120.32876103479913
2020-05-19 22:00:00,8.58253,83.16293,120.0,24.0,-113890.81066156445,754624.028121241,0.06561768380805849,-0.02972763827319408,0.07203757981523404,False,114.37257488207757
2020-05-19 23:00:00,8.60041,83.16208,120.0,24.0,-114140.46700524338,754682.1418918159,0.06536669245844062,-0.023070249012189258,0.06931840211978907,False,109.43976332974313
2020-05-20 00:00:00,8.61786,83.16144,120.0,24.0,-114380.9985067821,754717.8854343722,0.06130148070177533,-0.015174501368630078,0.06315169853627604,False,103.90345114391926
2020-05-20 01:00:00,8.63354,83.1611,120.0,24.0,-114593.22583616429,754724.0282207971,0.05232977531171595,-0.0048012036046240665,0.05254956650846637,False,95.24215304378009
2020-05-20 02:00:00,8.64614,83.16113,120.0,24.0,-114758.69278132316,754695.5032369755,0.03987670562907763,0.006037184342106616,0.04033112007629702,False,81.3910106935902
2020-05-20 03:00:00,8.65509,83.16149,120.0,24.0,-114870.54069931523,754637.8924464651,0.026090231829551006,0.014398528909094595,0.029799628045761733,False,61.10682196940047
2020-05-20 04:00:00,8.66024,83.16206,120.0,24.0,-114928.80245484038,754564.7456621685,0.013710445425233286,0.019353684313843413,0.023717955440514027,False,35.31433930594335
2020-05-20 05:00:00,8.6625,83.16274,120.0,24.0,-114947.14833730826,754485.2706377025,0.005272890817609466,0.020592618279327565,0.021256982503933288,False,14.362419142741373
2020-05-20 06:00:00,8.66309,83.16339,120.0,24.0,-114944.00315483456,754412.4521130607,0.00194237750871679,0.018889544333445918,0.018989147308702086,False,5.870986330955816
2020-05-20 07:00:00,8.66355,83.16396,120.0,24.0,-114940.48832605183,754348.7110850444,0.004235671779690068,0.015328457770992497,0.01590290957851308,False,15.44693058439168
2020-05-20 08:00:00,8.66538,83.16438,120.0,24.0,-114957.5275420819,754298.7526923782,0.011744813346431399,0.009754718734787424,0.015267454867702276,False,50.288488399504104
2020-05-20 09:00:00,8.6699,83.16459,120.0,24.0,-115013.5040108252,754266.5383169779,0.023674302336267758,0.0026329283673569167,0.02382026244390783,False,83.65395043101506
2020-05-20 10:00:00,8.67818,83.16455,120.0,24.0,-115123.177147111,754254.3175877889,0.038378241678116265,-0.0024759158719531624,0.038458023788396745,False,93.69123772891652
2020-05-20 11:00:00,8.69065,83.16443,120.0,24.0,-115289.35359529278,754242.4679516518,0.05411799943717266,-0.0017011166753317644,0.05414472883877905,False,91.80041252197515
2020-05-20 12:00:00,8.70744,83.16444,120.0,24.0,-115510.20367650497,754207.5491405965,0.06952346453195692,0.005266736177443604,0.06972266941597306,False,85.66784412675838
2020-05-20 13:00:00,8.72824,83.16477,120.0,24.0,-115778.41234746895,754129.2037931354,0.08342673532956704,0.017188960695577977,0.08517910857448412,False,78.35788806181813
2020-05-20 14:00:00,8.75255,83.16555,120.0,24.0,-116085.13949837927,753994.0710110563,0.09471701375344485,0.02833650328079767,0.0988649083980404,False,73.34438669633045
2020-05-20 15:00:00,8.77946,83.1666,120.0,24.0,-116421.38759797234,753823.7844259124,0.10193376808200601,0.033290177760363956,0.10723212676578235,False,71.91366856702234
2020-05-20 16:00:00,8.80768,83.1677,120.0,24.0,-116773.87922239209,753645.1703024269,0.10204820162924269,0.03344276065005527,0.10738833128259073,False,71.8552365789019
2020-05-20 17:00:00,8.83466,83.16876,120.0,24.0,-117110.60138419167,753473.3327338517,0.09282833010434556,0.03142802896231098,0.09800418294347035,False,71.29591725563063
2020-05-20 18:00:00,8.8579,83.16973,120.0,24.0,-117399.56031924332,753318.923421472,0.07690228229908118,0.03018914624562816,0.08261564969088786,False,68.56676453622998
2020-05-20 19:00:00,8.87627,83.17071,120.0,24.0,-117624.22369693792,753173.3026780282,0.05820920535140697,0.03127360155244807,0.06607836061604093,False,61.75254555140776
2020-05-20 20:00:00,8.8894,83.17175,120.0,24.0,-117778.90333199727,753031.7815588245,0.040925485266638514,0.03127481328198193,0.051507371221337625,False,52.61332859986169
2020-05-20 21:00:00,8.89842,83.17273,120.0,24.0,-117880.5515131375,752905.2951179803,0.029040938515165683,0.027559713877974432,0.04003640766699043,False,46.49907378277089
2020-05-20 22:00:00,8.90512,83.17353,120.0,24.0,-117954.78768576341,752803.3964614742,0.02611802301005315,0.024618652817516545,0.035891909847528054,False,46.69271217253322
2020-05-20 23:00:00,8.91256,83.17432,120.0,24.0,-118038.895803803,752701.0675807749,0.03370462230476379,0.0274064871582708,0.04344096112039009,False,50.88415167931606
2020-05-21 00:00:00,8.92337,83.1753,120.0,24.0,-118163.9596853113,752570.8556581129,0.04570154490669867,0.037780599528401675,0.05929590970365882,False,50.420106926078574
2020-05-21 01:00:00,8.93731,83.17676,120.0,24.0,-118321.77033455818,752381.2993924584,0.05495909631827475,0.05496681263365851,0.07772935583950971,False,44.995978088256265
2020-05-21 02:00:00,8.95314,83.17885,120.0,24.0,-118493.37794164961,752118.4252663074,0.0573997132899644,0.06874588393035286,0.08955849285877729,False,39.860359198139804
2020-05-21 03:00:00,8.96841,83.1812,120.0,24.0,-118652.98230684786,751828.0427223024,0.0510914158726977,0.07060298399481908,0.0871499519497838,False,35.89114837806062
2020-05-21 04:00:00,8.98083,83.18341,120.0,24.0,-118777.49357074317,751558.9531709023,0.03995308735606024,0.06487437155398279,0.07619011270371762,False,31.626970300800963
2020-05-21 05:00:00,8.99007,83.18539,120.0,24.0,-118864.20250655538,751321.7683222488,0.02876685025949708,0.058062123030827494,0.06479769906948298,False,26.35609254356814
2020-05-21 06:00:00,8.99643,83.18716,120.0,24.0,-118916.74505553939,751113.6759548474,0.0199470114606191,0.052178866202621216,0.055861590958377796,False,20.920926846847806
2020-05-21 07:00:00,9.00089,83.18876,120.0,24.0,-118947.30680144817,750928.2441231147,0.014652286755755271,0.04877276134164041,0.0509261402038432,False,16.72129071640819
2020-05-21 08:00:00,9.00438,83.19031,120.0,24.0,-118966.00290569,750750.3314350968,0.011405819239391454,0.049392189880520146,0.050692022387304976,False,13.00301063942652
2020-05-21 09:00:00,9.00708,83.19195,120.0,24.0,-118972.75799610767,750564.1500327175,0.008787108277640813,0.05496632266435394,0.0556642605189798,False,9.082650648472395
2020-05-21 10:00:00,9.00915,83.19386,120.0,24.0,-118966.53152050557,750349.5491079702,0.007937134669801605,0.06301786194919351,0.06351573845445062,False,7.178634945191334
2020-05-21 11:00:00,9.01139,83.19602,120.0,24.0,-118958.1500002528,750107.0700875814,0.009701634178665758,0.06983074093247768,0.07050144739589018,False,7.90951332269691
2020-05-21 12:00:00,9.01442,83.19837,120.0,24.0,-118956.77007537919,749842.0325526234,0.011023980049820425,0.07385647716040777,0.07467467679665359,False,8.489418361244418
2020-05-21 13:00:00,9.01738,83.20079,120.0,24.0,-118953.22350807748,749569.434985545,0.008463682701806344,0.07525000592896895,0.07572448294433391,False,6.417325830824893
2020-05-21 14:00:00,9.01902,83.20323,120.0,24.0,-118932.0369209353,749297.3775609138,0.0011787773710116925,0.07679853855986073,0.07680758452796718,False,0.8793613331104666
2020-05-21 15:00:00,9.01802,83.20575,120.0,24.0,-118874.92412340426,749021.9915056438,-0.009888162675491422,0.08005052347071542,0.08065892429875657,False,352.9582649582706
2020-05-21 16:00:00,9.01364,83.2084,120.0,24.0,-118771.37998883738,748739.2976026394,-0.01912919095139321,0.08175382114133511,0.08396197483185038,False,346.83055756850933
2020-05-21 17:00:00,9.00761,83.21103,120.0,24.0,-118646.6747361425,748462.2110429459,-0.02195226956374186,0.07850207474778131,0.08151366682161607,False,344.3769165247013
2020-05-21 18:00:00,9.00169,83.21347,120.0,24.0,-118526.77962616665,748205.7993403991,-0.022678702818138337,0.07107014058324174,0.07460086087998703,False,342.3019552245536
2020-05-21 19:00:00,8.99526,83.21562,120.0,24.0,-118405.3359518388,747982.3567482588,-0.026030599859753836,0.0620898860866002,0.06732567179988333,False,337.25459133766526
2020-05-21 20:00:00,8.98751,83.21748,120.0,24.0,-118271.76727949976,747793.5539523036,-0.029217171165021406,0.05450274440623064,0.06184005367637599,False,331.8056700437245
2020-05-21 21:00:00,8.97934,83.21914,120.0,24.0,-118136.25159338895,747627.6177826916,-0.02838467348663346,0.05032187030469283,0.057775256986924074,False,330.5742906030218
2020-05-21 22:00:00,8.97204,83.22073,120.0,24.0,-118013.35234742655,747467.5744703335,-0.023297204668730254,0.04861853417716638,0.053912165704161824,False,334.39702299328474
2020-05-21 23:00:00,8.96664,83.22228,120.0,24.0,-117915.97239440096,747308.0068398205,-0.015149413451088974,0.0475347648008242,0.04989046594873324,False,342.3228278136587
2020-05-22 00:00:00,8.96378,83.2238,120.0,24.0,-117852.26664225866,747146.5071985197,-0.007261501938104719,0.04645116620406632,0.0470153193343924,False,351.11511797349715
2020-05-22 01:00:00,8.96268,83.22528,120.0,24.0,-117812.21768440004,746985.7892381563,-0.0029699161231577205,0.043819058724739506,0.043919589129462054,False,356.12260463679047
2020-05-22 02:00:00,8.96216,83.22663,120.0,24.0,-117781.99267929395,746838.1935313503,-0.003372072737129247,0.03824496723409949,0.038393337876275274,False,354.9612403519458
2020-05-22 03:00:00,8.96084,83.22775,120.0,24.0,-117745.33841786924,746717.5694916497,-0.008648910458264476,0.029109685901279034,0.030367375016392178,False,343.45255084307246
2020-05-22 04:00:00,8.95744,83.22851,120.0,24.0,-117687.83498778351,746640.8613015068,-0.0176995802531279,0.018116486042068652,0.025327499040556364,False,315.66690359588586
2020-05-22 05:00:00,8.95118,83.22892,120.0,24.0,-117599.1462230792,746608.5636210417,-0.02909489672920896,0.007742754166832304,0.030107528257419823,False,284.90220819499416
2020-05-22 06:00:00,8.94156,83.22901,120.0,24.0,-117472.22900770154,746618.3865014908,-0.04157165136143298,-0.0013922906740055892,0.04159495967346832,False,268.0818040463941
2020-05-22 07:00:00,8.92849,83.22883,120.0,24.0,-117305.02588051032,746664.9880522066,-0.05335377930689053,-0.008824379348689921,0.05407860424620781,False,260.60865639485615
2020-05-22 08:00:00,8.91244,83.22844,120.0,24.0,-117102.59739727796,746740.7724322225,-0.060392223044486666,-0.013470451424903693,0.06187627708456381,False,257.42603462281295
2020-05-22 09:00:00,8.89553,83.22796,120.0,24.0,-116890.47756892674,746828.1693630257,-0.05958940199795426,-0.014245767330471101,0.06126857854812459,False,256.55490684138965
2020-05-22 10:00:00,8.87992,83.22752,120.0,24.0,-116694.57493434388,746908.4526899944,-0.053820757042164775,-0.012852415644190799,0.0553340625336941,False,256.5692757421241
2020-05-22 11:00:00,8.86616,83.22713,120.0,24.0,-116521.89725122963,746979.4151657019,-0.046603361257993324,-0.01145885308521593,0.04799144293071001,False,256.1861222261966
2020-05-22 12:00:00,8.85449,83.22678,120.0,24.0,-116375.75616997991,747041.686971739,-0.03802882867521385,-0.01145886023787085,0.03971772008008296,False,253.23137652495816
2020-05-22 13:00:00,8.84541,83.22639,120.0,24.0,-116264.05224883495,747103.0817099597,-0.028060434204151156,-0.013471587599020006,0.031126703008246243,False,244.35471413227216
2020-05-22 14:00:00,8.83918,83.22591,120.0,24.0,-116191.03877512056,747168.595560347,-0.01931918581476838,-0.01579377657422628,0.024953443029412326,False,230.73339319141584
2020-05-22 15:00:00,8.83487,83.22537,120.0,24.0,-116144.07975997102,747236.8204052348,-0.014793069190134144,-0.016877383469223357,0.02244283780700003,False,221.2346468044107
2020-05-22 16:00:00,8.83111,83.22482,120.0,24.0,-116104.45589486114,747305.0295233848,-0.01653629268292931,-0.01858030484463205,0.02487321257527782,False,221.66877524982024
2020-05-22 17:00:00,8.82585,83.22417,120.0,24.0,-116046.96785309941,747387.291259122,-0.025228961779070712,-0.023070091591892918,0.034186688030696084,False,227.5593021736098
2020-05-22 18:00:00,8.81735,83.22333,120.0,24.0,-115950.44393977152,747497.0380183784,-0.03696765560553069,-0.028334251273354757,0.046577219283580364,False,232.5312574178225
2020-05-22 19:00:00,8.80569,83.22234,120.0,24.0,-115815.21746242065,747629.6863683242,-0.047096002861774434,-0.03174070961454892,0.056793539530402434,False,236.02169994877428
2020-05-22 20:00:00,8.79167,83.22128,120.0,24.0,-115650.33428205094,747774.7868820053,-0.0525133476814275,-0.032051066010279475,0.061521723944520434,False,238.60255830372176
2020-05-22 21:00:00,8.77706,83.22027,120.0,24.0,-115476.8347865451,747915.5316900527,-0.05118104855000886,-0.028645488575584157,0.05865205662559742,False,240.7647245292295
2020-05-22 22:00:00,8.76377,83.21943,120.0,24.0,-115317.61741467605,748034.8491645036,-0.043921907051513914,-0.023845943657580877,0.0499776244729814,False,241.50171891276412
2020-05-22 23:00:00,8.75312,83.21873,120.0,24.0,-115190.44812278583,748133.4002514451,-0.03304563688697726,-0.01982010516504748,0.03853376034102426,False,239.04552163528257
2020-05-23 00:00:00,8.74576,83.21815,120.0,24.0,-115104.17634103564,748212.0991790212,-0.0237819168612041,-0.016877610030432214,0.02916218938853134,False,234.63734480938268
2020-05-23 01:00:00,8.74016,83.21764,120.0,24.0,-115039.68621263173,748279.541649402,-0.02077432512803488,-0.015174010402039162,0.025725924205098914,False,233.85481042497597
2020-05-23 02:00:00,8.73444,83.21717,120.0,24.0,-114972.9394955232,748342.8118556616,-0.02336394197834221,-0.01594794967103309,0.02828799893023799,False,235.6830184413438
2020-05-23 03:00:00,8.72743,83.21661,120.0,24.0,-114890.85350084101,748418.5803350275,-0.02912964504759203,-0.020283171883655277,0.03549567976896072,False,235.15024038059536
2020-05-23 04:00:00,8.71857,83.21586,120.0,24.0,-114787.79354213605,748518.9834643184,-0.034070702269364234,-0.02585751230011842,0.04277176282874528,False,232.8037967198492
2020-05-23 05:00:00,8.70887,83.21494,120.0,24.0,-114676.59952725623,748639.7873854955,-0.03519483717306196,-0.030193250811846997,0.04637142394002414,False,229.37408189507826
2020-05-23 06:00:00,8.6994,83.21391,120.0,24.0,-114570.22840224409,748772.2371440512,-0.03507171958253023,-0.03344468530094592,0.04846207268942325,False,226.3603264909925
2020-05-23 07:00:00,8.68977,83.21278,120.0,24.0,-114463.40960352201,748916.0120300628,-0.03652852835535269,-0.03638640844933671,0.05155874420163632,False,225.1116761646462
2020-05-23 08:00:00,8.67951,83.21156,120.0,24.0,-114349.82346406222,749070.9479539632,-0.03776561487465524,-0.03932846518991807,0.05452494696059207,False,223.83865967680632
2020-05-23 09:00:00,8.66921,83.21024,120.0,24.0,-114237.34280012049,749236.9677232046,-0.03641301187029293,-0.0418060803645279,0.05544056086396908,False,221.05579918124448
2020-05-23 10:00:00,8.65969,83.20886,120.0,24.0,-114136.01528276035,749408.0301067176,-0.03280019410046193,-0.04350934039026884,0.05448775490166811,False,217.01138291947404
2020-05-23 11:00:00,8.65136,83.20743,120.0,24.0,-114051.04081701006,749582.2214664129,-0.028211945065014676,-0.043509288836884534,0.0518552992416672,False,212.9598593767078
2020-05-23 12:00:00,8.64434,83.20605,120.0,24.0,-113982.32256512594,749748.287156766,-0.024890224740779784,-0.03839945392035269,0.04576069655313188,False,212.9509905504733
2020-05-23 13:00:00,8.63782,83.20495,120.0,24.0,-113915.42143989747,749882.4921577652,-0.024728657837063843,-0.026476864725781292,0.03622886810445367,False,223.04462524734583
2020-05-23 14:00:00,8.63089,83.20434,120.0,24.0,-113834.92657418913,749963.4987337991,-0.027066418081719903,-0.014089865844590247,0.030514182068228618,False,242.50003261955868
2020-05-23 15:00:00,8.6231,83.20404,120.0,24.0,-113737.97409828549,750012.0354265402,-0.030929672685469946,-0.008205967271056084,0.03199972736265028,False,255.14115063156177
2020-05-23 16:00:00,8.61407,83.20381,120.0,24.0,-113623.60880040348,750055.303166921,-0.03663143721830535,-0.006347675858915414,0.03717734769303082,False,260.16912873846684
2020-05-23 17:00:00,8.60318,83.20363,120.0,24.0,-113484.04825712224,750096.7265819102,-0.04409858225076222,-0.004644228823051225,0.044342460665688144,False,263.9880734525083
2020-05-23 18:00:00,8.59009,83.20351,120.0,24.0,-113314.67366769315,750135.861727587,-0.05022344413297922,-0.003870400590889017,0.05037235691639253,False,265.59328937285346
2020-05-23 19:00:00,8.57587,83.20338,120.0,24.0,-113130.65822193568,750178.2923154291,-0.05224750736592998,-0.004954759921890949,0.05248191757011632,False,264.58270083426953
2020-05-23 20:00:00,8.56168,83.20319,120.0,24.0,-112948.0173134144,750227.2329951442,-0.05175216864337648,-0.005883869029815543,0.052085572609432855,False,263.5137120482388
2020-05-23 21:00:00,8.54773,83.203,120.0,24.0,-112768.50185020301,750275.6568611545,-0.050686718630988774,-0.00510973153015864,0.05094362376085276,False,264.2434566439574
2020-05-23 22:00:00,8.53412,83.20286,120.0,24.0,-112592.59482711794,750317.8572826431,-0.04811275716025492,-0.0029423249174435895,0.04820264181018993,False,266.50044772564996
2020-05-23 23:00:00,8.52157,83.20281,120.0,24.0,-112429.06936655256,750348.0139832885,-0.042687504241891404,-7.040604325797561e-07,0.042687504247697565,False,269.9990550000048
2020-05-24 00:00:00,8.51091,83.20286,120.0,24.0,-112288.63864664435,750363.4059560765,-0.03452122472800997,0.003870126470813905,0.0347374845897319,False,276.3966409622474
2020-05-24 01:00:00,8.5028,83.20306,120.0,24.0,-112179.1297430705,750357.2411828791,-0.024993706888168925,0.0086702314782658,0.026454835057100886,False,289.13148536662504
2020-05-24 02:00:00,8.49732,83.20342,120.0,24.0,-112101.43178583415,750328.2741267952,-0.019291477586467154,0.011612608246631203,0.022516966442194017,False,301.0460631285839
2020-05-24 03:00:00,8.49231,83.20381,120.0,24.0,-112029.4012337837,750295.0723181173,-0.02182813515516745,0.010064683193415108,0.024036749616702956,False,294.75384249188744
2020-05-24 04:00:00,8.48545,83.20407,120.0,24.0,-111935.29089550528,750279.8121893735,-0.029863449060196934,0.004645733016865027,0.030222647551711397,False,278.84239078928977
2020-05-24 05:00:00,8.47607,83.20411,120.0,24.0,-111811.80239401871,750293.7167050671,-0.039223473713709545,-0.0029410019673518683,0.039333578310929596,False,265.7119485447248
2020-05-24 06:00:00,8.46412,83.20388,120.0,24.0,-111659.0876429672,750342.3821688264,-0.04744527462072274,-0.012386081499542113,0.04903538618945605,False,255.36889012719098
2020-05-24 07:00:00,8.45027,83.20331,120.0,24.0,-111487.04348613799,750432.2061625405,-0.05280105596275259,-0.02291523328948635,0.05755918195642911,False,246.53954456570747
2020-05-24 08:00:00,8.43541,83.2024,120.0,24.0,-111307.29261031708,750561.446670113,-0.05466534267073804,-0.032205831025116635,0.06344694824282393,False,239.49573343302077
2020-05-24 09:00:00,8.42055,83.20123,120.0,24.0,-111131.72672155521,750719.3171287484,-0.05307332352784485,-0.03778029712658911,0.06514697630177971,False,234.55480041390348
2020-05-24 10:00:00,8.40656,83.19996,120.0,24.0,-110969.11781583358,750886.4904070445,-0.049402656071096215,-0.03870936929956341,0.06276175346856556,False,231.9195844061536
2020-05-24 11:00:00,8.3937,83.19873,120.0,24.0,-110820.59536850365,751047.0319368299,-0.04539923023234848,-0.03483838772800885,0.057225897679082864,False,232.4981467373978
2020-05-24 12:00:00,8.38189,83.19771,120.0,24.0,-110682.36036450461,751182.3551912925,-0.042811055238946925,-0.028180166798325496,0.05125337307391204,False,236.64528509946115
2020-05-24 13:00:00,8.37044,83.19691,120.0,24.0,-110545.22463772903,751292.6940714539,-0.04290828702238433,-0.02136711413865315,0.04793406577591292,False,243.52799304338822
2020-05-24 14:00:00,8.35858,83.19633,120.0,24.0,-110399.10701817028,751379.5327667381,-0.04525011464080184,-0.015328347186558101,0.04777584224770269,False,251.28633630171862
2020-05-24 15:00:00,8.34586,83.19592,120.0,24.0,-110238.92796261917,751449.2468075177,-0.048916563392249694,-0.010373474891682378,0.05000439136152292,False,258.02696770393584
2020-05-24 16:00:00,8.33201,83.19566,120.0,24.0,-110061.47855227419,751504.5519046109,-0.0528769691438728,-0.006502605955966671,0.05327530150135848,False,262.9891861816295
2020-05-24 17:00:00,8.31714,83.1955,120.0,24.0,-109869.01668877955,751550.7403110019,-0.0563950104992472,-0.004180110803128016,0.05654971737804381,False,265.7608744088566
2020-05-24 18:00:00,8.30138,83.19539,120.0,24.0,-109664.0585889225,751593.0673342928,-0.05978394000930779,-0.0034058772034913504,0.05988087743647195,False,266.7393971634449
2020-05-24 19:00:00,8.28467,83.19528,120.0,24.0,-109446.62291535617,751637.1532622833,-0.06320964730231181,-0.0035607057439388905,0.06330985813818867,False,266.77583985840715
2020-05-24 20:00:00,8.26705,83.19516,120.0,24.0,-109217.39256284983,751684.0142539728,-0.06512546353595977,-0.003251463395074032,0.06520657953752161,False,267.14181576454087
2020-05-24 21:00:00,8.2493,83.19507,120.0,24.0,-108985.95825352328,751727.7427894656,-0.06400284427558924,-0.0013939292466652337,0.06401802179160204,False,268.75234234434436
2020-05-24 22:00:00,8.23229,83.19507,120.0,24.0,-108762.78014142113,751760.065467495,-0.06032001303451298,0.0024766984652291584,0.06037083739498306,False,272.351204826243
2020-05-24 23:00:00,8.21654,83.19523,120.0,24.0,-108553.57602417353,751772.2808862526,-0.05516289043242278,0.008824860867073386,0.05586432359012936,False,279.0890600071641
2020-05-25 00:00:00,8.20233,83.19564,120.0,24.0,-108360.6036489556,751753.9405108752,-0.04994921209060357,0.017031305770847036,0.05277299654872922,False,288.8279627559697
2020-05-25 01:00:00,8.18941,83.19633,120.0,24.0,-108180.1257356976,751702.2186258198,-0.04574683826203307,0.026011922684165592,0.052625025726355905,False,299.6228161749577
2020-05-25 02:00:00,8.17748,83.19732,120.0,24.0,-108007.90709527119,751615.4829672516,-0.04211426074443661,0.034992420163226796,0.054754729722008455,False,309.7229352534526
2020-05-25 03:00:00,8.16653,83.19859,120.0,24.0,-107844.14947116775,751495.9652888658,-0.03846285351103544,0.04273424006117794,0.057494402978183506,False,318.01127830691723
2020-05-25 04:00:00,8.15658,83.20008,120.0,24.0,-107690.07572468182,751350.255038315,-0.035529170941587127,0.04768916449913997,0.059469138201444886,False,323.31331495550535
2020-05-25 05:00:00,8.14722,83.20167,120.0,24.0,-107542.21141323827,751192.3707675912,-0.03419669923242217,0.04799902007559634,0.05893488072958359,False,324.53218847066
2020-05-25 06:00:00,8.13799,83.20318,120.0,24.0,-107397.36806964494,751043.043147074,-0.03409724774292682,0.044437898866908576,0.056012044770282425,False,322.50093435947133
2020-05-25 07:00:00,8.12868,83.20454,120.0,24.0,-107253.89164015856,750910.3922420403,-0.034458301012283185,0.03901868722726643,0.05205605115250638,False,318.55153571373813
2020-05-25 08:00:00,8.11925,83.2057,120.0,24.0,-107112.03771895438,750800.0116557323,-0.034047959308586305,0.033754151423099454,0.047943782405778915,False,314.7517209084139
2020-05-25 09:00:00,8.11016,83.20672,120.0,24.0,-106976.87955877151,750704.4212346786,-0.03163483591989521,0.03065728248788334,0.04405260279734412,False,314.1009281728801
2020-05-25 10:00:00,8.10204,83.20768,120.0,24.0,-106855.4046920969,750613.6200177135,-0.026649535563480552,0.03174101723763072,0.04144502287402898,False,319.9834160556809
2020-05-25 11:00:00,8.09566,83.20877,120.0,24.0,-106754.7091281821,750505.2094245923,-0.018835710502051652,0.03839899149797336,0.04276992562746081,False,333.87084032543373
2020-05-25 12:00:00,8.09179,83.21016,120.0,24.0,-106682.20447596125,750359.0009640869,-0.0085074054919446,0.04753455224798751,0.04828984992336406,False,349.8530278027008
2020-05-25 13:00:00,8.09103,83.21184,120.0,24.0,-106645.89093504201,750174.9901114122,0.0030657490410573272,0.05651543437307743,0.056598525948653174,False,3.1050365246385354
2020-05-25 14:00:00,8.09346,83.21381,120.0,24.0,-106646.78693438569,749953.0336032023,0.011530373521677531,0.06657994362154036,0.06757098790307046,False,9.825083841996047
2020-05-25 15:00:00,8.09731,83.21614,120.0,24.0,-106660.59229709078,749688.701171654,0.01338137984910265,0.07850228552336172,0.07963460403026676,False,9.673574203866167
2020-05-25 16:00:00,8.10075,83.21888,120.0,24.0,-106662.55890348958,749379.8814191917,0.011853435888178675,0.08577974949051152,0.08659485761296726,False,7.86756686899173
2020-05-25 17:00:00,8.10377,83.22168,120.0,24.0,-106658.0548447324,749065.2233603266,0.010363130441094277,0.08299281139485767,0.08363731951564177,False,7.117558709346213
2020-05-25 18:00:00,8.1064,83.22424,120.0,24.0,-106652.19416152268,748777.7819231373,0.005758380615335513,0.07788322051363397,0.07809580644878704,False,4.228531820698663
2020-05-25 19:00:00,8.10691,83.22671,120.0,24.0,-106620.0272374384,748504.220929405,-0.004744304797734527,0.07803842582445408,0.07818250656747089,False,356.5210152626931
2020-05-25 20:00:00,8.10381,83.22928,120.0,24.0,-106539.140328101,748226.337406091,-0.01602857135135067,0.0802064763070655,0.0817923831488067,False,348.6988075714669
2020-05-25 21:00:00,8.09816,83.23189,120.0,24.0,-106424.36733677595,747948.7693210874,-0.022158693951011145,0.08051606601600879,0.08350954798290351,False,344.6126508919781
2020-05-25 22:00:00,8.09171,83.23448,120.0,24.0,-106299.52443988,747674.8772258428,-0.021840002033299305,0.08252874724896396,0.08536966563890182,False,345.17731087550726
2020-05-25 23:00:00,8.08623,83.23722,120.0,24.0,-106185.04550014462,747382.6121592241,-0.01535453907923156,0.08934162279640019,0.09065146129119984,False,350.24823057181726
2020-05-26 00:00:00,8.08332,83.24025,120.0,24.0,-106099.5879035565,747053.5638604357,-0.004484016712349119,0.09476134607957115,0.09486737646150484,False,357.2908390562729
2020-05-26 01:00:00,8.08378,83.24334,120.0,24.0,-106057.14366036058,746711.6488648562,0.008498423830568255,0.0930586794122968,0.09344592565523979,False,5.217964791989573
2020-05-26 02:00:00,8.08797,83.24626,120.0,24.0,-106065.94934972157,746381.5946362492,0.020629985007804698,0.08810421316557326,0.09048728451526777,False,13.178626261627642
2020-05-26 03:00:00,8.09507,83.24903,120.0,24.0,-106114.9532183044,746062.7102595243,0.029153193900066127,0.08423327940658662,0.08913559375559767,False,19.090770867585945
2020-05-26 04:00:00,8.10393,83.2517,120.0,24.0,-106188.35876536672,745751.6004123344,0.03310515290107159,0.08082659453521862,0.08734351454323304,False,22.273144120980646
2020-05-26 05:00:00,8.1132,83.25425,120.0,24.0,-106268.8928839581,745452.9691565003,0.032509523461770315,0.07587149505929375,0.082543036521828,False,23.194231920284665
2020-05-26 06:00:00,8.12174,83.2566,120.0,24.0,-106342.98919944504,745177.7592826958,0.029268984685084723,0.06720046972221677,0.07329786214742076,False,23.535404463931286
2020-05-26 07:00:00,8.12924,83.25859,120.0,24.0,-106409.16003168948,744944.2064436646,0.02533847320770539,0.054658476341155574,0.06024605597409898,False,24.871406734857487
2020-05-26 08:00:00,8.13563,83.26013,120.0,24.0,-106467.94376802577,744762.3749313154,0.021137690437986946,0.043200338921643044,0.0480943992580944,False,26.07225138614001
2020-05-26 09:00:00,8.14083,83.26138,120.0,24.0,-106515.80197538869,744614.7567374491,0.016684397024788893,0.036851934641796626,0.04045286381610126,False,24.35823201106234
2020-05-26 10:00:00,8.14478,83.26251,120.0,24.0,-106549.28783650635,744482.7038906614,0.01221495961076777,0.03391003480831425,0.03604297017441504,False,19.809865260975016
2020-05-26 11:00:00,8.14753,83.26357,120.0,24.0,-106568.27231857834,744360.6072064218,0.007947675112137436,0.03174232939565191,0.03272217925429411,False,14.056785410105476
2020-05-26 12:00:00,8.14914,83.26456,120.0,24.0,-106573.54358261218,744248.3561298309,0.003481343219945073,0.03158754614106227,0.031778810893877,False,6.289329421575189
2020-05-26 13:00:00,8.14944,83.26561,120.0,24.0,-106560.84657492678,744131.9202977129,-0.0016941947381109044,0.03452961038287577,0.03457114821645131,False,357.1910361949135
2020-05-26 14:00:00,8.14821,83.26679,120.0,24.0,-106526.22628332103,744003.9826657851,-0.0076331917672470976,0.03762655098764965,0.03839300659992348,False,348.53219678559987
2020-05-26 15:00:00,8.14525,83.26804,120.0,24.0,-106468.04503838395,743871.5336144071,-0.014389798309253708,0.038091233457065964,0.04071864881920448,False,339.30484309260646
2020-05-26 16:00:00,8.14031,83.26925,120.0,24.0,-106384.80735405086,743747.1717627599,-0.022364115773581602,0.03731727141749263,0.043505544708473357,False,329.06588424130314
2020-05-26 17:00:00,8.13297,83.27045,120.0,24.0,-106270.60072118958,743628.3567440427,-0.03175575966062403,0.03824664297540028,0.04971150742545484,False,320.2975304062231
2020-05-26 18:00:00,8.12287,83.27172,120.0,24.0,-106119.50779844452,743506.9116644781,-0.04154370162134191,0.043666317289793206,0.06027127350617357,False,316.4269656863911
2020-05-26 19:00:00,8.11015,83.27327,120.0,24.0,-105930.0637546915,743359.3773256004,-0.050397531744458574,0.05450532638407208,0.07423437081411773,False,317.2424471003902
2020-05-26 20:00:00,8.09518,83.27524,120.0,24.0,-105704.91079728783,743169.5895897914,-0.05682529616853213,0.06426007993450845,0.0857815373948894,False,318.51361676375
2020-05-26 21:00:00,8.07892,83.27742,120.0,24.0,-105459.84591430666,742958.9296021136,-0.059136835229150767,0.06766603731631593,0.08986577706230992,False,318.84811688484166
2020-05-26 22:00:00,8.06267,83.27961,120.0,24.0,-105214.88234001002,742747.0678934009,-0.05508150015150354,0.06983285836583866,0.08894155253020586,False,321.7349679665558
2020-05-26 23:00:00,8.04863,83.28193,120.0,24.0,-104996.65895201305,742516.7267868175,-0.0431569238987624,0.07649061202937543,0.08782558743915125,False,330.56778567591806
2020-05-27 00:00:00,8.03893,83.28455,120.0,24.0,-104830.10330865005,742245.2668155963,-0.025497579749572966,0.0846978319954637,0.08845252578540438,False,343.24601432407644
2020-05-27 01:00:00,8.0346,83.2874,120.0,24.0,-104729.5989440617,741938.5682438653,-0.006815066725239618,0.08949900042869884,0.08975809830987788,False,355.6455103224993
2020-05-27 02:00:00,8.03518,83.29033,120.0,24.0,-104691.44901244728,741614.0578275541,0.0013257019021310837,0.08624771385893995,0.08625790184920391,False,0.880616301229054
2020-05-27 03:00:00,8.03533,83.29297,120.0,24.0,-104652.24852248578,741322.3470360063,-0.008998514310974547,0.07401561473553829,0.07456060946964185,False,353.0682330911093
2020-05-27 04:00:00,8.03022,83.29511,120.0,24.0,-104552.80333690111,741095.4339905315,-0.02414560117367103,0.06875126648105541,0.07286800874723473,False,340.64860908263097
2020-05-27 05:00:00,8.02202,83.29741,120.0,24.0,-104410.95436890221,740856.477526045,-0.029470058805526334,0.08253178608254329,0.0876354955481845,False,340.3496110243443
2020-05-27 06:00:00,8.01397,83.30044,120.0,24.0,-104259.7684230124,740536.6310676793,-0.0277729480270566,0.09399022638922132,0.09800764918520728,False,343.538242466931
2020-05-27 07:00:00,8.0067,83.30348,120.0,24.0,-104118.59602791304,740214.2348272898,-0.025242958401358893,0.08222224390657869,0.08600990839365923,False,342.93304921440983
2020-05-27 08:00:00,8.00004,83.30575,120.0,24.0,-103997.33180334828,739975.7175148544,-0.02398393157984461,0.05976999935079886,0.06440249837095735,False,338.1358692310895
2020-05-27 09:00:00,7.99346,83.30734,120.0,24.0,-103887.69968330322,739812.1120818845,-0.02441223912742161,0.04289206349870844,0.049352675007456805,False,330.353408648586
2020-05-27 10:00:00,7.98656,83.30852,120.0,24.0,-103780.32652680026,739694.3375232313,-0.024588970146290523,0.03205283762503179,0.04039804268367244,False,322.506793050858
2020-05-27 11:00:00,7.97988,83.30941,120.0,24.0,-103680.31145070805,739608.1682243561,-0.02252187478455772,0.023691093790135034,0.03268796060913363,False,316.449312339234
2020-05-27 12:00:00,7.97412,83.31005,120.0,24.0,-103596.05896338761,739547.9249260692,-0.01822930974465449,0.017652098383079417,0.02537526967526592,False,314.0783828087632
2020-05-27 13:00:00,7.96981,83.31055,120.0,24.0,-103532.69813945095,739500.5099231121,-0.01250794630594083,0.014555246925299912,0.01919124628180128,False,319.3261224255267
2020-05-27 14:00:00,7.96721,83.31099,120.0,24.0,-103492.34124128713,739456.6259115455,-0.007312415941031608,0.012697222185701115,0.014652333538645432,False,330.06206951532556
2020-05-27 15:00:00,7.96577,83.31137,120.0,24.0,-103467.88554722315,739417.2698906106,-0.004597118358946421,0.009910073124114231,0.010924424311214456,False,335.1141975561627
2020-05-27 16:00:00,7.96467,83.31163,120.0,24.0,-103449.67322495382,739390.5488057192,-0.005266520359991943,0.005574457172468595,0.007668820604884184,False,316.6270430237006
2020-05-27 17:00:00,7.96286,83.31173,120.0,24.0,-103424.77102302117,739382.7751059938,-0.009537608231255575,-0.00015470780074235808,0.009538862892217533,False,269.0706971263552
2020-05-27 18:00:00,7.9594,83.31162,120.0,24.0,-103381.81887353786,739401.1650048251,-0.015998895634100112,-0.0061935368961799075,0.0171558899738594,False,248.8374445290809
2020-05-27 19:00:00,7.95402,83.31133,120.0,24.0,-103316.86360188657,739442.8897772123,-0.022985824868958175,-0.011303303162513389,0.025614699047423948,False,243.81429971699922
2020-05-27 20:00:00,7.9467,83.31089,120.0,24.0,-103229.1748725905,739504.6671637625,-0.029720559701268988,-0.015484044653484267,0.033512196403515375,False,242.481042644246
2020-05-27 21:00:00,7.9376,83.31033,120.0,24.0,-103120.3434985576,739582.8885565759,-0.035280179156078874,-0.01904553971077834,0.040092687913880966,False,241.6381929337868
2020-05-27 22:00:00,7.92721,83.30966,120.0,24.0,-102996.52792014388,739675.5596334437,-0.03743766557380528,-0.021833171958509853,0.04333896862392951,False,239.74980506335655
2020-05-27 23:00:00,7.91692,83.30892,120.0,24.0,-102875.04818280255,739775.7603480553,-0.034309163489568195,-0.0233820676956469,0.04151914966708414,False,235.72514483274279
2020-05-28 00:00:00,7.90826,83.30815,120.0,24.0,-102775.044543379,739876.330568797,-0.02668951460718821,-0.022607947300364042,0.03497784257359723,False,229.73299029060254
2020-05-28 01:00:00,7.90218,83.30746,120.0,24.0,-102707.10731645774,739963.4289016101,-0.016424312880568878,-0.018736661760014175,0.024916270738374918,False,221.23738180555375
2020-05-28 02:00:00,7.89919,83.30694,120.0,24.0,-102676.45931137155,740026.2114855704,-0.006428904274951228,-0.014865231012831137,0.016195860682326296,False,203.38748190306475
2020-05-28 03:00:00,7.89863,83.3065,120.0,24.0,-102675.96755950445,740075.8044041047,0.0006340869152790106,-0.013626325059893049,0.013641070370539013,False,177.33572225289703
2020-05-28 04:00:00,7.89954,83.30606,120.0,24.0,-102694.46372143115,740122.7628514576,0.004166046268938016,-0.0139360016717456,0.014545380163812443,False,163.35642317406877
2020-05-28 05:00:00,7.90093,83.3056,120.0,24.0,-102719.46873154743,740171.0689699786,0.004220564447448715,-0.014865099784708229,0.015452648830035604,False,164.14946223769954
2020-05-28 06:00:00,7.90187,83.3051,120.0,24.0,-102739.27555299042,740224.5984089035,0.0014128579859720098,-0.017961983571934383,0.018017464347875524,False,175.502475234133
2020-05-28 07:00:00,7.90171,83.30444,120.0,24.0,-102747.32409310759,740297.768801503,-0.0035332933578654364,-0.024310537633452353,0.024565960229151217,False,188.26946530765997
2020-05-28 08:00:00,7.89992,83.30353,120.0,24.0,-102738.14028190743,740401.4696791489,-0.009876018640721247,-0.03236232474044926,0.03383571791462637,False,196.97062972822965
2020-05-28 09:00:00,7.89626,83.30235,120.0,24.0,-102708.91704999891,740538.3394232839,-0.01671034851514585,-0.04010440460490801,0.04344650752605788,False,202.62008398059774
2020-05-28 10:00:00,7.8907,83.30094,120.0,24.0,-102658.63522126566,740704.0123675959,-0.0223874530610799,-0.0469175555688915,0.05198514283064035,False,205.50888049574633
2020-05-28 11:00:00,7.88391,83.29932,120.0,24.0,-102595.62890625233,740895.0761155105,-0.02534793244678061,-0.05311142855832403,0.0588501616211248,False,205.51325194055062
2020-05-28 12:00:00,7.87672,83.29751,120.0,24.0,-102530.30788010311,741107.8337613504,-0.025136501600624916,-0.057447209368339004,0.06270586557035948,False,203.6321799709316
2020-05-28 13:00:00,7.87005,83.29561,120.0,24.0,-102473.03695817669,741329.5958736056,-0.022149846455543312,-0.05899569248493652,0.06301672341356174,False,200.57857278883333
2020-05-28 14:00:00,7.86451,83.2937,120.0,24.0,-102430.49333150723,741550.4388506212,-0.01970669742496672,-0.05760185909306262,0.06087961969638305,False,198.88679819410723
2020-05-28 15:00:00,7.85919,83.29189,120.0,24.0,-102389.23165530204,741759.8431509038,-0.02100119104494465,-0.05357566437449528,0.05754478115758914,False,201.40474430844068
2020-05-28 16:00:00,7.85294,83.29024,120.0,24.0,-102333.45139837524,741953.236485322,-0.02563636211579595,-0.049394653332490615,0.05565118902924846,False,207.42980333411262
2020-05-28 17:00:00,7.84507,83.2887,120.0,24.0,-102254.97248668634,742137.3690421581,-0.03245245650146819,-0.04691687867411102,0.05704695817921354,False,214.67165228881314
2020-05-28 18:00:00,7.83507,83.28721,120.0,24.0,-102148.08874209502,742319.769528221,-0.04056077480341574,-0.045368187752680755,0.060855968586621775,False,221.79784763264806
2020-05-28 19:00:00,7.82274,83.28577,120.0,24.0,-102010.19090157015,742500.7817100964,-0.048908394739791104,-0.04381958217989284,0.06566724342047266,False,228.14118042398388
2020-05-28 20:00:00,7.80815,83.28438,120.0,24.0,-101842.1678089295,742680.2638407876,-0.05526045861294711,-0.0441296037281087,0.07071874017057392,False,231.39002157436843
2020-05-28 21:00:00,7.79233,83.28292,120.0,24.0,-101659.17060325359,742869.6229479267,-0.057726254376230794,-0.048156008487423636,0.07517527251530334,False,230.16468706828735
2020-05-28 22:00:00,7.77639,83.28127,120.0,24.0,-101477.38645630339,743080.1376663921,-0.057394373504727765,-0.05249177240433903,0.07777853354331853,False,227.55457313039705
2020-05-28 23:00:00,7.76076,83.27953,120.0,24.0,-101300.86954064059,743300.0023654798,-0.05555376731573007,-0.05373065146768121,0.07728650574396355,False,225.95573693258316
2020-05-29 00:00:00,7.74584,83.2778,120.0,24.0,-101133.30350252248,743517.4679931796,-0.05134753000593236,-0.052647082598901565,0.07354103714175976,False,224.28404941822146
2020-05-29 01:00:00,7.73253,83.27613,120.0,24.0,-100985.62979128242,743725.4307971151,-0.044191603101243655,-0.05063426435100043,0.06720659574048399,False,221.11318216747426
2020-05-29 02:00:00,7.72155,83.27453,120.0,24.0,-100867.06918924004,743921.5303556467,-0.036704744984840144,-0.04831126536667685,0.06067303079401603,False,217.22594965572245
2020-05-29 03:00:00,7.71236,83.27301,120.0,24.0,-100770.48742132723,744105.6255269597,-0.03165322907560955,-0.046143139095763744,0.05595637762153671,False,214.44930823402711
2020-05-29 04:00:00,7.70416,83.27155,120.0,24.0,-100685.81282390439,744281.3402966616,-0.029129722399079187,-0.04459451276329124,0.05326547939935171,False,213.15309780648175
2020-05-29 05:00:00,7.69636,83.27013,120.0,24.0,-100605.69004280886,744451.9243251089,-0.028261928192006354,-0.043510504549027315,0.05188352909393357,False,213.00544224008087
2020-05-29 06:00:00,7.68864,83.26874,120.0,24.0,-100526.11488478833,744619.045337921,-0.026919876180435405,-0.04382028834116827,0.05142856602971836,False,211.56342473029065
2020-05-29 07:00:00,7.68158,83.2673,120.0,24.0,-100455.82091698721,744790.5254570359,-0.02359164279151467,-0.046142958696972304,0.051824108742099154,False,207.07942806265976
2020-05-29 08:00:00,7.67569,83.26576,120.0,24.0,-100402.18763022432,744970.9980425508,-0.02091879949014994,-0.049858921566901984,0.05406947597234119,False,202.76096303508075
2020-05-29 09:00:00,7.6701,83.26408,120.0,24.0,-100354.50306446568,745166.4102259523,-0.021507720276870278,-0.054503935373317484,0.05859403555556543,False,201.53461723294623
2020-05-29 10:00:00,7.66389,83.26224,120.0,24.0,-100301.09456427494,745380.5837385855,-0.023518982377483268,-0.05914912479986785,0.06365344842710967,False,201.68384777319568
2020-05-29 11:00:00,7.6572,83.26026,120.0,24.0,-100243.47419949787,745611.0627949665,-0.024072750971881888,-0.06441377982675903,0.06876505195900333,False,200.49174721753803
2020-05-29 12:00:00,7.65069,83.25808,120.0,24.0,-100191.11295462176,745863.3221228546,-0.020248548290071642,-0.07200118809395623,0.07479421631915549,False,195.70732087322938
2020-05-29 13:00:00,7.6461,83.25561,120.0,24.0,-100167.99987750304,746144.2659908325,-0.01103888650619902,-0.08222051135940614,0.08295823951542713,False,187.64677676842985
2020-05-29 14:00:00,7.64464,83.25277,120.0,24.0,-100191.10589941927,746460.621447324,-0.0030296960406670046,-0.08918792411570119,0.08923936836490332,False,181.94557809782975
2020-05-29 15:00:00,7.64444,83.24985,120.0,24.0,-100231.80467801982,746783.613575557,-0.002429897693066776,-0.08717481551658601,0.08720867424258653,False,181.5966405200902
2020-05-29 16:00:00,7.64331,83.24714,120.0,24.0,-100257.26051840094,747085.029213782,-0.006377680164189147,-0.07865845937599844,0.07891658910319356,False,184.63543972128218
2020-05-29 17:00:00,7.64095,83.24477,120.0,24.0,-100261.61988105411,747351.0302293819,-0.010620219893832999,-0.06766472499662986,0.06849309512252248,False,188.92000558599597
2020-05-29 18:00:00,7.6375,83.24277,120.0,24.0,-100246.25247831558,747578.0566232968,-0.014938335955314443,-0.0572903544733748,0.05920590001679542,False,194.61434362404134
2020-05-29 19:00:00,7.63278,83.24107,120.0,24.0,-100209.84011935173,747774.1562261442,-0.019843446696432312,-0.04954826535860398,0.05337408525530705,False,201.82547030611545
2020-05-29 20:00:00,7.62665,83.23957,120.0,24.0,-100152.02999577814,747950.6201101067,-0.0244941241828285,-0.04490305637030988,0.05114925796997499,False,208.61198193612768
2020-05-29 21:00:00,7.61939,83.23817,120.0,24.0,-100077.95030829262,748118.0040137043,-0.02788389048774127,-0.04227082703584954,0.05063925519818648,False,213.4107829918097
2020-05-29 22:00:00,7.61141,83.23684,120.0,24.0,-99993.39290206108,748278.9025429533,-0.029536270022114824,-0.04087737542939845,0.05043164749257421,False,215.85029034703135
2020-05-29 23:00:00,7.60325,83.23553,120.0,24.0,-99906.14629552791,748437.8957150741,-0.029193980276931448,-0.03994845485591967,0.04947896047599741,False,216.15900693053692
2020-05-30 00:00:00,7.59546,83.23426,120.0,24.0,-99823.10121396529,748591.8142648647,-0.027204016574449083,-0.03979366404229739,0.04820367429661491,False,214.3575593662828
2020-05-30 01:00:00,7.58839,83.23296,120.0,24.0,-99749.86678108985,748747.7857560703,-0.023986475933414558,-0.04087755062565662,0.04739541299384779,False,210.40391989117737
2020-05-30 02:00:00,7.58236,83.23162,120.0,24.0,-99690.77743072946,748906.3614208701,-0.019595710251110534,-0.042425917500535676,0.0467327544235062,False,204.79130130972777
2020-05-30 03:00:00,7.57769,83.23022,120.0,24.0,-99650.3180096247,749069.198306414,-0.013975950624989356,-0.04381940415830255,0.045994210251517564,False,197.68978792183066
2020-05-30 04:00:00,7.57473,83.22879,120.0,24.0,-99632.63444270295,749232.3755643507,-0.007199700462099225,-0.044748313912492704,0.04532380483537255,False,189.14017042811707
2020-05-30 05:00:00,7.57376,83.22733,120.0,24.0,-99641.40306323837,749395.4079061694,0.0002757075561529059,-0.04505782375219038,0.045058667267685266,False,179.64941311226846
2020-05-30 06:00:00,7.57488,83.22588,120.0,24.0,-99677.36107831488,749553.7000490953,0.0068925651902412574,-0.04536737592418027,0.04588797503864839,False,171.36124132685006
2020-05-30 07:00:00,7.57752,83.2244,120.0,24.0,-99733.65541037223,749712.6606707145,0.01136723995144534,-0.04598668942405324,0.04737076892238573,False,166.1156332686927
2020-05-30 08:00:00,7.58108,83.22291,120.0,24.0,-99802.15236083015,749871.1202191538,0.014578857484435364,-0.04707049877603645,0.04927651510178379,False,162.79099842469185
2020-05-30 09:00:00,7.58547,83.22136,120.0,24.0,-99882.41744016697,750034.7576241475,0.017626949829441702,-0.048773647248568905,0.05186114177510449,False,160.1299845810683
2020-05-30 10:00:00,7.59069,83.21976,120.0,24.0,-99974.31201725268,750202.4641154,0.0204564831221486,-0.05125099957176804,0.05518272065449581,False,158.24092753819184
2020-05-30 11:00:00,7.59662,83.21805,120.0,24.0,-100077.15757394402,750381.0753356933,0.022865685692130846,-0.05558639522749675,0.06010563132152253,False,157.6399884595525
2020-05-30 12:00:00,7.60315,83.21617,120.0,24.0,-100190.40854743974,750577.4094172715,0.025258411785453586,-0.06100559446802417,0.06602779658841088,False,157.50876483057465
2020-05-30 13:00:00,7.61038,83.21411,120.0,24.0,-100315.53553956223,750792.3918005726,0.028001986549378265,-0.0661150986233569,0.07180053980777422,False,157.0456946975217
2020-05-30 14:00:00,7.6184,83.2119,120.0,24.0,-100453.29026393176,751022.5440746498,0.030655510285903978,-0.06766340536533376,0.07428389284712159,False,155.62667196555185
2020-05-30 15:00:00,7.62707,83.20974,120.0,24.0,-100598.89420689373,751246.00617476,0.03303485229297124,-0.0628633888905588,0.0710148373850427,False,152.27797287855714
2020-05-30 16:00:00,7.63638,83.20784,120.0,24.0,-100749.11028928949,751439.5874610685,0.03668282495644467,-0.052643888831964455,0.06416392037693296,False,145.13080358177933
2020-05-30 17:00:00,7.64703,83.20634,120.0,24.0,-100911.03667295835,751586.5833477381,0.04249925378657436,-0.038553514623188415,0.05738083357895786,False,132.21297777151472
2020-05-30 18:00:00,7.6595,83.20535,120.0,24.0,-101089.32186460037,751673.9854082647,0.04684376759604491,-0.023225181520160343,0.05228525240674147,False,116.37225490781987
2020-05-30 19:00:00,7.67251,83.20484,120.0,24.0,-101267.59072024017,751707.3587092494,0.0461484727577719,-0.008516348886718482,0.04692770755358849,False,100.45586391735702
2020-05-30 20:00:00,7.6846,83.2048,120.0,24.0,-101426.8027583098,751690.3926965083,0.04206690162741815,0.007586485399475346,0.042745514071623095,False,79.77697304375585
2020-05-30 21:00:00,7.69539,83.20533,120.0,24.0,-101560.44814792628,751612.7252848042,0.03721027187494799,0.025702344197960136,0.04522405145802354,False,55.3659016363963
2020-05-30 22:00:00,7.70484,83.20646,120.0,24.0,-101667.5235667858,751471.1270376188,0.03255446866031533,0.03948286871078509,0.051173140917756314,False,39.50630971370231
2020-05-30 23:00:00,7.7131,83.20788,120.0,24.0,-101754.61125922493,751299.5901797349,0.02868910264396129,0.04211522147175841,0.05095837997945978,False,34.262889691234705
2020-05-31 00:00:00,7.72045,83.20918,120.0,24.0,-101831.51896811112,751142.917706867,0.026276714079306616,0.03499291522045588,0.043760368124955755,False,36.903444897045404
2020-05-31 01:00:00,7.7274,83.21014,120.0,24.0,-101908.24183484579,751024.5089524185,0.025354530344990887,0.022296418182848683,0.03376362647583238,False,48.67205608752977
2020-05-31 02:00:00,7.73425,83.21062,120.0,24.0,-101990.82838579956,750959.2952659026,0.02357041496871235,0.010528699065455976,0.025815072454057394,False,65.93010055774971
2020-05-31 03:00:00,7.74023,83.21082,120.0,24.0,-102066.20303957416,750926.5530176914,0.01914202161829753,0.005728692131861987,0.01998086347426025,False,73.338972907465
2020-05-31 04:00:00,7.74467,83.21099,120.0,24.0,-102121.84005228983,750899.8622723063,0.014677466583534828,0.007122364608263048,0.01631429137056892,False,64.11462805479493
2020-05-31 05:00:00,7.74822,83.21128,120.0,24.0,-102164.00628569092,750861.4987524615,0.01329904132914831,0.011767591702843437,0.017757835306118384,False,48.49614845728121
2020-05-31 06:00:00,7.75191,83.21175,120.0,24.0,-102205.29607154179,750802.9997124407,0.01568574745161979,0.017341853469585326,0.02338338202391958,False,42.12941673340714
2020-05-31 07:00:00,7.75676,83.2124,120.0,24.0,-102259.06978510448,750722.5450237456,0.020973581366203625,0.02167744050886837,0.030162933251596923,False,44.05454790831726
2020-05-31 08:00:00,7.76333,83.21315,120.0,24.0,-102333.85866276671,750627.9687896514,0.024883243940722968,0.022915916408666834,0.033827726111320754,False,47.356861070470075
2020-05-31 09:00:00,7.77031,83.21388,120.0,24.0,-102414.29934568214,750534.8615777119,0.023393808742938588,0.019818852102892387,0.030660352023052704,False,49.72927464835516
2020-05-31 10:00:00,7.77607,83.21443,120.0,24.0,-102481.45474567042,750463.8104488858,0.017112716297284086,0.011922102710420436,0.020856212314539442,False,55.135809803889174
2020-05-31 11:00:00,7.77963,83.21465,120.0,24.0,-102524.7637160409,750433.1410359507,0.007821608452078667,0.00030947835636672126,0.007827728638033379,False,87.7341541591988
2020-05-31 12:00:00,7.78033,83.21445,120.0,24.0,-102536.95037694315,750453.9796488809,-0.002497393893721685,-0.012077207872437466,0.012332717715672561,False,191.68327846621423
2020-05-31 13:00:00,7.77827,83.21387,120.0,24.0,-102518.71970083434,750521.7306668181,-0.011954429949496765,-0.022141402178447397,0.025162473762434016,False,208.36518495259838
2020-05-31 14:00:00,7.77382,83.21302,120.0,24.0,-102473.24602313741,750623.5799311814,-0.01943020534833844,-0.028954169476402836,0.03486942514505877,False,213.8642823520454
2020-05-31 15:00:00,7.76769,83.212,120.0,24.0,-102408.30616612152,750747.2077281345,-0.024502165640361104,-0.03220577587405071,0.04046687683423666,False,217.26389023634022
2020-05-31 16:00:00,7.76048,83.21094,120.0,24.0,-102329.78956739978,750877.1775981367,-0.02911682676645822,-0.032360461389166796,0.043531472089371075,False,221.97978854641514
2020-05-31 17:00:00,7.75184,83.20991,120.0,24.0,-102232.04693503141,751006.377395425,-0.03483503063885821,-0.030347422765527963,0.046200058745848746,False,228.9384203479342
2020-05-31 18:00:00,7.74152,83.20898,120.0,24.0,-102110.74145349466,751127.5125233636,-0.03901056962924805,-0.02678648172756862,0.04732166677262941,False,235.52468626407855
2020-05-31 19:00:00,7.73061,83.20818,120.0,24.0,-101979.71020828992,751235.3174956986,-0.03938231955753186,-0.021832045107493904,0.04502893833200162,False,240.99769754215407
2020-05-31 20:00:00,7.72009,83.20757,120.0,24.0,-101850.91043175074,751321.416876676,-0.03934898483530015,-0.01470931189235693,0.042008409442816495,False,249.50341191055472
2020-05-31 21:00:00,7.7092,83.20723,120.0,24.0,-101713.19229908091,751378.3230451022,-0.04199750905441017,-0.00572854619052825,0.04238640121822423,False,262.2326734195537
2020-05-31 22:00:00,7.69724,83.2072,120.0,24.0,-101556.79428921628,751402.8527533362,-0.04315651143393914,-0.0007743464863764898,0.043163457827526786,False,268.9720664665787
2020-05-31 23:00:00,7.68572,83.20718,120.0,24.0,-101406.01192016524,751425.4663809966,-0.03869107588366112,-0.005419936832030012,0.039068850358033556,False,262.0257620542434
2020-06-01 00:00:00,7.67619,83.20685,120.0,24.0,-101285.94008814025,751478.7822291678,-0.032443176074170146,-0.015174338213315122,0.03581647964264051,False,244.9335447327631
2020-06-01 01:00:00,7.66807,83.2062,120.0,24.0,-101189.1080062487,751564.944307641,-0.028934944109025154,-0.023535207493659775,0.037297948768826805,False,230.87566104792737
2020-06-01 02:00:00,7.66045,83.20533,120.0,24.0,-101102.08229282647,751674.5189203322,-0.02730225815383587,-0.029728602489010336,0.04036338819088765,False,222.56385396884383
2020-06-01 03:00:00,7.65322,83.20428,120.0,24.0,-101022.81887494272,751803.2840102451,-0.02546741554171609,-0.03406403356908655,0.04253172506929736,False,216.7830242610213
2020-06-01 04:00:00,7.6466,83.20313,120.0,24.0,-100953.01341035224,751942.0153012407,-0.022216241652771272,-0.03685114564962811,0.043029853925669256,False,211.08427661017882
2020-06-01 05:00:00,7.64114,83.2019,120.0,24.0,-100899.58957569402,752087.537140351,-0.017087925909832817,-0.038399496133737034,0.04202997163007395,False,203.98925099120976
2020-06-01 06:00:00,7.63731,83.20065,120.0,24.0,-100867.83536951266,752232.396122212,-0.01149816819728662,-0.0387090391409161,0.04038065852739487,False,196.5435734400039
2020-06-01 07:00:00,7.63489,83.1994,120.0,24.0,-100854.57756312624,752374.7724053044,-0.007120912860181138,-0.03762508324267956,0.038293005744925,False,190.71702465344873
2020-06-01 08:00:00,7.63344,83.19822,120.0,24.0,-100853.01116308248,752507.7069451822,-0.004527333412894221,-0.03607666126158946,0.03635962370012894,False,187.15277212738528
2020-06-01 09:00:00,7.63243,83.19707,120.0,24.0,-100856.77374976451,752636.5524837262,-0.003939240469501181,-0.03545727519330555,0.03567542542998411,False,186.33946263999746
2020-06-01 10:00:00,7.6313,83.19593,120.0,24.0,-100858.80718107686,752764.5046074737,-0.005302477740122809,-0.03654107333142422,0.036923790574601364,False,188.25656386184676
2020-06-01 11:00:00,7.62955,83.19471,120.0,24.0,-100853.87259530512,752902.387945683,-0.008655056336634537,-0.04041186217232047,0.041328302704380974,False,192.08848287610266
2020-06-01 12:00:00,7.6266,83.19332,120.0,24.0,-100835.67322530446,753061.1677547363,-0.014937982129439956,-0.047998543580557766,0.050269309682490874,False,197.2870508934693
2020-06-01 13:00:00,7.62144,83.19161,120.0,24.0,-100793.13598831814,753259.1945120491,-0.024669737609497623,-0.05930106284857776,0.06422781335755119,False,202.58771861826835
2020-06-01 14:00:00,7.61321,83.18949,120.0,24.0,-100716.24779538608,753507.9211063962,-0.03545781842269407,-0.06967471394790989,0.07817814688913911,False,206.97177602373364
2020-06-01 15:00:00,7.6022,83.18711,120.0,24.0,-100606.55223890468,753790.2532570893,-0.0445761046366983,-0.07493901375386315,0.0871945232625511,False,210.7455254670706
2020-06-01 16:00:00,7.58903,83.18465,120.0,24.0,-100469.50173891263,754085.1991469937,-0.05099030947130014,-0.07571334042330374,0.09128264664236047,False,213.9588997049215
2020-06-01 17:00:00,7.57455,83.18222,120.0,24.0,-100314.63203024061,754379.10002016,-0.05390368455974327,-0.07339118955271527,0.09105972717441498,False,216.29619483477308
2020-06-01 18:00:00,7.55981,83.17991,120.0,24.0,-100154.43556129879,754660.1635349151,-0.05168753475595193,-0.06781786574321079,0.08526936239419117,False,217.3129168230688
2020-06-01 19:00:00,7.54654,83.17784,120.0,24.0,-100009.95626085631,754912.1049673845,-0.04378347164243043,-0.05961202102469443,0.07396340608511834,False,216.29630958904212
2020-06-01 20:00:00,7.53609,83.17606,120.0,24.0,-99898.29335186894,755127.053583795,-0.03489589240863029,-0.05078598574125939,0.06161931235177899,False,214.4936024922386
2020-06-01 21:00:00,7.52764,83.17456,120.0,24.0,-99808.83245866344,755307.5573259455,-0.02969629828360989,-0.043043879065076555,0.05229383956756348,False,214.60208791369683
2020-06-01 22:00:00,7.52001,83.17328,120.0,24.0,-99726.92306354087,755462.3090910169,-0.02720857886987419,-0.03808909712584978,0.046809038485965314,False,215.53975046630615
2020-06-01 23:00:00,7.51291,83.1721,120.0,24.0,-99650.50625290745,755605.0782750641,-0.02601268233182772,-0.036076142090767,0.0444763720446013,False,215.7934677409641
2020-06-02 00:00:00,7.50593,83.17095,120.0,24.0,-99575.20153884083,755744.3157472654,-0.028992875002146035,-0.03700465057076222,0.04700990283710738,False,218.07844155233408
2020-06-02 01:00:00,7.49722,83.16971,120.0,24.0,-99478.3501354986,755896.4973761052,-0.03840611757876429,-0.04102959048115811,0.05620015269129976,False,223.10841606127576
2020-06-02 02:00:00,7.48515,83.1683,120.0,24.0,-99339.58637271261,756073.2836982814,-0.049893911564772284,-0.047996915774225185,0.06923226368588119,False,226.11017807295684
2020-06-02 03:00:00,7.47023,83.16661,120.0,24.0,-99167.19329734983,756285.9277992662,-0.05854127339642429,-0.05806129923487356,0.08245116833445372,False,225.2358467552571
2020-06-02 04:00:00,7.45349,83.16455,120.0,24.0,-98976.01663095829,756542.5762296095,-0.06379239651915473,-0.06781604422299439,0.09310470293015384,False,223.24884906591112
2020-06-02 05:00:00,7.43574,83.16223,120.0,24.0,-98775.10870208262,756829.6593223931,-0.06570020133228752,-0.07447429985961311,0.09931232448534615,False,221.4182943767031
2020-06-02 06:00:00,7.41798,83.15974,120.0,24.0,-98576.34696906802,757135.500218533,-0.062057572411462245,-0.07819124993918548,0.0998249160312998,False,218.43776223752423
2020-06-02 07:00:00,7.40221,83.15718,120.0,24.0,-98404.71785863001,757445.6113835333,-0.05180345259541883,-0.07973998883396298,0.09508976559044799,False,213.00995429355345
2020-06-02 08:00:00,7.39,83.15459,120.0,24.0,-98280.43760247271,757752.896541522,-0.04039536491984086,-0.08051334218666628,0.09007876429588899,False,206.64395580452725
2020-06-02 09:00:00,7.3804,83.15198,120.0,24.0,-98190.8490778251,758057.9016999687,-0.03329640546486683,-0.0809771557879359,0.08755541317579658,False,202.35161692848635
2020-06-02 10:00:00,7.37203,83.14936,120.0,24.0,-98117.58425832709,758361.8970799556,-0.029361055282337935,-0.08097691001904489,0.08613554158142268,False,199.92991153516013
2020-06-02 11:00:00,7.36456,83.14675,120.0,24.0,-98056.00684893828,758663.2410423944,-0.026498167206723995,-0.08066704883133756,0.0849077477764715,False,198.18473745931854
2020-06-02 12:00:00,7.35774,83.14415,120.0,24.0,-98002.81988604876,758962.3640479421,-0.02589703153043672,-0.08283433352415741,0.08678815041513317,False,197.3611465385827
2020-06-02 13:00:00,7.3506,83.1414,120.0,24.0,-97947.46191146233,759278.6160223773,-0.02908197839232419,-0.08949162926502599,0.09409842281207728,False,198.00253954226008
2020-06-02 14:00:00,7.34207,83.13837,120.0,24.0,-97877.58761537414,759628.1979922638,-0.03516647050562467,-0.09754242059793192,0.10368801504478144,False,199.82549549270607
2020-06-02 15:00:00,7.33166,83.1351,120.0,24.0,-97786.08896547586,760007.520139332,-0.042576125290744074,-0.10327074473447369,0.11170305798314549,False,202.4052145437289
2020-06-02 16:00:00,7.31915,83.1317,120.0,24.0,-97668.43215430937,760404.7875787673,-0.04930530812526909,-0.10590278148705391,0.11681786051808352,False,204.9653409933763
2020-06-02 17:00:00,7.30513,83.12826,120.0,24.0,-97531.12284858908,760809.0326502182,-0.05369851275555741,-0.10590283334596498,0.11873895899350807,False,206.8874943161205
2020-06-02 18:00:00,7.29027,83.12486,120.0,24.0,-97381.89564043006,761210.2600461189,-0.05668255600158168,-0.10388987654614303,0.118347026171532,False,208.61698396501822
2020-06-02 19:00:00,7.27466,83.12155,120.0,24.0,-97221.22687166669,761602.7810284215,-0.059408277562901526,-0.10063828788061348,0.11686491531050704,False,210.55398522618313
2020-06-02 20:00:00,7.25835,83.11836,120.0,24.0,-97049.35170366902,761983.1860342718,-0.0614093427700165,-0.09738687822217237,0.1151317133951615,False,212.2343427111826
2020-06-02 21:00:00,7.24168,83.11526,120.0,24.0,-96871.21298937013,762354.2100847501,-0.062293837221397697,-0.09521925052514929,0.11378588588369445,False,213.1933030041783
2020-06-02 22:00:00,7.22491,83.11221,120.0,24.0,-96690.83432035557,762719.8335594692,-0.06329072320190234,-0.09351580181294175,0.11291997534598217,False,214.08981763091836
2020-06-02 23:00:00,7.20772,83.10922,120.0,24.0,-96503.81693988488,763079.4878789508,-0.06579825960422067,-0.09150259368854818,0.11270375157321054,False,215.7193936759487
2020-06-03 00:00:00,7.18962,83.1063,120.0,24.0,-96303.49043903693,763432.8857511615,-0.07030345292960885,-0.0901086024032354,0.11428970085222065,False,217.96163986305777
2020-06-03 01:00:00,7.17003,83.1034,120.0,24.0,-96082.80933927496,763786.5195020057,-0.07656659858463088,-0.09134674478950469,0.11919174385190823,False,219.96964922486964
2020-06-03 02:00:00,7.14859,83.1004,120.0,24.0,-95838.61178008704,764154.2467555777,-0.0824816880691624,-0.09831408853489527,0.1283311687439409,False,219.99533924602216
2020-06-03 03:00:00,7.12585,83.09705,120.0,24.0,-95581.64585483483,764562.7812883549,-0.08614621218695312,-0.11271321374221893,0.14186415483221504,False,217.39052002748798
2020-06-03 04:00:00,7.10247,83.09312,120.0,24.0,-95323.82010198629,765036.4554928817,-0.08796981166028522,-0.12927960680098202,0.15637104750612427,False,214.23378448786576
2020-06-03 05:00:00,7.07878,83.0887,120.0,24.0,-95068.21310531015,765564.766089088,-0.08793052480268662,-0.14151103959380662,0.16660477639910506,False,211.85552238788426
2020-06-03 06:00:00,7.05545,83.08398,120.0,24.0,-94821.10657642099,766125.588104623,-0.08222293115397131,-0.14894395900415083,0.17013204675010782,False,208.90042704503162
2020-06-03 07:00:00,7.03484,83.07908,120.0,24.0,-94612.4131253959,766701.7580351497,-0.0681578705866286,-0.1529699148453591,0.16746728089600077,False,204.01602659548885
2020-06-03 08:00:00,7.01905,83.0741,120.0,24.0,-94468.95381572469,767278.7820499692,-0.051134847791276875,-0.15265889020296902,0.16099537079257653,False,198.5188651115516
2020-06-03 09:00:00,7.00755,83.06922,120.0,24.0,-94381.31612624926,767837.6548373038,-0.03720132071596323,-0.14801286024961907,0.1526163328817896,False,194.10839642481153
2020-06-03 10:00:00,6.99921,83.06454,120.0,24.0,-94333.11975754141,768369.1916852285,-0.02686908799690511,-0.14181904606348236,0.14434191946950672,False,190.72812251759
2020-06-03 11:00:00,6.99323,83.06006,120.0,24.0,-94313.72683291625,768874.7164643595,-0.019432851973865406,-0.1365544092260655,0.1379302084929836,False,188.09929328717067
2020-06-03 12:00:00,6.98886,83.05572,120.0,24.0,-94313.94975106795,769362.1041474532,-0.015124736200867281,-0.1346960077564649,0.1355425104927435,False,186.40678772275874
2020-06-03 13:00:00,6.98518,83.05136,120.0,24.0,-94323.64096805103,769850.5721802395,-0.014157690284230817,-0.13717271520776692,0.13790139227598586,False,185.89267212882112
2020-06-03 14:00:00,6.98133,83.04686,120.0,24.0,-94332.8808912853,770354.8136782111,-0.015390166787241567,-0.14212662404876664,0.14295745694869705,False,186.18018712301927
2020-06-03 15:00:00,6.977,83.04218,120.0,24.0,-94338.03268145552,770879.7652519817,-0.017189020518045092,-0.14769981765620002,0.14869666627750777,False,186.63811148222396
2020-06-03 16:00:00,6.9722,83.03732,120.0,24.0,-94339.21324867725,771425.4109482927,-0.017294063696371764,-0.15358274692378796,0.15455337198453634,False,186.42468276152306
2020-06-03 17:00:00,6.96782,83.03226,120.0,24.0,-94348.66626228039,771992.4987227487,-0.013704167510209142,-0.1600848890863135,0.16067039528464838,False,184.8929121905295
2020-06-03 18:00:00,6.96493,83.02698,120.0,24.0,-94381.09738854901,772581.4793158938,-0.006052689737293188,-0.16472897844439274,0.16484013889944749,False,182.10429057977206
2020-06-03 19:00:00,6.96461,83.02162,120.0,24.0,-94449.23087634376,773175.0795053508,0.0051028002452163865,-0.16457337503669567,0.16465246533626962,False,178.22404274978913
2020-06-03 20:00:00,6.96763,83.01635,120.0,24.0,-94561.24641821464,773753.2093374279,0.017047689462755214,-0.15729608262458628,0.1582171966793092,False,173.81444865173614
2020-06-03 21:00:00,6.97363,83.01146,120.0,24.0,-94708.4535765427,774284.3575550717,0.027268619191547664,-0.14150398158262492,0.14410744046144702,False,169.0924854893899
2020-06-03 22:00:00,6.98205,83.00721,120.0,24.0,-94879.82657743504,774740.6634366435,0.036195911358752955,-0.1223059779406707,0.12754958345331643,False,163.51411414699862
2020-06-03 23:00:00,6.99276,83.00356,120.0,24.0,-95074.17620855207,775126.7508940006,0.04496027327918907,-0.1052755149599627,0.11447427756236198,False,156.87400644573057
2020-06-04 00:00:00,7.0058,83.00041,120.0,24.0,-95293.4125224808,775453.5987072277,0.054393828860027305,-0.09381844517452217,0.10844625061761592,False,149.89580465752834
2020-06-04 01:00:00,7.02148,82.9975,120.0,24.0,-95545.27748478415,775749.4326228524,0.06459200273375688,-0.09087645658902427,0.11149285707763734,False,144.5960345189187
2020-06-04 02:00:00,7.03989,82.99454,120.0,24.0,-95834.97101132208,776046.1522249294,0.07258104712851791,-0.09737923175437614,0.12145255526066398,False,143.3012085726504
2020-06-04 03:00:00,7.05977,82.99121,120.0,24.0,-96149.85208631847,776381.2292996376,0.07568790647112805,-0.11255194719180715,0.135634066526996,False,146.0803172730138
2020-06-04 04:00:00,7.0798,82.98727,120.0,24.0,-96475.39112935629,776783.4051100065,0.07586292898386066,-0.1312846724724824,0.15162733665212638,False,149.97850379723616
2020-06-04 05:00:00,7.09975,82.98273,120.0,24.0,-96808.40409334059,777251.9501950014,0.07553167611889715,-0.14846897446930318,0.16657752092433295,False,153.03587066258052
2020-06-04 06:00:00,7.11958,82.97768,120.0,24.0,-97147.17184313058,777776.9697259947,0.0743311142103075,-0.16379558952609463,0.1798724817417791,False,155.5912569694309
2020-06-04 07:00:00,7.13887,82.97215,120.0,24.0,-97485.62828666969,778355.8543748073,0.07165049345845707,-0.17819311444052066,0.19205879112098173,False,158.0952056874263
2020-06-04 08:00:00,7.15726,82.96617,120.0,24.0,-97818.49938615001,778985.9029740032,0.06910421034630561,-0.19088704407246415,0.20301048121293966,False,160.09892122636
2020-06-04 09:00:00,7.17518,82.95982,120.0,24.0,-98150.5407873141,779657.5404086456,0.06865283122067686,-0.20079406097129224,0.21220618783616507,False,161.12409899350996
2020-06-04 10:00:00,7.1933,82.9532,120.0,24.0,-98489.50392234212,780358.5588368962,0.0712734135370559,-0.20744969710005054,0.21935194620546886,False,161.0388355610542
2020-06-04 11:00:00,7.21256,82.94642,120.0,24.0,-98846.69956684916,781075.1647867099,0.07639937333693524,-0.21023522607872303,0.22368664361255053,False,160.02888135931528
2020-06-04 12:00:00,7.23333,82.93962,120.0,24.0,-99225.27209233913,781791.2125428866,0.07820722242790804,-0.21023581341912717,0.22431109398308935,False,159.59491869910698
2020-06-04 13:00:00,7.2535,82.93284,120.0,24.0,-99595.90048807263,782505.9169605328,0.07158508186957174,-0.20822383934194613,0.2201853564989595,False,161.0275897913932
2020-06-04 14:00:00,7.27077,82.92617,120.0,24.0,-99925.84977088403,783213.3505829488,0.05976575410611851,-0.2023401282498786,0.21098216243097506,False,163.54429712487854
2020-06-04 15:00:00,7.28473,82.91977,120.0,24.0,-100207.13053897413,783896.5917097633,0.048173277046645105,-0.19134726065510238,0.19731811569550453,False,165.86897422564533
2020-06-04 16:00:00,7.29592,82.91381,120.0,24.0,-100444.5904490456,784535.9500745788,0.04233235708930309,-0.17942515017767943,0.18435133027189982,False,166.72478699528233
2020-06-04 17:00:00,7.30681,82.90818,120.0,24.0,-100673.51432535336,785139.2863513884,0.045977307522900565,-0.17090903516975434,0.17698534151084855,False,164.94297286439974
2020-06-04 18:00:00,7.31988,82.90277,120.0,24.0,-100929.44262286469,785714.400216702,0.05521049583314745,-0.16301284419982928,0.17210864657029817,False,161.28937580883326
2020-06-04 19:00:00,7.33556,82.89765,120.0,24.0,-101217.32896403875,786252.766616421,0.0647228677552144,-0.1527949276846387,0.1659377580197254,False,157.0428224356674
2020-06-04 20:00:00,7.35356,82.8929,120.0,24.0,-101532.09718220533,786746.0200515656,0.07103273525608812,-0.14118460581678005,0.1580466462712862,False,153.29213771139632
2020-06-04 21:00:00,7.3725,82.88853,120.0,24.0,-101854.66558763407,787195.4754973147,0.072075286210582,-0.1295744965927136,0.14827136287763887,False,150.9151784062543
2020-06-04 22:00:00,7.39102,82.88453,120.0,24.0,-102166.46311453584,787604.6532718345,0.07011344792478937,-0.11811854900312939,0.13736042806611673,False,149.30725004584775
2020-06-04 23:00:00,7.40892,82.8809,120.0,24.0,-102464.69054897162,787973.9231955679,0.06787644783323854,-0.10666251522530615,0.12642825761927995,False,147.52869232709696
2020-06-05 00:00:00,7.42626,82.87764,120.0,24.0,-102750.1230756006,788303.1924747713,0.06578852486465689,-0.09752867637507415,0.11764341341248784,False,145.99814186570734
2020-06-05 01:00:00,7.44306,82.8746,120.0,24.0,-103025.15498436031,788609.0167339031,0.06369681815565219,-0.0938131387691388,0.11339395772646757,False,145.8244581067728
2020-06-05 02:00:00,7.4593,82.87158,120.0,24.0,-103292.37485461652,788913.5461096024,0.061371443674969405,-0.09598029912169218,0.11392397429092546,False,147.40445659876008
2020-06-05 03:00:00,7.47488,82.8684,120.0,24.0,-103553.00441567136,789236.8617228185,0.058659339406787574,-0.10356564834834786,0.11902420601480335,False,150.47288635836583
2020-06-05 04:00:00,7.4897,82.86489,120.0,24.0,-103808.13866692029,789597.9382575459,0.055985597886879054,-0.11440175987584011,0.1273662036548185,False,153.92393409366917
2020-06-05 05:00:00,7.50388,82.86101,120.0,24.0,-104060.02828634904,790000.9841226528,0.05393016663497997,-0.12647621295270944,0.13749434648790407,False,156.9063282493674
2020-06-05 06:00:00,7.51762,82.85672,120.0,24.0,-104312.03253715098,790450.0593596977,0.052900408105935194,-0.1414918167255245,0.1510575631276498,False,159.500431463361
2020-06-05 07:00:00,7.53125,82.85187,120.0,24.0,-104570.92040970361,790961.1374645587,0.053111092338645166,-0.1602226161792885,0.1687959563044675,False,161.660512667901
2020-06-05 08:00:00,7.54508,82.84637,120.0,24.0,-104842.33281138385,791543.5906944736,0.054216022386379535,-0.17740528343599987,0.1855047483877646,False,163.00656184740808
2020-06-05 09:00:00,7.55926,82.84041,120.0,24.0,-105125.61581575625,792176.1402183438,0.056856471510860984,-0.1856089417060915,0.19412196576874194,False,162.96891696480566
2020-06-05 10:00:00,7.57443,82.83438,120.0,24.0,-105423.94518087892,792814.5081868857,0.06619127963053945,-0.17477041062100837,0.18688494302046954,False,159.25668168404354
2020-06-05 11:00:00,7.5934,82.82912,120.0,24.0,-105763.90240474067,793360.687867642,0.08517235802980888,-0.1404014944123107,0.16421604734485623,False,148.7575645277666
2020-06-05 12:00:00,7.61833,82.82531,120.0,24.0,-106165.38984521052,793735.4991937858,0.1031328157229642,-0.10433372822439235,0.14670345777843227,False,135.33165081998607
2020-06-05 13:00:00,7.64653,82.82238,120.0,24.0,-106599.49385019865,794006.8166990753,0.10906083392396801,-0.08777289509721029,0.13999409491095408,False,128.82734566093706
2020-06-05 14:00:00,7.67449,82.81964,120.0,24.0,-107027.7354350593,794257.3596846524,0.10403104852220289,-0.08328542751899994,0.133262603507704,False,128.68014980523657
2020-06-05 15:00:00,7.70008,82.817,120.0,24.0,-107421.88912270614,794501.0722058612,0.0917074593321338,-0.07895190411234847,0.12101099644296977,False,130.72550214937831
2020-06-05 16:00:00,7.72168,82.81454,120.0,24.0,-107758.24101292665,794732.2165056304,0.07420230917702855,-0.07214060557611038,0.10349033607101324,False,134.1928608164523
2020-06-05 17:00:00,7.73825,82.81234,120.0,24.0,-108021.09018221249,794943.9914227232,0.054194933494967214,-0.063316093923068,0.08334277752870183,False,139.4383770357141
2020-06-05 18:00:00,7.74955,82.81045,120.0,24.0,-108206.27380728806,795131.4009462696,0.038318623282071064,-0.05371685106714454,0.06598345988808912,False,144.49804479520878
2020-06-05 19:00:00,7.75795,82.80887,120.0,24.0,-108346.61663209218,795290.0180150681,0.03249154280643528,-0.044118218315555735,0.05479158275941163,False,143.6296380985106
2020-06-05 20:00:00,7.76625,82.8076,120.0,24.0,-108480.95094049083,795414.5656436377,0.03563080096254626,-0.034519990900135064,0.049610318976781385,False,134.09281979272066
2020-06-05 21:00:00,7.77626,82.80664,120.0,24.0,-108634.39152490394,795501.6152187694,0.044957926099608615,-0.024457264615578813,0.05117980960939884,False,118.54634101235337
2020-06-05 22:00:00,7.78935,82.80602,120.0,24.0,-108825.49746500282,795545.2407529235,0.05763206410277195,-0.012691908292529086,0.05901304388736429,False,102.41960718355779
2020-06-05 23:00:00,7.80587,82.80582,120.0,24.0,-109057.8987517643,795535.9149074202,0.07110223489243493,0.000930967810701221,0.07110832938386018,False,89.24984807239719
2020-06-06 00:00:00,7.82588,82.80608,120.0,24.0,-109331.77954359681,795469.0702325301,0.08425757218174479,0.01254123682710675,0.08518580334254947,False,81.53401996866944
2020-06-06 01:00:00,7.84916,82.80663,120.0,24.0,-109646.60805303682,795363.8550458642,0.09631894490256374,0.018268914460042054,0.09803617894783254,False,79.26022531669292
2020-06-06 02:00:00,7.87537,82.80726,120.0,24.0,-110000.81528450733,795244.0586628208,0.10656681384726403,0.019816638803599962,0.10839365750370161,False,79.46588056714882
2020-06-06 03:00:00,7.90392,82.80791,120.0,24.0,-110387.10266126193,795117.3890544635,0.11401070881267131,0.01935155037653989,0.11564136036013883,False,80.36674021835199
2020-06-06 04:00:00,7.93396,82.80851,120.0,24.0,-110794.73435208501,794993.1704287215,0.1169998598817024,0.01408690441013755,0.11784484752503331,False,83.13457614123882
2020-06-06 05:00:00,7.96405,82.80882,120.0,24.0,-111207.43810664343,794900.6565180437,0.11452540683889068,0.0020110886483937843,0.1145430630338002,False,88.99397825038801
2020-06-06 06:00:00,7.99282,82.80864,120.0,24.0,-111609.3581350403,794864.5828509624,0.10857295657106879,-0.010992491103074965,0.109128006301015,False,95.78122292461433
2020-06-06 07:00:00,8.01985,82.80811,120.0,24.0,-111992.57448836579,794870.3354676887,0.10207999823749549,-0.018422692201798662,0.10372907802602555,False,100.23022666449344
2020-06-06 08:00:00,8.04528,82.80745,120.0,24.0,-112355.6518018598,794893.3879211294,0.09835218810263462,-0.020279141356858335,0.10042109578543476,False,101.65048925447525
2020-06-06 09:00:00,8.07039,82.8068,120.0,24.0,-112714.17550909989,794915.8006228493,0.09995621278803901,-0.0178010579802562,0.10152892267794521,False,100.09785803004371
2020-06-06 10:00:00,8.09664,82.8063,120.0,24.0,-113086.20242015827,794919.2499753556,0.10572337830936447,-0.011298751022842082,0.10632541791980492,False,96.10009713098663
2020-06-06 11:00:00,8.12471,82.80607,120.0,24.0,-113479.25378067578,794889.129720618,0.11321956373713446,-0.0018555990212430467,0.11323476877953471,False,90.93895852433366
2020-06-06 12:00:00,8.15481,82.80618,120.0,24.0,-113895.08933378693,794817.2681551549,0.11911618693943204,0.00665745646417883,0.11930208597322244,False,86.80104163366013
2020-06-06 13:00:00,8.18591,82.8065,120.0,24.0,-114321.41895409519,794720.0264860012,0.12059163770574352,0.0103713752666128,0.12103680642463353,False,85.08442392573329
2020-06-06 14:00:00,8.21677,82.80685,120.0,24.0,-114743.87018290066,794619.7274573002,0.11821134396897287,0.01160902274403271,0.11878001200548133,False,84.39121519807787
2020-06-06 15:00:00,8.24665,82.80725,120.0,24.0,-115151.85754366092,794515.6584271835,0.11287263365672909,0.01315630787552879,0.11363678922568111,False,83.35166776396943
2020-06-06 16:00:00,8.27477,82.8077,120.0,24.0,-115534.5629032404,794409.4145384616,0.10317547701339179,0.013464746792732352,0.1040503650312354,False,82.56472839414823
2020-06-06 17:00:00,8.29967,82.80812,120.0,24.0,-115873.03468233082,794312.8082899178,0.08797302848329594,0.010987316494112742,0.08865649927819506,False,82.88095526090581
2020-06-06 18:00:00,8.31998,82.80841,120.0,24.0,-116149.91543146568,794239.7019491518,0.06903688919823973,0.006808129673987308,0.06937177163535509,False,84.36793983018424
2020-06-06 19:00:00,8.33515,82.80856,120.0,24.0,-116357.7758192795,794192.3796400508,0.04922748380209111,0.0027842459573852243,0.04930615769897669,False,86.76286996367207
2020-06-06 20:00:00,8.34528,82.80859,120.0,24.0,-116497.70338694028,794168.4866684688,0.033116238275984755,0.0006182661653135156,0.03312200915709929,False,88.93043627921946
2020-06-06 21:00:00,8.35217,82.8086,120.0,24.0,-116593.04193623895,794153.3689630036,0.02474941616938766,0.0015477773807242071,0.02479776634186694,False,86.42150056959247
2020-06-06 22:00:00,8.358,82.80869,120.0,24.0,-116672.39048234776,794131.5766531343,0.02472948730759503,0.004953847166269143,0.025220787938588604,False,78.6723583514314
2020-06-06 23:00:00,8.36488,82.80892,120.0,24.0,-116764.01859940404,794092.1987901209,0.03175214773079938,0.00959835053866824,0.03317118054247785,False,73.18046831076123
2020-06-07 00:00:00,8.37432,82.80931,120.0,24.0,-116888.52024778255,794029.9455186116,0.04060283919589204,0.012539561253848332,0.04249507203437219,False,72.83750257650382
2020-06-07 01:00:00,8.38575,82.80973,120.0,24.0,-117040.0929724083,793960.3002410709,0.04610652875868529,0.011455591625422354,0.04750834214813142,False,76.0468744856546
2020-06-07 02:00:00,8.39802,82.81005,120.0,24.0,-117204.90940206152,793899.934018838,0.04697989895281195,0.008823483172215662,0.04780130501259139,False,79.36296534198777
2020-06-07 03:00:00,8.4099,82.8103,120.0,24.0,-117365.4429139578,793848.0505696276,0.043184998766545045,0.00696544719122036,0.043743131724193876,False,80.83749156164498
2020-06-07 04:00:00,8.42022,82.8105,120.0,24.0,-117505.16315086873,793804.8470361662,0.035286515805130376,0.003559648421999205,0.035465607206897745,False,84.2395790246112
2020-06-07 05:00:00,8.42804,82.81053,120.0,24.0,-117613.01423400323,793785.4943923096,0.024159783656383885,-0.004180300223159249,0.024518769469103037,False,99.81653571397732
2020-06-07 06:00:00,8.43264,82.81023,120.0,24.0,-117681.64645597036,793809.1247385762,0.01099067543430906,-0.017028423600336937,0.020267268114248567,False,147.1605410157115
2020-06-07 07:00:00,8.43369,82.80943,120.0,24.0,-117709.27113924561,793895.1689946678,-0.0027442777571083667,-0.03343686275340953,0.033549289876218025,False,184.69194451296153
2020-06-07 08:00:00,8.43123,82.80807,120.0,24.0,-117697.41017538149,794050.1647116854,-0.014653708535811862,-0.04674943734825418,0.048992255165800115,False,197.40370828377038
2020-06-07 09:00:00,8.42616,82.80641,120.0,24.0,-117654.25714226808,794243.5968308261,-0.022772582608884862,-0.05185783278247705,0.0566376671445235,False,203.70795280735894
2020-06-07 10:00:00,8.41953,82.80472,120.0,24.0,-117589.93006538475,794443.5369165482,-0.027391338355371116,-0.05201269817985302,0.058784404299498605,False,207.77254261602945
2020-06-07 11:00:00,8.41209,82.80305,120.0,24.0,-117513.99814232581,794642.9288202347,-0.02963679009809315,-0.05154835181158134,0.05946067525523902,False,209.89596795150288
2020-06-07 12:00:00,8.40431,82.80139,120.0,24.0,-117433.13679905434,794841.9085006543,-0.03155221097314389,-0.0495358147931357,0.05873107324503464,False,212.49540602555777
2020-06-07 13:00:00,8.39589,82.79985,120.0,24.0,-117341.38999044767,795028.9601114866,-0.03494846700354742,-0.04411761757682346,0.056282852864375,False,218.38506059270676
2020-06-07 14:00:00,8.38637,82.79854,120.0,24.0,-117230.5848640856,795192.8919297459,-0.03976757319330419,-0.03792545394289767,0.054952706343360906,False,226.35824140975961
2020-06-07 15:00:00,8.37548,82.7974,120.0,24.0,-117097.95078323648,795340.863591741,-0.04601000827543585,-0.03343597969849045,0.0568760547146472,False,233.99368224124342
2020-06-07 16:00:00,8.36276,82.79638,120.0,24.0,-116937.91186742128,795479.3164163432,-0.055703858257784816,-0.03157757230083152,0.06403173351719929,False,240.45183479442818
2020-06-07 17:00:00,8.3469,82.79536,120.0,24.0,-116734.21455395345,795624.13592731,-0.07033227893372579,-0.03296959676408682,0.07767640420872926,False,244.88426946957074
2020-06-07 18:00:00,8.32668,82.79425,120.0,24.0,-116471.34322237295,795787.694035077,-0.08751994252456664,-0.03730323065835755,0.09513816982186526,False,246.91506100784648
2020-06-07 19:00:00,8.30201,82.79295,120.0,24.0,-116149.609062297,795981.1433870007,-0.10471555140434483,-0.04395897867382041,0.11356821083367202,False,247.22761950030662
2020-06-07 20:00:00,8.27298,82.79141,120.0,24.0,-115770.99251820464,796209.7457565888,-0.12273954422116805,-0.04968526991313753,0.13241458289010843,False,247.96177635271653
2020-06-07 21:00:00,8.23908,82.78974,120.0,24.0,-115326.55477054293,796462.3134036947,-0.14098754490460774,-0.05200691949499578,0.15027377513587578,False,249.75219342298942
2020-06-07 22:00:00,8.20071,82.78805,120.0,24.0,-114820.01959343722,796725.8001459964,-0.1493117354151051,-0.05325104135469465,0.15852339807747545,False,250.37156078286364
2020-06-07 23:00:00,8.16256,82.7863,120.0,24.0,-114317.19288751154,796995.145989619,-0.1400363386949201,-0.05573303726012231,0.15071943337644472,False,248.29794792145424
2020-06-08 00:00:00,8.12896,82.78445,120.0,24.0,-113878.94671859693,797266.1678945572,-0.12509744076442525,-0.055885625465851796,0.13701303886681132,False,245.927928675275
2020-06-08 01:00:00,8.09848,82.78269,120.0,24.0,-113482.43797033031,797520.840200359,-0.11760988917173681,-0.050619773700012555,0.12804080412286037,False,246.7127597937175
2020-06-08 02:00:00,8.06873,82.78118,120.0,24.0,-113091.94385508551,797746.2873091656,-0.11525222204910765,-0.043653556910086135,0.12324247530035636,False,249.2550447942371
2020-06-08 03:00:00,8.03947,82.77987,120.0,24.0,-112704.95302595396,797948.5080263378,-0.11341814097753634,-0.03900954501858089,0.11993923171905428,False,251.0196267725764
2020-06-08 04:00:00,8.01067,82.77866,120.0,24.0,-112322.6398861077,798138.6029220396,-0.11449288153718763,-0.03637649843495345,0.1201327164475883,False,252.37398843070315
2020-06-08 05:00:00,7.98087,82.77752,120.0,24.0,-111925.14739973695,798322.7423157429,-0.12115520204918831,-0.03405296866052433,0.1258498615739179,False,254.30097420505766
2020-06-08 06:00:00,7.94867,82.77646,120.0,24.0,-111492.8128641675,798502.5242897244,-0.13016369922338214,-0.032659805359902566,0.13419855245740103,False,255.9145161736301
2020-06-08 07:00:00,7.91427,82.77541,120.0,24.0,-111029.4908554155,798685.232248601,-0.13755215009247848,-0.03327958831513242,0.14152075817168458,False,256.39912602417803
2020-06-08 08:00:00,7.8783,82.77431,120.0,24.0,-110544.86312630388,798876.221084127,-0.14214900502903235,-0.0371504299785656,0.14692342930362118,False,255.35343624754566
2020-06-08 09:00:00,7.84156,82.77301,120.0,24.0,-110052.3418672419,799090.4774927832,-0.1435635672630965,-0.04489129598375287,0.15041850384978084,False,252.63591130121716
2020-06-08 10:00:00,7.80488,82.77141,120.0,24.0,-109564.96892598139,799337.4422974156,-0.14179354760163165,-0.05092933512539362,0.15066256110185713,False,250.24275222100445
2020-06-08 11:00:00,7.76906,82.76972,120.0,24.0,-109090.6824346322,799592.4117942869,-0.13673770495137547,-0.04984672128399337,0.1455400136668041,False,249.9710463365682
2020-06-08 12:00:00,7.73498,82.76819,120.0,24.0,-108638.01010750333,799826.1311714614,-0.12749023332406934,-0.04195329913928776,0.13421564328235439,False,251.7851398322192
2020-06-08 13:00:00,7.7039,82.76701,120.0,24.0,-108221.75991468868,800015.2723658693,-0.11445786868769527,-0.02972465246789853,0.11825463487266381,False,255.44191160384491
2020-06-08 14:00:00,7.67649,82.76627,120.0,24.0,-107850.0415101062,800148.690119423,-0.10413773096387263,-0.018112681143399832,0.10570116474526849,False,260.1332470557493
2020-06-08 15:00:00,7.65069,82.76584,120.0,24.0,-107496.10809678606,800244.6717670463,-0.10287348540693698,-0.011608889676008942,0.10352642329029349,False,263.5616218627101
2020-06-08 16:00:00,7.62393,82.76552,120.0,24.0,-107127.07373507057,800330.1404366218,-0.1104350846834649,-0.01129736031246223,0.11101143310071111,False,264.1590376825426
2020-06-08 17:00:00,7.59427,82.76511,120.0,24.0,-106718.7958271901,800430.7842597027,-0.12463469338361792,-0.01640370790497785,0.12570953992382713,False,262.50215129371054
2020-06-08 18:00:00,7.56026,82.76446,120.0,24.0,-106253.18364435344,800565.8051252086,-0.14208867733278346,-0.023213825371183553,0.14397247623953566,False,260.72124206439855
2020-06-08 19:00:00,7.52169,82.76361,120.0,24.0,-105726.64094772234,800731.0708675929,-0.1588050646821631,-0.02770306268284516,0.1612033133986881,False,260.10450199041236
2020-06-08 20:00:00,7.47915,82.76267,120.0,24.0,-105145.7355558564,800913.2232004455,-0.1690254013659986,-0.02848070185556127,0.17140809982355645,False,260.4355307944097
2020-06-08 21:00:00,7.43537,82.76177,120.0,24.0,-104546.70364322992,801092.796381241,-0.1680653502730511,-0.025698735375406536,0.17001878414545415,False,261.3062883326527
2020-06-08 22:00:00,7.39333,82.76101,120.0,24.0,-103969.78438667164,801253.2907640539,-0.15739050182480624,-0.023688930122673563,0.15916323531211987,False,261.4406281800384
2020-06-08 23:00:00,7.35501,82.76024,120.0,24.0,-103444.86110726213,801407.7605077017,-0.1398379270346505,-0.02632175115180505,0.1422936415341381,False,259.33992164740084
2020-06-09 00:00:00,7.32194,82.75931,120.0,24.0,-102995.49686826655,801570.1396499713,-0.11795363816599413,-0.032203685340260677,0.12227075736286575,False,254.72927922412845
2020-06-09 01:00:00,7.2948,82.75816,120.0,24.0,-102632.0701683894,801745.9705742373,-0.0944004192303494,-0.03839442514165764,0.10190962188539447,False,247.86750022579858
2020-06-09 02:00:00,7.27376,82.75683,120.0,24.0,-102356.41606126557,801930.6444688913,-0.07286065187027323,-0.04319115843503159,0.08470035866465471,False,239.34090787599948
2020-06-09 03:00:00,7.25762,82.75537,120.0,24.0,-102151.06796866718,802120.8637045465,-0.056802703696765544,-0.04659514835081678,0.07346873482711654,False,230.63803701976337
2020-06-09 04:00:00,7.24478,82.75382,120.0,24.0,-101993.09540404298,802315.1084270003,-0.04771905196400681,-0.05092830264584582,0.06979111641699429,False,223.13667896388324
2020-06-09 05:00:00,7.23328,82.75208,120.0,24.0,-101856.47573711003,802527.9480760412,-0.04626111129173634,-0.0591316080243174,0.07507754315031848,False,218.0375473182558
2020-06-09 06:00:00,7.22119,82.75,120.0,24.0,-101716.27179695998,802779.4057216395,-0.05125781763928593,-0.07012135997207894,0.08685832713952166,False,216.16632630545118
2020-06-09 07:00:00,7.20715,82.74755,120.0,24.0,-101553.80940926554,803075.2077791173,-0.06065568625229734,-0.0820398441764286,0.10202768402365026,False,216.47715573930347
2020-06-09 08:00:00,7.19028,82.7447,120.0,24.0,-101357.10719195982,803420.2153304641,-0.07074983624035057,-0.09473294780729939,0.11823650336633325,False,216.7536454825659
2020-06-09 09:00:00,7.17111,82.74143,120.0,24.0,-101133.7886700467,803815.6799779073,-0.0780081404247818,-0.10727159081702918,0.13263658684144664,False,216.02473157207902
2020-06-09 10:00:00,7.15056,82.73777,120.0,24.0,-100896.25742660146,804256.6427548635,-0.08160254419109661,-0.11795278314388999,0.14342884741170242,False,214.67640769996012
2020-06-09 11:00:00,7.12958,82.73381,120.0,24.0,-100656.53336947625,804731.4699465281,-0.08150758543518999,-0.1250736816903805,0.14928801805590902,False,213.0913443127681
2020-06-09 12:00:00,7.1091,82.72969,120.0,24.0,-100425.70861105347,805223.0470944833,-0.07852325053308742,-0.12832439524713493,0.15044285057730367,False,211.46296825736084
2020-06-09 13:00:00,7.08966,82.72552,120.0,24.0,-100209.85777140352,805718.2719980819,-0.07400104527386855,-0.12755023056591877,0.14746259193112057,False,210.12109768971527
2020-06-09 14:00:00,7.0715,82.72145,120.0,24.0,-100010.32120245819,806200.1475495071,-0.07073460705582843,-0.12306035865471332,0.1419409613450928,False,209.8901187670087
2020-06-09 15:00:00,7.05374,82.71757,120.0,24.0,-99813.5204306985,806660.2642766677,-0.07093045803228148,-0.11609388030852429,0.13604748774512232,False,211.4238870190204
2020-06-09 16:00:00,7.0355,82.71395,120.0,24.0,-99606.132943199,807092.4110800747,-0.07279947668585895,-0.10990195921353033,0.13182641785585847,False,213.52064295513748
2020-06-09 17:00:00,7.01681,82.71047,120.0,24.0,-99390.2319577123,807509.8012017338,-0.07486630209492269,-0.10742496732334104,0.13093924848489513,False,214.8733019307881
2020-06-09 18:00:00,6.99754,82.70701,120.0,24.0,-99165.61903079317,807925.9270021584,-0.08074402039815698,-0.10680428018520324,0.13389081781786752,False,217.08927527685643
2020-06-09 19:00:00,6.97589,82.70357,120.0,24.0,-98906.88895127822,808343.888915913,-0.09310146389234081,-0.10556427210636704,0.14075403413133117,False,221.41039352954706
2020-06-09 20:00:00,6.95038,82.70019,120.0,24.0,-98592.56160730163,808761.7760436378,-0.1054069408485434,-0.10185005879354996,0.14657440996059956,False,225.983196352506
2020-06-09 21:00:00,6.92252,82.69699,120.0,24.0,-98242.27500862652,809163.6583079273,-0.11005387181312838,-0.09457690128366046,0.1451090795142735,False,229.32525352769207
2020-06-09 22:00:00,6.89468,82.69408,120.0,24.0,-97888.0235280694,809533.2697697999,-0.10448258200231406,-0.0869945743365035,0.13595832415067388,False,230.21846503695144
2020-06-09 23:00:00,6.86966,82.69137,120.0,24.0,-97570.63178258718,809875.7962562739,-0.08870140132500146,-0.08235217728963351,0.12103643956000275,False,227.1257480324304
2020-06-10 00:00:00,6.84982,82.68876,120.0,24.0,-97324.88012595319,810198.3383091036,-0.06810165169621954,-0.0789457912918207,0.10426060102668176,False,220.78230852532786
2020-06-10 01:00:00,6.83523,82.68627,120.0,24.0,-97151.59249909614,810498.6293217081,-0.04867423733335769,-0.07491997806358772,0.08934307188043455,False,213.01109816675182
2020-06-10 02:00:00,6.82522,82.68392,120.0,24.0,-97041.11572574546,810775.6373731021,-0.0333308331779717,-0.07027517967267301,0.07777882307134926,False,205.37452986621406
2020-06-10 03:00:00,6.81839,82.68173,120.0,24.0,-96973.44252148298,811029.5445831015,-0.023441897985615877,-0.06594044457296844,0.06998331809544861,False,199.5703538782815
2020-06-10 04:00:00,6.81338,82.67966,120.0,24.0,-96929.89388127098,811267.0889425854,-0.01721018034882161,-0.06268962643304896,0.0650090729818092,False,195.35121017334907
2020-06-10 05:00:00,6.8097,82.67768,120.0,24.0,-96903.9524257357,811492.4228343723,-0.012698249144134751,-0.060831993825815125,0.06214319756940842,False,191.79077950385079
2020-06-10 06:00:00,6.80697,82.67573,120.0,24.0,-96891.04489094467,811712.8302081709,-0.010423145068816093,-0.05928395258083881,0.06019326363250899,False,189.97167610044244
2020-06-10 07:00:00,6.80444,82.67385,120.0,24.0,-96880.02641525515,811925.1533933749,-0.01078290572603308,-0.057426373067631854,0.058429952760543545,False,190.63455627673721
2020-06-10 08:00:00,6.80153,82.67202,120.0,24.0,-96862.94310920809,812132.5862421974,-0.010924057439535858,-0.05634285850777253,0.057392096457344666,False,190.97267344389059
2020-06-10 09:00:00,6.79893,82.67021,120.0,24.0,-96849.97026220156,812337.2819576432,-0.008169888768758028,-0.056652419065326955,0.05723848066159076,False,188.2060936833734
2020-06-10 10:00:00,6.79741,82.66836,120.0,24.0,-96852.82268028092,812544.5790196713,-0.003907166763352775,-0.05680710415728672,0.05694131219820519,False,183.93458109572214
2020-06-10 11:00:00,6.79696,82.66654,120.0,24.0,-96870.44658677441,812746.7477411451,-1.9410518557717686e-05,-0.05541391858949802,0.05541392198907911,False,180.02006970043522
2020-06-10 12:00:00,6.7974,82.66478,120.0,24.0,-96899.90372712651,812940.7716566535,0.003393981611463613,-0.05293723851389808,0.05304592663585289,False,176.33159873967452
2020-06-10 13:00:00,6.79867,82.66312,120.0,24.0,-96939.82376137981,813122.3244253105,0.00674939245452062,-0.04953184203656839,0.04998957565373708,False,172.2404550146075
2020-06-10 14:00:00,6.8008,82.66158,120.0,24.0,-96990.37574056066,813289.1403989474,0.010701789027654458,-0.04426898368006424,0.045544167622849574,False,166.40978844943743
2020-06-10 15:00:00,6.80406,82.66026,120.0,24.0,-97054.07859426455,813429.6939950496,0.015687896116112106,-0.036219946911187656,0.039471440799636104,False,156.58118219027585
2020-06-10 16:00:00,6.8087,82.65924,120.0,24.0,-97133.42924306759,813534.705334343,0.021151525013112175,-0.026777865257635262,0.034123907720781034,False,141.6952018968119
2020-06-10 17:00:00,6.81471,82.65853,120.0,24.0,-97228.15297394324,813603.080083967,0.0262183449223923,-0.01764541858694967,0.031603202489276346,False,123.9412642977511
2020-06-10 18:00:00,6.8219,82.6581,120.0,24.0,-97335.94292463815,813638.4552836712,0.03001389978586897,-0.010680090830796983,0.03185747197299653,False,109.58749925948763
2020-06-10 19:00:00,6.82982,82.65784,120.0,24.0,-97451.857155934,813653.7632001211,0.03235912283644444,-0.006965272941125333,0.03310026975552424,False,102.14752273779976
2020-06-10 20:00:00,6.83819,82.65765,120.0,24.0,-97573.23915564915,813660.5425401987,0.035319693604382627,-0.0038693457368187026,0.03553100888996123,False,96.25193989167235
2020-06-10 21:00:00,6.8476,82.65759,120.0,24.0,-97707.66702851473,813651.1456635313,0.041259298859682464,0.0015485686037633364,0.04128834953244264,False,87.85054957171695
2020-06-10 22:00:00,6.85896,82.65775,120.0,24.0,-97866.85770362207,813614.0534252682,0.051389293538441835,0.007431172331479121,0.05192380776291624,False,81.7717541031696
2020-06-10 23:00:00,6.87347,82.65807,120.0,24.0,-98068.63207668284,813553.8362849175,0.06568915238178975,0.010837389469024647,0.06657712633586194,False,80.63173630315879
2020-06-11 00:00:00,6.89203,82.65845,120.0,24.0,-98327.08204661535,813479.9822987138,0.08074207741429715,0.011766277420050479,0.0815949039432117,False,81.70883688676355
2020-06-11 01:00:00,6.91412,82.65883,120.0,24.0,-98635.60831810262,813399.9708264687,0.09319174356271212,0.010837300255276537,0.09381976414957198,False,83.36684783193522
2020-06-11 02:00:00,6.93895,82.65915,120.0,24.0,-98983.78983727856,813321.7475442403,0.10315793032092542,0.009134471913520726,0.10356156219966847,False,84.93974713090256
2020-06-11 03:00:00,6.96606,82.65942,120.0,24.0,-99364.9596287432,813244.9530251919,0.11169395450745917,0.00789609536441978,0.11197271004811114,False,85.95625809446335
2020-06-11 04:00:00,6.99519,82.65966,120.0,24.0,-99775.15479210926,813167.7812765533,0.12001140665959323,0.00712246603371362,0.12022257379883224,False,86.60358009881924
2020-06-11 05:00:00,7.02649,82.65988,120.0,24.0,-100216.36445610784,813088.8198697685,0.128467855580195,0.006348603120516652,0.1286246270313569,False,87.17086822804617
2020-06-11 06:00:00,7.05988,82.66007,120.0,24.0,-100687.58494563459,813009.2648701633,0.13402536577180857,0.004799222567468477,0.13411126428275583,False,87.94921088881807
2020-06-11 07:00:00,7.09398,82.66019,120.0,24.0,-101169.78386261595,812935.9247256614,0.13394451265309812,0.0013922049918159256,0.13395174767286616,False,89.40449521710582
2020-06-11 08:00:00,7.12733,82.66016,120.0,24.0,-101643.36495218679,812880.216955022,0.12983605063882894,-0.006347756074396936,0.1299911306692445,False,92.7989935268119
2020-06-11 09:00:00,7.15936,82.65978,120.0,24.0,-102103.05064780018,812865.2878559527,0.12390576039084583,-0.01950494258772176,0.12543157594235999,False,98.94594952179978
2020-06-11 10:00:00,7.18972,82.6589,120.0,24.0,-102546.03328484984,812908.3729672458,0.1164912112544349,-0.03390039686829372,0.12132369598455695,False,106.22565536581124
2020-06-11 11:00:00,7.21801,82.65759,120.0,24.0,-102965.74077207752,813002.479247751,0.10824665047480057,-0.04519966447999435,0.11730450548942145,False,112.66355074768717
2020-06-11 12:00:00,7.24421,82.65598,120.0,24.0,-103360.12244591903,813133.3067946939,0.10340189742378089,-0.05231815091479817,0.11588417193897406,False,116.83799458775866
2020-06-11 13:00:00,7.27005,82.65421,120.0,24.0,-103751.79187410211,813282.2833762194,0.10475818152673239,-0.05541255634584284,0.11851087712766716,False,117.87690797912359
2020-06-11 14:00:00,7.29692,82.6524,120.0,24.0,-104158.80580940172,813433.6212437135,0.10547790393644253,-0.05448534860458387,0.11871917044600855,False,117.31893112189812
2020-06-11 15:00:00,7.32311,82.65069,120.0,24.0,-104554.90810782205,813574.9432315783,0.09685108990739519,-0.049844190997324164,0.10892463905117188,False,117.23251137142353
2020-06-11 16:00:00,7.34563,82.64918,120.0,24.0,-104896.1899206439,813700.6874223567,0.07248598193484093,-0.03916625876109933,0.08239061477134077,False,118.3836269765714
2020-06-11 17:00:00,7.35956,82.64816,120.0,24.0,-105108.5785133529,813787.8987781595,0.031045601445811425,-0.021054186267134154,0.037511439968406286,False,124.14393131227075
2020-06-11 18:00:00,7.36124,82.64782,120.0,24.0,-105137.29481952758,813822.3957339706,-0.01072137853389462,-0.002630539100417776,0.011039370164365497,False,256.2145365021823
2020-06-11 19:00:00,7.35417,82.64799,120.0,24.0,-105034.44748213894,813816.5730078566,-0.036240578329520795,0.009443221306862364,0.037450686860303534,False,284.60482306209656
2020-06-11 20:00:00,7.34302,82.64843,120.0,24.0,-104869.80608692222,813788.3637709679,-0.04831146355928342,0.01749163350269766,0.051380490011605225,False,289.90327966496534
2020-06-11 21:00:00,7.32988,82.64912,120.0,24.0,-104673.36140926344,813736.1236298974,-0.05232494097977411,0.023527463072218216,0.05737108127925981,False,294.2106597889476
2020-06-11 22:00:00,7.31671,82.64995,120.0,24.0,-104474.5331320348,813668.415486813,-0.044565812470933434,0.02043021139604211,0.049025556385230096,False,294.62804182519005
2020-06-11 23:00:00,7.30747,82.65044,120.0,24.0,-104336.36688453853,813631.0884035272,-0.022590151013153367,0.0032491010408913883,0.02282261116461032,False,278.18462035570064
2020-06-12 00:00:00,7.30535,82.65016,120.0,24.0,-104310.22958747648,813665.8999407483,0.0017706699814141781,-0.018109873101020017,0.01819622971711804,False,174.4157270133707
2020-06-12 01:00:00,7.30836,82.64927,120.0,24.0,-104365.59238963747,813758.7999447257,0.01722378826516575,-0.03219505962992043,0.03651274772976411,False,151.85400556827824
2020-06-12 02:00:00,7.31401,82.64808,120.0,24.0,-104462.72106909817,813880.0457741091,0.029499692967441576,-0.03946945548177969,0.049275448259772446,False,143.22535486684035
2020-06-12 03:00:00,7.32319,82.64672,120.0,24.0,-104612.44012519087,814013.6279925274,0.04560019343370781,-0.043183372696830265,0.0628027174465,False,133.44070872711944
2020-06-12 04:00:00,7.33693,82.64529,120.0,24.0,-104827.99610552492,814146.5800257974,0.06007442298541746,-0.0447315838748842,0.07489893786287395,False,126.67147303786777
2020-06-12 05:00:00,7.35338,82.64383,120.0,24.0,-105082.56377902861,814277.8218993358,0.06629502269650293,-0.04581622475552355,0.08058632939387728,False,124.64819556490556
2020-06-12 06:00:00,7.37024,82.64233,120.0,24.0,-105343.61507057125,814412.6517361993,0.06553219780671608,-0.04891258017082102,0.08177352535109123,False,126.73729364654469
2020-06-12 07:00:00,7.3863,82.64067,120.0,24.0,-105595.67391003038,814566.5559971933,0.05985187631737397,-0.05433062580024864,0.0808335573790791,False,132.231641133631
2020-06-12 08:00:00,7.4003,82.63882,120.0,24.0,-105821.26223278225,814745.1860443796,0.04693920709347235,-0.055569588324236106,0.07274110467327921,False,139.81247509016708
2020-06-12 09:00:00,7.40987,82.63708,120.0,24.0,-105982.35446923306,814919.7945770199,0.0260927650916027,-0.04829421288834777,0.054892288972410476,False,151.61819655717767
2020-06-12 10:00:00,7.4134,82.6357,120.0,24.0,-106052.40523908344,815065.7719154105,0.007589953026296396,-0.0441138222524783,0.04476200063295468,False,170.23762194888315
2020-06-12 11:00:00,7.41368,82.63423,120.0,24.0,-106077.5269907111,815227.7080676596,-0.00031920481161876006,-0.05417454705906639,0.05417548745296861,False,180.33759168932409
2020-06-12 12:00:00,7.41324,82.6322,120.0,24.0,-106100.45612076511,815452.8644810056,-0.009072325954451545,-0.0691882657412038,0.06978053607202549,False,187.47030140104812
2020-06-12 13:00:00,7.40913,82.62976,120.0,24.0,-106077.02662617092,815730.1276782193,-0.02931697994182098,-0.07769992261022103,0.08304675361832918,False,200.67200702379023
2020-06-12 14:00:00,7.39854,82.62718,120.0,24.0,-105963.27800905317,816034.8527750816,-0.04847422502329129,-0.08017668114609747,0.093691251946015,False,211.1568457438953
2020-06-12 15:00:00,7.38483,82.62458,120.0,24.0,-105805.253462712,816347.536372243,-0.05367680722868178,-0.0804876850864942,0.09674433877415115,False,213.69911015381734
2020-06-12 16:00:00,7.37164,82.62198,120.0,24.0,-105654.49705035414,816659.2317411138,-0.05501500531346566,-0.08311805952056171,0.09967578757202922,False,213.50017344379359
2020-06-12 17:00:00,7.35727,82.61921,120.0,24.0,-105489.20330810294,816991.8626206703,-0.06448385158451073,-0.09147476546217626,0.11191871975471021,False,215.18138552899632
2020-06-12 18:00:00,7.33935,82.61607,120.0,24.0,-105278.37581685501,817371.8819224635,-0.07825562800212492,-0.10153519222147361,0.12819258392535254,False,217.62231048923337
2020-06-12 19:00:00,7.3181,82.61265,120.0,24.0,-105023.76808570878,817788.9036016763,-0.09054310174999597,-0.1091193805347229,0.14179242745221546,False,219.68459382333108
2020-06-12 20:00:00,7.29405,82.60902,120.0,24.0,-104731.8514796708,818234.1806776368,-0.10354737801074448,-0.11763103239399177,0.156713494233829,False,221.35657924715107
2020-06-12 21:00:00,7.26632,82.60505,120.0,24.0,-104391.78945231608,818723.6483530122,-0.11911100123396676,-0.13078627426424677,0.17689680650277664,False,222.32506973473897
2020-06-12 22:00:00,7.23452,82.60057,120.0,24.0,-104000.24242247998,819276.7497921122,-0.12902927387677346,-0.14657687375307088,0.19527758047556584,False,221.3569457233051
2020-06-12 23:00:00,7.20187,82.59558,120.0,24.0,-103603.07619152986,819887.5913918257,-0.1248033211881278,-0.16174917107985456,0.2043004241909621,False,217.65325842310443
2020-06-13 00:00:00,7.17222,82.59012,120.0,24.0,-103254.74783429458,820544.8074113606,-0.10738725023263959,-0.17289493150101753,0.20353053542716654,False,211.8449438765382
2020-06-13 01:00:00,7.1483,82.58441,120.0,24.0,-102991.35935225642,821219.2286773502,-0.08038022828584603,-0.17800215851311427,0.19530936878350866,False,204.30245229004697
2020-06-13 02:00:00,7.13215,82.57862,120.0,24.0,-102839.99011945797,821888.4783881468,-0.04803511033066658,-0.18186906944247272,0.1881056358654633,False,194.7950612740331
2020-06-13 03:00:00,7.12437,82.57266,120.0,24.0,-102810.76258278992,822561.494441916,-0.014394279083701625,-0.18821187590429972,0.18876150428981806,False,184.37341740218108
2020-06-13 04:00:00,7.12498,82.56646,120.0,24.0,-102905.21894022664,823245.9949965727,0.017831471378013965,-0.19207838362872165,0.1929042944802611,False,174.69618531930223
2020-06-13 05:00:00,7.13323,82.56025,120.0,24.0,-103109.69251672171,823917.8551752798,0.04674780226987098,-0.18851622979568097,0.19422596611534965,False,166.07286711778556
2020-06-13 06:00:00,7.1482,82.55428,120.0,24.0,-103407.74549383763,824551.0103276201,0.07204359235225233,-0.18031144361395696,0.19417130554530113,False,158.22077828516524
2020-06-13 07:00:00,7.16899,82.5486,120.0,24.0,-103785.9231239902,825141.4603211918,0.09374819661207948,-0.17257162063518422,0.19639167145444597,False,151.4873211940402
2020-06-13 08:00:00,7.1947,82.54313,120.0,24.0,-104232.5170279018,825699.5766402401,0.11165082966907376,-0.16947571269708336,0.20294808439592837,False,146.62305380710194
2020-06-13 09:00:00,7.22433,82.53765,120.0,24.0,-104736.3023101139,826251.3979016476,0.12443188253506346,-0.1741196273819204,0.21401153714423585,False,144.44909402342245
2020-06-13 10:00:00,7.25633,82.53188,120.0,24.0,-105278.9678738138,826830.6209605958,0.12684814664720231,-0.18712399597844023,0.22606601287847197,False,145.86732818218513
2020-06-13 11:00:00,7.28711,82.52556,120.0,24.0,-105812.46890986858,827472.5417539926,0.1152820643751988,-0.2069375774956307,0.236882070546438,False,150.87842473038705
2020-06-13 12:00:00,7.31334,82.51851,120.0,24.0,-106291.28207911641,828203.2548700189,0.09694768619255371,-0.22504448141609434,0.24503851222599418,False,156.69393951231223
2020-06-13 13:00:00,7.33501,82.51102,120.0,24.0,-106711.07326423736,828990.8251805496,0.0803892091249281,-0.2335546837354354,0.24700245998469464,False,161.00660561410473
2020-06-13 14:00:00,7.35302,82.50342,120.0,24.0,-107080.03802351645,829797.1913863636,0.06801906291600615,-0.2335525128353752,0.24325576904092058,False,163.76250182952282
2020-06-13 15:00:00,7.36855,82.49593,120.0,24.0,-107411.99557683949,830595.8969451623,0.05905272897372063,-0.2258124302192323,0.23340625193160394,False,165.34465163951756
2020-06-13 16:00:00,7.38211,82.48883,120.0,24.0,-107710.22363398089,831355.0843283633,0.04634095116190963,-0.2005846011648866,0.20586807906780286,False,166.99122810914866
2020-06-13 17:00:00,7.39136,82.48297,120.0,24.0,-107928.44545398833,831985.265538714,0.023782134481812316,-0.15214051429668218,0.153988071002172,False,171.11559881186554
2020-06-13 18:00:00,7.39381,82.479,120.0,24.0,-108020.95256147304,832419.3655477918,-0.0038716801651972384,-0.101064445601904,0.10113857855497967,False,182.1938725228266
2020-06-13 19:00:00,7.38946,82.47644,120.0,24.0,-107994.44310501823,832710.4664045969,-0.028600121620663888,-0.069335405325399,0.07500243588280406,False,202.41562978386187
2020-06-13 20:00:00,7.37976,82.47452,120.0,24.0,-107880.94750450876,832940.9185419896,-0.040434036682839535,-0.0561810951148316,0.069218688016828,False,215.74290297085645
2020-06-13 21:00:00,7.3696,82.47281,120.0,24.0,-107757.6861599702,833149.0132604382,-0.03194972516718698,-0.05540863709734176,0.06396015949983004,False,209.96860662090182
2020-06-13 22:00:00,7.36407,82.47094,120.0,24.0,-107703.98182672852,833366.0720539544,-0.008164402438898734,-0.06376530350730321,0.06428585690929842,False,187.29635657149527
2020-06-13 23:00:00,7.36559,82.46869,120.0,24.0,-107758.23317593813,833611.8711069473,0.02252118581143469,-0.07831139294364291,0.08148544701433999,False,163.95555585269562
2020-06-14 00:00:00,7.37512,82.46588,120.0,24.0,-107937.08088843239,833904.4734904749,0.05047492306448124,-0.0951800789201963,0.10773562679828848,False,152.062557044169
2020-06-14 01:00:00,7.39035,82.46254,120.0,24.0,-108206.61412054839,834244.8478906524,0.06788988618412364,-0.11019322402654849,0.12942790760673822,False,148.36283735508118
2020-06-14 02:00:00,7.40841,82.45876,120.0,24.0,-108523.88024956641,834628.399305982,0.07551178021820341,-0.1231945473195779,0.14449541667817,False,148.4938925358838
2020-06-14 03:00:00,7.42736,82.45458,120.0,24.0,-108860.13129130704,835054.3408198277,0.07608228649568105,-0.13449325187765157,0.15452167847598705,False,150.50333510609892
2020-06-14 04:00:00,7.44568,82.45007,120.0,24.0,-109192.25442680965,835517.8131587667,0.07191782407611232,-0.14130310916956038,0.15855201695603666,False,153.0256639516984
2020-06-14 05:00:00,7.46257,82.44545,120.0,24.0,-109505.41224779187,835996.0439984717,0.06474508997058188,-0.14068393892488354,0.15486735403796084,False,155.2873257498884
2020-06-14 06:00:00,7.47736,82.44098,120.0,24.0,-109786.02769528894,836461.6132139126,0.0540045451406161,-0.1340289208893338,0.14449997415433727,False,158.05391560225286
2020-06-14 07:00:00,7.48898,82.43679,120.0,24.0,-110016.51926581073,836902.2456255495,0.039895141471783406,-0.12396861528726927,0.13022995004720145,False,162.16096988107677
2020-06-14 08:00:00,7.49686,82.43297,120.0,24.0,-110187.1565813676,837309.1353178216,0.028187601203282245,-0.11622923402385857,0.11959839339793893,False,166.3679688431177
2020-06-14 09:00:00,7.50275,82.42928,120.0,24.0,-110326.9206115697,837705.4633650284,0.023922987029429126,-0.11638325346013427,0.11881654343725073,False,168.38444195961233
2020-06-14 10:00:00,7.50854,82.42545,120.0,24.0,-110467.34295243846,838117.4298865369,0.02393554785498768,-0.12334733272045176,0.1256482190099336,False,169.01823833471258
2020-06-14 11:00:00,7.51443,82.42131,120.0,24.0,-110613.83049734269,838563.4292258611,0.023989589191568603,-0.13464483074996336,0.13676523987207606,False,169.89765241609757
2020-06-14 12:00:00,7.52024,82.41675,120.0,24.0,-110765.36436166916,839055.9587812674,0.023532178571772342,-0.1491922459344775,0.15103671631529664,False,171.03655067039813
2020-06-14 13:00:00,7.5259,82.41167,120.0,24.0,-110922.39022369449,839606.1993942307,0.021411767900619688,-0.16621585893609542,0.16758930624146035,False,172.65963721868798
2020-06-14 14:00:00,7.53067,82.40601,120.0,24.0,-111074.9451817656,840222.2122087845,0.010100975485388203,-0.18107273985779376,0.1813542578087558,False,176.80711707436416
2020-06-14 15:00:00,7.53082,82.39997,120.0,24.0,-111165.35193815721,840889.1469307778,-0.015310294736838143,-0.18865397280829765,0.18927421002683584,False,184.63969559516215
2020-06-14 16:00:00,7.52323,82.39382,120.0,24.0,-111143.68110527242,841583.2519579445,-0.042789122774643924,-0.1850926942234496,0.18997424689341175,False,193.01678198117088
2020-06-14 17:00:00,7.51003,82.38801,120.0,24.0,-111034.40594551209,842250.6791065983,-0.060010273416732124,-0.16853327474447843,0.1788985679418614,False,199.59947916081322
2020-06-14 18:00:00,7.49409,82.38293,120.0,24.0,-110873.90971701742,842842.7546067177,-0.07053714192779473,-0.14408057263696625,0.16042038462345729,False,206.0848603525763
2020-06-14 19:00:00,7.4758,82.3787,120.0,24.0,-110666.17575214231,843345.4363228178,-0.07818264662049175,-0.11823578647820165,0.14174705441984883,False,213.47441220452998
2020-06-14 20:00:00,7.45617,82.37529,120.0,24.0,-110426.53964002381,843760.0555848756,-0.07072643833882612,-0.09966833268750593,0.12221295193555852,False,215.36019592300056
2020-06-14 21:00:00,7.44151,82.37226,120.0,24.0,-110254.37410669489,844123.0621558437,-0.038291501167939945,-0.09425208204792948,0.10173344598539842,False,202.1102794560094
2020-06-14 22:00:00,7.43761,82.3692,120.0,24.0,-110241.0530315264,844468.6618625012,0.002546657281874483,-0.09424810754153873,0.0942825075953794,False,178.45220002728593
2020-06-14 23:00:00,7.44274,82.36617,120.0,24.0,-110360.39641262729,844793.5656565409,0.03298616305263398,-0.09192510413028263,0.0976642806879683,False,160.26011636812933
2020-06-15 00:00:00,7.45358,82.36326,120.0,24.0,-110562.28675169907,845094.1816277428,0.05175691868361917,-0.09161553268876219,0.10522444802168561,False,150.53632851423316
2020-06-15 01:00:00,7.46779,82.36025,120.0,24.0,-110815.46679662155,845399.2825773,0.06213206241842781,-0.09904437811168632,0.11691955360801758,False,147.89931871199872
2020-06-15 02:00:00,7.48364,82.35686,120.0,24.0,-111098.52650428111,845743.1108715398,0.06842556289990878,-0.11281767370036579,0.1319465238546722,False,148.76257812635328
2020-06-15 03:00:00,7.50088,82.35296,120.0,24.0,-111409.7291864723,846140.484748482,0.07421253477167447,-0.1299954057606323,0.14968736030843896,False,150.27856649544134
2020-06-15 04:00:00,7.51951,82.34846,120.0,24.0,-111750.46686474442,846601.3163603027,0.07949232420956648,-0.14547086160277325,0.16577334280182696,False,151.345670739912
2020-06-15 05:00:00,7.53928,82.34356,120.0,24.0,-112114.21740758768,847103.968572774,0.08351885948486948,-0.1550655516835271,0.17612701442019046,False,151.69293600814467
2020-06-15 06:00:00,7.55983,82.33844,120.0,24.0,-112493.09185901882,847629.237812891,0.08612323609742908,-0.16063650453067,0.18226710724572734,False,151.80257698551878
2020-06-15 07:00:00,7.58083,82.33318,120.0,24.0,-112881.07659925251,848168.9188478439,0.08678274560330516,-0.16450532195460565,0.18599259631995152,False,152.18666701445073
2020-06-15 08:00:00,7.60167,82.32781,120.0,24.0,-113268.72311713973,848720.8925285166,0.08244069330480482,-0.16852968385327513,0.1876132251528707,False,153.93322470931543
2020-06-15 09:00:00,7.62055,82.32229,120.0,24.0,-113629.94986019962,849293.1477393939,0.07036701763312349,-0.1747202471074734,0.18835785600785776,False,158.06332964271917
2020-06-15 10:00:00,7.63555,82.31652,120.0,24.0,-113937.71487753905,849900.5810023283,0.05212629178276145,-0.18694501480428147,0.19407624495335488,False,164.41981739474943
2020-06-15 11:00:00,7.64563,82.31021,120.0,24.0,-114180.77682354928,850577.3493523427,0.030177238491018266,-0.2076804512745008,0.20986146755544263,False,171.73243586918392
2020-06-15 12:00:00,7.65006,82.3031,120.0,24.0,-114352.0025920015,851353.6792251992,0.00644366757878434,-0.23367678923210994,0.23376561483180927,False,178.42046176846696
2020-06-15 13:00:00,7.64873,82.29511,120.0,24.0,-114450.73309005903,852238.671432911,-0.018065800374354776,-0.26044640580453127,0.26107221882012766,False,183.96795179498434
2020-06-15 14:00:00,7.6414,82.28627,120.0,24.0,-114472.67595327413,853229.5217362302,-0.0460341334686216,-0.28195333023565305,0.28568657979538015,False,189.27278718108232
2020-06-15 15:00:00,7.62668,82.27689,120.0,24.0,-114392.17349484649,854294.7810651577,-0.07876937155011501,-0.2923172291211076,0.3027440772920953,False,195.08102081410217
2020-06-15 16:00:00,7.60371,82.26738,120.0,24.0,-114189.88281043006,855390.8570113761,-0.1084779652221538,-0.287827847306599,0.307591187493871,False,200.65066789820816
2020-06-15 17:00:00,7.57483,82.25829,120.0,24.0,-113892.21579053845,856452.2670855448,-0.12528331493978337,-0.26786702557870085,0.29571718312381057,False,205.06582669308835
2020-06-15 18:00:00,7.54389,82.25007,120.0,24.0,-113549.9500262589,857421.5771230318,-0.11999249563843477,-0.24063718158842667,0.26889487197111295,False,206.50290283630622
2020-06-15 19:00:00,7.51759,82.24274,120.0,24.0,-113263.21149430107,858283.2822127161,-0.08807410985569862,-0.21572513391664802,0.2330115495640278,False,202.2087226074182
2020-06-15 20:00:00,7.50191,82.23613,120.0,24.0,-113124.47574994188,859044.4118080838,-0.04343693466637616,-0.19916225896419076,0.2038439910542629,False,192.30344370132894
2020-06-15 21:00:00,7.4969,82.22987,120.0,24.0,-113140.36032121348,859745.8083114456,-0.00212889730648564,-0.19343198440644974,0.19344369929041,False,180.63056741303615
2020-06-15 22:00:00,7.50089,82.22363,120.0,24.0,-113290.98917702453,860427.2169908851,0.03011527582497998,-0.19389360938428005,0.19621840280177186,False,171.17144405924262
2020-06-15 23:00:00,7.51121,82.21734,120.0,24.0,-113537.57535717406,861101.5908723496,0.05110538129157796,-0.19590454246746714,0.20246073633261635,False,165.37916750415997
2020-06-16 00:00:00,7.52516,82.21097,120.0,24.0,-113840.1730373545,861777.5268882501,0.0625863422071744,-0.19977295936493547,0.20934728449229453,False,162.60488595281822
2020-06-16 01:00:00,7.54091,82.20443,120.0,24.0,-114172.68656557518,862468.5540739548,0.06670667438044375,-0.2068911935984516,0.2173792685503623,False,162.12943593889293
2020-06-16 02:00:00,7.55679,82.1976,120.0,24.0,-114511.79571925351,863191.2302469152,0.06340616707862792,-0.21911593568476972,0.22810553543177117,False,163.8610006691605
2020-06-16 03:00:00,7.57095,82.19027,120.0,24.0,-114832.71893820999,863972.4500679474,0.05374445141791499,-0.23644634245454427,0.2424775018807812,False,167.19420250923486
2020-06-16 04:00:00,7.58223,82.18232,120.0,24.0,-115119.68191828618,864827.8196085306,0.04542603046153153,-0.24851402297367114,0.2526316366927356,False,169.64122952258828
2020-06-16 05:00:00,7.59243,82.17421,120.0,24.0,-115393.0230547337,865702.9500935492,0.04492523886767763,-0.24541721820502788,0.24949526664610724,False,169.62648359792558
2020-06-16 06:00:00,7.60345,82.16646,120.0,24.0,-115673.77400749136,866536.5947472443,0.04683255340527852,-0.23272768463619278,0.2373930564582323,False,168.62214014293698
2020-06-16 07:00:00,7.61453,82.15917,120.0,24.0,-115948.96670190604,867319.2402519942,0.04417960422403105,-0.2183364532623879,0.22276140656000293,False,168.5608557070217
2020-06-16 08:00:00,7.62428,82.15235,120.0,24.0,-116197.36736940229,868052.6052582293,0.036064052162771434,-0.2040998945825306,0.20726162893068076,False,169.97938202442276
2020-06-16 09:00:00,7.63152,82.14598,120.0,24.0,-116401.30287291527,868741.3171536238,0.024279663989892578,-0.19032730706033518,0.19186971073179113,False,172.73016073340136
2020-06-16 10:00:00,7.63571,82.14005,120.0,24.0,-116552.61820211484,869387.6085820908,0.015051882717275408,-0.17748296709522562,0.17812007967171908,False,175.1524888669801
2020-06-16 11:00:00,7.6386,82.13451,120.0,24.0,-116678.51233539297,869993.4634296416,0.012639180780268398,-0.16726956152023073,0.16774640115950792,False,175.67884214762483
2020-06-16 12:00:00,7.64165,82.12924,120.0,24.0,-116802.89874048493,870569.1659867899,0.009046607976664626,-0.16401969247028655,0.16426898865559145,False,176.84301444689333
2020-06-16 13:00:00,7.64285,82.12391,120.0,24.0,-116900.10742951198,871155.2559064314,-0.005206131106115532,-0.1702081399051663,0.1702877408713579,False,181.75195128883735
2020-06-16 14:00:00,7.63921,82.11824,120.0,24.0,-116928.73603603925,871788.7629991807,-0.033211520129099247,-0.17778732149853368,0.18086275668281887,False,190.58116966803652
2020-06-16 15:00:00,7.62728,82.11242,120.0,24.0,-116833.2722880751,872455.7514893702,-0.07266996330461735,-0.17762786834613103,0.19191816792551167,False,202.25013366098833
2020-06-16 16:00:00,7.60516,82.10676,120.0,24.0,-116579.89053235626,873125.8149527732,-0.10625788148807093,-0.16880877284661647,0.19946713806618244,False,212.18865469252765
2020-06-16 17:00:00,7.57752,82.10151,120.0,24.0,-116235.80124508565,873761.7352745967,-0.11736474352165482,-0.152721486207259,0.1926092816332012,False,217.54187243121845
2020-06-16 18:00:00,7.55023,82.09689,120.0,24.0,-115887.24447114424,874327.2387495799,-0.10729403923671871,-0.13059808617404464,0.16902032708539444,False,219.40512416700125
2020-06-16 19:00:00,7.52733,82.09307,120.0,24.0,-115593.53368382921,874795.3942177407,-0.08124884005416681,-0.10460425096984968,0.132451588631888,False,217.83741590711665
2020-06-16 20:00:00,7.51224,82.09013,120.0,24.0,-115405.95604337777,875150.5324485615,-0.04195195039951459,-0.07891694991949276,0.08937477903144186,False,207.99494181157013
2020-06-16 21:00:00,7.50772,82.08797,120.0,24.0,-115368.3577769999,875398.2092917088,0.006319846566992972,-0.05724992214339108,0.05759769132573521,False,173.70059688914165
2020-06-16 22:00:00,7.51519,82.08643,120.0,24.0,-115504.92674155334,875553.2528133931,0.04998905405863258,-0.0408453518349346,0.06455422753156052,False,129.25177435159418
2020-06-16 23:00:00,7.53107,82.08533,120.0,24.0,-115763.65061701188,875642.6959418611,0.07722924931618329,-0.03109802833671499,0.08325529602597258,False,111.9332477894717
2020-06-17 00:00:00,7.55126,82.08442,120.0,24.0,-116085.52675508353,875702.3490831301,0.09274302339646899,-0.03109853872606235,0.09781813481974799,False,108.53730373592936
2020-06-17 01:00:00,7.57438,82.08332,120.0,24.0,-116455.03409961221,875776.9125129969,0.10380901381807532,-0.04208474804618022,0.11201534434170982,False,112.06790558943425
2020-06-17 02:00:00,7.59973,82.0817,120.0,24.0,-116866.37078604328,875904.1949462813,0.11156401016394694,-0.0598793964713918,0.12661781267120115,False,118.22364837246488
2020-06-17 03:00:00,7.62646,82.07945,120.0,24.0,-117308.25716315152,876098.0245461258,0.11538803547682522,-0.07968574534948673,0.14022915796332916,False,124.62854422122575
2020-06-17 04:00:00,7.65358,82.07655,120.0,24.0,-117765.95879280026,876362.5991500813,0.11382114506372815,-0.09949256985646153,0.15117547592205927,False,131.15713651767294
2020-06-17 05:00:00,7.67956,82.07302,120.0,24.0,-118215.87408957425,876698.8441080587,0.10595640972955338,-0.11775167758593534,0.1584052345633788,False,138.01819146245714
2020-06-17 06:00:00,7.70299,82.06894,120.0,24.0,-118635.29794116819,877100.8606509799,0.09395012053450946,-0.13043934112486844,0.16075150656071205,False,144.2363375384678
2020-06-17 07:00:00,7.72335,82.06459,120.0,24.0,-119012.09436518546,877538.8638352127,0.08034652284607254,-0.13415226937337774,0.15637261624556187,False,149.0817503806823
2020-06-17 08:00:00,7.74042,82.06027,120.0,24.0,-119338.35193827692,877980.2509168623,0.06629974495492684,-0.13074745841712057,0.1465965690718068,False,153.11123257210045
2020-06-17 09:00:00,7.75422,82.05614,120.0,24.0,-119611.89327959542,878407.3749663624,0.05247340692914318,-0.12301027285736375,0.13373475862016776,False,156.89799839684707
2020-06-17 10:00:00,7.76484,82.05232,120.0,24.0,-119832.20436714495,878806.8508414214,0.039126521150533,-0.11542788692233402,0.12187896347072466,False,161.27491387002846
2020-06-17 11:00:00,7.77242,82.04868,120.0,24.0,-120003.30650916387,879192.774238675,0.025916292850868522,-0.11248745288627954,0.11543431592024504,False,167.02586536712607
2020-06-17 12:00:00,7.77689,82.04505,120.0,24.0,-120126.61850424831,879584.0847380379,0.01058373401611036,-0.11341521257469958,0.11390797105158211,False,174.66868541952078
2020-06-17 13:00:00,7.77734,82.04135,120.0,24.0,-120189.30610420978,879991.5417215487,-0.00801374313381662,-0.11588986744923765,0.11616661076409462,False,183.95568587084244
2020-06-17 14:00:00,7.77317,82.03756,120.0,24.0,-120182.3653743269,880418.6244753645,-0.024666377442809702,-0.11759122317561513,0.12015043047816548,False,191.8468148083382
2020-06-17 15:00:00,7.76589,82.03375,120.0,24.0,-120127.85178675345,880854.439244901,-0.03484795673877054,-0.11588913059900399,0.12101516714800764,False,196.73607574544496
2020-06-17 16:00:00,7.757,82.03007,120.0,24.0,-120046.5104133877,881279.2772262647,-0.04346676577676431,-0.11000887532851637,0.11828487806197861,False,201.55999376669232
2020-06-17 17:00:00,7.74573,82.02664,120.0,24.0,-119924.66128505832,881681.4962282482,-0.05474430076518348,-0.10056994661942065,0.11450437821018893,False,208.56124524923325
2020-06-17 18:00:00,7.73162,82.02357,120.0,24.0,-119753.54035076809,882049.8976767536,-0.060372650367933905,-0.08912159416529655,0.10764532251339401,False,214.11445423718914
2020-06-17 19:00:00,7.71775,82.02088,120.0,24.0,-119580.25642732487,882375.8175482182,-0.05126029253181384,-0.07751875824603711,0.09293425348306553,False,213.47519214592546
2020-06-17 20:00:00,7.70787,82.01856,120.0,24.0,-119462.76318212504,882652.5410858972,-0.027826380301062506,-0.06514058485650527,0.07083504243033192,False,203.13092567588882
2020-06-17 21:00:00,7.70486,82.01667,120.0,24.0,-119444.62169153872,882867.4635287855,0.0056187824683624965,-0.051832142913549845,0.05213580109135596,False,173.8130997804078
2020-06-17 22:00:00,7.71047,82.01521,120.0,24.0,-119552.88704481942,883016.9394365726,0.03898982904874791,-0.03929755259971265,0.0553579660896042,False,135.22521087758565
2020-06-17 23:00:00,7.72291,82.01413,120.0,24.0,-119760.7719324244,883110.18339567,0.06340543839768382,-0.02970449684049392,0.0700186171739302,False,115.10238545801087
2020-06-18 00:00:00,7.73982,82.01329,120.0,24.0,-120034.00605355448,883167.5237432019,0.08028745765304551,-0.028776266754983966,0.08528862400545323,False,109.71846490528094
2020-06-18 01:00:00,7.76007,82.01227,120.0,24.0,-120361.4784901154,883237.6335257293,0.09186054093934538,-0.0410001333704257,0.10059507899525624,False,114.05264951636053
2020-06-18 02:00:00,7.78233,82.01064,120.0,24.0,-120729.20453722727,883370.7162746871,0.09326214644600285,-0.06281881085839063,0.11244568002986126,False,123.9631214017034
2020-06-18 03:00:00,7.80322,82.00821,120.0,24.0,-121088.02664288462,883594.837034304,0.07977502445779472,-0.08819558849166388,0.11892231227415931,False,137.8699021543028
2020-06-18 04:00:00,7.81923,82.00494,120.0,24.0,-121384.4819378095,883921.8601544626,0.054778978694899914,-0.10892807112100358,0.12192645810076956,False,153.30257497307366
2020-06-18 05:00:00,7.82855,82.00117,120.0,24.0,-121585.46825102002,884318.1685339126,0.024898326349606315,-0.11882840483348792,0.12140888126608693,False,168.16591760814885
2020-06-18 06:00:00,7.83074,81.99726,120.0,24.0,-121678.61491623816,884745.0329357081,0.0010133141068395315,-0.12253991583225518,0.12254410543822704,False,179.52621724977138
2020-06-18 07:00:00,7.82902,81.99325,120.0,24.0,-121712.9051794354,885191.2344560913,-0.008057702392823112,-0.12563397077491065,0.12589210134286585,False,183.66971504284749
2020-06-18 08:00:00,7.82702,81.98914,120.0,24.0,-121744.35762598804,885649.068768025,-0.005893000104649857,-0.12795453654077396,0.1280901669590514,False,182.6369179346899
2020-06-18 09:00:00,7.8263,81.98498,120.0,24.0,-121796.33233867995,886109.7024739798,0.001086255965208411,-0.12795410535512633,0.12795871611286477,False,179.51360382691018
2020-06-18 10:00:00,7.82752,81.98087,120.0,24.0,-121877.55540172377,886560.6921117232,0.007767338868884043,-0.1270253750797006,0.1272626318572844,False,176.50083849118164
2020-06-18 11:00:00,7.82988,81.97677,120.0,24.0,-121976.29442456683,887008.1471030723,0.0089848609337096,-0.12795347031969403,0.12826853976268274,False,175.98329779230488
2020-06-18 12:00:00,7.83166,81.9726,120.0,24.0,-122067.14926824364,887464.5550803636,-0.0020030631076007645,-0.13352288837111648,0.13353791214774424,False,180.85946653272208
2020-06-18 13:00:00,7.82896,81.96814,120.0,24.0,-122093.00535034914,887962.5101508516,-0.02888644806653054,-0.1451245066614538,0.1479714476364637,False,191.2573632816202
2020-06-18 14:00:00,7.81837,81.96322,120.0,24.0,-122003.43737719553,888528.0427725639,-0.06155774802866938,-0.1540958839078832,0.16593642692221913,False,201.77556804221666
2020-06-18 15:00:00,7.80065,81.95818,120.0,24.0,-121804.83711818713,889121.9790684483,-0.08813144614068744,-0.15131039137651103,0.1751056433624052,False,210.21886124301741
2020-06-18 16:00:00,7.77786,81.95344,120.0,24.0,-121522.62838146226,889693.5212499931,-0.10410951814720516,-0.13506643978658797,0.17053367680744833,False,217.62511712584282
2020-06-18 17:00:00,7.75282,81.94945,120.0,24.0,-121193.75278925509,890186.9546932726,-0.10753088433108404,-0.10660082789284127,0.15141541398571065,False,225.24885605675186
2020-06-18 18:00:00,7.72848,81.94655,120.0,24.0,-120859.02200133081,890558.4738190061,-0.09857206737086575,-0.07535009348301266,0.12407291829269289,False,232.60511492428813
2020-06-18 19:00:00,7.70757,81.94458,120.0,24.0,-120563.43815770156,890819.9894804617,-0.07783153100844412,-0.05121537523466791,0.09317060630663639,False,236.65393911684777
2020-06-18 20:00:00,7.69276,81.94324,120.0,24.0,-120353.1535810379,890999.0505287696,-0.04535064184398016,-0.0349694314748741,0.05726728431955613,False,232.3645387709899
2020-06-18 21:00:00,7.68676,81.94232,120.0,24.0,-120273.55571848758,891113.2122986603,-0.0031801199837421775,-0.023826629232154846,0.024037916375542454,False,187.60228910642832
2020-06-18 22:00:00,7.6913,81.9417,120.0,24.0,-120353.40874163811,891172.1233385825,0.03782038813957192,-0.011136852612842248,0.03942602243630523,False,106.40795632554523
2020-06-18 23:00:00,7.70411,81.9416,120.0,24.0,-120554.14437576794,891156.2318797145,0.06748642737151317,0.007738965525442032,0.06792870870828108,False,83.45821632105833
2020-06-19 00:00:00,7.72226,81.9422,120.0,24.0,-120827.45531843494,891051.7670101871,0.08749217244453737,0.02351983242368693,0.09059835956739493,False,74.95334480187978
2020-06-19 01:00:00,7.74425,81.94312,120.0,24.0,-121155.62031112671,890903.7785722079,0.10184807958595604,0.025685385875548077,0.10503699521084484,False,75.84555225043641
2020-06-19 02:00:00,7.76899,81.94386,120.0,24.0,-121529.15308101448,890769.7048439812,0.11162610410243176,0.015937502276793455,0.11275810878118579,False,81.87446711909342
2020-06-19 03:00:00,7.79547,81.94415,120.0,24.0,-121936.43931380057,890681.4371242605,0.11694128850395215,-0.001237018391247265,0.11694783098230106,False,90.60605873676195
2020-06-19 04:00:00,7.82265,81.94378,120.0,24.0,-122364.55733955448,890664.3255931679,0.11686011165803739,-0.023362953642603466,0.11917261975653387,False,101.30565710126473
2020-06-19 05:00:00,7.84909,81.94264,120.0,24.0,-122792.89725111809,890733.5653801196,0.10959522916577097,-0.04672685036686619,0.11914072687836581,False,113.09138465302874
2020-06-19 06:00:00,7.87293,81.94076,120.0,24.0,-123192.19500976148,890889.8459480444,0.09139054362950409,-0.06622315270199056,0.11286158522140052,False,125.92773003722539
2020-06-19 07:00:00,7.89101,81.93836,120.0,24.0,-123510.0182742654,891115.7456333312,0.06291088944872084,-0.07566015690963597,0.09839837069189668,False,140.25671473569776
2020-06-19 08:00:00,7.90178,81.93587,120.0,24.0,-123715.65304062677,891367.2545550851,0.04462983419795051,-0.0660640790775764,0.07972631086978013,False,145.9588603897614
2020-06-19 09:00:00,7.91147,81.93409,120.0,24.0,-123893.69376646387,891542.7150850232,0.05432708108767938,-0.03403483199963642,0.06410773376707965,False,122.0663225076812
2020-06-19 10:00:00,7.92668,81.93367,120.0,24.0,-124136.81446827369,891556.1332545534,0.07865806280911374,0.0012415894142415434,0.07866786122144187,False,89.09568169425233
2020-06-19 11:00:00,7.94752,81.93417,120.0,24.0,-124453.38785839854,891455.7597717452,0.09936197210451646,0.01903336810006579,0.10116852574655474,False,79.15601923996678
2020-06-19 12:00:00,7.97222,81.9349,120.0,24.0,-124826.40127466938,891321.492899033,0.10982873172885495,0.01887621228106455,0.11143904927469814,False,80.24787958612797
2020-06-19 13:00:00,7.99786,81.93539,120.0,24.0,-125217.66272312429,891211.4907523325,0.10650824045690394,0.006959920173141013,0.1067354007536495,False,86.26124802354065
2020-06-19 14:00:00,8.02104,81.93535,120.0,24.0,-125578.82926036944,891165.1710667072,0.08676248963753352,-0.004027598362296133,0.08685592182845729,False,92.65781726843153
2020-06-19 15:00:00,8.03763,81.93513,120.0,24.0,-125840.28762657761,891153.038570495,0.05126772889041667,-0.0034080767671431124,0.05138088178332487,False,93.80320222388133
2020-06-19 16:00:00,8.04454,81.93513,120.0,24.0,-125947.76177386547,891137.8554676708,0.013548085421019448,0.004485856522324547,0.014271423450872775,False,71.67996711992976
2020-06-19 17:00:00,8.04384,81.93542,120.0,24.0,-125932.35404798214,891107.40733442,-0.01180163160791031,0.013151252693215315,0.017670143067039124,False,318.09592747237775
2020-06-19 18:00:00,8.03913,81.93598,120.0,24.0,-125850.37613162732,891055.9882277919,-0.01926170905781318,0.021505399594308867,0.028870324687102884,False,318.1501972837176
2020-06-19 19:00:00,8.03501,81.93681,120.0,24.0,-125773.37850325253,890973.4850041448,-0.0067629271283911685,0.029859866173806923,0.03061615245685826,False,347.23844739693357
2020-06-19 20:00:00,8.03603,81.93791,120.0,24.0,-125772.11003060365,890849.9140208431,0.023288602320875762,0.038835476688114184,0.045283034876794206,False,30.949995109089173
2020-06-19 21:00:00,8.04569,81.93932,120.0,24.0,-125900.32084033373,890673.1746256783,0.06540960071201839,0.048741686756861205,0.08157308314149744,False,53.30739256765088
2020-06-19 22:00:00,8.06603,81.94106,120.0,24.0,-126189.30495276942,890436.512931702,0.10620561579371335,0.05879965688133472,0.12139617982244971,False,61.02934050724542
2020-06-19 23:00:00,8.09441,81.94312,120.0,24.0,-126598.03322030384,890146.7098135916,0.13370691997494383,0.06761647888060547,0.1498316677655208,False,63.17397268154298
2020-06-20 00:00:00,8.12738,81.94543,120.0,24.0,-127073.8547419352,889818.9732677928,0.14940358548929353,0.07086369849799636,0.16535747676434703,False,64.6245205280967
2020-06-20 01:00:00,8.16298,81.9477,120.0,24.0,-127590.80306317747,889489.5385343968,0.15705484162435826,0.06498235681270348,0.16996743798323774,False,67.5223888834264
2020-06-20 02:00:00,8.19948,81.94963,120.0,24.0,-128126.75959451712,889195.2798324482,0.15584416484674787,0.05167356952838836,0.16418758023853544,False,71.65592170442471
2020-06-20 03:00:00,8.23454,81.95104,120.0,24.0,-128648.3489262847,888961.2613951768,0.14453982731452097,0.03295006525572014,0.14824799654790535,False,77.15800702508255
2020-06-20 04:00:00,8.26586,81.95176,120.0,24.0,-129122.73803845746,888811.4323298725,0.1248226252431637,0.010824431643238385,0.1252910854490232,False,85.04379447269525
2020-06-20 05:00:00,8.29187,81.95174,120.0,24.0,-129526.53098349147,888754.9288135011,0.09978359019671344,-0.013001649145613236,0.10062707266462279,False,97.42372835934395
2020-06-20 06:00:00,8.31169,81.95092,120.0,24.0,-129847.16979580981,888800.4549505144,0.0752961131736055,-0.0382184952587198,0.08444026313846491,False,116.91125323943913
2020-06-20 07:00:00,8.32645,81.94927,120.0,24.0,-130102.74712202739,888948.8420787178,0.05597096001926887,-0.06390003763649618,0.08494682557591085,False,138.78441692724664
2020-06-20 08:00:00,8.33739,81.94679,120.0,24.0,-130312.53839773612,889197.3272163067,0.03892838069417856,-0.08741639818772773,0.09569245265738704,False,155.99557344243
2020-06-20 09:00:00,8.34432,81.94362,120.0,24.0,-130471.33316693298,889530.9465074864,0.02026437862583065,-0.1048986385666974,0.10683805227650697,False,169.06625224365155
2020-06-20 10:00:00,8.34669,81.94001,120.0,24.0,-130566.50337279706,889923.4282436275,-0.0006589759068404422,-0.11093150196469768,0.11093345923295425,False,180.34035502525074
2020-06-20 11:00:00,8.34402,81.93645,120.0,24.0,-130582.58108367733,890321.882021586,-0.023038385719315498,-0.10242086209806926,0.10497999909251134,False,192.67702455922858
2020-06-20 12:00:00,8.33613,81.93339,120.0,24.0,-130509.39608582179,890677.1238324649,-0.04371020637173772,-0.08942396912897392,0.09953506113847312,False,206.04926585669102
2020-06-20 13:00:00,8.32399,81.93067,120.0,24.0,-130364.53852966364,891004.5592254528,-0.060947468380182855,-0.08261601279682745,0.10266449957214493,False,216.41693066568251
2020-06-20 14:00:00,8.30821,81.92805,120.0,24.0,-130161.31179383231,891329.2211398657,-0.08092596342902779,-0.07936490448556598,0.1133481346159669,False,225.55798101664436
2020-06-20 15:00:00,8.28693,81.92554,120.0,24.0,-129870.55672593229,891654.1836630556,-0.10783895279658166,-0.07472080462326715,0.13119618280960704,False,235.28220084197588
2020-06-20 16:00:00,8.25884,81.92322,120.0,24.0,-129470.51910970945,891973.5023466218,-0.1295165169764089,-0.06420301272842817,0.1445564077206788,False,243.63179019498912
2020-06-20 17:00:00,8.22765,81.92139,120.0,24.0,-129014.11046172475,892245.6033181268,-0.13314709521309992,-0.045023552324840135,0.1405534390459156,False,251.31708716942973
2020-06-20 18:00:00,8.19791,81.92031,120.0,24.0,-128568.11802384057,892431.525748844,-0.12059881491984355,-0.024294655768033205,0.12302156095155803,False,258.6101951209936
2020-06-20 19:00:00,8.17247,81.91982,120.0,24.0,-128179.61444786347,892542.5523811022,-0.09599675733905377,-0.009443393808249108,0.09646012184437075,False,264.3817751902783
2020-06-20 20:00:00,8.15399,81.9197,120.0,24.0,-127893.62586481805,892597.0807672644,-0.0583385096760424,-5.228452253832824e-06,0.05833850991033629,False,269.99486500000785
2020-06-20 21:00:00,8.14578,81.91982,120.0,24.0,-127763.82890676594,892602.1652416367,-0.008459580558960532,0.006342353766580512,0.010573076871658552,False,306.8597894165843
2020-06-20 22:00:00,8.15012,81.92011,120.0,24.0,-127826.86104204209,892560.5068738055,0.04036833311993218,0.012380583445167858,0.04222417749731282,False,72.94972193831774
2020-06-20 23:00:00,8.16425,81.92062,120.0,24.0,-128038.90816954385,892472.7204317756,0.0751594412313811,0.019498013711249262,0.07764737049570639,False,75.45680735402055
2020-06-21 00:00:00,8.18451,81.92137,120.0,24.0,-128342.58814185951,892344.6948357136,0.09759714297371402,0.02398424152036839,0.10050097590540572,False,76.19330976804338
2020-06-21 01:00:00,8.20891,81.92217,120.0,24.0,-128709.86654562321,892201.7555144957,0.11205525126370879,0.021662435396541592,0.11412992790272956,False,79.0585932904304
2020-06-21 02:00:00,8.23579,81.92277,120.0,24.0,-129118.84975713001,892075.1264673411,0.11884471908617272,0.011294804952980606,0.11938023234018764,False,84.57101037350361
2020-06-21 03:00:00,8.2633,81.9229,120.0,24.0,-129545.07459512132,891998.6975791648,0.11692198333595855,-0.007582546531586076,0.1171675944923247,False,93.71051176400687
2020-06-21 04:00:00,8.2893,81.92228,120.0,24.0,-129959.79454122385,892008.163035323,0.10357933502893964,-0.03404131136605349,0.10902976439742464,False,108.1930902439392
2020-06-21 05:00:00,8.3107,81.9207,120.0,24.0,-130318.39057677521,892133.7155389766,0.07787205910498944,-0.06575839486041263,0.10192263773994917,False,130.17913392236636
2020-06-21 06:00:00,8.32493,81.91803,120.0,24.0,-130583.02001614319,892395.6105077878,0.047679587756517865,-0.09731781463616024,0.10837019947471506,False,153.8980617582314
2020-06-21 07:00:00,8.33251,81.91441,120.0,24.0,-130759.51666031871,892777.3162920634,0.021824095498891694,-0.12346239731662831,0.12537645191786906,False,169.97554274424772
2020-06-21 08:00:00,8.33491,81.91005,120.0,24.0,-130867.31629041614,893252.3845689322,0.003628970107053049,-0.14341915083019496,0.14346505584598676,False,178.55054006342777
2020-06-21 09:00:00,8.33417,81.90514,120.0,24.0,-130935.05661152536,893795.2397306937,-0.006746758782163815,-0.15734263246995403,0.15748721454975237,False,182.455304978208
2020-06-21 10:00:00,8.33183,81.89988,120.0,24.0,-130983.45750203013,894380.3289142572,-0.016415851384588374,-0.1630661364897576,0.1638903445794692,False,185.7485929363835
2020-06-21 11:00:00,8.32668,81.8946,120.0,24.0,-130988.24053225781,894974.0510836166,-0.032390145624093994,-0.15857808291162576,0.16185218538369037,False,191.5440798292941
2020-06-21 12:00:00,8.31706,81.88963,120.0,24.0,-130918.05336812383,895543.8278072445,-0.053535711830846114,-0.1414035047414039,0.15119862299104325,False,200.73678798713135
2020-06-21 13:00:00,8.30228,81.88546,120.0,24.0,-130754.10711730093,896037.2053561159,-0.07623377596024383,-0.11045996704984484,0.1342124916608341,False,214.61143765593482
2020-06-21 14:00:00,8.28233,81.88249,120.0,24.0,-130489.76195428871,896410.0610424037,-0.09483468076548798,-0.07410352993957492,0.12035343711501344,False,231.99603963435248
2020-06-21 15:00:00,8.25909,81.88067,120.0,24.0,-130155.27670631696,896663.545469656,-0.10381569796473394,-0.041306891649042485,0.11173163581372376,False,248.303045619479
2020-06-21 16:00:00,8.23506,81.87982,120.0,24.0,-129792.76404529855,896811.7603335114,-0.10015980997023245,-0.01624670401052384,0.10146892590580944,False,260.78642473745265
2020-06-21 17:00:00,8.21349,81.87962,120.0,24.0,-129458.31706993857,896882.609265077,-0.08338249225701959,-0.0007773192439235136,0.08338611539218568,False,269.4658852153
2020-06-21 18:00:00,8.1971,81.87977,120.0,24.0,-129199.36771362514,896903.0673703073,-0.06099918220797459,0.007113993717071107,0.061412613823612905,False,276.6520364930666
2020-06-21 19:00:00,8.18572,81.88008,120.0,24.0,-129016.30701158289,896894.531595229,-0.04008663436867711,0.010363995160456397,0.041404717734745744,False,284.49582893253364
2020-06-21 20:00:00,8.17885,81.88044,120.0,24.0,-128903.05984582617,896870.3017600977,-0.01805499220865095,0.014387168618256079,0.023086215898335937,False,308.54968252324994
2020-06-21 21:00:00,8.1775,81.88101,120.0,24.0,-128872.89653788811,896810.4912760331,0.009310490649786778,0.023671218109248434,0.025436426693137896,False,21.47097324902586
2020-06-21 22:00:00,8.18309,81.88197,120.0,24.0,-128945.1713743503,896692.0667718701,0.04314772439368823,0.0358959686915024,0.056127058435793686,False,50.241849231554056
2020-06-21 23:00:00,8.19715,81.88333,120.0,24.0,-129143.6099771973,896510.4529082911,0.0816940414894921,0.04750256964853178,0.0945008494041216,False,59.82331730273461
2020-06-22 00:00:00,8.2203,81.88504,120.0,24.0,-129478.59415867757,896269.6775965168,0.1146705779813701,0.057867691857641776,0.12844458422024832,False,63.22252989677372
2020-06-22 01:00:00,8.24939,81.88707,120.0,24.0,-129901.18325593916,895980.038326338,0.13283722690221167,0.06668306004050328,0.14863498695608324,False,63.343771942255046
2020-06-22 02:00:00,8.28083,81.88935,120.0,24.0,-130356.23761306307,895657.2970975251,0.13988947918509864,0.07054927950505012,0.15667248394456454,False,63.23720599626216
2020-06-22 03:00:00,8.31315,81.89163,120.0,24.0,-130824.72817543642,895332.3167236155,0.1412570253821308,0.06637080788710238,0.1560725195522729,False,64.83311836080424
2020-06-22 04:00:00,8.34523,81.89364,120.0,24.0,-131293.50967374613,895037.3999012627,0.13572094898324608,0.05414629938408204,0.14612322789311605,False,68.25031641026084
2020-06-22 05:00:00,8.37504,81.89513,120.0,24.0,-131734.9897832334,894804.7644819474,0.12129355560731328,0.0335678521809921,0.12585280025454076,False,74.53063365397315
2020-06-22 06:00:00,8.40055,81.89581,120.0,24.0,-132122.30771958755,894671.0888420581,0.09933962484261194,0.0006138963393698942,0.09934152169453805,False,89.64592959139571
2020-06-22 07:00:00,8.42035,81.89517,120.0,24.0,-132441.91542886876,894695.8998597402,0.07261842202465013,-0.045644001657020906,0.08577184913837593,False,122.15124116408913
2020-06-22 08:00:00,8.43367,81.89286,120.0,24.0,-132687.64793733245,894919.6194720083,0.04622829945487132,-0.08648586552381606,0.09806559338469763,False,151.87466959268642
2020-06-22 09:00:00,8.44143,81.88958,120.0,24.0,-132862.48755014176,895263.0481160342,0.023427178916963904,-0.1036573704217549,0.10627174203314983,False,167.26477078215146
2020-06-22 10:00:00,8.44435,81.88616,120.0,24.0,-132964.05671063598,895633.1057891747,-0.0022449859913771866,-0.10412015093446816,0.10414435074797822,False,181.23519120721693
2020-06-22 11:00:00,8.44041,81.88285,120.0,24.0,-132956.58625372528,896006.959702097,-0.03551206023471361,-0.09839320758669075,0.10460559125262638,False,199.84551870508977
2020-06-22 12:00:00,8.42818,81.8798,120.0,24.0,-132815.12322825353,896371.3938024718,-0.06341629385139551,-0.08462395170975388,0.1057489457574935,False,216.84750143925396
2020-06-22 13:00:00,8.41154,81.87738,120.0,24.0,-132594.22375424538,896676.5952896704,-0.07369117236583729,-0.0597178181429088,0.0948504437965425,False,230.97939911505816
2020-06-22 14:00:00,8.39464,81.87594,120.0,24.0,-132353.15099639745,896874.3508063207,-0.07475860995335873,-0.028311724437990037,0.07993999939211352,False,249.25789494189942
2020-06-22 15:00:00,8.37752,81.87555,120.0,24.0,-132091.48804894602,896956.8368429827,-0.07627860313566756,0.003713343710603066,0.07636893490053236,False,272.78703439613025
2020-06-22 16:00:00,8.35993,81.87618,120.0,24.0,-131805.9100069165,896927.9165088254,-0.07238420513170131,0.034344134375581634,0.0801186165541831,False,295.38293683308007
2020-06-22 17:00:00,8.34458,81.87777,120.0,24.0,-131539.9075551343,896787.9595461771,-0.056312497332996175,0.06188144513128378,0.08366845646607081,False,317.6976120251086
2020-06-22 18:00:00,8.3343,81.88018,120.0,24.0,-131340.09205473543,896545.9283921068,-0.0334114106664808,0.0816853596038791,0.08825429358586057,False,337.75417742438594
2020-06-22 19:00:00,8.32937,81.88305,120.0,24.0,-131216.6366713217,896240.9052692403,-0.009884861984809824,0.09035038453203453,0.0908895069936307,False,353.75633812215585
2020-06-22 20:00:00,8.3298,81.88602,120.0,24.0,-131175.43483378735,895912.5776328644,0.01715856204067,0.09220859380129758,0.09379147627645176,False,10.541270634071566
2020-06-22 21:00:00,8.33719,81.88901,120.0,24.0,-131242.69500101535,895566.1095949506,0.050939869361417894,0.09375859760573713,0.1067030689134706,False,28.515621760313252
2020-06-22 22:00:00,8.35302,81.89208,120.0,24.0,-131440.44291899292,895191.4692060672,0.08697570515508114,0.10180610495162523,0.13390017286264025,False,40.50815956457893
2020-06-22 23:00:00,8.37685,81.89559,120.0,24.0,-131755.7921272385,894749.9086483251,0.1204110955280096,0.12037331585307887,0.1702602921873463,False,45.00898985069148
2020-06-23 00:00:00,8.40795,81.89986,120.0,24.0,-132171.89149518978,894207.72620171,0.15277584056572502,0.1407980376152323,0.20776078758241218,False,47.33636977535093
2020-06-23 01:00:00,8.44658,81.90469,120.0,24.0,-132695.7253709154,893586.2181814007,0.18538174326186752,0.15286797418258455,0.24028110259755406,False,50.49060552728241
2020-06-23 02:00:00,8.49261,81.90974,120.0,24.0,-133330.49100800333,892922.9577410948,0.21219306212589623,0.15348440930350943,0.2618842483113707,False,54.12086821365159
2020-06-23 03:00:00,8.54354,81.91461,120.0,24.0,-134043.5616781186,892267.620954735,0.22653264284063931,0.14218510071060364,0.26745773710335835,False,57.88522047583308
2020-06-23 04:00:00,8.59618,81.91893,120.0,24.0,-134791.34016308136,891668.2770236924,0.22609382504813788,0.11866192095045264,0.2553410840592431,False,62.30794511234586
2020-06-23 05:00:00,8.64696,81.92228,120.0,24.0,-135525.44866593493,891179.5351570555,0.21092860762344282,0.08291757297114995,0.22664112914780116,False,68.53984870040648
2020-06-23 06:00:00,8.6927,81.92429,120.0,24.0,-136203.00662218037,890849.7284973729,0.18614576580225467,0.03804956074814703,0.18999477676829638,False,78.44746502866906
2020-06-23 07:00:00,8.73216,81.92474,120.0,24.0,-136808.89850299136,890706.1667765228,0.156509167370154,-0.011149389629107918,0.15690579453927295,False,94.07474931932472
2020-06-23 08:00:00,8.76434,81.92357,120.0,24.0,-137328.99802244225,890757.997735255,0.12051670182413923,-0.0555521622732842,0.13270387391408658,False,114.74733442303528
2020-06-23 09:00:00,8.78732,81.92115,120.0,24.0,-137727.43131589287,890969.2568079053,0.07729391245488638,-0.086182972396781,0.11576637522928648,False,138.11239452898087
2020-06-23 10:00:00,8.79971,81.918,120.0,24.0,-137973.77658699016,891286.2142581621,0.0349948495796733,-0.09871017865387763,0.10472983752008976,False,160.47950496299825
2020-06-23 11:00:00,8.80333,81.91477,120.0,24.0,-138085.15392818255,891633.0589015455,0.002575881932382545,-0.09205475765686918,0.09209078984890123,False,178.39716419825425
2020-06-23 12:00:00,8.80089,81.91205,120.0,24.0,-138093.54065243504,891938.3620637674,-0.017044737699918794,-0.07364313483715546,0.07558990932593114,False,193.03166950677678
2020-06-23 13:00:00,8.79554,81.91001,120.0,24.0,-138045.00265291458,892175.8231689495,-0.024662743200438313,-0.05167407607235581,0.057257846974038254,False,205.51397517031788
2020-06-23 14:00:00,8.78962,81.90871,120.0,24.0,-137974.94736623086,892333.1924739262,-0.030248035070157688,-0.028466676084440732,0.04153667383050741,False,226.7377766368104
2020-06-23 15:00:00,8.78172,81.90817,120.0,24.0,-137861.09375217132,892411.6553617787,-0.04248496494002377,-0.0035570602323627297,0.04263361260146394,False,265.21406418800814
2020-06-23 16:00:00,8.77021,81.90848,120.0,24.0,-137676.5515643369,892405.2037330723,-0.055001198384426714,0.027539932252642077,0.061510809555745394,False,296.59782098878907
2020-06-23 17:00:00,8.75659,81.90995,120.0,24.0,-137439.48204565272,892276.0664973012,-0.059542472971974444,0.06730022407964571,0.08985892414662458,False,318.4998737273509
2020-06-23 18:00:00,8.743,81.91283,120.0,24.0,-137179.07451352378,891991.5550794404,-0.05571789218366878,0.1053590439327714,0.11918477943017135,False,332.1284014565996
2020-06-23 19:00:00,8.73112,81.91676,120.0,24.0,-136927.66783244064,891587.2747907767,-0.04463088533625422,0.13057718922095082,0.1379939066435249,False,341.1297282077668
2020-06-23 20:00:00,8.72259,81.92127,120.0,24.0,-136718.74251059565,891111.0732646165,-0.02592476176367078,0.1446567020970412,0.1469614055937654,False,349.8395553353998
2020-06-23 21:00:00,8.71926,81.92611,120.0,24.0,-136585.22008105184,890586.0995019365,0.0007769158676237224,0.15254884024164989,0.15255081860592484,False,0.2917991072538939
2020-06-23 22:00:00,8.72295,81.93113,120.0,24.0,-136557.76913203602,890024.5673012572,0.034148249713917875,0.15641964195501662,0.16010373933128386,False,12.315123267352362
2020-06-23 23:00:00,8.73491,81.93622,120.0,24.0,-136657.44450146798,889435.6173847314,0.07210274222362067,0.1581253249480557,0.17378844560584025,False,24.512264089802613
2020-06-24 00:00:00,8.75601,81.94135,120.0,24.0,-136897.99118769783,888820.4316760114,0.111319395431158,0.15735513146042376,0.19275021451631583,False,35.27713541681925
2020-06-24 01:00:00,8.78598,81.94639,120.0,24.0,-137277.13640578347,888193.8544964589,0.14783152249271936,0.1528704521807307,0.21265825681702666,False,44.03997176732821
2020-06-24 02:00:00,8.82387,81.95123,120.0,24.0,-137781.76806803842,887570.1011443869,0.1766642356256542,0.14296705712231178,0.22726599299369676,False,51.01818582147229
2020-06-24 03:00:00,8.86712,81.95563,120.0,24.0,-138376.1627184754,886981.5556749331,0.1932663364052963,0.1253252646910295,0.2303438706746975,False,57.03825128119263
2020-06-24 04:00:00,8.91268,81.95933,120.0,24.0,-139017.56489286976,886464.0503248852,0.19620666957491914,0.10087463091613387,0.220619011755895,False,62.7911995322267
2020-06-24 05:00:00,8.95732,81.96215,120.0,24.0,-139659.26884372375,886045.1615561359,0.1847911668766717,0.07085408967318711,0.1979092655209906,False,69.0217824688063
2020-06-24 06:00:00,8.99766,81.96391,120.0,24.0,-140252.40575426552,885752.9658162944,0.1579029729186392,0.03572889869809527,0.161894728322831,False,77.25030936481494
2020-06-24 07:00:00,9.02995,81.96446,120.0,24.0,-140741.9482810346,885613.2742900716,0.11634669399205325,-0.002332009088143315,0.11637006259888177,False,91.1482611600743
2020-06-24 08:00:00,9.05118,81.96376,120.0,24.0,-141082.3551831793,885638.0711549191,0.06939250728316784,-0.0382218754185537,0.07922267243381748,False,118.84627871868202
2020-06-24 09:00:00,9.06187,81.96199,120.0,24.0,-141278.6462480451,885806.4455874925,0.026980318363280506,-0.0671499113214282,0.07236745241791812,False,158.1101175738291
2020-06-24 10:00:00,9.06359,81.95942,120.0,24.0,-141350.3373482996,886084.9202751848,-0.0070091535110722815,-0.08818895600453888,0.08846705711230747,False,184.5442480974404
2020-06-24 11:00:00,9.05865,81.95629,120.0,24.0,-141328.83613435167,886441.4279480155,-0.03125090476597699,-0.10118426761901472,0.1059003071869414,False,197.16337768401263
2020-06-24 12:00:00,9.04923,81.95288,120.0,24.0,-141242.8403781715,886839.7868360035,-0.04920005074085286,-0.10412329090810264,0.11516208014114657,False,205.29154220206186
2020-06-24 13:00:00,9.03605,81.94956,120.0,24.0,-141096.91796958048,887237.5007089007,-0.06463643903076079,-0.09514921707848414,0.11502713923777187,False,214.18891701664404
2020-06-24 14:00:00,9.01955,81.94673,120.0,24.0,-140890.8284996778,887589.4502685793,-0.07783585943518354,-0.07395284606056507,0.10736593712379772,False,226.46540392695954
2020-06-24 15:00:00,9.00032,81.94478,120.0,24.0,-140626.90401767642,887851.2348578083,-0.08800576428864655,-0.042081476396057645,0.09754929627475932,False,244.44439934904307
2020-06-24 16:00:00,8.97916,81.94401,120.0,24.0,-140312.3879515354,887987.8332305952,-0.09313386958768494,-0.004331725788633984,0.09323455106710077,False,267.3370496321573
2020-06-24 17:00:00,8.95758,81.9445,120.0,24.0,-139969.42553962345,887986.699467632,-0.09132043486130424,0.033572534410255,0.09729612988184817,False,290.18516469685926
2020-06-24 18:00:00,8.93725,81.94618,120.0,24.0,-139625.26293051784,887851.434997951,-0.08274242552961869,0.06637161136926825,0.10607308696496805,False,308.7347479692288
2020-06-24 19:00:00,8.9196,81.94879,120.0,24.0,-139306.6737308375,887607.1763610141,-0.06797477949925042,0.09004295238391356,0.11281978515306365,False,322.9502958753227
2020-06-24 20:00:00,8.90604,81.952,120.0,24.0,-139041.2438356948,887286.8493337709,-0.04692031926828034,0.1053603142070576,0.11533565003955744,False,335.9950600647198
2020-06-24 21:00:00,8.89805,81.9556,120.0,24.0,-138855.47900036158,886910.028472768,-0.018765272531745262,0.11464470606455784,0.11617032358489641,False,350.7041459308976
2020-06-24 22:00:00,8.89742,81.95941,120.0,24.0,-138780.08322638055,886492.2399068547,0.019717290898912762,0.11882536427023398,0.12045015049532377,False,9.42153088798176
2020-06-24 23:00:00,8.90712,81.96328,120.0,24.0,-138863.41194340566,886042.8236725968,0.06955672582143346,0.11867681167296089,0.13755843753059097,False,30.374656067621117
2020-06-25 00:00:00,8.92942,81.96708,120.0,24.0,-139142.5514611023,885570.5295178037,0.12080888338422273,0.11713386101851221,0.16827099483169064,False,45.88486215864805
2020-06-25 01:00:00,8.96272,81.97085,120.0,24.0,-139591.7889394095,885074.669154069,0.16278370187751928,0.11574193110620276,0.19973664714604095,False,54.58653738437181
2020-06-25 02:00:00,9.00437,81.97456,120.0,24.0,-140170.4555546742,884564.7681718635,0.19252281014728062,0.11001474367627875,0.22173920774902028,False,60.25473522420242
2020-06-25 03:00:00,9.0514,81.97796,120.0,24.0,-140836.8982746927,884075.3763120279,0.20870304191039443,0.09562081578926486,0.22956545932447325,False,65.38431844637216
2020-06-25 04:00:00,9.10054,81.98074,120.0,24.0,-141546.09532351783,883648.4719401076,0.2081590391375822,0.07379734893385975,0.220853422623122,False,70.47936814099683
2020-06-25 05:00:00,9.14735,81.98273,120.0,24.0,-142232.73683066663,883313.6711781623,0.18908891686183357,0.047333847163045104,0.19492334792742486,False,75.94618532745227
2020-06-25 06:00:00,9.18772,81.9838,120.0,24.0,-142836.04283490256,883095.5686922262,0.15764018609087063,0.016698752693183532,0.15852216441959285,False,83.95323410002646
2020-06-25 07:00:00,9.22004,81.98381,120.0,24.0,-143333.98733806494,883013.7561576396,0.12040227726299471,-0.017028851740846163,0.12160053520329082,False,98.05011938057481
2020-06-25 08:00:00,9.24324,81.9827,120.0,24.0,-143711.38417678676,883077.6926419832,0.07829383043206686,-0.04843456573551246,0.09206427668598129,False,121.74199479001436
2020-06-25 09:00:00,9.25614,81.98068,120.0,24.0,-143946.39821738086,883267.409456648,0.03236109910313217,-0.07303107758133433,0.0798797785916662,False,156.10119340580843
2020-06-25 10:00:00,9.25816,81.97798,120.0,24.0,-144025.92810570612,883559.1920724957,-0.0104673183017083,-0.09267651814809447,0.09326575882114164,False,186.44394449865388
2020-06-25 11:00:00,9.25132,81.97469,120.0,24.0,-143979.36790296496,883938.1130659351,-0.04342676092301467,-0.10984862314886847,0.11812113939497365,False,201.57051124594955
2020-06-25 12:00:00,9.23816,81.97088,120.0,24.0,-143844.4733667225,884390.081443514,-0.06675151779540994,-0.12315404180760764,0.14008098779470718,False,208.45842167528673
2020-06-25 13:00:00,9.22059,81.96673,120.0,24.0,-143647.3417486351,884890.4777686086,-0.08273435652218734,-0.13011651667042223,0.1541923527921689,False,212.4501684453678
2020-06-25 14:00:00,9.20009,81.96247,120.0,24.0,-143406.59827186752,885410.265741834,-0.0948862616571503,-0.12764059699695793,0.15904566845094845,False,216.6266042776542
2020-06-25 15:00:00,9.17695,81.95848,120.0,24.0,-143119.88329942914,885906.8967680243,-0.10632900682045673,-0.11340597880255891,0.1554566618694457,False,223.155320996352
2020-06-25 16:00:00,9.15121,81.95514,120.0,24.0,-142781.05072099663,886338.433728366,-0.11696873495549083,-0.09019815904650036,0.1477071184894812,False,232.3630875831135
2020-06-25 17:00:00,9.1232,81.95265,120.0,24.0,-142391.71274360345,886681.9975918533,-0.12599278347384876,-0.0609566694872582,0.13996391335793298,False,244.18180139528235
2020-06-25 18:00:00,9.09333,81.9512,120.0,24.0,-141954.96754000336,886915.6051420392,-0.1327400292952409,-0.0247533611298683,0.1350283091226691,False,259.4368118262264
2020-06-25 19:00:00,9.06223,81.95105,120.0,24.0,-141476.16303069965,887009.0281743297,-0.13472267239115185,0.01701853791260584,0.13579333226965318,False,277.1996259527465
2020-06-25 20:00:00,9.03145,81.9523,120.0,24.0,-140977.77212876908,886947.3835660256,-0.12269132118838781,0.053836126548603376,0.13398316616914746,False,293.69154288612856
2020-06-25 21:00:00,9.00587,81.95453,120.0,24.0,-140542.8900632564,886764.883240944,-0.08956335697175469,0.07595857801424752,0.11743636781677337,False,310.3012382165849
2020-06-25 22:00:00,8.9903,81.95721,120.0,24.0,-140255.25592167315,886508.1668226315,-0.0433258888923764,0.08462649319227475,0.09507247760701658,False,332.88909614308847
2020-06-25 23:00:00,8.98596,81.96,120.0,24.0,-140139.56066836035,886211.8049942496,0.005494372895763804,0.08432199099336561,0.08450080649676034,False,3.7280901314599078
2020-06-26 00:00:00,8.99283,81.96266,120.0,24.0,-140199.5025889954,885902.3209745687,0.05197919642626976,0.07875634348359493,0.09436312044451858,False,33.424816111922155
2020-06-26 01:00:00,9.00987,81.96509,120.0,24.0,-140420.57516566315,885593.2301236421,0.09311125424196753,0.07117775067501048,0.1172005881284999,False,52.60434137517791
2020-06-26 02:00:00,9.03567,81.96726,120.0,24.0,-140781.3750967246,885291.1765751913,0.1274213886198141,0.06282373341411972,0.14206699742688333,False,63.75489811557031
2020-06-26 03:00:00,9.06851,81.96915,120.0,24.0,-141255.58624338714,885002.4299320314,0.15378968276737276,0.05276609076471325,0.162590057691973,False,71.06262193148274
2020-06-26 04:00:00,9.10646,81.97067,120.0,24.0,-141814.93981284305,884741.4842157466,0.1709712720196611,0.03249524071541143,0.1740319411061472,False,79.2385724239499
2020-06-26 05:00:00,9.14722,81.97125,120.0,24.0,-142434.03431015045,884576.5845673663,0.17735066645161843,-0.0038677815399609725,0.17739283701681438,False,91.24934650240931
2020-06-26 06:00:00,9.18811,81.97042,120.0,24.0,-143080.05317053155,884565.9830883668,0.16950064469473342,-0.042862777324887316,0.1748361696901792,False,104.19126980715424
2020-06-26 07:00:00,9.22525,81.96848,120.0,24.0,-143688.0584876695,884686.3671546062,0.14537354554836443,-0.07148956174470245,0.16200069501008943,False,116.18632561404945
2020-06-26 08:00:00,9.25502,81.9658,120.0,24.0,-144195.72324338093,884906.2490462203,0.11051446822992492,-0.09686235107843313,0.1469549684242922,False,131.23351530056357
2020-06-26 09:00:00,9.2761,81.96222,120.0,24.0,-144585.56801337894,885246.7250687468,0.07076860002310256,-0.12764864383781882,0.14595331795770933,False,150.99594809575893
2020-06-26 10:00:00,9.28757,81.95755,120.0,24.0,-144846.74092239863,885731.1677667205,0.025745119029521264,-0.1587431320366559,0.1608172662454234,False,170.7879220941261
2020-06-26 11:00:00,9.28794,81.95196,120.0,24.0,-144952.96335099087,886344.7764142582,-0.024534395448535775,-0.18333756272742815,0.18497188561199993,False,187.62208849385183
2020-06-26 12:00:00,9.27631,81.9457,120.0,24.0,-144885.45694054605,887062.4024772283,-0.07220346952502557,-0.2026727462211837,0.21515014076752917,False,199.60876831713875
2020-06-26 13:00:00,9.25481,81.93886,120.0,24.0,-144675.12085936638,887868.7368915394,-0.10898261423128174,-0.21798830718313508,0.24371317624054148,False,206.5626247326485
2020-06-26 14:00:00,9.22634,81.93161,120.0,24.0,-144363.41437872764,888737.6833563335,-0.13303692573883596,-0.2238684351049733,0.2604148610321427,False,210.72148660936136
2020-06-26 15:00:00,9.19386,81.92439,120.0,24.0,-143988.0836007029,889613.3159391165,-0.1455983984665247,-0.21505116745247144,0.25970348141426175,False,214.09960029272224
2020-06-26 16:00:00,9.15969,81.91771,120.0,24.0,-143575.96430148484,890433.6543883918,-0.15446219533659306,-0.19462701839409022,0.24847182149526204,False,218.43663458935796
2020-06-26 17:00:00,9.12321,81.91181,120.0,24.0,-143113.20766225428,891173.797521502,-0.16559969156624685,-0.16770530855614363,0.23568692870998897,False,224.63804514826612
2020-06-26 18:00:00,9.084,81.90687,120.0,24.0,-142590.1851388465,891814.9091747858,-0.17053144071926368,-0.13413680214538806,0.21696463758773854,False,231.81208002954352
2020-06-26 19:00:00,9.04531,81.90314,120.0,24.0,-142053.26114367516,892321.3216385575,-0.1609686318931511,-0.09329706736535551,0.18605172192841557,False,239.9035128175132
2020-06-26 20:00:00,9.0105,81.90084,120.0,24.0,-141551.23137550527,892660.5032185287,-0.14416880468709148,-0.04827501157249546,0.15203657779373128,False,251.48684685016894
2020-06-26 21:00:00,8.9795,81.90002,120.0,24.0,-141082.4916337076,892827.1817283998,-0.12738128663795353,-0.004181518952871825,0.12744990108389143,False,268.11983854410187
2020-06-26 22:00:00,8.95236,81.90057,120.0,24.0,-140650.0255389821,892833.3901837344,-0.10154975804222262,0.02691289178704185,0.10505549534781597,False,284.8433899871362
2020-06-26 23:00:00,8.93315,81.90176,120.0,24.0,-140330.0866906619,892749.5472908849,-0.05904207074088877,0.03573262564008436,0.06901294554289454,False,301.18258498567366
2020-06-27 00:00:00,8.92541,81.90288,120.0,24.0,-140190.1288935191,892645.2467927852,-0.01454664196186627,0.03496387988801372,0.037869218227871815,False,337.4103594771299
2020-06-27 01:00:00,8.92651,81.90402,120.0,24.0,-140187.56201996334,892517.1052429463,0.016708253555777253,0.03651294618331647,0.04015421492035311,False,24.58874079466392
2020-06-27 02:00:00,8.93304,81.90524,120.0,24.0,-140268.17879504594,892366.8711367721,0.04020333929147095,0.02877840472512059,0.04944193633655517,False,54.404107537289235
2020-06-27 03:00:00,8.94487,81.90588,120.0,24.0,-140441.3402725749,892267.466020741,0.06328245077448731,0.001395307519169487,0.06329783139333021,False,88.73689657154017
2020-06-27 04:00:00,8.96194,81.90533,120.0,24.0,-140716.7091826237,892286.103341092,0.07959940940159353,-0.02800144647401323,0.08438096338463744,False,109.38083067590628
2020-06-27 05:00:00,8.98122,81.90407,120.0,24.0,-141038.86597987948,892377.3361651957,0.08138207283542323,-0.04177336998075527,0.09147708029085318,False,117.17140282744379
2020-06-27 06:00:00,8.9991,81.90263,120.0,24.0,-141342.42924235034,892491.7108342063,0.06910821115582011,-0.05291415853544108,0.08703937627689672,False,127.44023595746114
2020-06-27 07:00:00,9.01277,81.90065,120.0,24.0,-141589.9130935914,892675.7977191102,0.04587722050405439,-0.07689448230069235,0.08954038624815686,False,149.17861394252782
2020-06-27 08:00:00,9.02004,81.89766,120.0,24.0,-141755.3972602396,892986.7700420693,0.016695755569881714,-0.10737100365469641,0.1086613117897353,False,171.16152026754577
2020-06-27 09:00:00,9.02039,81.89371,120.0,24.0,-141829.83801128622,893420.4623847909,-0.013099668891211615,-0.13444345277232772,0.13508013665378227,False,185.56512011862281
2020-06-27 10:00:00,9.01407,81.88897,120.0,24.0,-141814.01378385478,893957.5790308953,-0.039239111612228775,-0.15501855894401673,0.15990766553607283,False,194.20464966795052
2020-06-27 11:00:00,9.00251,81.88369,120.0,24.0,-141725.6780522203,894567.0762809835,-0.05878122180221175,-0.16894187623127807,0.17887590553538868,False,199.18470472388285
2020-06-27 12:00:00,8.9873,81.87805,120.0,24.0,-141586.33910855532,895225.2017847585,-0.07268507763711003,-0.18178232900258778,0.19577521714639412,False,201.79384075773532
2020-06-27 13:00:00,8.96943,81.87194,120.0,24.0,-141413.23046076257,895941.5931730666,-0.08316166918106271,-0.19771679937034406,0.21449427958393996,False,202.81211042931602
2020-06-27 14:00:00,8.94948,81.86527,120.0,24.0,-141216.8407564731,896724.7067401063,-0.09343941185976193,-0.20916378879454597,0.22908604111029474,False,204.07167361855107
2020-06-27 15:00:00,8.92697,81.85842,120.0,24.0,-140982.93243191528,897533.8959960672,-0.10653201582622059,-0.20668650901833593,0.23252609188257728,False,207.26784645848613
2020-06-27 16:00:00,8.90111,81.85191,120.0,24.0,-140690.02452504274,898313.8479088129,-0.1231222958186857,-0.18796473831079044,0.22469944943392248,False,213.22594898893038
2020-06-27 17:00:00,8.87111,81.84627,120.0,24.0,-140316.53050698957,899008.1082988209,-0.14186074257127018,-0.1533088764719047,0.20887336328012224,False,222.778900295512
2020-06-27 18:00:00,8.83679,81.842,120.0,24.0,-139851.06851672748,899561.9795449728,-0.15560888798703806,-0.1061258668057184,0.18835292837072548,False,235.70586006611362
2020-06-27 19:00:00,8.80059,81.83941,120.0,24.0,-139326.82780389918,899935.2583405825,-0.1578183974385295,-0.0529106522935114,0.1664517458490313,False,251.46560884369015
2020-06-27 20:00:00,8.76529,81.83858,120.0,24.0,-138786.43870222723,900112.2993800575,-0.1505102087182004,-0.005727292309212484,0.15061913824475098,False,267.82080277909245
2020-06-27 21:00:00,8.73241,81.83904,120.0,24.0,-138262.09456737794,900141.1511402838,-0.1363804814684316,0.02443877921866976,0.13855284066109977,False,280.15932393924766
2020-06-27 22:00:00,8.70351,81.84016,120.0,24.0,-137789.1675963788,900087.4578589982,-0.11248462025909593,0.03727740664119046,0.11850061114072655,False,288.3351980114411
2020-06-27 23:00:00,8.68145,81.84145,120.0,24.0,-137420.91723233776,899998.3980683101,-0.07658509106598457,0.03588550002544345,0.08457567786108044,False,295.1063935947035
2020-06-28 00:00:00,8.66881,81.84248,120.0,24.0,-137205.07316757477,899915.2731737072,-0.035000595087858376,0.027070694837284845,0.044247758988197536,False,307.71963109865544
2020-06-28 01:00:00,8.66559,81.8432,120.0,24.0,-137142.41461416738,899843.6984544483,0.004147001532699939,0.017172689426406165,0.017666320608661492,False,13.576328637543327
2020-06-28 02:00:00,8.67069,81.84359,120.0,24.0,-137215.96173999252,899788.5425731034,0.034706805426823674,0.005261686857121238,0.0351033857557615,False,81.37938140761264
2020-06-28 03:00:00,8.68132,81.84354,120.0,24.0,-137383.73643653758,899768.5752331634,0.051829949449566606,-0.010828426686265642,0.05294901778545528,False,101.80062082420312
2020-06-28 04:00:00,8.69418,81.84289,120.0,24.0,-137596.62983201636,899809.2874314671,0.054107111958904955,-0.032952974223612035,0.06335201713217595,False,121.34276114915036
2020-06-28 05:00:00,8.70584,81.84141,120.0,24.0,-137804.6957086407,899944.2225918787,0.04195443494300791,-0.06111043945973913,0.074125976704186,False,145.5290517561823
2020-06-28 06:00:00,8.71319,81.83894,120.0,24.0,-137961.8197915447,900198.4910924908,0.019666300781906766,-0.08601738657178438,0.0882369207253076,False,167.121716985769
2020-06-28 07:00:00,8.71475,81.83585,120.0,24.0,-138038.47947105617,900534.9498124083,-0.006763303308400312,-0.09901111844164726,0.09924184524033862,False,183.90771976643003
2020-06-28 08:00:00,8.71013,81.83254,120.0,24.0,-138021.69843210094,900910.5190395677,-0.028394003626544175,-0.10690032504569211,0.11060695700008581,False,194.87498348605294
2020-06-28 09:00:00,8.7019,81.82894,120.0,24.0,-137952.95768446414,901326.7145153995,-0.03908080748077527,-0.11834868665517459,0.12463434978509785,False,198.2741272469264
2020-06-28 10:00:00,8.69245,81.82489,120.0,24.0,-137872.47451247356,901795.3920960216,-0.04746228250700463,-0.1373763311733569,0.14534415924771985,False,199.05956917995496
2020-06-28 11:00:00,8.68044,81.82006,120.0,24.0,-137764.63909619232,902356.1086099994,-0.06280714734371204,-0.16522121742306967,0.17675629675973645,False,200.8137859444637
2020-06-28 12:00:00,8.66407,81.81421,120.0,24.0,-137604.98025137922,903039.6079025558,-0.08191827642357341,-0.19399470953761497,0.2105814601069918,False,202.89290759700881
2020-06-28 13:00:00,8.64345,81.80752,120.0,24.0,-137391.9675966681,903825.7811908653,-0.09951297790546343,-0.21472384163304914,0.23666254654521915,False,204.8651918770923
2020-06-28 14:00:00,8.61917,81.80033,120.0,24.0,-137128.96679022087,904675.7393421975,-0.11439142084313639,-0.22446920362039807,0.25193614376759693,False,207.00377892182814
2020-06-28 15:00:00,8.59188,81.79301,120.0,24.0,-136819.8614875307,905547.1393106356,-0.12634374766320508,-0.22199334052672645,0.2554286315427438,False,209.64563476388315
2020-06-28 16:00:00,8.56226,81.78598,120.0,24.0,-136468.2867247743,906392.0550787697,-0.1350450963641068,-0.2062136413301297,0.24649795926664844,False,213.21996912097197
2020-06-28 17:00:00,8.5311,81.77968,120.0,24.0,-136079.42748860185,907160.0932399774,-0.13979024590589706,-0.17728510238353265,0.22576828913195676,False,218.25596708292426
2020-06-28 18:00:00,8.49939,81.77452,120.0,24.0,-135662.2902176897,907803.6934456826,-0.13855976906272732,-0.1361365930858252,0.19424721768852157,False,225.50540951598268
2020-06-28 19:00:00,8.46882,81.77088,120.0,24.0,-135237.6237100371,908276.9604314945,-0.1295816295250356,-0.08555170578319876,0.15527553919654757,False,236.56661803045583
2020-06-28 20:00:00,8.44117,81.76899,120.0,24.0,-134830.19060031808,908550.3514582043,-0.11282722511989615,-0.034038227434426166,0.11784983519349294,False,253.21225010101304
2020-06-28 21:00:00,8.41814,81.76868,120.0,24.0,-134470.04338698534,908638.6296510113,-0.08890162213554612,0.009586550920079148,0.08941700272808686,False,276.1546084051522
2020-06-28 22:00:00,8.40124,81.76961,120.0,24.0,-134186.89051630258,908575.7789520414,-0.05959900277172223,0.039753876035832095,0.07164085280938565,False,303.7041799423472
2020-06-28 23:00:00,8.39137,81.77125,120.0,24.0,-134003.7161355544,908418.1684938167,-0.02780455698601875,0.05321459910215068,0.060040710745221694,False,332.41299241302477
2020-06-29 00:00:00,8.38875,81.77305,120.0,24.0,-133932.92699818517,908225.9506072963,0.0005095094139427091,0.049194266543161135,0.049196904989668604,False,0.5933962904892951
2020-06-29 01:00:00,8.3916,81.77443,120.0,24.0,-133955.6717344656,908067.224159485,0.019736344359401352,0.029083957005530615,0.035148255202391294,False,34.160776492014236
2020-06-29 02:00:00,8.39762,81.77493,120.0,24.0,-134042.94722906608,907998.0500221762,0.028813860955728035,0.0032489088929396684,0.02899644792333452,False,83.56678192836824
2020-06-29 03:00:00,8.40455,81.77464,120.0,24.0,-134157.49099843172,908013.784986154,0.028235803550773594,-0.017635978061261194,0.0332909646050571,False,121.98874662951278
2020-06-29 04:00:00,8.41031,81.77379,120.0,24.0,-134262.6212031372,908093.9510745653,0.020271243190770838,-0.028310337290752653,0.03481951317889946,False,144.39594277690128
2020-06-29 05:00:00,8.41366,81.77281,120.0,24.0,-134331.68741113777,908194.0801550783,0.007921850660178194,-0.026453726352580385,0.027614404860857887,False,163.32910973437663
2020-06-29 06:00:00,8.41387,81.77208,120.0,24.0,-134346.91355533767,908274.0223632434,-0.0046965254984751926,-0.019027849585688792,0.019598888019819512,False,193.86483607695732
2020-06-29 07:00:00,8.41155,81.77158,120.0,24.0,-134318.28263899632,908334.5540204835,-0.014401081830182927,-0.013458561202831178,0.01971101284891209,False,226.93763665543318
2020-06-29 08:00:00,8.4074,81.77121,120.0,24.0,-134258.51615901102,908385.049323527,-0.023505921401196683,-0.01237543241741681,0.02656463190856006,False,242.23402559076754
2020-06-29 09:00:00,8.40099,81.77078,120.0,24.0,-134163.8866152294,908447.4446837677,-0.034548728837736055,-0.016551941127260463,0.03830902529931702,False,244.40139763726194
2020-06-29 10:00:00,8.39188,81.77014,120.0,24.0,-134029.84578800757,908539.287069251,-0.04483695603483176,-0.025060417336928046,0.05136513548673302,False,240.79816008022823
2020-06-29 11:00:00,8.38085,81.76916,120.0,24.0,-133870.8502168921,908673.0619268415,-0.052011956450204504,-0.03712704098013112,0.06390352717744385,False,234.48009250110684
2020-06-29 12:00:00,8.36852,81.76774,120.0,24.0,-133698.32055164338,908858.3293748866,-0.06032915687443313,-0.0555354090796153,0.08199871237294022,False,227.36918815307027
2020-06-29 13:00:00,8.35376,81.76557,120.0,24.0,-133499.29994190385,909131.8773648401,-0.07395759786027839,-0.08183289662588118,0.1103011752042779,False,222.10612879849478
2020-06-29 14:00:00,8.33532,81.76245,120.0,24.0,-133257.0768947076,909518.6380757295,-0.089783727060554,-0.10627467729930848,0.13912377467548892,False,220.19202966642908
2020-06-29 15:00:00,8.31347,81.7587,120.0,24.0,-132970.61060798078,909982.684513144,-0.10359885234440894,-0.11865037834693697,0.15751391839754966,False,221.12563749902603
2020-06-29 16:00:00,8.28885,81.75478,120.0,24.0,-132642.5230694274,910471.7943523917,-0.11452868186227011,-0.11756759354124921,0.16413091731964902,False,224.24985067370662
2020-06-29 17:00:00,8.26212,81.7511,120.0,24.0,-132276.65064503902,910939.2069402728,-0.12182691452918602,-0.10302673182125541,0.159550319878935,False,229.77942668896057
2020-06-29 18:00:00,8.23425,81.74812,120.0,24.0,-131881.0702885875,911331.9364869485,-0.12255766126807456,-0.07394573063785362,0.1431375262293788,False,238.89512515567793
2020-06-29 19:00:00,8.20721,81.74632,120.0,24.0,-131479.58444237045,911592.5074881989,-0.11403107977338879,-0.03156100142340266,0.1183181472350416,False,254.52921901866063
2020-06-29 20:00:00,8.18317,81.74608,120.0,24.0,-131100.8944030456,911674.0523801359,-0.09622134848187479,0.014846646854983157,0.09736000629882359,False,278.77138408115627
2020-06-29 21:00:00,8.16411,81.74728,120.0,24.0,-130778.62933769576,911585.31103931,-0.07020626272923958,0.05522247388335838,0.0893221190310956,False,308.18769663317244
2020-06-29 22:00:00,8.15172,81.74965,120.0,24.0,-130544.06921064353,911352.2634992506,-0.038189085436878864,0.08198657231629003,0.09044448179230996,False,335.02404553047336
2020-06-29 23:00:00,8.147,81.75258,120.0,24.0,-130422.74414209648,911039.9602184847,-0.003352584504411322,0.08879569799353586,0.08885896581110117,False,357.83775848531036
2020-06-30 00:00:00,8.15022,81.75539,120.0,24.0,-130429.57278571543,910722.8075087232,0.027673935936054432,0.07487479079595247,0.07982531570204088,False,20.284456062897334
2020-06-30 01:00:00,8.15941,81.75742,120.0,24.0,-130543.55656696382,910478.0589474115,0.04845235819601413,0.04316193181218859,0.06488900810241188,False,48.30497393457313
2020-06-30 02:00:00,8.17195,81.75818,120.0,24.0,-130730.79199992864,910365.6750024739,0.05620757545595173,0.0064973493318575696,0.056581861819638785,False,83.40612500302262
2020-06-30 03:00:00,8.18462,81.75784,120.0,24.0,-130937.49217381934,910374.2280028899,0.050255188159916274,-0.022741724700059737,0.055161308716544205,False,114.34793670319561
2020-06-30 04:00:00,8.19449,81.75671,120.0,24.0,-131112.25447017877,910476.2353005863,0.03503019313236379,-0.043780525734614106,0.05607003535302894,False,141.33558560540536
2020-06-30 05:00:00,8.20033,81.75501,120.0,24.0,-131232.06386797255,910650.2798859461,0.016524584476129082,-0.05816668203070012,0.06046837843509034,False,164.140671195329
2020-06-30 06:00:00,8.2019,81.75295,120.0,24.0,-131289.75038787507,910873.783109465,0.002296600280722181,-0.06265224272285781,0.06269432104308414,False,177.9006878514963
2020-06-30 07:00:00,8.20136,81.75096,120.0,24.0,-131312.7844248912,911094.4030102742,-0.0020750578170630673,-0.05553608171450904,0.055574834566958276,False,182.139811996707
2020-06-30 08:00:00,8.20097,81.74936,120.0,24.0,-131332.00373899724,911271.6847564741,-0.0010934527023342003,-0.045016662579916496,0.04502994058008845,False,181.39143829107468
2020-06-30 09:00:00,8.20087,81.74805,120.0,24.0,-131351.22639168365,911416.3314998972,-0.0006696794909030945,-0.03929285370364076,0.03929856006008683,False,180.9764140383271
2020-06-30 10:00:00,8.20067,81.74682,120.0,24.0,-131367.58654918472,911552.3880840513,-0.002277391401485341,-0.04099446297999337,0.041057672932274254,False,183.17972037422442
2020-06-30 11:00:00,8.19985,81.7454,120.0,24.0,-131377.0986336465,911710.8123995132,-0.0066100529952755616,-0.050121419051462286,0.05055540968415386,False,187.5128576991077
2020-06-30 12:00:00,8.19771,81.74358,120.0,24.0,-131371.95089305675,911916.3608686165,-0.015568746883964799,-0.06636411902528956,0.06816584315872402,False,193.20260497513368
2020-06-30 13:00:00,8.19288,81.74111,120.0,24.0,-131334.28134136577,912199.7351943981,-0.030543797495119172,-0.0884847574918765,0.09360809726631047,False,199.0440139895278
2020-06-30 14:00:00,8.18404,81.73786,120.0,24.0,-131245.06916136717,912578.2881874833,-0.04973270046126697,-0.10859402627235144,0.11944037858785553,False,204.60631276624696
2020-06-30 15:00:00,8.17063,81.73409,120.0,24.0,-131091.15527435686,913024.622680562,-0.06987811004248128,-0.11911228659988156,0.13809665847572652,False,210.39833475134577
2020-06-30 16:00:00,8.15279,81.73016,120.0,24.0,-130868.93850363685,913498.6957855911,-0.08505143346129879,-0.11741130940019168,0.14497986725366138,False,215.9191499141266
2020-06-30 17:00:00,8.13261,81.7265,120.0,24.0,-130604.85745215903,913948.2826729198,-0.0907463085638794,-0.10209791088401361,0.1365974960416581,False,221.6312225670947
2020-06-30 18:00:00,8.11224,81.72356,120.0,24.0,-130326.12725022921,914318.8372801628,-0.09057372197019034,-0.07146873425474753,0.11537495000002845,False,231.72419451479212
2020-06-30 19:00:00,8.09215,81.72188,120.0,24.0,-130031.8652430962,914549.7324382783,-0.08767907447985265,-0.026143998180191454,0.09149387270462106,False,253.39656077110064
2020-06-30 20:00:00,8.07308,81.72187,120.0,24.0,-129727.62095372229,914594.0635998567,-0.07498630621668796,0.02149936529433935,0.07800749212788692,False,285.9981558233384
2020-06-30 21:00:00,8.05866,81.72327,120.0,24.0,-129475.57553583715,914472.2926962498,-0.04641279571569325,0.058470938781775006,0.07465251695802864,False,321.55831670471224
2020-06-30 22:00:00,8.05235,81.72565,120.0,24.0,-129337.73137465223,914224.0766441525,-0.009943127872067472,0.08044013796353655,0.08105233856881046,False,352.95346733295605
2020-06-30 23:00:00,8.05422,81.72847,120.0,24.0,-129323.56212598424,913908.862266898,0.024002757586567204,0.08554735979853549,0.08885090399236012,False,15.672982529032026
2020-07-01 00:00:00,8.06308,81.73118,120.0,24.0,-129422.5469385561,913589.9975275506,0.04925154876226516,0.07425518981938876,0.08910414283631957,False,33.555288582097035
2020-07-01 01:00:00,8.07624,81.73327,120.0,24.0,-129599.6777006217,913329.7712794096,0.062011828948945094,0.04842019084845127,0.07867643745997698,False,52.016504246340105
2020-07-01 02:00:00,8.09081,81.73431,120.0,24.0,-129815.62525717095,913182.1028198899,0.06357073193011901,0.012684576094843388,0.06482388779483167,False,78.71569622165538
2020-07-01 03:00:00,8.10467,81.73409,120.0,24.0,-130039.97718608977,913174.9322805513,0.05614788894399838,-0.02629938358406517,0.062001959725232654,False,115.09815100215212
2020-07-01 04:00:00,8.11592,81.73261,120.0,24.0,-130242.54804112152,913312.5731006834,0.040208936734769066,-0.05878553471798257,0.07122146927310469,False,145.62811710610623
2020-07-01 05:00:00,8.12265,81.73029,120.0,24.0,-130386.33569037233,913553.0778431635,0.017265789432841985,-0.07641989229222154,0.07834607471146196,False,167.26873565898148
2020-07-01 06:00:00,8.12364,81.72767,120.0,24.0,-130443.357061971,913839.7118167136,-0.004858495757749073,-0.07796566960637866,0.07811690353693664,False,183.565823402236
2020-07-01 07:00:00,8.12048,81.72525,120.0,24.0,-130431.03014013582,914113.7409132937,-0.018488997592241464,-0.06620867681733092,0.06874177709273803,False,195.60257123005658
2020-07-01 08:00:00,8.11538,81.72339,120.0,24.0,-130378.90770643104,914330.4384933807,-0.02321581845448041,-0.0485737893028383,0.053836671830156085,False,205.5454444034383
2020-07-01 09:00:00,8.11011,81.72211,120.0,24.0,-130314.9206690433,914483.566527496,-0.02109203278216944,-0.0324858548029366,0.03873247486491909,False,212.9943824745396
2020-07-01 10:00:00,8.10596,81.72129,120.0,24.0,-130261.56127990206,914583.4215424567,-0.01639194668135556,-0.02274007931387708,0.028032251482994083,False,215.78555140516556
2020-07-01 11:00:00,8.10279,81.72064,120.0,24.0,-130221.16423006392,914662.3008874184,-0.013638991132839198,-0.02212118297847833,0.02598785900163739,False,211.65623783318387
2020-07-01 12:00:00,8.09987,81.71986,120.0,24.0,-130186.79027403306,914754.945348607,-0.015858244122749728,-0.029546245874968725,0.033533036724413025,False,208.22362054023597
2020-07-01 13:00:00,8.09571,81.71873,120.0,24.0,-130138.09778796027,914888.9993844798,-0.025269901885850755,-0.04238527275133516,0.04934652254744602,False,210.80319976971907
2020-07-01 14:00:00,8.08859,81.71712,120.0,24.0,-130049.63695555108,915082.7005583211,-0.04223715008920855,-0.05708001342546076,0.0710077797167966,False,216.50010507265284
2020-07-01 15:00:00,8.07686,81.71504,120.0,24.0,-129894.84167157322,915338.6761279873,-0.0651304370737749,-0.0699179498907617,0.0955536161029399,False,222.9696946928614
2020-07-01 16:00:00,8.05953,81.7126,120.0,24.0,-129656.07915164721,915647.0028183169,-0.08637616571435092,-0.0745588834750213,0.1141046410473948,False,229.1996285345405
2020-07-01 17:00:00,8.03833,81.71022,120.0,24.0,-129354.33965255413,915957.3905871878,-0.09857280651669004,-0.06605227060190946,0.11865707158127864,False,236.17450890088557
2020-07-01 18:00:00,8.01557,81.70833,120.0,24.0,-129019.83064519022,916217.1511770922,-0.1011483730127758,-0.04424231804556755,0.11040097856983326,False,246.37542217214218
2020-07-01 19:00:00,7.99323,81.70736,120.0,24.0,-128677.60496550369,916374.374494274,-0.09525936954290265,-0.01144904791731479,0.09594492265838907,False,263.1465993449767
2020-07-01 20:00:00,7.9731,81.70759,120.0,24.0,-128352.08955636024,916394.1574915072,-0.08193615322736984,0.02103545153500483,0.08459328239866666,False,284.3985718554668
2020-07-01 21:00:00,7.9567,81.70872,120.0,24.0,-128072.35935854564,916306.212850275,-0.06290976798414827,0.04315650258141161,0.07628972816099658,False,304.45037129043305
2020-07-01 22:00:00,7.94505,81.71038,120.0,24.0,-127860.48753345812,916149.1215597573,-0.043367958085600115,0.05522365758720017,0.07021703600852644,False,321.85692666654006
2020-07-01 23:00:00,7.93736,81.71229,120.0,24.0,-127708.14829632494,915955.5792743078,-0.028136242108621062,0.059246534450084154,0.0655881084064783,False,334.59690726017163
2020-07-02 00:00:00,7.9325,81.71421,120.0,24.0,-127600.94147846434,915754.6077380874,-0.01701288048047707,0.05259519641360676,0.05527832113974583,False,342.0752482824349
2020-07-02 01:00:00,7.92977,81.71569,120.0,24.0,-127534.56664777138,915597.4221503848,-0.010129666692401947,0.03202133000864113,0.03358534982431266,False,342.4456899444032
2020-07-02 02:00:00,7.92798,81.71628,120.0,24.0,-127496.89829303426,915536.3205945434,-0.014072842214555433,3.3158354018937575e-07,0.01407284221846181,False,270.00135000002956
2020-07-02 03:00:00,7.92349,81.71569,120.0,24.0,-127434.21029096143,915611.3952905914,-0.03397692256791404,-0.03929013654162085,0.051943681970430595,False,220.85225927592222
2020-07-02 04:00:00,7.91282,81.71374,120.0,24.0,-127293.5963844194,915850.2317724323,-0.062275625217931486,-0.078580336654762,0.10026526220511267,False,218.39714184583679
2020-07-02 05:00:00,7.89571,81.71061,120.0,24.0,-127067.98354829643,916233.514137092,-0.08988071277873566,-0.1107550696250885,0.14263669926520237,False,219.06025726140317
2020-07-02 06:00:00,7.87274,81.70658,120.0,24.0,-126762.1344676201,916729.0064018646,-0.11464705439645098,-0.13658773759299545,0.17832598560657326,False,220.00894287330323
2020-07-02 07:00:00,7.84461,81.70178,120.0,24.0,-126385.00877339902,917320.7425413954,-0.13590188005848164,-0.15731601997654165,0.2078885546264863,False,220.8230194732395
2020-07-02 08:00:00,7.8122,81.69641,120.0,24.0,-125947.39316562482,917984.6335942126,-0.15181673921160732,-0.1638138957235544,0.223345729166628,False,222.82322877832684
2020-07-02 09:00:00,7.77702,81.69119,120.0,24.0,-125462.39312989773,918637.8345694372,-0.16071382045088173,-0.14973858261951978,0.21966013568424517,False,227.02470016655147
2020-07-02 10:00:00,7.74069,81.68673,120.0,24.0,-124946.78575883014,919209.4171000996,-0.1627783688111351,-0.12854761043271093,0.2074157310831894,False,231.70151727354218
2020-07-02 11:00:00,7.70463,81.68288,120.0,24.0,-124425.72970340803,919712.800792413,-0.1591886444900902,-0.11462672013103548,0.196163986252806,False,234.2435300021406
2020-07-02 12:00:00,7.66993,81.67932,120.0,24.0,-123921.62116088711,920180.9400240384,-0.153045301914884,-0.10642790365453246,0.18641288344563645,False,235.18519798126815
2020-07-02 13:00:00,7.63663,81.676,120.0,24.0,-123435.93454997311,920619.2958415408,-0.1477263781712567,-0.10070358530322929,0.17878561155898962,False,235.71813940231976
2020-07-02 14:00:00,7.60432,81.67281,120.0,24.0,-122963.77884171387,921040.9209187354,-0.14564963051503035,-0.10673485868872427,0.18057171685639697,False,233.76531963836587
2020-07-02 15:00:00,7.57197,81.6691,120.0,24.0,-122498.17501126936,921519.8010334536,-0.14900997962996743,-0.12947188986716557,0.1974004668056759,False,229.0132548840152
2020-07-02 16:00:00,7.5382,81.66444,120.0,24.0,-122023.09933449366,922106.363764201,-0.16036337764537364,-0.14741207998665992,0.21782271280981272,False,227.4096046071726
2020-07-02 17:00:00,7.50085,81.65957,120.0,24.0,-121492.77506379246,922723.466122821,-0.18048185612713466,-0.1384364509812798,0.22746065890915734,False,232.51042128324053
2020-07-02 18:00:00,7.4582,81.65549,120.0,24.0,-120864.86528404907,923264.2109123371,-0.20290651037116825,-0.10626148632223083,0.2290470594144676,False,242.35909377226153
2020-07-02 19:00:00,7.41095,81.6527,120.0,24.0,-120143.51780579341,923671.7085628342,-0.21881553024714379,-0.06047769274575146,0.2270193551157879,False,254.54991135274744
2020-07-02 20:00:00,7.36128,81.65158,120.0,24.0,-119358.71932327788,923899.2252853168,-0.21739444089390378,-0.004182330502529887,0.2174346679350039,False,268.89785438786
2020-07-02 21:00:00,7.31467,81.65243,120.0,24.0,-118595.03679057868,923902.1201567019,-0.19184131534150162,0.05752946509204733,0.2002816257816342,False,286.6929612918889
2020-07-02 22:00:00,7.27631,81.6553,120.0,24.0,-117935.96579874113,923664.2437706899,-0.1529462638397802,0.10579360658357882,0.18597001590715828,False,304.67178098803385
2020-07-02 23:00:00,7.24691,81.65927,120.0,24.0,-117406.217388692,923286.0139250619,-0.1146426328438936,0.1226586975352283,0.16789308903709652,False,316.93472197229426
2020-07-03 00:00:00,7.2255,81.66323,120.0,24.0,-117005.72811497495,922892.2797796776,-0.08558877694476263,0.10874150245488547,0.13838407818476153,False,321.79425639008775
2020-07-03 01:00:00,7.20896,81.6663,120.0,24.0,-116696.39790934134,922586.799906909,-0.07103844743520023,0.07100061121506668,0.10043678512834209,False,314.984737608826
2020-07-03 02:00:00,7.19399,81.66782,120.0,24.0,-116434.14425968567,922449.3008019787,-0.06809453624904406,0.021965814707491472,0.07154972314926329,False,287.8785710549323
2020-07-03 03:00:00,7.17875,81.66772,120.0,24.0,-116190.17133820367,922491.2884912811,-0.07393358367450664,-0.02675947513121312,0.07862724912047533,False,250.10281512317388
2020-07-03 04:00:00,7.16119,81.66609,120.0,24.0,-115930.07210124283,922706.9804554542,-0.09453582380265278,-0.0750178287234122,0.12068428484447102,False,231.5666414216059
2020-07-03 05:00:00,7.13682,81.66287,120.0,24.0,-115582.15600930144,923112.0551398702,-0.1342731358924615,-0.12265428455942706,0.1818607944092963,False,227.5892833595534
2020-07-03 06:00:00,7.10166,81.65816,120.0,24.0,-115080.51268185352,923703.3594904632,-0.18146291041821005,-0.159001937355488,0.24126832353263009,False,228.77441852405093
2020-07-03 07:00:00,7.05641,81.65259,120.0,24.0,-114427.17991780725,924409.6134500586,-0.2236170628106788,-0.17338649287595848,0.2829619527284541,False,232.21098863951656
2020-07-03 08:00:00,7.00263,81.64695,120.0,24.0,-113636.02423440368,925140.0747018019,-0.2611701477998928,-0.16271088815145232,0.3077087571468389,False,238.0767957150624
2020-07-03 09:00:00,6.94082,81.64207,120.0,24.0,-112703.60732990353,925801.6448093473,-0.29503544203208765,-0.12821615717032664,0.3216913039150969,False,246.51125449523747
2020-07-03 10:00:00,6.87212,81.63866,120.0,24.0,-111638.89464578351,926313.1693696844,-0.3150232230061165,-0.07903864494762844,0.32478722023552387,False,255.91535056771727
2020-07-03 11:00:00,6.80152,81.63696,120.0,24.0,-110519.82770363326,926638.0293285793,-0.3119397515867291,-0.02506784477113977,0.3129453713692858,False,265.4055171619501
2020-07-03 12:00:00,6.73421,81.63704,120.0,24.0,-109430.11002817808,926758.3781163996,-0.2927848274099984,0.02612844667360894,0.29394838133093737,False,275.09963053258514
2020-07-03 13:00:00,6.67208,81.63865,120.0,24.0,-108404.26057175393,926698.4002859843,-0.2671606642700771,0.06650011708449842,0.27531270603711855,False,283.9776831628419
2020-07-03 14:00:00,6.61608,81.64134,120.0,24.0,-107463.95043898911,926506.3118283951,-0.2386733493405128,0.08258833112183028,0.25255850831620685,False,289.08719633591807
2020-07-03 15:00:00,6.56652,81.64399,120.0,24.0,-106628.74497327728,926305.716904699,-0.2112816692523256,0.06696825756674342,0.22164090616033585,False,287.5866359255117
2020-07-03 16:00:00,6.52261,81.64567,120.0,24.0,-105897.56252384023,926201.2661016326,-0.1961368274183308,0.04114454321888918,0.20040590936002642,False,281.84741479734976
2020-07-03 17:00:00,6.47973,81.64665,120.0,24.0,-105192.04919176616,926171.8113067544,-0.19992540850867666,0.027538763072722787,0.20181316220439338,False,277.8428636458141
2020-07-03 18:00:00,6.43413,81.64745,120.0,24.0,-104444.91896544385,926166.6994893601,-0.20379068980060253,0.02521197216295412,0.20534431764660782,False,277.05251446891145
2020-07-03 19:00:00,6.38953,81.64828,120.0,24.0,-103713.65621456532,926155.8546208853,-0.19059901986796224,0.028763504610485234,0.19275716736896004,False,278.5818113331187
2020-07-03 20:00:00,6.34976,81.64931,120.0,24.0,-103058.0831583982,926113.609735603,-0.17620342131796085,0.04315499492299503,0.18141113326077468,False,283.76174733472567
2020-07-03 21:00:00,6.31152,81.65107,120.0,24.0,-102418.41007564163,925987.3559508319,-0.17613717078030572,0.07316883623701809,0.19073012747536808,False,292.5584021739918
2020-07-03 22:00:00,6.27176,81.65404,120.0,24.0,-101739.66714540926,925729.4043490685,-0.17133849816948654,0.11075002432650106,0.20401580537619068,False,302.87787709527834
2020-07-03 23:00:00,6.23562,81.65823,120.0,24.0,-101105.04480686535,925329.4962250479,-0.14199990723353761,0.1438471422254036,0.2021286075268634,False,315.37025848511934
2020-07-04 00:00:00,6.20883,81.66334,120.0,24.0,-100610.82174303218,924810.8828475814,-0.10056447615606567,0.15746379035271924,0.18683698546269958,False,327.4356052692337
2020-07-04 01:00:00,6.19103,81.66841,120.0,24.0,-100262.61090323777,924280.7165038147,-0.06446729793939365,0.1412260250138297,0.1552443965005288,False,335.46410216631637
2020-07-04 02:00:00,6.18023,81.67247,120.0,24.0,-100039.70582938094,923850.0429758643,-0.03816593411724571,0.10379423984365962,0.11058880029987249,False,339.8111397220563
2020-07-04 03:00:00,6.17409,81.67512,120.0,24.0,-99908.95967837135,923567.3246528646,-0.023760143305915866,0.05769844732188446,0.062399160517381445,False,337.6182015572709
2020-07-04 04:00:00,6.16968,81.6762,120.0,24.0,-99824.94579612369,923455.4226324856,-0.02684069447486951,0.010519551399602353,0.02882852478955811,False,291.401477129152
2020-07-04 05:00:00,6.16217,81.6758,120.0,24.0,-99708.68589724407,923512.7921035154,-0.05132147227220501,-0.03155298950751965,0.060245204481754,False,238.41635520826898
2020-07-04 06:00:00,6.14689,81.67416,120.0,24.0,-99481.95256275292,923720.9562966307,-0.09113009352113847,-0.06279562530948347,0.11067061264482314,False,235.43017789726164
2020-07-04 07:00:00,6.12171,81.67174,120.0,24.0,-99104.7345051041,924032.5788218692,-0.1373597051737079,-0.07764074957311966,0.1577839491193063,False,240.5232715738607
2020-07-04 08:00:00,6.08592,81.66914,120.0,24.0,-98558.2159455555,924382.2486807515,-0.18000555524426393,-0.07114341078040112,0.1935546042238847,False,248.4346324227215
2020-07-04 09:00:00,6.04183,81.66714,120.0,24.0,-97870.30570377012,924679.3302449927,-0.20821065369301847,-0.04206743477701183,0.21241785560538975,False,258.57757731585104
2020-07-04 10:00:00,5.99354,81.66642,120.0,24.0,-97099.30642411577,924841.2405682085,-0.20878893424105863,-0.000471260028178367,0.2087894660837353,False,269.8706772228467
2020-07-04 11:00:00,5.9492,81.66711,120.0,24.0,-96375.5970890453,924839.6717871939,-0.1744520863474658,0.03989226734400146,0.1789550877310532,False,282.88046512429105
2020-07-04 12:00:00,5.91614,81.669,120.0,24.0,-95820.24644618905,924685.7490790227,-0.12410330956100944,0.06573040322198874,0.14043545617728084,False,297.9076018617153
2020-07-04 13:00:00,5.89413,81.67136,120.0,24.0,-95438.03234393711,924461.0335531981,-0.08045631750177015,0.06821163937092971,0.10548007760527774,False,310.29159858479215
2020-07-04 14:00:00,5.88043,81.67341,120.0,24.0,-95193.58963193727,924256.7088690279,-0.054554239967897475,0.055531607359564764,0.07784551698339352,False,315.50867170184927
2020-07-04 15:00:00,5.86991,81.67495,120.0,24.0,-95006.34528533454,924103.5524064754,-0.05125445852369923,0.038363522043286954,0.06402170992814367,False,306.8145387204539
2020-07-04 16:00:00,5.85767,81.67589,120.0,24.0,-94798.2437035094,924019.6807737076,-0.06203444839725732,0.019956493657390717,0.06516543890015211,False,287.83299293965706
2020-07-04 17:00:00,5.84236,81.67624,120.0,24.0,-94547.36510585209,924006.1997509364,-0.07621739400916541,0.0023224781663589555,0.0762527707980607,False,271.74536319099116
2020-07-04 18:00:00,5.82382,81.67604,120.0,24.0,-94250.62675824644,924058.9055934012,-0.08860178213729465,-0.009124875213128375,0.08907041678110522,False,264.1199816214838
2020-07-04 19:00:00,5.80301,81.67565,120.0,24.0,-93919.39137572436,924136.2907328501,-0.09560605924041603,-0.00788841939191305,0.09593094247418113,False,265.28323144119076
2020-07-04 20:00:00,5.78136,81.67553,120.0,24.0,-93571.5333455384,924185.0106097483,-0.09472574403351507,0.010208434313727047,0.09527422901205077,False,276.1509308895221
2020-07-04 21:00:00,5.76094,81.67631,120.0,24.0,-93233.43119692666,924131.866071357,-0.08314364767535419,0.04563034837921476,0.09484194663740268,False,298.7585703625987
2020-07-04 22:00:00,5.74443,81.67848,120.0,24.0,-92942.94451135714,923918.2211606494,-0.05530878842119091,0.08043418624297935,0.09761516477059469,False,325.48650222002266
2020-07-04 23:00:00,5.73637,81.68151,120.0,24.0,-92779.24218788069,923595.5068547449,-0.010202707101889212,0.09621568683975398,0.0967551219639175,False,353.94697816576377
2020-07-05 00:00:00,5.7399,81.6847,120.0,24.0,-92800.61127747667,923236.27967451,0.032451816762439564,0.09204237749815694,0.09759569491886505,False,19.421362741274493
2020-07-05 01:00:00,5.7508,81.68746,120.0,24.0,-92945.4448628494,922912.7561635297,0.05266224503802778,0.07115806523537989,0.08852560251411938,False,36.50418643459733
2020-07-05 02:00:00,5.76332,81.6893,120.0,24.0,-93126.53385791746,922688.5267502676,0.050045879351763745,0.03635093615981283,0.061854511555634165,False,54.00713686262202
2020-07-05 03:00:00,5.77306,81.68981,120.0,24.0,-93277.67136276592,922616.1682557416,0.02821314135765867,-0.009128418724281776,0.029653151159245255,False,107.92909209095728
2020-07-05 04:00:00,5.77587,81.68871,120.0,24.0,-93335.24934071556,922733.4850105939,-0.01360889407687376,-0.05939954555416731,0.06093855930391829,False,192.90419941361012
2020-07-05 05:00:00,5.76701,81.68597,120.0,24.0,-93223.22500228824,923051.534594669,-0.07407781957876265,-0.10749946653952995,0.13055136406727902,False,214.57070406910444
2020-07-05 06:00:00,5.74294,81.68176,120.0,24.0,-92882.36231962919,923557.1576464493,-0.13887469292600854,-0.14260700788425165,0.1990551155659964,False,224.24032943108017
2020-07-05 07:00:00,5.7053,81.67675,120.0,24.0,-92331.09010298809,924173.2067753533,-0.19160904163953985,-0.15575510081047597,0.2469284841133247,False,230.89303914093418
2020-07-05 08:00:00,5.65784,81.67169,120.0,24.0,-91621.0951996143,924810.1862293734,-0.2205898090144729,-0.14942300300636302,0.26643403999579557,False,235.88709436953334
2020-07-05 09:00:00,5.60738,81.66709,120.0,24.0,-90856.64577008065,925400.3926016613,-0.22063349460931836,-0.13179975398261334,0.25700255658922444,False,239.14718664383662
2020-07-05 10:00:00,5.55995,81.66317,120.0,24.0,-90132.85932792819,925909.8235663298,-0.20786842467669067,-0.11895936569953555,0.23950075712866725,False,240.21826915648637
2020-07-05 11:00:00,5.5152,81.6594,120.0,24.0,-89450.01892636929,926397.8769790401,-0.19984815886535912,-0.122049519973567,0.23416953671998403,False,238.58711792819733
2020-07-05 12:00:00,5.47137,81.65528,120.0,24.0,-88785.07079404588,926922.8051795217,-0.1980245783239683,-0.12699743116018156,0.235248976919498,False,237.32707199231544
2020-07-05 13:00:00,5.42747,81.65119,120.0,24.0,-88117.92261997363,927444.0380167734,-0.2001256495846432,-0.11771462497214916,0.23217882882383814,False,239.53580476177058
2020-07-05 14:00:00,5.38275,81.64767,120.0,24.0,-87430.79167554482,927902.8395629143,-0.20565417431957858,-0.09899595688566701,0.22824074766521524,False,244.2951849570728
2020-07-05 15:00:00,5.33644,81.64479,120.0,24.0,-86710.60614428643,928292.5690683941,-0.21451730557826793,-0.08027737898838577,0.22904613502481305,False,249.48297870040525
2020-07-05 16:00:00,5.28783,81.64248,120.0,24.0,-85946.71738909443,928621.9782377271,-0.22622194073785393,-0.06650895019578801,0.23579611304545905,False,253.61673389068847
2020-07-05 17:00:00,5.23637,81.64049,120.0,24.0,-85132.87156294864,928919.5041383691,-0.23923439615415434,-0.05923827875084469,0.24645946922892947,False,256.09238344297654
2020-07-05 18:00:00,5.18203,81.63865,120.0,24.0,-84270.34408195037,929203.9162159299,-0.24828147434137235,-0.04841391340498216,0.2529576990571954,False,258.9660075529464
2020-07-05 19:00:00,5.12659,81.63736,120.0,24.0,-83384.03522146962,929428.1184379719,-0.2481995263444325,-0.02475201718768961,0.24943068622857997,False,264.3049346116002
2020-07-05 20:00:00,5.0723,81.63705,120.0,24.0,-82506.38079990292,929541.1012228907,-0.23796062851882374,0.007417838003163835,0.23807621688382655,False,271.78547698690375
2020-07-05 21:00:00,5.02139,81.63784,120.0,24.0,-81672.70618509557,929526.3981715537,-0.2169504205098783,0.042063045446335615,0.22099046303321218,False,280.97255311069216
2020-07-05 22:00:00,4.97638,81.63977,120.0,24.0,-80923.82466084394,929376.1315643125,-0.18185437125499818,0.07918340544410389,0.19834571848738264,False,293.52937168205415
2020-07-05 23:00:00,4.94097,81.64296,120.0,24.0,-80318.83511887619,929072.0064656374,-0.13222203703900284,0.11661841166543971,0.1763023568138367,False,311.41194633924306
2020-07-06 00:00:00,4.91789,81.64731,120.0,24.0,-79903.04492733734,928621.5942058993,-0.08173249636270953,0.13580684444493216,0.15850457393958803,False,328.9592515593997
2020-07-06 01:00:00,4.9048,81.65174,120.0,24.0,-79648.70191582867,928148.2456220811,-0.044833985845248565,0.12127137295805805,0.12929358911370803,False,339.71066364804517
2020-07-06 02:00:00,4.89804,81.65515,120.0,24.0,-79506.76729601271,927779.2376190377,-0.02510422631727022,0.08615979032480459,0.089742585475364,False,343.7555547055995
2020-07-06 03:00:00,4.89368,81.65731,120.0,24.0,-79415.64426113655,927545.5935016903,-0.022454907416119368,0.04779840512062018,0.052810135382721966,False,334.8366312122415
2020-07-06 04:00:00,4.88809,81.65824,120.0,24.0,-79316.32303102984,927450.1356636704,-0.03256210221028625,0.009746186462225498,0.03398939026975324,False,286.66300573630474
2020-07-06 05:00:00,4.87925,81.65794,120.0,24.0,-79176.07041320641,927495.6533710227,-0.05145287259979835,-0.027686617132746047,0.05842898995384351,False,241.71545516453813
2020-07-06 06:00:00,4.86529,81.65645,120.0,24.0,-78964.16022659963,927680.2668539999,-0.08101017489315782,-0.06465333046653073,0.10364700466793263,False,231.40701713762132
2020-07-06 07:00:00,4.84336,81.65376,120.0,24.0,-78634.37970653723,928008.9494142969,-0.12183794014678183,-0.10022593752018219,0.1577647685987282,False,230.5587114636114
2020-07-06 08:00:00,4.81133,81.64997,120.0,24.0,-78150.98778551913,928473.3833526847,-0.16356387026648855,-0.12729452423937923,0.20726079117354204,False,232.10795647297547
2020-07-06 09:00:00,4.77095,81.64553,120.0,24.0,-77537.74263515466,929021.0165350898,-0.1957330259218327,-0.1388974779705463,0.24000818074202226,False,234.63945197629488
2020-07-06 10:00:00,4.72472,81.64099,120.0,24.0,-76829.77066080632,929587.1934244091,-0.21900909294133017,-0.136887728979253,0.25826969070350014,False,237.9932912908265
2020-07-06 11:00:00,4.67409,81.63668,120.0,24.0,-76047.41714756581,930133.1431226766,-0.2352214306472355,-0.12436071701315352,0.26607275202800806,False,242.13475415597378
2020-07-06 12:00:00,4.62074,81.63295,120.0,24.0,-75214.77263148178,930617.620083182,-0.23916466312365017,-0.10101082801096917,0.25962073003231206,False,247.1033098869746
2020-07-06 13:00:00,4.56841,81.63015,120.0,24.0,-74389.61771988295,930996.7799733673,-0.22699244683704262,-0.06899766714257828,0.23724723179035334,False,253.09258515988415
2020-07-06 14:00:00,4.52047,81.62849,120.0,24.0,-73625.18787443363,931242.9995263324,-0.20732247520278188,-0.04115365317502624,0.211367528002431,False,258.7726917420107
2020-07-06 15:00:00,4.47685,81.62749,120.0,24.0,-72924.89285686388,931409.8137940544,-0.19116279996453908,-0.03001331374608606,0.1935045609082726,False,261.07717733615095
2020-07-06 16:00:00,4.43606,81.62655,120.0,24.0,-72269.88273175851,931565.8705727633,-0.1867502487866567,-0.034183602159708115,0.18985303283985583,False,259.6271549094257
2020-07-06 17:00:00,4.3944,81.62528,120.0,24.0,-71603.35580506426,931759.1986891913,-0.19826719812417495,-0.046861742552635303,0.20372998003995463,False,256.7018164976481
2020-07-06 18:00:00,4.34854,81.62352,120.0,24.0,-70872.40794289902,932011.6623600671,-0.21647680873781164,-0.05691613514564525,0.22383399018295777,False,255.26917245869686
2020-07-06 19:00:00,4.29886,81.6216,120.0,24.0,-70080.28186846158,932285.9961713412,-0.23068462977938295,-0.05568092685151093,0.23730942676491865,False,256.4299340898301
2020-07-06 20:00:00,4.24675,81.61992,120.0,24.0,-69246.20264309955,932535.9385566437,-0.2382078741128926,-0.04578425732134267,0.2425679070030712,False,259.12026004460347
2020-07-06 21:00:00,4.19377,81.61864,120.0,24.0,-68394.30513483821,932741.7439500167,-0.23747087676438938,-0.031403060207808337,0.23953824225301282,False,262.46693559702476
2020-07-06 22:00:00,4.142,81.61789,120.0,24.0,-67557.52519166087,932886.4717333457,-0.2228405255800808,-0.008981792919988286,0.2230214618481015,False,267.69189011241076
2020-07-06 23:00:00,4.09548,81.61806,120.0,24.0,-66798.71495486127,932922.1312364392,-0.1908457543137563,0.023961035285592996,0.19234404891117393,False,277.1561458062058
2020-07-07 00:00:00,4.05782,81.61944,120.0,24.0,-66174.62348265493,932812.5285808262,-0.15092645835480625,0.054436785808120815,0.1604436333440635,False,289.83357186773003
2020-07-07 01:00:00,4.0289,81.62158,120.0,24.0,-65687.03333262789,932608.0651315104,-0.11368144378380647,0.06867157519306769,0.13281286044757828,False,301.1349241348107
2020-07-07 02:00:00,4.00766,81.62388,120.0,24.0,-65323.40098374651,932376.8230802619,-0.0809810341137211,0.06619960234808485,0.10459596185882236,False,309.26498364586007
2020-07-07 03:00:00,3.99316,81.62586,120.0,24.0,-65072.08354996532,932173.3437187662,-0.05427775232952256,0.048877531289838703,0.07304168305107812,False,312.00327821897986
2020-07-07 04:00:00,3.9837,81.62704,120.0,24.0,-64909.04321962753,932052.9734586892,-0.04237865066034837,0.014385476674608743,0.04475368108823628,False,288.74983418467923
2020-07-07 05:00:00,3.97445,81.62679,120.0,24.0,-64760.498832257836,932091.2164792834,-0.05300624437592002,-0.03712173196075856,0.06471232437956588,False,234.99538722261318
2020-07-07 06:00:00,3.9603,81.62464,120.0,24.0,-64546.84145975463,932346.0595752833,-0.08220659022669119,-0.09326818611171532,0.12432569331103159,False,221.39295596166446
2020-07-07 07:00:00,3.93817,81.62076,120.0,24.0,-64216.40417589674,932802.0227548146,-0.12236955503793709,-0.1419883349854019,0.18744331215626078,False,220.75569146780632
2020-07-07 08:00:00,3.90632,81.61546,120.0,24.0,-63738.07365864755,933426.4728289963,-0.1632721725192947,-0.18204906911334334,0.24453970206125056,False,221.88759803690567
2020-07-07 09:00:00,3.86619,81.60899,120.0,24.0,-63132.87114233525,934189.816271379,-0.19705411801127146,-0.21190231772906376,0.28936640731803887,False,222.9206449074256
2020-07-07 10:00:00,3.81951,81.60176,120.0,24.0,-62425.385296035725,935044.3614887655,-0.22776472625711958,-0.21824077789838853,0.3154454115448097,False,226.22330132997988
2020-07-07 11:00:00,3.76593,81.59488,120.0,24.0,-61601.27988643443,935866.8998394175,-0.2593524866343114,-0.1911688428875088,0.3221944115194267,False,233.60605474469455
2020-07-07 12:00:00,3.70543,81.5894,120.0,24.0,-60652.48328909841,936540.4528676369,-0.282739361895706,-0.1475560487635145,0.31892684786936903,False,242.4408396679814
2020-07-07 13:00:00,3.64164,81.58534,120.0,24.0,-59638.47199340976,937058.6448896576,-0.28847407033397027,-0.10796800770668823,0.3080168500962243,False,249.48049047474507
2020-07-07 14:00:00,3.57868,81.58242,120.0,24.0,-58629.03909660236,937448.1760942371,-0.2789706363991419,-0.0782756446861907,0.2897441846249567,False,254.32654969511597
2020-07-07 15:00:00,3.51911,81.58028,120.0,24.0,-57668.97858258389,937746.5049373102,-0.26119331835251375,-0.060489397263298814,0.26810616690646033,False,256.96081802658375
2020-07-07 16:00:00,3.46399,81.57851,120.0,24.0,-56778.72635605301,937998.3119734649,-0.2485436271279958,-0.0535211085688435,0.25424091655038167,False,257.8475620959049
2020-07-07 17:00:00,3.41,81.57682,120.0,24.0,-55906.01739521638,938239.2774716176,-0.2514712358450638,-0.05660690280613328,0.25776369779848113,False,257.31400534336194
2020-07-07 18:00:00,3.35362,81.57485,120.0,24.0,-54995.58167150377,938512.8552049646,-0.2620656161526767,-0.07192005777066532,0.27175518740075216,False,254.65383284727457
2020-07-07 19:00:00,3.29501,81.57217,120.0,24.0,-54052.6680577297,938866.5939386869,-0.2701773586256747,-0.09790778559089261,0.2873703874675654,False,250.08032512036232
2020-07-07 20:00:00,3.23511,81.56852,120.0,24.0,-53094.03823591359,939328.4347186103,-0.27507386349020263,-0.11879005974213985,0.29962761666603394,False,246.64300188516123
2020-07-07 21:00:00,3.1744,81.56449,120.0,24.0,-52123.55924442322,939832.2873495697,-0.2782718507776616,-0.11801700874494304,0.30226352292052894,False,247.01786466796742
2020-07-07 22:00:00,3.11315,81.56089,120.0,24.0,-51140.608871364566,940287.801144302,-0.2807755476230671,-0.0940419687560537,0.29610606213069635,False,251.48242367697114
2020-07-07 23:00:00,3.05139,81.55841,120.0,24.0,-50141.730745494926,940618.1784326208,-0.2803242211097588,-0.05212765764711355,0.28512972772506134,False,259.4658906685544
2020-07-08 00:00:00,2.99037,81.55752,120.0,24.0,-49145.114940244996,940770.0273794835,-0.2623176068952249,-0.005584726750228848,0.2623770494157453,False,268.78036040213834
2020-07-08 01:00:00,2.93651,81.55805,120.0,24.0,-48257.71344989644,940756.8629322666,-0.217011459159802,0.030447171899111253,0.21913695188927046,False,277.98658819798777
2020-07-08 02:00:00,2.89533,81.55949,120.0,24.0,-47573.45362978227,940631.1405329575,-0.16691847202012638,0.04499729886099347,0.172877220032945,False,285.08695710484346
2020-07-08 03:00:00,2.8634,81.56096,120.0,24.0,-47041.06983687422,940494.0013711591,-0.136511697023832,0.032477189801912276,0.14032181327846338,False,283.3823309983708
2020-07-08 04:00:00,2.83553,81.56159,120.0,24.0,-46580.11531421983,940446.696656177,-0.12520279400060194,0.0037112606469416184,0.1252577865090498,False,271.69786407575225
2020-07-08 05:00:00,2.80855,81.5612,120.0,24.0,-46139.391551675086,940511.9074630551,-0.1264187395758956,-0.02784017380946177,0.1294479547683128,False,257.58045557558023
2020-07-08 06:00:00,2.78015,81.55979,120.0,24.0,-45680.81548228169,940691.5045896053,-0.13500331373826857,-0.06109434423954874,0.1481837157665236,False,245.651365355563
2020-07-08 07:00:00,2.74942,81.55725,120.0,24.0,-45189.84755049316,940998.4157895984,-0.14810940094493633,-0.09682272894833532,0.17694924551766453,False,236.8263755010878
2020-07-08 08:00:00,2.7153,81.55353,120.0,24.0,-44649.09498328877,941438.978262534,-0.17082175771268537,-0.13301120057013333,0.2164995436142063,False,232.09371627871687
2020-07-08 09:00:00,2.67466,81.54865,120.0,24.0,-44006.6801564278,942013.2862804824,-0.20658706335299637,-0.16548583760777313,0.2646956312324803,False,231.3036504967624
2020-07-08 10:00:00,2.62494,81.54283,120.0,24.0,-43218.889376986015,942698.5885726754,-0.2433861163575488,-0.18110891557783065,0.3033764014180867,False,233.34626061509596
2020-07-08 11:00:00,2.56827,81.53694,120.0,24.0,-42315.85847405732,943396.1574272709,-0.26768723653330134,-0.17044207072748602,0.31734359309226484,False,237.51423854439122
2020-07-08 12:00:00,2.508,81.53181,120.0,24.0,-41348.466990861554,944010.9028263894,-0.2759504373043429,-0.14554762927519552,0.3119819806272276,False,242.19098889369513
2020-07-08 13:00:00,2.44779,81.52753,120.0,24.0,-40376.77528930401,944530.0385876602,-0.2682724018368179,-0.11972454759162164,0.29377550763008403,False,245.94975952349637
2020-07-08 14:00:00,2.39093,81.52407,120.0,24.0,-39455.48401559764,944954.6280774408,-0.24962748688856806,-0.09327797081585654,0.266485763315465,False,249.51085933240412
2020-07-08 15:00:00,2.3389,81.5215,120.0,24.0,-38609.03956973963,945276.0349056398,-0.22631358848361283,-0.06621027286324814,0.23580000119795552,False,253.69264237305654
2020-07-08 16:00:00,2.29224,81.51979,120.0,24.0,-37846.83842809902,945497.4433505388,-0.20464771301540677,-0.05027569237494413,0.21073284434614434,False,256.1975199061746
2020-07-08 17:00:00,2.24968,81.51825,120.0,24.0,-37151.23318948614,945696.6635688401,-0.18982796321946113,-0.057232473787516336,0.19826802988855222,False,253.222122763487
2020-07-08 18:00:00,2.2095,81.51609,120.0,24.0,-36497.306158939304,945962.8507288373,-0.18249012397678005,-0.08043049767566082,0.1994284591160826,False,246.21504581726066
2020-07-08 19:00:00,2.17016,81.51305,120.0,24.0,-35860.60746491621,946325.989161289,-0.18269521269543557,-0.10857769805000116,0.21252448624962647,False,239.2765361488347
2020-07-08 20:00:00,2.12992,81.50907,120.0,24.0,-35212.44725368679,946793.8604193507,-0.19288552557708716,-0.1317735582697082,0.23360029245745675,False,235.66029190789078
2020-07-08 21:00:00,2.08618,81.50453,120.0,24.0,-34508.05270521398,947325.7179203171,-0.21196525797445456,-0.1412051274495875,0.25469228218819534,False,236.32959457357708
2020-07-08 22:00:00,2.03768,81.49994,120.0,24.0,-33724.318672688205,947865.4194091231,-0.222483336909705,-0.13657384733843225,0.261057945635253,False,238.45585836332359
2020-07-08 23:00:00,1.98941,81.4957,120.0,24.0,-32942.149671285275,948365.3854340443,-0.20765462918059033,-0.11988007611467537,0.23977422227876966,False,240.0019411133193
2020-07-09 00:00:00,1.9474,81.49219,120.0,24.0,-32260.07010048204,948779.938238439,-0.17004274148578383,-0.09235240121756133,0.19350322979901532,False,241.49304560263457
2020-07-09 01:00:00,1.91551,81.48973,120.0,24.0,-31741.1449352432,949071.5431083859,-0.11811886256730827,-0.05724027908426594,0.13125743881334617,False,244.14521945720975
2020-07-09 02:00:00,1.89608,81.48849,120.0,24.0,-31423.865267105273,949220.2650566979,-0.06429584686726195,-0.02537178315241389,0.0691207877900094,False,248.46531288347555
2020-07-09 03:00:00,1.88758,81.48809,120.0,24.0,-31284.512492217866,949269.4368033156,-0.02062808844593035,-0.007425536875605884,0.02192388265850983,False,250.20253743310226
2020-07-09 04:00:00,1.88712,81.48801,120.0,24.0,-31277.18464247612,949278.5920153047,0.006170424269092602,-0.0026291707566377226,0.006707210636931418,False,113.07848435557463
2020-07-09 05:00:00,1.89026,81.48792,120.0,24.0,-31329.538827058583,949286.8935606993,0.013423150700367693,-0.007733476683052471,0.015491534344024737,False,119.94752505621523
2020-07-09 06:00:00,1.89295,81.48751,120.0,24.0,-31375.6153902672,949331.0548302954,0.008841621711367565,-0.02227237113091516,0.023963154848227922,False,158.3480549018713
2020-07-09 07:00:00,1.8941,81.48648,120.0,24.0,-31398.460842548884,949445.0643027121,0.0009664804581727064,-0.044699153353514945,0.044709600702724644,False,178.76134959897428
2020-07-09 08:00:00,1.89337,81.48462,120.0,24.0,-31393.20758553263,949652.4828929508,-0.008500854365216668,-0.06975514594645824,0.07027122391811824,False,186.94820594271675
2020-07-09 09:00:00,1.89041,81.48197,120.0,24.0,-31353.88178120147,949949.0493773652,-0.019448411632710716,-0.0912535853127881,0.09330304146957726,False,192.03115239075538
2020-07-09 10:00:00,1.88493,81.47872,120.0,24.0,-31274.929129306624,950313.7703690561,-0.030588213619030434,-0.10439993530725754,0.10878871864565276,False,196.33009554436708
2020-07-09 11:00:00,1.87714,81.47522,120.0,24.0,-31158.490281255858,950707.5662195892,-0.03961512763226007,-0.10625576123534197,0.1134003753654381,False,200.44686588161193
2020-07-09 12:00:00,1.86775,81.47185,120.0,24.0,-31014.9132888486,951087.7443779265,-0.041519590877048006,-0.0989870150805343,0.1073420028746966,False,202.75536077517145
2020-07-09 13:00:00,1.85914,81.46882,120.0,24.0,-30882.937016541026,951429.6373515644,-0.03294866720291959,-0.08692338826324722,0.09295853967017755,False,200.7594187948527
2020-07-09 14:00:00,1.85347,81.46623,120.0,24.0,-30798.111798471393,951720.9596591938,-0.020241355515746632,-0.0773335297687319,0.07993864709642132,False,194.66761228418807
2020-07-09 15:00:00,1.85037,81.46382,120.0,24.0,-30755.284418518957,951990.8611249648,-0.01219043137661951,-0.07625037380110711,0.0772186902372517,False,189.0832224125985
2020-07-09 16:00:00,1.84819,81.4613,120.0,24.0,-30728.113446829782,952272.5101581779,-0.018155641731634704,-0.07795091084068823,0.08003731521971737,False,193.11108361131738
2020-07-09 17:00:00,1.84251,81.45878,120.0,24.0,-30642.732791658607,952556.0316397945,-0.04334478986430051,-0.07516455621317747,0.08676682153394974,False,209.9705560325246
2020-07-09 18:00:00,1.82943,81.45644,120.0,24.0,-30433.592661612332,952823.4493369057,-0.0753605722708137,-0.06789373148570861,0.10143359713644211,False,227.98372648725834
2020-07-09 19:00:00,1.8099,81.45439,120.0,24.0,-30116.01887412583,953061.9392655472,-0.09992395743859123,-0.058769010472510576,0.11592494926506308,False,239.5386248757071
2020-07-09 20:00:00,1.7862,81.45264,120.0,24.0,-29727.86321689148,953269.0979166921,-0.11332984205550216,-0.052120387172437777,0.12474048203903126,False,245.30230188696532
2020-07-09 21:00:00,1.76088,81.45102,120.0,24.0,-29312.137569970753,953462.4576639481,-0.11506248595816308,-0.050885494299531556,0.1258121981565386,False,246.14296025488244
2020-07-09 22:00:00,1.73644,81.44935,120.0,24.0,-28911.062637657462,953660.7573337232,-0.10654847852739455,-0.049031196632667,0.11728868879706138,False,245.28918350931627
2020-07-09 23:00:00,1.71481,81.44785,120.0,24.0,-28556.038143269507,953838.5662840634,-0.08963291281549715,-0.03975221602279906,0.09805252540609954,False,246.08270348786073
2020-07-10 00:00:00,1.69769,81.44678,120.0,24.0,-28274.559584600298,953966.1571670786,-0.06560752436225933,-0.02552293438363672,0.0703972118233093,False,248.74274555731938
2020-07-10 01:00:00,1.68645,81.4462,120.0,24.0,-28089.3155294787,954036.2452801071,-0.03636891075483272,-0.009900640811123152,0.037692444308692216,False,254.7715031637941
2020-07-10 02:00:00,1.68197,81.44614,120.0,24.0,-28014.914746549475,954045.117292651,-0.006755971222581993,0.004020907293325476,0.007861987192935006,False,300.75956242101654
2020-07-10 03:00:00,1.68353,81.44646,120.0,24.0,-28039.843747405088,954008.7349754927,0.018091510900645806,0.012528526008412214,0.02200606122439105,False,55.2970675321277
2020-07-10 04:00:00,1.68979,81.44695,120.0,24.0,-28142.46726205667,953951.1239785127,0.03495641856092219,0.011600592361089084,0.03683103231969671,False,71.64112493307175
2020-07-10 05:00:00,1.69864,81.44721,120.0,24.0,-28288.957536563164,953917.8252783706,0.04178110941173762,-0.001391845076996217,0.041804286100757045,False,91.90797635419773
2020-07-10 06:00:00,1.70785,81.44686,120.0,24.0,-28443.456113042535,953952.2236788679,0.038728885360647655,-0.022272182702658867,0.04467635486047183,False,119.90231901404712
2020-07-10 07:00:00,1.71538,81.44577,120.0,24.0,-28572.46087441034,954069.8032001498,0.02683955116291489,-0.045935980333079586,0.053202216079669094,False,149.70303908141727
2020-07-10 08:00:00,1.71945,81.44389,120.0,24.0,-28646.51480788166,954277.0298236741,0.008537322504173552,-0.07222826130296983,0.07273106355877354,False,173.25896187322775
2020-07-10 09:00:00,1.71907,81.4411,120.0,24.0,-28649.506114652446,954587.7681191079,-0.013849143948247792,-0.10006656178641288,0.10102037208332423,False,187.87964140165343
2020-07-10 10:00:00,1.71347,81.43742,120.0,24.0,-28568.459456178865,955000.1761114491,-0.039472132653615204,-0.12048045006562552,0.1267816552354491,False,198.1399713913691
2020-07-10 11:00:00,1.70203,81.43331,120.0,24.0,-28391.37194014609,955463.3373940804,-0.06718020986105508,-0.1265103874769622,0.14324126059395914,False,207.96943049206538
2020-07-10 12:00:00,1.68448,81.42924,120.0,24.0,-28112.02984053855,955925.0156493523,-0.09331377771936489,-0.1243441417703746,0.15546358642740124,False,216.88631170598148
2020-07-10 13:00:00,1.66178,81.42527,120.0,24.0,-27746.120205925774,956377.9779572887,-0.11381132127793343,-0.12125110475187637,0.16629746617005167,False,223.18717967869145
2020-07-10 14:00:00,1.63541,81.4214,120.0,24.0,-27318.249727027356,956821.4198065669,-0.12601734900595682,-0.11506624756594007,0.17064762986750015,False,227.60084417877806
2020-07-10 15:00:00,1.60747,81.41783,120.0,24.0,-26862.80912273695,957232.0119954111,-0.13012897737780146,-0.10269461669245616,0.1657701271369569,False,231.72035889152647
2020-07-10 16:00:00,1.57935,81.41476,120.0,24.0,-26402.43145975142,957586.8127555596,-0.13593584008768372,-0.08738047518413317,0.1615979581051358,False,237.2668168892702
2020-07-10 17:00:00,1.54893,81.41218,120.0,24.0,-25901.78282605681,957887.8877735841,-0.15133219332432274,-0.07407656493300191,0.1684896738931601,False,243.91841788861956
2020-07-10 18:00:00,1.5142,81.40997,120.0,24.0,-25327.654622311962,958149.4214982206,-0.16677585488169608,-0.06619109668022828,0.17943089770508278,False,248.35253689381202
2020-07-10 19:00:00,1.47715,81.4079,120.0,24.0,-24714.009352192283,958396.0276656618,-0.17276643162788163,-0.06542070935191438,0.18473794712927596,False,249.2600455235291
2020-07-10 20:00:00,1.43986,81.40574,120.0,24.0,-24096.292005182888,958652.3601439574,-0.1776466091005488,-0.06928460383626095,0.19067950611869858,False,248.6935371539761
2020-07-10 21:00:00,1.40073,81.40342,120.0,24.0,-23447.892535751704,958926.8589666121,-0.18987948052637665,-0.07392148429795631,0.20376114194266692,False,248.72866923933069
2020-07-10 22:00:00,1.3582,81.40096,120.0,24.0,-22742.578705841806,959217.8552199157,-0.1997912472564691,-0.07485348243432925,0.2133531961627058,False,249.46111255920098
2020-07-10 23:00:00,1.31483,81.39858,120.0,24.0,-22022.574233706448,959499.7490889851,-0.19672522560798988,-0.06990948883278976,0.20877775508750082,False,250.4365082086751
2020-07-11 00:00:00,1.27364,81.39644,120.0,24.0,-21338.07990028185,959753.5723598554,-0.18467546338179341,-0.06604404172184421,0.19612965666170126,False,250.32182318161105
2020-07-11 01:00:00,1.23547,81.39431,120.0,24.0,-20703.808901990975,960004.7036420552,-0.16952318743431574,-0.06898277193847129,0.18302112966049927,False,247.85749426575427
2020-07-11 02:00:00,1.20081,81.39198,120.0,24.0,-20128.50570282856,960276.4499232922,-0.15026423330804403,-0.0713036128097869,0.16632361531479015,False,244.61465399357016
2020-07-11 03:00:00,1.17093,81.3897,120.0,24.0,-19632.90282334994,960540.6498558861,-0.12633772616968408,-0.06619960659563051,0.14263102385926538,False,242.34594611704065
2020-07-11 04:00:00,1.14656,81.3877,120.0,24.0,-19228.804180805444,960771.5760285683,-0.10568543390818781,-0.06310338870862309,0.12309122067342379,False,239.15912768662085
2020-07-11 05:00:00,1.12556,81.38562,120.0,24.0,-18881.211443580618,961010.1295310168,-0.09690751867596234,-0.07237996316886577,0.1209542320229365,False,233.24404606719446
2020-07-11 06:00:00,1.10497,81.38302,120.0,24.0,-18541.441586424666,961306.3171251267,-0.10255656517748112,-0.08907991473051863,0.13584211522719825,False,229.02264781013088
2020-07-11 07:00:00,1.08156,81.37986,120.0,24.0,-18155.309877684456,961665.6252196336,-0.12250897616940551,-0.10562438529209285,0.16175586545905668,False,229.23285374436568
2020-07-11 08:00:00,1.05243,81.37619,120.0,24.0,-17673.888965094226,962083.326762237,-0.15190579656582442,-0.11892156984902175,0.1929189228812285,False,231.94388917940617
2020-07-11 09:00:00,1.01644,81.37217,120.0,24.0,-17077.49940771802,962541.8048353493,-0.18415494152784126,-0.12479611295531813,0.22245698977078504,False,235.875719974693
2020-07-11 10:00:00,0.97352,81.36812,120.0,24.0,-16364.121347441152,963005.2381946802,-0.2109611712836582,-0.11350875008986183,0.23955970474254573,False,241.7172968590284
2020-07-11 11:00:00,0.92608,81.36483,120.0,24.0,-15572.683777406392,963384.7567992936,-0.22700506831797349,-0.08010673363690538,0.2407247179165902,False,250.56281612117635
2020-07-11 12:00:00,0.87632,81.36294,120.0,24.0,-14739.220333716989,963608.3478229077,-0.24060804075346712,-0.04267742909235454,0.24436364751974676,False,259.94187147103986
2020-07-11 13:00:00,0.82308,81.36207,120.0,24.0,-13845.208029290277,963718.493463192,-0.25935168318740076,-0.018239003135340177,0.2599922245135589,False,265.977276042496
2020-07-11 14:00:00,0.76531,81.36176,120.0,24.0,-12873.967307304663,963766.4792504006,-0.2740051131087031,0.00309725421983335,0.2740226176676215,False,270.64762308742115
2020-07-11 15:00:00,0.7058,81.36227,120.0,24.0,-11872.249344061911,963722.5459736007,-0.27340204494340564,0.03185413058304519,0.27525145560820874,False,276.64558114447925
2020-07-11 16:00:00,0.64828,81.36382,120.0,24.0,-10902.796756608259,963561.3952670969,-0.25584775449868224,0.05272501550619559,0.2612240431930923,False,281.64447814682615
2020-07-11 17:00:00,0.59627,81.36568,120.0,24.0,-10025.968258224482,963363.7924223265,-0.22560838361166546,0.04932035710299502,0.23093644229665303,False,282.3314582184928
2020-07-11 18:00:00,0.55168,81.36701,120.0,24.0,-9274.808873581602,963223.2123431482,-0.2009398192788247,0.02783244814859963,0.20285821684553776,False,277.8859403050444
2020-07-11 19:00:00,0.51022,81.36748,120.0,24.0,-8577.339137420133,963177.3382543763,-0.19915527931721838,-0.0010784677740782358,0.19915819936085735,False,269.6897343218076
2020-07-11 20:00:00,0.46639,81.36694,120.0,24.0,-7841.016862786232,963243.745901486,-0.2196264957652374,-0.03323861581911683,0.2221274481546319,False,261.39407509106786
2020-07-11 21:00:00,0.41617,81.36533,120.0,24.0,-6998.028793778127,963429.520152183,-0.25605857543361477,-0.06508921343273469,0.2642018163419477,False,255.73767867359203
2020-07-11 22:00:00,0.35676,81.36273,120.0,24.0,-6000.847724141464,963725.7669722433,-0.2976650319567737,-0.08550174145450344,0.3097014999020506,False,253.9737394061455
2020-07-11 23:00:00,0.28876,81.3598,120.0,24.0,-4858.71528115298,964058.4655248625,-0.331565369635991,-0.08365102121740943,0.3419548035816529,False,255.84026994089808
2020-07-12 00:00:00,0.21488,81.35732,120.0,24.0,-3616.642783321126,964340.078022242,-0.34115353402483406,-0.057536740379207856,0.34597140094391904,False,260.4269526577684
2020-07-12 01:00:00,0.14281,81.35608,120.0,24.0,-2403.9807493319404,964481.9391589167,-0.31339602778847436,-0.010853353696749347,0.31358390507177014,False,268.0165577063357
2020-07-12 02:00:00,0.08082,81.35662,120.0,24.0,-1360.393166883984,964423.8461360277,-0.25317429347702874,0.0353811576712863,0.25563460093608825,False,277.9555724536374
2020-07-12 03:00:00,0.03451,81.35837,120.0,24.0,-580.7683138870458,964229.7663500198,-0.17252639436102257,0.0602868712242836,0.1827562956322666,False,289.26123457548135
2020-07-12 04:00:00,0.00701,81.36052,120.0,24.0,-117.94190949063045,963990.5289292673,-0.0940885483828726,0.060767136331344236,0.11200580250463962,False,302.85641615731697
2020-07-12 05:00:00,-0.00575,81.3623,120.0,24.0,96.72275932642323,963792.3258545536,-0.039371921801469464,0.03927931982728203,0.055614864851359094,False,314.932541435659
2020-07-12 06:00:00,-0.00984,81.36306,120.0,24.0,165.5075441392863,963707.6893791108,-0.01488201858947203,0.005103373154394984,0.015732733228857293,False,288.9279749419785
2020-07-12 07:00:00,-0.01212,81.36263,120.0,24.0,203.86698111202435,963755.5631663086,-0.020888360192772987,-0.031703424756977606,0.037966178802512685,False,213.37959381363174
2020-07-12 08:00:00,-0.01878,81.36101,120.0,24.0,315.9520198766442,963935.9222183601,-0.047603759084497876,-0.0634054512370985,0.07928662639786731,False,216.89861289573167
2020-07-12 09:00:00,-0.03249,81.35853,120.0,24.0,546.7636627139822,964211.9700475178,-0.08288878332622243,-0.08242494458065422,0.11689491815483412,False,225.16076059194899
2020-07-12 10:00:00,-0.05424,81.35568,120.0,24.0,913.0876895580053,964529.0433044748,-0.11550386537117016,-0.08381654775695556,0.14271074449240118,False,234.03310503534357
2020-07-12 11:00:00,-0.08189,81.35311,120.0,24.0,1378.9624141989789,964814.6616467937,-0.13562102835368972,-0.0669619073764019,0.15125131527096924,False,243.72247460704986
2020-07-12 12:00:00,-0.11223,81.35135,120.0,24.0,1890.24717438782,965009.7729237516,-0.13798584104741907,-0.042531773138507784,0.14439198058018696,False,252.86898154138444
2020-07-12 13:00:00,-0.14088,81.35036,120.0,24.0,2373.0583991234967,965118.9437800405,-0.12104179529616922,-0.02181201335972403,0.12299138236203588,False,259.78479791641655
2020-07-12 14:00:00,-0.16397,81.34994,120.0,24.0,2762.131614716712,965164.676083589,-0.09302157409951195,-0.007583229422406856,0.09333015920067773,False,265.33948576880437
2020-07-12 15:00:00,-0.18064,81.34987,120.0,24.0,3042.9672428157905,965171.6260941342,-0.06408265375049406,-0.0003126342195301061,0.06408341635603498,False,269.72047850467493
2020-07-12 16:00:00,-0.19136,81.34992,120.0,24.0,3223.5315253597755,965165.4723718809,-0.04209056561287784,-0.0015478012246096103,0.04211901473494932,False,267.89400463442234
2020-07-12 17:00:00,-0.19863,81.34977,120.0,24.0,3346.054844923244,965181.7580505605,-0.033388139003424494,-0.012063041493336014,0.03550049008368676,False,250.13535350310292
2020-07-12 18:00:00,-0.20563,81.34914,120.0,24.0,3464.225781546729,965251.4923630032,-0.040856216873045276,-0.02953754481113199,0.0504152458155957,False,234.1344522205701
2020-07-12 19:00:00,-0.21609,81.34786,120.0,24.0,3640.980967189422,965393.3712718794,-0.06391619481781528,-0.050568013725413176,0.08150094460877427,False,231.6503220099444
2020-07-12 20:00:00,-0.23294,81.34587,120.0,24.0,3925.792265786208,965613.8438533294,-0.09192643308543363,-0.06881608669052294,0.11483084466818258,False,233.18149030415984
2020-07-12 21:00:00,-0.25536,81.34341,120.0,24.0,4304.860201508661,965886.1521285617,-0.11309290414904839,-0.07856014348641542,0.13770149277866245,False,235.21416988479194
2020-07-12 22:00:00,-0.28124,81.34079,120.0,24.0,4742.574034591579,966175.8421877305,-0.12132054999446396,-0.07995524603487601,0.14529802895929725,False,236.61347034551946
2020-07-12 23:00:00,-0.30716,81.33824,120.0,24.0,5181.183378169903,966457.5353123386,-0.11399632742978151,-0.07439083710286505,0.13612185464627993,False,236.87264949621513
2020-07-13 00:00:00,-0.3299,81.33598,120.0,24.0,5566.207185720565,966707.0484105039,-0.0961447822698368,-0.06263775021988541,0.1147488863140862,False,236.91599724329407
2020-07-13 01:00:00,-0.34819,81.33419,120.0,24.0,5876.011060508289,966904.533838161,-0.07305440005010838,-0.046862915260995994,0.08679330730788272,False,237.32065185636222
2020-07-13 02:00:00,-0.36107,81.33295,120.0,24.0,6094.239620507644,967041.2587056188,-0.043669855388547035,-0.032479545085962076,0.05442404908354076,False,233.3598977115615
2020-07-13 03:00:00,-0.36682,81.33209,120.0,24.0,6191.901473371334,967136.4004827909,-0.007359746968578045,-0.024280815507055457,0.025371714114918575,False,196.8625571143723
2020-07-13 04:00:00,-0.36421,81.33138,120.0,24.0,6148.3479525654175,967215.7377421599,0.028231030072485903,-0.023196024394313133,0.03653828959673911,False,129.40823350201595
2020-07-13 05:00:00,-0.35478,81.33059,120.0,24.0,5989.703791479809,967304.700552686,0.05393356218502736,-0.028453884105739236,0.060979116512696815,False,117.81491298082761
2020-07-13 06:00:00,-0.34121,81.32954,120.0,24.0,5761.302299838912,967423.0062832272,0.06275757724663743,-0.03990020094118934,0.07436759735943438,False,122.44750719990282
2020-07-13 07:00:00,-0.32802,81.32801,120.0,24.0,5539.568067018528,967594.6677907709,0.05113262853004613,-0.056913596887799414,0.07650949752219406,False,138.06266654307444
2020-07-13 08:00:00,-0.31941,81.32586,120.0,24.0,5395.499385258166,967834.8851515218,0.02711829199804163,-0.0716046322638243,0.07656778123028352,False,159.25719103919863
2020-07-13 09:00:00,-0.31646,81.32338,120.0,24.0,5347.193467973592,968111.3016069252,0.0009585008907740341,-0.07701598709494521,0.07702195136560994,False,179.28696336153996
2020-07-13 10:00:00,-0.319,81.32088,120.0,24.0,5391.6610046116875,968389.4299174946,-0.02042517402872922,-0.07423146015923092,0.07699024231339555,False,195.38451929042049
2020-07-13 11:00:00,-0.32516,81.31858,120.0,24.0,5497.2281222240745,968644.941062302,-0.03226307172822898,-0.06588048841227355,0.07335628501212801,False,206.0919712401117
2020-07-13 12:00:00,-0.33274,81.31662,120.0,24.0,5626.643296043331,968862.4435073903,-0.035252091452895304,-0.05490070988725486,0.0652441407172155,False,212.70477546330238
2020-07-13 13:00:00,-0.34017,81.31503,120.0,24.0,5753.334469846546,969038.7455083613,-0.031546630678128504,-0.04345692606134651,0.05370004031510196,False,215.97697509955694
2020-07-13 14:00:00,-0.34617,81.31381,120.0,24.0,5855.632677085109,969173.9793438991,-0.023680868337885637,-0.03325002692087676,0.04082092374598233,False,215.45869728736645
2020-07-13 15:00:00,-0.35025,81.31288,120.0,24.0,5925.280010723585,969277.1111974332,-0.01454362754046988,-0.025053442658505284,0.028968812386408357,False,210.13534313900846
2020-07-13 16:00:00,-0.35236,81.31219,120.0,24.0,5961.447527022692,969353.7206455918,-0.007448724156309676,-0.020104471037173225,0.021439991773350296,False,200.32971205497574
2020-07-13 17:00:00,-0.35342,81.31158,120.0,24.0,5979.800007995954,969421.530832644,-0.005992570418117916,-0.019949721272208037,0.020830321146225562,False,196.7194094999017
2020-07-13 18:00:00,-0.35491,81.3109,120.0,24.0,6005.479215946612,969497.0897654075,-0.014595583550686167,-0.026135284240304087,0.02993466454641755,False,209.1817329991011
2020-07-13 19:00:00,-0.35963,81.30989,120.0,24.0,6086.051801536709,969609.0503203381,-0.035094990178868024,-0.038815208851136415,0.05232856556234063,False,222.1184884610903
2020-07-13 20:00:00,-0.36984,81.30839,120.0,24.0,6259.91231014354,969774.9677462045,-0.058444793939846924,-0.049794652798630844,0.0767808660149608,False,229.56917976079978
2020-07-13 21:00:00,-0.38449,81.30667,120.0,24.0,6509.159764917911,969964.8481213066,-0.07484326904143472,-0.05242423439216445,0.0913773236225114,False,234.99054245138586
2020-07-13 22:00:00,-0.40167,81.305,120.0,24.0,6801.304647234976,970148.7976019685,-0.08228858248545061,-0.051806776390108854,0.0972386388602779,False,237.8065364637869
2020-07-13 23:00:00,-0.41948,81.30332,120.0,24.0,7104.237943013628,970333.6942350683,-0.08058704678085729,-0.05428249240280235,0.09716409362681451,False,236.03625293830916
2020-07-14 00:00:00,-0.43593,81.30149,120.0,24.0,7384.37722339786,970535.3730924603,-0.06886195479830456,-0.05598477924304925,0.0887483201279703,False,230.88888418992417
2020-07-14 01:00:00,-0.44875,81.2997,120.0,24.0,7603.096516085824,970733.0007172448,-0.04673123020433485,-0.051809395385272385,0.06977120700258826,False,222.04994490498783
2020-07-14 02:00:00,-0.45579,81.29814,120.0,24.0,7723.753345288123,970905.7540766665,-0.016378175405456438,-0.046086032147809534,0.0489097841821126,False,199.56432952890765
2020-07-14 03:00:00,-0.45571,81.29672,120.0,24.0,7723.655255540025,971063.871578817,0.017869806803994533,-0.04469197801473012,0.04813213992833904,False,158.206309987317
2020-07-14 04:00:00,-0.4482,81.29525,120.0,24.0,7597.654119004918,971228.549465667,0.04610196709310332,-0.05056784926195475,0.06842878596638521,False,137.64502833588494
2020-07-14 05:00:00,-0.43613,81.29345,120.0,24.0,7394.579325646617,971430.5455041298,0.05943982530590419,-0.06464193230108942,0.08781612747106898,False,137.4007100904825
2020-07-14 06:00:00,-0.42296,81.29107,120.0,24.0,7173.242488095737,971697.2155052717,0.058794568861211635,-0.08119031857914363,0.10024305042524691,False,144.08954569010984
2020-07-14 07:00:00,-0.41117,81.2882,120.0,24.0,6975.585248930658,972018.2248153674,0.04806683305470851,-0.09402644746856627,0.10560015749736489,False,152.9236339466321
2020-07-14 08:00:00,-0.40256,81.28499,120.0,24.0,6832.028426004553,972376.672045905,0.03287984513796343,-0.10160350742743585,0.10679118380209796,False,162.06793412120072
2020-07-14 09:00:00,-0.39722,81.28163,120.0,24.0,6743.995999867746,972751.4152976957,0.018649828599940722,-0.10361317779808098,0.10527823478869651,False,169.79631733834685
2020-07-14 10:00:00,-0.39465,81.27829,120.0,24.0,6702.924815221499,973123.5999179644,0.00839652889436175,-0.10361259291233753,0.10395225397985187,False,175.36700443206297
2020-07-14 11:00:00,-0.39366,81.27493,120.0,24.0,6688.680863436688,973497.8246772549,0.003987952928306064,-0.1053133307613113,0.10538881062332824,False,177.8313880276272
2020-07-14 12:00:00,-0.39296,81.27148,120.0,24.0,6679.421912283681,973882.0352799881,0.0053598622808016215,-0.10701411353619444,0.1071482553269379,False,177.13270453842853
2020-07-14 13:00:00,-0.39139,81.26801,120.0,24.0,6655.375164814479,974268.5728455172,0.011763186131695077,-0.10654976793350339,0.10719713426511145,False,173.70000943611728
2020-07-14 14:00:00,-0.38798,81.26459,120.0,24.0,6599.969399861979,974649.754260538,0.021289740154547685,-0.1062399966093489,0.10835215694854729,False,168.66842392491702
2020-07-14 15:00:00,-0.38238,81.26114,120.0,24.0,6507.272241998764,975034.5212572708,0.031178022518374603,-0.10855924810784132,0.11294768451763906,False,163.97602876768138
2020-07-14 16:00:00,-0.37479,81.25757,120.0,24.0,6380.709009829216,975432.8615733779,0.03674592581565829,-0.11196154552203152,0.11783739109353958,False,161.830096347925
2020-07-14 17:00:00,-0.36684,81.2539,120.0,24.0,6247.98030777744,975842.3577674605,0.033731322025441615,-0.11443613393815077,0.11930394308778913,False,163.57653312143304
2020-07-14 18:00:00,-0.36053,81.25017,120.0,24.0,6143.123764202711,976258.3398018092,0.02148491062654973,-0.11691028397658193,0.11886806082424269,False,169.58679258870922
2020-07-14 19:00:00,-0.35776,81.24634,120.0,24.0,6098.588661861858,976685.0685265963,0.0016759513603596152,-0.11984756565002526,0.11985928335009936,False,179.1988266051875
2020-07-14 20:00:00,-0.35982,81.24242,120.0,24.0,6136.445155272396,977121.3007988445,-0.018147223876039776,-0.11690842257528092,0.11830849928660055,False,188.82337620153265
2020-07-14 21:00:00,-0.36542,81.23878,120.0,24.0,6234.532230515742,977525.9720253168,-0.029833957330685845,-0.10314526771958478,0.1073732334567326,False,196.13209690874578
2020-07-14 22:00:00,-0.37241,81.23575,120.0,24.0,6355.981681195844,977862.561655532,-0.02915455895009167,-0.08644462230167561,0.09122861959085933,False,198.63733920204308
2020-07-14 23:00:00,-0.37772,81.23319,120.0,24.0,6448.486064188773,978146.9957808842,-0.014579409599995489,-0.0754651230025364,0.07686054887959354,False,190.9344900991802
2020-07-15 00:00:00,-0.37856,81.23087,120.0,24.0,6464.533127833897,978405.2067172885,0.008114587816520897,-0.07082485557281963,0.07128819469128664,False,173.46397338188154
2020-07-15 01:00:00,-0.3743,81.22861,120.0,24.0,6393.431509730089,978657.309628906,0.03169835592289779,-0.07221551594909167,0.07886613032226333,False,156.30135657289907
2020-07-15 02:00:00,-0.3652,81.2262,120.0,24.0,6239.706534670887,978926.6382880523,0.050857669347847106,-0.08133902700916974,0.0959298694166389,False,147.9840933848801
2020-07-15 03:00:00,-0.35287,81.22335,120.0,24.0,6030.996545433373,979245.272690915,0.06148500294970031,-0.09896850232415287,0.11651253168655511,False,148.14903983946306
2020-07-15 04:00:00,-0.3393,81.2198,120.0,24.0,5801.411436890879,979641.9244001334,0.06271901667398247,-0.12000020893373314,0.13540208712088192,False,152.405841180928
2020-07-15 05:00:00,-0.32646,81.21559,120.0,24.0,5584.544045978785,980111.9332241847,0.05519070370213058,-0.13793869400250724,0.14857017560147695,False,158.19313857811665
2020-07-15 06:00:00,-0.31607,81.21088,120.0,24.0,5409.7036108630455,980637.3310163287,0.0418105265814493,-0.14721650688181775,0.15303862267905566,False,164.14507951090013
2020-07-15 07:00:00,-0.30887,81.20607,120.0,24.0,5289.360028279666,981173.5365899141,0.025801465364980822,-0.14427753990524295,0.14656644955817574,False,169.8608513454816
2020-07-15 08:00:00,-0.30522,81.20155,120.0,24.0,5229.53568462564,981677.115656324,0.008990902006240715,-0.13190559991705134,0.13221166214961158,False,176.10065703818958
2020-07-15 09:00:00,-0.30509,81.19754,120.0,24.0,5229.685677780538,982123.5882789027,-0.007073892926604906,-0.11504936467789234,0.11526663122484206,False,183.5184428525098
2020-07-15 10:00:00,-0.30819,81.19411,120.0,24.0,5284.877818489511,982505.1881356756,-0.020936891044710186,-0.10004909331967204,0.10221631220459146,False,191.81950396512417
2020-07-15 11:00:00,-0.31388,81.19107,120.0,24.0,5384.303824930361,982843.1204836384,-0.030997577031874356,-0.0918532003012425,0.09694256127948735,False,198.6479270505705
2020-07-15 12:00:00,-0.3212,81.18817,120.0,24.0,5511.680001575567,983165.2986126896,-0.03455770244508949,-0.08968858937894594,0.09611596050120146,False,201.07205714785425
2020-07-15 13:00:00,-0.32838,81.18527,120.0,24.0,5636.735470689429,983487.4733284686,-0.02956117141779229,-0.09092594236049602,0.09561061577950611,False,198.00999765502414
2020-07-15 14:00:00,-0.3336,81.18229,120.0,24.0,5728.269019297237,983818.7347971887,-0.01752640890911692,-0.09200815931354749,0.09366256663959571,False,190.78492596899315
2020-07-15 15:00:00,-0.33573,81.17932,120.0,24.0,5766.780566078039,984149.1861190341,-0.0019535085837452362,-0.09169827819983031,0.091719084276939,False,181.22042497684123
2020-07-15 16:00:00,-0.33442,81.17636,120.0,24.0,5746.202683132206,984478.8686496045,0.009571242266800712,-0.09850179016091767,0.09896570791660741,False,174.4500948881281
2020-07-15 17:00:00,-0.33172,81.17295,120.0,24.0,5702.008256299715,984858.7891516725,0.010145785558743592,-0.11922265964360593,0.11965358138016226,False,175.13587860258906
2020-07-15 18:00:00,-0.33017,81.16865,120.0,24.0,5678.12403982851,985337.6803388176,-0.00014726792519197834,-0.14319033662227454,0.14319041235306953,False,180.05892735358486
2020-07-15 19:00:00,-0.33178,81.16369,120.0,24.0,5709.009557192916,985889.7363475013,-0.017619569167576232,-0.15757004336665054,0.15855209801266942,False,186.38034085324648
2020-07-15 20:00:00,-0.33754,81.15846,120.0,24.0,5811.552295442102,986471.4310268165,-0.031327951010066135,-0.15772431131089754,0.1608054691016012,False,191.23414675848272
2020-07-15 21:00:00,-0.34488,81.15349,120.0,24.0,5941.256969176437,987024.0028674336,-0.03107728071435295,-0.14288002557784318,0.1462207204390808,False,192.27105544663993
2020-07-15 22:00:00,-0.35053,81.14922,120.0,24.0,6041.496888642075,987498.801727519,-0.01746994104516401,-0.12308694880901551,0.12432053654660082,False,188.07813267060624
2020-07-15 23:00:00,-0.35218,81.14553,120.0,24.0,6072.4600014927755,987909.442786885,0.005345619275251255,-0.10963287087021989,0.10976311776130562,False,177.20851016729625
2020-07-16 00:00:00,-0.3483,81.14213,120.0,24.0,6007.861065476421,988288.3800616646,0.02995139739004656,-0.10854918534745307,0.11260555867812302,False,164.57450598074854
2020-07-16 01:00:00,-0.33968,81.13851,120.0,24.0,5861.564948926149,988692.2934053676,0.05007281141780502,-0.12215594629035448,0.13202030774610032,False,157.71083873411783
2020-07-16 02:00:00,-0.32741,81.13423,120.0,24.0,5652.557409728386,989170.0247863301,0.06724249111310233,-0.14179302953649747,0.15692933389342378,False,154.6282944578785
2020-07-16 03:00:00,-0.31164,81.12934,120.0,24.0,5383.260755003147,989715.9531296052,0.08349845507651611,-0.15988376719933717,0.18037408631512683,False,152.4244227143223
2020-07-16 04:00:00,-0.29261,81.12389,120.0,24.0,5057.63873724641,990324.4408188326,0.09531378194239552,-0.1844699830317395,0.2076388491296674,False,152.6750568231812
2020-07-16 05:00:00,-0.27194,81.11741,120.0,24.0,4703.793490447391,991047.6244030284,0.09756764869373744,-0.22250939847264525,0.2429606521235136,False,156.32313704120543
2020-07-16 06:00:00,-0.252,81.1095,120.0,24.0,4362.76336156627,991929.8246086758,0.08477779783858994,-0.2594666815222234,0.272965627555038,False,161.90578312842024
2020-07-16 07:00:00,-0.23668,81.10063,120.0,24.0,4101.615820723811,992918.4511121741,0.05365486544485781,-0.27802062336945843,0.28315068709902164,False,169.07684506032888
2020-07-16 08:00:00,-0.2297,81.09152,120.0,24.0,3984.7205161408883,993933.1518212418,0.009926931274553765,-0.2746140493031458,0.27479341338394614,False,177.92973550217516
2020-07-16 09:00:00,-0.23255,81.08287,120.0,24.0,4038.069190395175,994895.9429176201,-0.036580403730388907,-0.2521880641353865,0.254827285880912,False,188.2533098315389
2020-07-16 10:00:00,-0.24486,81.07521,120.0,24.0,4255.466949096245,995747.8219373984,-0.06891794286196286,-0.2238913245388145,0.23425842151792436,False,197.1093456629818
2020-07-16 11:00:00,-0.2611,81.06839,120.0,24.0,4541.162966146496,996505.8251338768,-0.07512122042931044,-0.20271024025737872,0.21618195869219348,False,200.33391178620207
2020-07-16 12:00:00,-0.27596,81.0621,120.0,24.0,4802.985180961251,997204.8557342682,-0.07051142572642277,-0.19095750411632004,0.20355989176728118,False,200.26676410473993
2020-07-16 13:00:00,-0.29027,81.05604,120.0,24.0,5055.4613714101,997878.2580194874,-0.070610262778972,-0.18739967503796562,0.2002609483000882,False,200.6458911204159
2020-07-16 14:00:00,-0.30515,81.04998,120.0,24.0,5318.208185764318,998551.5404818116,-0.0635108108875435,-0.18863809440209156,0.19904259282687642,False,198.60738754615082
2020-07-16 15:00:00,-0.31651,81.04384,120.0,24.0,5519.966259469078,999233.9976448759,-0.037775496627581076,-0.19281234772318004,0.19647796207204735,False,191.0848959446621
2020-07-16 16:00:00,-0.32075,81.03751,120.0,24.0,5597.856456085945,999938.2657353253,-0.011750101281178057,-0.20626123400854593,0.20659564742473663,False,183.2604496073622
2020-07-16 17:00:00,-0.32136,81.0305,120.0,24.0,5612.8793156279935,1000718.5816546112,-0.005072124346218144,-0.234400107432104,0.23445497821450792,False,181.23961535668434
2020-07-16 18:00:00,-0.32284,81.02235,120.0,24.0,5643.840974516207,1001625.7151349437,-0.012510381757641824,-0.2694964590983977,0.2697866770585536,False,182.65783773493752
2020-07-16 19:00:00,-0.32651,81.01307,120.0,24.0,5713.885851397491,1002658.4178233905,-0.025262723935004953,-0.3010357647740084,0.30209392064999985,False,184.79698445622608
2020-07-16 20:00:00,-0.33323,81.00288,120.0,24.0,5838.081201457742,1003792.100911948,-0.04549423694222876,-0.3217504600753934,0.3249508949882781,False,188.04804420347443
2020-07-16 21:00:00,-0.3452,80.99226,120.0,24.0,6054.912015287763,1004973.0768993818,-0.0755158077940741,-0.3246830885521356,0.3333492841128438,False,193.09325123844928
2020-07-16 22:00:00,-0.36422,80.98188,120.0,24.0,6395.8695280799975,1006126.5009322559,-0.10703032017454507,-0.3025703554016904,0.3209428444514239,False,199.4805696236794
2020-07-16 23:00:00,-0.38908,80.97269,120.0,24.0,6839.363070936916,1007146.64077947,-0.1298797744106113,-0.25603193698560134,0.28709076710606735,False,206.89775020127217
2020-07-17 00:00:00,-0.41742,80.96532,120.0,24.0,7343.500475935326,1007963.5381812768,-0.13760642495359246,-0.2130532058542012,0.2536280676763936,False,212.8575366796328
2020-07-17 01:00:00,-0.4454,80.95891,120.0,24.0,7841.278547526481,1008673.3651342196,-0.12772928737272465,-0.19867715932348212,0.23619353185384306,False,212.73691101024417
2020-07-17 02:00:00,-0.46966,80.95247,120.0,24.0,8274.243528483012,1009386.8214918213,-0.1096637342283571,-0.1988302184216811,0.2270673696560586,False,208.87869516816255
2020-07-17 03:00:00,-0.49022,80.94605,120.0,24.0,8642.56557940194,1010098.4224162056,-0.09189067874317876,-0.1969733207322317,0.2173531364396767,False,205.0096784010309
2020-07-17 04:00:00,-0.50719,80.93973,120.0,24.0,8947.966171371989,1010799.3168321889,-0.06695868894192562,-0.20702278046860526,0.21758193320626112,False,197.9230919263731
2020-07-17 05:00:00,-0.51755,80.93266,120.0,24.0,9137.843753305002,1011584.660454016,-0.030122872313204853,-0.24227021123399128,0.24413570547496816,False,187.0875456531051
2020-07-17 06:00:00,-0.51948,80.92406,120.0,24.0,9180.59837811183,1012541.6321071379,-0.004192261326064092,-0.28308235027571144,0.2831133908748341,False,180.84845036373537
2020-07-17 07:00:00,-0.51926,80.91435,120.0,24.0,9186.506095180695,1013622.4959367196,-0.010775672326910929,-0.3070434840968007,0.3072325116917141,False,182.00996695938784
2020-07-17 08:00:00,-0.52386,80.9042,120.0,24.0,9278.215001635679,1014751.5512795771,-0.038762167196153295,-0.31554259102660137,0.31791450479259914,False,187.00329295938525
2020-07-17 09:00:00,-0.53501,80.89394,120.0,24.0,9486.353972803621,1015891.7559464362,-0.07037566542431968,-0.31399254159215356,0.321782613668632,False,192.63301909708872
2020-07-17 10:00:00,-0.55243,80.88389,120.0,24.0,9806.007534820648,1017007.4676383391,-0.09440568904921498,-0.2991495676738709,0.31369236197956896,False,197.51466602653684
2020-07-17 11:00:00,-0.5733,80.87459,120.0,24.0,10186.810101059886,1018038.9791399721,-0.10372105109563164,-0.27039455641011845,0.2896053738738412,False,200.98638862106384
2020-07-17 12:00:00,-0.59446,80.8664,120.0,24.0,10572.241429539135,1018946.7387356734,-0.1004283765217842,-0.2431851937589987,0.26310624712158204,False,202.43919449600398
2020-07-17 13:00:00,-0.61396,80.85886,120.0,24.0,10928.021599399952,1019782.3162242543,-0.08827388858441368,-0.23174460992228624,0.24798758766084664,False,200.8523481254026
2020-07-17 14:00:00,-0.63017,80.85141,120.0,24.0,11225.65626935449,1020608.3937122216,-0.06802999116225746,-0.23081610880035988,0.24063282357001176,False,196.42218296416326
2020-07-17 15:00:00,-0.64146,80.84393,120.0,24.0,11436.085753267833,1021438.7045395814,-0.0411672159904319,-0.23282377076072203,0.23643529326994334,False,190.02723081235376
2020-07-17 16:00:00,-0.6468,80.83635,120.0,24.0,11540.808771419903,1022281.3014585624,-0.015157608448290512,-0.24317873923584882,0.24365067681048752,False,183.56669704997154
2020-07-17 17:00:00,-0.64758,80.8282,120.0,24.0,11564.978554558495,1023188.2479261645,0.002263084977341948,-0.26744783320266363,0.2674574078959386,False,179.5151872359188
2020-07-17 18:00:00,-0.64589,80.81905,120.0,24.0,11546.279320258564,1024206.9870249742,0.008293121869063919,-0.29388148431862066,0.2939984739682348,False,178.38358372408885
2020-07-17 19:00:00,-0.64424,80.80919,120.0,24.0,11529.124236267935,1025304.7332654954,0.002728238548375704,-0.308101858900674,0.30811393792496256,False,179.49265976700076
2020-07-17 20:00:00,-0.64479,80.79912,120.0,24.0,11551.579901611203,1026425.4010455544,-0.00874018150374191,-0.3067080148115646,0.30683252292149427,False,181.63230173366685
2020-07-17 21:00:00,-0.64775,80.78935,120.0,24.0,11616.900572347684,1027512.1829645028,-0.01995681665965848,-0.29124663824638664,0.29192957853052304,False,183.91989692844595
2020-07-17 22:00:00,-0.6528,80.78028,120.0,24.0,11718.966381834445,1028520.6184100108,-0.02934988228099587,-0.27083886022714204,0.2724244919221576,False,186.18481322115258
2020-07-17 23:00:00,-0.65952,80.77183,120.0,24.0,11850.423324981282,1029459.6885755204,-0.03671285680330684,-0.25414166092318785,0.2567797065023961,False,188.21998346596337
2020-07-18 00:00:00,-0.66751,80.76384,120.0,24.0,12004.343657377352,1030347.2745349265,-0.04271369402789717,-0.2399181298777738,0.24369072346225484,False,190.09485344218973
2020-07-18 01:00:00,-0.67662,80.75631,120.0,24.0,12178.065356037368,1031183.3990630949,-0.04812265421016387,-0.2258494300361176,0.230919368819227,False,192.02836558044157
2020-07-18 02:00:00,-0.68676,80.74923,120.0,24.0,12370.005365578614,1031969.1854353638,-0.053063399589652886,-0.2170368427543296,0.22342944185755548,False,193.73874667119543
2020-07-18 03:00:00,-0.69783,80.74227,120.0,24.0,12578.82439461686,1032741.3727740204,-0.05786129164595894,-0.21889061109941305,0.2264089854630624,False,194.80682562052357
2020-07-18 04:00:00,-0.70987,80.73507,120.0,24.0,12805.770226709874,1033540.0071036409,-0.06482364791896265,-0.22770012305296589,0.23674765335237738,False,195.89105335538846
2020-07-18 05:00:00,-0.7237,80.72754,120.0,24.0,13065.830284151869,1034374.9053945909,-0.07478235344434474,-0.23805543278503322,0.2495251279233103,False,197.439506527217
2020-07-18 06:00:00,-0.73969,80.71967,120.0,24.0,13365.809078758975,1035247.0687574978,-0.08018704563941492,-0.2490307097182772,0.2616223550676938,False,197.84838283987835
2020-07-18 07:00:00,-0.75565,80.71143,120.0,24.0,13666.276206636041,1036160.3237321257,-0.07600863684302821,-0.2586142219867777,0.2695526454861122,False,196.37845319583673
2020-07-18 08:00:00,-0.76995,80.70294,120.0,24.0,13937.580390065305,1037101.7118171678,-0.07540383033224853,-0.2581468398896632,0.2689340598990651,False,196.28290748588248
2020-07-18 09:00:00,-0.78564,80.69473,120.0,24.0,14234.110952024088,1038011.517699055,-0.09102642495359857,-0.2423753559693283,0.2589046604854608,False,200.58415670846
2020-07-18 10:00:00,-0.80612,80.68726,120.0,24.0,14616.83714252923,1038837.6638936992,-0.11520152954760945,-0.225060231523226,0.25283097164587415,False,207.10653436850646
2020-07-18 11:00:00,-0.83138,80.68017,120.0,24.0,15086.277726797565,1039620.1214537296,-0.13542499498630017,-0.21733115090092978,0.25607178372277206,False,211.92816441056755
2020-07-18 12:00:00,-0.85985,80.6732,120.0,24.0,15614.499180475897,1040388.1355169413,-0.14098571242272448,-0.20203209839333724,0.24636140097133372,False,214.9088062144284
2020-07-18 13:00:00,-0.88728,80.6671,120.0,24.0,16123.089690408628,1041059.3555541927,-0.1262793828512128,-0.1664829123926496,0.20895703542121238,False,217.18077454657458
2020-07-18 14:00:00,-0.90989,80.66243,120.0,24.0,16542.163636496476,1041572.5893100953,-0.10488970636811822,-0.14174834737205874,0.17633616896343157,False,216.50037790915945
2020-07-18 15:00:00,-0.92882,80.65793,120.0,24.0,16894.407195566517,1042067.8223649127,-0.09115474494619497,-0.15673951945610376,0.1813186821194556,False,210.18092794517023
2020-07-18 16:00:00,-0.94597,80.65229,120.0,24.0,17216.685236790756,1042690.3265465094,-0.08271349971328441,-0.18579839211277077,0.20337788853882427,False,203.9976131634139
2020-07-18 17:00:00,-0.96154,80.64591,120.0,24.0,17511.948839191336,1043395.5564182232,-0.07452000308122284,-0.19862701330691482,0.21214599047460403,False,200.56486396504624
2020-07-18 18:00:00,-0.97543,80.63944,120.0,24.0,17777.15281601293,1044111.2357805945,-0.06794033988121151,-0.20078949889096892,0.2119724336984905,False,198.69407141083164
2020-07-18 19:00:00,-0.98838,80.63292,120.0,24.0,18025.65921395757,1044832.7038492591,-0.0649998521429087,-0.2031066319394122,0.21325403798374334,False,197.7461378631536
2020-07-18 20:00:00,-1.00109,80.6263,120.0,24.0,18270.307421970032,1045565.3131424704,-0.06344727152773681,-0.20094171554767787,0.21072050045393836,False,197.52349227685244
2020-07-18 21:00:00,-1.01341,80.61992,120.0,24.0,18507.687159459158,1046271.2820651607,-0.06107918079689754,-0.18795698617871684,0.19763222151310866,False,198.0022757925086
2020-07-18 22:00:00,-1.02517,80.61414,120.0,24.0,18733.943595446726,1046910.6138071613,-0.05979782636825152,-0.16909841634755093,0.1793601250267663,False,199.47498772217244
2020-07-18 23:00:00,-1.03697,80.60898,120.0,24.0,18959.945814995586,1047480.892635204,-0.06140574414195679,-0.14962184205388052,0.16173237472201982,False,202.3135546927939
2020-07-19 00:00:00,-1.04935,80.60446,120.0,24.0,19195.488627279363,1047979.7133252386,-0.06255159948391997,-0.1269002488201374,0.14147924140526594,False,206.23958387157444
2020-07-19 01:00:00,-1.06159,80.60077,120.0,24.0,19426.974592946637,1048386.1732764272,-0.06000823975001662,-0.10046924760568945,0.11702588838521505,False,210.84901380738717
2020-07-19 02:00:00,-1.07296,80.59796,120.0,24.0,19640.87595927218,1048694.962903955,-0.056494719293340476,-0.08454840138978552,0.10168621089214419,False,213.7506013697107
2020-07-19 03:00:00,-1.08381,80.5953,120.0,24.0,19845.06442529591,1048987.1981708033,-0.055470638459890476,-0.09165795769392918,0.10713623541906815,False,211.18197954836586
2020-07-19 04:00:00,-1.09477,80.59203,120.0,24.0,20052.67576867178,1049347.227729142,-0.05765373567850625,-0.11360580314361393,0.12739792677117093,False,206.9073084920896
2020-07-19 05:00:00,-1.10647,80.58795,120.0,24.0,20275.723672459288,1049797.0795365132,-0.06269376272830424,-0.1384902268383034,0.15201990269289622,False,204.35600077259556
2020-07-19 06:00:00,-1.1194,80.58307,120.0,24.0,20523.241608745953,1050335.4548408892,-0.06825162179310146,-0.16028351329124646,0.17420989785420846,False,203.06518295220616
2020-07-19 07:00:00,-1.13327,80.57758,120.0,24.0,20789.586885074386,1050941.3003836833,-0.07195865884777487,-0.1734210836336075,0.1877576119144711,False,202.53532407072504
2020-07-19 08:00:00,-1.14764,80.57185,120.0,24.0,21065.938053376034,1051573.5953760901,-0.07342628872807452,-0.1683200338192041,0.18363837741952682,False,203.56828538131714
2020-07-19 09:00:00,-1.16207,80.56669,120.0,24.0,21342.42305109881,1052142.3729357533,-0.07269796149781012,-0.14018914860326434,0.15791767156352457,False,207.40992411119217
2020-07-19 10:00:00,-1.17614,80.56278,120.0,24.0,21609.726143494838,1052572.1342917427,-0.0698967972379431,-0.10834898880896435,0.1289382241232103,False,212.82638496676014
2020-07-19 11:00:00,-1.18946,80.55968,120.0,24.0,21861.58661530066,1052911.991410314,-0.06514782360984893,-0.09227439278731078,0.11295486924151124,False,215.22296284607455
2020-07-19 12:00:00,-1.20166,80.55681,120.0,24.0,22092.480841989527,1053226.6296866254,-0.05865562161360814,-0.08485530423240184,0.10315476044881423,False,214.6538892291412
2020-07-19 13:00:00,-1.21243,80.55419,120.0,24.0,22296.6268526715,1053513.9585908987,-0.050012495280140824,-0.07759085215003991,0.09231245864733244,False,212.80448847655003
2020-07-19 14:00:00,-1.22124,80.55179,120.0,24.0,22464.31092936174,1053777.5394912579,-0.03620288293144287,-0.0809912736493514,0.08871434573896084,False,204.0845157185273
2020-07-19 15:00:00,-1.2266,80.54895,120.0,24.0,22569.656829804586,1054091.4078278353,-0.01597044971452209,-0.10572037110721687,0.10691983974516485,False,188.59032854196056
2020-07-19 16:00:00,-1.22749,80.54495,120.0,24.0,22595.566216674837,1054536.0902568828,0.001818661973136557,-0.1454414276443011,0.14545279786441032,False,179.2835863439817
2020-07-19 17:00:00,-1.22589,80.53954,120.0,24.0,22578.998229691722,1055138.626309703,0.008648049822441297,-0.1893358470186077,0.18953324703593574,False,177.38479208136982
2020-07-19 18:00:00,-1.22411,80.5327,120.0,24.0,22562.479448834045,1055900.3284690657,0.007884729861594497,-0.22581086671050085,0.22594848193678554,False,178.00019244130868
2020-07-19 19:00:00,-1.22281,80.52493,120.0,24.0,22556.974115538946,1056765.306290896,0.004738639616768895,-0.24435653751322478,0.24440247979689084,False,178.88904128779717
2020-07-19 20:00:00,-1.22226,80.51689,120.0,24.0,22565.914681722417,1057660.0229705174,7.469343506761195e-05,-0.23956377890085018,0.23956379054515872,False,179.98213578668833
2020-07-19 21:00:00,-1.22278,80.50943,120.0,24.0,22593.229146786023,1058489.7845162295,-0.0055965202027653165,-0.20973300879760326,0.20980766434445497,False,181.52851911754237
2020-07-19 22:00:00,-1.22444,80.50332,120.0,24.0,22638.425383174097,1059168.8968652254,-0.009039183430569376,-0.16413813613131512,0.16438684427214245,False,183.15212819772012
2020-07-19 23:00:00,-1.2263,80.49881,120.0,24.0,22683.550036567467,1059669.9185124203,-0.00678129101657643,-0.11375265945416949,0.11395461131848836,False,183.41161308074845
2020-07-20 00:00:00,-1.22708,80.49596,120.0,24.0,22704.767601892006,1059986.6835026706,0.002211470015501697,-0.06537663405308362,0.06541402662839428,False,178.0626166316572
2020-07-20 01:00:00,-1.22544,80.49458,120.0,24.0,22677.711372383274,1060140.8633123345,0.01704178250235053,-0.025501012757570742,0.030671224340074958,False,146.24603841706215
2020-07-20 02:00:00,-1.22045,80.49431,120.0,24.0,22586.021517779398,1060172.8729218075,0.032182541472365975,-0.00463592242760265,0.03251473131328791,False,98.19711757121723
2020-07-20 03:00:00,-1.21292,80.49428,120.0,24.0,22446.760579689424,1060179.1697248162,0.041566947218021906,-0.011436627838547889,0.04311157103775352,False,105.38357769549395
2020-07-20 04:00:00,-1.20428,80.49357,120.0,24.0,22288.54959712785,1060261.5333537743,0.041467825983895305,-0.04049365548425132,0.057959612889561814,False,134.3190309764105
2020-07-20 05:00:00,-1.19679,80.49166,120.0,24.0,22154.385808809548,1060476.9346865641,0.030546374042933155,-0.08206905376238972,0.08756946130144228,False,159.58456652539695
2020-07-20 06:00:00,-1.1924,80.48826,120.0,24.0,22081.005400637798,1060856.8952685383,0.014761716150434328,-0.12132505882066033,0.12221979447512864,False,173.06287485304284
2020-07-20 07:00:00,-1.19105,80.48381,120.0,24.0,22066.30267292508,1061352.497703752,0.0006660031359009763,-0.14481637429769784,0.14481790574686526,False,179.7365014834013
2020-07-20 08:00:00,-1.19214,80.47889,120.0,24.0,22097.884574283984,1061899.4475599176,-0.009837343570771491,-0.15022503692712935,0.1505467869078805,False,183.7466103463728
2020-07-20 09:00:00,-1.19487,80.47409,120.0,24.0,22159.619613822546,1062432.410236064,-0.016435292311318433,-0.1392513087082739,0.14021785125413055,False,186.73125822990312
2020-07-20 10:00:00,-1.19852,80.46988,120.0,24.0,22237.10026580012,1062899.3713600358,-0.0207457721900424,-0.12008645065516599,0.1218652645125622,False,189.80150128277603
2020-07-20 11:00:00,-1.20292,80.46632,120.0,24.0,22327.04145234883,1063293.7192196923,-0.023691989619698848,-0.10045817168417069,0.10321412030466681,False,193.27011687527113
2020-07-20 12:00:00,-1.20771,80.46338,120.0,24.0,22422.829479000873,1063618.9296935967,-0.021892990569140385,-0.08083027794328955,0.08374268247703742,False,195.1550302216665
2020-07-20 13:00:00,-1.21141,80.46109,120.0,24.0,22496.902292221246,1063872.2455875773,-0.012250733518391819,-0.0632114439689134,0.06438763173446999,False,190.96826851830912
2020-07-20 14:00:00,-1.21246,80.45929,120.0,24.0,22520.637024122643,1064072.0855736616,0.002684932238359106,-0.062438223449531025,0.06249592473640298,False,177.53771709010618
2020-07-20 15:00:00,-1.21037,80.45705,120.0,24.0,22487.087624486656,1064322.1091951854,0.019358260174517746,-0.09056568677846599,0.09261147800699182,False,167.9346867622702
2020-07-20 16:00:00,-1.20496,80.45343,120.0,24.0,22395.062628070362,1064726.9571900629,0.03661306885179468,-0.13492060783441978,0.1398001689167633,False,164.8174215005788
2020-07-20 17:00:00,-1.19619,80.44832,120.0,24.0,22243.95995994674,1065298.8662891933,0.052906427326315966,-0.17834801669210718,0.186029850052197,False,163.47716138254748
2020-07-20 18:00:00,-1.18448,80.44189,120.0,24.0,22041.026275708242,1066018.7352631588,0.06322579130826414,-0.2137394333418076,0.2228946972268142,False,163.5213720090661
2020-07-20 19:00:00,-1.17173,80.43449,120.0,24.0,21820.643560325207,1066846.8716164252,0.06373495901576426,-0.23645772008871024,0.2448967096354951,False,164.91496018453915
2020-07-20 20:00:00,-1.15984,80.42659,120.0,24.0,21617.045065596696,1067730.2587792184,0.058477346994991415,-0.24047465029697482,0.24748264090037703,False,166.33240166931432
2020-07-20 21:00:00,-1.14914,80.41893,120.0,24.0,21434.73966208979,1068586.4568395645,0.05300422226212739,-0.22161855558672927,0.2278688915976931,False,166.54931101598027
2020-07-20 22:00:00,-1.13938,80.41225,120.0,24.0,21267.49214336288,1069333.2450327124,0.05063056319470366,-0.18359901341221166,0.1904522293262811,False,164.58289657081968
2020-07-20 23:00:00,-1.12961,80.40705,120.0,24.0,21096.557421462137,1069915.3571104417,0.05283694542009669,-0.13337109844119674,0.14345589113291118,False,158.38826833386838
2020-07-21 00:00:00,-1.11901,80.40362,120.0,24.0,20906.071000820106,1070300.8300901256,0.05594384590221613,-0.08407152636815887,0.10098383751968894,False,146.3589530199656
2020-07-21 01:00:00,-1.10805,80.40161,120.0,24.0,20705.659846784103,1070528.422923655,0.056268100529075216,-0.048063082080813425,0.07400107429123663,False,130.50328769832117
2020-07-21 02:00:00,-1.09733,80.40051,120.0,24.0,20507.70840098485,1070654.6539466113,0.055549676225037946,-0.029826841533773216,0.06305082873830736,False,118.23312881264178
2020-07-21 03:00:00,-1.08665,80.39968,120.0,24.0,20309.888235539605,1070750.7963277544,0.056127417582502406,-0.03075392602631042,0.06400071070318183,False,118.71968039772202
2020-07-21 04:00:00,-1.07571,80.39852,120.0,24.0,20107.862944361324,1070883.7062697362,0.05657701883323387,-0.049144657250107554,0.07494101945054289,False,130.97865360155816
2020-07-21 05:00:00,-1.06486,80.3965,120.0,24.0,19909.24836348259,1071112.2230015094,0.054304120955776275,-0.08190791868456077,0.09827433386198148,False,146.45602473767343
2020-07-21 06:00:00,-1.0548,80.39322,120.0,24.0,19727.900614236954,1071480.6076826411,0.04618904270445882,-0.12023472698492306,0.1288014644291489,False,158.98535877532015
2020-07-21 07:00:00,-1.04708,80.38872,120.0,24.0,19592.679832069756,1071983.8883562149,0.02996276002786543,-0.1553153299713336,0.1581790716643377,False,169.08088482235917
2020-07-21 08:00:00,-1.04327,80.38317,120.0,24.0,19532.640011963515,1072602.6336053633,0.007898499990284613,-0.18220408766672716,0.18237520627695236,False,177.51779687741936
2020-07-21 09:00:00,-1.04404,80.37693,120.0,24.0,19559.70590934129,1073296.575764107,-0.015542855345068147,-0.19734723880247923,0.1979583618219763,False,184.503257865788
2020-07-21 10:00:00,-1.04924,80.3704,120.0,24.0,19670.420109512073,1074021.2587564972,-0.0317448126780852,-0.19904629155007575,0.2015618002296181,False,189.0614799204879
2020-07-21 11:00:00,-1.05623,80.36405,120.0,24.0,19814.47329969185,1074725.2834023375,-0.03303646813628154,-0.18668309968152852,0.18958372275494292,False,190.03547744337942
2020-07-21 12:00:00,-1.06192,80.35832,120.0,24.0,19933.019266538075,1075360.76401487,-0.019912775241949288,-0.16473814541952134,0.16593726276547938,False,186.89220820943268
2020-07-21 13:00:00,-1.06387,80.35339,120.0,24.0,19979.802848112817,1075908.5372303238,0.005250193886992934,-0.14078328286073719,0.14088114589574205,False,177.86427330478188
2020-07-21 14:00:00,-1.05991,80.34921,120.0,24.0,19914.044600857258,1076374.9307765428,0.040979784467090254,-0.12656288172780966,0.13303197272166084,False,162.05856989855835
2020-07-21 15:00:00,-1.04817,80.3452,120.0,24.0,19701.655113402405,1076825.0919404181,0.08376468142690847,-0.13243131302358438,0.15669899337169355,False,147.686067223909
2020-07-21 16:00:00,-1.02783,80.34064,120.0,24.0,19328.482285407634,1077339.309290423,0.1203993840442103,-0.15715711333658924,0.19797568019965178,False,142.54397134857152
2020-07-21 17:00:00,-1.00208,80.33503,120.0,24.0,18855.216498209575,1077971.991155234,0.13959953802689606,-0.19579348234492538,0.2404643814498842,False,144.51136641295983
2020-07-21 18:00:00,-0.97442,80.32797,120.0,24.0,18348.173387525138,1078766.384950831,0.14773116630563585,-0.2424624970442714,0.28392351077529093,False,148.64626095945488
2020-07-21 19:00:00,-0.9456,80.31934,120.0,24.0,17821.393834812192,1079735.5573744446,0.15288723656956707,-0.2885121695878447,0.3265176551216856,False,152.08016444288097
2020-07-21 20:00:00,-0.91602,80.3093,120.0,24.0,17281.816847769696,1080861.5560748647,0.15250945857477655,-0.3178733092663745,0.3525657040875185,False,154.36921011453558
2020-07-21 21:00:00,-0.8874,80.29877,120.0,24.0,16760.055051090945,1082041.5073978386,0.14608142985856357,-0.31833505029161724,0.35025274930211314,False,155.3499851460179
2020-07-21 22:00:00,-0.86033,80.2887,120.0,24.0,16265.65408830788,1083169.5830081156,0.15236381916652342,-0.3007090275545402,0.3371062927976965,False,153.12949274392037
2020-07-21 23:00:00,-0.82938,80.27931,120.0,24.0,15695.668331953502,1084222.8400971715,0.18608700629055425,-0.2795271076536736,0.33580318316449775,False,146.3474683826003
2020-07-22 00:00:00,-0.78954,80.27061,120.0,24.0,14955.100138979265,1085201.36119194,0.22581089466331694,-0.25696649959601003,0.3420852847803802,False,138.69241141257544
2020-07-22 01:00:00,-0.74355,80.26268,120.0,24.0,14095.478769113995,1086095.226696018,0.24815458096344706,-0.2336386041177303,0.34083382077960733,False,133.27425395629507
2020-07-22 02:00:00,-0.69529,80.25549,120.0,24.0,13190.367542204689,1086906.6037222198,0.2583248707941418,-0.21463211282473316,0.33585515140670247,False,129.72187701029492
2020-07-22 03:00:00,-0.64551,80.24879,120.0,24.0,12254.429176490677,1087663.03411724,0.26618010423084215,-0.205977750595942,0.33656898494796883,False,127.73372561505226
2020-07-22 04:00:00,-0.59434,80.24216,120.0,24.0,11290.700400511088,1088411.1407295454,0.271648515281232,-0.21741309791794117,0.3479387460470219,False,128.67193219231785
2020-07-22 05:00:00,-0.54256,80.23472,120.0,24.0,10314.90272797811,1089248.6124433407,0.27141588641969594,-0.2565092051226048,0.3734481968273777,False,133.38260567500976
2020-07-22 06:00:00,-0.49156,80.22556,120.0,24.0,9354.082196556139,1090276.4290880316,0.25943390096447616,-0.32295826982820597,0.41425595109795815,False,141.22492270160097
2020-07-22 07:00:00,-0.44441,80.21382,120.0,24.0,8466.996676710225,1091589.851769819,0.2300659666077978,-0.40810169094306076,0.46848408632713,False,150.5880150967688
2020-07-22 08:00:00,-0.40462,80.19915,120.0,24.0,7720.447768416242,1093227.5210581853,0.1812371479091874,-0.47917835162695643,0.5123073261726635,False,159.28213766202958
2020-07-22 09:00:00,-0.37601,80.18281,120.0,24.0,7186.485873578807,1095049.0649883184,0.11679544634865281,-0.5092987712868968,0.5225192960285044,False,167.0839184102191
2020-07-22 10:00:00,-0.3606,80.16619,120.0,24.0,6903.603269932475,1096899.911887671,0.060936373194065606,-0.517935477756897,0.5215078146080954,False,173.2898590312072
2020-07-22 11:00:00,-0.35308,80.14929,120.0,24.0,6771.22242134121,1098780.8878455001,0.03371044174267743,-0.5276591325134316,0.5287348617287435,False,176.34452516341292
2020-07-22 12:00:00,-0.34794,80.13204,120.0,24.0,6684.304437955333,1100700.481205817,0.017486019901446173,-0.5244070982513998,0.5246985473473764,False,178.09021639630305
2020-07-22 13:00:00,-0.34652,80.11535,120.0,24.0,6668.25413556142,1102557.313877111,-0.008149762874593076,-0.49287959093741557,0.4929469644876071,False,180.9472992530351
2020-07-22 14:00:00,-0.35098,80.10014,120.0,24.0,6764.4439622734735,1104248.7944801133,-0.0358848622323997,-0.4510013435906803,0.45242671810806795,False,184.549273947188
2020-07-22 15:00:00,-0.35992,80.08616,120.0,24.0,6946.5117876918885,1105802.8799175434,-0.052517486928855786,-0.42225894012157805,0.4255122782551885,False,187.0896252537699
2020-07-22 16:00:00,-0.37057,80.07281,120.0,24.0,7161.660581393388,1107286.623571891,-0.049620896577654,-0.4143765845656623,0.41733701874321394,False,186.82855704512167
2020-07-22 17:00:00,-0.37841,80.05934,120.0,24.0,7323.070993225701,1108784.0182353465,-0.026777410994563926,-0.4301310702240747,0.43096376565980543,False,183.56229840163468
2020-07-22 18:00:00,-0.38054,80.04497,120.0,24.0,7374.907353029977,1110382.2264133138,-0.010982303011363418,-0.4692127459186991,0.46934125315382097,False,181.3408091516859
2020-07-22 19:00:00,-0.38249,80.02897,120.0,24.0,7424.579450756087,1112161.7503233855,-0.029178429891158292,-0.5246690609470921,0.5254797848500137,False,183.18311233035496
2020-07-22 20:00:00,-0.39135,80.01101,120.0,24.0,7610.205456365199,1114158.3570234429,-0.08060256486187041,-0.5668318034586497,0.5725339001967459,False,188.09310956990953
2020-07-22 21:00:00,-0.41231,79.99228,120.0,24.0,8032.780096586555,1116238.8802258028,-0.1554180938137067,-0.5686647497193987,0.5895204673784554,False,195.2858464834648
2020-07-22 22:00:00,-0.44876,79.9742,120.0,24.0,8758.65039078211,1118244.5846929934,-0.2353167218281971,-0.5358969900416284,0.5852858647769023,False,203.70666813497047
2020-07-22 23:00:00,-0.4991,79.95759,120.0,24.0,9757.228972527655,1120083.9501614089,-0.30425999590841646,-0.4796544567479271,0.5680163228185777,False,212.3882487414309
2020-07-23 00:00:00,-0.56081,79.94315,120.0,24.0,10979.322197521115,1121678.883188359,-0.36391094484985204,-0.397304885801209,0.5387785705306251,False,222.48808969984805
2020-07-23 01:00:00,-0.63294,79.93187,120.0,24.0,12405.261268961756,1122918.762656201,-0.4178272637179648,-0.2883889523873948,0.5076886941474478,False,235.3861371168217
2020-07-23 02:00:00,-0.71432,79.92448,120.0,24.0,14010.43223233739,1123721.9246553383,-0.45827455355538127,-0.17469895243769237,0.49044397276265017,False,249.13264122238274
2020-07-23 03:00:00,-0.80119,79.92056,120.0,24.0,15720.262915770652,1124135.3618247795,-0.47701835173887697,-0.0790897995718763,0.4835304584945963,False,260.5859805145333
2020-07-23 04:00:00,-0.88938,79.91936,120.0,24.0,17452.591125167175,1124243.290656349,-0.47485714133028395,-0.006806110994044696,0.47490591470230453,False,269.17883780100874
2020-07-23 05:00:00,-0.97543,79.92012,120.0,24.0,19139.583078031425,1124131.2906939804,-0.45228195569673185,0.038441994847366955,0.4539127167382574,False,274.85821497201573
2020-07-23 06:00:00,-1.05534,79.92185,120.0,24.0,20703.837464019238,1123911.1121003537,-0.39924389211873823,0.04243645146454797,0.4014928863716288,False,276.06730478791735
2020-07-23 07:00:00,-1.12194,79.92287,120.0,24.0,22008.023980040747,1123772.8561649574,-0.3180267613362523,-0.00437129081962046,0.3180568017028645,False,269.2125167607622
2020-07-23 08:00:00,-1.17205,79.92157,120.0,24.0,22993.807420467965,1123897.7445427468,-0.27234397139446503,-0.08311248689209365,0.28474361139856613,False,253.02913743372252
2020-07-23 09:00:00,-1.22187,79.91749,120.0,24.0,23980.730618742702,1124331.0317196206,-0.31372608474380625,-0.16726218058791062,0.35552875172579324,False,241.93581707268237
2020-07-23 10:00:00,-1.28711,79.91074,120.0,24.0,25277.801888087753,1125053.5910778656,-0.38164824472859993,-0.22844686514278356,0.4447958553066636,False,239.0961200866319
2020-07-23 11:00:00,-1.36176,79.9027,120.0,24.0,26764.851237609055,1125913.7103963692,-0.4048074304995474,-0.2453187855776044,0.47333958459536907,False,238.78356936864904
2020-07-23 12:00:00,-1.43539,79.89486,120.0,24.0,28233.568156326157,1126750.1218177888,-0.3829395932591516,-0.229734916342457,0.44656563221139195,False,239.03941637469106
2020-07-23 13:00:00,-1.50193,79.88783,120.0,24.0,29562.585561681055,1127498.216702779,-0.33357414657906004,-0.2003911746613966,0.3891379371741113,False,239.005097962199
2020-07-23 14:00:00,-1.55741,79.88189,120.0,24.0,30672.293994570828,1128129.4916478621,-0.2734024795012438,-0.17010658110931406,0.3220018085882868,False,238.11079712184295
2020-07-23 15:00:00,-1.60188,79.87682,120.0,24.0,31563.64368387222,1128669.0306638463,-0.21516832247415002,-0.15048033670159724,0.26256758887982706,False,235.03255836197062
2020-07-23 16:00:00,-1.63603,79.87215,120.0,24.0,32251.18795324239,1129169.2193059737,-0.1567291416815998,-0.15124784683510295,0.21780710508269868,False,226.01962782608751
2020-07-23 17:00:00,-1.65912,79.86703,120.0,24.0,32722.72425966034,1129725.3537443955,-0.09670022899473703,-0.179510320175909,0.2038992136750212,False,208.31085659779035
2020-07-23 18:00:00,-1.67133,79.86053,120.0,24.0,32984.55880435672,1130440.9934439326,-0.05210874503946418,-0.23109728739708554,0.23689929833555656,False,192.70677668075007
2020-07-23 19:00:00,-1.67813,79.85207,120.0,24.0,33146.27705887773,1131377.6037419941,-0.03855459814629901,-0.296126586822772,0.298625873730873,False,187.4179744173419
2020-07-23 20:00:00,-1.68538,79.84136,120.0,24.0,33324.47111154157,1132564.0611973098,-0.046538566608260314,-0.3551317495544038,0.35816811377274116,False,187.46583506213523
2020-07-23 21:00:00,-1.69507,79.82908,120.0,24.0,33556.41267963161,1133923.5911635216,-0.06378561277244285,-0.3901920490533504,0.3953712679763266,False,189.28415636229005
2020-07-23 22:00:00,-1.70857,79.8161,120.0,24.0,33866.62876503638,1135358.6296764445,-0.09264847263172934,-0.40238773891851026,0.41291601072487305,False,192.96619168640797
2020-07-23 23:00:00,-1.72871,79.80303,120.0,24.0,34309.56706311969,1136799.6056615727,-0.13506111681057326,-0.39542747236829257,0.41785690275224135,False,198.857973166994
2020-07-24 00:00:00,-1.75755,79.7905,120.0,24.0,34924.514310416744,1138175.0759854529,-0.17608750948298532,-0.3649944378301997,0.4052502321318323,False,205.75446875207064
2020-07-24 01:00:00,-1.7925,79.7794,120.0,24.0,35657.40081090814,1139387.4446792959,-0.19813992538547634,-0.30846324764034466,0.36661833720722525,False,212.71447166270104
2020-07-24 02:00:00,-1.82926,79.77053,120.0,24.0,36419.89437137214,1140350.3004110355,-0.19060956960126163,-0.2403532008870461,0.30675995371010695,False,218.41580422909513
2020-07-24 03:00:00,-1.86143,79.76384,120.0,24.0,37084.33131466499,1141073.2975402502,-0.14925009838936182,-0.18011721909301348,0.2339183714098463,False,219.646083081692
2020-07-24 04:00:00,-1.8832,79.75887,120.0,24.0,37536.05258501031,1141611.5544800195,-0.08875248880226454,-0.14721129205627223,0.17189580791128437,False,211.0854327526631
2020-07-24 05:00:00,-1.89349,79.75431,120.0,24.0,37757.835361074765,1142111.6468884437,-0.028131059234757352,-0.15631753467393963,0.1588286124733442,False,190.2018090773708
2020-07-24 06:00:00,-1.89336,79.74875,120.0,24.0,37775.67350659052,1142729.733818377,0.015948063869474977,-0.20558634332232603,0.2062039895390731,False,175.56424597848974
2020-07-24 07:00:00,-1.88774,79.741,120.0,24.0,37691.977555204154,1143594.854214293,0.03123598589422883,-0.28575020205333396,0.28745236959939235,False,173.7616407894143
2020-07-24 08:00:00,-1.8821,79.73025,120.0,24.0,37618.66997908247,1144793.4271684112,0.0209813968081937,-0.37440732116116326,0.37499474816469275,False,176.79255882181826
2020-07-24 09:00:00,-1.88018,79.71676,120.0,24.0,37629.528767670185,1146294.0940997067,-0.006781060395956436,-0.44823229583913976,0.44828358637509774,False,180.86673028321212
2020-07-24 10:00:00,-1.88453,79.70123,120.0,24.0,37773.3523405068,1148017.360340415,-0.040623089624144765,-0.4922444468956373,0.49391783821826396,False,184.71771523258894
2020-07-24 11:00:00,-1.89476,79.68489,120.0,24.0,38038.40766398542,1149826.7186881017,-0.06909507085496161,-0.49656204445318214,0.5013461806057529,False,187.9216655661378
2020-07-24 12:00:00,-1.9093,79.66908,120.0,24.0,38388.77599497484,1151574.2035577479,-0.08409601415835646,-0.46273279594101924,0.4703124281121172,False,190.30038510798204
2020-07-24 13:00:00,-1.92487,79.65493,120.0,24.0,38754.56561072999,1153136.3717443023,-0.0793280251141989,-0.39986944741968616,0.4076622505803599,False,191.2209208005142
2020-07-24 14:00:00,-1.93767,79.64319,120.0,24.0,39056.32023357907,1154432.4542598955,-0.051887167501271494,-0.3332999607246735,0.33731460384983913,False,188.84861324813454
2020-07-24 15:00:00,-1.94341,79.63335,120.0,24.0,39209.08093599277,1155522.12743566,-0.0015139917793777803,-0.2872691748159033,0.28727316437585676,False,180.3019625621161
2020-07-24 16:00:00,-1.93822,79.62459,120.0,24.0,39137.35701131549,1156499.2329591678,0.06448775229990632,-0.2648652434802005,0.27260276484386575,False,166.31622051584168
2020-07-24 17:00:00,-1.92043,79.6162,120.0,24.0,38809.53407354133,1157443.7700264526,0.13385461382192387,-0.26547397913791854,0.29731042908168626,False,153.24230543024527
2020-07-24 18:00:00,-1.89055,79.6074,120.0,24.0,38238.19950533923,1158441.868891443,0.18192291683170175,-0.293123201186805,0.3449886356716036,False,148.174757795662
2020-07-24 19:00:00,-1.85569,79.59722,120.0,24.0,37570.0277340474,1159596.3205005573,0.187879858375187,-0.3476508062649739,0.3951707533203422,False,151.61201828379234
2020-07-24 20:00:00,-1.82375,79.58489,120.0,24.0,36967.22947746747,1160987.446559265,0.15995017402598335,-0.4074202256192978,0.4376931555492065,False,158.56539448448353
2020-07-24 21:00:00,-1.79888,79.57084,120.0,24.0,36512.3263086319,1162564.9112713588,0.11370780400761003,-0.447723077169345,0.46193659578152096,False,165.74992452431093
2020-07-24 22:00:00,-1.78341,79.5559,120.0,24.0,36250.12969657632,1164235.1639115661,0.06493723561882583,-0.4554345280688832,0.4600407089890429,False,171.88528955685325
2020-07-24 23:00:00,-1.77587,79.54135,120.0,24.0,36147.05559680262,1165857.002235877,0.027093060864187536,-0.42438472961676843,0.4252486715780406,False,176.34714876620944
2020-07-25 00:00:00,-1.77382,79.52842,120.0,24.0,36149.844904671445,1167295.3115600606,0.0036425983423238667,-0.36523148950253936,0.3652496535890582,False,179.42858543689687
2020-07-25 01:00:00,-1.77458,79.5177,120.0,24.0,36202.24030236209,1168486.2206691764,-0.0037113715813024122,-0.29310903840795066,0.29313253431758135,False,180.7254452666072
2020-07-25 02:00:00,-1.77513,79.50944,120.0,24.0,36241.90691776861,1169403.8569865667,0.009054576830957605,-0.22361334548111794,0.22379658987313797,False,177.68123956222934
2020-07-25 03:00:00,-1.77139,79.50322,120.0,24.0,36186.95195374706,1170097.4835867148,0.04280170759601703,-0.1701773324103442,0.17547737928130716,False,165.88222930433784
2020-07-25 04:00:00,-1.76005,79.49842,120.0,24.0,35971.757235508805,1170638.0743631755,0.08267867163870223,-0.1395980532497825,0.1622448125983369,False,149.36333773537018
2020-07-25 05:00:00,-1.74227,79.49418,120.0,24.0,35622.81702373448,1171120.3989103115,0.11210906308687756,-0.13712746632638131,0.17712251140752927,False,140.7321583519821
2020-07-25 06:00:00,-1.72058,79.48954,120.0,24.0,35194.96321685863,1171649.47707308,0.12392473975681445,-0.16755242735411152,0.2084014324232178,False,143.51271537260283
2020-07-25 07:00:00,-1.69866,79.48333,120.0,24.0,34767.18299399256,1172353.0227734167,0.11444145297113932,-0.22978879043934225,0.25670943568502,False,153.52536971884763
2020-07-25 08:00:00,-1.68033,79.47466,120.0,24.0,34420.39035929728,1173327.6543932864,0.08509787951069064,-0.2986618327208431,0.3105487714053767,False,164.09612853256328
2020-07-25 09:00:00,-1.66875,79.46399,120.0,24.0,34217.79707934149,1174520.4296757744,0.03996505667067343,-0.34791830057066264,0.35020615303941777,False,173.4472067097836
2020-07-25 10:00:00,-1.66629,79.45213,120.0,24.0,34205.712596531106,1175839.9833014552,-0.01157809212961491,-0.37292703118476045,0.37310671771711795,False,181.7782642225369
2020-07-25 11:00:00,-1.6728,79.43984,120.0,24.0,34379.20108806025,1177201.9448728624,-0.058976541369784,-0.37523643326620343,0.3798428797309274,False,188.9322018366242
2020-07-25 12:00:00,-1.68694,79.42783,120.0,24.0,34709.030067794665,1178528.1385268234,-0.09295434447263694,-0.35886472876467357,0.37070797632055397,False,194.5217890874253
2020-07-25 13:00:00,-1.70532,79.4166,120.0,24.0,35124.24601771243,1179764.948802045,-0.10743078467948194,-0.329370351748986,0.3464479789349333,False,198.0647815330583
2020-07-25 14:00:00,-1.72449,79.4065,120.0,24.0,35552.761736615794,1180875.5360620338,-0.10804356819638085,-0.29122817229836234,0.3106239864673213,False,200.354493448803
2020-07-25 15:00:00,-1.74305,79.39774,120.0,24.0,35964.90868993784,1181837.4318249314,-0.10067825441649944,-0.24984408790980595,0.26936625470878167,False,201.94767633991228
2020-07-25 16:00:00,-1.75962,79.39032,120.0,24.0,36332.02669511552,1182651.532158012,-0.07995155439477794,-0.2149469485421265,0.22933478091583212,False,200.4031614197194
2020-07-25 17:00:00,-1.77093,79.38382,120.0,24.0,36587.81011075028,1183366.643935671,-0.044557210144650916,-0.19502557201045373,0.20005079033555268,False,192.86939973214402
2020-07-25 18:00:00,-1.77515,79.37769,120.0,24.0,36696.07977624552,1184045.13133864,-0.021564142932866057,-0.19069838399827566,0.19191374604228553,False,186.4515918365356
2020-07-25 19:00:00,-1.77844,79.37147,120.0,24.0,36785.53007902677,1184734.2037845394,-0.03486343342045374,-0.2016585921187571,0.20465005928457888,False,189.80853758488786
2020-07-25 20:00:00,-1.78728,79.36463,120.0,24.0,36992.03609133987,1185488.583598974,-0.06628721391915772,-0.2360892240749553,0.2452185075671872,False,195.68324818593558
2020-07-25 21:00:00,-1.80149,79.35618,120.0,24.0,37315.581983141645,1186418.3337961158,-0.09307467599529745,-0.29646102174617683,0.31072822969021774,False,197.42981075283322
2020-07-25 22:00:00,-1.81962,79.34543,120.0,24.0,37728.944893278516,1187600.981003385,-0.11652829934631624,-0.35482310828495395,0.3734679139116784,False,198.18082013963857
2020-07-25 23:00:00,-1.84194,79.3332,120.0,24.0,38235.2829497308,1188945.131039335,-0.14321734292654603,-0.382919242180812,0.408825578147047,False,200.50652484934201
2020-07-26 00:00:00,-1.86928,79.32063,120.0,24.0,38848.19409872347,1190323.4309025812,-0.17571807278076973,-0.3824486978261257,0.4208846012515629,False,204.6766653504068
2020-07-26 01:00:00,-1.9028,79.30843,120.0,24.0,39589.60132457239,1191656.0273482392,-0.21362904108214234,-0.35989863945922074,0.41852646018892736,False,210.6925684079294
2020-07-26 02:00:00,-1.94319,79.29732,120.0,24.0,40471.515651139605,1192862.2001956583,-0.24866185102229793,-0.30801822260736517,0.39586353912937705,False,218.9137958161062
2020-07-26 03:00:00,-1.98875,79.28848,120.0,24.0,41454.13715966433,1193811.7745070744,-0.26908327041590957,-0.22402950620011372,0.35013572520665226,False,230.22039478311103
2020-07-26 04:00:00,-2.03613,79.28281,120.0,24.0,42463.72502547445,1194407.0069667702,-0.25781013073061826,-0.13696465623829074,0.2919338633420447,False,242.0200014334238
2020-07-26 05:00:00,-2.07775,79.27961,120.0,24.0,43344.23556247676,1194731.3460139283,-0.20518809161186352,-0.07984615446326754,0.2201762051673397,False,248.73717734651186
2020-07-26 06:00:00,-2.10694,79.27764,120.0,24.0,43960.95107982514,1194927.9589041888,-0.1369529969234264,-0.06902915490358263,0.15336605749973117,False,243.25027966837604
2020-07-26 07:00:00,-2.125,79.27514,120.0,24.0,44347.90295811611,1195191.7676143688,-0.08358579271258987,-0.1100906915628203,0.13822642696739315,False,217.2073989212778
2020-07-26 08:00:00,-2.13577,79.27051,120.0,24.0,44591.74629315298,1195697.7515369528,-0.05810115285717066,-0.18419611535052316,0.19314231248888872,False,197.50688650770138
2020-07-26 09:00:00,-2.14503,79.26321,120.0,24.0,44815.36537688857,1196501.4682687172,-0.06718187295499878,-0.26849153017140925,0.2767690478133824,False,194.0480908413378
2020-07-26 10:00:00,-2.15891,79.25312,120.0,24.0,45147.4724731095,1197611.4311702796,-0.11029283159426795,-0.34614248386293434,0.3632893169856269,False,197.673657585724
2020-07-26 11:00:00,-2.18298,79.24079,120.0,24.0,45702.79516804053,1198962.0101506587,-0.18425909591443446,-0.40232315284738673,0.442510263998776,False,204.60720195955105
2020-07-26 12:00:00,-2.22224,79.22706,120.0,24.0,46583.514303848126,1200455.5216684304,-0.2827529334420881,-0.4232942531610446,0.5090454263906832,False,213.74220949155097
2020-07-26 13:00:00,-2.28005,79.21337,120.0,24.0,47855.262596175344,1201928.4963566202,-0.3925965493964449,-0.3954798849072372,0.5572579205038155,False,224.79037284790778
2020-07-26 14:00:00,-2.35687,79.20144,120.0,24.0,49521.25439553058,1203188.2656391433,-0.4757797734068258,-0.3088907027806523,0.567256431472906,False,237.00714060785535
2020-07-26 15:00:00,-2.44306,79.19336,120.0,24.0,51369.43842642239,1204009.754660417,-0.49756913073362474,-0.1672094008200233,0.5249133486410935,False,251.42494342222997
2020-07-26 16:00:00,-2.52724,79.19061,120.0,24.0,53151.81431809687,1204238.3696488137,-0.4625526742117848,-0.02335279363134325,0.46314180268127564,False,267.10977474579295
2020-07-26 17:00:00,-2.60139,79.19185,120.0,24.0,54703.99248699135,1204030.880302782,-0.38849748172223136,0.06787799451686218,0.3943827017557269,False,279.9106378037636
2020-07-26 18:00:00,-2.66022,79.19501,120.0,24.0,55923.93188927398,1203623.1954131734,-0.3063769724621385,0.09491358107113537,0.3207420102306727,False,287.2126389982178
2020-07-26 19:00:00,-2.70628,79.198,120.0,24.0,56875.81190569487,1203245.856052713,-0.24650505449137247,0.06081183219595163,0.25389529500332036,False,283.8579404332777
2020-07-26 20:00:00,-2.74463,79.19895,120.0,24.0,57676.1155465393,1203102.037987081,-0.22216641251419944,-0.018682018313456446,0.22295051616377512,False,265.1932947554086
2020-07-26 21:00:00,-2.78236,79.19679,120.0,24.0,58480.01611402402,1203303.6163068146,-0.24088611289163545,-0.12071557127686991,0.26944084421769243,False,243.38311724893518
2020-07-26 22:00:00,-2.8271,79.19113,120.0,24.0,59450.641557197974,1203885.974758915,-0.30442418324506587,-0.20544858742697678,0.36726448973480347,False,235.98552953841627
2020-07-26 23:00:00,-2.88653,79.18348,120.0,24.0,60742.16141818405,1204672.938764035,-0.40483234180602556,-0.2395362023896882,0.47039006922704524,False,239.38752134281165
2020-07-27 00:00:00,-2.96554,79.17561,120.0,24.0,62448.58690787931,1205461.6636493364,-0.5013905979305069,-0.2339875425363111,0.5533016372244829,False,244.98261260776715
2020-07-27 01:00:00,-3.05788,79.16832,120.0,24.0,64434.498351735165,1206168.627778546,-0.5553653548322258,-0.20854694068952012,0.5932305654792935,False,249.41818742384018
2020-07-27 02:00:00,-3.15522,79.1621,120.0,24.0,66521.62319000978,1206747.7577525885,-0.5695262406101296,-0.17306350871708578,0.5952403857207406,False,253.09740217191603
2020-07-27 03:00:00,-3.25229,79.15711,120.0,24.0,68597.45557056816,1207187.0950037006,-0.5573292217690611,-0.1363380159794013,0.573762944114472,False,256.25383888141107
2020-07-27 04:00:00,-3.34538,79.15327,120.0,24.0,70583.62135673892,1207500.1551880878,-0.5331225614886171,-0.11271815069174088,0.5449082923424365,False,258.0617662686031
2020-07-27 05:00:00,-3.43412,79.14981,120.0,24.0,72476.75588254009,1207773.2891091886,-0.5069155376912323,-0.11441628637591711,0.5196676331472329,False,257.2808616799066
2020-07-27 06:00:00,-3.51821,79.14586,120.0,24.0,74276.20555196222,1208103.84765473,-0.4692830075686653,-0.13635096169563313,0.4886902147045877,False,253.7986889561201
2020-07-27 07:00:00,-3.59406,79.14098,120.0,24.0,75909.47002150385,1208545.820849186,-0.41366519101765814,-0.1744871303555301,0.4489595181298458,False,247.12961211191404
2020-07-27 08:00:00,-3.65913,79.13456,120.0,24.0,77327.49133098079,1209170.9776818308,-0.36512267620873834,-0.24779525751339176,0.44126755866249595,False,235.8367124159223
2020-07-27 09:00:00,-3.71836,79.12493,120.0,24.0,78646.85777654343,1210158.533031282,-0.3491042622000157,-0.3681872621259397,0.5073811642917115,False,223.4760484822757
2020-07-27 10:00:00,-3.77786,79.11071,120.0,24.0,80007.67022244874,1211653.33643754,-0.36130886274441787,-0.4980008416564374,0.6152633034629845,False,215.96158260597718
2020-07-27 11:00:00,-3.84108,79.09267,120.0,24.0,81478.87829453273,1213564.9441120324,-0.3899990655457724,-0.5957025853457699,0.7120118266673735,False,213.21226949887037
2020-07-27 12:00:00,-3.91011,79.07212,120.0,24.0,83096.67686803764,1215744.6550461594,-0.4233818385998121,-0.6545069544176242,0.7795072383481704,False,212.89767342462483
2020-07-27 13:00:00,-3.98439,79.05027,120.0,24.0,84841.48002928898,1218058.5538335154,-0.45014906664294235,-0.6748763203053413,0.8112288394210291,False,213.70367310161345
2020-07-27 14:00:00,-4.06219,79.0284,120.0,24.0,86667.55024491792,1220366.815204001,-0.460241271758132,-0.6504894607730849,0.7968428746035202,False,215.28057943637157
2020-07-27 15:00:00,-4.13959,79.00813,120.0,24.0,88478.66938394908,1222495.5692382206,-0.44624291639193786,-0.5784077414050985,0.7305397016913793,False,217.65026970479278
2020-07-27 16:00:00,-4.21241,78.99093,120.0,24.0,90172.74093468364,1224288.5542833281,-0.41094926687221567,-0.4759140246792425,0.6287872921976129,False,220.81043643426318
2020-07-27 17:00:00,-4.27772,78.9773,120.0,24.0,91681.2078776445,1225695.5547541417,-0.3581330081963754,-0.36817285430236296,0.5136248652518043,False,224.20804139998395
2020-07-27 18:00:00,-4.33264,78.96708,120.0,24.0,92941.84431499003,1226739.6770675802,-0.2846244062443033,-0.28867963546434017,0.4053973169148342,False,224.59472875223838
2020-07-27 19:00:00,-4.37318,78.9586,120.0,24.0,93881.67073984917,1227613.2906253552,-0.1923741636299852,-0.2639727867164504,0.32663351169037286,False,216.08326099270818
2020-07-27 20:00:00,-4.39711,78.94998,120.0,24.0,94467.83110329398,1228529.1310233013,-0.11081995303106613,-0.28201238812722973,0.30300503138897045,False,201.4529057227735
2020-07-27 21:00:00,-4.41029,78.94033,120.0,24.0,94832.90090989723,1229576.6290542025,-0.07123652358918221,-0.3247562525218356,0.33247746667270306,False,192.37209939892728
2020-07-27 22:00:00,-4.42094,78.92894,120.0,24.0,95159.02192624909,1230821.0111396408,-0.0847508311165498,-0.3895727738129505,0.39868489997899625,False,192.27335379159967
2020-07-27 23:00:00,-4.4386,78.91509,120.0,24.0,95657.50444212332,1232326.170623852,-0.151989866261488,-0.4685784710431514,0.4926121222334287,False,197.97118323013729
2020-07-28 00:00:00,-4.47164,78.89858,120.0,24.0,96511.16501133218,1234099.9669123671,-0.25202522133098104,-0.5196411017328179,0.5775323253264936,False,205.87332158065814
2020-07-28 01:00:00,-4.52256,78.88142,120.0,24.0,97758.26440947119,1235914.7228526967,-0.3593037928445127,-0.5034111719510992,0.6184836486097524,False,215.51690090199878
2020-07-28 02:00:00,-4.59118,78.86596,120.0,24.0,99375.89985168245,1237509.2536409637,-0.4516131007328751,-0.42762782287799617,0.621948508843728,False,226.56261431011703
2020-07-28 03:00:00,-4.67263,78.85371,120.0,24.0,101245.8986536772,1238723.4865424666,-0.5085950868196041,-0.3129733547400181,0.5971777650869645,False,238.39317082542752
2020-07-28 04:00:00,-4.76002,78.84568,120.0,24.0,103209.18194810531,1239456.8664582062,-0.5139723571922565,-0.18352699425053348,0.5457561191378434,False,250.34959300817152
2020-07-28 05:00:00,-4.84314,78.84182,120.0,24.0,105043.38886439527,1239733.2383450503,-0.4608484714926885,-0.06364094474632442,0.46522197231574525,False,262.13745860518475
2020-07-28 06:00:00,-4.91285,78.84156,120.0,24.0,106554.13008781438,1239633.3035535435,-0.37558209642648777,0.027423274560632246,0.37658192620430336,False,274.176063198837
2020-07-28 07:00:00,-4.96768,78.8436,120.0,24.0,107720.73558484373,1239304.928225586,-0.28692272734388574,0.07543473178432224,0.29667330554976873,False,284.73025573493464
2020-07-28 08:00:00,-5.008,78.84645,120.0,24.0,108565.18211465889,1238913.3244225741,-0.1985346637752711,0.0788410348567111,0.21361629501898274,False,291.65875482796775
2020-07-28 09:00:00,-5.03353,78.84871,120.0,24.0,109095.1748776046,1238614.6562205383,-0.11325453572108658,0.04026891898975512,0.12020056446623842,False,289.5734130999406
2020-07-28 10:00:00,-5.04557,78.84906,120.0,24.0,109352.03144514498,1238552.9613288783,-0.05694099397490832,-0.03719806068029102,0.06801450222728354,False,236.8444659510619
2020-07-28 11:00:00,-5.05242,78.8463,120.0,24.0,109527.1161804238,1238845.387939217,-0.053767385863804244,-0.1433777487128211,0.15312775910521284,False,200.55630100602883
2020-07-28 12:00:00,-5.0634,78.83977,120.0,24.0,109828.56590219068,1239547.177082725,-0.09797937580657878,-0.24029344152876372,0.2595012449395651,False,202.1831224359754
2020-07-28 13:00:00,-5.08489,78.83073,120.0,24.0,110382.51108884737,1240506.487456336,-0.1748414921468833,-0.2912085979077521,0.33966453284313847,False,210.98058355990054
2020-07-28 14:00:00,-5.1213,78.8209,120.0,24.0,111268.30445772661,1241524.0526746237,-0.26336038218392593,-0.291967622617232,0.3931968763365522,False,222.05106431370768
2020-07-28 15:00:00,-5.17204,78.81181,120.0,24.0,112458.78516716004,1242430.9993662809,-0.3417403511751025,-0.24767025262879794,0.422050970450839,False,234.06794503233618
2020-07-28 16:00:00,-5.23431,78.80485,120.0,24.0,113879.56867194807,1243078.209682877,-0.3909323488374601,-0.16681713693888603,0.4250365378929918,False,246.89127586353632
2020-07-28 17:00:00,-5.30125,78.801,120.0,24.0,115371.33411980758,1243370.2909468648,-0.39670846295496875,-0.06282267480635245,0.4016519551177593,False,261.00137696758964
2020-07-28 18:00:00,-5.36539,78.80078,120.0,24.0,116765.44349100161,1243264.6979679258,-0.36207906647328136,0.03747524257707499,0.3640132472649498,False,275.9090825621481
2020-07-28 19:00:00,-5.42088,78.80343,120.0,24.0,117941.65110105372,1242857.8817252112,-0.29487290405190814,0.10923215049201558,0.3144545948863145,False,290.32654793028064
2020-07-28 20:00:00,-5.46283,78.80786,120.0,24.0,118804.73428424733,1242281.1736995063,-0.20493487159279464,0.14921062781991795,0.25349972987987446,False,306.05791479128175
2020-07-28 21:00:00,-5.48862,78.8131,120.0,24.0,119308.20565048384,1241647.9740411704,-0.10815068507486654,0.15740492110770524,0.1909787419350276,False,325.50759543109336
2020-07-28 22:00:00,-5.49859,78.81806,120.0,24.0,119471.44970694659,1241078.5745819064,-0.04301802831833655,0.12454522253140304,0.131765182107391,False,340.9450429878335
2020-07-28 23:00:00,-5.50285,78.82117,120.0,24.0,119530.58487618918,1240725.6959718869,-0.04124741258600198,0.04815409834209709,0.06340478083063004,False,319.41759297698957
2020-07-29 00:00:00,-5.51224,78.82118,120.0,24.0,119733.81461775606,1240704.9838017041,-0.08410042312291999,-0.035027220614833605,0.09110316873443206,False,247.38862381304222
2020-07-29 01:00:00,-5.53068,78.8189,120.0,24.0,120157.53334453155,1240918.5601584178,-0.1436864621885005,-0.08487031113661019,0.16687950481911315,False,239.43121492837628
2020-07-29 02:00:00,-5.55978,78.81568,120.0,24.0,120822.43486890942,1241213.4974597401,-0.20623025421892657,-0.08764345657073744,0.224080997040958,False,246.97554375255774
2020-07-29 03:00:00,-5.5989,78.81322,120.0,24.0,121696.54304256203,1241402.7651053811,-0.26125208032124597,-0.0411883774383764,0.26447898197812414,False,261.0406300038337
2020-07-29 04:00:00,-5.64619,78.81301,120.0,24.0,122723.40919786254,1241325.1200326434,-0.2974092441477285,0.03272850145493929,0.29920463450957635,False,276.2798652222175
2020-07-29 05:00:00,-5.69727,78.81534,120.0,24.0,123804.31666315046,1240957.5863654956,-0.3037899990368096,0.10957248850399914,0.3229465803375905,False,289.83361224514965
2020-07-29 06:00:00,-5.74669,78.82011,120.0,24.0,124821.57452397239,1240322.9579597227,-0.27207345495644847,0.17823523033039326,0.3252564560817616,False,303.22879478559935
2020-07-29 07:00:00,-5.78731,78.82689,120.0,24.0,125624.90361826366,1239484.593462422,-0.20244592462776528,0.23055175480828632,0.3068199211973874,False,318.7138525362557
2020-07-29 08:00:00,-5.81372,78.83505,120.0,24.0,126104.37092548648,1238524.466545153,-0.12677037482418552,0.25402563486612667,0.28390095297868095,False,333.47871209306436
2020-07-29 09:00:00,-5.82931,78.84335,120.0,24.0,126347.68945931709,1237572.5600617956,-0.0778461877596696,0.24091709124727415,0.25318189864949103,False,342.09309000166894
2020-07-29 10:00:00,-5.83953,78.85066,120.0,24.0,126485.7897615566,1236741.9067740715,-0.06045671331292263,0.20557861921327414,0.21428388381359267,False,343.61240572560666
2020-07-29 11:00:00,-5.84937,78.85667,120.0,24.0,126630.12292885508,1236055.7875571453,-0.07141171685261793,0.16684330622739144,0.1814836690634328,False,336.82826785058717
2020-07-29 12:00:00,-5.86324,78.86147,120.0,24.0,126874.85116891463,1235494.489377659,-0.1043136924029757,0.14045572424197986,0.1749547281301129,False,323.3994568466152
2020-07-29 13:00:00,-5.88402,78.86577,120.0,24.0,127273.94564183407,1234973.0729097459,-0.15040391337284667,0.13644822243805588,0.20307499738858042,False,312.2146896732881
2020-07-29 14:00:00,-5.91322,78.87031,120.0,24.0,127851.34035749428,1234406.2236981469,-0.19441246208180166,0.14956733769518657,0.24528879696784756,False,307.5721634659425
2020-07-29 15:00:00,-5.94865,78.87546,120.0,24.0,128555.32441951579,1233757.7109649687,-0.21985248471774374,0.17302182188219825,0.2797707380767347,False,308.2024102596288
2020-07-29 16:00:00,-5.98634,78.88152,120.0,24.0,129296.64774678937,1233003.1236625558,-0.21084529221021975,0.21020555308094238,0.2977282515873793,False,314.9129456114364
2020-07-29 17:00:00,-6.01881,78.88908,120.0,24.0,129907.2892008286,1232094.1610542496,-0.15993602973760626,0.2611338952554915,0.30621960234370116,False,328.51388384869335
2020-07-29 18:00:00,-6.03959,78.89844,120.0,24.0,130244.6948116075,1231012.5793590026,-0.09328732127552769,0.29618016630683863,0.31052409765477157,False,342.51723244286995
2020-07-29 19:00:00,-6.04989,78.90827,120.0,24.0,130350.85773699169,1229902.8303829555,-0.040074137290649556,0.28847130981647895,0.29124153733082925,False,352.09114639000165
2020-07-29 20:00:00,-6.05295,78.91713,120.0,24.0,130312.71813855464,1228916.743896669,-0.007527582266482109,0.2537476331107298,0.2538592637743917,False,358.300783207672
2020-07-29 21:00:00,-6.0524,78.92471,120.0,24.0,130212.1033654966,1228080.3179846234,0.0035923920342165565,0.21361890574550205,0.2136491099266112,False,0.9634423568390389
2020-07-29 22:00:00,-6.05175,78.93097,120.0,24.0,130124.82758890647,1227389.9882568982,-0.0038261785272513393,0.16855004575379573,0.16859346833649586,False,358.69957771005977
2020-07-29 23:00:00,-6.05368,78.93563,120.0,24.0,130111.55668820013,1226870.6163859256,-0.027032586140856373,0.11807930126955575,0.12113414919736437,False,347.1051564710537
2020-07-30 00:00:00,-6.06079,78.93862,120.0,24.0,130228.71765300809,1226524.0320416444,-0.06765829032551345,0.07810652172542869,0.10333572947348042,False,319.0998747639303
2020-07-30 01:00:00,-6.07631,78.94069,120.0,24.0,130536.59676308895,1226259.9588662607,-0.12423023629267181,0.0651476349731371,0.1402760348453227,False,297.67298655409763
2020-07-30 02:00:00,-6.10235,78.94284,120.0,24.0,131068.49841627208,1225962.9233885303,-0.1783244608498688,0.08351603767836989,0.19691252343843266,False,295.0954563712918
2020-07-30 03:00:00,-6.13598,78.9461,120.0,24.0,131749.33481260223,1225525.5620561647,-0.21080286439046303,0.12966185448017165,0.2474874625965145,False,301.59508363717225
2020-07-30 04:00:00,-6.17291,78.95124,120.0,24.0,132477.7963344935,1224872.473175984,-0.21671535914139156,0.18444919137178414,0.28458223958196577,False,310.4015276938695
2020-07-30 05:00:00,-6.20855,78.95805,120.0,24.0,133157.8357698643,1224037.4445266451,-0.19704713320576558,0.22812580556983633,0.30144478079989623,False,319.1806880879227
2020-07-30 06:00:00,-6.23893,78.96602,120.0,24.0,133710.5813188996,1223086.167531756,-0.16216929583985154,0.2542133752804399,0.3015349410676432,False,327.4651419957719
2020-07-30 07:00:00,-6.26292,78.97452,120.0,24.0,134119.6278500945,1222091.057890157,-0.12342633153560988,0.2610089095328199,0.2887208170046802,False,334.69139085182053
2020-07-30 08:00:00,-6.28034,78.98293,120.0,24.0,134388.93625748812,1221121.1733962428,-0.08604794073764938,0.2526781911067564,0.26692792354149186,False,341.1940528292897
2020-07-30 09:00:00,-6.29181,78.99089,120.0,24.0,134536.43758570246,1220214.9191925323,-0.05420101987435186,0.2338505085289884,0.24004960090507618,False,346.9506086360481
2020-07-30 10:00:00,-6.29855,78.99808,120.0,24.0,134592.30996482764,1219404.8233468812,-0.03399698061365661,0.20174688930716522,0.2045913048884603,False,350.43477876549747
2020-07-30 11:00:00,-6.30324,79.00396,120.0,24.0,134620.37723525043,1218744.2553204058,-0.03129899483772922,0.1557495693701195,0.15886332313290524,False,348.6373439847256
2020-07-30 12:00:00,-6.30908,79.00817,120.0,24.0,134693.1816669707,1218265.4639770808,-0.04934903896786867,0.10990689083056554,0.12047760081896582,False,335.8195531323438
2020-07-30 13:00:00,-6.31985,79.01108,120.0,24.0,134886.57772260415,1217918.6723483687,-0.08780112320750812,0.07981082216809088,0.11865413845141115,False,312.2706945423183
2020-07-30 14:00:00,-6.33864,79.01334,120.0,24.0,135258.25261958997,1217624.7299858644,-0.1342263300480767,0.07456550776985879,0.1535471348711922,False,299.05307896884386
2020-07-30 15:00:00,-6.36505,79.01591,120.0,24.0,135787.82614426568,1217278.384457304,-0.17382518400988256,0.09679357915663099,0.1989577632615036,False,299.11100192785057
2020-07-30 16:00:00,-6.39719,79.01961,120.0,24.0,136424.81734872487,1216793.3629048986,-0.19454518128443551,0.13244507519365062,0.23534979393244781,False,304.24677546111934
2020-07-30 17:00:00,-6.4306,79.02449,120.0,24.0,137073.5788690971,1216174.6485592204,-0.18877060492617415,0.16639811086956283,0.25163996619208373,False,311.39563384125654
2020-07-30 18:00:00,-6.46082,79.03039,120.0,24.0,137641.23124826179,1215450.6102948368,-0.16412486968839585,0.19402808153207474,0.25413356581382623,False,319.77271836293653
2020-07-30 19:00:00,-6.48595,79.03706,120.0,24.0,138090.57705721032,1214653.5494603778,-0.1315225416381575,0.21301664043112142,0.2503482935023176,False,328.3076363282409
2020-07-30 20:00:00,-6.5052,79.04419,120.0,24.0,138408.88426952987,1213819.7384742624,-0.10007605979606035,0.22151073427733348,0.243068350766586,False,335.6870823573884
2020-07-30 21:00:00,-6.51974,79.05141,120.0,24.0,138625.79644802088,1212987.3073856763,-0.07733851191799863,0.21827256322565733,0.23156890396335383,False,340.4897043259532
2020-07-30 22:00:00,-6.53133,79.05833,120.0,24.0,138783.67649772015,1212195.1132561804,-0.06616582277348614,0.2034561184397135,0.21394463824514767,False,341.9849924685707
2020-07-30 23:00:00,-6.54211,79.06459,120.0,24.0,138932.4730587797,1211477.742575787,-0.06739645257107355,0.17984005968830816,0.192053973892391,False,339.45612542503363
2020-07-31 00:00:00,-6.55413,79.06998,120.0,24.0,139118.24466142146,1210853.4096788638,-0.07873566392987072,0.15853906167165419,0.1770139510044508,False,333.5895075943503
2020-07-31 01:00:00,-6.56876,79.07486,120.0,24.0,139365.37409877437,1210279.0148837876,-0.09709653358874869,0.14897011844206123,0.17781966433325858,False,326.9042823077629
2020-07-31 02:00:00,-6.58701,79.07963,120.0,24.0,139690.05145753123,1209707.89270742,-0.11948956264152394,0.14279699952780053,0.18619543134675817,False,320.0781071425274
2020-07-31 03:00:00,-6.60924,79.08411,120.0,24.0,140102.08003041154,1209158.9739103697,-0.14195660337769123,0.13137445963179029,0.19341904220132006,False,312.7828736007491
2020-07-31 04:00:00,-6.63512,79.08814,120.0,24.0,140596.47629548202,1208650.6432519555,-0.15606322986486884,0.12288154742511348,0.19863435355810258,False,308.21629720525686
2020-07-31 05:00:00,-6.66215,79.09207,120.0,24.0,141115.98016897193,1208150.3187931466,-0.154945028159319,0.12766394678349707,0.2007636547277214,False,309.48615348591375
2020-07-31 06:00:00,-6.68767,79.09641,120.0,24.0,141597.9090247525,1207608.243201765,-0.14300435418279292,0.14757749433732714,0.20549783976996328,False,315.9016392522919
2020-07-31 07:00:00,-6.71067,79.10163,120.0,24.0,142014.86331593592,1206975.0829776754,-0.12640999557090946,0.17860707502035494,0.21881493145478909,False,324.7108694623185
2020-07-31 08:00:00,-6.73058,79.10798,120.0,24.0,142351.55243397152,1206224.7261343973,-0.10749817673166565,0.20469766862191058,0.2312076848633668,False,332.2935278189009
2020-07-31 09:00:00,-6.74718,79.11489,120.0,24.0,142610.7827998066,1205420.7051234036,-0.08730784343678132,0.2122637009922893,0.22951805655443652,False,337.64176098979505
2020-07-31 10:00:00,-6.76025,79.12173,120.0,24.0,142796.25771389977,1204633.156896609,-0.06540543628868212,0.20964106582173278,0.21960702988516773,False,342.67271986450817
2020-07-31 11:00:00,-6.76942,79.12847,120.0,24.0,142900.74689104792,1203866.3495205643,-0.04209020535315148,0.2067099130982635,0.21095159055992468,False,348.490791555222
2020-07-31 12:00:00,-6.77457,79.13512,120.0,24.0,142921.76131013874,1203119.4995441448,-0.022120657349458884,0.19420738507671578,0.19546312158539764,False,353.50188703026913
2020-07-31 13:00:00,-6.77695,79.14105,120.0,24.0,142893.95640834045,1202459.0314275108,-0.01206596018445625,0.1624067355407457,0.16285433719792236,False,355.7510332812419
2020-07-31 14:00:00,-6.77868,79.14564,120.0,24.0,142870.04322062785,1201948.0894446957,-0.02068318026582428,0.11902740899516498,0.12081108408590192,False,350.14224776292383
2020-07-31 15:00:00,-6.784,79.14876,120.0,24.0,142940.67905802937,1201590.447360712,-0.05215178384463936,0.07719333008585272,0.09315910458952148,False,325.95705486893166
2020-07-31 16:00:00,-6.79646,79.15064,120.0,24.0,143177.253205517,1201351.833105431,-0.08947713798409099,0.05419191518466753,0.10460842171262434,False,301.2012341379701
2020-07-31 17:00:00,-6.81451,79.15227,120.0,24.0,143534.2121601119,1201126.7669452576,-0.11458962629310561,0.06252719513121197,0.1305390079055692,False,298.6196159505768
2020-07-31 18:00:00,-6.83554,79.15469,120.0,24.0,143943.0517976734,1200806.9216066936,-0.1272854002550248,0.09293895500277141,0.15760463976383765,False,306.13549663297823
2020-07-31 19:00:00,-6.85793,79.15829,120.0,24.0,144364.50936934663,1200353.28660456,-0.13081885248603836,0.1318417638149897,0.1857305113642112,False,315.22313282629625
2020-07-31 20:00:00,-6.88018,79.16323,120.0,24.0,144764.85934796318,1199751.9828374211,-0.12358661241080843,0.1721337965914902,0.2119049189994888,False,324.3228507508032
2020-07-31 21:00:00,-6.90012,79.16944,120.0,24.0,145099.45765355075,1199016.253114854,-0.10352650982414728,0.20887634378207048,0.2331245701939951,False,333.63535649703294
2020-07-31 22:00:00,-6.91554,79.17676,120.0,24.0,145324.17333869604,1198169.4153914028,-0.0711641936791915,0.2416071828540819,0.2518697545730635,False,343.5879249276125
2020-07-31 23:00:00,-6.92444,79.18509,120.0,24.0,145398.65708886608,1197227.643328412,-0.029047706987418397,0.26662141020818036,0.2681990784149448,False,353.78229734118963
2020-08-01 00:00:00,-6.92547,79.19403,120.0,24.0,145300.35485170755,1196238.5289279285,0.014677830431956931,0.2581349744591865,0.2585519362627829,False,3.254394905825052
2020-08-01 01:00:00,-6.91941,79.20181,120.0,24.0,145069.64463319385,1195395.3746957695,0.049328632575506834,0.1985442088412513,0.2045803432790349,False,13.952716634702824
2020-08-01 02:00:00,-6.90857,79.20689,120.0,24.0,144775.55695077425,1194862.2103815884,0.059555706335927425,0.12381859618332375,0.13739696837259627,False,25.68716420779066
2020-08-01 03:00:00,-6.899,79.20983,120.0,24.0,144536.72328122926,1194561.932097837,0.03494986800512972,0.07410433380179765,0.08193256716217452,False,25.24999696440534
2020-08-01 04:00:00,-6.89659,79.21169,120.0,24.0,144461.64999899658,1194362.7491483095,-0.01023253208868358,0.05326491087406847,0.05423887391316671,False,349.1255933654859
2020-08-01 05:00:00,-6.90251,79.21328,120.0,24.0,144563.81373944148,1194172.3529746053,-0.057233838786380796,0.0563559329648546,0.0803224967401077,False,314.55718462932447
2020-08-01 06:00:00,-6.91622,79.21534,120.0,24.0,144821.9821912571,1193910.4030200439,-0.09494430004018825,0.07966923566396161,0.12394195101498581,False,310.00053420595566
2020-08-01 07:00:00,-6.93508,79.21844,120.0,24.0,145173.36442886584,1193520.5909970554,-0.11528768203737254,0.11888209551339207,0.16560254304570804,False,315.87939849541726
2020-08-01 08:00:00,-6.95578,79.22304,120.0,24.0,145542.6288599336,1192960.4877479011,-0.11509712018860817,0.16673991204426206,0.20260687388200618,False,325.38348222774266
2020-08-01 09:00:00,-6.97459,79.22924,120.0,24.0,145850.57659919426,1192228.5414209925,-0.09364067848134845,0.21351885311888952,0.23314990307450953,False,336.3196994808336
2020-08-01 10:00:00,-6.98794,79.23687,120.0,24.0,146025.17526729824,1191352.659036825,-0.054889034832124005,0.244708195060734,0.25078857006387745,False,347.3575767353424
2020-08-01 11:00:00,-6.99345,79.24509,120.0,24.0,146028.48863219205,1190431.649860297,-0.0059213934012940506,0.24764664051254104,0.24771742259469884,False,358.6302813707197
2020-08-01 12:00:00,-6.98997,79.25291,120.0,24.0,145850.3945841718,1189577.678078861,0.03877474143127626,0.2203230549704094,0.22370902781192442,False,9.981295485379178
2020-08-01 13:00:00,-6.9801,79.25936,120.0,24.0,145558.3366158809,1188891.0890275561,0.06463383186173854,0.16721152094705122,0.17926858330047024,False,21.13347838919998
2020-08-01 14:00:00,-6.96771,79.26374,120.0,24.0,145242.17381412865,1188439.2312260217,0.06382935809379617,0.10745799741363385,0.12498563182548064,False,30.71003891573673
2020-08-01 15:00:00,-6.95811,79.26632,120.0,24.0,145008.30210024124,1188178.856038454,0.03386757629541229,0.060212331045999073,0.06908355472989615,False,29.356409086223607
2020-08-01 16:00:00,-6.95604,79.26764,120.0,24.0,144947.60394193805,1188038.4358465993,-0.012763610072506981,0.030262669021947824,0.03284416049185855,False,337.1318854782984
2020-08-01 17:00:00,-6.96251,79.26828,120.0,24.0,145073.1353435052,1187951.43907773,-0.061095150679882575,0.01961270377487289,0.06416600023344504,False,287.79761678305704
2020-08-01 18:00:00,-6.9771,79.26891,120.0,24.0,145367.12753819054,1187844.9429047036,-0.10091697406348221,0.03181067856662212,0.1058118846113162,False,287.4957027547083
2020-08-01 19:00:00,-6.9973,79.27034,120.0,24.0,145766.53519492748,1187635.8359767322,-0.12378372036962938,0.06793715540272086,0.14120151030622882,False,298.75963409928966
2020-08-01 20:00:00,-7.01978,79.27331,120.0,24.0,146192.14304548482,1187250.86512129,-0.1240706779646818,0.11934687984525563,0.17215461323883732,False,313.88824894276945
2020-08-01 21:00:00,-7.04009,79.27807,120.0,24.0,146548.13138989746,1186673.8066637898,-0.09938852901129236,0.17477316420737407,0.2010565557898728,False,330.3743412554234
2020-08-01 22:00:00,-7.05407,79.28463,120.0,24.0,146748.1150900004,1185914.2792856277,-0.05780060818684554,0.22155847406326898,0.2289739455396912,False,345.3784612835325
2020-08-01 23:00:00,-7.06004,79.29242,120.0,24.0,146765.24305759158,1185039.5528905997,-0.009194486922227976,0.2468848523105387,0.2470560035501253,False,357.8671759764083
2020-08-02 00:00:00,-7.05724,79.30062,120.0,24.0,146595.33335033865,1184142.0494316607,0.03955224617290855,0.23901553258104447,0.2422659798492613,False,9.396145804242735
2020-08-02 01:00:00,-7.04636,79.3079,120.0,24.0,146271.19166436358,1183366.6666925421,0.08003297566835797,0.19192570562922626,0.20794411190415657,False,22.636125296925854
2020-08-02 02:00:00,-7.02955,79.31305,120.0,24.0,145853.9314057191,1182841.3097086346,0.09505917250358306,0.12367587672769506,0.1559870788284401,False,37.54643127493097
2020-08-02 03:00:00,-7.01346,79.31591,120.0,24.0,145482.9339786434,1182566.6547666963,0.07152319725624309,0.05650686556333496,0.09115148710552269,False,51.68951851899129
2020-08-02 04:00:00,-7.00479,79.31671,120.0,24.0,145293.14029204755,1182500.383295561,0.02169064741761894,0.0006157518822972031,0.021699385608261165,False,88.37392997431732
2020-08-02 05:00:00,-7.00595,79.31595,120.0,24.0,145327.38633119556,1182581.3000628718,-0.037696165778774486,-0.036281196101284656,0.052319462009473315,False,226.0957663832709
2020-08-02 06:00:00,-7.01784,79.31436,120.0,24.0,145594.38837942053,1182726.5526461266,-0.09740799381153056,-0.044922806560273656,0.10726777618483074,False,245.24170216652715
2020-08-02 07:00:00,-7.03967,79.31304,120.0,24.0,146062.98746645587,1182816.6327883303,-0.14842933496102642,-0.020216770455171666,0.1497998173717501,False,262.2437752917359
2020-08-02 08:00:00,-7.06922,79.31305,120.0,24.0,146672.86271906507,1182740.0410071255,-0.1746262323482922,0.026404943711201768,0.1766112739225655,False,278.5984632206291
2020-08-02 09:00:00,-7.10012,79.31475,120.0,24.0,147287.34130681137,1182473.2274668003,-0.16327922065612116,0.08089970940069031,0.18222202632828569,False,296.35696593477155
2020-08-02 10:00:00,-7.12575,79.31829,120.0,24.0,147767.46180983,1182016.7201035747,-0.1231849954791903,0.13586589664231136,0.1833959786408289,False,317.80247099463156
2020-08-02 11:00:00,-7.14278,79.32355,120.0,24.0,148046.0753872633,1181392.5269714694,-0.06769355464645621,0.1828083819231911,0.19493927732001073,False,339.6805160846546
2020-08-02 12:00:00,-7.1492,79.33013,120.0,24.0,148087.4109678677,1180650.1107736772,-0.006681695133717556,0.20396849027892677,0.20407790197991696,False,358.12374903003683
2020-08-02 13:00:00,-7.14509,79.33676,120.0,24.0,147911.04043464112,1179929.3841215954,0.049943856351005816,0.1855998446760503,0.1922022141677455,False,15.061196130920848
2020-08-02 14:00:00,-7.13187,79.34215,120.0,24.0,147564.39318002856,1179368.8966378537,0.08868462619487555,0.1378884264921826,0.1639456650351416,False,32.74759272753778
2020-08-02 15:00:00,-7.11431,79.34569,120.0,24.0,147154.19229565645,1179023.5442892297,0.09698676656844488,0.07812873395970438,0.1245412861646622,False,51.14644461361462
2020-08-02 16:00:00,-7.0982,79.34721,120.0,24.0,146801.7961142275,1178897.185187903,0.07038816062066974,0.028406164868843863,0.07590390871435504,False,68.02274474825413
2020-08-02 17:00:00,-7.08987,79.34753,120.0,24.0,146626.00856499214,1178883.2121947312,0.01356421282445321,0.005711659763769375,0.014717707933103,False,67.16486667467746
2020-08-02 18:00:00,-7.09349,79.34758,120.0,24.0,146699.8047641555,1178868.4297543988,-0.0400849590876326,0.0035537079579897766,0.04024217669694147,False,275.06627762834705
2020-08-02 19:00:00,-7.10379,79.34776,120.0,24.0,146909.25156061232,1178822.1810467618,-0.060528701523205185,0.013742488933609544,0.062069152645864614,False,282.79163335870714
2020-08-02 20:00:00,-7.11451,79.34847,120.0,24.0,147120.02970182995,1178716.348414544,-0.06095386467666685,0.045704523704468085,0.07618580646074241,False,306.8633549014976
2020-08-02 21:00:00,-7.12496,79.35072,120.0,24.0,147303.98381716147,1178441.2871365736,-0.058118194743127655,0.10638676737328746,0.1212265186843955,False,331.35259186377726
2020-08-02 22:00:00,-7.1347,79.35536,120.0,24.0,147440.24146023017,1177904.376573868,-0.03899691434194895,0.17355327436129533,0.1778805733342468,False,347.3361371900392
2020-08-02 23:00:00,-7.13851,79.36196,120.0,24.0,147427.38618160083,1177166.5059271352,0.009842255105864797,0.22096088692075413,0.22117997995834798,False,2.550438570333995
2020-08-03 00:00:00,-7.13127,79.36967,120.0,24.0,147172.22560182193,1176334.5961592675,0.07366044788683178,0.23563746491541185,0.24688231296439728,False,17.35928338034239
2020-08-03 01:00:00,-7.11287,79.37722,120.0,24.0,146690.5138031744,1175548.8803421122,0.13194675207744588,0.21186289835113675,0.24959133214422946,False,31.91436566983657
2020-08-03 02:00:00,-7.08532,79.38339,120.0,24.0,146040.63687805983,1174938.5578549216,0.169456965112679,0.16167533175651067,0.23421053760191382,False,46.34620725759373
2020-08-03 03:00:00,-7.05383,79.38769,120.0,24.0,145336.15691970027,1174544.2019616964,0.17490643538510903,0.10051958407082154,0.20173360632501536,False,60.11380692228312
2020-08-03 04:00:00,-7.02436,79.3899,120.0,24.0,144701.96541604202,1174374.9422261475,0.147360033902237,0.03874793243767906,0.15236922871716382,False,75.26771903220083
2020-08-03 05:00:00,-7.00246,79.3902,120.0,24.0,144249.01076125668,1174397.0609891678,0.09198854071782896,-0.013288942640685138,0.09294346464331474,False,98.22025194352528
2020-08-03 06:00:00,-6.99229,79.38904,120.0,24.0,144056.2527865544,1174550.653347981,0.02819428577719401,-0.04184851385315953,0.05046004223347588,False,146.0309639124954
2020-08-03 07:00:00,-6.99263,79.38749,120.0,24.0,144084.20182189945,1174720.8415380039,-0.02467464100224102,-0.03690297368731573,0.04439219948995759,False,213.76809586689177
2020-08-03 08:00:00,-7.00089,79.38665,120.0,24.0,144264.9356874173,1174792.7501130074,-0.062343591627581074,-0.006173677719136063,0.06264852523089713,False,264.34462821825696
2020-08-03 09:00:00,-7.01436,79.38709,120.0,24.0,144535.1468302229,1174710.2497231676,-0.08250697901095966,0.03875894492241415,0.09115732223476987,False,295.1625258592924
2020-08-03 10:00:00,-7.02965,79.38916,120.0,24.0,144820.46099769705,1174443.230057646,-0.0759547424895517,0.09079222876373905,0.11837377965808658,False,320.08490334976705
2020-08-03 11:00:00,-7.04084,79.39297,120.0,24.0,144997.90786107152,1173994.5315237327,-0.03674137393327801,0.14236634670328546,0.14703096691562986,False,345.5290751821277
2020-08-03 12:00:00,-7.04246,79.39838,120.0,24.0,144957.35818593646,1173393.4959317425,0.021076092616912612,0.1815932466999842,0.18281222313356948,False,6.620248406255826
2020-08-03 13:00:00,-7.03348,79.40473,120.0,24.0,144687.00251030727,1172715.529304171,0.07969614201615033,0.1971950254696031,0.21269074526696222,False,22.006039463932098
2020-08-03 14:00:00,-7.01463,79.41115,120.0,24.0,144214.0099996459,1172054.6390089183,0.126091127332225,0.1845340529296876,0.223498968862427,False,34.344585683253
2020-08-03 15:00:00,-6.98943,79.41668,120.0,24.0,143623.68385542123,1171507.6989418222,0.15024493382367715,0.1436102377011636,0.2078399396465122,False,46.29341099941166
2020-08-03 16:00:00,-6.96212,79.42045,120.0,24.0,143014.46267288754,1171159.9650308555,0.14948354461090102,0.08338216502780363,0.17116633884664095,False,60.84715058925241
2020-08-03 17:00:00,-6.93717,79.42208,120.0,24.0,142482.56780371515,1171042.2334770812,0.12363469769914,0.017905215670716224,0.12492451810342353,False,81.7595147466202
2020-08-03 18:00:00,-6.91889,79.42161,120.0,24.0,142115.23883652315,1171139.5067295153,0.07569838829491692,-0.029500382133903397,0.08124357535518942,False,111.29133587682884
2020-08-03 19:00:00,-6.9107,79.42017,120.0,24.0,141967.0953934919,1171318.7458189947,0.013495728025647056,-0.03767918721669728,0.040023191080336896,False,160.29376544360196
2020-08-03 20:00:00,-6.91417,79.41917,120.0,24.0,142051.4177768358,1171420.5175447336,-0.03895595447025734,-0.005093497268764402,0.03928753114049893,False,262.5508252535026
2020-08-03 21:00:00,-6.92432,79.41984,120.0,24.0,142249.9532859712,1171321.3871080163,-0.05819836516911434,0.06114930376522357,0.08441733861789986,False,316.4163819550239
2020-08-03 22:00:00,-6.93452,79.42313,120.0,24.0,142414.31095476417,1170932.9365129361,-0.039691104487307664,0.13727515960869827,0.14289805184471888,False,343.8735479520523
2020-08-03 23:00:00,-6.9382,79.42873,120.0,24.0,142414.30658477228,1170305.7330408504,0.011553632398603342,0.1978112496465099,0.1981483709454002,False,3.3426974213669496
2020-08-04 00:00:00,-6.93047,79.43594,120.0,24.0,142159.6875120376,1169529.1739769846,0.0710051910111882,0.23070840345583696,0.24138787164163109,False,17.106810232032615
2020-08-04 01:00:00,-6.91333,79.44367,120.0,24.0,141706.36834753316,1168718.4580194827,0.11505622689595861,0.2300923894522121,0.25725559863949077,False,26.567049647235308
2020-08-04 02:00:00,-6.89015,79.45084,120.0,24.0,141137.89655678053,1167984.2670508234,0.14399169037427328,0.2030691557937861,0.2489391269600694,False,35.339580864884
2020-08-04 03:00:00,-6.86284,79.45682,120.0,24.0,140501.71325067716,1167391.293142071,0.16116350231226495,0.15921181805565987,0.22654376505687365,False,45.34903402503693
2020-08-04 04:00:00,-6.83361,79.46115,120.0,24.0,139848.8556225773,1166984.8122160109,0.15871086935418377,0.1050035466234626,0.19030208841383342,False,56.51126934248413
2020-08-04 05:00:00,-6.80714,79.46362,120.0,24.0,139277.1562210465,1166776.606464122,0.12933307810172906,0.04739933222055783,0.13774520603717125,False,69.87259925891254
2020-08-04 06:00:00,-6.78821,79.46422,120.0,24.0,138883.77114720197,1166756.3155429775,0.07958525260858267,-0.0015511202137677236,0.07960036687534469,False,91.11655599885768
2020-08-04 07:00:00,-6.7792,79.46352,120.0,24.0,138709.4793754963,1166855.4262663862,0.020107749533277427,-0.029187875863660614,0.03544366923338328,False,145.43674828838698
2020-08-04 08:00:00,-6.78115,79.46233,120.0,24.0,138764.81471914,1166982.088790831,-0.0366078147449974,-0.02733000177022789,0.04568436381481862,False,233.2563812168684
2020-08-04 09:00:00,-6.79205,79.46175,120.0,24.0,138994.44654648626,1167019.703345539,-0.07802594337004959,0.006798415099899171,0.07832155697288405,False,274.9796162387454
2020-08-04 10:00:00,-6.80854,79.46277,120.0,24.0,139316.8698879138,1166867.043343592,-0.09337069992014263,0.06053368502547863,0.11127629858303689,False,302.95597227348907
2020-08-04 11:00:00,-6.82483,79.46567,120.0,24.0,139610.30465239007,1166507.235622046,-0.0758953695909396,0.11766675552641422,0.14001990030512895,False,327.177876540508
2020-08-04 12:00:00,-6.83519,79.47039,120.0,24.0,139758.76801115158,1165960.9092883233,-0.03365760186102347,0.16708423505113001,0.17044053439735643,False,348.610706319668
2020-08-04 13:00:00,-6.83665,79.47649,120.0,24.0,139707.74263342275,1165283.9381996896,0.021659455929931185,0.1996733218710752,0.20084463522387305,False,6.19092225694817
2020-08-04 14:00:00,-6.82757,79.48332,120.0,24.0,139432.79246195508,1164552.0475916215,0.07865191329484114,0.20971663401653273,0.2239803340656575,False,20.55800342242719
2020-08-04 15:00:00,-6.80898,79.49007,120.0,24.0,138965.9581062942,1163852.0084362552,0.1258066916812111,0.19288654060357807,0.23028795282816486,False,33.11365970522661
2020-08-04 16:00:00,-6.78329,79.49581,120.0,24.0,138368.7194419213,1163280.4519228784,0.15094541819219245,0.14500949823176099,0.20931381667401452,False,46.149018138212
2020-08-04 17:00:00,-6.75583,79.49946,120.0,24.0,137763.4392666961,1162943.616055822,0.1452242010533179,0.07010538522865112,0.16126014265661578,False,64.23158420360187
2020-08-04 18:00:00,-6.73214,79.50035,120.0,24.0,137270.9863883114,1162902.2023791436,0.11440208292888861,0.0006106431663410791,0.11440371263007554,False,89.69417563862419
2020-08-04 19:00:00,-6.71553,79.4995,120.0,24.0,136944.9082004055,1163035.8097221302,0.06846945641352636,-0.03212642983027001,0.07563183162665736,False,115.1363543218389
2020-08-04 20:00:00,-6.70802,79.49827,120.0,24.0,136808.43805367578,1163189.5747089938,0.02001296791473052,-0.03181350623839267,0.0375848116123559,False,147.82717473913652
2020-08-04 21:00:00,-6.70848,79.49744,120.0,24.0,136828.55737088714,1163280.130423064,-0.018767373576274823,-0.009419156089155743,0.020998447856528303,False,243.34838563800707
2020-08-04 22:00:00,-6.71463,79.49766,120.0,24.0,136950.5603279047,1163241.1433025557,-0.04034214607528388,0.031658358593959345,0.05128099471366816,False,308.1229264785755
2020-08-04 23:00:00,-6.72269,79.49949,120.0,24.0,137090.37673004187,1163019.7914776802,-0.039201300195231395,0.08725103390174234,0.09565293959894615,False,335.80593847241994
2020-08-05 00:00:00,-6.72844,79.50331,120.0,24.0,137157.32854614945,1162584.2139313512,-0.013429905784993465,0.1450075705572551,0.14562814936787158,False,354.70863424976585
2020-08-05 01:00:00,-6.72742,79.50888,120.0,24.0,137064.08077999396,1161971.5985927868,0.0349800678881395,0.18979663796143212,0.19299318363849483,False,10.442593339938014
2020-08-05 02:00:00,-6.7161,79.5156,120.0,24.0,136747.1219288648,1161256.5911323172,0.09198854088756016,0.20431878116966953,0.22407154213170763,False,24.23825930582825
2020-08-05 03:00:00,-6.69496,79.52211,120.0,24.0,136234.2639142944,1160588.0561857417,0.14109383701710465,0.17667807727528387,0.22610310443224893,False,38.61061124637888
2020-08-05 04:00:00,-6.66629,79.52704,120.0,24.0,135589.87002283693,1160111.6176273206,0.1682254137058232,0.11737088732516897,0.20512365784568312,False,55.0965148429367
2020-08-05 05:00:00,-6.63555,79.52971,120.0,24.0,134933.128701628,1159889.305712129,0.16230041659222508,0.04277170757874707,0.1678417236422805,False,75.23627569348116
2020-08-05 06:00:00,-6.60896,79.52981,120.0,24.0,134393.54950131383,1159940.7557741688,0.12180892089144102,-0.026727487405104257,0.1247067431686328,False,102.37579535231504
2020-08-05 07:00:00,-6.59252,79.52798,120.0,24.0,134084.08064964772,1160181.4037352507,0.05180208722208491,-0.07305273976308754,0.08955534058590747,False,144.65934322962727
2020-08-05 08:00:00,-6.59066,79.52508,120.0,24.0,134083.4270714048,1160506.0779145902,-0.0256951780231684,-0.09064829667061969,0.09421972119958219,False,195.82591880404163
2020-08-05 09:00:00,-6.60159,79.52211,120.0,24.0,134342.7734020081,1160808.5242881035,-0.08736140849155022,-0.07720862960728381,0.11658982879935215,False,228.53026025141912
2020-08-05 10:00:00,-6.6215,79.52008,120.0,24.0,134772.16779298865,1160985.98112739,-0.12215829050103234,-0.03443453586640569,0.12691881341420344,False,254.25767530862203
2020-08-05 11:00:00,-6.64471,79.51988,120.0,24.0,135245.03481125672,1160953.3795195222,-0.12380003784514038,0.03119207226593111,0.1276690829555114,False,284.1416337895804
2020-08-05 12:00:00,-6.6652,79.5221,120.0,24.0,135631.55359471292,1160659.765451408,-0.09313578155816028,0.10114573943377538,0.13749448866065334,False,317.3608885164142
2020-08-05 13:00:00,-6.67759,79.52643,120.0,24.0,135826.55415463372,1160152.2199316751,-0.03540799722436282,0.15566322221220827,0.1596394845172328,False,347.1852372032795
2020-08-05 14:00:00,-6.6777,79.53218,120.0,24.0,135754.43544531905,1159516.9486378857,0.03376964686766484,0.18269694409549395,0.18579171787622512,False,10.472336868064701
2020-08-05 15:00:00,-6.66565,79.53826,120.0,24.0,135432.09987241507,1158873.9992560158,0.09674474544841054,0.17513553936036844,0.20007999130079177,False,28.91622882972848
2020-08-05 16:00:00,-6.64349,79.54352,120.0,24.0,134916.21360625545,1158345.3500804293,0.13863624654609052,0.13637059544124222,0.1944658020254136,False,45.47202210828391
2020-08-05 17:00:00,-6.61661,79.54709,120.0,24.0,134327.02799355297,1158014.2046671591,0.1484909191116292,0.07567110579482776,0.16666034114578196,False,62.996568179784504
2020-08-05 18:00:00,-6.59095,79.54842,120.0,24.0,133791.42173261946,1157927.338192948,0.1288300255989658,0.011576127338534234,0.1293490711987842,False,84.86543018864052
2020-08-05 19:00:00,-6.57102,79.54784,120.0,24.0,133396.01552861926,1158037.8748260569,0.08669542583823632,-0.037071160885764856,0.09428874710532215,False,113.15166188200448
2020-08-05 20:00:00,-6.56027,79.54602,120.0,24.0,133201.85925765903,1158263.92808653,0.03351430824471837,-0.06193087443672989,0.0704176261004303,False,151.57966651538942
2020-08-05 21:00:00,-6.55916,79.54383,120.0,24.0,133207.23608565098,1158508.4259142443,-0.01769966340074102,-0.058683543636058,0.06129466843196605,False,196.7839434520071
2020-08-05 22:00:00,-6.56653,79.54222,120.0,24.0,133376.72691611026,1158669.1268869636,-0.05266841642694661,-0.025479768359912232,0.058507954028465606,False,244.18337085157359
2020-08-05 23:00:00,-6.57779,79.54218,120.0,24.0,133604.9402077435,1158647.311183298,-0.059140094035342504,0.03428345942816961,0.0683586593846903,False,300.1008310154589
2020-08-06 00:00:00,-6.58745,79.54444,120.0,24.0,133771.45646118704,1158375.133605573,-0.03482693394811129,0.10346866031061626,0.10917270260783966,False,341.3970739376459
2020-08-06 01:00:00,-6.59011,79.54888,120.0,24.0,133768.57550353566,1157878.488831219,0.016511635004547467,0.16308451525677328,0.16391825159835044,False,5.781261191867827
2020-08-06 02:00:00,-6.5816,79.555,120.0,24.0,133518.5993652224,1157222.3273491387,0.07726742493912925,0.19752973245662175,0.21210433791204872,False,21.363875970694664
2020-08-06 03:00:00,-6.56274,79.56167,120.0,24.0,133052.90491637023,1156529.4126662016,0.12875823930783864,0.19598830141310997,0.23449967693037593,False,33.30367346198386
2020-08-06 04:00:00,-6.53597,79.56769,120.0,24.0,132436.33677283893,1155926.412851051,0.1627973786350278,0.1635545526330792,0.23076628475027125,False,44.867067443312806
2020-08-06 05:00:00,-6.50502,79.57226,120.0,24.0,131754.34021891293,1155492.8947940757,0.17491675423891756,0.1093418953588129,0.2062802001989902,False,57.990159489693724
2020-08-06 06:00:00,-6.47393,79.57477,120.0,24.0,131095.85516624097,1155286.8974792978,0.16467410670319904,0.04246497110542982,0.1700612689282353,False,75.54000565214426
2020-08-06 07:00:00,-6.4466,79.57501,120.0,24.0,130541.77384800716,1155322.780443208,0.13222304844977342,-0.025645612770744973,0.13468716344083473,False,100.97663861623079
2020-08-06 08:00:00,-6.42702,79.57311,120.0,24.0,130170.60061491933,1155577.2668611507,0.07605014977149949,-0.07475588332968817,0.10663989578328298,False,134.5082810511563
2020-08-06 09:00:00,-6.41962,79.57017,120.0,24.0,130057.9036001218,1155918.9327356725,0.0010888710249218527,-0.08586728013215256,0.08587418376556762,False,179.27347913758007
2020-08-06 10:00:00,-6.42663,79.56755,120.0,24.0,130231.93533119945,1156192.5112640134,-0.05998923534597637,-0.0565201613373691,0.08242109557023113,False,226.70548125950683
2020-08-06 11:00:00,-6.44089,79.56651,120.0,24.0,130532.66159446437,1156274.9752227839,-0.0758676154163202,0.006794153808144285,0.07617122550495947,False,275.1173440647955
2020-08-06 12:00:00,-6.45353,79.56799,120.0,24.0,130769.24679585172,1156082.625177568,-0.049721684552453266,0.08200280762733604,0.09589945971432556,False,328.7698387533544
2020-08-06 13:00:00,-6.45852,79.57182,120.0,24.0,130822.02756541657,1155648.0584872782,0.004664750171287646,0.14594402839724135,0.14601855813209264,False,1.8306986643369783
2020-08-06 14:00:00,-6.45187,79.57744,120.0,24.0,130617.67602851566,1155042.2749096367,0.06605704171397407,0.18641288169350664,0.19777081488753342,False,19.512228497676006
2020-08-06 15:00:00,-6.43507,79.58389,120.0,24.0,130198.61109719599,1154367.82994072,0.11555711012766931,0.19676289637169966,0.22818650943830687,False,30.425339683291668
2020-08-06 16:00:00,-6.41083,79.59018,120.0,24.0,129632.12797331506,1153727.7573942505,0.15211246478551496,0.1783854237589442,0.23443455665234728,False,40.4548252064979
2020-08-06 17:00:00,-6.38102,79.59544,120.0,24.0,128966.84071021502,1153213.7738873651,0.17730763295993482,0.13544959069951987,0.2231246026921335,False,52.62291508203907
2020-08-06 18:00:00,-6.3478,79.59895,120.0,24.0,128255.03433357172,1152900.4447772638,0.18442650312683656,0.07644687959405697,0.19964283221608858,False,67.4854380134974
2020-08-06 19:00:00,-6.31544,79.60039,120.0,24.0,127586.25489161337,1152813.5449785183,0.16693938720514712,0.012810820077849474,0.16743021266037103,False,85.61175964208542
2020-08-06 20:00:00,-6.28843,79.59978,120.0,24.0,127050.21867547515,1152940.9852215797,0.12731857153856763,-0.034758964747896574,0.13197804472322994,False,105.27007860199217
2020-08-06 21:00:00,-6.27016,79.59814,120.0,24.0,126702.48921126818,1153162.7124635223,0.07333637361111235,-0.04819228590654959,0.08775374701588116,False,123.3105281446662
2020-08-06 22:00:00,-6.26235,79.59666,120.0,24.0,126563.25190276284,1153343.5627831162,0.02553508233094534,-0.027028610611761653,0.03718314431634839,False,136.62754640519785
2020-08-06 23:00:00,-6.26108,79.59639,120.0,24.0,126540.96153846435,1153376.2120668667,0.003206376849456309,0.022393890156298477,0.02262227152239782,False,8.148279201505659
2020-08-07 00:00:00,-6.26121,79.59811,120.0,24.0,126522.71943576945,1153185.8062328505,0.007083879927546244,0.08586943909911782,0.08616113930319745,False,4.715990074491913
2020-08-07 01:00:00,-6.25856,79.60195,120.0,24.0,126422.83356744586,1152767.2025727632,0.03257003224676111,0.1479568607198778,0.1514993057232817,False,12.414629478596794
2020-08-07 02:00:00,-6.24962,79.60769,120.0,24.0,126173.47989952292,1152152.4304633543,0.07294776055560784,0.19367582113677073,0.2069582070445159,False,20.638821362128056
2020-08-07 03:00:00,-6.23259,79.61449,120.0,24.0,125748.9291128395,1151438.199906766,0.119538274641987,0.21128711533356576,0.2427584070848271,False,29.49954322647045
2020-08-07 04:00:00,-6.20704,79.62137,120.0,24.0,125152.73536056025,1150733.5939604256,0.1576336397491767,0.19893084206518236,0.2538145864707853,False,38.39345383634054
2020-08-07 05:00:00,-6.17641,79.62737,120.0,24.0,124465.75775287671,1150137.0082722402,0.17334630712080007,0.1593877843081382,0.23548547296824132,False,47.40220583420313
2020-08-07 06:00:00,-6.14523,79.63169,120.0,24.0,123788.41723569314,1149726.9456982235,0.16226522586997214,0.10084641474697786,0.19104973931924782,False,58.139411282857566
2020-08-07 07:00:00,-6.11853,79.6339,120.0,24.0,123226.43388532872,1149540.1527609576,0.12422387037539723,0.034431516766475725,0.1289073284103103,False,74.50805708118077
2020-08-07 08:00:00,-6.10091,79.63392,120.0,24.0,122872.677044714,1149575.7824379234,0.0665342363226551,-0.020702390910235777,0.06968065436287986,False,107.2837365948273
2020-08-07 09:00:00,-6.09479,79.63256,120.0,24.0,122765.94236090023,1149739.2787506264,0.0007239487613231437,-0.046024841549533346,0.04603053488140967,False,179.09883908733133
2020-08-07 10:00:00,-6.10065,79.63094,120.0,24.0,122902.67778073256,1149905.8416349958,-0.05278551005002731,-0.031349141792451296,0.0613928233783457,False,239.29406213955335
2020-08-07 11:00:00,-6.11362,79.63053,120.0,24.0,123167.83349432741,1149923.3237448903,-0.07652505420366162,0.0230132757314003,0.07991054236308753,False,286.7375376382845
2020-08-07 12:00:00,-6.12795,79.63243,120.0,24.0,123432.87790364938,1149682.4087656732,-0.07418884499284112,0.0855614627442949,0.11324640669052229,False,319.0720144248411
2020-08-07 13:00:00,-6.14009,79.63607,120.0,24.0,123633.17898773601,1149253.7802133285,-0.05276414097311396,0.12787883334577776,0.13833672900031954,False,337.57844539934933
2020-08-07 14:00:00,-6.14678,79.64071,120.0,24.0,123712.1195268795,1148726.3288430371,-0.010795750603335288,0.1668015537824861,0.16715055062829143,False,356.29686053334024
2020-08-07 15:00:00,-6.14394,79.64687,120.0,24.0,123581.86646991404,1148051.390643189,0.05091418638596034,0.21793104494217114,0.22379945202106935,False,13.14988116493015
2020-08-07 16:00:00,-6.12858,79.65482,120.0,24.0,123179.70716671097,1147205.4720406786,0.11448419026992517,0.24233982709422272,0.2680209350364598,False,25.286602367363173
2020-08-07 17:00:00,-6.103,79.66256,120.0,24.0,122576.01132364033,1146404.5168431113,0.1595062451667342,0.20419023145659582,0.259105949120217,False,37.99570508516888
2020-08-07 18:00:00,-6.07151,79.66804,120.0,24.0,121881.46839639405,1145865.7329684708,0.17304006357309096,0.13174430418722663,0.2174843104390656,False,52.716115389143056
2020-08-07 19:00:00,-6.04106,79.67109,120.0,24.0,121236.78274456988,1145593.0558028345,0.14897080834544038,0.06300596076544421,0.1617468788912807,False,67.07447335239033
2020-08-07 20:00:00,-6.01817,79.67212,120.0,24.0,120767.09305647787,1145527.489830256,0.10077877889614247,0.011575277093445,0.10144135899911634,False,83.44781776368478
2020-08-07 21:00:00,-6.00497,79.67184,120.0,24.0,120506.43668258024,1145586.248581941,0.045737609779402354,-0.017148024101968442,0.048846531902833924,False,110.55211381494524
2020-08-07 22:00:00,-6.00179,79.67101,120.0,24.0,120452.50559078845,1145684.7288850327,-0.0032409062523214424,-0.02424853274128322,0.024464153642450425,False,187.61267795229833
2020-08-07 23:00:00,-6.00613,79.67027,120.0,24.0,120547.89829236337,1145757.4411812057,-0.03636029013317685,-0.010655711222003407,0.037889508841043675,False,253.66630097281362
2020-08-08 00:00:00,-6.01481,79.67032,120.0,24.0,120720.89031924482,1145733.6360718438,-0.05207923212906187,0.029191754677449055,0.05970263780019337,False,299.2717564026592
2020-08-08 01:00:00,-6.02478,79.67216,120.0,24.0,120898.78060401224,1145509.1261463931,-0.050534306091874356,0.09699436731724692,0.10936920674239284,False,332.48037441554095
2020-08-08 02:00:00,-6.03291,79.6766,120.0,24.0,121009.42883516212,1145000.9450857993,-0.030789375961389916,0.1729842610058822,0.17570298867077644,False,349.90764527747103
2020-08-08 03:00:00,-6.03581,79.68336,120.0,24.0,120988.33609875281,1144247.238489439,0.005924339712378702,0.23384123778372742,0.23391627196339596,False,1.4512712525892084
2020-08-08 04:00:00,-6.03078,79.69174,120.0,24.0,120789.97349379776,1143331.1069437563,0.049087391015789864,0.2650451830723593,0.26955244578114573,False,10.492511527490535
2020-08-08 05:00:00,-6.01819,79.70052,120.0,24.0,120436.36905885594,1142386.6068448392,0.08731363543170628,0.25856139907327336,0.27290596919640553,False,18.659318460412408
2020-08-08 06:00:00,-5.99942,79.70848,120.0,24.0,119969.59770450632,1141545.6361725987,0.11485978680771938,0.22211062250353697,0.2500517931437874,False,27.34478407167262
2020-08-08 07:00:00,-5.97691,79.7149,120.0,24.0,119446.76260823257,1140882.6049531403,0.12628326852436345,0.166658681328476,0.20909944995466392,False,37.15251652265607
2020-08-08 08:00:00,-5.95401,79.71927,120.0,24.0,118940.35364015466,1140446.8936178065,0.11153185026238363,0.09838343073095696,0.14872341128868638,False,48.5841413450475
2020-08-08 09:00:00,-5.93679,79.72127,120.0,24.0,118574.58688430801,1140261.3638715108,0.0643987896016782,0.024861248547884334,0.06903104940185176,False,68.89084426069559
2020-08-08 10:00:00,-5.93084,79.72088,120.0,24.0,118460.65491486964,1140316.8107677686,-0.0004757915984389331,-0.03150918971024215,0.031512781753459576,False,180.86510567590682
2020-08-08 11:00:00,-5.93696,79.71923,120.0,24.0,118601.43585857117,1140486.6617304322,-0.06476704616679893,-0.04818431199566928,0.08072483008138365,False,233.35210232714402
2020-08-08 12:00:00,-5.95414,79.71776,120.0,24.0,118960.36054446145,1140613.643296327,-0.11674692330433252,-0.01574681469234295,0.11780410126130027,False,262.3183097436569
2020-08-08 13:00:00,-5.97896,79.71821,120.0,24.0,119449.23986835234,1140512.2319913274,-0.14591540703839612,0.06317654773471185,0.15900497537768163,False,293.4110165893943
2020-08-08 14:00:00,-6.00664,79.72185,120.0,24.0,119957.85562728469,1140051.8135883862,-0.14034885518205495,0.1478097927830151,0.20382722093349379,False,316.4831578087134
2020-08-08 15:00:00,-6.02947,79.72778,120.0,24.0,120342.8386519364,1139348.1006414022,-0.09521828125702814,0.19846920256542758,0.2201284748788744,False,334.370007770316
2020-08-08 16:00:00,-6.04092,79.7347,120.0,24.0,120489.53482182848,1138558.7280080034,-0.03537693774858752,0.21593048171454238,0.21880927918610252,False,350.69561598294536
2020-08-08 17:00:00,-6.04221,79.74176,120.0,24.0,120432.5236033094,1137775.2286683526,0.011664186952355406,0.20898483995880776,0.20931009672222692,False,3.194566729770827
2020-08-08 18:00:00,-6.03671,79.74823,120.0,24.0,120247.633810926,1137071.2363445165,0.037555108413866695,0.17917515868805156,0.18306863100724205,False,11.837825567739515
2020-08-08 19:00:00,-6.02866,79.75336,120.0,24.0,120027.95614031084,1136520.7577287296,0.03873516608705542,0.12866550777284536,0.13436973610986924,False,16.754590887516372
2020-08-08 20:00:00,-6.02273,79.75656,120.0,24.0,119872.98790103289,1136179.2591266911,0.010862222277217129,0.07259624042284157,0.07340437314173243,False,8.509758901001192
2020-08-08 21:00:00,-6.02474,79.75806,120.0,24.0,119895.33731290065,1136009.1556977464,-0.04579974453461863,0.028271534682828923,0.05382282297277548,False,301.68644689411053
2020-08-08 22:00:00,-6.03927,79.75839,120.0,24.0,120179.55999082951,1135942.2176608301,-0.11139561110320105,0.00804288343213761,0.11168558611995803,False,274.1296511587216
2020-08-08 23:00:00,-6.06497,79.75858,120.0,24.0,120686.8417743626,1135867.1847573954,-0.16540564996130194,0.021173346653583457,0.16675532869336906,False,277.2946814393131
2020-08-09 00:00:00,-6.09901,79.75976,120.0,24.0,121347.7076873483,1135664.7947950617,-0.20421637857338742,0.06735570890808422,0.2150374869648073,False,288.2538579807184
2020-08-09 01:00:00,-6.13874,79.76294,120.0,24.0,122097.35154161719,1135228.7476823765,-0.227254107424575,0.13963961390216548,0.2667276721903562,False,301.56925442557963
2020-08-09 02:00:00,-6.18113,79.7688,120.0,24.0,122867.04052971114,1134490.1822684095,-0.2288254763835188,0.21284659007646642,0.312513630981632,False,312.9280473019011
2020-08-09 03:00:00,-6.22147,79.77672,120.0,24.0,123570.31019657949,1133527.7672432743,-0.204845552155674,0.26257784774024717,0.3330297679815776,False,322.0410440633165
2020-08-09 04:00:00,-6.25524,79.7858,120.0,24.0,124128.3584477429,1132450.9199831085,-0.16331054194911732,0.2855949173177645,0.3289905620370517,False,330.2379644802487
2020-08-09 05:00:00,-6.2806,79.79521,120.0,24.0,124515.09752836093,1131355.6096968215,-0.11656539782932576,0.2842102644940786,0.30718555697640326,False,337.6996076704232
2020-08-09 06:00:00,-6.29748,79.8042,120.0,24.0,124738.72990494852,1130325.0735956249,-0.08227051481729646,0.2622837180647912,0.2748839507322934,False,342.58492750768414
2020-08-09 07:00:00,-6.31044,79.81219,120.0,24.0,124896.72646942886,1129413.5872322835,-0.0752271380395892,0.22413532857337162,0.23642285805801577,False,341.4465651878604
2020-08-09 08:00:00,-6.32479,79.81871,120.0,24.0,125099.70481043607,1128661.5430966562,-0.0931501503196744,0.17918911588491446,0.20195467252875146,False,332.53266403122007
2020-08-09 09:00:00,-6.34428,79.82379,120.0,24.0,125421.19554918182,1128057.3931675036,-0.12892597321919727,0.1379509681682296,0.1888183682512617,False,316.93683702283374
2020-08-09 10:00:00,-6.37165,79.82764,120.0,24.0,125912.53075686432,1127571.8031448997,-0.1737340564451284,0.10876033974145871,0.2049691046708176,False,302.0472344115994
2020-08-09 11:00:00,-6.40745,79.83083,120.0,24.0,126577.45056765857,1127140.33607002,-0.21796932250176548,0.09810395022335767,0.2390293090842746,False,294.2316263926125
2020-08-09 12:00:00,-6.45093,79.83399,120.0,24.0,127393.27944370294,1126694.727164156,-0.2502217882181066,0.10504975630353601,0.27137869223374794,False,292.7739586515538
2020-08-09 13:00:00,-6.49849,79.83763,120.0,24.0,128282.66198162107,1126186.3532978075,-0.260709992322439,0.1252765308582397,0.28924714221689674,False,295.6652451644966
2020-08-09 14:00:00,-6.54582,79.8421,120.0,24.0,129156.24597770638,1125586.0856273677,-0.24775058035002684,0.14828435845039817,0.2887362135666762,False,300.9014804989681
2020-08-09 15:00:00,-6.5887,79.84723,120.0,24.0,129933.12815972957,1124922.3162445347,-0.21428268671109477,0.16511783214872294,0.2705198113218679,False,307.6164362968683
2020-08-09 16:00:00,-6.62388,79.85279,120.0,24.0,130552.48160359265,1124228.0622569534,-0.17380994226765187,0.1768624172603416,0.24797219737352744,False,315.49872626776
2020-08-09 17:00:00,-6.65205,79.85868,120.0,24.0,131029.31690126585,1123513.0530455278,-0.14064086228371422,0.18397356837379997,0.23157315475697074,False,322.60344985691967
2020-08-09 18:00:00,-6.67517,79.8647,120.0,24.0,131404.83667486397,1122795.0691639727,-0.12115652845989702,0.17455546147565693,0.21248179573656042,False,325.2360206040987
2020-08-09 19:00:00,-6.69626,79.86998,120.0,24.0,131749.63974767644,1122163.3738474268,-0.11977892517231485,0.1385669378431229,0.1831605502794062,False,319.1594707968833
2020-08-09 20:00:00,-6.7189,79.87367,120.0,24.0,132145.02620459255,1121703.631237464,-0.14117361727158978,0.08574238373847161,0.16517186982867463,False,301.2725768142591
2020-08-09 21:00:00,-6.74782,79.87553,120.0,24.0,132686.88056210714,1121431.3455702323,-0.18579747006399788,0.03400122231071129,0.1888829875896837,False,280.3704643070756
2020-08-09 22:00:00,-6.78677,79.87587,120.0,24.0,133444.73641650676,1121303.3341030655,-0.237044577895109,0.01592915226730947,0.23757918638093178,False,273.8444377327785
2020-08-09 23:00:00,-6.83442,79.87656,120.0,24.0,134368.0887832192,1121115.768118929,-0.2723116407122291,0.05454051259672018,0.2777198177690946,False,281.32574930616806
2020-08-10 00:00:00,-6.88627,79.8794,120.0,24.0,135344.71779106453,1120680.1152793504,-0.2617915899584404,0.12433631639473101,0.2898177981897917,False,295.4050950615257
2020-08-10 01:00:00,-6.9301,79.88461,120.0,24.0,136132.05465522065,1120001.0072364502,-0.18768576777819432,0.18997734410127345,0.2670530634504385,False,315.3476538647286
2020-08-10 02:00:00,-6.95489,79.8917,120.0,24.0,136521.1416147115,1119159.2215206434,-0.08751717098376458,0.2242905443251797,0.24076026144421525,False,338.6844923034854
2020-08-10 03:00:00,-6.96211,79.89913,120.0,24.0,136561.9979062367,1118321.6977051657,-0.005103145283176992,0.2107103966020394,0.21077218347773016,False,358.61263826998436
2020-08-10 04:00:00,-6.95675,79.90534,120.0,24.0,136373.71938665656,1117648.8393856864,0.046012376958125004,0.16297984398265367,0.16935043069902928,False,15.765404346775028
2020-08-10 05:00:00,-6.94525,79.90968,120.0,24.0,136091.018839099,1117197.0077287585,0.062073081700543875,0.10010385210068598,0.11778730269939289,False,31.80250686448676
2020-08-10 06:00:00,-6.934,79.91182,120.0,24.0,135842.91925087397,1116987.4230786006,0.048121441879144244,0.032902570052747,0.05829453048617667,False,55.638009579500476
2020-08-10 07:00:00,-6.92761,79.91181,120.0,24.0,135718.47882132084,1117003.6703718207,0.010390870214195854,-0.02888890280574204,0.030700796229542204,False,160.21716383531782
2020-08-10 08:00:00,-6.93019,79.90995,120.0,24.0,135793.73915713636,1117202.9283787496,-0.04906142550598442,-0.07090155846520134,0.08622096302798771,False,214.68189389208254
2020-08-10 09:00:00,-6.94559,79.90722,120.0,24.0,136130.73609272184,1117467.8097104542,-0.12504447851776726,-0.0801594030003591,0.1485316514994509,False,237.33821499078704
2020-08-10 10:00:00,-6.97601,79.90476,120.0,24.0,136757.24493033346,1117666.9678583506,-0.19564336527841725,-0.05528570192078382,0.2033047840419353,False,254.22055234340357
2020-08-10 11:00:00,-7.01727,79.90364,120.0,24.0,137577.28586933512,1117691.8363188992,-0.2369503634961284,-0.002308343028222016,0.2369616070347332,False,269.4418488011113
2020-08-10 12:00:00,-7.06282,79.90461,120.0,24.0,138452.53866759266,1117475.0387497258,-0.2340965872997328,0.055756759515893206,0.24064502574766544,False,283.39700893475754
2020-08-10 13:00:00,-7.10304,79.90725,120.0,24.0,139200.63052006645,1117086.1895422346,-0.18269825017671984,0.09637484274622785,0.2065593399776332,False,297.8120187510243
2020-08-10 14:00:00,-7.12977,79.91085,120.0,24.0,139672.0672021483,1116623.8072652756,-0.11103507624885464,0.11708481944970756,0.16136183905483842,False,316.5191288952073
2020-08-10 15:00:00,-7.14374,79.91483,120.0,24.0,139889.26935827037,1116150.4716525986,-0.04982911688952831,0.1197195409379801,0.12967540002788103,False,337.40216934222417
2020-08-10 16:00:00,-7.14804,79.9186,120.0,24.0,139920.85676736225,1115723.90164461,-0.006602223612635834,0.10319408510817521,0.10340507027193857,False,356.3392797374261
2020-08-10 17:00:00,-7.14616,79.92151,120.0,24.0,139843.98217738734,1115407.3337791918,0.01575033699513633,0.06828177896382898,0.07007477758741412,False,12.989042598414471
2020-08-10 18:00:00,-7.14226,79.92302,120.0,24.0,139747.1761792188,1115250.1991546508,0.009292430418284571,0.024562477041740294,0.02626146495351467,False,20.722539224737943
2020-08-10 19:00:00,-7.14275,79.9231,120.0,24.0,139755.6074966622,1115240.17479607,-0.02934646001202057,-0.014982368645692384,0.03294975091669963,False,242.95413839429094
2020-08-10 20:00:00,-7.15303,79.92205,120.0,24.0,139970.24406242114,1115330.962303144,-0.08008700229311076,-0.036297374499391105,0.08792853536734122,False,245.6188118948741
2020-08-10 21:00:00,-7.17214,79.92075,120.0,24.0,140360.2882559204,1115427.68045536,-0.12091488621187024,-0.03058115563345823,0.12472215836613526,False,255.80668662481037
2020-08-10 22:00:00,-7.1974,79.92007,120.0,24.0,140861.50954689432,1115440.7302877805,-0.14602066604335553,-0.009419561972966527,0.1463241711389739,False,266.30905406580894
2020-08-10 23:00:00,-7.22572,79.92014,120.0,24.0,141411.8499831731,1115363.2452880817,-0.15444113869083279,0.012358678222321739,0.15493483226028915,False,274.5751698495777
2020-08-11 00:00:00,-7.25407,79.92087,120.0,24.0,141953.46271756646,1115212.5916861133,-0.14805511141989797,0.030275617123261836,0.15111892340058788,False,281.55701692863295
2020-08-11 01:00:00,-7.28005,79.9221,120.0,24.0,142441.78975582676,1115012.4027812902,-0.12978332333211148,0.04294142765989428,0.1367028793573761,False,288.3078380945418
2020-08-11 02:00:00,-7.3017,79.92365,120.0,24.0,142841.1909418701,1114787.4943006851,-0.10388274332846374,0.052519672509400865,0.11640421110055338,False,296.8196487095813
2020-08-11 03:00:00,-7.31818,79.9255,120.0,24.0,143135.62054085173,1114542.2668965561,-0.07567222455711646,0.060863136321409175,0.09711131207177204,False,308.8097046200101
2020-08-11 04:00:00,-7.32948,79.92759,120.0,24.0,143325.7732524432,1114283.4480253789,-0.053406729201117206,0.06380045664808653,0.08320322705560064,False,320.06763319807874
2020-08-11 05:00:00,-7.33779,79.92963,120.0,24.0,143458.40373773518,1114037.6009009718,-0.043701869081919795,0.058703758152447806,0.07318459252106511,False,323.3342499367407
2020-08-11 06:00:00,-7.34553,79.93139,120.0,24.0,143583.86730289806,1113824.0552719801,-0.04374792568181227,0.05159800751915388,0.06764787787808299,False,319.70669657414294
2020-08-11 07:00:00,-7.35386,79.93297,120.0,24.0,143723.30574081693,1113628.8724202716,-0.048612776133319775,0.04804521608131879,0.0683486999999918,False,314.66357234275534
2020-08-11 08:00:00,-7.36339,79.9345,120.0,24.0,143886.72286618952,1113436.174633401,-0.05448471605070714,0.042329282518097394,0.06899530738842381,False,307.8437038527372
2020-08-11 09:00:00,-7.37388,79.93571,120.0,24.0,144073.30056404148,1113276.3383165458,-0.059839989720717676,0.027653324760841157,0.06592063971249178,False,294.80265713772724
2020-08-11 10:00:00,-7.38538,79.93629,120.0,24.0,144288.4538864136,1113183.4207986987,-0.07083053052039606,0.005254361601783893,0.0710251530772237,False,274.24255370514754
2020-08-11 11:00:00,-7.39991,79.93605,120.0,24.0,144574.18664330104,1113173.2666558127,-0.09233038345384727,-0.019615662290376402,0.09439106904694197,False,258.00579879143834
2020-08-11 12:00:00,-7.41931,79.93502,120.0,24.0,144965.8858860964,1113237.8577494042,-0.11625804417685147,-0.034137171720386175,0.12116632918799629,False,253.63603245537556
2020-08-11 13:00:00,-7.44263,79.93384,120.0,24.0,145435.97497014774,1113308.9073581134,-0.1324602020880643,-0.027495935074749532,0.13528389254765577,False,258.27314837238976
2020-08-11 14:00:00,-7.46798,79.93324,120.0,24.0,145937.20818377865,1113310.622845982,-0.1357314377207821,-0.004481038601626679,0.1358053860960596,False,268.1091235195919
2020-08-11 15:00:00,-7.4925,79.93355,120.0,24.0,146409.14516008098,1113213.8798074618,-0.12440518367204745,0.0259498183650465,0.1270828186563973,False,281.78244467562445
2020-08-11 16:00:00,-7.51369,79.93492,120.0,24.0,146800.91472187376,1113008.5810695963,-0.10670212888467791,0.05561160843317875,0.12032454155760418,False,297.5278749690076
2020-08-11 17:00:00,-7.53171,79.93715,120.0,24.0,147118.4459701955,1112716.4548008756,-0.09027504966362836,0.07631341257517271,0.11820880479320944,False,310.2092852195734
2020-08-11 18:00:00,-7.54687,79.93986,120.0,24.0,147373.26740004195,1112378.668853536,-0.06999076088698149,0.08002066308890866,0.10631092667608183,False,318.8251554862816
2020-08-11 19:00:00,-7.55744,79.94233,120.0,24.0,147542.34449445506,1112079.1115638146,-0.04250885241996319,0.06148327629275889,0.07474754710192126,False,325.34044986594546
2020-08-11 20:00:00,-7.5625,79.94384,120.0,24.0,147618.45126818542,1111899.581073523,-0.024228046184316506,0.02394505724004428,0.034064115842604374,False,314.6634245149752
2020-08-11 21:00:00,-7.56635,79.94388,120.0,24.0,147692.57937864805,1111885.248857972,-0.031434750366181693,-0.025643596932974033,0.040567691507466815,False,230.79338912801768
2020-08-11 22:00:00,-7.57406,79.94218,120.0,24.0,147867.12234879512,1112052.8055185508,-0.05983545460839869,-0.07353174937420794,0.09480084279279942,False,219.13650105164515
2020-08-11 23:00:00,-7.58835,79.93912,120.0,24.0,148189.41864548073,1112353.273622558,-0.09962597129590359,-0.1048885495815327,0.1446614737584608,False,223.5259872983807
2020-08-12 00:00:00,-7.61068,79.93539,120.0,24.0,148677.87495738236,1112706.665503891,-0.13952179698170436,-0.10874933223642536,0.176897566673124,False,232.06560510899632
2020-08-12 01:00:00,-7.63962,79.93208,120.0,24.0,149288.82709638416,1112996.3266306065,-0.16903586215219427,-0.08001677147852561,0.18701819807543385,False,244.66845610729274
2020-08-12 02:00:00,-7.67278,79.93021,120.0,24.0,149960.7208919806,1113115.8746343497,-0.18270129612779806,-0.031050089623291123,0.18532099630746585,False,260.35473770419543
2020-08-12 03:00:00,-7.70673,79.93007,120.0,24.0,150622.34765453023,1113042.252968351,-0.1775582877664024,0.023168494027433196,0.17906346548091762,False,277.43417387731597
2020-08-12 04:00:00,-7.738,79.93171,120.0,24.0,151205.22310465528,1112779.1288406975,-0.15562116147519192,0.07661702951656993,0.17345926066610196,False,296.2124254959672
2020-08-12 05:00:00,-7.7639,79.93503,120.0,24.0,151658.34209149008,1112344.769338483,-0.12066464177930072,0.12280766400818038,0.17216758729468531,False,315.50429948478046
2020-08-12 06:00:00,-7.78234,79.93966,120.0,24.0,151946.59471458712,1111785.6537632737,-0.07872885603386452,0.14675573289719532,0.16653971871776985,False,331.7881380366833
2020-08-12 07:00:00,-7.79284,79.94453,120.0,24.0,152076.88897529928,1111221.1031598789,-0.038045827920711164,0.13687228310783647,0.14206163065840158,False,344.4658827678671
2020-08-12 08:00:00,-7.79633,79.94852,120.0,24.0,152084.3718465305,1110772.131795142,-0.013645591997391706,0.1013429060632789,0.10225745347068767,False,352.3313756195307
2020-08-12 09:00:00,-7.79786,79.95109,120.0,24.0,152075.2479529872,1110484.8513237145,-0.01736157206889758,0.054070887212779334,0.05678983208885749,False,342.19874217799554
2020-08-12 10:00:00,-7.80272,79.95202,120.0,24.0,152155.39817244333,1110369.4611246008,-0.04143303303308438,0.008035320617112146,0.04220500685630141,False,280.9754196821632
2020-08-12 11:00:00,-7.81311,79.95161,120.0,24.0,152362.9493325754,1110387.0322582878,-0.07482705908759796,-0.024559006995378673,0.0787542608136089,False,251.82963442622048
2020-08-12 12:00:00,-7.83026,79.95043,120.0,24.0,152713.18957870267,1110471.40491664,-0.11306363138084047,-0.03382540309022991,0.11801501021157905,False,253.3443218350912
2020-08-12 13:00:00,-7.85472,79.94942,120.0,24.0,153202.59721513235,1110517.39806488,-0.15162658439744878,-0.013122270697616505,0.15219334770054235,False,265.05375614633067
2020-08-12 14:00:00,-7.88606,79.94958,120.0,24.0,153807.57015037473,1110415.803672798,-0.17938717934250947,0.032910919083390985,0.18238116324712694,False,280.39604819500346
2020-08-12 15:00:00,-7.92074,79.95155,120.0,24.0,154449.4586348879,1110105.4699758699,-0.18481168487534397,0.09377151285502645,0.2072400914147256,False,296.90275989132385
2020-08-12 16:00:00,-7.95409,79.95565,120.0,24.0,155032.481039769,1109563.7231333985,-0.16069115322863856,0.14937892027410127,0.21939851537375113,False,312.9106146283301
2020-08-12 17:00:00,-7.97991,79.96122,120.0,24.0,155446.47284123176,1108880.1872315665,-0.1074474812398928,0.18043094862387105,0.2100006867753225,False,329.22600195019675
2020-08-12 18:00:00,-7.99367,79.96733,120.0,24.0,155618.26269672535,1108169.8010396573,-0.05169032849608088,0.18182968201784383,0.18903418559282592,False,344.13067146346805
2020-08-12 19:00:00,-7.99896,79.97299,120.0,24.0,155632.96845532124,1107531.9788014726,-0.020772363590572288,0.15557052817818987,0.15695120364871337,False,352.394636210122
2020-08-12 20:00:00,-8.00133,79.9774,120.0,24.0,155610.49983220347,1107039.7790371836,-0.018616291443290623,0.11509553395717742,0.11659137293980767,False,350.812184491515
2020-08-12 21:00:00,-8.00583,79.98044,120.0,24.0,155650.35077284137,1106692.700899937,-0.04196219602643432,0.07554827185186026,0.08641971577807625,False,330.95065026942103
2020-08-12 22:00:00,-8.01682,79.98229,120.0,24.0,155833.9253990417,1106459.054338529,-0.08282764569037056,0.04882532689830073,0.09614744633808787,False,300.51854354163964
2020-08-12 23:00:00,-8.03641,79.9836,120.0,24.0,156191.8542727481,1106261.423609438,-0.13183236397153275,0.04419537396065684,0.13904317052572193,False,288.53316998450384
2020-08-13 00:00:00,-8.0655,79.98515,120.0,24.0,156729.31075362783,1106011.2731907554,-0.17883734339772384,0.06598007173154594,0.19062047439678495,False,290.25098487950754
2020-08-13 01:00:00,-8.10246,79.98787,120.0,24.0,157400.09349267575,1105610.405334373,-0.2118592320802441,0.11479537419246305,0.2409612254152488,False,298.4509342565401
2020-08-13 02:00:00,-8.14377,79.99258,120.0,24.0,158122.97645536566,1104978.0035387075,-0.21230747383333,0.18275673126859437,0.28013297961766537,False,310.7222505496936
2020-08-13 03:00:00,-8.18093,79.9997,120.0,24.0,158726.892545873,1104091.2866291218,-0.16648800341022402,0.2578307070871913,0.30691192351650953,False,327.14861600969135
2020-08-13 04:00:00,-8.20534,80.00927,120.0,24.0,159045.32945742592,1102969.9372926871,-0.08748158753700422,0.316237500889952,0.3281145914571873,False,344.5368231442537
2020-08-13 05:00:00,-8.2133,80.02017,120.0,24.0,159025.34869667035,1101747.7900784435,0.0037536922429172934,0.3374192208179045,0.3374400995477809,False,0.6373728530245444
2020-08-13 06:00:00,-8.20393,80.03111,120.0,23.0,158671.51656484208,1100569.2981963798,0.08242293192303293,0.3261517984107118,0.33640531403848317,False,14.182471414600343
2020-08-13 07:00:00,-8.18271,80.04128,120.0,22.0,158102.8826952095,1099508.211245986,0.12983625261933793,0.2924718146621248,0.3199956481985166,False,23.937746332710446
2020-08-13 08:00:00,-8.15571,80.05004,120.0,21.0,157446.49413469987,1098617.993078183,0.15612523911305062,0.2436510027597279,0.28938020221488575,False,32.650694579076685
2020-08-13 09:00:00,-8.12468,80.05705,120.0,20.0,156741.2800967538,1097931.135885005,0.17150999398059463,0.18617538198510514,0.25313425468024553,False,42.652142017843744
2020-08-13 10:00:00,-8.09192,80.06209,120.0,19.0,156034.57226897965,1097465.5062976212,0.156679899123045,0.12652635696990552,0.2013889515273455,False,51.077500955932464
2020-08-13 11:00:00,-8.06638,80.06524,120.0,18.0,155496.1842920689,1097188.00888035,0.0942240807216339,0.0721389514297214,0.11866846970116655,False,52.56194994502073
2020-08-13 12:00:00,-8.05685,80.06676,120.0,17.0,155289.9885800434,1097046.439866466,0.004356032156459981,0.03136315322860438,0.03166421318443,False,7.9072319789049175
2020-08-13 13:00:00,-8.06476,80.06727,120.0,16.0,155433.48123931096,1096968.818843592,-0.08569959573041272,0.012217664767654113,0.08656611369774521,False,278.1136336237281
2020-08-13 14:00:00,-8.08876,80.06755,120.0,15.0,155888.58213636163,1096872.777119379,-0.15930313216168826,0.019328454753527416,0.1604714213798939,False,276.91795610730276
2020-08-13 15:00:00,-8.12408,80.06852,120.0,14.0,156549.4713090519,1096669.649994862,-0.20484585342807726,0.05532178440975346,0.21218464481897967,False,285.11306944467674
2020-08-13 16:00:00,-8.16505,80.07113,120.0,13.0,157292.3817419088,1096270.0301429885,-0.2199513984800262,0.12066629318613056,0.2508764078278396,False,298.74936403955974
2020-08-13 17:00:00,-8.20602,80.07633,120.0,12.0,157993.67692618587,1095584.741499109,,,,False,
