datetime,x,y,sigma_x_regrid,longitude,latitude,u,v,speed,speed_flag,bearing
2019-10-09 03:30:00,-404684.65489,-403866.28446,0.0,134.9420084085941,84.87942120459411,,,,False,
2019-10-09 04:00:00,-404749.16366,-403815.79899,5.820766091346741e-11,134.93386080889658,84.87933154130447,-0.04135815806767823,-0.0067101376305770885,0.04189896401788885,False,260.78437144951306
2019-10-09 04:30:00,-404806.9149,-403777.94381,8.231806349783991e-11,134.92708783965148,84.87920471312728,-0.03446819806944171,-0.008976449458544172,0.035617879260787876,False,255.4028699587675
2019-10-09 05:00:00,-404859.67301,-403750.76691,1.1641532182693481e-10,134.92142619432053,84.87904192040001,-0.026803569594947972,-0.008171207814633501,0.028021420024351852,False,253.04588427854932
2019-10-09 05:30:00,-404895.88102,-403730.39151,1.7462298274040222e-10,134.9174184836469,84.87894107561667,-0.021041733303594587,-0.006498320856039621,0.022022323091981943,False,252.83773687338737
2019-10-09 06:00:00,-404929.72511,-403713.64442,0.0,134.9138356398088,84.878832249833,-0.01887118835340389,-0.010761355292128953,0.021723915797873056,False,240.30591187051706
2019-10-09 06:30:00,-404971.28203,-403709.63383,1.3015628661377063e-10,134.91061114832377,84.87859385448196,-0.01774879991770026,-0.017397108099800513,0.024853154100731387,False,225.57331807485355
2019-10-09 07:00:00,-405019.19048,-403712.60958,5.820766091346741e-11,134.90743345813294,84.8782709195349,-0.0190126683876295,-0.023138741143951518,0.029948003288111896,False,219.40930213323853
2019-10-09 07:30:00,-405078.59883,-403719.96373,1.3015628661377063e-10,134.90375355804025,84.87784726312957,-0.020668016107832598,-0.03074978141372556,0.03705018146818622,False,213.90644414670962
2019-10-09 08:00:00,-405150.12175,-403738.05366,5.820766091346741e-11,134.89997942581311,84.87727875427029,-0.023462014950963783,-0.037721468291605234,0.04442268919858215,False,211.88080351667293
2019-10-09 08:30:00,-405234.40968,-403755.99043,0.0,134.89529283775744,84.87663014541344,-0.029004427131278702,-0.04454859670758593,0.05315857655946773,False,213.06709979686732
2019-10-09 09:00:00,-405337.42918,-403777.28042,5.820766091346741e-11,134.8895214392772,84.87584135085008,-0.03488001761484422,-0.047103843210674054,0.058612180253148814,False,216.51965068834036
2019-10-09 09:30:00,-405443.16613,-403786.70474,1.1641532182693481e-10,134.8827179798553,84.87511029328786,-0.039626600114786865,-0.042851401940126495,0.058365315769654695,False,222.76093669810413
2019-10-09 10:00:00,-405547.40026,-403785.05964,0.0,134.875237278869,84.8744587091933,-0.0430005778557013,-0.03789403442820411,0.0573149853107383,False,228.6120536138596
2019-10-09 10:30:00,-405649.0614,-403773.25723,1.3015628661377063e-10,134.86721953761688,84.87388760569937,-0.04555129304402643,-0.03232089266128276,0.055853024988848476,False,234.64241653199394
2019-10-09 11:00:00,-405745.5519,-403750.92124,5.820766091346741e-11,134.8588212660497,84.87341584481901,-0.04565381463846073,-0.026099883130055138,0.05258778080928561,False,240.24377737382076
2019-10-09 11:30:00,-405831.59329,-403723.03113,0.0,134.85076802012654,84.87304547632978,-0.04185501281953084,-0.023872328772578555,0.04818433541255055,False,240.3013934105957
2019-10-09 12:00:00,-405912.7466,-403704.70917,8.231806349783991e-11,134.84373989075408,84.87264559679512,-0.03891822632835544,-0.022680502004419713,0.045044794501890945,False,239.76751093944063
2019-10-09 12:30:00,-405988.28474,-403681.26914,5.820766091346741e-11,134.83674586897334,84.8723136717509,-0.03798640011437523,-0.017125524871874923,0.041668335649346654,False,245.73257423046152
2019-10-09 13:00:00,-406052.88678,-403651.20653,5.820766091346741e-11,134.8300542881568,84.872093030887,-0.036255751347358076,-0.01299262109748115,0.0385134743790296,False,250.28433740226828
2019-10-09 13:30:00,-406113.47443,-403621.67929,0.0,134.82368445581696,84.87189445738476,-0.03385429511207143,-0.008162031574878145,0.03482430267736213,False,256.44507103245996
2019-10-09 14:00:00,-406159.64112,-403585.47588,8.231806349783991e-11,134.81785835556047,84.87182968136439,-0.03034245955365237,0.001023412173768879,0.030359713836636344,False,271.93178069769715
2019-10-09 14:30:00,-406187.85434,-403541.59796,1.8406878575731415e-10,134.81275377612144,84.87192748479085,-0.027023217331099074,0.010097042101651242,0.02884795545833935,False,290.4878614817061
2019-10-09 15:00:00,-406202.41909,-403490.84282,5.820766091346741e-11,134.8081232701167,84.87215547438889,-0.02293339149998365,0.01757587456800552,0.028893802320251752,False,307.4661200534207
2019-10-09 15:30:00,-406201.14694,-403438.43311,1.3015628661377063e-10,134.80449173681438,84.87249459132317,-0.020411697694719365,0.023258996871954245,0.03094540900150116,False,318.73036543491577
2019-10-09 16:00:00,-406194.79176,-403379.70076,8.231806349783991e-11,134.8007691884282,84.87290594447178,-0.020061406948514337,0.028740208699806067,0.03504938865176264,False,325.08396551348943
2019-10-09 16:30:00,-406178.62248,-403314.28205,1.6463612699567982e-10,134.7972632843602,84.87342191877958,-0.019771255259586486,0.033305532514508046,0.03873191230257911,False,329.305244095349
2019-10-09 17:00:00,-406159.86125,-403244.71207,1.8406878575731415e-10,134.79364457777405,84.87398057374612,-0.020363325323663996,0.03686063204374945,0.042111414282852866,False,331.0819385298763
2019-10-09 17:30:00,-406136.10283,-403168.76583,1.3015628661377063e-10,134.78992450037245,84.87461125597028,-0.024491658828681043,0.03780791016115043,0.04504752404887678,False,327.06515962607386
2019-10-09 18:00:00,-406125.38237,-403086.24861,1.1641532182693481e-10,134.78481683596615,84.87520046634066,-0.028020065964274102,0.03931514496642378,0.04827840842833563,False,324.5223712026581
2019-10-09 18:30:00,-406106.70671,-402997.46756,1.1641532182693481e-10,134.77982389715066,84.87587979081432,-0.031214417195481292,0.03973078142461692,0.05052598176645599,False,321.8451143720663
2019-10-09 19:00:00,-406103.00941,-402905.73626,5.820766091346741e-11,134.77356325912945,84.87648239965219,-0.03923691994309341,0.0366472206391126,0.053689427890344685,False,313.04542456291676
2019-10-09 19:30:00,-406112.53554,-402804.27353,1.1641532182693481e-10,134.7656762824305,84.87706222351076,-0.04850684751263183,0.033187230361332996,0.05877334867667402,False,304.3790048876614
2019-10-09 20:00:00,-406141.15597,-402697.61934,1.1641532182693481e-10,134.75607138345583,84.8775531873717,-0.058213077665758825,0.029501011652567244,0.06526156678968546,False,296.87481402603953
2019-10-09 20:30:00,-406184.67327,-402580.68077,0.0,134.7446821975963,84.8780140665982,-0.06877444217101793,0.026086876430100943,0.07355575448470394,False,290.77226855991603
2019-10-09 21:00:00,-406248.74364,-402455.66002,0.0,134.73126634635423,84.87839486066896,-0.07967593038357915,0.0217388488120343,0.08258832502334355,False,285.2611756693931
2019-10-09 21:30:00,-406330.94454,-402321.83199,5.820766091346741e-11,134.71594316696564,84.87871544388463,-0.08973225285818343,0.01910594205230843,0.09174374215558866,False,282.02001396355627
2019-10-09 22:00:00,-406427.1531,-402177.71529,8.231806349783991e-11,134.69889791670568,84.87901128446376,-0.0989728588452923,0.017990789328280354,0.10059470805497037,False,280.3024503167119
2019-10-09 22:30:00,-406535.5237,-402023.01192,5.820766091346741e-11,134.68023935888093,84.87929588493614,-0.10720580312987459,0.01719819444219691,0.10857652654599446,False,279.1138637331496
2019-10-09 23:00:00,-406654.50415,-401859.76065,1.3015628661377063e-10,134.66022201718073,84.87956615574164,-0.11599984355324824,0.01795104578110269,0.11738059357923401,False,278.7967783332416
2019-10-09 23:30:00,-406783.0887,-401680.55449,1.3015628661377063e-10,134.63838844731646,84.87987502913923,-0.12306759878642567,0.021937918752770055,0.12500762436851515,False,280.10732831895814
2019-10-10 00:00:00,-406909.60352,-401489.01948,0.0,134.61581832945816,84.88027397300095,-0.1294625405875336,0.02566563586073263,0.1319820983297148,False,281.2133557363924
2019-10-10 00:30:00,-407044.65872,-401283.89983,5.820766091346741e-11,134.59167397989015,84.88070309189709,-0.13344220378369653,0.02884098238517733,0.13652334604598476,False,282.1957982041565
2019-10-10 01:00:00,-407172.92397,-401074.02682,0.0,134.5676637766234,84.88120455284522,-0.13364393533378155,0.03280654847336275,0.13761166765298313,False,283.7920949554898
2019-10-10 01:30:00,-407298.14431,-400858.26125,1.3015628661377063e-10,134.5434419528538,84.88176161032754,-0.13486722235361795,0.036142520709928336,0.13962610597108202,False,285.00196495810644
2019-10-10 02:00:00,-407420.75927,-400636.71836,1.3015628661377063e-10,134.51898498437308,84.88237070753243,-0.13612352221089025,0.03993344678737486,0.14186011938321083,False,286.3496753841314
2019-10-10 02:30:00,-407539.23318,-400408.05352,8.231806349783991e-11,134.49430378121238,84.8830500818879,-0.13681244047019422,0.04426813592711754,0.14379607687928134,False,287.9299242926734
2019-10-10 03:00:00,-407652.26106,-400173.70121,5.820766091346741e-11,134.46959160041376,84.88379904781638,-0.1354601513275115,0.048855927963948824,0.14400123018533859,False,289.8326715005413
2019-10-10 03:30:00,-407755.33867,-399936.84065,1.3015628661377063e-10,134.44539150069892,84.88462647062023,-0.13029042650250033,0.05265824390197907,0.14052930615727013,False,292.00661341991054
2019-10-10 04:00:00,-407845.36318,-399706.09887,5.820766091346741e-11,134.4225387174256,84.88549815012071,-0.12253924793565299,0.05245101501504274,0.13329282148991997,False,293.1725911742758
2019-10-10 04:30:00,-407929.25566,-399489.61264,1.1641532182693481e-10,134.40113076977278,84.88631888636873,-0.11293945505466191,0.04842231926671968,0.1228822261810557,False,293.2070314068769
2019-10-10 05:00:00,-408005.29474,-399293.64471,1.7462298274040222e-10,134.38173905399006,84.88706059111418,-0.10655662443346911,0.03829701526541228,0.11322974692586135,False,289.7687060103581
2019-10-10 05:30:00,-408099.02729,-399119.02198,1.3015628661377063e-10,134.36263171862342,84.88755457206453,-0.09963766090251856,0.025457665210653152,0.10283849565266392,False,284.3325785114994
2019-10-10 06:00:00,-408190.57218,-398973.12315,1.3015628661377063e-10,134.34573621757377,84.8878820604757,-0.09097642307786849,0.016235658228830115,0.09241377686344554,False,280.11848796128834
2019-10-10 06:30:00,-408286.15742,-398843.94984,1.3015628661377063e-10,134.32975618012173,84.8880784489862,-0.08486745228831902,0.006185962401417847,0.08509260008215673,False,274.1688991231032
2019-10-10 07:00:00,-408388.13751,-398739.01192,1.3015628661377063e-10,134.31506722697242,84.88808168518379,-0.07545039941975662,-0.006949640867554008,0.0757697847482015,False,264.7374073355203
2019-10-10 07:30:00,-408493.81421,-398667.0804,1.1641532182693481e-10,134.3024902927722,84.88785425944711,-0.06865547152720561,-0.01814519148986883,0.07101282803006051,False,255.19560551174118
2019-10-10 08:00:00,-408607.5143,-398607.75342,1.3015628661377063e-10,134.29025773939762,84.88749622611196,-0.06588517836089934,-0.025335981098207862,0.07058872902848064,False,248.9658769711755
2019-10-10 08:30:00,-408724.72895,-398560.99051,0.0,134.2786834487364,84.88703679057717,-0.06522313234865734,-0.030060879323424154,0.07181722257974017,False,245.25535891326436
2019-10-10 09:00:00,-408848.92175,-398515.19852,2.3283064365386963e-10,134.26669220984746,84.88652628543619,-0.0648086174616118,-0.03402779003497593,0.0731986843594196,False,242.2982638174153
2019-10-10 09:30:00,-408975.30195,-398479.42173,1.3015628661377063e-10,134.25526998086906,84.88593887285236,-0.06523158267592039,-0.03984615510296908,0.0764387039064328,False,238.58168469135572
2019-10-10 10:00:00,-409115.54349,-398447.10657,1.6463612699567982e-10,134.24312887173497,84.88524061057778,-0.07041093054785129,-0.04668841908732556,0.08448377132614336,False,236.4522461537041
2019-10-10 10:30:00,-409272.56453,-398415.10177,1.7462298274040222e-10,134.2298392670589,84.88443241796102,-0.07339809553138313,-0.0501736279835776,0.08890823006149928,False,235.64418544982487
2019-10-10 11:00:00,-409429.28267,-398383.7639,0.0,134.21662298589467,84.88362172692817,-0.07468279001012,-0.048652463921299904,0.08913238114910355,False,236.91757360622913
2019-10-10 11:30:00,-409585.58954,-398344.55308,5.820766091346741e-11,134.2028736673836,84.88286260242816,-0.07360260344076706,-0.04684589947292718,0.08724609750978214,False,237.52444233428267
2019-10-10 12:00:00,-409734.91726,-398311.39345,0.0,134.1900512461341,84.8821102313288,-0.06854357359643891,-0.045057849227316205,0.08202701541786095,False,236.68065427646272
2019-10-10 12:30:00,-409873.89755,-398280.68634,1.3015628661377063e-10,134.1781318475412,84.88140879726292,-0.06280378870541681,-0.04128257732530989,0.0751569495547473,False,236.68203223432423
2019-10-10 13:00:00,-409999.06482,-398252.81448,2.469541904935197e-10,134.16738431216226,84.88077824082791,-0.05603851897170408,-0.03846091639143235,0.06796732816736868,False,235.53702262134018
2019-10-10 13:30:00,-410113.77823,-398232.45018,0.0,134.1579091835625,84.88016784864115,-0.04887317926378569,-0.03632342644874634,0.06089317663193157,False,233.3796042590368
2019-10-10 14:00:00,-410215.44704,-398217.68412,1.3015628661377063e-10,134.14974944577042,84.87960625756682,-0.03826494899547246,-0.03379689436858948,0.05105327012628774,False,228.5479715879671
2019-10-10 14:30:00,-410297.02876,-398218.35554,1.1641532182693481e-10,134.1441034608079,84.8790773944725,-0.02470092630982324,-0.03130836131397955,0.039879183150235274,False,218.2718937974026
2019-10-10 15:00:00,-410358.25875,-398232.37227,8.231806349783991e-11,134.14083837121447,84.87859608697549,-0.011680699637619247,-0.027339738828100556,0.02973045682819266,False,203.13423496642707
2019-10-10 15:30:00,-410396.94512,-398256.72305,5.820766091346741e-11,134.13988984035944,84.87819526527399,3.3897597491497e-05,-0.023899519618263233,0.02389954365737691,False,179.91873527164717
2019-10-10 16:00:00,-410419.91841,-398292.37798,1.8406878575731415e-10,134.14085045400455,84.87782495120929,0.012051047920359687,-0.022621705342693383,0.025631412535996684,False,151.95485351519028
2019-10-10 16:30:00,-410425.17404,-398344.57207,5.820766091346741e-11,134.14423599597566,84.87746535080663,0.025983112239100322,-0.024116067567759514,0.03545006116443845,False,132.86574752773726
2019-10-10 17:00:00,-410417.07095,-398419.96643,8.231806349783991e-11,134.15022059921066,84.87704680910915,0.04248555525124804,-0.02727514759383154,0.050487187298087266,False,122.69991011330626
2019-10-10 17:30:00,-410389.09262,-398522.70854,1.3015628661377063e-10,134.15955613328927,84.87658525738146,0.059167890267154716,-0.03216271535654881,0.06734448379616881,False,118.52779305122368
2019-10-10 18:00:00,-410351.74455,-398653.43952,1.8406878575731415e-10,134.17155438738362,84.87600901009927,0.07284081285316721,-0.03892467217533188,0.08258882564286275,False,118.11915490966402
2019-10-10 18:30:00,-410306.87884,-398808.43558,1.6463612699567982e-10,134.18581701150896,84.87532927626019,0.08091085760423819,-0.04299330764990592,0.09162418556763693,False,117.9846735053394
2019-10-10 19:00:00,-410259.71383,-398970.18774,2.098707060483278e-10,134.20072128260205,84.87462178274438,0.0874723847757999,-0.05312589723331951,0.10234148257285906,False,121.27218465409987
2019-10-10 19:30:00,-410224.44809,-399167.52519,1.8406878575731415e-10,134.21734384116607,84.87361508464618,0.09335772686452196,-0.06588637811753462,0.11426583035517411,False,125.21218815498207
2019-10-10 20:00:00,-410195.32686,-399376.47445,5.820766091346741e-11,134.2343635431088,84.8724958951246,0.0966932930571971,-0.07516947384236611,0.12247466154263567,False,127.86153445895928
2019-10-10 20:30:00,-410175.50825,-399605.70945,1.3015628661377063e-10,134.25218014553593,84.87118965800025,0.10345257762947394,-0.08690703305612947,0.1351120579844801,False,130.03248930116683
2019-10-10 21:00:00,-410159.53684,-399861.55934,1.3015628661377063e-10,134.2716253119356,84.8696917191586,0.10820686023788008,-0.09593288141724188,0.14460927473559468,False,131.5592119163279
2019-10-10 21:30:00,-410150.87228,-400125.71959,1.3015628661377063e-10,134.29114374386668,84.86809429873784,0.10670013965794703,-0.10274587583428386,0.1481270900408817,False,133.9184052286726
2019-10-10 22:00:00,-410156.06775,-400394.80558,1.7462298274040222e-10,134.3100345594585,84.86637655160638,0.10600148691240714,-0.11905848390679438,0.1594090267764835,False,138.32032913367834
2019-10-10 22:30:00,-410191.00646,-400698.18696,1.3015628661377063e-10,134.32928733906652,84.86425275780498,0.1037585651575373,-0.13725865245878904,0.1720632950932695,False,142.91310375370523
2019-10-10 23:00:00,-410248.52111,-401007.29497,5.820766091346741e-11,134.34735709183514,84.86194780731458,0.09651539114804303,-0.14319107035902548,0.1726815084455285,False,146.01876158085634
2019-10-10 23:30:00,-410316.76605,-401306.98702,8.231806349783991e-11,134.36398964720559,84.85963259868974,0.08842682911734295,-0.146136032343714,0.17080703749234338,False,148.82189176568266
2019-10-11 00:00:00,-410402.04366,-401602.72708,1.3015628661377063e-10,134.37913669048893,84.85723261942827,0.08074585802643613,-0.1503245190497061,0.1706380807907509,False,151.75781440839233
2019-10-11 00:30:00,-410500.24778,-401893.2424,1.6463612699567982e-10,134.39299534213552,84.85478225254555,0.07270552200678532,-0.1493889777590598,0.16614198628334745,False,154.04846225661635
2019-10-11 01:00:00,-410603.22636,-402165.98765,1.1641532182693481e-10,134.4052422300291,84.85241245835181,0.06395234642824812,-0.14476942564958725,0.1582658814040159,False,156.166405461227
2019-10-11 01:30:00,-410711.47864,-402422.39716,0.0,134.415947424102,84.85011113631677,0.057254608548333016,-0.13905279576072868,0.15037875584303048,False,157.62071930329626
2019-10-11 02:00:00,-410816.53358,-402663.55623,1.8406878575731415e-10,134.42578120999758,84.84792577741673,0.05036739694797736,-0.13246023862176692,0.14171305335448303,False,159.1809235387575
2019-10-11 02:30:00,-410925.1066,-402885.68266,1.3015628661377063e-10,134.43400839067004,84.84583717643334,0.042831879187071674,-0.12122592059384484,0.12857018977399495,False,160.54052515347865
2019-10-11 03:00:00,-411020.20788,-403079.18754,2.6031257322754127e-10,134.4411339406585,84.84401429297525,0.04311889663228549,-0.11040068931599889,0.1185223668690152,False,158.66601019422927
2019-10-11 03:30:00,-411100.18173,-403274.79057,1.1641532182693481e-10,134.44945743326141,84.84227495015978,0.046644254997220934,-0.10605564388895514,0.11585976922532962,False,156.25966181221895
2019-10-11 04:00:00,-411175.17258,-403466.4269,0.0,134.45784083376213,84.84059227605182,0.04928151483257813,-0.0981054599978614,0.10978774515211431,False,153.3281562024979
2019-10-11 04:30:00,-411228.01177,-403648.78373,1.3015628661377063e-10,134.46710317539038,84.83910944214422,0.0564999618430474,-0.08507336386414092,0.10212601493951642,False,146.41058232563455
2019-10-11 05:00:00,-411251.25728,-403826.12167,2.6031257322754127e-10,134.47806530281298,84.8378472484049,0.06450183583373457,-0.07994652971508506,0.10272260919294751,False,141.1029871155522
2019-10-11 05:30:00,-411270.67547,-404016.11584,8.231806349783991e-11,134.4901859274589,84.83652984279506,0.07542754276902804,-0.08936637681992317,0.11694299258225803,False,139.83476527711207
2019-10-11 06:00:00,-411290.47096,-404245.28618,1.8406878575731415e-10,134.50505013503124,84.83496366650743,0.09117191033506855,-0.10719345059264843,0.14072225511305717,False,139.61763238036446
2019-10-11 06:30:00,-411315.82014,-404520.70046,8.231806349783991e-11,134.52279327228962,84.83307102888504,0.10113722144221446,-0.13225082821881962,0.16649029739181578,False,142.59348560623613
2019-10-11 07:00:00,-411374.6187,-404838.7149,1.6463612699567982e-10,134.54120854945083,84.83069639395552,0.09997716736608199,-0.15261597632217377,0.1824474450994474,False,146.7716014132227
2019-10-11 07:30:00,-411454.96107,-405162.60406,0.0,134.55852239732985,84.82814669254377,0.09025464277695909,-0.15770697811833534,0.18170688344147448,False,150.21778422320278
2019-10-11 08:00:00,-411551.18277,-405468.58038,1.1641532182693481e-10,134.57344849838202,84.82560781374006,0.07550430546219929,-0.15567465453849758,0.17301877993157178,False,154.1259896526724
2019-10-11 08:30:00,-411663.41688,-405749.554,5.820766091346741e-11,134.58548067631483,84.82312368367162,0.06039508667991032,-0.1508126217401547,0.16245618908251191,False,158.17565592136805
2019-10-11 09:00:00,-411785.23191,-406004.54819,0.0,134.59500195321323,84.8207416615876,0.0455980205213323,-0.14669794177648288,0.153621175613651,False,162.73322377860552
2019-10-11 09:30:00,-411924.2289,-406237.22824,5.820766091346741e-11,134.60174622568175,84.8183902859362,0.03187473290030321,-0.14005002942065262,0.14363150538162348,False,167.1781591407867
2019-10-11 10:00:00,-412063.63661,-406440.27258,8.231806349783991e-11,134.60636723562914,84.81622274794923,0.021846992196595846,-0.13026129386830282,0.1320806410806764,False,170.47915223181496
2019-10-11 10:30:00,-412202.86029,-406622.52758,0.0,134.60953267020525,84.81418720709637,0.015394377846613488,-0.12105365259594689,0.12202857729279852,False,172.75260453820601
2019-10-11 11:00:00,-412334.96205,-406785.77153,2.098707060483278e-10,134.6118516848615,84.81231675965047,0.010970628181177874,-0.1107858290442422,0.11132769017504006,False,174.3446909903774
2019-10-11 11:30:00,-412459.04215,-406930.74051,8.231806349783991e-11,134.61343971751685,84.8106125224749,0.008887460402549875,-0.10061322540304271,0.10100499036389426,False,174.95199840639066
2019-10-11 12:00:00,-412570.33301,-407062.9331,1.7462298274040222e-10,134.615015598914,84.8090703062134,0.010541425664656365,-0.09033840191629586,0.09095135246841403,False,173.34435765889367
2019-10-11 12:30:00,-412663.89298,-407186.16796,1.1641532182693481e-10,134.61719115496675,84.80769759962162,0.015735164325064097,-0.0788575844167548,0.08041215092498384,False,168.71546668150233
2019-10-11 13:00:00,-412732.62167,-407302.64799,1.8406878575731415e-10,134.62061384514317,84.80652582609898,0.0219147714962229,-0.06859652206190597,0.07201208265785136,False,162.28269631259474
2019-10-11 13:30:00,-412784.24833,-407415.7802,5.820766091346741e-11,134.6249863896595,84.80548420872157,0.02950555966381067,-0.06102819886777415,0.06778657026372761,False,154.1974312035303
2019-10-11 14:00:00,-412814.3719,-407532.57917,5.820766091346741e-11,134.63110699719687,84.80455663064457,0.04095061429369945,-0.05404111165126051,0.06780408954875322,False,142.84632298174927
2019-10-11 14:30:00,-412819.12746,-407657.3701,1.7462298274040222e-10,134.6395472499223,84.80374045085924,0.05304404653342474,-0.04672804027365582,0.07069073928356195,False,131.37776187827245
2019-10-11 15:00:00,-412799.89208,-407786.65356,1.1641532182693481e-10,134.64996521466247,84.80304883851603,0.061854711186252305,-0.03975749623993828,0.07353001974162249,False,122.73113183360277
2019-10-11 15:30:00,-412764.45841,-407916.37137,1.7462298274040222e-10,134.6615350512759,84.80245758470575,0.06668249941437597,-0.033562350661564724,0.0746524420905176,False,116.71683124113252
2019-10-11 16:00:00,-412717.09085,-408042.32888,1.3015628661377063e-10,134.67366657220558,84.80196587895463,0.07094693963637431,-0.027326163820032574,0.0760275441724024,False,111.06485824062548
2019-10-11 16:30:00,-412654.84466,-408167.16223,2.399963341663627e-10,134.68674974723262,84.80157583816623,0.07799631689152528,-0.026272471340481576,0.08230229765310114,False,108.61571031905487
2019-10-11 17:00:00,-412586.87654,-408308.46977,8.231806349783991e-11,134.7013840649565,84.8011181164551,0.08472890110087353,-0.03122503723096343,0.09029944424987708,False,110.23029310949187
2019-10-11 17:30:00,-412520.18628,-408463.0386,5.820766091346741e-11,134.7168571298591,84.80056828608868,0.08580118322818024,-0.03745473316685233,0.09361997692776829,False,113.58268079600492
2019-10-11 18:00:00,-412465.35859,-408622.83246,5.820766091346741e-11,134.73186933495086,84.79990958287313,0.08147372488593596,-0.042100745880382366,0.09170845462918734,False,117.32721497141466
2019-10-11 18:30:00,-412421.43224,-408778.07344,1.7462298274040222e-10,134.74580146308733,84.79920985378811,0.07558229216817355,-0.04399098193164706,0.0874522119829204,False,120.2005874382757
2019-10-11 19:00:00,-412386.29146,-408927.57011,1.6463612699567982e-10,134.75871713155536,84.79849015511279,0.06616644240046395,-0.045233783598364885,0.08015044153688498,False,124.35792999582071
2019-10-11 19:30:00,-412369.34106,-409061.874,1.3015628661377063e-10,134.76930158503274,84.79775034612207,0.056896750370760134,-0.045536440778712675,0.07287528827761712,False,128.67149781951997
2019-10-11 20:00:00,-412358.42297,-409188.43677,0.0,134.77892200931984,84.79702085322025,0.0497059741033492,-0.0425276874546545,0.06541626756246186,False,130.54980110557364
2019-10-11 20:30:00,-412351.9742,-409296.73133,5.820766091346741e-11,134.7869506592461,84.7963781336436,0.04002926205288646,-0.036398570280436984,0.0541035834206808,False,132.2802179817117
2019-10-11 21:00:00,-412349.90423,-409383.02329,8.231806349783991e-11,134.79313349649283,84.79584640629548,0.02803501349265108,-0.029248020709462717,0.04051430237526358,False,136.21309580791632
2019-10-11 21:30:00,-412355.58847,-409442.53803,8.231806349783991e-11,134.7969029238655,84.79543441056919,0.015132797784678879,-0.01936334185402519,0.02457520247216339,False,141.9917378804821
2019-10-11 22:00:00,-412360.98464,-409470.7974,1.3015628661377063e-10,134.79850517854828,84.79522162096835,0.002564882338842973,-0.006425166976509736,0.006918192833980552,False,158.23845662244253
2019-10-11 22:30:00,-412365.49557,-409465.38826,1.1641532182693481e-10,134.7978133670281,84.79522709213842,-0.007524765033494861,0.011169037530033793,0.013467348965427837,False,326.0312001761931
2019-10-11 23:00:00,-412351.53997,-409423.24378,1.3015628661377063e-10,134.79583420416446,84.79558200821627,-0.015712422567963177,0.03105108271489832,0.03480014311352319,False,333.15974535363455
2019-10-11 23:30:00,-412326.02578,-409346.4877,5.820766091346741e-11,134.79223570725446,84.79622900634423,-0.021297463220710876,0.04995057315042213,0.054301396830037485,False,336.9080183894914
2019-10-12 00:00:00,-412277.94387,-409242.14157,1.3015628661377063e-10,134.78827314076662,84.79719375442401,-0.020775417489329356,0.07309245579373509,0.07598766390549884,False,344.1330068681687
2019-10-12 00:30:00,-412191.96626,-409108.03287,2.6031257322754127e-10,134.78485871509537,84.79858747290952,-0.015493066846544348,0.09825297375998106,0.0994669893632607,False,351.039071933018
2019-10-12 01:00:00,-412066.18579,-408953.38452,1.6463612699567982e-10,134.782770682796,84.80036407238185,-0.008749180510047104,0.1141459134886989,0.1144807308055243,False,355.6169008661784
2019-10-12 01:30:00,-411922.48582,-408796.21249,5.820766091346741e-11,134.78175055419192,84.80227059991891,-0.0030043023872833446,0.12195168203711954,0.12198868219846028,False,358.5887932439214
2019-10-12 02:00:00,-411762.18575,-408636.4542,1.1641532182693481e-10,134.78170324715728,84.80429906162016,0.0022847049902531835,0.12826819721406665,0.12828854311059573,False,1.0204408816862838
2019-10-12 02:30:00,-411588.93293,-408476.77939,5.820766091346741e-11,134.78256326981975,84.8064093978163,0.006556182817310102,0.13394461375237032,0.13410497040156888,False,2.802218297691809
2019-10-12 03:00:00,-411403.30106,-408313.53583,5.820766091346741e-11,134.78403558276744,84.80862101459432,0.009393635808674347,0.12900197429970756,0.12934353392005501,False,4.16479996452432
2019-10-12 03:30:00,-411235.49008,-408173.63634,5.820766091346741e-11,134.78590611863524,84.81057186446391,0.009274503024287402,0.12185706841395513,0.12220949852114957,False,4.352372667967188
2019-10-12 04:00:00,-411068.42603,-408028.19672,8.231806349783991e-11,134.78733704491398,84.81255293740308,0.005233838460188184,0.11970024782269462,0.11981461677876307,False,2.5036369908649476
2019-10-12 04:30:00,-410916.38049,-407883.43486,0.0,134.78776962809036,84.81443419101794,-0.00048375023266186007,0.1147109149019506,0.11471193491494315,False,359.7583779853149
2019-10-12 05:00:00,-410776.56695,-407736.03805,0.0,134.78716433797763,84.81625427031929,-0.008749766691509404,0.10553079253729877,0.10589290151235937,False,355.26033456157415
2019-10-12 05:30:00,-410668.93728,-407593.44122,5.820766091346741e-11,134.7846508418247,84.81783930537158,-0.015810948608309047,0.09343845549904259,0.09476671916839347,False,350.3958170568474
2019-10-12 06:00:00,-410577.91571,-407458.67915,0.0,134.78152783731684,84.81926920606419,-0.020596276713049214,0.08381496151470533,0.08630848387123961,False,346.19397372197903
2019-10-12 06:30:00,-410506.99649,-407328.26916,8.231806349783991e-11,134.77730632223552,84.82054371867034,-0.02673253052060578,0.07244485413616651,0.07721971949473504,False,339.7456751192161
2019-10-12 07:00:00,-410460.57075,-407206.66893,1.3015628661377063e-10,134.77199299660364,84.82160674213466,-0.03440023868379592,0.05997182087931373,0.06913751312480526,False,330.16112850476225
2019-10-12 07:30:00,-410440.94639,-407088.29806,8.231806349783991e-11,134.76503406580665,84.82247878459677,-0.046005953192779524,0.050007274550445194,0.06795053522335069,False,317.38640285062013
2019-10-12 08:00:00,-410449.38283,-406962.30298,5.820766091346741e-11,134.75557757528546,84.82322026981514,-0.05804556779999254,0.03990729815343985,0.07044061603315997,False,304.50917334310196
2019-10-12 08:30:00,-410486.05476,-406838.75607,1.3015628661377063e-10,134.74432021192808,84.82376642386483,-0.06767379706261807,0.029277891996164304,0.07373559363436004,False,293.3948832099461
2019-10-12 09:00:00,-410546.02055,-406715.07057,1.3015628661377063e-10,134.73142529344972,84.82416493339089,-0.07922824538989548,0.0235112251047228,0.08264316410621293,False,286.52841745103433
2019-10-12 09:30:00,-410626.65965,-406576.56211,1.1641532182693481e-10,134.7160417512107,84.82452499289224,-0.09326145897203705,0.02262471107188109,0.0959665425066416,False,283.6362046199679
2019-10-12 10:00:00,-410724.36814,-406419.18502,1.1641532182693481e-10,134.69813560964255,84.8248948868915,-0.10724542234877041,0.023552056826426554,0.10980109287034155,False,282.3860467613049
2019-10-12 10:30:00,-410837.95104,-406242.48826,5.820766091346741e-11,134.6777577416665,84.82528486006659,-0.12046037003720303,0.02444619019347688,0.12291589386436372,False,281.4717942401145
2019-10-12 11:00:00,-410966.70188,-406048.94436,0.0,134.65513102583532,84.82568360284124,-0.13165577422567615,0.027576346418949266,0.13451281637368281,False,281.83002957656527
2019-10-12 11:30:00,-411100.44945,-405835.56209,0.0,134.63075241527557,84.82617458628275,-0.13948797916442077,0.03156890448004995,0.14301570564607372,False,282.75234339385815
2019-10-12 12:00:00,-411238.60708,-405611.74324,1.1641532182693481e-10,134.6053249526225,84.82670217834358,-0.14265391118726242,0.035231761661012384,0.14694017628532277,False,283.87293207775815
2019-10-12 12:30:00,-411370.77592,-405380.86621,5.820766091346741e-11,134.57981058670643,84.82731138665206,-0.1425533405718513,0.03992388384408272,0.14803841193889522,False,285.64558154860197
2019-10-12 13:00:00,-411496.44545,-405145.32863,1.3015628661377063e-10,134.5544131291056,84.82799038468882,-0.13912358484869503,0.044556120786705254,0.14608428991753875,False,287.75833373098214
2019-10-12 13:30:00,-411607.86185,-404911.43603,1.3015628661377063e-10,134.5301172468465,84.82874909683359,-0.13166876336071776,0.04790765700094616,0.14011354982392316,False,289.99390803439815
2019-10-12 14:00:00,-411705.91039,-404686.46846,1.6463612699567982e-10,134.50737599085093,84.82953625097157,-0.1221652225499593,0.048047872067725234,0.13127429150796274,False,291.4698321395756
2019-10-12 14:30:00,-411792.80149,-404476.53808,1.7462298274040222e-10,134.4864687793544,84.83029949228582,-0.1117190138067121,0.04660833037389792,0.12105153657094464,False,292.645529500614
2019-10-12 15:00:00,-411868.03619,-404281.96351,1.8406878575731415e-10,134.4674539838243,84.83104019351526,-0.0982180634317528,0.04344395990808603,0.10739723291025334,False,293.86083625983724
2019-10-12 15:30:00,-411928.87584,-404114.64506,1.3015628661377063e-10,134.45136656504246,84.83170135297182,-0.08432167910728224,0.038505659734981226,0.09269752639147191,False,294.54390231036405
2019-10-12 16:00:00,-411981.6655,-403968.19373,1.3015628661377063e-10,134.43731425942133,84.83228268008081,-0.07447143199232262,0.03203178231659726,0.08106805327232797,False,293.27359154625583
2019-10-12 16:30:00,-412034.24186,-403842.48426,8.231806349783991e-11,134.42474475454594,84.83273493347015,-0.06681430028316755,0.022738893072973228,0.0705776733855218,False,288.79496625718707
2019-10-12 17:00:00,-412091.56876,-403739.11355,5.820766091346741e-11,134.4134276593855,84.83301640508769,-0.061690891389409204,0.012848180425228069,0.06301461592883906,False,281.7646495178574
2019-10-12 17:30:00,-412156.62608,-403651.47585,5.820766091346741e-11,134.40268850339186,84.83314950754766,-0.0599922560073548,0.0020398834391613524,0.06002692650217369,False,271.947446350341
2019-10-12 18:00:00,-412237.43723,-403579.67618,8.231806349783991e-11,134.39197825218938,84.83308222518998,-0.06011822674841852,-0.009455604816980628,0.06085728920868207,False,261.0615462997855
2019-10-12 18:30:00,-412332.35361,-403520.63772,1.7462298274040222e-10,134.381194276721,84.83284440834083,-0.0628152544272799,-0.019398107239943417,0.06574224481455021,False,252.83868186334877
2019-10-12 19:00:00,-412445.51244,-403466.90038,5.820766091346741e-11,134.3695207906243,84.83245630306374,-0.06878230794616401,-0.027480726397325187,0.07406886126926471,False,248.22171491173552
2019-10-12 19:30:00,-412576.22756,-403412.81101,1.3015628661377063e-10,134.35660529620733,84.83195768101731,-0.0762248030326901,-0.03279951150707254,0.08298209778304586,False,246.7178037544009
2019-10-12 20:00:00,-412721.78424,-403353.24818,1.3015628661377063e-10,134.3422737171077,84.83139795129715,-0.08683545383328366,-0.03654232767906676,0.09421113392076663,False,247.17753836372773
2019-10-12 20:30:00,-412888.80579,-403281.18878,5.820766091346741e-11,134.32556883358572,84.83077853421061,-0.10020161756043611,-0.03720010249167232,0.10688410446422247,False,249.63242968212953
2019-10-12 21:00:00,-413069.63994,-403188.76658,8.231806349783991e-11,134.30646387591176,84.83019757048243,-0.11420908039806349,-0.03413459535407425,0.11920102619255304,False,253.3597454551003
2019-10-12 21:30:00,-413263.9322,-403072.79655,1.3015628661377063e-10,134.28475749110677,84.82967705002675,-0.12682540246604543,-0.031034103696667703,0.1305672175660105,False,256.24994665470103
2019-10-12 22:00:00,-413468.40941,-402939.92451,0.0,134.26114875812172,84.8291961434864,-0.13452391961587234,-0.026394945214605746,0.1370889422298521,False,258.89901508662336
2019-10-12 22:30:00,-413669.98132,-402792.28578,1.6463612699567982e-10,134.23669568252353,84.82882534779478,-0.13864376801868428,-0.02161727410774572,0.14031892584490574,False,261.1378238701873
2019-10-12 23:00:00,-413872.36265,-402636.6154,0.0,134.21161887325343,84.82849860708093,-0.14126232316792092,-0.01743840833280206,0.1423346129090871,False,262.9626124183816
2019-10-12 23:30:00,-414069.59216,-402471.55278,5.820766091346741e-11,134.1862332623424,84.82826266042174,-0.14223124356794584,-0.011702075124830666,0.14271182575074678,False,265.2965835779124
2019-10-13 00:00:00,-414259.4543,-402298.81067,8.231806349783991e-11,134.16081261400393,84.82812102151324,-0.1416810276718361,-0.004744648425891798,0.1417604503760936,False,268.08198189753216
2019-10-13 00:30:00,-414437.18573,-402117.5479,2.098707060483278e-10,134.1356247499367,84.82810957684372,-0.1382357053636978,0.001176993601874024,0.1382407159679735,False,270.4878271947648
2019-10-13 01:00:00,-414602.95543,-401938.70097,8.231806349783991e-11,134.11143521873427,84.82815903775428,-0.1311029703177096,0.004005321706746404,0.131164139261083,False,271.749896820663
2019-10-13 01:30:00,-414755.35104,-401768.64235,5.820766091346741e-11,134.08879485367427,84.82823887146218,-0.12285295178533237,0.0037782499923226104,0.12291103667032381,False,271.7615333138399
2019-10-13 02:00:00,-414900.90551,-401611.57093,1.3015628661377063e-10,134.06755183396695,84.82828099672513,-0.11374297261215481,-0.0017710982824813634,0.11375676071238847,False,269.1079162580461
2019-10-13 02:30:00,-415044.7244,-401478.86098,1.3015628661377063e-10,134.04816562720498,84.82818178391568,-0.10349367522800307,-0.006800715285461376,0.10371687683590017,False,266.24041862382495
2019-10-13 03:00:00,-415177.5416,-401360.80079,0.0,134.0305839277792,84.8280616145183,-0.09409822726203096,-0.009213214865569842,0.09454818719582085,False,264.40795914680166
2019-10-13 03:30:00,-415304.01893,-401258.36053,8.231806349783991e-11,134.0145546592783,84.82788454749617,-0.08434446898355984,-0.01844803236206736,0.08633840018294624,False,257.66241690036617
2019-10-13 04:00:00,-415436.28494,-401188.5804,1.3015628661377063e-10,134.00045840257067,84.82746640821814,-0.07670612872092566,-0.027500353323917037,0.08148680639398928,False,250.27644491935666
2019-10-13 04:30:00,-415567.05992,-401128.49472,1.3015628661377063e-10,133.98715908223926,84.82699722627203,-0.0724090213670437,-0.03303204776419631,0.079587577892716,False,245.478149122207
2019-10-13 05:00:00,-415702.8803,-401083.61412,5.820766091346741e-11,133.97460005939524,84.826400596574,-0.07003019038480944,-0.040135578764074115,0.08071612136407356,False,240.18219174395185
2019-10-13 05:30:00,-415846.08943,-401047.38906,1.3015628661377063e-10,133.96215313473965,84.82570219573546,-0.06975869389776088,-0.04584067913065938,0.08347241003757812,False,236.6897984168704
2019-10-13 06:00:00,-415995.99718,-401017.40875,8.231806349783991e-11,133.94969438463795,84.82492147981094,-0.0704414856997642,-0.05082707903377599,0.08686423240146542,False,234.18765415147877
2019-10-13 06:30:00,-416153.8217,-400991.80878,8.231806349783991e-11,133.93700750208365,84.82406218065182,-0.07216095059850797,-0.05419793365158215,0.09024754181351206,False,233.09088204421795
2019-10-13 07:00:00,-416316.75073,-400965.72297,5.820766091346741e-11,133.9239391317155,84.82317269528795,-0.07629205773682744,-0.05669686406993901,0.09505268259804431,False,233.38191018684267
2019-10-13 07:30:00,-416491.35977,-400935.57878,1.1641532182693481e-10,133.90978265168707,84.82223274809967,-0.08068979774125538,-0.05899238743177149,0.09995471591888466,False,233.82942696859584
2019-10-13 08:00:00,-416671.20826,-400903.73499,1.8406878575731415e-10,133.8951499790228,84.82126920603638,-0.08436071359798487,-0.06038267886200842,0.10374390538876811,False,234.40613419937247
2019-10-13 08:30:00,-416858.57085,-400867.44741,8.231806349783991e-11,133.8796894136374,84.82028438934478,-0.08858381961247579,-0.061528901693800306,0.10785591704112016,False,235.216775435751
2019-10-13 09:00:00,-417051.91327,-400827.40633,1.1641532182693481e-10,133.863556222408,84.81928386470618,-0.0909818887185449,-0.06169656173448809,0.10992802101671434,False,235.85805238210398
2019-10-13 09:30:00,-417245.67174,-400785.20544,1.6463612699567982e-10,133.8472464588357,84.8182936496172,-0.09168356041951264,-0.06045175730478447,0.10981935263165135,False,236.6010506428692
2019-10-13 10:00:00,-417437.50874,-400740.12807,8.231806349783991e-11,133.83086922055958,84.81733329248786,-0.09201465284641179,-0.05734595942774165,0.10842165559118652,False,238.0677505905375
2019-10-13 10:30:00,-417624.00196,-400689.21401,0.0,133.81444735753377,84.81644329066691,-0.08787424664193197,-0.05480139926213741,0.10356194563629677,False,238.05091783289103
2019-10-13 11:00:00,-417798.88198,-400648.44179,1.7462298274040222e-10,133.79955127194003,84.81556507600544,-0.07925699346124437,-0.05212828501466551,0.09486321263316952,False,236.66659583287898
2019-10-13 11:30:00,-417956.93408,-400613.16389,5.820766091346741e-11,133.78620514957606,84.81476132270504,-0.0703488661476787,-0.05123440730196335,0.087028314127343,False,233.9345064303749
2019-10-13 12:00:00,-418107.2823,-400593.23905,5.820766091346741e-11,133.77448749684044,84.81391194750715,-0.05913111273665886,-0.05326933076038441,0.07958712265897477,False,227.98532084255012
2019-10-13 12:30:00,-418242.67431,-400592.12612,8.231806349783991e-11,133.76514123794308,84.81304254074477,-0.045609042261342055,-0.05575807399748199,0.07203573801874708,False,219.28251219172324
2019-10-13 13:00:00,-418365.81769,-400613.50736,1.7462298274040222e-10,133.7582431317849,84.81211285349124,-0.03419975012097107,-0.057019699470294394,0.06648961600144455,False,210.9548380521991
2019-10-13 13:30:00,-418476.08546,-400645.17042,1.1641532182693481e-10,133.7529625876064,84.81120272176466,-0.02498442917899191,-0.05773226969523629,0.06290657092517092,False,203.4012080205092
2019-10-13 14:00:00,-418578.14439,-400692.2675,5.820766091346741e-11,133.74934761260485,84.81025003765511,-0.012625990528473123,-0.0625080777702117,0.06377049022355032,False,191.41950949175128
2019-10-13 14:30:00,-418670.07149,-400767.94474,1.3015628661377063e-10,133.7484676724396,84.80918580371062,0.007916924276856738,-0.0698306237064987,0.07027797448165465,False,173.5318102487367
2019-10-13 15:00:00,-418740.03608,-400886.69085,1.7462298274040222e-10,133.75216417042245,84.80799682444277,0.02416602510423947,-0.0752378523572499,0.0790236116402564,False,162.19323924286704
2019-10-13 15:30:00,-418805.55881,-401018.0945,0.0,133.7570659198429,84.80675811793158,0.030516893916437863,-0.08199762364258036,0.0874922344973391,False,159.58634242418952
2019-10-13 16:00:00,-418877.26659,-401170.19601,1.3015628661377063e-10,133.76301942646927,84.80535102080964,0.03561176839446449,-0.09387805394508898,0.10040561269519756,False,159.22622396379495
2019-10-13 16:30:00,-418960.96189,-401344.44303,8.231806349783991e-11,133.76973009530397,84.80372897133412,0.03626821606204292,-0.10729587372341932,0.113259825244413,False,161.323687254994
2019-10-13 17:00:00,-419065.87834,-401531.68424,1.8406878575731415e-10,133.77591341970515,84.8018889354476,0.03136895179860849,-0.11812175864384375,0.12221604232692981,False,165.12755325363946
2019-10-13 17:30:00,-419189.87748,-401720.17974,1.8406878575731415e-10,133.78087875591095,84.79991757213598,0.02124396595805586,-0.12335057390583341,0.12516656970823123,False,170.22813715911047
2019-10-13 18:00:00,-419333.57174,-401894.14843,2.098707060483278e-10,133.78346143379432,84.79790881939331,0.011320759877558921,-0.12998801343650446,0.1304800492081997,False,175.02262360953432
2019-10-13 18:30:00,-419499.52398,-402073.39866,8.231806349783991e-11,133.78489940938204,84.7957232727088,-0.00026914945495916387,-0.14233605037386368,0.14233630484686668,False,180.10834296305586
2019-10-13 19:00:00,-419704.17266,-402248.01236,8.231806349783991e-11,133.78336720439367,84.7933160795586,-0.014281765081398223,-0.15302428269425977,0.15368929666028464,False,185.33197280313385
2019-10-13 19:30:00,-419932.8186,-402417.45702,0.0,133.77983310698633,84.79078564419193,-0.029279049446634384,-0.1558406275703919,0.15856722214263594,False,190.64058462938976
2019-10-13 20:00:00,-420182.16403,-402560.0778,0.0,133.77298531799755,84.78828755172911,-0.04618499481998589,-0.1562310154727491,0.1629146523249781,False,196.46872711528698
2019-10-13 20:30:00,-420453.96617,-402686.49039,2.9103830456733704e-10,133.76346337821423,84.78574450676399,-0.0596807506694763,-0.1579061567010651,0.16880801617391727,False,200.70412316472857
2019-10-13 21:00:00,-420741.31676,-402798.1078,1.6463612699567982e-10,133.7518417692516,84.78319235649182,-0.069170830526981,-0.1507006784513697,0.1658170626971044,False,204.65487770053136
2019-10-13 21:30:00,-421018.05567,-402881.79042,2.6031257322754127e-10,133.73896849426748,84.78088181659453,-0.08135836681147181,-0.14411832634879576,0.1654970568916801,False,209.44580470896852
2019-10-13 22:00:00,-421318.66362,-402945.19831,5.820766091346741e-11,133.72304518032593,84.77854200896313,-0.09556494475763642,-0.14383593789382432,0.17268884068267465,False,213.60015920695577
2019-10-13 22:30:00,-421630.05784,-402991.05684,1.1641532182693481e-10,133.70515772801187,84.77624059328055,-0.10483986718789103,-0.13670423486674624,0.17227723466110417,False,217.48496525688392
2019-10-13 23:00:00,-421935.21046,-403012.39659,1.3015628661377063e-10,133.68596833561017,84.774130915277,-0.11066310078552222,-0.1278063082764082,0.16905849375500462,False,220.88816602786758
2019-10-13 23:30:00,-422237.94296,-403020.76401,5.820766091346741e-11,133.66603734505654,84.77211662174783,-0.10818590674598388,-0.11829691065174987,0.16030704753128858,False,222.44380855465823
2019-10-14 00:00:00,-422512.18453,-403024.70642,1.3015628661377063e-10,133.64773708235472,84.77031385471848,-0.10170389946387078,-0.10849917680486607,0.14871366626336235,False,223.1484325654531
2019-10-14 00:30:00,-422773.29183,-403025.42943,5.820766091346741e-11,133.6301098159848,84.76861567346107,-0.09706282227924308,-0.10583416639968761,0.14360383785375896,False,222.52461444868638
2019-10-14 01:00:00,-423029.06212,-403034.68057,2.399963341663627e-10,133.61346046362002,84.7668989038088,-0.08863311900022638,-0.10302281455273667,0.1359026493563531,False,220.7062387143871
2019-10-14 01:30:00,-423261.91169,-403050.24359,8.231806349783991e-11,133.59881958207964,84.76529145820534,-0.07818871660942199,-0.09806890992519078,0.12542322950292617,False,218.56477499567774
2019-10-14 02:00:00,-423478.8441,-403074.30071,5.820766091346741e-11,133.58586610438573,84.7637345223694,-0.07082619847321966,-0.10067208100725003,0.12309028509390257,False,215.12767681657596
2019-10-14 02:30:00,-423700.21705,-403115.42181,2.3283064365386963e-10,133.57383164706113,84.76204305835742,-0.06565036155886338,-0.1005210527410235,0.12006020163640037,False,213.14857802426366
2019-10-14 03:00:00,-423903.92571,-403152.51147,1.3015628661377063e-10,133.56271108771546,84.7604909922016,-0.059800120118159245,-0.09179446438595817,0.1095549088724518,False,213.08250235863082
2019-10-14 03:30:00,-424088.0353,-403187.16112,1.1641532182693481e-10,133.5527461912005,84.75908111258471,-0.0555562205606297,-0.08795675842106226,0.104033095671149,False,212.2777786944344
2019-10-14 04:00:00,-424271.2167,-403225.73659,1.1641532182693481e-10,133.5431278011263,84.75765286321992,-0.05139688854280901,-0.08806561078189634,0.10196662176550907,False,210.26870824884548
2019-10-14 04:30:00,-424445.30731,-403271.44824,5.820766091346741e-11,133.53463370515286,84.75623948034817,-0.042994032453866585,-0.08746497393831984,0.09746080490471593,False,206.17675357651314
2019-10-14 05:00:00,-424606.09745,-403330.41156,5.820766091346741e-11,133.52798037329103,84.75483061627058,-0.03657525098332576,-0.08833345398893627,0.0956062135957114,False,202.49243482061763
2019-10-14 05:30:00,-424766.55265,-403394.99149,2.098707060483278e-10,133.52175151795421,84.75338919012277,-0.0346442370743745,-0.08926541032332838,0.0957524759087599,False,201.21141767241437
2019-10-14 06:00:00,-424925.00189,-403461.271,5.820766091346741e-11,133.515781656624,84.75195025058365,-0.033589527713792214,-0.0906967528641187,0.09671689279609141,False,200.32210230348164
2019-10-14 06:30:00,-425086.59307,-403532.1192,1.3015628661377063e-10,133.5099275137379,84.75046263536242,-0.033199579334951705,-0.0933747757772355,0.09910126547863432,False,199.57294010426634
2019-10-14 07:00:00,-425251.08192,-403606.02169,1.7462298274040222e-10,133.50409824176924,84.74893727997541,-0.03365167414076792,-0.09608194287793889,0.10180459183983766,False,199.30226081617025
2019-10-14 07:30:00,-425420.87711,-403682.36529,1.1641532182693481e-10,133.49808851144317,84.74736230723707,-0.035720107428894504,-0.0998469281132669,0.10604402448222933,False,199.68460300085314
2019-10-14 08:00:00,-425600.33927,-403760.16074,1.1641532182693481e-10,133.4915354453362,84.74571545913119,-0.03797903162566416,-0.10469084998561881,0.11136687529932113,False,199.9394131575657
2019-10-14 08:30:00,-425788.39994,-403842.56647,1.3015628661377063e-10,133.48473535084327,84.74398418532458,-0.047266898426841036,-0.10697728551776707,0.11695426158820876,False,203.83778361139292
2019-10-14 09:00:00,-425996.86288,-403901.72269,8.231806349783991e-11,133.4749229454805,84.74226351952376,-0.05728327117705566,-0.10426686282490899,0.1189661793960472,False,208.78399545274016
2019-10-14 09:30:00,-426202.67688,-403951.17988,8.231806349783991e-11,133.46460790075668,84.74061973404419,-0.0631800103306422,-0.09742166631168706,0.1161150066629019,False,212.96426153447104
2019-10-14 10:00:00,-426407.87676,-403977.90218,1.3015628661377063e-10,133.45273065687297,84.7391199245346,-0.06947258302389708,-0.08869972419653657,0.11266801171829531,False,218.06923187279958
2019-10-14 10:30:00,-426606.49261,-403989.23437,8.231806349783991e-11,133.44021194335284,84.73775758890737,-0.07419807590171033,-0.07881110702324255,0.10824299080192196,False,223.27312862961463
2019-10-14 11:00:00,-426797.54987,-403979.03853,2.6031257322754127e-10,133.4266819870031,84.73657685187592,-0.0766143663558552,-0.06954944066195819,0.10347408288310865,False,227.76727619485663
2019-10-14 11:30:00,-426977.93087,-403961.04112,8.231806349783991e-11,133.41332089339403,84.73551339231706,-0.0781326857487397,-0.05960581425801463,0.09827293460395009,False,232.66073703017256
2019-10-14 12:00:00,-427146.73454,-403922.18636,5.820766091346741e-11,133.39926349359538,84.73465349338794,-0.07728892669690988,-0.04910394394459433,0.09156841977927856,False,237.57099605470702
2019-10-14 12:30:00,-427297.54481,-403880.33412,8.231806349783991e-11,133.3862028198877,84.73392894154091,-0.07127693840948227,-0.04017084133060457,0.08181747027522751,False,240.59490529382174
2019-10-14 13:00:00,-427428.09176,-403835.04492,0.0,133.37425822133628,84.73335729380511,-0.0642448473991748,-0.03264870298897244,0.07206481960156005,False,243.06069720201344
2019-10-14 13:30:00,-427541.81436,-403792.93818,8.231806349783991e-11,133.3636671034474,84.7328754661239,-0.05462537359884102,-0.025796163778098603,0.06041004474819932,False,244.721550090926
2019-10-14 14:00:00,-427630.63248,-403755.84178,1.1641532182693481e-10,133.35509844176545,84.73252494081272,-0.04469071672576792,-0.020779817008917796,0.04928550452604642,False,245.0630125768164
2019-10-14 14:30:00,-427706.65926,-403727.31205,5.820766091346741e-11,133.3479931217132,84.73220496653542,-0.032634102887458154,-0.017109533728771997,0.03684726334051406,False,242.33270229558443
2019-10-14 15:00:00,-427756.06718,-403712.68859,1.3015628661377063e-10,133.34365352569253,84.7319728799516,-0.01850372242707797,-0.013697652111020156,0.023022020263497363,False,233.48876114615103
2019-10-14 15:30:00,-427788.2427,-403712.71355,5.820766091346741e-11,133.34150410545206,84.73176298538831,-0.0058162614502308245,-0.013319664505538151,0.01453417902041715,False,203.58931845262964
2019-10-14 16:00:00,-427805.3117,-403730.3713,8.231806349783991e-11,133.3416138621913,84.73154308786482,0.006229036868469148,-0.013932664347784805,0.015261717994275144,False,155.91146350744572
2019-10-14 16:30:00,-427809.33003,-403763.44784,8.231806349783991e-11,133.34368824880357,84.7313134059785,0.01664279041742483,-0.01544444061489626,0.022704916180981263,False,132.86118998993584
2019-10-14 17:00:00,-427804.62338,-403812.1061,1.3015628661377063e-10,133.34744934753223,84.73104472229899,0.024455969379303402,-0.018078721109792525,0.030412737384968875,False,126.47312773250036
2019-10-14 17:30:00,-427796.22546,-403872.14661,1.3015628661377063e-10,133.35226289651305,84.73073003864197,0.029604661454702003,-0.021043273597389535,0.036321554806231934,False,125.40557510143407
2019-10-14 18:00:00,-427786.54593,-403941.60805,5.820766091346741e-11,133.35782860673567,84.73036569633584,0.032737963766690754,-0.02461780509487218,0.04096108640256348,False,126.94188730906228
2019-10-14 18:30:00,-427779.74749,-404018.68296,0.0,133.36373989433358,84.72993567344346,0.03257066877911188,-0.026300822039144158,0.04186384722709255,False,128.9208821551972
2019-10-14 19:00:00,-427774.87122,-404091.86503,0.0,133.36924616659599,84.72951703066673,0.030273010660048363,-0.031213047446366802,0.043482289559227984,False,135.87590498130174
2019-10-14 19:30:00,-427786.59368,-404175.06942,8.231806349783991e-11,133.3743509997633,84.72892850060552,0.026485754709525484,-0.034765611747698134,0.04370518233258887,False,142.69848184894704
2019-10-14 20:00:00,-427800.36314,-404247.12486,1.3015628661377063e-10,133.37852901424884,84.7283952276669,0.01907619568030913,-0.03227804734271002,0.037493647220451544,False,149.41708403382017
2019-10-14 20:30:00,-427823.88572,-404304.7927,0.0,133.38103631045163,84.72788696766,0.00987247736239768,-0.030351365115512403,0.031916628481814896,False,161.98169589829945
2019-10-14 21:00:00,-427855.36593,-404348.00435,0.0,133.38198858357757,84.7274158596748,0.0002544346336490876,-0.02610949048700508,0.02611073017887108,False,179.44167546109554
2019-10-14 21:30:00,-427891.57066,-404370.01916,5.820766091346741e-11,133.38112560464182,84.72704447135158,-0.010837183841811957,-0.02084178713771049,0.023490948144229185,False,207.47325124434678
2019-10-14 22:00:00,-427936.69472,-404371.18355,5.820766091346741e-11,133.37819184111305,84.72674333412746,-0.02187842758978666,-0.015261771723808625,0.02667559315087825,False,235.1014634628342
2019-10-14 22:30:00,-427985.5996,-404350.50687,1.3015628661377063e-10,133.3734608546877,84.72655199597477,-0.031307182409963254,-0.008461507138295847,0.032430491416291306,False,254.87581107475734
2019-10-14 23:00:00,-428036.23776,-404310.17788,0.0,133.3672241976059,84.72647028632936,-0.03770403761101461,-0.00043351583396906285,0.03770652978134034,False,269.3412500427908
2019-10-14 23:30:00,-428079.93922,-404252.90392,5.820766091346741e-11,133.3602523508753,84.72653799955096,-0.04194337844157464,0.008553201387438019,0.04280659118719009,False,281.525870979234
2019-10-15 00:00:00,-428117.52219,-404179.255,5.820766091346741e-11,133.35253036816684,84.72674627076991,-0.04416194861282785,0.016328862184462563,0.047084067852313054,False,290.2918526561223
2019-10-15 00:30:00,-428146.33438,-404096.94614,5.820766091346741e-11,133.34478075298824,84.72706489621193,-0.04130381537760665,0.022842713438262455,0.04719952035741456,False,298.94440344954694
2019-10-15 01:00:00,-428159.78023,-404014.6753,1.1641532182693481e-10,133.3380592960381,84.72748336749865,-0.03706777942715905,0.029354675129900632,0.047283371534214046,False,308.37636830271254
2019-10-15 01:30:00,-428161.05666,-403927.36386,5.820766091346741e-11,133.33179273839121,84.72801211242106,-0.03329838295290562,0.03465830151449864,0.04806225308023183,False,316.1464243165316
2019-10-15 02:00:00,-428151.28391,-403841.85992,1.7462298274040222e-10,133.32639096387317,84.72860172329945,-0.02686657382037612,0.03777076481964164,0.04635130487814122,False,324.5755270809742
2019-10-15 02:30:00,-428128.50544,-403763.70493,5.820766091346741e-11,133.32237727711475,84.7292309026991,-0.018944534204896606,0.040256209148306125,0.0444910974379444,False,334.79836856874556
2019-10-15 03:00:00,-428092.64461,-403692.81226,5.820766091346741e-11,133.3197510673375,84.72990070996022,-0.009146473442471399,0.040918095514077366,0.04192789664332081,False,347.3997393233462
2019-10-15 03:30:00,-428043.92601,-403638.6876,1.8406878575731415e-10,133.31917130146826,84.73055124447667,-0.0008719612557412278,0.038784452916815995,0.03879425349827253,False,358.71207967999715
2019-10-15 04:00:00,-427993.21568,-403594.73774,5.820766091346741e-11,133.31944547196386,84.73115219840051,0.005736058537581483,0.03477170270132833,0.03524164690101933,False,9.36734401621709
2019-10-15 04:30:00,-427938.6868,-403567.83079,8.231806349783991e-11,133.3211826576908,84.73167324751427,0.010796353148771105,0.03010776793872471,0.031984979780595134,False,19.727340534485506
2019-10-15 05:00:00,-427887.69529,-403548.65052,0.0,133.3232313401025,84.73212370784611,0.013796148704274175,0.024732378244183128,0.028320032709793767,False,29.15353455798146
2019-10-15 05:30:00,-427839.83658,-403542.87346,0.0,133.32602085735462,84.73247130306511,0.014225898867132354,0.017786396660561057,0.022775691092581474,False,38.65348592003534
2019-10-15 06:00:00,-427805.9753,-403541.97135,5.820766091346741e-11,133.3282204800474,84.73269763729179,0.01216360646367326,0.01077514507876072,0.016249833035187015,False,48.463834362028194
2019-10-15 06:30:00,-427781.57202,-403548.10994,1.3015628661377063e-10,133.3302869471779,84.73281899322289,0.00851717194416466,0.004427232281770069,0.009599093894905531,False,62.53455583550232
2019-10-15 07:00:00,-427773.34158,-403553.33834,1.1641532182693481e-10,133.331207729216,84.73284049686204,0.0009745623688623935,-0.0017830164120224187,0.0020319742459844266,False,151.33983501082116
2019-10-15 07:30:00,-427783.83356,-403555.06668,5.820766091346741e-11,133.33062876922526,84.732761459708,-0.007905893735227551,-0.006087049968423687,0.009977741882349785,False,232.40595011965053
2019-10-15 08:00:00,-427808.8118,-403547.6726,1.1641532182693481e-10,133.3284349049569,84.7326440778607,-0.017905400164579737,-0.008343306499532164,0.019753838067546967,False,245.01608449416642
2019-10-15 08:30:00,-427849.91339,-403528.78682,5.820766091346741e-11,133.32434894823925,84.7324922304266,-0.028667784184124093,-0.009367726948938303,0.03015951190283723,False,251.90424216228317
2019-10-15 09:00:00,-427904.15637,-403495.73245,5.820766091346741e-11,133.31838070919696,84.73234178716156,-0.04040288997703703,-0.008377357952331927,0.04126225447982767,False,258.285965360618
2019-10-15 09:30:00,-427971.64179,-403443.65427,1.3015628661377063e-10,133.31017943196457,84.7322218864826,-0.04904884990886994,-0.008066530517017282,0.04970773171212726,False,260.6607865179583
2019-10-15 10:00:00,-428046.40879,-403387.16645,1.6463612699567982e-10,133.30117943180144,84.73208148727753,-0.057756224690842115,-0.005938813079855967,0.058060752590166353,False,264.1291653562488
2019-10-15 10:30:00,-428129.80119,-403306.99987,1.1641532182693481e-10,133.28992485217572,84.73203021762569,-0.06760472867738915,-0.000704296367910702,0.06760839720713141,False,269.40312237880073
2019-10-15 11:00:00,-428215.13562,-403211.75248,0.0,133.27747127786913,84.73205873838636,-0.07350279522005518,0.005180312260950733,0.07368511749520607,False,274.0314121095072
2019-10-15 11:30:00,-428297.62254,-403101.56796,0.0,133.26414808805904,84.73219735669709,-0.076655260335778,0.011689132023381614,0.07754137440493267,False,278.67022060733393
2019-10-15 12:00:00,-428373.62425,-402981.95803,0.0,133.2505882977423,84.73243591535959,-0.0772164692766807,0.01789755835292285,0.07926352075547019,False,283.04981816902955
2019-10-15 12:30:00,-428441.16193,-402854.95022,0.0,133.23706707608753,84.73277487155327,-0.07618767464654966,0.0228672876989832,0.07954542485119162,False,286.70682313612656
2019-10-15 13:00:00,-428501.53429,-402725.74895,0.0,133.22386650461627,84.73317379815975,-0.07219455134022432,0.027478207132980208,0.07724703949316925,False,290.83749085819375
2019-10-15 13:30:00,-428547.0724,-402597.81863,1.7462298274040222e-10,133.21174390041568,84.73366155322236,-0.0662506516966169,0.030938788809153298,0.0731187903565413,False,295.0323860992544
2019-10-15 14:00:00,-428583.65938,-402475.66044,5.820766091346741e-11,133.2006262357271,84.73417214162542,-0.05906501262478404,0.032564189744728446,0.06744703232979621,False,298.86917436547776
2019-10-15 14:30:00,-428607.17521,-402362.56554,2.9103830456733704e-10,133.19102234908868,84.73471235088984,-0.050375491395509245,0.03349114620560015,0.06049253679177218,False,303.6171584839639
2019-10-15 15:00:00,-428619.87918,-402260.92045,1.3015628661377063e-10,133.18295146157837,84.73525284639148,-0.04165254787168925,0.031660111288390934,0.05231918759878314,False,307.238474052821
2019-10-15 15:30:00,-428626.68152,-402175.22927,1.1641532182693481e-10,133.17640671349523,84.73573396825293,-0.03310489894150845,0.027778345329182958,0.04321540006935986,False,310.0000374131864
2019-10-15 16:00:00,-428628.49957,-402105.58402,1.6463612699567982e-10,133.17133410000852,84.73614920367,-0.02624262347668111,0.02267633316026992,0.03468272441049595,False,310.83039874109875
2019-10-15 16:30:00,-428631.78142,-402050.47566,2.6031257322754127e-10,133.1671967696081,84.7364656883494,-0.023432887364946156,0.018507016687274842,0.02985983718845973,False,308.3012609400471
2019-10-15 17:00:00,-428637.61782,-401998.47603,1.3015628661377063e-10,133.16310964479032,84.73674638282993,-0.025627150485842753,0.013133854057667697,0.02879668321929011,False,297.1350323791071
2019-10-15 17:30:00,-428660.40504,-401950.83754,5.820766091346741e-11,133.15820174522412,84.73688948162307,-0.029560786215785936,0.0023512993410693284,0.02965415131624429,False,274.5477981182653
2019-10-15 18:00:00,-428704.2352,-401915.05695,1.7462298274040222e-10,133.15273375425377,84.73682224917425,-0.036982328263039106,-0.008264083053583494,0.03789442798712902,False,257.40361029739057
2019-10-15 18:30:00,-428773.16719,-401874.058,8.231806349783991e-11,133.14522100596497,84.7366227974263,-0.05483156148183593,-0.013224650661987854,0.05640382539924016,False,256.4399870447833
2019-10-15 19:00:00,-428873.95922,-401803.5913,1.1641532182693481e-10,133.1334885944085,84.73639545501193,-0.0704534079250321,-0.02134207196674578,0.0736149898056417,False,253.14714721215637
2019-10-15 19:30:00,-429002.64442,-401741.49631,1.3015628661377063e-10,133.1204941964184,84.73593411278837,-0.07759556476466842,-0.027249031281764063,0.08224099571954614,False,250.6503888255038
2019-10-15 20:00:00,-429136.50301,-401666.7455,1.1641532182693481e-10,133.1062568054578,84.7355161641254,-0.08718620395748172,-0.02598741868511238,0.09097681072905847,False,253.40236439393675
2019-10-15 20:30:00,-429285.43195,-401576.27439,1.1641532182693481e-10,133.0898992322218,84.73509550618724,-0.10175551780429032,-0.025400440939739158,0.1048778708954011,False,255.98412886991852
2019-10-15 21:00:00,-429453.53082,-401461.6963,8.231806349783991e-11,133.07055205144042,84.7346964641877,-0.11752919211445181,-0.027276947069510178,0.12065298521175753,False,256.9337422488322
2019-10-15 21:30:00,-429646.10397,-401334.24905,5.820766091346741e-11,133.0486631634065,84.73421525703601,-0.14110873999781423,-0.022620577854028587,0.14291034618326592,False,260.8926289448749
2019-10-15 22:00:00,-429859.80551,-401146.05772,5.820766091346741e-11,133.02104609264688,84.73396632186649,-0.164228321937807,-0.014644784638002922,0.1648799910346961,False,264.90422362168084
2019-10-15 22:30:00,-430088.01983,-400937.97477,5.820766091346741e-11,132.99104953179415,84.73374259294208,-0.17146704563101134,-0.010994320848181138,0.17181915733799905,False,266.33126565584973
2019-10-15 23:00:00,-430309.67073,-400721.52962,1.3015628661377063e-10,132.960895075957,84.73361155235915,-0.17216133069054482,-0.006284250827739438,0.17227598670042518,False,267.9095116158679
2019-10-15 23:30:00,-430526.95601,-400499.82517,1.8406878575731415e-10,132.93065664757688,84.73353981028788,-0.17249719930304014,0.0014154581380654424,0.17250300660896717,False,270.47014071852175
2019-10-16 00:00:00,-430728.90394,-400263.3834,1.6463612699567982e-10,132.90038444803648,84.73365722435673,-0.16679088934120578,0.010723664174546357,0.16713526779396023,False,273.6787151769295
2019-10-16 00:30:00,-430907.41612,-400033.69503,1.3015628661377063e-10,132.87214694304546,84.7338859342637,-0.15777260919631209,0.016296186209344893,0.15861198535287888,False,275.8971157749663
2019-10-16 01:00:00,-431072.34345,-399807.2103,8.231806349783991e-11,132.84503614325737,84.73418311546705,-0.15167240407188803,0.021323027940570574,0.15316393073272974,False,278.0025418434242
2019-10-16 01:30:00,-431222.43768,-399581.15496,1.3015628661377063e-10,132.81893553889154,84.73457402317202,-0.1417233006057621,0.026326111730701214,0.1441476954149756,False,280.5231565290619
2019-10-16 02:00:00,-431349.60351,-399368.55671,1.8406878575731415e-10,132.79531176673396,84.73503269809441,-0.12989805773062882,0.02971878124595695,0.13325431085310083,False,282.8866528753632
2019-10-16 02:30:00,-431461.63283,-399165.32728,1.7462298274040222e-10,132.77335622640803,84.73553304150863,-0.11680029201497741,0.03038493848874637,0.12068783162253308,False,284.58196399979147
2019-10-16 03:00:00,-431554.85804,-398985.6205,1.1641532182693481e-10,132.75432475105995,84.7360132467431,-0.10145162191682223,0.026734868299348097,0.10491513128494542,False,284.76314239397675
2019-10-16 03:30:00,-431638.89832,-398831.81557,1.8406878575731415e-10,132.737752276675,84.73639578463762,-0.08875908783763838,0.01802734160305826,0.09057130185132022,False,281.48084562754036
2019-10-16 04:00:00,-431724.04113,-398706.89116,1.1641532182693481e-10,132.72317310919252,84.73659499743691,-0.07900169323714976,0.011229492226646924,0.07979579581660326,False,278.089967013589
2019-10-16 04:30:00,-431802.15689,-398595.45199,0.0,132.7100236877422,84.73675816629901,-0.07137837609270672,0.006686268474169775,0.07169085548199688,False,275.35148497542923
2019-10-16 05:00:00,-431880.64858,-398501.74963,5.820766091346741e-11,132.69811958981256,84.73681077294093,-0.06530214780285037,-0.003246129795311036,0.06538277958540246,False,267.15420433812346
2019-10-16 05:30:00,-431970.16676,-398430.60209,8.231806349783991e-11,132.68710285493225,84.7366534374895,-0.06331353326546425,-0.01532502088065938,0.0651418433846456,False,256.3932761347076
2019-10-16 06:00:00,-432075.73665,-398371.61169,0.0,132.67589737167052,84.73631626644418,-0.06514934312782722,-0.025339149901437995,0.06990357235302723,False,248.74697799440793
2019-10-16 06:30:00,-432196.21382,-398320.00422,0.0,132.66423770209465,84.73583579303,-0.06997564035172053,-0.026015820479557514,0.07465529557812964,False,249.60567333242568
2019-10-16 07:00:00,-432315.32732,-398249.84246,8.231806349783991e-11,132.65134003994018,84.73547677118964,-0.07473171534403633,-0.03110462036341575,0.08094644332034788,False,247.40208478181935
2019-10-16 07:30:00,-432460.85169,-398198.00032,1.6463612699567982e-10,132.6380140037323,84.73483210900544,-0.07967716466736907,-0.04264040120484773,0.09036954345542211,False,241.84588525258928
2019-10-16 08:00:00,-432622.54692,-398142.80995,1.3015628661377063e-10,132.6233839802893,84.73410083331011,-0.08893626718147113,-0.04441285786193424,0.09940906177828253,False,243.46344431402923
2019-10-16 08:30:00,-432795.31127,-398070.68338,1.7462298274040222e-10,132.60681329425844,84.73339895821374,-0.09957064021391232,-0.041309410010557227,0.10779972053780426,False,247.46763999742632
2019-10-16 09:00:00,-432974.66328,-397979.6555,1.3015628661377063e-10,132.5884569546114,84.73276782187023,-0.10980180196295522,-0.0366194659031355,0.11574722889703641,False,251.55619195019452
2019-10-16 09:30:00,-433159.87028,-397868.87331,2.098707060483278e-10,132.56830194713984,84.73221727479961,-0.1197149472889573,-0.032358302312342005,0.12401100085449977,False,254.87469426240588
2019-10-16 10:00:00,-433351.99502,-397741.05735,8.231806349783991e-11,132.54647314447365,84.73172363554393,-0.12829409332371727,-0.02735274757417784,0.13117754069051366,False,257.9645410513126
2019-10-16 10:30:00,-433544.71925,-397595.19269,5.820766091346741e-11,132.52331338909102,84.73133461466082,-0.13276933228121604,-0.02017707924637014,0.13429374565226132,False,261.35882525744074
2019-10-16 11:00:00,-433728.58396,-397437.88758,5.820766091346741e-11,132.49991850154333,84.73107255737244,-0.13611582434531885,-0.010673242032643637,0.13653364322647032,False,265.5164436150459
2019-10-16 11:30:00,-433904.09834,-397259.87243,0.0,132.47558747110045,84.73099017700885,-0.13810506196593442,-0.001360529314037559,0.13811176336803807,False,269.4355741573629
2019-10-16 12:00:00,-434067.92901,-397074.4937,0.0,132.45149609711908,84.73102866543664,-0.13788429009111997,0.0055022886073677335,0.13799403115298461,False,272.2851822607033
2019-10-16 12:30:00,-434224.52471,-396880.24652,1.7462298274040222e-10,132.4272422121909,84.73116771731583,-0.13572265780960766,0.0107606044308221,0.13614856022235594,False,274.53314314207944
2019-10-16 13:00:00,-434368.97174,-396687.70511,1.3015628661377063e-10,132.4039076737431,84.73137592132699,-0.13039199669235407,0.018261349940149475,0.13166453472008122,False,277.9723988917999
2019-10-16 13:30:00,-434492.52977,-396489.29638,0.0,132.3815206469117,84.73175700515286,-0.12311073701140474,0.02592804857208647,0.12581143537154219,False,281.893113862223
2019-10-16 14:00:00,-434598.76764,-396297.40852,1.1641532182693481e-10,132.3607366201778,84.73221261708842,-0.11327786525496757,0.03053233410991963,0.11732049344817107,False,285.0847327370417
2019-10-16 14:30:00,-434686.08494,-396113.90444,1.1641532182693481e-10,132.34179429538497,84.73274227389051,-0.10387330309700228,0.03376919867439758,0.10922463950681018,False,288.00933759343025
2019-10-16 15:00:00,-434760.78165,-395939.12854,5.820766091346741e-11,132.32430491535914,84.73330231569244,-0.09192997756771999,0.03320670189970103,0.09774357179199616,False,289.86059849367894
2019-10-16 15:30:00,-434820.53643,-395788.72738,5.820766091346741e-11,132.30954845890923,84.7338138499823,-0.07934919981727288,0.02892366575043181,0.08445634346858856,False,290.02736054945956
2019-10-16 16:00:00,-434876.06512,-395657.7893,5.820766091346741e-11,132.296469294006,84.73423565439502,-0.07215734502755566,0.02734104908558672,0.07716356268684187,False,290.75213624141816
2019-10-16 16:30:00,-434922.54633,-395530.34663,5.820766091346741e-11,132.28423333430402,84.73469610069274,-0.05963312338824475,0.017149974428645753,0.062050229878227094,False,286.044781088538
2019-10-16 17:00:00,-434974.82705,-395457.42694,5.820766091346741e-11,132.2755471765792,84.73478910467377,-0.05051785919865961,0.0056908374616158885,0.0508373851513837,False,276.4272742402743
2019-10-16 17:30:00,-435029.72714,-395382.00037,1.1641532182693481e-10,132.26650819140977,84.73487972603306,-0.04887046636491443,-0.0008102837232107779,0.04887718324981845,False,269.05010965754013
2019-10-16 18:00:00,-435095.3152,-395329.19366,5.820766091346741e-11,132.25840009479268,84.73476297147432,-0.04400947984824398,-0.012540837794911396,0.045761413102211684,False,254.09469247941067
2019-10-16 18:30:00,-435169.68437,-395295.10043,5.820766091346741e-11,132.25106693553263,84.73447507135457,-0.04261133076429164,-0.021856939727489692,0.047889991895541016,False,242.84502176269987
2019-10-16 19:00:00,-435256.70198,-395268.55179,5.820766091346741e-11,132.24345020185243,84.73405769431044,-0.044574553139984714,-0.030273933968404332,0.05388322434257834,False,235.81662276023226
2019-10-16 19:30:00,-435358.24632,-395249.57594,1.1641532182693481e-10,132.23542953439974,84.73349819507182,-0.049933814180547674,-0.03681488126723959,0.062038063165595465,False,233.5996294983533
2019-10-16 20:00:00,-435475.66037,-395224.54439,8.231806349783991e-11,132.22593455624556,84.73286974055591,-0.05860356628330232,-0.03964804726365381,0.07075553429197136,False,235.91981444450752
2019-10-16 20:30:00,-435605.72568,-395189.27498,8.231806349783991e-11,132.214875092164,84.73221881602417,-0.06801662032280263,-0.03939001084182289,0.07859919588809552,False,239.92386733477568
2019-10-16 21:00:00,-435745.2092,-395138.47377,8.231806349783991e-11,132.20208142092136,84.73159868001405,-0.07844962562414685,-0.03844841826591635,0.08736489356554868,False,243.89037472055242
2019-10-16 21:30:00,-435897.97428,-395073.0443,5.820766091346741e-11,132.18736644911354,84.73097812898477,-0.08910118415912374,-0.036033283756356387,0.09611149024348847,False,247.98116925439516
2019-10-16 22:00:00,-436056.73701,-394987.91691,1.1641532182693481e-10,132.17084115696656,84.7304359206909,-0.10105706531395772,-0.032286395126020606,0.10608931030081704,False,252.2820069289488
2019-10-16 22:30:00,-436228.35689,-394881.44217,8.231806349783991e-11,132.15193803856715,84.7299362509137,-0.11415115437348297,-0.028489695295275057,0.11765266160532178,False,255.9864782402993
2019-10-16 23:00:00,-436408.55803,-394752.086,5.820766091346741e-11,132.13082581991273,84.72951655015984,-0.12691365888852216,-0.02667867558689606,0.12968742631243402,False,258.128630290233
2019-10-16 23:30:00,-436606.077,-394607.03456,2.098707060483278e-10,132.1074527831238,84.72907530801199,-0.1351349408686034,-0.023022622704898937,0.13708206811896684,False,260.33148264491433
2019-10-17 00:00:00,-436796.2468,-394446.74165,1.1641532182693481e-10,132.08346196017456,84.7287736371967,-0.13493599088804978,-0.016814151378495436,0.13597954744563173,False,262.89707929510064
2019-10-17 00:30:00,-436976.57001,-394287.07988,0.0,132.06016163266827,84.72853277844342,-0.12706460728557,-0.01213075721040148,0.12764235071140706,False,264.54654559162645
2019-10-17 01:00:00,-437135.10869,-394136.38005,5.820766091346741e-11,132.0389313666108,84.72838227828694,-0.11765190802318282,-0.008975747116256191,0.11799379431898294,False,265.6373154410198
2019-10-17 01:30:00,-437284.1903,-393994.15358,0.0,132.0189313011865,84.72824319147023,-0.10874745432242122,-0.005958150945066007,0.10891055221736451,False,266.8639639910758
2019-10-17 02:00:00,-437413.09853,-393859.88991,5.820766091346741e-11,132.00082227420285,84.72819007968762,-0.09927557929686211,-0.0013403069611915494,0.09928462654146299,False,269.2265039665567
2019-10-17 02:30:00,-437526.9218,-393731.79161,0.0,131.98414195246608,84.72819998263297,-0.08850524808786236,0.000291313030753311,0.08850572751170373,False,270.1885870868057
2019-10-17 03:00:00,-437625.45109,-393622.34941,0.0,131.96980735998906,84.7281995381832,-0.08181821082442123,0.0018352844184672326,0.08183879209400703,False,271.2850002362783
2019-10-17 03:30:00,-437718.98357,-393508.3794,8.231806349783991e-11,131.95547018730437,84.72825920318999,-0.0703359254346996,0.0030589756313799746,0.07040241287533404,False,272.4902781078929
2019-10-17 04:00:00,-437786.54544,-393426.68427,5.820766091346741e-11,131.94515930891563,84.72829832438282,-0.05109075662810745,0.004003814333306013,0.051247399368632277,False,274.4809235559525
2019-10-17 04:30:00,-437831.20297,-393361.94306,1.1641532182693481e-10,131.9375660362419,84.7283884366161,-0.03498625925991921,0.0062043564792362265,0.035532131603996445,False,280.0561123182116
2019-10-17 05:00:00,-437854.10583,-393318.06561,1.1641532182693481e-10,131.93289864771987,84.72849855420971,-0.019459813171469643,0.005310423310851044,0.020171388757567823,False,285.2638920710051
2019-10-17 05:30:00,-437863.79607,-393297.05147,1.8406878575731415e-10,131.93074640890808,84.72855980612724,-0.007752970095538445,0.0007022449874561714,0.0077847089428392064,False,275.17558779511046
2019-10-17 06:00:00,-437870.87587,-393295.61202,1.1641532182693481e-10,131.93018161364122,84.72852121758257,-0.001176654715267616,-0.005192287866983326,0.005323943051215308,False,192.76847309646132
2019-10-17 06:30:00,-437880.53291,-393306.3907,5.820766091346741e-11,131.9303340401363,84.72839226260832,0.0018935340309125135,-0.01075486329968598,0.010920281851726915,False,170.01466681023817
2019-10-17 07:00:00,-437895.12495,-393326.55544,8.231806349783991e-11,131.93084517267104,84.72817418149022,0.0014874870030742102,-0.017361672254911673,0.017425277073013345,False,175.1030577404115
2019-10-17 07:30:00,-437923.45305,-393352.14045,5.820766091346741e-11,131.93085531900596,84.72783203959422,-0.0013929607825392803,-0.024387014758822986,0.024426764595188256,False,183.2691228490786
2019-10-17 08:00:00,-437963.78986,-393381.49115,1.1641532182693481e-10,131.93035711329827,84.7273872655032,-0.007184602989695329,-0.029595246113027763,0.030454837261266462,False,193.6452747334951
2019-10-17 08:30:00,-438019.99984,-393404.09312,5.820766091346741e-11,131.9283381553398,84.72687706228442,-0.014778591746759337,-0.032538667831372596,0.03573753878287906,False,204.42686098962918
2019-10-17 09:00:00,-438086.48945,-393420.18166,1.6463612699567982e-10,131.92517966880604,84.72633730848472,-0.017819794820881293,-0.033466294346841195,0.03791487761773368,False,208.03395813260227
2019-10-17 09:30:00,-438152.50141,-393436.8624,0.0,131.9220957506407,84.72579717763863,-0.023460013908988928,-0.03200022688951697,0.039678542987243354,False,216.24589719913058
2019-10-17 10:00:00,-438228.63181,-393434.30972,1.3015628661377063e-10,131.916962468116,84.72530471652371,-0.03109311083143317,-0.03008239755815048,0.043263520245379994,False,225.94652808322857
2019-10-17 10:30:00,-438307.86506,-393425.91775,5.820766091346741e-11,131.91120579229528,84.72482647776452,-0.03526009120995083,-0.028461358925164354,0.0453136070513161,False,231.09010851861805
2019-10-17 11:00:00,-438389.67194,-393408.28776,1.3015628661377063e-10,131.90461417744305,84.72438632106868,-0.0371838022491831,-0.024562224048873357,0.044563864284119334,False,236.5527462829883
2019-10-17 11:30:00,-438463.08053,-393385.34788,1.6463612699567982e-10,131.89818474236907,84.72403390889517,-0.03472666379145515,-0.017483866939579304,0.038879644818923906,False,243.2760724838946
2019-10-17 12:00:00,-438520.00847,-393357.26745,1.3015628661377063e-10,131.89245429473766,84.72382216073945,-0.030699246641851696,-0.00971517290122789,0.03219981877088744,False,252.43935229651254
2019-10-17 12:30:00,-438562.91183,-393326.43263,1.1641532182693481e-10,131.88743557354607,84.72372042707052,-0.02668133998848137,-0.00226370006111481,0.02677719629736516,False,265.15052112990645
2019-10-17 13:00:00,-438590.20682,-393291.20121,1.3015628661377063e-10,131.88311214886215,84.7237491211717,-0.02093462326648081,0.003867830845558449,0.02128893061568225,False,280.46778891760175
2019-10-17 13:30:00,-438602.85958,-393261.02705,5.820766091346741e-11,131.8801055936981,84.72384524151745,-0.012275621064588607,0.010119356862852815,0.015908873493718462,False,309.5003216998043
2019-10-17 14:00:00,-438592.58493,-393233.97866,0.0,131.87881394188753,84.72407565722784,-0.0013217357772522254,0.017640602390812908,0.017690049128694433,False,355.7150757772964
2019-10-17 14:30:00,-438558.75193,-393215.09025,1.1641532182693481e-10,131.87964288841007,84.72441446698082,0.011320060642856677,0.02470642567076738,0.027176299276816664,False,24.616439341439957
2019-10-17 15:00:00,-438499.15755,-393204.94508,0.0,131.88277821216542,84.72487287350205,0.02469819909317108,0.030630405577805664,0.03934746223464462,False,38.88025618997324
2019-10-17 15:30:00,-438417.29552,-393207.67059,1.7462298274040222e-10,131.88829271955169,84.72540282806423,0.035691923746664224,0.03196963892093932,0.04791629402899323,False,48.1488549737349
2019-10-17 16:00:00,-438327.68763,-393223.75608,1.8406878575731415e-10,131.8952792366137,84.72590445031967,0.04590191301987241,0.03252252290070587,0.05625566740081278,False,54.68158261061586
2019-10-17 16:30:00,-438219.79716,-393252.49147,2.399963341663627e-10,131.90437143793386,84.72645223259664,0.05596678384141767,0.03430805271476194,0.06564543681499008,False,58.491394582475834
2019-10-17 17:00:00,-438101.19813,-393291.21968,1.3015628661377063e-10,131.91488538524243,84.7270114746137,0.06260047818529982,0.03502087868297812,0.07173061977116935,False,60.775837238014674
2019-10-17 17:30:00,-437975.43237,-393335.97022,1.7462298274040222e-10,131.92630374067642,84.7275822644373,0.06841694122421188,0.03443329324344194,0.07659327339960166,False,63.28452468862247
2019-10-17 18:00:00,-437844.39943,-393391.64204,0.0,131.9388580179846,84.72812254014424,0.07356067614910451,0.033519299366324626,0.08083759339269524,False,65.50272955040828
2019-10-17 18:30:00,-437708.68335,-393452.30975,5.820766091346741e-11,131.95208134478327,84.72866384514326,0.07314964538956897,0.032870212420798364,0.08019552035623995,False,65.80295967854818
2019-10-17 19:00:00,-437580.35059,-393508.38165,8.231806349783991e-11,131.96449401079857,84.7291832065451,0.06769050775981687,0.030667248518814985,0.07431342390508318,False,65.62705172650607
2019-10-17 19:30:00,-437463.64745,-393559.68206,5.820766091346741e-11,131.97580637737713,84.72965343078181,0.05912382740114937,0.029108834493895425,0.06590107140368734,False,63.78728076615988
2019-10-17 20:00:00,-437360.09068,-393596.5305,1.3015628661377063e-10,131.98521834664555,84.73012251605023,0.05042079322940514,0.027594057964968895,0.05747772111745986,False,61.309198374228515
2019-10-17 20:30:00,-437268.38499,-393628.15376,5.820766091346741e-11,131.99348162980615,84.7305438462843,0.04172490955002265,0.02973454415193163,0.0512358389497112,False,54.52507674246692
2019-10-17 21:00:00,-437180.03588,-393636.55187,5.820766091346741e-11,131.99984651950695,84.73108200608824,0.03159713272216855,0.03677741645807517,0.04848666989589028,False,40.66735803559368
2019-10-17 21:30:00,-437093.88018,-393624.09469,1.6463612699567982e-10,132.00456021382837,84.73173058628451,0.0216265532405455,0.04420817750303811,0.04921453812854769,False,26.067789103268694
2019-10-17 22:00:00,-437009.67311,-393587.90453,1.3015628661377063e-10,132.0074300439536,84.73250851632234,0.013350163581584341,0.05384039803030366,0.05547085115370583,False,13.926081105785954
2019-10-17 22:30:00,-436917.69319,-393530.09329,5.820766091346741e-11,132.00924224953292,84.73346789886922,0.007393615058014592,0.0660852200844795,0.06649753271543385,False,6.383705452432707
2019-10-17 23:00:00,-436815.08614,-393448.46272,1.3015628661377063e-10,132.01002342649147,84.73464093905535,0.0026278582903183495,0.07876297323802635,0.07880679915139334,False,1.9109151458711722
2019-10-17 23:30:00,-436700.67872,-393347.35591,8.231806349783991e-11,132.01016411973086,84.73600940106753,-0.0006940170769916265,0.09190075800047129,0.09190337850571297,False,359.56732137583595
2019-10-18 00:00:00,-436570.93348,-393225.18569,1.8406878575731415e-10,132.00977970806449,84.73760636528331,0.0003899994513675356,0.1045940111547752,0.10459473824728137,False,0.21363765260434775
2019-10-18 00:30:00,-436419.9595,-393096.39797,5.820766091346741e-11,132.01030132424856,84.73938440711605,0.003020408346018605,0.11393376812956418,0.11397379693060153,False,1.518567582330661
2019-10-18 01:00:00,-436258.89616,-392958.75849,5.820766091346741e-11,132.0108404183741,84.74128274092894,0.005171908714022101,0.12161801330315881,0.12172793352207,False,2.435084206222541
2019-10-18 01:30:00,-436082.18659,-392817.20857,8.231806349783991e-11,132.0121185223323,84.74330873104994,0.012027459767615899,0.1289362091095017,0.1294959683078619,False,5.32925731778073
2019-10-18 02:00:00,-435885.03667,-392680.26614,1.1641532182693481e-10,132.01506801760834,84.74544319748087,0.019503743410049325,0.1354150851627204,0.13681243107492777,False,8.195909434869918
2019-10-18 02:30:00,-435672.99781,-392543.08237,2.3283064365386963e-10,132.01897610602984,84.74767824176566,0.02410926600900961,0.14080942290942808,0.14285849742867715,False,9.715920276591646
2019-10-18 03:00:00,-435450.34112,-392405.43057,5.820766091346741e-11,132.02354829616104,84.74998676677208,0.03595206243408518,0.14314309607001094,0.14758894520177568,False,14.098871161581599
2019-10-18 03:30:00,-435203.5424,-392294.25959,8.231806349783991e-11,132.0316285956771,84.75229707741966,0.04865773060052885,0.1471759106847743,0.15501072038116043,False,18.294368200048552
2019-10-18 04:00:00,-434939.51203,-392180.79595,0.0,132.04067833935997,84.75473574869604,0.05727321927126377,0.15147909330993134,0.1619448589974166,False,20.71126572691196
2019-10-18 04:30:00,-434660.47381,-392082.20477,1.7462298274040222e-10,132.05180132747046,84.75718488703002,0.06088577594875903,0.15068963764404117,0.16252521221698163,False,22.001049358906357
2019-10-18 05:00:00,-434389.88403,-391980.19619,8.231806349783991e-11,132.06213200509623,84.75959812652813,0.06024011785607296,0.14822268491824658,0.1599963628451827,False,22.117627270952198
2019-10-18 05:30:00,-434119.03261,-391885.72998,5.820766091346741e-11,132.07303786681655,84.76196763437333,0.0644250265785043,0.14473036437930872,0.15842178645315316,False,23.995677306238804
2019-10-18 06:00:00,-433847.71742,-391803.22591,0.0,132.0848541931585,84.76426817435528,0.06401325213766909,0.1410839991822677,0.15492705146133423,False,24.40495481545065
2019-10-18 06:30:00,-433587.63823,-391716.34579,8.231806349783991e-11,132.0956239239242,84.76652005452864,0.06433483340719136,0.13398552540908776,0.14863072296359311,False,25.648575423786212
2019-10-18 07:00:00,-433334.54094,-391651.73185,5.820766091346741e-11,132.10756412948408,84.76859150170792,0.06458251478950736,0.12775134148281636,0.14314784828000765,False,26.818102037828396
2019-10-18 07:30:00,-433090.54568,-391580.45492,5.820766091346741e-11,132.11842975050675,84.77064225864488,0.05327347976433173,0.12367151334979484,0.13465773969746092,False,23.304733091408934
2019-10-18 08:00:00,-432875.67316,-391495.3981,5.820766091346741e-11,132.12638287930037,84.77258208166228,0.03959847846674956,0.12057599310910228,0.12691181824845119,False,18.18074736039307
2019-10-18 08:30:00,-432672.98657,-391395.02016,8.231806349783991e-11,132.1324232979185,84.77453292902179,0.027326439554944383,0.12120987444133725,0.12425203403097582,False,12.704774918847704
2019-10-18 09:00:00,-432486.07885,-391275.62523,1.1641532182693481e-10,132.13604284686406,84.7764931996148,0.016776769306097873,0.12486597437550437,0.12598798174863401,False,7.652331240035892
2019-10-18 09:30:00,-432299.12557,-391138.22907,8.231806349783991e-11,132.13835626243204,84.77856200301444,0.00945898349250672,0.13008961009229936,0.13043304421302904,False,4.158731423639779
2019-10-18 10:00:00,-432115.95856,-390986.66747,1.6463612699567982e-10,132.13938901584362,84.78069081893717,0.0007704801884576146,0.13681814255998714,0.13682031199089473,False,0.32265308914639945
2019-10-18 10:30:00,-431932.03495,-390809.81918,1.1641532182693481e-10,132.13862822172604,84.78297672548672,-0.006403449693239666,0.1481512792923212,0.14828960086238419,False,357.52508093437484
2019-10-18 11:00:00,-431735.93739,-390611.73842,1.1641532182693481e-10,132.13712112131492,84.78547122216929,-0.009399566301689671,0.1591602770049592,0.1594375916242942,False,356.62019519872
2019-10-18 11:30:00,-431529.85128,-390400.31219,5.820766091346741e-11,132.1352979743832,84.78811235166461,-0.0111204019807669,0.16824865219261775,0.16861575343023646,False,356.2185330772809
2019-10-18 12:00:00,-431313.63426,-390175.70017,1.6463612699567982e-10,132.13317922050803,84.79090009684181,-0.01083663981282841,0.17835625455238957,0.1786851597094447,False,356.5230746298036
2019-10-18 12:30:00,-431079.8623,-389940.63643,5.820766091346741e-11,132.13145496145896,84.79386736332896,-0.006274793086905428,0.1886356146620936,0.1887399484667444,False,358.0948102130621
2019-10-18 13:00:00,-430825.17087,-389703.39244,5.820766091346741e-11,132.13095330824456,84.79698678524247,-0.0010962725253041705,0.19282900448092677,0.19283212072306577,False,359.67426522605746
2019-10-18 13:30:00,-430567.69321,-389472.03169,1.1641532182693481e-10,132.13106608670336,84.80008934935098,0.006534841443930392,0.1974898020603806,0.1975978898433524,False,1.8951979694415968
2019-10-18 14:00:00,-430282.13027,-389243.90452,5.820766091346741e-11,132.1332762737844,84.8033591477854,0.019692666609502113,0.2095340861908372,0.21045744081410422,False,5.369065026016472
2019-10-18 14:30:00,-429960.73829,-389018.56242,1.1641532182693481e-10,132.13806855953638,84.80685032256388,0.03183554681148962,0.22006379487831085,0.2223546173503708,False,8.231592066062262
2019-10-18 15:00:00,-429617.77531,-388797.3675,1.8406878575731415e-10,132.1446025743581,84.81045986893606,0.0401834274883837,0.22343394837772174,0.22701858323135712,False,10.19535869493069
2019-10-18 15:30:00,-429267.27327,-388586.09109,8.231806349783991e-11,132.15237394574496,84.81405977822197,0.0501283494974485,0.2241190933847629,0.22965674264638175,False,12.607741759349949
2019-10-18 16:00:00,-428898.51367,-388389.68888,0.0,132.1624613655418,84.81769140209967,0.056990710973123665,0.22289194861428385,0.2300625173605963,False,14.342537838202247
2019-10-18 16:30:00,-428534.7755,-388199.56325,1.3015628661377063e-10,132.17268980878788,84.82125173503633,0.061024283386898165,0.21495276575547728,0.22344720778925287,False,15.849045333072127
2019-10-18 17:00:00,-428177.51821,-388032.98044,8.231806349783991e-11,132.18423058243087,84.82462715806444,0.0657369841408923,0.20347187375525538,0.21382739416037064,False,17.904426403201
2019-10-18 17:30:00,-427833.08513,-387883.03561,1.1641532182693481e-10,132.1961547673764,84.82781704855483,0.07037425027941402,0.19191199378348286,0.20440828862925586,False,20.13801907754072
2019-10-18 18:00:00,-427495.51163,-387756.6266,1.8406878575731415e-10,132.20936680949322,84.83081944816153,0.07206387776685105,0.1813892869130262,0.19518011139870728,False,21.66735552013671
2019-10-18 18:30:00,-427175.11452,-387636.48044,5.820766091346741e-11,132.22190835325816,84.8336698400365,0.06656700196941806,0.17255514652336773,0.1849498427760819,False,21.09523473957495
2019-10-18 19:00:00,-426874.44469,-387516.64457,5.820766091346741e-11,132.2331687875307,84.83638719741641,0.05963619639285497,0.16498376332148118,0.17543123461894033,False,19.873254184390305
2019-10-18 19:30:00,-426591.04698,-387396.22308,1.1641532182693481e-10,132.2432433889021,84.83899327807102,0.05287004852216333,0.15914684420711267,0.16769901625179232,False,18.376962884921
2019-10-18 20:00:00,-426322.35068,-387272.3788,1.1641532182693481e-10,132.25209275183488,84.84152229216191,0.04409383652941575,0.15600086114535677,0.16211272343025926,False,15.783010501783053
2019-10-18 20:30:00,-426068.61765,-387136.10132,5.820766091346741e-11,132.2590334425755,84.84402686362117,0.035443550072489734,0.1553270121298042,0.1593195717384196,False,12.854048065667712
2019-10-18 21:00:00,-425822.6901,-386990.77725,1.1641532182693481e-10,132.2647914962642,84.84653411786557,0.022851370162287027,0.16035476667690798,0.161974801479426,False,8.110333557286083
2019-10-18 21:30:00,-425586.07892,-386808.72873,0.0,132.26722345725926,84.8492009198066,0.007617872993847627,0.16708221130558526,0.16725578412633338,False,2.610510733908825
2019-10-18 22:00:00,-425359.12816,-386606.51196,5.820766091346741e-11,132.2675225965025,84.85192522013037,-0.003574024059875308,0.1725860684036095,0.17262307103917465,False,358.81365146524433
2019-10-18 22:30:00,-425134.9558,-386381.31862,8.231806349783991e-11,132.2659399001201,84.85476959730904,-0.01143673568765588,0.1794547842896168,0.17981884920002741,False,356.35344527826385
2019-10-18 23:00:00,-424908.73189,-386141.53621,1.8406878575731415e-10,132.2634157297974,84.85771551621886,-0.016456585237389076,0.18462966648909124,0.18536162748947935,False,354.90651888024456
2019-10-18 23:30:00,-424682.90581,-385890.4596,1.1641532182693481e-10,132.26002733368395,84.86072685811041,-0.0184734658725971,0.19185160794173628,0.19273896443422045,False,354.49992390897125
2019-10-19 00:00:00,-424442.29385,-385627.846,1.1641532182693481e-10,132.25677522471355,84.86390579703179,-0.01805805534651375,0.19616126729623667,0.19699070066925334,False,354.74033574679845
2019-10-19 00:30:00,-424203.94989,-385367.46975,8.231806349783991e-11,132.25353218729424,84.8670561853938,-0.016643455565320167,0.19588295104945375,0.19658874618094874,False,355.14345236666793
2019-10-19 01:00:00,-423960.62564,-385109.32637,1.7462298274040222e-10,132.25078548418512,84.87022613797762,-0.01366000343151394,0.19498148150910724,0.1954593917550019,False,355.992522811757
2019-10-19 01:30:00,-423717.4374,-384859.10543,5.820766091346741e-11,132.24861324656553,84.873347431165,-0.008264467020302174,0.1920766765379048,0.19225439158827184,False,357.53625894718766
2019-10-19 02:00:00,-423468.77507,-384622.38971,5.820766091346741e-11,132.24780826674117,84.87642365053871,-0.002251999865897622,0.19092822677346571,0.19094150748922026,False,359.32422718835335
2019-10-19 02:30:00,-423214.08778,-384390.9779,0.0,132.2478017426621,84.87950787732302,0.006235337260558291,0.18609698177495876,0.18620141260608694,False,1.9190257914104905
2019-10-19 03:00:00,-422957.75717,-384188.57359,1.1641532182693481e-10,132.2500591287601,84.8824282007991,0.011237589641038048,0.1725321514583531,0.1728977348254987,False,3.72659971892449
2019-10-19 03:30:00,-422727.12623,-384003.30555,5.820766091346741e-11,132.25185797036445,84.88507474719067,0.01520522685507926,0.15531612259048075,0.15605863276427762,False,5.59135774379871
2019-10-19 04:00:00,-422507.07937,-383853.13178,5.820766091346741e-11,132.25555158035567,84.8874395685264,0.01587272310649914,0.13543660406154076,0.13636354739642906,False,6.684384109209304
2019-10-19 04:30:00,-422327.82418,-383717.73718,5.820766091346741e-11,132.2575924677329,84.88944470052692,0.005967198335724934,0.11512750082350776,0.11528204067349197,False,2.967054838347451
2019-10-19 05:00:00,-422185.8804,-383590.32204,0.0,132.2577078346479,84.89115422872254,0.004376692336417853,0.10273085642244772,0.1028240453254842,False,2.439524546633379
2019-10-19 05:30:00,-422043.50652,-383480.69973,5.820766091346741e-11,132.2591755006127,84.8927593682346,0.0025957424219447273,0.09110133748451685,0.09113831011264648,False,1.6320820515721266
2019-10-19 06:00:00,-421936.86606,-383376.6866,1.7462298274040222e-10,132.25864614999472,84.89409366464726,-0.010614667719930936,0.07642950130491216,0.07716307303705648,False,352.0932350345857
2019-10-19 06:30:00,-421865.56352,-383267.38789,1.1641532182693481e-10,132.2553344365138,84.8952253981496,-0.020593729660374226,0.06610100783135849,0.06923470905294463,False,342.6956082167854
2019-10-19 07:00:00,-421810.58862,-383161.79813,5.820766091346741e-11,132.25119345097022,84.89622644272896,-0.025342582495404165,0.0614108446541437,0.06643446642121645,False,337.57539418729976
2019-10-19 07:30:00,-421763.26355,-383051.20701,1.7462298274040222e-10,132.24616131110787,84.8972068432854,-0.029804414908678304,0.06103537159023242,0.06792363162557194,False,333.9731041100297
2019-10-19 08:00:00,-421720.06944,-382934.64446,2.3283064365386963e-10,132.24040326011956,84.89819577248574,-0.03603872248422395,0.061338651478785075,0.07114224963782613,False,329.5641916145655
2019-10-19 08:30:00,-421687.00073,-382806.71286,5.820766091346741e-11,132.23311144732767,84.89918594822767,-0.043943486477932336,0.06326866873086882,0.07703216501444472,False,325.2179465349612
2019-10-19 09:00:00,-421657.75848,-382664.41975,1.7462298274040222e-10,132.22448794450096,84.90023714856292,-0.05111043950294947,0.06810076692068959,0.08514688180650391,False,323.11133405212223
2019-10-19 09:30:00,-421629.10664,-382505.70096,5.820766091346741e-11,132.21459658936968,84.90138323141801,-0.0581527194538491,0.07485370227685717,0.0947882668078199,False,322.1569015617854
2019-10-19 10:00:00,-421598.84159,-382328.30666,5.820766091346741e-11,132.203417222435,84.90265231419528,-0.06499591905394067,0.08233230956488252,0.10489556087820902,False,321.7112398719735
2019-10-19 10:30:00,-421566.72985,-382133.26434,1.1641532182693481e-10,132.19104052237466,84.90403969529014,-0.07141150566540054,0.09090957325269823,0.11560343269292327,False,321.84957194225035
2019-10-19 11:00:00,-421529.01789,-381918.03348,5.820766091346741e-11,132.17752886728564,84.90558552437517,-0.07649178171393947,0.10060140004735639,0.12637893163522632,False,322.7526346015512
2019-10-19 11:30:00,-421483.23289,-381686.02767,5.820766091346741e-11,132.16330217232706,84.9072856213899,-0.0803336629778624,0.10841494089641814,0.13493441672536557,False,323.4621711360394
2019-10-19 12:00:00,-421433.84373,-381441.6844,2.469541904935197e-10,132.1483877753033,84.9090835546728,-0.08347851249710472,0.11429168946676,0.1415318067781782,False,323.85565270092343
2019-10-19 12:30:00,-421379.84656,-381187.11255,1.1641532182693481e-10,132.1330096925005,84.91097326891992,-0.08274680297095227,0.11927942321880337,0.14517098265605288,False,325.2500899050561
2019-10-19 13:00:00,-421315.2405,-380932.70476,1.7462298274040222e-10,132.11835017893702,84.91293215765897,-0.07899183290559016,0.12361917088422475,0.14670176916413732,False,327.42169119612083
2019-10-19 13:30:00,-421240.45854,-380677.71247,0.0,132.10432412346952,84.9149618892227,-0.0723407611282515,0.12484152443586541,0.14428649259055928,False,329.9093924209391
2019-10-19 14:00:00,-421156.40902,-380438.15293,1.7462298274040222e-10,132.09207017953597,84.91696023618086,-0.06345042381782101,0.1232088296029483,0.1385870555816432,False,332.75231303858567
2019-10-19 14:30:00,-421064.42909,-380210.88465,1.1641532182693481e-10,132.08126468390444,84.91893727486926,-0.05719572483224526,0.12099029665368152,0.13382825868788614,False,334.69850066278093
2019-10-19 15:00:00,-420971.12876,-379993.42283,1.3015628661377063e-10,132.0712756310162,84.92086402442868,-0.04958036699710161,0.11556026713784012,0.12574731858984609,False,336.7785688108716
2019-10-19 15:30:00,-420875.21235,-379799.63585,1.1641532182693481e-10,132.06323257876568,84.92266587323054,-0.041432436107813074,0.10766375539476125,0.11536087286221007,False,338.9516882808075
2019-10-19 16:00:00,-420783.30764,-379623.02223,5.820766091346741e-11,132.0562012961198,84.92433782253913,-0.03621807469421093,0.09809919491356812,0.10457151130803108,False,339.73593008857694
2019-10-19 16:30:00,-420700.33704,-379466.26094,5.820766091346741e-11,132.05005107932752,84.92583106443897,-0.031930435172675416,0.08484595741903703,0.0906553317829099,False,339.3769649714799
2019-10-19 17:00:00,-420633.48693,-379333.08417,2.399963341663627e-10,132.04457687804526,84.92707539188018,-0.02877180707531263,0.07147397148717763,0.07704768317431025,False,338.0727771355206
2019-10-19 17:30:00,-420578.62262,-379217.02082,1.3015628661377063e-10,132.03957388087403,84.9281371818294,-0.03242072512973967,0.057484759958002854,0.06599697754721304,False,330.5775155324697
2019-10-19 18:00:00,-420557.94961,-379107.82276,0.0,132.0327681136788,84.928930125148,-0.034494838512403106,0.04508381844529742,0.05676657968915609,False,322.5794280299841
2019-10-19 18:30:00,-420541.2174,-379016.11355,0.0,132.02700801855744,84.92959182395896,-0.035883625241675085,0.036374681080631494,0.05109551823988707,False,315.38936691698484
2019-10-19 19:00:00,-420547.1612,-378924.19554,0.0,132.0196943244267,84.93010374029154,-0.040652936671194954,0.02873254826263742,0.049781729476354834,False,305.25177939487685
2019-10-19 19:30:00,-420562.33742,-378838.14815,1.1641532182693481e-10,132.0121951999139,84.93051887868626,-0.045730513595849856,0.02420726806140818,0.05174235886328609,False,297.89433134055116
2019-10-19 20:00:00,-420592.5963,-378743.54922,0.0,132.0030298247469,84.93088476719349,-0.054392117112204694,0.021305577905920844,0.05841600854092184,False,291.39044818836953
2019-10-19 20:30:00,-420636.37211,-378641.3133,1.3015628661377063e-10,131.99237296729945,84.9312062809633,-0.06254693570395667,0.018018894937633183,0.06509070395016751,False,286.0709491319906
2019-10-19 21:00:00,-420695.02936,-378532.79725,1.3015628661377063e-10,131.98023433992296,84.93146612121798,-0.06821623913399712,0.01794487106679131,0.07053703764116015,False,284.7382441299276
2019-10-19 21:30:00,-420752.61,-378415.54596,8.231806349783991e-11,131.96750977081328,84.93178526137162,-0.07123840573413098,0.02141205596017729,0.07438673666711311,False,286.72914869164106
2019-10-19 22:00:00,-420809.21196,-378290.56797,0.0,131.95426801868535,84.93215697121477,-0.07433053247941518,0.027774425812291833,0.07935015304254868,False,290.4887582816938
2019-10-19 22:30:00,-420857.14493,-378149.69939,1.1641532182693481e-10,131.94041410205742,84.93268139075232,-0.0764044562648763,0.038172034193710846,0.08540928012585766,False,296.54693434157184
2019-10-19 23:00:00,-420890.82967,-377994.12498,5.820766091346741e-11,131.92641341839388,84.93338858893794,-0.07746088567200032,0.048825928591138934,0.09156505944888423,False,302.2244656272543
2019-10-19 23:30:00,-420912.69584,-377824.77969,0.0,131.91217046385776,84.93425675385039,-0.07855453532365132,0.05877197259386262,0.09810687938411108,False,306.8026524503957
2019-10-20 00:00:00,-420922.28422,-377642.34367,5.820766091346741e-11,131.89776612130493,84.93528486213404,-0.0768413194360348,0.06715247415254849,0.10204921928892663,False,311.1505672018703
2019-10-20 00:30:00,-420917.4867,-377457.43374,0.0,131.8841425917121,84.93642344335032,-0.0721010658284277,0.07392860817199405,0.10326665870378246,False,315.7170117837034
2019-10-20 01:00:00,-420897.43344,-377271.41522,8.231806349783991e-11,131.87146141852745,84.93767018449682,-0.06677139380505957,0.08019797752506831,0.10435580783924635,False,320.2198432686569
2019-10-20 01:30:00,-420862.94094,-377085.73372,1.1641532182693481e-10,131.85977640592742,84.9390110448851,-0.06105958374500064,0.08456197424291732,0.10430244606418662,False,324.1681154346131
2019-10-20 02:00:00,-420817.38952,-376904.55719,8.231806349783991e-11,131.8491738477996,84.94039858849088,-0.05318151512949947,0.08828400553418134,0.10306473298189125,False,328.9356068932936
2019-10-20 02:30:00,-420753.92624,-376731.07711,8.231806349783991e-11,131.84035931428366,84.9418595464117,-0.04733793823184497,0.09073117168881469,0.10233780294723518,False,332.44722038385265
2019-10-20 03:00:00,-420687.7241,-376559.71332,1.3015628661377063e-10,131.8318850812273,84.94332602360632,-0.041980356815982486,0.0908184305700201,0.1000516750964159,False,335.19150019098646
2019-10-20 03:30:00,-420611.11215,-376400.41397,8.231806349783991e-11,131.82502319282202,84.94478980965559,-0.03364749313988393,0.0894132676054081,0.09553473828129147,False,339.3779624333082
2019-10-20 04:00:00,-420528.63538,-376254.79493,0.0,131.81958961803977,84.94621094219077,-0.02743375084405385,0.08499594796025411,0.08931361517168505,False,342.1117161381591
2019-10-20 04:30:00,-420448.93003,-376122.78496,5.820766091346741e-11,131.81499548982717,84.94753219547282,-0.02205093062447542,0.07968166747940977,0.08267654851107814,False,344.5312209553755
2019-10-20 05:00:00,-420367.76972,-376004.37693,5.820766091346741e-11,131.81152744119058,84.94878186275723,-0.017658970729775576,0.07446900725389105,0.07653412499411716,False,346.6597523624965
2019-10-20 05:30:00,-420291.49503,-375896.67202,0.0,131.80853738862206,84.94993492471299,-0.015061690399506354,0.06752607230126115,0.06918543891691177,False,347.42600398450986
2019-10-20 06:00:00,-420222.72003,-375801.9041,8.231806349783991e-11,131.80601796165158,84.95096057824836,-0.014507502321470498,0.06143326173491777,0.0631230011247753,False,346.7129898395459
2019-10-20 06:30:00,-420161.45632,-375710.31423,1.8406878575731415e-10,131.80322936953235,84.95191705308055,-0.016135774843815415,0.05756993268933229,0.059788463600134074,False,344.34280973933227
2019-10-20 07:00:00,-420106.94711,-375620.45375,1.3015628661377063e-10,131.80011306128094,84.95281805609748,-0.019883631074959274,0.0539641448828237,0.05751076175516608,False,339.77317366296256
2019-10-20 07:30:00,-420064.34348,-375527.46419,0.0,131.79595153796782,84.95365818608518,-0.02052691770550803,0.05296759798676522,0.05680599252698851,False,338.81679447385164
2019-10-20 08:00:00,-420014.03906,-375438.2753,0.0,131.79259877938824,84.95452704567806,-0.0227512555097167,0.05329300298040583,0.05794621466444516,False,336.8819343013337
2019-10-20 08:30:00,-419975.88794,-375338.5403,1.6463612699567982e-10,131.7876211706188,84.95537765908186,-0.02980808824010543,0.05349593428988292,0.0612399959999785,False,330.8733224947862
2019-10-20 09:00:00,-419941.95129,-375229.9301,8.231806349783991e-11,131.7816828669737,84.9562530679188,-0.03479609601273284,0.056353844941898296,0.06623083977621633,False,328.3064387888941
2019-10-20 09:30:00,-419908.0711,-375109.95721,5.820766091346741e-11,131.77487638934366,84.95719588983725,-0.03767581251579406,0.063250016974536,0.07362086318431996,False,329.2192290069721
2019-10-20 10:00:00,-419862.49923,-374977.08434,1.7462298274040222e-10,131.7678807636365,84.95829380718322,-0.03958738150250197,0.07181478978787975,0.08200319997720816,False,331.1345679494575
2019-10-20 10:30:00,-419810.17522,-374831.45005,1.3015628661377063e-10,131.760370819325,84.95951296395275,-0.04105257047563324,0.07949393312146884,0.0894684242947052,False,332.687086571057
2019-10-20 11:00:00,-419747.45851,-374676.24346,1.1641532182693481e-10,131.7528347926078,84.96085865038752,-0.04154522878671559,0.08820985824185154,0.09750376980398288,False,334.780422667749
2019-10-20 11:30:00,-419672.86773,-374508.40643,5.820766091346741e-11,131.7451401425938,84.96235902022491,-0.04046945312546228,0.09760475711342428,0.1056620331407859,False,337.4798411406512
2019-10-20 12:00:00,-419582.29427,-374333.58876,8.231806349783991e-11,131.73799430882073,84.96400783571443,-0.037014514183349036,0.10768742921756186,0.11387122846319321,False,341.03103854268926
2019-10-20 12:30:00,-419472.29544,-374150.88912,5.820766091346741e-11,131.73156222344207,84.96583351778327,-0.032102810440876366,0.11762506550606422,0.1219272179355731,False,344.7343419874911
2019-10-20 13:00:00,-419343.21365,-373965.47599,5.820766091346741e-11,131.72621410038755,84.96780296648141,-0.02652290270040096,0.12572625332849297,0.12849340505907425,False,348.087684586313
2019-10-20 13:30:00,-419198.04439,-373778.37985,1.1641532182693481e-10,131.72182584440273,84.96989002388504,-0.020891440523775916,0.13363216830304864,0.13525534626229302,False,351.1145636111298
2019-10-20 14:00:00,-419034.19884,-373589.17797,0.0,131.71854196656963,84.97211454882026,-0.010813614284685358,0.14085160333252306,0.1412660908188528,False,355.6098372173085
2019-10-20 14:30:00,-418845.46507,-373411.8843,8.231806349783991e-11,131.71785386093777,84.97443453497858,0.0021913118494987366,0.14632758856885036,0.14634399551739902,False,0.8579621756592815
2019-10-20 15:00:00,-418635.74485,-373244.51422,1.3015628661377063e-10,131.71934849678874,84.97683572593748,0.015934660298004777,0.14976266144556255,0.15060799501378072,False,6.073387872944863
2019-10-20 15:30:00,-418404.86428,-373095.91022,1.1641532182693481e-10,131.7237154409322,84.97926652653415,0.02973835654379753,0.1497209047268808,0.15264573090054545,False,11.234176255523948
2019-10-20 16:00:00,-418162.20749,-372965.69584,1.8406878575731415e-10,131.73029149057558,84.98166635984866,0.04724096103173835,0.15081728090777946,0.1580429075270962,False,17.392282035671883
2019-10-20 16:30:00,-417886.47275,-372861.43334,1.1641532182693481e-10,131.7411078108149,84.98413249154943,0.06801015028610138,0.15351731783931064,0.1679075561686073,False,23.893959865982993
2019-10-20 17:00:00,-417586.82875,-372780.43952,1.1641532182693481e-10,131.75534122158885,84.98661942582896,0.08235635910375014,0.1501870796002173,0.17128551825436922,False,28.738534859085348
2019-10-20 17:30:00,-417285.68973,-372722.54602,1.3015628661377063e-10,131.77145503830258,84.98897812672725,0.08774120382081299,0.1428786895160238,0.16766883659685178,False,31.553911191601628
2019-10-20 18:00:00,-416992.79335,-372673.36789,5.820766091346741e-11,131.78768705406236,84.99122929722337,0.09079328228225113,0.13677005468573955,0.1641629311578126,False,33.577753912082585
2019-10-20 18:30:00,-416700.75991,-372638.15283,1.3015628661377063e-10,131.8049415074755,84.99339088025813,0.09213054351997535,0.12788442019846616,0.15761491673945055,False,35.76974711543647
2019-10-20 19:00:00,-416428.52454,-372613.71039,8.231806349783991e-11,131.8216803598109,84.99535539858543,0.08913808808635756,0.10842388439701198,0.1403614528830044,False,39.42451069659046
2019-10-20 19:30:00,-416195.90087,-372617.01795,5.820766091346741e-11,131.83784282772467,84.99688910149818,0.08140348929666634,0.08455388733368581,0.11737072860347295,False,43.91247477274379
2019-10-20 20:00:00,-416006.26688,-372629.00667,1.7462298274040222e-10,131.85173584466614,84.99808350990759,0.06539643446230718,0.0778504203075102,0.1016729146943218,False,40.031157393506476
2019-10-20 20:30:00,-415830.06314,-372605.38951,5.820766091346741e-11,131.86199471084578,84.99940094454817,0.04450412272478374,0.08327370387317264,0.09441994861394207,False,28.1214682630021
2019-10-20 21:00:00,-415676.08288,-372548.26902,0.0,131.86817562034446,85.00077031322046,0.020301303340049086,0.08696669219386563,0.08930480652488564,False,13.139692401054162
2019-10-20 21:30:00,-415548.1398,-372450.85878,0.0,131.8694951911409,85.00220687392908,-0.004661612696559861,0.1013510602586726,0.10145820838399332,False,357.3665531807284
2019-10-20 22:00:00,-415415.58162,-372292.24885,1.1641532182693481e-10,131.8664510586439,85.0040403055393,-0.025605384573074298,0.12787416874748278,0.13041257129584838,False,348.676905903456
2019-10-20 22:30:00,-415266.83846,-372074.97853,1.1641532182693481e-10,131.86002540063484,85.00633258796606,-0.04007440775499851,0.15971111065561447,0.16466206917126913,False,345.9142585204944
2019-10-20 23:00:00,-415083.6363,-371801.12308,5.820766091346741e-11,131.85162430868832,85.00919320536612,-0.04399677306529355,0.19002011046916872,0.19504706719885337,False,346.96359968813977
2019-10-20 23:30:00,-414862.96728,-371500.5832,1.3015628661377063e-10,131.843739822512,85.01246339959495,-0.043513449804868584,0.20609257926128272,0.21063611167245022,False,348.07792635920373
2019-10-21 00:00:00,-414635.4209,-371189.48047,0.0,131.83550702017328,85.01584255963341,-0.04503482129933438,0.2128316287257058,0.2175441042995642,False,348.052538509643
2019-10-21 00:30:00,-414400.24143,-370868.74267,8.231806349783991e-11,131.82704780489058,85.0193301740251,-0.04569606797675804,0.22328086183038043,0.22790891577174846,False,348.4337160385147
2019-10-21 01:00:00,-414146.15837,-370530.84807,1.3015628661377063e-10,131.81855799332865,85.02304645901881,-0.04484384788093228,0.2374302010389433,0.24162796000910414,False,349.30443968220254
2019-10-21 01:30:00,-413870.87388,-370178.50535,8.231806349783991e-11,131.8104027418971,85.02699057848716,-0.03934661528438202,0.244994053800705,0.24813351755061205,False,350.8760768410218
2019-10-21 02:00:00,-413583.20328,-369837.28343,1.3015628661377063e-10,131.80394323998783,85.03095090422023,-0.030339416922780235,0.24445854760961172,0.24633404498488448,False,352.9252748321723
2019-10-21 02:30:00,-413287.66307,-369510.46049,0.0,131.79912493047635,85.03487772875624,-0.022815996009540693,0.2432098417654852,0.2442777042742537,False,354.6406549120128
2019-10-21 03:00:00,-412985.23524,-369192.47484,5.820766091346741e-11,131.79545524689507,85.0387977473237,-0.01805549536836472,0.24240133078378112,0.24307284109654273,False,355.74013547955497
2019-10-21 03:30:00,-412680.40181,-368880.40679,8.231806349783991e-11,131.79240240820297,85.04269846959191,-0.013491192804043095,0.2389641000562128,0.23934463311081688,False,356.7686832332229
2019-10-21 04:00:00,-412376.21555,-368582.9507,8.231806349783991e-11,131.79042869315788,85.04650757954093,-0.011467300288051305,0.2327878233397897,0.23307009604660459,False,357.1798472124279
2019-10-21 04:30:00,-412083.0835,-368291.1533,1.8406878575731415e-10,131.78812567804374,85.05020901643933,-0.013725559885001903,0.22544436189122316,0.22586179690841382,False,356.51600445948566
2019-10-21 05:00:00,-411804.00243,-368005.27625,1.1641532182693481e-10,131.7853058501933,85.05378118880857,-0.017034512587748254,0.20857907775148316,0.20927352029045962,False,355.3310543696539
2019-10-21 05:30:00,-411564.05153,-367745.08162,5.820766091346741e-11,131.78176339715893,85.0569384827112,-0.021121932991684786,0.1866252206514747,0.18781668998392245,False,353.5428358029478
2019-10-21 06:00:00,-411353.67567,-367500.92397,1.1641532182693481e-10,131.77741192897093,85.05980233982923,-0.028109452501645538,0.16878400150944028,0.17110868033352664,False,350.5446847912564
2019-10-21 06:30:00,-411178.34334,-367264.79586,0.0,131.77125158494565,85.06238400028424,-0.03784097962072794,0.15574401642183106,0.16027519580353014,False,346.34352496019335
2019-10-21 07:00:00,-411026.26498,-367025.82344,5.820766091346741e-11,131.76325372231176,85.06482713355287,-0.050091407418680206,0.14857392634119945,0.15679081824400423,False,341.36856709674316
2019-10-21 07:30:00,-410899.49385,-366774.03796,1.7462298274040222e-10,131.75250042112796,85.06717743930076,-0.06517400869893515,0.145614587005154,0.15953450836283178,False,335.88772043244745
2019-10-21 08:00:00,-410791.42868,-366501.70491,5.820766091346741e-11,131.73884507395417,85.06952507574283,-0.07969000449752009,0.14474478705514063,0.1652318074598616,False,331.1647864159635
2019-10-21 08:30:00,-410701.65894,-366213.06609,5.820766091346741e-11,131.72264166458942,85.07184731064865,-0.0927762452386937,0.14718899006695507,0.173988592952298,False,327.7759263584956
2019-10-21 09:00:00,-410618.22089,-365899.77088,0.0,131.70406651750568,85.07427379555125,-0.10542557360917143,0.15532947631450394,0.18772798881083466,False,325.8343884479463
2019-10-21 09:30:00,-410536.672,-365557.69367,5.820766091346741e-11,131.68310172979895,85.07685865435975,-0.11679078985139785,0.1651066589895312,0.20223821952538723,False,324.7257209896635
2019-10-21 10:00:00,-410453.91593,-365190.49538,1.7462298274040222e-10,131.6602413944668,85.07960058484267,-0.12674939925945197,0.1760308825094381,0.21691537937565322,False,324.2445771182252
2019-10-21 10:30:00,-410366.53331,-364795.55825,8.231806349783991e-11,131.63551305459583,85.08253788228788,-0.13456891772745638,0.1881079306706028,0.23128637486785777,False,324.420773828765
2019-10-21 11:00:00,-410269.65667,-364378.50842,1.6463612699567982e-10,131.60968715633285,85.0856694732057,-0.1390017537090813,0.20098615582621554,0.24437046132460422,False,325.3323182351408
2019-10-21 11:30:00,-410157.84124,-363940.93615,1.3015628661377063e-10,131.58326041436428,85.08902227094735,-0.14158367537501987,0.21213693208480122,0.25504512362923265,False,326.2802021418812
2019-10-21 12:00:00,-410036.71306,-363490.38706,5.820766091346741e-11,131.55642819303358,85.0925136173406,-0.14250326234984603,0.21966591888817522,0.2618402102453621,False,327.0274273181128
2019-10-21 12:30:00,-409906.39553,-363032.46684,1.1641532182693481e-10,131.52961790904118,85.09610932940649,-0.14081109846155576,0.2257923662853364,0.2661014057134638,False,328.0510600828238
2019-10-21 13:00:00,-409764.29256,-362571.97314,1.1641532182693481e-10,131.50338430088414,85.09979834410568,-0.13846877222288936,0.22982647808437662,0.2683166243630515,False,328.93134393060075
2019-10-21 13:30:00,-409617.09035,-362110.86915,5.820766091346741e-11,131.4774172147832,85.10352418464014,-0.13295814448204815,0.23048297838629217,0.2660832041109044,False,330.0207488916604
2019-10-21 14:00:00,-409459.65966,-361663.80448,0.0,131.45322433857902,85.1072344247458,-0.12605853088627875,0.2297516094377112,0.26206212097215703,False,331.24760747728607
2019-10-21 14:30:00,-409297.60401,-361223.18867,5.820766091346741e-11,131.42982345595348,85.11093661983817,-0.12202265888605052,0.22835130887031385,0.2589089599538937,False,331.88156903531853
2019-10-21 15:00:00,-409133.97647,-360790.48372,0.0,131.4071195528636,85.1146016673252,-0.11812148073017768,0.22332949969140609,0.2526435228584012,False,332.12513378864486
2019-10-21 15:30:00,-408975.84526,-360372.48784,1.3015628661377063e-10,131.3851596638351,85.11814183580427,-0.11401212223281312,0.21546813866852121,0.24377301490794057,False,332.11503559361284
2019-10-21 16:00:00,-408823.34499,-359969.71594,5.820766091346741e-11,131.36397838133956,85.12155324563822,-0.11014050720761959,0.20750084485737044,0.23492026720671466,False,332.040840199222
2019-10-21 16:30:00,-408677.22651,-359581.25004,0.0,131.3434542661452,85.12483635501691,-0.10836896492314291,0.195216840086101,0.2232788552723157,False,330.9644259681627
2019-10-21 17:00:00,-408553.43057,-359212.58525,1.1641532182693481e-10,131.32291630909626,85.12785142304072,-0.1083677821366994,0.18393679214643466,0.21348611128208753,False,329.49520595901595
2019-10-21 17:30:00,-408437.53464,-358851.03301,8.231806349783991e-11,131.30236652519903,85.1307706028671,-0.10913295336868577,0.175478072209027,0.20664596617686065,False,328.12177993667115
2019-10-21 18:00:00,-408338.17116,-358500.48378,0.0,131.28151383850684,85.13351275654051,-0.11117129327979816,0.1668680602365296,0.2005093663064271,False,326.32754573480327
2019-10-21 18:30:00,-408250.15022,-358153.9455,1.3015628661377063e-10,131.26016658281566,85.13615414460551,-0.1127429171255401,0.16032418970650555,0.19599696723935292,False,324.88440867743594
2019-10-21 19:00:00,-408171.9673,-357814.74897,8.231806349783991e-11,131.2386943444542,85.13868518364094,-0.11612620340305395,0.15620916020078968,0.19464479661024445,False,323.37281331221044
2019-10-21 19:30:00,-408102.85806,-357468.87958,5.820766091346741e-11,131.21603823327885,85.14119377137554,-0.12327853957574209,0.15586123898717258,0.19872172538135918,False,321.65774442032364
2019-10-21 20:00:00,-408042.31207,-357111.19789,5.820766091346741e-11,131.19182359519067,85.14371356525461,-0.13208038290100366,0.15867770764191932,0.2064554248494579,False,320.2266303298013
2019-10-21 20:30:00,-407986.14385,-356734.86133,1.3015628661377063e-10,131.16579452014508,85.14631300008791,-0.1411347527447826,0.16548516925042683,0.21749565437997453,False,319.5406511192182
2019-10-21 21:00:00,-407928.27127,-356336.56301,1.1641532182693481e-10,131.13810661817482,85.14905241385706,-0.14858989752811724,0.1744376003381593,0.22914500662059337,False,319.57489112183805
2019-10-21 21:30:00,-407865.11284,-355918.86633,5.820766091346741e-11,131.1092083471712,85.15194068293134,-0.1566237828719454,0.18242304533419584,0.24043539013656115,False,319.35145115070213
2019-10-21 22:00:00,-407804.18471,-355479.93622,1.3015628661377063e-10,131.07842530317936,85.15493768525607,-0.1635812645954739,0.19032981718382225,0.2509666699701011,False,319.32219000465557
2019-10-21 22:30:00,-407735.56743,-355024.72198,1.1641532182693481e-10,131.0468378020342,85.1580810823173,-0.16724324283601844,0.20423755612183006,0.2639759110315279,False,320.68711061742795
2019-10-21 23:00:00,-407645.04358,-354543.04272,8.231806349783991e-11,131.01461620424067,85.16152677604981,-0.16906847092571514,0.21852194727837443,0.276289683671852,False,322.2712010559911
2019-10-21 23:30:00,-407541.41012,-354049.21321,5.820766091346741e-11,130.98228772260728,85.16513103205837,-0.16785555148990539,0.22729586938621396,0.2825577788807364,False,323.55453155462556
2019-10-22 00:00:00,-407423.62746,-353550.225,0.0,130.95048216975397,85.16885980936745,-0.16553358457614112,0.23296437381449375,0.2857862262065925,False,324.6041800393822
2019-10-22 00:30:00,-407298.55168,-353049.45734,1.3015628661377063e-10,130.91899236536062,85.17264692131872,-0.1626921753201569,0.2375966854691907,0.2879599431454837,False,325.5989608705777
2019-10-22 01:00:00,-407160.9184,-352547.40937,5.820766091346741e-11,130.8882246346875,85.17652515255672,-0.15975434322348,0.24481893911586738,0.2923315978962661,False,326.87391282722
2019-10-22 01:30:00,-407008.72535,-352037.75911,0.0,130.85780933430422,85.18054523830662,-0.15668442373703412,0.2520927481715429,0.29681772575519716,False,328.1376091915292
2019-10-22 02:00:00,-406843.52002,-351527.09366,5.820766091346741e-11,130.82816797929024,85.18465814111028,-0.15187641823787718,0.2547322989565653,0.29657206636577144,False,329.19576975457625
2019-10-22 02:30:00,-406672.29258,-351024.49228,8.231806349783991e-11,130.79954672638874,85.18876337957005,-0.14542474443468306,0.252503015532802,0.2913865630859655,False,330.0609527799929
2019-10-22 03:00:00,-406497.48015,-350536.82105,5.820766091346741e-11,130.77233346780014,85.19280436267668,-0.14034679528224697,0.24804689517964612,0.2849990967604271,False,330.4984927173944
2019-10-22 03:30:00,-406325.99296,-350058.70457,1.1641532182693481e-10,130.74561592790798,85.19676578843934,-0.1367118493529853,0.24121458878400243,0.27726270502133665,False,330.4569779044972
2019-10-22 04:00:00,-406160.82361,-349597.16298,1.3015628661377063e-10,130.7197567923359,85.20058635172992,-0.1328054312932012,0.23106757130425215,0.26651361145243374,False,330.11198629291573
2019-10-22 04:30:00,-406007.42403,-349153.68732,1.6463612699567982e-10,130.69450098803605,85.20422039728719,-0.13165738970289376,0.2216893578843396,0.2578368469838057,False,329.29467257301593
2019-10-22 05:00:00,-405864.75891,-348717.43324,5.820766091346741e-11,130.6690443581578,85.20773836497366,-0.13337823773446772,0.212778557244494,0.25112639989495444,False,327.91884425790363
2019-10-22 05:30:00,-405739.33714,-348290.29579,5.820766091346741e-11,130.6430881099638,85.21108491440461,-0.13770699661313174,0.20145291578614605,0.2440215035503001,False,325.64469345435737
2019-10-22 06:00:00,-405637.36845,-347868.89559,5.820766091346741e-11,130.61592549391275,85.21423746443527,-0.14373275625981585,0.1898163911278527,0.23809529092958892,False,322.86626843073486
2019-10-22 06:30:00,-405557.46551,-347452.67003,1.3015628661377063e-10,130.5876084239204,85.21720859617615,-0.15007990194525903,0.17798172907824303,0.23281209773888398,False,319.86133929634553
2019-10-22 07:00:00,-405502.30371,-347041.72656,1.1641532182693481e-10,130.55795998469947,85.21997932814094,-0.15685773654423765,0.16755654628749053,0.22952025121451358,False,316.8888642972956
2019-10-22 07:30:00,-405466.35205,-346631.43605,0.0,130.5269896902281,85.2226141220292,-0.16396445296673168,0.16006183981658545,0.22913780657532232,False,314.3099558385759
2019-10-22 08:00:00,-405447.87933,-346218.6278,2.3283064365386963e-10,130.49455968112645,85.22514305104417,-0.1710684655185929,0.1532110087813178,0.22964762813204723,False,311.84801344905395
2019-10-22 08:30:00,-405446.82463,-345804.93524,8.231806349783991e-11,130.46080766247576,85.2275568276373,-0.1740650533412269,0.14830649194490142,0.2286776297491455,False,310.4315820899229
2019-10-22 09:00:00,-405448.29925,-345395.38844,8.231806349783991e-11,130.42718456383355,85.22992759651886,-0.17695984994900016,0.1443195458356227,0.22834824239343962,False,309.1989527085586
2019-10-22 09:30:00,-405464.44539,-344983.07044,1.6463612699567982e-10,130.39227765322903,85.23221267506787,-0.18138874231709431,0.13954882164857155,0.2288574872336102,False,307.57236629197905
2019-10-22 10:00:00,-405488.83191,-344572.49913,1.7462298274040222e-10,130.35690605657513,85.23442957122084,-0.18552353323416773,0.13599959589038554,0.2300323270021792,False,306.24359500500606
2019-10-22 10:30:00,-405523.84549,-344157.08717,2.098707060483278e-10,130.32036323778775,85.23660010660336,-0.19242536761109197,0.13355575375251166,0.23423206753274714,False,304.7631697517744
2019-10-22 11:00:00,-405570.49026,-343733.22687,1.1641532182693481e-10,130.28228207378413,85.23873813601085,-0.19282354379671857,0.13205471892679607,0.23370786857348247,False,304.40519527232186
2019-10-22 11:30:00,-405609.99513,-343320.1611,1.1641532182693481e-10,130.24555245121115,85.2408603995686,-0.1913890632306164,0.13255814982599065,0.23281201989927983,False,304.7068953839397
2019-10-22 12:00:00,-405651.38367,-342899.01654,1.1641532182693481e-10,130.20799339438773,85.24301454849922,-0.1932797754100256,0.1348119395541248,0.2356508659625399,False,304.8956330380233
2019-10-22 12:30:00,-405688.53931,-342475.46183,0.0,130.17049626332837,85.24520956594804,-0.1918823075953798,0.13532034654605343,0.234798671541114,False,305.1924763045921
2019-10-22 13:00:00,-405724.73122,-342056.92965,0.0,130.13344619545572,85.2473801336501,-0.1907925355976749,0.1333237418124173,0.23275955785027205,False,304.94542981999837
2019-10-22 13:30:00,-405764.30893,-341640.96016,0.0,130.09633850522297,85.24951070786628,-0.18791823163996182,0.13129343848226263,0.22924054783389877,False,304.9409695079512
2019-10-22 14:00:00,-405798.88698,-341235.00213,5.820766091346741e-11,130.06037331466032,85.25161583610908,-0.18289303513786342,0.13227435669935836,0.225713020763466,False,305.8757114539521
2019-10-22 14:30:00,-405823.60292,-340830.55955,0.0,130.02518742237092,85.25377803166747,-0.17658848741313893,0.13631032879622934,0.22307846068905102,False,307.66489103759636
2019-10-22 15:00:00,-405831.96056,-340432.601,5.820766091346741e-11,129.99164392600423,85.25601340155431,-0.16961801939663718,0.1367656234468548,0.21788783412766502,False,308.8797676772756
2019-10-22 15:30:00,-405838.82388,-340046.31104,1.3015628661377063e-10,129.95914056638827,85.25819024951203,-0.1660739358355421,0.13261398085673604,0.21252533985992944,False,308.60819592016446
2019-10-22 16:00:00,-405849.99854,-339667.72244,1.8406878575731415e-10,129.92694719937057,85.26029164526881,-0.16144020476944687,0.126555763947276,0.2051323989629127,False,308.0935101615613
2019-10-22 16:30:00,-405862.45074,-339308.21246,2.6031257322754127e-10,129.89622190804008,85.26227309936198,-0.15570340298449498,0.12111376584282481,0.19726148630075419,False,307.87753294499754
2019-10-22 17:00:00,-405875.01361,-338958.02181,0.0,129.86623828613045,85.26419889488734,-0.14862754580921492,0.12018408850380727,0.1911396413692389,False,308.9599023969595
2019-10-22 17:30:00,-405873.33507,-338620.19584,1.1641532182693481e-10,129.8382483543456,85.26615040481045,-0.14045048447821823,0.12131106811470105,0.1855874829758081,False,310.8181032177341
2019-10-22 18:00:00,-405863.58827,-338290.00457,5.820766091346741e-11,129.81143150165974,85.26811251742399,-0.13599668624909356,0.1182419038827684,0.1802116713882767,False,311.00522804994785
2019-10-22 18:30:00,-405859.81865,-337971.57464,1.7462298274040222e-10,129.78515796907132,85.26996498562124,-0.1350880843634346,0.11085237341993529,0.1747485027970632,False,309.37207205172103
2019-10-22 19:00:00,-405868.12382,-337660.92631,1.1641532182693481e-10,129.75867498598248,85.2716886758812,-0.13313156261204673,0.09997739235653394,0.1664917173493554,False,306.9053354975357
2019-10-22 19:30:00,-405889.65505,-337372.94754,5.820766091346741e-11,129.7331475164761,85.27319035209693,-0.13429906574072414,0.09236588864584525,0.1629960013134311,False,304.5187426195305
2019-10-22 20:00:00,-405921.45263,-337076.56907,5.820766091346741e-11,129.70618988787942,85.27466839894399,-0.13955962681448145,0.09014425511164842,0.16614113327599303,False,302.8591972014116
2019-10-22 20:30:00,-405960.9605,-336779.10513,8.231806349783991e-11,129.67858991282856,85.27609843117459,-0.14462321546976692,0.09197461617232118,0.17139196151762903,False,302.45473871351265
2019-10-22 21:00:00,-405999.03944,-336464.45557,0.0,129.64963453868978,85.27763549483501,-0.14728642692604327,0.09149595439817429,0.1733920448805927,False,301.84900660562676
2019-10-22 21:30:00,-406045.68248,-336160.67,8.231806349783991e-11,129.6209762958489,85.27905015106406,-0.15087556680295497,0.090924822953771,0.1761554997361352,False,301.0751745449518
2019-10-22 22:00:00,-406093.27557,-335837.3366,1.3015628661377063e-10,129.59059725051569,85.28056870258787,-0.15830968419610672,0.0978837233779733,0.18612678316837328,False,301.7287232343583
2019-10-22 22:30:00,-406137.33642,-335496.91164,5.820766091346741e-11,129.559010180009,85.2822078738908,-0.16087296430856105,0.10220962669906136,0.19059621831344145,False,302.4295795232292
2019-10-22 23:00:00,-406178.43401,-335156.49528,8.231806349783991e-11,129.52760709428765,85.28386604132004,-0.16133440249940545,0.10288279734112586,0.1913469608292103,False,302.5256195479974
2019-10-22 23:30:00,-406221.30972,-334813.20007,0.0,129.49581705825068,85.28552690139168,-0.16030621674282403,0.10329585509238252,0.19070426530537737,False,302.79635030779497
2019-10-23 00:00:00,-406258.52625,-334474.64777,1.1641532182693481e-10,129.46479494934502,85.28719844432098,-0.1587613692891303,0.10474494483428116,0.19020167151446438,False,303.415368304037
2019-10-23 00:30:00,-406293.4705,-334132.28705,5.820766091346741e-11,129.43358767235617,85.28890600749504,-0.15991049634192525,0.10685900988723324,0.19232840360799727,False,303.75253452649474
2019-10-23 01:00:00,-406327.06565,-333785.66625,0.0,129.40209242453338,85.29064574405884,-0.159288752021951,0.108466339814672,0.19271184030438426,False,304.2525777210981
2019-10-23 01:30:00,-406355.73919,-333441.32454,8.231806349783991e-11,129.37110625672995,85.29240519375101,-0.15969461259989598,0.11027650799912059,0.19407029012682742,False,304.62687127266355
2019-10-23 02:00:00,-406384.8498,-333089.40691,5.820766091346741e-11,129.33942783471,85.2942032706087,-0.15740617966372122,0.10970739701153838,0.19186562577849892,False,304.87534296325384
2019-10-23 02:30:00,-406409.50052,-332752.7037,5.820766091346741e-11,129.30931754128795,85.29594445878341,-0.14917458725164595,0.10561079631347832,0.18277499221629293,False,305.2972627748079
2019-10-23 03:00:00,-406430.88696,-332433.02944,5.820766091346741e-11,129.28084886293826,85.2976103751151,-0.14193026901767236,0.10115988151894789,0.17429148829577543,False,305.47912617579226
2019-10-23 03:30:00,-406451.10286,-332126.63506,0.0,129.25356339274273,85.29920795164647,-0.13802384641760643,0.09821358028204083,0.16940038232462135,False,305.43450038569705
2019-10-23 04:00:00,-406471.50598,-331824.5423,1.1641532182693481e-10,129.22661032332655,85.30077878312457,-0.13849099142033328,0.09370919045737168,0.16721592950661965,False,304.08403732001045
2019-10-23 04:30:00,-406505.06072,-331527.08083,0.0,129.19912334838043,85.30223101138044,-0.13583284537573911,0.08501997538256477,0.16024655408751032,False,302.04311552375907
2019-10-23 05:00:00,-406543.3697,-331252.14829,5.820766091346741e-11,129.1731995545673,85.3035216057968,-0.1293926844615634,0.07606632993624024,0.15009514763022377,False,300.4500761395972
2019-10-23 05:30:00,-406587.00893,-330992.98857,0.0,129.14823056820364,85.30468496124244,-0.12481068434512053,0.06754766138989694,0.14191685412924532,False,298.42229421995245
2019-10-23 06:00:00,-406638.45414,-330750.17374,0.0,129.12409687241117,85.30570073528315,-0.12195345278828543,0.060836473565464844,0.1362854400252135,False,296.51231242422205
2019-10-23 06:30:00,-406694.1345,-330514.19891,1.3015628661377063e-10,129.1002410620739,85.30664756594219,-0.12103660622491597,0.055426910056927334,0.13312401137625052,False,294.60470580127685
2019-10-23 07:00:00,-406758.41171,-330286.18308,0.0,129.07645869109248,85.30748881884654,-0.12082805096830318,0.04998326427965115,0.13075834431824349,False,292.47354333592045
2019-10-23 07:30:00,-406828.63955,-330063.09453,0.0,129.05267625057826,85.30826003357414,-0.12324058210054915,0.04468401678696701,0.13109119891396276,False,289.92940443365137
2019-10-23 08:00:00,-406913.01622,-329840.29769,0.0,129.0279362126471,85.3089302983188,-0.12672612449448065,0.04093349382911546,0.13317305112690345,False,287.90084784259875
2019-10-23 08:30:00,-407001.44174,-329615.89681,0.0,129.00277397574288,85.30958053845157,-0.12814886449977927,0.04031846885496348,0.1343417671589571,False,287.46472923284955
2019-10-23 09:00:00,-407090.56609,-329390.4373,1.3015628661377063e-10,128.9774666303124,85.3102309719075,-0.12947435162581933,0.03969145689534881,0.13542163593533213,False,287.0433635669457
2019-10-23 09:30:00,-407183.54916,-329163.66835,5.820766091346741e-11,128.95177538152942,85.31086097548437,-0.12984457499514584,0.040290622424453096,0.13595200591024723,False,287.2390565279535
2019-10-23 10:00:00,-407271.63116,-328935.73471,5.820766091346741e-11,128.92631509800356,85.3115307601957,-0.12967688887750495,0.040917458323395155,0.13597916717128233,False,287.51225349996866
2019-10-23 10:30:00,-407362.27732,-328707.9371,0.0,128.90068288170244,85.3121809705206,-0.12873926333948982,0.04088183028654394,0.13507450526569506,False,287.6175194956529
2019-10-23 11:00:00,-407448.13555,-328482.63099,0.0,128.87558488361438,85.31284963116379,-0.12545980216447153,0.042744981986624284,0.13254167436766887,False,288.8143152062512
2019-10-23 11:30:00,-407525.95162,-328259.73751,2.3283064365386963e-10,128.85123781835142,85.31355995372627,-0.11526723864814335,0.04486819924600127,0.12369192216610955,False,291.268659598146
2019-10-23 12:00:00,-407582.64905,-328058.14292,1.3015628661377063e-10,128.83015041158947,85.31429718837528,-0.10137809330777994,0.04708447905167128,0.11177864720190618,False,294.9122440156318
2019-10-23 12:30:00,-407622.74221,-327869.14839,1.6463612699567982e-10,128.81127153759627,85.31507896507988,-0.0925696086753719,0.04991688088363336,0.10517046851403834,False,298.3351515645589
2019-10-23 13:00:00,-407651.49075,-327685.84043,5.820766091346741e-11,128.79365049384822,85.31590754243942,-0.0879855989738516,0.05571927125614818,0.10414462451852066,False,302.3451468120044
2019-10-23 13:30:00,-407664.84961,-327496.59979,8.231806349783991e-11,128.7765725003802,85.31687648462831,-0.08426026293448208,0.06160066966301016,0.1043764073568321,False,306.1696476565869
2019-10-23 14:00:00,-407668.58149,-327310.47424,1.1641532182693481e-10,128.76041417077,85.31789480380344,-0.07961735771940855,0.0629211215171416,0.10147901843827208,False,308.3191065845184
2019-10-23 14:30:00,-407667.66341,-327131.28616,5.820766091346741e-11,128.74516093752607,85.31890634149832,-0.0761215820163599,0.06365976287882143,0.09923235691275895,False,309.9054222210373
2019-10-23 15:00:00,-407661.34781,-326953.311,1.1641532182693481e-10,128.7303751112063,85.3199484781656,-0.0721829128302325,0.06446357790801695,0.09677771324721365,False,311.76672467051685
2019-10-23 15:30:00,-407649.20885,-326783.3755,1.3015628661377063e-10,128.71667006455274,85.32098595805613,-0.0700380336115902,0.06256095601883875,0.09391059242795413,False,311.7725863437299
2019-10-23 16:00:00,-407643.32469,-326615.71362,8.231806349783991e-11,128.70272457352465,85.32196668866047,-0.07103332569904745,0.05925978523120903,0.09250651601652704,False,309.83666414076333
2019-10-23 16:30:00,-407642.61842,-326450.41726,5.820766091346741e-11,128.68862071595478,85.32289767369589,-0.07291894834556754,0.055175451076005674,0.09144125671306275,False,307.11363509534664
2019-10-23 17:00:00,-407652.37251,-326286.64946,2.399963341663627e-10,128.6739249299152,85.32374663420036,-0.07351298547017672,0.05174943179348103,0.08990084940470006,False,305.1436121070499
2019-10-23 17:30:00,-407662.54726,-326127.38836,5.820766091346741e-11,128.6595811971674,85.32456711487548,-0.07311298975609608,0.049309359645753933,0.08818685967733127,False,303.99678186351196
2019-10-23 18:00:00,-407678.18031,-325970.22748,1.1641532182693481e-10,128.6450383253052,85.32533734690237,-0.07391552006458975,0.04628092397307515,0.08720910520249782,False,302.0520282463311
2019-10-23 18:30:00,-407698.59405,-325815.51182,5.820766091346741e-11,128.63037271352658,85.32606013153804,-0.07423739727249858,0.04411515853237755,0.08635588205867382,False,300.7206621345442
2019-10-23 19:00:00,-407720.96142,-325662.30398,0.0,128.61569805456816,85.32676049809318,-0.07588913139750278,0.04219066964153037,0.08682864083393334,False,299.0719327543119
2019-10-23 19:30:00,-407750.42062,-325507.2551,5.820766091346741e-11,128.6003751108536,85.32742118485443,-0.07819383766643344,0.04025595685112393,0.08794781583987232,False,297.24043445983557
2019-10-23 20:00:00,-407783.32512,-325351.89455,5.820766091346741e-11,128.58478507947143,85.32805914539006,-0.0804161267625467,0.0414925154855105,0.09048968054317193,False,297.2924928103521
2019-10-23 20:30:00,-407814.20962,-325187.79869,1.1641532182693481e-10,128.5685789021434,85.32875971499325,-0.08428267404923903,0.04246653858012056,0.09437677703687035,False,296.7416369804731
2019-10-23 21:00:00,-407852.96034,-325019.3508,5.820766091346741e-11,128.55145535119905,85.32942908925195,-0.09012166995245194,0.04429571479694512,0.10041924986968874,False,296.17458477480466
2019-10-23 21:30:00,-407891.6959,-324834.69127,5.820766091346741e-11,128.53293449549358,85.33018865379175,-0.0960059513848207,0.05017036480475123,0.10832455033807607,False,297.5904688606579
2019-10-23 22:00:00,-407926.98538,-324636.47271,5.820766091346741e-11,128.51347748287213,85.33104755321315,-0.10049776602014715,0.055423655067675104,0.11476751507330317,False,298.8763583484372
2019-10-23 22:30:00,-407960.86249,-324427.35886,5.820766091346741e-11,128.49317258560808,85.3319765889375,-0.1020664545985903,0.05943934674422841,0.11811264579081578,False,300.214779414339
2019-10-23 23:00:00,-407988.20776,-324215.69776,5.820766091346741e-11,128.47308714568626,85.33296506361164,-0.10098039824195652,0.06253595809931804,0.1187762050433663,False,301.76943986733716
2019-10-23 23:30:00,-408010.77727,-324002.68789,1.3015628661377063e-10,128.4532036507124,85.33399399421083,-0.10325895315835742,0.06960701235215637,0.1245293040852357,False,303.98396773270196
2019-10-24 00:00:00,-408023.14143,-323768.75542,1.3015628661377063e-10,128.43220637448482,85.33521054084791,-0.10764073443909423,0.08017921513898182,0.13422084134325318,False,306.6816153213447
2019-10-24 00:30:00,-408025.53831,-323519.71838,2.3283064365386963e-10,128.41057726158343,85.33658054084776,-0.10814863810057225,0.08735416647358621,0.13902114343977884,False,308.92861554613444
2019-10-24 01:00:00,-408018.61645,-323268.29976,5.820766091346741e-11,128.38936692659016,85.33802858046735,-0.10743088922942601,0.09536242035608933,0.14365022511919945,False,311.594277386929
2019-10-24 01:30:00,-407996.62648,-323003.38639,2.399963341663627e-10,128.36800827455394,85.33965690602884,-0.10451970820199441,0.10216719023801424,0.14615917406636042,False,314.3478854666339
2019-10-24 02:00:00,-407963.80018,-322744.98988,1.1641532182693481e-10,128.34793814862462,85.34132450637122,-0.09989664243077555,0.10560145883357702,0.14536508272870033,False,316.59017515081837
2019-10-24 02:30:00,-407921.60491,-322485.4775,5.820766091346741e-11,128.3283974104051,85.34306359533292,-0.09275971604180476,0.10913466847010037,0.1432296784267666,False,319.63691186804374
2019-10-24 03:00:00,-407862.68995,-322239.37366,1.1641532182693481e-10,128.31114427914824,85.34484521855185,-0.08467630279262772,0.1119602887551222,0.1403751491994189,False,322.89954376796584
2019-10-24 03:30:00,-407794.32054,-321996.41937,5.820766091346741e-11,128.29479658333213,85.34667542054147,-0.08265548665451264,0.10919547110974336,0.1369510145452494,False,322.8761081559377
2019-10-24 04:00:00,-407738.56942,-321762.22964,1.3015628661377063e-10,128.27833271963877,85.34836782497626,-0.08383734573286034,0.10333707776473848,0.13306859952853928,False,320.94758869332503
2019-10-24 04:30:00,-407689.25466,-321529.03607,0.0,128.2615033667427,85.350009029034,-0.08445002403482761,0.09825627507416121,0.1295611907591629,False,319.3213584593682
2019-10-24 05:00:00,-407649.09398,-321304.47203,8.231806349783991e-11,128.24478475996892,85.3515375379004,-0.08563143473830001,0.09728793995788287,0.12960588673585918,False,318.64623327429604
2019-10-24 05:30:00,-407605.01622,-321070.12225,2.399963341663627e-10,128.2274739620216,85.35314748497572,-0.089124028039403,0.09848170774872625,0.13282220874188858,False,317.8555180812202
2019-10-24 06:00:00,-407569.12109,-320833.0473,1.3015628661377063e-10,128.20935556258726,85.35471449645924,-0.09594079747116217,0.09248795245476538,0.13326161476088114,False,313.9502063342435
2019-10-24 06:30:00,-407557.02804,-320592.78658,1.1641532182693481e-10,128.1893221812626,85.35613105432473,-0.1011441679537707,0.08665733447674034,0.1331902261041486,False,310.58899208244105
2019-10-24 07:00:00,-407549.04511,-320353.98296,5.820766091346741e-11,128.16912245947225,85.35751001803996,-0.10319765797103694,0.08891378934991952,0.1362182753791465,False,310.7477689478286
2019-10-24 07:30:00,-407534.96525,-320102.89735,5.820766091346741e-11,128.14825924773646,85.35899935199151,-0.10826019812801664,0.08990585857225568,0.14072431880926572,False,309.7083046607243
2019-10-24 08:00:00,-407535.25294,-319847.56319,0.0,128.12603196132568,85.36041029556765,-0.1141323319010841,0.08226405335349199,0.14068960039507325,False,305.78322692469976
2019-10-24 08:30:00,-407555.66938,-319596.83814,5.820766091346741e-11,128.10281828049844,85.36165311713012,-0.11867710567046587,0.07549501287137834,0.1406547275379271,False,302.46198835054287
2019-10-24 09:00:00,-407585.02383,-319343.65815,5.820766091346741e-11,128.07876834578522,85.3628456974366,-0.12333031847313816,0.06952381776543672,0.14157658242579294,False,299.41084346827154
2019-10-24 09:30:00,-407632.48129,-319092.98375,5.820766091346741e-11,128.0536893478275,85.36389588259779,-0.13030887731229265,0.06476928276364478,0.1455179146913091,False,296.4294110726272
2019-10-24 10:00:00,-407690.57885,-318830.53814,5.820766091346741e-11,128.0268468660227,85.36493505431568,-0.13892786047556246,0.06571011955296766,0.1536839947033609,False,295.31321959363515
2019-10-24 10:30:00,-407754.24229,-318553.28613,1.1641532182693481e-10,127.99832096293171,85.36601558837656,-0.14479287193934903,0.06624773364326453,0.1592285714855021,False,294.58572904740276
2019-10-24 11:00:00,-407823.54459,-318272.94998,5.820766091346741e-11,127.96912824241586,85.36707214104995,-0.14992705337446738,0.07305858967977469,0.1667803311531311,False,295.97970745117914
2019-10-24 11:30:00,-407878.96594,-317965.97428,5.820766091346741e-11,127.93854016315788,85.3683723566609,-0.15476486460295638,0.07723557416023277,0.1729667518092198,False,296.5215397762894
2019-10-24 12:00:00,-407946.80303,-317662.59097,1.1641532182693481e-10,127.90740370243664,85.36956369035563,-0.15727524925191314,0.07804191890689435,0.1755734750294636,False,296.3911745699795
2019-10-24 12:30:00,-408005.15477,-317346.63437,1.3015628661377063e-10,127.87579665449276,85.37088991997197,-0.15730120817017273,0.08640084794716259,0.17946803787244325,False,298.77867554623185
2019-10-24 13:00:00,-408048.95452,-317024.63265,1.3015628661377063e-10,127.84463213090017,85.37235094658273,-0.15635385788850842,0.0858936471829047,0.17839351866870387,False,298.7823774714517
2019-10-24 13:30:00,-408106.30874,-316712.43399,8.231806349783991e-11,127.81338520919701,85.37366078960426,-0.15673292368419312,0.08669767308534972,0.17911363958395038,False,298.94941472192545
2019-10-24 14:00:00,-408148.31257,-316387.52453,8.231806349783991e-11,127.78204945081981,85.37514775170742,-0.1563615246679216,0.09073753188018088,0.1807822615418446,False,300.1268508752987
2019-10-24 14:30:00,-408193.00478,-316067.41814,8.231806349783991e-11,127.75093237154168,85.37658792988735,-0.15459711134784224,0.09252105198601272,0.1801677326762359,False,300.899069372691
2019-10-24 15:00:00,-408225.69278,-315743.55307,5.820766091346741e-11,127.72028119309572,85.37813243604694,-0.1534275864347188,0.09970282994645406,0.18297726246316684,False,303.01727741825266
2019-10-24 15:30:00,-408247.01358,-315410.91784,5.820766091346741e-11,127.68961060799602,85.37980427030645,-0.1510252863972863,0.11345312004768136,0.1888921585983281,False,306.91458481436166
2019-10-24 16:00:00,-408234.89085,-315063.60351,1.1641532182693481e-10,127.65989689995135,85.38179238993543,-0.14602234781361542,0.11879349923969411,0.18824032916092046,False,309.1293741292661
2019-10-24 16:30:00,-408229.63526,-314733.47552,8.231806349783991e-11,127.63120448103483,85.38363649955663,-0.1385287869874883,0.10638833677465288,0.17466740687919388,False,307.5238017112902
2019-10-24 17:00:00,-408236.06956,-314434.80195,1.1641532182693481e-10,127.6044669293455,85.38522447002494,-0.13220931449928888,0.09559142817636247,0.1631472463180686,False,305.8680943207041
2019-10-24 17:30:00,-408247.43182,-314146.41512,0.0,127.57828350139219,85.38672022228828,-0.13054510588567145,0.087987736402999,0.15742892500434857,False,303.98007121296786
2019-10-24 18:00:00,-408271.63807,-313869.17505,5.820766091346741e-11,127.55219536093469,85.38806288510462,-0.12957392517177257,0.07980130450688339,0.1521763788681425,False,301.62786537995623
2019-10-24 18:30:00,-408303.97656,-313601.5061,1.3015628661377063e-10,127.5263855198966,85.38929455516094,-0.1295045156293909,0.0719632539038772,0.1481557608763056,False,299.0601147380312
2019-10-24 19:00:00,-408350.16326,-313341.6265,1.1641532182693481e-10,127.50031136149477,85.39038434822122,-0.13013691826316817,0.0647178466549822,0.14534103746255667,False,296.4414259582238
2019-10-24 19:30:00,-408404.34093,-313087.99441,5.820766091346741e-11,127.47423562285712,85.39138229636096,-0.1306998396590521,0.05715825667358951,0.1426517241145927,False,293.6209426258242
2019-10-24 20:00:00,-408473.12504,-312843.01833,5.820766091346741e-11,127.44792484497742,85.39222821437976,-0.13175747953941902,0.04952728910508858,0.14075860819388436,False,290.6011081752074
2019-10-24 20:30:00,-408551.19863,-312603.01079,5.820766091346741e-11,127.4214151797912,85.39297999499831,-0.1343324002473602,0.04471072610207049,0.1415776916918458,False,288.4093252617986
2019-10-24 21:00:00,-408639.1622,-312361.14174,5.820766091346741e-11,127.39406306696073,85.39367051011045,-0.13553496594450176,0.04154739219196421,0.1417600535818541,False,287.0425917805171
2019-10-24 21:30:00,-408728.68236,-312124.53137,1.1641532182693481e-10,127.3670631437412,85.39432028938059,-0.1359877409479601,0.041792564608462736,0.1422648380475022,False,287.0835527908033
2019-10-24 22:00:00,-408816.70823,-311880.7476,1.1641532182693481e-10,127.3395211111062,85.39501867898602,-0.1367239594468729,0.043084299306288334,0.14335165828669016,False,287.4906229547173
2019-10-24 22:30:00,-408903.9078,-311639.12419,5.820766091346741e-11,127.31221803980407,85.39571015802652,-0.13581806868864257,0.045201989309976966,0.143142473151375,False,288.40810178638424
2019-10-24 23:00:00,-408983.66208,-311393.2296,1.3015628661377063e-10,127.28503071334639,85.39647685716393,-0.13399663636904074,0.05108365067853754,0.14340375840564215,False,290.86838948062086
2019-10-24 23:30:00,-409049.81141,-311143.91732,8.231806349783991e-11,127.25844931579626,85.3973580910154,-0.1291300788453364,0.05274596032205268,0.13948732412982318,False,292.218616674616
2019-10-25 00:00:00,-409113.96637,-310908.2762,1.8406878575731415e-10,127.23320600373917,85.39817843994574,-0.1244312734284865,0.052659806880782895,0.13511549529108838,False,292.93827348609875
2019-10-25 00:30:00,-409169.91394,-310672.56215,5.820766091346741e-11,127.20850073051562,85.39905686419637,-0.12071543767231935,0.05542912880131923,0.13283299745203694,False,294.66325444029155
2019-10-25 01:00:00,-409217.83618,-310441.49451,0.0,127.18473999292164,85.39996656142317,-0.11724487153410217,0.055964580322152555,0.12991687400673857,False,295.51657719192633
2019-10-25 01:30:00,-409264.50321,-310214.52628,0.0,127.16141895253693,85.40086224061412,-0.11659711783406546,0.057322793551732906,0.12992609648483072,False,296.1801760013941
2019-10-25 02:00:00,-409306.93371,-309982.32496,1.1641532182693481e-10,127.1379087295975,85.40181573107762,-0.1111000454819236,0.05841240937559223,0.1255198377753384,False,297.7337797712644
2019-10-25 02:30:00,-409338.33767,-309768.72784,1.7462298274040222e-10,127.11678725734194,85.40274664043687,-0.10029504546468251,0.05710306604570124,0.11541168180293732,False,299.655058171512
2019-10-25 03:00:00,-409360.88984,-309570.36128,0.0,127.097609456976,85.40365787230363,-0.09247380582284798,0.05400407166529606,0.10708802229844487,False,300.2846368463762
2019-10-25 03:30:00,-409384.07107,-309385.93322,1.1641532182693481e-10,127.0796233650718,85.40448878683063,-0.0837822927836796,0.04992011192171309,0.09752686890476168,False,300.7878090362322
2019-10-25 04:00:00,-409399.36734,-309221.37934,0.0,127.06393256593455,85.40526829697201,-0.07545000686830919,0.04471841769569058,0.08770655857821669,False,300.65477196919846
2019-10-25 04:30:00,-409419.31684,-309072.16298,1.1641532182693481e-10,127.04929057081821,85.40593137801206,-0.06776420603946251,0.03885562909035371,0.07811368338624078,False,299.8297260223502
2019-10-25 05:00:00,-409434.70747,-308942.39955,5.820766091346741e-11,127.03668572688838,85.40652177703933,-0.05925873616788101,0.03326310405211094,0.06795610276786102,False,299.3063617106848
2019-10-25 05:30:00,-409452.22379,-308829.74428,1.7462298274040222e-10,127.02546058549721,85.4070044330939,-0.05468880294777765,0.025240596514732108,0.060232490238079646,False,294.77480419485164
2019-10-25 06:00:00,-409480.71786,-308730.50025,5.820766091346741e-11,127.01469115534258,85.40733601848645,-0.053908411922499545,0.01866229877142043,0.057047333604995525,False,289.0951003901423
2019-10-25 06:30:00,-409515.41256,-308634.33655,1.1641532182693481e-10,127.00377804343042,85.40760645646552,-0.05324754849470761,0.015526340023368251,0.05546502190766254,False,286.2560446261673
2019-10-25 07:00:00,-409551.45321,-308543.77519,8.231806349783991e-11,126.99327314146505,85.40783688747037,-0.05438711581700502,0.012071481807334462,0.05571067258539538,False,282.51420615608924
2019-10-25 07:30:00,-409598.5161,-308451.80578,0.0,126.98190057427433,85.40799585604115,-0.05955226875540803,0.009028701135081783,0.06023279968674024,False,278.6209433300021
2019-10-25 08:00:00,-409654.45665,-308352.96365,5.820766091346741e-11,126.96931702197794,85.40812812321815,-0.064925211182116,0.007827750770158848,0.06539538767498884,False,276.874720979317
2019-10-25 08:30:00,-409716.56425,-308248.11776,8.231806349783991e-11,126.9557823008045,85.40824835334499,-0.06876938954206314,0.007446186579105049,0.0691713425672718,False,276.1797756551423
2019-10-25 09:00:00,-409781.87436,-308139.0148,5.820766091346741e-11,126.94165155567724,85.40836831751339,-0.07199466009387867,0.007440928857588961,0.07237816317299595,False,275.900790944396
2019-10-25 09:30:00,-409850.92253,-308024.86882,8.231806349783991e-11,126.92681857023061,85.40848837532775,-0.07427244405838304,0.007373614035321687,0.07463756514214227,False,275.669627915129
2019-10-25 10:00:00,-409921.29509,-307909.32155,0.0,126.91177070392833,85.40860617772327,-0.07488814277714345,0.007743175908895443,0.07528738740164863,False,275.9032090392734
2019-10-25 10:30:00,-409990.55038,-307792.56769,8.231806349783991e-11,126.89668919242715,85.4087381609702,-0.0749226165127129,0.008117111976256464,0.07536103749250089,False,276.18330445894856
2019-10-25 11:00:00,-410059.85974,-307676.07622,0.0,126.8816266453863,85.4088680272296,-0.07493908651422732,0.008361709263346562,0.07540414358237604,False,276.3667326299742
2019-10-25 11:30:00,-410128.38496,-307558.71004,5.820766091346741e-11,126.8665376139487,85.40900789994346,-0.07429030404834919,0.009587640586380477,0.074906422472374,False,277.35374098924535
2019-10-25 12:00:00,-410192.70063,-307441.40305,0.0,126.85173513982546,85.40917731993127,-0.07340219991988599,0.012049271880927057,0.07438459454711983,False,279.32219658415784
2019-10-25 12:30:00,-410252.15654,-307321.24603,1.1641532182693481e-10,126.83700228548933,85.40939659757417,-0.07210588560987505,0.015135599731061315,0.07367730395992574,False,281.8547285508589
2019-10-25 13:00:00,-410304.7208,-307200.98085,5.820766091346741e-11,126.82272005436101,85.40966558675427,-0.06953525662600547,0.018087172175015917,0.0718491315976269,False,284.58039469303026
2019-10-25 13:30:00,-410350.06454,-307081.8355,1.3015628661377063e-10,126.80901999762985,85.40998008104243,-0.06629527151250417,0.02042708735220629,0.06937095157637174,False,287.1252605160888
2019-10-25 14:00:00,-410388.83878,-306965.83845,5.820766091346741e-11,126.79603983173928,85.41032455524666,-0.06270534154041905,0.022160389581216695,0.06650596006443259,False,289.4636695971142
2019-10-25 14:30:00,-410421.3916,-306853.28554,5.820766091346741e-11,126.78378265119505,85.41069496316423,-0.057796167289787356,0.02264102908849381,0.06207264414840976,False,291.39222994716044
2019-10-25 15:00:00,-410448.14859,-306750.39148,5.820766091346741e-11,126.77277656967534,85.41105494975442,-0.05113176318190504,0.022953498791394848,0.05604748266297947,False,294.17573176489134
2019-10-25 15:30:00,-410465.39641,-306656.37163,1.7462298274040222e-10,126.76320019133719,85.41143543770876,-0.045184759414304325,0.02125655563606152,0.04993499415077108,False,295.1940010431615
2019-10-25 16:00:00,-410484.20089,-306574.27777,0.0,126.75458665512569,85.41174067440734,-0.041271719937461086,0.01983201410901317,0.045789339918984644,False,295.6653591543484
2019-10-25 16:30:00,-410497.10163,-306494.60779,1.7462298274040222e-10,126.74658422228659,85.41207520303072,-0.03896669066422473,0.019397961006554262,0.043527966556378195,False,296.4645253576688
2019-10-25 17:00:00,-410512.17104,-306420.09355,1.7462298274040222e-10,126.73889765158364,85.41236643396343,-0.03731818653413844,0.01495868001645312,0.04020459120587331,False,291.84296440085984
2019-10-25 17:30:00,-410534.30821,-306354.73523,1.1641532182693481e-10,126.73155808640557,85.41255775657909,-0.042125647820931554,0.010294161314840271,0.04336519297211889,False,283.73213654126585
2019-10-25 18:00:00,-410573.16846,-306276.3886,8.231806349783991e-11,126.72193489421389,85.41269848472213,-0.04550093941882206,0.0062666654865390845,0.04593045377868039,False,277.84178853299227
2019-10-25 18:30:00,-410614.16861,-306209.94981,5.820766091346741e-11,126.71323580363213,85.41275992384944,-0.039575528343733665,0.001009155593443948,0.039588392726876975,False,271.4606963349952
2019-10-25 19:00:00,-410655.42732,-306160.00595,0.0,126.70599844466057,85.41273105520727,-0.03910725836957282,-0.0018376140567710857,0.039150408460272366,False,267.30970295499543
2019-10-25 19:30:00,-410703.62142,-306101.03382,0.0,126.69748786900769,85.41270063051462,-0.044199823505214605,-0.0030926212971589886,0.044307885352155574,False,265.9975896098226
2019-10-25 20:00:00,-410759.44227,-306039.07698,5.820766091346741e-11,126.68819999633082,85.41263128112413,-0.044952485043705415,-0.005231918166343039,0.045255926455038675,False,263.3613421469439
2019-10-25 20:30:00,-410815.41143,-305982.5165,1.3015628661377063e-10,126.67938657656553,85.4125318608429,-0.046298009128467765,-0.008025176506847306,0.04698839332458324,False,260.16620985418115
2019-10-25 21:00:00,-410882.17208,-305922.66437,1.1641532182693481e-10,126.66955739578178,85.41237238488989,-0.051230201532771955,-0.009294286709042043,0.05206647015612164,False,259.7171270465462
2019-10-25 21:30:00,-410952.38967,-305854.56944,1.1641532182693481e-10,126.65875849215051,85.41223202380732,-0.05400209422537765,-0.008043789180874353,0.05459788205702596,False,261.52789620064266
2019-10-25 22:00:00,-411021.47267,-305783.99865,8.231806349783991e-11,126.64781382615665,85.41211289922832,-0.057116107388588536,-0.005928521374614984,0.0574229665631622,False,264.0740502604107
2019-10-25 22:30:00,-411092.24559,-305702.33742,1.6463612699567982e-10,126.6357616376594,85.41204075866787,-0.06082900560804266,-0.0034905627922400227,0.06092907312498571,False,266.71578664258766
2019-10-25 23:00:00,-411162.22988,-305615.77413,5.820766091346741e-11,126.62332244058567,85.41200029102642,-0.062474914795579733,-0.0009712592551003804,0.062482464125989505,False,269.10932934145376
2019-10-25 23:30:00,-411229.22206,-305523.91645,0.0,126.61060773368473,85.41200942210601,-0.06228775989846497,0.00243582330491119,0.06233536932064788,False,272.23946594422296
2019-10-26 00:00:00,-411288.91934,-305430.54878,0.0,126.59824381257117,85.41207887405972,-0.06107492681117936,0.005530042066775712,0.061324775174893424,False,275.1737502754013
2019-10-26 00:30:00,-411344.32548,-305335.52792,1.3015628661377063e-10,126.58601710644002,85.4121878173125,-0.05960662299386449,0.009841912605741437,0.060413680143422376,False,279.37576665768313
2019-10-26 01:00:00,-411388.36783,-305237.12807,1.3015628661377063e-10,126.57424365555326,85.41239637051946,-0.05742163044796184,0.014381333271111112,0.05919515512233299,False,284.06058802176267
2019-10-26 01:30:00,-411425.92322,-305138.66627,0.0,126.56289580908259,85.41265174953715,-0.05436675880795859,0.01671332929172621,0.056877762256407526,False,287.0883791662418
2019-10-26 02:00:00,-411456.63225,-305044.08247,0.0,126.55235128044689,85.41293553562917,-0.0502745074534336,0.018703418589933768,0.05364087962212803,False,290.40650430500295
2019-10-26 02:30:00,-411479.62311,-304953.17584,5.820766091346741e-11,126.54265004318385,85.41325511221604,-0.045844395773929535,0.02107364045711816,0.05045599018939748,False,294.68718086539536
2019-10-26 03:00:00,-411493.94935,-304866.31551,0.0,126.5338882637293,85.41361535904078,-0.03894783365832823,0.02077570516388493,0.04414253812065501,False,298.07652654483024
2019-10-26 03:30:00,-411502.995,-304795.99079,5.820766091346741e-11,126.52696349358692,85.4139253325144,-0.03332218952275502,0.020291564795376357,0.039014303997833434,False,301.33934690542713
2019-10-26 04:00:00,-411506.6486,-304726.43931,1.1641532182693481e-10,126.5204663719965,85.41426994531366,-0.03216663867471855,0.020170260247105814,0.03796751298236265,False,302.0899850552779
2019-10-26 04:30:00,-411513.55369,-304659.71618,1.1641532182693481e-10,126.51400615122772,85.41457600189035,-0.030730764433494366,0.018462254463198786,0.035850170467249184,False,300.99636739893026
2019-10-26 05:00:00,-411519.05806,-304597.97668,8.231806349783991e-11,126.50808660460096,85.41486552068922,-0.029055065161344627,0.01769529672761108,0.034019411191379925,False,301.3425109281345
2019-10-26 05:30:00,-411524.58017,-304537.74369,5.820766091346741e-11,126.50230065854593,85.41514683245968,-0.029258441323324013,0.014026236527633606,0.03244675176037684,False,295.6126448212186
2019-10-26 06:00:00,-411541.12527,-304483.27176,5.820766091346741e-11,126.49629856634749,85.41531798877602,-0.03143125181736984,0.010246211836847574,0.03305916586685862,False,288.05534845000193
2019-10-26 06:30:00,-411562.22721,-304424.84199,1.1641532182693481e-10,126.48963658830786,85.41547735731717,-0.03317170619527042,0.010531424883348335,0.034803347568573784,False,287.6137146633464
2019-10-26 07:00:00,-411581.65973,-304364.71774,8.231806349783991e-11,126.48293275528378,85.41565771969542,-0.03532759829617977,0.008677853236058315,0.03637780007316017,False,283.80086088102576
2019-10-26 07:30:00,-411612.72769,-304304.01052,1.3015628661377063e-10,126.47540168247282,85.41575728635802,-0.03983739724172672,0.006224490242387564,0.04032074525319086,False,278.8805144345247
2019-10-26 08:00:00,-411648.89784,-304236.07514,1.6463612699567982e-10,126.46688018470493,85.41585850326109,-0.04470159481871917,0.0059312680142700296,0.04509337556220474,False,277.55818884653274
2019-10-26 08:30:00,-411691.20345,-304161.90288,1.3015628661377063e-10,126.4573887039753,85.4159486098171,-0.04962243175763647,0.006499550153036316,0.050046277441315484,False,277.4621264839002
2019-10-26 09:00:00,-411736.23131,-304078.49066,5.820766091346741e-11,126.44688382119023,85.41606815686899,-0.054963415216403494,0.00803958267069169,0.05554828441787974,False,278.32172724280497
2019-10-26 09:30:00,-411785.47094,-303985.54197,1.3015628661377063e-10,126.43523952139093,85.41620793956008,-0.06001608517106463,0.009483867873672735,0.06076079516518662,False,278.97974639991617
2019-10-26 10:00:00,-411837.08293,-303884.38852,1.1641532182693481e-10,126.42269776328673,85.41637407998648,-0.0628240636008278,0.011750753597750869,0.06391356019997566,False,280.5943162274625
2019-10-26 10:30:00,-411885.71535,-303778.43832,8.231806349783991e-11,126.40992091611584,85.4165870006912,-0.06500917619864216,0.013697388513323857,0.06643652189956242,False,281.89814883838346
2019-10-26 11:00:00,-411936.31044,-303666.77212,5.820766091346741e-11,126.39649739038575,85.41681592952784,-0.06783449746602578,0.016994306719250125,0.06993086233799929,False,284.06460585497143
2019-10-26 11:30:00,-411981.37349,-303545.56896,0.0,126.38258028253406,85.41713520722742,-0.06792707225838596,0.02103850275040663,0.07111051781259123,False,287.2088987619819
2019-10-26 12:00:00,-412020.38854,-303424.97514,1.1641532182693481e-10,126.36911775145016,85.4174946150225,-0.06685334467785378,0.02443514083544222,0.07117897022480597,False,290.0775420259913
2019-10-26 12:30:00,-412053.25657,-303299.61376,0.0,126.35563120178142,85.41792345492615,-0.06487073619660853,0.02874055451774926,0.07095232123530346,False,293.8954234688116
2019-10-26 13:00:00,-412075.50015,-303175.56312,5.820766091346741e-11,126.34296551384327,85.418421765461,-0.06338168626888421,0.031622934802461186,0.07083253602552979,False,296.5159199115292
2019-10-26 13:30:00,-412096.77811,-303048.35809,1.1641532182693481e-10,126.33007651014165,85.41894356829945,-0.06135666189585699,0.03406579413740756,0.07017918700879015,False,299.0394453456481
2019-10-26 14:00:00,-412107.56142,-302924.96063,1.1641532182693481e-10,126.31822453260442,85.41952070417295,-0.056133410144273733,0.036828092579682205,0.06713619096644445,False,303.2681397763674
2019-10-26 14:30:00,-412109.63818,-302807.01018,5.820766091346741e-11,126.30743893955878,85.42013161405704,-0.051661476322803206,0.0387726354622689,0.06459276582204503,False,306.8887227270931
2019-10-26 15:00:00,-412105.20233,-302692.43864,5.820766091346741e-11,126.29738761707785,85.42077147202572,-0.04728881221498192,0.03937112754490845,0.06153305977164854,False,309.7796650803133
2019-10-26 15:30:00,-412096.18316,-302585.90017,1.1641532182693481e-10,126.28836314271639,85.42140169121328,-0.04240964493299254,0.038739330160521536,0.057439652546201855,False,312.41031451412294
2019-10-26 16:00:00,-412083.14998,-302486.83514,5.820766091346741e-11,126.28027767278726,85.4220211654269,-0.039169518882919675,0.03812820603958235,0.054662704884740614,False,314.2281891566265
2019-10-26 16:30:00,-412068.97305,-302391.00472,5.820766091346741e-11,126.27255820060134,85.4226316630526,-0.03844289852893672,0.03749859271475153,0.05370289473476212,False,314.2875837894694
2019-10-26 17:00:00,-412056.19338,-302295.39326,5.820766091346741e-11,126.26476380096724,85.42323082161025,-0.037343549073844774,0.03749790133867564,0.052921009648680226,False,315.11816607970025
2019-10-26 17:30:00,-412039.65139,-302202.75901,0.0,126.25748604692666,85.42384130289626,-0.03570212458799161,0.03600547497127915,0.0507053836195318,False,315.2423814644707
2019-10-26 18:00:00,-412027.68546,-302115.09372,1.1641532182693481e-10,126.25035228249753,85.42439231344846,-0.03634267625178197,0.03444739259540204,0.050074074866777084,False,313.4663693526836
2019-10-26 18:30:00,-412017.00799,-302023.92012,1.1641532182693481e-10,126.24281402007344,85.42495252716739,-0.03715362121148429,0.0332413264154055,0.0498535590603318,False,311.818981668462
2019-10-26 19:00:00,-412010.24628,-301936.47019,5.820766091346741e-11,126.23535118356503,85.4254646362948,-0.03897788628457973,0.032241892822925174,0.05058473358651425,False,309.5970161011104
2019-10-26 19:30:00,-412006.32963,-301842.12843,1.3015628661377063e-10,126.22707438569535,85.42599259965036,-0.043406207296890424,0.03306657714341132,0.05456644899461385,False,307.2999234523742
2019-10-26 20:00:00,-412006.56822,-301740.06541,8.231806349783991e-11,126.21782132879368,85.42653130881192,-0.04606457904555337,0.0343787506832729,0.05747907394162393,False,306.7345835211779
2019-10-26 20:30:00,-412004.46336,-301635.21218,1.7462298274040222e-10,126.2084688079553,85.42710161157817,-0.052358947883493906,0.035022787353482986,0.06299250000971321,False,303.77847898128505
2019-10-26 21:00:00,-412016.18308,-301513.49633,1.8406878575731415e-10,126.19667061651549,85.42766106152665,-0.05851807598663329,0.03683870644581764,0.06914806945807318,False,302.1915211717926
2019-10-26 21:30:00,-412021.85037,-301386.88708,1.7462298274040222e-10,126.18482731220553,85.42828997848119,-0.061488444524401116,0.03843261880564006,0.0725113439283123,False,302.0069517963914
2019-10-26 22:00:00,-412035.20071,-301253.14916,1.8406878575731415e-10,126.17182575353267,85.42890082634517,-0.06643884585353022,0.04029869036910802,0.07770524231874185,False,301.2390372896939
2019-10-26 22:30:00,-412045.9043,-301108.18429,1.1641532182693481e-10,126.15797838407308,85.42958994418429,-0.07009497676083043,0.044560355825150284,0.0830598042278295,False,302.4446903016298
2019-10-26 23:00:00,-412054.56606,-300954.76161,5.820766091346741e-11,126.14349514571168,85.4303382705501,-0.07087316823918174,0.04831514266530053,0.08577504874395411,False,304.2827531486827
2019-10-26 23:30:00,-412055.93083,-300799.55694,1.3015628661377063e-10,126.12932870929029,85.43114853115871,-0.07097417931586296,0.051125542755205984,0.08747088230705499,False,305.7667161420775
2019-10-27 00:00:00,-412056.55895,-300639.87274,5.820766091346741e-11,126.11479953788053,85.43198750314089,-0.07124257764031167,0.05414336680957557,0.08948189223698885,False,307.2343281720994
2019-10-27 00:30:00,-412049.63689,-300477.48362,1.3015628661377063e-10,126.10051928534526,85.43289512628728,-0.06994426596977535,0.059115084375745135,0.09157943842807806,False,310.2036302749676
2019-10-27 01:00:00,-412032.96939,-300311.03178,2.399963341663627e-10,126.08650945209031,85.43389447867368,-0.0689134611002665,0.06392170803104781,0.09399494602596709,False,312.8479203110588
2019-10-27 01:30:00,-412009.79745,-300141.45525,5.820766091346741e-11,126.07264009099674,85.43495715343325,-0.06735697081766726,0.06781387351665524,0.09558076667962542,False,315.1936696979822
2019-10-27 02:00:00,-411978.42396,-299971.29181,8.231806349783991e-11,126.05925368981913,85.4360820671618,-0.06435190424729596,0.07146344606554642,0.09616751896465048,False,317.99737515008866
2019-10-27 02:30:00,-411938.18355,-299802.74001,8.231806349783991e-11,126.04659399590125,85.43726247498279,-0.05991028576968671,0.07473552547914601,0.09578434689264008,False,321.28326889969514
2019-10-27 03:00:00,-411887.80195,-299638.58924,0.0,126.03499917161903,85.43849294502503,-0.05627546563357605,0.07626072122385608,0.0947767146184045,False,323.57508051810106
2019-10-27 03:30:00,-411835.35627,-299477.40729,5.820766091346741e-11,126.02380485355917,85.43972254071944,-0.05140284925121459,0.07777600636674321,0.09322746418037323,False,326.53893200415354
2019-10-27 04:00:00,-411770.18275,-299324.25542,5.820766091346741e-11,126.01417783658606,85.4410019067893,-0.046498453960787,0.07813260045069541,0.09092199664509923,False,329.24217900092026
2019-10-27 04:30:00,-411706.26451,-299176.61971,5.820766091346741e-11,126.00496472593882,85.4422429872447,-0.044248509565244856,0.07657459476733403,0.08843980530579534,False,329.97859762093424
2019-10-27 05:00:00,-411640.81846,-299033.33824,5.820766091346741e-11,125.99624442958275,85.44347209393081,-0.04299882056411269,0.07627125668556223,0.08755685676347502,False,330.5873572169531
2019-10-27 05:30:00,-411575.09531,-298890.00388,0.0,125.98753295079638,85.44470338198224,-0.04383384044071821,0.07414940022588372,0.08613674663951865,False,329.41030152090855
2019-10-27 06:00:00,-411517.55288,-298748.79857,1.1641532182693481e-10,125.97846938297538,85.44586403528695,-0.04570878607535771,0.07159788876303148,0.08494439828385533,False,327.4454446181838
2019-10-27 06:30:00,-411463.18331,-298605.41779,5.820766091346741e-11,125.96899274617259,85.44701301350095,-0.04693471087400887,0.07000715497269606,0.08428445190067911,False,326.1610191435275
2019-10-27 07:00:00,-411412.82074,-298464.02266,0.0,125.9594272663511,85.44812235538302,-0.04862448890046275,0.06804147117233278,0.08363003479687556,False,324.4492555580471
2019-10-27 07:30:00,-411367.70368,-298319.89081,1.3015628661377063e-10,125.94926009962965,85.44920791573452,-0.05246098113902435,0.06639788021714173,0.08462170548623425,False,321.68772826677207
2019-10-27 08:00:00,-411330.18864,-298170.80545,1.1641532182693481e-10,125.93813257361863,85.45026423115591,-0.05643275948876048,0.0653334402405675,0.08633142392654075,False,319.1806845278114
2019-10-27 08:30:00,-411296.5091,-298017.36197,5.820766091346741e-11,125.92634791781123,85.45131545727334,-0.05972147795360025,0.06542765932807384,0.08858574114445761,False,317.6105959626984
2019-10-27 09:00:00,-411265.60387,-297858.50504,1.3015628661377063e-10,125.91387951075724,85.45237481016434,-0.06332306817964313,0.06755018139578459,0.09258962128817212,False,316.8499699302175
2019-10-27 09:30:00,-411233.27315,-297690.09267,0.0,125.9006260844583,85.45349450203386,-0.06562875546169135,0.06916091763952978,0.09534341126786006,False,316.5010918517874
2019-10-27 10:00:00,-411202.46235,-297521.12648,5.820766091346741e-11,125.88721490302439,85.45460582482784,-0.0665716173836913,0.0709549641826348,0.09729536054324266,False,316.825554567627
2019-10-27 10:30:00,-411166.80982,-297346.19297,5.820766091346741e-11,125.8735715466925,85.45578338727277,-0.06763841450193425,0.07427081717209948,0.1004545140834741,False,317.67588196399186
2019-10-27 11:00:00,-411128.49489,-297167.13553,1.7462298274040222e-10,125.85971978408377,85.45700167333155,-0.0676929163246908,0.07867528444723199,0.10378887851496639,False,319.29100350253054
2019-10-27 11:30:00,-411080.0211,-296982.77236,8.231806349783991e-11,125.84604681886083,85.45832132272217,-0.06648805972311833,0.08275042141311487,0.1061522224439651,False,321.2189238320748
2019-10-27 12:00:00,-411027.18757,-296798.6604,1.1641532182693481e-10,125.83267736615382,85.45967106681863,-0.06619434528064203,0.08490675137436553,0.10766079962586744,False,322.05958372344253
2019-10-27 12:30:00,-410971.71527,-296610.63363,8.231806349783991e-11,125.8191156886197,85.46106026509486,-0.06559658155778543,0.08789637043845072,0.10967535479003726,False,323.26622073243016
2019-10-27 13:00:00,-410908.8072,-296421.99367,1.3015628661377063e-10,125.80598141145218,85.46250645915866,-0.06454705097954812,0.09037267593056988,0.11105648267889719,False,324.4643626904546
2019-10-27 13:30:00,-410843.80824,-296231.84279,1.1641532182693481e-10,125.79283846009125,85.46397552914586,-0.06345869511897152,0.09238653271826698,0.11208156589692167,False,325.5155075733959
2019-10-27 14:00:00,-410772.64112,-296042.17014,8.231806349783991e-11,125.78013898618838,85.465486693133,-0.06279829726853313,0.09556999378539999,0.11435580375288544,False,326.69139638213545
2019-10-27 14:30:00,-410696.87046,-295847.27752,1.1641532182693481e-10,125.76725619375547,85.46705844302595,-0.06395755801549084,0.09645439572400932,0.11573253510482118,False,326.45219971324326
2019-10-27 15:00:00,-410625.4728,-295652.39074,8.231806349783991e-11,125.75407566793686,85.46859813235004,-0.05851169994773264,0.09822350391679807,0.11433055476322479,False,329.21776074721373
2019-10-27 15:30:00,-410532.9886,-295469.72082,5.820766091346741e-11,125.74340466918885,85.4702269952676,-0.052879676853737685,0.1017536973563309,0.11467377708020043,False,332.53986261307375
2019-10-27 16:00:00,-410439.36179,-295283.89696,5.820766091346741e-11,125.73251149682547,85.47188051557744,-0.05335568690981493,0.10230426266888197,0.11538193743321262,False,332.4561917142619
2019-10-27 16:30:00,-410346.19938,-295098.71387,0.0,125.72163860604839,85.47352714031403,-0.05296085572880084,0.10127296240279411,0.11428501718670128,False,332.39261125450105
2019-10-27 17:00:00,-410254.68648,-294916.24708,1.1641532182693481e-10,125.71089873433431,85.47514739248496,-0.05325855574555182,0.09798974269939503,0.11152785945402025,False,331.4754095327751
2019-10-27 17:30:00,-410171.6779,-294737.12745,0.0,125.69989656502169,85.47668809894904,-0.052321865114731844,0.09826597745731155,0.11132735465609993,False,331.9668646949008
2019-10-27 18:00:00,-410077.32025,-294556.8523,2.3283064365386963e-10,125.68953172913244,85.478317273327,-0.05423486980566361,0.10072852954256084,0.11440130142023662,False,331.70081812653314
2019-10-27 18:30:00,-409991.06416,-294366.99947,8.231806349783991e-11,125.67773985346291,85.47993738390338,-0.059321539865803755,0.10036588903618994,0.11658626323060078,False,329.4146705187686
2019-10-27 19:00:00,-409908.37085,-294172.64787,0.0,125.66528857299737,85.48155486903448,-0.0638194186857903,0.09751023607217227,0.11653825269087814,False,326.79567700216205
2019-10-27 19:30:00,-409839.82435,-293975.67044,8.231806349783991e-11,125.65164929252298,85.48308284968499,-0.06977557440907282,0.09768360928281453,0.12004465130372793,False,324.4617133070078
2019-10-27 20:00:00,-409769.02841,-293763.56769,1.1641532182693481e-10,125.63675281203145,85.48470592225857,-0.0751636477044548,0.09901816190155258,0.1243148033124031,False,322.79824809934564
2019-10-27 20:30:00,-409707.77249,-293548.06273,0.0,125.62089958991947,85.48627695553466,-0.07849070825212864,0.09925117939365427,0.12653690328497894,False,321.66203132130005
2019-10-27 21:00:00,-409643.15222,-293325.77166,1.6463612699567982e-10,125.60463063663099,85.48790755391494,-0.08486588000513443,0.10041256041581004,0.13147204979882443,False,319.7964425266184
2019-10-27 21:30:00,-409591.73423,-293089.20826,8.231806349783991e-11,125.58615552535142,85.48951600556512,-0.09262046536072388,0.10353120617283591,0.13891458258670797,False,318.1837396847955
2019-10-27 22:00:00,-409534.081,-292837.71841,0.0,125.56669822437291,85.49124723008688,-0.09943308241296601,0.10787403847257568,0.14670973401423107,False,317.33163314508135
2019-10-27 22:30:00,-409484.04503,-292572.14851,5.820766091346741e-11,125.54541756333276,85.49299574492332,-0.10732984648988923,0.10928546816559176,0.15317639994371116,False,315.5172571682581
2019-10-27 23:00:00,-409438.59223,-292294.61391,8.231806349783991e-11,125.52270803709331,85.49477250481722,-0.1116271665876029,0.1140228422879062,0.15956764359916198,False,315.6082736292941
2019-10-27 23:30:00,-409383.44923,-292006.58168,5.820766091346741e-11,125.49964799284076,85.4966738670057,-0.10897380654996845,0.1208781353427054,0.1627477008068604,False,317.9647734378191
2019-10-28 00:00:00,-409312.13024,-291722.53308,5.820766091346741e-11,125.47800844044095,85.4986718158426,-0.10580162437295126,0.1255285056817858,0.16416878344757632,False,319.87415614908787
2019-10-28 00:30:00,-409236.5101,-291434.13177,1.1641532182693481e-10,125.45622987949493,85.50072313823047,-0.1060765345048037,0.12860970652597442,0.16671139068835722,False,320.4843870191362
2019-10-28 01:00:00,-409156.51227,-291142.89847,5.820766091346741e-11,125.43445777683404,85.502820481063,-0.10429949171560426,0.13194743425399494,0.16819188261728246,False,321.67495368547213
2019-10-28 01:30:00,-409067.17264,-290852.80234,1.1641532182693481e-10,125.41338909249822,85.50497948830596,-0.10040895242958917,0.13566452423807263,0.16878039241792897,False,323.49386412193905
2019-10-28 02:00:00,-408967.93917,-290565.29187,2.3283064365386963e-10,125.39319534281807,85.50719673671742,-0.09271425323134398,0.1372450999688389,0.1656265383859192,False,325.95948650510877
2019-10-28 02:30:00,-408857.71351,-290294.54833,5.820766091346741e-11,125.3752709565241,85.50940676063856,-0.08571623825036803,0.13818650578862463,0.16261237308969895,False,328.18892771968956
2019-10-28 03:00:00,-408740.95716,-290025.68308,5.820766091346741e-11,125.35793608950279,85.51165432793073,-0.08227301449833163,0.1414889589534264,0.16367032235676407,False,329.822850798567
2019-10-28 03:30:00,-408613.69916,-289758.23765,1.3015628661377063e-10,125.34141114293743,85.51397088204926,-0.07651288098212679,0.14241766439856107,0.16166945317197765,False,331.7533998743055
2019-10-28 04:00:00,-408482.06595,-289504.42401,1.3015628661377063e-10,125.32643141867595,85.51624841786241,-0.07092308112317439,0.14158374723068406,0.15835416292566046,False,333.3924871728172
2019-10-28 04:30:00,-408345.48504,-289255.2002,8.231806349783991e-11,125.31219276006925,85.51853804939378,-0.067239466730878,0.14191126654746644,0.1570348797540181,False,334.6477765080102
2019-10-28 05:00:00,-408205.09941,-289011.59287,1.1641532182693481e-10,125.29871651350585,85.5208261459599,-0.06404853542907382,0.13985324379155029,0.1538217952360072,False,335.3936596124857
2019-10-28 05:30:00,-408067.81151,-288776.09077,2.3283064365386963e-10,125.28577970862125,85.52304938219118,-0.06317477275853836,0.1369761601261256,0.15084270070504227,False,335.24037665730265
2019-10-28 06:00:00,-407933.9553,-288541.09686,5.820766091346741e-11,125.27265039339092,85.52524465428168,-0.06425668229557656,0.1351802248834342,0.14967502937755017,False,334.5763501106912
2019-10-28 06:30:00,-407804.08717,-288306.21062,1.8406878575731415e-10,125.25925416203918,85.52740995316299,-0.06447904352399247,0.13413065982143108,0.14882399321984804,False,334.3255613010877
2019-10-28 07:00:00,-407673.66849,-288072.80594,8.231806349783991e-11,125.2460203070625,85.52957137321584,-0.0657428598083875,0.1327488978915694,0.14813640169523362,False,333.6534438411528
2019-10-28 07:30:00,-407550.38026,-287837.13478,1.7462298274040222e-10,125.23208869201017,85.53169208071671,-0.06819355878907214,0.1304591668430923,0.14720718621627285,False,332.4030510319387
2019-10-28 08:00:00,-407431.67024,-287601.3407,5.820766091346741e-11,125.2178289908923,85.53377964322752,-0.07027191593655005,0.13059360681013324,0.14829980549236482,False,331.715476679097
2019-10-28 08:30:00,-407312.1841,-287359.33807,1.6463612699567982e-10,125.20302428155486,85.53590467965121,-0.07341193294171619,0.13238394598343506,0.15137642171878712,False,330.98996497315204
2019-10-28 09:00:00,-407194.60066,-287110.65333,0.0,125.18745138570185,85.53804998543868,-0.07687127844517683,0.13407391438108532,0.1545477530320726,False,330.17219677945684
2019-10-28 09:30:00,-407077.18543,-286855.03129,8.231806349783991e-11,125.17119993181943,85.54022953358651,-0.07918011273523332,0.1360621553602975,0.1574242686946774,False,329.803130718835
2019-10-28 10:00:00,-406958.39581,-286595.4959,5.820766091346741e-11,125.15465538845748,85.5424389794025,-0.07844427494397144,0.13823822394592508,0.15894436394917916,False,330.42694459198236
2019-10-28 10:30:00,-406832.90161,-286337.59731,1.1641532182693481e-10,125.1386930148339,85.54468873745121,-0.07774091299556597,0.13941643504509568,0.1596264135851819,False,330.85523865176833
2019-10-28 11:00:00,-406709.04189,-286077.75939,8.231806349783991e-11,125.12242339302709,85.54693616590995,-0.0778032613540128,0.13977393828589563,0.15996906357564947,False,330.89809555581354
2019-10-28 11:30:00,-406582.47714,-285819.00759,1.1641532182693481e-10,125.10641912862896,85.54919746484322,-0.07660489417120359,0.13969579696860512,0.15932113953168628,False,331.2609861926903
2019-10-28 12:00:00,-406456.22167,-285562.93074,2.098707060483278e-10,125.09063055535746,85.55144236780319,-0.07539534713150339,0.13955077071970032,0.1586154972805062,False,331.61889761235693
2019-10-28 12:30:00,-406327.43906,-285308.1117,1.3015628661377063e-10,125.0751124300718,85.55369898595218,-0.07398759306699937,0.13788205985535837,0.15647883677291483,False,331.78196739082676
2019-10-28 13:00:00,-406203.04937,-285059.70365,0.0,125.05989310204257,85.5558900578584,-0.07369481077180973,0.1336812873078232,0.15264865446825795,False,331.13326242695507
2019-10-28 13:30:00,-406085.90642,-284814.50166,0.0,125.04448129732619,85.55801115733887,-0.07314973370455687,0.1289220355000777,0.1482287920025353,False,330.42963507025894
2019-10-28 14:00:00,-405974.28435,-284577.60328,5.820766091346741e-11,125.02947434770647,85.56004871852656,-0.07254661788716552,0.12468203667848834,0.14425193945719522,False,329.80688637511616
2019-10-28 14:30:00,-405868.26789,-284343.00064,0.0,125.01429914015775,85.56203303310375,-0.07242311653345744,0.1204455445787091,0.1405426519505042,False,328.98178265986667
2019-10-28 15:00:00,-405768.75685,-284115.275,5.820766091346741e-11,124.99933037578107,85.56393394224926,-0.07224361963052045,0.11633870572117753,0.13694464219602775,False,328.1606845513419
2019-10-28 15:30:00,-405674.35993,-283889.73537,8.231806349783991e-11,124.98421673281857,85.56578577248206,-0.06932189728786808,0.11197794794436045,0.13169884687961253,False,328.2397004824929
2019-10-28 16:00:00,-405581.56084,-283679.67944,1.3015628661377063e-10,124.97045327851195,85.56754604335737,-0.06324238713589003,0.10729416502048555,0.1245457240457856,False,329.48363181507534
2019-10-28 16:30:00,-405488.33232,-283481.78372,8.231806349783991e-11,124.95786155248533,85.569246780967,-0.0577427792387403,0.10356557910391603,0.11857511429192631,False,330.8582362006735
2019-10-28 17:00:00,-405395.10057,-283295.68606,1.1641532182693481e-10,124.94638073812456,85.57088677396597,-0.0609635062148523,0.10036164769324979,0.11742661290232434,False,328.7239025763387
2019-10-28 17:30:00,-405317.89103,-283094.93061,5.820766091346741e-11,124.93243551504816,85.57248410014442,-0.06917168359519833,0.09938767800303575,0.12108935688254911,False,325.16291440726695
2019-10-28 18:00:00,-405244.35999,-282886.65673,1.6463612699567982e-10,124.91752141072094,85.57409269739479,-0.07553795608505584,0.09779105564814379,0.12356809205570093,False,322.3159812720239
2019-10-28 18:30:00,-405184.8756,-282670.43787,0.0,124.90090868927861,85.57563850238232,-0.08174949747189134,0.09631022754671789,0.12632751191647584,False,319.6749269435623
2019-10-28 19:00:00,-405128.38801,-282446.91308,1.1641532182693481e-10,124.88339023375575,85.57719934618041,-0.08660598223464697,0.09553063063852087,0.12894455222699983,False,317.8052351783948
2019-10-28 19:30:00,-405081.0703,-282217.99289,0.0,124.86473729824274,85.57871999526778,-0.09213252228585649,0.0938117574401869,0.131487822617801,False,315.51741560336865
2019-10-28 20:00:00,-405040.88576,-281981.71483,5.820766091346741e-11,124.84489733588963,85.58022538877462,-0.09706984444450664,0.09463860472374502,0.13556924505409762,False,314.2734159170079
2019-10-28 20:30:00,-405001.11953,-281736.53679,0.0,124.82416764330748,85.58177271415356,-0.10141290552520006,0.09588440156565432,0.1395650238084987,False,313.3949244803348
2019-10-28 21:00:00,-404966.00767,-281484.89164,5.820766091346741e-11,124.80249789492203,85.58331828891819,-0.10568537662653608,0.0971894242866165,0.14357988377853195,False,312.60197942786806
2019-10-28 21:30:00,-404930.97447,-281224.4309,1.1641532182693481e-10,124.77996629164193,85.58490770962158,-0.10873979501369094,0.0994786721419867,0.14737825223129905,False,312.4532817951948
2019-10-28 22:00:00,-404895.16461,-280959.08085,1.6463612699567982e-10,124.75700294324214,85.58652713881943,-0.11120793050553193,0.10136818659237848,0.15047495825003732,False,312.3497791010926
2019-10-28 22:30:00,-404859.39758,-280687.47065,5.820766091346741e-11,124.73342157589929,85.58817750115875,-0.1142767971660894,0.10097872524250466,0.1524988174450569,False,311.4648697481395
2019-10-28 23:00:00,-404830.81361,-280413.86963,8.231806349783991e-11,124.7091562949025,85.58978436304199,-0.11847179319727984,0.1018988129174553,0.15626558756605882,False,310.699164627498
2019-10-28 23:30:00,-404800.69202,-280127.98603,1.1641532182693481e-10,124.68379965714472,85.59146438806464,-0.12198889308406294,0.10189350771925627,0.1589452010952488,False,309.8709521239655
2019-10-29 00:00:00,-404779.08118,-279844.01025,0.0,124.65804289552825,85.59307109957722,-0.12259514783633707,0.10205214122340256,0.15951241268720953,False,309.7750847075858
2019-10-29 00:30:00,-404749.47482,-279556.02995,8.231806349783991e-11,124.63241283180886,85.59475625770213,-0.12045392907653821,0.1052483687280435,0.15995739479589527,False,311.1458081963142
2019-10-29 01:00:00,-404713.75973,-279271.88051,8.231806349783991e-11,124.60753482823993,85.59646608803922,-0.11483120109084653,0.10633987032611068,0.15650678184967087,False,312.8013463399574
2019-10-29 01:30:00,-404669.17443,-278998.35718,1.3015628661377063e-10,124.58424418811167,85.59818647804386,-0.10792496430486939,0.10491402150537,0.15051494885437983,False,314.1895149879867
2019-10-29 02:00:00,-404623.3463,-278737.62311,5.820766091346741e-11,124.5622457440759,85.59985030110376,-0.10091151168025847,0.10294648775427796,0.1441565556280277,False,315.5719258906583
2019-10-29 02:30:00,-404570.06544,-278488.94514,1.3015628661377063e-10,124.54188210330754,85.60150723019748,-0.09429476331602377,0.10100330082880055,0.13817803431493053,False,316.9673508626268
2019-10-29 03:00:00,-404516.31221,-278251.83388,1.3015628661377063e-10,124.52264649071434,85.6031083541649,-0.09083602940429042,0.09678853259718928,0.13273735073540635,False,316.8171339131235
2019-10-29 03:30:00,-404468.31284,-278022.04976,5.820766091346741e-11,124.5037212812567,85.60462930535003,-0.08625389763993253,0.09244099689201829,0.12643208755877636,False,316.9830063987497
2019-10-29 04:00:00,-404417.95919,-277807.43178,2.6031257322754127e-10,124.48639847639089,85.60609022197691,-0.08268102491282239,0.0887045034040583,0.12126269337597342,False,317.0128764883924
2019-10-29 04:30:00,-404373.63011,-277595.89565,8.231806349783991e-11,124.46896265675758,85.60749060366214,-0.08293028986899909,0.08647677559526329,0.11981513132784914,False,316.19929465009506
2019-10-29 05:00:00,-404330.26645,-277385.10559,5.820766091346741e-11,124.45152379413217,85.60887966260582,-0.08380634198271618,0.08401742260084802,0.11866941584508395,False,315.0720638236703
2019-10-29 05:30:00,-404294.89374,-277176.00414,1.8406878575731415e-10,124.43370853790762,85.61020070395868,-0.08538184758577366,0.08130839324215455,0.11790298854898093,False,313.6001262075216
2019-10-29 06:00:00,-404262.65035,-276966.07515,1.3015628661377063e-10,124.41559594811059,85.61150237952134,-0.08797333989211156,0.07823305451219556,0.11772730927903326,False,311.6460997103253
2019-10-29 06:30:00,-404241.55137,-276755.5561,0.0,124.39667935852869,85.61272420729972,-0.09255713898207395,0.0747537159967721,0.11897454362960595,False,308.926055076123
2019-10-29 07:00:00,-404228.82675,-276539.10441,5.820766091346741e-11,124.37662626154487,85.61391364086408,-0.09829501329817236,0.07592568411330473,0.12420394175452411,False,307.6834527840792
2019-10-29 07:30:00,-404215.75934,-276309.16641,5.820766091346741e-11,124.35528210305095,85.6151732650049,-0.10386333749623557,0.07744838764868567,0.12956020077646538,False,306.71100654210477
2019-10-29 08:00:00,-404209.65536,-276073.08186,0.0,124.33287186166446,85.61641181906585,-0.10880891346955471,0.07808238502119066,0.13392624276452508,False,305.6636071700582
2019-10-29 08:30:00,-404204.56243,-275827.16197,5.820766091346741e-11,124.30943103612078,85.61769189217259,-0.11299723469453218,0.08059281174502532,0.13879328641393388,False,305.49753572279155
2019-10-29 09:00:00,-404199.29507,-275573.53345,0.0,124.2852420703056,85.61901143021488,-0.11670994973729194,0.08304948981159117,0.14324255696421648,False,305.4352276612593
2019-10-29 09:30:00,-404194.21303,-275311.59263,5.820766091346741e-11,124.26022145113527,85.62037074215647,-0.12004108942106523,0.08613462028926498,0.14774652605652708,False,305.6610586975306
2019-10-29 10:00:00,-404186.29213,-275041.80492,5.820766091346741e-11,124.23461220192752,85.62178980146716,-0.12353306955560114,0.09015679249836535,0.15293353624180112,False,306.12268164693927
2019-10-29 10:30:00,-404176.07367,-274761.3308,0.0,124.20810171956909,85.62327884120369,-0.12623286974095607,0.09441407602606215,0.15763487924597216,False,306.7941279913691
2019-10-29 11:00:00,-404160.68755,-274474.89728,5.820766091346741e-11,124.18133552245745,85.62483524563872,-0.12632715909501735,0.09853112992427014,0.16020903435565434,False,307.95308762690604
2019-10-29 11:30:00,-404138.13376,-274185.82751,5.820766091346741e-11,124.1547664606646,85.62645710081335,-0.1246704663281156,0.1018298659257128,0.16097219253311565,False,309.2416820490972
2019-10-29 12:00:00,-404109.30513,-273897.67984,1.3015628661377063e-10,124.12868046738443,85.6281199183935,-0.1210610045853956,0.10322809537555534,0.15909684631094964,False,310.45405672259415
2019-10-29 12:30:00,-404075.03145,-273616.56561,1.3015628661377063e-10,124.10361686699507,85.62978689118872,-0.11482555992101695,0.10314353776465887,0.15434862679591504,False,311.93217611361126
2019-10-29 13:00:00,-404033.61969,-273347.20345,1.1641532182693481e-10,124.08014721968337,85.63144699591108,-0.10798898154479174,0.10262416993548433,0.14897429439345747,False,313.54085746130556
2019-10-29 13:30:00,-403986.87793,-273087.55271,1.8406878575731415e-10,124.05795582506049,85.6330972011635,-0.10105208126269156,0.10132500129448047,0.14310233755899338,False,315.07726742716625
2019-10-29 14:00:00,-403935.15048,-272841.53329,8.231806349783991e-11,124.03740344142054,85.63471540538156,-0.09540423470586014,0.09801855739353861,0.13678306033029555,False,315.77436859543786
2019-10-29 14:30:00,-403886.71054,-272605.4293,1.3015628661377063e-10,124.01758594868593,85.63625892848482,-0.09023579525350195,0.09404836954691759,0.13033646672925234,False,316.18519818773683
2019-10-29 15:00:00,-403836.25376,-272382.86275,1.1641532182693481e-10,123.99920722347049,85.6377490845688,-0.08469092437454273,0.08960441522715176,0.12329437902684105,False,316.61477494755627
2019-10-29 15:30:00,-403789.76784,-272172.28544,5.820766091346741e-11,123.98172457635273,85.6391492458805,-0.08099760214978545,0.08471838010029482,0.11720842751625396,False,316.28623115903724
2019-10-29 16:00:00,-403746.33309,-271970.60511,1.1641532182693481e-10,123.96489857248015,85.64048178935516,-0.07868026962562355,0.08134476407018817,0.11317047083932892,False,315.9539143775403
2019-10-29 16:30:00,-403705.13817,-271773.75848,1.3015628661377063e-10,123.9483871045557,85.64177312148165,-0.07944515272412041,0.07815857460130479,0.1114463775771404,False,314.5322835298108
2019-10-29 17:00:00,-403672.64137,-271576.22388,5.820766091346741e-11,123.931226840432,85.64300286812971,-0.07748122676242787,0.07407877837313033,0.10719610956497502,False,313.7139536397931
2019-10-29 17:30:00,-403639.56795,-271393.46388,1.3015628661377063e-10,123.91553910969162,85.64416264738051,-0.07663164253178772,0.07198640758324502,0.10514015176829818,False,313.20973471618345
2019-10-29 18:00:00,-403611.51143,-271202.68831,5.820766091346741e-11,123.89872941132055,85.64532484495476,-0.08104839304076497,0.07105248149664425,0.10778356619318778,False,311.23998778336147
2019-10-29 18:30:00,-403589.9871,-271008.62377,0.0,123.88115974085994,85.64645450532298,-0.08445959845074183,0.06973615151241887,0.10952878433646378,False,309.5456246439576
2019-10-29 19:00:00,-403572.59264,-270810.31008,8.231806349783991e-11,123.86289371047535,85.64757424310945,-0.08682358280328166,0.07035755133187968,0.11175204499344248,False,309.0196036648333
2019-10-29 19:30:00,-403553.82767,-270607.94471,0.0,123.84431147682622,85.64872395530548,-0.0919638014778617,0.07122643074577636,0.1163208718117365,False,307.75796370064995
2019-10-29 20:00:00,-403544.01134,-270392.53146,1.3015628661377063e-10,123.82385334603822,85.64987167797061,-0.09638143693780203,0.0707402186695861,0.11955567708652053,False,306.2772179498562
2019-10-29 20:30:00,-403535.40386,-270177.93878,1.3015628661377063e-10,123.80338552462031,85.65100575426275,-0.0972128876469575,0.07105734615847421,0.12041383628032624,False,306.16477752772346
2019-10-29 21:00:00,-403526.15052,-269959.40976,5.820766091346741e-11,123.78256331182125,85.65216369582616,-0.09976863635248943,0.07277715677596125,0.12349208617570649,False,306.10922791976805
2019-10-29 21:30:00,-403517.35568,-269733.73377,5.820766091346741e-11,123.76099854396313,85.65335323424898,-0.10362113290171351,0.07528755024614404,0.12808416922438245,False,306.00086507571666
2019-10-29 22:00:00,-403508.12919,-269498.65905,5.820766091346741e-11,123.73852741069932,85.65459214448252,-0.10448530220025797,0.07961022527107141,0.13135816055194274,False,307.3047726257449
2019-10-29 22:30:00,-403487.94076,-269261.76012,5.820766091346741e-11,123.71658294609557,85.6559211558768,-0.1063388659500453,0.0835500331201512,0.13523521156089513,False,308.1565826266314
2019-10-29 23:00:00,-403470.43991,-269013.27334,5.820766091346741e-11,123.69330976637451,85.65728709197802,-0.10920184047439466,0.08583364206503025,0.13889728605391422,False,308.1676696744968
2019-10-29 23:30:00,-403448.93192,-268763.25381,0.0,123.67013375839402,85.65868980481056,-0.10916142774087964,0.08998815323687984,0.14147114557184956,False,309.5007551507359
2019-10-30 00:00:00,-403418.70154,-268506.61203,1.7462298274040222e-10,123.6468623874216,85.66018974122603,-0.10629986901988663,0.09332085486062278,0.14145120750832238,False,311.2799579115756
2019-10-30 00:30:00,-403381.2922,-268258.54171,5.820766091346741e-11,123.62488926085942,85.66169999366817,-0.10239640953877299,0.09332015533725388,0.13854124324042033,False,312.34484023606626
2019-10-30 01:00:00,-403343.08877,-268013.62851,0.0,123.60326394902314,85.66319987706967,-0.09960901697453134,0.09329431188334619,0.13647631623259598,False,313.1250878330333
2019-10-30 01:30:00,-403300.01731,-267773.99598,5.820766091346741e-11,123.5824630517867,85.66470930736399,-0.09540932532381652,0.09196544235546306,0.1325163459592131,False,313.94704208480414
2019-10-30 02:00:00,-403257.26061,-267544.35389,2.6031257322754127e-10,123.5626127036253,85.66616632773376,-0.08921094901714055,0.08871495578644391,0.1258131026750773,False,314.840280451543
2019-10-30 02:30:00,-403211.4411,-267329.8144,1.1641532182693481e-10,123.54444023871615,85.66757092585905,-0.08285887386922558,0.0848171545590646,0.1185729424715963,False,315.66912437489816
2019-10-30 03:00:00,-403167.60248,-267127.01339,5.820766091346741e-11,123.52728567235155,85.66890219956036,-0.08167312616760203,0.08004179945953532,0.11435553855720985,False,314.4220387219196
2019-10-30 03:30:00,-403133.63132,-266925.55457,5.820766091346741e-11,123.50960761262307,85.67015272762113,-0.07656084107389054,0.07722255433855581,0.10874228839100605,False,315.24653600102215
2019-10-30 04:00:00,-403087.96983,-266743.72609,1.1641532182693481e-10,123.49462460493801,85.67139313322095,-0.07109851828127747,0.07476365126266002,0.10317268462106524,False,316.4393894753293
2019-10-30 04:30:00,-403050.42855,-266563.57204,5.820766091346741e-11,123.47926748345684,85.67256428076496,-0.07262460862005773,0.07040146934392334,0.10114692611740578,False,314.1094893819534
2019-10-30 05:00:00,-403020.79904,-266385.84627,5.820766091346741e-11,123.46362489816445,85.6736639814494,-0.07367242671979439,0.06649520925012745,0.09924333384163245,False,312.0687567472378
2019-10-30 05:30:00,-402996.97152,-266210.3179,1.1641532182693481e-10,123.44781250031052,85.67470913101046,-0.07540721782803521,0.06393101842839002,0.09886062723782353,False,310.2916225871943
2019-10-30 06:00:00,-402978.38907,-266032.4839,5.820766091346741e-11,123.43142126458744,85.67572611222296,-0.07809749064847685,0.062224634895379154,0.09985551178303662,False,308.54629072557555
2019-10-30 06:30:00,-402964.92289,-265852.26952,5.820766091346741e-11,123.41445211472292,85.67671621996097,-0.0821905229699718,0.061694796002402894,0.10276930436592227,False,306.8930474946687
2019-10-30 07:00:00,-402955.94093,-265663.19606,5.820766091346741e-11,123.39630417039015,85.67771609555507,-0.08879775051097664,0.062000925546319134,0.10830122466717476,False,304.9237586287867
2019-10-30 07:30:00,-402954.53015,-265462.52365,0.0,123.37650316757151,85.67871606298547,-0.09496970398518424,0.06241298793187142,0.11364253489612702,False,303.3124532615185
2019-10-30 08:00:00,-402956.39827,-265254.08319,5.820766091346741e-11,123.35570828218262,85.67972924399224,-0.09970707567680125,0.06353746783794623,0.11823075217250976,False,302.5069707011226
2019-10-30 08:30:00,-402960.8349,-265036.93964,0.0,123.33387219282075,85.6807654789337,-0.10486312801558817,0.0649915108632503,0.12337006160937757,False,301.78958633217417
2019-10-30 09:00:00,-402968.36746,-264810.11228,8.231806349783991e-11,123.31086199404986,85.68182555491698,-0.10876972781660249,0.06755600488512883,0.12804166308408113,False,301.84408392129524
2019-10-30 09:30:00,-402972.63398,-264576.14069,1.8406878575731415e-10,123.2873437534985,85.68294452764486,-0.10966178270399347,0.07186389602950125,0.13111112133742447,False,303.2377501267679
2019-10-30 10:00:00,-402968.77601,-264338.11242,1.1641532182693481e-10,123.26393985227273,85.68414357570428,-0.10894624802734275,0.07589339429114675,0.13277459190773944,False,304.8615783533387
2019-10-30 10:30:00,-402959.30745,-264098.33797,1.1641532182693481e-10,123.24071501375765,85.68539252347962,-0.10870434378533166,0.07833254067790464,0.13398739226828454,False,305.7765875071025
2019-10-30 11:00:00,-402947.43429,-263856.23017,0.0,123.21740122337877,85.68667023845222,-0.1057778267958074,0.08141683590611826,0.13348276971432538,False,307.5853571780924
2019-10-30 11:30:00,-402922.70901,-263619.19572,0.0,123.1954160900246,85.68801871317346,-0.10064693948534258,0.0834256694175741,0.13072738330409803,False,309.6551402909039
2019-10-30 12:00:00,-402894.48746,-263388.59946,0.0,123.17428637452252,85.6893612077096,-0.09637879526082002,0.08378729280140751,0.12770741016446877,False,311.0021955725248
2019-10-30 12:30:00,-402860.09236,-263163.73314,0.0,123.15411669724539,85.69072134730574,-0.09269833902341759,0.08280428778257595,0.12429614689474539,False,311.77333626826737
2019-10-30 13:00:00,-402827.42705,-262946.18694,1.3015628661377063e-10,123.13455177400516,85.6920321229055,-0.08776918197811982,0.08002506095067244,0.11877474346538136,False,312.35753261454073
2019-10-30 13:30:00,-402791.55962,-262741.67191,1.3015628661377063e-10,123.11648374101694,85.69330263694003,-0.08253342717739855,0.07726628999502134,0.11305682717660921,False,313.112164908713
2019-10-30 14:00:00,-402756.78166,-262545.36035,1.8406878575731415e-10,123.09915315431243,85.69452440587129,-0.07934398876087032,0.07323653683785182,0.10797712202354322,False,312.70780374476624
2019-10-30 14:30:00,-402726.6758,-262358.40765,8.231806349783991e-11,123.08244351439014,85.69566493376358,-0.0752668283110131,0.06733359360934191,0.10098964438172625,False,311.8157681709258
2019-10-30 15:00:00,-402701.57985,-262186.01287,1.1641532182693481e-10,123.06685378835905,85.69669630914305,-0.07211120500475253,0.06116025374561485,0.09455475940144653,False,310.3025439031362
2019-10-30 15:30:00,-402683.80237,-262020.72129,8.231806349783991e-11,123.05149062541126,85.69763769293448,-0.0703283531952645,0.05524457832323448,0.08943176559405422,False,308.1504693297908
2019-10-30 16:00:00,-402672.96566,-261865.3326,6.507814330688532e-11,123.03665966329852,85.6984782605874,-0.06819017375340994,0.050529621463440894,0.08487132873803063,False,306.53882692055447
2019-10-30 16:30:00,-402665.13826,-261715.7551,1.1641532182693481e-10,123.0222085651916,85.69926755739087,-0.06859135757608391,0.04653326847237984,0.08288618346173736,False,304.15347861056466
2019-10-30 17:00:00,-402667.07451,-261567.0005,5.820766091346741e-11,123.00719984550787,85.69997920229287,-0.07146333680318956,0.04379357444585558,0.08381459103157876,False,301.50045774208075
2019-10-30 17:30:00,-402673.07219,-261414.1269,1.1999816708318134e-10,122.99150991308215,85.70068012567073,-0.07403331716839961,0.043451920237623155,0.08584288801813239,False,300.40968936297895
2019-10-30 18:00:00,-402680.99528,-261258.2798,0.0,122.97539202705009,85.70138075479673,-0.07783028904922719,0.04183463678948359,0.08836113811395974,False,298.25851876269166
2019-10-30 18:30:00,-402699.2302,-261097.10414,1.1999816708318134e-10,122.95806539302605,85.70202949408267,-0.08185826949167672,0.04239325177143097,0.09218440258486198,False,297.37900652192195
2019-10-30 19:00:00,-402713.2588,-260927.98799,5.820766091346741e-11,122.94021095059757,85.70274815556674,-0.08443807882175029,0.045192375491036094,0.09577128984007115,False,298.1562781052498
2019-10-30 19:30:00,-402727.98402,-260753.5286,8.731149137020111e-11,122.92176969545685,85.70348717967698,-0.08869854826106033,0.04742375800409057,0.10058054129328492,False,298.1317300860454
2019-10-30 20:00:00,-402743.49498,-260567.16268,6.507814330688532e-11,122.90207707929248,85.70427779766935,-0.09461861569267793,0.05056794527188509,0.10728373373731473,False,298.12181677114006
2019-10-30 20:30:00,-402760.1696,-260368.65058,2.9103830456733704e-11,122.88108314505754,85.70511823500915,-0.09877119061433373,0.05483727634769003,0.11297289485804093,False,299.03881790893587
2019-10-30 21:00:00,-402770.74808,-260161.3744,6.507814330688532e-11,122.85959655884287,85.70604658247552,-0.10246158413637274,0.05965907105650118,0.11856467004575877,False,300.2104435220347
2019-10-30 21:30:00,-402779.8978,-259942.27393,1.7703168939037188e-10,122.83700586192201,85.70704252999029,-0.10522915764610107,0.06410815093136185,0.12321944097725109,False,301.35078485138865
2019-10-30 22:00:00,-402782.25327,-259717.93364,1.1641532182693481e-10,122.81431840125353,85.70811441253477,-0.10596242833204718,0.06946802565053453,0.1267037600302673,False,303.24849239591754
2019-10-30 22:30:00,-402776.44136,-259486.15349,1.7462298274040222e-10,122.79140066213478,85.70928324000161,-0.1047203848957975,0.07428972011688958,0.128395177198249,False,305.3522822741164
2019-10-30 23:00:00,-402761.60073,-259256.17262,1.1999816708318134e-10,122.76923596423192,85.71051067617383,-0.10589808287567004,0.07716047199131226,0.1310272582124207,False,306.0781867099507
2019-10-30 23:30:00,-402749.21495,-259015.24177,6.507814330688532e-11,122.74579773295767,85.71177203954439,-0.10499594556687991,0.07997223329385426,0.1319837364355543,False,307.29542693017584
2019-10-31 00:00:00,-402723.91128,-258782.52834,2.9103830456733704e-11,122.72400897108413,85.71309025559047,-0.09959158551921703,0.08153428329765217,0.12871022981524555,False,309.3067225018815
2019-10-31 00:30:00,-402696.09691,-258554.93967,1.1641532182693481e-10,122.70288553307962,85.71440197208493,-0.094722485076086,0.08036602115956794,0.12422176353606261,False,310.3124921130734
2019-10-31 01:00:00,-402664.69212,-258339.26831,1.7462298274040222e-10,122.68318264483061,85.71568252348769,-0.08842594546154549,0.07815480832514157,0.11801407498729902,False,311.47168884891653
2019-10-31 01:30:00,-402631.185,-258135.07715,6.507814330688532e-11,122.66476170791509,85.71692290952886,-0.08397616910331218,0.07560307934433398,0.11299479007287788,False,311.99645675340105
2019-10-31 02:00:00,-402598.73266,-257937.87034,1.1641532182693481e-10,122.64696663802809,85.71812113599586,-0.07953531876463299,0.07015276346595099,0.10605318077691706,False,311.41335209857084
2019-10-31 02:30:00,-402572.99768,-257757.7458,5.820766091346741e-11,122.63045182770458,85.71918573356531,-0.07425088926156229,0.06433743687997792,0.09824713909533411,False,310.90850697034136
2019-10-31 03:00:00,-402547.80941,-257587.86573,0.0,122.61492801558657,85.72019637641243,-0.06983049276950822,0.06052347951606892,0.09240881610086969,False,310.91612579743054
2019-10-31 03:30:00,-402524.96757,-257428.55954,1.1999816708318134e-10,122.60031349149503,85.72113795031972,-0.06722703997202342,0.056190489825929495,0.08761761267164224,False,309.8899462433665
2019-10-31 04:00:00,-402507.78687,-257274.99176,6.507814330688532e-11,122.58590677927432,85.72200881703297,-0.06497551599849963,0.0523306253349439,0.08342848450749632,False,308.8476183002549
2019-10-31 04:30:00,-402492.20919,-257130.00882,6.507814330688532e-11,122.57225855995664,85.72282589957015,-0.06356460353213522,0.04988858776810178,0.08080426976152394,False,308.1265447982976
2019-10-31 05:00:00,-402479.63145,-256985.46216,0.0,122.55845553911266,85.72361798073042,-0.06404681475404736,0.04786434878478465,0.07995617777714724,False,306.77200439462325
2019-10-31 05:30:00,-402471.06026,-256842.94458,5.820766091346741e-11,122.54459401793936,85.72436977232005,-0.06493901577331869,0.04594406011936572,0.07954830249514583,False,305.27923415405917
2019-10-31 06:00:00,-402465.96845,-256699.41439,2.3283064365386963e-10,122.53040058007574,85.72509990879064,-0.06671897203758945,0.045263856637853754,0.0806240531571368,False,304.1539719318094
2019-10-31 06:30:00,-402462.83674,-256552.81451,6.507814330688532e-11,122.51576507311034,85.72582975767848,-0.06855330794321879,0.04586868354888324,0.08248328412754537,False,303.78628722223993
2019-10-31 07:00:00,-402459.38441,-256402.54757,1.1999816708318134e-10,122.50077391842322,85.72657940400424,-0.07145362819967789,0.04732594508869695,0.08570511105783693,False,303.51773889721125
2019-10-31 07:30:00,-402457.36066,-256244.32471,8.231806349783991e-11,122.48487944278689,85.72735624540147,-0.07502128293948389,0.04923420857777804,0.08973405255624115,False,303.2756842598386
2019-10-31 08:00:00,-402454.92587,-256079.53575,1.7703168939037188e-10,122.46834030872438,85.72816744719488,-0.07748807238915298,0.052120881730097116,0.09338622850779114,False,303.92600088464053
2019-10-31 08:30:00,-402448.80857,-255908.24308,0.0,122.4513729627225,85.72903740246002,-0.08075941206137342,0.05608940415066524,0.09832651674129095,False,304.78093239672893
2019-10-31 09:00:00,-402440.53773,-255725.85283,5.820766091346741e-11,122.4334119994487,85.72997659570703,-0.08356028908506831,0.05978674638196839,0.10274617732510537,False,305.5834297864107
2019-10-31 09:30:00,-402428.48314,-255538.91571,6.507814330688532e-11,122.41522558183459,85.73096582589191,-0.0850330844792956,0.06356207802749739,0.10616385081201929,False,306.7780483634167
2019-10-31 10:00:00,-402411.46376,-255344.77043,1.1999816708318134e-10,122.39661883925264,85.73202678744305,-0.08569941640932532,0.06815037634630838,0.10949366999531256,False,308.4926214232763
2019-10-31 10:30:00,-402386.62361,-255146.96743,1.1999816708318134e-10,122.37813500509617,85.73316402589923,-0.0848604666134104,0.07118584558971955,0.11076426953746923,False,309.99186062544055
2019-10-31 11:00:00,-402358.63166,-254949.53452,2.9103830456733704e-11,122.35988184037699,85.73432289845455,-0.08350571701810364,0.07346581327778168,0.11122243701373156,False,311.3403452174831
2019-10-31 11:30:00,-402324.12198,-254751.47492,0.0,122.34197458220368,85.73553367910219,-0.08120791901355053,0.07536513634845154,0.11079092872312278,False,312.8629047953608
2019-10-31 12:00:00,-402285.80425,-254557.39249,1.8406878575731415e-10,122.32470671617095,85.73675381992234,-0.0783582611027097,0.0753014876159114,0.10867534734340482,False,313.8603578781655
2019-10-31 12:30:00,-402245.88448,-254368.14636,1.1641532182693481e-10,122.30802414884634,85.73796254483122,-0.07458754523854924,0.07471875238796859,0.10557553629097599,False,315.05035028051736
2019-10-31 13:00:00,-402201.973,-254186.68102,2.9103830456733704e-11,122.2923809873362,85.73916389737951,-0.06995144161271385,0.07291601728812563,0.10104429603327024,False,316.1887472660886
2019-10-31 13:30:00,-402158.52165,-254015.03351,1.1999816708318134e-10,122.27769927599158,85.74031447113697,-0.06636085538915297,0.06943332662413318,0.09604556196969039,False,316.2961498119739
2019-10-31 14:00:00,-402118.21708,-253851.21462,0.0,122.26360485343942,85.74140348057082,-0.06320405658414438,0.06577826346474233,0.09122243536065446,False,316.1433474900257
2019-10-31 14:30:00,-402079.74329,-253696.2216,0.0,122.2502850523746,85.74243616224446,-0.058278938719500545,0.06150914614047763,0.08473375807316665,False,316.54466457430095
2019-10-31 15:00:00,-402042.90112,-253555.61719,1.1999816708318134e-10,122.2383209419629,85.74338747907544,-0.05432902829346207,0.05613163709060871,0.07811788526185026,False,315.9349274600072
2019-10-31 15:30:00,-402013.15481,-253422.99435,1.1641532182693481e-10,122.22670932722775,85.74424669184891,-0.05389829421723333,0.051448065255325054,0.07451127121478758,False,313.6676096637917
2019-10-31 16:00:00,-401989.69371,-253292.7066,1.1641532182693481e-10,122.21492721278344,85.74504693172872,-0.05335120622748013,0.04784507358081524,0.07166241882521646,False,311.88558323736095
2019-10-31 16:30:00,-401969.81737,-253168.6757,2.9103830456733704e-11,122.20354880168452,85.7457899383685,-0.053196363050505645,0.045039242203380306,0.06970212607988335,False,310.2532603076738
2019-10-31 17:00:00,-401954.55575,-253044.25135,6.507814330688532e-11,122.19182967951694,85.74649966474901,-0.054631263956988446,0.0428115518420467,0.06940752100934304,False,308.0838695376898
2019-10-31 17:30:00,-401944.16743,-252920.12865,6.507814330688532e-11,122.17982431534662,85.74717081772611,-0.05482178125263585,0.04127045303745758,0.06861980758956446,False,306.97284476069615
2019-10-31 18:00:00,-401933.91469,-252798.0839,8.231806349783991e-11,122.16801870389082,85.74783084323218,-0.056366561062256404,0.04108695576325619,0.06975189703425169,False,306.08921649845297
2019-10-31 18:30:00,-401926.99564,-252669.60965,0.0,122.15533837542367,85.74849606024944,-0.05981769215986995,0.04214377517555826,0.07317276871474092,False,305.16611090246533
2019-10-31 19:00:00,-401920.07879,-252535.02554,8.231806349783991e-11,122.14202948183237,85.74919017635585,-0.06275308131159164,0.04384233631137386,0.0765512878228632,False,304.94001120719736
2019-10-31 19:30:00,-401913.54309,-252394.35355,5.820766091346741e-11,122.12806936048489,85.74991017905215,-0.0659746478330334,0.04583861441149959,0.08033574999873293,False,304.79123852418365
2019-10-31 20:00:00,-401906.6409,-252246.1292,6.507814330688532e-11,122.11335563833501,85.75066868205214,-0.07138894810782076,0.04888904290474652,0.08652468103427641,False,304.40437649886667
2019-10-31 20:30:00,-401901.09126,-252083.11368,1.1641532182693481e-10,122.09703658899659,85.75148705731955,-0.07502512340793274,0.05321801807638652,0.09198329517012391,False,305.349448665975
2019-10-31 21:00:00,-401887.85374,-251915.52271,1.1641532182693481e-10,122.08073618276293,85.75238522308305,-0.07645934158883878,0.05683624207464913,0.09527008622525146,False,306.6253593791413
2019-10-31 21:30:00,-401873.91568,-251741.2197,6.507814330688532e-11,122.06378656144673,85.75332028879619,-0.07870915464401261,0.06076000869234201,0.09943294062366137,False,307.6665630050976
2019-10-31 22:00:00,-401852.90584,-251559.27421,1.1999816708318134e-10,122.04650009538992,85.75434502098707,-0.0800654705973004,0.06646296783621816,0.10405674257617978,False,309.69632844490184
2019-10-31 22:30:00,-401824.04897,-251369.94935,6.507814330688532e-11,122.02895211045855,85.75546403563231,-0.08228044919697633,0.07090958192811325,0.10861970875157052,False,310.75487963632565
2019-10-31 23:00:00,-401793.58327,-251172.76931,8.231806349783991e-11,122.0106925969385,85.75663218121602,-0.07969594643632567,0.07404560768810045,0.10878509041353862,False,312.8952019730186
2019-10-31 23:30:00,-401750.09819,-250985.36846,6.507814330688532e-11,121.99426050227324,85.757852404337,-0.07398522765681007,0.07808893502833458,0.10757181640787457,False,316.54574624622205
2019-11-01 00:00:00,-401696.28461,-250797.93315,0.0,121.97847721843613,85.75915093813151,-0.07092021163030562,0.08028535123035996,0.10712335898332165,False,318.544171292157
2019-11-01 00:30:00,-401640.14546,-250615.73112,5.820766091346741e-11,121.96337060648378,85.76044200508254,-0.06644707354592405,0.08033401226682133,0.1042533793682643,False,320.4046585321714
2019-11-01 01:00:00,-401577.56109,-250441.8939,6.507814330688532e-11,121.94952696237347,85.76174211735557,-0.06229208183944905,0.07939354501605594,0.10091401513223582,False,321.8823110300235
2019-11-01 01:30:00,-401516.29338,-250274.20423,5.820766091346741e-11,121.93622226924568,85.76300283442393,-0.059968801996661894,0.07693497401197955,0.09754612980092449,False,322.0645161232846
2019-11-01 02:00:00,-401456.71663,-250112.1755,1.1999816708318134e-10,121.9233833728834,85.76422364339105,-0.0560215988063114,0.07475562226729934,0.09341746407062468,False,323.1522400990079
2019-11-01 02:30:00,-401394.5201,-249960.72235,8.231806349783991e-11,121.91179264026114,85.76541407679953,-0.0478529002016922,0.07105855737013943,0.08566923971437186,False,326.04252832871117
2019-11-01 03:00:00,-401330.63273,-249830.71658,5.820766091346741e-11,121.90251051243987,85.76651564839395,-0.042614118972309795,0.06701715301525371,0.07941827204148995,False,327.548990806977
2019-11-01 03:30:00,-401270.77516,-249702.98352,2.9103830456733704e-11,121.8931993715721,85.76757569513619,-0.041934215657503666,0.06359023718507457,0.07617215178832791,False,326.59737523129684
2019-11-01 04:00:00,-401216.02717,-249581.59405,6.507814330688532e-11,121.88420946139567,85.768566735953,-0.03984231049205517,0.05898198134073053,0.07117783242150336,False,325.96098569815376
2019-11-01 04:30:00,-401166.2393,-249469.03632,0.0,121.87580728533251,85.76947814694786,-0.038957913946443115,0.05336812661232488,0.06607477580111495,False,323.8711290992676
2019-11-01 05:00:00,-401126.93781,-249361.0383,1.1999816708318134e-10,121.86719964564567,85.77028810526456,-0.0395102619746224,0.049851938908498095,0.06361034989873833,False,321.60133973643104
2019-11-01 05:30:00,-401088.91696,-249253.48818,5.820766091346741e-11,121.85855285394778,85.77108610410838,-0.040387990213717945,0.04902519310957466,0.06351896813499462,False,320.5175818091761
2019-11-01 06:00:00,-401053.77869,-249144.38898,5.820766091346741e-11,121.84955852545332,85.77186939206285,-0.042735925791693684,0.048138508280081815,0.06437138597781358,False,318.4022908760958
2019-11-01 06:30:00,-401022.89563,-249031.35485,1.1641532182693481e-10,121.83988266149484,85.77263878652352,-0.046285660946645726,0.049588143702980834,0.06783322493568564,False,316.97283856224306
2019-11-01 07:00:00,-400990.02799,-248908.65757,5.820766091346741e-11,121.82933366154218,85.77346882833501,-0.047095396034986206,0.04961782948599437,0.06840983358109715,False,316.4940255844423
2019-11-01 07:30:00,-400960.5481,-248793.10213,2.9103830456733704e-11,121.8193004968013,85.7742391980854,-0.04717573211019214,0.049451784855326635,0.06834492465070195,False,316.3493475778441
2019-11-01 08:00:00,-400928.29915,-248670.48519,1.1999816708318134e-10,121.80871215025775,85.77506386951966,-0.05033811539368616,0.05386874187283162,0.07372765568190695,False,316.9404926963582
2019-11-01 08:30:00,-400891.26298,-248536.8852,5.820766091346741e-11,121.79729220063487,85.77597670162721,-0.05344219764911477,0.05926958747209025,0.07980571714281381,False,317.95965341778674
2019-11-01 09:00:00,-400848.3261,-248394.53966,5.820766091346741e-11,121.78534174058817,85.77697557843736,-0.055837868920197264,0.06382009963033124,0.08479901368751017,False,318.8164740214545
2019-11-01 09:30:00,-400801.85017,-248244.99642,1.3015628661377063e-10,121.77286845612599,85.77803518456027,-0.055508329272979426,0.06601696605005838,0.08625204012156504,False,319.94223433651086
2019-11-01 10:00:00,-400751.50154,-248099.51455,1.1999816708318134e-10,121.76105648636972,85.77910493817969,-0.054928943253973045,0.06787514243108606,0.08731680117273198,False,321.0179825315686
2019-11-01 10:30:00,-400698.17918,-247948.24355,1.1641532182693481e-10,121.7488302142057,85.78022446143042,-0.054318601391019954,0.07242590941888619,0.0905318883721599,False,323.13052292698353
2019-11-01 11:00:00,-400632.67976,-247796.0317,0.0,121.73727920133365,85.78144101386589,-0.05170772345263723,0.07744434112992654,0.09311989388794878,False,326.26991687493626
2019-11-01 11:30:00,-400558.98715,-247643.275,1.049353530241639e-10,121.72618932888975,85.78272239973104,-0.048791602120847766,0.07817163103086952,0.09214892476608459,False,328.0292407214243
2019-11-01 12:00:00,-400485.6812,-247498.64259,5.820766091346741e-11,121.71590907079074,85.78396241389413,-0.04459859707672487,0.0768945254641106,0.08889208574199846,False,329.8863938011354
2019-11-01 12:30:00,-400407.91077,-247361.16989,1.1999816708318134e-10,121.70664992417848,85.78520260793144,-0.03955143621099402,0.07691540738333466,0.08648870446073673,False,332.78686882186287
2019-11-01 13:00:00,-400324.94578,-247231.98033,1.1641532182693481e-10,121.69857589858914,85.78644329493017,-0.03480698712919081,0.07445626585407428,0.08219040015685677,False,334.9447429618089
2019-11-01 13:30:00,-400245.69534,-247113.71414,1.1641532182693481e-10,121.69139157996536,85.78760416510906,-0.02974776683075596,0.0709656348309301,0.07694836553412908,False,337.2572743077777
2019-11-01 14:00:00,-400163.82365,-247006.64396,2.9103830456733704e-11,121.68553184382195,85.78873226503264,-0.023652095420406805,0.06794505114407254,0.07194408657246724,False,340.8066746592928
2019-11-01 14:30:00,-400082.27696,-246912.77941,6.507814330688532e-11,121.68101773356055,85.78979570489956,-0.019282016506237353,0.06309187708897673,0.06597257850923638,False,343.0059018071357
2019-11-01 15:00:00,-400006.99493,-246828.28586,1.1641532182693481e-10,121.67707246520908,85.79076726170771,-0.01666024262137316,0.05492826400394805,0.05739928458343739,False,343.1269716592466
2019-11-01 15:30:00,-399945.49024,-246757.89746,8.231806349783991e-11,121.67370696184499,85.79156738780954,-0.015119607290411383,0.047531224788193174,0.049878049826371625,False,342.35421519749246
2019-11-01 16:00:00,-399889.94982,-246692.11469,0.0,121.67043631168752,85.79230035451928,-0.015017410306903964,0.0426123408404665,0.045181126637457755,False,340.5865599227932
2019-11-01 16:30:00,-399843.31514,-246631.34336,6.507814330688532e-11,121.66711450958381,85.79294182387603,-0.014643565431981684,0.036950010061550076,0.03974590862100627,False,338.3812066602211
2019-11-01 17:00:00,-399804.41025,-246577.41344,1.1999816708318134e-10,121.66400703111454,85.79349215623277,-0.014916471927795468,0.03260413177296824,0.03585429602490875,False,335.415786666205
2019-11-01 17:30:00,-399771.60132,-246524.02326,2.9103830456733704e-11,121.6605644470575,85.79399344934441,-0.017903872514730773,0.02958566249716261,0.034581209875013716,False,328.81961640170056
2019-11-01 18:00:00,-399747.5842,-246466.64726,5.820766091346741e-11,121.65614415515634,85.79444641908489,-0.02180207229716821,0.028223926130328324,0.03566399252272773,False,322.31507153720224
2019-11-01 18:30:00,-399726.30466,-246403.88875,2.9103830456733704e-11,121.65098855636248,85.79490379047238,-0.02586399004570871,0.028117106215003948,0.038203633897711,False,317.3900803743664
2019-11-01 19:00:00,-399710.27736,-246334.27072,6.507814330688532e-11,121.64478295459895,85.79535331152923,-0.0303801038194197,0.029449577846561676,0.042311090076000354,False,314.1089554339998
2019-11-01 19:30:00,-399693.42959,-246255.15883,5.820766091346741e-11,121.63764208372487,85.79585366046602,-0.03479025345719472,0.02952767255326184,0.045631624801539795,False,310.32240061376194
2019-11-01 20:00:00,-399685.47236,-246171.88042,0.0,121.62949740095618,85.7963056984407,-0.03865729384898008,0.030341172975236197,0.04914237626773452,False,308.1275091342997
2019-11-01 20:30:00,-399673.40862,-246079.3828,5.820766091346741e-11,121.62065546674893,85.79683228839978,-0.0407582070380165,0.033683857589865876,0.05287564376050832,False,309.5713924377167
2019-11-01 21:00:00,-399659.14252,-245983.35789,2.9103830456733704e-11,121.61158551126205,85.79739214735386,-0.04135257478520169,0.03591833847391192,0.05477373896396155,False,310.97717958450335
2019-11-01 21:30:00,-399641.31994,-245884.82581,5.820766091346741e-11,121.60247996522128,85.79799081105753,-0.04308802968254534,0.04144297249256805,0.05978376260276414,False,313.88510800451877
2019-11-01 22:00:00,-399613.35755,-245773.06274,1.1641532182693481e-10,121.59264419903839,85.79872885481375,-0.04670483317720815,0.0494779828827891,0.06803978418734451,False,316.65149841526977
2019-11-01 22:30:00,-399577.68097,-245648.29407,8.231806349783991e-11,121.58194512652287,85.7995866796978,-0.04857405853000431,0.05658863187552018,0.07457688931310706,False,319.3581547331477
2019-11-01 23:00:00,-399531.3916,-245517.40403,1.1999816708318134e-10,121.5712833580436,85.8005540841116,-0.04872165164800504,0.06085296904968082,0.07795436601929981,False,321.31764976688385
2019-11-01 23:30:00,-399482.86622,-245384.16045,6.507814330688532e-11,121.56051462187366,85.80154944975729,-0.047340986829805795,0.06328211670179598,0.07903034435126531,False,323.2000492859706
2019-11-02 00:00:00,-399426.47426,-245252.94636,5.820766091346741e-11,121.55045535357922,85.8025952149009,-0.04439838597646363,0.06559270217520677,0.07920618193020301,False,325.9067159951303
2019-11-02 00:30:00,-399365.27096,-245124.39621,1.1999816708318134e-10,121.54097641690778,85.80366510393807,-0.04123468330477093,0.06664435403262452,0.07836943939872576,False,328.25378879335983
2019-11-02 01:00:00,-399299.65154,-245000.92786,1.1999816708318134e-10,121.53230486314564,85.80474479070487,-0.037617787016920194,0.06728437798764678,0.07708622069627552,False,330.79103389342265
2019-11-02 01:30:00,-399229.6366,-244882.29016,1.1999816708318134e-10,121.52441374669588,85.8058353213397,-0.033811683207314716,0.06527569145813675,0.07351289558063724,False,332.6166219118048
2019-11-02 02:00:00,-399162.98366,-244774.30125,1.3015628661377063e-10,121.5174143026295,85.80685021882651,-0.029765246428188705,0.06174644310759307,0.06854628459201877,False,334.2633273770981
2019-11-02 02:30:00,-399096.15696,-244674.74028,6.507814330688532e-11,121.51130200833181,85.80782691437184,-0.02739302759284019,0.05762093724578318,0.06380086496110055,False,334.57355790748176
2019-11-02 03:00:00,-399037.68004,-244581.80882,1.7462298274040222e-10,121.50534465047474,85.80870873988717,-0.026908917682290555,0.050933065109107147,0.05760440063259783,False,332.1516449296899
2019-11-02 03:30:00,-398990.44986,-244496.32854,6.507814330688532e-11,121.49944318069132,85.80946972189744,-0.02428875585558422,0.0459454207098689,0.05197042760281107,False,332.13711412832754
2019-11-02 04:00:00,-398942.33582,-244420.8322,1.1641532182693481e-10,121.49463867267843,85.81019068141808,-0.023461689724884792,0.041317340547223205,0.047513929690586314,False,330.4103030524694
2019-11-02 04:30:00,-398907.7434,-244346.60281,1.1641532182693481e-10,121.48909975918174,85.81080237561477,-0.02661983010215466,0.035788479509231724,0.04460303375612783,False,323.35775934378034
2019-11-02 05:00:00,-398882.52633,-244271.81594,1.1641532182693481e-10,121.4829012123816,85.8113450056957,-0.029184746912239597,0.031055400018007013,0.0426167493200726,False,316.77864931769847
2019-11-02 05:30:00,-398867.2709,-244198.61712,1.1641532182693481e-10,121.47622975131638,85.81180403901489,-0.03279894375913589,0.026960995185638204,0.042457814040703576,False,309.4204793032958
2019-11-02 06:00:00,-398861.40127,-244120.43469,6.507814330688532e-11,121.4684357032795,85.8122146006965,-0.037591470540225026,0.02451135800390588,0.04487677939171044,False,303.1061890907703
2019-11-02 06:30:00,-398862.65357,-244037.12671,6.507814330688532e-11,121.45964894599672,85.81259462267256,-0.04236437686060877,0.024177668393370454,0.048778069618707426,False,299.71372776151736
2019-11-02 07:00:00,-398866.75137,-243944.91516,8.231806349783991e-11,121.44974786419534,85.8129944185734,-0.04816070627463387,0.0250858145270912,0.05430240988537413,False,297.51398029894426
2019-11-02 07:30:00,-398876.07154,-243842.09907,6.507814330688532e-11,121.4384021979853,85.81340372566753,-0.05341824175932247,0.02728985064519658,0.0599853690569172,False,297.0611883923244
2019-11-02 08:00:00,-398883.23301,-243729.59771,5.820766091346741e-11,121.42617929636224,85.81387461722778,-0.05612382639351828,0.03125768849555726,0.06424116265397967,False,299.11524902070596
2019-11-02 08:30:00,-398885.39683,-243611.01897,1.1999816708318134e-10,121.41363716395412,85.81441191167579,-0.058320038749006015,0.03585621629767888,0.06846090246901143,False,301.5839537416284
2019-11-02 09:00:00,-398882.50039,-243483.13955,6.507814330688532e-11,121.40044176832205,85.81503111907499,-0.06257647547036714,0.0399328174031138,0.07423237291131066,False,302.5437487483386
2019-11-02 09:30:00,-398880.06462,-243343.83563,6.507814330688532e-11,121.38601713534506,85.81569988972629,-0.06743832079639962,0.045483884484275136,0.08134316725833209,False,303.9977592347245
2019-11-02 10:00:00,-398869.15655,-243190.60833,1.1641532182693481e-10,121.37067081943901,85.81649814596646,-0.07176483799445806,0.05260967218701365,0.08898297353986238,False,306.24455595480504
2019-11-02 10:30:00,-398852.84775,-243024.65523,5.820766091346741e-11,121.35433026441666,85.81739674986028,-0.0735734454208543,0.05909510545300914,0.09436780891595235,False,308.7718632171186
2019-11-02 11:00:00,-398825.29849,-242853.72713,5.820766091346741e-11,121.33817862103389,85.8184042116394,-0.06976102233903993,0.06460679389503746,0.09508226993074932,False,312.8032625069342
2019-11-02 11:30:00,-398784.80929,-242689.18923,0.0,121.32351480186136,85.81948061488504,-0.0681098161785177,0.06759224897848382,0.09595654840520691,False,314.78147515770456
2019-11-02 12:00:00,-398744.90277,-242517.76911,5.820766091346741e-11,121.30808438923566,85.82058432520871,-0.068633281867205,0.06988053562336805,0.09794803029603007,False,315.5159084210196
2019-11-02 12:30:00,-398698.26406,-242347.3621,2.9103830456733704e-11,121.29318154668246,85.82173455914386,-0.06541816433538669,0.07132251215583148,0.09678035423178812,False,317.47244793102607
2019-11-02 13:00:00,-398647.82076,-242183.15873,6.507814330688532e-11,121.27916440525398,85.82288478434643,-0.06271827045518077,0.07098391429136647,0.09472221247950906,False,318.53759781928164
2019-11-02 13:30:00,-398597.09546,-242021.71522,2.9103830456733704e-11,121.26544738211672,85.82402408519728,-0.06108510043076522,0.0707222733242029,0.09345067917773489,False,319.18177311599663
2019-11-02 14:00:00,-398544.32788,-241863.05049,5.820766091346741e-11,121.2521450560835,85.82516587234134,-0.059889295941365266,0.06887086131080532,0.09126841351773685,False,318.99015966802347
2019-11-02 14:30:00,-398496.99279,-241708.76912,5.820766091346741e-11,121.2389498460636,85.82624545145313,-0.05899920948427673,0.06482209656849332,0.08765164529719131,False,317.6924384252296
2019-11-02 15:00:00,-398454.95363,-241560.42618,1.1641532182693481e-10,121.22603464425258,85.82725665159153,-0.059224291729162826,0.05930573028152146,0.0838134021206964,False,315.0393662679414
2019-11-02 15:30:00,-398424.95233,-241415.76723,5.820766091346741e-11,121.21273344486829,85.82815829386053,-0.057004742716483675,0.05300205748839159,0.07783802920279563,False,312.9161666209219
2019-11-02 16:00:00,-398398.11276,-241286.0348,8.231806349783991e-11,121.20079562072263,85.82896620291599,-0.05781852920867842,0.049632435987965275,0.07619948176959125,False,310.64336799308364
2019-11-02 16:30:00,-398379.94798,-241145.16596,5.820766091346741e-11,121.18712830232586,85.82975911085771,-0.063173623291302,0.04813356037472376,0.07942132153331692,False,307.3046804721638
2019-11-02 17:00:00,-398367.64299,-241001.74624,5.820766091346741e-11,121.17281394236294,85.83051869139308,-0.0654346526618415,0.04500896028458938,0.07941977256877272,False,304.5219801691635
2019-11-02 17:30:00,-398363.24485,-240859.7431,8.231806349783991e-11,121.15814004277583,85.83121082299186,-0.06832154336449822,0.04131688710298094,0.07984308641070612,False,301.1631034757655
2019-11-02 18:00:00,-398367.61809,-240714.31113,1.3015628661377063e-10,121.14254159649774,85.83185130794543,-0.0718720267983207,0.03908600696284669,0.08181261624222899,False,298.53857735324743
2019-11-02 18:30:00,-398376.62576,-240565.5218,1.3015628661377063e-10,121.12628957183442,85.83247148904421,-0.07530479453934748,0.03844532264872374,0.08455090132090733,False,297.0456545292708
2019-11-02 19:00:00,-398389.2781,-240410.69953,6.507814330688532e-11,121.10916480642602,85.83309130383864,-0.07988966404829019,0.038759595392635335,0.08879563422122434,False,295.88099558843714
2019-11-02 19:30:00,-398405.75427,-240247.18741,8.231806349783991e-11,121.09087531619238,85.8337216135284,-0.08618161693262945,0.03994097190849748,0.09498711667440941,False,294.8654202076632
2019-11-02 20:00:00,-398426.3599,-240070.76245,5.820766091346741e-11,121.07095547464444,85.83437951877097,-0.09208915416471099,0.04516409312403202,0.10256806336520224,False,296.1251236012106
2019-11-02 20:30:00,-398437.58832,-239879.31721,1.7462298274040222e-10,121.05003992380904,85.83517830819346,-0.0972756596020753,0.05101594817246383,0.1098416174268858,False,297.6746380781999
2019-11-02 21:00:00,-398449.64194,-239676.01862,1.3015628661377063e-10,121.02781235035762,85.83602494835908,-0.10181347251301313,0.05299185961882957,0.11477857104451084,False,297.4960683217647
2019-11-02 21:30:00,-398463.04225,-239466.8991,1.1999816708318134e-10,121.00487533743583,85.83688748383537,-0.10579636199331618,0.05645797987549648,0.11991819587803497,False,298.08650593396635
2019-11-02 22:00:00,-398471.62142,-239244.873,6.507814330688532e-11,120.98087069724161,85.83784590800326,-0.1097427128779052,0.06284200968132363,0.12646177766657368,False,299.79676251630883
2019-11-02 22:30:00,-398472.4503,-239011.73392,1.1999816708318134e-10,120.95617147860138,85.83891436317649,-0.11033689772187007,0.06933020115111878,0.13031081225493535,False,302.14320460030353
2019-11-02 23:00:00,-398461.90308,-238775.85475,5.820766091346741e-11,120.93189091691414,85.84008209056087,-0.10831674666197494,0.07344407781409194,0.1308684460570876,False,304.1391998127134
2019-11-02 23:30:00,-398446.09131,-238541.34547,5.820766091346741e-11,120.9080753772877,85.84128323455836,-0.10555890805740756,0.07533318395801067,0.12968335157422367,False,305.5139366336822
2019-11-03 00:00:00,-398424.4138,-238310.50233,2.486632364254192e-10,120.8850059749986,85.84251189994842,-0.10319993893159263,0.07839927819526352,0.12960198384678673,False,307.22333304115904
2019-11-03 00:30:00,-398394.58268,-238077.6303,0.0,120.86222428573029,85.84381192246789,-0.10109448475270343,0.08030277589292914,0.12910705117662857,False,308.46130681757114
2019-11-03 01:00:00,-398362.95034,-237849.79885,6.507814330688532e-11,120.84007683209846,85.8451019915764,-0.09675537495560883,0.08001072845334761,0.12555205792991125,False,309.588649964428
2019-11-03 01:30:00,-398325.83595,-237630.90163,8.231806349783991e-11,120.81921037059263,85.84639261012063,-0.09330990508811345,0.0769014852950538,0.12091557727661939,False,309.49368746765646
2019-11-03 02:00:00,-398297.29878,-237419.48205,1.1999816708318134e-10,120.79858195785877,85.84758236451839,-0.08890794603522997,0.07162619149375189,0.1141706362253578,False,308.855680771951
2019-11-03 02:30:00,-398268.22823,-237223.94451,5.820766091346741e-11,120.77966197976826,85.84870287021873,-0.08974986724476569,0.07011564121324154,0.11389135969509312,False,307.99816055721874
2019-11-03 03:00:00,-398245.77971,-237012.72281,5.820766091346741e-11,120.75864680833521,85.84984380704012,-0.08758509921563959,0.06743425355994247,0.11053745138096881,False,307.5936949276737
2019-11-03 03:30:00,-398220.86947,-236828.83785,2.9103830456733704e-11,120.74068131051322,85.85087795511778,-0.08354533441272277,0.06696735595501556,0.1070721703606471,False,308.7145840269035
2019-11-03 04:00:00,-398192.30794,-236630.98987,5.820766091346741e-11,120.72145283626,85.85200372699792,-0.09188198208629667,0.0687392085898561,0.11474919359048363,False,306.8010811048137
2019-11-03 04:30:00,-398177.11814,-236418.06415,8.231806349783991e-11,120.69976513343771,85.85309498932061,-0.09553760885602837,0.06549798323295239,0.11583358974628898,False,304.4334739288226
2019-11-03 05:00:00,-398165.15309,-236214.87404,5.820766091346741e-11,120.67889864738378,85.85411630442238,-0.10032280582525804,0.05473884697643169,0.1142847616130936,False,298.61808112189135
2019-11-03 05:30:00,-398191.91311,-236006.90511,1.1641532182693481e-10,120.65506879420624,85.85486043799035,-0.11606384131965655,0.0447449649354689,0.12439022127543128,False,291.0826628817956
2019-11-03 06:00:00,-398239.62028,-235773.30437,1.1999816708318134e-10,120.62717857820127,85.85555936370096,-0.13592658227383947,0.041300578907454664,0.1420625692669879,False,286.90112899310907
2019-11-03 06:30:00,-398313.26401,-235510.08548,6.507814330688532e-11,120.59448753880045,85.85619235168701,-0.15750867267714685,0.0360444338918486,0.1615802685450808,False,282.8896762723723
2019-11-03 07:00:00,-398416.51949,-235219.16655,1.4551915228366852e-10,120.55696819562742,85.85672171659061,-0.17781294110264725,0.03657073495258194,0.18153473683718357,False,281.62194506216247
2019-11-03 07:30:00,-398525.33006,-234891.92451,0.0,120.51521430824302,85.85737168166789,-0.18694345019815134,0.03655800332637361,0.19048449065265088,False,281.06492184266244
2019-11-03 08:00:00,-398644.86471,-234572.5573,1.1641532182693481e-10,120.47361437901105,85.85790085578034,-0.18772539510551062,0.03503787857888161,0.1909672142092158,False,280.5722861149593
2019-11-03 08:30:00,-398759.34985,-234245.4988,1.1641532182693481e-10,120.43149911518115,85.85850175563213,-0.1905738410091441,0.037493449632569974,0.19422705177788338,False,281.13020631601285
2019-11-03 09:00:00,-398875.98101,-233912.64048,5.820766091346741e-11,120.38861722921347,85.85911011687764,-0.1951863470372422,0.04363688747897707,0.20000471999079333,False,282.60211631592347
2019-11-03 09:30:00,-398979.29414,-233559.89762,6.507814330688532e-11,120.34442994198965,85.85990913437676,-0.19607377920247243,0.048309422707791067,0.20193743390738614,False,283.84107846722554
2019-11-03 10:00:00,-399082.49377,-233215.61481,2.9103830456733704e-11,120.30113814057982,85.86066832288387,-0.19441423390512963,0.05412294693081415,0.20180730345900313,False,285.55666221381466
2019-11-03 10:30:00,-399164.19632,-232857.31483,8.231806349783991e-11,120.25767236355313,85.86165478844414,-0.1964749076213442,0.06617955656755704,0.20732130385537859,False,288.61530833295444
2019-11-03 11:00:00,-399233.11016,-232484.61343,8.231806349783991e-11,120.21344062901962,85.86280281332321,-0.19442120351035314,0.07312059906779977,0.20771669740887003,False,290.6109664984832
2019-11-03 11:30:00,-399288.93451,-232120.01199,6.507814330688532e-11,120.17086917066857,85.8640132852127,-0.18631012485713164,0.07624167996434122,0.20130637443475308,False,292.2553200351133
2019-11-03 12:00:00,-399332.91143,-231766.81536,5.820766091346741e-11,120.1302348205727,85.8652619859957,-0.1754563362492137,0.08023198603899961,0.19293029185112268,False,294.5734847849458
2019-11-03 12:30:00,-399356.18882,-231428.72678,6.507814330688532e-11,120.09248685970245,85.86660119951111,-0.1638655841804592,0.08337197505540352,0.18385542119677079,False,296.96620482319736
2019-11-03 13:00:00,-399369.00825,-231105.92088,8.231806349783991e-11,120.05700738670865,85.86795113711277,-0.15392464261504066,0.08372582872304342,0.1752221732530686,False,298.5435547888778
2019-11-03 13:30:00,-399372.84929,-230798.14701,5.820766091346741e-11,120.02367941646838,85.86930175096768,-0.14529211959331148,0.0815354601830291,0.1666068164367096,False,299.30039745442093
2019-11-03 14:00:00,-399376.57952,-230506.18413,1.7703168939037188e-10,119.99203807011827,85.87058101586277,-0.13897337169468632,0.07939214812379398,0.16005221405497608,False,299.73828979758866
2019-11-03 14:30:00,-399375.40107,-230221.96469,6.507814330688532e-11,119.96151565036415,85.87186247386313,-0.13377884136847693,0.0772910876649604,0.1545014259815252,False,300.0172904533798
2019-11-03 15:00:00,-399376.03808,-229949.97926,1.3015628661377063e-10,119.93217983429864,85.87307397191658,-0.12871901408649633,0.07140993709712876,0.1472004201883117,False,299.0203656076171
2019-11-03 15:30:00,-399383.83397,-229692.11028,6.507814330688532e-11,119.90390479175943,85.8741657347772,-0.12426160877279738,0.06420245866282795,0.13986744836864612,False,297.32411965906556
2019-11-03 16:00:00,-399398.70191,-229446.96676,1.7703168939037188e-10,119.8765491678513,85.8751447591525,-0.12289663052016071,0.059219133954040944,0.1364202610299348,False,295.72761907521215
2019-11-03 16:30:00,-399419.36561,-229202.28437,1.3015628661377063e-10,119.84887142573346,85.87607574830571,-0.12568791298171056,0.056425133538025335,0.13777244704396463,False,294.1767646803353
2019-11-03 17:00:00,-399447.72233,-228953.41437,1.7703168939037188e-10,119.82025298783714,85.87696463366913,-0.12507308716314133,0.05250321252831759,0.1356461000482964,False,292.77170239785175
2019-11-03 17:30:00,-399479.28826,-228717.64892,1.7462298274040222e-10,119.79283929764448,85.87776920234988,-0.12310640514208347,0.04912111129005509,0.13254459838626687,False,291.7526642794968
2019-11-03 18:00:00,-399514.46155,-228480.94419,1.1641532182693481e-10,119.76509045884464,85.87854894867937,-0.12663464796833662,0.048095774214476764,0.1354604649458818,False,290.7967513692879
2019-11-03 18:30:00,-399555.30856,-228235.95304,1.7703168939037188e-10,119.73608479010291,85.87932041308572,-0.13436741033972902,0.04317455001417121,0.14113342173394397,False,287.81310126839844
2019-11-03 19:00:00,-399619.42926,-227983.8251,2.9103830456733704e-11,119.70485996461322,85.87994139342614,-0.13405537064599196,0.04052011670733187,0.14004542926140104,False,286.81817859434227
2019-11-03 19:30:00,-399667.74889,-227744.48783,5.820766091346741e-11,119.67598429099962,85.88062741541246,-0.13061864964861805,0.04547106940897795,0.1383070851013227,False,289.1940702808223
2019-11-03 20:00:00,-399710.01079,-227494.22845,0.0,119.64628977084217,85.88140796197361,-0.1348122956881644,0.0480996676755148,0.14313606498436388,False,289.63588758442313
2019-11-03 20:30:00,-399757.32016,-227237.04266,0.0,119.61552290309112,85.88217875435491,-0.1414201735237242,0.04904839378979929,0.1496843693003364,False,289.12794821850684
2019-11-03 21:00:00,-399808.096,-226964.36676,2.9103830456733704e-11,119.5828524380425,85.88298986510782,-0.1456025295115365,0.04738426892569644,0.15311879552093066,False,288.02674037037434
2019-11-03 21:30:00,-399867.74623,-226696.98894,1.1641532182693481e-10,119.55019805834732,85.88370705981562,-0.15092713626976664,0.05418897841490011,0.16036036244734303,False,289.75020159573387
2019-11-03 22:00:00,-399906.35745,-226395.49343,1.1999816708318134e-10,119.51512304077652,85.88473754171854,-0.15536032920340198,0.06321286002681566,0.16772804644113407,False,292.1403767915011
2019-11-03 22:30:00,-399945.25178,-226098.16288,1.4551915228366852e-10,119.48046526288377,85.88574590789796,-0.1569516627974611,0.06436372142318965,0.16963641439953242,False,292.29786044018863
2019-11-03 23:00:00,-399982.71339,-225789.59461,6.507814330688532e-11,119.4446576342472,85.88681343922617,-0.1594087829670836,0.06754973389467905,0.17313037467841602,False,292.9648820399061
2019-11-03 23:30:00,-400015.58928,-225478.87513,1.3015628661377063e-10,119.4088785722626,85.88792461642231,-0.1509484559558584,0.06885228659667086,0.1659098361310981,False,294.5192043586758
2019-11-04 00:00:00,-400033.62357,-225194.49288,6.507814330688532e-11,119.3768533441722,85.88903431681925,-0.1434956393958631,0.07005071836803453,0.15968125021274499,False,296.0203879981731
2019-11-04 00:30:00,-400049.24567,-224905.00873,0.0,119.3444032050404,85.8901839699256,-0.1422539465259457,0.07189310505190258,0.15938884482990182,False,296.8113795983712
2019-11-04 01:00:00,-400058.98277,-224621.25369,1.1999816708318134e-10,119.31291856878923,85.89135314839321,-0.14428949136173438,0.07497179297474718,0.16260451118980793,False,297.4560674065999
2019-11-04 01:30:00,-400068.21332,-224319.93987,1.1999816708318134e-10,119.27953381695552,85.89260198267849,-0.1456604514239891,0.07602999282016167,0.16430924172813324,False,297.56308662541494
2019-11-04 02:00:00,-400076.70047,-224030.00583,1.049353530241639e-10,119.24741486424942,85.89380541970138,-0.13536292442385967,0.07200937828960934,0.15332472687155066,False,298.01175758640636
2019-11-04 02:30:00,-400080.11632,-223768.09921,1.049353530241639e-10,119.21864397565868,85.8949246505168,-0.12733198555067252,0.06822126511806086,0.14445613714406674,False,298.1812827014385
2019-11-04 03:00:00,-400086.11551,-223510.04897,1.4551915228366852e-10,119.19012079817466,85.89600578881219,-0.12398350915023831,0.06274446002008248,0.13895602831262469,False,296.84264959726534
2019-11-04 03:30:00,-400100.60604,-223268.27731,8.231806349783991e-11,119.16284281912054,85.89694840850326,-0.11864576762255674,0.054682653739645204,0.1306407700327722,False,294.74450587741114
2019-11-04 04:00:00,-400122.34706,-223041.13988,6.507814330688532e-11,119.13670957453456,85.89776952130688,-0.11654209829640318,0.04844968463537626,0.1262118560856939,False,292.5739699132712
2019-11-04 04:30:00,-400152.53566,-222816.89193,1.1999816708318134e-10,119.11036756670119,85.89851106185137,-0.11557683764154648,0.04165953515525845,0.12285569693169548,False,289.8216384073512
2019-11-04 05:00:00,-400193.73542,-222604.65878,1.3015628661377063e-10,119.08466006712709,85.89911319737311,-0.11462701338679973,0.03539535130483937,0.11996742512853462,False,287.1600170338842
2019-11-04 05:30:00,-400241.77344,-222394.32914,1.1999816708318134e-10,119.05873761655756,85.89965266980168,-0.11626832153875427,0.0313367546417663,0.12041725285405497,False,285.08399229863903
2019-11-04 06:00:00,-400298.42366,-222183.98735,2.9103830456733704e-11,119.03228395762575,85.90012389178784,-0.11965878628195278,0.02794475910242509,0.12287853635099427,False,283.1450908561411
2019-11-04 06:30:00,-400362.86769,-221968.86355,1.3015628661377063e-10,119.004827770062,85.90055394485512,-0.12559784497351587,0.027568442830981463,0.12858785985510615,False,282.3799666564689
2019-11-04 07:00:00,-400430.86594,-221740.42164,1.3015628661377063e-10,118.97569190417217,85.90101300368154,-0.1384146931831762,0.02973132285928022,0.14157181516091247,False,282.12286622704664
2019-11-04 07:30:00,-400510.62499,-221481.09352,5.820766091346741e-11,118.94245333354486,85.90151271602866,-0.14973244008529188,0.03106320776735603,0.15292065423183832,False,281.72021944345465
2019-11-04 08:00:00,-400593.86153,-221214.5904,0.0,118.90820978742452,85.90201484978223,-0.1536734822857371,0.031620619925270786,0.15689296594265525,False,281.6271819512581
2019-11-04 08:30:00,-400678.40811,-220941.77502,0.0,118.87318648481043,85.90253254892718,-0.1550674082118906,0.03309662882627001,0.15856004518546596,False,282.04808170482806
2019-11-04 09:00:00,-400759.08497,-220668.2093,5.820766091346741e-11,118.83830578856696,85.90308232847725,-0.15532255626540473,0.03469247680138665,0.1591498175664508,False,282.5907850488445
2019-11-04 09:30:00,-400838.70936,-220391.71775,0.0,118.80315812754709,85.9036514807402,-0.1553806008464979,0.03808028519499946,0.1599788712297696,False,283.77048819532524
2019-11-04 10:00:00,-400908.46223,-220111.99458,1.7462298274040222e-10,118.76824100042653,85.90431054946396,-0.15362490027824063,0.04181240213877097,0.15921333787755873,False,285.22550431646187
2019-11-04 10:30:00,-400972.92845,-219834.48637,5.820766091346741e-11,118.73387444318504,85.90500008785885,-0.1515623225671835,0.04426790650682622,0.1578948547877862,False,286.28188271557997
2019-11-04 11:00:00,-401031.02612,-219556.94407,1.7703168939037188e-10,118.69987584130855,85.90573834597632,-0.14970239497366206,0.04639672052335558,0.15672735158922543,False,287.2195875276095
2019-11-04 11:30:00,-401085.2253,-219281.55609,5.820766091346741e-11,118.66633632825888,85.90649654867147,-0.14701280977560935,0.04838025510987985,0.1547689094185798,False,288.21579143043675
2019-11-04 12:00:00,-401132.08903,-219009.01839,1.3015628661377063e-10,118.63353871541422,85.90729879301387,-0.14307536488306719,0.04938182519290478,0.15135760534510784,False,289.0418862901199
2019-11-04 12:30:00,-401176.01721,-218744.28606,1.3015628661377063e-10,118.60176376195741,85.90808930956841,-0.13840516013355975,0.04778868460704845,0.14642317688149054,False,289.0488253624575
2019-11-04 13:00:00,-401219.56981,-218489.20474,6.507814330688532e-11,118.57106206005074,85.9088401703066,-0.13370109330066446,0.04562032434984673,0.14126994140148216,False,288.8402212380025
2019-11-04 13:30:00,-401261.97598,-218243.03128,5.820766091346741e-11,118.54139939260463,85.90956074732067,-0.12972611027732744,0.04281675897140226,0.13660943794811717,False,288.26573473632084
2019-11-04 14:00:00,-401307.29814,-218005.2987,1.1999816708318134e-10,118.51248219129144,85.91022117205486,-0.12732762864358615,0.03880772555571849,0.1331103473769299,False,286.950506776177
2019-11-04 14:30:00,-401358.02042,-217773.55767,1.3015628661377063e-10,118.48389330584052,85.91081242945434,-0.125232518971516,0.03386766134911928,0.1297312695274726,False,285.13297546218746
2019-11-04 15:00:00,-401415.14273,-217550.88813,6.507814330688532e-11,118.45591434018685,85.91131353120166,-0.12209275052959125,0.028605233325223186,0.12539895974636894,False,283.1860487088669
2019-11-04 15:30:00,-401476.91325,-217338.05889,0.0,118.42873688008928,85.91173506477558,-0.11753195719795992,0.021988872938934582,0.11957119843803395,False,280.5968749185927
2019-11-04 16:00:00,-401546.9591,-217141.11126,2.399963341663627e-10,118.40281319303547,85.91202278214625,-0.11563695512020208,0.014975347740442159,0.116602600440208,False,277.3789149741451
2019-11-04 16:30:00,-401627.50858,-216946.23321,1.1999816708318134e-10,118.37648782805341,85.91221805314137,-0.11648113304369773,0.008877859384638268,0.11681896567936655,False,274.35849418320436
2019-11-04 17:00:00,-401718.13214,-216756.97503,1.8406878575731415e-10,118.35018029739399,85.91230912123008,-0.11555437014083261,0.0037857454156912107,0.11561636703770352,False,271.8764299483404
2019-11-04 17:30:00,-401813.05388,-216573.65955,5.820766091346741e-11,118.32427225796656,85.91234016816045,-0.11587131842618882,-0.0008609523551106404,0.11587451692577197,False,269.57428612001024
2019-11-04 18:00:00,-401918.77568,-216391.24994,1.3015628661377063e-10,118.29782129734016,85.9122813351412,-0.11743487884784969,-0.004926679134388358,0.11753817651002738,False,267.597711215323
2019-11-04 18:30:00,-402029.0844,-216209.82428,1.7703168939037188e-10,118.27120717787798,85.91218126209056,-0.11647306677542893,-0.005565148514594907,0.1166059439396767,False,267.264455957748
2019-11-04 19:00:00,-402135.02148,-216031.45253,1.1641532182693481e-10,118.24519170270291,85.91210186146846,-0.11763844585239397,-0.00762361340213958,0.11788521291439359,False,266.29210568692224
2019-11-04 19:30:00,-402253.68036,-215849.73987,1.1999816708318134e-10,118.21805277380153,85.91193533970666,-0.12056905249160015,-0.01021237530433465,0.12100078110524252,False,265.1585196437419
2019-11-04 20:00:00,-402372.64724,-215666.37198,8.231806349783991e-11,118.19071470398046,85.91177247390638,-0.12149475186521701,-0.010020552858697518,0.12190728530479465,False,265.2850735123196
2019-11-04 20:30:00,-402492.09756,-215481.28254,0.0,118.16315970806778,85.91161213833537,-0.12344806799548011,-0.009320790965927132,0.12379944521704121,False,265.6821469544707
2019-11-04 21:00:00,-402611.98528,-215290.41163,2.9103830456733704e-11,118.13494118480249,85.91147182637636,-0.12269763824916882,-0.007779195066017999,0.12294399663179596,False,266.3722263132266
2019-11-04 21:30:00,-402725.08251,-215104.96971,2.9103830456733704e-11,118.10772701172192,85.91136126979262,-0.1208144494407714,-0.00587696903269333,0.1209573063468592,False,267.2150657267525
2019-11-04 22:00:00,-402835.55706,-214916.7418,6.507814330688532e-11,118.08036077809435,85.9112822706755,-0.12066713833217366,-0.004666401086493306,0.12075733341033976,False,267.7853794369281
2019-11-04 22:30:00,-402944.38111,-214729.60966,6.507814330688532e-11,118.05321436137032,85.91121077130512,-0.11944645283428902,-0.003167716439357711,0.11948844932517205,False,268.4808736728568
2019-11-04 23:00:00,-403047.84973,-214542.61871,8.231806349783991e-11,118.02640030842821,85.91118011313719,-0.11752004466393655,-0.0006549907878886305,0.11752186992532862,False,269.68066878039247
2019-11-04 23:30:00,-403145.25501,-214357.25863,6.507814330688532e-11,118.00012455997087,85.91118966361964,-0.11368944118221457,0.0015199423095061462,0.11369960097092888,False,270.76595584059226
2019-11-05 00:00:00,-403235.16547,-214178.67572,1.1999816708318134e-10,117.97504093913916,85.91122917415339,-0.11184831503751116,0.003095230280811004,0.11189113471236939,False,271.5851681029576
2019-11-05 00:30:00,-403324.29388,-213996.42704,0.0,117.94959647924605,85.91128948306654,-0.10978933869460777,0.0018961971674157987,0.10980571230449268,False,270.9894703380314
2019-11-05 01:00:00,-403414.38301,-213826.33553,1.1641532182693481e-10,117.9254427812165,85.91129037229733,-0.10580312430483058,-0.0020916126052533263,0.10582379673756695,False,268.8674723220306
2019-11-05 01:30:00,-403509.32673,-213663.414,6.507814330688532e-11,117.90179915708813,85.91122203724332,-0.10422781667540355,-0.00875964396776216,0.1045952634269998,False,265.1959662444102
2019-11-05 02:00:00,-403617.83895,-213509.49129,1.1999816708318134e-10,117.87835834033912,85.91100785247092,-0.10395871883627372,-0.015728213595628204,0.10514177060040941,False,261.396801849657
2019-11-05 02:30:00,-403734.37537,-213359.07338,1.1641532182693481e-10,117.85483836644437,85.91071475106547,-0.10290667616413367,-0.020849538370190768,0.10499755830208592,False,258.54655458285515
2019-11-05 03:00:00,-403857.29364,-213217.02111,1.7462298274040222e-10,117.83187610532975,85.91033540602658,-0.10889083750598799,-0.022949209571327442,0.11128288598299466,False,258.0988357223665
2019-11-05 03:30:00,-403990.45521,-213050.98539,5.820766091346741e-11,117.80565740117024,85.9099744676329,-0.11955029102371968,-0.021490317004908027,0.12146648018621233,False,259.80936637954096
2019-11-05 04:00:00,-404126.48737,-212872.42287,0.0,117.77788525971337,85.90964222386971,-0.11713507262677278,-0.025347516211429034,0.11984624239986831,False,257.7897118484393
2019-11-05 04:30:00,-404267.71543,-212720.42098,1.1641532182693481e-10,117.75276238274536,85.90915701824942,-0.11592914690972375,-0.030820165327650195,0.11995603233701922,False,255.11209136633587
2019-11-05 05:00:00,-404419.01622,-212554.75301,6.507814330688532e-11,117.72554070101651,85.90864810845913,-0.1156305271841889,-0.03557645659198886,0.1209797631033187,False,252.8982520055515
2019-11-05 05:30:00,-404574.74991,-212411.52986,0.0,117.70055925544888,85.90800963871496,-0.11366281588636666,-0.0423950593557292,0.1213118987280056,False,249.5450027891442
2019-11-05 06:00:00,-404744.35672,-212263.41061,1.1999816708318134e-10,117.67423421729275,85.90728069139936,-0.11796983564429878,-0.04737155373722656,0.12712571032415831,False,248.1217519695628
2019-11-05 06:30:00,-404923.02375,-212114.62719,1.1999816708318134e-10,117.64731784171823,85.9064817370183,-0.11862672819649395,-0.05038138300067565,0.1288820561430707,False,246.98881834387703
2019-11-05 07:00:00,-405103.18659,-211969.27748,1.1641532182693481e-10,117.62070633106939,85.90565574259938,-0.11758320005468714,-0.05300090860119356,0.12897637476550755,False,245.73641542548413
2019-11-05 07:30:00,-405288.33088,-211828.02804,6.507814330688532e-11,117.59427174499777,85.90477229542599,-0.12131243047499966,-0.05493666222240072,0.1331718537976016,False,245.63647645531702
2019-11-05 08:00:00,-405480.75614,-211673.83967,6.507814330688532e-11,117.56598973002318,85.9038837973522,-0.12270353631966219,-0.057020806234704326,0.13530532202765105,False,245.07552521797433
2019-11-05 08:30:00,-405674.72327,-211531.43655,6.507814330688532e-11,117.53893940515388,85.9029332349474,-0.11974670754582728,-0.058323790274332016,0.13319511432492617,False,244.03115510278764
2019-11-05 09:00:00,-405866.24619,-211388.67308,1.3015628661377063e-10,117.51200297801867,85.90200267221321,-0.12144541915758729,-0.05706261388468671,0.13418320214436272,False,244.83294185728207
2019-11-05 09:30:00,-406058.87731,-211238.56767,0.0,117.48419944808614,85.90109275272341,-0.12212234625163468,-0.0566135034798935,0.13460667230962983,False,245.12849405502246
2019-11-05 10:00:00,-406249.9484,-211092.70976,0.0,117.45696997470392,85.90017672404284,-0.12570091160181013,-0.054914022357739393,0.13717240622308988,False,246.401284373799
2019-11-05 10:30:00,-406442.9499,-210928.16939,5.820766091346741e-11,117.42756659549075,85.89932152111095,-0.12817856478554698,-0.05133954512761253,0.1380778525484548,False,248.17234595623682
2019-11-05 11:00:00,-406626.54857,-210768.27008,8.231806349783991e-11,117.39923223666212,85.89852089586599,-0.12452145494418043,-0.046890492926878954,0.13305754795704466,False,249.36535359692985
2019-11-05 11:30:00,-406799.11106,-210607.86157,5.820766091346741e-11,117.37148700477961,85.89780917098001,-0.12177709546868774,-0.042850465750311005,0.12909617885827784,False,250.61424122734192
2019-11-05 12:00:00,-406965.09651,-210449.87667,6.507814330688532e-11,117.34439842206059,85.89713885126392,-0.11801385888879508,-0.03942594601654072,0.12442538370092986,False,251.52661118227903
2019-11-05 12:30:00,-407120.33475,-210295.67915,6.507814330688532e-11,117.31835614516585,85.89653759026943,-0.11373023780714595,-0.03630520702433118,0.11938440035762425,False,252.2957670544059
2019-11-05 13:00:00,-407269.11937,-210146.09344,0.0,117.29320384772917,85.89596791807169,-0.10767028878458179,-0.03534011557336447,0.11332173161266994,False,251.82885413421008
2019-11-05 13:30:00,-407411.13317,-210009.55645,1.8406878575731415e-10,117.26989617642718,85.89539781163248,-0.10386700330283452,-0.03560878574925297,0.10980136610100641,False,251.0767170703482
2019-11-05 14:00:00,-407554.38773,-209872.46572,1.3015628661377063e-10,117.24646245147021,85.89481941413844,-0.09855801924770917,-0.038710102292298834,0.10588746468544825,False,248.55685655684746
2019-11-05 14:30:00,-407697.46556,-209757.91525,1.9523442992065595e-10,117.22555018297652,85.89414935343932,-0.09483911704084197,-0.04149817598735675,0.10352080337480073,False,246.3675482882237
2019-11-05 15:00:00,-407843.42838,-209637.21675,1.4551915228366852e-10,117.20379675299488,85.89348093872209,-0.09688631813281173,-0.04397484263918314,0.10639899166098014,False,245.587612649155
2019-11-05 15:30:00,-407997.71585,-209520.07786,1.9523442992065595e-10,117.18197090575416,85.89273101749399,-0.0934753548168373,-0.04835820873034354,0.10524332905101921,False,242.64582671889707
2019-11-05 16:00:00,-408152.01593,-209417.39697,5.820766091346741e-11,117.16175896438384,85.89192126879215,-0.08992601097296385,-0.050809956395352164,0.10328765230368635,False,240.5327016136999
2019-11-05 16:30:00,-408308.24573,-209315.54701,6.507814330688532e-11,117.14153739497603,85.89109222744709,-0.08840932758875647,-0.05462022324955175,0.10392101804989658,False,238.29178647148237
2019-11-05 17:00:00,-408472.18926,-209223.87289,6.507814330688532e-11,117.12201567373918,85.8901596021309,-0.08619700759256749,-0.058260961608459075,0.10403972205583538,False,235.94505491021934
2019-11-05 17:30:00,-408636.38768,-209134.97758,1.8406878575731415e-10,117.10279706780753,85.88921312423086,-0.0856332327832347,-0.0587949027660018,0.103874400831828,False,235.52690532179713
2019-11-05 18:00:00,-408801.05708,-209045.87585,1.1999816708318134e-10,117.08353761558469,85.88826326858836,-0.08600173532844453,-0.05921069101588151,0.1044136217649882,False,235.45326841221848
2019-11-05 18:30:00,-408967.13234,-208956.37036,2.346425826049686e-10,117.06416239997782,85.88730337768978,-0.08743048548060184,-0.05921729653383194,0.1055972442829334,False,235.88993233203715
2019-11-05 19:00:00,-409134.10273,-208862.58734,6.507814330688532e-11,117.04427026921351,85.88635329846102,-0.08949306896808024,-0.05696851826030834,0.10608685812154421,False,237.5204313250656
2019-11-05 19:30:00,-409296.28007,-208762.67195,1.8406878575731415e-10,117.02397767977324,85.88546594029492,-0.09148174905934309,-0.05396937610533842,0.10621489522734602,False,239.4616511575752
2019-11-05 20:00:00,-409456.81667,-208657.48907,0.0,117.00320158882724,85.88461259064114,-0.09307725494081023,-0.05162945441344213,0.10643766227396335,False,240.9831028225872
2019-11-05 20:30:00,-409614.02217,-208548.51433,8.231806349783991e-11,116.9822012966283,85.88380070897647,-0.0960012985602552,-0.047833858916299175,0.10725822758222174,False,243.5146396081048
2019-11-05 21:00:00,-409767.07953,-208427.63468,2.9103830456733704e-11,116.96012123488441,85.88306975645921,-0.09642825769910969,-0.04347138214836653,0.10577414593734723,False,245.73339594529392
2019-11-05 21:30:00,-409910.89514,-208310.05024,8.231806349783991e-11,116.93893678038525,85.88239863267198,-0.09590920466528785,-0.03827276792758742,0.10326364464014931,False,248.24542618063796
2019-11-05 22:00:00,-410046.33352,-208182.24801,6.507814330688532e-11,116.91709661223462,85.88183531094798,-0.09699642422567614,-0.03201819371867052,0.10214436372885997,False,251.73211691249767
2019-11-05 22:30:00,-410171.75035,-208050.87396,6.507814330688532e-11,116.89543033514451,85.88136594084153,-0.0965818499365278,-0.02666943612551697,0.10019636999619799,False,254.56341416565172
2019-11-05 23:00:00,-410289.24284,-207915.59364,6.507814330688532e-11,116.87378115422838,85.88097513047623,-0.09543265320793629,-0.02208005810311331,0.09795366386278305,False,256.97281743740416
2019-11-05 23:30:00,-410397.95133,-207780.34987,5.820766091346741e-11,116.85263433853854,85.88065379651258,-0.09191755103009105,-0.01803531109390434,0.09367021209340406,False,258.89891685304747
2019-11-06 00:00:00,-410496.63703,-207649.69874,1.7462298274040222e-10,116.83256469876827,85.88039345746402,-0.08848716298783878,-0.015522020430939663,0.08983824982653464,False,260.0506568253712
2019-11-06 00:30:00,-410591.60438,-207521.31801,5.820766091346741e-11,116.81295884089121,85.88015316941525,-0.08590823215376103,-0.013662521408427886,0.08698786606774678,False,260.9635727416042
2019-11-06 01:00:00,-410680.03908,-207395.86697,2.9103830456733704e-11,116.79404767410091,85.87995281083191,-0.08265836349114206,-0.012317952931134215,0.08357114944433518,False,261.52401849683645
2019-11-06 01:30:00,-410765.32793,-207275.6871,8.231806349783991e-11,116.77590086182039,85.87975589071068,-0.07927428007547521,-0.012084438628694225,0.08019005635648077,False,261.3326518702331
2019-11-06 02:00:00,-410847.44598,-207160.67875,1.3015628661377063e-10,116.75850856582538,85.87956306279756,-0.07686910106323713,-0.012796176697707991,0.07792689417876943,False,260.54880317965785
2019-11-06 02:30:00,-410931.05291,-207049.33309,6.507814330688532e-11,116.74144176936944,85.87934317684517,-0.07486031865479376,-0.014245114671451425,0.07620361278246632,False,259.2260378130678
2019-11-06 03:00:00,-411014.50784,-206943.08065,6.507814330688532e-11,116.7249517194846,85.87910362075372,-0.0746412603014124,-0.01639432714908908,0.07642049268392975,False,257.61216879135696
2019-11-06 03:30:00,-411104.60814,-206835.87075,6.507814330688532e-11,116.70798524644502,85.87881439306173,-0.07543723685143318,-0.01932373015099966,0.0778728659465406,False,255.63225448145718
2019-11-06 04:00:00,-411198.70844,-206731.7469,1.1641532182693481e-10,116.69114072707666,85.87848036612512,-0.07616382178528774,-0.021368998136345106,0.07910475226111383,False,254.32767271218583
2019-11-06 04:30:00,-411296.4999,-206625.45318,6.507814330688532e-11,116.67385131245406,85.87812515925486,-0.07723529749191488,-0.02307081838796872,0.08060740561359873,False,253.36868211244717
2019-11-06 05:00:00,-411397.74283,-206520.57491,0.0,116.65652959478402,85.87773625145842,-0.07801812133700174,-0.024789317469906688,0.08186169749998437,False,252.3729728201638
2019-11-06 05:30:00,-411502.26382,-206414.47796,0.0,116.63889265032152,85.8773256107038,-0.08125360731978847,-0.02605618368853594,0.08532920608378533,False,252.22013590846746
2019-11-06 06:00:00,-411612.74085,-206301.16989,5.820766091346741e-11,116.62012486026015,85.87689582300929,-0.08517518211600167,-0.026964682219491977,0.08934151182788569,False,252.43330144582535
2019-11-06 06:30:00,-411726.43961,-206183.84684,1.4551915228366852e-10,116.6007347789993,85.8764558908298,-0.08886242296344378,-0.027150658918642583,0.09291764361331192,False,253.0102075872395
2019-11-06 07:00:00,-411843.38096,-206058.89372,1.1999816708318134e-10,116.58031934812274,85.8760200938788,-0.09278776940288899,-0.026058662463393813,0.09637750795774289,False,254.31305061657812
2019-11-06 07:30:00,-411959.80074,-205927.0918,5.820766091346741e-11,116.55917514098009,85.87561538888274,-0.09483888470647958,-0.02401857341088881,0.09783305127135299,False,255.78827800084727
2019-11-06 08:00:00,-412073.37958,-205792.16397,6.507814330688532e-11,116.53784510475587,85.87524540589614,-0.09648268174123968,-0.02173045898626315,0.09889954865283769,False,257.30726366054193
2019-11-06 08:30:00,-412184.97466,-205651.30197,6.507814330688532e-11,116.51596859184816,85.87491449062618,-0.0991735717903114,-0.019591262495104407,0.10109013259364207,False,258.8253715467296
2019-11-06 09:00:00,-412295.88198,-205504.18184,6.507814330688532e-11,116.49343714294729,85.87461350070333,-0.1016824416743979,-0.015269411843208645,0.1028225358708141,False,261.45984116439206
2019-11-06 09:30:00,-412397.46812,-205348.20827,5.820766091346741e-11,116.47044006579416,85.87442198518112,-0.10300042946839952,-0.009339639309798725,0.10342300195368476,False,264.81883227330906
2019-11-06 10:00:00,-412491.25944,-205187.24033,1.3015628661377063e-10,116.44732075596811,85.87431226099359,-0.1044819178234169,-0.004709064948322232,0.10458798422738035,False,267.41939005873473
2019-11-06 10:30:00,-412580.16757,-205018.98833,1.3015628661377063e-10,116.42366170159833,85.87427008542038,-0.10642854736734947,-0.00011319616080173595,0.10642860756439018,False,269.93906090061466
2019-11-06 11:00:00,-412662.12484,-204844.30657,1.8406878575731415e-10,116.39967125301891,85.87430860009248,-0.10663514166919591,0.005207874636457548,0.10676223769216596,False,272.7960045278537
2019-11-06 11:30:00,-412734.06188,-204666.79961,5.820766091346741e-11,116.37591920345947,85.87443806482857,-0.10269020801286805,0.00834459222467214,0.10302869037856478,False,274.645639822102
2019-11-06 12:00:00,-412799.44723,-204499.76077,2.9103830456733704e-11,116.35369402615814,85.87457778662962,-0.09805676306280897,0.010383144368040026,0.09860496168714543,False,276.0444755972503
2019-11-06 12:30:00,-412857.26992,-204333.88962,5.820766091346741e-11,116.33201474521556,85.87477297274512,-0.09395169244000025,0.0139031905252175,0.09497483466224566,False,278.4176722612307
2019-11-06 13:00:00,-412904.61679,-204174.42801,0.0,116.31162564025063,85.87502624740824,-0.08922960897272,0.016524547346886066,0.09074681141750376,False,280.4918157875089
2019-11-06 13:30:00,-412946.32943,-204019.57482,2.9103830456733704e-11,116.29205843606589,85.8753059679538,-0.08567536621392852,0.017654748309405548,0.0874754737841369,False,281.6437076212603
2019-11-06 14:00:00,-412984.25352,-203869.75216,2.9103830456733704e-11,116.27325837065393,85.87559569336112,-0.0799805745353611,0.01676974664735924,0.08171974489450556,False,281.8418195990305
2019-11-06 14:30:00,-413019.64812,-203734.66648,6.507814330688532e-11,116.2562391797169,85.87584689104268,-0.07447922655267468,0.013998063371104277,0.07578324990409221,False,280.6443323874046
2019-11-06 15:00:00,-413057.67475,-203606.99769,8.231806349783991e-11,116.23990083789887,85.87604719410942,-0.07191559164750178,0.0111372500080432,0.07277287035531775,False,278.8032119793936
2019-11-06 15:30:00,-413098.15159,-203484.72259,5.820766091346741e-11,116.2240282235907,85.87620611568808,-0.07000357643542945,0.00781489241680083,0.07043843593690298,False,276.3698754958266
2019-11-06 16:00:00,-413143.79682,-203368.49197,6.507814330688532e-11,116.20854514952097,85.87629925935174,-0.06908823680328278,0.003829947545094081,0.06919431308123991,False,273.1729780143776
2019-11-06 16:30:00,-413195.62485,-203255.48573,1.1641532182693481e-10,116.19308180862402,85.87632964524872,-0.06866705115449985,0.0009827891437812347,0.06867408382174336,False,270.8199831609277
2019-11-06 17:00:00,-413249.73617,-203145.1136,5.820766091346741e-11,116.17778704278724,85.87633096098966,-0.0706861034385625,-0.003655312183546866,0.07078055189447412,False,267.03976360468016
2019-11-06 17:30:00,-413319.69569,-203032.92213,8.231806349783991e-11,116.16141966118052,85.87621172733131,-0.07337523687759007,-0.0070454178355018535,0.0737127078550182,False,264.5153301315492
2019-11-06 18:00:00,-413388.96585,-202919.20637,8.231806349783991e-11,116.14492077506416,85.87610371895131,-0.07487938909149751,-0.008046080638064345,0.07531043967704683,False,263.86687915616164
2019-11-06 18:30:00,-413464.48017,-202803.70128,2.9103830456733704e-11,116.12788076675427,85.87595220172292,-0.07751542748937987,-0.009352112887145832,0.0780775480808358,False,263.1206057656711
2019-11-06 19:00:00,-413542.08247,-202683.49298,2.9103830456733704e-11,116.11020227620342,85.87580206670144,-0.08089472045603222,-0.009306020475418769,0.08142823720766962,False,263.4376173029983
2019-11-06 19:30:00,-413622.72906,-202556.94367,1.1641532182693481e-10,116.0916500427633,85.87565203013384,-0.08343028035444969,-0.008691916146916202,0.08388182810553843,False,264.0522796099672
2019-11-06 20:00:00,-413702.28055,-202427.51403,2.9103830456733704e-11,116.07283718416446,85.87552171588374,-0.08547762851763561,-0.007136365944728849,0.08577501207167504,False,265.22755133663463
2019-11-06 20:30:00,-413781.05239,-202291.83046,8.731149137020111e-11,116.05336919363735,85.87542184159902,-0.08832319428159643,-0.007087548414459716,0.08860711027130914,False,265.4120962087476
2019-11-06 21:00:00,-413864.85517,-202153.06676,1.7703168939037188e-10,116.03328319840746,85.87529310227244,-0.08954685698848598,-0.005633650401045347,0.08972389655692378,False,266.40010216856194
2019-11-06 21:30:00,-413940.76121,-202011.0708,5.820766091346741e-11,116.01326793580634,85.87524013842965,-0.0896596554909067,-0.0010462119171803924,0.08966575925136487,False,269.3314628902473
2019-11-06 22:00:00,-414009.80229,-201864.64335,1.1999816708318134e-10,115.99313196153773,85.87525935522778,-0.09019446040346993,0.0030437627941732534,0.09024580422058577,False,271.93280833340555
2019-11-06 22:30:00,-414073.21621,-201714.41297,1.3015628661377063e-10,115.97287707439034,85.87533830742046,-0.08898548646930228,0.00737576521408775,0.08929064180904808,False,274.7382602167844
2019-11-06 23:00:00,-414126.22622,-201565.02159,1.1641532182693481e-10,115.953281662657,85.8754972659963,-0.0867619844341843,0.011115804810497794,0.08747115558595717,False,277.30086949493216
2019-11-06 23:30:00,-414173.92824,-201416.05634,5.820766091346741e-11,115.93402120938606,85.87569683920438,-0.08386859761175537,0.014092423503899772,0.0850443300025099,False,279.5382961783423
2019-11-07 00:00:00,-414212.64585,-201271.31197,2.9103830456733704e-11,115.91571973940835,85.87595181857381,-0.08057513109305176,0.01671013899936655,0.08228961353682873,False,281.71624841144626
2019-11-07 00:30:00,-414246.59609,-201128.86465,1.1641532182693481e-10,115.8979321871472,85.87623581123184,-0.07788180840359461,0.018415218181175478,0.0800293467477682,False,283.30330168749026
2019-11-07 01:00:00,-414275.4678,-200990.13895,0.0,115.88083466594864,85.87654578877498,-0.07482586359353177,0.018603966014588712,0.07710393903031021,False,283.96235016302944
2019-11-07 01:30:00,-414303.92067,-200857.2743,1.1641532182693481e-10,115.86441361196711,85.87683586826972,-0.06928116176389965,0.017569005425837662,0.07147411648288311,False,284.22966826250536
2019-11-07 02:00:00,-414327.35936,-200738.11898,2.9103830456733704e-11,115.84979773627765,85.87711248561861,-0.06430890861850931,0.015538117378725277,0.06615941973278504,False,283.58329561398034
2019-11-07 02:30:00,-414354.52289,-200624.53791,0.0,115.8356022910355,85.87733703425995,-0.06159103318205001,0.013182135200672209,0.06298590363629934,False,282.08057598613675
2019-11-07 03:00:00,-414381.27378,-200517.87262,6.507814330688532e-11,115.82220248299504,85.87753766912866,-0.058974005415500345,0.010276635044784356,0.059862697421609344,False,279.88493620843826
2019-11-07 03:30:00,-414413.69746,-200417.31561,1.3015628661377063e-10,115.80917840866717,85.87766849770571,-0.05750167250321754,0.006866711773976492,0.05791022423764349,False,276.8098758278725
2019-11-07 04:00:00,-414449.14479,-200320.7531,1.1999816708318134e-10,115.79643737691181,85.8777591490266,-0.05715290528337143,0.0034658472668481106,0.0572578962205838,False,273.47026170138656
2019-11-07 04:30:00,-414492.00128,-200226.63934,1.1641532182693481e-10,115.78356909565471,85.87778028127416,-0.0574466967052142,-0.0011273668366190565,0.05745775768619218,False,268.8757391604129
2019-11-07 05:00:00,-414542.75518,-200136.29942,6.507814330688532e-11,115.77069631888467,85.87772278745686,-0.05770414193836319,-0.005525964588566513,0.05796813160243184,False,264.5298228018545
2019-11-07 05:30:00,-414600.2332,-200048.21458,2.9103830456733704e-11,115.75771299463938,85.87760204792018,-0.058998796531873295,-0.009292868894621869,0.05972617018110248,False,261.0489121505583
2019-11-07 06:00:00,-414665.18552,-199959.54557,5.820766091346741e-11,115.74426088089164,85.87742305234899,-0.06140600121591019,-0.013282904192312112,0.06282620893473126,False,257.79424456683205
2019-11-07 06:30:00,-414739.3245,-199869.86535,2.9103830456733704e-11,115.73020021521674,85.87717361754375,-0.06480105550478939,-0.016088331368427897,0.06676833980828889,False,256.0569411032071
2019-11-07 07:00:00,-414818.63727,-199774.53642,5.820766091346741e-11,115.71522855965344,85.87690413104978,-0.06989061241983216,-0.0182619172844745,0.07223707723409209,False,255.35642123363428
2019-11-07 07:30:00,-414907.72791,-199671.70354,1.3015628661377063e-10,115.69888985401106,85.8765845801969,-0.07358974657236585,-0.019372245093054588,0.0760968769433438,False,255.2516879987155
2019-11-07 08:00:00,-414996.36072,-199566.06029,1.3015628661377063e-10,115.6822632354672,85.87627930262813,-0.07544500331005127,-0.019531244691843988,0.07793213742523897,False,255.48587809330851
2019-11-07 08:30:00,-415088.80122,-199457.40479,5.820766091346741e-11,115.66509610507563,85.87595461789924,-0.0789630946767183,-0.020305973638633217,0.08153221992769022,False,255.57842522174883
2019-11-07 09:00:00,-415185.36907,-199341.49965,1.1641532182693481e-10,115.64689640615859,85.87562434107282,-0.0820096029865871,-0.019867322630747492,0.08438178411560072,False,256.3821071994077
2019-11-07 09:30:00,-415281.06163,-199222.21373,2.9103830456733704e-11,115.62836754091217,85.87531381965141,-0.08273487285780932,-0.017703734797287488,0.08460780940652324,False,257.92190720554197
2019-11-07 10:00:00,-415371.66011,-199100.52337,5.820766091346741e-11,115.60984565090638,85.87505333380345,-0.08189051384964253,-0.014917042676872407,0.08323805872785675,False,259.6762869322157
2019-11-07 10:30:00,-415456.91436,-198979.58203,5.820766091346741e-11,115.59169724957025,85.874832701363,-0.07937384688977644,-0.01212170830503374,0.0802941055265827,False,261.3170677104448
2019-11-07 11:00:00,-415534.44651,-198861.6603,5.820766091346741e-11,115.57430415485923,85.87466238308195,-0.07577416728779643,-0.009584352737217552,0.07637790417097322,False,262.7911812141126
2019-11-07 11:30:00,-415605.79461,-198748.41559,0.0,115.5577690737051,85.87452359066315,-0.07184893320818486,-0.007473289596055845,0.07223655072427479,False,264.06179455876213
2019-11-07 12:00:00,-415670.30751,-198639.92033,5.820766091346741e-11,115.54213458409721,85.87442136147735,-0.06908572387347982,-0.006271160830258304,0.06936976792005048,False,264.8132698175999
2019-11-07 12:30:00,-415733.40125,-198533.74794,6.507814330688532e-11,115.52683761151764,85.87432133027306,-0.06619217779046596,-0.0055978833713683646,0.06642846301762595,False,265.16598906125313
2019-11-07 13:00:00,-415791.1807,-198433.57404,8.731149137020111e-11,115.51249928018379,85.87424082794104,-0.06128894873974369,-0.004047957117305073,0.061422481181131645,False,266.2212682909999
2019-11-07 13:30:00,-415841.58444,-198340.89861,6.507814330688532e-11,115.49939806091521,85.87419079077934,-0.0573742165642416,-0.003966341452875298,0.05751115188275481,False,266.0453728371274
2019-11-07 14:00:00,-415892.98752,-198253.29372,1.7703168939037188e-10,115.48681288952416,85.87411290782875,-0.05379924733058627,-0.005862026239478811,0.05411767146662846,False,263.7815199524801
2019-11-07 14:30:00,-415943.97404,-198175.14997,1.1641532182693481e-10,115.4753126341122,85.87400173626324,-0.049068620954427086,-0.007179606001156979,0.04959109098115397,False,261.6756846812166
2019-11-07 15:00:00,-415992.30086,-198104.93914,1.7703168939037188e-10,115.4648458417685,85.87388135457348,-0.044451817197331475,-0.006515192274196918,0.044926737946513876,False,261.66166997488125
2019-11-07 15:30:00,-416033.95466,-198040.75464,1.1641532182693481e-10,115.45541292201702,85.8737916113417,-0.042789853205909376,-0.007628386851773422,0.0434645122294451,False,259.8917550006539
2019-11-07 16:00:00,-416083.30623,-197977.65369,6.507814330688532e-11,115.44569081575793,85.87363530878328,-0.04146791712296985,-0.010804345701316734,0.04285232825122875,False,255.39642584766298
2019-11-07 16:30:00,-416133.21804,-197922.66351,1.1641532182693481e-10,115.43685025353255,85.87344314346352,-0.03914705072702555,-0.013989912505268683,0.04157173598166649,False,250.3347242230435
2019-11-07 17:00:00,-416189.31905,-197872.01812,8.231806349783991e-11,115.42816796622182,85.87318408658993,-0.038851358846060474,-0.017006597267131957,0.042410522689443265,False,246.35932473017368
2019-11-07 17:30:00,-416248.56577,-197822.63633,1.7462298274040222e-10,115.41946078500109,85.87289462050373,-0.042034714212072166,-0.02040332973725853,0.04672486557774008,False,244.10841733479236
2019-11-07 18:00:00,-416320.61514,-197766.87166,6.507814330688532e-11,115.40935520025516,85.87252599069487,-0.044874535037036326,-0.02288798914447525,0.050374437385124385,False,242.9764159784512
2019-11-07 18:30:00,-416392.30948,-197712.07036,1.3015628661377063e-10,115.3993785206578,85.87215640366794,-0.04484447949878085,-0.024600671649281973,0.051149001819315705,False,241.2518190993752
2019-11-07 19:00:00,-416469.86287,-197659.02301,6.507814330688532e-11,115.38928833438045,85.87173253063342,-0.047297250305031305,-0.025748485501996488,0.0538517816981324,False,241.4362560298346
2019-11-07 19:30:00,-416549.05724,-197597.99001,1.7703168939037188e-10,115.37821617264109,85.87132591080125,-0.05060998536348421,-0.02653452285236082,0.05714412937034341,False,242.33223706110593
2019-11-07 20:00:00,-416634.25656,-197535.35019,1.8406878575731415e-10,115.36664609868991,85.87087669113068,-0.05515554575991925,-0.026983543519752396,0.061402327716112835,False,243.93090387672527
2019-11-07 20:30:00,-416721.89707,-197460.19023,8.231806349783991e-11,115.35354289098238,85.87045557195671,-0.05846181333770724,-0.02575116684421592,0.06388197095089951,False,246.2275444704483
2019-11-07 21:00:00,-416808.15234,-197384.855,1.1999816708318134e-10,115.34049633210978,85.87004612541709,-0.060773984099502645,-0.026904915618047427,0.0664631599289475,False,246.1208127709162
2019-11-07 21:30:00,-416903.07499,-197303.91023,2.9103830456733704e-11,115.32636191160096,85.86958777407256,-0.06504540520220135,-0.026089919436247024,0.07008272707385482,False,248.14412154718917
2019-11-07 22:00:00,-416993.21764,-197213.37607,8.231806349783991e-11,115.31140772377178,85.86920461754376,-0.06641405154538797,-0.02120772427940909,0.06971795903341468,False,252.29037264142497
2019-11-07 22:30:00,-417074.31349,-197120.41453,1.1999816708318134e-10,115.29666386375679,85.86890375323999,-0.06483635257809614,-0.01769874073449064,0.06720861581090562,False,254.73164029365492
2019-11-07 23:00:00,-417150.56095,-197029.57352,6.507814330688532e-11,115.28241744135478,85.86863377903204,-0.062126761773540554,-0.015527715027700058,0.06403783617868207,False,255.96720720710525
2019-11-07 23:30:00,-417220.37807,-196942.05511,5.820766091346741e-11,115.26888689713262,85.86840294145631,-0.060270899396630245,-0.013275092887399254,0.06171555237740162,False,257.5785321089025
2019-11-08 00:00:00,-417286.39798,-196853.75978,6.507814330688532e-11,115.25547179286319,85.8682056117695,-0.05839809361753365,-0.011492659649865948,0.05951822043702148,False,258.8665506811357
2019-11-08 00:30:00,-417347.49397,-196769.56948,6.507814330688532e-11,115.24277978417123,85.86803227394256,-0.0544050950319535,-0.0100393299772423,0.05532361622153642,False,259.5448649014837
2019-11-08 01:00:00,-417402.61309,-196692.01692,2.9103830456733704e-11,115.23115077837774,85.86788182371261,-0.04905434355879918,-0.008681892681905872,0.049816702846784564,False,259.96342826603643
2019-11-08 01:30:00,-417451.04456,-196623.1449,5.820766091346741e-11,115.22085154197401,85.86775227016747,-0.04589101110658754,-0.009781709653276453,0.046921921786367005,False,257.96742368019613
2019-11-08 02:00:00,-417504.86674,-196557.56324,1.7703168939037188e-10,115.21063748057774,85.86756632962357,-0.04495606917412785,-0.012383990481849249,0.04663058412505146,False,254.59878464889226
2019-11-08 02:30:00,-417560.31646,-196495.70855,0.0,115.2007569842892,85.86735284629388,-0.041491734611756745,-0.013412550603266455,0.043605739929252846,False,252.08613929619082
2019-11-08 03:00:00,-417612.15675,-196442.96925,2.9103830456733704e-11,115.19209227810687,85.86713374094731,-0.03957352858389323,-0.016686866535149045,0.04294782508279193,False,247.13643348784893
2019-11-08 03:30:00,-417675.31614,-196392.36448,2.9103830456733704e-11,115.183070368871,85.86681463095668,-0.03847382515392591,-0.020721222671271397,0.0436990193364482,False,241.69399438034716
2019-11-08 04:00:00,-417738.59883,-196349.36972,8.231806349783991e-11,115.1748982440037,85.86646541625652,-0.03706303033597905,-0.02535321061538396,0.04490493855016084,False,235.62566273117838
2019-11-08 04:30:00,-417814.67565,-196310.43668,1.3015628661377063e-10,115.1665084869333,85.86599689642794,-0.038190373006192754,-0.030342341007608676,0.04877665679578857,False,231.53277595605778
2019-11-08 05:00:00,-417895.92814,-196271.38619,1.1641532182693481e-10,115.15783438524899,85.86548676339295,-0.04058124330980571,-0.03435370911749988,0.053169677812635326,False,229.75069846990465
2019-11-08 05:30:00,-417988.72322,-196230.7777,1.7462298274040222e-10,115.14837876851392,85.86488885641893,-0.04464567190329703,-0.03957791597755846,0.05966278113550795,False,228.44335095502063
2019-11-08 06:00:00,-418093.20503,-196186.44586,5.820766091346741e-11,115.13789178812748,85.864210219566,-0.04871705736519556,-0.04519821356440901,0.06645472283997339,False,227.14577063740003
2019-11-08 06:30:00,-418210.52758,-196141.12744,1.1641532182693481e-10,115.12662112604583,85.86343103954552,-0.05136438346952667,-0.04893504343371943,0.07094320520715562,False,226.38748272149587
2019-11-08 07:00:00,-418331.21813,-196093.83568,5.820766091346741e-11,115.11495584240653,85.86263188103244,-0.051808872386475024,-0.05128005513986417,0.07289583879142597,False,225.29390867994238
2019-11-08 07:30:00,-418456.8449,-196050.60303,1.1641532182693481e-10,115.10349115103752,85.86177707403951,-0.05310754694245713,-0.05449740096993462,0.07609453498591813,False,224.2599936756996
2019-11-08 08:00:00,-418589.98922,-196003.94227,1.1641532182693481e-10,115.09125115593852,85.86087412938696,-0.054031626365015996,-0.05808716580304114,0.07933180622347308,False,222.9284112305103
2019-11-08 08:30:00,-418728.71114,-195963.12179,5.820766091346741e-11,115.07937906413564,85.85990355597855,-0.05498780959369872,-0.060165150247011925,0.08150769600570479,False,222.42568380280207
2019-11-08 09:00:00,-418870.07188,-195916.45786,1.7462298274040222e-10,115.06671818125439,85.85893357029951,-0.058045690448518726,-0.06075987412459432,0.08403014032644361,False,223.69127154425567
2019-11-08 09:30:00,-419015.37777,-195866.51103,2.9103830456733704e-11,115.05348787328148,85.85794381710873,-0.06373949092522763,-0.061502305989720986,0.08857345169665934,False,226.0233614258747
2019-11-08 10:00:00,-419167.81751,-195802.34361,5.820766091346741e-11,115.03829433849305,85.85694985867725,-0.06753751869099472,-0.06140182214241998,0.09127705184407436,False,227.72441694236815
2019-11-08 10:30:00,-419318.55208,-195739.77674,0.0,115.02337696254968,85.85596338625741,-0.06433672121489994,-0.06000983985283756,0.08797951225056302,False,226.99291441112348
2019-11-08 11:00:00,-419461.54401,-195683.85202,5.820766091346741e-11,115.00961698455407,85.85501433948258,-0.06279808688321468,-0.05952451955067649,0.0865261124975036,False,226.53296958050385
2019-11-08 11:30:00,-419608.32502,-195625.49569,1.1641532182693481e-10,114.9953924142435,85.85404349063538,-0.06500493591223094,-0.060169546371368975,0.08857773988700307,False,227.21218994835073
2019-11-08 12:00:00,-419756.75016,-195563.27965,2.9103830456733704e-11,114.98065571289537,85.8530736375457,-0.06573094692227582,-0.060764458305867464,0.08951467352621327,False,227.2484038333958
2019-11-08 12:30:00,-419906.54525,-195503.38272,2.9103830456733704e-11,114.96611444019072,85.85208361289567,-0.06330871422430874,-0.06088987891061335,0.08783832108188515,False,226.11572549390195
2019-11-08 13:00:00,-420051.66814,-195449.18679,5.820766091346741e-11,114.95246309117296,85.85110972611703,-0.06211042175998898,-0.06197564615938275,0.08774215183181186,False,225.06223156385684
2019-11-08 13:30:00,-420203.16008,-195394.77976,5.820766091346741e-11,114.93846244614022,85.8500846587454,-0.06172634780751804,-0.06461628408128904,0.08936109993799615,False,223.68965621352388
2019-11-08 14:00:00,-420356.29337,-195345.77338,6.507814330688532e-11,114.92498860163862,85.84902561598298,-0.05945859931030008,-0.06509787812542565,0.08816495204090789,False,222.40771107461978
2019-11-08 14:30:00,-420505.89272,-195299.42888,5.820766091346741e-11,114.91200392042208,85.84798501368127,-0.05603776631947617,-0.06727066026148082,0.0875532579981567,False,219.79495478102064
2019-11-08 15:00:00,-420660.91122,-195264.81789,8.231806349783991e-11,114.900058727641,85.84685589786584,-0.05212031668106754,-0.07062776016045387,0.0877770352439484,False,216.42576557501576
2019-11-08 15:30:00,-420815.51801,-195236.29022,8.231806349783991e-11,114.88882299397143,85.84570700949773,-0.050854214127182086,-0.07314481770360724,0.08908600031086378,False,214.80910563519558
2019-11-08 16:00:00,-420976.8257,-195209.56674,6.507814330688532e-11,114.8774475051547,85.84449669562862,-0.050267107330931274,-0.07563833838068984,0.09081817170815047,False,213.60689187491647
2019-11-08 16:30:00,-421138.6761,-195186.67011,6.507814330688532e-11,114.8664790496258,85.84326738844632,-0.0484723057674609,-0.07828562578389056,0.09207716128763731,False,211.7646521616722
2019-11-08 17:00:00,-421305.90397,-195169.75454,5.820766091346741e-11,114.85590784407398,85.84197168797648,-0.04705171036647552,-0.0827525081787773,0.09519370282896503,False,209.62184560222397
2019-11-08 17:30:00,-421480.18853,-195158.19696,1.7703168939037188e-10,114.8455772396075,85.84059830320619,-0.04662187033257251,-0.08525113223424487,0.09716663182660963,False,208.67322791699084
2019-11-08 18:00:00,-421654.92357,-195146.4035,1.3015628661377063e-10,114.83520372195352,85.83922200744098,-0.046447296008138364,-0.08813030057408291,0.09962078691591342,False,207.79056749483885
2019-11-08 18:30:00,-421838.34638,-195139.70648,6.507814330688532e-11,114.82495762105268,85.83775575916145,-0.04301084507918836,-0.09181647524129007,0.10139131087110163,False,205.10044276759606
2019-11-08 19:00:00,-422019.92807,-195144.6485,1.1641532182693481e-10,114.81611579122607,85.83626058378022,-0.0421378274822665,-0.09253152198089891,0.10167437762301194,False,204.4839926695132
2019-11-08 19:30:00,-422204.36799,-195141.8282,6.507814330688532e-11,114.80626461443062,85.83477124196322,-0.04585616597101087,-0.0953449204652919,0.10579906339894382,False,205.68524079770998
2019-11-08 20:00:00,-422400.75988,-195138.80569,2.3283064365386963e-10,114.79578063118407,85.83318532559625,-0.04643648380353711,-0.0994980942548647,0.10980080959804488,False,205.01880374856307
2019-11-08 20:30:00,-422599.64791,-195140.28957,1.1999816708318134e-10,114.78567941332659,85.83156203898822,-0.04539351391876206,-0.09769588700644107,0.10772677217789525,False,204.92151267031656
2019-11-08 21:00:00,-422788.57517,-195137.88628,2.9103830456733704e-11,114.775665399704,85.83003424537985,-0.044029472662523994,-0.09304294046236514,0.10293484945742706,False,205.32429412901988
2019-11-08 21:30:00,-422970.19638,-195136.74132,0.0,114.76617571358432,85.82856103861529,-0.040813276248587535,-0.0934262119037168,0.1019518542686778,False,203.5981295189803
2019-11-08 22:00:00,-423155.52558,-195145.36806,0.0,114.75759286826582,85.8270208853092,-0.037309182394671445,-0.0927323252620249,0.09995628664301633,False,201.91650132571937
2019-11-08 22:30:00,-423329.59671,-195154.57731,5.820766091346741e-11,114.74966068190106,85.82557005409457,-0.035608475187692806,-0.09044451455086804,0.09720171663882647,False,201.48981741722736
2019-11-08 23:00:00,-423504.88555,-195165.26637,5.820766091346741e-11,114.7418365182729,85.82410368465324,-0.03256010085805615,-0.09075987476749961,0.09642362280944955,False,199.7354460246823
2019-11-08 23:30:00,-423675.39746,-195184.86982,2.9103830456733704e-11,114.73525782215833,85.8226426906665,-0.02830128006122136,-0.08968289926942286,0.09404246314550216,False,197.51416065255057
2019-11-09 00:00:00,-423840.75318,-195207.82197,5.820766091346741e-11,114.72932203178341,85.8212110503336,-0.023101301430880773,-0.08509560542241958,0.08817557592671872,False,195.1882972682756
2019-11-09 00:30:00,-423988.43855,-195237.48538,1.1641532182693481e-10,114.72504572965182,85.81989801965679,-0.01756825563833217,-0.0813201484648661,0.08319621477279873,False,192.19072239518948
2019-11-09 01:00:00,-424133.12117,-195272.82217,6.507814330688532e-11,114.72155857318302,85.81858814515273,-0.010180096325579122,-0.0805975607289901,0.08123792929821216,False,187.19878008635783
2019-11-09 01:30:00,-424267.32433,-195325.53964,5.820766091346741e-11,114.72054789151372,85.81729842293477,-0.006097669827678866,-0.07930072984971924,0.07953481836293799,False,184.39699135060454
2019-11-09 02:00:00,-424401.62168,-195372.26904,0.0,114.71886595570406,85.8160303671939,-0.003068345498271386,-0.0784266526706775,0.07848665232524477,False,182.24048361890482
2019-11-09 02:30:00,-424528.40907,-195433.56909,5.820766091346741e-11,114.7191926700506,85.8147688393597,0.003889501151668407,-0.0779079130365919,0.07800494300315844,False,177.14191896920642
2019-11-09 03:00:00,-424650.535,-195502.27209,5.820766091346741e-11,114.72058225890794,85.81351751113745,0.007096387964843798,-0.0772595144928831,0.07758473626831242,False,174.75203272386307
2019-11-09 03:30:00,-424770.37096,-195573.08882,1.1641532182693481e-10,114.72232360395377,85.8122768962446,0.009195655298303077,-0.07567279478374112,0.07622946901787658,False,173.07146543446214
2019-11-09 04:00:00,-424884.14336,-195646.27491,1.1641532182693481e-10,114.72463817342071,85.81107674455511,0.012823800517670039,-0.07591919563268955,0.07699463699006304,False,170.41245162475172
2019-11-09 04:30:00,-424999.31623,-195729.33606,0.0,114.7279780328166,85.8098281789319,0.013324009181628838,-0.08020463719601487,0.0813038316957848,False,170.56786725351458
2019-11-09 05:00:00,-425126.33919,-195810.62465,1.1641532182693481e-10,114.73051194152825,85.80848980930465,0.011856254296664644,-0.0817967385322717,0.08265154082329017,False,171.7525441036491
2019-11-09 05:30:00,-425248.92122,-195891.29501,5.820766091346741e-11,114.73320289574443,85.80718988698365,0.010706181827363933,-0.0824466151361554,0.08313883976054696,False,172.6012054781478
2019-11-09 06:00:00,-425379.79377,-195969.81372,2.9103830456733704e-11,114.73522872412705,85.80583055737321,0.00803673590085658,-0.08284423415282588,0.08323314397707418,False,174.45906332039874
2019-11-09 06:30:00,-425507.69134,-196042.36369,5.820766091346741e-11,114.73674251304867,85.80451780809794,0.0056593845037308,-0.07980498162957927,0.08000539810449388,False,175.9436502271397
2019-11-09 07:00:00,-425632.20385,-196108.53771,6.507814330688532e-11,114.7377205566374,85.8032565058808,0.0028891423259630906,-0.07692105696461185,0.07697529569889766,False,177.84899101264807
2019-11-09 07:30:00,-425754.84296,-196167.68974,5.820766091346741e-11,114.73801433992641,85.80203677414188,-0.0010606234457085084,-0.07495007150837703,0.07495757560916987,False,180.81074227088163
2019-11-09 08:00:00,-425878.86072,-196217.98148,0.0,114.73725417469073,85.80083904277441,-0.0035697905443579057,-0.07284298365810053,0.07293040293831433,False,182.80562955366582
2019-11-09 08:30:00,-425998.39177,-196265.75192,0.0,114.73644405252948,85.79968727300003,-0.004211105433999961,-0.06903960383761343,0.0691679138548422,False,183.49046053994493
2019-11-09 09:00:00,-426110.94119,-196308.21391,1.1641532182693481e-10,114.7354023300901,85.79861221597282,-0.004662423091765552,-0.06581631377957867,0.06598124997769128,False,184.0520599385581
2019-11-09 09:30:00,-426220.61453,-196349.64908,0.0,114.73439419985446,85.7975644107877,-0.004878882530164566,-0.06412589814129963,0.06431123002377952,False,184.35084529932107
2019-11-09 10:00:00,-426327.96428,-196388.85315,0.0,114.73325788513601,85.7965438760441,-0.00513422020593754,-0.06173990218288521,0.06195301234544848,False,184.75371420232716
2019-11-09 10:30:00,-426430.22219,-196425.85529,0.0,114.73213802931738,85.79557302913403,-0.0023132083340827343,-0.05860022305898398,0.05864586153651038,False,182.26054255541214
2019-11-09 11:00:00,-426523.05847,-196469.55052,0.0,114.73224133523847,85.79465376290263,0.002350645825157996,-0.05676060641749762,0.05680925960331999,False,177.62854598623142
2019-11-09 11:30:00,-426612.27657,-196519.03204,0.0,114.73317034137352,85.79374224974991,0.006736449730365943,-0.05453077871727055,0.05494529627258073,False,172.9576558248134
2019-11-09 12:00:00,-426691.21438,-196573.71214,2.9103830456733704e-11,114.73519938535864,85.79289490317687,0.01197710709795866,-0.051807872458338546,0.05317430529020051,False,166.9828685952022
2019-11-09 12:30:00,-426763.63153,-196636.23342,1.1641532182693481e-10,114.73842870884404,85.7920712132725,0.01682878237534804,-0.050053768300512405,0.05280707942424202,False,161.41662987869415
2019-11-09 13:00:00,-426829.51836,-196704.1426,2.9103830456733704e-11,114.74258652661557,85.79128044348509,0.022041100052650284,-0.04839401081414134,0.05317697221740036,False,155.513060749124
2019-11-09 13:30:00,-426888.64578,-196781.2148,0.0,114.7481019929316,85.79051028363877,0.028272958836961945,-0.04588592896819355,0.05389692643064768,False,148.36038978475892
2019-11-09 14:00:00,-426936.92699,-196865.73039,2.9103830456733704e-11,114.75499268711302,85.78980040769109,0.032425096505461985,-0.04401096124085749,0.05466581740660962,False,143.61905103329593
2019-11-09 14:30:00,-426983.64618,-196953.56317,8.231806349783991e-11,114.76232781231555,85.7890907303962,0.035466422903578224,-0.04576070469234088,0.057895675551072785,False,142.22284763991104
2019-11-09 15:00:00,-427033.03927,-197050.67139,6.507814330688532e-11,114.7705500240196,85.78832441226298,0.03806548194123858,-0.04683037929415658,0.060349526429403985,False,140.8944999226735
2019-11-09 15:30:00,-427079.30816,-197148.62714,0.0,114.77902246714174,85.78758023898897,0.038701421791113876,-0.0460134979617539,0.06012521969465088,False,139.93319622247805
2019-11-09 16:00:00,-427125.04286,-197246.59557,0.0,114.78752059542798,85.7868402709375,0.03915715985234812,-0.04588183220211739,0.060319364170435354,False,139.5213991641702
2019-11-09 16:30:00,-427170.16451,-197345.85574,2.9103830456733704e-11,114.7961898315061,85.78610034248567,0.039180643216196166,-0.04586903530613326,0.06032488046196327,False,139.4965433653307
2019-11-09 17:00:00,-427215.79209,-197443.89534,0.0,114.80469530009236,85.78536079050367,0.03803075116483272,-0.044664571696899885,0.058662270660356605,False,139.58644714514236
2019-11-09 17:30:00,-427258.68509,-197537.59218,2.9103830456733704e-11,114.81285766701941,85.78465971291615,0.03671324426610841,-0.043414933688828095,0.05685700283824573,False,139.78092647546936
2019-11-09 18:00:00,-427302.1924,-197629.45132,5.820766091346741e-11,114.82078294655375,85.78396046580683,0.034544566831412306,-0.04218497315036587,0.054524297861293,False,140.68652863398756
2019-11-09 18:30:00,-427344.31823,-197714.21533,2.9103830456733704e-11,114.82799263839718,85.78329906417409,0.03205222041977918,-0.04037622410423481,0.051551763371910975,False,141.55608385794142
2019-11-09 19:00:00,-427385.66115,-197795.20795,8.231806349783991e-11,114.83482366992936,85.7826581535385,0.029570409506467332,-0.037853280866240464,0.048034154418691084,False,142.00358567364935
2019-11-09 19:30:00,-427423.27709,-197868.05891,2.486632364254192e-10,114.84094432854484,85.78207813046092,0.02743730805472619,-0.03503376875841487,0.04449911040355783,False,141.9331080304001
2019-11-09 20:00:00,-427458.61848,-197937.82717,6.507814330688532e-11,114.84683931159695,85.78152815744909,0.026722605425916493,-0.0325855670722789,0.0421416281385901,False,140.6456816670776
2019-11-09 20:30:00,-427489.30318,-198004.64748,1.049353530241639e-10,114.85264546275413,85.7810270987005,0.026754720307315835,-0.030518213657477415,0.04058542131808095,False,138.7595894710156
2019-11-09 21:00:00,-427517.8289,-198071.39937,1.8406878575731415e-10,114.85855305129398,85.7805438056104,0.02665198992009522,-0.027964139406066672,0.03863057933066482,False,136.37626318212813
2019-11-09 21:30:00,-427540.31253,-198134.02497,5.820766091346741e-11,114.86431298149722,85.78012512909055,0.025850110635926824,-0.02323801658403403,0.03475965527230525,False,131.95403034822704
2019-11-09 22:00:00,-427554.6021,-198191.0089,2.9103830456733704e-11,114.86986844074256,85.7797942752371,0.026912580577547935,-0.019268550892362894,0.03309930583614389,False,125.6014576186758
2019-11-09 22:30:00,-427562.50065,-198251.09844,5.820766091346741e-11,114.87609238912073,85.7795036254343,0.028681503154332575,-0.01615671842547381,0.032919115624087385,False,119.3932097401053
2019-11-09 23:00:00,-427563.93549,-198309.14961,2.9103830456733704e-11,114.88242130226305,85.77927314652693,0.03033867671491796,-0.013064176830171614,0.03303192427126064,False,113.29725732876727
2019-11-09 23:30:00,-427559.21113,-198369.96786,1.7703168939037188e-10,114.8893697546951,85.7790822408174,0.03272802040461915,-0.010206266684855577,0.0342825203164464,False,107.32014295561828
2019-11-10 00:00:00,-427547.6785,-198431.49128,6.507814330688532e-11,114.89674372741707,85.77894394390466,0.03451826397871528,-0.00808896142275375,0.0354533756503252,False,103.18863336220619
2019-11-10 00:30:00,-427533.31126,-198494.94451,5.820766091346741e-11,114.90447507137047,85.77882133139072,0.03637958942494959,-0.005681687669871094,0.03682059344315174,False,98.87662621008565
2019-11-10 01:00:00,-427511.0797,-198558.89272,0.0,114.91266319356178,85.77876067884075,0.03842440839149082,-0.0034131138458404434,0.038575698391095106,False,95.07607327666568
2019-11-10 01:30:00,-427486.18644,-198625.57692,8.231806349783991e-11,114.92128899895252,85.77871123813782,0.040608791280023634,-0.0021914348245813207,0.04066787818186377,False,93.08894431561413
2019-11-10 02:00:00,-427456.6331,-198694.79638,1.1999816708318134e-10,114.93043280275465,85.77868998913095,0.043065101887432844,-5.304670724265784e-05,0.04306513455834222,False,90.07057572771646
2019-11-10 02:30:00,-427421.00991,-198766.24572,1.3015628661377063e-10,114.94013337917231,85.77870952038997,0.044919423572121454,0.0018432167440190564,0.044957224803329365,False,87.65025198793836
2019-11-10 03:00:00,-427382.4279,-198838.62864,6.507814330688532e-11,114.95008864039173,85.77874943807528,0.0464849773039952,0.002179195893232653,0.04653602915692347,False,87.31596339368213
2019-11-10 03:30:00,-427343.30565,-198914.66489,5.820766091346741e-11,114.96047439357575,85.77877980378445,0.04783170518578744,0.0012359433870631695,0.04784767054973639,False,88.51983981129973
2019-11-10 04:00:00,-427305.72937,-198992.86208,1.7462298274040222e-10,114.9710190789194,85.77878930075816,0.04862769706927692,0.0015382796554301754,0.048652021813689036,False,88.18812003401092
2019-11-10 04:30:00,-427264.38234,-199071.02243,1.1641532182693481e-10,114.98175332415914,85.77882941773822,0.04788099359629419,0.00218187520112411,0.047930680437081694,False,87.39091006482397
2019-11-10 05:00:00,-427225.81187,-199145.78968,0.0,114.99197135373575,85.77885968316056,0.045662360033524106,0.0015576800065834583,0.045688920876226544,False,88.04622680680916
2019-11-10 05:30:00,-427189.84874,-199217.64593,2.9103830456733704e-11,115.00173488925047,85.77887966587718,0.04437387998915995,0.0015460022971203018,0.04440080346564768,False,88.00460108279265
2019-11-10 06:00:00,-427153.25184,-199288.21437,1.1999816708318134e-10,115.01138922822204,85.7789095501618,0.04274250764373496,0.002130292729604827,0.04279556176507733,False,87.14673108859677
2019-11-10 06:30:00,-427117.84159,-199353.84686,5.820766091346741e-11,115.02043900612097,85.77894838482301,0.039828962213981814,0.003685944220113849,0.039999155189035955,False,84.71266111786781
2019-11-10 07:00:00,-427080.58452,-199412.53084,1.1999816708318134e-10,115.02881859993529,85.77902844621241,0.03671802399022675,0.006802012598880292,0.03734274576329643,False,79.50493457408777
2019-11-10 07:30:00,-427039.72982,-199463.25902,2.3283064365386963e-10,115.03650734396312,85.77916778793163,0.033686798576169054,0.009871950610491101,0.03510350135196432,False,73.66672353316022
2019-11-10 08:00:00,-426997.06282,-199507.36839,1.1999816708318134e-10,115.04356087457025,85.7793468677093,0.03038675957463756,0.01297647547810202,0.033041550709381216,False,66.87539818354986
2019-11-10 08:30:00,-426951.09983,-199542.59204,2.9103830456733704e-11,115.04980600829289,85.77958634539107,0.02765987981356289,0.016393242707930494,0.03215287479809325,False,59.34595507320029
2019-11-10 09:00:00,-426901.43727,-199572.5903,1.1641532182693481e-10,115.05566681280666,85.7798756275368,0.0251973824171801,0.0204954547420792,0.03248032859689436,False,50.875225271372926
2019-11-10 09:30:00,-426845.84367,-199593.51919,1.7462298274040222e-10,115.06083494786324,85.78024742211356,0.023557144673802263,0.025052613193566546,0.03438855177248549,False,43.237863730013885
2019-11-10 10:00:00,-426783.81639,-199611.20983,8.231806349783991e-11,115.06597875175538,85.7806836885318,0.023420572742940963,0.02837907250474693,0.03679531198178747,False,39.532045742191485
2019-11-10 10:30:00,-426717.58019,-199626.60935,1.7703168939037188e-10,115.07108813544227,85.78116277649613,0.023943995768404037,0.03215995898562177,0.040094611799021386,False,36.66872232680248
2019-11-10 11:00:00,-426642.42271,-199640.2277,2.9103830456733704e-11,115.07646235759162,85.7817209915081,0.02568610006372924,0.03591156697623265,0.044152195632520416,False,35.57461654347327
2019-11-10 11:30:00,-426561.29295,-199655.57027,0.0,115.08233597332918,85.7823210838295,0.027696668771583714,0.039916116559661284,0.04858396671997137,False,34.7556912222575
2019-11-10 12:00:00,-426470.00724,-199669.6167,1.1999816708318134e-10,115.08859238981198,85.78300846408065,0.030273617983335475,0.043980027652710266,0.05339227264440139,False,34.54155022223006
2019-11-10 12:30:00,-426371.69086,-199687.13877,6.507814330688532e-11,115.09559675984879,85.7837396322265,0.033933820041582845,0.04623416172349646,0.05735069182572216,False,36.27701427411637
2019-11-10 13:00:00,-426267.4638,-199709.65312,0.0,115.10345901960761,85.78449971630194,0.03806293226390567,0.047740876806980026,0.06105717100247861,False,38.56471804644838
2019-11-10 13:30:00,-426157.92365,-199738.30689,0.0,115.11227537194696,85.78527948038241,0.04215294530490578,0.04890219122371838,0.0645623350287108,False,40.76083851546474
2019-11-10 14:00:00,-426043.65437,-199772.34637,5.820766091346741e-11,115.12193319064764,85.78607702189564,0.044390658457055046,0.049579631483747374,0.06654825629808121,False,41.839377348753544
2019-11-10 14:30:00,-425928.47552,-199807.22078,5.820766091346741e-11,115.13173376492053,85.7868786442348,0.04639023107064193,0.04864804201635251,0.06722116877005599,False,43.63908817821141
2019-11-10 15:00:00,-425814.1735,-199849.16235,8.231806349783991e-11,115.14227196891457,85.78764612953474,0.04876906585482988,0.04715478771851301,0.06783801138838579,False,45.96412509321135
2019-11-10 15:30:00,-425700.20844,-199894.03095,0.0,115.15311934735627,85.78839959271382,0.049382116382488433,0.04631219633372606,0.06770090802690332,False,46.837446278489494
2019-11-10 16:00:00,-425587.69763,-199939.21629,5.820766091346741e-11,115.16393018975695,85.78913990503665,0.04897969719428664,0.045275803253575116,0.06670014315951993,False,47.25035520693774
2019-11-10 16:30:00,-425477.70851,-199984.3174,0.0,115.17460481296872,85.78985994091087,0.047655239140989354,0.04522770615875725,0.06570058768357992,False,46.49710734008249
2019-11-10 17:00:00,-425367.36581,-200025.21978,2.9103830456733704e-11,115.1848382845504,85.7905987055524,0.04607881578338962,0.0467856687947623,0.06566700898147221,False,44.56389234969561
2019-11-10 17:30:00,-425254.70082,-200062.75918,2.098707060483278e-10,115.19482487991796,85.79136898954121,0.04407113653573898,0.04917743063966868,0.0660354810679166,False,41.865612024817665
2019-11-10 18:00:00,-425139.63004,-200093.41724,2.9103830456733704e-11,115.204180845858,85.79218490330717,0.04086214086257309,0.05202420674794444,0.06615310003035106,False,38.14767736818402
2019-11-10 18:30:00,-425022.60074,-200116.10267,2.399963341663627e-10,115.21276246484905,85.79304700903863,0.03744544090050793,0.055854916220595976,0.06724531738525165,False,33.838115925050545
2019-11-10 19:00:00,-424900.28483,-200129.72314,1.3015628661377063e-10,115.22062198898278,85.79398647826841,0.03455983197690697,0.06009093130408874,0.0693202857125153,False,29.90430911670677
2019-11-10 19:30:00,-424773.88105,-200136.47986,1.1999816708318134e-10,115.22793999875536,85.79498521119524,0.02873557629962514,0.06401253200321493,0.07016649911983776,False,24.175573051709762
2019-11-10 20:00:00,-424647.72804,-200125.08384,1.3015628661377063e-10,115.23324432004812,85.7960511795966,0.024301692621363936,0.06999411207343324,0.07409283358875937,False,19.146809008032903
2019-11-10 20:30:00,-424508.65041,-200108.19839,5.820766091346741e-11,115.23861792725073,85.79724282710713,0.02292498803520269,0.07628738114497755,0.079657514387365,False,16.725957057909454
2019-11-10 21:00:00,-424364.12025,-200082.6343,2.9103830456733704e-11,115.24331992061695,85.7985117847858,0.02012170191201171,0.08146719158006083,0.08391535134752276,False,13.873893009085748
2019-11-10 21:30:00,-424212.48331,-200048.64507,2.9103830456733704e-11,115.24746415622266,85.79987050144412,0.01860600389688595,0.0870392107264582,0.08900566040930055,False,12.066271309658077
2019-11-10 22:00:00,-424052.14173,-200009.56843,6.507814330688532e-11,115.25150256482472,85.80131917704438,0.019123485373569813,0.09295495942427964,0.09490169742635067,False,11.625177668667106
2019-11-10 22:30:00,-423880.45356,-199968.15712,0.0,115.25587744884345,85.80286869836027,0.021096265070316058,0.0986879281032092,0.10091758792807735,False,12.066362437863745
2019-11-10 23:00:00,-423698.42211,-199926.67253,2.9103830456733704e-11,115.26078724968228,85.8045022838909,0.022611980669392205,0.10312649795440897,0.10557640006238933,False,12.367217098646734
2019-11-10 23:30:00,-423509.96164,-199883.3469,1.3015628661377063e-10,115.26583289571653,85.80619496862025,0.024508081507383185,0.10732905437987855,0.11009165260477956,False,12.862686196198183
2019-11-11 00:00:00,-423311.34231,-199841.54523,8.231806349783991e-11,115.27158210599143,85.8079640985698,0.02770936361017308,0.11127621322951659,0.11467434090668072,False,13.983074551406844
2019-11-11 00:30:00,-423105.1206,-199802.53612,1.3015628661377063e-10,115.27804287946688,85.80978409313045,0.031751103235556424,0.11531657567051223,0.11960788093201859,False,15.39428545396703
2019-11-11 01:00:00,-422887.14472,-199767.63481,1.049353530241639e-10,115.28557931068539,85.8116835355025,0.035908088551683315,0.11777012125181612,0.12312267168601809,False,16.956454260661758
2019-11-11 01:30:00,-422666.55417,-199738.3285,0.0,115.29387948703605,85.8135826667353,0.039732125690113834,0.11896225467819836,0.12542192730928484,False,18.468770266501167
2019-11-11 02:00:00,-422438.82546,-199713.9767,5.820766091346741e-11,115.30311051041988,85.81552055519977,0.044004346721833676,0.1215220712011234,0.12924394113236512,False,19.905823750873196
2019-11-11 02:30:00,-422203.33883,-199694.56389,2.9103830456733704e-11,115.31330471752653,85.81750224708831,0.044884439546552385,0.12434266058681395,0.1321957266904484,False,19.84825299801389
2019-11-11 03:00:00,-421965.08408,-199668.65222,5.820766091346741e-11,115.32293290817537,85.81953112763681,0.04814161187587236,0.12890588697622307,0.13760211659394608,False,20.478812497251738
2019-11-11 03:30:00,-421709.7406,-199652.73249,5.820766091346741e-11,115.33457732724824,85.82165996505303,0.051238428189443956,0.13370359339693552,0.1431852904825697,False,20.968032323342584
2019-11-11 04:00:00,-421451.11324,-199629.40619,0.0,115.34558393749197,85.82384362478014,0.04845677239270833,0.1375566231915694,0.1458419808374329,False,19.405720854976323
2019-11-11 04:30:00,-421187.52833,-199598.39987,1.1999816708318134e-10,115.35600990302926,85.82609673354129,0.046723605977378097,0.14293443874842,0.15037735579486397,False,18.101966569236367
2019-11-11 05:00:00,-420914.08777,-199561.04941,6.507814330688532e-11,115.36626136563534,85.82845384046531,0.044868092565560375,0.1496845234582214,0.15626452666356022,False,16.686157117826042
2019-11-11 05:30:00,-420631.41931,-199513.50085,1.6463612699567982e-10,115.37587714028022,85.83092466855213,0.043654675801561994,0.15777446745351986,0.16370251464037222,False,15.466253952762258
2019-11-11 06:00:00,-420333.55125,-199459.62909,5.820766091346741e-11,115.3856032651066,85.8335426949237,0.04405939633924493,0.16603035272316363,0.17177691472126516,False,14.86200837311958
2019-11-11 06:30:00,-420023.42399,-199400.55658,1.1999816708318134e-10,115.39541053657997,85.8362798038035,0.04327889010425096,0.17222765577885316,0.17758217180712416,False,14.105724336636172
2019-11-11 07:00:00,-419706.62586,-199334.47439,8.231806349783991e-11,115.40480282118477,85.83909771861819,0.04108956369532235,0.17701174906912798,0.18171822020145334,False,13.068565579749247
2019-11-11 07:30:00,-419384.34312,-199260.79095,1.3015628661377063e-10,115.41365106774546,85.8419891290283,0.0389851033232172,0.18310278471855293,0.18720701924022684,False,12.019580134263038
2019-11-11 08:00:00,-419051.012,-199178.35683,1.1641532182693481e-10,115.42212135541914,85.84500349543767,0.03928746865960318,0.19239056106578276,0.1963609767262477,False,11.541507537453981
2019-11-11 08:30:00,-418698.08669,-199091.20605,1.1999816708318134e-10,115.43111735466493,85.84819445612429,0.04232965579426419,0.20274183786350475,0.20711362239102607,False,11.793143285541646
2019-11-11 09:00:00,-418326.42545,-199002.55247,1.1641532182693481e-10,115.44095477983288,85.85154267956814,0.0436844459718253,0.21079563078082986,0.21527454279629366,False,11.708019197428257
2019-11-11 09:30:00,-417945.25307,-198907.22646,8.231806349783991e-11,115.45056824000038,85.85499341073103,0.044740851470828756,0.21642448109873544,0.22100067830029765,False,11.680070243913917
2019-11-11 10:00:00,-417553.69103,-198813.17253,5.820766091346741e-11,115.46089334647964,85.85852316586131,0.04741274226315571,0.22057838918782433,0.2256164752530447,False,12.130997305541541
2019-11-11 10:30:00,-417154.916,-198719.96321,6.507814330688532e-11,115.47171525307951,85.86210786983426,0.05135791246310229,0.2236097378698423,0.2294317982381415,False,12.935161889797428
2019-11-11 11:00:00,-416747.42919,-198633.88885,1.1641532182693481e-10,115.48382043976021,85.86573537643278,0.05636740452459779,0.225747669642774,0.23267852208999154,False,14.019637385364774
2019-11-11 11:30:00,-416333.98501,-198553.47727,5.820766091346741e-11,115.49690032151067,85.86938903064252,0.06116622476304852,0.22737105951888953,0.23545467877811682,False,15.056960223545957
2019-11-11 12:00:00,-415913.82464,-198480.29304,1.049353530241639e-10,115.51117392050102,85.87306888324687,0.06615238469606968,0.22758998825387747,0.2370091575327352,False,16.20728493001377
2019-11-11 12:30:00,-415491.97654,-198415.53441,1.1999816708318134e-10,115.52650960976014,85.87672959037572,0.07100418199913865,0.22514037722295285,0.2360715639746988,False,17.50409560369519
2019-11-11 13:00:00,-415072.2841,-198361.6865,1.1641532182693481e-10,115.54298286750046,85.88033042248946,0.07659287001112518,0.22234065268507805,0.2351634188664717,False,19.008026895951048
2019-11-11 13:30:00,-414650.88885,-198319.18473,1.1999816708318134e-10,115.5608524495513,85.88390081262318,0.08183429214956836,0.21943121303211421,0.2341941686386875,False,20.45240933161233
2019-11-11 14:00:00,-414232.53392,-198286.61606,6.507814330688532e-11,115.5797070788992,85.88740780421313,0.08477495135916928,0.214951370780391,0.2310646753147669,False,21.5238449852028
2019-11-11 14:30:00,-413821.13929,-198260.34999,2.9103830456733704e-11,115.59892809596751,85.8908337099265,0.09029764909810012,0.2067374362742176,0.2255970589123001,False,23.594480534905415
2019-11-11 15:00:00,-413420.88145,-198258.20945,2.9103830456733704e-11,115.62029788097142,85.89407572101395,0.09590139038295628,0.19835852759661102,0.2203251736585715,False,25.802606212713215
2019-11-11 15:30:00,-413027.97268,-198262.87376,2.9103830456733704e-11,115.64207090147033,85.89723141565544,0.0988045744711298,0.19171182139054768,0.21567514088856482,False,27.265705190876417
2019-11-11 16:00:00,-412644.76267,-198280.20881,1.4551915228366852e-10,115.66478105926369,85.90025902685063,0.10145177458682636,0.18321945885017807,0.20943216722406405,False,28.974055374837803
2019-11-11 16:30:00,-412275.27411,-198306.39633,1.7703168939037188e-10,115.6877789832998,85.9031408269315,0.10234098968540295,0.17484439364945786,0.20259378114945764,False,30.341553070308862
2019-11-11 17:00:00,-411917.82956,-198339.38318,6.507814330688532e-11,115.7109221978885,85.90589831375291,0.1020095565986264,0.16630312234129255,0.19509658668954535,False,31.524757841224357
2019-11-11 17:30:00,-411576.53908,-198377.54172,1.1999816708318134e-10,115.73380123144163,85.90850463731277,0.1021955595534274,0.15833598537511506,0.18845216012862995,False,32.83960679601148
2019-11-11 18:00:00,-411244.61251,-198423.30607,5.820766091346741e-11,115.75705838323213,85.91100513573195,0.10375034057705801,0.1523032688947879,0.18428352852573016,False,34.263038909105376
2019-11-11 18:30:00,-410920.41572,-198475.67003,1.1641532182693481e-10,115.78066802140643,85.9134168816824,0.10283571911565319,0.14797166957269722,0.18019655968459833,False,34.79810175154989
2019-11-11 19:00:00,-410603.92247,-198524.98125,1.1641532182693481e-10,115.80353899061262,85.9157777002988,0.10241596282997915,0.14452113018401758,0.1771309868771058,False,35.32357421454924
2019-11-11 19:30:00,-410291.52629,-198581.13611,5.820766091346741e-11,115.82698635351547,85.91807811400926,0.10223897554651049,0.1425609832840568,0.17543215804326495,False,35.646561702671704
2019-11-11 20:00:00,-409981.61919,-198632.69066,1.1641532182693481e-10,115.84980296790539,85.9203757430515,0.1000060662695488,0.14199593328088972,0.17367803073221516,False,35.156586320886504
2019-11-11 20:30:00,-409674.51569,-198682.25048,5.820766091346741e-11,115.87226547452211,85.92265792045932,0.09995762486998543,0.14307719016495604,0.1745354093447737,False,34.93919930705209
2019-11-11 21:00:00,-409361.14272,-198731.70765,2.9103830456733704e-11,115.89508624252164,85.92499039965892,0.10031554976545792,0.14325899364438852,0.1748895330908886,False,35.001213673428424
2019-11-11 21:30:00,-409052.84832,-198781.89365,8.231806349783991e-11,115.91773606997675,85.9272784521378,0.1002177053651408,0.14162175031233548,0.17349440518409712,False,35.284884107567734
2019-11-11 22:00:00,-408744.89123,-198833.36443,1.8406878575731415e-10,115.94053837944527,85.92955811273015,0.10168032718342694,0.14229492915931194,0.17489063954535233,False,35.548632385428164
2019-11-11 22:30:00,-408432.07384,-198886.98,1.049353530241639e-10,115.96387780487849,85.93186786260785,0.10240995571122331,0.14363795859789474,0.17640765907109943,False,35.48783559100201
2019-11-11 23:00:00,-408118.57711,-198938.44271,5.820766091346741e-11,115.98703708414332,85.93419085680928,0.10450765730388259,0.14573138333872696,0.17933066253422683,False,35.64526327158438
2019-11-11 23:30:00,-407795.63402,-198995.29113,2.9103830456733704e-11,116.01135707346374,85.93656808267313,0.10922769036175743,0.14781485818194728,0.18379314633879346,False,36.46252329451528
2019-11-12 00:00:00,-407467.89873,-199058.46528,1.3015628661377063e-10,116.03668938748969,85.93895827420022,0.112271340331486,0.1475945369285117,0.1854427167374609,False,37.259307912910685
2019-11-12 00:30:00,-407140.8057,-199125.21929,1.1999816708318134e-10,116.06242238875076,85.94132840878629,0.11415741298695048,0.14637556945695593,0.18562791350904448,False,37.950450916601426
2019-11-12 01:00:00,-406813.97106,-199196.12676,1.3015628661377063e-10,116.08864291843022,85.94367927845848,0.1141727837703593,0.143302343586238,0.18322386916333097,False,38.54526325327083
2019-11-12 01:30:00,-406496.72716,-199267.49654,1.1641532182693481e-10,116.11441208682649,85.94595031953507,0.11342550933986656,0.14188584947783664,0.1816505999193382,False,38.63932344841851
2019-11-12 02:00:00,-406175.59154,-199337.94332,1.1641532182693481e-10,116.14032231894144,85.94825548079139,0.11277156096427884,0.14195413738737037,0.1812964480725215,False,38.464419416912904
2019-11-12 02:30:00,-405859.10008,-199406.80267,0.0,116.16582202238301,85.95052873839795,0.11002945815619972,0.13964328178828897,0.17778281078538044,False,38.23571836110398
2019-11-12 03:00:00,-405549.72215,-199471.77418,1.1999816708318134e-10,116.1905100477488,85.95275937697417,0.10646691493550815,0.13673480540994737,0.17329630978869948,False,37.90568038266417
2019-11-12 03:30:00,-405248.22908,-199533.47666,1.1641532182693481e-10,116.21441147871964,85.95493882353854,0.09996548145717929,0.13414021944418278,0.16729224714701865,False,36.69462974847909
2019-11-12 04:00:00,-404957.51697,-199581.32145,2.9103830456733704e-11,116.23615629952842,85.95708581371525,0.09455093371775919,0.13275279431624498,0.1629821568935426,False,35.4597276842436
2019-11-12 04:30:00,-404669.07957,-199627.52294,6.507814330688532e-11,116.25760929980123,85.9592204561361,0.09096379362211114,0.13273941695132677,0.16091663855146926,False,34.422098197009404
2019-11-12 05:00:00,-404384.0886,-199663.59099,1.1999816708318134e-10,116.27773676746311,85.96136703794791,0.08605548804062797,0.13546534403579918,0.1604880258980342,False,32.42609404223924
2019-11-12 05:30:00,-404094.64599,-199689.40258,1.7703168939037188e-10,116.29696752167237,85.9635895831708,0.08180862823983462,0.13528569306632712,0.15809766096599892,False,31.161778246709957
2019-11-12 06:00:00,-403816.98735,-199711.85788,8.231806349783991e-11,116.31517242012174,85.9657303695457,0.07375913079414308,0.13303006926553437,0.1521098573541517,False,29.006377843281882
2019-11-12 06:30:00,-403547.65445,-199715.1139,6.507814330688532e-11,116.33073710066856,85.96788019318944,0.061380451427143747,0.13330032382673745,0.14675331733801802,False,24.72452860212485
2019-11-12 07:00:00,-403288.88299,-199697.04932,1.3015628661377063e-10,116.34328910210216,85.97002969007166,0.05138827189564056,0.1355706202980102,0.14498326653930632,False,20.759297462253926
2019-11-12 07:30:00,-403028.19149,-199664.32664,1.3015628661377063e-10,116.35428991155784,85.97225270362708,0.04504496457815122,0.13878415905669447,0.1459112457589228,False,17.981796892014984
2019-11-12 08:00:00,-402769.20076,-199620.56424,8.231806349783991e-11,116.36394585122751,85.97450583641182,0.039316159378655346,0.1412345742278037,0.1466047930512397,False,15.555867514861006
2019-11-12 08:30:00,-402509.77657,-199565.35795,8.731149137020111e-11,116.37232960340047,85.97680787545593,0.03485852139495806,0.1438921698205873,0.14805429088520022,False,13.61780721493949
2019-11-12 09:00:00,-402249.35703,-199502.89248,8.731149137020111e-11,116.37994953739997,85.97914671202182,0.03210458680266744,0.14904494265831159,0.15246343635701445,False,12.155896562065607
2019-11-12 09:30:00,-401977.73525,-199430.49312,1.8406878575731415e-10,116.38707779872685,85.98161493351293,0.03225329307300107,0.15582484316502204,0.15912779977570424,False,11.694189256975278
2019-11-12 10:00:00,-401695.22991,-199357.59346,8.231806349783991e-11,116.3947757196827,85.9841724242981,0.03418160781278955,0.15995127095324455,0.16356280565038497,False,12.062674858903677
2019-11-12 10:30:00,-401407.23507,-199284.734,1.049353530241639e-10,116.40280013340676,85.9867737304956,0.03770205489615386,0.16183706164352823,0.1661706335812792,False,13.113900224135136
2019-11-12 11:00:00,-401113.03376,-199220.08721,6.507814330688532e-11,116.41212913024603,85.98939202725592,0.04200231302587587,0.1627746721305153,0.16810647871727138,False,14.46895621419526
2019-11-12 11:30:00,-400815.15195,-199159.49649,1.8406878575731415e-10,116.42214496705606,85.99202357474645,0.0456928958929224,0.1625248742873468,0.16882587330501012,False,15.703010378198996
2019-11-12 12:00:00,-400515.86581,-199107.04459,5.820766091346741e-11,116.4331876231675,85.99463380536483,0.04985464549741022,0.16125908219209417,0.16878974277813516,False,17.179448081105363
2019-11-12 12:30:00,-400215.41682,-199061.78324,1.8406878575731415e-10,116.44513631344324,85.99722452425414,0.051371713298805105,0.15842811964465903,0.16654885776070943,False,17.965743157929694
2019-11-12 13:00:00,-399922.84391,-199018.63491,1.4551915228366852e-10,116.4568930353457,85.99974346124222,0.05455574083786473,0.15538167019083887,0.16468088015814977,False,19.346580151655417
2019-11-12 13:30:00,-399627.12487,-198988.40007,1.3015628661377063e-10,116.47032815985692,86.00223589274894,0.06084492976619753,0.15276586463456746,0.16443696322846788,False,21.716837475193245
2019-11-12 14:00:00,-399332.90696,-198969.57874,6.507814330688532e-11,116.48500599069327,86.00467046486392,0.06160097353980931,0.15104793403568345,0.16312620365073316,False,22.186814306509234
2019-11-12 14:30:00,-399041.52219,-198944.38697,1.7703168939037188e-10,116.49880668062852,86.00710752198782,0.06648947124702609,0.14506539513575836,0.15957699913396922,False,24.62394508629245
2019-11-12 15:00:00,-398758.7373,-198950.78376,8.231806349783991e-11,116.51576491211723,86.00934906675087,0.07078987279504784,0.1393850864667909,0.1563310859032644,False,26.924769213004765
2019-11-12 15:30:00,-398478.74462,-198948.40441,1.1999816708318134e-10,116.53157164682783,86.01160300068527,0.06685333708957178,0.13739663046814762,0.15279791472403223,False,25.946251800745927
2019-11-12 16:00:00,-398208.69351,-198945.16445,1.1999816708318134e-10,116.54672524362756,86.01378039976423,0.06379049320408808,0.13294675426950894,0.14745869419609683,False,25.632616757223104
2019-11-12 16:30:00,-397947.96088,-198939.93546,1.1641532182693481e-10,116.56112965846684,86.01589081421865,0.06194730271845588,0.1298890574118658,0.14390495317894716,False,25.49762832665067
2019-11-12 17:00:00,-397690.72492,-198935.54902,2.9103830456733704e-11,116.5754448628061,86.01796958159944,0.058263862411276575,0.12534454646040277,0.1382242127503146,False,24.93040230774301
2019-11-12 17:30:00,-397450.5588,-198925.65042,5.820766091346741e-11,116.58815462635091,86.01993344859865,0.05230038920123732,0.11949281848104004,0.13043720473524295,False,23.638344337944034
2019-11-12 18:00:00,-397221.77317,-198911.3842,1.1641532182693481e-10,116.59971601330754,86.02182347429793,0.048979207553505655,0.11691381543498398,0.1267588380040417,False,22.730481830801125
2019-11-12 18:30:00,-396995.26712,-198894.85735,1.1641532182693481e-10,116.61089582747766,86.02370414940455,0.04463122556493429,0.1154044531241458,0.12373412664382938,False,21.143353531739592
2019-11-12 19:00:00,-396778.35693,-198868.94158,1.7462298274040222e-10,116.6204475545084,86.02554550816929,0.04002073322101595,0.11414482276301059,0.12095742908621542,False,19.321362894239144
2019-11-12 19:30:00,-396563.34903,-198839.53438,1.1999816708318134e-10,116.62949490772209,86.02738554077483,0.036530045765345076,0.11340493170879937,0.11914328675798588,False,17.854810420731383
2019-11-12 20:00:00,-396354.46118,-198803.51082,5.820766091346741e-11,116.63743190309256,86.02920304019645,0.031143812126606357,0.11199791207854806,0.11624744876224827,False,15.539916025271623
2019-11-12 20:30:00,-396152.68357,-198758.98351,2.9103830456733704e-11,116.64398139991232,86.03099769238278,0.0262374608784386,0.11289027755302578,0.11589917652574927,False,13.084144594516772
2019-11-12 21:00:00,-395948.85438,-198705.68512,1.1999816708318134e-10,116.64964196879411,86.03284396445278,0.024357751640052865,0.11613385688913053,0.11866074658834551,False,11.845433410651765
2019-11-12 21:30:00,-395739.68524,-198649.83219,6.507814330688532e-11,116.65532237264864,86.03474321903556,0.024269523668309614,0.11993084057039134,0.1223618253337505,False,11.44003691439167
2019-11-12 22:00:00,-395523.79296,-198590.07671,1.7703168939037188e-10,116.66094725973312,86.03671194879817,0.02586246191193438,0.12488949008116966,0.12753921619988431,False,11.699600504356738
2019-11-12 22:30:00,-395296.10885,-198531.29693,5.820766091346741e-11,116.66737614109398,86.03877111985992,0.029011278293527336,0.12856623109986084,0.13179882415047303,False,12.715956984168997
2019-11-12 23:00:00,-395063.31399,-198475.68103,5.820766091346741e-11,116.67447541513765,86.04085842865692,0.03322263229912649,0.13047897787879142,0.13464214409009204,False,14.285137811504114
2019-11-12 23:30:00,-394822.68499,-198427.3003,6.507814330688532e-11,116.68287654374365,86.04297927958314,0.039248830439429255,0.13141901093472602,0.13715475611849814,False,16.628472510297797
2019-11-13 00:00:00,-394577.13978,-198389.47933,1.7703168939037188e-10,116.69279713152225,86.04509689856603,0.04423401537113783,0.1302899297308792,0.1375940184206112,False,18.752580319503807
2019-11-13 00:30:00,-394332.09546,-198358.87436,6.507814330688532e-11,116.70353588104574,86.047181338439,0.04816183719802772,0.12730961964577395,0.13611503156022467,False,20.721869840512227
2019-11-13 01:00:00,-394089.79365,-198338.41485,8.231806349783991e-11,116.71530277614741,86.04920283091222,0.05428295731493016,0.12103092212930436,0.1326466115900601,False,24.156466420591812
2019-11-13 01:30:00,-393855.0438,-198337.555,1.1999816708318134e-10,116.72891491316025,86.05108475562857,0.059233634458563555,0.11289006417732428,0.12748643081179709,False,27.686083061644354
2019-11-13 02:00:00,-393630.90654,-198346.08161,1.1999816708318134e-10,116.74300888693539,86.05284371004353,0.06050747242553955,0.10447726216842514,0.12073380856055717,False,30.07705818769159
2019-11-13 02:30:00,-393421.13775,-198362.83259,1.1999816708318134e-10,116.7572291950817,86.0544543122611,0.059425913168622675,0.0950873610561771,0.1121295919396502,False,32.00378538606731
2019-11-13 03:00:00,-393228.9312,-198382.99359,1.7462298274040222e-10,116.7708280870983,86.05591043828889,0.05584852855150859,0.0870709370799826,0.10344276787361675,False,32.676685705127284
2019-11-13 03:30:00,-393050.72034,-198401.14978,6.507814330688532e-11,116.78338337598103,86.05726250279851,0.05071298611608804,0.07827794407403708,0.09326973511953712,False,32.93750394548596
2019-11-13 04:00:00,-392895.09516,-198418.98934,6.507814330688532e-11,116.79458508199124,86.05843504285313,0.04325999675529013,0.070764115039466,0.08293966057674995,False,31.438560618490385
2019-11-13 04:30:00,-392753.1178,-198425.32422,1.049353530241639e-10,116.80365502364248,86.05954478041932,0.03527244522490061,0.06778702291535978,0.0764148275393665,False,27.48986061530718
2019-11-13 05:00:00,-392620.02151,-198422.28393,0.0,116.81111853315909,86.06062129385263,0.02751684225779097,0.0657497694079977,0.07127558337218308,False,22.709728175766372
2019-11-13 05:30:00,-392497.18282,-198406.97233,2.9103830456733704e-11,116.81655647452439,86.06166532587072,0.02320406805829622,0.06556320115105313,0.06954827186657837,False,19.48984307700556
2019-11-13 06:00:00,-392371.69201,-198390.3545,5.820766091346741e-11,116.82200133745562,86.06273580572308,0.020700273929335537,0.06635060811211882,0.06950470874406638,False,17.327043717620995
2019-11-13 06:30:00,-392250.39381,-198365.69634,6.507814330688532e-11,116.82626727166073,86.06380523897933,0.01354291772291464,0.06758412877266212,0.0689276800886945,False,11.33120010688782
2019-11-13 07:00:00,-392132.57138,-198324.06265,2.9103830456733704e-11,116.82835588166924,86.06491550237149,0.004894393106150845,0.06464831734137101,0.06483332491048217,False,4.329488199234845
2019-11-13 07:30:00,-392034.75859,-198276.3823,8.731149137020111e-11,116.82856411191857,86.06589024495469,-0.0024164775278854543,0.06197121526743794,0.06201831088772016,False,357.7669656137261
2019-11-13 08:00:00,-391937.41509,-198215.61131,6.507814330688532e-11,116.82722093007038,86.06691416352831,-0.010549647588777966,0.06464870059528356,0.06550381326996181,False,350.7319237157991
2019-11-13 08:30:00,-391844.21208,-198137.45735,1.4551915228366852e-10,116.82360907613895,86.06797525255767,-0.014212651354499593,0.06606503437701713,0.06757653605920486,False,347.85893392667367
2019-11-13 09:00:00,-391748.26014,-198062.62965,6.507814330688532e-11,116.82054460972783,86.06904485815524,-0.013906847772613463,0.06816537107861383,0.06956952083531814,False,348.468972217676
2019-11-13 09:30:00,-391647.80442,-197982.05667,2.9103830456733704e-11,116.8170743280392,86.07017368150862,-0.013396653105981704,0.07278612445756363,0.07400871724326771,False,349.57114117110183
2019-11-13 10:00:00,-391536.16878,-197901.37539,5.820766091346741e-11,116.81424806879465,86.07139231614721,-0.012643127794768377,0.07746214240164091,0.0784871466285209,False,350.730101830508
2019-11-13 10:30:00,-391419.45781,-197815.64022,5.820766091346741e-11,116.8111298553668,86.07267194325908,-0.011647325798436952,0.08054226582049609,0.08138007607365814,False,351.7714234304151
2019-11-13 11:00:00,-391296.29973,-197733.16942,0.0,116.80877036507799,86.07398991866016,-0.008983790140086899,0.08276405440116907,0.08325020832526965,False,353.80496969826163
2019-11-13 11:30:00,-391168.11844,-197652.39482,6.507814330688532e-11,116.806903363557,86.07534119916387,-0.006410674556512015,0.08256881026462112,0.0828172999848734,False,355.56043969118707
2019-11-13 12:00:00,-391041.40481,-197578.51691,1.3015628661377063e-10,116.80575352867916,86.07665287658921,-0.0012275178372180527,0.07787105779892696,0.07788073216633566,False,359.0968946780347
2019-11-13 12:30:00,-390919.90022,-197522.02838,6.507814330688532e-11,116.8063260155482,86.07785264644018,0.0038522050966178605,0.07749302504509961,0.07758871319171909,False,2.845850428773133
2019-11-13 13:00:00,-390786.15556,-197465.08354,8.731149137020111e-11,116.8075679120815,86.0791521294252,0.006611302396022249,0.07664430856545532,0.07692892404582542,False,4.930103631171733
2019-11-13 13:30:00,-390662.90081,-197418.83268,0.0,116.80944070441,86.08032452564198,0.005202483676006453,0.07041427568618151,0.07060620409573572,False,4.225559856359155
2019-11-13 14:00:00,-390551.46436,-197367.46848,2.9103830456733704e-11,116.81001910236154,86.0814230840124,0.0022844059577577444,0.06671837845245886,0.06675747549080452,False,1.9610145040582552
2019-11-13 14:30:00,-390444.82375,-197317.8405,5.820766091346741e-11,116.81051746806419,86.08247628008209,0.007074901553178612,0.06236745214048166,0.06276745429346677,False,6.471909640794195
2019-11-13 15:00:00,-390339.58919,-197288.93113,6.507814330688532e-11,116.81335542823656,86.083434510049,0.014624879389497771,0.061813048644579,0.06351960390221625,False,13.311318551789554
2019-11-13 15:30:00,-390222.47326,-197264.45051,5.820766091346741e-11,116.81741506000681,86.08446982485353,0.02156876543977811,0.06087950601319205,0.06458735089014299,False,19.50853086669383
2019-11-13 16:00:00,-390108.96397,-197259.35101,6.507814330688532e-11,116.82353049974219,86.08539793883365,0.027086807500893203,0.05424896559902029,0.06063534785217391,False,26.533209313441603
2019-11-13 16:30:00,-390004.18881,-197263.34444,2.9103830456733704e-11,116.8301957743392,86.08621941807097,0.0318776048117431,0.04805635893444947,0.057667974843671324,False,33.55782519407313
2019-11-13 17:00:00,-389902.78877,-197283.67183,1.3015628661377063e-10,116.83857509353565,86.08694780109676,0.0358772159323814,0.046192420643387896,0.058488583056477014,False,37.83614900133489
2019-11-13 17:30:00,-389797.49677,-197303.51222,6.507814330688532e-11,116.84713105427737,86.0877091792126,0.036664218615668875,0.04838835578842516,0.060709948959003245,False,37.15148112950794
2019-11-13 18:00:00,-389687.75794,-197322.76642,0.0,116.85588524836284,86.0885083832285,0.03679068372146398,0.052628402279683226,0.06421295146000502,False,34.956057420462116
2019-11-13 18:30:00,-389568.63644,-197336.08457,2.9103830456733704e-11,116.86450453093268,86.08940651106431,0.03286300319549137,0.060126353808725705,0.06852120402735887,False,28.659503384189236
2019-11-13 19:00:00,-389441.20265,-197330.49319,5.820766091346741e-11,116.87140722712377,86.09044754710447,0.03030300128238409,0.06751357144952716,0.0740023933166393,False,24.17259880386041
2019-11-13 19:30:00,-389302.52331,-197323.54054,2.9103830456733704e-11,116.87882161725757,86.09158390073235,0.026087537990315296,0.07235180519949692,0.07691126935646098,False,19.827535778425272
2019-11-13 20:00:00,-389166.41622,-197296.50396,0.0,116.88373531627305,86.09278099751998,0.02050358207518819,0.07984750059795753,0.0824379780784003,False,14.401500142843588
2019-11-13 20:30:00,-389012.76148,-197259.39614,0.0,116.88851457631534,86.09415907763766,0.022259865049803252,0.09317363815879816,0.09579576420584629,False,13.436522873267336
2019-11-13 21:00:00,-388831.01277,-197216.27789,1.3015628661377063e-10,116.89426277215732,86.09578594988037,0.02305070288456923,0.10590733290805462,0.10838679839892956,False,12.278911739895761
2019-11-13 21:30:00,-388635.19501,-197160.93941,2.9103830456733704e-11,116.89941982168457,86.09757471466371,0.02144086052311799,0.11220312917937991,0.11423332568745609,False,10.818213985546834
2019-11-13 22:00:00,-388435.86459,-197102.36463,1.1999816708318134e-10,116.90441105852128,86.09940462872467,0.020004758305733752,0.11498915088017951,0.11671630209621753,False,9.869020772481804
2019-11-13 22:30:00,-388233.45209,-197037.84288,5.820766091346741e-11,116.90889265790919,86.10128324554225,0.02060661776516582,0.1186769631054652,0.12045270552235678,False,9.850410338235179
2019-11-13 23:00:00,-388021.31203,-196975.16036,1.1641532182693481e-10,116.91417426171888,86.10323208581931,0.02212755657796574,0.11938907818824385,0.12142232393900916,False,10.500045864071012
2019-11-13 23:30:00,-387814.14686,-196914.32228,5.820766091346741e-11,116.919381090565,86.1051336718989,0.024440334949493145,0.11787818476912072,0.12038520015727175,False,11.713485777403719
2019-11-14 00:00:00,-387603.09839,-196861.48802,8.231806349783991e-11,116.92576528510645,86.10703377333448,0.028551843016588842,0.11628558864448164,0.11973949167270392,False,13.795057049085301
2019-11-14 00:30:00,-387394.35509,-196816.39647,6.507814330688532e-11,116.93292825526188,86.10888399610408,0.032607180424086654,0.1117401079867735,0.11640051523985942,False,16.267914486261475
2019-11-14 01:00:00,-387191.29507,-196783.93738,5.820766091346741e-11,116.94124397566686,86.11063749466629,0.03675273892949987,0.1073538028820127,0.1134707134552789,False,18.89871823008093
2019-11-14 01:30:00,-386989.87827,-196759.24479,2.9103830456733704e-11,116.95038259370781,86.1123462547462,0.04063385505273501,0.10563038604039912,0.11317636074503555,False,21.040716284534142
2019-11-14 02:00:00,-386786.0255,-196741.98774,1.1999816708318134e-10,116.9605501131884,86.11404416626948,0.04170564731693883,0.10239063260497715,0.11055859380153267,False,22.162000059962793
2019-11-14 02:30:00,-386593.26237,-196725.95013,8.231806349783991e-11,116.97020572921923,86.11564845715672,0.04701849534381158,0.09600278765896915,0.10689842909364548,False,26.093846205078364
2019-11-14 03:00:00,-386401.23617,-196736.10179,1.1999816708318134e-10,116.98290913309589,86.11714030662748,0.05247417315956179,0.08757140561177745,0.10208961714886643,False,30.93070892739547
2019-11-14 03:30:00,-386226.61181,-196751.25318,5.820766091346741e-11,116.99516703901938,86.11847272306949,0.05007100147226024,0.07742392886099032,0.0922039584221132,False,32.89124288453911
2019-11-14 04:00:00,-386071.0579,-196770.19954,5.820766091346741e-11,117.00673536372649,86.11963730904381,0.048311700685969794,0.06802361745475885,0.08343400358847768,False,35.38311302632485
2019-11-14 04:30:00,-385929.45352,-196795.00852,2.9103830456733704e-11,117.01816327537307,86.12066654818412,0.04709939853028092,0.060447756407273255,0.07663083319778842,False,37.92484084589972
2019-11-14 05:00:00,-385800.17005,-196822.39706,8.231806349783991e-11,117.02916049983733,86.12158680893458,0.044357279505168705,0.05464568491798161,0.07038266210690657,False,39.06710862015984
2019-11-14 05:30:00,-385681.64779,-196847.85282,5.820766091346741e-11,117.03928782117815,86.12242893070292,0.03999811952692111,0.049998733736964965,0.06402907887038346,False,38.659202112283026
2019-11-14 06:00:00,-385574.38949,-196868.82494,2.9103830456733704e-11,117.04821313476548,86.12319932539965,0.03519422288206795,0.048081264036435895,0.059585579426687955,False,36.20314821916941
2019-11-14 06:30:00,-385469.87217,-196881.98207,6.507814330688532e-11,117.05605568610859,86.12397960387895,0.029709486846790648,0.04895468676439209,0.057264430189249,False,31.252612051113488
2019-11-14 07:00:00,-385368.79026,-196883.91078,1.4551915228366852e-10,117.06237059845297,86.1247781688642,0.024012046564021575,0.05251252799556162,0.057742046869481374,False,24.572874307056736
2019-11-14 07:30:00,-385262.19699,-196872.95292,8.231806349783991e-11,117.06750061315627,86.12567318555588,0.018661313458975003,0.054487240755425256,0.057594305492416495,False,18.90579887613967
2019-11-14 08:00:00,-385163.55083,-196854.47535,2.9103830456733704e-11,117.07126698872423,86.12653543539189,0.01563293710686894,0.053184574602171804,0.05543453524835667,False,16.380036234860086
2019-11-14 08:30:00,-385066.09686,-196835.9305,6.507814330688532e-11,117.07495521108122,86.12738843270631,0.013266148075850248,0.05430855230008549,0.0559053623340508,False,13.727033683641764
2019-11-14 09:00:00,-384967.72832,-196808.0119,5.820766091346741e-11,117.07759419350627,86.1282869348396,0.008321847446583552,0.05821889070440992,0.05881064852368351,False,8.134792532439405
2019-11-14 09:30:00,-384865.84453,-196767.20163,1.1641532182693481e-10,117.07892503364106,86.12926604238373,0.005214025986062538,0.06197208114276844,0.06219103559315612,False,4.809258532629599
2019-11-14 10:00:00,-384760.54027,-196723.166,6.507814330688532e-11,117.08008224259949,86.13028558454322,0.005229543416498849,0.06474043147239465,0.0649513016927057,False,4.618159140566036
2019-11-14 10:30:00,-384649.75927,-196677.86438,1.1999816708318134e-10,117.08142124129368,86.13135397240809,0.005438224646381173,0.06840130375638166,0.06861714540023725,False,4.5457216138489684
2019-11-14 11:00:00,-384532.3809,-196628.4927,6.507814330688532e-11,117.08267870884328,86.13249158023851,0.005906163446341001,0.06986393924038378,0.0701131426541339,False,4.832185807459268
2019-11-14 11:30:00,-384416.1469,-196582.28869,0.0,117.08424203385486,86.13360713782573,0.008166801230379939,0.06709699749535718,0.06759218679128899,False,6.939696926720899
2019-11-14 12:00:00,-384303.93442,-196544.69171,1.1641532182693481e-10,117.08658038118847,86.13465550762542,0.011515781355883117,0.06506424564215571,0.06607548169494706,False,10.0368902156589
2019-11-14 12:30:00,-384188.72943,-196512.54447,2.9103830456733704e-11,117.08974513346841,86.13570550580145,0.013974660669518309,0.06420611037056352,0.0657093277225172,False,12.279097305185246
2019-11-14 13:00:00,-384075.24012,-196484.2226,2.9103830456733704e-11,117.09326012554581,86.1367262007164,0.018469135473825934,0.06144540363003942,0.06416109874689645,False,16.729621025990014
2019-11-14 13:30:00,-383961.51772,-196470.99235,1.1999816708318134e-10,117.09857582497271,86.13768715544754,0.02399082800920489,0.05731164182250935,0.06213037998402112,False,22.714334242394898
2019-11-14 14:00:00,-383852.22525,-196467.12424,6.507814330688532e-11,117.10473335077178,86.13857453665352,0.024696717059548713,0.0521796652973646,0.0577290681032043,False,25.32826689179302
2019-11-14 14:30:00,-383753.79296,-196464.54974,0.0,117.11038899858166,86.13936999015803,0.024385349910363615,0.04546391174862022,0.051590818579832574,False,28.207648332218014
2019-11-14 15:00:00,-383666.53236,-196470.68084,1.3015628661377063e-10,117.1164001165224,86.14004077725669,0.024878396715444125,0.04128550253550837,0.0482019433502477,False,31.072915362906485
2019-11-14 15:30:00,-383580.67953,-196476.52299,2.9103830456733704e-11,117.12229380948686,86.14070147708732,0.02869224971354183,0.03758280723851364,0.04728332257309669,False,37.359592300932604
2019-11-14 16:00:00,-383499.02228,-196500.93325,5.820766091346741e-11,117.1301324341133,86.14125283293194,0.030844466135873525,0.03240105683923854,0.04473488097119087,False,43.590128247888515
2019-11-14 16:30:00,-383426.23396,-196522.15458,1.7703168939037188e-10,117.13705794865636,86.14174644119038,0.02757600434014231,0.02735608543343579,0.038843164464407186,False,45.22938063931531
2019-11-14 17:00:00,-383366.10072,-196544.359,6.507814330688532e-11,117.14333372140818,86.14213509025,0.025435524599648388,0.021057185051864352,0.03302076549639299,False,50.37982658098406
2019-11-14 17:30:00,-383317.00182,-196569.05391,6.507814330688532e-11,117.14923581001287,86.14242555225398,0.021913364850646613,0.018073677459998747,0.028405164600924623,False,50.4849127180002
2019-11-14 18:00:00,-383272.20689,-196584.8654,5.820766091346741e-11,117.15382612020953,86.14271798653714,0.01654625385664025,0.009731493614403865,0.019195845505097335,False,59.5385634015779
2019-11-14 18:30:00,-383258.64464,-196606.0667,8.231806349783991e-11,117.15715871136591,86.14273940527832,0.011964589941706759,0.0048772782951942845,0.012920497515264797,False,67.82209070879753
2019-11-14 19:00:00,-383236.92463,-196615.17538,6.507814330688532e-11,117.15955550306259,86.14287528515933,0.007483804611782222,0.008329112315390498,0.011197385562251687,False,41.940064322907176
2019-11-14 19:30:00,-383219.66792,-196616.35061,5.820766091346741e-11,117.16074245952875,86.14300802723524,0.0021679171976740587,0.00966477274090617,0.009904932968442234,False,12.64281669018311
2019-11-14 20:00:00,-383202.40545,-196606.23659,1.1999816708318134e-10,117.160593647986,86.14318698130391,-0.0034413313072709567,0.012369113730552498,0.01283891489362499,False,344.45238433622256
2019-11-14 20:30:00,-383185.70459,-196585.00114,2.9103830456733704e-11,117.15909428728817,86.14340693802461,-0.007282527647256991,0.014529875499941461,0.01625276871726358,False,333.3794857865196
2019-11-14 21:00:00,-383167.83233,-196559.03367,2.9103830456733704e-11,117.15710571911646,86.14365557836291,-0.010849036945326292,0.020063356618173028,0.022808767643804042,False,331.5981869763714
2019-11-14 21:30:00,-383139.2657,-196517.28306,2.9103830456733704e-11,117.15389772283567,86.14405399071313,-0.014286401604979909,0.027240637832102586,0.030759610210770734,False,332.32515551505617
2019-11-14 22:00:00,-383104.04673,-196468.51545,5.820766091346741e-11,117.15026213595004,86.14453410498186,-0.01483168027980651,0.03218099486107655,0.0354343783658051,False,335.25581725236236
2019-11-14 22:30:00,-383060.54455,-196416.9063,0.0,117.14679212822786,86.14509184932164,-0.012260251088668952,0.03615516757132583,0.03817734798107196,False,341.2681543006057
2019-11-14 23:00:00,-383008.36476,-196369.85295,2.9103830456733704e-11,117.14438778122961,86.14570013601691,-0.007861119520311573,0.03903951540603786,0.03982312096321547,False,348.61498885001043
2019-11-14 23:30:00,-382948.39312,-196327.60303,0.0,117.14302504200003,86.14635090081049,-0.004293258433472363,0.04093042606482558,0.04115497352477261,False,354.01204948622274
2019-11-15 00:00:00,-382884.29387,-196288.87654,0.0,117.1423301117225,86.1470201688108,0.00023742914591452086,0.04338593630550399,0.04338658596507196,False,0.3135475076335865
2019-11-15 00:30:00,-382809.01401,-196257.10967,5.820766091346741e-11,117.14313913653257,86.1477501241401,0.006095644981261675,0.04312806244301299,0.04355670623251956,False,8.044798793373786
2019-11-15 01:00:00,-382736.12048,-196237.57171,2.9103830456733704e-11,117.14525305303829,86.14841107311686,0.011887240629227214,0.03882343054369298,0.04060252761784792,False,17.023921867050262
2019-11-15 01:30:00,-382665.11962,-196231.4229,0.0,117.14883998072882,86.14900219846876,0.016676461528576655,0.03388563831776123,0.03776692803652722,False,26.203621351687957
2019-11-15 02:00:00,-382600.17804,-196235.32884,1.1999816708318134e-10,117.15325168417756,86.14950390149882,0.01842124420979292,0.026142176878652685,0.03198055112395019,False,35.17067208660188
2019-11-15 02:30:00,-382551.11495,-196247.48056,8.231806349783991e-11,117.15767641407545,86.14984529923304,0.027466914669097207,0.02085668317609965,0.03448815208948815,False,52.78920169437333
2019-11-15 03:00:00,-382488.23844,-196289.03706,2.9103830456733704e-11,117.16642900935902,86.15017650845668,0.03384393839540662,0.01465350870891513,0.03688004180575627,False,66.5886951956387
2019-11-15 03:30:00,-382448.5533,-196331.79242,5.820766091346741e-11,117.17391360752245,86.15031789563099,0.03186026459444527,0.005686045800411568,0.032363676813249156,False,79.88105722522221
2019-11-15 04:00:00,-382417.64675,-196381.72587,1.3015628661377063e-10,117.18171532361956,86.15035988394133,0.03388351822457183,0.0004045892004960524,0.0338859336553687,False,89.31588709720955
2019-11-15 04:30:00,-382391.53515,-196439.63645,2.9103830456733704e-11,117.19017089399486,86.15033093763572,0.035666860501771765,-0.004265511471787697,0.035921017888818234,False,96.81979127998022
2019-11-15 05:00:00,-382372.63359,-196502.9544,2.9103830456733704e-11,117.19882810357065,86.15022231665905,0.036390118939565126,-0.00924012246752453,0.03754491469760649,False,104.24735181999898
2019-11-15 05:30:00,-382361.24193,-196571.35966,2.9103830456733704e-11,117.2076301928938,86.15003293674773,0.035894812388201136,-0.012864979527690803,0.03813063407067946,False,109.71807383128015
2019-11-15 06:00:00,-382354.74103,-196639.05358,0.0,117.21604904278213,86.14980741732468,0.034928797648537464,-0.015168807897089789,0.03808035764263894,False,113.47424506201031
2019-11-15 06:30:00,-382352.29543,-196708.15671,0.0,117.2243866752144,86.14954373447651,0.0331823119686267,-0.01624638022796265,0.036946051184054876,False,116.08681617278626
2019-11-15 07:00:00,-382352.10046,-196772.03315,0.0,117.23196672187149,86.14928346894209,0.029679251652006338,-0.015519351685078687,0.033491913282884804,False,117.60517564827245
2019-11-15 07:30:00,-382353.08079,-196828.72504,2.9103830456733704e-11,117.23862300590355,86.14904323380054,0.03195483865294389,-0.014277765810080372,0.034999518709021946,False,114.07560578498953
2019-11-15 08:00:00,-382345.14825,-196897.83947,6.507814330688532e-11,117.24729344894445,86.14882298428886,0.033417969589427964,-0.011783324809606083,0.0354345514300465,False,109.42287711540143
2019-11-15 08:30:00,-382335.71446,-196955.10179,5.820766091346741e-11,117.25465086348812,86.14866322680942,0.029170912755296128,-0.00600884312428977,0.02978335687375456,False,101.63941287975535
2019-11-15 09:00:00,-382316.28718,-197001.10217,0.0,117.26128384190531,86.14862920140988,0.028964197939491655,0.00412308040689572,0.02925618830811321,False,81.89832364756688
2019-11-15 09:30:00,-382274.75876,-197040.99233,2.9103830456733704e-11,117.26854212160143,86.14879619354979,0.03153336478558305,0.017193806238274836,0.03591629250994579,False,61.39823854132942
2019-11-15 10:00:00,-382209.25768,-197073.64752,1.1999816708318134e-10,117.27640800077477,86.14918370664113,0.03841349493923416,0.028703169403155232,0.04795277392636213,False,53.23233443916632
2019-11-15 10:30:00,-382119.54179,-197116.54896,5.820766091346741e-11,117.28696811275229,86.14972185885122,0.04648635069945421,0.03737382036566761,0.059647156261450035,False,51.20162089871542
2019-11-15 11:00:00,-382012.9624,-197160.69368,1.1999816708318134e-10,117.29870918442671,86.15038901911953,0.05222439772224706,0.04332230677414718,0.06785432913001765,False,50.322883917566514
2019-11-15 11:30:00,-381894.72522,-197212.0899,5.820766091346741e-11,117.31202624837168,86.15111900556595,0.06087527187760784,0.04674120663644443,0.07674984771322657,False,52.482251400669156
2019-11-15 12:00:00,-381762.89808,-197278.20633,8.231806349783991e-11,117.32792380457737,86.15189640598692,0.06773919878100408,0.047759861942591506,0.08288307103545202,False,54.81405776557801
2019-11-15 12:30:00,-381630.02643,-197349.80196,5.820766091346741e-11,117.34454081717901,86.15265927480178,0.0762784336322466,0.04843945225771813,0.09035917204366585,False,57.58303581819695
2019-11-15 13:00:00,-381481.86552,-197442.02406,6.507814330688532e-11,117.36454519962989,86.1534585330234,0.09087281588517827,0.05052658487955854,0.10397501837697719,False,60.925314889669664
2019-11-15 13:30:00,-381318.11387,-197556.72847,2.9103830456733704e-11,117.38817797792292,86.154288692593,0.10551032489209061,0.04873697613033316,0.11622272368673511,False,65.20699847585814
2019-11-15 14:00:00,-381151.34749,-197698.57406,6.507814330688532e-11,117.41522124819612,86.15503022611233,0.11918175707724048,0.039513638518228034,0.12556121554432145,False,71.65752481712434
2019-11-15 14:30:00,-380994.28843,-197872.10048,2.9103830456733704e-11,117.44543022100022,86.1555629228044,0.12647240193974948,0.03110369955746293,0.13024096351981765,False,76.18329638466065
2019-11-15 15:00:00,-380842.12704,-198051.02181,8.731149137020111e-11,117.47598481470679,86.15603332491172,0.12238011911768687,0.023943994689637337,0.12470047488665233,False,78.92977111528268
2019-11-15 15:30:00,-380714.54481,-198223.20475,5.820766091346741e-11,117.50423375829531,86.15633520886236,0.1265678187378671,0.009874448999369581,0.12695242212381272,False,85.53898802743339
2019-11-15 16:00:00,-380600.17386,-198438.75098,5.820766091346741e-11,117.5368048060692,86.15635162719758,0.13928313374167733,-0.005931503628143882,0.13940937586903063,False,92.43852138958005
2019-11-15 16:30:00,-380501.66387,-198677.69234,0.0,117.57116445409257,86.15614384459292,0.1428124666031133,-0.015428027130821823,0.1436433939950415,False,96.1657500509433
2019-11-15 17:00:00,-380411.44466,-198920.19721,1.1999816708318134e-10,117.60542908958294,86.15585406888351,0.14396783111098693,-0.016064627973880703,0.14486134289982558,False,96.3670022335217
2019-11-15 17:30:00,-380312.75031,-199163.77339,1.6463612699567982e-10,117.64033994128562,86.1556257255213,0.14274313587403967,-0.011567403360528514,0.14321105983708002,False,94.63292548576021
2019-11-15 18:00:00,-380209.93798,-199394.74645,2.9103830456733704e-11,117.67401234899651,86.15548106363502,0.14132424871234872,-0.006328792015511751,0.1414658859318578,False,92.56411031830339
2019-11-15 18:30:00,-380096.63552,-199624.92158,2.9103830456733704e-11,117.70823885841884,86.15542159651578,0.14365124146151298,-0.00769443481836924,0.14385716353594644,False,93.06602121087343
2019-11-15 19:00:00,-379994.00517,-199865.46793,8.731149137020111e-11,117.74302627054286,86.15523289125775,0.14560860232607087,-0.01174895698638602,0.14608183686420362,False,94.61312314485536
2019-11-15 19:30:00,-379890.05511,-200108.543,1.8406878575731415e-10,117.77819087809677,86.15504267079979,0.14980314758233068,-0.01314383257914832,0.150378666573561,False,95.01433044804378
2019-11-15 20:00:00,-379784.53332,-200364.66294,8.231806349783991e-11,117.81498937462291,86.1548089265836,0.15407353704595309,-0.01821044054812848,0.15514597952511563,False,96.74069783954724
2019-11-15 20:30:00,-379689.22153,-200629.71153,1.1999816708318134e-10,117.85220024090798,86.15445535619475,0.1528178517832234,-0.023358099130719658,0.1545926797058637,False,98.69035806054842
2019-11-15 21:00:00,-379601.85803,-200890.36194,1.049353530241639e-10,117.88838965574459,86.15405565889805,0.1503207657083391,-0.02662794926869736,0.1526609979182558,False,100.04521925869778
2019-11-15 21:30:00,-379520.82341,-201152.85568,8.731149137020111e-11,117.92439343856351,86.15359659785058,0.14994764519241366,-0.029738360882434874,0.15286813404605915,False,101.21762140861546
2019-11-15 22:00:00,-379443.65397,-201417.45718,2.9103830456733704e-11,117.96039521877857,86.15309658014208,0.15501157756831155,-0.02885826526374987,0.1576749461843879,False,100.54593644582218
2019-11-15 22:30:00,-379350.94226,-201694.46808,1.049353530241639e-10,117.99882182675174,86.15266579665828,0.16298106780967903,-0.024210742841800505,0.1647695012231784,False,98.4494650380849
2019-11-15 23:00:00,-379245.16809,-201976.43325,6.507814330688532e-11,118.03864166139188,86.15231570593863,0.16881846334617095,-0.016836743665219422,0.169655973970299,False,95.69543677303614
2019-11-15 23:30:00,-379118.759,-202259.37564,6.507814330688532e-11,118.07986425638768,86.15212273533903,0.1759453793934815,-0.013701785955057506,0.17647808778506854,False,94.45293453317925
2019-11-16 00:00:00,-378990.54429,-202558.49823,2.9103830456733704e-11,118.12309883011675,86.15187371577711,0.18501207182981028,-0.01817960797987045,0.18590310613074934,False,95.61196735140601
2019-11-16 00:30:00,-378862.52754,-202877.63334,5.820766091346741e-11,118.16866743892716,86.15153631085447,0.1954946056256423,-0.028047514829034108,0.19749633899596797,False,98.1644836056355
2019-11-16 01:00:00,-378747.32369,-203226.58954,8.731149137020111e-11,118.21692340661565,86.15096901907164,0.20363947315913486,-0.03652521290788265,0.20688916406253896,False,100.16857038523
2019-11-16 01:30:00,-378631.77367,-203585.78669,5.820766091346741e-11,118.26638912930443,86.15035828171425,0.2053041201349277,-0.0374996723828041,0.20870075987689757,False,100.35121053337798
2019-11-16 02:00:00,-378516.21028,-203941.48285,6.507814330688532e-11,118.31542926152346,86.14975965672872,0.20924060877365774,-0.03902105178327477,0.21284800878148688,False,100.56368099019699
2019-11-16 02:30:00,-378398.14827,-204315.55554,1.3015628661377063e-10,118.36676672670455,86.1490996938242,0.21377831189742086,-0.042775979521756546,0.21801594221927142,False,101.31516824127925
2019-11-16 03:00:00,-378286.06435,-204691.83875,2.9103830456733704e-11,118.4179665639983,86.14838011339573,0.21834231045779906,-0.044938395161800516,0.22291887290170845,False,101.63000044428821
2019-11-16 03:30:00,-378166.35932,-205083.86074,8.231806349783991e-11,118.47147377431551,86.14765026084575,0.2263148594606417,-0.04580220496739682,0.23090313465296533,False,101.44113827489002
2019-11-16 04:00:00,-378042.60915,-205486.63952,2.9103830456733704e-11,118.52647639227564,86.14690286816466,0.2331617083398716,-0.046791753079607507,0.23781053465359836,False,101.34759368776355
2019-11-16 04:30:00,-377913.4998,-205901.78492,1.1641532182693481e-10,118.58324474058907,86.14614108104551,0.24180844476046426,-0.049604820410426714,0.2468440037056302,False,101.592877590645
2019-11-16 05:00:00,-377782.9393,-206336.49233,2.9103830456733704e-11,118.64236838940549,86.14530292026647,0.250749735707214,-0.0526829550325012,0.2562243620505166,False,101.86536190352001
2019-11-16 05:30:00,-377647.24904,-206784.93072,2.9103830456733704e-11,118.70339684908102,86.14444188667267,0.260522610505731,-0.05394308610997352,0.266048655557191,False,101.69819633795345
2019-11-16 06:00:00,-377502.82981,-207252.39185,5.820766091346741e-11,118.76717541219797,86.14356301807103,0.2727327696481182,-0.05908467759652383,0.27905942515281346,False,102.22363326675463
2019-11-16 06:30:00,-377361.19133,-207747.95727,0.0,118.83402124670476,86.14253613024346,0.2781016570198574,-0.06925407359549514,0.28659493775494477,False,103.98361695608992
2019-11-16 07:00:00,-377238.39832,-208249.67169,5.820766091346741e-11,118.9003361576893,86.14132956790748,0.28651845013326604,-0.0809451396457741,0.2977329976657655,False,105.77566699668785
2019-11-16 07:30:00,-377117.80821,-208791.7978,5.820766091346741e-11,118.97116723984007,86.13992522828046,0.2984848866359053,-0.09247553120116445,0.31248192175066186,False,107.21384166212687
2019-11-16 08:00:00,-377009.17379,-209351.00483,1.1641532182693481e-10,119.04315968123913,86.13834706780409,0.30343893687259543,-0.10020066220576515,0.3195549422506947,False,108.2740957415549
2019-11-16 08:30:00,-376902.85533,-209921.93511,2.9103830456733704e-11,119.11630376554194,86.13669358469157,0.3137137778282247,-0.10518364152114117,0.3308775193978954,False,108.53554916088535
2019-11-16 09:00:00,-376790.45176,-210521.91072,8.731149137020111e-11,119.19314520403651,86.1349544893898,0.31906299468103017,-0.10880360216809169,0.33710446217690365,False,108.82987834138356
2019-11-16 09:30:00,-376684.54692,-211115.71411,5.820766091346741e-11,119.26878140331215,86.13318469247027,0.31614205245806065,-0.10947595309128444,0.33456057992184357,False,109.10031589976529
2019-11-16 10:00:00,-376577.82014,-211707.41092,1.1641532182693481e-10,119.34415817675661,86.13142382627866,0.3101867890212061,-0.10522514092844434,0.32754873586490485,False,108.73855666852847
2019-11-16 10:30:00,-376467.52269,-212274.74613,5.820766091346741e-11,119.41688561368001,86.12979132789637,0.30477011828872214,-0.09707774733872246,0.3198576465086969,False,107.66812195739112
2019-11-16 11:00:00,-376343.35353,-212834.77463,1.1641532182693481e-10,119.48961371053242,86.12829298885904,0.31698525782451437,-0.09475463677518757,0.3308445176642218,False,106.64269012074766
2019-11-16 11:30:00,-376202.69841,-213435.97178,5.820766091346741e-11,119.56810640284328,86.12673489673901,0.32953827456103707,-0.09130849830273617,0.34195426048371763,False,105.48699383600132
2019-11-16 12:00:00,-376043.84844,-214028.82015,6.507814330688532e-11,119.64676681066304,86.12534819572947,0.33434002585478795,-0.08181106975544099,0.34420386985493046,False,103.74977135949041
2019-11-16 12:30:00,-375863.28874,-214627.71587,2.9103830456733704e-11,119.72749097319584,86.12409622395408,0.3426959485137042,-0.07355704037733934,0.35050128575624506,False,102.11428854841125
2019-11-16 13:00:00,-375662.03958,-215231.4726,8.731149137020111e-11,119.81008209983891,86.12297573567847,0.35865820369143825,-0.06979890512121407,0.36538691031739146,False,101.01274713880952
2019-11-16 13:30:00,-375439.44066,-215872.95128,6.507814330688532e-11,119.89835968274221,86.12184457210535,0.3725013709115702,-0.06444793090510102,0.3780354575022664,False,99.8157970525038
2019-11-16 14:00:00,-375194.73258,-216509.65421,2.9103830456733704e-11,119.98750003854721,86.1208971402698,0.3771182651687028,-0.05772796087404512,0.38151107898792047,False,98.70308146260953
2019-11-16 14:30:00,-374940.88494,-217152.7088,2.9103830456733704e-11,120.07792917812186,86.1199826549024,0.3808301609494387,-0.056564101450755314,0.38500793376462616,False,98.44828779312229
2019-11-16 15:00:00,-374683.83481,-217798.08684,8.231806349783991e-11,120.16879382775889,86.11907284814015,0.38271664566637165,-0.05913400383861342,0.3872581326197091,False,98.7833812148375
2019-11-16 15:30:00,-374432.53002,-218450.85044,5.820766091346741e-11,120.2600761699956,86.11807548208763,0.3820581540983867,-0.06958251942972499,0.38834283838285816,False,100.3218882495168
2019-11-16 16:00:00,-374207.0965,-219112.32436,2.9103830456733704e-11,120.35057726742018,86.11682882900172,0.37925615997625367,-0.0833868241560022,0.3883150748075044,False,102.40028092564182
2019-11-16 16:30:00,-374001.69808,-219780.73918,2.9103830456733704e-11,120.44046973789341,86.11538624081298,0.37576772169923833,-0.0958556986189579,0.3878011031814695,False,104.31055250429688
2019-11-16 17:00:00,-373819.24163,-220453.4504,6.507814330688532e-11,120.52924521015184,86.11373750619825,0.37138372415117304,-0.10971438319500348,0.3872507152275573,False,106.45822325701255
2019-11-16 17:30:00,-373662.75765,-221133.01185,1.1999816708318134e-10,120.61697756690187,86.11184795086403,0.36334100792753166,-0.12573337852810712,0.3844809104726617,False,109.08806907547148
2019-11-16 18:00:00,-373542.60593,-221809.65543,6.507814330688532e-11,120.70184694023969,86.10968276904683,0.34550366428848306,-0.15027771185520378,0.37677071637430165,False,113.50675576543591
2019-11-16 18:30:00,-373492.87413,-222478.70557,2.9103830456733704e-11,120.78101159767658,86.10700189283291,0.30938653548795486,-0.19137388191535423,0.36379113653385164,False,121.73924355434269
2019-11-16 19:00:00,-373564.50786,-223119.12037,2.9103830456733704e-11,120.84863304150309,86.10351176281046,0.2747539040446639,-0.2260601310801665,0.35579894695145803,False,129.44663008243333
2019-11-16 19:30:00,-373684.36612,-223745.18679,0.0,120.91125470167665,86.09971159331124,0.24624463386990209,-0.23774452473107902,0.34228479187560873,False,133.99384044732108
2019-11-16 20:00:00,-373843.42854,-224319.36298,0.0,120.96525597511338,86.09584483158142,0.2100675755056942,-0.23803162428552982,0.3174703772619552,False,138.57096569072195
2019-11-16 20:30:00,-374030.05122,-224834.54763,8.231806349783991e-11,121.01064828232794,86.0920353060572,0.17545664821165252,-0.2479642118219747,0.30376188988443026,False,144.71721057141156
2019-11-16 21:00:00,-374283.09032,-225320.62887,1.1999816708318134e-10,121.04818883943531,86.08784807614953,0.14640493842215824,-0.261582060762304,0.29976587615512484,False,150.76468435413494
2019-11-16 21:30:00,-374564.99884,-225771.78357,0.0,121.07977779111414,86.08359920589746,0.12047529440409667,-0.2660166297403337,0.2920259301160764,False,155.6348778707087
2019-11-16 22:00:00,-374879.38235,-226186.45421,6.507814330688532e-11,121.105014732962,86.07926891452627,0.09878271130512097,-0.2737440017458226,0.29102199666796286,False,160.15761622698932
2019-11-16 22:30:00,-375225.07193,-226585.37757,2.9103830456733704e-11,121.12631848567041,86.07477070849482,0.08289390830475442,-0.2816086543741133,0.293555504551415,False,163.59775800081565
2019-11-16 23:00:00,-375592.95748,-226965.96456,5.820766091346741e-11,121.14402566413642,86.07018673336276,0.06507220205196886,-0.2870432576365862,0.29432672871235444,False,167.22703668870935
2019-11-16 23:30:00,-375988.33287,-227320.31601,5.820766091346741e-11,121.15690899188372,86.06551324484836,0.04201471952265569,-0.29369320853433317,0.2966832273583371,False,171.8587046486042
2019-11-17 00:00:00,-376419.48616,-227642.42719,0.0,121.16375688452781,86.06071476821272,0.01859954029333638,-0.29846964307567914,0.2990486093210379,False,176.4341468749629
2019-11-17 00:30:00,-376873.11574,-227933.64544,5.820766091346741e-11,121.16563615459953,86.05588717261321,-0.0009122609366957468,-0.2996784048660469,0.29967979338466405,False,180.17441543730183
2019-11-17 01:00:00,-377344.32388,-228197.9329,0.0,121.16333477911519,86.05104966941018,-0.0163463098860782,-0.298026578499877,0.2984745271195434,False,183.13944172246624
2019-11-17 01:30:00,-377821.63981,-228438.49212,8.231806349783991e-11,121.15799393118667,86.04627531987042,-0.03101912579364209,-0.2903092257922013,0.29196169739380046,False,186.0988330323675
2019-11-17 02:00:00,-378296.45049,-228643.1143,2.9103830456733704e-11,121.14884750023185,86.041686680117,-0.03779160094087336,-0.2743093295443,0.276900367238322,False,187.84425971185664
2019-11-17 02:30:00,-378737.15354,-228832.86153,8.231806349783991e-11,121.14035752825083,86.03742838103639,-0.022151605057220386,-0.25156192217608936,0.25253533276660495,False,185.03227294121984
2019-11-17 03:00:00,-379112.81534,-229043.19016,2.9103830456733704e-11,121.13851453243943,86.03357340750941,0.014802326031700008,-0.23279502030265675,0.23326515027681077,False,176.36173240145956
2019-11-17 03:30:00,-379426.91147,-229311.84137,0.0,121.14724088461584,86.02992027886229,0.05429174730931352,-0.22758658138763477,0.23397274596330414,False,166.58261603481265
2019-11-17 04:00:00,-379712.92126,-229634.2446,2.9103830456733704e-11,121.1637666662098,86.02623320249205,0.07681512036083846,-0.2382209379280164,0.25029937671387426,False,162.12791387438028
2019-11-17 04:30:00,-380017.64601,-229992.26317,0.0,121.18294232749993,86.02223714836585,0.08991739539182464,-0.25301193321236043,0.2685147600075379,False,160.43539931475118
2019-11-17 05:00:00,-380324.55995,-230382.78745,8.231806349783991e-11,121.20551595338327,86.01807299525125,0.10210194963556585,-0.259779849105759,0.27912430585815085,False,158.54355531401416
2019-11-17 05:30:00,-380627.10249,-230791.18826,5.820766091346741e-11,121.2303017631678,86.01385867381833,0.10357385667415969,-0.2615861463370101,0.2813447275884285,False,158.39913380037262
2019-11-17 06:00:00,-380936.48378,-231189.87862,2.9103830456733704e-11,121.25351163351868,86.00963636195418,0.09679882687045972,-0.26108591382629354,0.2784526302300052,False,159.65750193462713
2019-11-17 06:30:00,-381249.81404,-231576.74231,0.0,121.27511080322613,86.00543816043378,0.09021458212532409,-0.2594829737432304,0.2747181910443443,False,160.8289433722997
2019-11-17 07:00:00,-381566.27263,-231952.41275,6.507814330688532e-11,121.29522888415278,86.0012675289481,0.08529680783581019,-0.25706857057664106,0.2708501345860781,False,161.64386333535617
2019-11-17 07:30:00,-381881.1042,-232319.85447,6.507814330688532e-11,121.31451235542224,85.9971471681411,0.08260003456024446,-0.25529643073219105,0.2683263558690238,False,162.07124107682841
2019-11-17 08:00:00,-382196.90809,-232684.12744,5.820766091346741e-11,121.33334486468908,85.99303367120928,0.07517188411580049,-0.25365499863275615,0.2645593893493536,False,163.49255557592733
2019-11-17 08:30:00,-382520.35771,-233025.86226,6.507814330688532e-11,121.34916782257764,85.98896629240689,0.059047704893274836,-0.2518260791635064,0.2586561532228218,False,166.80378888460967
2019-11-17 09:00:00,-382860.54279,-233337.31343,1.1641532182693481e-10,121.3605412097353,85.98491178167978,0.03613089685926514,-0.25146274665511764,0.2540451823262758,False,171.82353682462985
2019-11-17 09:30:00,-383225.68088,-233608.0513,5.820766091346741e-11,121.3657956829561,85.98085609871914,0.01104994321462996,-0.25070000420090904,0.25094340667047293,False,177.47624416793877
2019-11-17 10:00:00,-383610.46466,-233841.04153,1.3015628661377063e-10,121.36562497772768,85.97682613211673,-0.01667421694933381,-0.250822451926905,0.25137607662921707,False,183.8033222765796
2019-11-17 10:30:00,-384027.92992,-234026.7851,2.9103830456733704e-11,121.35814764404014,85.97276643789627,-0.056513260785574115,-0.25161482942082847,0.25788325077269153,False,192.65869122889046
2019-11-17 11:00:00,-384489.83828,-234138.68378,2.9103830456733704e-11,121.3397159641223,85.9687107642269,-0.10225276164016592,-0.2514736075444224,0.2714674981548376,False,202.12736144102456
2019-11-17 11:30:00,-384992.60769,-234183.24228,0.0,121.31130619773703,85.96465550043851,-0.14476412659036794,-0.2511674179037894,0.28989950700877165,False,209.95764615501196
2019-11-17 12:00:00,-385533.18525,-234163.3383,2.9103830456733704e-11,121.27346210083985,85.96060959333794,-0.18198460966907865,-0.24892493741892763,0.3083537297089561,False,216.16987591488407
2019-11-17 12:30:00,-386098.63006,-234088.49245,2.9103830456733704e-11,121.22809613770127,85.95662664284947,-0.2046491042985956,-0.25102854771695327,0.32387742690576654,False,219.18837685544824
2019-11-17 13:00:00,-386687.90917,-234001.86866,1.1999816708318134e-10,121.17997772867905,85.95251310405352,-0.21483947494879052,-0.2427201865042789,0.32414362392764096,False,221.51307888379975
2019-11-17 13:30:00,-387246.62155,-233879.18184,8.231806349783991e-11,121.13004891954658,85.94879815883412,-0.21329664012855837,-0.21514909994412562,0.3029597199247766,False,224.75227325693257
2019-11-17 14:00:00,-387747.88373,-233744.99857,0.0,121.08271878041312,85.94557411828362,-0.19158574539857032,-0.18268942623776857,0.2647272639888285,False,226.36163341003714
2019-11-17 14:30:00,-388165.95476,-233628.04434,0.0,121.04275508481652,85.94290632091,-0.1592232451863526,-0.1474506423692107,0.21701090696729103,False,227.19839197885824
2019-11-17 15:00:00,-388498.2714,-233527.62071,5.820766091346741e-11,121.01021811314628,85.9408187596206,-0.1263261484986177,-0.11188334148042034,0.1687488604267275,False,228.4696355586353
2019-11-17 15:30:00,-388745.46314,-233445.77722,5.820766091346741e-11,120.98526352069072,85.93929804069556,-0.11894223511345584,-0.1343242370670454,0.17941643168179558,False,221.52444108373678
2019-11-17 16:00:00,-389133.27428,-233409.48071,1.1999816708318134e-10,120.95612503526823,85.93648628478198,-0.1484673819982829,-0.19496897081654577,0.24506216170328526,False,217.28899508603106
2019-11-17 16:30:00,-389622.30345,-233348.46395,1.1641532182693481e-10,120.91778869382463,85.93300935255739,-0.14924832762871046,-0.22340022152661454,0.2686684244158724,False,213.74593443894446
2019-11-17 17:00:00,-390099.30257,-233361.75835,8.231806349783991e-11,120.88833478723868,85.92928135753681,-0.12602879054926588,-0.2547594036385382,0.2842280946521198,False,206.32147839587697
2019-11-17 17:30:00,-390642.27597,-233429.93518,6.507814330688532e-11,120.86060588942058,85.92479267888781,-0.12449248358090242,-0.289369147680181,0.31501251101709543,False,203.27835689708527
2019-11-17 18:00:00,-391223.43205,-233511.39479,5.820766091346741e-11,120.83191125123719,85.9199483101217,-0.13239420112693578,-0.30276103032759766,0.33044283314526285,False,203.6192508869653
2019-11-17 18:30:00,-391822.45689,-233579.29165,1.1999816708318134e-10,120.80067209826416,85.9150276269724,-0.14730509909706033,-0.3011279273453462,0.3352265216943595,False,206.06685425388685
2019-11-17 19:00:00,-392426.1309,-233610.98934,2.9103830456733704e-11,120.76530755189795,85.91023583844847,-0.1630825690088349,-0.2951421490236873,0.33720144193766705,False,208.92310902284794
2019-11-17 19:30:00,-393035.75467,-233618.31557,2.9103830456733704e-11,120.72701956623638,85.90550823607478,-0.17067228289272346,-0.29482073333892905,0.3406586164392701,False,210.0666316539704
2019-11-17 20:00:00,-393652.42046,-233625.12411,6.507814330688532e-11,120.68831429386842,85.90072691283781,-0.17298905296534586,-0.3043619621111573,0.35008772675716693,False,209.61243640741995
2019-11-17 20:30:00,-394295.8483,-233641.9799,1.1999816708318134e-10,120.64907420595776,85.89569155330312,-0.17810127882653104,-0.31820814118303653,0.3646594118280907,False,209.2357644332796
2019-11-17 21:00:00,-394964.79498,-233657.5029,2.346425826049686e-10,120.60816470122452,85.89046357092522,-0.18804018943137818,-0.3279190266193207,0.37800793756262757,False,209.831460889735
2019-11-17 21:30:00,-395656.55184,-233660.42678,1.1641532182693481e-10,120.56456000639535,85.88511492560922,-0.202619839879601,-0.3344484678012398,0.39103782058444436,False,211.2088543261592
2019-11-17 22:00:00,-396372.44213,-233641.67316,2.399963341663627e-10,120.51721685615455,85.87967625642595,-0.22123638927238903,-0.33974577197725647,0.4054290684135833,False,213.07145757747224
2019-11-17 22:30:00,-397114.6464,-233595.38196,1.1641532182693481e-10,120.46538747147066,85.87415666803331,-0.2427139703479126,-0.34103038445832484,0.41858307959811303,False,215.43975315481399
2019-11-17 23:00:00,-397873.66562,-233511.00989,5.820766091346741e-11,120.40856069657923,85.86867648240023,-0.2610427706491062,-0.3346901669500215,0.42445357338723766,False,217.95257475037243
2019-11-17 23:30:00,-398629.45307,-233394.76993,5.820766091346741e-11,120.3486760353209,85.86336148447695,-0.27593221484557257,-0.31929870219711914,0.4220074032695964,False,220.8329881456911
2019-11-18 00:00:00,-399367.52843,-233234.56184,1.1999816708318134e-10,120.28534826980862,85.85837766713176,-0.2884779762668256,-0.3028853513339253,0.41828110027071336,False,223.60437994395724
2019-11-18 00:30:00,-400094.76231,-233047.87154,8.231806349783991e-11,120.2200164229528,85.85359214700689,-0.29341301824599236,-0.2885222672444394,0.411504918527221,False,225.481518823168
2019-11-18 01:00:00,-400796.7032,-232844.61582,0.0,120.15463522064651,85.84907173571088,-0.2903955286763112,-0.2729716888806251,0.39855125894360827,False,226.77148106064286
2019-11-18 01:30:00,-401469.62814,-232637.56604,5.820766091346741e-11,120.09078722703156,85.84478789606605,-0.2885726792313192,-0.2583524991246689,0.38732441828873104,False,228.1626444360398
2019-11-18 02:00:00,-402122.28445,-232412.06963,1.7703168939037188e-10,120.02635177759632,85.8407388241348,-0.28946818473763875,-0.24298747487274874,0.37793483951646806,False,229.98898725843
2019-11-18 02:30:00,-402748.44462,-232173.05912,0.0,119.9622296199212,85.83695062813858,-0.2793783133835302,-0.2269871720718345,0.35996585709507867,False,230.90709325927173
2019-11-18 03:00:00,-403332.53627,-231948.83324,1.1999816708318134e-10,119.90238471051784,85.83341792999887,-0.2539537722744516,-0.21559627851782606,0.33312801407741144,False,229.67011629529486
2019-11-18 03:30:00,-403877.0347,-231767.45954,6.507814330688532e-11,119.84963898405361,85.82999729842402,-0.22342792080093113,-0.21022328681048894,0.3067798332857495,False,226.74411159212136
2019-11-18 04:00:00,-404389.27924,-231627.88153,5.820766091346741e-11,119.803409474781,85.82663779569502,-0.20493221830808953,-0.20222060894770452,0.28790690992724527,False,225.38158024373865
2019-11-18 04:30:00,-404875.42499,-231489.11395,1.7703168939037188e-10,119.7589321263451,85.82347496685827,-0.19983324562661997,-0.19503039890359203,0.27923141398159923,False,225.69687164458531
2019-11-18 05:00:00,-405355.87086,-231351.84855,1.6463612699567982e-10,119.71502907972567,85.82034730180891,-0.190064203869345,-0.194762018501902,0.2721335066533027,False,224.30058928924723
2019-11-18 05:30:00,-405823.53312,-231242.40542,2.346425826049686e-10,119.67493333494276,85.81719329407309,-0.16720441392790245,-0.1929547546341005,0.25532107898267875,False,220.91047604155366
2019-11-18 06:00:00,-406257.41064,-231172.75761,2.9103830456733704e-11,119.6411856713002,85.81412400954768,-0.1406238842695659,-0.18947851967156693,0.2359601369807804,False,216.5814255086351
2019-11-18 06:30:00,-406666.76541,-231139.76216,5.820766091346741e-11,119.61287477587322,85.8110820350888,-0.1175194926179103,-0.18764681568990255,0.22140948169338034,False,212.0581005842379
2019-11-18 07:00:00,-407053.75901,-231138.75101,6.507814330688532e-11,119.58936075072566,85.80807176807421,-0.10282871270296176,-0.18694352572854447,0.2133579761058096,False,208.8130934754751
2019-11-18 07:30:00,-407434.78363,-231150.16823,1.7462298274040222e-10,119.56756290632234,85.8050523625149,-0.09679656894408831,-0.18898384637774168,0.21233103859557018,False,207.12129492656686
2019-11-18 08:00:00,-407817.45415,-231171.37713,1.1641532182693481e-10,119.54673835011461,85.80197625699499,-0.09673186750710716,-0.19066511251830576,0.21379953068945387,False,206.900462472507
2019-11-18 08:30:00,-408203.64116,-231185.70413,6.507814330688532e-11,119.5250012654527,85.79890256557461,-0.09829109126758657,-0.18987213971265518,0.2138049766998773,False,207.3692424793941
2019-11-18 09:00:00,-408586.60732,-231200.33025,5.820766091346741e-11,119.50352131088228,85.79585206230773,-0.09917233516898308,-0.1882048441624942,0.21273508274165276,False,207.78646243288284
2019-11-18 09:30:00,-408969.14358,-231208.65183,1.1641532182693481e-10,119.48142897370228,85.79283211780182,-0.10134670766642145,-0.18763938180219325,0.21325968385499483,False,208.37411509007552
2019-11-18 10:00:00,-409354.19881,-231215.16678,1.4551915228366852e-10,119.4590256341257,85.7897998550039,-0.10447716071026739,-0.18574172079236198,0.21310904240080192,False,209.35715430871662
2019-11-18 10:30:00,-409736.33492,-231210.01589,1.8406878575731415e-10,119.43559194569977,85.78684109078249,-0.10954383300255185,-0.18337171925251067,0.21360018438782435,False,210.8535347782481
2019-11-18 11:00:00,-410122.92401,-231196.13866,8.231806349783991e-11,119.41099989808741,85.783885259474,-0.1178687293204408,-0.17928773879078438,0.21456264966747562,False,213.32202828346135
2019-11-18 11:30:00,-410506.96161,-231157.33081,5.820766091346741e-11,119.3839526942222,85.781058170306,-0.1285271703083022,-0.17019754802118217,0.21327549990536168,False,217.05881241152332
2019-11-18 12:00:00,-410883.83785,-231093.59903,5.820766091346741e-11,119.3547281546517,85.77839553591612,-0.1369006726160325,-0.15710781271779167,0.20838584160084106,False,221.0682564922202
2019-11-18 12:30:00,-411241.52788,-231005.02856,1.1999816708318134e-10,119.32405135347688,85.77599066834975,-0.1414121570320788,-0.137031806058049,0.19691397621295464,False,225.90127622079066
2019-11-18 13:00:00,-411563.26389,-230891.34737,8.231806349783991e-11,119.29288640008004,85.77397560995394,-0.14169706137160004,-0.11472964120691106,0.18232100200693702,False,231.0035111226502
2019-11-18 13:30:00,-411851.32424,-230762.23012,5.820766091346741e-11,119.2621145530535,85.77229012234073,-0.1355908322391847,-0.09048961472193043,0.16301301837533755,False,236.2819373495325
2019-11-18 14:00:00,-412086.05607,-230624.74358,0.0,119.23364080609966,85.7710569873543,-0.12332585311390916,-0.06908764082032191,0.1413590045253266,False,240.74227486594256
2019-11-18 14:30:00,-412285.18628,-230496.26918,8.231806349783991e-11,119.20824504923185,85.77006183094109,-0.10694387794132737,-0.05325543678640966,0.1194702246438032,False,243.52781774783037
2019-11-18 15:00:00,-412441.27219,-230382.25372,6.507814330688532e-11,119.18693771834607,85.76933937397172,-0.08883605968090773,-0.041662266360349656,0.09812028300973516,False,244.87439841483598
2019-11-18 15:30:00,-412572.0861,-230290.20594,2.9103830456733704e-11,119.16945725328058,85.7687181237037,-0.07080236823481639,-0.036042089425264115,0.07944814382852046,False,243.0215383185028
2019-11-18 16:00:00,-412678.80009,-230222.92979,6.507814330688532e-11,119.15602837437244,85.76817692854561,-0.04770493876058869,-0.030778210124579458,0.056771994862117384,False,237.17075409101582
2019-11-18 16:30:00,-412752.51754,-230194.20935,0.0,119.14863358393562,85.76772546315082,-0.018753293171949174,-0.02516097406301629,0.03138089579015956,False,216.6983620450946
2019-11-18 17:00:00,-412790.79199,-230208.08688,0.0,119.14784289607043,85.76736540391178,0.008186184938057112,-0.023821970023266154,0.025189281046299524,False,161.0352220896773
2019-11-18 17:30:00,-412813.06267,-230261.71791,1.1641532182693481e-10,119.15220560129634,85.76695708083241,0.035255392767385305,-0.029087860729233386,0.04570608669516437,False,129.52472156737008
2019-11-18 18:00:00,-412820.41732,-230369.93984,1.1641532182693481e-10,119.16322614089948,85.76642711753244,0.062159959172134856,-0.03497613703286966,0.07132454476562433,False,119.36556717195151
2019-11-18 18:30:00,-412813.96945,-230518.48467,6.507814330688532e-11,119.1793257145539,85.76582884683319,0.07947714189964145,-0.03901104978548375,0.08853517995633844,False,116.1439356123197
2019-11-18 19:00:00,-412803.53986,-230688.21932,2.9103830456733704e-11,119.19789729118489,85.76516877187541,0.08998361819283426,-0.04091062430954722,0.0988470066540747,False,114.44869322773087
2019-11-18 19:30:00,-412784.50714,-230873.11214,2.9103830456733704e-11,119.2185744767466,85.76450923260133,0.09788521325901452,-0.04301100054896188,0.10691801131233947,False,113.72080331449598
2019-11-18 20:00:00,-412766.66327,-231071.35357,6.507814330688532e-11,119.2405856921839,85.76378142681244,0.10261447145426225,-0.044592225575699466,0.11188474575933785,False,113.48787599020699
2019-11-18 20:30:00,-412744.13393,-231273.86871,5.820766091346741e-11,119.26331821265423,85.76307090111673,0.09800044852958587,-0.042256860449919276,0.10672267878517648,False,113.32524553586359
2019-11-18 21:00:00,-412726.91627,-231453.4937,1.1999816708318134e-10,119.28331114262754,85.76241851800945,0.08518708193618398,-0.038530420372733507,0.09349562675816275,False,114.3374088452963
2019-11-18 21:30:00,-412715.11528,-231609.19971,8.231806349783991e-11,119.30045173146517,85.76182818026035,0.06848544252181975,-0.03690201664510869,0.07779469564106126,False,118.31712300531126
2019-11-18 22:00:00,-412722.11001,-231733.51336,1.7703168939037188e-10,119.31316020243791,85.76122833772237,0.04991424029243027,-0.03660191739429474,0.06189613672039028,False,126.2524501841545
2019-11-18 22:30:00,-412742.03659,-231830.39354,2.9103830456733704e-11,119.32220367276106,85.76064764543432,0.031251734963891366,-0.033538739794689465,0.04584231675285616,False,137.0216141792688
2019-11-18 23:00:00,-412772.28368,-231890.73383,0.0,119.326777762959,85.76014659260393,0.010861148176295863,-0.02778917996447952,0.029836270926603497,False,158.65240886262973
2019-11-18 23:30:00,-412810.10557,-231913.48172,2.9103830456733704e-11,119.32693600901838,85.75975132509953,-0.005356264424537287,-0.023326909527519764,0.023933956561560315,False,192.93194304003134
2019-11-19 00:00:00,-412854.94245,-231915.05378,1.7703168939037188e-10,119.32444467354013,85.7593941842049,-0.01490840840501186,-0.018254755772548648,0.023568978541422335,False,219.23804091393063
2019-11-19 00:30:00,-412893.68698,-231898.87399,6.507814330688532e-11,119.32044211361212,85.75916251550689,-0.02290866200238573,-0.010077209460150716,0.025027124190431925,False,246.25595755521366
2019-11-19 01:00:00,-412926.95861,-231860.91268,5.820766091346741e-11,119.31446642313635,85.75906913321526,-0.026902065556272423,0.004409770295792672,0.02726109325129193,False,279.3091014562917
2019-11-19 01:30:00,-412927.26145,-231806.65576,6.507814330688532e-11,119.30872437928272,85.75930475348736,-0.028087194229871743,0.02211740336163622,0.035750105051144364,False,308.21884292752486
2019-11-19 02:00:00,-412907.02487,-231733.76539,1.1999816708318134e-10,119.30223186085811,85.75978251941737,-0.02757901384649056,0.03579470253647246,0.04518697527407058,False,322.386556464667
2019-11-19 02:30:00,-412863.47969,-231657.00808,6.507814330688532e-11,119.29671007856894,85.76045931134637,-0.0198578850538667,0.04608023671989395,0.0501769251247428,False,336.6867859050633
2019-11-19 03:00:00,-412797.33522,-231590.24577,0.0,119.29358014207556,85.76126884043362,-0.007674936606856128,0.04809784568966548,0.048706338518781436,False,350.9337894570506
2019-11-19 03:30:00,-412725.98827,-231548.19074,8.231806349783991e-11,119.29336606055342,85.762010702427,0.01517934400783915,0.042548490752226456,0.04517506557605227,False,19.634061786373593
2019-11-19 04:00:00,-412637.01061,-231562.95817,1.1641532182693481e-10,119.30019719568335,85.76264120162068,0.041068542985339684,0.03850236067887941,0.05629437805665156,False,46.847163546788636
2019-11-19 04:30:00,-412532.75824,-231609.29012,8.231806349783991e-11,119.31126925315044,85.76325253746492,0.05716754509199337,0.0298703711149541,0.06450090915940782,False,62.412673455680704
2019-11-19 05:00:00,-412442.49269,-231689.7696,2.9103830456733704e-11,119.3251208374398,85.76360461812779,0.07070308351653834,0.012647476031073704,0.07182537621692753,False,79.85811060691452
2019-11-19 05:30:00,-412368.40154,-231808.9048,2.9103830456733704e-11,119.34209624188175,85.76366041638167,0.08700124807488469,-0.00218724097338225,0.0870287377230261,False,91.44013203397981
2019-11-19 06:00:00,-412295.87917,-231966.6514,2.9103830456733704e-11,119.36305472011516,85.76353397169407,0.10331345881067519,-0.017763066916458087,0.10482937239964593,False,99.75569257526604
2019-11-19 06:30:00,-412241.76122,-232164.40758,0.0,119.38714025123473,85.76308738225417,0.11511376246968344,-0.032992270671051385,0.11974835378391895,False,105.99260907909155
2019-11-19 07:00:00,-412196.01405,-232386.01885,0.0,119.41323916492281,85.76246974902463,0.11897888745900728,-0.043179517989003956,0.12657190223246959,False,109.94671951245488
2019-11-19 07:30:00,-412166.81844,-232613.86121,1.1641532182693481e-10,119.43900256059909,85.76169464863982,0.12093031520611688,-0.050714418897133594,0.1311338759433455,False,112.75166377002802
2019-11-19 08:00:00,-412141.03951,-232854.88895,6.507814330688532e-11,119.46594262038178,85.76083392729805,0.12231052146069805,-0.057686426444946114,0.1352316067196425,False,115.25039835190694
2019-11-19 08:30:00,-412131.03189,-233099.3779,1.7703168939037188e-10,119.49229673687942,85.75983400609104,0.11484326320809433,-0.06474058839563955,0.13183443742094572,False,119.4112587498721
2019-11-19 09:00:00,-412140.36824,-233329.49245,2.9103830456733704e-11,119.5159721437867,85.75874582007626,0.10431384242394114,-0.07000009536539852,0.12562400675194096,False,123.86369696795293
2019-11-19 09:30:00,-412165.31638,-233550.32291,0.0,119.53772759153222,85.75757622356336,0.08808826896626422,-0.07110170696922087,0.11320333857006984,False,128.909230611468
2019-11-19 10:00:00,-412206.72882,-233731.58525,6.507814330688532e-11,119.5543273880474,85.75645257591711,0.06353605003404567,-0.0661299216250466,0.09170603136142988,False,136.14600672375354
2019-11-19 10:30:00,-412259.58808,-233866.71886,6.507814330688532e-11,119.56538563896167,85.75544331390917,0.042405788153833855,-0.059816970284755716,0.07332339874143304,False,144.6661918955882
2019-11-19 11:00:00,-412318.70566,-233970.62145,2.346425826049686e-10,119.57278262558575,85.75452323331422,0.02791828803961154,-0.054636329206083245,0.06135600440199983,False,152.93369617084795
2019-11-19 11:30:00,-412381.05333,-234051.20431,1.1641532182693481e-10,119.57753318841624,85.75368104854921,0.01956667591819598,-0.04969589181065981,0.05340914218880992,False,158.50903948018595
2019-11-19 12:00:00,-412439.52821,-234120.19011,2.9103830456733704e-11,119.58129441594049,85.75292030516667,0.01548686672215839,-0.04618211784685188,0.04870966074292052,False,161.46146414454296
2019-11-19 12:30:00,-412498.11578,-234181.76342,0.0,119.58426894683095,85.75219145423104,0.014651128192400418,-0.04403791665598098,0.0464111372486096,False,161.59805178916366
2019-11-19 13:00:00,-412551.35648,-234244.32792,6.507814330688532e-11,119.58766539385587,85.75149986622804,0.01812894292963633,-0.04406965634974001,0.04765284023571094,False,157.63919477569664
2019-11-19 13:30:00,-412603.85418,-234316.8518,0.0,119.59215078947153,85.75076998735233,0.02380033286047771,-0.04668385912642029,0.052400749490870736,False,152.9866348330233
2019-11-19 14:00:00,-412655.18549,-234401.82587,1.8406878575731415e-10,119.59801117192846,85.74999407451803,0.033555014329262556,-0.057800018116763295,0.06683398148348774,False,149.86327508438274
2019-11-19 14:30:00,-412725.11874,-234524.66034,5.820766091346741e-11,119.60673343197868,85.74890562679558,0.04533644363934346,-0.06874154103717114,0.08234556810192308,False,146.59433710808293
2019-11-19 15:00:00,-412789.71112,-234665.98856,6.507814330688532e-11,119.61770974303262,85.74777679379827,0.06062969955993587,-0.07735900470812816,0.09828721218022354,False,141.9126190789479
2019-11-19 15:30:00,-412859.35413,-234852.04289,5.820766091346741e-11,119.63306878447034,85.74641034346318,0.08586367681625483,-0.08824456980302565,0.12312463236951136,False,135.78345868170106
2019-11-19 16:00:00,-412913.00496,-235091.74438,8.231806349783991e-11,119.65499401664518,85.74493031215658,0.1110681060175088,-0.09172131595319546,0.14404486792143092,False,129.5502848623937
2019-11-19 16:30:00,-412948.46796,-235362.89001,8.231806349783991e-11,119.68128269468252,85.7434517402962,0.13462615058885016,-0.09804926416913562,0.16654686615628858,False,126.06613999458278
2019-11-19 17:00:00,-412979.68077,-235687.59418,1.1999816708318134e-10,119.71341227251966,85.74176751451249,0.15519641279691165,-0.10858587092437923,0.18941176813871768,False,124.97922862423991
2019-11-19 17:30:00,-413011.04874,-236041.89458,1.3015628661377063e-10,119.74860217890023,85.73994917016415,0.17067001851580532,-0.11534741063941421,0.2059933988296785,False,124.05281231224461
2019-11-19 18:00:00,-413035.33755,-236427.07889,1.1641532182693481e-10,119.78741239170157,85.73804680826497,0.17997382536225986,-0.11668202093335761,0.21448839554767926,False,122.95645984406804
2019-11-19 18:30:00,-413053.73528,-236812.872,1.049353530241639e-10,119.82660412662702,85.73618556811694,0.1786752510128735,-0.11415463430398023,0.2120285967920101,False,122.57428524351917
2019-11-19 19:00:00,-413071.92854,-237189.50429,6.507814330688532e-11,119.86481832384789,85.73436479326158,0.17502438394988448,-0.11162025641141243,0.20758761190973327,False,122.5273348347909
2019-11-19 19:30:00,-413088.45029,-237559.38066,1.7703168939037188e-10,119.90239593810557,85.73258527954631,0.16428256647775008,-0.11217425538262207,0.19892668302458094,False,124.32576537489405
2019-11-19 20:00:00,-413127.16103,-237903.50725,5.820766091346741e-11,119.93592951994209,85.73074678882621,0.1522009162389378,-0.10991152628128331,0.1877382819604286,False,125.83484294309113
2019-11-19 20:30:00,-413157.91068,-238231.65965,1.1641532182693481e-10,119.96824951303786,85.72904012256781,0.14221208363745796,-0.10430792023596325,0.17636444924207206,False,126.25883075012683
2019-11-19 21:00:00,-413196.72892,-238534.59645,5.820766091346741e-11,119.99743676418363,85.72738244822327,0.12842508802978045,-0.09950464893438543,0.16246285235404478,False,127.76877275657262
2019-11-19 21:30:00,-413236.99624,-238811.15428,1.4551915228366852e-10,120.02377261854824,85.72583068804595,0.11547925023994063,-0.09219962894961892,0.14777086591891594,False,128.60416794810368
2019-11-19 22:00:00,-413276.09802,-239060.61743,8.231806349783991e-11,120.04734490612522,85.7244086234436,0.10209377582188002,-0.08292031032290133,0.13152534708418204,False,129.08341765770166
2019-11-19 22:30:00,-413311.36101,-239278.76934,1.3015628661377063e-10,120.06788142607523,85.72315616540236,0.0902765736454395,-0.07175914413921586,0.1153223071081793,False,128.4805257327946
2019-11-19 23:00:00,-413336.83653,-239471.31064,1.049353530241639e-10,120.08633658689631,85.7220940709458,0.08166718484736542,-0.05813795878497842,0.10024745050412805,False,125.44664001994795
2019-11-19 23:30:00,-413345.0749,-239638.08196,2.9103830456733704e-11,120.10314593419707,85.72128095121391,0.0748376404074443,-0.04393433615065882,0.08678074852611624,False,120.41557668821679
2019-11-20 00:00:00,-413338.54008,-239783.71669,8.731149137020111e-11,120.11864564388975,85.72067698692594,0.06906772635556316,-0.03091654698844804,0.0756715514682755,False,114.11455589842774
2019-11-20 00:30:00,-413316.58017,-239909.00518,1.1641532182693481e-10,120.13295972936457,85.72028375408259,0.06739641484541499,-0.016640630740966698,0.06942036679154383,False,103.86931837455569
2019-11-20 01:00:00,-413268.54996,-240023.62928,1.3015628661377063e-10,120.1477352971648,85.72014023081177,0.06949794060065578,-0.0011470207213100103,0.06950740539156525,False,90.94554571750723
2019-11-20 01:30:00,-413194.49633,-240127.42889,1.1999816708318134e-10,120.16295546721555,85.72024674796688,0.07543376010825205,0.014138864547467014,0.0767473755561774,False,79.38398820690736
2019-11-20 02:00:00,-413088.09281,-240232.84612,5.820766091346741e-11,120.18029386917294,85.72059623816267,0.08399738172300109,0.027733500989512418,0.08845737512189045,False,71.72827420124037
2019-11-20 02:30:00,-412956.17075,-240338.63761,1.7703168939037188e-10,120.19921305105042,85.72114126095,0.09279205536186051,0.038556380559861714,0.10048363060795261,False,67.43644057366032
2019-11-20 03:00:00,-412800.09739,-240451.74162,6.507814330688532e-11,120.22035272901705,85.72183982474067,0.10277554606679853,0.046439863528660676,0.11278064458890655,False,65.68382901301231
2019-11-20 03:30:00,-412625.48122,-240574.19825,1.1999816708318134e-10,120.2435888181329,85.72263912802934,0.11064894907848763,0.049885118625997774,0.12137427648601501,False,65.73218059020019
2019-11-20 04:00:00,-412444.32122,-240705.40743,1.1999816708318134e-10,120.26813629435092,85.7234488386557,0.11376834357539849,0.04900382813052447,0.12387336748202131,False,66.69683996803792
2019-11-20 04:30:00,-412266.67618,-240839.0097,5.820766091346741e-11,120.29272825865823,85.72421975472831,0.11230029558214735,0.042965457162969234,0.12023887431717167,False,69.06343235176973
2019-11-20 05:00:00,-412106.83839,-240976.4666,8.231806349783991e-11,120.31664960754726,85.72483471878257,0.10738268220232777,0.0326940473478839,0.11224945954859558,False,73.06645061846314
2019-11-20 05:30:00,-411969.93693,-241113.31073,5.820766091346741e-11,120.33912367065086,85.72527435090792,0.09680177115789765,0.02515350876595776,0.10001640816658584,False,75.43407349962155
2019-11-20 06:00:00,-411852.66045,-241231.48838,1.3015628661377063e-10,120.35847815500189,85.72564613462315,0.07854496693522528,0.01629200453373911,0.08021683889672422,False,78.28172843874046
2019-11-20 06:30:00,-411776.41768,-241327.65752,1.3015628661377063e-10,120.37306566011637,85.72579995769816,0.06343052785071407,0.0008383514951291575,0.06343606778993792,False,89.24277461657738
2019-11-20 07:00:00,-411734.59645,-241426.97157,1.3015628661377063e-10,120.38588969011046,85.72567320727849,0.044929973602319276,-0.013460702525396525,0.046903017391019985,False,106.67784433336863
2019-11-20 07:30:00,-411736.40432,-241491.69881,1.1999816708318134e-10,120.39248214287028,85.72536585926152,0.01973295924019507,-0.023802398416312494,0.030918341655788648,False,140.3401685538587
2019-11-20 08:00:00,-411772.56984,-241531.59974,6.507814330688532e-11,120.39441697987002,85.72490548267366,-0.0005907130325209925,-0.03212678605856249,0.032132216299835835,False,181.0533749077801
2019-11-20 08:30:00,-411837.24121,-241548.38085,1.1999816708318134e-10,120.3922274139462,85.72432960338,-0.018352245789148357,-0.04105735372248133,0.044972338389261735,False,204.08418815232295
2019-11-20 09:00:00,-411933.49004,-241549.38835,5.820766091346741e-11,120.38648922100589,85.72358115181366,-0.037311741210482495,-0.04920704764004912,0.0617535389237579,False,217.17159101092298
2019-11-20 09:30:00,-412057.99693,-241522.11554,1.1641532182693481e-10,120.37611198641726,85.72274237184058,-0.06060882712420551,-0.055110206476552945,0.08191803698368344,False,227.72047696408288
2019-11-20 10:00:00,-412214.98572,-241461.47304,8.231806349783991e-11,120.36031636692631,85.72180346847354,-0.08461982628185641,-0.058884939370778974,0.10309195450990281,False,235.16685453177968
2019-11-20 10:30:00,-412394.88356,-241366.40541,1.1641532182693481e-10,120.33957761153192,85.72084290777433,-0.10393989828360102,-0.0567493832832049,0.1184229494575668,False,241.36622460220818
2019-11-20 11:00:00,-412580.31337,-241241.73073,5.820766091346741e-11,120.31544946234685,85.71997290517068,-0.11330928444317598,-0.04911599101425927,0.12349645547276795,False,246.56479356432578
2019-11-20 11:30:00,-412753.42155,-241103.52079,1.1641532182693481e-10,120.29067519366214,85.71925863932346,-0.11514388157288755,-0.03833684475251319,0.1213582594191654,False,251.5849596330377
2019-11-20 12:00:00,-412908.56172,-240953.41552,1.3015628661377063e-10,120.26576323861785,85.71873633645608,-0.11739554280636794,-0.029539915493057137,0.12105502913195602,False,255.8760409806877
2019-11-20 12:30:00,-413058.27765,-240792.10026,8.231806349783991e-11,120.24002418734017,85.71830579463752,-0.11676716942402285,-0.025772171166371087,0.11957749228816929,False,257.5535563777768
2019-11-20 13:00:00,-413200.42047,-240636.9813,6.507814330688532e-11,120.21538857673319,85.71790508476897,-0.10965613171385953,-0.022382211405732558,0.11191707023442944,False,258.46366935283345
2019-11-20 13:30:00,-413326.57136,-240491.52071,8.231806349783991e-11,120.19272139173869,85.71758391136984,-0.10129364808434765,-0.01820235746220876,0.10291612584730196,False,259.8127373213597
2019-11-20 14:00:00,-413440.44905,-240354.74897,5.820766091346741e-11,120.17169657851666,85.7173180097811,-0.09569883250510525,-0.01674716395937225,0.09715314736807186,False,260.07383101721143
2019-11-20 14:30:00,-413551.84449,-240223.98004,0.0,120.1514455868008,85.71704374799482,-0.09196345358721314,-0.016866899103921064,0.09349742820564295,False,259.60696348315514
2019-11-20 15:00:00,-413659.24589,-240098.97315,0.0,120.13203435036638,85.71677398516165,-0.08737231729760106,-0.018257843802469628,0.08925956918038568,False,258.19697410598053
2019-11-20 15:30:00,-413766.58841,-239984.93846,1.7703168939037188e-10,120.11376601641929,85.71645486439283,-0.0786874400821958,-0.021644106608609933,0.08160992940552042,False,254.62032304589528
2019-11-20 16:00:00,-413868.77227,-239893.02501,2.9103830456733704e-11,120.09810258592726,85.71607590624855,-0.0691549078738223,-0.025668112513728376,0.07376485127114585,False,249.63666833182918
2019-11-20 16:30:00,-413971.38225,-239815.8878,6.507814330688532e-11,120.083947603493,85.71562696162623,-0.06232159646825315,-0.03149857654831663,0.06982937570193469,False,243.18705678070125
2019-11-20 17:00:00,-414079.35537,-239755.73133,1.1999816708318134e-10,120.07123350564665,85.71505993598835,-0.05535490143472758,-0.039775386079401905,0.06816338056914346,False,234.30078208464232
2019-11-20 17:30:00,-414195.15383,-239715.18212,1.3015628661377063e-10,120.06008527547066,85.7143440193885,-0.05109632855998622,-0.048904768558525866,0.0707284326142821,False,226.25545664452872
2019-11-20 18:00:00,-414323.87335,-239684.71371,2.9103830456733704e-11,120.04921079344264,85.71348250201231,-0.05012324892975082,-0.05550915192387618,0.07479041402868239,False,222.0811747986927
2019-11-20 18:30:00,-414458.48439,-239659.05592,1.1641532182693481e-10,120.03848612519992,85.712553556713,-0.04882281275624444,-0.06067398521431845,0.07787810685435695,False,218.82274903043623
2019-11-20 19:00:00,-414600.946,-239641.89852,8.231806349783991e-11,120.02817659778569,85.71152544898919,-0.04766534658334566,-0.06567088348718664,0.08114585758310836,False,215.97295600603252
2019-11-20 19:30:00,-414749.03848,-239628.80055,1.9523442992065595e-10,120.0179554997918,85.71043532187187,-0.04967611969647561,-0.06882522569179354,0.08488008340962495,False,215.820695685793
2019-11-20 20:00:00,-414904.94853,-239611.00438,6.507814330688532e-11,120.00678553092106,85.70930545449566,-0.057101682909424425,-0.07339982480049173,0.09299535725954998,False,217.88127205397763
2019-11-20 20:30:00,-415080.66495,-239582.93408,1.049353530241639e-10,119.99337390888135,85.7080677483691,-0.06849997721054459,-0.07927213558828082,0.10476792619199785,False,220.8306786759891
2019-11-20 21:00:00,-415275.38635,-239540.08959,1.1641532182693481e-10,119.97730556969293,85.70674845119154,-0.08112975297051396,-0.08461684179378447,0.11722647624240426,False,223.79475049091528
2019-11-20 21:30:00,-415490.46782,-239482.14453,5.820766091346741e-11,119.95846924402741,85.7053383362887,-0.08988248586386526,-0.0840510384932788,0.12305867842970918,False,226.92022912230047
2019-11-20 22:00:00,-415699.12646,-239410.84842,5.820766091346741e-11,119.93864632210045,85.70403732628003,-0.0963264538088223,-0.07728664341808397,0.12349903219951659,False,231.2585060445989
2019-11-20 22:30:00,-415904.63849,-239320.50073,2.9103830456733704e-11,119.91705111069471,85.7028453753924,-0.10372099589140646,-0.06768853157369557,0.1238538747690533,False,236.87145221380698
2019-11-20 23:00:00,-416096.56403,-239208.74212,5.820766091346741e-11,119.89406039877842,85.70185396287877,-0.10972628815381033,-0.054113095710934346,0.12234412711460145,False,243.74912694885896
2019-11-20 23:30:00,-416270.40069,-239075.13488,5.820766091346741e-11,119.86989426455585,85.70109989732744,-0.11313738048801414,-0.04025140584429621,0.12008431428014205,False,250.4157333585808
2019-11-21 00:00:00,-416425.06549,-238927.72053,0.0,119.8454460514166,85.70055562669337,-0.10841785933798556,-0.02564484964649732,0.11140956214267551,False,256.6920153693047
2019-11-21 00:30:00,-416544.7173,-238782.54115,0.0,119.82331321440597,85.70027278168031,-0.10023052127185669,-0.014357125403470082,0.10125356509416882,False,261.8483423066258
2019-11-21 01:00:00,-416649.3565,-238640.38249,8.231806349783991e-11,119.80238640674052,85.70009256504544,-0.09798289391212693,-0.011174052735931972,0.09861798494159425,False,263.49404730634194
2019-11-21 01:30:00,-416754.93827,-238496.44726,8.231806349783991e-11,119.78122150307011,85.6999123508822,-0.09351471112083529,-0.010190793439367532,0.09406834465928021,False,263.780717184277
2019-11-21 02:00:00,-416848.41006,-238366.41384,1.7703168939037188e-10,119.76221558988533,85.69976391311029,-0.08482691138787075,-0.008393407346116814,0.0852411531039059,False,264.349122123994
2019-11-21 02:30:00,-416932.75837,-238246.35113,8.231806349783991e-11,119.74478398298716,85.69964165521658,-0.07445847012407594,-0.007512567175220995,0.0748365047204913,False,264.2385785601604
2019-11-21 03:00:00,-417004.88182,-238147.09877,1.3015628661377063e-10,119.73023280869772,85.69952165212517,-0.06177789991558643,-0.007736802188625696,0.06226047723946659,False,262.8616838538994
2019-11-21 03:30:00,-417067.23678,-238067.03779,8.231806349783991e-11,119.71824876449601,85.69939214568909,-0.05007062935676759,-0.009580859465181949,0.050979023061200016,False,259.1675687600226
2019-11-21 04:00:00,-417124.19483,-238007.65114,2.9103830456733704e-11,119.70872688857371,85.6992126517165,-0.039404957684842125,-0.012042088136579542,0.041203914581424764,False,253.0069367140642
2019-11-21 04:30:00,-417175.19347,-237965.31092,8.231806349783991e-11,119.70132451442103,85.69900374598315,-0.02939099358609001,-0.01559523880780446,0.03327224034311538,False,242.04900401528806
2019-11-21 05:00:00,-417225.38705,-237943.56215,0.0,119.69610422899933,85.69870963796862,-0.019993344512939056,-0.019791795378537615,0.028132703196084324,False,225.2902545023379
2019-11-21 05:30:00,-417272.74317,-237938.08529,2.9103830456733704e-11,119.69273839931088,85.69836536264272,-0.013204297647037214,-0.0239743594359122,0.02737011850017944,False,208.84454375474488
2019-11-21 06:00:00,-417323.90868,-237945.02075,1.8406878575731415e-10,119.6904341328527,85.69793633744568,-0.008282039622476527,-0.027866945942361915,0.02907161599331541,False,196.55191765632455
2019-11-21 06:30:00,-417374.6614,-237961.87464,1.7703168939037188e-10,119.689182270663,85.69746650325294,-0.005231282774116932,-0.030350293089632135,0.030797834503246243,False,189.7796086693728
2019-11-21 07:00:00,-417428.15419,-237982.7768,8.231806349783991e-11,119.68818821804805,85.69695737425423,-0.0065027688817943605,-0.03282052889330383,0.033458528359242345,False,191.2069362834414
2019-11-21 07:30:00,-417488.90015,-238000.05683,0.0,119.68639094215916,85.69640785935454,-0.010033403259109279,-0.03473399342941274,0.03615410738096561,False,196.11210657933918
2019-11-21 08:00:00,-417554.67329,-238013.32489,5.820766091346741e-11,119.68388183699263,85.69583700985386,-0.012864316171128747,-0.03502763359127667,0.03731522136548969,False,200.16636155592636
2019-11-21 08:30:00,-417621.38584,-238022.26898,0.0,119.6808701786013,85.69527802341145,-0.01635943212201201,-0.03410072097243795,0.03782182161391474,False,205.62883200164887
2019-11-21 09:00:00,-417690.49149,-238022.94619,5.820766091346741e-11,119.67686208252938,85.69473706896228,-0.02028613942682458,-0.031073305740390997,0.03710899867256435,False,213.13842284796198
2019-11-21 09:30:00,-417754.7345,-238014.20282,5.820766091346741e-11,119.67216644591285,85.69427573383642,-0.022488283460684197,-0.025807596691150535,0.03423090621034106,False,221.0683181850645
2019-11-21 10:00:00,-417811.29318,-237998.59674,2.9103830456733704e-11,119.66721448128023,85.69390462974147,-0.025014087442165156,-0.02083002242010762,0.032551411714186386,False,230.21478004035183
2019-11-21 10:30:00,-417864.4644,-237973.07263,0.0,119.66143624646234,85.69360384460384,-0.027715477340832788,-0.01645011984781416,0.032229708767496874,False,239.30936465355842
2019-11-21 11:00:00,-417912.13005,-237941.2018,2.9103830456733704e-11,119.65532625485956,85.6933740197607,-0.030545184046198316,-0.011850498013827333,0.03276343345243068,False,248.79543167246428
2019-11-21 11:30:00,-417955.94571,-237898.6214,0.0,119.6483349564266,85.69322159285903,-0.035107616913417995,-0.006937092797021394,0.035786422310896064,False,258.82262000954836
2019-11-21 12:00:00,-417996.35472,-237843.71507,1.049353530241639e-10,119.64026857778191,85.69315024947643,-0.03929104553397569,-0.0016134155548321698,0.039324157574009456,False,267.6485737378441
2019-11-21 12:30:00,-418030.94737,-237778.55493,1.1999816708318134e-10,119.63148323783106,85.69316954331951,-0.04091652543960395,0.0021214086784768806,0.040971483117296044,False,272.9679701691696
2019-11-21 13:00:00,-418062.54415,-237711.90299,1.1999816708318134e-10,119.6227197404495,85.69321867690832,-0.039978288355745475,0.006133143506359472,0.04044600090397978,False,278.7218527092076
2019-11-21 13:30:00,-418082.89248,-237642.53031,1.6463612699567982e-10,119.6143364787297,85.69336737544164,-0.03780921263397452,0.010690746641097147,0.03929158464283705,False,285.7885194706939
2019-11-21 14:00:00,-418096.34653,-237574.55155,1.3015628661377063e-10,119.60650285397784,85.6935635185267,-0.03601184298709309,0.013010220347995535,0.038289929078420125,False,289.863579633241
2019-11-21 14:30:00,-418106.21947,-237506.67469,1.4551915228366852e-10,119.59888983122107,85.69378702928756,-0.03301166698881371,0.012838118877781083,0.03542015603721096,False,291.25087997158914
2019-11-21 15:00:00,-418114.85948,-237448.39005,5.820766091346741e-11,119.59234248511702,85.69397762878508,-0.02690159967947607,0.010876044476494059,0.029016967601206436,False,292.0129851626298
2019-11-21 15:30:00,-418119.99781,-237403.12627,5.820766091346741e-11,119.58734988604331,85.69413785363771,-0.016640081879364478,0.009028304727256709,0.018931524270384567,False,298.48265180015744
2019-11-21 16:00:00,-418116.17344,-237380.24923,6.507814330688532e-11,119.58520420088969,85.6942688548547,-0.0057690871566175635,0.004730096615224689,0.007460307005077592,False,309.3484574856678
2019-11-21 16:30:00,-418115.44345,-237376.65814,8.231806349783991e-11,119.5848750020287,85.69429042834575,0.0014642092874143657,-0.0014163678169361658,0.0020371565060650115,False,134.04850234714297
2019-11-21 17:00:00,-418118.00516,-237387.35056,1.3015628661377063e-10,119.58583233886247,85.69422316863484,0.006841422533330545,-0.006744516831908448,0.009606954229903425,False,134.59132796083674
2019-11-21 17:30:00,-418124.39792,-237410.06386,1.3015628661377063e-10,119.5878098980657,85.69407287843495,0.009289185856392539,-0.012686476992513945,0.015723729594348437,False,143.78797837660534
2019-11-21 18:00:00,-418141.20918,-237438.98144,1.3015628661377063e-10,119.58981718151678,85.69381395952985,0.0074435449362562295,-0.01822680176101929,0.019688135098418075,False,157.7856523346333
2019-11-21 18:30:00,-418168.22498,-237465.76645,2.9103830456733704e-11,119.591002883674,85.69348496497273,0.0026118985531769275,-0.022278945917781318,0.022431527929668824,False,173.3133844334534
2019-11-21 19:00:00,-418206.30938,-237486.76315,1.3015628661377063e-10,119.59093758275661,85.69309534111895,-0.0024648548539562432,-0.022918376370848422,0.023050541966013183,False,186.13852454678766
2019-11-21 19:30:00,-418244.35187,-237498.79221,8.731149137020111e-11,119.58994581953668,85.6927457197387,-0.007618775267971056,-0.02305574000183704,0.024281945630780004,False,198.28615129560083
2019-11-21 20:00:00,-418292.02868,-237503.89746,1.1641532182693481e-10,119.58767039879855,85.69235166293323,-0.01192210656008513,-0.023578120162409923,0.02642090791822011,False,206.82311358312427
2019-11-21 20:30:00,-418339.35644,-237503.3798,1.3015628661377063e-10,119.58483352511715,85.69198519266847,-0.014093692616271341,-0.0225319095340239,0.026576664930186,False,212.0259486071854
2019-11-21 21:00:00,-418387.61785,-237499.82237,1.7462298274040222e-10,119.58162741238648,85.69162488228189,-0.01568493415741439,-0.022015335385375097,0.027031317978466637,False,215.46815919928883
2019-11-21 21:30:00,-418436.15605,-237493.39953,1.1641532182693481e-10,119.57810880810925,85.69127507439637,-0.016883782045687957,-0.022621308270412657,0.028227392441232242,False,216.73641966901891
2019-11-21 22:00:00,-418488.44441,-237487.15954,1.7462298274040222e-10,119.57438931524037,85.69089521834617,-0.02025527689985916,-0.022352529247126832,0.03016474442181847,False,222.1820468048273
2019-11-21 22:30:00,-418542.13069,-237469.69652,0.0,119.56942612659881,85.69055407385353,-0.02497096084455133,-0.018636866435753005,0.031158974245700268,False,233.26448969886656
2019-11-21 23:00:00,-418591.16028,-237442.08098,1.7462298274040222e-10,119.56368591619295,85.69029407016555,-0.027337641879366395,-0.015734010186704842,0.03154212643560702,False,240.07768818023558
2019-11-21 23:30:00,-418639.95602,-237412.04079,1.3015628661377063e-10,119.55770904242635,85.69004656253804,-0.027179752415356945,-0.011596778949257822,0.02955036756722412,False,246.893522294232
2019-11-22 00:00:00,-418675.74349,-237377.56225,2.3283064365386963e-10,119.55203699951568,85.68992001173675,-0.026286500764115046,-0.0002921680021404447,0.026288124401776854,False,269.36319770013324
2019-11-22 00:30:00,-418687.54451,-237330.23893,6.507814330688532e-11,119.54644314573953,85.69003713906983,-0.02608189286222981,0.011335575078371867,0.028438713009456665,False,293.49047611985134
2019-11-22 01:00:00,-418686.5445,-237275.75423,1.049353530241639e-10,119.54085863630948,85.69028564728596,-0.022953387035140885,0.01913605298595309,0.029883883620877957,False,309.81769369476604
2019-11-22 01:30:00,-418668.35141,-237224.38286,6.507814330688532e-11,119.53660516048294,85.6906543919885,-0.019166021371646982,0.023669857740713576,0.030456502436820403,False,321.0021220747458
2019-11-22 02:00:00,-418646.42146,-237173.71591,1.8406878575731415e-10,119.53264327644368,85.69104913355207,-0.017267329068781187,0.022065528149821163,0.028018711349741373,False,321.9551236445073
2019-11-22 02:30:00,-418629.87726,-237131.14143,1.1641532182693481e-10,119.52920309085636,85.69136613056894,-0.014485030297204906,0.0178995120537875,0.023026259671831813,False,321.0187743913998
2019-11-22 03:00:00,-418616.05455,-237096.58385,1.1641532182693481e-10,119.52643344528296,85.69162649506653,-0.0107940984283629,0.01434026104068465,0.017948694871665862,False,323.03075435513915
2019-11-22 03:30:00,-418604.1075,-237071.88726,0.0,119.52457532409524,85.69182868644242,-0.005415499028570662,0.005726775082476281,0.007881851468641171,False,316.6002268868979
2019-11-22 04:00:00,-418607.72278,-237069.46,1.1641532182693481e-10,119.52411159181547,85.69181121750267,-0.0007780940549616663,-0.004216473497808509,0.0042876659286945635,False,190.4555486699112
2019-11-22 04:30:00,-418618.69612,-237076.93006,8.231806349783991e-11,119.52424170536781,85.69169268188026,0.0024264800436016457,-0.012109373399624403,0.012350090264185445,False,168.66911676645714
2019-11-22 05:00:00,-418641.35106,-237098.54366,1.1999816708318134e-10,119.52515187963327,85.69142062239183,0.0034004131665727553,-0.021570828427841308,0.02183720331834569,False,171.04164595663428
2019-11-22 05:30:00,-418680.23411,-237125.85067,5.820766091346741e-11,119.5256995278125,85.69099690308478,3.0261203357737076e-05,-0.030448814852742822,0.03044882989011303,False,179.9430572692919
2019-11-22 06:00:00,-418736.67783,-237152.65861,6.507814330688532e-11,119.52516497494993,85.69043847869355,-0.005103078837978153,-0.03772821810815332,0.038071772420561256,False,187.70301796143485
2019-11-22 06:30:00,-418807.47119,-237176.79893,5.820766091346741e-11,119.52351242680508,85.68977995627722,-0.010724212800806909,-0.04334479071754874,0.04465175945632031,False,193.8968381316069
2019-11-22 07:00:00,-418891.48254,-237195.95856,2.399963341663627e-10,119.52056931189907,85.68904036351921,-0.01611153682978164,-0.04432664942204399,0.047163900050803724,False,199.97483528573483
2019-11-22 07:30:00,-418974.91024,-237204.95603,5.820766091346741e-11,119.5166090595062,85.68835016962217,-0.02298435685553296,-0.043700963981593434,0.04937666364774975,False,207.7419565703488
2019-11-22 08:00:00,-419069.15327,-237201.46341,6.507814330688532e-11,119.51072286263417,85.68763075049958,-0.03327585173107077,-0.04191717559575809,0.05351945364401456,False,218.44422131248166
2019-11-22 08:30:00,-419165.24304,-237175.03669,1.1641532182693481e-10,119.50235587446225,85.6869980826578,-0.04633341057778538,-0.03610147108461767,0.058737561664092934,False,232.07544989044672
2019-11-22 09:00:00,-419264.40903,-237120.29384,5.820766091346741e-11,119.49087943443114,85.68646623500044,-0.062158139442277605,-0.028640971133835163,0.06843931272605538,False,245.260889922258
2019-11-22 09:30:00,-419365.14959,-237031.01854,6.507814330688532e-11,119.47573810482604,85.68607418638203,-0.07571957863060343,-0.019649282972212224,0.07822754571963897,False,255.45258389470092
2019-11-22 10:00:00,-419460.11999,-236917.79304,6.507814330688532e-11,119.45845688083712,85.68583238957875,-0.08634748317096823,-0.010956120069257114,0.08703978640215415,False,262.7687199319348
2019-11-22 10:30:00,-419552.36638,-236779.75403,5.820766091346741e-11,119.43876683918059,85.68572073134914,-0.09574881338916523,-0.0032442014842667816,0.0958037583224359,False,268.0594227284747
2019-11-22 11:00:00,-419639.7067,-236623.34413,1.049353530241639e-10,119.41746128770093,85.68572770229022,-0.10222676219723764,0.004542313575687379,0.10232762834127668,False,272.5441901452989
2019-11-22 11:30:00,-419718.88076,-236451.15642,1.3015628661377063e-10,119.3949974803726,85.6858672131858,-0.10675822099000402,0.012334101647241323,0.10746835726107949,False,276.5903367952052
2019-11-22 12:00:00,-419789.6601,-236266.7003,1.1999816708318134e-10,119.37175032144721,85.68612552289783,-0.11038482110223134,0.020042906457456683,0.11218969127791545,False,280.29124920710433
2019-11-22 12:30:00,-419850.90858,-236069.46277,1.1641532182693481e-10,119.34773079277365,85.68651368558899,-0.1104599251339318,0.028098873262867734,0.11397781248662618,False,284.27223015153675
2019-11-22 13:00:00,-419896.38094,-235870.50178,0.0,119.32444735427477,85.68703189227689,-0.10631817105190255,0.03526782600788317,0.11201505723403408,False,288.3516968248133
2019-11-22 13:30:00,-419927.66484,-235673.58093,1.1641532182693481e-10,119.30219622196083,85.6876513017576,-0.0987497473441305,0.03841540649666764,0.10595874695764301,False,291.25691950873295
2019-11-22 14:00:00,-419949.76721,-235492.80462,1.1641532182693481e-10,119.28214884518854,85.68827106567609,-0.0875733703853405,0.03846592698406149,0.09564895576738505,False,293.713111943527
2019-11-22 14:30:00,-419961.08097,-235330.86996,1.1641532182693481e-10,119.26467970415457,85.6888921067325,-0.07776614641409459,0.034799730274963366,0.08519738702160178,False,294.10813516490555
2019-11-22 15:00:00,-419977.33351,-235187.33533,5.820766091346741e-11,119.24882930314521,85.68939358693274,-0.07042975108833027,0.028913345130931932,0.07613364148012719,False,292.3194953183988
2019-11-22 15:30:00,-419994.14751,-235058.79082,1.3015628661377063e-10,119.234499793425,85.6898247537011,-0.06383986807913766,0.023031177726770498,0.06786725207229027,False,289.83765960920914
2019-11-22 16:00:00,-420017.22436,-234946.29174,0.0,119.22147061226042,85.69013649426316,-0.05746056206172435,0.015612448088007979,0.059543805116485625,False,285.2007047034583
2019-11-22 16:30:00,-420046.08071,-234850.81927,5.820766091346741e-11,119.20987316953624,85.69032836534652,-0.0516835062842024,0.007547304871538284,0.052231663123560736,False,278.30813741643954
2019-11-22 17:00:00,-420084.30855,-234770.63158,0.0,119.19931895771623,85.6903799520807,-0.04679553929940781,0.0004012050599621654,0.046797259148614254,False,270.49121762002255
2019-11-22 17:30:00,-420127.00492,-234703.05778,0.0,119.18981612599276,85.69034132029401,-0.0428317374930641,-0.006105665525653416,0.04326473030293735,False,261.88714265186763
2019-11-22 18:00:00,-420178.69886,-234646.73858,0.0,119.18096105084554,85.6901830181552,-0.04019943883555154,-0.01323390244694836,0.042321756304158686,False,251.77813725395663
2019-11-22 18:30:00,-420239.16052,-234599.93562,5.820766091346741e-11,119.17258703990534,85.68991445861899,-0.0364057508367431,-0.019150792694998583,0.04113552667505099,False,242.25394376869966
2019-11-22 19:00:00,-420302.78117,-234565.90786,2.346425826049686e-10,119.1653587598693,85.68956531003266,-0.033782510841471006,-0.02226424097244621,0.04045929392405728,False,236.61326572960675
2019-11-22 19:30:00,-420368.41781,-234532.79783,6.507814330688532e-11,119.15811013014695,85.68919631241177,-0.031572691020540056,-0.026065071611260874,0.0409416997250804,False,230.45836794494113
2019-11-22 20:00:00,-420440.10301,-234512.3676,1.7703168939037188e-10,119.1518300216851,85.68872457450664,-0.031421670038832374,-0.0288433832075606,0.04265280885108793,False,227.44976011506822
2019-11-22 20:30:00,-420514.20394,-234484.58952,6.507814330688532e-11,119.14464758661127,85.68826594409511,-0.03320115569689769,-0.026647539830202835,0.042572386808962075,False,231.24916534561055
2019-11-22 21:00:00,-420582.09879,-234454.69605,6.507814330688532e-11,119.13760638340301,85.68786504358002,-0.03708663788651971,-0.023004265108457905,0.04364189412601214,False,238.1893158597577
2019-11-22 21:30:00,-420651.54736,-234408.2967,5.820766091346741e-11,119.1287610204546,85.68752390890093,-0.04002950600583139,-0.01714297239864966,0.043545870685195345,False,246.81656312225778
2019-11-22 22:00:00,-420706.15546,-234358.85634,0.0,119.12046021480856,85.68731209280433,-0.04107883939401173,-0.009115501014444917,0.04207806322424259,False,257.4886450225798
2019-11-22 22:30:00,-420752.18247,-234295.07534,2.9103830456733704e-11,119.1111663150856,85.68722987141386,-0.043333749415330115,0.0001765213082456224,0.04333410894622027,False,270.23339475931175
2019-11-22 23:00:00,-420781.49587,-234222.25219,6.507814330688532e-11,119.10189992722688,85.68731778694168,-0.04364547806928776,0.00786958653956209,0.04434927449463334,False,280.22101227459063
2019-11-22 23:30:00,-420803.84789,-234144.00858,6.507814330688532e-11,119.09247232486396,85.6874837077137,-0.0435076300425333,0.01296746403048771,0.04539899773453087,False,286.59670569440186
2019-11-23 00:00:00,-420816.85819,-234062.68728,6.507814330688532e-11,119.08326425987035,85.6877360630117,-0.04136283226604697,0.01740179144313444,0.04487433830709355,False,292.8170173851679
2019-11-23 00:30:00,-420821.48061,-233983.42614,8.231806349783991e-11,119.0747544011945,85.68804502108408,-0.03695174098289281,0.021338930737968505,0.04267061197951838,False,300.0056202194262
2019-11-23 01:00:00,-420814.36258,-233909.09335,6.507814330688532e-11,119.0674347391419,85.68842437534781,-0.031604692895976214,0.02447160972129065,0.03997144349907989,False,307.75072751437955
2019-11-23 01:30:00,-420799.75608,-233841.1783,1.049353530241639e-10,119.0612143594344,85.68883437714899,-0.02469758769459002,0.02492538268141642,0.03508910856301451,False,315.26301528431236
2019-11-23 02:00:00,-420779.11639,-233787.7894,6.507814330688532e-11,119.05685297661272,85.6892283711603,-0.015798931008249986,0.02389318393100842,0.028644204638363445,False,326.5260580264502
2019-11-23 02:30:00,-420752.19013,-233749.68493,5.820766091346741e-11,119.05444470188849,85.68960507443586,-0.004796682880552293,0.022521207594652523,0.023026353557999972,False,347.9765069982231
2019-11-23 03:00:00,-420716.62887,-233733.32042,1.1641532182693481e-10,119.05479765632984,85.68995480949454,0.0068060516912881305,0.022341183872117105,0.02335488891928693,False,16.94291145424262
2019-11-23 03:30:00,-420669.98412,-233732.04365,8.231806349783991e-11,119.05736177982763,85.69032569794082,0.01614097478500945,0.018679427232173394,0.02468708303409643,False,40.83043947175628
2019-11-23 04:00:00,-420629.62497,-233751.45382,8.231806349783991e-11,119.0617158412725,85.6905573169746,0.02546896031983413,0.012780376134587318,0.02849571816808298,False,63.352409145646504
2019-11-23 04:30:00,-420585.22978,-233789.83897,6.507814330688532e-11,119.06827864004723,85.69073792041127,0.036394531023979305,0.009003155544220875,0.03749158169788022,False,76.10531132206626
2019-11-23 05:00:00,-420537.63968,-233850.22388,0.0,119.07731632175478,85.69084769351001,0.0434396336247212,0.0059063257958785545,0.04383932542657413,False,82.25718586267271
2019-11-23 05:30:00,-420490.64654,-233916.17843,1.3015628661377063e-10,119.08689947387367,85.69092842562243,0.0472462114627549,0.0065389437351845575,0.047696564685051075,False,82.12023928492209
2019-11-23 06:00:00,-420434.38326,-233987.4158,1.1999816708318134e-10,119.0975694603539,85.6910585963783,0.05182485212947972,0.005915828909029544,0.05216140651787822,False,83.48784991727541
2019-11-23 06:30:00,-420381.30897,-234068.84481,6.507814330688532e-11,119.10911570304806,85.69111923123724,0.06068748599298049,0.004935680247366906,0.060887863286967554,False,85.35039894217334
2019-11-23 07:00:00,-420312.57659,-234169.65234,6.507814330688532e-11,119.12358563648016,85.69121774957857,0.06479748159646012,0.008929916059484136,0.06540991531926196,False,82.15334014333337
2019-11-23 07:30:00,-420239.69384,-234256.97763,1.1641532182693481e-10,119.13689450673671,85.69140729187089,0.0643608482442137,0.011638250907239932,0.06540464563694676,False,79.7500744478055
2019-11-23 08:00:00,-420163.16688,-234351.63203,1.7703168939037188e-10,119.15117824561855,85.69159313021619,0.06711867419708234,0.015110784927545234,0.0687986355031887,False,77.31223645642126
2019-11-23 08:30:00,-420074.4849,-234441.50122,1.1999816708318134e-10,119.16567105033612,85.69189469470766,0.06998597655928482,0.02354571778066662,0.07384062391911084,False,71.4052695845665
2019-11-23 09:00:00,-419966.36503,-234530.32905,1.1641532182693481e-10,119.1811864384771,85.69235259023195,0.07099387266702772,0.0336350928570439,0.07855857322892335,False,64.64959485787631
2019-11-23 09:30:00,-419844.15367,-234605.60335,1.1641532182693481e-10,119.19611451730553,85.69297962480518,0.06909735681355267,0.04601889003122332,0.08301917223343798,False,56.33635587042022
2019-11-23 10:00:00,-419700.40369,-234666.66414,1.1641532182693481e-10,119.21082120056825,85.69383695871761,0.0667274025913651,0.05782171097191002,0.0882943742053208,False,49.089885345278105
2019-11-23 10:30:00,-419545.23441,-234713.68709,1.1999816708318134e-10,119.22473813907071,85.69484470964443,0.06532858560031327,0.06939788105424002,0.09530944334826379,False,43.26995690946649
2019-11-23 11:00:00,-419367.54726,-234749.93365,1.3015628661377063e-10,119.23885179195139,85.69607541979086,0.06826406085240254,0.08563313163842533,0.10951262593082314,False,38.560759505330395
2019-11-23 11:30:00,-419156.19542,-234777.54742,1.1999816708318134e-10,119.2540371836054,85.69760682894473,0.074613682164151,0.10138232497155107,0.12587921743770944,False,36.351708639925846
2019-11-23 12:00:00,-418917.8547,-234805.92726,2.9103830456733704e-11,119.27088740659573,85.6993455212022,0.08080967427836515,0.10994734228400531,0.13645006974088247,False,36.31533753048569
2019-11-23 12:30:00,-418668.68324,-234837.79034,2.9103830456733704e-11,119.28874625964052,85.70115320912042,0.0863858957757976,0.11949444445304125,0.14744980584635548,False,35.86422504670372
2019-11-23 13:00:00,-418390.5272,-234866.71244,2.9103830456733704e-11,119.30800807316098,85.70319983390988,0.09849502779131858,0.12819436369592463,0.16166343242371053,False,37.53599969601129
2019-11-23 13:30:00,-418092.68562,-234921.08013,6.507814330688532e-11,119.33109060958321,85.70528806701984,0.1156073251438436,0.13249634428337265,0.17584178933169553,False,41.105744905755046
2019-11-23 14:00:00,-417770.81714,-234995.89054,1.1999816708318134e-10,119.35773332084204,85.7074734410142,0.12566707272488503,0.13734456349970123,0.1861605282818165,False,42.45778619274324
2019-11-23 14:30:00,-417439.94859,-235072.97743,6.507814330688532e-11,119.38516852587058,85.70971813989375,0.13285929331683233,0.141257923502353,0.19392109934930932,False,43.245073482714815
2019-11-23 15:00:00,-417093.02728,-235163.1233,1.7703168939037188e-10,119.41493699738879,85.71202967801196,0.14521889296975615,0.1407819668785894,0.2022574821201078,False,45.88879714419147
2019-11-23 15:30:00,-416741.71184,-235279.45812,1.1999816708318134e-10,119.44772657836022,85.71425898503198,0.150562932094197,0.13887128758081876,0.20482780825648708,False,47.313195326872915
2019-11-23 16:00:00,-416391.20403,-235389.33902,5.820766091346741e-11,119.47982966252599,85.71650904259393,0.15119993081378047,0.13767872080109353,0.20449168501315027,False,47.679821667146484
2019-11-23 16:30:00,-416042.37082,-235509.38964,5.820766091346741e-11,119.51292827159772,85.71869980809221,0.15323533599759664,0.13560073141041978,0.2046182459052397,False,48.4938011253883
2019-11-23 17:00:00,-415694.63074,-235628.92836,1.7703168939037188e-10,119.54594270844052,85.72088288213064,0.15175270312331327,0.13578879739712277,0.20363565602268505,False,48.17772006268734
2019-11-23 17:30:00,-415347.70262,-235743.60031,1.1641532182693481e-10,119.57843496414152,85.72307972902043,0.1450972550331964,0.13567553608035526,0.19864809213496168,False,46.921917884741845
2019-11-23 18:00:00,-415012.01125,-235842.1091,2.3283064365386963e-10,119.60860745798787,85.72525921880425,0.13788803845738967,0.13757397243864886,0.19478118246426343,False,45.06532534016782
2019-11-23 18:30:00,-414671.85177,-235930.48064,5.820766091346741e-11,119.6380179371482,85.72751723143392,0.1305067391316328,0.1409212059535088,0.19206976661141467,False,42.80268597183732
2019-11-23 19:00:00,-414338.73175,-235999.58742,1.3015628661377063e-10,119.66502945287831,85.72980474174125,0.11907636932763532,0.1455217696062966,0.18803129303815222,False,39.29249708481842
2019-11-23 19:30:00,-414004.47277,-236043.68847,1.8406878575731415e-10,119.68952612412224,85.73221113846877,0.11369409148963897,0.14975201870518823,0.1880213114142475,False,37.206340648922605
2019-11-23 20:00:00,-413667.67176,-236088.1345,1.1641532182693481e-10,119.71423803227367,85.73463500076627,0.11181150917451746,0.15747503160360055,0.19313259476959915,False,35.375776693392424
2019-11-23 20:30:00,-413312.58698,-236112.27881,8.231806349783991e-11,119.7379478784185,85.73729053792033,0.109102617203059,0.17641398220787943,0.20742534608624671,False,31.734575542288724
2019-11-23 21:00:00,-412921.39387,-236114.15112,1.1999816708318134e-10,119.76151738449751,85.74032524466243,0.11385827498572652,0.19845364717249236,0.22879588470684828,False,29.84407009050875
2019-11-23 21:30:00,-412488.92265,-236113.46556,6.507814330688532e-11,119.78732472184188,85.74369158929169,0.11888807001490936,0.21497778026082529,0.24566200194116644,False,28.943687269658426
2019-11-23 22:00:00,-412037.10653,-236101.12971,2.9103830456733704e-11,119.81311369477726,85.74725934637561,0.11525507324639306,0.22766313031237317,0.2551749063145905,False,26.85093619983917
2019-11-23 22:30:00,-411571.5204,-236065.99379,6.507814330688532e-11,119.83738503097914,85.7510348959376,0.11111819040887282,0.2453116268271981,0.2693047465165607,False,24.36898054932226
2019-11-23 23:00:00,-411072.02172,-236008.73971,5.820766091346741e-11,119.8614219592546,85.75517185134919,0.1074086273322292,0.26057678334171785,0.28184547759740664,False,22.40124564254927
2019-11-23 23:30:00,-410565.46529,-235934.25544,5.820766091346741e-11,119.88412368529464,85.7594397979073,0.10318225477057294,0.2695895323960649,0.28866086273873076,False,20.94376539589996
2019-11-24 00:00:00,-410045.46797,-235847.24478,8.231806349783991e-11,119.90636763694316,85.76386741793688,0.10270704002568025,0.27882452005413993,0.29713944378735413,False,20.221641826052803
2019-11-24 00:30:00,-409511.00831,-235754.30311,5.820766091346741e-11,119.92890977080944,85.76843320128671,0.1015967904347293,0.2863806932012025,0.3038680787200913,False,19.532716195441708
2019-11-24 01:00:00,-408969.50135,-235649.84184,8.231806349783991e-11,119.9507160822867,85.77310455870743,0.10083993588602597,0.29146397406753183,0.30841520852373133,False,19.084461514375334
2019-11-24 01:30:00,-408420.62124,-235544.9936,2.9103830456733704e-11,119.97297751907931,85.7778342525108,0.10235053436415736,0.2930312621597215,0.31039161149674777,False,19.25338722844191
2019-11-24 02:00:00,-407871.59118,-235442.00074,0.0,119.99549347300383,85.78255615240774,0.10269737214682609,0.29206841672184175,0.3095976587318888,False,19.372742183464254
2019-11-24 02:30:00,-407325.1706,-235339.53533,0.0,120.01795649901949,85.78725478347481,0.10304094958653143,0.29049424604914337,0.30822774741958964,False,19.530058517280054
2019-11-24 03:00:00,-406780.50929,-235240.01903,2.9103830456733704e-11,120.04067356036336,85.79192588507561,0.10327425596694453,0.2855634267423886,0.30366435852497,False,19.882566974043925
2019-11-24 03:30:00,-406249.11488,-235146.7345,6.507814330688532e-11,120.06328816871141,85.7964654707476,0.10098170008547012,0.27669548591210197,0.2945465933876779,False,20.04986155777192
2019-11-24 04:00:00,-405736.2941,-235055.6434,1.9523442992065595e-10,120.08504584928595,85.80085054936795,0.09595852728317046,0.26519042141192395,0.28201772739845415,False,19.89253729331881
2019-11-24 04:30:00,-405249.87319,-234967.07742,1.1641532182693481e-10,120.10549646154695,85.80501904437995,0.08908051612523202,0.25274234189449235,0.26798139812205285,False,19.4153039168948
2019-11-24 05:00:00,-404788.30443,-234876.68695,1.9523442992065595e-10,120.12426745067748,85.80900261353301,0.08184857854770992,0.24271697394607555,0.2561458944660651,False,18.635042091516425
2019-11-24 05:30:00,-404346.22535,-234783.40515,1.1999816708318134e-10,120.14156844966229,85.81284772838153,0.07184673634544089,0.23366867718193216,0.24446473001119265,False,17.091233277786102
2019-11-24 06:00:00,-403930.96187,-234677.96033,1.3015628661377063e-10,120.15595905975309,85.8165394665797,0.059077259124902554,0.22610511736805458,0.2336956282127088,False,14.643011524895883
2019-11-24 06:30:00,-403535.56977,-234558.39317,1.8406878575731415e-10,120.16765042297767,85.82014060150709,0.046011142557068355,0.2207485199753273,0.22549264801918562,False,11.773728502682673
2019-11-24 07:00:00,-403160.66226,-234421.80651,8.231806349783991e-11,120.17628923056613,85.82365955295103,0.03428157020650771,0.21635445375260795,0.21905359096443291,False,9.003717810895125
2019-11-24 07:30:00,-402800.20938,-234273.57059,2.9103830456733704e-11,120.18281081229519,85.82711893356296,0.02060521943769092,0.2111625206369717,0.2121654665345774,False,5.573272347747718
2019-11-24 08:00:00,-402466.24459,-234103.73743,1.1999816708318134e-10,120.18540686642346,85.83047041829018,0.005894631077284079,0.20634703324275172,0.20643121082729365,False,1.636300032689121
2019-11-24 08:30:00,-402147.41853,-233918.40931,1.3015628661377063e-10,120.18542010767504,85.83377445379284,-0.006556611108359631,0.2032241277528869,0.20332986807192877,False,358.1521097593447
2019-11-24 09:00:00,-401845.70958,-233715.48231,6.507814330688532e-11,120.18249764102157,85.83702519521802,-0.01771540671140684,0.20002347677349397,0.20080644136956124,False,354.9387115760735
2019-11-24 09:30:00,-401557.0205,-233501.25324,1.1641532182693481e-10,120.17755816883276,85.84022598524113,-0.025372564825115254,0.19512472032733472,0.19676743513250677,False,352.59125393252793
2019-11-24 10:00:00,-401284.3778,-233283.41236,2.9103830456733704e-11,120.17123013176416,85.8433187158793,-0.03188677835515234,0.18348824864435798,0.1862382990269304,False,350.1415345201248
2019-11-24 10:30:00,-401043.6434,-233070.02509,1.1999816708318134e-10,120.16338779552724,85.84614417470341,-0.036681143636102684,0.16539558885970237,0.16941430610400085,False,347.4954354377128
2019-11-24 11:00:00,-400835.92836,-232870.05931,6.507814330688532e-11,120.15491901130684,85.84865334937241,-0.042085283404191154,0.1398715638245224,0.14606582572911614,False,343.2542366484028
2019-11-24 11:30:00,-400684.35736,-232686.07449,1.1641532182693481e-10,120.1446622139497,85.85065554240289,-0.044349134145430597,0.11271729681276438,0.12112817467553212,False,338.52261688245704
2019-11-24 12:00:00,-400565.20128,-232528.21663,1.1641532182693481e-10,120.13517766032312,85.85228891713697,-0.04000028908728249,0.10110173102593692,0.10872710399669011,False,338.4140707426154
2019-11-24 12:30:00,-400441.87813,-232378.80988,1.1641532182693481e-10,120.1268490478217,85.8539164656876,-0.03589216307634329,0.1052785010703262,0.11122863910843059,False,341.1744294396629
2019-11-24 13:00:00,-400302.24922,-232226.23174,5.820766091346741e-11,120.11918726094177,85.85568454867422,-0.03503715571793394,0.11306778483648952,0.11837198253232663,False,342.78297053354123
2019-11-24 13:30:00,-400153.08577,-232065.4514,1.1999816708318134e-10,120.11123256913936,85.85756331890535,-0.036039583463697136,0.12002072721604448,0.1253149094789002,False,343.2861440351852
2019-11-24 14:00:00,-399993.571,-231897.23425,8.731149137020111e-11,120.10311675792327,85.85955565888753,-0.0359443186490128,0.13185722392784222,0.13666865604482578,False,344.751652923641
2019-11-24 14:30:00,-399807.3248,-231715.42226,1.7703168939037188e-10,120.09519671317454,85.86181620047935,-0.03375809606872928,0.15026619871038108,0.15401149153570745,False,347.3384167750673
2019-11-24 15:00:00,-399586.47676,-231520.83086,6.507814330688532e-11,120.08804827190112,85.86440229905274,-0.028238492882484506,0.16870855754506295,0.17105551692129062,False,350.49789801843013
2019-11-24 15:30:00,-399332.77538,-231322.97823,1.1641532182693481e-10,120.08258493076099,85.86725767527189,-0.022224176361851547,0.18794744760191537,0.18925685476367138,False,353.25627440180745
2019-11-24 16:00:00,-399041.10619,-231112.45082,5.820766091346741e-11,120.07811548631756,85.87046428449449,-0.022043248250285016,0.20112949093939975,0.2023338254444021,False,353.74549992705664
2019-11-24 16:30:00,-398745.98136,-230891.42068,5.820766091346741e-11,120.07272424563286,85.87374481018134,-0.026933456025108993,0.20237761588088715,0.20416197114812637,False,352.4193283778435
2019-11-24 17:00:00,-398459.20487,-230663.46195,6.507814330688532e-11,120.06605770646478,85.87699166477327,-0.03250492186754529,0.20336353739359797,0.2059448913832352,False,350.9188557412121
2019-11-24 17:30:00,-398171.00471,-230423.36278,8.231806349783991e-11,120.0581607986846,85.88030398098294,-0.03888141666905641,0.2047163149946902,0.20837594435826318,False,349.2459992917577
2019-11-24 18:00:00,-397891.44651,-230173.17574,6.507814330688532e-11,120.04862338797324,85.88359445336576,-0.04606727796600714,0.20430914216312734,0.209438343362982,False,347.2935351382791
2019-11-24 18:30:00,-397617.38712,-229911.51276,1.1999816708318134e-10,120.03748805900825,85.88689362672886,-0.05427138910852791,0.20611181890009,0.2131371989261207,False,345.2482645455923
2019-11-24 19:00:00,-397346.89552,-229632.61661,5.820766091346741e-11,120.02424920639825,85.89024222273643,-0.06406555406872641,0.20518811198941816,0.21495710390660486,False,342.66015398271315
2019-11-24 19:30:00,-397093.23279,-229342.21564,5.820766091346741e-11,120.00869231451247,85.89351158647091,-0.07275838826306666,0.20509522977559363,0.21761855697376248,False,340.467647202248
2019-11-24 20:00:00,-396838.5274,-229036.52986,5.820766091346741e-11,119.99152044340283,85.89685718801702,-0.08037509882359933,0.21027289338547278,0.2251107420884258,False,339.0810518971945
2019-11-24 20:30:00,-396582.24887,-228713.21529,2.9103830456733704e-11,119.9725077277913,85.90029353230433,-0.088415391513753,0.21566012319188904,0.23308060878518183,False,337.7075669726336
2019-11-24 21:00:00,-396324.99491,-228372.93606,1.4551915228366852e-10,119.95168297168922,85.90381287816761,-0.09351082452533908,0.21939936161127893,0.23849602549905416,False,336.9156746302218
2019-11-24 21:30:00,-396065.97014,-228027.19367,2.346425826049686e-10,119.93033962668264,85.907369848116,-0.09569492791058451,0.22347495392282718,0.2431019832469939,False,336.8187512084679
2019-11-24 22:00:00,-395799.66842,-227672.97206,0.0,119.90849219388856,85.91102063622161,-0.09752907817470731,0.22504536278461998,0.2452699255931501,False,336.5692878660516
2019-11-24 22:30:00,-395538.76856,-227318.88754,5.820766091346741e-11,119.88628261193635,85.91462825170609,-0.09798182792894616,0.22219786496941604,0.24284219114738786,False,336.2041247990068
2019-11-24 23:00:00,-395281.89224,-226968.56506,6.507814330688532e-11,119.86419204736468,85.9181872036795,-0.09484441520396243,0.2171951154919214,0.2370003824657899,False,336.4101457276952
2019-11-24 23:30:00,-395030.71502,-226633.44302,5.820766091346741e-11,119.84336491933735,85.92163348722158,-0.0917824313935116,0.20947634121764838,0.2287014478363382,False,336.33928518348233
2019-11-25 00:00:00,-394792.20677,-226306.69457,6.507814330688532e-11,119.82262398523935,85.92494344596993,-0.09267583552061334,0.21012486890316762,0.22965467776863846,False,336.2000625729745
2019-11-25 00:30:00,-394540.36397,-225967.79843,8.231806349783991e-11,119.80135613791836,85.92841062265074,-0.09117392284341054,0.22031251023943632,0.23843298088699458,False,337.5183173105016
2019-11-25 01:00:00,-394267.09617,-225627.69636,8.231806349783991e-11,119.78126220731754,85.93204919857264,-0.0864637880188135,0.22568314459144437,0.2416792676073914,False,339.03715078562874
2019-11-25 01:30:00,-393989.81239,-225294.09828,8.231806349783991e-11,119.76209675724857,85.93568957766824,-0.08152291695958508,0.22529743605938402,0.23959324006434662,False,340.10755891683647
2019-11-25 02:00:00,-393708.69513,-224970.31059,1.1641532182693481e-10,119.74421355302582,85.93931571132138,-0.07754002016449758,0.2238890796569442,0.2369362249989313,False,340.89737784243147
2019-11-25 02:30:00,-393428.49458,-224651.85157,5.820766091346741e-11,119.72682612830526,85.94291063954289,-0.07481967435047128,0.22032008848911333,0.2326777279022668,False,341.2427523918246
2019-11-25 03:00:00,-393153.48383,-224343.10976,5.820766091346741e-11,119.71015060398994,85.94642165889186,-0.07374519193096644,0.2160052779358623,0.22824686948364528,False,341.1498600865368
2019-11-25 03:30:00,-392884.67503,-224035.87051,6.507814330688532e-11,119.6932223389454,85.94987739408688,-0.0763202413018148,0.21272223374522953,0.22599895566556785,False,340.26308643733336
2019-11-25 04:00:00,-392624.34136,-223725.09108,8.231806349783991e-11,119.6753431707901,85.95328250322684,-0.07999570883702783,0.21252573658895457,0.22708258881961038,False,339.3734212508664
2019-11-25 04:30:00,-392362.50515,-223406.87092,2.9103830456733704e-11,119.65670772338115,85.95673189640256,-0.08469132618925225,0.21441413118829133,0.23053424991728264,False,338.44650148002734
2019-11-25 05:00:00,-392104.42348,-223078.20772,2.9103830456733704e-11,119.63665183825523,85.96019788658316,-0.09067352076365184,0.21630957464561254,0.23454534625748222,False,337.257346773923
2019-11-25 05:30:00,-391847.0794,-222738.07679,2.9103830456733704e-11,119.61524788780953,85.96370840421085,-0.09577488857184425,0.22087687203682974,0.24074763110303546,False,336.55786054275137
2019-11-25 06:00:00,-391583.52907,-222385.51506,2.9103830456733704e-11,119.59282137850613,85.96732170003523,-0.09945900618313128,0.22269634215660716,0.24389701662970129,False,335.9338563349289
2019-11-25 06:30:00,-391326.76784,-222030.82064,5.820766091346741e-11,119.56969180255548,85.97089089968415,-0.10425578405137936,0.21897823537684025,0.2425298663606664,False,334.5408282703585
2019-11-25 07:00:00,-391083.09553,-221670.05506,2.9103830456733704e-11,119.54502539799465,85.97438424356007,-0.10867324377264301,0.2124916300793525,0.2386683195689128,False,332.91372371365213
2019-11-25 07:30:00,-390854.18346,-221313.2561,0.0,119.51982873619758,85.97774425523434,-0.10971304766955865,0.2045744905595167,0.2321371900765335,False,331.7953954355651
2019-11-25 08:00:00,-390636.84181,-220963.48455,5.820766091346741e-11,119.49464359525827,85.98098226134056,-0.11171641337189908,0.19783438753782556,0.2271981556024335,False,330.5467289042109
2019-11-25 08:30:00,-390432.28978,-220612.55075,2.9103830456733704e-11,119.46848469378213,85.98412485072802,-0.11566884354615925,0.1930296123676451,0.22503269233182363,False,329.06875758099835
2019-11-25 09:00:00,-390236.68741,-220259.09323,1.049353530241639e-10,119.44144134131537,85.98720788685308,-0.1192948811469311,0.1880251595547155,0.22267628812569298,False,327.6064118148787
2019-11-25 09:30:00,-390053.90872,-219905.83591,6.507814330688532e-11,119.41357286772343,85.9901890659846,-0.12227825102184069,0.18299841593249377,0.2200917783715745,False,326.24943316755144
2019-11-25 10:00:00,-389879.00086,-219552.09408,1.3015628661377063e-10,119.38511434605641,85.9931099796721,-0.12287629569751601,0.17865096485874554,0.21682885252960254,False,325.47977143655214
2019-11-25 10:30:00,-389710.56467,-219204.81805,5.820766091346741e-11,119.35692991472676,85.99595096792511,-0.12192709965750927,0.17436858599582017,0.21276893902323696,False,325.0368597158306
2019-11-25 11:00:00,-389547.07359,-218861.78144,2.9103830456733704e-11,119.32886882622023,85.9987337547893,-0.12102927786310266,0.17027620512892516,0.2089068503739691,False,324.5954667458466
2019-11-25 11:30:00,-389389.56036,-218524.70226,1.1641532182693481e-10,119.30105994788401,86.00144275407538,-0.11895296326732374,0.16619202479165562,0.20437611546956153,False,324.4065741209022
2019-11-25 12:00:00,-389234.90304,-218195.5356,8.231806349783991e-11,119.27392031894357,86.00409382624898,-0.11746931883293525,0.162198000226269,0.20026790093391045,False,324.08666334148313
2019-11-25 12:30:00,-389087.00477,-217870.29425,2.9103830456733704e-11,119.24676043478735,86.0066739820388,-0.11243618413793935,0.16062600261317733,0.1960678663600669,False,325.0084628355441
2019-11-25 13:00:00,-388928.12248,-217559.84551,1.1641532182693481e-10,119.22191469728371,86.0092744233433,-0.10838226115739474,0.15822594097893405,0.19178676422594662,False,325.58947485864996
2019-11-25 13:30:00,-388780.36445,-217251.69216,8.731149137020111e-11,119.19659623321098,86.01177708018561,-0.10814835155186302,0.15385639315488162,0.18806343519678367,False,324.89594521169977
2019-11-25 14:00:00,-388634.52991,-216949.78747,6.507814330688532e-11,119.17182766350366,86.01423662160445,-0.10666991466575221,0.15159972783647233,0.18536706334969905,False,324.86868237559895
2019-11-25 14:30:00,-388491.00746,-216650.36827,2.9103830456733704e-11,119.1471630831055,86.01666647881575,-0.10608496065021783,0.14946685181366043,0.1832876391556315,False,324.63455265939245
2019-11-25 15:00:00,-388350.59449,-216354.16715,5.820766091346741e-11,119.12263569550286,86.01905722783697,-0.10432022292694333,0.14668873769612356,0.18000081854927577,False,324.58080936776884
2019-11-25 15:30:00,-388212.46204,-216065.28685,0.0,119.09876076726236,86.0213974967108,-0.10337893433399734,0.1451250519186251,0.17818104489091022,False,324.53606348850946
2019-11-25 16:00:00,-388075.0761,-215774.90039,1.1641532182693481e-10,119.07464108294594,86.02373778389413,-0.10561457700040114,0.14328950180541228,0.1780065173037687,False,323.6071387558708
2019-11-25 16:30:00,-387946.38618,-215482.31314,8.231806349783991e-11,119.04969942594067,86.02601883194183,-0.10808401006931459,0.1393235401039649,0.17633264604084184,False,322.1965096517443
2019-11-25 17:00:00,-387825.54451,-215191.20365,6.507814330688532e-11,119.02440415293952,86.02823121964684,-0.1100001342838712,0.1358377575801277,0.17479109224118727,False,320.999774018002
2019-11-25 17:30:00,-387710.91658,-214898.78334,6.507814330688532e-11,118.99854315502796,86.03039983471471,-0.11223695441532532,0.13423721086846346,0.1749764633262775,False,320.1006972298998
2019-11-25 18:00:00,-387598.75493,-214603.5305,2.9103830456733704e-11,118.97217893947493,86.03256060035419,-0.11457916497560165,0.13087574074098918,0.17394494692576945,False,318.7984844866751
2019-11-25 18:30:00,-387498.5278,-214309.69955,5.820766091346741e-11,118.94519963461109,86.0346207950002,-0.11867831085448685,0.12535092468650988,0.17261922195119894,False,316.5662769746262
2019-11-25 19:00:00,-387410.63556,-214011.25915,5.820766091346741e-11,118.91689783115731,86.03660334825565,-0.12246026793864852,0.11974425798537731,0.17127523038686646,False,314.3575289950372
2019-11-25 19:30:00,-387334.36682,-213715.36343,5.820766091346741e-11,118.88812899737214,86.03848274347213,-0.12456494144349928,0.1183535044976398,0.17182542496294095,False,313.53526319345053
2019-11-25 20:00:00,-387254.22025,-213412.79028,5.820766091346741e-11,118.85881760360166,86.04042043711408,-0.12661353981639842,0.12155682170991686,0.17551937035283377,False,313.8327029977678
2019-11-25 20:30:00,-387171.1051,-213104.94966,8.231806349783991e-11,118.82906484922754,86.04240314576539,-0.12825880192587025,0.11922996272750115,0.17511740142961502,False,312.91067258363717
2019-11-25 21:00:00,-387100.83611,-212801.31173,1.1641532182693481e-10,118.79895728920836,86.04426579472819,-0.13103799306775332,0.11354632074872162,0.17338893443007294,False,310.9094039280035
2019-11-25 21:30:00,-387040.14988,-212494.64107,1.3015628661377063e-10,118.76787794728355,86.04606517092982,-0.13415685508903422,0.11099013048947423,0.17411740531449074,False,309.6015030121051
2019-11-25 22:00:00,-386983.01993,-212185.66086,6.507814330688532e-11,118.7362854484988,86.04784539279706,-0.13440418003433569,0.10942536819076153,0.17331588159884784,False,309.1508107427203
2019-11-25 22:30:00,-386927.3617,-211880.98284,6.507814330688532e-11,118.70506279199273,86.04959433412715,-0.13466488389986067,0.10645050458361252,0.17165762692600833,False,308.32582426872636
2019-11-25 23:00:00,-386879.74149,-211576.38478,5.820766091346741e-11,118.6733204739465,86.05127857610195,-0.13409119295053762,0.10456575686481012,0.17004248156154653,False,307.9474894629326
2019-11-25 23:30:00,-386828.70781,-211276.83168,6.507814330688532e-11,118.64233933133234,86.05296677776742,-0.13228702571000095,0.10232711109071088,0.16724441645498703,False,307.722790630723
2019-11-26 00:00:00,-386784.72054,-210981.85032,8.231806349783991e-11,118.61141481941794,86.05457879139377,-0.13166997382982895,0.09496990958689884,0.16234612941271986,False,305.8018690132993
2019-11-26 00:30:00,-386755.5539,-210696.98195,1.1641532182693481e-10,118.58069799093846,86.05602971555236,-0.13471670056776466,0.08871836372110267,0.1613057267216965,False,303.36710399488163
2019-11-26 01:00:00,-386736.26606,-210403.17479,1.3015628661377063e-10,118.5483223143538,86.05744003493977,-0.13497440507103325,0.08955772809732004,0.16198356918599144,False,303.5649253653569
2019-11-26 01:30:00,-386704.56149,-210116.07488,6.507814330688532e-11,118.51746248017206,86.05891814902614,-0.13198340216312646,0.0922988494179011,0.16105494730191294,False,304.965926586804
2019-11-26 02:00:00,-386671.14927,-209827.0452,2.9103830456733704e-11,118.48646468282885,86.06041680970218,-0.13214829049790497,0.08908697394196756,0.15937270659575148,False,303.9856420985513
2019-11-26 02:30:00,-386649.57898,-209544.97374,1.1999816708318134e-10,118.45550522177275,86.0617913410859,-0.13057922332078828,0.08419632895449594,0.15537038125870062,False,302.8135651274033
2019-11-26 03:00:00,-386628.64599,-209269.32906,0.0,118.42522123287978,86.0631322931494,-0.12851678025605873,0.08191050501046807,0.1524004384457407,False,302.5115055724875
2019-11-26 03:30:00,-386610.48351,-208997.72688,1.1999816708318134e-10,118.39520847612191,86.06443308709196,-0.12796370827782477,0.0781857093155492,0.14995904700079885,False,301.42489225729025
2019-11-26 04:00:00,-386600.11299,-208730.23105,2.9103830456733704e-11,118.3651643422611,86.06565389693779,-0.130176530686683,0.07170784625969047,0.14862013442607405,False,298.8482062719021
2019-11-26 04:30:00,-386605.97288,-208462.71341,6.507814330688532e-11,118.33409418667685,86.0667457328569,-0.13256224097064567,0.06496088498597298,0.1476233867289338,False,296.10673150441755
2019-11-26 05:00:00,-386620.76758,-208199.18838,2.9103830456733704e-11,118.30291271746894,86.06774897598763,-0.13310892162926496,0.06295475627987884,0.14724566667839412,False,295.312121857973
2019-11-26 05:30:00,-386633.63027,-207933.35102,1.049353530241639e-10,118.2715689920641,86.06877610871315,-0.13489606185451933,0.061042182274000024,0.14806449784006478,False,294.34735622774406
2019-11-26 06:00:00,-386657.24665,-207667.40591,8.231806349783991e-11,118.23953225270398,86.06971764772229,-0.13789824999872946,0.055878841229386064,0.1487896913426835,False,292.05867284691544
2019-11-26 06:30:00,-386691.30146,-207400.82183,6.507814330688532e-11,118.20676241541337,86.07057825260446,-0.13826993952454703,0.053628479415113055,0.14830573144858258,False,291.19895702757685
2019-11-26 07:00:00,-386722.38496,-207137.49376,2.9103830456733704e-11,118.17453632086692,86.0714472633423,-0.13694417987189858,0.05609247742986748,0.14798673732806972,False,292.2740568871577
2019-11-26 07:30:00,-386746.06885,-206870.89212,2.9103830456733704e-11,118.14237482736318,86.0723873164499,-0.13646679891316582,0.05518341499827177,0.14720189026122568,False,292.01705180359954
2019-11-26 08:00:00,-386778.93002,-206610.59237,2.9103830456733704e-11,118.110359252184,86.07322701126567,-0.1374853593787716,0.04786702179446657,0.1455797919320601,False,289.19611750750596
2019-11-26 08:30:00,-386827.27929,-206353.13512,1.1641532182693481e-10,118.07770506569447,86.07393106973711,-0.13877325368335763,0.04135668531251424,0.1448046662159195,False,286.5949119409379
2019-11-26 09:00:00,-386882.70647,-206099.72957,6.507814330688532e-11,118.0450716161875,86.07456082235873,-0.13810936456356615,0.041224792182656844,0.14413077419709944,False,286.62003933941924
2019-11-26 09:30:00,-386930.06012,-205844.5459,6.507814330688532e-11,118.01271819478028,86.07526063686555,-0.13661848795589898,0.04339066896947251,0.14334350841588347,False,287.62009078630376
2019-11-26 10:00:00,-386975.79565,-205592.15868,8.731149137020111e-11,117.98077541576127,86.07596024659178,-0.13576020916921847,0.04523753991326133,0.14309880995687513,False,288.4289232671713
2019-11-26 10:30:00,-387015.54512,-205336.53239,6.507814330688532e-11,117.94881397200855,86.07671960836417,-0.13561562383078749,0.04576705693476096,0.14313008393584944,False,288.6483189276523
2019-11-26 11:00:00,-387059.06937,-205083.66393,5.820766091346741e-11,117.9169277514729,86.077436298981,-0.13488748765657685,0.04375512773205607,0.14180671891399121,False,287.9721507760589
2019-11-26 11:30:00,-387103.70864,-204833.6987,8.231806349783991e-11,117.88529738169086,86.07813077982243,-0.1333469689257897,0.04198015781523088,0.13979895483116894,False,287.4749918033426
2019-11-26 12:00:00,-387150.0094,-204588.67213,6.507814330688532e-11,117.85412559143198,86.0787902324631,-0.1305072103545606,0.04308664224996714,0.13743576934301413,False,288.2705159425766
2019-11-26 12:30:00,-387186.08105,-204345.83507,8.231806349783991e-11,117.8238215724109,86.07952041324343,-0.1288564102902692,0.042204788375464285,0.13559210388039533,False,288.1353538175464
2019-11-26 13:00:00,-387232.15754,-204107.5026,1.1641532182693481e-10,117.79341724222833,86.0801513891231,-0.12722838386393684,0.039378105000150626,0.13318294490674154,False,287.19767446803064
2019-11-26 13:30:00,-387274.24309,-203874.55171,1.1999816708318134e-10,117.76386992965487,86.0807904396633,-0.12483600029079235,0.03935921053834724,0.13089375242082663,False,287.4994033706329
2019-11-26 14:00:00,-387316.12473,-203643.82658,8.231806349783991e-11,117.73458336562378,86.0814207843804,-0.12379606397399084,0.03881668714210587,0.12973897123124015,False,287.4089981856198
2019-11-26 14:30:00,-387357.9597,-203415.05541,6.507814330688532e-11,117.7055167766606,86.08204233607623,-0.12471524001982219,0.03419565981818508,0.12931834457493993,False,285.3330906412393
2019-11-26 15:00:00,-387415.87508,-203189.09261,5.820766091346741e-11,117.6757884805988,86.08252361555344,-0.12631256597341836,0.03009046131738103,0.12984721862666898,False,283.3993833829095
2019-11-26 15:30:00,-387473.23284,-202962.04151,1.3015628661377063e-10,117.64596050300138,86.08301278878311,-0.12248311084871133,0.03249992084295521,0.1267215739247902,False,284.8605380530879
2019-11-26 16:00:00,-387516.8318,-202744.20605,0.0,117.61803039190502,86.08357184522595,-0.11887441705214957,0.035978963830101254,0.12419989077199756,False,286.8391554769378
2019-11-26 16:30:00,-387556.85276,-202522.81076,2.9103830456733704e-11,117.58989605123918,86.08417314959763,-0.11776438728127163,0.03342409146649277,0.12241577023445062,False,285.84509391446977
2019-11-26 17:00:00,-387606.53692,-202312.73573,6.507814330688532e-11,117.56248224777214,86.08464983866781,-0.1100961615344109,0.03677989691105578,0.11607723980780638,False,288.472961340296
2019-11-26 17:30:00,-387622.86808,-202110.18011,5.820766091346741e-11,117.53795657815108,86.08535943738497,-0.10142548615542457,0.04495356423501017,0.11094121046435093,False,293.90376570920535
2019-11-26 18:00:00,-387631.85258,-201914.15051,8.231806349783991e-11,117.51462567670536,86.08609968189413,-0.09994479826316631,0.04619793547676683,0.11010545827605697,False,294.80800936526555
2019-11-26 18:30:00,-387641.58584,-201714.24265,2.9103830456733704e-11,117.4907895527339,86.08684936448174,-0.10210903665286218,0.04529129330179611,0.11170298391325485,False,293.9200693524401
2019-11-26 19:00:00,-387656.89748,-201512.80043,8.231806349783991e-11,117.46642834893031,86.08756036743029,-0.10324887100990032,0.04313288908875677,0.11189627109945187,False,292.6730510918894
2019-11-26 19:30:00,-387675.2471,-201312.82495,5.820766091346741e-11,117.44204539633884,86.08824045293363,-0.10439695946606824,0.041240853812089945,0.11224764215300947,False,291.55594493359456
2019-11-26 20:00:00,-387698.33756,-201110.8394,2.9103830456733704e-11,117.4171335197831,86.08889042020402,-0.10599185148659365,0.04122524135979705,0.11372683547311797,False,291.2534110570821
2019-11-26 20:30:00,-387719.20611,-200905.77512,8.231806349783991e-11,117.39198883664552,86.08957001049548,-0.10643115750692944,0.04401208633124003,0.11517228412900973,False,292.46638290181045
2019-11-26 21:00:00,-387733.93776,-200697.75036,8.231806349783991e-11,117.36686060402421,86.09030986404936,-0.1070469524612896,0.04466524490479717,0.1159915261286578,False,292.6482936563856
2019-11-26 21:30:00,-387753.55599,-200489.62086,2.9103830456733704e-11,117.34141606649342,86.09101050915905,-0.10810346150973943,0.04312071876339696,0.11638623104585735,False,291.7462555590166
2019-11-26 22:00:00,-387774.78884,-200280.75615,6.507814330688532e-11,117.31577938917603,86.09170055324238,-0.1079124757001521,0.04364869326820005,0.116405802414473,False,292.02246373001503
2019-11-26 22:30:00,-387792.21621,-200072.34707,6.507814330688532e-11,117.29041593132465,86.0924182399872,-0.10804582746226116,0.04367704950037165,0.11654005957207428,False,292.01080416411787
2019-11-26 23:00:00,-387813.39373,-199862.99185,8.231806349783991e-11,117.26470710027952,86.09310917947992,-0.10786122334739275,0.04346473036548747,0.11628940746147377,False,291.94790722556127
2019-11-26 23:30:00,-387831.00863,-199655.50638,6.507814330688532e-11,117.23942172378072,86.09382004171505,-0.10712950182449502,0.044322297294649746,0.1159361729514986,False,292.4761685560785
2019-11-27 00:00:00,-387848.05162,-199447.06309,1.1641532182693481e-10,117.214049607661,86.0945386229579,-0.10581336754911377,0.044656816211119874,0.11485077268437327,False,292.88138799842886
2019-11-27 00:30:00,-387862.24457,-199243.22518,5.820766091346741e-11,117.1893775533697,86.09526029694901,-0.10262893641163444,0.042871516751569416,0.11122349364034291,False,292.6719147586339
2019-11-27 01:00:00,-387879.58866,-199047.90242,2.9103830456733704e-11,117.16550295126851,86.09592130207409,-0.09875146993690517,0.039713671654672156,0.1064379092757585,False,291.9079090285645
2019-11-27 01:30:00,-387897.35641,-198861.66081,8.231806349783991e-11,117.1426570691145,86.09654113717515,-0.09656880716432466,0.03935605953919173,0.10428055398583633,False,292.1730685874426
2019-11-27 02:00:00,-387912.10929,-198673.90366,5.820766091346741e-11,117.1198072790799,86.09719057992862,-0.09444658843143006,0.03849791271552833,0.10199140821553733,False,292.1765807217837
2019-11-27 02:30:00,-387928.99485,-198495.8574,2.486632364254192e-10,117.09795883907985,86.09778276528998,-0.09058379803614504,0.036316879024885,0.09759272600333103,False,291.8468489244789
2019-11-27 03:00:00,-387944.26368,-198324.04434,1.3015628661377063e-10,117.07693039591013,86.09836186127434,-0.0887507817851774,0.036248439808286764,0.09586788125339563,False,292.2165543720005
2019-11-27 03:30:00,-387958.2365,-198151.97405,1.1641532182693481e-10,117.05594311897174,86.09895181929141,-0.0887953309973342,0.03659263343283419,0.096039739839693,False,292.3966017965172
2019-11-27 04:00:00,-387972.34882,-197979.44386,5.820766091346741e-11,117.03488727174589,86.09954201294421,-0.0877035583681042,0.036909094138230174,0.09515353582779884,False,292.82326549165145
2019-11-27 04:30:00,-387983.39374,-197810.34635,6.507814330688532e-11,117.01441069699477,86.10014219295594,-0.08602099584700518,0.03624281965255234,0.09334427514785208,False,292.84692177029706
2019-11-27 05:00:00,-387996.76957,-197644.293,8.231806349783991e-11,116.99414552999683,86.10071088911431,-0.08533941154935865,0.03535708941862684,0.09237390830612063,False,292.5047836356223
2019-11-27 05:30:00,-388009.42345,-197478.82057,5.820766091346741e-11,116.97398568427302,86.10128250054142,-0.08515710152442457,0.03538571254208225,0.09221648763725514,False,292.56456967169333
2019-11-27 06:00:00,-388022.2931,-197313.29626,2.9103830456733704e-11,116.9538009715679,86.10185211649262,-0.0860631538447875,0.03533267905859626,0.09303367486651984,False,292.320289041003
2019-11-27 06:30:00,-388036.47903,-197144.99393,6.507814330688532e-11,116.9332058451029,86.10242200797957,-0.08893994346307652,0.035355641733487375,0.09570963872882376,False,291.67894136211635
2019-11-27 07:00:00,-388053.84595,-196970.18934,1.049353530241639e-10,116.91165176660145,86.10299235023531,-0.0886909346250984,0.03442640652665507,0.09513810672392004,False,291.21429537754386
2019-11-27 07:30:00,-388070.48004,-196804.18863,8.231806349783991e-11,116.89116895669038,86.1035323234267,-0.08894471627512751,0.0344360328887172,0.0953782098509704,False,291.1645203395592
2019-11-27 08:00:00,-388088.10744,-196628.54141,2.9103830456733704e-11,116.86948809994841,86.10410291920904,-0.09341375939194639,0.03562926956392163,0.09997787401918008,False,290.877526721393
2019-11-27 08:30:00,-388108.05174,-196446.23469,1.1641532182693481e-10,116.84688045800974,86.1046813809888,-0.09755857272430814,0.03927559804280634,0.10516771231525487,False,291.9289661598805
2019-11-27 09:00:00,-388120.56455,-196251.33146,5.820766091346741e-11,116.82322700146221,86.10536957015556,-0.10133441032389859,0.04433270459284017,0.11060764626466055,False,293.6288557310571
2019-11-27 09:30:00,-388130.24011,-196048.66585,1.1999816708318134e-10,116.79882080138576,86.10611113593477,-0.10174683054014207,0.04102131529990675,0.10970490341775407,False,291.9578357699138
2019-11-27 10:00:00,-388153.89359,-195857.80265,5.820766091346741e-11,116.77496411568842,86.10669256624513,-0.10333035484340855,0.035992263895361476,0.10941940089571897,False,289.204365138354
2019-11-27 10:30:00,-388182.13684,-195658.18961,1.7703168939037188e-10,116.74979818114842,86.10727188579928,-0.10812359644146649,0.035954491676040194,0.11394488834133608,False,288.39358659456195
2019-11-27 11:00:00,-388213.50693,-195451.95588,6.507814330688532e-11,116.72365986497375,86.10785210619541,-0.11101411915881501,0.035981721132078044,0.11669969540763253,False,287.95846457906146
2019-11-27 11:30:00,-388246.15687,-195242.97722,5.820766091346741e-11,116.69711463268638,86.10843232059503,-0.11131633526528742,0.035026538737704435,0.11669697902190004,False,287.46658205764186
2019-11-27 12:00:00,-388280.89546,-195037.28678,0.0,116.6708253287245,86.10898175590471,-0.11337152676182938,0.03567282707286297,0.1188513932256521,False,287.4664011366543
2019-11-27 12:30:00,-388314.59705,-194820.62143,0.0,116.64329624682222,86.10958276597441,-0.1139932272459428,0.03230808978061217,0.11848319932892279,False,285.823850634078
2019-11-27 13:00:00,-388360.96319,-194618.3296,0.0,116.61670524125113,86.1100237545763,-0.11441679495451104,0.029140929980370312,0.1180694573875203,False,284.2889281286
2019-11-27 13:30:00,-388405.34695,-194405.37211,0.0,116.58896712334474,86.11052255333897,-0.11584096021412756,0.029847135780809202,0.11962432686393326,False,284.44835518590094
2019-11-27 14:00:00,-388451.53336,-194197.31371,2.9103830456733704e-11,116.56169367639814,86.11098636974023,-0.11303545931048883,0.027969406561933644,0.11644441920916568,False,283.89806961732666
2019-11-27 14:30:00,-388497.24681,-193996.36969,6.507814330688532e-11,116.53528143880028,86.11142462196341,-0.10937276983926601,0.023563409790890905,0.11188224641687576,False,282.1580444980549
2019-11-27 15:00:00,-388551.5447,-193807.15181,5.820766091346741e-11,116.5097423140019,86.11174633995694,-0.10459826415443349,0.018038556286695873,0.10614229306468247,False,279.7847331619246
2019-11-27 15:30:00,-388607.21053,-193630.42194,8.231806349783991e-11,116.48559349872131,86.11200642415612,-0.09890094817790963,0.01701793577445567,0.10035441040887573,False,279.7633046036419
2019-11-27 16:00:00,-388655.49573,-193461.15406,2.9103830456733704e-11,116.46275711136602,86.11229522167342,-0.0959290666112364,0.020130179914111073,0.09801841645465158,False,281.8512416093786
2019-11-27 16:30:00,-388696.22594,-193288.96787,5.820766091346741e-11,116.44001644054201,86.11265564479567,-0.09211374543330633,0.018928299225730763,0.09403841028713088,False,281.6119741905003
2019-11-27 17:00:00,-388742.13408,-193133.8897,5.820766091346741e-11,116.41898985324214,86.11290572227796,-0.0862946352954961,0.015826041576839096,0.0877338456513478,False,280.39229984981694
2019-11-27 17:30:00,-388783.42517,-192985.40179,6.507814330688532e-11,116.39901076555208,86.11316607550432,-0.08598256636306084,0.01706279532913959,0.08765923056257265,False,281.22422905277256
2019-11-27 18:00:00,-388824.73992,-192829.31994,2.9103830456733704e-11,116.3781294985493,86.11345599218029,-0.09018593907864224,0.017674065886714184,0.09190144836978623,False,281.08794055256703
2019-11-27 18:30:00,-388870.67166,-192666.26764,6.507814330688532e-11,116.35614990575343,86.11373605338474,-0.0927901542523793,0.016764973763061686,0.09429250803460734,False,280.2414975817221
2019-11-27 19:00:00,-388918.95862,-192503.20463,8.231806349783991e-11,116.33402793633526,86.11399667507283,-0.09385416540151376,0.015212240482149166,0.0950790020125445,False,279.2066521283517
2019-11-27 19:30:00,-388971.47338,-192339.16272,6.507814330688532e-11,116.31153969810808,86.11422665313201,-0.09751046504093298,0.016195737995834576,0.09884630858928792,False,279.43030020296715
2019-11-27 20:00:00,-389022.29255,-192162.69181,1.1641532182693481e-10,116.2876764732261,86.11451896546033,-0.10345584611683181,0.021940938618924908,0.10575687629288705,False,281.9738848867428
2019-11-27 20:30:00,-389065.60082,-191970.25709,2.9103830456733704e-11,116.26235799011592,86.11493422705975,-0.10524928120004523,0.024384401461254823,0.10803707802300949,False,283.0442797752887
2019-11-27 21:00:00,-389111.22532,-191784.06242,6.507814330688532e-11,116.23763811167535,86.11530540343011,-0.10650087589483699,0.021134221303591105,0.10857758459496433,False,281.22406012407896
2019-11-27 21:30:00,-389166.8573,-191592.72066,5.820766091346741e-11,116.21171969301203,86.11561578988093,-0.1108049879847097,0.01863658338910954,0.11236132609893358,False,279.54736987643935
2019-11-27 22:00:00,-389227.22178,-191396.55023,5.820766091346741e-11,116.18494888225597,86.11590642433612,-0.11144178864188897,0.016049474158482357,0.11259155330870627,False,278.1951984755476
2019-11-27 22:30:00,-389292.04207,-191207.20691,1.1641532182693481e-10,116.15872409486856,86.1161334177247,-0.11043871824295332,0.013964611591562287,0.11131810663162406,False,277.2066164008737
2019-11-27 23:00:00,-389357.37488,-191017.52929,2.9103830456733704e-11,116.13242677527779,86.11635679397266,-0.11133273649282274,0.012547607664074173,0.11203758598377528,False,276.4303098877756
2019-11-27 23:30:00,-389428.01852,-190827.48362,5.820766091346741e-11,116.10577401718592,86.11653807874008,-0.11288022032468628,0.00845042522923619,0.1131960857410919,False,274.2812836793996
2019-11-28 00:00:00,-389508.87118,-190639.23055,0.0,116.07873854267687,86.11662931596538,-0.11320352805589053,0.002898789880513543,0.11324063646532617,False,271.4668459621629
2019-11-28 00:30:00,-389597.7991,-190456.85394,1.1999816708318134e-10,116.0519307568926,86.11663157468817,-0.11376222554145828,-0.0030204119136955643,0.11380231477555286,False,268.4791418416162
2019-11-28 01:00:00,-389698.50571,-190276.07318,8.231806349783991e-11,116.0246296100302,86.11653188905038,-0.11474533132960248,-0.008034233558124042,0.11502625774494596,False,265.99480327516017
2019-11-28 01:30:00,-389805.03302,-190098.34539,6.507814330688532e-11,115.99735532460328,86.11637246397639,-0.11471476895054103,-0.011126931518461378,0.1152531423449814,False,264.4598408627402
2019-11-28 02:00:00,-389915.52786,-189922.44515,6.507814330688532e-11,115.97007081550235,86.11617303470958,-0.11232618619108804,-0.012685158689904268,0.11304019353850661,False,263.55680332904296
2019-11-28 02:30:00,-390023.16445,-189754.80112,2.9103830456733704e-11,115.94393502580735,86.11596339196602,-0.10978652918686178,-0.014552430283434552,0.11074680680747358,False,262.4493430557381
2019-11-28 03:00:00,-390135.54741,-189589.96369,0.0,115.91786147159019,86.11570370700615,-0.10923167562019725,-0.01656688075784299,0.11048086031906425,False,261.37582636039616
2019-11-28 03:30:00,-390248.68224,-189427.18587,6.507814330688532e-11,115.8919927706366,86.11542910066531,-0.10875030850921227,-0.018879055948638895,0.11037684700316767,False,260.1516022599145
2019-11-28 04:00:00,-390367.64881,-189267.44044,0.0,115.86615208153249,86.11509484036752,-0.10931442173598721,-0.021212636433828452,0.11135357535322815,False,259.0181500801429
2019-11-28 04:30:00,-390489.08339,-189106.39568,1.1999816708318134e-10,115.84001935565504,86.11474496392722,-0.10870699270725193,-0.02259527524092527,0.11103043153418658,False,258.25798847130886
2019-11-28 05:00:00,-390611.43033,-188950.67823,1.1641532182693481e-10,115.8144721285741,86.11436613902511,-0.10787157242971794,-0.025677254716291828,0.11088551550236493,False,256.61074591244994
2019-11-28 05:30:00,-390741.40193,-188797.06366,2.9103830456733704e-11,115.78874191198885,86.11391684222335,-0.10937179296661388,-0.030364421290581735,0.11350853349878054,False,254.48397822081566
2019-11-28 06:00:00,-390881.15281,-188643.71105,1.3015628661377063e-10,115.76248766850269,86.11338684097332,-0.1105611311475472,-0.034672115580424635,0.11587026935088852,False,252.58850689443034
2019-11-28 06:30:00,-391026.81098,-188492.85717,5.820766091346741e-11,115.73619910810608,86.11279863174362,-0.1121268012884403,-0.038372387804382,0.1185110109356395,False,251.10786581004672
2019-11-28 07:00:00,-391180.86932,-188340.08069,1.1641532182693481e-10,115.70920898600855,86.11214927181074,-0.1147014515316479,-0.04120605804075611,0.12187847308989859,False,250.23936834084282
2019-11-28 07:30:00,-391339.59661,-188185.15978,0.0,115.68170589908227,86.1114696792492,-0.11772194668071091,-0.04335158672570927,0.12545045556686046,False,249.78356469034787
2019-11-28 08:00:00,-391505.1805,-188025.78089,5.820766091346741e-11,115.6532906850549,86.1107511099287,-0.12375748157372791,-0.045555416330011624,0.1318757377324286,False,249.79122162980275
2019-11-28 08:30:00,-391680.31018,-187854.5477,1.3015628661377063e-10,115.6229316990362,86.11000040384016,-0.12970772500665892,-0.04592936906525296,0.1375994217616312,False,250.5009990836297
2019-11-28 09:00:00,-391856.19607,-187676.25616,6.507814330688532e-11,115.59170187947947,86.10926980971996,-0.13083942128203702,-0.04374262605754839,0.13795786130492482,False,251.51403368963517
2019-11-28 09:30:00,-392025.79505,-187497.75681,5.820766091346741e-11,115.56081672219004,86.1085896724514,-0.13053263295187004,-0.04096112443830602,0.1368085596028188,False,252.57814902979283
2019-11-28 10:00:00,-392191.97866,-187315.95496,0.0,115.52974355803528,86.10794876469322,-0.13197423755877274,-0.03969228834452011,0.1378139221314157,False,253.2609275839796
2019-11-28 10:30:00,-392359.49706,-187130.62187,6.507814330688532e-11,115.49818479269153,86.1073095372806,-0.1358922040238736,-0.040881010778713055,0.14190823850909903,False,253.2569206965074
2019-11-28 11:00:00,-392535.4128,-186937.74761,5.820766091346741e-11,115.46526333167427,86.10663025762962,-0.14161683009848045,-0.042477232933365076,0.14785006555567445,False,253.30365696659595
2019-11-28 11:30:00,-392716.76292,-186736.08155,1.1641532182693481e-10,115.43099972498057,86.10593954871213,-0.14791923774570986,-0.044835576902009976,0.15456496967750452,False,253.13749826898103
2019-11-28 12:00:00,-392909.85309,-186526.14933,1.1641532182693481e-10,115.39510128869752,86.10518419508763,-0.1527329728076072,-0.04862063607880389,0.1602851435266437,False,252.34177512239728
2019-11-28 12:30:00,-393110.68666,-186314.43752,1.1999816708318134e-10,115.35856818964913,86.10437145441371,-0.16137886510490781,-0.05122250463729116,0.16931297376121343,False,252.39028665944608
2019-11-28 13:00:00,-393325.30246,-186080.13966,5.820766091346741e-11,115.3185858103913,86.10353205793048,-0.17070125641592118,-0.05480121928675315,0.17928215911598364,False,252.20150875682828
2019-11-28 13:30:00,-393551.82277,-185843.31073,6.507814330688532e-11,115.27765014691391,86.10260401020992,-0.16582732678099527,-0.06183278650503161,0.17698021300221053,False,249.55079575557744
2019-11-28 14:00:00,-393781.4994,-185635.37296,1.1999816708318134e-10,115.23999632943391,86.10153803648812,-0.16706902927219797,-0.06572249711195967,0.17953135427714595,False,248.5260540974883
2019-11-28 14:30:00,-394022.29952,-185400.17197,1.1999816708318134e-10,115.19849420249842,86.10048420657243,-0.1803601075124089,-0.06488322834109221,0.19167577233925526,False,250.2141765764437
2019-11-28 15:00:00,-394269.29269,-185147.31257,6.507814330688532e-11,115.15456575417598,86.09944535718661,-0.18361507629692062,-0.0687563530700602,0.1960661427452959,False,249.47112544220275
2019-11-28 15:30:00,-394527.32023,-184907.05786,6.507814330688532e-11,115.1115458138175,86.09826678399433,-0.18110189865280113,-0.07435060358156623,0.19577004354239863,False,247.67960974958285
2019-11-28 16:00:00,-394788.33924,-184670.55847,2.9103830456733704e-11,115.0688324128059,86.09704748157759,-0.17617503640653162,-0.07725660647181881,0.19237002546234747,False,246.32149806729552
2019-11-28 16:30:00,-395047.97218,-184450.4155,5.820766091346741e-11,115.02817045230259,86.09577527164905,-0.17168745849114198,-0.0771265735673576,0.18821554599285528,False,245.80911561293956
2019-11-28 17:00:00,-395301.40811,-184227.98698,1.7462298274040222e-10,114.98760673977903,86.09456006503252,-0.1848742543972653,-0.07960829290439059,0.20128579243974476,False,246.70291233500987
2019-11-28 17:30:00,-395588.87896,-183968.22588,2.9103830456733704e-11,114.94073756364908,86.09320748276811,-0.19317043622715652,-0.08041698937013417,0.20924079337343907,False,247.39800350055583
2019-11-28 18:00:00,-395857.1541,-183719.50163,1.7462298274040222e-10,114.89627606463407,86.09196665262859,-0.1929437858458173,-0.07868856791381512,0.2083727314617815,False,247.81281389930814
2019-11-28 18:30:00,-396138.24262,-183457.43009,5.820766091346741e-11,114.84954649416244,86.09066955886655,-0.20340888575752594,-0.07991811236126051,0.2185453716931688,False,248.55043877244765
2019-11-28 19:00:00,-396425.94968,-183175.93182,5.820766091346741e-11,114.8001699568727,86.08938904493594,-0.21065185018300783,-0.07858549222670226,0.22483300819505453,False,249.54153532357023
2019-11-28 19:30:00,-396713.1517,-182887.68803,0.0,114.75005003644492,86.08813503614782,-0.21246553021395945,-0.07569714560409994,0.22554746591728142,False,250.39005103860887
2019-11-28 20:00:00,-396993.65078,-182595.40433,1.1641532182693481e-10,114.69984827382181,86.08694771313705,-0.21467252795713895,-0.07374664666226557,0.22698648011156447,False,251.04081985516467
2019-11-28 20:30:00,-397277.28458,-182296.51091,6.507814330688532e-11,114.64871816866238,86.08575655821079,-0.21857961719122376,-0.07353145117139123,0.23061639872921572,False,251.40676200224055
2019-11-28 21:00:00,-397562.41784,-181990.61703,1.3015628661377063e-10,114.59670331544753,86.08457617624751,-0.2203876497789275,-0.07197037165706062,0.2318414341129183,False,251.91489663693093
2019-11-28 21:30:00,-397843.10162,-181682.95006,1.1641532182693481e-10,114.54475069004116,86.083435425514,-0.2200204404405533,-0.06925060265520652,0.2306613105394235,False,252.5288014487697
2019-11-28 22:00:00,-398118.22275,-181373.67859,5.820766091346741e-11,114.49293915229984,86.08234276364256,-0.2194365456840651,-0.06791328007564372,0.2297054879457337,False,252.8032590905637
2019-11-28 22:30:00,-398393.09583,-181065.42619,5.820766091346741e-11,114.4412914446788,86.08124514388498,-0.2200577827147493,-0.06778467066704606,0.2302611328704254,False,252.87953308667943
2019-11-28 23:00:00,-398668.16394,-180753.43159,0.0,114.38921603569942,86.08015659245348,-0.21939054352701315,-0.06881307517220304,0.22992922803274385,False,252.58567426038513
2019-11-28 23:30:00,-398944.85304,-180448.3961,0.0,114.33791187095163,86.07902587861861,-0.2179072340043947,-0.07074324310123792,0.22910296610023817,False,252.01405895929292
2019-11-29 00:00:00,-399223.49884,-180143.63669,0.0,114.28656495512885,86.0778750256578,-0.21688749484605663,-0.0725290954333571,0.22869336480313385,False,251.50960931982928
2019-11-29 00:30:00,-399503.99142,-179844.09422,2.9103830456733704e-11,114.23577118065155,86.07668675121813,-0.21520778104524513,-0.07495799064393201,0.22788832656324012,False,250.79650680984025
2019-11-29 01:00:00,-399787.5924,-179547.94273,5.820766091346741e-11,114.18524611639025,86.07545754470736,-0.2158398170367133,-0.07779810902971232,0.22943271864980563,False,250.17861980493845
2019-11-29 01:30:00,-400077.81862,-179250.01627,5.820766091346741e-11,114.13418697605482,86.07417762285917,-0.21590214320106288,-0.0787069046858757,0.22980102759570895,False,249.97072503403268
2019-11-29 02:00:00,-400363.96739,-178954.48659,0.0,114.08366441515516,86.0729191704685,-0.21444703212679048,-0.07960205160259042,0.22874443426525196,False,249.63523538113586
2019-11-29 02:30:00,-400654.47446,-178662.14954,5.820766091346741e-11,114.03332325739412,86.07161035617429,-0.2150123311402216,-0.0815661470790242,0.229963777346932,False,249.22547502040888
2019-11-29 03:00:00,-400947.39309,-178367.13446,5.820766091346741e-11,113.98256820817593,86.07028852185692,-0.21722668250922111,-0.08283158750236619,0.23248334022489459,False,249.1274478678701
2019-11-29 03:30:00,-401244.78208,-178068.84901,1.7462298274040222e-10,113.9312204835442,86.06893888296212,-0.2201433390928935,-0.08401548674279247,0.23563041348602906,False,249.11114904039755
2019-11-29 04:00:00,-401545.32361,-177765.43668,6.507814330688532e-11,113.87912985469374,86.06757885520523,-0.2205077594519879,-0.08373927043936293,0.23587271438691781,False,249.20539758000328
2019-11-29 04:30:00,-401841.78713,-177465.00572,0.0,113.82764586226538,86.06623820718386,-0.22018411353173295,-0.081532142390842,0.23479466368424048,False,249.68087447063104
2019-11-29 05:00:00,-402134.04672,-177158.91306,1.1641532182693481e-10,113.77574240814258,86.06494929775442,-0.22160437373851544,-0.07998940604743449,0.2355988190544702,False,250.15265311443252
2019-11-29 05:30:00,-402426.93938,-176851.03095,0.0,113.72362623899572,86.06365841686299,-0.2213174754614196,-0.07883144573332418,0.23493791048066742,False,250.39452341456075
2019-11-29 06:00:00,-402714.40833,-176543.67469,1.3015628661377063e-10,113.67189076916233,86.06240688930974,-0.2213692080842023,-0.07512323107725208,0.23376874499238143,False,251.25498744561557
2019-11-29 06:30:00,-402994.59366,-176229.73839,2.3283064365386963e-10,113.61978302604093,86.06123555601917,-0.2215820468092804,-0.06955266873170776,0.2322416353625956,False,252.57338255871198
2019-11-29 07:00:00,-403263.43035,-175913.12915,1.7462298274040222e-10,113.56797815754898,86.06016372875041,-0.22059840495039948,-0.06396439972281164,0.22968478551824034,False,253.83003022352025
2019-11-29 07:30:00,-403523.1898,-175593.89861,1.1641532182693481e-10,113.51636011660948,86.05917261763824,-0.2203943085880815,-0.05855087695948938,0.22803915552102835,False,255.12222022374468
2019-11-29 08:00:00,-403773.2902,-175269.71094,5.820766091346741e-11,113.46467680247991,86.05827536853059,-0.21844021151973925,-0.05275921495259983,0.22472129576700794,False,256.42156829210694
2019-11-29 08:30:00,-404010.54212,-174948.17164,1.1641532182693481e-10,113.41399774494957,86.05747111276622,-0.21547503155439549,-0.04821870919642662,0.22080428696005266,False,257.3862407892161
2019-11-29 09:00:00,-404240.8295,-174626.85345,0.0,113.36372516157404,86.05672026453067,-0.21363216116919181,-0.04592613232555165,0.21851295136948662,False,257.86734577740907
2019-11-29 09:30:00,-404467.30967,-174307.72155,6.507814330688532e-11,113.31392895957238,86.05598995158314,-0.21180239794488898,-0.044362473752786735,0.21639844004214032,False,258.170286285608
2019-11-29 10:00:00,-404689.26372,-173989.82808,5.820766091346741e-11,113.26453172930735,86.05528952860259,-0.2097108807565693,-0.04249737079772714,0.2139735498430017,False,258.54428965297836
2019-11-29 10:30:00,-404906.05212,-173674.57503,6.507814330688532e-11,113.21573244243686,86.05461937937321,-0.20809283233488257,-0.040622337504579664,0.2120207564685343,False,258.95405801656534
2019-11-29 11:00:00,-405118.96704,-173359.00056,1.1641532182693481e-10,113.16710947750747,86.05397940394231,-0.20730641964297847,-0.040016262689550205,0.21113325864209498,False,259.07459449323136
2019-11-29 11:30:00,-405332.10023,-173045.12749,6.507814330688532e-11,113.11869459379132,86.05332880313033,-0.20586628846160845,-0.03910133868047351,0.20954675710104242,False,259.24559379306163
2019-11-29 12:00:00,-405539.41828,-172732.66812,1.1641532182693481e-10,113.07076095452983,86.05271835095316,-0.20670287550395972,-0.03812893807745377,0.21019013930372607,False,259.54855968100026
2019-11-29 12:30:00,-405749.98686,-172414.30089,1.1641532182693481e-10,113.02197030090669,86.05209903362142,-0.19645343822466838,-0.040872169096269825,0.20066012956471366,False,258.2472617264334
2019-11-29 13:00:00,-405951.42645,-172139.30733,2.9103830456733704e-11,112.97884693328791,86.05140047080396,-0.1835268608129621,-0.04671591441714049,0.18937921031541438,False,255.71890830713843
2019-11-29 13:30:00,-406162.74934,-171871.68605,5.820766091346741e-11,112.9361205166764,86.05059239010366,-0.17905532143698208,-0.05336239036071222,0.1868377714486822,False,253.40479590972828
2019-11-29 14:00:00,-406379.54651,-171620.53429,2.9103830456733704e-11,112.89510561698916,86.04967953297584,-0.17062342428834848,-0.0609715091047571,0.181190170369127,False,250.3358805559887
2019-11-29 14:30:00,-406603.92331,-171391.22716,2.9103830456733704e-11,112.85634125354868,86.04862606706834,-0.16070514360977925,-0.06861117168735764,0.174738765198086,False,246.8805106381549
2019-11-29 15:00:00,-406831.86971,-171183.36196,8.231806349783991e-11,112.81998344271028,86.04746681838925,-0.15334474960162559,-0.07497395129545859,0.17069184398570145,False,243.94487414712708
2019-11-29 15:30:00,-407066.80543,-170987.0751,6.507814330688532e-11,112.78468099851925,86.04620807818245,-0.1510206598255124,-0.0802462935851545,0.17101668728018313,False,242.01562361238916
2019-11-29 16:00:00,-407308.76188,-170793.98915,1.3015628661377063e-10,112.74943176997274,86.04487874339016,-0.1484311629141008,-0.08351642028814771,0.17031383555594906,False,240.6352413502249
2019-11-29 16:30:00,-407550.70967,-170610.55837,1.7462298274040222e-10,112.71536164850377,86.04351458198869,-0.14527456775534564,-0.08610279258381767,0.16887389060252753,False,239.34519905521705
2019-11-29 17:00:00,-407796.64273,-170431.2625,5.820766091346741e-11,112.6816103738447,86.0421017948867,-0.14307946215871725,-0.08972962145064747,0.16888794349302821,False,237.90688467645433
2019-11-29 17:30:00,-408047.37634,-170259.87036,8.231806349783991e-11,112.64858887950372,86.04062067710984,-0.14203037496897758,-0.09181753755493964,0.16912447373600642,False,237.11878269306018
2019-11-29 18:00:00,-408298.58973,-170086.66821,1.1641532182693481e-10,112.61535174617734,86.03914051173449,-0.1426726940797536,-0.09145873907233668,0.1694703472253383,False,237.33855106834295
2019-11-29 18:30:00,-408548.8202,-169912.3537,6.507814330688532e-11,112.58205532527708,86.03767097064639,-0.14399325952147127,-0.08991914619833996,0.1697631044740176,False,238.0165516836629
2019-11-29 19:00:00,-408796.53954,-169732.34229,0.0,112.54822718882951,86.03624043927711,-0.14529145074981137,-0.08802195700596094,0.16987486740581756,False,238.79125075883758
2019-11-29 19:30:00,-409042.04504,-169550.79862,0.0,112.51434999543447,86.03483210408488,-0.1482424841787833,-0.0868123641820594,0.1717912124946306,False,239.6463097393816
2019-11-29 20:00:00,-409289.59585,-169359.01421,5.820766091346741e-11,112.47917170095785,86.03344053064568,-0.14924076009502807,-0.08506113368748383,0.17177951256754026,False,240.3186273179358
2019-11-29 20:30:00,-409530.42071,-169171.43667,0.0,112.44485290087307,86.03208876492094,-0.14921936718114115,-0.08318370834760482,0.17083895596847812,False,240.86211691961793
2019-11-29 21:00:00,-409771.46806,-168976.85054,6.507814330688532e-11,112.40970897406272,86.03075766989345,-0.14725411713624476,-0.07912632999392934,0.16716683616041517,False,241.74884099542084
2019-11-29 21:30:00,-409995.85778,-168789.9497,1.8406878575731415e-10,112.37632637611952,86.02953686860215,-0.14240069203112513,-0.07628224374467786,0.1615454666701167,False,241.8226108136025
2019-11-29 22:00:00,-410220.5635,-168607.35142,6.507814330688532e-11,112.34346287927376,86.02829744737653,-0.14053926543140174,-0.07659032071919462,0.1600542481656363,False,241.41074089584654
2019-11-29 22:30:00,-410443.21953,-168426.8127,8.231806349783991e-11,112.3109664478327,86.02706670276893,-0.13840474260840752,-0.07501840686306208,0.15742818726254665,False,241.5413357217958
2019-11-29 23:00:00,-410659.56676,-168248.92146,0.0,112.27911522066891,86.02587798835575,-0.13579294986103846,-0.07471360562364404,0.1549898322382727,False,241.18030404652424
2019-11-29 23:30:00,-410877.44345,-168076.42329,0.0,112.24785255340285,86.02465707056818,-0.13102257706801512,-0.07627567681204712,0.15160769958903744,False,239.79388684077622
2019-11-30 00:00:00,-411092.30218,-167916.31916,0.0,112.2182367516195,86.02341801369838,-0.12634182375465985,-0.07901300593238712,0.14901446753964856,False,237.9785207950244
2019-11-30 00:30:00,-411312.75774,-167762.9232,1.049353530241639e-10,112.18916793779627,86.02210876953961,-0.12342745637870636,-0.08338709599886329,0.14895551271181978,False,235.95719690193755
2019-11-30 01:00:00,-411538.07555,-167618.25998,6.507814330688532e-11,112.16092459110331,86.02072864799244,-0.12113800929215662,-0.08709511501384151,0.14919777597049128,False,234.2848357883377
2019-11-30 01:30:00,-411767.63793,-167477.31279,5.820766091346741e-11,112.1329383831965,86.01929979192658,-0.11916904551321153,-0.09194003342458947,0.15051322584625082,False,232.34947774644937
2019-11-30 02:00:00,-412006.30209,-167345.56465,1.1641532182693481e-10,112.10562907734537,86.01776342489553,-0.11747204649417017,-0.09635514300074813,0.15193418078307164,False,230.64006347614173
2019-11-30 02:30:00,-412248.16148,-167216.03574,2.9103830456733704e-11,112.07845101307748,86.0161921530335,-0.11510456871142775,-0.09923071671452552,0.15197301365019453,False,229.2356408700791
2019-11-30 03:00:00,-412493.09104,-167095.84872,1.8406878575731415e-10,112.05226067597232,86.01456306909722,-0.1118644067154656,-0.10266845755073724,0.15183694433717584,False,227.4544804804491
2019-11-30 03:30:00,-412741.92721,-166981.55509,2.9103830456733704e-11,112.02660624095456,86.01288090638903,-0.10749489645524818,-0.10567930662904754,0.1507423915609699,False,225.48797236109527
2019-11-30 04:00:00,-412990.90022,-166879.79414,8.231806349783991e-11,112.00246152254445,86.01115474349005,-0.10388300044545166,-0.10993728375207504,0.15125436899585404,False,223.37811354174505
2019-11-30 04:30:00,-413248.98613,-166783.0894,6.507814330688532e-11,111.97850202593312,86.0093352101352,-0.10255448590518139,-0.11216539254162217,0.1519818997884032,False,222.43713956392625
2019-11-30 05:00:00,-413503.5244,-166688.5535,1.1999816708318134e-10,111.95499332825011,86.00753719169363,-0.09824066952201393,-0.11281591430391573,0.1495949854385568,False,221.04951320966745
2019-11-30 05:30:00,-413757.89761,-166606.91751,1.049353530241639e-10,111.93305083300774,86.00569670580482,-0.09030936194550043,-0.11388213250240045,0.14534414662550982,False,218.41467330689903
2019-11-30 06:00:00,-414005.26385,-166540.10654,5.820766091346741e-11,111.91323022655097,86.00386430809262,-0.08302866184163507,-0.11260297522886643,0.1399042126513898,False,216.40349036300995
2019-11-30 06:30:00,-414245.5316,-166480.89522,1.3015628661377063e-10,111.89467245478296,86.002065051148,-0.07919601272513231,-0.11164082205927835,0.13687834591939943,False,215.35121134477623
2019-11-30 07:00:00,-414484.49796,-166425.43701,1.1999816708318134e-10,111.87664035482031,86.00026366498312,-0.07757324848507366,-0.10979659636277403,0.1344354917920744,False,215.24188558539117
2019-11-30 07:30:00,-414716.39172,-166369.0223,1.3015628661377063e-10,111.85884830170171,85.9985238797225,-0.07417407016722084,-0.10691797763271688,0.13012780881211344,False,214.75087907269582
2019-11-30 08:00:00,-414941.14924,-166320.91675,5.820766091346741e-11,111.84240051776109,85.99681535605485,-0.07025625529354852,-0.10482475819672682,0.12619101132360622,False,213.83101259201808
2019-11-30 08:30:00,-415160.77085,-166274.65891,5.820766091346741e-11,111.8264311469055,85.99514306117871,-0.06884995933254562,-0.10272382890111657,0.12366285587919704,False,213.83170575594363
2019-11-30 09:00:00,-415376.59861,-166228.31723,6.507814330688532e-11,111.81064564635672,85.99350228936115,-0.06693936819500104,-0.10014267279006576,0.1204551116718759,False,213.7603515518009
2019-11-30 09:30:00,-415585.01219,-166184.87278,1.1641532182693481e-10,111.79556982366391,85.99191325054551,-0.06327699091640013,-0.0999479273639356,0.11829440292668428,False,212.337883623434
2019-11-30 10:00:00,-415795.26997,-166150.40122,1.1641532182693481e-10,111.78148458969339,85.99027876224366,-0.05983123239779753,-0.10078200417545974,0.11720404743805413,False,210.69632508417595
2019-11-30 10:30:00,-416001.84969,-166119.48715,5.820766091346741e-11,111.76800788157738,85.98866281347833,-0.05570297197843592,-0.10238578628789266,0.11655758371303193,False,208.54839477991882
2019-11-30 11:00:00,-416211.94253,-166100.86068,2.3283064365386963e-10,111.75583468753277,85.98697660797184,-0.05210537260331174,-0.10511868810295341,0.11732394658643198,False,206.36675681394016
2019-11-30 11:30:00,-416422.84894,-166085.53358,1.1641532182693481e-10,111.74402485762329,85.98527249994504,-0.049608476931308355,-0.1051940091418462,0.11630468839551988,False,205.2481113815359
2019-11-30 12:00:00,-416629.85663,-166075.27004,5.820766091346741e-11,111.73301033603788,85.98358386905329,-0.044624461243979424,-0.10689966366499426,0.11583989223494778,False,202.65773001938442
2019-11-30 12:30:00,-416839.81824,-166078.80336,6.507814330688532e-11,111.7235021041794,85.9818247555783,-0.04149568936055607,-0.11027125183889641,0.11782037692023008,False,200.62159973970742
2019-11-30 13:00:00,-417053.93155,-166083.42678,1.1999816708318134e-10,111.71393540328891,85.98002736146616,-0.038319035873887866,-0.11369668511305431,0.11998035137472023,False,198.62528855424594
2019-11-30 13:30:00,-417271.12007,-166102.07612,1.1641532182693481e-10,111.70589465733451,85.97815778466854,-0.03189543859893869,-0.11924743117506355,0.12343933265078107,False,194.9745275688632
2019-11-30 14:00:00,-417495.24986,-166135.51472,1.1999816708318134e-10,111.69928634129644,85.97618135986305,-0.027393010223473773,-0.1243141323523317,0.12729642772527586,False,192.42671679744535
2019-11-30 14:30:00,-417723.39902,-166175.91732,5.820766091346741e-11,111.69331985462962,85.97414835935805,-0.024777602669768282,-0.12628761142462405,0.12869533943930428,False,191.10041868474036
2019-11-30 15:00:00,-417950.65753,-166220.68355,6.507814330688532e-11,111.68791782029966,85.97210828138033,-0.02148019255200206,-0.1262000879696531,0.1280150806570041,False,189.65959592017703
2019-11-30 15:30:00,-418174.13512,-166271.95713,2.3283064365386963e-10,111.68346899417337,85.97007810280972,-0.018724924167247272,-0.12578964187010425,0.12717569259445077,False,188.46682073046185
2019-11-30 16:00:00,-418396.36319,-166325.35951,5.820766091346741e-11,111.67933512370784,85.96805125588953,-0.016641288225570608,-0.12708535956798947,0.12817028161914792,False,187.46019282850273
2019-11-30 16:30:00,-418621.41198,-166385.29459,0.0,111.67584503846871,85.9659792857859,-0.014185518723766388,-0.12961130970294116,0.13038527732981994,False,186.24596887707287
2019-11-30 17:00:00,-418848.83198,-166450.24405,5.820766091346741e-11,111.67283959892585,85.96387096672188,-0.011904623712651032,-0.12835048637060148,0.12890138640569299,False,185.29907457784662
2019-11-30 17:30:00,-419066.63677,-166516.10988,0.0,111.67039662351662,85.96183965847585,-0.011155997486636891,-0.12761309106797875,0.12809979426933552,False,184.9961229398885
2019-11-30 18:00:00,-419290.60015,-166582.56467,0.0,111.66773683934142,85.95975511685077,-0.01031252897878724,-0.12629520331569177,0.12671553430613886,False,184.6680825770266
2019-11-30 18:30:00,-419502.88078,-166649.48018,1.1641532182693481e-10,111.665681605952,85.95776631357545,-0.008209677318756672,-0.12171001172305336,0.12198658022628511,False,183.85891354417782
2019-11-30 19:00:00,-419708.71352,-166716.86067,0.0,111.66398520634584,85.95582965267732,-0.008944047453197462,-0.12770105607067186,0.12801388872466116,False,184.0063935323882
2019-11-30 19:30:00,-419942.01841,-166789.26882,5.820766091346741e-11,111.66159703110142,85.95364761718169,-0.002458942019766354,-0.11816596496127132,0.11819154652971156,False,181.1921086526067
2019-11-30 20:00:00,-420107.33706,-166865.658,5.820766091346741e-11,111.66286093330825,85.9520184900402,0.0026849741213789413,-0.10763699627128356,0.10767047901972382,False,178.57106947826372
2019-11-30 20:30:00,-420298.57563,-166941.29299,1.3015628661377063e-10,111.66282272190512,85.95017603778342,0.001125871424976714,-0.11300243056800213,0.11300803909785233,False,179.42916673342427
2019-11-30 21:00:00,-420483.91765,-167019.5958,6.507814330688532e-11,111.66337417689176,85.94837385781184,0.004762064837731499,-0.11199149956729193,0.1120926993021825,False,177.5651549223203
2019-11-30 21:30:00,-420666.94012,-167106.05665,5.820766091346741e-11,111.6649932406007,85.94656400735221,0.008624158988613101,-0.1109856952639035,0.1113202617292689,False,175.55675198599965
2019-11-30 22:00:00,-420843.77948,-167195.95448,1.7462298274040222e-10,111.66730383808729,85.94479426490992,0.011716364198085173,-0.10882323596860874,0.10945213509430353,False,173.85496760592497
2019-11-30 22:30:00,-421015.44994,-167289.90094,0.0,111.6703296571262,85.9430541568965,0.016297352961201404,-0.10796028018595454,0.10918345026317765,False,171.4156201063298
2019-11-30 23:00:00,-421183.30275,-167393.996,1.7462298274040222e-10,111.67472337578688,85.94131224118638,0.02217059599835139,-0.10789915729236348,0.11015336341358038,False,168.38874984140188
2019-11-30 23:30:00,-421346.9444,-167507.53595,5.820766091346741e-11,111.6804189661667,85.93957410067802,0.027375288701033673,-0.1077749817909125,0.11119736117146153,False,165.74803721373354
2019-12-01 00:00:00,-421507.43821,-167628.91024,1.1641532182693481e-10,111.68717611478284,85.93783618788956,0.038358804667097554,-0.10790234836278005,0.11451774830868483,False,160.42992643826892
2019-12-01 00:30:00,-421656.86641,-167779.39964,5.820766091346741e-11,111.69785947768385,85.93609390319993,0.04638670815831077,-0.10611671371511372,0.1158122775160721,False,156.38845952336493
2019-12-01 01:00:00,-421800.65186,-167925.30785,0.0,111.7082599405352,85.93441362627134,0.04999366384386841,-0.10291776808159667,0.11441780198653982,False,154.09122466559973
2019-12-01 01:30:00,-421934.52387,-168083.65498,1.1641532182693481e-10,111.72057239385319,85.93277448417706,0.056702169822732025,-0.10541860568011517,0.11970053669948834,False,151.72524523299558
2019-12-01 02:00:00,-422077.67006,-168255.39061,1.1641532182693481e-10,111.7340101592929,85.93101355505645,0.06298591770955846,-0.11004302584236432,0.1267939011398361,False,150.21424103565255
2019-12-01 02:30:00,-422218.55241,-168440.98079,0.0,111.74916399043462,85.92922524758971,0.06794016237268657,-0.11278846899512217,0.13167043860142127,False,148.93658640835383
2019-12-01 03:00:00,-422364.17536,-168633.01951,2.9103830456733704e-11,111.76483757205642,85.92737578824371,0.07055241016619376,-0.11470182096465034,0.13466309929919756,False,148.40457367195006
2019-12-01 03:30:00,-422507.86442,-168829.97584,8.731149137020111e-11,111.78116234623926,85.92552576434053,0.07201038289738897,-0.11503000676383722,0.1357107132879236,False,147.95286175764863
2019-12-01 04:00:00,-422652.52605,-169027.40936,1.1999816708318134e-10,111.79748262056998,85.92366573074828,0.07259277209721146,-0.114131841357515,0.13526192284754293,False,147.5418807537012
2019-12-01 04:30:00,-422792.32202,-169225.19386,6.507814330688532e-11,111.81405648541464,85.92184466779145,0.07408557593416826,-0.11020995685554874,0.13279648772312966,False,146.09013098242082
2019-12-01 05:00:00,-422921.76452,-169422.45245,6.507814330688532e-11,111.83103835237303,85.9201111211639,0.07528417116150474,-0.10608311490692085,0.13008202679782366,False,144.6377608378234
2019-12-01 05:30:00,-423046.04761,-169618.79748,5.820766091346741e-11,111.84814057240558,85.91842316515277,0.07661328642560815,-0.10350532706677079,0.12877479717759788,False,143.49164028977862
2019-12-01 06:00:00,-423164.97847,-169817.11938,5.820766091346741e-11,111.86570967008612,85.91677275053017,0.07949674250170774,-0.10171555720738942,0.12909603652472268,False,141.99026343313545
2019-12-01 06:30:00,-423279.29487,-170020.77299,0.0,111.88410205340429,85.91514250982834,0.08174080401134619,-0.1004718690049777,0.12952279915819725,False,140.86926471747074
2019-12-01 07:00:00,-423390.93089,-170224.9974,5.820766091346741e-11,111.90267180226165,85.9135322204981,0.08229710895375508,-0.09925872060304396,0.12893838744880975,False,140.3372899692872
2019-12-01 07:30:00,-423500.31592,-170428.95321,0.0,111.92130112587068,85.91194110851748,0.08277264516041875,-0.09814071617338893,0.12838578954805815,False,139.8554554663648
2019-12-01 08:00:00,-423607.44628,-170633.33502,1.1641532182693481e-10,111.940071224807,85.91036687468157,0.08374742765423299,-0.09702972053504966,0.12817331354775385,False,139.20215906980656
2019-12-01 08:30:00,-423711.67644,-170839.12241,6.507814330688532e-11,111.95912638394715,85.908811590656,0.08389636311557233,-0.09658446815207637,0.12793419883768148,False,139.02137309351917
2019-12-01 09:00:00,-423816.98326,-171043.47236,6.507814330688532e-11,111.97794944107589,85.90725172815414,0.08319071245682398,-0.09703505455957136,0.12781430456898382,False,139.39264413181758
2019-12-01 09:30:00,-423923.53362,-171247.57991,6.507814330688532e-11,111.99667162515141,85.90568190654056,0.08244599187803613,-0.09795732295325141,0.1280350682310155,False,139.91428548137748
2019-12-01 10:00:00,-424032.78961,-171450.75681,0.0,112.01514433193228,85.90409229972875,0.08124558029353454,-0.0996092751011116,0.12854124631184383,False,140.7978453006682
2019-12-01 10:30:00,-424146.34196,-171653.15679,1.1999816708318134e-10,112.03331070487371,85.90246919691317,0.07823023177307022,-0.10185162468920517,0.12842788877459207,False,142.47284167592278
2019-12-01 11:00:00,-424267.02454,-171849.37021,8.731149137020111e-11,112.050409909681,85.90080728188346,0.0744948314451378,-0.10465319397422204,0.12845921890252032,False,144.55576215111785
2019-12-01 11:30:00,-424394.85431,-172043.16264,1.7462298274040222e-10,112.06687858505879,85.89909380731693,0.07099207912649427,-0.10643826961485864,0.12794131677182224,False,146.29754943498193
2019-12-01 12:00:00,-424526.1177,-172230.17557,1.3015628661377063e-10,112.08238639812977,85.89737432187782,0.06822750742222153,-0.1087858887339106,0.12841091214019185,False,147.90519793034258
2019-12-01 12:30:00,-424665.41738,-172417.99295,6.507814330688532e-11,112.09759647448459,85.89558511343856,0.06472324075411247,-0.11188701129421932,0.12925866001961944,False,149.951921279702
2019-12-01 13:00:00,-424811.67095,-172597.58875,8.231806349783991e-11,112.11151446092164,85.89376562236293,0.05982509903678032,-0.11433274492263079,0.1290388276306939,False,152.37899365594234
2019-12-01 13:30:00,-424965.67582,-172772.45321,0.0,112.12450808218736,85.89189752075823,0.05602049659284915,-0.1158845896979683,0.12871493374110046,False,154.2001213927519
2019-12-01 14:00:00,-425122.18269,-172941.53308,5.820766091346741e-11,112.13670327875192,85.89002797227451,0.05264901851612899,-0.11573067981199822,0.12714365654824838,False,155.53792709870322
2019-12-01 14:30:00,-425280.17467,-173105.01219,2.9103830456733704e-11,112.1481702116845,85.88816483063218,0.05030715022341938,-0.1154372425350509,0.1259228586385246,False,156.452594662105
2019-12-01 15:00:00,-425438.81496,-173265.9481,5.820766091346741e-11,112.15930248521806,85.8863047380845,0.04915373853763224,-0.11530008938543082,0.12534033917504073,False,156.91089742897657
2019-12-01 15:30:00,-425597.85279,-173425.4569,0.0,112.17024123255189,85.88444601569104,0.04768775815487734,-0.1156049559800818,0.12505450061870912,False,157.5835501874236
2019-12-01 16:00:00,-425759.4398,-173581.98027,1.7462298274040222e-10,112.18070568234792,85.88257609150264,0.04617753891984043,-0.11352285043965611,0.12255530454712235,False,157.86504844071442
2019-12-01 16:30:00,-425913.53156,-173733.68337,1.7703168939037188e-10,112.19095731766518,85.88078451823232,0.04626304001142742,-0.10855332850298406,0.11800039830515702,False,156.91736404362013
2019-12-01 17:00:00,-426058.38201,-173883.79116,2.9103830456733704e-11,112.20145091367519,85.87907487008297,0.04804572207610988,-0.10021714615528793,0.11113895713621365,False,154.38618666742093
2019-12-01 17:30:00,-426182.20816,-174030.15106,0.0,112.21249316946209,85.87755216128019,0.048663725522181164,-0.09549347301799373,0.10717817674665156,False,152.99648917358166
2019-12-01 18:00:00,-426310.41716,-174175.94163,1.1999816708318134e-10,112.22325546054749,85.87599487747069,0.0504041464073106,-0.0912763259747233,0.10426862259804504,False,151.09186636374227
2019-12-01 18:30:00,-426417.76472,-174322.40698,1.1641532182693481e-10,112.23506909303474,85.87460816611163,0.054078418995896174,-0.08180550469427317,0.0980643462191048,False,146.53286898200855
2019-12-01 19:00:00,-426509.34849,-174467.58811,5.820766091346741e-11,112.24746905601084,85.87335635408557,0.05568699967405234,-0.07267905023258112,0.09156028765468113,False,142.54050946677864
2019-12-01 19:30:00,-426584.03105,-174607.01706,2.9103830456733704e-11,112.25999560093648,85.87226400884462,0.05911062869758423,-0.06273906039049533,0.08619893342557024,False,136.70564576940689
2019-12-01 20:00:00,-426637.76659,-174750.08574,6.507814330688532e-11,112.27392074407395,85.87133277444947,0.0618519123391533,-0.05312967936795067,0.0815378555626253,False,130.66198513075773
2019-12-01 20:30:00,-426676.62747,-174885.56589,6.507814330688532e-11,112.28766811282478,85.87055039151215,0.06322799999388472,-0.04447761311985102,0.07730483847771644,False,125.12439515978099
2019-12-01 21:00:00,-426699.59691,-175021.42771,6.507814330688532e-11,112.30220332130475,85.86989819940892,0.06710080793478342,-0.03516744283778259,0.07575795312209405,False,117.65897288074137
2019-12-01 21:30:00,-426702.08863,-175157.10343,2.9103830456733704e-11,112.3176784629785,85.8694160985561,0.07137085967358482,-0.026003249045799464,0.07596030918502378,False,110.01869843502527
2019-12-01 22:00:00,-426688.62745,-175294.66472,2.9103830456733704e-11,112.33411956424798,85.86905948252088,0.07304508696740997,-0.019923991255916408,0.07571360615927838,False,105.25701975597644
2019-12-01 22:30:00,-426668.50681,-175427.59578,1.7703168939037188e-10,112.35034048348751,85.86877348325068,0.07436821350785015,-0.015404702182978123,0.07594692903400004,False,101.70279654743655
2019-12-01 23:00:00,-426638.11052,-175563.36621,1.1641532182693481e-10,112.36737087017752,85.8685626088993,0.0769551239660335,-0.010902879611537342,0.0777236379002634,False,98.06390577501583
2019-12-01 23:30:00,-426599.37883,-175698.72714,2.346425826049686e-10,112.3847467008081,85.86842181892438,0.07818518910653958,-0.008344358098610678,0.07862920645474686,False,96.0918645177735
2019-12-02 00:00:00,-426558.69731,-175835.0635,5.820766091346741e-11,112.40232561689324,85.86829346903554,0.07833097599693949,-0.00684496762104023,0.07862948163612805,False,94.99411667603181
2019-12-02 00:30:00,-426514.69181,-175968.82813,0.0,112.41976564784414,85.86820104728898,0.07888392185086232,-0.004740159851432946,0.07902621237279496,False,93.43878654152206
2019-12-02 01:00:00,-426466.16431,-176104.08894,0.0,112.43759094971496,85.86814057336049,0.07959433129408897,-0.0031070219179131463,0.07965495062676006,False,92.23544693802432
2019-12-02 01:30:00,-426415.66478,-176237.94464,2.9103830456733704e-11,112.45534801091469,85.86810083623816,0.07822539193305822,-0.0034070710035949137,0.07829955348470455,False,92.49391516405018
2019-12-02 02:00:00,-426369.93454,-176369.03282,5.820766091346741e-11,112.47256078723852,85.86803069510543,0.07772593031948186,-0.0028047481048432688,0.07777651866701525,False,92.06662733635147
2019-12-02 02:30:00,-426318.03901,-176500.36924,6.507814330688532e-11,112.49009430624301,85.86801036605141,0.0788897036747228,-0.0018578782223490492,0.07891157746094454,False,91.34908490146353
2019-12-02 03:00:00,-426267.47637,-176633.99456,6.507814330688532e-11,112.50782686528919,85.86797076745916,0.07945507844332285,-0.0015519106587501205,0.07947023289966709,False,91.11895460901445
2019-12-02 03:30:00,-426213.70211,-176766.75791,1.1641532182693481e-10,112.52561299275443,85.86796031017624,0.07962612503843146,-0.001559235443391635,0.07964139001677362,False,91.12182017936391
2019-12-02 04:00:00,-426162.84524,-176900.92972,8.231806349783991e-11,112.54342167272574,85.86792047602526,0.08031192702162877,-0.0018604980070302361,0.08033347418580619,False,91.32707089273066
2019-12-02 04:30:00,-426109.04316,-177036.35657,5.820766091346741e-11,112.56151423535084,85.86790029603341,0.08216243589142731,-0.001550211286772265,0.08217705900460626,False,91.08090790751402
2019-12-02 05:00:00,-426054.51364,-177176.21873,6.507814330688532e-11,112.580149823899,85.8678704635992,0.08325717761215456,-0.0015553757572017782,0.08327170478432601,False,91.0702512853631
2019-12-02 05:30:00,-425999.12592,-177315.25643,1.1641532182693481e-10,112.59873157793413,85.86785013085385,0.08356153150646059,-0.0006417831204753727,0.08356399603464959,False,90.44004388746112
2019-12-02 06:00:00,-425941.04851,-177454.83062,1.1999816708318134e-10,112.61750308048121,85.86784975933112,0.08447684223151489,0.0005996889596982038,0.08447897075755978,False,89.59327232942735
2019-12-02 06:30:00,-425880.17671,-177595.15404,0.0,112.63649399028134,85.86786946775472,0.08545826165688064,0.0027517888864754952,0.08550255450857364,False,88.1556911246368
2019-12-02 07:00:00,-425813.49597,-177734.96782,0.0,112.65570452112513,85.86793850909953,0.08601581209901361,0.0067560596594619104,0.08628072944276158,False,85.50895810304712
2019-12-02 07:30:00,-425738.45407,-177871.54806,5.820766091346741e-11,112.67494544879997,85.86808737414322,0.08833539543836065,0.011697490756348166,0.08910652825268416,False,82.45670383023202
2019-12-02 08:00:00,-425652.04721,-178012.16153,1.1999816708318134e-10,112.69519436371655,85.86831576999722,0.0903077237634119,0.016974442785786543,0.09188915430678776,False,79.35476148441256
2019-12-02 08:30:00,-425556.64173,-178147.9057,1.1641532182693481e-10,112.71531923970774,85.86863486381081,0.0907396892838448,0.022873827981527668,0.09357832664595588,False,75.85154741696402
2019-12-02 09:00:00,-425449.94684,-178281.68872,0.0,112.73576448526224,85.86905352452959,0.09176105448439535,0.02850345417052366,0.09608609691177655,False,72.74379875715181
2019-12-02 09:30:00,-425334.33226,-178412.91927,0.0,112.75635007384581,85.86955419834143,0.0923910419135891,0.03280417601402705,0.09804192261394022,False,70.45218790246639
2019-12-02 10:00:00,-425212.38749,-178542.72494,1.3015628661377063e-10,112.77708189933739,85.87011157234065,0.09255062634958242,0.03770468402112934,0.09993628787799368,False,67.83425240678599
2019-12-02 10:30:00,-425080.18997,-178667.56924,0.0,112.79774463243204,85.87077031036802,0.09223966398855049,0.043270566510141655,0.10188472672009917,False,64.86824768207867
2019-12-02 11:00:00,-424940.11531,-178788.48724,1.1641532182693481e-10,112.81834383767001,85.87150720342476,0.09357518299026718,0.0495266868746668,0.10587354525302003,False,62.10900204915208
2019-12-02 11:30:00,-424785.20547,-178908.93095,5.820766091346741e-11,112.83961183246778,85.87236770387747,0.09673095390510306,0.05680756046081446,0.11217832397081115,False,59.57539753483758
2019-12-02 12:00:00,-424616.47546,-179030.03554,0.0,112.86163197246175,85.8733394275165,0.10056607215369995,0.06283398012540814,0.1185818026799364,False,58.00273561359751
2019-12-02 12:30:00,-424436.11805,-179154.64802,5.820766091346741e-11,112.88462672889928,85.87439429354258,0.10401895992899712,0.06682425896790611,0.1236342412575096,False,57.2823441765409
2019-12-02 13:00:00,-424249.22123,-179281.47827,1.1641532182693481e-10,112.90820402594002,85.87549472751901,0.11068924308984007,0.06762371022941374,0.12971150573867155,False,58.57786556405915
2019-12-02 13:30:00,-424056.76214,-179426.93842,1.1641532182693481e-10,112.93419854598892,85.87657531963548,0.11553625183850408,0.0669853940013001,0.13355024709224483,False,59.89577931904364
2019-12-02 14:00:00,-423865.05861,-179570.5619,5.820766091346741e-11,112.95995950581278,85.87765524780193,0.11928075855857269,0.07184202613470422,0.13924502174745076,False,58.939717589282395
2019-12-02 14:30:00,-423651.11235,-179721.44134,0.0,112.9876470294339,85.87889241007848,0.1283952224853776,0.07771991931334989,0.15008570556566417,False,58.81273218928504
2019-12-02 15:00:00,-423426.97232,-179886.81136,8.231806349783991e-11,113.01750855740333,85.88016190589592,0.13465986134316543,0.08118385486558821,0.15723897909805135,False,58.915028660442715
2019-12-02 15:30:00,-423192.56555,-180053.34362,5.820766091346741e-11,113.04802245412087,85.88151084481967,0.13783006024405087,0.08520902760375601,0.16204229044313198,False,58.27489615214489
2019-12-02 16:00:00,-422950.44678,-180223.29799,0.0,113.07932542098722,85.88291015923751,0.14251511507800202,0.08860813416657976,0.16781525397346558,False,58.12890233777762
2019-12-02 16:30:00,-422697.98722,-180400.28925,5.820766091346741e-11,113.11196254166954,85.8843687067922,0.14745084812536202,0.09198065060262955,0.17378778063538183,False,58.043858201304204
2019-12-02 17:00:00,-422437.52958,-180581.53864,1.1641532182693481e-10,113.14550315159953,85.88587681099541,0.1537343172704907,0.09607351364206192,0.18128530092138015,False,57.99741340892075
2019-12-02 17:30:00,-422162.42068,-180773.23776,6.507814330688532e-11,113.18098631776733,85.88746731920867,0.16102479046201768,0.10103368762624015,0.19009678897523064,False,57.89412062807071
2019-12-02 18:00:00,-421874.98591,-180971.25316,5.820766091346741e-11,113.21782788899664,85.8891354266311,0.16724808523864615,0.10536301063527653,0.19766963860472564,False,57.789877431329614
2019-12-02 18:30:00,-421576.47098,-181177.03565,2.9103830456733704e-11,113.25613663916873,85.89086556075799,0.17481661248151578,0.10914696918520013,0.20609199130928763,False,58.02135434825993
2019-12-02 19:00:00,-421265.49278,-181394.31342,1.1999816708318134e-10,113.2964122580734,85.89265568383851,0.1854353137082515,0.1133526465674385,0.21733632474558937,False,58.56344614688987
2019-12-02 19:30:00,-420937.65611,-181628.7902,1.1999816708318134e-10,113.3395312198338,85.89452141135585,0.1932335042864387,0.1191713216953404,0.22702641056368625,False,58.33695882952259
2019-12-02 20:00:00,-420595.9828,-181863.06456,2.9103830456733704e-11,113.38335273889176,85.89649931385203,0.1943962788868926,0.127057248833032,0.2322357804604827,False,56.83140211136862
2019-12-02 20:30:00,-420240.06875,-182089.60414,6.507814330688532e-11,113.42703692113103,85.89861943151335,0.19426511489717,0.1360623173208447,0.23717480696888718,False,54.9927930404678
2019-12-02 21:00:00,-419868.48612,-182310.02436,2.346425826049686e-10,113.47084478002878,85.90088775955411,0.20088408928198653,0.1437681104433683,0.24702972879212268,False,54.40957505874803
2019-12-02 21:30:00,-419477.29449,-182546.8157,1.1999816708318134e-10,113.51756106823818,85.90325625301446,0.21206396960762486,0.1505707685556329,0.2600820707953118,False,54.624287122595035
2019-12-02 22:00:00,-419066.82392,-182793.74628,2.346425826049686e-10,113.56646190770861,85.90574401908773,0.21771161687874713,0.15680305591814303,0.26830122338376816,False,54.23732769429512
2019-12-02 22:30:00,-418646.52595,-183039.51877,8.231806349783991e-11,113.61578275458606,85.90831362433515,0.2197025264313796,0.16262149840329493,0.2733403590091736,False,53.491544587122235
2019-12-02 23:00:00,-418213.56816,-183283.90991,6.507814330688532e-11,113.6656443981039,85.91098904144717,0.22299604824150612,0.16860049579928288,0.27955923292764295,False,52.90818811599269
2019-12-02 23:30:00,-417768.37043,-183531.15938,5.820766091346741e-11,113.71651799959645,85.9137514533114,0.22663480851763473,0.1714065075806385,0.28415405552765993,False,52.89936505862147
2019-12-03 00:00:00,-417320.45914,-183782.70084,1.1641532182693481e-10,113.7680913240782,85.91651738695874,0.22982270085876574,0.1708533658803802,0.2863727404322429,False,53.37237841548051
2019-12-03 00:30:00,-416872.00981,-184040.4518,6.507814330688532e-11,113.82047605208771,85.91926194540288,0.23307417777290368,0.17004943412265133,0.2885140939190823,False,53.885748048860194
2019-12-03 01:00:00,-416421.55342,-184303.05059,8.231806349783991e-11,113.87359117844801,85.92200194935259,0.23479853943737058,0.16965375276409567,0.2896769751790145,False,54.149995631580566
2019-12-03 01:30:00,-415971.41229,-184566.22109,5.820766091346741e-11,113.92682734683493,85.92473378079397,0.23581601771863514,0.1686329948384301,0.2899073665170543,False,54.431286418636034
2019-12-03 02:00:00,-415522.34114,-184832.82137,6.507814330688532e-11,113.98047488047364,85.92744083798085,0.23671503515579878,0.16775642011101627,0.2901313915405826,False,54.6753675416694
2019-12-03 02:30:00,-415073.27227,-185099.38933,1.1641532182693481e-10,114.03418986319713,85.93014441517785,0.2377150345725581,0.1652474714378041,0.28950848774849486,False,55.19492665013826
2019-12-03 03:00:00,-414630.4846,-185372.11391,1.7703168939037188e-10,114.08836181113227,85.93277052055605,0.23740246573539156,0.16213336164949732,0.2874841868642699,False,55.668984831356966
2019-12-03 03:30:00,-414191.60003,-185641.38677,1.1641532182693481e-10,114.1420045544374,85.93537371991025,0.23695782033144747,0.1613483078827892,0.2866745281200788,False,55.74843538913848
2019-12-03 04:00:00,-413751.539,-185912.98085,5.820766091346741e-11,114.19604432317506,85.93797443863814,0.2389909944593523,0.15908846906879792,0.28709900108381436,False,56.34959542561785
2019-12-03 04:30:00,-413316.56546,-186191.43526,6.507814330688532e-11,114.25067973240685,85.94050473377409,0.2401666215201363,0.15743915251656207,0.28717084259640585,False,56.75350132273553
2019-12-03 05:00:00,-412879.6556,-186468.4922,6.507814330688532e-11,114.30532293415516,85.94305229256516,0.2392493023773264,0.1556344320003791,0.2854160211202552,False,56.95553335757859
2019-12-03 05:30:00,-412451.43304,-186745.77935,1.8406878575731415e-10,114.35960781044328,85.94552440084708,0.23814975816989914,0.15328904391095796,0.2832187110688788,False,57.23196947744401
2019-12-03 06:00:00,-412023.32275,-187021.89299,6.507814330688532e-11,114.41381766075294,85.94799629109366,0.2385139519651555,0.15258479817735088,0.2831448850268346,False,57.39168729029234
2019-12-03 06:30:00,-411596.34366,-187300.61144,0.0,114.46833464486923,85.95044565583396,0.23860481574716075,0.15284995588449157,0.28336437163416917,False,57.3564246899615
2019-12-03 07:00:00,-411166.70151,-187575.81357,1.7462298274040222e-10,114.52265208638264,85.95292612809214,0.239582185305733,0.15103411533433553,0.2832153377038326,False,57.7724109999163
2019-12-03 07:30:00,-410743.68467,-187859.63404,5.820766091346741e-11,114.57768074317713,85.9553168618063,0.24212555800539112,0.1487560361254397,0.28417097691913423,False,58.43444898581242
2019-12-03 08:00:00,-410317.15578,-188145.75462,2.9103830456733704e-11,114.63322559896103,85.95772386884573,0.24344865332499876,0.1494227095940623,0.28564732266938353,False,58.459435905004
2019-12-03 08:30:00,-409889.41989,-188432.08056,1.3015628661377063e-10,114.68892428933059,85.96013612535602,0.2441655968778626,0.15076336706897225,0.2869606794470221,False,58.30617995296217
2019-12-03 09:00:00,-409456.87167,-188717.69955,6.507814330688532e-11,114.74486384742346,85.9625863621892,0.2441048318552166,0.14955595902266072,0.28627635916060434,False,58.5054051821034
2019-12-03 09:30:00,-409032.61691,-189004.80605,2.9103830456733704e-11,114.80060060498865,85.96495970330669,0.24350770123811422,0.1457751646801198,0.28380697524864806,False,59.09327666126825
2019-12-03 10:00:00,-408612.76923,-189293.3491,5.820766091346741e-11,114.85633303311366,85.96728798242857,0.2431512035435739,0.14383092100073513,0.2825063567791143,False,59.394466144255375
2019-12-03 10:30:00,-408194.84529,-189581.41186,2.9103830456733704e-11,114.91197115866949,85.96959861928622,0.23959602146063472,0.14416778012879447,0.27962582557236976,False,58.96417637611495
2019-12-03 11:00:00,-407778.72934,-189857.02247,2.9103830456733704e-11,114.9661379280147,85.97193785206876,0.23934661014545172,0.13837833616738582,0.27646946252447646,False,59.96562922325404
2019-12-03 11:30:00,-407379.54633,-190152.27955,1.1641532182693481e-10,115.02172373283429,85.97406156682118,0.23912218081583175,0.13436330838603838,0.2742861935981485,False,60.66826671788499
2019-12-03 12:00:00,-406976.31621,-190432.48034,6.507814330688532e-11,115.0758479412815,85.97627149573442,0.23357803024776902,0.13729187047923183,0.2709386534145947,False,59.553953131978915
2019-12-03 12:30:00,-406575.49977,-190704.43317,6.507814330688532e-11,115.12894807065486,85.97848962945675,0.22964671169157685,0.1357622657134775,0.26677519559061535,False,59.4093209788702
2019-12-03 13:00:00,-406182.75374,-190973.41371,1.1641532182693481e-10,115.18132501976797,85.98065020109959,0.22741595042211446,0.1336438129098555,0.26377771557786694,False,59.55884563415299
2019-12-03 13:30:00,-405791.76175,-191240.61826,0.0,115.23345754584992,85.98279997539206,0.22584610294183105,0.13427395755608018,0.2627469464937398,False,59.26693291093153
2019-12-03 14:00:00,-405398.88538,-191502.8062,0.0,115.28516902977046,85.98498087868222,0.22286799692125667,0.13609384770505414,0.2611353661127878,False,58.58976688342898
2019-12-03 14:30:00,-405006.07127,-191756.8107,5.820766091346741e-11,115.33598755209097,85.98718937475215,0.219910424590278,0.13757871500774632,0.2594002653557992,False,57.96938700135638
2019-12-03 15:00:00,-404612.46225,-192006.39094,5.820766091346741e-11,115.38639422701587,85.98941813466949,0.21729500500951715,0.1431296740326647,0.2601984296470348,False,56.62757186514608
2019-12-03 15:30:00,-404205.18824,-192242.62974,2.9103830456733704e-11,115.43606595548981,85.99180567786878,0.21512330057629636,0.15123689229010676,0.2629650776061508,False,54.89185267323114
2019-12-03 16:00:00,-403788.15942,-192471.91971,1.1641532182693481e-10,115.48553101173623,85.9942958777824,0.21783163012444007,0.1518009502842807,0.2655073399924784,False,55.128406300727534
2019-12-03 16:30:00,-403374.45554,-192715.37421,0.0,115.53651192488516,85.99670150385113,0.21964613410833794,0.14899521905335594,0.26541288501030896,False,55.84930342704979
2019-12-03 17:00:00,-402963.30437,-192954.17315,1.1641532182693481e-10,115.58687420669979,85.99910134002086,0.2197010767799703,0.14843407485345217,0.2651438057279081,False,55.95631846206129
2019-12-03 17:30:00,-402550.9135,-193197.95327,2.3283064365386963e-10,115.63794195623255,86.00148878230944,0.22024197530241724,0.14626543304391537,0.26438627912324547,False,56.41136915559849
2019-12-03 18:00:00,-402145.52847,-193441.15152,1.1641532182693481e-10,115.68861341055197,86.0038187395858,0.22080694542220242,0.14076944129309257,0.26186206817455043,False,57.481564381931776
2019-12-03 18:30:00,-401749.65562,-193694.61774,1.1641532182693481e-10,115.74000143367148,86.00602885179107,0.221835567080487,0.1383255504357173,0.26142872207403955,False,58.05440108397403
2019-12-03 19:00:00,-401350.14229,-193944.25362,1.1641532182693481e-10,115.79120659677565,86.0082800409944,0.21679782707610976,0.13363837384658847,0.254677271834931,False,58.34951657793471
2019-12-03 19:30:00,-400976.90388,-194188.02122,6.507814330688532e-11,115.84031735639344,86.01033909517363,0.2151661958749461,0.13005503030752238,0.2514175864087201,False,58.849560849967474
2019-12-03 20:00:00,-400591.13832,-194437.33067,0.0,115.89082410229928,86.01247449871195,0.2180533066917295,0.13337328494424025,0.2556084460576664,False,58.54777185026751
2019-12-03 20:30:00,-400202.18041,-194684.56319,0.0,115.94132425040078,86.01464065543566,0.2161943161654004,0.1316923332936901,0.2531459124508264,False,58.65278698583194
2019-12-03 21:00:00,-399824.34678,-194929.81875,0.0,115.99102240386522,86.01672189029252,0.21287991878780177,0.13147430034963625,0.25020661756941487,False,58.30058784197382
2019-12-03 21:30:00,-399440.8964,-195166.00487,0.0,116.04004004993696,86.01888100393231,0.21034348547211318,0.13362816928976576,0.2492004604897258,False,57.57279621090436
2019-12-03 22:00:00,-399059.69293,-195399.00076,5.820766091346741e-11,116.08861395612358,86.02103168781859,0.20899275965606595,0.13088598463089124,0.24659504164004606,False,57.94230326903562
2019-12-03 22:30:00,-398686.84952,-195634.51253,1.1641532182693481e-10,116.13705659998153,86.02310233911824,0.2088554558873486,0.12424783040373846,0.2430187746120624,False,59.25164294638506
2019-12-03 23:00:00,-398326.92163,-195876.95423,2.9103830456733704e-11,116.18561669626018,86.02503891231775,0.2096297457239253,0.11970476859369403,0.2413997968440475,False,60.272358500561154
2019-12-03 23:30:00,-397967.11985,-196121.5633,5.820766091346741e-11,116.23446794285388,86.02696302835358,0.21156733936284916,0.11555033020415767,0.24106558836832115,False,61.358249638229324
2019-12-04 00:00:00,-397617.10894,-196376.25922,6.507814330688532e-11,116.28397481166105,86.02876558890044,0.21206061396424022,0.1119737706159469,0.2398079008307341,False,62.164727719349344
2019-12-04 00:30:00,-397267.63405,-196627.54856,5.820766091346741e-11,116.33310121745625,86.03057441370889,0.21297685862699167,0.11345297454626403,0.24131042195482738,False,61.95572955109992
2019-12-04 01:00:00,-396910.95384,-196882.23857,0.0,116.38308037401562,86.03242460534247,0.21282178134529922,0.11319006729976101,0.2410499988598025,False,61.99355302445883
2019-12-04 01:30:00,-396562.13382,-197132.83219,6.507814330688532e-11,116.43217884438974,86.03422505262243,0.2114560298978197,0.11184784862587804,0.2392145351402898,False,62.12378310173972
2019-12-04 02:00:00,-396211.53635,-197384.66563,1.3015628661377063e-10,116.48156808922867,86.03603188302814,0.21259134824429066,0.11163167141846819,0.2401181197077932,False,62.296045413709464
2019-12-04 02:30:00,-395861.15758,-197638.6615,8.231806349783991e-11,116.53124020790293,86.03782535648672,0.213367437434785,0.10995261370578782,0.24003174918793785,False,62.737020785350865
2019-12-04 03:00:00,-395514.2819,-197895.08678,1.6463612699567982e-10,116.58103565404089,86.03957804175333,0.21500786423976,0.10732365253863485,0.24030553068786556,False,63.473394758404766
2019-12-04 03:30:00,-395169.28119,-198157.99272,1.8406878575731415e-10,116.63151704796448,86.04128669050904,0.21676209664720253,0.1038620113214215,0.24036040426539113,False,64.39849175101591
2019-12-04 04:00:00,-394830.2572,-198425.03951,1.1999816708318134e-10,116.68217373190325,86.04292776077583,0.21843747706236055,0.09958614910802398,0.24006734988235048,False,65.49164835080279
2019-12-04 04:30:00,-394495.83379,-198699.64171,5.820766091346741e-11,116.73347923661659,86.04449847468052,0.2220829526348801,0.09611472190152301,0.24198941633309815,False,66.59764309029936
2019-12-04 05:00:00,-394161.58277,-198983.42787,5.820766091346741e-11,116.78587923895996,86.04602755538691,0.2255811642412596,0.09273408294511278,0.24389848667040392,False,67.65294327774052
2019-12-04 05:30:00,-393831.83797,-199274.14517,8.731149137020111e-11,116.83885845466246,86.04748926814482,0.22832126717193219,0.08902833805651196,0.24506457520437633,False,68.69790976235493
2019-12-04 06:00:00,-393504.50604,-199572.14198,8.231806349783991e-11,116.89257816369819,86.04889882018898,0.23007462235688694,0.08504122094720586,0.24528828164601674,False,69.71445167778523
2019-12-04 06:30:00,-393184.15585,-199874.36484,2.9103830456733704e-11,116.94641453646973,86.05023198057285,0.23236120327547327,0.08133281847303411,0.2461843946077682,False,70.70854848593751
2019-12-04 07:00:00,-392864.4308,-200185.14055,5.820766091346741e-11,117.00124057563696,86.05152187221063,0.23398668880545515,0.07885704144727033,0.24691740222989025,False,71.37540790925641
2019-12-04 07:30:00,-392548.77885,-200496.01103,6.507814330688532e-11,117.05587252895195,86.05277526117735,0.23634423512848274,0.06838225493940554,0.24603806670729916,False,73.86308360269652
2019-12-04 08:00:00,-392258.18334,-200830.89137,1.1999816708318134e-10,117.11183323516873,86.0537272219652,0.23781543077086442,0.05773972218686582,0.24472444632882154,False,76.35309678039312
2019-12-04 08:30:00,-391973.59052,-201163.34415,2.9103830456733704e-11,117.16718358199506,86.05463750066252,0.23536477582685833,0.0576595092365846,0.2423245689265351,False,76.23481560841594
2019-12-04 09:00:00,-391686.6357,-201489.95131,2.9103830456733704e-11,117.22202379887113,86.0555868668018,0.2291475069654879,0.058709072554504416,0.23654880077630577,False,75.62956205324241
2019-12-04 09:30:00,-391408.29089,-201800.2252,8.231806349783991e-11,117.27448816623942,86.05653111440606,0.2213931511150115,0.06069308214612086,0.22956170756689823,False,74.66948126097873
2019-12-04 10:00:00,-391127.19725,-202098.22936,1.1641532182693481e-10,117.32572322695465,86.0575443906879,0.21462680880989893,0.06673871318605819,0.22476370458250558,False,72.72679496820876
2019-12-04 10:30:00,-390840.15499,-202376.37123,0.0,117.37504459989385,86.05868365761405,0.20794837383498221,0.07216891781956868,0.22011560344478348,False,70.86056205384148
2019-12-04 11:00:00,-390552.26101,-202643.54735,5.820766091346741e-11,117.42317805140017,86.0598720195068,0.2026375688518494,0.07466738580907828,0.21595648361128164,False,69.7722926938298
2019-12-04 11:30:00,-390265.58245,-202900.09305,2.9103830456733704e-11,117.47003889065039,86.06109186798189,0.19866633664692213,0.07776497383775927,0.21334409875291974,False,68.62288212935476
2019-12-04 12:00:00,-389973.96102,-203148.97059,1.1999816708318134e-10,117.51634014069079,86.06238008951208,0.19707934749439815,0.08090597593745581,0.21304001068158515,False,67.68062989343053
2019-12-04 12:30:00,-389679.48522,-203394.75778,1.1999816708318134e-10,117.56248671300375,86.06370121628633,0.1972252049798961,0.08403482556268088,0.2143819800886078,False,66.92184295737331
2019-12-04 13:00:00,-389377.23712,-203638.41664,8.231806349783991e-11,117.60888797219134,86.0650903240441,0.19723935424516587,0.08740007948426734,0.2157362666704564,False,66.10106142654519
2019-12-04 13:30:00,-389071.60612,-203878.15109,2.9103830456733704e-11,117.65507335694336,86.06652001015063,0.1990597900876556,0.08942968072479535,0.2182257267699671,False,65.80750436255016
2019-12-04 14:00:00,-388759.45489,-204123.73334,8.231806349783991e-11,117.70236339584365,86.06797450036963,0.20413323820585005,0.09085605834689792,0.22343948236321448,False,66.00700778599372
2019-12-04 14:30:00,-388440.38644,-204376.74144,0.0,117.75096666795817,86.06945017435613,0.20912468140679186,0.08854434286435338,0.22709740867471906,False,67.05197940423773
2019-12-04 15:00:00,-388126.81046,-204641.56548,5.820766091346741e-11,117.8006367718512,86.07083011979633,0.21433615461719663,0.08472287827750731,0.23047332444279128,False,68.43208462931449
2019-12-04 15:30:00,-387810.71248,-204917.03708,0.0,117.85172538615957,86.07218252208371,0.22520592561447328,0.07707099734518234,0.23802866962543143,False,71.10779413014251
2019-12-04 16:00:00,-387502.72923,-205228.76709,6.507814330688532e-11,117.90653984628983,86.07331553198613,0.23711140668421665,0.06610800288986873,0.2461546002532857,False,74.42122876708964
2019-12-04 16:30:00,-387200.88737,-205559.9887,2.9103830456733704e-11,117.96325965969145,86.07431447053729,0.242359505789303,0.059833472151810715,0.24963608400264714,False,76.13218108907512
2019-12-04 17:00:00,-386903.35992,-205898.39383,5.820766091346741e-11,118.02057233147518,86.07524520415335,0.24387777967436358,0.055016647972510685,0.250006405863987,False,77.28738690889838
2019-12-04 17:30:00,-386613.58866,-206241.98704,8.731149137020111e-11,118.07803331800551,86.07608882317528,0.24387903560002144,0.05006291726591726,0.2489644145061109,False,78.39960757438894
2019-12-04 18:00:00,-386331.10998,-206588.20055,5.820766091346741e-11,118.13537139895193,86.07685981031278,0.24437225182473116,0.045339392832892664,0.24854266837777608,False,79.48919410013673
2019-12-04 18:30:00,-386054.80675,-206940.80518,5.820766091346741e-11,118.1930871409466,86.07755105442533,0.24504508126123933,0.040071358136758814,0.2482998300306542,False,80.71282351804649
2019-12-04 19:00:00,-385787.195,-207297.55015,5.820766091346741e-11,118.2507620920912,86.07815216876796,0.2430725635392323,0.03572570619257248,0.24568393766889224,False,81.6387881973152
2019-12-04 19:30:00,-385527.32002,-207650.75665,5.820766091346741e-11,118.30756698469064,86.07870331618078,0.23618356639497176,0.03470047175514032,0.23871908129656777,False,81.64180890536727
2019-12-04 20:00:00,-385274.01459,-207986.89389,5.820766091346741e-11,118.3620137900013,86.0792714623136,0.22512431054850782,0.03500921595519166,0.22783020081134597,False,81.16070052820652
2019-12-04 20:30:00,-385031.41967,-208304.05014,5.820766091346741e-11,118.41362428668451,86.07983258985047,0.2123141599325703,0.03504797112991773,0.21518750611547266,False,80.62637618292018
2019-12-04 21:00:00,-384799.34705,-208599.1129,2.9103830456733704e-11,118.46205059023872,86.08040199619029,0.20105280627890568,0.03745567280083398,0.20451200047328838,False,79.44690706888764
2019-12-04 21:30:00,-384567.9356,-208876.09609,0.0,118.5083696377148,86.08104070399074,0.19289801206880985,0.04140947623569488,0.19729264502817456,False,77.88417624115397
2019-12-04 22:00:00,-384336.9047,-209138.1928,2.9103830456733704e-11,118.55296772404448,86.08173759959402,0.18697147110952705,0.04581540640954869,0.19250294146670288,False,76.23156123729757
2019-12-04 22:30:00,-384101.33933,-209388.49398,6.507814330688532e-11,118.59650950097014,86.0825183662146,0.1837055911552833,0.052030117707032905,0.1909316039065293,False,74.18652264991505
2019-12-04 23:00:00,-383855.90287,-209629.20446,1.049353530241639e-10,118.63958573431404,86.08341566240271,0.182462894499258,0.05882720320874266,0.1917116264247165,False,72.13034691874907
2019-12-04 23:30:00,-383600.63701,-209863.48932,5.820766091346741e-11,118.68256119855624,86.08441562439427,0.18316931865454106,0.06440847496276528,0.19416346449164418,False,70.62661575925188
2019-12-05 00:00:00,-383335.99676,-210096.41161,2.9103830456733704e-11,118.72599250776295,86.08549289444777,0.18514662961619094,0.07056720497982272,0.19813885251736799,False,69.13604201438199
2019-12-05 00:30:00,-383057.51293,-210325.88843,0.0,118.7699252727478,86.08669147992262,0.18507823683654212,0.07564933058906523,0.19994192899213725,False,67.7680817589499
2019-12-05 01:00:00,-382776.59956,-210549.37273,5.820766091346741e-11,118.81334986556539,86.0879327066473,0.185993540986147,0.07753354068671639,0.20150694087297405,False,67.37062545443774
2019-12-05 01:30:00,-382490.24113,-210778.0434,1.1641532182693481e-10,118.8577426913093,86.0891919821228,0.19167551298776275,0.0796346623580635,0.20756006775872082,False,67.43877572460747
2019-12-05 02:00:00,-382192.48048,-211015.35236,6.507814330688532e-11,118.90387979339428,86.09050092820792,0.19986859468050228,0.07819046523449887,0.21461874101099904,False,68.63409754872731
2019-12-05 02:30:00,-381896.04227,-211271.88641,5.820766091346741e-11,118.95217220896257,86.09171359847473,0.20613152467876728,0.07389294906612896,0.2189757369849061,False,70.27852467052605
2019-12-05 03:00:00,-381600.48882,-211535.91236,1.049353530241639e-10,119.00129869840724,86.09288401639108,0.21095095993037605,0.07073308994987783,0.22249376959682404,False,71.46339648536053
2019-12-05 03:30:00,-381305.14182,-211812.62824,5.820766091346741e-11,119.05189860615859,86.09399473749403,0.21659708467051492,0.06535653180435369,0.22624273101529627,False,73.20920874895529
2019-12-05 04:00:00,-381016.16098,-212103.29988,5.820766091346741e-11,119.10372256983487,86.09499176716785,0.22026635665084138,0.05841290919196018,0.22788009090858255,False,75.14748632952416
2019-12-05 04:30:00,-380735.71701,-212403.18694,5.820766091346741e-11,119.15608401662202,86.09587858895463,0.2206287939200699,0.051381618978509305,0.22653285738602552,False,76.8902225731506
2019-12-05 05:00:00,-380467.66646,-212706.80948,5.820766091346741e-11,119.20810281998533,86.0966489054068,0.2192875055290599,0.04595796340333594,0.22405165583262232,False,78.1633487347533
2019-12-05 05:30:00,-380206.07368,-213011.51157,5.820766091346741e-11,119.25985095612515,86.09736080303466,0.21911119199544,0.041024103521118724,0.2229185760033785,False,79.3953113863538
2019-12-05 06:00:00,-379953.27985,-213322.78326,6.507814330688532e-11,119.31180475737513,86.0979719671278,0.22004175539202384,0.036035040749158004,0.2229728644427315,False,80.6995381139613
2019-12-05 06:30:00,-379705.14979,-213638.73263,1.049353530241639e-10,119.36401016298682,86.09852295862723,0.21838123513163732,0.031468199287594395,0.22063683152189986,False,81.80026150762097
2019-12-05 07:00:00,-379469.04433,-213952.39956,2.9103830456733704e-11,119.41519200512361,86.09898691518383,0.21404957091132515,0.02703787230300922,0.21575047009449655,False,82.80075799197766
2019-12-05 07:30:00,-379241.90385,-214262.16564,2.9103830456733704e-11,119.46535915888401,86.09939502167853,0.2096086208609988,0.021693605773463312,0.21072822893647727,False,84.09116645556327
2019-12-05 08:00:00,-379029.86768,-214570.97101,6.507814330688532e-11,119.51444790507166,86.09968662199739,0.2033589959865863,0.015846606803857632,0.20397547939855049,False,85.54427078940125
2019-12-05 08:30:00,-378831.59887,-214871.1513,2.9103830456733704e-11,119.56166339174577,86.09990619972965,0.19689884926347098,0.0176104079285411,0.19768480798657415,False,84.88912985780303
2019-12-05 09:00:00,-378625.01172,-215156.25655,6.507814330688532e-11,119.607700502193,86.10025464262803,0.19117659430098966,0.02169788277986623,0.19240397169927134,False,83.52483536643007
2019-12-05 09:30:00,-378423.65687,-215430.93099,6.507814330688532e-11,119.65221246281862,86.10060606267376,0.18486473657652777,0.018226614198873795,0.18576108390796925,False,84.36915965137928
2019-12-05 10:00:00,-378238.73672,-215702.1546,8.231806349783991e-11,119.69526660491661,86.10084254701516,0.1790610035859123,0.015223310859841646,0.1797069620207561,False,85.14054414410651
2019-12-05 10:30:00,-378056.7141,-215963.74514,5.820766091346741e-11,119.73703608596593,86.1010970960306,0.174547661729654,0.01374136852149925,0.17508772493848154,False,85.49863973765838
2019-12-05 11:00:00,-377884.0974,-216223.23902,8.731149137020111e-11,119.77795673336216,86.10128576301383,0.1705972398244085,0.0166650836476578,0.17140928577148373,False,84.4206659712217
2019-12-05 11:30:00,-377699.63012,-216467.00516,2.9103830456733704e-11,119.81786097176614,86.10163461211249,0.16735972700572074,0.022302179636567665,0.16883917033665827,False,82.40954470494421
2019-12-05 12:00:00,-377514.85152,-216706.04733,2.9103830456733704e-11,119.85725346810104,86.10200505687432,0.16637868507922954,0.02293616333822525,0.16795217901941964,False,82.15095182364769
2019-12-05 12:30:00,-377329.83123,-216945.36027,8.731149137020111e-11,119.89670018936391,86.10237432591202,0.16692470876390025,0.02508075378598748,0.1687984081867665,False,81.45511998698333
2019-12-05 13:00:00,-377137.05049,-217182.00363,8.231806349783991e-11,119.93635965434467,86.10281392850062,0.16753418292430336,0.026631497196770992,0.16963767002365826,False,80.96774484414402
2019-12-05 13:30:00,-376945.76806,-217420.17035,1.1999816708318134e-10,119.97610322367467,86.10323321662403,0.1695793478855293,0.026448896474367545,0.1716295410294894,False,81.13513209656884
2019-12-05 14:00:00,-376749.54885,-217663.25336,6.507814330688532e-11,120.01674108785845,86.10366689131035,0.17253524112306357,0.026698512316727013,0.17458871667241302,False,81.20368230821362
2019-12-05 14:30:00,-376551.82379,-217909.90959,6.507814330688532e-11,120.0578946042178,86.10409424734746,0.17482469830657663,0.025665547926285948,0.17669860069718157,False,81.64821863565481
2019-12-05 15:00:00,-376354.34327,-218161.70576,6.507814330688532e-11,120.09962667077092,86.10449460428818,0.1772664886428523,0.02301468864364367,0.17875425558327374,False,82.60260913762778
2019-12-05 15:30:00,-376160.10306,-218420.46501,5.820766091346741e-11,120.14194614464262,86.10483646634508,0.18000315566518083,0.01592545568739638,0.1807062704730374,False,84.94402335718758
2019-12-05 16:00:00,-375979.36878,-218693.3069,2.9103830456733704e-11,120.1849820670576,86.1050081809144,0.18089748354909466,0.009056053761349506,0.18112402287969265,False,87.13406269800151
2019-12-05 16:30:00,-375804.48724,-218967.00138,5.820766091346741e-11,120.22773065033034,86.10512854834066,0.178979440056172,0.005602978120931121,0.1790671196134134,False,88.2069326487482
2019-12-05 17:00:00,-375637.56234,-219239.86997,6.507814330688532e-11,120.26985952930166,86.10518891412688,0.1769097835120241,0.0019296556387334018,0.17692030712486154,False,89.37506712484065
2019-12-05 17:30:00,-375477.45576,-219513.54389,6.507814330688532e-11,120.31162794614539,86.1051907997307,0.1738731598418919,-0.0033228724521361525,0.17390490848373788,False,91.09484059844038
2019-12-05 18:00:00,-375331.97395,-219786.28002,0.0,120.35231624641472,86.10508180081935,0.1699053437644742,-0.008892753412128487,0.17013790554421748,False,92.99609612247053
2019-12-05 18:30:00,-375196.00061,-220057.54289,0.0,120.39220118277677,86.10490403740548,0.1612552732668456,-0.018129814187375,0.16227123379956718,False,96.4147853540864
2019-12-05 19:00:00,-375094.57836,-220320.04537,5.820766091346741e-11,120.42878256793176,86.10449724495457,0.1551023291772763,-0.02669085190700908,0.15738212761218492,False,99.76413565366767
2019-12-05 19:30:00,-374996.05743,-220587.66618,2.9103830456733704e-11,120.4657435712255,86.10404321239326,0.1523656461907798,-0.027305244830174033,0.1547929796029834,False,100.16005071885093
2019-12-05 20:00:00,-374901.1949,-220842.6692,0.0,120.50101985546986,86.10361669382013,0.1439142126651518,-0.027805401861200174,0.14657571756499566,False,100.93527238229353
2019-12-05 20:30:00,-374819.34604,-221084.8698,0.0,120.53396599287656,86.1031465526805,0.1350692155484274,-0.02884856769597647,0.138115650260848,False,102.0562888262844
2019-12-05 21:00:00,-374743.60956,-221314.25265,2.9103830456733704e-11,120.56504200251796,86.10268636748744,0.1266415600727557,-0.02823874466319478,0.12975172999931256,False,102.57026569302593
2019-12-05 21:30:00,-374675.04278,-221529.12738,8.731149137020111e-11,120.59398642504375,86.10223589856437,0.11650349554297114,-0.025638606318608176,0.11929125117833106,False,102.41109487830136
2019-12-05 22:00:00,-374609.59962,-221722.25676,8.731149137020111e-11,120.62025173804265,86.10185958242563,0.10564550381397814,-0.019935230250473036,0.10750993387240382,False,100.6860207069654
2019-12-05 22:30:00,-374543.08632,-221892.97374,5.820766091346741e-11,120.64404602005825,86.10159303914226,0.09631765498618775,-0.013282667935479532,0.09722921335443639,False,97.85183881145156
2019-12-05 23:00:00,-374474.0033,-222044.95051,1.1641532182693481e-10,120.66588815112439,86.10143125480276,0.0905506423465379,-0.006273248750877272,0.0907676841131303,False,93.96305626558677
2019-12-05 23:30:00,-374396.25077,-222184.88779,5.820766091346741e-11,120.68694818665283,86.10139073994502,0.08537785745963139,-0.0031328246449217334,0.08543531550040044,False,92.10144808648676
2019-12-06 00:00:00,-374326.84176,-222315.02647,5.820766091346741e-11,120.7063383435914,86.1013302579066,0.08125671540272125,-5.885131611140654e-05,0.08125673671466413,False,90.04149726488043
2019-12-06 00:30:00,-374247.05896,-222436.50703,2.9103830456733704e-11,120.72544593927584,86.10138884838763,0.07925301708243125,0.0039930575360788215,0.07935354576296244,False,87.11566757545694
2019-12-06 01:00:00,-374168.71226,-222552.9424,5.820766091346741e-11,120.74388682104876,86.10145905324974,0.0747899955454737,0.004645257053003525,0.07493411670781511,False,86.44588608629516
2019-12-06 01:30:00,-374095.04836,-222659.36294,6.507814330688532e-11,120.76088053779749,86.10153869346452,0.07323619566578822,0.005567060368408504,0.07344748135057541,False,85.65301262404802
2019-12-06 02:00:00,-374016.64488,-222769.24925,0.0,120.77858604814472,86.10163858235241,0.07366182586605943,0.005592925344771838,0.0738738479019054,False,85.65803123020629
2019-12-06 02:30:00,-373942.05005,-222876.89159,8.231806349783991e-11,120.79578211629114,86.10171908196948,0.07257731532803056,0.004339468440156327,0.07270693011376216,False,86.57830308183884
2019-12-06 03:00:00,-373869.45636,-222985.68852,2.9103830456733704e-11,120.81297449066165,86.1017785350149,0.0724516364754687,0.0031136021116977795,0.07251850898966027,False,87.53923352135234
2019-12-06 03:30:00,-373798.81853,-223095.15867,6.507814330688532e-11,120.8301115438536,86.10181950015735,0.07283190298053815,0.0019101482413902277,0.07285694721898942,False,88.4976590619973
2019-12-06 04:00:00,-373729.1782,-223207.30861,6.507814330688532e-11,120.84748445509551,86.10184013454106,0.07380735795912433,-0.0008782768449994427,0.0738125833386339,False,90.68176375468016
2019-12-06 04:30:00,-373665.29083,-223324.89828,6.507814330688532e-11,120.8650836698764,86.10179117007172,0.0714978519954478,-0.004609104761897312,0.07164626080033139,False,93.6884652367657
2019-12-06 05:00:00,-373611.37414,-223436.76079,6.507814330688532e-11,120.88136195105966,86.10169151247239,0.06713874335083538,-0.006187815535235501,0.06742328915017008,False,95.26576662609983
2019-12-06 05:30:00,-373560.35374,-223543.76598,6.507814330688532e-11,120.89689509784223,86.10159162035629,0.06256893467542918,-0.007336273443826445,0.06299755943257418,False,96.68745604297112
2019-12-06 06:00:00,-373518.37312,-223643.6063,2.9103830456733704e-11,120.91100725639657,86.1014549346731,0.057126627245641694,-0.009886159063873589,0.05797575080582141,False,99.81818875560515
2019-12-06 06:30:00,-373485.24224,-223738.49465,1.1999816708318134e-10,120.92396085472765,86.10127279955542,0.05120069559619773,-0.012156139817756631,0.05262397709032784,False,103.35595430870842
2019-12-06 07:00:00,-373461.1911,-223824.21672,2.9103830456733704e-11,120.93526435659793,86.10106290964471,0.04468587604899452,-0.012123299801595332,0.04630120858406899,False,105.17900175316242
2019-12-06 07:30:00,-373439.97983,-223898.91593,0.0,120.94513047504094,86.100881827932,0.03923591685980972,-0.008722720688687156,0.04019381828145656,False,102.53385629863664
2019-12-06 08:00:00,-373415.49038,-223961.50795,0.0,120.95385133611846,86.10078160497982,0.033052538597488204,-0.007430462314805281,0.03387745678102459,False,102.66989125968257
2019-12-06 08:30:00,-373401.71809,-224014.71748,2.9103830456733704e-11,120.96078761920272,86.1006422039601,0.02540721653047246,-0.009281642262951795,0.02704950156516245,False,110.06801676932668
2019-12-06 09:00:00,-373397.08867,-224057.13165,2.9103830456733704e-11,120.96588648201859,86.10048227494747,0.019058159244676475,-0.00927167570839575,0.021193805798796574,False,115.94263286206319
2019-12-06 09:30:00,-373395.03746,-224090.72214,5.820766091346741e-11,120.96981494952642,86.1003431884864,0.01463387508462441,-0.006264030715354894,0.015918177684499588,False,113.17334757667368
2019-12-06 10:00:00,-373389.31493,-224113.90737,0.0,120.97281794111537,86.10028025686374,0.009633766485254682,-0.0013610176673220548,0.009729430907467257,False,98.04128824536843
2019-12-06 10:30:00,-373381.39027,-224122.98003,2.9103830456733704e-11,120.9743779868973,86.10029929807796,0.004467608613483922,0.0033401195950570335,0.005578165077564458,False,53.217096254208116
2019-12-06 11:00:00,-373370.72782,-224121.5088,5.820766091346741e-11,120.9749340150897,86.1003879806664,0.0016356805457701444,0.00800662129212546,0.008171990905729624,False,11.546135547653193
2019-12-06 11:30:00,-373353.64636,-224113.19418,8.231806349783991e-11,120.97515273638622,86.10055752059131,-0.0009981864876831593,0.011892015950666024,0.011933835076583235,False,355.20198065638533
2019-12-06 12:00:00,-373335.87129,-224096.39428,1.1641532182693481e-10,120.97446114842164,86.10077151100852,-0.003793036326718093,0.017276793288762502,0.01768826477974683,False,347.6174412256858
2019-12-06 12:30:00,-373307.34691,-224069.47671,1.1999816708318134e-10,120.973355899723,86.10111471569529,-0.005386995485731827,0.023318745630881772,0.023932898239892777,False,346.9919783058738
2019-12-06 13:00:00,-373273.87465,-224036.56375,2.9103830456733704e-11,120.97190902691652,86.10152356555542,-0.007149189365221109,0.02757312898090126,0.028484879328815972,False,345.4643759549615
2019-12-06 13:30:00,-373235.48139,-223996.32659,0.0,120.96996855807939,86.10200397816834,-0.0029655282875627395,0.02724215211582838,0.027403087598412472,False,353.7873546796414
2019-12-06 14:00:00,-373195.27799,-223976.94322,5.820766091346741e-11,120.97050409337497,86.10240215660922,-0.00026117243275106117,0.0284729611223278,0.028474158918451294,False,359.4744607559834
2019-12-06 14:30:00,-373148.07613,-223942.77288,5.820766091346741e-11,120.96984464520477,86.10292226184735,-0.0033770851754251208,0.033483121587280784,0.03365299593662806,False,354.2406625821926
2019-12-06 15:00:00,-373098.17913,-223904.491,5.820766091346741e-11,120.96890342416307,86.10348202303204,-0.004137571149834396,0.035641730381317696,0.03588108749180391,False,353.3782966594042
2019-12-06 15:30:00,-373045.72164,-223863.97604,0.0,120.96788327822232,86.10407174569718,-0.003597873866439824,0.03639374770260936,0.03657115759994472,False,354.35410337723187
2019-12-06 16:00:00,-372992.50214,-223825.9689,2.9103830456733704e-11,120.96719770458155,86.10465576046047,-0.0013651270874788478,0.03507040987070882,0.03509696882160166,False,357.77086857645855
2019-12-06 16:30:00,-372939.9928,-223794.7987,2.9103830456733704e-11,120.96723607531713,86.10520280380543,0.0008762137399543225,0.032457338419904266,0.03246916333726938,False,1.5463732194880322
2019-12-06 17:00:00,-372890.68774,-223768.55058,0.0,120.96761328577402,86.10570254370566,0.0014023285617787255,0.03042987241384778,0.03046216769237269,False,2.6385487442171893
2019-12-06 17:30:00,-372843.46269,-223742.75941,5.820766091346741e-11,120.9679011922843,86.10618419909484,-4.412910914619941e-05,0.027031712199489945,0.027031748219719855,False,359.90646506432927
2019-12-06 18:00:00,-372807.3269,-223718.3406,2.9103830456733704e-11,120.96759228604525,86.10657434460225,-0.0005273065082678097,0.02357785949210085,0.02358375522224804,False,358.7188234013378
2019-12-06 18:30:00,-372771.65814,-223697.45627,2.9103830456733704e-11,120.96765106935676,86.10694460959857,-0.0010316052750132861,0.020397112905502005,0.02042318350118883,False,357.10467315316754
2019-12-06 19:00:00,-372746.27504,-223677.37269,5.820766091346741e-11,120.96710278963484,86.10723217242378,-0.004048253217509108,0.016500426891464158,0.016989774622213984,False,346.2151972569917
2019-12-06 19:30:00,-372728.22237,-223654.39504,2.9103830456733704e-11,120.96573016759459,86.10747676444856,-0.007184984506468444,0.014111315920216713,0.015835189905976918,False,333.0164098615686
2019-12-06 20:00:00,-372716.02335,-223629.05502,1.7462298274040222e-10,120.96369334765598,86.10768727554029,-0.013292403536822747,0.011496213399358577,0.017574154725315514,False,310.85557503837606
2019-12-06 20:30:00,-372717.35377,-223592.06863,6.507814330688532e-11,120.95942225102831,86.10784752077849,-0.015251236376049984,0.01146221619702791,0.01907832831108531,False,306.9270516954847
2019-12-06 21:00:00,-372708.88272,-223560.74524,1.4551915228366852e-10,120.95645565970486,86.1080569493588,-0.015549334820105034,0.01330982562638364,0.020467859476566413,False,310.56266428824495
2019-12-06 21:30:00,-372705.05766,-223519.41754,8.231806349783991e-11,120.95204259325543,86.10827676993902,-0.021396017204270618,0.014721685443159929,0.025971476170845414,False,304.53019919360236
2019-12-06 22:00:00,-372703.04755,-223467.43019,1.4551915228366852e-10,120.94630061081081,86.10853173073588,-0.026772170882101893,0.01701867734345989,0.03172356399053012,False,302.4435233206475
2019-12-06 22:30:00,-372702.07366,-223405.2517,8.231806349783991e-11,120.9393350731724,86.10882563038817,-0.030701689999603432,0.019916714808716186,0.03659602844030325,False,302.97216892836104
2019-12-06 23:00:00,-372698.37424,-223335.7674,0.0,120.93172684493584,86.10917405944839,-0.030811458695810097,0.024413867204166738,0.039311358394569625,False,308.39201125321006
2019-12-06 23:30:00,-372683.69874,-223264.92877,0.0,120.9247079372328,86.10961300740101,-0.033226517728983614,0.028775850244149057,0.043955102521415594,False,310.89422413538523
2019-12-07 00:00:00,-372670.97935,-223179.91843,0.0,120.91595123842441,86.11010209334033,-0.03599299804919077,0.03280395800513703,0.04869903047671323,False,312.3459896580953
2019-12-07 00:30:00,-372648.95605,-223093.08924,0.0,120.90761690349161,86.11067097218417,-0.036094881274816304,0.0368529225763947,0.051584671721983714,False,315.59537096030135
2019-12-07 01:00:00,-372623.89367,-223000.28208,5.820766091346741e-11,120.89880925424123,86.11129063198904,-0.036206608099737914,0.03966497545526358,0.053705016040912504,False,317.60984129615997
2019-12-07 01:30:00,-372593.36267,-222907.9164,5.820766091346741e-11,120.89041928493484,86.11195021115184,-0.03354638391697039,0.04394682275338914,0.05528727795815753,False,322.6440445060871
2019-12-07 02:00:00,-372550.12837,-222815.42188,5.820766091346741e-11,120.88287247259528,86.11270796815911,-0.03140792096856152,0.048641922783862306,0.05790072669387345,False,327.14980940641914
2019-12-07 02:30:00,-372501.1156,-222720.99716,5.820766091346741e-11,120.87549548582804,86.11351896208025,-0.028393148232210976,0.04931899733283915,0.05690812213078991,False,330.0707899795552
2019-12-07 03:00:00,-372450.19562,-222636.57879,1.1641532182693481e-10,120.86937873357445,86.11429856357738,-0.02338549171376862,0.04926874807601525,0.05453705859021549,False,334.6085696401891
2019-12-07 03:30:00,-372392.0694,-222557.73132,6.507814330688532e-11,120.86437931679016,86.11510793377938,-0.0191015358347711,0.049545173842631546,0.053099839193199314,False,338.9164648322972
2019-12-07 04:00:00,-372332.36924,-222486.05016,6.507814330688532e-11,120.86029709040612,86.1158964474461,-0.01436170191027017,0.048129897720373536,0.0502269403441328,False,343.3851803927018
2019-12-07 04:30:00,-372269.85333,-222424.47212,6.507814330688532e-11,120.85754992521305,86.11666017372121,-0.012149921329547918,0.04414518633096014,0.04578665814961159,False,344.6116889571453
2019-12-07 05:00:00,-372218.37718,-222366.98972,5.820766091346741e-11,120.85451810757762,86.11732016999153,-0.010838309932362842,0.04185380239898304,0.04323435829803737,False,345.4818058549488
2019-12-07 05:30:00,-372160.51487,-222313.70182,1.1999816708318134e-10,120.85239403630483,86.11801000042155,-0.010508445974335801,0.04371340350410663,0.044958748678186944,False,346.48291606736734
2019-12-07 06:00:00,-372102.6784,-222253.80978,8.231806349783991e-11,120.8495179605521,86.11872996524771,-0.011135837643570724,0.042801110172153156,0.04422603206249413,False,345.41631860332774
2019-12-07 06:30:00,-372048.78818,-222200.27275,5.820766091346741e-11,120.8470946665548,86.11939037672393,-0.012480451193992584,0.040334852001238854,0.0422215815427072,False,342.8068332482171
2019-12-07 07:00:00,-372001.05149,-222140.78204,1.5672892352841165e-10,120.84357739629466,86.12003079692809,-0.013197493839103548,0.03999748274620627,0.04211855255901186,False,341.73927446475074
2019-12-07 07:30:00,-371949.52054,-222085.65766,1.049353530241639e-10,120.84081205628439,86.12068033430614,-0.012945474885638785,0.04121262146899202,0.04319798014214468,False,342.5617489884572
2019-12-07 08:00:00,-371897.55728,-222024.70811,8.231806349783991e-11,120.83741347949186,86.12135993844662,-0.014575202032975534,0.04156054509909655,0.04404220048131215,False,340.67433107600795
2019-12-07 08:30:00,-371847.95145,-221963.91025,6.507814330688532e-11,120.83387107936787,86.12202069810952,-0.016138092032385275,0.04157202280613379,0.04459451866137188,False,338.78398805816045
2019-12-07 09:00:00,-371798.829,-221898.11465,1.1641532182693481e-10,120.82972680274402,86.12270066998204,-0.02000822107235232,0.041551895589666946,0.0461182061400344,False,334.28808414918285
2019-12-07 09:30:00,-371756.41646,-221825.39734,2.9103830456733704e-11,120.8243393269354,86.12336077597666,-0.024153553826318334,0.04122557461774839,0.04778014404545467,False,329.6344905264668
2019-12-07 10:00:00,-371715.93656,-221747.39712,0.0,120.81821837949968,86.1240302254437,-0.02917623425760852,0.041228474966800044,0.05050781913271357,False,324.7140291521041
2019-12-07 10:30:00,-371682.76247,-221659.15485,1.1641532182693481e-10,120.81043525160541,86.12469041603707,-0.03448995832900453,0.04332650696109434,0.055378185515473737,False,321.4785439202643
2019-12-07 11:00:00,-371645.57111,-221560.86643,0.0,120.80177922129302,86.12542753370336,-0.0384517966808472,0.04798692679848622,0.06149216056985221,False,321.29489605096796
2019-12-07 11:30:00,-371605.26135,-221451.79275,1.3015628661377063e-10,120.79210423340243,86.12623802389083,-0.04049652597484453,0.05390905389472839,0.0674251785897226,False,323.0860941725317
2019-12-07 12:00:00,-371553.48903,-221336.28002,6.507814330688532e-11,120.78246950036663,86.12716614617977,-0.04195153680829334,0.061912601857191815,0.07478704238907126,False,325.8787135715573
2019-12-07 12:30:00,-371491.0687,-221207.97594,2.9103830456733704e-11,120.77209567745724,86.12823474769291,-0.042433996072793315,0.07022416083309119,0.08204923392340538,False,328.8569041290843
2019-12-07 13:00:00,-371414.43193,-221075.68294,8.231806349783991e-11,120.76222562813186,86.12943093859815,-0.04226793508749848,0.0752657382298193,0.08632212745200774,False,330.6821878423881
2019-12-07 13:30:00,-371336.06497,-220938.63339,1.1641532182693481e-10,120.75192475749805,86.13066212305877,-0.042646060264518476,0.07749541485915827,0.08845465380791442,False,331.1758219647383
2019-12-07 14:00:00,-371253.17764,-220801.09412,8.231806349783991e-11,120.74186799797386,86.13193022990025,-0.04230972497791293,0.08150980307480735,0.09183659850517387,False,332.56728894591686
2019-12-07 14:30:00,-371161.72254,-220657.7262,1.1999816708318134e-10,120.73172080836129,86.13329087646102,-0.04527300514782216,0.08586262005783016,0.09706716498543691,False,332.1985478516137
2019-12-07 15:00:00,-371070.76734,-220503.04035,5.820766091346741e-11,120.720241085119,86.13469934795648,-0.047983851589662424,0.09289575663082913,0.10455654744392139,False,332.6820917267347
2019-12-07 15:30:00,-370962.47162,-220338.38513,8.231806349783991e-11,120.70879070323497,86.13628683451638,-0.048815183746410376,0.10227318944037958,0.11332575807160337,False,334.48476999504294
2019-12-07 16:00:00,-370843.95605,-220163.92623,8.231806349783991e-11,120.69690409956742,86.13799772721293,-0.051172953825117926,0.10725281659690468,0.11883533931939995,False,334.4930439258429
2019-12-07 16:30:00,-370724.50829,-219982.86794,5.820766091346741e-11,120.6843158635369,86.13974580445586,-0.0553344498055233,0.10898175716159686,0.12222489406544497,False,333.08125093070333
2019-12-07 17:00:00,-370608.20698,-219792.40121,5.820766091346741e-11,120.67042674458315,86.141512444639,-0.058208981466316215,0.11372183995320453,0.12775344381146136,False,332.89418060423316
2019-12-07 17:30:00,-370479.27056,-219593.79485,1.1641532182693481e-10,120.65645047075816,86.14341340957425,-0.06421759114554214,0.11759370185742524,0.13398573703595854,False,331.3611697960421
2019-12-07 18:00:00,-370361.91313,-219377.67291,5.820766091346741e-11,120.63966904570734,86.14530486848233,-0.07413604927970574,0.11811244513380478,0.13945143777777624,False,327.88459791004533
2019-12-07 18:30:00,-370249.44583,-219147.46552,5.820766091346741e-11,120.62092526277438,86.14722257072313,-0.08223059828057541,0.12111928898461913,0.14639587923750128,False,325.82653864495865
2019-12-07 19:00:00,-370137.47001,-218900.82827,5.820766091346741e-11,120.60024527732209,86.14921099604786,-0.08862506863739479,0.12180753764107136,0.15063691120427275,False,323.96100869998463
2019-12-07 19:30:00,-370034.41623,-218649.62635,6.507814330688532e-11,120.57841499487508,86.15115090848936,-0.09713146928340965,0.13244513184914586,0.16424443757915086,False,323.74474466812353
2019-12-07 20:00:00,-369904.85946,-218357.22516,1.049353530241639e-10,120.55362765991435,86.15348234762467,-0.1050673008942393,0.15144019536678704,0.18431839433418262,False,325.24757380736486
2019-12-07 20:30:00,-369757.20581,-218046.75989,5.820766091346741e-11,120.52796040710078,86.1560349133077,-0.11468811209581792,0.15904017736516435,0.19607942541849166,False,324.2036216695829
2019-12-07 21:00:00,-369621.40477,-217710.75135,6.507814330688532e-11,120.49851598814128,86.15861135631519,-0.12596145465350975,0.17541048263240727,0.21595167393600415,False,324.3180477450479
2019-12-07 21:30:00,-369443.23673,-217335.55342,0.0,120.46738866132921,86.16169193043767,-0.1331810270667508,0.20342327369336233,0.2431423744448491,False,326.7872686498821
2019-12-07 22:00:00,-369233.30675,-216926.18014,1.1641532182693481e-10,120.43442175970118,86.16517178466492,-0.14370686279270406,0.221901864745077,0.2643711406168675,False,327.07232135130687
2019-12-07 22:30:00,-369016.52542,-216484.83662,2.9103830456733704e-11,120.39816652883486,86.16884823063994,-0.15129033680758208,0.23043068032335567,0.27565751294974017,False,326.71291260922277
2019-12-07 23:00:00,-368793.38855,-216036.64974,8.231806349783991e-11,120.36148077636781,86.17260324927281,-0.14808177310769274,0.2342491257575739,0.2771296888550663,False,327.70076489989185
2019-12-07 23:30:00,-368558.33821,-215598.60658,6.507814330688532e-11,120.32670507044075,86.17640293063184,-0.14732737236510512,0.23545396703936666,0.27774795272437475,False,327.965115909997
2019-12-08 00:00:00,-368329.54832,-215150.85207,2.9103830456733704e-11,120.29030973957278,86.1801966500435,-0.14381248886298093,0.23425907327105797,0.2748806020125464,False,328.4540862276805
2019-12-08 00:30:00,-368091.26753,-214726.19951,5.820766091346741e-11,120.2571680634468,86.18395798547527,-0.13159254734176462,0.23229754776115086,0.2669808030771852,False,330.4691959052317
2019-12-08 01:00:00,-367845.90594,-214320.27237,8.231806349783991e-11,120.2266182809059,86.18768840034194,-0.12081461938074928,0.23040897209117572,0.26016238520629287,False,332.32979371908175
2019-12-08 01:30:00,-367593.52384,-213932.82576,6.507814330688532e-11,120.1986361384137,86.19138881116352,-0.10879419729955049,0.22842899588684543,0.2530138010621673,False,334.5328755813494
2019-12-08 02:00:00,-367332.16885,-213568.12787,5.820766091346741e-11,120.17385965713193,86.1950553734972,-0.09668845833766292,0.22577466223081988,0.24560711732593335,False,336.8168715833899
2019-12-08 02:30:00,-367065.81765,-213223.38204,0.0,120.15170276278846,86.19867014621911,-0.0868614420437971,0.22287417895983241,0.23920244513998457,False,338.70749153348964
2019-12-08 03:00:00,-366795.44762,-212894.72373,5.820766091346741e-11,120.1316560043768,86.20224313961072,-0.07756979605149801,0.22080199181527946,0.2340311792241917,False,340.64314980678165
2019-12-08 03:30:00,-366518.52121,-212582.84048,1.1999816708318134e-10,120.11397858317729,86.20579107615663,-0.06796836575429331,0.21825491022065852,0.22859331700366287,False,342.70250525106053
2019-12-08 04:00:00,-366238.54337,-212288.85145,5.820766091346741e-11,120.0985706461068,86.20928190983643,-0.05948623533523753,0.214629775905416,0.2227207958399223,False,344.50889194170156
2019-12-08 04:30:00,-365957.43155,-212010.08102,2.9103830456733704e-11,120.08499530572499,86.21271291536253,-0.05223431231129448,0.21012948787945007,0.21652442139193862,False,346.0402729455001
2019-12-08 05:00:00,-365678.24951,-211746.93614,8.231806349783991e-11,120.07309776837668,86.21605860149971,-0.047564243851171153,0.20497656119656152,0.2104227837785191,False,346.93588091461766
2019-12-08 05:30:00,-365404.65387,-211492.12692,8.231806349783991e-11,120.0617784829356,86.21932340151245,-0.04624364909757793,0.19962911019752017,0.2049152427715263,False,346.95759796789235
2019-12-08 06:00:00,-365139.64932,-211242.84928,1.1999816708318134e-10,120.05050564357362,86.22249661908725,-0.045813272119535425,0.1939831268657291,0.19931961622204714,False,346.71186013282215
2019-12-08 06:30:00,-364882.77212,-210999.66542,6.507814330688532e-11,120.03937790071453,86.2255793318421,-0.0455397162707203,0.18925981560427074,0.1946616129610054,False,346.470677209487
2019-12-08 07:00:00,-364631.89893,-210759.85375,0.0,120.02822041060925,86.2286002151662,-0.04619824494065501,0.18511997501854732,0.19079749208641172,False,345.98757243076744
2019-12-08 07:30:00,-364389.01712,-210522.17434,6.507814330688532e-11,120.01675211809511,86.23154940952632,-0.04767795583390792,0.181453324068856,0.18761262294455924,False,345.27797295166283
2019-12-08 08:00:00,-364152.14275,-210284.45232,6.507814330688532e-11,120.00485150718752,86.23445203696829,-0.04957205105707897,0.17834349245736303,0.18510480692811612,False,344.4662880745734
2019-12-08 08:30:00,-363922.2671,-210046.56617,5.820766091346741e-11,119.9924360990276,86.23730093343852,-0.05187166976183326,0.17456555809641827,0.18210931935899016,False,343.45082961360123
2019-12-08 09:00:00,-363701.20738,-209808.57398,6.507814330688532e-11,119.97938821219296,86.24008171648691,-0.05443369581152793,0.171500658177151,0.17993193989644513,False,342.39074782184804
2019-12-08 09:30:00,-363485.38954,-209568.31465,5.820766091346741e-11,119.96569526546459,86.2428317653923,-0.05447771415399936,0.17114932637825767,0.1796104486358637,False,342.3434585937619
2019-12-08 10:00:00,-363265.39041,-209330.92134,5.820766091346741e-11,119.95260691359094,86.24560123251415,-0.05527595860269492,0.17299662956644302,0.1816129550467035,False,342.28025651789994
2019-12-08 10:30:00,-363045.13618,-209084.95133,5.820766091346741e-11,119.9385002297854,86.248410826409,-0.05761642638910417,0.17506502865066448,0.18430251448721213,False,341.78287886152765
2019-12-08 11:00:00,-362822.77044,-208836.64886,2.9103830456733704e-11,119.92423990262579,86.25124700710629,-0.057018451848965965,0.17801646877927052,0.18692503044775424,False,342.2398027556974
2019-12-08 11:30:00,-362592.11062,-208587.35433,5.820766091346741e-11,119.91040668039443,86.25415178804131,-0.056315544180468385,0.18206300329156166,0.19057381164232792,False,342.8121687229679
2019-12-08 12:00:00,-362355.73573,-208334.09065,2.9103830456733704e-11,119.89647079509163,86.25711845400158,-0.056050121116901094,0.18620307244021636,0.1944561654034033,False,343.24735992282416
2019-12-08 12:30:00,-362111.55652,-208078.30931,2.9103830456733704e-11,119.8827467683298,86.26015674973904,-0.05611439699227386,0.19188657585065122,0.19992319410587217,False,343.69922005987735
2019-12-08 13:00:00,-361857.43469,-207814.7661,1.3015628661377063e-10,119.86875613629104,86.26330669253461,-0.051552373313288824,0.19313250942562266,0.1998945056555355,False,345.05463252774774
2019-12-08 13:30:00,-361601.06008,-207571.11443,2.9103830456733704e-11,119.85726672837481,86.26638520359212,-0.04777743751810179,0.192851777657095,0.19868188563957642,False,346.0855980367387
2019-12-08 14:00:00,-361340.9475,-207319.96271,8.231806349783991e-11,119.84511951196168,86.26952604177333,-0.046976911083741024,0.19349552262193745,0.1991164168262035,False,346.35373568762725
2019-12-08 14:30:00,-361081.02368,-207077.76692,6.507814330688532e-11,119.83400831228747,86.27262532984848,-0.04122455367040005,0.19198271173160233,0.19635891991234627,False,347.8808767755401
2019-12-08 15:00:00,-360815.23754,-206847.38944,1.8406878575731415e-10,119.8246927776079,86.27571738198488,-0.03291679326977891,0.1898633180780382,0.1926956014826692,False,350.1643408712056
2019-12-08 15:30:00,-360546.9815,-206635.02047,8.231806349783991e-11,119.81768535386125,86.27874831573017,-0.025496944523940468,0.18614455810839448,0.1878826513902397,False,352.20051004768015
2019-12-08 16:00:00,-360279.47435,-206434.54033,0.0,119.81203854289308,86.28172042313476,-0.021239816562132766,0.18177313625581473,0.18300984364746078,False,353.3353284268362
2019-12-08 16:30:00,-360017.21286,-206243.34545,2.9103830456733704e-11,119.80713523027646,86.28461037094891,-0.018324519880473455,0.17729130066672177,0.17823578013672733,False,354.09896200323715
2019-12-08 17:00:00,-359758.45534,-206060.03748,0.0,119.80292941857172,86.28743793650527,-0.014846360006557854,0.1734024464763544,0.1740368433678032,False,355.10638761568896
2019-12-08 17:30:00,-359502.09126,-205886.70434,0.0,119.7997498198306,86.29020246757642,-0.017122991066144774,0.16758768029398866,0.16846016564568442,False,354.1661439378039
2019-12-08 18:00:00,-359265.55217,-205706.716,5.820766091346741e-11,119.794402740006,86.2928424922592,-0.018851212008989607,0.16149730140596094,0.16259380847872304,False,353.3421237731618
2019-12-08 18:30:00,-359031.2737,-205538.92415,8.731149137020111e-11,119.79035844931204,86.29541062669213,-0.016167267816366335,0.15672904792140666,0.15756070262281993,False,354.11052730060635
2019-12-08 19:00:00,-358804.80686,-205375.88278,2.9103830456733704e-11,119.78634213086096,86.29789686846782,-0.016962552092897452,0.15122445415496727,0.15217280870106872,False,353.5999956064609
2019-12-08 19:30:00,-358589.12591,-205215.48266,2.9103830456733704e-11,119.78189536550941,86.30028747865109,-0.021949045329314507,0.14574139332290068,0.1473849188979956,False,351.43546586137654
2019-12-08 20:00:00,-358388.68235,-205046.69957,1.1641532182693481e-10,119.77538310921108,86.302596882467,-0.027711694847164528,0.1427008126113868,0.1453666397467194,False,349.0102658392058
2019-12-08 20:30:00,-358192.76722,-204873.7759,8.231806349783991e-11,119.7680514766662,86.30488943980137,-0.030679156078458746,0.14206349147876862,0.14533838525601073,False,347.8138938670176
2019-12-08 21:00:00,-357999.57547,-204696.90948,1.3015628661377063e-10,119.76004738566316,86.30717828799453,-0.03402136818764035,0.14137771175998015,0.14541358559586864,False,346.4695093111253
2019-12-08 21:30:00,-357811.72697,-204514.82052,1.1999816708318134e-10,119.75103440387014,86.30944872258333,-0.0384845967637628,0.1399434857495505,0.14513870397590048,False,344.62369615399837
2019-12-08 22:00:00,-357630.93468,-204326.62645,6.507814330688532e-11,119.7407859967346,86.31169131158099,-0.04227023754490325,0.13953799692997754,0.1457999505121074,False,343.146867934802
2019-12-08 22:30:00,-357451.04812,-204133.49442,8.231806349783991e-11,119.72986575596903,86.31394867186981,-0.04449343788201044,0.13939855523379902,0.14632711032420082,False,342.2978797040141
2019-12-08 23:00:00,-357274.58811,-203938.668,5.820766091346741e-11,119.71849060171985,86.31618676326306,-0.045753025675754504,0.13825918781888163,0.14563290278924965,False,341.6894773035451
2019-12-08 23:30:00,-357100.4347,-203743.70201,1.1641532182693481e-10,119.70692543008785,86.31840738037258,-0.04809113041265345,0.1399869556769486,0.14801724421183773,False,341.04034921551175
2019-12-09 00:00:00,-356922.66478,-203538.55306,1.1999816708318134e-10,119.69436263645233,86.32070117628464,-0.04873483949390106,0.14233385322029077,0.15044603801041614,False,341.09889409847506
2019-12-09 00:30:00,-356742.23227,-203337.46588,5.820766091346741e-11,119.6824605361262,86.3229974977037,-0.04668430290382849,0.14529080866373456,0.15260682560022779,False,342.1869423607951
2019-12-09 01:00:00,-356551.47426,-203133.5333,1.1641532182693481e-10,119.67091202426708,86.3253866443896,-0.04579826121481451,0.14819938339882877,0.15511459625094418,False,342.82720932327584
2019-12-09 01:30:00,-356360.28318,-202930.1092,5.820766091346741e-11,119.65944016741223,86.32777675698864,-0.04286606368357838,0.14857607913142032,0.15463618821540664,False,343.9064853816366
2019-12-09 02:00:00,-356163.04166,-202734.75494,1.1641532182693481e-10,119.6493523237782,86.33017806390053,-0.03941184951339767,0.14853603694934564,0.15367578909732033,False,345.1398253347801
2019-12-09 02:30:00,-355965.75409,-202542.27757,6.507814330688532e-11,119.63960427070984,86.33256686878757,-0.03808531001367562,0.14792280344830208,0.15274700199625127,False,345.5617828057541
2019-12-09 03:00:00,-355768.00366,-202352.23289,1.1999816708318134e-10,119.63017156775874,86.33494839582009,-0.03641364795221156,0.14699569196194323,0.15143872428331567,False,346.0868181938231
2019-12-09 03:30:00,-355570.57899,-202166.70171,0.0,119.62125367032753,86.33730730099518,-0.035072391906755054,0.14632230201196092,0.15046690247406744,False,346.5209143641317
2019-12-09 04:00:00,-355372.49093,-201982.11423,0.0,119.61248523107226,86.33966710486672,-0.03336479140800774,0.14668770250264218,0.150434342392964,False,347.1858260778537
2019-12-09 04:30:00,-355170.82839,-201801.33802,8.231806349783991e-11,119.60441793908477,86.34203779547262,-0.03350853844283407,0.14625989543829848,0.15004925578688116,False,347.09607296720225
2019-12-09 05:00:00,-354974.28359,-201617.11772,2.9103830456733704e-11,119.59556513249039,86.34438378578854,-0.034271369083488365,0.14450844873580507,0.1485167279968337,False,346.65831895229127
2019-12-09 05:30:00,-354779.40352,-201437.12912,5.820766091346741e-11,119.58710233182886,86.34669800243822,-0.034170393229437865,0.14249006556662008,0.14652997836154247,False,346.5146172718636
2019-12-09 06:00:00,-354588.94416,-201256.8704,6.507814330688532e-11,119.57828914640032,86.34897889228105,-0.03137223405262159,0.13897332057871314,0.14247035095810723,False,347.279111440852
2019-12-09 06:30:00,-354400.04676,-201091.95098,2.9103830456733704e-11,119.57123252511042,86.35117971453911,-0.030055835640327593,0.13584635600701744,0.13913154098342945,False,347.5243546677481
2019-12-09 07:00:00,-354216.99691,-200921.41615,5.820766091346741e-11,119.56307426199275,86.3533597363514,-0.03149985760664224,0.13476805977453044,0.13840040088319883,False,346.8442165293635
2019-12-09 07:30:00,-354033.99308,-200753.94323,1.049353530241639e-10,119.55527801172322,86.35552579475846,-0.030765859310664827,0.13238737609337348,0.1359152509765256,False,346.9171000908013
2019-12-09 08:00:00,-353857.04912,-200589.98427,2.9103830456733704e-11,119.5474821507984,86.35762903697838,-0.03181545206926289,0.12856093155705314,0.13243917892069879,False,346.1000680227247
2019-12-09 08:30:00,-353687.84726,-200426.06637,2.9103830456733704e-11,119.539144347171,86.35967169063613,-0.03248144277844345,0.12693482861933184,0.13102478712666715,False,345.64654060054744
2019-12-09 09:00:00,-353517.1307,-200262.95797,2.9103830456733704e-11,119.53100179151762,86.36172249752111,-0.03310967556440042,0.12748068810664634,0.13171019875516055,False,345.440647086294
2019-12-09 09:30:00,-353347.28731,-200096.15197,8.231806349783991e-11,119.52233536001621,86.36378274514149,-0.03342731254506876,0.1272645259211066,0.13158132383400664,False,345.28311495340137
2019-12-09 10:00:00,-353177.76147,-199932.48352,6.507814330688532e-11,119.51402249464456,86.36582658681536,-0.03144446331057223,0.12892617117411612,0.13270535741448955,False,346.29343508492263
2019-12-09 10:30:00,-352999.14789,-199768.99181,1.049353530241639e-10,119.50635425671894,86.36794041972568,-0.02920343588373258,0.13119226232481446,0.1344033123152782,False,347.4505515280518
2019-12-09 11:00:00,-352818.50491,-199608.37334,5.820766091346741e-11,119.49917179673882,86.37005733497136,-0.02579699055759037,0.13056093788850281,0.13308509767871796,False,348.82313105228394
2019-12-09 11:30:00,-352635.7903,-199456.71924,1.1999816708318134e-10,119.49322869264167,86.3721508110111,-0.02279301222751238,0.13064332411187812,0.13261673929562875,False,350.1033613841747
2019-12-09 12:00:00,-352449.53266,-199305.40538,8.231806349783991e-11,119.4875674227161,86.37427037321982,-0.02168001268781533,0.13234239880596516,0.13410642591561733,False,350.696579032627
2019-12-09 12:30:00,-352259.4915,-199154.26467,5.820766091346741e-11,119.4821845226043,86.37641863886341,-0.019696573866297987,0.1347752569334227,0.13620691944075616,False,351.6854354470822
2019-12-09 13:00:00,-352062.06712,-199004.89151,5.820766091346741e-11,119.4775279613581,86.3786166562967,-0.014815305149394754,0.1377827312357843,0.13857696162588518,False,353.8627614378553
2019-12-09 13:30:00,-351853.92904,-198863.75234,5.820766091346741e-11,119.47462924420941,86.3808619083952,-0.008600283382435493,0.14014621225048193,0.14040984895090278,False,356.48836188019675
2019-12-09 14:00:00,-351638.07376,-198729.69146,0.0,119.4731396673806,86.38313613719414,-0.004739091648290894,0.1397664801870266,0.1398468017994026,False,358.05800387693694
2019-12-09 14:30:00,-351424.27949,-198601.33732,5.820766091346741e-11,119.47220949004245,86.38536913790561,0.00022995113747865947,0.13749451309915736,0.13749470538860753,False,0.09582358663539026
2019-12-09 15:00:00,-351206.73942,-198486.88121,5.820766091346741e-11,119.47325838213311,86.38757009584208,0.005437984620834613,0.1331088952836999,0.13321992974169974,False,2.339440948761535
2019-12-09 15:30:00,-350997.4698,-198382.60979,5.820766091346741e-11,119.47499028165892,86.3896616643346,0.009006999193923906,0.12743462577662645,0.12775253375690118,False,4.042906390079565
2019-12-09 16:00:00,-350791.39781,-198289.37742,6.507814330688532e-11,119.4778669097991,86.3916796326399,0.01388746443099692,0.12495248659189082,0.12572185797950514,False,6.3419377705391184
2019-12-09 16:30:00,-350581.27123,-198204.7775,6.507814330688532e-11,119.48209974247108,86.39369115171432,0.015116036036966048,0.12404891045112304,0.12496650242997762,False,6.947550732824823
2019-12-09 17:00:00,-350375.86732,-198116.96543,1.1999816708318134e-10,119.48560838922725,86.39567998731894,0.011263554231392699,0.12374050973364598,0.12425208812356457,False,5.201049640976123
2019-12-09 17:30:00,-350173.5441,-198020.81391,6.507814330688532e-11,119.48787104398313,86.39768155951975,0.008331468994293115,0.12190661347276463,0.12219098078009238,False,3.909688430797928
2019-12-09 18:00:00,-349979.09009,-197927.04737,5.820766091346741e-11,119.48988002055187,86.3996112497014,0.007419969329258397,0.11902147958143632,0.11925254104882377,False,3.5672842895365875
2019-12-09 18:30:00,-349787.4297,-197833.13862,2.9103830456733704e-11,119.49167741548632,86.40151977931649,0.005183361756212278,0.11582868259690832,0.11594460294136634,False,2.5622905990228446
2019-12-09 19:00:00,-349606.9502,-197738.00997,1.1641532182693481e-10,119.49254001546416,86.40334650662881,0.0022080273222810157,0.11119995230554322,0.11122187184817124,False,1.137536673776367
2019-12-09 19:30:00,-349435.07007,-197642.97595,5.820766091346741e-11,119.49281101924815,86.40510576551733,0.0018338923717013955,0.10863968682560422,0.10865516423436278,False,0.9670896281342038
2019-12-09 20:00:00,-349263.27716,-197551.21092,5.820766091346741e-11,119.49348244539152,86.40684992673764,-0.0012855412561576796,0.10882018716492689,0.10882778023524602,False,359.32317096529323
2019-12-09 20:30:00,-349096.36241,-197446.07827,5.820766091346741e-11,119.49214921909861,86.40861500406507,-0.007223483835800945,0.1111674704937185,0.11140190848768189,False,356.28223868205185
2019-12-09 21:00:00,-348927.73344,-197331.55436,0.0,119.48976690960265,86.4104348573107,-0.01049513580044447,0.11224622592463282,0.1127358111240323,False,354.65831691146775
2019-12-09 21:30:00,-348763.22708,-197214.27189,6.507814330688532e-11,119.48674860772023,86.41223472073274,-0.01370532168401939,0.11438729855231251,0.11520542483997152,False,353.1676723584809
2019-12-09 22:00:00,-348593.56489,-197085.91182,6.507814330688532e-11,119.48271064419848,86.41412361525904,-0.015565619434815041,0.12210153939736824,0.12308970075354217,False,352.73506595180436
2019-12-09 22:30:00,-348408.16225,-196949.15514,0.0,119.4787308854126,86.41617224949141,-0.009727854673504954,0.1272971636669165,0.12766831648529936,False,355.63003744367666
2019-12-09 23:00:00,-348211.85692,-196829.91056,0.0,119.47769881693203,86.4182286978441,-0.005740640585027212,0.1254764216140114,0.1256076722791391,False,357.38050166146763
2019-12-09 23:30:00,-348025.09245,-196708.88202,6.507814330688532e-11,119.47577011629143,86.4202186049207,-0.004258363013635656,0.12624594719400606,0.12631774554063127,False,358.0681062299158
2019-12-10 00:00:00,-347823.74161,-196592.9327,1.1999816708318134e-10,119.47550259237656,86.42229986984839,0.0031507736983669293,0.13335982672900173,0.13339704179661438,False,1.3534245007189156
2019-12-10 00:30:00,-347601.55643,-196482.52507,5.820766091346741e-11,119.47739806272908,86.42451917821295,0.006507698508686127,0.13763835953014528,0.13779211934660665,False,2.7069937908901807
2019-12-10 01:00:00,-347380.85749,-196369.5029,2.9103830456733704e-11,119.4788640688376,86.42673841676256,0.009614089400063898,0.1404521778633902,0.14078084025023369,False,3.9158440110903143
2019-12-10 01:30:00,-347144.35652,-196263.83429,5.820766091346741e-11,119.48236894150527,86.42904845550076,0.011397118621001963,0.14060325124292855,0.14106441285080826,False,4.634190211143846
2019-12-10 02:00:00,-346920.03842,-196156.10419,1.3015628661377063e-10,119.48475827154905,86.43127257197852,0.013020591320691527,0.13985688152469894,0.1404616784327816,False,5.31887077499141
2019-12-10 02:30:00,-346683.00867,-196056.82641,1.1999816708318134e-10,119.4891091321403,86.43355852809312,0.014923335472314267,0.14034708251974656,0.14113826381751968,False,6.069547824229801
2019-12-10 03:00:00,-346453.79828,-195954.15505,2.9103830456733704e-11,119.4924862239626,86.43579846079828,0.021236839085923498,0.14167672557654343,0.1432595473413643,False,8.524963444219907
2019-12-10 03:30:00,-346201.42447,-195872.27669,2.9103830456733704e-11,119.50011721348002,86.43812726237846,0.029364506941165866,0.14543315807246557,0.1483680482274689,False,11.415156716899446
2019-12-10 04:00:00,-345946.06055,-195788.34828,1.1999816708318134e-10,119.50771330233606,86.44048835425748,0.031200892691900156,0.1458301701410602,0.1491305945409661,False,12.076563553676692
2019-12-10 04:30:00,-345689.20869,-195711.45212,2.9103830456733704e-11,119.51630785117091,86.44282994631749,0.0321992837663188,0.14043489643596332,0.1440789853241744,False,12.913721726062533
2019-12-10 05:00:00,-345449.00032,-195640.14376,5.820766091346741e-11,119.52443171857533,86.44501706285719,0.03417194244562436,0.13712871055177048,0.14132234398034274,False,13.99288562811006
2019-12-10 05:30:00,-345199.02657,-195575.2219,5.820766091346741e-11,119.53406317749017,86.447252016262,0.039497927026546656,0.1365555855053273,0.14215313634280868,False,16.132212323906288
2019-12-10 06:00:00,-344951.18484,-195521.53039,5.820766091346741e-11,119.54496664191328,86.44942064841283,0.03805457903427286,0.13117527499384735,0.13658368773461638,False,16.17769849929539
2019-12-10 06:30:00,-344720.64641,-195461.54443,8.231806349783991e-11,119.55385771392606,86.45148213235804,0.030225219394640845,0.12474085864646559,0.12835047994967405,False,13.62049221274475
2019-12-10 07:00:00,-344506.87478,-195394.68556,5.820766091346741e-11,119.56069758037756,86.45344326314027,0.028358757089873277,0.12005263831284702,0.12335661745345364,False,13.29074090670548
2019-12-10 07:30:00,-344294.34711,-195337.1284,2.9103830456733704e-11,119.56862718553477,86.45535353468931,0.026874912237234098,0.11730618159557489,0.12034534119895555,False,12.903810136464699
2019-12-10 08:00:00,-344091.8283,-195270.4434,5.820766091346741e-11,119.57470026584848,86.45722611941555,0.020247244410231756,0.11142170401624084,0.11324639964294866,False,10.299247842864588
2019-12-10 08:30:00,-343909.514,-195202.54683,0.0,119.57918198845913,86.45894662382703,0.01699029801620862,0.1054564077160868,0.10681631034191882,False,9.152391473990292
2019-12-10 09:00:00,-343731.4698,-195136.23544,2.9103830456733704e-11,119.58356230657763,86.46062683184893,0.01829765220087704,0.10328415631794469,0.1048924259533256,False,10.04619183462404
2019-12-10 09:30:00,-343553.64286,-195076.26497,5.820766091346741e-11,119.5887309040701,86.46227728027243,0.01771245630501531,0.10113494384929896,0.10267428098485973,False,9.933853711865936
2019-12-10 10:00:00,-343383.37846,-195011.90989,6.507814330688532e-11,119.5928092652219,86.46388818939704,0.011804716230348608,0.09713013223585171,0.09784484612606376,False,6.929461400235027
2019-12-10 10:30:00,-343228.59982,-194940.54077,6.507814330688532e-11,119.59489588606841,86.46540949226873,0.007269764309266978,0.09270327078537137,0.09298788032543907,False,4.483942308388237
2019-12-10 11:00:00,-343080.26069,-194869.84848,5.820766091346741e-11,119.59660791851512,86.46687763892126,0.005394016216013028,0.09256722104225051,0.09272424614103625,False,3.334930747137605
2019-12-10 11:30:00,-342929.24726,-194792.84057,5.820766091346741e-11,119.59771548273679,86.4683945533601,0.0035764392245947532,0.09428568836586528,0.09435349462607244,False,2.172298703964316
2019-12-10 12:00:00,-342778.76352,-194713.39747,6.507814330688532e-11,119.59847823155599,86.46991811437019,0.0023187253575297356,0.09776473204985932,0.09779222525366953,False,1.3586522646323829
2019-12-10 12:30:00,-342619.09832,-194626.2625,5.820766091346741e-11,119.59892856627113,86.47154721758822,-0.0007713858083452374,0.10076700039528252,0.10076995288640452,False,359.5614011758229
2019-12-10 13:00:00,-342464.71277,-194531.80582,2.9103830456733704e-11,119.59807384009734,86.47316759214708,0.00063990237610944,0.10021495035736758,0.1002169933203975,False,0.3658456851822507
2019-12-10 13:30:00,-342304.26352,-194450.0748,2.9103830456733704e-11,119.59926462115686,86.47477889155732,-0.0022821088728657846,0.09919147337654863,0.09921772226531995,False,358.68202236618185
2019-12-10 14:00:00,-342158.2811,-194348.28498,0.0,119.59687652881618,86.47636625819652,-0.008954185883696092,0.0979810437590768,0.09838934078932488,False,354.77841903615445
2019-12-10 14:30:00,-342013.47627,-194247.83344,8.231806349783991e-11,119.59457108326397,86.47793852543514,-0.006855226508159576,0.09590753934309372,0.09615222427653582,False,355.9115968145897
2019-12-10 15:00:00,-341870.24478,-194156.31227,8.231806349783991e-11,119.59328204059115,86.47945902731071,-0.006514096147747936,0.0942766472762416,0.09450142681605912,False,356.04739916866447
2019-12-10 15:30:00,-341729.93449,-194059.83452,0.0,119.59115317830039,86.48097869768543,-0.00927074207729383,0.09389742612969634,0.09435397867840808,False,354.3613104828768
2019-12-10 16:00:00,-341592.78366,-193960.36847,5.820766091346741e-11,119.58841590282279,86.48248696930192,-0.013019809122934177,0.09056828375905893,0.09149934126898979,False,351.81938686466765
2019-12-10 16:30:00,-341469.55021,-193858.08511,0.0,119.58431614047633,86.48389927900035,-0.015061988183661022,0.09416169805351468,0.09535873776621634,False,350.91202715618584
2019-12-10 17:00:00,-341324.76479,-193745.85761,1.049353530241639e-10,119.58050372041882,86.48552343350725,-0.016808754919118152,0.1034321352492437,0.1047890301708572,False,350.7695562846917
2019-12-10 17:30:00,-341175.59753,-193621.6486,1.1641532182693481e-10,119.57548173279258,86.48723468157245,-0.022054072195222825,0.10580292465825963,0.10807701405309764,False,348.22558888451596
2019-12-10 18:00:00,-341032.68873,-193488.81154,5.820766091346741e-11,119.56890697523534,86.48893528211539,-0.024678699532880828,0.11007819107887261,0.1128106659932074,False,347.36366372341814
2019-12-10 18:30:00,-340874.76812,-193348.82298,0.0,119.56249922447539,86.49078440493776,-0.030322646845826647,0.11349021048899074,0.117471233876946,False,345.0409705171354
2019-12-10 19:00:00,-340731.16905,-193192.28619,0.0,119.55294568364195,86.49259500397547,-0.03615725920248722,0.1138126716226664,0.11941805397394793,False,342.3754169359821
2019-12-10 19:30:00,-340582.54922,-193033.50343,0.0,119.54345863081241,86.49445455085774,-0.03398491899658167,0.11253998246060444,0.11755944186426445,False,343.1966896281225
2019-12-10 20:00:00,-340439.0278,-192886.07781,1.1641532182693481e-10,119.53504043999737,86.4962241168394,-0.03588772393386746,0.10797060605619441,0.11377864694790235,False,341.6140081070288
2019-12-10 20:30:00,-340308.05196,-192729.48702,5.820766091346741e-11,119.52453962559679,86.49793628094766,-0.041459032221937614,0.10582516422565355,0.11365657366015486,False,338.6062875793693
2019-12-10 21:00:00,-340181.07934,-192568.46563,0.0,119.51317434707299,86.49963667166561,-0.051166388149972014,0.10392224210600542,0.1158353645509557,False,333.7865500447997
2019-12-10 21:30:00,-340073.21758,-192384.88883,1.3015628661377063e-10,119.49753925075204,86.50128741888098,-0.06195147180744598,0.10210043465717725,0.11942564053122467,False,328.75188377862906
2019-12-10 22:00:00,-339970.97684,-192193.36734,5.820766091346741e-11,119.48046890172566,86.50292909636109,-0.06043063117454889,0.10536597845824572,0.12146542965230007,False,330.1644021699123
2019-12-10 22:30:00,-339850.07509,-192008.83387,0.0,119.46562289245476,86.50468520928598,-0.05643950651285333,0.10900922165989785,0.12275352663899786,False,332.62714558137077
2019-12-10 23:00:00,-339729.25008,-191823.42815,0.0,119.45064487862503,86.50644432931831,-0.055911628320906084,0.10609410468748603,0.11992526519017747,False,332.21075459312993
2019-12-10 23:30:00,-339616.4556,-191645.77251,0.0,119.43606362417732,86.50810644472865,-0.052611894302938056,0.1015179538645296,0.1143411840894797,False,332.6044553931597
2019-12-11 00:00:00,-339504.04763,-191478.86802,5.820766091346741e-11,119.42281713095176,86.50971800900194,-0.04558549809270202,0.09794028517331246,0.1080293344244493,False,335.040765051863
2019-12-11 00:30:00,-339389.96567,-191329.624,5.820766091346741e-11,119.41194176379618,86.51126476413677,-0.037367080630926953,0.09400757524732294,0.10116186494306677,False,338.3226689045257
2019-12-11 01:00:00,-339275.30128,-191195.48814,2.9103830456733704e-11,119.40303530348524,86.51274949888379,-0.02644121356991303,0.09195995574836,0.09568579432857356,False,343.9584877685908
2019-12-11 01:30:00,-339148.28658,-191084.16522,0.0,119.39793894118823,86.51423023061642,-0.018037055671781516,0.09176817052190903,0.09352396750697181,False,348.8802476658382
2019-12-11 02:00:00,-339019.35055,-190976.74885,1.1641532182693481e-10,119.39347828753935,86.51570875446191,-0.014968059030765687,0.09145598621867418,0.09267275870706994,False,350.7051452871052
2019-12-11 02:30:00,-338887.87541,-190875.62358,2.9103830456733704e-11,119.3900048829539,86.5171794188531,-0.013357644468371767,0.09146611749639859,0.09243634196358277,False,351.69130212633377
2019-12-11 03:00:00,-338756.04983,-190773.25645,2.9103830456733704e-11,119.38639441918993,86.51865826347661,-0.016568280992232384,0.08843503244700135,0.08997367892300365,False,349.3886614130413
2019-12-11 03:30:00,-338639.74136,-190667.43112,1.1999816708318134e-10,119.38121418173667,86.52003117645046,-0.022044125947501665,0.07956374460778452,0.08256108614112388,False,344.51394541669475
2019-12-11 04:00:00,-338545.39731,-190563.57767,5.820766091346741e-11,119.37469425010634,86.52122394664454,-0.025610273942291747,0.07325717585360789,0.07760476754327442,False,340.7306765158744
2019-12-11 04:30:00,-338455.14698,-190457.72534,0.0,119.36761665822328,86.52239349517882,-0.028155398539626633,0.07343712765727249,0.07864946398721193,False,339.0234458135752
2019-12-11 05:00:00,-338364.70582,-190345.592,0.0,119.35974021590594,86.52359206515767,-0.027569593436361856,0.07409070152638338,0.07905387109381751,False,339.58946485704945
2019-12-11 05:30:00,-338271.34089,-190240.44895,0.0,119.35296943688314,86.52478270356838,-0.025632973327684768,0.07503495074382083,0.0792924533278257,False,341.1391257984707
2019-12-11 06:00:00,-338174.49366,-190132.7478,0.0,119.3461167487673,86.52601171270103,-0.02425161133010758,0.07754696070086552,0.08125067240366804,False,342.6337347742229
2019-12-11 06:30:00,-338070.78337,-190027.53031,2.9103830456733704e-11,119.3400758916882,86.52728336101434,-0.030561627754762663,0.07480008081673367,0.08080263102901147,False,337.776181350697
2019-12-11 07:00:00,-337993.66469,-189904.89353,0.0,119.32986107916543,86.52842374943913,-0.032460617645844875,0.07409755897528712,0.08089585863346707,False,336.3427620904534
2019-12-11 07:30:00,-337895.46737,-189794.98708,0.0,119.32280651363885,86.5296728074908,-0.024024817388721996,0.07869376801865977,0.08227940796782678,False,343.0228293274861
2019-12-11 08:00:00,-337789.02118,-189690.7465,8.231806349783991e-11,119.31707483947051,86.53096138865634,-0.021929978920907398,0.07938865286389689,0.08236189761665139,False,344.55794779307905
2019-12-11 08:30:00,-337684.92865,-189586.21118,6.507814330688532e-11,119.31113040856792,86.53223284341118,-0.020901640927419807,0.07694025007532906,0.07972879451686803,False,344.801776975864
2019-12-11 09:00:00,-337584.33427,-189489.53554,2.399963341663627e-10,119.30594258713201,86.53344247607619,-0.017906905785535998,0.07535074896619776,0.0774492907945516,False,346.631790090763
2019-12-11 09:30:00,-337479.93636,-189397.22089,5.820766091346741e-11,119.30158979192008,86.53466267327084,-0.021110232766909928,0.07419456298845536,0.0771393226864288,False,344.1176045329723
2019-12-11 10:00:00,-337388.60118,-189292.54134,0.0,119.2946901824403,86.5358350024116,-0.027604769776400036,0.07201073128993202,0.07712048194428535,False,339.02605142103096
2019-12-11 10:30:00,-337302.47597,-189183.70672,0.0,119.28687140890212,86.53698478511065,-0.03810096732988556,0.06759339750848731,0.07759221029338825,False,330.5909643767028
2019-12-11 11:00:00,-337243.46584,-189053.87405,0.0,119.27436790388626,86.53801462540945,-0.055001226859282264,0.06238225181040627,0.08316658161162553,False,318.5979981114961
2019-12-11 11:30:00,-337203.40353,-188901.17384,5.820766091346741e-11,119.257526716916,86.53899634766127,-0.05622609550902676,0.05994854751303026,0.08219003689689065,False,316.8352356263737
2019-12-11 12:00:00,-337154.10912,-188771.80527,5.820766091346741e-11,119.24436344156318,86.53994783350676,-0.056933619316114854,0.05522669137916174,0.07931850004331564,False,314.12810318741003
2019-12-11 12:30:00,-337130.05845,-188625.20761,5.820766091346741e-11,119.22713465757344,86.54077716713601,-0.06473231485028073,0.052671406480028486,0.08345387736025368,False,309.13456867053503
2019-12-11 13:00:00,-337102.41738,-188475.85168,6.507814330688532e-11,119.20980038914233,86.54164631598765,-0.07043945558170094,0.04908078266939884,0.08585243228987272,False,304.8680007861723
2019-12-11 13:30:00,-337099.58619,-188317.64471,6.507814330688532e-11,119.18951531177576,86.5423598065782,-0.07551170053090504,0.047186869447475244,0.08904278502676204,False,302.0010488532937
2019-12-11 14:00:00,-337086.69394,-188155.68351,6.507814330688532e-11,119.16946312418537,86.54316794588814,-0.07650119871363259,0.0505121253380899,0.09167283245756948,False,303.43593980379165
2019-12-11 14:30:00,-337075.0341,-187988.53706,2.9103830456733704e-11,119.1486401722033,86.54398864340406,-0.07760997526944258,0.051177305710715715,0.09296464317756264,False,303.4015208852909
2019-12-11 15:00:00,-337061.87507,-187821.93233,2.9103830456733704e-11,119.12798595959558,86.54481825253643,-0.07703274745948485,0.05238663525452891,0.09315795046289835,False,304.21792314506547
2019-12-11 15:30:00,-337045.28041,-187654.49091,0.0,119.1074614799548,86.54567794574933,-0.07516504531162033,0.05380542026769502,0.09243812680318238,False,305.59623685998275
2019-12-11 16:00:00,-337024.26839,-187491.28684,6.507814330688532e-11,119.08779593970046,86.54655332103891,-0.07137133066605812,0.05458424748589834,0.08985158270529021,False,307.4084825326997
2019-12-11 16:30:00,-336998.47057,-187334.43014,0.0,119.0692903777255,86.54743813358628,-0.07007519026503267,0.0531571848167328,0.08795577632151749,False,307.18299157081987
2019-12-11 17:00:00,-336979.57835,-187177.81564,2.9103830456733704e-11,119.0503083868315,86.54826745763289,-0.0687715058401984,0.052089895638095504,0.08627211161850695,False,307.1415359120326
2019-12-11 17:30:00,-336954.7566,-187026.94229,8.231806349783991e-11,119.03249140124491,86.54911788510562,-0.06558243365477913,0.05211969462123398,0.08377062833412552,False,308.47488038743506
2019-12-11 18:00:00,-336930.10334,-186880.32739,0.0,119.0152072763596,86.54994815695619,-0.0642191612900116,0.05182328158476773,0.08252122872937999,False,308.9026751593589
2019-12-11 18:30:00,-336903.74453,-186734.27837,0.0,118.99811143955863,86.55078901924311,-0.06505236568607768,0.04605580245834525,0.0797053776193131,False,305.2977472357096
2019-12-11 19:00:00,-336898.61806,-186595.12067,0.0,118.98037362984589,86.55143329335826,-0.06587567237372856,0.03639731578865544,0.0752620010849428,False,298.9213212194922
2019-12-11 19:30:00,-336904.02378,-186463.33531,0.0,118.96283010352904,86.55196271634301,-0.06428946763137412,0.0331428461862275,0.07232968893649022,False,297.27224994304856
2019-12-11 20:00:00,-336906.29997,-186334.84713,5.820766091346741e-11,118.94593598534888,86.55250205250267,-0.06154769211982813,0.03349553049147672,0.07007188429165152,False,298.55594911669414
2019-12-11 20:30:00,-336905.74078,-186211.08237,2.9103830456733704e-11,118.92985604888388,86.55304285057694,-0.06090994382181709,0.031682213379038045,0.0686570018350045,False,297.4811267788393
2019-12-11 21:00:00,-336912.5489,-186087.76093,6.507814330688532e-11,118.9132985787664,86.55352369081864,-0.060618815428805074,0.029144867849498494,0.06726116342999329,False,295.6777420057166
2019-12-11 21:30:00,-336919.40744,-185969.32817,5.820766091346741e-11,118.89737008418706,86.5539826866799,-0.057076206119395644,0.03039618221881838,0.06466545599053135,False,298.0377275321913
2019-12-11 22:00:00,-336916.04154,-185854.99149,1.1999816708318134e-10,118.88270677181194,86.55450388710966,-0.05230339822466869,0.03315980970347866,0.06192914051897695,False,302.3742716811878
2019-12-11 22:30:00,-336905.82974,-185746.7971,2.9103830456733704e-11,118.86933235471012,86.55505199927376,-0.048644135167128774,0.035572546920805775,0.06026323904828567,False,306.17730695687567
2019-12-11 23:00:00,-336888.44522,-185639.80615,0.0,118.85662631183469,86.5556509924494,-0.04528878988653153,0.03689558138282156,0.05841539535912438,False,309.168794935689
2019-12-11 23:30:00,-336868.18451,-185539.89857,0.0,118.8450469345582,86.55624177308306,-0.0473033072877488,0.03603197523648623,0.05946348560084538,False,307.2973264046244
2019-12-12 00:00:00,-336856.98022,-185428.06268,2.9103830456733704e-11,118.8312557534774,86.55681287384911,-0.048547679186472764,0.03259670974543708,0.058475829541965056,False,303.8788740287406
2019-12-12 00:30:00,-336849.66281,-185330.20197,0.0,118.8190055427877,86.55729292898178,-0.04560423536396922,0.031686094524990105,0.05553156642288158,False,304.7918032033663
2019-12-12 01:00:00,-336836.17795,-185229.23429,0.0,118.80678908198657,86.55783464467024,-0.045487603516950706,0.031038228327678292,0.05506808232938929,False,304.30746837543523
2019-12-12 01:30:00,-336830.65952,-185132.86978,0.0,118.79459811470149,86.55829380804853,-0.04548824088343732,0.028187502869067488,0.053513693356591514,False,301.7850753899738
2019-12-12 02:00:00,-336826.12744,-185036.84734,1.1641532182693481e-10,118.78237778971585,86.55874359657436,-0.04657931235349404,0.026082529013378576,0.053384741818782805,False,299.2470603246268
2019-12-12 02:30:00,-336829.10087,-184940.69103,8.231806349783991e-11,118.76959814617608,86.55913487456091,-0.04777632551985788,0.023306243412490373,0.05315786171566417,False,296.00404213758804
2019-12-12 03:00:00,-336835.36083,-184845.70192,2.9103830456733704e-11,118.75673240561323,86.55949514330136,-0.04875843215559741,0.021425971753991815,0.05325839813470595,False,293.7221804199853
2019-12-12 03:30:00,-336845.92644,-184749.7005,2.9103830456733704e-11,118.74342280675883,86.55982578385483,-0.0488300457156437,0.01882915876615862,0.05233460217134608,False,291.0869386641524
2019-12-12 04:00:00,-336860.46263,-184658.97704,0.0,118.73051627614416,86.56010232570165,-0.04793718808422895,0.01615587978831827,0.05058642558194177,False,288.62494065787655
2019-12-12 04:30:00,-336877.88012,-184570.41462,0.0,118.71768385946525,86.56034675744293,-0.04675101759144392,0.014405122397152421,0.048919987705563064,False,287.12533447099156
2019-12-12 05:00:00,-336895.85182,-184486.4574,0.0,118.70541244100973,86.56056684962108,-0.04572135101753931,0.01273424515600325,0.04746159435335306,False,285.5635071399938
2019-12-12 05:30:00,-336916.72786,-184404.02776,0.0,118.69313133355519,86.56075739368458,-0.043527182352668684,0.011503122479971428,0.04502152185734836,False,284.8033772680692
2019-12-12 06:00:00,-336934.75924,-184329.11916,0.0,118.68203689539143,86.56093780095554,-0.04226930674913673,0.009619712813764282,0.04335012304102396,False,282.8210881356962
2019-12-12 06:30:00,-336959.37975,-184253.90888,5.820766091346741e-11,118.67043016693161,86.56106759078315,-0.04141369756711884,0.007157845677963114,0.042027718245585495,False,279.80598883922187
2019-12-12 07:00:00,-336983.67903,-184185.94626,1.1999816708318134e-10,118.65979438786468,86.5611686285678,-0.039223413017906814,0.005936689391610487,0.03967014506786889,False,278.6067203234811
2019-12-12 07:30:00,-337008.3488,-184119.75431,5.820766091346741e-11,118.64936332011649,86.56125903117614,-0.03822173100641058,0.0037715980723658747,0.03840736482949438,False,275.6355201509564
2019-12-12 08:00:00,-337037.73481,-184058.68432,2.9103830456733704e-11,118.63926514890778,86.56129025341454,-0.03722514662339079,-0.0002645225606455557,0.037226086462560544,False,269.5928620142621
2019-12-12 08:30:00,-337073.41494,-184002.59576,5.820766091346741e-11,118.62936920250131,86.5612505033377,-0.037443772316176065,-0.0021568013294958836,0.03750583790879159,False,266.70334457761726
2019-12-12 09:00:00,-337109.13715,-183944.08772,1.1641532182693481e-10,118.61915360388035,86.56122070050758,-0.03845081372742559,-0.0030906755315481156,0.038574827952208554,False,265.40444675234085
2019-12-12 09:30:00,-337149.48453,-183886.41434,6.507814330688532e-11,118.608717091144,86.56115083712648,-0.03952860945815563,-0.003415737359772724,0.03967591495361308,False,265.06123810374095
2019-12-12 10:00:00,-337188.0708,-183825.04643,0.0,118.59792282213337,86.56111055056272,-0.04060184614961037,-0.0027950442339894008,0.04069793831420196,False,266.06195293536024
2019-12-12 10:30:00,-337228.28324,-183762.89633,1.1641532182693481e-10,118.5869102513119,86.56106070391722,-0.04043355546054197,-0.0030669893689425423,0.040549708149010516,False,265.6622739606548
2019-12-12 11:00:00,-337267.41553,-183702.51371,5.820766091346741e-11,118.57620664421813,86.56101165405174,-0.04067435867093546,-0.0034077421564039125,0.04081686122053526,False,265.2108815432095
2019-12-12 11:30:00,-337309.09701,-183640.17427,8.231806349783991e-11,118.56506510498447,86.56095081075243,-0.04156665913690268,-0.0034439914056641485,0.041709090479243774,False,265.2635962095404
2019-12-12 12:00:00,-337349.85602,-183577.01707,2.9103830456733704e-11,118.55388258196959,86.56090059650299,-0.042785807153787304,-0.0033964223929682583,0.042920402827472774,False,265.4612648133633
2019-12-12 12:30:00,-337393.46043,-183510.72459,0.0,118.54208668949077,86.56084128023559,-0.044149608826954276,-0.005547059333318484,0.04449671703418618,False,262.8387504153373
2019-12-12 13:00:00,-337443.34,-183446.93633,5.820766091346741e-11,118.53017230533699,86.560721721129,-0.04364645303540287,-0.00764835555416497,0.04431151323589113,False,260.0607296322842
2019-12-12 13:30:00,-337492.69827,-183385.82886,8.231806349783991e-11,118.51864724753453,86.5605946514133,-0.04348973126748555,-0.00928242458251503,0.04446931674591133,False,257.95160928222043
2019-12-12 14:00:00,-337547.4522,-183325.32502,1.1641532182693481e-10,118.5068180452351,86.56042239058974,-0.04469279679480802,-0.00908963256287857,0.04560775707563511,False,258.50396363582854
2019-12-12 14:30:00,-337598.2425,-183260.05887,5.820766091346741e-11,118.49464779926636,86.56030153718739,-0.04476215942208512,-0.007463387102352129,0.04538009545128481,False,260.5339077295599
2019-12-12 15:00:00,-337647.94356,-183196.52012,5.820766091346741e-11,118.48278234510735,86.56018172540341,-0.04346191899952946,-0.007143355087721848,0.044045044273231714,False,260.6663749479168
2019-12-12 15:30:00,-337695.46224,-183134.79802,2.9103830456733704e-11,118.47131106419802,86.5600711929269,-0.04165943690197802,-0.005274430035268125,0.04199200275274837,False,262.78427116369926
2019-12-12 16:00:00,-337736.13042,-183073.73652,5.820766091346741e-11,118.46041402832846,86.56001164957232,-0.04029465053253551,-0.004030935932958741,0.04049576898930038,False,264.28733610400866
2019-12-12 16:30:00,-337777.34877,-183014.18378,0.0,118.44967612558875,86.55994121065204,-0.03953740821682854,-0.005274809761567346,0.03988772074868238,False,262.4008639866207
2019-12-12 17:00:00,-337820.63285,-182957.63703,8.231806349783991e-11,118.4391861548987,86.55984155751499,-0.03964733355233955,-0.006204565383354102,0.040129885240388935,False,261.10570061988903
2019-12-12 17:30:00,-337864.9616,-182899.31483,6.507814330688532e-11,118.42838977609918,86.55974113093139,-0.03739910081115653,-0.004989772431821729,0.0377304992069336,False,262.40050126751464
2019-12-12 18:00:00,-337900.52508,-182847.78729,5.820766091346741e-11,118.41910728766477,86.55968067011663,-0.03469751482819043,-0.0040111823053909125,0.0349286002974579,False,263.4056333924419
2019-12-12 18:30:00,-337937.10902,-182796.32919,2.9103830456733704e-11,118.40976183136617,86.55961178321361,-0.03396558430276929,-0.006427344373360301,0.034568362308942176,False,259.2845594861442
2019-12-12 19:00:00,-337979.0527,-182751.24587,1.1641532182693481e-10,118.40087280400229,86.55947341429165,-0.03434049047544167,-0.006540467670675886,0.03495778888094979,False,259.21663295844826
2019-12-12 19:30:00,-338016.62184,-182698.78207,8.231806349783991e-11,118.39132649150591,86.55940086882508,-0.03736495967771213,-0.0053058916260152,0.03773980256525028,False,261.91793062892634
2019-12-12 20:00:00,-338059.81656,-182641.99372,5.820766091346741e-11,118.38081450140366,86.559302307011,-0.04476428370580806,-0.009225583339324144,0.04570505971601928,False,258.3548153112128
2019-12-12 20:30:00,-338122.44215,-182572.78649,2.9103830456733704e-11,118.36729712379804,86.559103336976,-0.05413094575119614,-0.013922450389333454,0.05589269999528016,False,255.57618458107908
2019-12-12 21:00:00,-338196.50657,-182494.336,2.9103830456733704e-11,118.35175857636192,86.5588533240626,-0.058806554947416254,-0.015172122520950515,0.06073223367022014,False,255.53314301665446
2019-12-12 21:30:00,-338271.04462,-182412.41497,0.0,118.33573336761468,86.55861407900889,-0.06404257933330787,-0.01772436022382808,0.06645001815655922,False,254.53009353482597
2019-12-12 22:00:00,-338362.0981,-182321.69277,2.9103830456733704e-11,118.31738750541604,86.55828173119501,-0.07420682476747831,-0.02439316089972879,0.07811324561654887,False,251.8033458169276
2019-12-12 22:30:00,-338475.0729,-182218.89437,0.0,118.29591138402611,86.55782741610037,-0.08464844970760914,-0.03173910797308941,0.09040315820163067,False,249.44636449158847
2019-12-12 23:00:00,-338607.15785,-182107.53322,2.9103830456733704e-11,118.27196808522662,86.55725819260415,-0.08851826404378382,-0.033496567380147654,0.09464408642687511,False,249.27264616583994
2019-12-12 23:30:00,-338732.21393,-181995.35974,0.0,118.24842176606079,86.55674727383787,-0.08978280787035788,-0.032892713330279516,0.09561842489454396,False,249.8792518430583
2019-12-13 00:00:00,-338864.44663,-181878.85386,0.0,118.22380809749023,86.55619748558675,-0.09353537145926902,-0.03316002822648956,0.09923937316410772,False,250.47963696130762
2019-12-13 00:30:00,-338996.64111,-181755.1219,6.507814330688532e-11,118.19825636099154,86.55567794892025,-0.09817463149703876,-0.03286974071775504,0.1035310490839912,False,251.4889953436269
2019-12-13 01:00:00,-339135.73742,-181623.28513,6.507814330688532e-11,118.17116295363212,86.55513750339806,-0.1005669573419935,-0.03203989609396033,0.10554746728717897,False,252.328502008698
2019-12-13 01:30:00,-339269.24343,-181490.42236,0.0,118.1443359946788,86.55464477643343,-0.09961156591486306,-0.030414913557851544,0.10415148117402215,False,253.02072677660234
2019-12-13 02:00:00,-339401.43517,-181358.73134,5.820766091346741e-11,118.11776280612735,86.55415673062244,-0.10057542910272543,-0.02698865774906578,0.1041335900960567,False,254.97897905762537
2019-12-13 02:30:00,-339525.57496,-181216.8719,1.1641532182693481e-10,118.09042611191617,86.55377446018936,-0.10209906796115317,-0.02026988335838622,0.10409172805703033,False,258.77099185498236
2019-12-13 03:00:00,-339638.88047,-181068.83055,2.9103830456733704e-11,118.06304216544014,86.55350309273122,-0.09681189095061034,-0.013739045976811172,0.09778191864442934,False,261.9228136504551
2019-12-13 03:30:00,-339733.18051,-180932.59311,0.0,118.03854314566192,86.55333150007392,-0.08898052899271207,-0.0074938084470771785,0.08929553015053081,False,265.18599433589293
2019-12-13 04:00:00,-339813.26786,-180798.77855,5.820766091346741e-11,118.01535863073937,86.55326147514508,-0.08519141863614134,-0.003449152766430909,0.08526121312791923,False,267.681526792888
2019-12-13 04:30:00,-339888.19686,-180667.67365,6.507814330688532e-11,117.99289158836068,86.5532202935194,-0.08090945229001713,-0.0009938700132788025,0.08091555627611945,False,269.2962294062013
2019-12-13 05:00:00,-339953.14016,-180543.26123,8.231806349783991e-11,117.97200203875073,86.55322946204524,-0.07769291132717632,0.0018276075787520413,0.07771440419867089,False,271.34754755374615
2019-12-13 05:30:00,-340013.57401,-180417.56795,1.1999816708318134e-10,117.95125858653311,86.55327923100543,-0.07512412343727312,0.003394677815854733,0.07520078297260013,False,272.5872979262173
2019-12-13 06:00:00,-340069.10884,-180298.63476,8.731149137020111e-11,117.93174517960684,86.55333895516459,-0.07494927526168962,0.004867078876088213,0.07510713893524759,False,273.71547395243397
2019-12-13 06:30:00,-340124.48137,-180170.9752,6.507814330688532e-11,117.91109452212173,86.55343615418927,-0.07928999088474728,0.007418023084146519,0.07963623371920747,False,275.34478388207526
2019-12-13 07:00:00,-340179.12699,-180033.89448,5.820766091346741e-11,117.88925374126752,86.55357813527424,-0.08110699222443088,0.008129175218481374,0.08151335888936649,False,275.7235154732374
2019-12-13 07:30:00,-340235.19554,-179899.21399,5.820766091346741e-11,117.86762803448228,86.55369829805515,-0.08054444436070708,0.00804882709472357,0.08094560602636684,False,275.7066367439761
2019-12-13 08:00:00,-340289.04766,-179764.01702,2.9103830456733704e-11,117.84608696527907,86.55383768517834,-0.0814213567426389,0.00958513810012451,0.08198360937535336,False,276.7141088497815
2019-12-13 08:30:00,-340341.59902,-179623.9205,5.820766091346741e-11,117.82398942568388,86.55400737421455,-0.08285086025387392,0.01146035669816332,0.08363973230741525,False,277.8754710284388
2019-12-13 09:00:00,-340391.77669,-179480.9803,2.9103830456733704e-11,117.80168002836528,86.5542072387112,-0.08264813865184405,0.012577129542372896,0.08359963522731464,False,278.6527036450325
2019-12-13 09:30:00,-340440.32115,-179339.6142,2.9103830456733704e-11,117.77968876259015,86.55441295228218,-0.08032606223159153,0.014543692894169648,0.08163207259792829,False,280.26269093834696
2019-12-13 10:00:00,-340480.22989,-179200.73252,5.820766091346741e-11,117.75862118548127,86.55467624536496,-0.08069093335376981,0.016234673899081044,0.08230790582995065,False,281.3757943865039
2019-12-13 10:30:00,-340523.89611,-179055.33629,0.0,117.73643125821489,86.55493644105655,-0.07983561888863729,0.015525528625461405,0.08133122452312987,False,281.00487968454036
2019-12-13 11:00:00,-340564.52129,-178920.33574,5.820766091346741e-11,117.71581927631614,86.55517692746072,-0.075132929231242,0.013351210447986948,0.07630997231878187,False,280.07634385523795
2019-12-13 11:30:00,-340607.14232,-178793.53695,1.1641532182693481e-10,117.69614790016996,86.55536699303077,-0.07253223425850022,0.013804305618026619,0.07383416458609005,False,280.7756396150112
2019-12-13 12:00:00,-340641.88183,-178666.0395,5.820766091346741e-11,117.67692748578591,86.5556220795301,-0.0735314722568918,0.015798293153799225,0.0752094640244127,False,282.1257072351831
2019-12-13 12:30:00,-340679.73141,-178532.69487,0.0,117.65671767275128,86.55587641484625,-0.07625877835126786,0.016550475993332914,0.07803409210872957,False,282.24502911597403
2019-12-13 13:00:00,-340716.53783,-178395.21841,5.820766091346741e-11,117.63603164567027,86.55615576695004,-0.07523672478110299,0.01828140080816918,0.0774259282882444,False,283.6573403710313
2019-12-13 13:30:00,-340747.06252,-178262.21604,0.0,117.616366754534,86.55646595060777,-0.07188020516427893,0.018287993699978102,0.07417017330456543,False,284.27451852457364
2019-12-13 14:00:00,-340778.15379,-178135.4123,2.9103830456733704e-11,117.59747774968143,86.55674550933523,-0.06922567806705791,0.018741294283327797,0.07171771479389341,False,285.1484181178964
2019-12-13 14:30:00,-340802.71959,-178010.10267,6.507814330688532e-11,117.57923321923307,86.5570703072257,-0.06764586038851943,0.019546785114458835,0.07041334558174246,False,286.11705149775526
2019-12-13 15:00:00,-340828.52721,-177886.9798,2.9103830456733704e-11,117.5611885295892,86.55737583153437,-0.06666881101576096,0.019084010072738543,0.06934644765748016,False,285.97381948848874
2019-12-13 15:30:00,-340852.86422,-177765.54338,5.820766091346741e-11,117.54346486087694,86.55768570864107,-0.06547600130265999,0.019540857337540744,0.06832972890383843,False,286.61736807316527
2019-12-13 16:00:00,-340875.15225,-177645.45191,1.1641532182693481e-10,117.5260569320923,86.55800596448142,-0.06362849304178136,0.018916004787223103,0.06638072283335175,False,286.5565962904474
2019-12-13 16:30:00,-340898.33692,-177530.93907,8.231806349783991e-11,117.50932161542136,86.55829569836091,-0.06240928000545228,0.01902293607007341,0.06524408270123082,False,286.95171494312603
2019-12-13 17:00:00,-340918.18767,-177414.54943,5.820766091346741e-11,117.49256472784651,86.55861938989709,-0.06153440386831181,0.02047408178113059,0.0648511440470323,False,288.40361327441974
2019-12-13 17:30:00,-340935.2167,-177300.40626,0.0,117.4762959620668,86.55895592712342,-0.06019977925299641,0.019995621708501832,0.06343373163876619,False,288.37413435203416
2019-12-13 18:00:00,-340954.31338,-177189.06356,0.0,117.46025238000718,86.5592641852343,-0.05842640916239028,0.02326497824285038,0.06288803145473186,False,291.7120933817482
2019-12-13 18:30:00,-340957.89173,-177075.14773,0.0,117.44493198565907,86.55970615619987,-0.06166440653129709,0.017766301391385575,0.06417273952377774,False,286.0723653670548
2019-12-13 19:00:00,-340999.86811,-176962.57765,5.820766091346741e-11,117.42714780869217,86.55983704582636,-0.06300840169117239,0.015136494361306664,0.06480101963106756,False,283.50818092913494
2019-12-13 19:30:00,-341014.00797,-176848.71399,2.9103830456733704e-11,117.41110229456619,86.56019428790493,-0.0609718337625375,0.021796024993211312,0.06475053063775772,False,289.6707988280385
2019-12-13 20:00:00,-341031.26303,-176731.5996,0.0,117.39440911440693,86.56053988293715,-0.0611747311593324,0.022028704785616048,0.06502008587312398,False,289.80368649941715
2019-12-13 20:30:00,-341044.92796,-176616.69287,2.9103830456733704e-11,117.37825133004269,86.56090464841037,-0.05965999231076656,0.02370231539992805,0.06419590670625652,False,291.6674272904012
2019-12-13 21:00:00,-341054.25979,-176501.64136,1.1999816708318134e-10,117.36236807486942,86.5613042070394,-0.05897150464173054,0.02542026447280639,0.06421703983816966,False,293.3189476275061
2019-12-13 21:30:00,-341061.22912,-176386.08696,8.231806349783991e-11,117.34657641745342,86.56172436737822,-0.06033557034780937,0.025427509856299275,0.06547472265453019,False,292.85225156945614
2019-12-13 22:00:00,-341072.73003,-176266.65714,1.1641532182693481e-10,117.32995661636748,86.56212414397417,-0.06025202171998391,0.026337223176927993,0.06575679011339229,False,293.6109884261068
2019-12-13 22:30:00,-341076.5837,-176149.86101,5.820766091346741e-11,117.31420595345298,86.56257366817624,-0.05858574787807741,0.02768766195157136,0.06479889257370179,False,295.2954480671399
2019-12-13 23:00:00,-341080.94757,-176033.52591,0.0,117.29847739966249,86.56301697735908,-0.05903362340052779,0.02699610322708192,0.06491346764148874,False,294.5746400391365
2019-12-13 23:30:00,-341087.68905,-175916.43655,2.9103830456733704e-11,117.28248200377843,86.56344419623728,-0.05929535147310281,0.026265388021166746,0.06485221132869137,False,293.8913613982586
2019-12-14 00:00:00,-341094.75759,-175800.46675,1.1999816708318134e-10,117.26660884954332,86.56386394871006,-0.058240097667369595,0.027263680781660138,0.06430565500847506,False,295.08549720155077
2019-12-14 00:30:00,-341096.49958,-175685.10391,6.507814330688532e-11,117.25117660901292,86.56432336420478,-0.05524113965090476,0.029431351552652658,0.06259223565384602,False,298.0477800368684
2019-12-14 01:00:00,-341091.62482,-175575.15648,5.820766091346741e-11,117.23691164291702,86.5648130274622,-0.051797389909352384,0.03069803255188356,0.06021078644211503,False,300.65335553881755
2019-12-14 01:30:00,-341083.5823,-175468.73031,1.1641532182693481e-10,117.22332679397394,86.56531328072434,-0.049920388024892084,0.0301591883042927,0.05832342393695328,False,301.1380928169376
2019-12-14 02:00:00,-341077.29005,-175365.68206,5.820766091346741e-11,117.21006722657346,86.56578556261852,-0.047946728729363966,0.030073191809541815,0.056597576462784245,False,302.096797462532
2019-12-14 02:30:00,-341066.22551,-175265.71966,1.1641532182693481e-10,117.19754001714638,86.5662830479611,-0.045772852531107015,0.030631315570615526,0.05507659686673736,False,303.79054409401886
2019-12-14 03:00:00,-341054.52485,-175168.71755,8.231806349783991e-11,117.18544612116683,86.56677332299705,-0.04403183626263357,0.030086381339040187,0.053329100374350194,False,304.3442877087248
2019-12-14 03:30:00,-341042.30027,-175075.23152,1.1641532182693481e-10,117.17385204053096,86.5672532365569,-0.0411986914279693,0.030080241427666674,0.05101130364658157,False,306.1341585354643
2019-12-14 04:00:00,-341025.92278,-174987.31792,1.1999816708318134e-10,117.16327921672926,86.56774331911173,-0.040123615546588005,0.029480788151879236,0.04978977198769223,False,306.30654982704766
2019-12-14 04:30:00,-341013.81786,-174898.26579,5.820766091346741e-11,117.15226042031551,86.5682038853637,-0.04003106878775296,0.027600797353674614,0.04862397024974843,False,304.58565729102304
2019-12-14 05:00:00,-341003.27641,-174813.74273,2.9103830456733704e-11,117.14173463885922,86.56863335516633,-0.0396545481638138,0.026476793685980514,0.04768127299020241,False,303.7304887329651
2019-12-14 05:30:00,-340994.12207,-174727.74692,0.0,117.13091563378369,86.56905766724462,-0.03981148612677091,0.025466586086135626,0.04725993477042292,False,302.606208294884
2019-12-14 06:00:00,-340987.04265,-174644.38322,0.0,117.12030285902519,86.56945456682784,-0.03850314665620253,0.02441190220428266,0.04558983737260422,False,302.3756602987104
2019-12-14 06:30:00,-340979.08923,-174564.31342,0.0,117.1101857472111,86.5698448719661,-0.037506270868292425,0.024187121402721952,0.044628882981716356,False,302.8172438802583
2019-12-14 07:00:00,-340971.06585,-174484.5156,1.1999816708318134e-10,117.10010731958641,86.57023451809707,-0.035880668040530576,0.025105892354346824,0.043791873332192616,False,304.98068503981193
2019-12-14 07:30:00,-340957.47393,-174408.15153,6.507814330688532e-11,117.090863338976,86.57065445833858,-0.035943480817782016,0.02462306153008175,0.04356866961949212,False,304.41307149980355
2019-12-14 08:00:00,-340951.07582,-174328.94746,5.820766091346741e-11,117.08074873152971,86.57102851753314,-0.03685314028906395,0.023874909127525858,0.0439108783220405,False,302.93674863422626
2019-12-14 08:30:00,-340941.34533,-174250.89731,2.9103830456733704e-11,117.0710126082891,86.57142434510035,-0.03615715560732764,0.02439172383141508,0.04361531947699715,False,304.0037185697764
2019-12-14 09:00:00,-340932.12354,-174173.08031,0.0,117.06127067517869,86.57181506570339,-0.03773553404158948,0.021467525444115454,0.043414573337736524,False,299.63529555441755
2019-12-14 09:30:00,-340934.32622,-174094.76254,2.9103830456733704e-11,117.05068211925833,86.57211658904819,-0.040283391224111266,0.016776468643480244,0.04363715743102981,False,292.6098323421254
2019-12-14 10:00:00,-340944.28729,-174016.45817,8.731149137020111e-11,117.03956555164454,86.57235604236307,-0.041183000679487915,0.017643856814349823,0.044803406435805535,False,293.191537223552
2019-12-14 10:30:00,-340945.15059,-173933.8339,2.9103830456733704e-11,117.02849028057557,86.57268554236734,-0.04051662093013487,0.019089040879764544,0.044788257984716986,False,295.2270466530957
2019-12-14 11:00:00,-340949.35595,-173855.30013,5.820766091346741e-11,117.01773114956882,86.57297160090741,-0.04108195141033025,0.01740197930850493,0.04461564317069036,False,292.95711922513283
2019-12-14 11:30:00,-340956.52411,-173773.62078,0.0,117.0063491899903,86.57324668821211,-0.04297878249847769,0.015942010149130506,0.04584019450925609,False,290.3511997736068
2019-12-14 12:00:00,-340968.4812,-173691.38742,0.0,116.994566012412,86.57348567015734,-0.045259288029490724,0.018873682837529222,0.049036915245435735,False,292.6367399999584
2019-12-14 12:30:00,-340969.93798,-173597.59825,5.820766091346741e-11,116.98195254671921,86.57385528788262,-0.040730127125140306,0.019845134058308005,0.045307533605597056,False,295.97695373100873
2019-12-14 13:00:00,-340971.34204,-173528.30539,0.0,116.97260951600536,86.57412564374141,-0.035898952684813176,0.016776580626461177,0.03962560360906327,False,295.04799423865995
2019-12-14 13:30:00,-340974.72889,-173455.02655,1.1641532182693481e-10,116.96259827460678,86.57439626707512,-0.03589683044719205,0.016151460791555307,0.03936308069569254,False,294.2249407114134
2019-12-14 14:00:00,-340978.11039,-173386.76003,5.820766091346741e-11,116.95325502155782,86.57464647846938,-0.034008908904965676,0.014606648393357161,0.037012971539629416,False,293.24326979719854
2019-12-14 14:30:00,-340983.35078,-173322.05909,1.1641532182693481e-10,116.94426035177983,86.5748672835748,-0.03363176438007467,0.0127452259456676,0.03596576649708689,False,290.75490158060245
2019-12-14 15:00:00,-340992.06989,-173258.03799,0.0,116.9351192606588,86.57505746587842,-0.03382791400226312,0.011965016901519453,0.035881602461402914,False,289.478813077425
2019-12-14 15:30:00,-341000.11367,-173193.9776,1.1999816708318134e-10,116.92601772056105,86.5752531137207,-0.031396097944363884,0.013324735826344419,0.03410664965917873,False,292.9967262419947
2019-12-14 16:00:00,-341000.4837,-173135.54267,0.0,116.91818708234912,86.57548715300922,-0.02937578764352596,0.012842398414002434,0.032060319660001904,False,293.6138092910428
2019-12-14 16:30:00,-341006.76635,-173078.75234,0.0,116.91017415809343,86.57566723440733,-0.02965700036719321,0.012105071083929915,0.03203233392568663,False,292.20376498717883
2019-12-14 17:00:00,-341009.94541,-173020.61509,2.9103830456733704e-11,116.90219082582554,86.57587749921143,-0.027570979750526626,0.010556309790421289,0.029522781047782297,False,290.95072233968676
2019-12-14 17:30:00,-341017.78631,-172973.04318,2.9103830456733704e-11,116.89530242918364,86.57600764673936,-0.025821630703671477,0.010423871518452692,0.02784625126709157,False,291.98331770743505
2019-12-14 18:00:00,-341018.52905,-172920.73675,0.0,116.88826178736649,86.57621363125396,-0.02567846261103603,0.012095936345174732,0.02838476912241659,False,295.22295646960947
2019-12-14 18:30:00,-341020.75591,-172870.90117,0.0,116.881450005359,86.57639769972707,-0.024485430437299224,0.010376716382907963,0.026593468118903365,False,292.9668161436896
2019-12-14 19:00:00,-341025.06499,-172825.22363,0.0,116.8750522732278,86.57654824663662,-0.025201797942895694,0.008088373027382887,0.02646795038881244,False,287.79373613832547
2019-12-14 19:30:00,-341035.79526,-172776.81091,0.0,116.86785338633098,86.5766585155567,-0.028460970352216244,0.008021589449543964,0.02956979422800854,False,285.74023847970034
2019-12-14 20:00:00,-341045.60954,-172720.77368,0.0,116.85969662653403,86.57680690693101,-0.03033903309908244,0.012033747403458942,0.032638443681607655,False,291.6353768903974
2019-12-14 20:30:00,-341046.49411,-172659.80062,2.9103830456733704e-11,116.85148366089335,86.57704656096645,-0.029812286493232473,0.013632139137316264,0.03278120869360557,False,294.5729977047473
2019-12-14 21:00:00,-341050.30131,-172602.85463,2.9103830456733704e-11,116.84361031918687,86.57724649814126,-0.035332219083353836,0.012730463706524916,0.0375556974577395,False,289.8144721546273
2019-12-14 21:30:00,-341063.03915,-172525.61627,0.0,116.83241739417454,86.57745704044824,-0.04024258348635534,0.013041240182940003,0.04230294872896462,False,287.9557299172661
2019-12-14 22:00:00,-341073.80103,-172452.38804,0.0,116.82189324828491,86.57766703962308,-0.03927248226754476,0.013627522383029146,0.04156966718359167,False,289.13673646490247
2019-12-14 22:30:00,-341083.05187,-172377.30965,5.820766091346741e-11,116.81122243087009,86.57789647823707,-0.040606045555500715,0.015073873675699522,0.04331365377391229,False,290.3660538559293
2019-12-14 23:00:00,-341091.30444,-172297.4444,2.9103830456733704e-11,116.79997704957971,86.57815311215091,-0.042733708714895305,0.013987169243706351,0.044964550080942696,False,288.12378803280467
2019-12-14 23:30:00,-341107.47032,-172217.28963,5.820766091346741e-11,116.78815645097528,86.57834750801396,-0.04434808498238563,0.011610283132129945,0.045842680070138996,False,284.6707208460533
2019-12-15 00:00:00,-341125.94766,-172136.0878,2.9103830456733704e-11,116.77603818894644,86.5785274989449,-0.045540550334882315,0.010854461930597461,0.0468162479125222,False,283.40615798226554
2019-12-15 00:30:00,-341146.44257,-172053.31894,2.9103830456733704e-11,116.76357259411715,86.57869752149715,-0.045967770144206166,0.011158588878896463,0.04730274831126415,False,283.6445192733461
2019-12-15 01:00:00,-341164.59924,-171970.24238,5.820766091346741e-11,116.75122239218686,86.5788873253697,-0.04593332117140365,0.011186171303863877,0.0472757910803691,False,283.68685310490946
2019-12-15 01:30:00,-341184.91391,-171887.53124,6.507814330688532e-11,116.73877414829384,86.57905823458026,-0.045430712668233494,0.008373632983693029,0.04619596717127138,False,280.44335150661755
2019-12-15 02:00:00,-341211.2629,-171810.61777,5.820766091346741e-11,116.72669427851308,86.57915735003287,-0.044056186739950695,0.005907874860570504,0.04445054077774047,False,277.6377221375411
2019-12-15 02:30:00,-341237.24685,-171736.3086,2.9103830456733704e-11,116.71498722799052,86.57924874719782,-0.042171949929265866,0.005027380089235402,0.04247055346234786,False,276.79823110105986
2019-12-15 03:00:00,-341263.34693,-171666.86859,2.9103830456733704e-11,116.7039241400545,86.57931947283502,-0.04071801665252908,0.00311419766762059,0.04083693312711729,False,274.37358456374716
2019-12-15 03:30:00,-341293.10384,-171600.32034,1.3015628661377063e-10,116.69300171824189,86.57934917062677,-0.037754781816211454,0.0037024211686007523,0.037935886341292115,False,275.60080033071324
2019-12-15 04:00:00,-341312.49406,-171539.44919,8.231806349783991e-11,116.68353816126401,86.57943887826796,-0.03459203053521448,0.004053056103707679,0.03482866406178987,False,276.68272450797474
2019-12-15 04:30:00,-341335.98909,-171482.49929,1.1641532182693481e-10,116.67432327933142,86.57947986971061,-0.03282307988138977,0.001273050511485312,0.03284775837869134,False,272.2211163623605
2019-12-15 05:00:00,-341361.44444,-171431.8045,1.049353530241639e-10,116.6658146586314,86.57947993614806,-0.03144252723648676,1.4098225672302608e-05,0.031442530397173485,False,270.0256903260173
2019-12-15 05:30:00,-341386.7432,-171381.32271,5.820766091346741e-11,116.65734512801365,86.57948032467425,-0.03070795506577005,-0.0015238129116121237,0.030745739706680476,False,267.1591566034506
2019-12-15 06:00:00,-341415.94513,-171335.46775,8.231806349783991e-11,116.64923327455,86.57943080168558,-0.030567846646649535,-0.003091441338178593,0.030723773501321133,False,264.2250974774131
2019-12-15 06:30:00,-341446.04797,-171287.9603,6.507814330688532e-11,116.64083952504633,86.57938063424751,-0.03185902495293314,-0.002802354119263646,0.03198203651366452,False,264.9731394615475
2019-12-15 07:00:00,-341476.39025,-171237.47524,0.0,116.63203070572717,86.57934043199724,-0.03378312053934134,-0.002170864255176994,0.033852797299338086,False,266.3232945277309
2019-12-15 07:30:00,-341507.55083,-171182.7476,5.820766091346741e-11,116.6225982371309,86.57931062565585,-0.03665006531962106,-0.002751459284823307,0.03675320144053482,False,265.7066425223471
2019-12-15 08:00:00,-341544.36929,-171123.96229,5.820766091346741e-11,116.61224169486692,86.57925169767476,-0.038885654451636914,-0.0031061348239268365,0.03900951416868096,False,265.432985615976
2019-12-15 08:30:00,-341580.25607,-171062.59883,6.507814330688532e-11,116.60160234099716,86.57921046074118,-0.04099526274993509,-0.0022125669699866353,0.041054926872823576,False,266.9106705188104
2019-12-15 09:00:00,-341617.57664,-170995.56893,1.1999816708318134e-10,116.59010703069562,86.57918034037002,-0.04411693205085229,-0.0015562882027544828,0.04414437366810804,False,267.9796467892631
2019-12-15 09:30:00,-341656.35513,-170923.08389,5.820766091346741e-11,116.57778239677013,86.57916026567501,-0.0461632745759678,-0.0012427442822299517,0.04617999927378962,False,268.4579341581858
2019-12-15 10:00:00,-341695.93222,-170848.94424,2.9103830456733704e-11,116.5651823876693,86.57914026270048,-0.048832008697220326,-0.0009399920204071592,0.04884105505006859,False,268.89722077240503
2019-12-15 10:30:00,-341738.00022,-170767.3614,6.507814330688532e-11,116.55141696165794,86.57912993825384,-0.05231227330590527,-7.78488666895033e-06,0.05231227388516188,False,269.9914734895152
2019-12-15 11:00:00,-341780.13834,-170680.49446,2.9103830456733704e-11,116.53693791951007,86.57914000116047,-0.055106811414557956,-0.0002933189037853702,0.05510759203829335,False,269.6950326811302
2019-12-15 11:30:00,-341827.5781,-170590.34915,2.9103830456733704e-11,116.52166379596133,86.57912046743056,-0.056948845474411,-0.0018420070930311935,0.05697862749311464,False,268.14741721997643
2019-12-15 12:00:00,-341877.61872,-170500.01442,5.820766091346741e-11,116.50619034073074,86.5790805997735,-0.05854104101344283,-0.0027810859809363243,0.058607063756606646,False,267.28011707986
2019-12-15 12:30:00,-341930.59318,-170406.22217,2.9103830456733704e-11,116.49005689288315,86.57903077640266,-0.060584966355925925,-0.003683064064324823,0.060696813007361405,False,266.5211725222206
2019-12-15 13:00:00,-341986.7702,-170310.72118,0.0,116.47348042036751,86.57896182646992,-0.06335576626092942,-0.005550638864801279,0.0635984489615664,False,264.99306475121284
2019-12-15 13:30:00,-342050.1548,-170210.96556,0.0,116.45585183168305,86.57885176922757,-0.06635236752302953,-0.007738499260527519,0.06680210360996403,False,263.34779869674196
2019-12-15 14:00:00,-342118.12925,-170109.2787,2.9103830456733704e-11,116.43765861072356,86.57871227676323,-0.06618449085552242,-0.009287694185528585,0.06683298656418574,False,262.01182543338626
2019-12-15 14:30:00,-342186.17465,-170012.50559,5.820766091346741e-11,116.4201220144553,86.57855228623794,-0.06495518386188534,-0.010226849455815604,0.06575533712424601,False,261.05253311508073
2019-12-15 15:00:00,-342255.14706,-169916.24475,6.507814330688532e-11,116.40259404929307,86.57838249725941,-0.06482799210459328,-0.01106165816129093,0.06576495146801573,False,260.31682618370616
2019-12-15 15:30:00,-342325.62162,-169821.17625,1.049353530241639e-10,116.38512788521575,86.57819558806334,-0.06416445407217114,-0.011769084062652427,0.06523487185588348,False,259.60630363103735
2019-12-15 16:00:00,-342395.75557,-169728.14458,2.9103830456733704e-11,116.36795991780374,86.57800299134261,-0.06333183799591716,-0.013107171695031259,0.0646739488030855,False,258.30713219414804
2019-12-15 16:30:00,-342469.15845,-169637.85897,5.820766091346741e-11,116.35094526488093,86.57777293088073,-0.06114805980657993,-0.013929730655653078,0.06271461244596922,False,257.16683002528214
2019-12-15 17:00:00,-342538.40196,-169553.14379,0.0,116.33495789263087,86.57755382446332,-0.06400854044355282,-0.015753425286563698,0.06591861389602546,False,256.17347853991464
2019-12-15 17:30:00,-342622.20819,-169456.50188,0.0,116.31640229829227,86.57726489232329,-0.06796792801578849,-0.01735997546340493,0.07014989655622757,False,255.6721662120007
2019-12-15 18:00:00,-342702.89623,-169361.52464,5.820766091346741e-11,116.29828058231845,86.57699403485563,-0.06784805547964728,-0.018308332341988982,0.07027484376015372,False,254.8988019524547
2019-12-15 18:30:00,-342789.51138,-169266.73018,0.0,116.27979299434402,86.57667450622063,-0.06998568995256971,-0.019828945648730098,0.07274052435663018,False,254.18105854349312
2019-12-15 19:00:00,-342878.4538,-169167.2226,6.507814330688532e-11,116.26052115620645,86.57635460582432,-0.07242353871496163,-0.020460004287703466,0.07525809415239261,False,254.2247542463969
2019-12-15 19:30:00,-342970.92401,-169065.5038,5.820766091346741e-11,116.24072201075847,86.57601473240793,-0.07475188061086646,-0.020308628188034476,0.07746150033236551,False,254.80071969506673
2019-12-15 20:00:00,-343063.01415,-168958.17438,1.1641532182693481e-10,116.22019783555577,86.5756997087918,-0.07704157122681325,-0.020756888044498142,0.07978879682253624,False,254.9211617343396
2019-12-15 20:30:00,-343160.49904,-168849.70775,2.9103830456733704e-11,116.19916775401322,86.57534538478801,-0.08153391152679171,-0.02309283602942901,0.08474112227685442,False,254.18629572838185
2019-12-15 21:00:00,-343267.19544,-168731.51051,0.0,116.17622520829532,86.57495500207199,-0.08403505021155025,-0.0223514964537937,0.0869567654514686,False,255.10541330434023
2019-12-15 21:30:00,-343366.16645,-168613.70418,5.820766091346741e-11,116.15385047463876,86.57462464089924,-0.08681575430794361,-0.021391040754699574,0.08941225766429593,False,256.15827662882316
2019-12-15 22:00:00,-343474.07952,-168484.91698,5.820766091346741e-11,116.12941378051362,86.57426516563054,-0.09364975328196537,-0.02291972933025896,0.09641364157807399,False,256.24781774837004
2019-12-15 22:30:00,-343588.72109,-168347.35801,0.0,116.10335930678224,86.57388551726707,-0.09861520042779987,-0.024579896235866372,0.10163232288195079,False,256.00417627384155
2019-12-15 23:00:00,-343709.74514,-168205.04696,5.820766091346741e-11,116.07625142674364,86.5734725207366,-0.10253417592868641,-0.02512666031511157,0.10556801737252537,False,256.23064859945225
2019-12-15 23:30:00,-343832.22381,-168055.56952,5.820766091346741e-11,116.04809053923957,86.57307523989837,-0.10500931847005072,-0.023175383399201117,0.1075362978777143,False,257.55442172284836
2019-12-16 00:00:00,-343950.70617,-167902.04871,2.9103830456733704e-11,116.01965469076667,86.57272518740247,-0.10585669474123523,-0.023251940714249283,0.1083803144880011,False,257.61144329744775
2019-12-16 00:30:00,-344074.62032,-167749.83126,6.507814330688532e-11,115.99104371470455,86.57232544068064,-0.10804767376398945,-0.023872671945128,0.11065353257627701,False,257.54090705405054
2019-12-16 01:00:00,-344198.41516,-167590.07893,1.1999816708318134e-10,115.96143334148837,86.57195534651531,-0.1113497863667284,-0.023858546063366994,0.11387714935040241,False,257.9062870981244
2019-12-16 01:30:00,-344327.32632,-167427.02323,5.820766091346741e-11,115.93104998766596,86.57155606137692,-0.11628821310735082,-0.028407608821154645,0.11970773052161829,False,256.27228606839685
2019-12-16 02:00:00,-344473.45206,-167258.30983,5.820766091346741e-11,115.8987871199491,86.57103923835805,-0.1261701355365546,-0.03862730589219476,0.13195064176350846,False,252.97789868973922
2019-12-16 02:30:00,-344650.81076,-167079.16692,0.0,115.86309175279966,86.57031034291259,-0.13351470805207027,-0.04493573739840137,0.1408736943569226,False,251.39881509998688
2019-12-16 03:00:00,-344828.6893,-166896.36666,6.507814330688532e-11,115.82688533600178,86.56959019725036,-0.13667807210469607,-0.04588982288464862,0.1441761812458664,False,251.44046299201983
2019-12-16 03:30:00,-345013.87211,-166708.24508,5.820766091346741e-11,115.78950250762833,86.56883050948151,-0.1359111759234628,-0.047408134721814765,0.1439422765510543,False,250.77035764052505
2019-12-16 04:00:00,-345195.22893,-166530.0719,6.507814330688532e-11,115.75372426252186,86.56806150980815,-0.13816512012067847,-0.05081714418727882,0.1472140705276238,False,249.80647313709855
2019-12-16 04:30:00,-345394.762,-166339.74571,2.9103830456733704e-11,115.71514681603213,86.56719172265299,-0.13395620778667017,-0.05228359048179612,0.14379791180074109,False,248.6791192931645
2019-12-16 05:00:00,-345574.05254,-166177.25825,2.9103830456733704e-11,115.6816484054977,86.5663757350713,-0.13432399184982302,-0.0539110485045979,0.144738854276716,False,248.13189911868167
2019-12-16 05:30:00,-345779.23315,-165988.05646,2.9103830456733704e-11,115.64289450875428,86.56545307743073,-0.13950490625372391,-0.05806816482420452,0.1511076789409171,False,247.4007431414645
2019-12-16 06:00:00,-345979.84891,-165814.97126,0.0,115.60662653029335,86.56450333284015,-0.13607755256162402,-0.061675422333709894,0.14940200142970986,False,245.61819341785275
2019-12-16 06:30:00,-346191.17821,-165642.25177,6.507814330688532e-11,115.56973749645474,86.563464231572,-0.14143315984604637,-0.06323336387260302,0.15492513356677257,False,245.91105477111853
2019-12-16 07:00:00,-346404.95204,-165453.93024,1.3015628661377063e-10,115.53061231544218,86.56246418286734,-0.15137694766932158,-0.06385989728714889,0.16429566874146662,False,247.12705856961767
2019-12-16 07:30:00,-346633.49852,-165249.59048,0.0,115.48840396232548,86.56140483501126,-0.16415948645188302,-0.0652153357871847,0.1766391151868159,False,248.33365143363665
2019-12-16 08:00:00,-346871.19011,-165021.50463,2.9103830456733704e-11,115.44243718415001,86.56036103502481,-0.17480530195786198,-0.0629961104567571,0.18581012761757432,False,250.1819166072982
2019-12-16 08:30:00,-347108.63967,-164778.75068,5.820766091346741e-11,115.39453791164692,86.55937332757759,-0.1815738188378594,-0.059196219841346764,0.19097969559842962,False,251.94313167407788
2019-12-16 09:00:00,-347344.02926,-164522.38903,2.9103830456733704e-11,115.34496431535992,86.5584520701935,-0.19651902085656658,-0.05372475438114366,0.20373039731895157,False,254.7099733825186
2019-12-16 09:30:00,-347586.27663,-164222.17035,2.346425826049686e-10,115.2890707795415,86.5576405346344,-0.21003156784106194,-0.04692713712281042,0.21521016632194134,False,257.40532125296147
2019-12-16 10:00:00,-347819.77736,-163910.90597,5.820766091346741e-11,115.23227037950421,86.55693877310793,-0.21441109789796375,-0.03888490699519054,0.21790859297842022,False,259.7207458435968
2019-12-16 10:30:00,-348041.94967,-163583.61203,5.820766091346741e-11,115.17404980701376,86.55638654026176,-0.21445238111136314,-0.029149690912218668,0.21642441693258926,False,262.25944279564294
2019-12-16 11:00:00,-348243.14649,-163256.84262,5.820766091346741e-11,115.11724500094252,86.55599887799754,-0.21400796920073,-0.01933819355838934,0.2148799120707246,False,264.83666024242643
2019-12-16 11:30:00,-348432.00959,-162915.58492,5.820766091346741e-11,115.05927622666339,86.5557628776928,-0.21591774078087023,-0.012938285342112901,0.21630503926517525,False,266.5708061780882
2019-12-16 12:00:00,-348614.57141,-162572.43461,2.9103830456733704e-11,115.00145664443313,86.55558167032353,-0.21633609560339984,-0.007218157265978534,0.21645648074206453,False,268.08900785208147
2019-12-16 12:30:00,-348784.7173,-162220.73426,0.0,114.94326838553516,86.5555300936356,-0.21450391910214361,-0.0010343835030679205,0.2145064130962298,False,269.7237097112518
2019-12-16 13:00:00,-348943.60651,-161873.81855,5.820766091346741e-11,114.88643398832477,86.55554839661099,-0.21103277120829933,0.00305746262422793,0.2110549184490922,False,270.8300485649861
2019-12-16 13:30:00,-349094.4378,-161526.92898,1.1641532182693481e-10,114.83010659272854,86.55562871676483,-0.208052787936152,0.005870640302384447,0.20813559759340883,False,271.6162902081719
2019-12-16 14:00:00,-349238.94858,-161185.19253,6.507814330688532e-11,114.77486810897685,86.5557377690202,-0.2034253683869945,0.00925036254746335,0.2036355806597755,False,272.6036176056966
2019-12-16 14:30:00,-349371.08777,-160848.04538,2.9103830456733704e-11,114.7210178761069,86.55592708969422,-0.1983921898597596,0.012676976591703498,0.19879679759205754,False,273.65614755011234
2019-12-16 15:00:00,-349496.17752,-160517.34926,5.820766091346741e-11,114.66847342644718,86.55614663226955,-0.1940275878051091,0.015023338574630458,0.19460833880231673,False,274.42751407708363
2019-12-16 15:30:00,-349613.47021,-160190.71964,6.507814330688532e-11,114.61695699892528,86.55641159850697,-0.18859855333290418,0.016727576617053132,0.18933891871124564,False,275.0685338768201
2019-12-16 16:00:00,-349724.24993,-159875.01839,1.7703168939037188e-10,114.5673170724305,86.55668614049907,-0.18203076966683918,0.017194652288021965,0.18284107080414902,False,275.3961559993736
2019-12-16 16:30:00,-349829.62649,-159568.99593,2.9103830456733704e-11,114.51931559572509,86.55696615265163,-0.1762532572797963,0.017037866613883283,0.17707484180563468,False,275.52145307951673
2019-12-16 17:00:00,-349931.76719,-159272.27146,2.9103830456733704e-11,114.47276725227346,86.55723562691837,-0.17171232192765815,0.016440020394271684,0.17249752396006088,False,275.46892268342776
2019-12-16 17:30:00,-350031.84081,-158981.85089,0.0,114.42719445974197,86.55749633554143,-0.16761132648882082,0.01645158964954608,0.1684167793580531,False,275.60580845158813
2019-12-16 18:00:00,-350127.37123,-158698.3906,2.9103830456733704e-11,114.38283921937646,86.55776619311794,-0.16343218957692318,0.017043548128913302,0.1643184807705145,False,275.95357790730145
2019-12-16 18:30:00,-350218.84854,-158420.64201,2.9103830456733704e-11,114.33950175568155,86.55804597975312,-0.1591062843486592,0.01767290065910638,0.16008479358434716,False,276.33820847254367
2019-12-16 19:00:00,-350305.47172,-158150.29575,5.820766091346741e-11,114.29746074921637,86.55833614302763,-0.15537111286791555,0.017661216330310488,0.15637167670675076,False,276.485042572259
2019-12-16 19:30:00,-350391.05222,-157884.68947,5.820766091346741e-11,114.25612080922835,86.5586155254354,-0.14982944778359314,0.019608365297294178,0.15110708591184133,False,277.45599530298534
2019-12-16 20:00:00,-350462.70197,-157629.52816,0.0,114.21704641552901,86.55896854253785,-0.144694054065039,0.02292131597609917,0.1464983140102732,False,279.0015564288308
2019-12-16 20:30:00,-350529.46679,-157375.78303,0.0,114.17845501503487,86.55935468055183,-0.1434468763559296,0.0237639621108834,0.14540196777031889,False,279.4064089847699
2019-12-16 21:00:00,-350596.16738,-157123.3821,0.0,114.14004182215207,86.55973485760646,-0.14346780279490673,0.02448038997269745,0.14554140281038105,False,279.68330991670166
2019-12-16 21:30:00,-350660.27005,-156868.42407,0.0,114.10143024552495,86.5601440827184,-0.1452167970719873,0.02754243171946848,0.14780562809605163,False,280.7393979363394
2019-12-16 22:00:00,-350719.13747,-156605.6862,5.820766091346741e-11,114.06206824907514,86.56062297755311,-0.14637938077914484,0.030659847302152918,0.14955584025332214,False,281.8298513458785
2019-12-16 22:30:00,-350774.34342,-156342.24641,5.820766091346741e-11,114.02282204456719,86.56113276412326,-0.14519240414381113,0.03135043503704107,0.1485384933209958,False,282.1844389676248
2019-12-16 23:00:00,-350828.84003,-156082.32142,5.820766091346741e-11,113.98408642605807,86.56163394403018,-0.14468496833949046,0.032550688069817174,0.14830133970135906,False,282.6790907157023
2019-12-16 23:30:00,-350879.00174,-155818.72025,0.0,113.94510069414227,86.56218240350206,-0.1449105779643201,0.033750910938470935,0.14878911114436397,False,283.1109378912539
2019-12-17 00:00:00,-350929.52281,-155556.22823,0.0,113.90623215749109,86.56272230133867,-0.14488977298179498,0.03590156647901359,0.14927146006642772,False,283.9167566571473
2019-12-17 00:30:00,-350972.21911,-155289.48983,6.507814330688532e-11,113.86724436272195,86.56334010233282,-0.1430968324057699,0.04331319616001854,0.14950831550840657,False,286.84025143253484
2019-12-17 01:00:00,-350995.36821,-155022.04114,8.231806349783991e-11,113.82932474766872,86.56411904768424,-0.1414144216135875,0.0486175662391254,0.14953831076791402,False,288.97271186543094
2019-12-17 01:30:00,-351017.7961,-154753.08471,6.507814330688532e-11,113.79122535713944,86.56490784609336,-0.14240632842483855,0.052224068577603894,0.1516803076020129,False,290.139287757532
2019-12-17 02:00:00,-351030.14891,-154477.10084,0.0,113.75275383171189,86.56580308070913,-0.14216782172119494,0.056074525268754956,0.15282683637720734,False,291.52550952797424
2019-12-17 02:30:00,-351039.17759,-154203.32373,1.1641532182693481e-10,113.71476396819862,86.56671607694882,-0.14147288373780265,0.06088453558095738,0.15401786748945295,False,293.2852009843989
2019-12-17 03:00:00,-351034.30585,-153922.6521,0.0,113.67664448263982,86.56776639296622,-0.13554199164552347,0.06019941256749599,0.14830913920829947,False,293.9478479080167
2019-12-17 03:30:00,-351036.65038,-153669.41681,2.9103830456733704e-11,113.6418271232651,86.5686574269188,-0.13174112511152494,0.05768359424940742,0.14381627547388626,False,293.6464783925636
2019-12-17 04:00:00,-351034.26382,-153404.91351,1.1641532182693481e-10,113.60573082455271,86.56962644253362,-0.13293313449016764,0.06072804873051769,0.1461475766066517,False,294.5524157543405
2019-12-17 04:30:00,-351027.95763,-153143.35735,5.820766091346741e-11,113.57025275131008,86.57061571967104,-0.1318569237400608,0.06774609696366345,0.14824230837383198,False,297.1934145495005
2019-12-17 05:00:00,-351000.53895,-152872.30787,5.820766091346741e-11,113.53471331946777,86.5718110170017,-0.12981688340338887,0.07892636573577606,0.15192693778532676,False,301.2988603821647
2019-12-17 05:30:00,-350954.06886,-152601.43438,5.820766091346741e-11,113.50031059701611,86.57316086199081,-0.126057190022321,0.08348432523097722,0.15119539581480357,False,303.5154497687245
2019-12-17 06:00:00,-350905.88002,-152336.29863,0.0,113.46677158760002,86.5745031257843,-0.12299921437022057,0.07855278693717158,0.14594295827921314,False,302.5641173940895
2019-12-17 06:30:00,-350870.99749,-152082.6486,1.1641532182693481e-10,113.43399241275627,86.57569394060623,-0.12032076124460446,0.07319708500901492,0.1408364258290378,False,301.31422284779603
2019-12-17 07:00:00,-350836.36739,-151834.07529,5.820766091346741e-11,113.40187372731214,86.5768634969773,-0.11581016210685227,0.07436805396021126,0.13763212232994265,False,302.706744066215
2019-12-17 07:30:00,-350790.88517,-151593.69244,5.820766091346741e-11,113.37150577768664,86.57809210528022,-0.11136240309378782,0.07841345664872218,0.1361993208735797,False,305.1504730191884
2019-12-17 08:00:00,-350736.27558,-151354.08265,5.820766091346741e-11,113.34176489619743,86.57939207331738,-0.10781489557016967,0.07694899333723108,0.1324582926147692,False,305.51597912380157
2019-12-17 08:30:00,-350690.32474,-151127.56651,6.507814330688532e-11,113.31329148666072,86.58057347579724,-0.10212103004933865,0.0750599394997745,0.12673870480657334,False,306.31624428596604
2019-12-17 09:00:00,-350633.61665,-150909.5225,0.0,113.28660472050956,86.58181254054105,-0.09844730472956123,0.07808317271344299,0.12565370535528372,False,308.4195829404922
2019-12-17 09:30:00,-350572.2333,-150690.89964,0.0,113.2600959811668,86.58309138422817,-0.10022199458672135,0.08244754601179297,0.1297769087407599,False,309.4423961810264
2019-12-17 10:00:00,-350503.41148,-150460.83605,0.0,113.23242900650293,86.58447114586016,-0.10257157263913609,0.08492336085686883,0.1331649530953679,False,309.6228008998272
2019-12-17 10:30:00,-350436.95783,-150230.9877,0.0,113.2046291925002,86.58582985353672,-0.10153735992741561,0.0908584981845189,0.13625381518833068,False,311.82307848494395
2019-12-17 11:00:00,-350346.80787,-149995.99303,2.9103830456733704e-11,113.17749809822712,86.5874010237343,-0.10225772199015816,0.09916404048274757,0.14244349276636148,False,314.1200506099767
2019-12-17 11:30:00,-350253.66807,-149752.06684,0.0,113.14928358912499,86.5890275035665,-0.10393724824787556,0.10037652136531539,0.14449359022026592,False,314.0015652314253
2019-12-17 12:00:00,-350161.64578,-149509.88704,1.7462298274040222e-10,113.12121783417574,86.59063780597535,-0.103557250425809,0.09924912513787018,0.1434381154239916,False,313.78307435927616
2019-12-17 12:30:00,-350071.46333,-149268.90345,5.820766091346741e-11,113.09318258793962,86.59222792646877,-0.10395039147955137,0.09937661299993075,0.14381027466801524,False,313.7113663729325
2019-12-17 13:00:00,-349979.33759,-149025.33095,1.1999816708318134e-10,113.06487707573181,86.5938423296544,-0.10348280085464012,0.10230324832686571,0.14551510124708522,False,314.67158783753285
2019-12-17 13:30:00,-349878.56263,-148781.85857,5.820766091346741e-11,113.03706867672233,86.59552684427572,-0.10351649875546054,0.10275614039959008,0.14585777286250304,False,314.78879832260816
2019-12-17 14:00:00,-349784.74761,-148537.63009,5.820766091346741e-11,113.00871765756212,86.59715581977623,-0.10461194027420358,0.10052992221623366,0.1450859169896773,False,313.8600496141248
2019-12-17 14:30:00,-349692.64959,-148293.75679,0.0,112.98028770509741,86.59876855907915,-0.10367159041770053,0.10053010159775222,0.14440948717792,False,314.11861723093295
2019-12-17 15:00:00,-349597.27015,-148052.73697,2.9103830456733704e-11,112.95242044998243,86.60039755761773,-0.09994939791112673,0.10341112616061304,0.1438184381663317,False,315.9752299021279
2019-12-17 15:30:00,-349490.16025,-147817.24931,2.9103830456733704e-11,112.92598573721132,86.6021032215334,-0.09732034713671825,0.10161669418213572,0.14070253197194796,False,316.2371969103811
2019-12-17 16:00:00,-349396.82381,-147587.55635,0.0,112.89952124328288,86.60367431375755,-0.09481998565135336,0.09416538701092583,0.13363364018779214,False,314.8015423688539
2019-12-17 16:30:00,-349310.70713,-147370.89115,0.0,112.87442219203898,86.60513973687269,-0.09098668449527363,0.09127294932198458,0.12887718197328815,False,315.0899911437481
2019-12-17 17:00:00,-349221.40489,-147158.03907,2.9103830456733704e-11,112.85001976984566,86.6066175390059,-0.08784895826733576,0.09210223338595727,0.12728024537742472,False,316.3539746338712
2019-12-17 17:30:00,-349127.96776,-146950.69869,1.1999816708318134e-10,112.82660712414797,86.6081097087816,-0.08457519831801628,0.08944546618480384,0.1230993728316626,False,316.6031025629255
2019-12-17 18:00:00,-349042.73702,-146752.49428,8.231806349783991e-11,112.80396701092846,86.60950183300055,-0.08368903374462094,0.08197222823796076,0.11714649192956926,False,314.4062450849019
2019-12-17 18:30:00,-348972.70397,-146558.59267,2.9103830456733704e-11,112.78101802308993,86.61075299263983,-0.08281352226057884,0.07755001793867974,0.11345521033206424,False,313.1200941560199
2019-12-17 19:00:00,-348900.77383,-146369.52082,6.507814330688532e-11,112.75883766687225,86.61200254173488,-0.08150293930678267,0.07752260959787288,0.11248326148591758,False,313.56621474359804
2019-12-17 19:30:00,-348828.85831,-146180.06312,0.0,112.73658618669712,86.61325279713884,-0.08073888575359049,0.07687945127714213,0.1114864014192126,False,313.59733877852284
2019-12-17 20:00:00,-348757.85353,-145994.47889,2.9103830456733704e-11,112.71480645791841,86.61448161834004,-0.08012094374766171,0.07569318193856563,0.11022170121623405,False,313.37226689867254
2019-12-17 20:30:00,-348688.87578,-145808.77665,0.0,112.69287586461618,86.6156936061719,-0.08058619360110199,0.07326627133872404,0.10891318154839581,False,312.27606167156165
2019-12-17 21:00:00,-348626.43558,-145625.0714,2.9103830456733704e-11,112.67082688037384,86.6168441688259,-0.08109584693826472,0.07052166976963882,0.10747019260116941,False,311.01051186199226
2019-12-17 21:30:00,-348567.14,-145441.5351,1.1999816708318134e-10,112.64860285745705,86.61796765185193,-0.08212733191164544,0.06703295647146176,0.10601092349484774,False,309.2215863183103
2019-12-17 22:00:00,-348517.57813,-145259.28645,5.820766091346741e-11,112.62597617835527,86.61900571109999,-0.08290891461334869,0.06444010100040405,0.10500673663773111,False,307.8557699029451
2019-12-17 22:30:00,-348467.83645,-145076.78705,0.0,112.60331096085838,86.62004559242679,-0.08234244591586197,0.06386171044673868,0.10420458944110737,False,307.79581280403113
2019-12-17 23:00:00,-348419.26877,-144897.26065,5.820766091346741e-11,112.58098016200948,86.62106500889575,-0.0830913460158054,0.06264878264758086,0.1040626818313949,False,307.01537363598976
2019-12-17 23:30:00,-348374.45304,-144713.98694,2.9103830456733704e-11,112.55789167256532,86.62206575201589,-0.08451169804876098,0.06452576219440169,0.10632874067651431,False,307.36219679302997
2019-12-18 00:00:00,-348321.46055,-144527.18399,5.820766091346741e-11,112.53477035197349,86.62314571004082,-0.0854180305589519,0.06911030628084772,0.1098748123038334,False,308.97574514976895
2019-12-18 00:30:00,-348262.50173,-144334.61091,0.0,112.51117128615866,86.62429427530343,-0.08576069522154359,0.06700382173053912,0.10883202181058825,False,308.00009261041464
2019-12-18 01:00:00,-348216.83082,-144149.61789,0.0,112.48784825759235,86.62530632502903,-0.08370874598183724,0.06298204571146507,0.10475634699555357,False,306.9576213541662
2019-12-18 01:30:00,-348168.27034,-143969.45055,0.0,112.46535733204648,86.62632521623615,-0.08139562880893247,0.06622514226268045,0.10493339724279292,False,309.132504483733
2019-12-18 02:00:00,-348108.48493,-143787.72846,5.820766091346741e-11,112.44328611636368,86.627441832343,-0.08131539314618699,0.07037541776939524,0.10754019057420285,False,310.87495750904594
2019-12-18 02:30:00,-348045.86545,-143602.16585,5.820766091346741e-11,112.42082452564135,86.62859453421432,-0.08114022139853977,0.0657723825287142,0.10444970958364394,False,309.02827528485557
2019-12-18 03:00:00,-348001.01383,-143427.39498,0.0,112.39883578858336,86.62956273988391,-0.07754671242666092,0.05778275542510443,0.09670749419099164,False,306.69107780442044
2019-12-18 03:30:00,-347959.91917,-143264.79431,0.0,112.37833016454111,86.63045782920484,-0.07398198242011754,0.05324905457436001,0.0911525947840968,False,305.7447192361249
2019-12-18 04:00:00,-347925.15318,-143108.13466,2.9103830456733704e-11,112.3582838026557,86.63127981792546,-0.07164377385234849,0.045404582970747634,0.08481984724434465,False,302.3646738129247
2019-12-18 04:30:00,-347906.86191,-142964.08775,5.820766091346741e-11,112.33905093499115,86.63192196101515,-0.06880250993659764,0.0369669118526669,0.07810466020346328,False,298.2487009572614
2019-12-18 05:00:00,-347896.2032,-142828.4522,0.0,112.32055459778383,86.63247186636387,-0.06636050099729879,0.032100649717000995,0.07371680815706882,False,295.8145062147714
2019-12-18 05:30:00,-347890.68878,-142699.20052,5.820766091346741e-11,112.30265473028469,86.63295708879093,-0.06246689557080322,0.026775094300837986,0.06796336305004631,False,293.201354980166
2019-12-18 06:00:00,-347892.36567,-142583.81419,1.1641532182693481e-10,112.28628927735814,86.6333352821489,-0.05808104124386906,0.021370134788969777,0.06188772101855711,False,290.20041055378465
2019-12-18 06:30:00,-347898.79797,-142476.55235,5.820766091346741e-11,112.27079134750316,86.63364620355519,-0.05484517420437132,0.016810175636023543,0.05736353491916094,False,287.0404260287146
2019-12-18 07:00:00,-347911.19108,-142378.16532,1.1999816708318134e-10,112.25619836491454,86.63387735637656,-0.04999817185634488,0.012151954252617957,0.051453738261999164,False,283.66074341502053
2019-12-18 07:30:00,-347926.48239,-142293.39939,6.507814330688532e-11,112.2433578668592,86.63403807962179,-0.0475378575077833,0.0089619554392467,0.04837524720066402,False,280.6762396829729
2019-12-18 08:00:00,-347946.11107,-142207.55135,6.507814330688532e-11,112.23011332693811,86.63416633779784,-0.04851633969293909,0.007462159367574554,0.049086852003644904,False,278.7439785081747
2019-12-18 08:30:00,-347967.69356,-142121.55933,6.507814330688532e-11,112.21673484805424,86.63427870225152,-0.04855782094307225,0.005972008263339171,0.048923684013337104,False,277.01145836784406
2019-12-18 09:00:00,-347992.30486,-142037.59182,1.1999816708318134e-10,112.20346672857727,86.63435891241254,-0.04883053748223093,0.005275080055443252,0.049114639980304194,False,276.16565533340736
2019-12-18 09:30:00,-348016.5419,-141951.62825,2.9103830456733704e-11,112.18993777907008,86.63444879865418,-0.05139657057177223,0.005575766081820213,0.05169812988821104,False,276.19152913635514
2019-12-18 10:00:00,-348043.59966,-141858.68684,1.1641532182693481e-10,112.17526074370633,86.63453869169854,-0.05445311509653888,0.005892275493691677,0.054770983688541414,False,276.1758456281982
2019-12-18 10:30:00,-348070.88891,-141762.0904,0.0,112.16005356376195,86.63463879256473,-0.05583148815327677,0.004970665865423508,0.05605232009966377,False,275.08761771587365
2019-12-18 11:00:00,-348102.84078,-141665.79042,5.820766091346741e-11,112.14461939546287,86.63469897198323,-0.05600963969033089,0.0025101226847194305,0.05606585818600329,False,272.56604518622544
2019-12-18 11:30:00,-348138.52437,-141571.92296,1.1641532182693481e-10,112.1293138978188,86.63471973588601,-0.056564672683761495,0.001267549752799156,0.05657887307287849,False,271.28371817513755
2019-12-18 12:00:00,-348175.32187,-141475.43906,2.9103830456733704e-11,112.11357473741604,86.63473983842734,-0.05831115527125609,0.0006306899734971685,0.05831456592405714,False,270.6196835662107
2019-12-18 12:30:00,-348215.44404,-141376.58993,5.820766091346741e-11,112.09731061076528,86.63474006446978,-0.05802650740900574,1.4159556949375207e-06,0.05802650742628172,False,270.00139812456246
2019-12-18 13:00:00,-348253.89959,-141281.88586,5.820766091346741e-11,112.0817275827799,86.63473989520756,-0.058198972056605666,0.0003055553948040808,0.05819977416231837,False,270.3008107026035
2019-12-18 13:30:00,-348293.18793,-141182.02843,2.9103830456733704e-11,112.06536875126669,86.63474990468853,-0.0598131835901104,0.00031508136714986437,0.05981401347052526,False,270.30181750035354
2019-12-18 14:00:00,-348333.73919,-141081.90376,6.507814330688532e-11,112.04889978228334,86.63475005345205,-0.05949950022847856,2.486768980160259e-06,0.05949950028044555,False,270.0023946649393
2019-12-18 14:30:00,-348373.58916,-140983.49251,5.820766091346741e-11,112.03271306432733,86.63474998960245,-0.05852463490897592,-1.2761030080306324e-06,0.05852463492288834,False,269.9987506916244
2019-12-18 15:00:00,-348412.78034,-140886.60343,5.820766091346741e-11,112.01677913928982,86.63475001646609,-0.057586789638393435,-0.00029892566678038635,0.05758756547563751,False,269.7025876008511
2019-12-18 15:30:00,-348452.30371,-140791.70193,6.507814330688532e-11,112.00110719334567,86.63474035470556,-0.056598236909757814,-0.0015316983312518954,0.05661895902496823,False,268.44980269100984
2019-12-18 16:00:00,-348494.22401,-140699.75353,5.820766091346741e-11,111.9857160059948,86.63470062986876,-0.054087799949254264,-0.002463291120885353,0.054143863054798576,False,267.3924114354721
2019-12-18 16:30:00,-348533.42358,-140614.46605,1.1641532182693481e-10,111.97142208414395,86.6346609402419,-0.05172101995516126,-0.001875955167670671,0.05175502983279306,False,267.9227552570459
2019-12-18 17:00:00,-348570.15096,-140529.6079,5.820766091346741e-11,111.95733012688665,86.63464014084983,-0.05057975325570918,-0.0006525173986367053,0.05058396206668619,False,269.2608817416566
2019-12-18 17:30:00,-348603.68753,-140446.46542,2.9103830456733704e-11,111.9436627277987,86.63463990524055,-0.048410606439405354,-0.0008891267115717187,0.048418770762383316,False,268.9478032848275
2019-12-18 18:00:00,-348638.24676,-140369.15201,6.507814330688532e-11,111.93076144152798,86.63461148054975,-0.04723825443293287,-0.005230672954565935,0.04752696730728913,False,263.6814016369439
2019-12-18 18:30:00,-348684.66946,-140295.74668,0.0,111.91773799926807,86.63447123558859,-0.04506238726808148,-0.004992134149147436,0.045338065129222664,False,263.6783944923556
2019-12-18 19:00:00,-348715.47385,-140225.36127,2.9103830456733704e-11,111.90603099226432,86.63445052112485,-0.043748419069893796,-0.003647045966544315,0.043900172156805195,False,265.2346097721688
2019-12-18 19:30:00,-348755.60968,-140154.52231,5.820766091346741e-11,111.89372954844445,86.63435362579784,-0.044582334959224174,-0.0061770362483117,0.045008225550774814,False,262.11169375321964
2019-12-18 20:00:00,-348795.95426,-140084.73233,1.1641532182693481e-10,111.88156533367854,86.63425133842235,-0.04516095048087927,-0.005054788171602275,0.04544295689979032,False,263.6135622345871
2019-12-18 20:30:00,-348833.08752,-140010.43764,0.0,111.86894695547905,86.63419062355781,-0.046366783285424096,-0.003124718666365149,0.046471953466380285,False,266.14459137621003
2019-12-18 21:00:00,-348868.56908,-139934.01387,5.820766091346741e-11,111.85612155567415,86.6341505761838,-0.04779497007406265,-0.002190126995517308,0.047845123269117384,False,267.3763491570188
2019-12-18 21:30:00,-348904.45996,-139853.67848,0.0,111.84271981823544,86.63411999306891,-0.04968817911346326,-3.363875342840897e-05,0.049688190500131305,False,269.96121092904866
2019-12-18 22:00:00,-348935.23463,-139768.02333,1.1641532182693481e-10,111.828855570448,86.63414948500314,-0.05122494145243246,0.002116681994691373,0.051268654843596044,False,272.3661909069717
2019-12-18 22:30:00,-348965.95636,-139679.65771,0.0,111.8146105090674,86.6341882420132,-0.05222387391402703,0.003696793395613041,0.05235455365102487,False,274.04906643000754
2019-12-18 23:00:00,-348992.74305,-139588.5348,5.820766091346741e-11,111.80019763752189,86.634268689171,-0.05289423776663323,0.0052813410587829596,0.05315724741079354,False,275.70192437941614
2019-12-18 23:30:00,-349019.01944,-139495.79556,0.0,111.78558415646633,86.63435854091107,-0.05341741340289142,0.006500805526204538,0.053811527827640565,False,276.93867513150406
2019-12-19 00:00:00,-349042.38171,-139401.2809,1.1999816708318134e-10,111.77088331671453,86.63447831253177,-0.05318124529689229,0.0074323739141644325,0.05369809152407728,False,277.9558729323643
2019-12-19 00:30:00,-349065.18027,-139308.07464,2.9103830456733704e-11,111.7563985408595,86.63459820812254,-0.052069364941734385,0.00798956961145734,0.05267876221032382,False,278.7234777571557
2019-12-19 01:00:00,-349085.14839,-139216.52245,0.0,111.74230681037726,86.63473594956535,-0.05065446983457178,0.008070485317045259,0.05129335285857404,False,279.05252164496096
2019-12-19 01:30:00,-349105.74409,-139127.92903,5.820766091346741e-11,111.72859755101558,86.63485845404362,-0.048898565115899816,0.006907586603710866,0.04938405029036865,False,278.0406043964779
2019-12-19 02:00:00,-349127.21789,-139043.78912,6.507814330688532e-11,111.7154685802825,86.63495869923752,-0.045948331111770664,0.005297519525988696,0.046252706354170704,False,276.5767626548396
2019-12-19 02:30:00,-349149.22922,-138967.19777,1.1999816708318134e-10,111.70337785708472,86.63502929100888,-0.0431964808551048,0.0031402156553893036,0.04331047116607932,False,274.1578655730914
2019-12-19 03:00:00,-349174.22135,-138895.12506,6.507814330688532e-11,111.69175881767963,86.63505996420062,-0.04041649643957532,4.70188069372178e-05,0.04041652378939102,False,270.06665540601534
2019-12-19 03:30:00,-349202.85042,-138831.93925,6.507814330688532e-11,111.68119383440136,86.63503081916275,-0.036804683406794755,-0.003618869761859036,0.03698217055592723,False,264.3843668042577
2019-12-19 04:00:00,-349235.27748,-138776.8149,8.231806349783991e-11,111.67155742059917,86.63494327993313,-0.03357034492291367,-0.006776278081464353,0.034247423302793595,False,258.58801301942333
2019-12-19 04:30:00,-349270.15006,-138728.63697,2.9103830456733704e-11,111.66276813016795,86.63481231965355,-0.030123660674718722,-0.009631321166797633,0.03162589571638406,False,252.26956402364104
2019-12-19 05:00:00,-349307.53316,-138688.82812,5.820766091346741e-11,111.65502412523449,86.63463271770007,-0.02813535017313731,-0.010854822307056674,0.030156675822822925,False,248.90302359065194
2019-12-19 05:30:00,-349343.84619,-138648.91853,6.507814330688532e-11,111.64732684786345,86.63446229596002,-0.028070968229478816,-0.010254143914878801,0.029885225861074817,False,249.93307688786774
2019-12-19 06:00:00,-349379.12315,-138608.5175,1.1999816708318134e-10,111.63961895763022,86.63430206298287,-0.02846162627810575,-0.009611146463014943,0.03004061095796962,False,251.34079744462062
2019-12-19 06:30:00,-349413.79235,-138566.43741,8.231806349783991e-11,111.63170804099587,86.63415237375177,-0.028450945530928945,-0.010443196508943414,0.03030703969259112,False,249.84384698068374
2019-12-19 07:00:00,-349451.82817,-138527.16668,6.507814330688532e-11,111.6240067974083,86.63396531381609,-0.028927844413087614,-0.01085371183873216,0.03089697789535473,False,249.43393576976405
2019-12-19 07:30:00,-349488.49296,-138484.02542,5.820766091346741e-11,111.61583495951123,86.63380238160133,-0.02997489730279477,-0.010925867037013188,0.03190405991129631,False,249.97317325690122
2019-12-19 08:00:00,-349528.14709,-138441.33542,5.820766091346741e-11,111.60756008392076,86.63361299789533,-0.03052324096505183,-0.011773123031821013,0.03271505257420524,False,248.90786810411927
2019-12-19 08:30:00,-349568.3622,-138397.47102,5.820766091346741e-11,111.59908826311161,86.63342274425794,-0.031145539213791082,-0.0124041286273605,0.033524722518193974,False,248.28441712556864
2019-12-19 09:00:00,-349610.94031,-138353.52245,2.9103830456733704e-11,111.59047297092347,86.63321301358272,-0.032369519627537466,-0.012937656072667898,0.034859270582904826,False,248.21408286987653
2019-12-19 09:30:00,-349654.54955,-138306.25519,0.0,111.58133072047781,86.6330055522741,-0.03383791291167823,-0.011501591502645387,0.03573920756413109,False,251.2269739314959
2019-12-19 10:00:00,-349694.25008,-138255.47566,8.231806349783991e-11,111.5719108942692,86.63284213102173,-0.034589694941255814,-0.010022818146960892,0.036012551697098424,False,253.84036078690863
2019-12-19 10:30:00,-349733.88756,-138203.72054,5.820766091346741e-11,111.56235727255024,86.63268235551114,-0.03558271030687214,-0.010226694078912475,0.03702316227129239,False,253.96501709918746
2019-12-19 11:00:00,-349775.56739,-138149.87284,0.0,111.55239372816152,86.63251235726446,-0.0348953930644019,-0.00992699513780082,0.03627993508242578,False,254.12007774747954
2019-12-19 11:30:00,-349813.27407,-138100.00858,2.9103830456733704e-11,111.54321792416854,86.63236225766262,-0.034235935698933025,-0.010145640971636177,0.03570760876769571,False,253.49308472140342
2019-12-19 12:00:00,-349854.79767,-138048.6454,2.9103830456733704e-11,111.53361710214452,86.63218519712372,-0.03580690123154116,-0.010245576674153727,0.03724387220995297,False,254.0323665450815
2019-12-19 12:30:00,-349894.89787,-137993.63918,2.9103830456733704e-11,111.52358058959938,86.63203187468832,-0.036861023823847615,-0.008488558643743621,0.03782579417792224,False,257.0317013411026
2019-12-19 13:00:00,-349931.91092,-137936.41085,1.1641532182693481e-10,111.51340253851306,86.63191147381488,-0.03729040763190142,-0.006539651631573974,0.03785949741895314,False,260.05313732886816
2019-12-19 13:30:00,-349966.03078,-137877.37992,0.0,111.50313128915319,86.63182099626721,-0.03711982410015996,-0.004669591536108025,0.0374123833287978,False,262.8299817671283
2019-12-19 14:00:00,-349996.53425,-137818.24249,0.0,111.4930473207697,86.63176090023539,-0.0367013390600477,-0.0034296637477979567,0.0368612382079542,False,264.66133262760934
2019-12-19 14:30:00,-350025.92799,-137758.96651,0.0,111.48300597849993,86.6317104038511,-0.03546718973955641,-0.001590522003218759,0.03550283521445039,False,267.43229777319203
2019-12-19 15:00:00,-350048.62266,-137701.52811,0.0,111.47359893188079,86.63170961863052,-0.034153137587435566,0.0002949197133163394,0.034154410911383125,False,270.4947491234608
2019-12-19 15:30:00,-350069.94906,-137644.16105,1.3015628661377063e-10,111.46427826495616,86.63171991465546,-0.033405947593406364,0.0003245252120926481,0.03340752387152775,False,270.5565877170844
2019-12-19 16:00:00,-350091.54158,-137589.17982,2.9103830456733704e-11,111.45528093853619,86.63172008630254,-0.0318640083131696,-0.00030296401576692354,0.03186544857642194,False,269.4552463011304
2019-12-19 16:30:00,-350112.92235,-137537.79861,0.0,111.44680578456037,86.63171014996695,-0.030465880721171196,-0.0009138167687961028,0.030479582497199068,False,268.28194198015353
2019-12-19 17:00:00,-350134.70559,-137488.29983,5.820766091346741e-11,111.43857516253415,86.63169062148454,-0.02925284846564221,-0.002753858623017776,0.029382186451477624,False,264.6220338883435
2019-12-19 17:30:00,-350160.64157,-137443.39834,5.820766091346741e-11,111.43076535126497,86.63162135256874,-0.027553054551484893,-0.005788392585722141,0.028154507700251935,False,258.1357375129327
2019-12-19 18:00:00,-350190.34512,-137403.58072,0.0,111.42346708795758,86.63150397307243,-0.02522044020089391,-0.007742203766279887,0.02638204546818658,False,252.93449242804357
2019-12-19 18:30:00,-350219.75082,-137369.05847,0.0,111.41693670943974,86.63137170308156,-0.023706796903818866,-0.008413129500115375,0.02515537651128735,False,250.46111206287426
2019-12-19 19:00:00,-350249.70469,-137335.18892,5.820766091346741e-11,111.41046891198195,86.63123268388678,-0.02558763485276174,-0.01143963044049041,0.0280284177572203,False,245.91170322352025
2019-12-19 19:30:00,-350291.71791,-137298.33356,0.0,111.40290810707567,86.63100281310165,-0.026742376538586486,-0.012414074859551136,0.02948328267934357,False,245.0988067227787
2019-12-19 20:00:00,-350326.44554,-137261.86428,0.0,111.3958077975707,86.63083238330822,-0.028053407473726713,-0.010867206245995964,0.030084711108467693,False,248.82484659398474
2019-12-19 20:30:00,-350364.98652,-137218.57345,2.9103830456733704e-11,111.38752926440732,86.63065238003497,-0.032157531799351206,-0.010850918029709713,0.033938905013476246,False,251.35405858011538
2019-12-19 21:00:00,-350405.03603,-137168.31482,5.820766091346741e-11,111.37817995452045,86.63048247506526,-0.0353372690586605,-0.010477437521135361,0.03685782524150685,False,253.48500333045746
2019-12-19 21:30:00,-350446.48243,-137113.86162,2.9103830456733704e-11,111.36815935238371,86.6303145180366,-0.037402207718380556,-0.008726198469368656,0.03840666194731974,False,256.86740627242705
2019-12-19 22:00:00,-350483.35111,-137054.36888,2.9103830456733704e-11,111.35767900400668,86.63020108532497,-0.037534036473142206,-0.005684405160721785,0.0379620383541033,False,261.3881870168833
2019-12-19 22:30:00,-350514.75107,-136995.47133,0.0,111.34758683963958,86.63013122286311,-0.03985607677641665,-0.004675993513976814,0.040129437715352705,False,263.30853572001695
2019-12-19 23:00:00,-350551.2607,-136926.85925,0.0,111.33583445246515,86.63005028465908,-0.03720403815296598,-0.0010000296908795892,0.037217475925564715,False,268.4602830738859
2019-12-19 23:30:00,-350566.83436,-136872.02599,1.1641532182693481e-10,111.32719584733147,86.6300990085133,-0.033863502713747405,0.003336486842878454,0.034027473613194956,False,275.62704927892196
2019-12-20 00:00:00,-350584.40926,-136808.93065,6.507814330688532e-11,111.31727441295197,86.63015786076018,-0.03684889786203606,0.004938675959245334,0.03717837804258267,False,277.6335808972707
2019-12-20 00:30:00,-350598.49628,-136741.98274,5.820766091346741e-11,111.30699912808103,86.6302582573429,-0.03686233922268296,0.00803945471112178,0.037728833602701385,False,282.3032123117391
2019-12-20 01:00:00,-350605.66565,-136674.78047,2.9103830456733704e-11,111.29706969577545,86.63041710452126,-0.03619654553293791,0.012059058142798954,0.038152467702750936,False,288.42574953131304
2019-12-20 01:30:00,-350605.3765,-136604.80629,1.1641532182693481e-10,111.28715835647841,86.63064711377334,-0.03364906224141216,0.013011290437195353,0.03607704351201025,False,291.1402983773362
2019-12-20 02:00:00,-350605.99855,-136544.90354,2.9103830456733704e-11,111.27862443290685,86.63083667946007,-0.030817043731420864,0.01423266872094103,0.033944941350138744,False,294.78957374733477
2019-12-20 02:30:00,-350597.89295,-136482.83386,1.1999816708318134e-10,111.27026419083654,86.63110606169076,-0.029453099631068513,0.016897075016500722,0.033955798061463684,False,299.84264706420686
2019-12-20 03:00:00,-350587.77748,-136424.0283,5.820766091346741e-11,111.26247691394754,86.63138154698792,-0.026713437925935033,0.017664867993048727,0.03202585404067503,False,303.47557694369596
2019-12-20 03:30:00,-350573.5029,-136370.15015,1.1999816708318134e-10,111.25561748991078,86.63167568963777,-0.024812930784606398,0.018128763700583278,0.03073001151046406,False,306.15252126327374
2019-12-20 04:00:00,-350559.33716,-136317.11847,1.1641532182693481e-10,111.24887103580176,86.63196612747394,-0.023572908971021597,0.01738475801284431,0.02929013227217018,False,306.40836154181943
2019-12-20 04:30:00,-350545.92845,-136268.37497,0.0,111.24269051839043,86.6322362818545,-0.021342622339432734,0.01673202401078981,0.02711951614283153,False,308.09546195254256
2019-12-20 05:00:00,-350531.03284,-136223.68115,6.507814330688532e-11,111.23716615195231,86.63250567179082,-0.019643253562051172,0.016436398065474953,0.025612742763510995,False,309.920746092738
2019-12-20 05:30:00,-350516.39108,-136181.02815,6.507814330688532e-11,111.23191673987675,86.63276629096512,-0.018650619207707112,0.015139000909950628,0.02402155168556726,False,309.0667814090288
2019-12-20 06:00:00,-350504.54695,-136141.3594,5.820766091346741e-11,111.22693605012675,86.63299384492905,-0.017830519491711445,0.012759399410154679,0.021925548993175913,False,305.5872538829627
2019-12-20 06:30:00,-350496.81445,-136104.56239,6.507814330688532e-11,111.22213582020005,86.63317773102096,-0.017581682354876657,0.010363414125432902,0.020408721340716165,False,300.51696109562005
2019-12-20 07:00:00,-350492.68024,-136068.85266,1.1999816708318134e-10,111.21729107581194,86.6333280229833,-0.018611506337153007,0.008707115443047178,0.020547555267633112,False,295.07184178169473
2019-12-20 07:30:00,-350491.84182,-136030.75852,0.0,111.21192540826537,86.63345849760807,-0.019680921096958688,0.006843673179736422,0.02083685479662795,False,289.1741654655466
2019-12-20 08:00:00,-350495.34755,-135993.88742,1.1641532182693481e-10,111.20649361017836,86.63354870343639,-0.020636294665243877,0.005593098346623505,0.02138081866126214,False,285.16467791592345
2019-12-20 08:30:00,-350499.94334,-135954.21512,0.0,111.20060341895145,86.63363884977264,-0.022603574594516646,0.0049807730907450816,0.02314583515519301,False,282.42672720629037
2019-12-20 09:00:00,-350508.05755,-135911.53748,0.0,111.19409198635779,86.63370930929221,-0.024163639473793644,0.0036881734113101633,0.024443487798008156,False,278.67825917466246
2019-12-20 09:30:00,-350519.01302,-135868.3097,6.507814330688532e-11,111.18734559243792,86.63375777686319,-0.025659682244256805,0.004626711465147724,0.026073468351141115,False,280.22120768633795
2019-12-20 10:00:00,-350525.91328,-135819.38698,2.9103830456733704e-11,111.18001296194176,86.63385849780344,-0.02710997909637135,0.0065259452151833555,0.027884385013072572,False,283.5347951292738
2019-12-20 10:30:00,-350532.36794,-135768.81824,5.820766091346741e-11,111.17247047296347,86.63396821061416,-0.028359674707106073,0.008334291382494492,0.029558950629905552,False,286.37691479309876
2019-12-20 11:00:00,-350534.8094,-135713.34727,6.507814330688532e-11,111.16445152791796,86.63412724119709,-0.027210958121775094,0.011127268415579192,0.029398169063690756,False,292.2409294509133
2019-12-20 11:30:00,-350530.37965,-135663.00351,0.0,111.15753875011801,86.63432702847993,-0.02646197072525078,0.013198762583857892,0.029570986260337623,False,296.50920867426635
2019-12-20 12:00:00,-350524.88045,-135607.35576,5.820766091346741e-11,111.14992987266753,86.63455284269422,-0.027293413611969145,0.01486071775859691,0.03107686211467786,False,298.56740802461945
2019-12-20 12:30:00,-350515.93658,-135552.06301,0.0,111.14255987446676,86.63480622829407,-0.026422198351025685,0.017133994633074155,0.03149136925868989,False,302.96218605805063
2019-12-20 13:00:00,-350501.65894,-135496.39056,5.820766091346741e-11,111.13542800039156,86.63510534637872,-0.025520549882022958,0.02042706101353438,0.0326888863060747,False,308.6743451074634
2019-12-20 13:30:00,-350480.4733,-135439.85367,0.0,111.12855160434522,86.63546492003657,-0.0242223291642318,0.02257559009923884,0.033111606703227874,False,312.98469063627385
2019-12-20 14:00:00,-350457.28281,-135385.75682,0.0,111.1221310327306,86.63583332067874,-0.023486099928745785,0.02416513844269228,0.033697934741130905,False,315.81641965893925
2019-12-20 14:30:00,-350429.79176,-135329.63516,5.820766091346741e-11,111.11565726362127,86.6362441472799,-0.02243146964715025,0.025765669889709925,0.034161975578068195,False,318.9573247029908
2019-12-20 15:00:00,-350399.84603,-135277.01004,2.9103830456733704e-11,111.10981434616887,86.63666416280482,-0.019618586242896214,0.026051298361151297,0.03261225340990225,False,323.01750395304117
2019-12-20 15:30:00,-350367.73755,-135229.97072,6.507814330688532e-11,111.10488379262283,86.63708420072047,-0.017023951787626487,0.02573517552933611,0.030856347709882503,False,326.5151578216461
2019-12-20 16:00:00,-350335.48159,-135186.47486,2.9103830456733704e-11,111.10046451981628,86.6374940198863,-0.015680639025502777,0.024644297452243263,0.029209995500902846,False,327.5322758120056
2019-12-20 16:30:00,-350305.28902,-135145.36598,0.0,111.09627067321142,86.63787887988184,-0.014616285086771989,0.022976312245675465,0.027231355349092885,False,327.5376912148909
2019-12-20 17:00:00,-350277.25,-135107.61088,2.9103830456733704e-11,111.09243513320483,86.638234913722,-0.013508658799748486,0.020992519984641973,0.024963368319872517,False,327.2387726853256
2019-12-20 17:30:00,-350252.28034,-135072.79629,2.9103830456733704e-11,111.08884896573909,86.63855580391576,-0.01280740393432482,0.018650563601247127,0.02262461310566709,False,325.52248452875926
2019-12-20 18:00:00,-350231.19478,-135040.43356,0.0,111.08539802003719,86.63883631870793,-0.01209426429727017,0.01585537751778053,0.019941520130711304,False,322.66410907920505
2019-12-20 18:30:00,-350214.68639,-135011.63729,1.1999816708318134e-10,111.0822031547815,86.63906707591242,-0.011733445849594158,0.013365317111207654,0.017784978295980528,False,318.72002071017494
2019-12-20 19:00:00,-350201.49438,-134983.71315,6.507814330688532e-11,111.07894999559937,86.63926729534043,-0.013012032169830452,0.01203303061668096,0.017723058624590844,False,312.7614704355233
2019-12-20 19:30:00,-350191.11352,-134952.34864,5.820766091346741e-11,111.07505201490949,86.63945508956229,-0.014035375314469582,0.010566364724081255,0.01756814798720488,False,306.9738256267806
2019-12-20 20:00:00,-350184.16904,-134922.88713,5.820766091346741e-11,111.07123608693799,86.63960801768398,-0.013985130976934847,0.00847715326765159,0.016353776810427573,False,301.2223467014098
2019-12-20 20:30:00,-350180.73735,-134894.39663,5.820766091346741e-11,111.0673653620147,86.63972844283522,-0.015109610365015628,0.007156270606039774,0.01671862836387772,False,295.3433474519577
2019-12-20 21:00:00,-350179.68145,-134862.8676,5.820766091346741e-11,111.06293104385172,86.6398387757095,-0.016586748644451595,0.005903043043367725,0.017605855496569,False,289.59008990082884
2019-12-20 21:30:00,-350182.36644,-134831.03649,6.507814330688532e-11,111.05824814776153,86.6399187906347,-0.017964635995137847,0.0055310481568669415,0.01879682526788456,False,287.1128321005705
2019-12-20 22:00:00,-350184.33746,-134795.3594,6.507814330688532e-11,111.053056135832,86.6400171267791,-0.019713145388117404,0.0058835381441614265,0.02057241167648696,False,286.6181339213256
2019-12-20 22:30:00,-350188.09331,-134757.19756,2.9103830456733704e-11,111.04741183445543,86.64010850812275,-0.021013300833824106,0.006847233533143873,0.022100756072818025,False,288.04832126232327
2019-12-20 23:00:00,-350188.50019,-134715.90565,0.0,111.041504740859,86.6402379204428,-0.021037934197483486,0.008058392494026873,0.022528478974077094,False,290.95889114980366
2019-12-20 23:30:00,-350188.21025,-134676.09512,0.0,111.03584653468093,86.64036835971828,-0.022373496668439605,0.008049098304891379,0.02377732820765368,False,289.78672283125024
2019-12-21 00:00:00,-350190.3662,-134630.32761,0.0,111.02920471366652,86.6404974646636,-0.022357223466090766,0.010796104667493887,0.024827430739087823,False,295.7754840576597
2019-12-21 00:30:00,-350180.81474,-134587.02286,2.9103830456733704e-11,111.02355490406858,86.6407164960466,-0.02041022708514768,0.015016251820555111,0.02533900527656168,False,306.34273297976034
2019-12-21 01:00:00,-350166.26614,-134542.34834,2.9103830456733704e-11,111.01798280973024,86.6409816776041,-0.020601261595254303,0.017041133628035054,0.02673597229660158,False,309.59717286611647
2019-12-21 01:30:00,-350150.1482,-134495.78948,0.0,111.01222709689054,86.64126600156614,-0.020068474546286713,0.017798153414758884,0.02682383148601726,False,311.56889731704274
2019-12-21 02:00:00,-350132.35864,-134451.93134,0.0,111.00694710497652,86.64155559761001,-0.01869566867493714,0.018288283935975633,0.026153190178750473,False,314.368902441071
2019-12-21 02:30:00,-350112.81352,-134409.35671,2.9103830456733704e-11,111.001945393839,86.64185572499696,-0.016879314888561456,0.018921774742999598,0.025356356807160408,False,318.26519715732434
2019-12-21 03:00:00,-350090.54382,-134370.78896,1.1641532182693481e-10,110.99766352246162,86.64216575041891,-0.01402715205183402,0.018627988530327416,0.02331872533761829,False,323.01970968394863
2019-12-21 03:30:00,-350068.30078,-134338.18239,6.507814330688532e-11,110.99422983705054,86.64245640428848,-0.010922002747901977,0.016951171728562517,0.0201651274976479,False,327.2054500858586
2019-12-21 04:00:00,-350047.65765,-134312.21651,5.820766091346741e-11,110.99165544041648,86.64271235852125,-0.008274879148047929,0.015819800788650747,0.01785328322486912,False,332.3872382696991
2019-12-21 04:30:00,-350025.80078,-134289.96811,6.507814330688532e-11,110.98967753372472,86.64296652904775,-0.006927559835767548,0.014419628915858785,0.01599739926829391,False,334.33917553439005
2019-12-21 05:00:00,-350008.12474,-134270.33775,2.9103830456733704e-11,110.9878440522464,86.64317733237135,-0.005519499358860301,0.011215342488893023,0.012499951212529928,False,333.7964355182883
2019-12-21 05:30:00,-349995.22109,-134256.95498,5.820766091346741e-11,110.98664067169975,86.64332817855127,-0.0033832078269913344,0.008111349345023944,0.008788633761719497,False,337.35919945916436
2019-12-21 06:00:00,-349985.22306,-134248.50785,0.0,110.98598250209463,86.64343889043064,-0.0032127769938742542,0.0050046428424111436,0.005947132585747923,False,327.3011885957811
2019-12-21 06:30:00,-349982.5417,-134239.70368,2.9103830456733704e-11,110.98487281402907,86.64348955721566,-0.00311758243914705,0.0022020371356894935,0.0038168426496036825,False,305.234648266745
2019-12-21 07:00:00,-349981.84081,-134235.18999,6.507814330688532e-11,110.98426700840997,86.64350989747909,-0.0023506162685053428,3.315691687102442e-05,0.002350850106429241,False,270.8081393130103
2019-12-21 07:30:00,-349985.46067,-134231.75994,2.9103830456733704e-11,110.98357934421368,86.64349062633515,-0.002531325566971461,-0.002745638620239115,0.0037344531807149413,False,222.67432779222997
2019-12-21 08:00:00,-349994.3329,-134230.22112,6.507814330688532e-11,110.98287411037487,86.6434213619563,-0.0032468378149649126,-0.005545507718980487,0.006426088363690488,False,210.34853482574235
2019-12-21 08:30:00,-350008.28621,-134227.99525,1.1999816708318134e-10,110.98179276934104,86.64331180625895,-0.00317156218946332,-0.007733469830144934,0.008358550253207508,False,202.29895395525887
2019-12-21 09:00:00,-350024.41573,-134229.52943,0.0,110.98112898501556,86.64317198984278,-0.0028723454004649083,-0.00865781473609536,0.009121848721839333,False,198.3539513391183
2019-12-21 09:30:00,-350041.09035,-134229.50047,1.1641532182693481e-10,110.98021236863075,86.64303262725032,-0.004679602243009771,-0.009903458911056711,0.010953409311980022,False,205.29176498432813
2019-12-21 10:00:00,-350063.73641,-134226.56492,2.9103830456733704e-11,110.97855434950368,86.64285264316278,-0.006053418238669674,-0.011476263115047259,0.012974917628179875,False,207.81043390843504
2019-12-21 10:30:00,-350087.46839,-134223.94405,5.820766091346741e-11,110.9768820020761,86.64266256505667,-0.006243983437345349,-0.011782913551801902,0.013335080837215796,False,207.91994236421942
2019-12-21 11:00:00,-350111.39066,-134220.76178,0.0,110.97511933448735,86.64247269260323,-0.006866433134229676,-0.011173351922543439,0.013114560502428296,False,211.57224507211706
2019-12-21 11:30:00,-350133.87558,-134215.26159,1.3015628661377063e-10,110.97310476819585,86.6423022700014,-0.006656007042420043,-0.010485767685094424,0.012419893465505882,False,212.40598486148966
2019-12-21 12:00:00,-350155.21509,-134211.89905,0.0,110.97145801956682,86.64213457046577,-0.006192994529579344,-0.00931995491948106,0.011189939273497373,False,213.60354526865697
2019-12-21 12:30:00,-350173.18427,-134206.45194,1.1641532182693481e-10,110.9696983217674,86.64200173962645,-0.006822938075508181,-0.0075442123773863945,0.01017190367518929,False,222.12599186806347
2019-12-21 13:00:00,-350189.36581,-134198.68282,0.0,110.9677052319928,86.64189130021691,-0.006190501240892291,-0.00591325993903596,0.00856089649044401,False,226.3121524067502
2019-12-21 13:30:00,-350201.03717,-134193.25949,5.820766091346741e-11,110.96629347418128,86.6418110623366,-0.003794240860514465,-0.004667752114385972,0.006015328212903454,False,219.1063689020303
2019-12-21 14:00:00,-350209.94469,-134191.94067,2.9103830456733704e-11,110.96561840519112,86.64174078519993,-0.002002501056949642,-0.0034206411569731093,0.003963684700863928,False,210.3454261018596
2019-12-21 14:30:00,-350215.11565,-134190.93391,5.820766091346741e-11,110.96519212593375,86.64170076086941,-0.00047158829356562287,-0.003375835900936948,0.0034086160752837672,False,187.95248533337724
2019-12-21 15:00:00,-350221.90059,-134194.7037,2.9103830456733704e-11,110.96535903478792,86.64163192845432,0.0009354905986372736,-0.003723063926809312,0.003838795079611244,False,165.89534490193614
2019-12-21 15:30:00,-350226.42636,-134198.87437,5.820766091346741e-11,110.96570661021751,86.64158070732036,0.0017613830166444537,-0.003146057744205049,0.003605572001943114,False,150.7568488477978
2019-12-21 16:00:00,-350230.20771,-134204.67735,2.9103830456733704e-11,110.96632771330341,86.6415304808921,0.004828631976560234,-0.002778081139223243,0.005570764900906149,False,119.91332605074075
2019-12-21 16:30:00,-350229.54529,-134218.68511,5.820766091346741e-11,110.96836208929723,86.64149112370474,0.004805543217923297,-0.0049181352415526396,0.0068761398963030585,False,135.6634073204537
2019-12-21 17:00:00,-350240.54969,-134227.16755,1.1641532182693481e-10,110.96897048060798,86.641371893175,0.005389376873791365,-0.00709814207001323,0.008912295099122834,False,142.79183853538404
2019-12-21 17:30:00,-350246.46316,-134245.94654,0.0,110.97132576793634,86.64126223514606,0.009064493664422286,-0.009162201400862865,0.012888404862601314,False,135.3071422042816
2019-12-21 18:00:00,-350259.66967,-134269.44313,1.1999816708318134e-10,110.9739550088603,86.6410764491238,0.010753542285671061,-0.012683967964738113,0.016628942089628503,False,139.70852672604735
2019-12-21 18:30:00,-350275.24303,-134298.43883,5.820766091346741e-11,110.97723877869525,86.64085322729139,0.013040436090610761,-0.014657014742180053,0.019618385626391052,False,138.34031366450307
2019-12-21 19:00:00,-350292.13141,-134332.16708,2.9103830456733704e-11,110.98112504710114,86.64060381835473,0.01460531999175835,-0.017025688483166664,0.022431884459124026,False,139.37568056355968
2019-12-21 19:30:00,-350313.64521,-134369.47831,1.1999816708318134e-10,110.9852686406262,86.64030421763098,0.016751074792274674,-0.019499817414377514,0.025706835392370658,False,139.33618446273863
2019-12-21 20:00:00,-350336.07811,-134413.61149,6.507814330688532e-11,110.99033376913131,86.63997502484979,0.01900340732780472,-0.021677428043866222,0.028827770927760957,False,138.76073927987284
2019-12-21 20:30:00,-350361.99938,-134461.30509,1.1641532182693481e-10,110.9957145827114,86.63960520770198,0.020396230388526105,-0.02414610511508385,0.03160760361511948,False,139.81219853700247
2019-12-21 21:00:00,-350390.92428,-134513.30835,5.820766091346741e-11,111.00154408167275,86.63919640923253,0.02079827154626395,-0.026399836374698255,0.03360832426532114,False,141.7683167837722
2019-12-21 21:30:00,-350423.89115,-134565.26653,0.0,111.00714456874849,86.63875392229751,0.021059994980494677,-0.02821196356421546,0.03520565688532287,False,143.25896820899192
2019-12-21 22:00:00,-350458.55819,-134620.49405,2.9103830456733704e-11,111.01311631420958,86.63828668648712,0.021730160490073536,-0.02967344460800175,0.03677924944623668,False,143.78430872298435
2019-12-21 22:30:00,-350495.56022,-134676.59805,2.9103830456733704e-11,111.01908344739412,86.63779707486505,0.021189689137090136,-0.030367348124537376,0.037029430968398086,False,145.09348526603213
2019-12-21 23:00:00,-350533.24538,-134730.9128,2.9103830456733704e-11,111.02475663580586,86.63730746509381,0.018402186690812405,-0.03040524628524277,0.03554039218508685,False,148.8163889244844
2019-12-21 23:30:00,-350573.9641,-134777.70621,5.820766091346741e-11,111.02919115542076,86.63681663594038,0.01777970662717533,-0.028381282664077318,0.03349052363589853,False,147.93454810348874
2019-12-22 00:00:00,-350605.64459,-134827.32072,5.820766091346741e-11,111.03452081356753,86.63639227974316,0.018635984555071337,-0.02577596955283914,0.0318072401620409,False,144.13313124476042
2019-12-22 00:30:00,-350636.49376,-134873.6316,0.0,111.03942439499615,86.63598546794495,0.017809383666633184,-0.02411020827167846,0.029974594067127134,False,143.54798963072653
2019-12-22 01:00:00,-350663.63741,-134918.32119,5.820766091346741e-11,111.04429895468256,86.63561482360285,0.018545320240915184,-0.02144301590242792,0.028350164617332915,False,139.14460969290008
2019-12-22 01:30:00,-350684.566,-134963.66173,1.1641532182693481e-10,111.0496054493267,86.63529401545553,0.019854754587034815,-0.018025640884070104,0.026816692730328245,False,132.23553153953185
2019-12-22 02:00:00,-350698.52657,-135008.33639,2.9103830456733704e-11,111.05519786633374,86.63503356819366,0.022258446483746083,-0.015216963135109443,0.026962833807392506,False,124.35842215607778
2019-12-22 02:30:00,-350706.90137,-135058.12325,1.1999816708318134e-10,111.06182277683871,86.63480332360501,0.02441906660944304,-0.014175475021470534,0.028235348522034416,False,120.13552813384035
2019-12-22 03:00:00,-350714.55684,-135108.71166,6.507814330688532e-11,111.06860022789506,86.63457646550088,0.026465462337065468,-0.01334546190056099,0.02963987263896314,False,116.75996132788924
2019-12-22 03:30:00,-350717.48313,-135164.3008,2.9103830456733704e-11,111.07634731260757,86.63437297927356,0.029423511567155752,-0.013733957787261507,0.03247098134403747,False,115.02166759061635
2019-12-22 04:00:00,-350722.59977,-135225.33017,2.9103830456733704e-11,111.08474708134061,86.6341335955379,0.03225458794799271,-0.01549067917098871,0.03578155369563066,False,115.65324297213522
2019-12-22 04:30:00,-350727.74324,-135292.70513,2.9103830456733704e-11,111.0940465483694,86.63387345936015,0.03515176684980429,-0.015795097526209504,0.038537408041090015,False,114.19629392781309
2019-12-22 05:00:00,-350730.10781,-135363.86153,6.507814330688532e-11,111.10403472308276,86.6336242606817,0.03843244148986707,-0.01761545390227232,0.042277142465582236,False,114.62428536772927
2019-12-22 05:30:00,-350737.08838,-135444.61567,6.507814330688532e-11,111.11513243444561,86.63330542013549,0.04014248883786198,-0.022070513192741805,0.045809681975417196,False,118.80218460601895
2019-12-22 06:00:00,-350752.16719,-135527.29437,2.9103830456733704e-11,111.12605684008545,86.63291257768523,0.039345255012427395,-0.0260101048444824,0.04716539670154286,False,123.46763355776369
2019-12-22 06:30:00,-350773.38034,-135610.48725,2.9103830456733704e-11,111.13671475491121,86.63246670211659,0.037727158435815415,-0.02992538943260214,0.04815461988567674,False,128.42164440927064
2019-12-22 07:00:00,-350803.67556,-135692.82204,2.9103830456733704e-11,111.14674883137437,86.6319476110825,0.03439164799443347,-0.033457956783410917,0.047981458125963744,False,134.21159173392823
2019-12-22 07:30:00,-350841.0525,-135769.41256,6.507814330688532e-11,111.15557463536331,86.63138782937419,0.03051818165765071,-0.034720168616980684,0.04622606970618353,False,138.68531712628743
2019-12-22 08:00:00,-350880.59354,-135840.39302,1.1641532182693481e-10,111.16348186086869,86.63082803311988,0.027302080902880027,-0.034441400631580806,0.04395012740701056,False,141.59574666699717
2019-12-22 08:30:00,-350921.19423,-135905.83476,0.0,111.17054182289098,86.63027723901058,0.024309876132118956,-0.03356136124630049,0.04144074138168437,False,144.08263812424752
2019-12-22 09:00:00,-350961.65437,-135965.636,0.0,111.17680654749525,86.6297458192615,0.02253368241289512,-0.0322588509116338,0.03934971798150828,False,145.06465622753893
2019-12-22 09:30:00,-351000.1789,-136023.43021,5.820766091346741e-11,111.1828909138733,86.6292370214382,0.022939924566413552,-0.03159013848778699,0.039040709378676826,False,144.01383746769517
2019-12-22 10:00:00,-351037.85339,-136083.7336,2.9103830456733704e-11,111.18937624050871,86.6287271611068,0.022171373288497075,-0.03193519795071298,0.03887707115574814,False,145.2292470960578
2019-12-22 10:30:00,-351078.52284,-136139.40571,2.9103830456733704e-11,111.19503781857173,86.62820724407761,0.021888659804823712,-0.03193744207667343,0.03871838884112013,False,145.57480224814958
2019-12-22 11:00:00,-351116.56137,-136198.77084,0.0,111.20136621768418,86.62769730198981,0.022193138248902875,-0.030115134413442032,0.037409313092792766,False,143.6119007911483
2019-12-22 11:30:00,-351150.70543,-136253.10106,2.9103830456733704e-11,111.20719298789975,86.62723615421557,0.020484957021459332,-0.02774356097001808,0.03448678934705501,False,143.55902731712632
2019-12-22 12:00:00,-351182.99743,-136303.6521,5.820766091346741e-11,111.21258423955906,86.6268026851755,0.01974532232801771,-0.026074459236347772,0.032707112044710954,False,142.86456199404176
2019-12-22 12:30:00,-351212.49342,-136353.33215,2.9103830456733704e-11,111.21800451841386,86.62639535651047,0.02239156648835261,-0.02411429433300371,0.0329071639765728,False,137.12145141278216
2019-12-22 13:00:00,-351234.74991,-136410.21581,5.820766091346741e-11,111.22484309894483,86.62602508612478,0.025221458320525844,-0.022663757636654104,0.0339082271731658,False,131.94255676740875
2019-12-22 13:30:00,-351255.67726,-136467.5081,5.820766091346741e-11,111.23181127666165,86.62566453943859,0.026608766934219538,-0.021105205571911683,0.03396257027953372,False,128.42030338124795
2019-12-22 14:00:00,-351270.88127,-136527.02042,8.231806349783991e-11,111.23940776120578,86.62534452231505,0.025949881179317437,-0.019847735180025496,0.03267000038256986,False,127.41052288548798
2019-12-22 14:30:00,-351288.43302,-136580.46669,2.9103830456733704e-11,111.24601401293847,86.62502453593301,0.026367767854831022,-0.019999168107097613,0.03309419747663041,False,127.17923594696003
2019-12-22 15:00:00,-351303.58696,-136641.58248,1.1999816708318134e-10,111.25383762267444,86.62469961937666,0.03073271838589687,-0.01954647213275329,0.036422033883671906,False,122.45697525113832
2019-12-22 15:30:00,-351313.90794,-136709.08747,5.820766091346741e-11,111.26283107895802,86.62439422950453,0.03369899437360617,-0.01908074240491895,0.03872592093824513,False,119.51901783126954
2019-12-22 16:00:00,-351323.60664,-136779.5509,1.1999816708318134e-10,111.27227619195418,86.62408433666579,0.03544959775455428,-0.01952355258701046,0.040470274110480924,False,118.84338648486028
2019-12-22 16:30:00,-351333.10395,-136853.51032,5.820766091346741e-11,111.28222570061455,86.62376466711368,0.038177393474427786,-0.020742783186088076,0.043448549191041345,False,118.51639820158647
2019-12-22 17:00:00,-351343.30316,-136934.72058,5.820766091346741e-11,111.29316111682637,86.623415453287,0.04204540325256536,-0.02288605892581205,0.047870529846937925,False,118.5602367957074
2019-12-22 17:30:00,-351354.90326,-137024.45992,0.0,111.30522419054786,86.62302666873656,0.04616607180554523,-0.030255258735437468,0.055196801239773156,False,123.23911049027453
2019-12-22 18:00:00,-351384.39267,-137129.13435,0.0,111.31841005308854,86.62243982593785,0.049560175575057555,-0.039890110624578756,0.06361943043341133,False,128.82997448907042
2019-12-22 18:30:00,-351423.81798,-137242.87576,5.820766091346741e-11,111.3323250845181,86.62174035963304,0.051464468708784815,-0.04615674911909168,0.06913057954856347,False,131.88786103150812
2019-12-22 19:00:00,-351471.77472,-137362.15945,2.9103830456733704e-11,111.34654661616719,86.62095144787065,0.05308270256832314,-0.05110061116204874,0.07368205869200425,False,133.9100771577863
2019-12-22 19:30:00,-351525.5985,-137487.8271,5.820766091346741e-11,111.36133960598819,86.62009255700113,0.05312756332352416,-0.05602917282845706,0.07721273335749863,False,136.52268053423597
2019-12-22 20:00:00,-351589.95709,-137613.75026,0.0,111.37557848725604,86.61914473485739,0.05405363019674801,-0.06014335914733217,0.08086419842533389,False,138.05249370413054
2019-12-22 20:30:00,-351656.29546,-137747.95012,1.3015628661377063e-10,111.39086899864583,86.61815315281724,0.053864843115233305,-0.060828280083685515,0.08124962142538258,False,138.47437049479737
2019-12-22 21:00:00,-351723.12837,-137874.17465,1.1999816708318134e-10,111.40499704271998,86.61718327774445,0.048592800828134365,-0.059094604616707305,0.07650772893719758,False,140.56993966729766
2019-12-22 21:30:00,-351790.51845,-137988.45932,1.1641532182693481e-10,111.41740082554423,86.61624760543279,0.04361636347666328,-0.056172076401400595,0.07111743337728936,False,142.17145872781737
2019-12-22 22:00:00,-351854.04662,-138094.19298,1.1641532182693481e-10,111.4288050580702,86.61537195875285,0.04091351414645039,-0.05410944589808553,0.06783618337738084,False,142.90615611505842
2019-12-22 22:30:00,-351918.03564,-138196.73322,1.1641532182693481e-10,111.43972740994337,86.6145027911081,0.03865289930928032,-0.05454521903640151,0.06685228152234134,False,144.6771052689648
2019-12-22 23:00:00,-351985.95903,-138295.48954,0.0,111.4498926022355,86.61361309469237,0.036399213972945356,-0.05397864808265938,0.0651045100333291,False,146.00718211521263
2019-12-22 23:30:00,-352050.98087,-138389.75598,0.0,111.4595803253474,86.61276219301014,0.035455494642224944,-0.05265183502834749,0.06347682909674333,False,146.04386333358553
2019-12-23 00:00:00,-352115.66914,-138483.62544,1.1641532182693481e-10,111.4692257282042,86.61191527631442,0.03486849631775617,-0.05182393545003127,0.06246224716571109,False,146.06630459444722
2019-12-23 00:30:00,-352178.6591,-138574.8563,0.0,111.47858873416631,86.61109107316268,0.034526165423115096,-0.04945840895995181,0.06031741303864208,False,145.0816908336099
2019-12-23 01:00:00,-352235.84386,-138664.48169,0.0,111.488042935922,86.61032043158286,0.03400408067367725,-0.046856517000380585,0.05789482436167248,False,144.0313626193461
2019-12-23 01:30:00,-352290.77669,-138750.55238,0.0,111.49711722916145,86.60958013365172,0.03507601004720082,-0.044973778169049336,0.05703478941514724,False,142.04857075994767
2019-12-23 02:00:00,-352340.21313,-138841.30225,0.0,111.50715105052889,86.60887018977871,0.03602968363345725,-0.04220579187076233,0.055492945228786734,False,139.51371431147646
2019-12-23 02:30:00,-352384.58539,-138926.93214,0.0,111.51674114440198,86.60821916252335,0.036124593846481944,-0.039394490569248285,0.05345009043756496,False,137.479298215212
2019-12-23 03:00:00,-352424.45161,-139014.30358,0.0,111.52682262406128,86.60759986265263,0.0387971291377185,-0.03664395344003563,0.053366623961464014,False,133.36515604251542
2019-12-23 03:30:00,-352456.05185,-139105.26492,6.507814330688532e-11,111.53786419609972,86.60703752404388,0.040998818088772634,-0.03388536283993653,0.05318948109796167,False,129.57359844447438
2019-12-23 04:00:00,-352483.73641,-139196.37697,0.0,111.54914074107751,86.60650718581165,0.04248753096242233,-0.03226552289196209,0.0533502976071786,False,127.21345738974998
2019-12-23 04:30:00,-352507.9085,-139290.19286,1.1999816708318134e-10,111.56098900693861,86.60599707660124,0.045477034295635446,-0.03161188979380635,0.055384765275860476,False,124.8038460934817
2019-12-23 05:00:00,-352529.41137,-139390.46004,6.507814330688532e-11,111.57388880379413,86.60548780878244,0.048980879423602346,-0.03159920015192685,0.0582892442852968,False,122.82741250357572
2019-12-23 05:30:00,-352548.85916,-139495.99958,5.820766091346741e-11,111.58763986026062,86.60497811033937,0.04905902015840101,-0.03349899112693333,0.059405133325536395,False,124.32644988660161
2019-12-23 06:00:00,-352576.56865,-139599.05448,1.1641532182693481e-10,111.60057818773801,86.60440760424677,0.04889880798615397,-0.03505843693946463,0.06016799334451144,False,125.6389689217051
2019-12-23 06:30:00,-352601.40141,-139706.13511,0.0,111.61423764689853,86.60384759826324,0.05004964068573264,-0.03411805409127155,0.06057233813999485,False,124.2816399792672
2019-12-23 07:00:00,-352624.38737,-139811.80719,2.9103830456733704e-11,111.62779764157364,86.60330742711663,0.048434719674198004,-0.03348969363446966,0.0588853262676601,False,124.66152531728801
2019-12-23 07:30:00,-352649.20973,-139912.66096,5.820766091346741e-11,111.64057467329533,86.60276769249376,0.04659116690559326,-0.03437534975220999,0.057899926633905266,False,126.420214260862
2019-12-23 08:00:00,-352677.5608,-140013.35051,0.0,111.65312799483213,86.60219895436612,0.045293201521773296,-0.035349016362742645,0.05745456519638291,False,127.97020831348107
2019-12-23 08:30:00,-352707.32101,-140111.16635,5.820766091346741e-11,111.66519537993153,86.60162782574369,0.043644627642497734,-0.03510366520434305,0.05601000654196429,False,128.80995231529226
2019-12-23 09:00:00,-352737.00045,-140206.02644,5.820766091346741e-11,111.67684861021566,86.60106699798497,0.04192583146190149,-0.03563895988397268,0.0550264555044497,False,130.36612578963474
2019-12-23 09:30:00,-352770.7978,-140298.81608,2.9103830456733704e-11,111.68797797586943,86.60047860902746,0.03952400671826441,-0.03838320996117402,0.0550946269067046,False,134.16107683993414
2019-12-23 10:00:00,-352812.81609,-140389.30493,5.820766091346741e-11,111.698322286842,86.59982929183215,0.034788667911230885,-0.04121421967443276,0.05393387913371619,False,139.83249524016884
2019-12-23 10:30:00,-352862.35253,-140470.03699,2.9103830456733704e-11,111.70687560975217,86.5991496219767,0.03330835651535033,-0.0427366029885767,0.054183612363489606,False,142.06760931542186
2019-12-23 11:00:00,-352911.40822,-140557.61532,5.820766091346741e-11,111.71641167922478,86.59845118660509,0.03318504591034103,-0.042805560705443196,0.05416237900405432,False,142.2153385681387
2019-12-23 11:30:00,-352961.31153,-140638.04323,1.1999816708318134e-10,111.72489483957538,86.59776931190133,0.031045899489310125,-0.041609586295337946,0.05191536908054803,False,143.27250733764367
2019-12-23 12:00:00,-353009.19315,-140716.88858,1.3015628661377063e-10,111.73326582691733,86.59710943314454,0.02987767818776502,-0.04003136883146932,0.04995183824858483,False,143.263935385556
2019-12-23 12:30:00,-353055.35274,-140791.32031,5.820766091346741e-11,111.74111173556506,86.59647845328413,0.028719752099581865,-0.03758812040904569,0.04730423825141204,False,142.617835475925
2019-12-23 13:00:00,-353096.58742,-140863.04848,0.0,111.74885131029224,86.59589735645348,0.027444981546461522,-0.03387517064181089,0.04359763982255714,False,140.98630486296292
2019-12-23 13:30:00,-353132.01259,-140928.27666,0.0,111.75600301141372,86.59538610896671,0.027545654886693596,-0.028879119349870863,0.039909480547370105,False,136.3537965934724
2019-12-23 14:00:00,-353156.39117,-140993.68449,6.507814330688532e-11,111.76379483130067,86.59496610666365,0.03030163420159305,-0.025755065475250572,0.03976823396784923,False,130.36308358454733
2019-12-23 14:30:00,-353177.67492,-141063.9651,0.0,111.77243941952669,86.5945555959457,0.03229198293713603,-0.02465237897098682,0.04062649321491381,False,127.35887552518307
2019-12-23 15:00:00,-353195.68879,-141134.5615,5.820766091346741e-11,111.78130887359208,86.59417115634778,0.03543931062467772,-0.0232648479986123,0.04239337082553037,False,123.28370197960987
2019-12-23 15:30:00,-353208.10793,-141213.51615,2.9103830456733704e-11,111.79165813833258,86.59380537558692,0.04052436422968034,-0.023154334064942286,0.04667276810101091,False,119.7422747401481
2019-12-23 16:00:00,-353218.92951,-141300.96838,6.507814330688532e-11,111.80328279270262,86.5934244997863,0.046163779346501906,-0.020801133796316554,0.050633799884709216,False,114.25605365261441
2019-12-23 16:30:00,-353215.90883,-141395.63083,1.1999816708318134e-10,111.81668754792618,86.5931345924237,0.04855166653944105,-0.020750614353819075,0.05280011666481431,False,113.14149628138796
2019-12-23 17:00:00,-353223.32421,-141490.99799,0.0,111.82960418075707,86.59275537540964,0.0513195829502612,-0.02140127768241424,0.05560318588559959,False,112.63709846769495
2019-12-23 17:30:00,-353218.72984,-141595.78242,5.820766091346741e-11,111.84450680668796,86.59244445113646,0.05600769228643654,-0.020005263964489487,0.059473289647883655,False,109.65610738107489
2019-12-23 18:00:00,-353215.14855,-141704.94568,0.0,111.85996175439337,86.59211027034506,0.057593628141325535,-0.020771893423178516,0.06122497496010244,False,109.83250044648673
2019-12-23 18:30:00,-353210.93207,-141816.05435,5.820766091346741e-11,111.87572106076989,86.59177462879487,0.05794630901880439,-0.02153982236331739,0.061820212522653455,False,110.39112482763147
2019-12-23 19:00:00,-353209.38261,-141927.42374,2.9103830456733704e-11,111.89136400194258,86.59141569187302,0.057687059073685175,-0.024776928812992236,0.0627829036121692,False,113.2438054843742
2019-12-23 19:30:00,-353216.26664,-142042.00984,6.507814330688532e-11,111.90697925126157,86.59097566396298,0.05794609124733639,-0.02573818594975985,0.06340507634905151,False,113.94958033668081
2019-12-23 20:00:00,-353217.51832,-142155.53698,5.820766091346741e-11,111.92275908014004,86.5905857267955,0.05691162819529173,-0.024495353458367876,0.06195930733061418,False,113.28754400913255
2019-12-23 20:30:00,-353221.57927,-142265.00007,0.0,111.93781016636939,86.5901857899517,0.0558739796215232,-0.025422910116144084,0.06138587750875547,False,114.46574698199379
2019-12-23 21:00:00,-353227.26538,-142376.31108,0.0,111.9530241710744,86.5897659281454,0.05498091906339982,-0.02524595743505298,0.06050008122200026,False,114.66348512931205
2019-12-23 21:30:00,-353231.87879,-142482.5567,5.820766091346741e-11,111.96758814612599,86.58937170990882,0.05370830755631803,-0.024201482582009885,0.058909201825617846,False,114.25678762490446
2019-12-23 22:00:00,-353235.73631,-142588.21496,0.0,111.98210939002809,86.5889855191107,0.053624941661583915,-0.024379435431961236,0.058906631546791446,False,114.44790571049634
2019-12-23 22:30:00,-353241.00241,-142694.42422,0.0,111.99662483529939,86.58858556189688,0.054599481561983194,-0.02417274286376443,0.05971117888967707,False,113.88033421818636
2019-12-23 23:00:00,-353242.80227,-142803.05904,0.0,112.01167039227678,86.58820602786501,0.05382143205972294,-0.024338507302747028,0.059068684484126124,False,114.3328856316785
2019-12-23 23:30:00,-353249.615,-142906.897,0.0,112.02576132135312,86.58780074786567,0.05233366716670576,-0.021779007566569614,0.05668454718616206,False,112.59496508163897
2019-12-24 00:00:00,-353244.82951,-143007.11334,0.0,112.03999854020114,86.58750373172892,0.0531542664492095,-0.017585910893563473,0.055987858538346626,False,108.30662440106738
2019-12-24 00:30:00,-353236.49095,-143108.02556,2.9103830456733704e-11,112.054530803222,86.58723366157191,0.05324946258239039,-0.016139364059280015,0.055641570229023676,False,106.86151610259242
2019-12-24 01:00:00,-353226.69925,-143206.60081,2.9103830456733704e-11,112.06881727919908,86.58698329938312,0.05415757876588873,-0.014603500607633657,0.05609193852756917,False,105.09079326333472
2019-12-24 01:30:00,-353211.95863,-143308.4608,5.820766091346741e-11,112.083838841132,86.58676274034043,0.055955173612725964,-0.012351460348653661,0.05730218169297455,False,102.44777107469275
2019-12-24 02:00:00,-353192.16885,-143409.97812,0.0,112.09909624789337,86.58658500576175,0.057484080990331,-0.010561666674735548,0.05844628619725254,False,100.41095684482474
2019-12-24 02:30:00,-353169.33349,-143514.5046,5.820766091346741e-11,112.11494338428597,86.58642215524438,0.06008425634957514,-0.009703269051157896,0.06086272497482034,False,99.1737412400247
2019-12-24 03:00:00,-353143.09988,-143623.51873,1.1641532182693481e-10,112.13160617464742,86.58627209661799,0.06241745695984629,-0.009011894964043947,0.0630646746140597,False,98.2156485109519
2019-12-24 03:30:00,-353114.73246,-143734.87391,2.9103830456733704e-11,112.14871426085897,86.58613154637214,0.06540415885159614,-0.007154138084137323,0.06579426788719309,False,96.24239757274734
2019-12-24 04:00:00,-353078.18496,-143851.30901,6.507814330688532e-11,112.16699173779593,86.58604137998287,0.06826177893320685,-0.006156565574874134,0.06853884856636948,False,95.15359285352645
2019-12-24 04:30:00,-353042.53753,-143970.81553,1.1999816708318134e-10,112.18564456448783,86.58593301215178,0.06970209635940594,-0.005896915569681759,0.06995109613245432,False,94.83580472281699
2019-12-24 05:00:00,-353003.08973,-144091.67541,6.507814330688532e-11,112.20470031809428,86.58585121783956,0.07112815996781967,-0.005015516833738853,0.07130477227729755,False,94.0334669054946
2019-12-24 05:30:00,-352962.48448,-144214.7109,5.820766091346741e-11,112.2241235819005,86.58577127247861,0.07384352894819574,-0.005873296751463999,0.07407673306952581,False,94.54756412088602
2019-12-24 06:00:00,-352922.11528,-144345.76074,0.0,112.24464715984888,86.58566180234548,0.07727558311032111,-0.007732323778831644,0.0776614742073625,False,95.71409147620307
2019-12-24 06:30:00,-352882.93615,-144482.73659,6.507814330688532e-11,112.26592570755221,86.58552191650796,0.07764933711075897,-0.008076527407426214,0.07806823841168184,False,95.93814341559909
2019-12-24 07:00:00,-352843.10433,-144615.47157,5.820766091346741e-11,112.2866501017359,86.58540137556659,0.07503496070802816,-0.007125303105770343,0.07537251006039557,False,95.42452847193522
2019-12-24 07:30:00,-352804.22837,-144742.41147,5.820766091346741e-11,112.30651298043136,86.5852921693583,0.07413631720039954,-0.009760291730751124,0.07477604444411075,False,97.50004589159374
2019-12-24 08:00:00,-352774.31055,-144875.72663,5.820766091346741e-11,112.32674932812947,86.58508663353577,0.07514184192067092,-0.013294314264729396,0.07630881468742969,False,100.03311196775985
2019-12-24 08:30:00,-352745.73623,-145010.82385,0.0,112.34715410979193,86.58486347204385,0.07591486134005523,-0.015290269579581838,0.07743938607773242,False,101.38777788853224
2019-12-24 09:00:00,-352721.31052,-145149.42406,5.820766091346741e-11,112.36780568767928,86.58459357210697,0.07567472139796284,-0.015517556745237953,0.07724932378992695,False,101.58820613333927
2019-12-24 09:30:00,-352693.72321,-145284.01408,2.9103830456733704e-11,112.38807792501632,86.58436309474075,0.07533954569019687,-0.014276121857242613,0.07668021126788907,False,100.72978473495431
2019-12-24 10:00:00,-352665.52812,-145419.77798,2.9103830456733704e-11,112.40854522403787,86.58413321436741,0.07578161939084685,-0.014558813243190456,0.0771674340674178,False,100.8748999613619
2019-12-24 10:30:00,-352638.1784,-145556.2073,6.507814330688532e-11,112.42905370254742,86.58389362444609,0.07626427871820632,-0.01639054487381316,0.07800570600711682,False,102.12937406937704
2019-12-24 11:00:00,-352615.31833,-145696.07339,5.820766091346741e-11,112.44977883529555,86.5836046734988,0.07563708750808577,-0.018588970382166677,0.07788786058542689,False,103.8076580585938
2019-12-24 11:30:00,-352596.04544,-145833.42003,2.9103830456733704e-11,112.46994498653771,86.58329420875035,0.0702103183836985,-0.018180498419215117,0.07252599072271536,False,104.51749608231938
2019-12-24 12:00:00,-352579.19572,-145954.65608,1.1999816708318134e-10,112.48773329600985,86.58301846459916,0.06455548044841057,-0.01797968129634752,0.06701252864534622,False,105.56332709393024
2019-12-24 12:30:00,-352566.961,-146072.90551,1.1641532182693481e-10,112.5048392749483,86.58271444085277,0.06675643970612447,-0.01875910041533805,0.0693420946513023,False,105.69579324519253
2019-12-24 13:00:00,-352549.59922,-146202.52692,5.820766091346741e-11,112.5238140040611,86.58241351567646,0.07109554214557937,-0.015568997678502927,0.07278028442983087,False,102.35204423730488
2019-12-24 13:30:00,-352520.69026,-146330.79647,6.507814330688532e-11,112.54326249566404,86.58221238690851,0.07602851516047443,-0.01090986231637615,0.07680729270888784,False,98.16602589777989
2019-12-24 14:00:00,-352480.94132,-146470.37352,5.820766091346741e-11,112.564900435328,86.58206166478689,0.07805842706686425,-0.006877612265312159,0.07836082941511618,False,95.03524332302283
2019-12-24 14:30:00,-352435.72221,-146599.79511,6.507814330688532e-11,112.58544438015527,86.58199063252792,0.07755806823865195,-0.0031516251233350973,0.07762207604689164,False,92.32697292121867
2019-12-24 15:00:00,-352384.18379,-146732.52691,5.820766091346741e-11,112.60681077270169,86.58196001818982,0.07933974123388912,-4.064323800525432e-05,0.0793397516440106,False,90.02935081163025
2019-12-24 15:30:00,-352326.06233,-146863.52844,5.820766091346741e-11,112.62831723757064,86.58198931880138,0.07968003943176757,0.0036507845067942704,0.07976363150811958,False,87.3766534660266
2019-12-24 16:00:00,-352261.68743,-146992.23681,5.820766091346741e-11,112.64986788202404,86.5820777419527,0.08489404817740968,0.00834665599487332,0.08530337673413117,False,84.38481127441116
2019-12-24 16:30:00,-352180.63849,-147134.00487,0.0,112.67419338453074,86.5822584023334,0.08723909285912836,0.006262821582979094,0.08746360532852422,False,85.89382816531412
2019-12-24 17:00:00,-352119.8164,-147273.33303,5.820766091346741e-11,112.6970118746723,86.58227973255715,0.08706642266898405,0.002801208253864776,0.08711147297604203,False,88.15724521493337
2019-12-24 17:30:00,-352050.39212,-147419.27958,2.9103830456733704e-11,112.72124584706357,86.58234869660242,0.08996362692604912,0.004597178664748881,0.09008100921595501,False,87.07470634909544
2019-12-24 18:00:00,-351979.4571,-147565.67586,0.0,112.74563074460931,86.58242797130818,0.09141637290967439,0.004653933064035609,0.09153476022214278,False,87.08563457268895
2019-12-24 18:30:00,-351907.6979,-147716.30681,0.0,112.77065084213181,86.58249875295773,0.09234565421024558,0.005000661313097135,0.09248095190408971,False,86.9003715185296
2019-12-24 19:00:00,-351834.18743,-147865.24231,0.0,112.79553918166926,86.5825892281702,0.09142717128581086,0.0031432473422925294,0.09148118742768825,False,88.03095842453644
2019-12-24 19:30:00,-351769.74363,-148015.35257,8.231806349783991e-11,112.8200634707382,86.5826001208049,0.09210955585749982,3.4059351296931994e-05,0.09210956215456291,False,89.97881374006033
2019-12-24 20:00:00,-351705.46938,-148170.8344,5.820766091346741e-11,112.84532120398208,86.58259030745158,0.09157455190633107,-0.0012320045296608587,0.09158283896018089,False,90.77078620718856
2019-12-24 20:30:00,-351645.83894,-148320.88251,6.507814330688532e-11,112.86955621025932,86.58256041942201,0.08765793219434584,-0.002125752584016021,0.08768370373471335,False,91.38918157173782
2019-12-24 21:00:00,-351589.87972,-148464.57086,6.507814330688532e-11,112.89269682139962,86.58252178653264,0.08520250428104563,-0.003700020901080254,0.08528280536210116,False,92.48657561459561
2019-12-24 21:30:00,-351538.79027,-148608.63361,1.1999816708318134e-10,112.91560401548959,86.5824411125822,0.08408418633019132,-0.00497390511508421,0.08423117073212383,False,93.38532221272578
2019-12-24 22:00:00,-351488.50767,-148750.35659,6.507814330688532e-11,112.93813944835613,86.58236140468222,0.0826234421439632,-0.005889364718849984,0.08283307194900155,False,94.07712376356295
2019-12-24 22:30:00,-351442.39038,-148890.82103,1.3015628661377063e-10,112.96025595145963,86.58225121137369,0.08076449002739688,-0.004984524014900342,0.08091815821582081,False,93.53163144035028
2019-12-24 23:00:00,-351391.61009,-149025.07404,2.9103830456733704e-11,112.98178592750487,86.58220068493772,0.08001080031173374,-0.0031093940411042915,0.08007119643059536,False,92.22551891105013
2019-12-24 23:30:00,-351340.23427,-149160.36848,0.0,113.00349409643331,86.582150940521,0.07958600293132924,-0.0015806912363192371,0.07960169877188629,False,91.137826090092
2019-12-25 00:00:00,-351284.88377,-149291.02447,0.0,113.02479419050417,86.58214972243567,0.07887267954352999,0.0005868466579487842,0.07887486270908063,False,89.57370262472182
2019-12-25 00:30:00,-351227.23199,-149420.86379,2.9103830456733704e-11,113.0461166920936,86.58216986373037,0.0779957031460252,0.0009251514339241491,0.0780011898269416,False,89.32041401434708
2019-12-25 01:00:00,-351171.89978,-149548.09579,0.0,113.06694292039626,86.5821795661542,0.07675163861751502,0.002143340735459333,0.07678155989547167,False,88.40039284329737
2019-12-25 01:30:00,-351111.87447,-149672.05521,0.0,113.08759361478296,86.5822389825967,0.076430607909072,0.004270420111437644,0.07654981589317161,False,86.80202840390064
2019-12-25 02:00:00,-351049.86076,-149795.17968,0.0,113.10824689001012,86.58231727187642,0.0770530202212065,0.005569605178052932,0.0772540512015328,False,85.86569306542702
2019-12-25 02:30:00,-350984.56519,-149919.32039,0.0,113.12923493062058,86.58241857518428,0.07866250818672685,0.0065421707611535325,0.07893408764592748,False,85.24578967826892
2019-12-25 03:00:00,-350916.96512,-150046.35133,0.0,113.15075918816856,86.58252822160965,0.08046781998934487,0.008343488323114726,0.08089922033762477,False,84.0803110301652
2019-12-25 03:30:00,-350843.05751,-150173.86838,0.0,113.17272454858755,86.58268761283716,0.08148328060756577,0.010513711350753158,0.08215876791273259,False,82.64780070329664
2019-12-25 04:00:00,-350766.73886,-150301.13141,0.0,113.19479947298971,86.58286724865178,0.08305801178805403,0.012267677829314764,0.08395909266725303,False,81.59815174901684
2019-12-25 04:30:00,-350684.6964,-150431.31444,0.0,113.21761845015175,86.58308318412136,0.08577632068410927,0.013920367865684805,0.08689852606125804,False,80.78201322644873
2019-12-25 05:00:00,-350598.94954,-150565.16226,5.820766091346741e-11,113.24116545626804,86.58331611306478,0.08667641996551706,0.015906460930767995,0.08812387461625103,False,79.60104812626133
2019-12-25 05:30:00,-350508.9502,-150695.43234,6.507814330688532e-11,113.26447431097843,86.58359611626615,0.0849960804979287,0.016760938459260195,0.08663291959783812,False,78.8445953998226
2019-12-25 06:00:00,-350422.6592,-150822.43628,5.820766091346741e-11,113.28711623464956,86.58385660915005,0.08611001386836778,0.015818953450415157,0.0875509781594523,False,79.59046812343018
2019-12-25 06:30:00,-350334.08772,-150957.6608,0.0,113.31103106232722,86.58410618988123,0.08686046876027351,0.016731268520204935,0.08845720083492158,False,79.0970877851828
2019-12-25 07:00:00,-350243.60195,-151085.77315,0.0,113.33408235011737,86.58439615356173,0.08501830675925176,0.016463523613261515,0.08659769104297559,False,79.04050204549156
2019-12-25 07:30:00,-350158.43638,-151215.21802,6.507814330688532e-11,113.35700446321191,86.58463708242616,0.08384008586691798,0.013865539785652546,0.0849788985085103,False,80.60937668610399
2019-12-25 08:00:00,-350078.11551,-151343.07405,6.507814330688532e-11,113.37942190033958,86.58484327925157,0.08216645799415226,0.01334627488023411,0.08324331728423343,False,80.77403687354968
2019-12-25 08:30:00,-349996.95601,-151467.66556,8.231806349783991e-11,113.40144197089954,86.58506746094218,0.07939718008293524,0.011611671443212908,0.08024177913548014,False,81.67959771312712
2019-12-25 09:00:00,-349926.22861,-151588.79031,5.820766091346741e-11,113.42236392329599,86.5852177383763,0.0773634399959181,0.011153187039822487,0.07816326137737144,False,81.79641221668214
2019-12-25 09:30:00,-349849.40426,-151707.26427,5.820766091346741e-11,113.44328675807606,86.58542711101884,0.07804372407028085,0.012701493932536608,0.0790705432817835,False,80.7562462441636
2019-12-25 10:00:00,-349772.50125,-151828.36446,6.507814330688532e-11,113.46457885426274,86.58562730766141,0.07743406249527138,0.012106803943295361,0.07837479656268963,False,81.11375637613304
2019-12-25 10:30:00,-349698.42565,-151945.62045,2.9103830456733704e-11,113.48517430302866,86.58581752696277,0.07629324975580107,0.011759276706708413,0.07719417430717149,False,81.23780592066828
2019-12-25 11:00:00,-349624.22109,-152063.39821,5.820766091346741e-11,113.50585167775148,86.58600650014479,0.07551704344902199,0.014159126721703587,0.07683296636732657,False,79.38057847869203
2019-12-25 11:30:00,-349543.25263,-152174.59242,2.9103830456733704e-11,113.52602991805121,86.58627411828557,0.07300076677984588,0.014917369847012474,0.07450932742682627,False,78.45087239339824
2019-12-25 12:00:00,-349470.08054,-152282.92029,5.820766091346741e-11,113.54534825592141,86.5864875490994,0.06896916532658535,0.011589198548632308,0.06993608002201357,False,80.46144234228575
2019-12-25 12:30:00,-349405.81985,-152385.54338,0.0,113.56334754827947,86.58664785364918,0.06371491594730964,0.010224869080054638,0.06453013607514702,False,80.88299781237885
2019-12-25 13:00:00,-349344.64518,-152478.45342,0.0,113.57982485854107,86.58681729143697,0.06499317151211378,0.01205780533189138,0.06610221639721944,False,79.48974474329702
2019-12-25 13:30:00,-349272.43984,-152582.61832,2.9103830456733704e-11,113.5985179806629,86.58703663371789,0.0656418178751654,0.014407700258335723,0.06720439033791194,False,77.620474912828
2019-12-25 14:00:00,-349202.5139,-152674.23808,8.231806349783991e-11,113.61534820302465,86.58728192202473,0.06147309250731088,0.01671690649260231,0.06370554187113403,False,74.78694914872091
2019-12-25 14:30:00,-349128.64598,-152761.2804,1.1641532182693481e-10,113.63178792646158,86.58757570014937,0.059288623604000563,0.019320052460742372,0.06235707911651002,False,71.95105416807667
2019-12-25 15:00:00,-349053.23571,-152841.89772,5.820766091346741e-11,113.647438547121,86.58790493684175,0.059074529657810695,0.022591256695842183,0.06324685710285524,False,69.07216730204283
2019-12-25 15:30:00,-348968.84366,-152923.46966,0.0,113.66376578090619,86.5883041749596,0.059195764548777036,0.02598531958848183,0.06464808871598438,False,66.29984120196593
2019-12-25 16:00:00,-348882.02076,-152999.53701,0.0,113.67948548594698,86.58874287914303,0.0583129763963022,0.029455448589107095,0.06533013598471404,False,63.200434739318666
2019-12-25 16:30:00,-348787.42115,-153073.13428,5.820766091346741e-11,113.69533910602647,86.58925400387798,0.058936455138375546,0.03281723558387258,0.0674572212268275,False,60.88988783852602
2019-12-25 17:00:00,-348688.57269,-153146.34308,5.820766091346741e-11,113.71140101475805,86.58980111206577,0.05936502543321487,0.03557964658057575,0.06921067472207539,False,59.06419019532393
2019-12-25 17:30:00,-348584.20633,-153217.29967,0.0,113.72749192502076,86.59040131729064,0.06070287985168706,0.03874764218079724,0.07201541082892919,False,57.449243302497734
2019-12-25 18:00:00,-348472.93865,-153290.27141,0.0,113.74428432170255,86.5910505700818,0.0627727349508127,0.043019670224586984,0.0760993316622242,False,55.57621817819097
2019-12-25 18:30:00,-348351.45227,-153361.79296,0.0,113.76150311747752,86.59178853680864,0.06548706463968954,0.04985752701767655,0.08230630981547662,False,52.71674953441379
2019-12-25 19:00:00,-348213.67433,-153433.71935,2.9103830456733704e-11,113.77977424013841,86.59265827327997,0.06755824816324796,0.05148511365739804,0.08494017790893889,False,52.68952580561495
2019-12-25 19:30:00,-348083.77382,-153509.61885,6.507814330688532e-11,113.79812346057975,86.59344874127034,0.06821217253308799,0.04952221857843763,0.08429324180866647,False,54.020250627045414
2019-12-25 20:00:00,-347951.46421,-153586.46488,6.507814330688532e-11,113.81675818820364,86.59425517721046,0.06895358553156644,0.05114658407737489,0.08585202397406265,False,53.43368353231159
2019-12-25 20:30:00,-347815.08649,-153662.3595,5.820766091346741e-11,113.83551831990052,86.59509802768517,0.06958348761582077,0.05311713375516452,0.08754022873596527,False,52.643394908787286
2019-12-25 21:00:00,-347675.32157,-153738.32502,1.1641532182693481e-10,113.85450396855714,86.59596800420715,0.06993624460853436,0.05303634552179895,0.08777204712351418,False,52.825037767998026
2019-12-25 21:30:00,-347538.64596,-153815.40719,1.1641532182693481e-10,113.87346476700206,86.59680825406222,0.06765131512184634,0.05016721288896829,0.08422261980467256,False,53.441009029622705
2019-12-25 22:00:00,-347411.60467,-153887.93954,0.0,113.89121924542232,86.59758573377052,0.06535236306688261,0.04597282232989421,0.0799026392017289,False,54.875117958540386
2019-12-25 22:30:00,-347292.04059,-153963.48834,2.9103830456733704e-11,113.90894069268556,86.59829070739923,0.06616265257674608,0.04473718161355582,0.07986809134263496,False,55.93463327785514
2019-12-25 23:00:00,-347167.83788,-154040.41397,2.9103830456733704e-11,113.92714313438317,86.59902833241783,0.06751657021427881,0.0489520733828145,0.08339540000489294,False,54.05646418504432
2019-12-25 23:30:00,-347032.37894,-154114.18652,6.507814330688532e-11,113.94560799491704,86.59986922425011,0.06687775129496729,0.04935302278013078,0.08311651145114071,False,53.574203956402414
2019-12-26 00:00:00,-346907.74189,-154188.34081,5.820766091346741e-11,113.9634712478042,86.60061979436647,0.06618401635532703,0.046173492711381,0.08069891851871468,False,55.09832099310006
2019-12-26 00:30:00,-346783.71088,-154264.39905,5.820766091346741e-11,113.98156780889393,86.60135814223348,0.06649346524193156,0.04436333747423975,0.0799342644410596,False,56.2894397089579
2019-12-26 01:00:00,-346664.52764,-154342.14125,5.820766091346741e-11,113.99960679740059,86.60205034675268,0.0669295380582732,0.04347856055758797,0.07981195582651565,False,56.99156481618007
2019-12-26 01:30:00,-346542.71954,-154420.85257,1.1641532182693481e-10,114.01794816299424,86.60276015682597,0.06673472597237899,0.04370032331434354,0.07976993110431192,False,56.7817637624745
2019-12-26 02:00:00,-346423.04246,-154497.55207,0.0,114.0358885407021,86.6034595253117,0.06671303422900716,0.04342074410660761,0.07959893186979447,False,56.94156792247145
2019-12-26 02:30:00,-346302.13673,-154576.5264,0.0,114.05422580713396,86.60416030475015,0.06726465001374102,0.04283934993961793,0.07974799712043,False,57.507851928017374
2019-12-26 03:00:00,-346183.51168,-154655.81538,0.0,114.07247347516443,86.60484093434637,0.06803031262619141,0.04122310525154245,0.0795453822833047,False,58.78614771344371
2019-12-26 03:30:00,-346066.7437,-154739.60339,2.9103830456733704e-11,114.09123465177906,86.60548958421847,0.0697244874434852,0.04215385632554236,0.0814766945351319,False,58.8437862066321
2019-12-26 04:00:00,-345942.51685,-154823.01534,2.9103830456733704e-11,114.1104117107053,86.60620022842822,0.07276477476103081,0.04313644239862144,0.08458998231961709,False,59.33967318509548
2019-12-26 04:30:00,-345817.9932,-154915.26789,5.820766091346741e-11,114.13083507540388,86.6068805453693,0.0737047139481404,0.04276785426111774,0.08521428410939923,False,59.87514610668319
2019-12-26 05:00:00,-345693.53135,-155002.22172,2.9103830456733704e-11,114.15053159489752,86.60757934433481,0.07788071159023392,0.043716632015080484,0.08931152866535852,False,60.69327814634289
2019-12-26 05:30:00,-345559.67869,-155106.70898,2.9103830456733704e-11,114.1732375622274,86.60829017446052,0.08109028038062245,0.044007986678796074,0.09226232418343393,False,61.511156974962375
2019-12-26 06:00:00,-345429.45258,-155203.67217,2.9103830456733704e-11,114.1946897872572,86.60899846279848,0.07903104060810985,0.044333388261778926,0.09061652550374212,False,60.709243279722614
2019-12-26 06:30:00,-345297.49421,-155300.81837,1.1641532182693481e-10,114.2162837538049,86.6097197538329,0.07734902676922009,0.0437898650284537,0.08888433057269272,False,60.48435187198453
2019-12-26 07:00:00,-345171.46322,-155392.96292,2.9103830456733704e-11,114.23682827122401,86.61041054133626,0.07513703644286991,0.04251118712807656,0.0863294577560609,False,60.499597223161686
2019-12-26 07:30:00,-345046.90344,-155484.64501,5.820766091346741e-11,114.25722582285762,86.61109057988989,0.0744349481368476,0.041547620339830865,0.08524532984297685,False,60.830899996489165
2019-12-26 08:00:00,-344925.00799,-155575.82109,2.9103830456733704e-11,114.27739583682855,86.61175029745989,0.07244269759558483,0.039400994999300026,0.08246443379942785,False,61.45858966824369
2019-12-26 08:30:00,-344810.37714,-155664.05591,5.820766091346741e-11,114.29671500081659,86.61236112792776,0.07156839124357488,0.03966734089112921,0.08182623392632986,False,61.00224523753701
2019-12-26 09:00:00,-344688.84237,-155751.88898,6.507814330688532e-11,114.31641629644953,86.61302940884978,0.06666845833826707,0.04030940485743927,0.07790719772371614,False,58.84180060518037
2019-12-26 09:30:00,-344579.30824,-155823.01594,2.9103830456733704e-11,114.3330699358529,86.61366100804572,0.061033470181759114,0.03944428859489631,0.07267005150118683,False,57.126502018317865
2019-12-26 10:00:00,-344468.92366,-155893.58124,0.0,114.34970538016618,86.61430133519761,0.05759073895689906,0.039368267087448686,0.06976068855071878,False,55.644005156350886
2019-12-26 10:30:00,-344364.70777,-155953.46583,5.820766091346741e-11,114.36448677571482,86.61493051249874,0.05017592250451812,0.04181334653092292,0.06531446353828875,False,50.194376493207926
2019-12-26 11:00:00,-344257.28326,-155996.02845,1.1999816708318134e-10,114.37708265952836,86.61564968455332,0.048441313568463304,0.041595938515653255,0.06384969037697984,False,49.347733877973155
2019-12-26 11:30:00,-344156.33514,-156050.50167,8.231806349783991e-11,114.39092315887238,86.61627180322722,0.0480641845492317,0.03760753280462066,0.06102861918832198,False,51.958810039511945
2019-12-26 12:00:00,-344062.52463,-156097.70685,5.820766091346741e-11,114.4033177994683,86.61686240096577,0.043524392923858665,0.036280768652518974,0.05666274749258142,False,50.18631813156094
2019-12-26 12:30:00,-343972.65648,-156139.22818,0.0,114.41468459318962,86.61744172948126,0.039020148457473064,0.035652156720925046,0.05285497388606524,False,47.58249714491444
2019-12-26 13:00:00,-343887.5914,-156172.56703,0.0,114.42462378598498,86.61801205982606,0.03347075842953339,0.03566456558874364,0.04891066252344143,False,43.18249599916197
2019-12-26 13:30:00,-343805.93033,-156195.84963,6.507814330688532e-11,114.43296353950863,86.61859178767749,0.028282261192825214,0.03656021456137492,0.04622267394853913,False,37.72482940729742
2019-12-26 14:00:00,-343725.64742,-156210.82469,8.231806349783991e-11,114.44007189174242,86.61919099374764,0.023963629300269785,0.03750414629281423,0.0445063649200152,False,32.57692868695074
2019-12-26 14:30:00,-343647.32041,-156218.52727,2.9103830456733704e-11,114.44605504076772,86.61980115729466,0.020044618372738753,0.04023320484419501,0.04494994435751498,False,26.48298298059302
2019-12-26 15:00:00,-343563.92987,-156216.57635,8.231806349783991e-11,114.45102446637013,86.62048836272469,0.01749704974196175,0.04552699909190338,0.04877350096094041,False,21.022890643538062
2019-12-26 15:30:00,-343472.05,-156208.02792,5.820766091346741e-11,114.4556176541957,86.62126922624873,0.015999608234061213,0.04778523514553882,0.05039262011007046,False,18.511744334370917
2019-12-26 16:00:00,-343383.49175,-156197.79023,5.820766091346741e-11,114.45977053378266,86.62202925075049,0.013622409533298893,0.04804150206087245,0.04993551803834346,False,15.830951585465641
2019-12-26 16:30:00,-343294.31692,-156181.05687,5.820766091346741e-11,114.46306586238713,86.6228183788409,0.01322744645855058,0.048336799133768905,0.05011398497737079,False,15.304405165572234
2019-12-26 17:00:00,-343205.38139,-156169.07451,1.1999816708318134e-10,114.46700476805506,86.62358791949619,0.013223241205716867,0.05108796044251525,0.05277152461470647,False,14.511558743540093
2019-12-26 17:30:00,-343107.20002,-156148.21312,6.507814330688532e-11,114.47029927586198,86.62446576610044,0.012963119205935758,0.05718914903031516,0.05863992860124318,False,12.771476432413806
2019-12-26 18:00:00,-342998.66291,-156126.2696,6.507814330688532e-11,114.47409800338383,86.62543204129823,0.014192324050053487,0.05771657947882532,0.059435894951428855,False,13.814765608175378
2019-12-26 18:30:00,-342896.92298,-156108.63542,5.820766091346741e-11,114.47806704993214,86.6263268961478,0.012998293017445445,0.05690273940207236,0.05836846214204662,False,12.86730064174509
2019-12-26 19:00:00,-342792.83617,-156083.97913,2.9103830456733704e-11,114.48121400060708,86.62726693143226,0.010077024466974404,0.05769523851133359,0.05856865176003005,False,9.90731776458722
2019-12-26 19:30:00,-342692.86007,-156055.58028,5.820766091346741e-11,114.4835852238833,86.62818733994997,0.009442476012830305,0.05673763805255331,0.057517996531828375,False,9.448765513484204
2019-12-26 20:00:00,-342592.85955,-156030.26528,2.9103830456733704e-11,114.48638643063178,86.62909649262241,0.01030357860138303,0.055533959572270704,0.056481717376240206,False,10.510939346982582
2019-12-26 20:30:00,-342495.54472,-156006.47384,2.9103830456733704e-11,114.48923074375593,86.6299780878842,0.010245120981751166,0.05330252124791088,0.05427818415638744,False,10.879966857412057
2019-12-26 21:00:00,-342402.94438,-155984.28746,2.9103830456733704e-11,114.49200134432193,86.63081528551756,0.009569254739869847,0.051195212802560404,0.05208186296760098,False,10.587381967735269
2019-12-26 21:30:00,-342313.54415,-155961.41768,2.9103830456733704e-11,114.49447650819033,86.63162892872244,0.00959191802067286,0.04973104503320121,0.050647623156566735,False,10.916916319215943
2019-12-26 22:00:00,-342225.70855,-155941.48307,5.820766091346741e-11,114.49726094832329,86.63241891083224,0.011558317440030464,0.04901907028006865,0.05036331952092536,False,13.267561191449886
2019-12-26 22:30:00,-342135.70746,-155926.10926,5.820766091346741e-11,114.50081596314249,86.63320959369305,0.009069776481999404,0.04653291635746335,0.04740857675741922,False,11.029295472470722
2019-12-26 23:00:00,-342059.73354,-155901.72324,6.507814330688532e-11,114.50223598945759,86.63391941499994,0.00675693336947523,0.04459975166018016,0.04510869092214127,False,8.614888702268843
2019-12-26 23:30:00,-341979.51923,-155881.65516,2.9103830456733704e-11,114.50452371704529,86.63464775370079,0.0072556486318709045,0.04469415353775575,0.04527926454267621,False,9.22095422310008
2019-12-27 00:00:00,-341902.49319,-155858.75561,5.820766091346741e-11,114.50621792022665,86.6353606216643,0.005968029922064034,0.039556323838215744,0.04000400150915464,False,8.579746817679393
2019-12-27 00:30:00,-341841.03287,-155842.1371,0.0,114.50779970856914,86.63592328491272,0.0050440159940327335,0.03082295286750552,0.031232939676254054,False,9.29377942755093
2019-12-27 01:00:00,-341793.99532,-155829.24888,0.0,114.50898712928696,86.63635453729401,0.003413079122509592,0.024862907465565028,0.025096080903953114,False,7.8164769377816015
2019-12-27 01:30:00,-341754.49415,-155816.18657,2.9103830456733704e-11,114.50967375855191,86.63672501309709,0.0016591758420554312,0.021586934634647097,0.021650603026137326,False,4.395123231134107
2019-12-27 02:00:00,-341720.80708,-155802.44471,6.507814330688532e-11,114.50989823152692,86.63705062833252,0.0004469977798829631,0.01926739697720447,0.01927258138632208,False,1.329006346943629
2019-12-27 02:30:00,-341690.71424,-155788.87564,6.507814330688532e-11,114.50991923657229,86.63734630823498,0.00013240928764560265,0.016626989627264437,0.016627516840605334,False,0.4562661765149869
2019-12-27 03:00:00,-341666.14593,-155778.04664,0.0,114.50997096094245,86.63758678101406,-0.00021377726613282418,0.014596244496516,0.01459780990839341,False,359.1609033800829
2019-12-27 03:30:00,-341643.22204,-155766.3764,5.820766091346741e-11,114.50980179289161,86.6378169776122,-0.0005922436611221259,0.013353398264325205,0.013366525268738421,False,357.46050867804666
2019-12-27 04:00:00,-341623.28996,-155756.16397,5.820766091346741e-11,114.50964561997571,86.6380173736554,-0.0015431423903695873,0.01201376878170632,0.012112469970128178,False,352.680560620163
2019-12-27 04:30:00,-341606.17423,-155743.37974,1.1641532182693481e-10,114.50895400310736,86.63820437240864,-0.0028192568959705478,0.011769623634235062,0.012102572038084385,False,346.52936834931575
2019-12-27 05:00:00,-341588.94736,-155729.35229,0.0,114.50809669984845,86.63839689584736,-0.004255433326392159,0.012189129810236453,0.012910600231056803,False,340.7550334148789
2019-12-27 05:30:00,-341572.6018,-155711.23769,2.9103830456733704e-11,114.50661588021721,86.63859742132634,-0.00677735458158511,0.012105427869211583,0.013873497000439982,False,330.75724538032756
2019-12-27 06:00:00,-341559.4142,-155689.07507,6.507814330688532e-11,114.50437272418371,86.63878724499136,-0.008880479510430332,0.012393317976352063,0.015246548684805494,False,324.3763640751746
2019-12-27 06:30:00,-341545.26428,-155663.64246,1.1641532182693481e-10,114.50173603031129,86.6389970541982,-0.01179065644101519,0.013018581898095731,0.01756425500690191,False,317.83352433138407
2019-12-27 07:00:00,-341534.37112,-155631.01438,5.820766091346741e-11,114.49789329392189,86.63920703702844,-0.01349410101367195,0.013329766933417796,0.0189676948696045,False,314.6489868108886
2019-12-27 07:30:00,-341521.74075,-155599.53858,1.1999816708318134e-10,114.49432011968095,86.6394268856801,-0.013872757617499053,0.013834583725713046,0.019592067547291744,False,314.92106057828084
2019-12-27 08:00:00,-341509.75498,-155564.91801,5.820766091346741e-11,114.49026874203632,86.63965314386967,-0.016254996627561535,0.014257995483828171,0.021622103287582857,False,311.2554708668903
2019-12-27 08:30:00,-341499.2879,-155525.00759,1.1641532182693481e-10,114.48538565260715,86.63988664385174,-0.017194233085543534,0.014988199738433915,0.022809817684479428,False,311.07863746670944
2019-12-27 09:00:00,-341486.30485,-155486.22226,0.0,114.48081744246448,86.64013645343492,-0.01741344988279853,0.01610265076508262,0.02371757994574809,False,312.76033012948506
2019-12-27 09:30:00,-341472.50718,-155443.93294,2.9103830456733704e-11,114.47581308148867,86.6404058862004,-0.01637443573285014,0.018265521702264857,0.024530622263308936,False,318.1248247154161
2019-12-27 10:00:00,-341450.88072,-155405.32832,0.0,114.47181539852805,86.64072544623531,-0.015173894557425151,0.019547858566618753,0.024746026965563318,False,322.17983688398044
2019-12-27 10:30:00,-341431.08536,-155365.06283,5.820766091346741e-11,114.46747021503694,86.64103622293227,-0.016138679729196657,0.0174014259315599,0.02373323846113607,False,317.1561015321249
2019-12-27 11:00:00,-341417.92468,-155326.50044,5.820766091346741e-11,114.46294134351835,86.64128656992911,-0.016639426085445278,0.013904541565231363,0.021684251810755277,False,309.8834223829505
2019-12-27 11:30:00,-341410.32827,-155289.80977,0.0,114.45832013525335,86.64148458683542,-0.016618413601355908,0.010907827641668708,0.019878439940953188,False,303.27969233603426
2019-12-27 12:00:00,-341406.95027,-155255.78455,0.0,114.45380228058443,86.64163830301695,-0.016186992200900176,0.008177259819861676,0.018135222487566213,False,296.8017531766018
2019-12-27 12:30:00,-341407.6536,-155224.57778,0.0,114.44941791837402,86.64174827044863,-0.014534446153521575,0.007452718495737899,0.01633380353641894,False,297.1470484577776
2019-12-27 13:00:00,-341404.18276,-155197.04802,1.1641532182693481e-10,114.44580858488018,86.64187862570378,-0.010384969801023908,0.005625296904982901,0.011810654640509507,False,298.4433762130225
2019-12-27 13:30:00,-341404.68947,-155182.16287,0.0,114.44370624738431,86.64192966753544,-0.007290611790005937,0.0019119589028460432,0.007537148473975143,False,284.69487281486477
2019-12-27 14:00:00,-341408.7773,-155170.30611,0.0,114.44179868129027,86.64194027891106,-0.007225790086227243,-0.0005904510071438021,0.007249874120428371,False,265.32848965284904
2019-12-27 14:30:00,-341417.3879,-155159.36076,2.9103830456733704e-11,114.43973198235379,86.64191062759645,-0.008509265029840207,-0.002468847691304222,0.008860180600355708,False,253.82063132060532
2019-12-27 15:00:00,-341429.54289,-155146.09482,2.9103830456733704e-11,114.43711852410435,86.64186066742187,-0.010253281893823648,-0.0033945024844055233,0.010800575758303219,False,251.68210143913205
2019-12-27 15:30:00,-341443.78358,-155130.81109,5.820766091346741e-11,114.43409267704894,86.64180116766676,-0.011149213784019505,-0.005238381151276374,0.012318506609480636,False,244.83383916684198
2019-12-27 16:00:00,-341463.31467,-155117.35304,2.9103830456733704e-11,114.43098659641284,86.64169175092547,-0.01192964201095693,-0.007061839677459375,0.013863114301618091,False,239.37627537073845
2019-12-27 16:30:00,-341484.69249,-155102.22454,1.3015628661377063e-10,114.42753170691812,86.64157345120864,-0.01363790028621607,-0.007136461797321174,0.015392251661189694,False,242.37776676449673
2019-12-27 17:00:00,-341507.00962,-155083.27588,1.1999816708318134e-10,114.42348638559261,86.6414616271088,-0.015500044767990662,-0.006284607206131351,0.016725659196129544,False,247.92954397065407
2019-12-27 17:30:00,-341528.36462,-155060.77246,0.0,114.4190076586492,86.64137079656956,-0.015498504789580347,-0.0040585670066539846,0.0160210991152338,False,255.32556222017757
2019-12-27 18:00:00,-341543.37933,-155038.5125,0.0,114.41496335531772,86.64133075689797,-0.016791767971105598,-0.003412846927031171,0.017135080850197174,False,258.5113924897354
2019-12-27 18:30:00,-341564.53887,-155010.80625,2.9103830456733704e-11,114.40977367833408,86.64126074086819,-0.018559288914387618,-0.0025154000160449337,0.018728973336742994,False,262.2815504486772
2019-12-27 19:00:00,-341579.23664,-154981.41355,0.0,114.40475745037618,86.64124964648903,-0.01767161601774369,0.0008890093302829378,0.017693963667530954,False,272.8799617087475
2019-12-27 19:30:00,-341587.91001,-154951.55037,0.0,114.40005595907644,86.64128940933143,-0.01644579050814669,0.0024398124136534444,0.016625784494322823,False,278.4385562060496
2019-12-27 20:00:00,-341595.69565,-154923.86825,5.820766091346741e-11,114.39571378485586,86.64132832207704,-0.017000603766585368,0.00369655382294632,0.017397845803270463,False,282.2672529406922
2019-12-27 20:30:00,-341601.06931,-154890.31614,5.820766091346741e-11,114.3907070143574,86.64140860482185,-0.017067385865044696,0.006191812426855079,0.018155831057698364,False,289.9400739254047
2019-12-27 21:00:00,-341600.76767,-154858.70435,0.0,114.38632792480955,86.64152798559272,-0.015720848126030924,0.008361185323381207,0.017806023863110355,False,298.0064269158125
2019-12-27 21:30:00,-341597.02189,-154826.34236,0.0,114.38206134595029,86.64167821917117,-0.01598582727008635,0.008015052160343632,0.017882609838669117,False,296.6284944386323
2019-12-27 22:00:00,-341598.24423,-154794.37643,2.9103830456733704e-11,114.37753621897896,86.64178643690167,-0.01620693034717769,0.00774537735453468,0.017962612884611408,False,295.5433810887315
2019-12-27 22:30:00,-341595.70618,-154761.69034,6.507814330688532e-11,114.37314766840065,86.6419279763526,-0.015129341572762977,0.008728849322900478,0.017466819599664795,False,299.98272768127026
2019-12-27 23:00:00,-341592.0977,-154731.79701,1.1999816708318134e-10,114.36921491334229,86.64206790831635,-0.014466981075646729,0.008400499274560234,0.016729074376814982,False,300.14232360816544
2019-12-27 23:30:00,-341589.64822,-154701.77113,5.820766091346741e-11,114.36519032367308,86.64219885750462,-0.016124811639905024,0.005028139476989264,0.016890581310969568,False,287.31884907320114
2019-12-28 00:00:00,-341599.55691,-154671.45017,5.820766091346741e-11,114.36034546232979,86.6422300413934,-0.016415381445538512,0.00038283627512481714,0.016419845054569837,False,271.33599863848565
2019-12-28 00:30:00,-341612.76802,-154647.36858,5.820766091346741e-11,114.3561609154437,86.64221120544852,-0.013904582004304033,-0.0027468656381840683,0.014173308419301823,False,258.82504520949976
2019-12-28 01:00:00,-341629.2092,-154629.92691,5.820766091346741e-11,114.35269717222357,86.64214146910571,-0.0134750070856039,-0.007072972710771157,0.015218500547832851,False,242.3052140026265
2019-12-28 01:30:00,-341655.96839,-154613.67437,5.820766091346741e-11,114.34874913646607,86.64198312935613,-0.01780392128073722,-0.013542612928241207,0.022369219429717556,False,232.74144376488564
2019-12-28 02:00:00,-341700.05147,-154591.63431,5.820766091346741e-11,114.34290493068909,86.64170476606176,-0.021481893816816207,-0.018554358541669747,0.02838548894857722,False,229.1821451697107
2019-12-28 02:30:00,-341748.70276,-154570.74798,5.820766091346741e-11,114.33693469609653,86.64138482683488,-0.02215665650269375,-0.02168926306066321,0.031005508534662208,False,225.61074457051456
2019-12-28 03:00:00,-341804.06521,-154551.13581,0.0,114.33072059647903,86.64100537493943,-0.02184511521718752,-0.0248534158344759,0.03308929339671029,False,221.31412191861915
2019-12-28 03:30:00,-341862.62926,-154535.95324,2.9103830456733704e-11,114.32492293546606,86.64058340878702,-0.021792672378974816,-0.02755340323770659,0.0351299103243517,False,218.34134954595012
2019-12-28 04:00:00,-341926.76748,-154520.50533,0.0,114.31873928094578,86.64011688835349,-0.02470162016200584,-0.029059429292297555,0.038139487010473205,False,220.3658016997897
2019-12-28 04:30:00,-341994.58143,-154497.99924,1.1641532182693481e-10,114.31134423413516,86.6396463528688,-0.02653752274813045,-0.02823704510197788,0.03875010747983384,False,223.22282070335336
2019-12-28 05:00:00,-342058.7377,-154475.29229,5.820766091346741e-11,114.30415312560044,86.63920636078315,-0.025452006969101885,-0.026385838180210865,0.03666083898695561,False,223.96795863411708
2019-12-28 05:30:00,-342118.86387,-154453.58824,1.1641532182693481e-10,114.29735653499849,86.6387955203417,-0.025250467580362854,-0.024661938914105497,0.03529585448788606,False,225.6755564088323
2019-12-28 06:00:00,-342177.06001,-154428.97421,0.0,114.2902779709224,86.63841111203628,-0.025087114941815727,-0.022972979235337608,0.034016482931824785,False,227.51878431867866
2019-12-28 06:30:00,-342231.39656,-154405.29038,2.9103830456733704e-11,114.28357264114064,86.63805473820196,-0.02443785777225889,-0.02129311812660071,0.03241304940992942,False,228.9338128772396
2019-12-28 07:00:00,-342283.11339,-154380.30665,2.9103830456733704e-11,114.27685227393896,86.63772449575198,-0.023833433579468405,-0.01987650242974833,0.031033979845110478,False,230.17271771316572
2019-12-28 07:30:00,-342331.90077,-154356.49712,5.820766091346741e-11,114.27048026716153,86.63741380437475,-0.022247404350656454,-0.017993477520550694,0.028613147915323312,False,231.03441537451917
2019-12-28 08:00:00,-342375.08549,-154333.92084,6.507814330688532e-11,114.26463222569494,86.63714428269682,-0.021587035899425525,-0.017057026910502794,0.02751258413796681,False,231.68592321837264
2019-12-28 08:30:00,-342419.81777,-154310.88382,0.0,114.25862404479518,86.63686378373832,-0.02122455703004933,-0.015830847028279534,0.026478246519635762,False,233.2816966798613
2019-12-28 09:00:00,-342458.4371,-154287.6744,2.9103830456733704e-11,114.25297591239554,86.6366338044568,-0.021145615733682142,-0.013069165295294085,0.024858401925149275,False,238.2816314154024
2019-12-28 09:30:00,-342493.98351,-154260.80441,1.1641532182693481e-10,114.24701194677604,86.63644235443782,-0.020793963519323534,-0.010899647901374673,0.023477462452677872,False,242.33765571119986
2019-12-28 10:00:00,-342524.95647,-154235.53409,5.820766091346741e-11,114.2415575396433,86.63628233810971,-0.018102984896623812,-0.010838610421415028,0.021099609902427017,False,239.09021962067015
2019-12-28 10:30:00,-342556.32001,-154217.40085,8.231806349783991e-11,114.23707177867077,86.6360928582361,-0.016431305607505838,-0.012380926350248048,0.0205736516267171,False,233.0021141203188
2019-12-28 11:00:00,-342589.88201,-154199.89254,1.1999816708318134e-10,114.23253581829177,86.63588310330059,-0.01542130760799214,-0.013317632154202693,0.020375869417891587,False,229.1865545204577
2019-12-28 11:30:00,-342622.82538,-154186.45384,8.231806349783991e-11,114.2286050770076,86.63566342130454,-0.012690079145640083,-0.01593482095246067,0.02037048422373874,False,218.5329089234204
2019-12-28 12:00:00,-342660.9422,-154181.77384,5.820766091346741e-11,114.22556911763479,86.63536927319153,-0.01121958490259176,-0.01916921706936862,0.022211212673760933,False,210.3400871790802
2019-12-28 12:30:00,-342702.33085,-154177.93678,6.507814330688532e-11,114.22244622582436,86.6350452915315,-0.011365284495362695,-0.022742290972170606,0.025424033714644974,False,206.55323725214055
2019-12-28 13:00:00,-342752.393,-154178.05157,6.507814330688532e-11,114.21933092953164,86.63463592650504,-0.010940161170222652,-0.026318933437913625,0.028502164544816157,False,202.57150616049256
2019-12-28 13:30:00,-342804.89621,-154180.88737,5.820766091346741e-11,114.21644203283485,86.63419661320451,-0.010841562992093235,-0.029405742250912754,0.031340663130167506,False,200.23835735259087
2019-12-28 14:00:00,-342864.94755,-154185.87889,1.1999816708318134e-10,114.2133817131324,86.63368770975336,-0.010060029021975643,-0.03165151531733732,0.03321178414067259,False,197.63219251863632
2019-12-28 14:30:00,-342923.67077,-154194.59054,5.820766091346741e-11,114.21092234270827,86.63317598144641,-0.00905543583290518,-0.03347502484940749,0.034678209394262444,False,195.13697744432883
2019-12-28 15:00:00,-342988.22679,-154205.56753,2.9103830456733704e-11,114.20841410247496,86.6326082751955,-0.009174776952785929,-0.03651270793493807,0.037647767169853,False,194.10504603964665
2019-12-28 15:30:00,-343057.10102,-154218.36618,5.820766091346741e-11,114.20589009678173,86.63199859377113,-0.010693518891797073,-0.038431747026819826,0.03989173505655896,False,195.54906740621067
2019-12-28 16:00:00,-343130.20097,-154227.18315,0.0,114.20255003540616,86.63136900362481,-0.012890577582757296,-0.03999938966029836,0.0420252086682918,False,197.86254063280086
2019-12-28 16:30:00,-343207.46649,-154235.07297,2.9103830456733704e-11,114.19882244115101,86.63070877285891,-0.014267511598675361,-0.04086595344869907,0.043284963191500755,False,199.24560335342963
2019-12-28 17:00:00,-343285.44491,-154240.63752,5.820766091346741e-11,114.19472891652833,86.63005123921508,-0.01502277539874084,-0.041542264042842385,0.044175145528750084,False,199.88132324855087
2019-12-28 17:30:00,-343366.04657,-154247.03398,0.0,114.19058887764378,86.62936920117038,-0.01547283046553652,-0.04070946806876028,0.043550766618472375,False,200.81076649472533
2019-12-28 18:00:00,-343441.95497,-154249.88062,0.0,114.18625033956319,86.62873852095606,-0.015891231470995637,-0.03847946079680234,0.04163172036893756,False,202.43962565461572
2019-12-28 18:30:00,-343515.85113,-154251.60209,0.0,114.1818826653466,86.62812839223093,-0.01634973217593473,-0.03722309129186406,0.0406555318197566,False,203.71282374201286
2019-12-28 19:00:00,-343588.30998,-154251.0788,2.9103830456733704e-11,114.17729458665103,86.62753822382413,-0.01616399070555675,-0.035075180747899906,0.038620498443536086,False,204.74206571255303
2019-12-28 19:30:00,-343654.87817,-154250.23164,2.9103830456733704e-11,114.17303007188556,86.62699735894587,-0.01526025483683834,-0.03176586596766843,0.03524124881954559,False,205.65953119151015
2019-12-28 20:00:00,-343715.13578,-154247.78765,5.820766091346741e-11,114.16893830029804,86.62651390186642,-0.014022817101390259,-0.029181896323008136,0.0323762640288505,False,205.66574565910616
2019-12-28 20:30:00,-343771.39295,-154247.18709,2.9103830456733704e-11,114.16535247733003,86.62605636084554,-0.011319104029545592,-0.02816472091499842,0.030354136789759394,False,201.89467378408335
2019-12-28 21:00:00,-343824.32487,-154252.11717,1.1641532182693481e-10,114.16274179171236,86.62560570461996,-0.00866053230509745,-0.026392293568221273,0.027776932508806845,False,198.16705599010777
2019-12-28 21:30:00,-343870.8429,-154257.63213,6.507814330688532e-11,114.1606120144185,86.62520531530444,-0.005739363065261691,-0.024021731701995466,0.024697851776167578,False,193.43741481648783
2019-12-28 22:00:00,-343911.68451,-154268.66058,2.9103830456733704e-11,114.15960056712406,86.6248311008358,-0.002670522387218906,-0.022947837639528085,0.023102704217272476,False,186.63785826177696
2019-12-28 22:30:00,-343950.15379,-154282.67185,0.0,114.15915056839893,86.62446533888244,0.0003958007172576005,-0.024026031846257588,0.024029291801573458,False,179.05620455231656
2019-12-28 23:00:00,-343990.01926,-154305.36017,0.0,114.15981700714002,86.624056356292,0.004937291270548535,-0.026025826412111,0.026490007276774565,False,169.25821565973808
2019-12-28 23:30:00,-344028.36525,-154337.23617,1.1641532182693481e-10,114.16185159044677,86.62362610701057,0.007155707307433954,-0.026992671819327557,0.027925051101396106,False,165.15251860171122
2019-12-29 00:00:00,-344068.13558,-154368.63859,1.1999816708318134e-10,114.16373142240916,86.62318594958903,0.008110635847369856,-0.027269856374134944,0.028450439021473626,False,163.43640153605088
2019-12-29 00:30:00,-344105.9827,-154404.06215,5.820766091346741e-11,114.1662877024594,86.62274676023901,0.010911641686773698,-0.030334337174178445,0.032237182508669734,False,160.21570522457006
2019-12-29 01:00:00,-344151.68724,-154449.18434,5.820766091346741e-11,114.1696986743257,86.62220778419372,0.013445665277684425,-0.03380715650796846,0.03638282212684721,False,158.31146604039407
2019-12-29 01:30:00,-344197.20062,-154498.05454,2.9103830456733704e-11,114.17363972574653,86.62165661058073,0.015738946269789014,-0.03438810267651345,0.03781872598824208,False,155.4071029156969
2019-12-29 02:00:00,-344241.42592,-154551.57129,0.0,114.17830323746297,86.62109889994535,0.01856970641487934,-0.03712719773935243,0.04151220071631697,False,153.4274090449082
2019-12-29 02:30:00,-344291.75278,-154613.78429,2.9103830456733704e-11,114.18379008592417,86.62045939998856,0.020582505992547552,-0.04033223672131883,0.045280557327375674,False,152.96369099195954
2019-12-29 03:00:00,-344343.52404,-154678.647,5.820766091346741e-11,114.18955189177696,86.61979834192367,0.02061216155244804,-0.03817110159784773,0.04338080452293883,False,151.63122484765768
2019-12-29 03:30:00,-344386.69742,-154737.77971,2.9103830456733704e-11,114.19505303338906,86.61922853299481,0.020139410479287165,-0.03898081674051637,0.04387596070983452,False,152.6768954831051
2019-12-29 04:00:00,-344441.8132,-154802.29382,2.9103830456733704e-11,114.20055427752493,86.61854136304035,0.01889826329182609,-0.04276861211229829,0.04675787139572769,False,156.1606944118294
2019-12-29 04:30:00,-344499.24401,-154862.95037,5.820766091346741e-11,114.20537557953826,86.61784941590022,0.01815133100854785,-0.044281993311460016,0.047857765817242874,False,157.71111880644213
2019-12-29 05:00:00,-344560.42093,-154927.2552,8.231806349783991e-11,114.21046656154104,86.61711344003666,0.021867909145450854,-0.05291259081421254,0.05725336424233935,False,157.5454918715916
2019-12-29 05:30:00,-344640.69115,-155012.86671,6.507814330688532e-11,114.21731414742858,86.6161431799486,0.025178877074628334,-0.058063856303338615,0.06328812889913873,False,156.556460749517
2019-12-29 06:00:00,-344713.87336,-155095.66592,6.507814330688532e-11,114.22420988985742,86.61524110585705,0.02423546025108035,-0.05154455843906594,0.056957870731444836,False,154.81781055224633
2019-12-29 06:30:00,-344774.11393,-155168.56893,0.0,114.23053930434736,86.61448107160724,0.02446510169789287,-0.04961442797147901,0.055318465850250395,False,153.75188249800476
2019-12-29 07:00:00,-344840.60333,-155249.28504,0.0,114.23755662464659,86.61364122775471,0.02701197240260754,-0.049558467941630754,0.056441902854181616,False,151.40729186381702
2019-12-29 07:30:00,-344896.87743,-155330.48139,2.9103830456733704e-11,114.24527217568568,86.61288299708735,0.029315522854345993,-0.047748947658910024,0.05603000876991732,False,148.4521063277274
2019-12-29 08:00:00,-344953.99996,-155416.10031,1.1641532182693481e-10,114.25354212569418,86.61210150365983,0.03245337002246283,-0.04509456227582966,0.05555844465662775,False,144.2584277422343
2019-12-29 08:30:00,-344996.8974,-155503.68695,8.231806349783991e-11,114.26296487382788,86.61142886044253,0.03550870965584374,-0.04100181373164714,0.05424036495736084,False,139.10652760542462
2019-12-29 09:00:00,-345036.03915,-155593.29544,2.9103830456733704e-11,114.27289659724761,86.6107793475824,0.03749414838736278,-0.04183087270859965,0.05617502180557339,False,138.12926347934484
2019-12-29 09:30:00,-345078.68839,-155688.63894,1.1999816708318134e-10,114.28339739024362,86.61007996921902,0.03782612122366611,-0.04454235401762811,0.05843660452369896,False,139.6615208036203
2019-12-29 10:00:00,-345126.20243,-155783.36613,2.9103830456733704e-11,114.29350600620234,86.60934303138585,0.0384913594825559,-0.046508475424612755,0.06037071343902733,False,140.3881516237957
2019-12-29 10:30:00,-345174.28414,-155883.82031,5.820766091346741e-11,114.3043644808371,86.60858024053177,0.0393171736654811,-0.04353775629862491,0.05866324546562399,False,137.91609365358397
2019-12-29 11:00:00,-345210.79083,-155976.87334,5.820766091346741e-11,114.31491881821209,86.60793910825147,0.04006064210757641,-0.03970905946728648,0.056406244777044125,False,134.7474721529174
2019-12-29 11:30:00,-345245.17417,-156074.10687,5.820766091346741e-11,114.3261774937694,86.60729976670329,0.04247056420861988,-0.0430171780777123,0.06045019796467267,False,135.36634773692896
2019-12-29 12:00:00,-345288.92154,-156179.98505,6.507814330688532e-11,114.33803931889753,86.60655196066037,0.043627564218667626,-0.04551714217399598,0.0630489856487932,False,136.21430240907011
2019-12-29 12:30:00,-345329.74632,-156284.73881,0.0,114.3499232188867,86.60583201143544,0.04566315440318154,-0.0456401531682555,0.06456118997718846,False,134.98556598121115
2019-12-29 13:00:00,-345370.832,-156397.49336,6.507814330688532e-11,114.36288726269571,86.60508022483536,0.049950003175315186,-0.04564032704387739,0.06766123166101902,False,132.41857620763238
2019-12-29 13:30:00,-345405.24194,-156516.3243,2.9103830456733704e-11,114.37709810675224,86.60436026605515,0.05040375879096578,-0.047054292591778527,0.068953936447244,False,133.03161701385739
2019-12-29 14:00:00,-345450.23243,-156632.68642,5.820766091346741e-11,114.3903032567132,86.60356291587641,0.049247035741740906,-0.05307834228624121,0.07240566931673022,False,137.14428915346832
2019-12-29 14:30:00,-345506.0589,-156756.69857,6.507814330688532e-11,114.40387817258363,86.60264868446754,0.05120915155826056,-0.05918104538290518,0.07826093109547307,False,139.13047852788713
2019-12-29 15:00:00,-345568.08085,-156888.59424,0.0,114.4181428657311,86.60165453981978,0.051817039834029424,-0.06430818833204734,0.08258661334448496,False,141.13948246504907
2019-12-29 15:30:00,-345639.74566,-157022.25866,5.820766091346741e-11,114.43204030422152,86.60057499205074,0.05082126121862189,-0.06636036803619494,0.08358528003034174,False,142.5537517686896
2019-12-29 16:00:00,-345709.9122,-157153.97867,2.9103830456733704e-11,114.4457554036413,86.59951466894798,0.05115110360094816,-0.0660335130581844,0.08352760170386997,False,142.2377993133852
2019-12-29 16:30:00,-345779.95089,-157288.27107,2.9103830456733704e-11,114.45982310897296,86.59844565270447,0.04991476585342275,-0.0672316139764371,0.0837351405807542,False,143.40869978838344
2019-12-29 17:00:00,-345855.82106,-157417.76002,0.0,114.47285852387427,86.59734671424293,0.047878361380057716,-0.0680533879817878,0.08320817931092557,False,144.87203502191255
2019-12-29 17:30:00,-345931.52931,-157546.63874,6.507814330688532e-11,114.48581193074075,86.5962511847926,0.04860821077429519,-0.06460235218668015,0.08084690509061039,False,143.0414039884352
2019-12-29 18:00:00,-345994.94568,-157673.40387,6.507814330688532e-11,114.49923525916559,86.59526352127538,0.04928665230365037,-0.061618171032304686,0.07890483569888018,False,141.34466241441822
2019-12-29 18:30:00,-346059.8054,-157800.08273,6.507814330688532e-11,114.51254876797152,86.59426422797874,0.04999905580101294,-0.0629337918407937,0.08037765694801732,False,141.53388637182957
2019-12-29 19:00:00,-346126.40818,-157931.17619,1.1999816708318134e-10,114.52635034837657,86.59323413158596,0.04800443791358426,-0.06237069060064815,0.0787053308575788,False,142.4158380763705
2019-12-29 19:30:00,-346192.34231,-158050.51249,0.0,114.53857519226776,86.59225302384151,0.046667824754799817,-0.058813279106979956,0.07507920928366409,False,141.56830600218734
2019-12-29 20:00:00,-346249.24002,-158171.93832,6.507814330688532e-11,114.55164419776722,86.59133760798863,0.04630296897032014,-0.05737445217495983,0.07372782851707477,False,141.09539013875786
2019-12-29 20:30:00,-346310.95354,-158287.95564,0.0,114.56366475785842,86.59040292138523,0.047355750717439075,-0.05722087946125465,0.07427513831916885,False,140.3889907713928
2019-12-29 21:00:00,-346365.72308,-158412.62354,5.820766091346741e-11,114.5772966247422,86.58949242208247,0.05040252639857505,-0.05524163899961428,0.07478003307516493,False,137.62264421387647
2019-12-29 21:30:00,-346416.33763,-158535.67969,6.507814330688532e-11,114.5909608419678,86.5886215793132,0.05055974563246676,-0.05118391044983134,0.07194498291997918,False,135.35148688887915
2019-12-29 22:00:00,-346457.52964,-158654.80851,5.820766091346741e-11,114.60467106925158,86.58784192638626,0.05095179345058824,-0.045640887198768874,0.06840450160714681,False,131.852904033782
2019-12-29 22:30:00,-346489.35558,-158770.86153,1.1641532182693481e-10,114.61854121261021,86.58714982400416,0.05335300538939302,-0.04436965331843751,0.0693917093007438,False,129.7477318621543
2019-12-29 23:00:00,-346522.72918,-158895.96019,2.9103830456733704e-11,114.63354460025114,86.58641114872718,0.0579277116460505,-0.04587342791153107,0.07389175302361159,False,128.3759903214774
2019-12-29 23:30:00,-346552.54841,-159029.25687,1.7462298274040222e-10,114.6498838708428,86.58567054999193,0.06372259064913148,-0.04744358614548805,0.07944471301088024,False,126.66890838472682
2019-12-30 00:00:00,-346582.28501,-159175.69159,1.1641532182693481e-10,114.66801486946409,86.58488123209452,0.071344870119421,-0.04811026307709305,0.08605049625483954,False,123.99312231326525
2019-12-30 00:30:00,-346602.74429,-159334.94483,8.231806349783991e-11,114.68846879003969,86.58411912058014,0.07253026070026544,-0.04163962389315484,0.08363310944363997,False,119.86013412584384
2019-12-30 01:00:00,-346609.42431,-159475.54512,6.507814330688532e-11,114.707233879393,86.58353853834512,0.07577651486227192,-0.038400746512580006,0.08495114794630819,False,116.8742124584872
2019-12-30 01:30:00,-346614.30808,-159640.55026,5.820766091346741e-11,114.72943365406118,86.58288076102274,0.08773051010295312,-0.04091830506569788,0.09680366776302371,False,115.00477219777412
2019-12-30 02:00:00,-346611.09901,-159824.0343,8.231806349783991e-11,114.75465260508224,86.58221899500049,0.09598243187949265,-0.038225184890121285,0.10331404546036034,False,111.71501322009482
2019-12-30 02:30:00,-346594.58578,-160011.95755,5.820766091346741e-11,114.7813036369923,86.58164809678158,0.1044985725044473,-0.03902795632535597,0.1115487921512426,False,110.47957252117953
2019-12-30 03:00:00,-346580.97728,-160224.47866,1.1641532182693481e-10,114.81111336294462,86.58096038978293,0.11376179875507554,-0.045178551350957455,0.12240444582678117,False,111.65965446863146
2019-12-30 03:30:00,-346570.36045,-160451.94715,1.1641532182693481e-10,114.84275753254248,86.5801911906726,0.12296186733593771,-0.04822751149188402,0.13208146608605065,False,111.41586561428073
2019-12-30 04:00:00,-346552.55472,-160699.1217,5.820766091346741e-11,114.877522522263,86.57940511594782,0.12795073751560193,-0.05172804712804911,0.13801152883171802,False,112.01254598850471
2019-12-30 04:30:00,-346545.5271,-160948.16765,2.9103830456733704e-11,114.91184525060119,86.5785231605026,0.12699168348550513,-0.05823924077563884,0.13970932982662806,False,114.63650857785962
2019-12-30 05:00:00,-346550.13777,-161202.06948,1.1641532182693481e-10,114.94607446058257,86.57752710982325,0.1253850598614605,-0.06440259530723386,0.14095782177222155,False,117.18677811235148
2019-12-30 05:30:00,-346565.36715,-161455.22781,5.820766091346741e-11,114.97951072486721,86.57644643207183,0.12229406718955274,-0.07255401350037208,0.14219677825033525,False,120.67959684687702
2019-12-30 06:00:00,-346600.98115,-161711.44671,5.820766091346741e-11,115.0120501897963,86.5751875290848,0.11744563132815207,-0.0763030256420072,0.14005580330779951,False,123.01130180966254
2019-12-30 06:30:00,-346635.53183,-161954.52277,0.0,115.04285002511513,86.57398598475787,0.1125584508134453,-0.07320704512893388,0.13427090640206665,False,123.03962846249266
2019-12-30 07:00:00,-346668.22707,-162190.12158,5.820766091346741e-11,115.07273209984146,86.57282688707768,0.10836320238241691,-0.07619865628036868,0.13247195495464847,False,125.11405605415524
2019-12-30 07:30:00,-346718.68319,-162424.11679,2.9103830456733704e-11,115.10124910348975,86.57152888547387,0.10168869881033904,-0.08240955101555567,0.13088898182935538,False,129.0216586900341
2019-12-30 08:00:00,-346781.58553,-162647.48316,1.1999816708318134e-10,115.12751444775758,86.57016953000385,0.09466279426020612,-0.08071127991406536,0.12439998119982464,False,130.45153427740036
2019-12-30 08:30:00,-346837.03716,-162856.03454,6.507814330688532e-11,115.15222730370424,86.56892626776808,0.09245872492106574,-0.07332440979024052,0.11800459688129282,False,128.41618225333906
2019-12-30 09:00:00,-346879.05436,-163060.96705,5.820766091346741e-11,115.17728701564232,86.56780506206144,0.09418553607939316,-0.06736571469346206,0.11579747286846807,False,125.57404804533479
2019-12-30 09:30:00,-346912.26716,-163266.06112,0.0,115.2029124532112,86.56675394047728,0.0958711427785105,-0.062099234672599174,0.1142260520397168,False,122.93260186963226
2019-12-30 10:00:00,-346934.36248,-163468.4444,0.0,115.22886377952685,86.56580256622271,0.0985824518874696,-0.057104187332958245,0.11392711718946832,False,120.08169922265688
2019-12-30 10:30:00,-346946.96346,-163674.72851,1.1641532182693481e-10,115.25593266108832,86.56491249503408,0.1037154109905922,-0.056009395978891686,0.11787255369621777,False,118.37036108208241
2019-12-30 11:00:00,-346957.41705,-163892.15885,6.507814330688532e-11,115.28462935634066,86.56399640704676,0.1088685141202109,-0.05643690854072357,0.12262739503217279,False,117.40200393436862
2019-12-30 11:30:00,-346963.27392,-164115.88572,6.507814330688532e-11,115.31445382697437,86.56309256251366,0.11078061239838528,-0.055950249384429794,0.12410791469338756,False,116.79626473121584
2019-12-30 12:00:00,-346968.97082,-164338.79793,6.507814330688532e-11,115.34416295428454,86.56219220530018,0.10971287874458867,-0.055787621935708874,0.12308198293684744,False,116.95276500548471
2019-12-30 12:30:00,-346975.71236,-164558.80624,8.231806349783991e-11,115.37339826659809,86.5612936155283,0.11097885240267708,-0.060994088019129485,0.1266356365874176,False,118.79323904682207
2019-12-30 13:00:00,-346996.16549,-164793.87439,8.231806349783991e-11,115.40377004032823,86.56022531676643,0.11526876470646638,-0.06700656323037726,0.13332954523623508,False,120.16974537524254
2019-12-30 13:30:00,-347015.59254,-165037.13299,0.0,115.43529154211585,86.55913284257049,0.1204421025171314,-0.06877156715025502,0.1386932893367564,False,119.72605361011415
2019-12-30 14:00:00,-347033.52178,-165291.77081,2.9103830456733704e-11,115.46842037931779,86.55800761048361,0.12606164373160625,-0.07245762101032005,0.1454016673315323,False,119.88939694882106
2019-12-30 14:30:00,-347055.94188,-165559.02153,2.9103830456733704e-11,115.50293574553903,86.55679627793779,0.12957987450809547,-0.07509238775425223,0.1497658525037291,False,120.09257339899824
2019-12-30 15:00:00,-347076.6644,-165829.199,0.0,115.53792919488554,86.55558611438165,0.13174901886957283,-0.07559738556985945,0.15189723064655605,False,119.84713797556282
2019-12-30 15:30:00,-347097.03014,-166104.30571,8.231806349783991e-11,115.57358305078444,86.55435848943425,0.13359540173509174,-0.0780827739445838,0.15474059244956226,False,120.30509084521856
2019-12-30 16:00:00,-347122.61487,-166384.36675,5.820766091346741e-11,115.60954072088553,86.55306819253374,0.13392588296927194,-0.0800456860266468,0.1560238891342465,False,120.86618906375156
2019-12-30 16:30:00,-347148.49022,-166663.62943,5.820766091346741e-11,115.64534567600514,86.55177728643636,0.1319806210378141,-0.07780520468650676,0.15320748743399035,False,120.5201964667425
2019-12-30 17:00:00,-347169.4851,-166933.91859,1.7703168939037188e-10,115.68023556281591,86.55055926500413,0.12613715068241177,-0.07659437262355195,0.14757126651171962,False,121.26741639643313
2019-12-30 17:30:00,-347200.21348,-167192.3621,6.507814330688532e-11,115.71288607762183,86.54930744890383,0.12025779923716454,-0.07401261731548095,0.14120837722760643,False,121.61020378549
2019-12-30 18:00:00,-347221.71603,-167439.57837,0.0,115.74460546511283,86.54817263186584,0.11479264286661298,-0.06831778290089392,0.13358394483168784,False,120.75860226866075
2019-12-30 18:30:00,-347242.2439,-167671.42407,1.1641532182693481e-10,115.7743103613151,86.54710448840457,0.10795278161013379,-0.06388156938506008,0.12543786495497875,False,120.61512569284145
2019-12-30 19:00:00,-347259.82351,-167889.54391,1.1641532182693481e-10,115.8023519230665,86.54611270964361,0.10252481656647203,-0.05715628838503825,0.11738048949438912,False,119.13911379857876
2019-12-30 19:30:00,-347266.83939,-168093.27744,2.9103830456733704e-11,115.829137903761,86.5452614198269,0.10018862516107034,-0.05091893536928548,0.11238549101555294,False,116.9410754053846
2019-12-30 20:00:00,-347267.67484,-168294.05549,5.820766091346741e-11,115.85591598980223,86.54447073904768,0.09677658832901945,-0.044141176415783585,0.10636800037592993,False,114.51840252140892
2019-12-30 20:30:00,-347257.9012,-168476.09791,6.507814330688532e-11,115.88086705351246,86.5438380592585,0.08788483011799052,-0.03676096997796004,0.09526338372422288,False,112.6988620875635
2019-12-30 21:00:00,-347248.6385,-168636.47493,2.9103830456733704e-11,115.90288333995238,86.543285388912,0.08155789409632494,-0.03050798041056104,0.08707713223435032,False,110.50908043538806
2019-12-30 21:30:00,-347228.4341,-168788.18755,2.9103830456733704e-11,115.92444605980836,86.54285428555978,0.07974574124017776,-0.01934395382999072,0.0820583438519338,False,103.63490226628818
2019-12-30 22:00:00,-347185.75986,-168925.11548,0.0,115.94548944646256,86.54266162029391,0.08118729217727957,-0.008785354927844699,0.08166124461632437,False,96.1760000034019
2019-12-30 22:30:00,-347128.99907,-169064.84112,0.0,115.96781897766881,86.54257095672418,0.08276708176136922,-0.003799912034315678,0.08285426455386419,False,92.62865550489101
2019-12-30 23:00:00,-347067.59116,-169198.98469,0.0,115.9897049661355,86.54253909567386,0.0809081758529058,0.0020722391609900165,0.08093470883981155,False,88.53284782229088
2019-12-30 23:30:00,-346994.65635,-169323.38622,6.507814330688532e-11,116.01104147676543,86.54263779228751,0.08014053093478374,0.008933473907112625,0.08063691248155581,False,83.63934946741523
2019-12-31 00:00:00,-346912.16557,-169444.1639,6.507814330688532e-11,116.03251836252386,86.54282716832245,0.07801083693355858,0.012375134708598742,0.07898629398908542,False,80.98607781275024
2019-12-31 00:30:00,-346831.37077,-169556.18037,1.1999816708318134e-10,116.05271890774809,86.5430368785986,0.07439877837804534,0.014526011367832697,0.07580358322931649,False,78.95225214083075
2019-12-31 01:00:00,-346747.55262,-169661.81755,1.1999816708318134e-10,116.07226864600675,86.54329559906162,0.07472653462873086,0.01854582527820613,0.07699352318778938,False,76.06180272778272
2019-12-31 01:30:00,-346653.16625,-169768.47748,6.507814330688532e-11,116.09264759265074,86.5436349042895,0.07237012815176488,0.021218068355355134,0.07541645625084352,False,73.65948491697316
2019-12-31 02:00:00,-346564.36402,-169862.20162,1.1999816708318134e-10,116.11094133046801,86.54397985582591,0.06717169535877061,0.02110053678619956,0.07040787818161577,False,72.56101543012068
2019-12-31 02:30:00,-346478.53,-169952.18483,1.1999816708318134e-10,116.12854599868382,86.54431534152803,0.0648226805020647,0.020644995533206697,0.06803084409324114,False,72.33414791791171
2019-12-31 03:00:00,-346394.8678,-170038.98524,1.1641532182693481e-10,116.14558775275776,86.54464560050634,0.061434160846751726,0.020150968529506857,0.06465460271026138,False,71.84003481250647
2019-12-31 03:30:00,-346315.95311,-170118.75126,5.820766091346741e-11,116.16138437084874,86.5449651666274,0.0634093704747068,0.02181558330089035,0.06705719900768824,False,71.0145530800196
2019-12-31 04:00:00,-346223.73115,-170209.24699,0.0,116.17948578991388,86.54534904132741,0.06503530324144904,0.02417314017655337,0.06938250048609182,False,69.61027280282462
2019-12-31 04:30:00,-346134.56371,-170290.46741,8.731149137020111e-11,116.19615481162886,86.54574469829038,0.06152017673166234,0.024033718366607823,0.06604810189263875,False,68.66120198683768
2019-12-31 05:00:00,-346048.32842,-170369.77724,2.9103830456733704e-11,116.21238064089286,86.54612405845876,0.05936167969437682,0.024786546114009954,0.06432870187093574,False,67.33696109555649
2019-12-31 05:30:00,-345960.11632,-170442.77941,6.507814330688532e-11,116.22789922633098,86.5465439957214,0.05672949741622752,0.02695453210831814,0.06280750495184567,False,64.58567264527755
2019-12-31 06:00:00,-345871.02637,-170510.09248,6.507814330688532e-11,116.24272109145141,86.5469932656003,0.05328162755516842,0.030333010292260376,0.06131087463344539,False,60.34731958171403
2019-12-31 06:30:00,-345777.35748,-170566.53784,5.820766091346741e-11,116.25639949830318,86.54752215368568,0.048792387175223696,0.03467649665445297,0.05985947265457007,False,54.59878914241358
2019-12-31 07:00:00,-345681.36433,-170612.39604,5.820766091346741e-11,116.26882394433655,86.54811148675986,0.04462619346350115,0.03807364471770112,0.05866088616046951,False,49.53024702162929
2019-12-31 07:30:00,-345583.34452,-170649.93821,1.1641532182693481e-10,116.28027757778052,86.54874991655787,0.03989615772707484,0.04177641428640946,0.05776653176375876,False,43.681176116374274
2019-12-31 08:00:00,-345482.92195,-170674.58753,0.0,116.29017499363827,86.54945865688184,0.03393746857421758,0.0473736936357172,0.05827536891274733,False,35.61697603904935
2019-12-31 08:30:00,-345376.32663,-170683.93813,2.9103830456733704e-11,116.29844347398256,86.55027757838363,0.028880175182314158,0.0548214475168673,0.06196334098808577,False,27.780455019265048
2019-12-31 09:00:00,-345259.92854,-170680.35676,0.0,116.30563758905215,86.55122647709982,0.024940457296409577,0.059805411681839754,0.06479748202351975,False,22.637442672498423
2019-12-31 09:30:00,-345143.5336,-170669.01384,5.820766091346741e-11,116.31180015419218,86.55220611307534,0.02124295955599676,0.0629485570597459,0.06643631662428164,False,18.647758669239295
2019-12-31 10:00:00,-345022.89429,-170648.45994,5.820766091346741e-11,116.31701736593516,86.5532563657041,0.017026571057406126,0.06963987873047177,0.07169112100928339,False,13.738977432310435
2019-12-31 10:30:00,-344891.6396,-170612.81022,2.9103830456733704e-11,116.32092390017321,86.55445177462386,0.0146430545848136,0.07822572711489437,0.0795844421368131,False,10.602482209726361
2019-12-31 11:00:00,-344747.10423,-170570.84306,6.507814330688532e-11,116.32486698324972,86.5557788851223,0.0138665686108622,0.08645061920300916,0.08755564679461539,False,9.112550240174869
2019-12-31 11:30:00,-344590.55559,-170519.53822,2.9103830456733704e-11,116.32835994165653,86.55723952031757,0.016207311292951526,0.09104590828599832,0.09247720992206161,False,10.093634974548934
2019-12-31 12:00:00,-344427.46157,-170477.76817,5.820766091346741e-11,116.3335627418291,86.5587148028331,0.018639204239332064,0.09450874420882106,0.09632924097388032,False,11.156805593338845
2019-12-31 12:30:00,-344255.86523,-170428.75064,1.3015628661377063e-10,116.33836388046204,86.56028711148385,0.01877977951273913,0.1014465310189099,0.10317014478189776,False,10.487864707129972
2019-12-31 13:00:00,-344070.17103,-170376.32493,5.820766091346741e-11,116.34364718728264,86.5619861081592,0.02226905760338203,0.1063198122697152,0.10862694604751728,False,11.829786640028374
2019-12-31 13:30:00,-343877.28801,-170330.7462,0.0,116.35032817824187,86.56371555585763,0.027257868308955265,0.10936305860371444,0.11270878391637373,False,13.995361122582551
2019-12-31 14:00:00,-343673.81631,-170289.50722,8.231806349783991e-11,116.35829903482563,86.56551268402964,0.03194896268279132,0.1122584377155877,0.11671629301366145,False,15.886452849007071
2019-12-31 14:30:00,-343464.10771,-170254.37774,5.820766091346741e-11,116.36751037285323,86.56733549476672,0.03486073263453247,0.11204429728575604,0.11734221420305327,False,17.282667140064405
2019-12-31 15:00:00,-343256.68349,-170222.80654,5.820766091346741e-11,116.37705643914549,86.56912572368866,0.03823755184113828,0.10857019669185795,0.11510689805790295,False,19.401854589078653
2019-12-31 15:30:00,-343052.78982,-170204.05495,6.507814330688532e-11,116.38809589166551,86.57083649211536,0.04091034086427681,0.10546575642342494,0.11312241938535667,False,21.20135521404177
2019-12-31 16:00:00,-342851.11029,-170185.99112,5.820766091346741e-11,116.39909121297575,86.57252662848798,0.04247592071911728,0.10391545275583787,0.11226141439687774,False,22.23251575064063
2019-12-31 16:30:00,-342649.71686,-170174.69152,5.820766091346741e-11,116.41098561528989,86.57418739216259,0.04365813347671351,0.1016231409574558,0.1106042286566362,False,23.24875608183845
2019-12-31 17:00:00,-342453.54135,-170164.02646,8.231806349783991e-11,116.42262879335705,86.57580362178612,0.04343223161016532,0.10151077109865585,0.11041193500560864,False,23.164065273389895
2019-12-31 17:30:00,-342252.87655,-170152.09779,6.507814330688532e-11,116.43441293207565,86.5774607555856,0.04054683249215752,0.10212080718422047,0.10987586124851907,False,21.655438925490557
2019-12-31 18:00:00,-342059.36339,-170131.07208,5.820766091346741e-11,116.44450924080873,86.5790966761891,0.03594206098436789,0.1034644139919032,0.10952952437809614,False,19.156497388661762
2019-12-31 18:30:00,-341861.75586,-170102.07725,5.820766091346741e-11,116.45381833988849,86.58079712367339,0.026799627767929345,0.10324648042709685,0.10666796974294795,False,14.551104817769556
2019-12-31 19:00:00,-341683.6151,-170051.87091,0.0,116.45898375066756,86.58242603842703,0.026701076716603246,0.10874306050297468,0.11197321423170607,False,13.795636650483061
2019-12-31 19:30:00,-341468.45779,-170013.70804,1.1641532182693481e-10,116.46825128357614,86.5843036671897,0.029897445617895493,0.12013282116036916,0.12379722119023617,False,13.97528723369328
2019-12-31 20:00:00,-341248.49742,-169955.4637,0.0,116.47514932591038,86.5862999097348,0.023098569627887616,0.12425905235775063,0.12638772096885278,False,10.530540277344983
2019-12-31 20:30:00,-341030.96672,-169888.71709,5.820766091346741e-11,116.48074808728056,86.58831058091683,0.016002400771708503,0.1277460256369264,0.1287444130690285,False,7.140095862088913
2019-12-31 21:00:00,-340811.17346,-169801.9666,5.820766091346741e-11,116.48381116043338,86.5904192663304,0.01179733413709605,0.1375572903026497,0.13806225120629367,False,4.901866619380712
2019-12-31 21:30:00,-340568.78776,-169705.89595,0.0,116.48713915088861,86.59274630014635,0.01212333331700935,0.14987826148349623,0.15036777738608287,False,4.624465372776001
2019-12-31 22:00:00,-340308.782,-169600.38661,0.0,116.49038303960505,86.59525228990951,0.008067300710283137,0.159310061813027,0.15951419101641276,False,2.8989242169983527
2019-12-31 22:30:00,-340042.5312,-169476.07353,5.820766091346741e-11,116.49151394435465,86.59788346556796,0.0022893968798701064,0.16334531935556043,0.16336136230285173,False,0.8029871391826191
2019-12-31 23:00:00,-339778.80673,-169345.45743,5.820766091346741e-11,116.49162515150165,86.60051956953426,-0.0010707655312482828,0.1682876531900067,0.16829105964079874,False,359.6354484910703
2019-12-31 23:30:00,-339502.02812,-169202.38028,0.0,116.49093152600275,86.6033101120574,-0.00288746608173307,0.17646307592923494,0.17648669815819007,False,359.0625525702755
2020-01-01 00:00:00,-339214.87624,-169052.78917,0.0,116.49005488102345,86.60620983848631,-0.0036670648532233507,0.1787568772026448,0.17879448680504434,False,358.8247843857912
2020-01-01 00:30:00,-338931.95427,-168903.52547,0.0,116.48893561964759,86.60907434279842,-0.00293958268914446,0.17735758935810023,0.17738194848772754,False,359.0504479558863
2020-01-01 01:00:00,-338648.13705,-168758.53632,0.0,116.4884542738451,86.61192894368645,-0.0016803143010491878,0.1757453355634816,0.17575336818528134,False,359.452207457297
2020-01-01 01:30:00,-338368.38547,-168615.92359,2.9103830456733704e-11,116.48801965111487,86.61474145397894,-0.0018777385698775378,0.17272127016595812,0.172731476777913,False,359.3771337094063
2020-01-01 02:00:00,-338094.6269,-168475.15815,2.9103830456733704e-11,116.48742966634138,86.61749853592744,0.00035120721864524695,0.17145602242654867,0.17145638212922723,False,0.11736340861148165
2020-01-01 02:30:00,-337815.37037,-168341.76453,5.820766091346741e-11,116.48821254683956,86.6202702425241,0.003483738442067022,0.16998703044822716,0.17002272481682926,False,1.174063521335313
2020-01-01 03:00:00,-337541.31903,-168213.44353,1.1641532182693481e-10,116.48933374798203,86.62297995083979,0.003673472991333096,0.16601204644776407,0.166052684319142,False,1.2676197968454517
2020-01-01 03:30:00,-337274.57061,-168087.0331,5.820766091346741e-11,116.49022146515772,86.62562347632952,0.004879157363520681,0.16383678776996835,0.16390942377837722,False,1.7057983615570151
2020-01-01 04:00:00,-337005.59594,-167966.08143,1.3015628661377063e-10,116.49200508224646,86.62826303573694,0.005585635806617861,0.16555342783382085,0.16564762840104985,False,1.9323792322298345
2020-01-01 04:30:00,-336732.18972,-167839.1739,0.0,116.49328081254126,86.63096191412465,0.0024667217524555612,0.16978866463977577,0.16980658219386632,False,0.8323453370020388
2020-01-01 05:00:00,-336454.58361,-167701.35965,1.1999816708318134e-10,116.49335643593218,86.63373803892749,-0.0016337616986288744,0.1733142978932518,0.17332199811771942,False,359.4599125480485
2020-01-01 05:30:00,-336176.40345,-167555.57789,8.231806349783991e-11,116.4923835337889,86.63655059923978,-0.006377451144716814,0.17313037937511008,0.1732477998292411,False,357.89039971180324
2020-01-01 06:00:00,-335907.00292,-167402.78437,2.9103830456733704e-11,116.48985309426239,86.63932078681447,-0.012212888027887732,0.16234070735244754,0.16279944685924072,False,355.6977437670856
2020-01-01 06:30:00,-335672.94462,-167255.55016,2.9103830456733704e-11,116.48567052123697,86.64178541738221,-0.018674802355920547,0.15908590036030945,0.16017825051012077,False,353.3047944948508
2020-01-01 07:00:00,-335424.38436,-167087.19765,2.9103830456733704e-11,116.47958039252518,86.6444506425535,-0.02622965311054394,0.17138025502143323,0.17337585331732605,False,351.29843561260367
2020-01-01 07:30:00,-335162.80275,-166895.93602,0.0,116.47123076087067,86.64731170477873,-0.033743177204609655,0.1705152801471757,0.17382192833912383,False,348.80638848956335
2020-01-01 08:00:00,-334929.03444,-166704.83302,6.507814330688532e-11,116.46099050103072,86.64994903281877,-0.04011028927157289,0.16696209379183996,0.17171248081838553,False,346.4914873232688
2020-01-01 08:30:00,-334689.04951,-166498.83937,0.0,116.44911512237792,86.65269551493145,-0.04761232230169827,0.17619691140645197,0.18251653301587195,False,344.8785578601286
2020-01-01 09:00:00,-334437.46248,-166268.84653,0.0,116.43471603505841,86.655630607504,-0.05400908954162964,0.1839769015706311,0.1917406635657795,False,343.6396330024178
2020-01-01 09:30:00,-334182.5402,-166029.88734,2.9103830456733704e-11,116.41928658417518,86.65862797504795,-0.05703776606353436,0.18722867743302926,0.19572400059992587,False,343.057048904977
2020-01-01 10:00:00,-333925.19435,-165785.05779,0.0,116.40318700067355,86.66166792358233,-0.06131922315074613,0.1879280161971555,0.1976789983776965,False,341.9289607309369
2020-01-01 10:30:00,-333674.73519,-165531.31757,0.0,116.38535941324879,86.66468781778278,-0.06430056108220003,0.18814185242922957,0.1988263533613885,False,341.1312963209325
2020-01-01 11:00:00,-333421.31435,-165276.68921,2.9103830456733704e-11,116.36757952783944,86.66773468725451,-0.06527101706114655,0.1868351747575288,0.19790828227962773,False,340.7430978023903
2020-01-01 11:30:00,-333176.46373,-165022.0644,6.507814330688532e-11,116.34918141425038,86.67071242957205,-0.06724422466517281,0.18352158187493606,0.19545320863239643,False,339.87663821782365
2020-01-01 12:00:00,-332936.72182,-164766.52508,0.0,116.33027445451012,86.673652446949,-0.06885406348778625,0.1807359684839609,0.19340727070773583,False,339.14491465706107
2020-01-01 12:30:00,-332703.26121,-164511.31401,5.820766091346741e-11,116.31094967946576,86.67654036226963,-0.06970037144256915,0.17763650914356846,0.1908215689065185,False,338.5761300681728
2020-01-01 13:00:00,-332474.69959,-164258.14897,6.507814330688532e-11,116.29153945387459,86.6793804375993,-0.06968924020983785,0.1764722315269404,0.1897341263482206,False,338.4508365392269
2020-01-01 13:30:00,-332244.80684,-164004.98691,2.9103830456733704e-11,116.27218753536415,86.68223080846751,-0.06930469964475994,0.17429468280725297,0.18756806190748818,False,338.31577428899607
2020-01-01 14:00:00,-332022.49087,-163756.68799,2.9103830456733704e-11,116.25295867129773,86.68500066447605,-0.06929066240589477,0.16898266072589777,0.1826371690610965,False,337.7041150497838
2020-01-01 14:30:00,-331809.55821,-163512.18194,5.820766091346741e-11,116.23358218169228,86.68767973698463,-0.06988689301405132,0.1632430239538541,0.17757382319687787,False,336.82347520065116
2020-01-01 15:00:00,-331606.55882,-163271.23846,6.507814330688532e-11,116.21398961511146,86.69026451029173,-0.0724396280525097,0.15864676405177658,0.17440268190737784,False,335.4581080352783
2020-01-01 15:30:00,-331412.3643,-163025.93901,6.507814330688532e-11,116.19315715455764,86.69279534954744,-0.0764337228573723,0.15416760347838063,0.17207487891062076,False,333.6285540318239
2020-01-01 16:00:00,-331230.00402,-162779.35532,6.507814330688532e-11,116.1713035274515,86.69523569020735,-0.08077958297682233,0.14800499348051654,0.168614409589089,False,331.37474807329414
2020-01-01 16:30:00,-331062.43322,-162529.94339,2.9103830456733704e-11,116.14801061708401,86.69756779953327,-0.08739971697453305,0.14405317271929996,0.16849340372170343,False,328.7540391620341
2020-01-01 17:00:00,-330903.14469,-162268.37809,2.9103830456733704e-11,116.12242146137353,86.699880685388,-0.09347704136215493,0.14145340702640438,0.16954947248870947,False,326.54196665041127
2020-01-01 17:30:00,-330753.38172,-162003.58933,1.3015628661377063e-10,116.09569421562425,86.70212898799795,-0.09882082588027682,0.13888959750936242,0.17045784207238068,False,324.5679087454605
2020-01-01 18:00:00,-330610.59862,-161728.95159,6.507814330688532e-11,116.06707576229837,86.70435917748767,-0.10357838064096829,0.13744312849919874,0.17210198868070226,False,322.997991410548
2020-01-01 18:30:00,-330472.76994,-161451.2122,0.0,116.037645643163,86.70656086449664,-0.10587606711480126,0.13585054103342636,0.17223562664783543,False,322.06868254138726
2020-01-01 19:00:00,-330338.48551,-161171.80323,0.0,116.0077000037959,86.70873970617016,-0.10814464584884878,0.1351846039067467,0.17311886540523802,False,321.3409766934777
2020-01-01 19:30:00,-330206.10139,-160887.9175,8.231806349783991e-11,115.97695711775916,86.71091990835927,-0.11202984381542122,0.13445545774757456,0.17501130255905611,False,320.19854625400865
2020-01-01 20:00:00,-330080.0008,-160597.2278,6.507814330688532e-11,115.94478938433232,86.71307521534011,-0.11620070575292514,0.13487068540453012,0.1780244528118697,False,319.2527579880177
2020-01-01 20:30:00,-329952.51915,-160299.33147,8.231806349783991e-11,115.91166127782071,86.7152688176537,-0.1199821032290403,0.13961465905701392,0.184086822230355,False,319.32488207268455
2020-01-01 21:00:00,-329816.66557,-159989.08103,0.0,115.87732272152031,86.71757708317847,-0.12060930984596964,0.14629748734280704,0.18960369306619504,False,320.49744256613
2020-01-01 21:30:00,-329668.15908,-159678.811,2.9103830456733704e-11,115.8437958138265,86.71998624040762,-0.11950405580883318,0.15066848612482187,0.1923075975251793,False,321.57999316730746
2020-01-01 22:00:00,-329516.04615,-159365.44858,6.507814330688532e-11,115.81002966399657,86.722435411039,-0.11925207937786574,0.1540871785770585,0.1948433140700063,False,322.262779160347
2020-01-01 22:30:00,-329355.69769,-159050.81399,0.0,115.77659459849143,86.72495482054812,-0.11849061492117255,0.15744322712716763,0.19704922124335963,False,323.0351500900622
2020-01-01 23:00:00,-329191.14667,-158734.8486,8.231806349783991e-11,115.74320631539364,86.72751219458644,-0.11690691887326925,0.16242677491574065,0.2001241736771693,False,324.2554899005235
2020-01-01 23:30:00,-329011.79435,-158417.74653,6.507814330688532e-11,115.71061262020201,86.73019232027696,-0.11513938314839306,0.16730421419998337,0.20309548897222307,False,325.46410665072085
2020-01-02 00:00:00,-328828.30236,-158100.09258,0.0,115.67816905436769,86.73290694288283,-0.11205890681199802,0.16869725807315794,0.20252398247442624,False,326.40548653272253
2020-01-02 00:30:00,-328639.26563,-157791.01753,0.0,115.64726420181746,86.73563202708608,-0.10823059440802556,0.16918496695159674,0.20084176509961124,False,327.3922386545803
2020-01-02 01:00:00,-328447.88765,-157485.22874,2.9103830456733704e-11,115.61693306196499,86.73836234081492,-0.10529870756668636,0.1684067926358721,0.1986168815109032,False,327.9837402182002
2020-01-02 01:30:00,-328256.48815,-157187.08367,2.9103830456733704e-11,115.58763791018742,86.7410623419629,-0.10362579168510164,0.1685958687094563,0.19789611327224269,False,328.423446032625
2020-01-02 02:00:00,-328061.58645,-156886.62854,5.820766091346741e-11,115.55820390708583,86.74379871370263,-0.10199523325422201,0.16964741902068425,0.19794765567432918,False,328.9849200852156
2020-01-02 02:30:00,-327863.93185,-156592.34441,0.0,115.52978561097578,86.74653265130308,-0.10058766291662821,0.16634868691163052,0.19439589390790354,False,328.8395010082379
2020-01-02 03:00:00,-327677.26726,-156301.77463,2.9103830456733704e-11,115.50110189105975,86.74916261490458,-0.09975987393095698,0.16041451281631275,0.1889043365537578,False,328.1230116561441
2020-01-02 03:30:00,-327497.3187,-156019.57008,5.820766091346741e-11,115.4731083368083,86.75170522845228,-0.09877089395689403,0.15518300324709805,0.18394959632962735,False,327.5240583031406
2020-01-02 04:00:00,-327325.84564,-155740.49373,2.9103830456733704e-11,115.4449418530911,86.75416647469613,-0.09907391141994007,0.15016113916689777,0.17989999344065183,False,326.5838118765774
2020-01-02 04:30:00,-327162.41493,-155465.24436,5.820766091346741e-11,115.41673339911593,86.75654715905824,-0.1001293777902725,0.1469512074154291,0.17782167937998894,False,325.7303279673123
2020-01-02 05:00:00,-327002.73709,-155187.86077,1.1999816708318134e-10,115.38792361407064,86.7589048825463,-0.10338374007787193,0.14546044015128584,0.1784571023005103,False,324.59728193361786
2020-01-02 05:30:00,-326848.90006,-154904.49064,6.507814330688532e-11,115.35781870077092,86.76123747364429,-0.10577049005172985,0.1452878780001686,0.1797107789187253,False,323.9451460229451
2020-01-02 06:00:00,-326693.16882,-154619.77347,2.9103830456733704e-11,115.32760585891522,86.76358966444116,-0.10838455432355494,0.1454472160793272,0.1813893720181591,False,323.30720756736025
2020-01-02 06:30:00,-326542.5396,-154327.81522,5.820766091346741e-11,115.29596468482367,86.76592735013573,-0.11190509668393522,0.1462863286413859,0.18418045664840896,False,322.5849860356096
2020-01-02 07:00:00,-326389.1743,-154030.51787,2.9103830456733704e-11,115.26369661236882,86.76830661886665,-0.11463384055114623,0.14852908920109037,0.18762144797013766,False,322.3392602212488
2020-01-02 07:30:00,-326235.10409,-153726.40119,0.0,115.23044871356895,86.77071660708509,-0.11526519472262492,0.1493851962411194,0.1886849277776113,False,322.3463238080286
2020-01-02 08:00:00,-326079.57072,-153425.91257,5.820766091346741e-11,115.19777215878182,86.77312352788516,-0.1155152432176545,0.15087934635603903,0.19002196865746723,False,322.5618489121846
2020-01-02 08:30:00,-325920.67189,-153118.86799,0.0,115.16433042275479,86.77558164807724,-0.11864528412645343,0.152613875813718,0.19330726457205843,False,322.1377431934035
2020-01-02 09:00:00,-325763.9237,-152805.70911,0.0,115.12981080752449,86.77804448408625,-0.1209319851299909,0.15332466048365012,0.19527671786443698,False,321.7360438002175
2020-01-02 09:30:00,-325605.83058,-152490.31522,6.507814330688532e-11,115.09500676334532,86.78052554643583,-0.12240788864039166,0.15385339685718824,0.1966076268253447,False,321.49375754551556
2020-01-02 10:00:00,-325449.23032,-152171.7287,5.820766091346741e-11,115.05958699161482,86.78300541663559,-0.12390508054101829,0.15443677365511943,0.19799794453700476,False,321.25982485497434
2020-01-02 10:30:00,-325291.12582,-151850.7574,0.0,115.02386926364903,86.78550529734292,-0.12271042111439251,0.15522430844508844,0.19786973841981878,False,321.6723561865708
2020-01-02 11:00:00,-325129.73872,-151535.06501,5.820766091346741e-11,114.98908171889032,86.78801060052149,-0.12155071054561292,0.15745240106466468,0.19891162317765998,False,322.33243925891105
2020-01-02 11:30:00,-324962.21377,-151214.68345,0.0,114.95397423021059,86.79058227878744,-0.12180506878236563,0.16074601833521104,0.20168231749883486,False,322.8470221609025
2020-01-02 12:00:00,-324790.07317,-150893.36015,0.0,114.91898495287045,86.79319379488925,-0.12134832981102597,0.1613277473991972,0.20187139279458274,False,323.05005981943714
2020-01-02 12:30:00,-324619.56436,-150573.79495,8.231806349783991e-11,114.88408409534483,86.79578422618965,-0.120806520119928,0.1597868199504586,0.20031485999138166,False,322.9089661917275
2020-01-02 13:00:00,-324451.24502,-150256.78415,5.820766091346741e-11,114.8493507822967,86.79834605489577,-0.11933214155319491,0.1576266048428252,0.19770257095431995,False,322.87224475035134
2020-01-02 13:30:00,-324285.17664,-149945.50888,6.507814330688532e-11,114.81524524857562,86.8008668429676,-0.11623923072145,0.1538557144785015,0.19282930180966965,False,322.92865946732263
2020-01-02 14:00:00,-324124.13205,-149644.50105,1.1641532182693481e-10,114.78224409920293,86.80330709281739,-0.11555010528051582,0.148278157872273,0.1879846773871025,False,322.07144998912247
2020-01-02 14:30:00,-323974.90122,-149344.08329,2.9103830456733704e-11,114.74848427755428,86.80564797146334,-0.11745614156025685,0.14333195558429518,0.1853105358090615,False,320.66643266648987
2020-01-02 15:00:00,-323832.54577,-149044.48124,5.820766091346741e-11,114.71433204427034,86.80792874241254,-0.11729922213649391,0.13901181681291702,0.18188840734762218,False,319.8420739198108
2020-01-02 15:30:00,-323696.8491,-148751.25297,5.820766091346741e-11,114.68061529876121,86.81013034515094,-0.11577008617987049,0.13244928348082732,0.175913403550381,False,318.84423333491054
2020-01-02 16:00:00,-323573.31317,-148466.68156,8.231806349783991e-11,114.6473021287395,86.81219950714926,-0.11442680051240196,0.12568267713658013,0.16996949140278933,False,317.6839525107564
2020-01-02 16:30:00,-323457.40432,-148188.15815,2.9103830456733704e-11,114.61431960157392,86.81418291978403,-0.11518607037082876,0.12101955827656866,0.16707352959978225,False,316.41472627495637
2020-01-02 17:00:00,-323349.94456,-147908.23169,0.0,114.58052406541147,86.81610168322923,-0.11963268758935608,0.11698093256031603,0.16732160207974844,False,314.35790673885106
2020-01-02 17:30:00,-323253.58664,-147621.33081,5.820766091346741e-11,114.5449213251172,86.81795483649061,-0.12140886682943403,0.11239784792341795,0.16544905307260913,False,312.79288652106845
2020-01-02 18:00:00,-323163.43909,-147342.56851,1.1641532182693481e-10,114.51005612152485,86.819725905518,-0.12116296633871262,0.10770841978993757,0.16211590947726698,False,311.63565395155604
2020-01-02 18:30:00,-323081.73043,-147063.59022,0.0,114.47455604562714,86.82142780269315,-0.12218576655209162,0.10365673987194948,0.1602313367253835,False,310.3097289561854
2020-01-02 19:00:00,-323006.03821,-146787.62612,1.1999816708318134e-10,114.4390591341795,86.82306824821343,-0.12147898684450611,0.1014909401810633,0.15829578384658216,False,309.8774362180807
2020-01-02 19:30:00,-322930.03138,-146514.28765,5.820766091346741e-11,114.40393289995035,86.82470032174713,-0.12192892713728326,0.10101663585237075,0.1583383212989812,False,309.6413357836801
2020-01-02 20:00:00,-322856.22661,-146237.64707,5.820766091346741e-11,114.3681374361958,86.82632543663027,-0.122886503967546,0.1019185846940501,0.15965115334191596,False,309.67135044018477
2020-01-02 20:30:00,-322778.3408,-145959.92242,5.820766091346741e-11,114.33241752290684,86.82798661704848,-0.12311853374552216,0.10452649854714371,0.16150530099712923,False,310.3309496197178
2020-01-02 21:00:00,-322695.98011,-145678.74707,2.9103830456733704e-11,114.296449207232,86.82969580958711,-0.12266870505855773,0.10819863756650891,0.16356820098048452,False,311.4135650655711
2020-01-02 21:30:00,-322605.02835,-145397.15973,2.9103830456733704e-11,114.2609528569868,86.8314754188052,-0.1186798524587962,0.11281823962580778,0.16374633605643768,False,313.54956069587524
2020-01-02 22:00:00,-322501.25686,-145122.35013,2.9103830456733704e-11,114.2272702557686,86.83333360955432,-0.11190572855930175,0.11746254183530375,0.16223544871204507,False,316.38781044356426
2020-01-02 22:30:00,-322384.72381,-144856.25537,5.820766091346741e-11,114.19568465045433,86.83526297436302,-0.10690205548971293,0.1205389392175048,0.16111388933176116,False,318.43122668379556
2020-01-02 23:00:00,-322263.16927,-144593.45893,6.507814330688532e-11,114.16488211240527,86.83722031672288,-0.09963856715904362,0.12426609359650041,0.15927933350953427,False,321.2767962979883
2020-01-02 23:30:00,-322123.40567,-144345.85669,0.0,114.13750063629513,86.83926993090806,-0.08638928433883004,0.13255376766686527,0.15822013073960128,False,326.906500924229
2020-01-03 00:00:00,-321954.87544,-144114.51165,0.0,114.114402678326,86.8414945084259,-0.07140280859533409,0.13372026045152036,0.15158980549669016,False,331.89905344535435
2020-01-03 00:30:00,-321789.04354,-143914.5611,0.0,114.0957515025739,86.84358171797949,-0.05702825545538075,0.1277283153605533,0.1398811798103273,False,335.940149787516
2020-01-03 01:00:00,-321618.93739,-143739.37083,0.0,114.08103599673616,86.84561306168573,-0.04225256602679271,0.12471186785322375,0.13167508997258523,False,341.28354343269257
2020-01-03 01:30:00,-321441.21924,-143592.50054,1.1999816708318134e-10,114.07101505053657,86.84760299892596,-0.02611594793334493,0.12054647112338067,0.12334299508588735,False,347.77599148091645
2020-01-03 02:00:00,-321261.05437,-143476.52747,2.9103830456733704e-11,114.06573815842388,86.8495000100667,-0.011855263023721661,0.11571100285612361,0.11631673758892772,False,354.1501273335373
2020-01-03 02:30:00,-321078.27156,-143383.66476,0.0,114.06406723203804,86.85133400723369,-0.0047305738907506695,0.11130410104553537,0.11140458356320264,False,357.5663170307454
2020-01-03 03:00:00,-320902.1281,-143297.59103,1.1641532182693481e-10,114.0629636527059,86.85308890884811,-0.001113798477386678,0.1058631351594747,0.10586899419963068,False,359.3972066162269
2020-01-03 03:30:00,-320731.91819,-143224.61073,0.0,114.0634143877469,86.85474746527714,0.0028305127021363147,0.10107714103688895,0.10111676538709144,False,1.6040625732925946
2020-01-03 04:00:00,-320565.7184,-143158.5251,0.0,114.06462615738835,86.85634804448868,0.003768571001197596,0.09803984949484446,0.09811225314079185,False,2.2013187619193104
2020-01-03 04:30:00,-320404.11831,-143093.07981,0.0,114.06562836456635,86.85790866585326,0.0045299435571715466,0.0952028556633963,0.095310566649751,False,2.724193888389948
2020-01-03 05:00:00,-320246.12855,-143033.6559,2.9103830456733704e-11,114.06728919359608,86.8594177666396,0.002425925813855756,0.0917712825986973,0.09180334103868057,False,1.5142312975479513
2020-01-03 05:30:00,-320098.90074,-142966.32329,2.9103830456733704e-11,114.06705412148986,86.86086774126701,0.00018560956158642644,0.08786368430791505,0.08786388035518526,False,0.12103554250904835
2020-01-03 06:00:00,-319957.04393,-142905.27335,0.0,114.0673986594844,86.86225084303307,-0.0008809794321612691,0.0857011915703503,0.08570571953690007,False,359.41103939727884
2020-01-03 06:30:00,-319818.49097,-142837.60788,2.9103830456733704e-11,114.06653502680794,86.8636310889704,-0.005196293496957268,0.08439765420457523,0.08455746863134904,False,356.47679381418874
2020-01-03 07:00:00,-319687.25221,-142764.29115,2.9103830456733704e-11,114.06433810680521,86.86497215688999,-0.007150539972028951,0.08315374935922232,0.08346062697097327,False,355.08512390791833
2020-01-03 07:30:00,-319555.65143,-142692.03817,2.9103830456733704e-11,114.06232249390756,86.86631229576501,-0.009089589122695769,0.08269869227271082,0.08319672069280104,False,353.7276761486433
2020-01-03 08:00:00,-319428.74959,-142613.02465,2.9103830456733704e-11,114.05898029813241,86.86763868616632,-0.013971039326113446,0.08399711973729748,0.0851510778793416,False,350.5565808676155
2020-01-03 08:30:00,-319300.03592,-142522.83456,5.820766091346741e-11,114.05408395960889,86.86902068781083,-0.01813566299589295,0.08626130440191002,0.08814712082319866,False,348.126996400708
2020-01-03 09:00:00,-319171.78737,-142426.82982,0.0,114.04828175730582,86.87042008496317,-0.021570906682324954,0.08953955010815295,0.09210122175448057,False,346.4550175206293
2020-01-03 09:30:00,-319037.3171,-142320.56303,0.0,114.04135303567224,86.8719077868541,-0.0215516726785627,0.09389193516720268,0.0963336394240667,False,347.0724334146781
2020-01-03 10:00:00,-318894.70652,-142218.26998,8.231806349783991e-11,114.03555727837957,86.87344753451411,-0.02045845366998204,0.09310159770941077,0.09532290292795201,False,347.6066102643108
2020-01-03 10:30:00,-318761.21069,-142116.78443,1.1641532182693481e-10,114.02926755776849,86.87490974198299,-0.021899041081208073,0.09270431984238794,0.09525575529969936,False,346.70897447417747
2020-01-03 11:00:00,-318621.9958,-142010.3674,5.820766091346741e-11,114.02261453282556,86.87643667928594,-0.022803545380661476,0.09756796185924164,0.10019734958218367,False,346.84499055675656
2020-01-03 11:30:00,-318473.80887,-141898.81143,2.9103830456733704e-11,114.01578367891474,86.87805570929974,-0.0208081290021443,0.10602617928359882,0.10804873403260086,False,348.8965554241797
2020-01-03 12:00:00,-318303.83073,-141786.59769,5.820766091346741e-11,114.01030482423977,86.87985537983775,-0.019986943806049318,0.10549297755489669,0.10736967093227076,False,349.2717695031747
2020-01-03 12:30:00,-318156.17293,-141678.55367,5.820766091346741e-11,114.00395248030104,86.88145720313567,-0.01926116263036734,0.10450062918256381,0.10626087655118023,False,349.5566668210262
2020-01-03 13:00:00,-317988.37098,-141570.21527,0.0,113.99889788938007,86.88322488695214,-0.016505170206374292,0.11243670746990225,0.11364169054626809,False,351.64889859082297
2020-01-03 13:30:00,-317810.55869,-141459.64305,0.0,113.99417187863224,86.88508259265438,-0.016481910661421996,0.11768593620836851,0.11883447715327096,False,352.0275821528475
2020-01-03 14:00:00,-317625.44038,-141343.72522,1.1641532182693481e-10,113.98912487800503,86.88701952679506,-0.015726257948705413,0.1200632508110876,0.12108880784116816,False,352.5377029377886
2020-01-03 14:30:00,-317438.68306,-141232.19084,5.820766091346741e-11,113.98484191790693,86.88895388913133,-0.012775817192582896,0.11707216801795929,0.11776720268972846,False,353.7720874025845
2020-01-03 15:00:00,-317259.06825,-141130.38235,0.0,113.98154094273399,86.89079437777363,-0.010145478565527416,0.11477887447034099,0.11522638916499063,False,354.9486674222064
2020-01-03 15:30:00,-317075.99313,-141030.87641,2.9103830456733704e-11,113.97881558988692,86.89265479200456,-0.008886508053479514,0.11354026491727784,0.11388749616560279,False,355.52472823330584
2020-01-03 16:00:00,-316898.60099,-140935.03844,1.1641532182693481e-10,113.97625914009632,86.89445534030374,-0.008986832264983008,0.11103731384256557,0.11140039595769552,False,355.3728378557985
2020-01-03 16:30:00,-316723.89705,-140838.88012,5.820766091346741e-11,113.97347079445976,86.89623504737095,-0.008567520688502223,0.11176782925903984,0.11209571833047771,False,355.6165858218991
2020-01-03 17:00:00,-316543.47924,-140743.37004,0.0,113.97116115529765,86.89805915027486,-0.012790546188531697,0.11351847081692464,0.11423677730229408,False,353.5713855353456
2020-01-03 17:30:00,-316369.18542,-140630.77391,0.0,113.9658533385001,86.89989529087899,-0.019429038852533595,0.11094639731848556,0.11263476651853335,False,350.0670304515991
2020-01-03 18:00:00,-316206.91693,-140517.21959,1.1641532182693481e-10,113.95958560342332,86.90163646457044,-0.02438748451454162,0.1100873050826673,0.112756215532942,False,347.5090703017245
2020-01-03 18:30:00,-316042.67352,-140389.60394,5.820766091346741e-11,113.95131461822874,86.90344489474502,-0.029538252257997423,0.11130634636106256,0.11515906862555772,False,345.13753975302996
2020-01-03 19:00:00,-315883.88719,-140257.36912,0.0,113.94196698311703,86.90522537798937,-0.0330184387322576,0.10982620274428809,0.11468222227331193,False,343.2669817973587
2020-01-03 19:30:00,-315729.5557,-140120.51788,0.0,113.9316089444377,86.9069860808992,-0.03588713541957524,0.10711060759221612,0.11296268741224527,False,341.4767064427952
2020-01-03 20:00:00,-315583.84565,-139982.86585,0.0,113.92053745538254,86.90867900416067,-0.03914042977065211,0.10635863994511921,0.1133319616595727,False,339.7961712003067
2020-01-03 20:30:00,-315436.68449,-139836.46432,5.820766091346741e-11,113.90822328359329,86.91041545291718,-0.043936513463171185,0.1090532630747979,0.11757138853717984,False,338.05596737428243
2020-01-03 21:00:00,-315289.04251,-139679.15942,1.1641532182693481e-10,113.89427131857423,86.91219525243964,-0.047701527082501034,0.11099690015191008,0.12081286160560752,False,336.744119564626
2020-01-03 21:30:00,-315140.90007,-139517.60312,0.0,113.87969067142681,86.91399438124817,-0.048621442156460866,0.11465126070871245,0.12453495982844023,False,337.01911301203376
2020-01-03 22:00:00,-314982.48805,-139352.01964,0.0,113.86517154457947,86.91589201797323,-0.05047353392004315,0.11964551599314681,0.1298561786117399,False,337.1271145883692
2020-01-03 22:30:00,-314820.51822,-139177.1694,0.0,113.84946323867591,86.91785215978427,-0.053144427610983695,0.12460104360869229,0.1354612500107478,False,336.9009420326385
2020-01-03 23:00:00,-314649.58408,-138995.66629,0.0,113.83332466289096,86.91990958873454,-0.05385257551517313,0.13022312806559955,0.14091899436487249,False,337.53290966467415
2020-01-03 23:30:00,-314470.03044,-138810.39957,0.0,113.81717079060267,86.92205101040429,-0.05229266965486702,0.13495597341747748,0.14473298884736657,False,338.81967299995574
2020-01-04 00:00:00,-314281.13795,-138627.25234,5.820766091346741e-11,113.80194653993408,86.92426105445256,-0.04852764496833326,0.1397700647926454,0.14795473408550633,False,340.853189589601
2020-01-04 00:30:00,-314080.15964,-138447.49052,1.1999816708318134e-10,113.78803120954238,86.92655770088389,-0.043510415110633166,0.14438326110966437,0.15079682460768573,False,343.22963055103025
2020-01-04 01:00:00,-313868.69703,-138274.26683,8.231806349783991e-11,113.77580067500517,86.9289164904456,-0.03864075822619576,0.14912360981464362,0.15404856117616092,False,345.47307617283377
2020-01-04 01:30:00,-313644.95877,-138103.75598,6.507814330688532e-11,113.76479345848024,86.93136597186538,-0.034002676392270434,0.15126165785994602,0.1550363542540163,False,347.33086444458104
2020-01-04 02:00:00,-313419.65716,-137942.79546,5.820766091346741e-11,113.75533661502857,86.93379369800432,-0.028169252832691498,0.15009419446117903,0.15271468173067815,False,349.3705390008238
2020-01-04 02:30:00,-313191.25137,-137793.27283,0.0,113.7478272466362,86.93620553402282,-0.02257198247984278,0.14810613841302717,0.14981629627209814,False,351.33456850167084
2020-01-04 03:00:00,-312964.34535,-137653.69798,5.820766091346741e-11,113.74173085470287,86.93856914911424,-0.017586063621142553,0.14645156353210093,0.14750366129247053,False,353.15264637830296
2020-01-04 03:30:00,-312734.13452,-137523.05221,5.820766091346741e-11,113.73721896557313,86.94092763206403,-0.011867832067171243,0.14389994425499336,0.1443885016009404,False,355.2853263843763
2020-01-04 04:00:00,-312507.32935,-137406.05516,1.1641532182693481e-10,113.73456708187008,86.94320897002638,-0.0068139191046877184,0.13874798757995432,0.13891520273552635,False,357.18846085826374
2020-01-04 04:30:00,-312286.76227,-137299.55096,6.507814330688532e-11,113.733102881124,86.94540133018795,-0.0035850431010181413,0.1330678463658598,0.13311613076740259,False,358.4567409154373
2020-01-04 05:00:00,-312073.9922,-137201.43631,5.820766091346741e-11,113.73239998971484,86.94749951766177,-0.002277965652246833,0.12593933817342862,0.12595993818303514,False,358.9637583565126
2020-01-04 05:30:00,-311875.02129,-137109.57331,8.231806349783991e-11,113.73172463463897,86.94946202830369,-0.0017377688280312414,0.11832710638401375,0.11833986625695242,False,359.15860646557906
2020-01-04 06:00:00,-311686.55307,-137024.27266,2.9103830456733704e-11,113.731348072766,86.95131477064595,-0.002429291873806985,0.11270245419993544,0.11272863275005462,False,358.7651855295049
2020-01-04 06:30:00,-311507.11945,-136938.28231,2.9103830456733704e-11,113.73025252839571,86.95309592176385,-0.005139641253169909,0.10768572411295352,0.10780830714718799,False,357.2674516188032
2020-01-04 07:00:00,-311339.10782,-136851.32441,2.9103830456733704e-11,113.72823211391758,86.95478690601075,-0.007870642690561036,0.10362930664457848,0.10392776439430687,False,355.6567257242604
2020-01-04 07:30:00,-311176.99295,-136762.2221,5.820766091346741e-11,113.72547858999833,86.95643726336269,-0.011504026354400551,0.10156353922936445,0.10221298901390857,False,353.5376928243921
2020-01-04 08:00:00,-311021.04397,-136666.29759,2.9103830456733704e-11,113.72125034203484,86.95806163609521,-0.015061461577222976,0.10019017414596156,0.10131593468078093,False,351.4508149298739
2020-01-04 08:30:00,-310868.59385,-136567.48294,2.9103830456733704e-11,113.71633359949428,86.95966771228666,-0.01788676821332276,0.09944198752752711,0.10103784123061019,False,349.80316416343857
2020-01-04 09:00:00,-310719.18507,-136463.3561,0.0,113.71038401894117,86.96126795751785,-0.021579330057383835,0.09922777083987817,0.10154712202508197,False,347.73077382428
2020-01-04 09:30:00,-310572.76535,-136352.71176,2.9103830456733704e-11,113.70321712640866,86.96286712321105,-0.023231015684185938,0.10199243753029572,0.10460467199456326,False,347.1685387678404
2020-01-04 10:00:00,-310416.60684,-136239.17645,2.9103830456733704e-11,113.69625676526022,86.96455651746459,-0.025418441217988447,0.10449574373987405,0.10754281758305276,False,346.3284042081673
2020-01-04 10:30:00,-310265.07255,-136117.73629,6.507814330688532e-11,113.68775032766959,86.96623638387956,-0.02791704850039544,0.10608093193080853,0.10969286994277369,False,345.25592507074595
2020-01-04 11:00:00,-310107.26703,-135993.71685,1.1999816708318134e-10,113.67926094767068,86.96797689932377,-0.028523754710674358,0.10940403299365173,0.113061253389792,False,345.387181504021
2020-01-04 11:30:00,-309945.6176,-135865.51767,1.1999816708318134e-10,113.67037498322473,86.9697639080905,-0.02805596293277001,0.1121877375906708,0.1156426630694666,False,345.959416855436
2020-01-04 12:00:00,-309777.91862,-135739.06684,2.9103830456733704e-11,113.66216112118138,86.97159418573266,-0.026099498896658052,0.11505831180963165,0.11798135004795918,False,347.2194674359312
2020-01-04 12:30:00,-309603.94066,-135613.2185,1.1641532182693481e-10,113.65445791383728,86.97347374747083,-0.023127637869313974,0.11717616137982882,0.11943676330647031,False,348.8347602965739
2020-01-04 13:00:00,-309424.93155,-135493.55442,6.507814330688532e-11,113.64804831754803,86.97537231403422,-0.020097757325040447,0.11873542015860765,0.12042433246540049,False,350.3928861651729
2020-01-04 13:30:00,-309241.40895,-135375.48559,5.820766091346741e-11,113.64218590835388,86.97730214392497,-0.017018371119128316,0.11912434811003159,0.12033384922036013,False,351.8696114847859
2020-01-04 14:00:00,-309056.64723,-135265.45245,0.0,113.63765063621422,86.97921325214914,-0.013446819563876625,0.11759931426237334,0.11836560172349019,False,353.4768808448023
2020-01-04 14:30:00,-308872.98081,-135161.39287,2.9103830456733704e-11,113.63396501728133,86.98109390536129,-0.010603845615133611,0.11633912001674312,0.11682136956952589,False,354.79210866150464
2020-01-04 15:00:00,-308688.25849,-135062.57843,1.1999816708318134e-10,113.63116390433869,86.98296437876206,-0.00813351954674782,0.11387634126303402,0.11416643657254225,False,355.91463593068505
2020-01-04 15:30:00,-308509.13989,-134970.23821,2.9103830456733704e-11,113.62898639011559,86.98476562166881,-0.0059937217346005475,0.10893692275177343,0.10910168577459138,False,356.8507550212804
2020-01-04 16:00:00,-308337.61381,-134885.62224,0.0,113.62749301387701,86.98647683156146,-0.003001268611784,0.10335977346549492,0.1034033383606086,False,358.336763774271
2020-01-04 16:30:00,-308172.5676,-134811.20784,0.0,113.62714763678059,86.98809824892234,0.00023596879682112604,0.09706387704414075,0.09706416387170472,False,0.13928960939557555
2020-01-04 17:00:00,-308017.13508,-134746.35487,2.9103830456733704e-11,113.62763814354123,86.9896064581281,0.0016826619657822964,0.09091232991148103,0.0909279004553886,False,1.0603448660814934
2020-01-04 17:30:00,-307870.2918,-134685.58497,5.820766091346741e-11,113.62817998767488,86.9910295303315,-0.00012062348432401171,0.08760953115434476,0.08760961419335823,False,359.92111346672266
2020-01-04 18:00:00,-307728.35567,-134619.54709,5.820766091346741e-11,113.6275635607929,86.99243124653846,-0.0029598921634737645,0.08381915202631174,0.08387139684081428,False,357.97756377937264
2020-01-04 18:30:00,-307598.10912,-134554.88471,6.507814330688532e-11,113.62636210819369,86.9937321044337,-0.004774300811645468,0.0806613038349637,0.08080247449550297,False,356.6126445344848
2020-01-04 19:00:00,-307469.20338,-134487.42424,6.507814330688532e-11,113.62463020185793,86.99503200128544,-0.004943354002353729,0.08002607240904956,0.08017860695978092,False,356.4652283263391
2020-01-04 19:30:00,-307341.2919,-134423.12854,6.507814330688532e-11,113.6233239981655,86.99631237794942,-0.0064742087580113815,0.07879326144826851,0.07905879728845809,False,355.30272774011576
2020-01-04 20:00:00,-307218.65777,-134352.40313,5.820766091346741e-11,113.62064873838659,86.99757252150667,-0.011154325914349589,0.07755145686610791,0.0783495210493295,False,351.8152070133659
2020-01-04 20:30:00,-307101.58675,-134274.47353,2.9103830456733704e-11,113.61646187867548,86.9988128557717,-0.014936748415042379,0.07632370284215667,0.07777155051014545,False,348.92701380738833
2020-01-04 21:00:00,-306988.44652,-134193.06002,6.507814330688532e-11,113.611456390686,87.00003341355236,-0.019240040162522523,0.07504911314060153,0.07747611585931687,False,345.6209852678227
2020-01-04 21:30:00,-306881.77095,-134102.79347,1.1641532182693481e-10,113.60461608604369,87.00123264416638,-0.020071819171511962,0.07717828596509148,0.0797456315378047,False,345.4219837690592
2020-01-04 22:00:00,-306762.78556,-134015.59309,2.9103830456733704e-11,113.5990946336773,87.00252186918803,-0.0210380544085698,0.07846362492740534,0.08123509198644689,False,344.99060556993254
2020-01-04 22:30:00,-306653.24519,-133920.30831,5.820766091346741e-11,113.59165259179235,87.00376252322046,-0.02481085154993539,0.07873066145283052,0.0825475342298796,False,342.5084935024594
2020-01-04 23:00:00,-306538.79087,-133820.30598,6.507814330688532e-11,113.5838005532822,87.00506036596254,-0.02382631201308991,0.08091478375615639,0.08434983920820871,False,343.5923133505963
2020-01-04 23:30:00,-306420.59958,-133725.15436,5.820766091346741e-11,113.576959760046,87.0063714511066,-0.02155288955793668,0.08275580511424536,0.08551637462149325,False,345.4021934456645
2020-01-05 00:00:00,-306296.77397,-133630.02999,2.9103830456733704e-11,113.5705035400219,87.0077286482515,-0.021183566317459046,0.08343535305471483,0.08608252796759107,False,345.7540731901403
2020-01-05 00:30:00,-306175.78731,-133535.14603,8.231806349783991e-11,113.5638845856772,87.00906163975367,-0.01984450737424215,0.0828786303405834,0.08522131095012223,False,346.5345772646488
2020-01-05 01:00:00,-306051.84969,-133445.26981,2.9103830456733704e-11,113.55824986378175,87.01040089217415,-0.018692169189486112,0.08524727664632262,0.0872725349959713,False,347.6324833237976
2020-01-05 01:30:00,-305921.37039,-133350.80447,2.9103830456733704e-11,113.55233662566395,87.0118102475564,-0.0175031966378026,0.08797579863535106,0.08970007267594281,False,348.7476680975396
2020-01-05 02:00:00,-305786.69899,-133260.95323,2.9103830456733704e-11,113.54743204124925,87.01323748057884,-0.015382852694309779,0.08959400642098296,0.09090499515196054,False,350.2575866138279
2020-01-05 02:30:00,-305647.81392,-133171.18085,0.0,113.54282443288768,87.01469900675777,-0.014098587149748019,0.0896400405961091,0.09074198056958602,False,351.0617407391533
2020-01-05 03:00:00,-305511.12942,-133085.52393,5.820766091346741e-11,113.5387099291332,87.01612772370353,-0.011402584586569377,0.08752136238847315,0.08826102089591029,False,352.57711815712156
2020-01-05 03:30:00,-305375.34822,-133007.71543,1.1641532182693481e-10,113.53576719403003,87.01752093868731,-0.006529129859379042,0.08482203106652784,0.08507294805619263,False,355.59836806047934
2020-01-05 04:00:00,-305240.55865,-132942.03788,5.820766091346741e-11,113.53466759919672,87.0188626204989,-0.0022424506840751264,0.08100259183652449,0.08103362554708442,False,358.4142463890197
2020-01-05 04:30:00,-305111.21886,-132883.87338,0.0,113.53437828734177,87.02013268262492,0.0006026106683003629,0.07721907699026449,0.07722142831394628,False,0.44712198648210233
2020-01-05 05:00:00,-304984.82665,-132833.02616,5.820766091346741e-11,113.53504149176263,87.02135237219296,0.0040829730712913515,0.07270695675077411,0.07282150938465796,False,3.214158423910419
2020-01-05 05:30:00,-304865.37747,-132792.83201,0.0,113.53691038263081,87.02247694944936,0.00790726238821958,0.06770991904444343,0.0681700662716506,False,6.66091313349898
2020-01-05 06:00:00,-304749.98302,-132761.78266,0.0,113.53994664158962,87.02353551923595,0.0095441606175434,0.06449205264530157,0.06519444651423781,False,8.418086331158918
2020-01-05 06:30:00,-304638.80438,-132731.60515,2.9103830456733704e-11,113.54283252143728,87.02455634629275,0.009027142898088494,0.06084676920474908,0.061512751780086306,False,8.43876899434781
2020-01-05 07:00:00,-304536.18715,-132704.07984,2.9103830456733704e-11,113.54554984739586,87.02549738192525,0.009146154588979436,0.05710104194943574,0.0578288953333602,False,9.100048436215673
2020-01-05 07:30:00,-304437.20202,-132679.67177,5.820766091346741e-11,113.54851156310586,87.02639743524665,0.008434289491107477,0.05601093040449638,0.056642400761241954,False,8.563426769967464
2020-01-05 08:00:00,-304339.20893,-132651.35464,8.231806349783991e-11,113.55078822516208,87.02730332462738,0.005754099675208379,0.054919974677536954,0.05522058748015574,False,5.981196516955947
2020-01-05 08:30:00,-304247.68145,-132619.66299,2.9103830456733704e-11,113.55208623679388,87.02816820221535,0.0033084331011876272,0.05290002507731238,0.05300338086165177,False,3.5786879846606894
2020-01-05 09:00:00,-304159.87386,-132586.17629,8.231806349783991e-11,113.55284417080337,87.02900896162646,0.001362541311602853,0.05179470923401382,0.05181262803083685,False,1.50690807244888
2020-01-05 09:30:00,-304074.79413,-132549.65069,6.507814330688532e-11,113.55293307229336,87.02983820032061,-0.00027817839466778155,0.05269246375436448,0.05269319804039488,False,359.6975222117073
2020-01-05 10:00:00,-303986.38423,-132509.45774,6.507814330688532e-11,113.55267109115852,87.03070790506271,-0.0004546694513577025,0.05353068412670975,0.05353261498734741,False,359.51336294980774
2020-01-05 10:30:00,-303898.79183,-132471.14469,6.507814330688532e-11,113.55265033563722,87.0315641698865,-0.0012643132246806278,0.052707219612507544,0.05272238127409651,False,358.6258823145893
2020-01-05 11:00:00,-303814.26411,-132429.46448,6.507814330688532e-11,113.55188424166741,87.03240732332311,-0.002633584728196376,0.05342948470290664,0.05349435114232833,False,357.17812616481064
2020-01-05 11:30:00,-303726.25676,-132385.59601,2.9103830456733704e-11,113.5510112497031,87.03328687568202,-0.002701625558551461,0.05765422423377547,0.05771748740769197,False,357.31713335121117
2020-01-05 12:00:00,-303627.88339,-132337.61687,8.231806349783991e-11,113.55020234414688,87.03426624544896,-0.002435790881021263,0.058614129921354556,0.05866471941170006,False,357.6203641787747
2020-01-05 12:30:00,-303536.32453,-132293.24761,0.0,113.54949440415231,87.03517674727019,-0.0011116449022421891,0.05783153088757224,0.05784221398934262,False,358.89878899300976
2020-01-05 13:00:00,-303438.62815,-132250.76638,0.0,113.5495100741452,87.03613088373214,-0.00010653588723519639,0.05984235973578593,0.059842454567326044,False,359.89799783491947
2020-01-05 13:30:00,-303338.98753,-132206.82183,5.820766091346741e-11,113.54942798486236,87.03710621920051,0.0009960380687699909,0.061844899603552946,0.061852919889104525,False,0.9226928082262589
2020-01-05 14:00:00,-303233.09641,-132165.09923,5.820766091346741e-11,113.55013122268393,87.03812492201283,0.003520072387946129,0.06389914279021128,0.0639960261183473,False,3.1531196884114934
2020-01-05 14:30:00,-303123.04698,-132126.52708,6.507814330688532e-11,113.55162325733771,87.03916649049329,0.004332735371031338,0.06337641634452953,0.0635243476508853,False,3.9109465918238016
2020-01-05 15:00:00,-303017.71402,-132088.23267,0.0,113.5528337945891,87.04016833988715,0.00613121609299986,0.06476264077404412,0.06505222095214691,False,5.408193456849347
2020-01-05 15:30:00,-302900.50436,-132053.59698,5.820766091346741e-11,113.55544965075119,87.04125460047528,0.008600499925662999,0.0678141364294113,0.06835733829398374,False,7.227926004399478
2020-01-05 16:00:00,-302781.55218,-132019.05095,6.507814330688532e-11,113.5582024897446,87.0423548393917,0.008886994509604219,0.06733363661214199,0.06791757718609906,False,7.518695899049192
2020-01-05 16:30:00,-302665.51925,-131986.0407,1.3015628661377063e-10,113.56099917079864,87.04342560709826,0.009577486488887964,0.06449842133787465,0.06520563321157792,False,8.446234825976717
2020-01-05 17:00:00,-302554.93263,-131957.84165,6.507814330688532e-11,113.56418544259056,87.04443443003031,0.01090179150659109,0.06146776513625232,0.06242703908482812,False,10.057274089560565
2020-01-05 17:30:00,-302446.99775,-131933.55045,5.820766091346741e-11,113.56781174838615,87.04540748094945,0.01078331598091587,0.05616245742750839,0.05718829887171822,False,10.868647497121515
2020-01-05 18:00:00,-302354.09099,-131912.58311,1.1641532182693481e-10,113.57092578662949,87.04624524992728,0.00927791569564311,0.051538220465815014,0.052366667723260894,False,10.205089321449861
2020-01-05 18:30:00,-302263.58402,-131889.97069,1.3015628661377063e-10,113.57361288822031,87.04706920305726,0.008032405948707142,0.04971776483474303,0.05036244320411428,False,9.177410353154585
2020-01-05 19:00:00,-302178.47923,-131867.50608,6.507814330688532e-11,113.57594953847945,87.04784827535903,0.005095262063032109,0.053324850981870536,0.05356772748334274,False,5.458118948051208
2020-01-05 19:30:00,-302080.30159,-131830.00162,5.820766091346741e-11,113.5768002257349,87.04878853090422,0.002199796439833989,0.05213175145990765,0.05217814307403331,False,2.4162687947052177
2020-01-05 20:00:00,-302003.30355,-131799.6987,5.820766091346741e-11,113.57732606809797,87.04952913247246,-0.0016259049831197601,0.046844364666495775,0.04687257266271792,False,358.01213844096765
2020-01-05 20:30:00,-301928.08096,-131757.1834,2.9103830456733704e-11,113.57578191767665,87.05029890809685,-0.006426669634506575,0.047136697384702164,0.04757278973245185,False,352.23610109944553
2020-01-05 21:00:00,-301857.02884,-131710.62347,5.820766091346741e-11,113.57330186645503,87.05104893417526,-0.009192109935683625,0.04797579035891684,0.04884845284788897,False,349.1536391081994
2020-01-05 21:30:00,-301783.0152,-131657.78166,2.9103830456733704e-11,113.57002468161818,87.05184576356436,-0.011071987065865839,0.04902650336422926,0.05026118711003037,False,347.2739915949405
2020-01-05 22:00:00,-301711.19654,-131603.51454,5.820766091346741e-11,113.56636556468764,87.05262966779402,-0.01359043052408308,0.04515404646525764,0.04715493308251614,False,343.24929603620245
2020-01-05 22:30:00,-301653.57905,-131547.94551,5.820766091346741e-11,113.56150835178505,87.05330163601772,-0.017928408393996176,0.03698924599442032,0.04110513528475064,False,334.1408820079672
2020-01-05 23:00:00,-301614.93641,-131491.12406,6.507814330688532e-11,113.55512847328157,87.05382228379958,-0.016881769243822016,0.0326035526787011,0.03671492584868575,False,332.6253644761033
2020-01-05 23:30:00,-301570.27357,-131445.32927,8.231806349783991e-11,113.55092578792221,87.05435286442155,-0.016627558077229904,0.03200298349200309,0.036064756203266865,False,332.5452921805785
2020-01-06 00:00:00,-301533.2397,-131390.21674,0.0,113.54470272119195,87.05485412846612,-0.021192927847946887,0.03345557809594729,0.03960323088464262,False,327.64718469941755
2020-01-06 00:30:00,-301490.33724,-131327.27482,0.0,113.53763527132222,87.05543154855064,-0.021783200822045094,0.037425210552612956,0.043303050965964957,False,329.7986184333225
2020-01-06 01:00:00,-301441.03576,-131264.51697,2.9103830456733704e-11,113.53103966616459,87.05606081095746,-0.02056530288336098,0.04089926432682555,0.045778614058967756,False,333.3054610403052
2020-01-06 01:30:00,-301384.90177,-131200.6123,2.9103830456733704e-11,113.52473331590313,87.05675024154364,-0.01915922524347847,0.04306091420946877,0.047130862972001385,False,336.014136469151
2020-01-06 02:00:00,-301326.43076,-131139.40111,6.507814330688532e-11,113.51901720225868,87.05744920206065,-0.017979840932766167,0.04280755117088533,0.046430174641234556,False,337.2168326165993
2020-01-06 02:30:00,-301269.42633,-131079.76493,5.820766091346741e-11,113.5134481954532,87.05813046094259,-0.01716398516969856,0.04156657341890464,0.04497090629167731,False,337.56291885341363
2020-01-06 03:00:00,-301213.86835,-131023.04055,5.820766091346741e-11,113.508241720915,87.05878941013067,-0.016197063639730218,0.04248317224650447,0.04546608400418534,False,339.13023510566074
2020-01-06 03:30:00,-301152.43899,-130965.2904,6.507814330688532e-11,113.50327731620919,87.05950022148467,-0.015988825202961472,0.04344691500072889,0.04629553925003377,False,339.7959661452601
2020-01-06 04:00:00,-301093.39049,-130907.87999,1.173212913024843e-10,113.49819921899667,87.06019024220856,-0.01717821349057863,0.04342942072810502,0.046703378930294276,False,338.4190609464208
2020-01-06 04:30:00,-301033.71592,-130846.23891,6.507814330688532e-11,113.49248503590324,87.06090048670234,-0.015245208949428638,0.04246053513220239,0.045114448235844935,False,340.249618572657
2020-01-06 05:00:00,-300975.08044,-130796.61277,5.820766091346741e-11,113.48861972415118,87.0615592790201,-0.014647908091616108,0.04154268476451722,0.04404947069948155,False,340.5774018943551
2020-01-06 05:30:00,-300917.5718,-130738.26875,1.4551915228366852e-11,113.4832779336225,87.0622399155882,-0.01707177986752162,0.04070725189007827,0.04414211168813061,False,337.24783047336064
2020-01-06 06:00:00,-300865.16184,-130681.84867,8.231806349783991e-11,113.47788709549587,87.06287177720937,-0.018021274775428996,0.03669205780691788,0.040878765277803056,False,333.8420742161758
2020-01-06 06:30:00,-300822.26224,-130626.13847,7.275957614183426e-11,113.47194590531068,87.06342295165892,-0.019259636263130205,0.03199771574778368,0.03734685263933286,False,328.95598744018565
2020-01-06 07:00:00,-300787.11759,-130572.37018,2.9103830456733704e-11,113.46577415301824,87.06390345797506,-0.019592944377784707,0.029485259459804285,0.0354014688226766,False,326.39597630700393
2020-01-06 07:30:00,-300752.98082,-130519.16938,5.999908354159067e-11,113.45962123722573,87.0643736261293,-0.02112014481886366,0.028333645984510027,0.03533915692182419,False,323.2988352939253
2020-01-06 08:00:00,-300723.81654,-130462.01552,1.4551915228366852e-11,113.4524865747899,87.06481699566956,-0.023543199287110482,0.027001216320913096,0.03582384562664013,False,318.9138155577163
2020-01-06 08:30:00,-300697.53817,-130402.72926,5.820766091346741e-11,113.44480703849867,87.06524420528268,-0.02492443000677282,0.02567221937519619,0.035781141105486226,False,315.84673700986974
2020-01-06 09:00:00,-300674.72605,-130342.92445,6.507814330688532e-11,113.43680104289562,87.06564472606993,-0.02742073060000352,0.02390003170841972,0.0363745513003451,False,311.0755526356989
2020-01-06 09:30:00,-300657.85891,-130277.93729,2.9103830456733704e-11,113.42754806892417,87.06601478878336,-0.029179835727087274,0.023563288759483388,0.03750588474123221,False,308.92155384031753
2020-01-06 10:00:00,-300638.65682,-130212.81015,5.820766091346741e-11,113.4184325886987,87.06640446286588,-0.02997350352035471,0.02419413586890604,0.03851969786651762,False,308.9099175955662
2020-01-06 10:30:00,-300620.82058,-130144.30427,1.173212913024843e-10,113.40867745945204,87.06679485897453,-0.02928743801244827,0.02352392518980215,0.03756499809221888,False,308.7717337250381
2020-01-06 11:00:00,-300602.82868,-130082.40855,6.507814330688532e-11,113.39999175006454,87.06716293803285,-0.02943731399790316,0.02478289899043258,0.03848048255650038,False,310.0935978901112
2020-01-06 11:30:00,-300581.02741,-130011.61293,5.999908354159067e-11,113.39013935864422,87.06759390784565,-0.03101062559458904,0.027002775590336432,0.04111944539205083,False,311.04800609287577
2020-01-06 12:00:00,-300557.92638,-129941.35301,5.999908354159067e-11,113.38046036293801,87.06803357200185,-0.030084112941812485,0.028818349851456655,0.04165994646728055,False,313.7689526156321
2020-01-06 12:30:00,-300528.77827,-129871.03281,1.173212913024843e-10,113.37118858185127,87.06852308199277,-0.029476947987560526,0.03038534188633482,0.04233390442908381,False,315.86938107766133
2020-01-06 13:00:00,-300499.60908,-129800.55003,0.0,113.36188904333567,87.06901326583325,-0.029484475008985014,0.030392922361511348,0.042344586386317655,False,315.8692128975571
2020-01-06 13:30:00,-300470.42381,-129730.2036,1.4551915228366852e-11,113.35260942550966,87.069503020516,-0.029356214672421575,0.03106018688187702,0.04273783509994891,False,316.6155305347129
2020-01-06 14:00:00,-300438.84341,-129659.202,1.4551915228366852e-11,113.34338755329883,87.07001471870386,-0.028531970540533344,0.03133042735246633,0.04237533505488816,False,317.67652351687093
2020-01-06 14:30:00,-300407.5664,-129591.20426,0.0,113.33462444563057,87.07051318965038,-0.02785012443604438,0.03154822347709599,0.042082298364798786,False,318.56259623632786
2020-01-06 15:00:00,-300374.27252,-129522.15558,2.9103830456733704e-11,113.32582920211321,87.07103190602736,-0.025782735168073393,0.03620433664591896,0.044446635696282336,False,324.543623496595
2020-01-06 15:30:00,-300324.63549,-129454.36498,6.507814330688532e-11,113.31836658621923,87.07168051057018,-0.026826419607752554,0.04031949911160828,0.04842849158896229,False,326.36234826252036
2020-01-06 16:00:00,-300279.20654,-129376.01253,5.820766091346741e-11,113.30890912716293,87.07233188436199,-0.02845112801780346,0.03397681498785213,0.04431580578308572,False,320.0582413712346
2020-01-06 16:30:00,-300252.82984,-129311.90105,1.4551915228366852e-11,113.30041907072946,87.0727760088384,-0.027039401292442627,0.01726333843433272,0.03208040018690629,False,302.5562453262912
2020-01-06 17:00:00,-300260.63088,-129262.02676,1.4551915228366852e-11,113.29184975150818,87.0728884933739,-0.027257453321837943,0.0056709891620448215,0.0278411364650979,False,281.7528826534692
2020-01-06 17:30:00,-300272.8789,-129213.69868,1.4551915228366852e-11,113.28322061907416,87.07295885406212,-0.0276176441741817,0.005560063922993325,0.02817176921244891,False,281.3827946467262
2020-01-06 18:00:00,-300281.54451,-129162.78813,2.9103830456733704e-11,113.27442337054015,87.0730677612614,-0.028091262258284677,0.009564523882832536,0.02967489060416235,False,288.80270173615895
2020-01-06 18:30:00,-300281.20809,-129107.19427,2.9103830456733704e-11,113.26549457257774,87.07326723516607,-0.028090616140776667,0.012965792741514166,0.030938560027647766,False,294.77664209445743
2020-01-06 19:00:00,-300278.60729,-129051.44805,2.9103830456733704e-11,113.25669675657724,87.0734858091176,-0.02693343538166372,0.01763562956070485,0.03219356102484877,False,303.21620756323205
2020-01-06 19:30:00,-300261.16348,-128993.04399,0.0,113.24849665250497,87.07383585270112,-0.026857595222237185,0.01732962858354846,0.031963204594741085,False,302.83177696641246
2020-01-06 20:00:00,-300259.45073,-128937.98632,1.173212913024843e-10,113.23974535218042,87.07404455175804,-0.02797507070396297,0.013054293665512974,0.030871008470686204,False,295.01565003496717
2020-01-06 20:30:00,-300257.71934,-128881.96174,6.507814330688532e-11,113.23083829132106,87.07425675169019,-0.028608095922755185,0.014319312760773039,0.031991653134316136,False,296.589503608977
2020-01-06 21:00:00,-300252.70336,-128823.01419,1.243316182127096e-10,113.22168599269507,87.07450623707606,-0.026772111369638266,0.01701100149224182,0.03171939657303348,False,302.4318799123557
2020-01-06 21:30:00,-300239.44248,-128769.24407,1.173212913024843e-10,113.2139366024554,87.07480523569728,-0.026235589954317656,0.02109328081496817,0.03366352144072568,False,308.79910454548843
2020-01-06 22:00:00,-300220.14354,-128706.28136,5.820766091346741e-11,113.2051209813224,87.07518632457757,-0.027821506487744938,0.027512370789372225,0.03912757045485364,False,314.67990700428896
2020-01-06 22:30:00,-300187.87507,-128638.16344,6.507814330688532e-11,113.19636797596459,87.07569229754263,-0.026832353120388924,0.030904344921554607,0.04092742001406469,False,319.0342152296388
2020-01-06 23:00:00,-300155.92954,-128573.67194,5.999908354159067e-11,113.18817454370584,87.07618275500619,-0.02446350590894502,0.031599244452381645,0.039962174256643744,False,322.253676752808
2020-01-06 23:30:00,-300117.9847,-128512.41712,5.999908354159067e-11,113.1809149683252,87.07671113518359,-0.023444929737978827,0.03771050730531636,0.04440435892615816,False,328.1304465136667
2020-01-07 00:00:00,-300064.35546,-128442.64511,5.999908354159067e-11,113.17336174596348,87.07739862506517,-0.023676330978628878,0.042486534526831335,0.0486381975890268,False,330.8705318421777
2020-01-07 00:30:00,-300010.91468,-128373.87056,5.820766091346741e-11,113.16595296609708,87.07808099785579,-0.021128896800713705,0.04011581120755681,0.04533992268250522,False,332.2243365653655
2020-01-07 01:00:00,-299961.50624,-128315.90119,0.0,113.16000689454215,87.07869205779915,-0.01793952370270202,0.03631851067089111,0.040507539150526524,False,333.71293682496287
2020-01-07 01:30:00,-299916.10513,-128263.07027,0.0,113.15461143315753,87.07925199098067,-0.016115224343782805,0.03594569741879933,0.03939281176273568,False,335.85228691222176
2020-01-07 02:00:00,-299865.33785,-128211.67602,4.3655745685100555e-11,113.14981661049674,87.07985103036201,-0.013876639595230921,0.0370415633756044,0.03955551217927595,False,339.4628701455534
2020-01-07 02:30:00,-299813.13231,-128164.71218,6.507814330688532e-11,113.14583502187618,87.08044629700245,-0.010862771490946931,0.03846526188649197,0.039969690722608066,False,344.2300698686912
2020-01-07 03:00:00,-299753.38062,-128121.28705,1.243316182127096e-10,113.14294498673715,87.08109123958214,-0.008541171640215499,0.040467045648096035,0.041358595194623204,False,348.0817979835248
2020-01-07 03:30:00,-299691.2592,-128079.18173,5.999908354159067e-11,113.14043074716956,87.08175104556754,-0.007144237896077,0.042136246324644896,0.04273761094688019,False,350.3769661000021
2020-01-07 04:00:00,-299624.00179,-128038.0248,1.173212913024843e-10,113.13842360434506,87.08244980679048,-0.00571319697464363,0.045823428946338805,0.046178211962691215,False,352.8931208426784
2020-01-07 04:30:00,-299547.64697,-127995.44533,5.999908354159067e-11,113.13681414446874,87.08322849509918,-0.005519723656380721,0.049284147196981196,0.04959228280868424,False,353.6096204537378
2020-01-07 05:00:00,-299468.657,-127950.03759,2.9103830456733704e-11,113.13492839906813,87.0840388361909,-0.005324884478296035,0.043893458329493686,0.04421526974734177,False,353.08302864175977
2020-01-07 05:30:00,-299409.86955,-127915.73301,6.507814330688532e-11,113.13344168515202,87.08464371756837,-0.0037321936005730565,0.034878967468966085,0.03507807920587091,False,353.8923547684342
2020-01-07 06:00:00,-299358.46766,-127888.35111,6.507814330688532e-11,113.13256416423232,87.08516341146198,-0.0030657403040826106,0.029780257089311583,0.0299376431256298,False,354.12236827191373
2020-01-07 06:30:00,-299315.61626,-127863.46563,0.0,113.13149915332922,87.08560389827967,-0.0018560205628221828,0.0264296064984591,0.02649469592188237,False,355.98299545040135
2020-01-07 07:00:00,-299273.59517,-127844.82896,1.4551915228366852e-11,113.13138811217924,87.08601556040635,0.0008152359476874286,0.019353913885841633,0.019371076179473753,False,2.4120176947030245
2020-01-07 07:30:00,-299250.39059,-127838.7937,0.0,113.13201591902323,87.08622791066797,0.005128928815996914,0.010309432009397317,0.011514786109865414,False,26.450284438695917
2020-01-07 08:00:00,-299232.21144,-127847.22837,6.507814330688532e-11,113.13463917504428,87.08634795616534,0.008007031108543242,0.005299108108217523,0.009601723486736947,False,56.50313572628232
2020-01-07 08:30:00,-299221.52261,-127857.80586,2.9103830456733704e-11,113.1370913647622,87.08639876588471,0.008728143364491259,0.005299132863271373,0.010210842065849195,False,58.7367337360883
2020-01-07 09:00:00,-299202.32251,-127868.62646,2.9103830456733704e-11,113.14017196660093,87.08651881024667,0.00917536702333408,0.003193902562892559,0.009715367908326382,False,70.80723070907015
2020-01-07 09:30:00,-299197.96891,-127883.66116,5.999908354159067e-11,113.1429076607121,87.08650174517352,0.01135195115713792,-0.00460299139901135,0.012249666317635653,False,112.07157986114754
2020-01-07 10:00:00,-299201.49799,-127912.71755,5.820766091346741e-11,113.14736795620543,87.08637039423607,0.011815556436883095,-0.0031267835677639463,0.012222280858858063,False,104.82256580106622
2020-01-07 10:30:00,-299191.59836,-127927.19775,5.999908354159067e-11,113.15039761697487,87.08640093559434,0.012598613260612764,-0.005461009273705793,0.013731266452078936,False,113.4348576610106
2020-01-07 11:00:00,-299201.74341,-127962.1495,0.0,113.15535374950728,87.08619431252664,0.014369740486328626,-0.013529521405381731,0.019736701626743878,False,133.27499161335095
2020-01-07 11:30:00,-299216.03898,-127993.91402,5.820766091346741e-11,113.15950587758515,87.08596471747954,0.010775822216041476,-0.021626645223588987,0.024162577016094897,False,153.5144842037825
2020-01-07 12:00:00,-299258.06823,-128028.4364,5.820766091346741e-11,113.16218334608598,87.08549702659273,0.00858227934192923,-0.025535077262331517,0.02693873956769591,False,161.42262451311427
2020-01-07 12:30:00,-299288.40299,-128058.47768,6.507814330688532e-11,113.16494453276104,87.08514141040641,0.008721309771162035,-0.009222821600431811,0.012693371592999159,False,136.60091521885016
2020-01-07 13:00:00,-299276.24268,-128070.36284,5.999908354159067e-11,113.16770972960401,87.0851996625809,0.012110295175741413,-0.0006414669547650312,0.01212727212103535,False,93.03205112922927
2020-01-07 13:30:00,-299273.37392,-128099.46748,1.4551915228366852e-11,113.17261781647612,87.08512072080164,0.01699200352615277,-0.0015721105144904431,0.017064574864395526,False,95.2859918818375
2020-01-07 14:00:00,-299257.37465,-128128.82604,1.4551915228366852e-11,113.17847630675791,87.08514896974276,0.020176711759468082,-0.0008797513643847652,0.02019588225079049,False,92.49664731498444
2020-01-07 14:30:00,-299247.69604,-128167.48725,6.507814330688532e-11,113.18540201534395,87.08509234962719,0.01644181165822671,-0.008273565953415836,0.018406114858658288,False,116.71166936645443
2020-01-07 15:00:00,-299261.45017,-128194.9626,2.9103830456733704e-11,113.18889386593607,87.08488222768902,0.016505327958171473,-0.009629685136870647,0.01910907341662762,False,120.26052187795528
2020-01-07 15:30:00,-299256.16511,-128235.75661,4.3655745685100555e-11,113.1958591943851,87.08478185128985,0.018653641365608705,-0.007773905459455965,0.020208709565167873,False,112.62393426708536
2020-01-07 16:00:00,-299260.72398,-128267.71033,5.820766091346741e-11,113.20071170817194,87.08463159097475,0.0059004337000367136,-0.005023236250568511,0.0077490657680493675,False,130.40886030209765
2020-01-07 16:30:00,-299264.41816,-128262.40449,5.999908354159067e-11,113.1995974248091,87.08461990101388,0.0005188340038795372,-0.0003748510508508894,0.0006400797090251243,False,125.84763839943173
2020-01-07 17:00:00,-299261.22853,-128269.9587,2.9103830456733704e-11,113.20104038803115,87.084619504579,0.004597054063265919,0.0021448566942409023,0.0050728016223207184,False,64.98756084344063
2020-01-07 17:30:00,-299250.80135,-128274.57356,4.3655745685100555e-11,113.20250972158692,87.0846890558767,0.004060048489737583,0.004899714355352427,0.006363269167893738,False,39.64615212745997
2020-01-07 18:00:00,-299239.25772,-128276.44325,1.4551915228366852e-11,113.20361251303457,87.08477748256234,0.0016188744636675828,0.008385027122225677,0.00853987320570834,False,10.92749075113261
2020-01-07 18:30:00,-299220.76078,-128268.03677,5.820766091346741e-11,113.20353530564837,87.08495940811774,0.008954068595860598,0.0017861805014808868,0.009130486580859068,False,78.71857736493644
2020-01-07 19:00:00,-299220.6472,-128303.53696,1.4551915228366852e-11,113.20928539048339,87.08483505826666,0.021655035146071516,-0.008272753047148956,0.02318143632643812,False,110.90807973281642
2020-01-07 19:30:00,-299217.4099,-128351.42264,0.0,113.2172547715242,87.08469266285317,0.02511708601907331,-0.011548980335319557,0.027645016854310756,False,114.69324314263542
2020-01-07 20:00:00,-299223.21069,-128403.026,2.9103830456733704e-11,113.22519737832876,87.08446269392732,0.02220180065407806,-0.01176830046303839,0.025127929641571557,False,117.92630172285146
2020-01-07 20:30:00,-299224.82384,-128441.57886,5.999908354159067e-11,113.23131930276975,87.08431323832232,0.020507926679882663,-0.013940380519602651,0.024797364088522802,False,124.20613043314279
2020-01-07 21:00:00,-299240.20578,-128490.66384,5.820766091346741e-11,113.23818751668091,87.08401322104781,0.01735367219909654,-0.012748024196157011,0.021532813557440668,False,126.30103933162155
2020-01-07 21:30:00,-299242.34447,-128517.09103,0.0,113.24231122334437,87.08390222733198,0.010401122516683715,-0.0074620070993294905,0.012800972602013828,False,125.65653643746856
2020-01-07 22:00:00,-299250.11271,-128535.66986,0.0,113.24477511774803,87.08377263434168,0.00871060737510561,-0.010830519699711761,0.01389873511543726,False,141.1914992444498
2020-01-07 22:30:00,-299265.7936,-128561.29153,1.4551915228366852e-11,113.247827723298,87.08355302603744,0.0033030410600307864,-0.014201343132939281,0.014580405585021666,False,166.90656398437653
2020-01-07 23:00:00,-299292.39306,-128566.77477,1.4551915228366852e-11,113.24686715749252,87.08331475541536,-1.540060172746608e-05,-0.019468624753651412,0.019468630844952147,False,180.0453236583507
2020-01-07 23:30:00,-299330.21236,-128588.9035,0.0,113.24781776593738,87.08292531455525,0.0007225934032168042,-0.022822775310457143,0.022834211484042636,False,178.18656030644456
2020-01-08 00:00:00,-299366.85724,-128601.59496,1.173212913024843e-10,113.24732484438265,87.0825788989396,-0.004524960175191254,-0.018084343226640945,0.018641854374659757,False,194.0477958084916
2020-01-08 00:30:00,-299396.45983,-128599.63269,5.820766091346741e-11,113.24495331471952,87.08234223288396,-0.006548278051126138,-0.010470524830828484,0.012349568238114894,False,212.02190733159716
2020-01-08 01:00:00,-299410.79507,-128594.81112,5.820766091346741e-11,113.24317957678178,87.0822413071116,-0.004722858699592558,-0.006242545000872281,0.007827819772084217,False,217.10968508733896
2020-01-08 01:30:00,-299423.81872,-128592.87902,0.0,113.24196377375777,87.08214096012935,-0.003883364896118376,-0.002582207104666903,0.004663509027309448,False,236.37845248808165
2020-01-08 02:00:00,-299424.85338,-128585.63386,1.4551915228366852e-11,113.24072148181774,87.08215805099778,-0.006399871749682692,0.0068814372780895035,0.009397475055815072,False,317.0765716807075
2020-01-08 02:30:00,-299410.14705,-128561.93365,0.0,113.23791264591634,87.08236283010795,-0.008857789435556094,0.013009287456672203,0.01573855119809247,False,325.749756594512
2020-01-08 03:00:00,-299394.40076,-128537.85462,1.1641532182693481e-10,113.23511434915066,87.08257749929234,-0.00764829583698011,0.011032354516152105,0.013424204832317967,False,325.26795802256856
2020-01-08 03:30:00,-299384.51408,-128520.9646,0.0,113.23307090192364,87.0827185392851,-0.004508303636215272,0.005982009360806749,0.007490609966424057,False,322.9967241416291
2020-01-08 04:00:00,-299381.01411,-128514.44579,0.0,113.23226025653929,87.0827703740853,-0.0004903038617751535,-0.0008498540613209064,0.000981147186927256,False,209.98181346245562
2020-01-08 04:30:00,-299388.02173,-128520.54947,1.4551915228366852e-11,113.23276048911957,87.08269113828925,0.0016480225998413006,-0.0031374487366303445,0.0035439473845658353,False,152.288187971296
2020-01-08 05:00:00,-299389.0527,-128524.35301,1.4551915228366852e-11,113.2333036083675,87.0826692157713,0.0010469468673469753,0.0026338488467507895,0.00283430017651238,False,21.67766964406792
2020-01-08 05:30:00,-299377.82201,-128520.27247,5.820766091346741e-11,113.2334233014619,87.0827760595322,-0.0017453641103547008,0.007406399132171149,0.007609273551577694,False,346.7398224617919
2020-01-08 06:00:00,-299367.03052,-128508.06126,1.173212913024843e-10,113.2321985484322,87.08290801381418,-0.005584602831953794,0.008745326926431853,0.010376344820833603,False,327.43845697724834
2020-01-08 06:30:00,-299356.8221,-128489.3793,5.999908354159067e-11,113.22988743360685,87.08305802651573,-0.005756899514887084,0.008392619150727764,0.010177325200349528,False,325.5519072753834
2020-01-08 07:00:00,-299347.44082,-128477.09977,0.0,113.22855353333823,87.08317861200018,-0.003864917874599976,0.006535854602048578,0.007593088011904114,False,329.40244056349025
2020-01-08 07:30:00,-299340.68788,-128467.31359,0.0,113.22744021474173,87.083268757157,-0.005064918648488303,0.0064035814157228695,0.008164511979512056,False,321.6577327335773
2020-01-08 08:00:00,-299333.44749,-128451.25232,0.0,113.22534631326648,87.0833850762184,-0.008095403195014903,0.008683123393456438,0.011871486206699141,False,317.00614306542195
2020-01-08 08:30:00,-299323.45453,-128428.20486,0.0,113.22231381134218,87.08354871809718,-0.007839121613401084,0.005725981104962717,0.00970766126747746,False,306.14575860080697
2020-01-08 09:00:00,-299325.6315,-128417.18997,0.0,113.22038216147006,87.08356969692223,-0.007574496238809921,0.002495680774593391,0.007975049579809563,False,288.23626186180843
2020-01-08 09:30:00,-299325.94886,-128399.60324,0.0,113.21751700453159,87.08362918236494,-0.00906672151037248,0.005768820179300714,0.010746381958955217,False,302.46709141877375
2020-01-08 10:00:00,-299319.41314,-128379.00602,1.1641532182693481e-10,113.21464022224153,87.08375569638636,-0.013960724424052297,0.017822981429133203,0.02263979888310754,False,321.9284354671188
2020-01-08 10:30:00,-299286.79186,-128328.12238,1.4551915228366852e-11,113.20867462858446,87.08420382245252,-0.01953619749637841,0.023551993876906336,0.030599990656785103,False,320.32455493068795
2020-01-08 11:00:00,-299269.20315,-128280.95412,1.4551915228366852e-11,113.20226591970655,87.08451506212766,-0.021542908068013497,0.018065093775145598,0.028114844853416587,False,309.9819650639465
2020-01-08 11:30:00,-299257.57229,-128231.21842,0.0,113.19502756566467,87.08478627580206,-0.02450651426152938,0.01737722533643196,0.030042256933254463,False,305.3399184588825
2020-01-08 12:00:00,-299246.44961,-128175.22258,0.0,113.18673985848356,87.08507533483895,-0.028413887555554664,0.021642461564758412,0.03571757478611544,False,307.29601849115477
2020-01-08 12:30:00,-299226.22728,-128106.51418,0.0,113.17702384146814,87.08548406486798,-0.031964437824158635,0.02510764166879758,0.040646266194857845,False,308.1491642750944
2020-01-08 13:00:00,-299208.64624,-128033.86358,5.820766091346741e-11,113.16648410158041,87.08588485286681,-0.032194671244246936,0.023297832878979713,0.0397402299110361,False,305.8915650147119
2020-01-08 13:30:00,-299194.71393,-127966.96328,0.0,113.15661973199808,87.08623524414892,-0.029609855829960792,0.022117558690899895,0.036958489751564044,False,306.75848475116175
2020-01-08 14:00:00,-299177.35624,-127904.54464,0.0,113.14771575733633,87.08659797933903,-0.027580821166309895,0.02476421027028601,0.03706707172840751,False,311.91996677808044
2020-01-08 14:30:00,-299151.77151,-127840.62021,0.0,113.13913507755531,87.08703369888819,-0.029651242200623762,0.028367488255980827,0.04103547920998683,False,313.73244929110444
2020-01-08 15:00:00,-299125.39561,-127766.25663,0.0,113.12891555528148,87.08751259535877,-0.03556921876686638,0.0331054407088709,0.048591558199071634,False,312.9453328434725
2020-01-08 15:30:00,-299092.46906,-127676.04929,2.9103830456733704e-11,113.1165785721471,87.08810106918511,-0.03419359546785004,0.03719169831028516,0.050521524068680296,False,317.4049455652068
2020-01-08 16:00:00,-299050.58407,-127600.4777,1.4551915228366852e-11,113.10722834425066,87.0887117652659,-0.030554876756409714,0.036582800797998194,0.04766447112709218,False,320.13051733331054
2020-01-08 16:30:00,-299014.50574,-127523.19129,6.507814330688532e-11,113.09719467148435,87.08928057213484,-0.031768065297592456,0.03472447780776553,0.04706377940384834,False,317.54582636545206
2020-01-08 17:00:00,-298980.46101,-127446.24039,1.243316182127096e-10,113.08707090783646,87.08983135676868,-0.033773697310990516,0.0366049853319288,0.04980549749982556,False,317.30372920095533
2020-01-08 17:30:00,-298940.95908,-127359.66972,1.1641532182693481e-10,113.07575999062973,87.09046078462661,-0.03571175902410771,0.0418340030860271,0.0550037593878606,False,319.5141428133684
2020-01-08 18:00:00,-298892.29843,-127268.93636,5.999908354159067e-11,113.0644015217999,87.09118017468572,-0.03878498165734622,0.04311769862135116,0.057994919920302944,False,318.02816966480117
2020-01-08 18:30:00,-298852.84379,-127170.39347,5.999908354159067e-11,113.05113381520414,87.09185097108448,-0.04062966650259763,0.040963332099922145,0.05769544502680273,False,315.2343034850435
2020-01-08 19:00:00,-298813.87603,-127076.60666,1.4551915228366852e-11,113.03859865240004,87.09250092873167,-0.03922548755379473,0.040611696292639624,0.05646192300655818,False,315.99472359266724
2020-01-08 19:30:00,-298773.56594,-126983.2282,1.4551915228366852e-11,113.0262168807545,87.09316038074583,-0.04066804219518942,0.04150203774167378,0.05810601339535369,False,315.5815107426994
2020-01-08 20:00:00,-298733.63921,-126883.42536,2.9103830456733704e-11,113.01275918819712,87.09383903069141,-0.042543577878261206,0.043104413948435324,0.06056357420530712,False,315.375176111769
2020-01-08 20:30:00,-298690.61384,-126781.59602,2.9103830456733704e-11,112.99917960499758,87.09455015736216,-0.042931141226576916,0.04406725969321103,0.06152240456845939,False,315.7481872361643
2020-01-08 21:00:00,-298647.99375,-126679.1742,1.4551915228366852e-11,112.9854690886543,87.09525985114682,-0.04320768993969066,0.043769078708650974,0.06150314399222636,False,315.36980863935617
2020-01-08 21:30:00,-298606.2965,-126576.86801,5.999908354159067e-11,112.97170705396424,87.09596136454682,-0.045156154384465866,0.037621642829071905,0.05877470789337853,False,309.7992161363804
2020-01-08 22:00:00,-298586.74057,-126476.64536,1.173212913024843e-10,112.95675138300071,87.09647283726366,-0.048201085658312603,0.03438640100478478,0.05920953667021769,False,305.50386081178556
2020-01-08 22:30:00,-298559.99037,-126368.80429,2.9103830456733704e-11,112.94104614927235,87.09707004446197,-0.05318352239417948,0.03961573345052766,0.06631661474378382,False,306.6819600849659
2020-01-08 23:00:00,-298530.03226,-126244.73834,1.4551915228366852e-11,112.92291381280357,87.09775009555868,-0.05811106142896631,0.03947885479174962,0.07025293898527768,False,304.190973494247
2020-01-08 23:30:00,-298510.57178,-126120.76888,2.9103830456733704e-11,112.9040663220203,87.09834291395711,-0.058704276509966534,0.03327129961319923,0.06747719213563855,False,299.54287708034076
2020-01-09 00:00:00,-298501.94852,-126003.44929,1.4551915228366852e-11,112.8855492387269,87.09882283744138,-0.061294642506072736,0.03282744372561913,0.06953182193431975,False,298.17207328547977
2020-01-09 00:30:00,-298487.5087,-125871.51906,5.999908354159067e-11,112.86504471080556,87.09940130511941,-0.06550578277417737,0.03565456083933738,0.07458052886312702,False,298.55929289479684
2020-01-09 01:00:00,-298475.30899,-125736.28424,6.507814330688532e-11,112.84383941142033,87.0999724019972,-0.06757271871448017,0.03328866829806881,0.0753273373452501,False,296.2264586441755
2020-01-09 01:30:00,-298471.50821,-125600.8131,6.507814330688532e-11,112.82201080626372,87.10047458929222,-0.07050979737807785,0.032520136849020644,0.07764786427826992,False,294.75983391393015
2020-01-09 02:00:00,-298465.85662,-125456.91179,1.4551915228366852e-11,112.79892626149203,87.10102089391563,-0.07499885548867535,0.0346560841996635,0.08261883863057733,False,294.80110030996184
2020-01-09 02:30:00,-298461.11685,-125303.56686,1.4551915228366852e-11,112.77422931735754,87.10159193935456,-0.07822913113948005,0.03630109123102133,0.0862413252646369,False,294.89297211027065
2020-01-09 03:00:00,-298454.3784,-125146.65527,1.4551915228366852e-11,112.7490771602488,87.10219130627341,-0.07832958118576087,0.03901898771547587,0.0875100262317248,False,296.4796672614149
2020-01-09 03:30:00,-298440.619,-124989.19832,1.4551915228366852e-11,112.72430579363096,87.10285000055279,-0.07778725600073716,0.04269514102265189,0.08873405357059008,False,298.7610905640249
2020-01-09 04:00:00,-298420.7836,-124828.98412,0.0,112.69948792717506,87.10356788462389,-0.07943205198246378,0.04527453590349871,0.09142884929507765,False,299.68219627383917
2020-01-09 04:30:00,-298400.60505,-124662.49576,0.0,112.67365552190336,87.10430972201753,-0.08218145555207806,0.045931903954573215,0.09414632992076918,False,299.2011904596824
2020-01-09 05:00:00,-298382.25417,-124492.25448,0.0,112.64707137542374,87.10504880603138,-0.08370551368461411,0.046508579249910594,0.09575834671218136,False,299.05748924015813
2020-01-09 05:30:00,-298362.11607,-124319.92109,2.9103830456733704e-11,112.62025318902427,87.10580924822725,-0.08435777007466173,0.0477754887103989,0.09694705097880466,False,299.52477195241374
2020-01-09 06:00:00,-298340.29796,-124145.77616,1.4551915228366852e-11,112.59323880562096,87.1065891805725,-0.08550193842942386,0.04837764522164949,0.09823939144956453,False,299.50151064761195
2020-01-09 06:30:00,-298319.57757,-123968.82687,1.4551915228366852e-11,112.56567585811788,87.10736902870103,-0.08692116224829162,0.048995390722150714,0.09977893945422575,False,299.4089213440799
2020-01-09 07:00:00,-298297.49756,-123789.131,1.4551915228366852e-11,112.53774046133736,87.10816888221471,-0.08796037782040181,0.04900988370711717,0.10069258546334474,False,299.12573733251287
2020-01-09 07:30:00,-298277.98906,-123608.72717,6.507814330688532e-11,112.50949885734548,87.108949198868,-0.08829343232478394,0.04680383742035662,0.09993162356812971,False,297.92780372978564
2020-01-09 08:00:00,-298263.52731,-123430.98459,0.0,112.48133595166738,87.10967793424916,-0.08745209916413192,0.04591419876375916,0.09877238124258798,False,297.7004212757769
2020-01-09 08:30:00,-298245.64392,-123254.62078,1.4551915228366852e-11,112.4536171078102,87.11042957585688,-0.08767155537851802,0.046269335211103546,0.09913199787841472,False,297.8231949877834
2020-01-09 09:00:00,-298230.13104,-123075.67544,6.507814330688532e-11,112.42529946548842,87.11116973559386,-0.08949672458225277,0.0459107047804563,0.10058556817153155,False,297.157258534942
2020-01-09 09:30:00,-298215.77203,-122893.74697,1.4551915228366852e-11,112.3963992822576,87.11190981408444,-0.09003571612017823,0.04529562978813598,0.10078752033449971,False,296.70628845732426
2020-01-09 10:00:00,-298202.86368,-122713.8664,2.9103830456733704e-11,112.36772270252605,87.11263016265649,-0.09092031576354062,0.04425067758378703,0.10111689416297459,False,295.9520645677404
2020-01-09 10:30:00,-298193.01426,-122530.43823,5.999908354159067e-11,112.33824201267285,87.11333652332823,-0.09258514097759019,0.04432021239169382,0.10264642982727212,False,295.5802899816506
2020-01-09 11:00:00,-298181.96536,-122344.93067,5.820766091346741e-11,112.3084858615914,87.11405912699738,-0.09299957869710038,0.04477097018383059,0.10321512199789144,False,295.7066503827182
2020-01-09 11:30:00,-298170.98941,-122159.51712,5.820766091346741e-11,112.27872536778655,87.11478002781324,-0.09301240275023533,0.044389523748486245,0.10306181098733619,False,295.5124859853497
2020-01-09 12:00:00,-298161.03605,-121974.49893,0.0,112.2489462284679,87.11549033227736,-0.09151945476516835,0.04341774003296094,0.10129615367862431,False,295.38012805599647
2020-01-09 12:30:00,-298151.07053,-121795.39538,1.4551915228366852e-11,112.22012732654048,87.11617992584415,-0.09093842282743804,0.043712102645165,0.1008986851450669,False,295.6725715159105
2020-01-09 13:00:00,-298139.162,-121611.92289,1.173212913024843e-10,112.19070539765745,87.11689968074027,-0.09321595790308018,0.04587159962367459,0.10389137817847793,False,296.201812056269
2020-01-09 13:30:00,-298124.90866,-121422.30255,5.999908354159067e-11,112.16041279645236,87.1176588930729,-0.09528549434628018,0.0476569712829829,0.10653878328891339,False,296.5718932073546
2020-01-09 14:00:00,-298109.66059,-121229.51956,0.0,112.12964936806335,87.11843622179161,-0.09547109620735658,0.04959786445010739,0.10758567920055885,False,297.45217443955073
2020-01-09 14:30:00,-298088.98114,-121036.66406,5.820766091346741e-11,112.09922127892641,87.1192580336362,-0.09481307193475431,0.05337480035431855,0.1088043561745956,False,299.3772354913163
2020-01-09 15:00:00,-298060.03902,-120840.97972,0.0,112.06886185616882,87.12015713058844,-0.09411673312962773,0.05642046576424632,0.10973253123868079,False,300.9415606326221
2020-01-09 15:30:00,-298028.05077,-120646.35417,5.999908354159067e-11,112.03886205991667,87.12107714789836,-0.09101754194244663,0.05551918056929391,0.10661412829607009,False,301.3824936867219
2020-01-09 16:00:00,-297997.7253,-120462.26112,1.4551915228366852e-11,112.01047267926037,87.12194721700246,-0.0876578289160844,0.05548021053898049,0.10373981266481602,False,302.33045267155035
2020-01-09 16:30:00,-297961.14657,-120278.9325,0.0,111.98260991343658,87.12286594918443,-0.08680800364299118,0.05724310583868003,0.10398270367008108,False,303.4017359680986
2020-01-09 17:00:00,-297923.61221,-120095.33335,2.9103830456733704e-11,111.95474833213423,87.12379284405465,-0.08518654651118109,0.05588449976602531,0.1018814262787899,False,303.2658740958834
2020-01-09 17:30:00,-297889.20895,-119919.28335,0.0,111.92790969539527,87.12466779628193,-0.08418431121596581,0.05290112180024379,0.09942598726002581,False,302.1451080873319
2020-01-09 18:00:00,-297860.1219,-119743.07576,2.9103830456733704e-11,111.90067472064362,87.12549846710604,-0.08384080150866022,0.05121534636534899,0.09824607728015011,False,301.41926532840364
2020-01-09 18:30:00,-297830.72076,-119570.46702,7.275957614183426e-11,111.87404113883215,87.12631908997979,-0.08327430405648276,0.04872109259151408,0.09647981436239618,False,300.3305173160291
2020-01-09 19:00:00,-297809.04461,-119399.52462,6.507814330688532e-11,111.84715519011202,87.1270693209549,-0.08286117498297722,0.046189317471278454,0.09486531172152506,False,299.13661358528134
2020-01-09 19:30:00,-297787.3886,-119231.71209,5.999908354159067e-11,111.82077286946641,87.12780833201012,-0.08247654417169534,0.04437598110822413,0.09365686327132185,False,298.28219115241404
2020-01-09 20:00:00,-297771.10207,-119064.50163,5.820766091346741e-11,111.79412068159655,87.12850007936797,-0.08279938596738728,0.04134178247630163,0.09254664388779428,False,296.53298373311065
2020-01-09 20:30:00,-297759.8641,-118899.68308,5.820766091346741e-11,111.76751805192067,87.12914126938205,-0.08273566581404852,0.039125734439070484,0.09152056322537894,False,295.30948854144754
2020-01-09 21:00:00,-297750.74727,-118735.65696,5.820766091346741e-11,111.74089467432918,87.12976156538232,-0.08392048090061413,0.03700790703510402,0.09171822227730562,False,293.7968933950933
2020-01-09 21:30:00,-297748.01828,-118569.71004,5.820766091346741e-11,111.71351825480549,87.13033445523395,-0.08602618593260958,0.032328012829064286,0.09189997322952853,False,290.5958537642289
2020-01-09 22:00:00,-297757.20053,-118404.88,5.820766091346741e-11,111.68552947382717,87.13080386558694,-0.08955126887507518,0.027619313003515007,0.09371369274509539,False,287.1407567337735
2020-01-09 22:30:00,-297774.75078,-118233.40153,0.0,111.65587423897894,87.1312249109699,-0.09344996527586978,0.02420955440409739,0.09653496016732083,False,284.5239903955395
2020-01-09 23:00:00,-297800.34714,-118060.04295,0.0,111.62536733848793,87.13158440392831,-0.09526911670005139,0.023082858446216298,0.09802562395035326,False,283.6197892184647
2020-01-09 23:30:00,-297823.89791,-117883.94839,5.820766091346741e-11,111.59453241516532,87.13196913608698,-0.09887974075004859,0.022348034495240254,0.10137375289786438,False,282.73557550846454
2020-01-10 00:00:00,-297856.54971,-117699.45108,0.0,111.56169278533027,87.13230488993497,-0.10285622420674914,0.02311402926010136,0.105421350810478,False,282.66520747400386
2020-01-10 00:30:00,-297882.59011,-117508.99736,0.0,111.52828818587044,87.1327143585378,-0.10478638210460196,0.02449833865716613,0.10761205541914366,False,283.15900516888144
2020-01-10 01:00:00,-297912.9373,-117316.17333,0.0,111.49419699806025,87.13309474111172,-0.10618160775735538,0.024187078647174363,0.108901554623529,False,282.8324295034038
2020-01-10 01:30:00,-297941.63264,-117121.4232,2.9103830456733704e-11,111.4598841141749,87.13349418766902,-0.10615648992191293,0.025518709268023673,0.1091806066810728,False,283.51673254409764
2020-01-10 02:00:00,-297967.2531,-116926.8942,0.0,111.42579958542903,87.13391751782109,-0.1064506993828704,0.02574797515837652,0.10952036168612035,False,283.59737655235153
2020-01-10 02:30:00,-297995.33544,-116730.82437,1.173212913024843e-10,111.39128740041357,87.13432433662271,-0.10657042024529949,0.025336069407986175,0.10954072705759274,False,283.3732435091281
2020-01-10 03:00:00,-298022.25852,-116536.40264,1.4551915228366852e-11,111.35711585050042,87.13473440912374,-0.10651345286071477,0.025127711692715098,0.10943727671695745,False,283.2740143254316
2020-01-10 03:30:00,-298050.73185,-116340.76424,1.4551915228366852e-11,111.32263062382879,87.13513449040084,-0.10705267561575434,0.02573688567336782,0.1101029638141314,False,283.5181211437384
2020-01-10 04:00:00,-298076.0831,-116143.70349,0.0,111.28810142658511,87.13556421177574,-0.10762181969990839,0.02695696244063999,0.11094653622148672,False,284.0620491316124
2020-01-10 04:30:00,-298100.97106,-115944.52896,2.9103830456733704e-11,111.25323907684161,87.13600362169755,-0.10902499270006355,0.02884145690917094,0.11277534601983039,False,284.81759040194174
2020-01-10 05:00:00,-298121.58953,-115740.27065,1.4551915228366852e-11,111.21779381870577,87.13649409470439,-0.10970830289036566,0.03220487228528631,0.1143375070656861,False,286.3596014149887
2020-01-10 05:30:00,-298135.83069,-115534.39272,0.0,111.18247874361016,87.13704196901115,-0.10978030400366867,0.03558814912638643,0.11540464247758767,False,287.96145427035094
2020-01-10 06:00:00,-298144.93316,-115325.47027,2.9103830456733704e-11,111.14697350774934,87.13764151493956,-0.11167747719508378,0.03811204907917076,0.11800164065669418,False,288.84317674205704
2020-01-10 06:30:00,-298152.90704,-115109.93017,1.4551915228366852e-11,111.11041955163512,87.13827073709132,-0.11121159668898821,0.0415049042773722,0.11870415459110098,False,290.4659073120265
2020-01-10 07:00:00,-298149.74009,-114898.16235,0.0,111.07519905541245,87.13897974924514,-0.1095345672937786,0.04554073460847239,0.1186245334697449,False,292.57587390373317
2020-01-10 07:30:00,-298141.72319,-114683.02832,1.4551915228366852e-11,111.0397099048699,87.13973904355454,-0.10891570910078924,0.04828924277644752,0.11914060037136977,False,293.9107473497653
2020-01-10 08:00:00,-298128.257,-114469.79455,0.0,111.00487064154493,87.14053670044397,-0.10765105844181622,0.04808836453864761,0.11790352491611603,False,294.07059799778494
2020-01-10 08:30:00,-298119.02282,-114259.18309,5.999908354159067e-11,110.97017958445637,87.1412895023716,-0.10668863600442358,0.04783440393145413,0.11692132077581872,False,294.1493265963843
2020-01-10 09:00:00,-298104.91375,-114049.52558,2.9103830456733704e-11,110.93594289454964,87.14207897997692,-0.10534654983848775,0.050822308619544995,0.11696496319964052,False,295.75404371254297
2020-01-10 09:30:00,-298083.65571,-113839.59714,5.820766091346741e-11,110.90209983287714,87.14292811495515,-0.10482249053967277,0.052702680138384236,0.11732573041199713,False,296.6923476082236
2020-01-10 10:00:00,-298062.30186,-113629.30794,0.0,110.8681822469176,87.14377820486081,-0.10526820789781292,0.05261391062322318,0.11768440502074044,False,296.55625778249896
2020-01-10 10:30:00,-298041.66526,-113418.01931,5.999908354159067e-11,110.83403082018768,87.14462447269023,-0.10617585023028026,0.05147331403690715,0.11799497120667883,False,295.8637849910608
2020-01-10 11:00:00,-298025.05993,-113206.16175,8.231806349783991e-11,110.79950629876386,87.14543778322458,-0.10711878866836701,0.0494363527214275,0.11797621733288309,False,294.77377880953827
2020-01-10 11:30:00,-298012.22893,-112994.32625,1.1999816708318134e-10,110.76472526559986,87.14621837898031,-0.10894857445445641,0.04936339849894105,0.11960993682392566,False,294.3747563710565
2020-01-10 12:00:00,-297997.94736,-112776.4204,0.0,110.72899663107181,87.14702931573323,-0.10647506293372028,0.047492982207425025,0.1165869734820082,False,294.0391623073067
2020-01-10 12:30:00,-297987.99421,-112575.3134,0.0,110.6957992274994,87.14774971062003,-0.10493110590653507,0.04527551019428171,0.11428214563141956,False,293.3391564715997
2020-01-10 13:00:00,-297978.97331,-112365.44244,5.820766091346741e-11,110.66105054303051,87.1484890303407,-0.10524457662446436,0.04619719196911049,0.114937380580443,False,293.699111194363
2020-01-10 13:30:00,-297966.06444,-112162.12037,5.999908354159067e-11,110.62763333427512,87.14923922680647,-0.10812898657773277,0.04467528022882004,0.11699469390468575,False,292.4487768548313
2020-01-10 14:00:00,-297965.58835,-111944.47428,1.1641532182693481e-10,110.59099772081835,87.14992933991044,-0.11131549441239151,0.04342911590300145,0.11948735248716283,False,291.31296411923654
2020-01-10 14:30:00,-297960.64434,-111732.00005,1.1641532182693481e-10,110.55549873388107,87.15063949119602,-0.10994425380129791,0.044681559929697696,0.11867679108265178,False,292.11692109394926
2020-01-10 15:00:00,-297953.94676,-111517.39647,5.820766091346741e-11,110.51973361188153,87.15136994115367,-0.1108044834160631,0.04467686263534119,0.11947240518227524,False,291.959512325181
2020-01-10 15:30:00,-297949.83753,-111302.03518,5.820766091346741e-11,110.48365912852222,87.15207993934318,-0.10907856069567477,0.0437326263496597,0.11751882832499205,False,291.84722110458404
2020-01-10 16:00:00,-297943.87927,-111094.44849,1.173212913024843e-10,110.4489956699095,87.152779998227,-0.10827571392956158,0.04463122978827486,0.11711352141990286,False,292.4014478450581
2020-01-10 16:30:00,-297935.47327,-110880.67127,5.820766091346741e-11,110.41342339774768,87.15351889766981,-0.10873701153746795,0.04553866236509595,0.1178876899769507,False,292.72375704800584
2020-01-10 17:00:00,-297926.77103,-110670.39778,5.999908354159067e-11,110.37844338395942,87.15424825927126,-0.10674110618969473,0.04500922267155744,0.11584253914731639,False,292.863556920562
2020-01-10 17:30:00,-297917.39079,-110464.03034,1.4551915228366852e-11,110.34414837717996,87.15497009088408,-0.10578809366123385,0.04530009075083973,0.11507918570494101,False,293.181354667837
2020-01-10 18:00:00,-297906.2646,-110256.62054,2.9103830456733704e-11,110.30976896419847,87.15570880721836,-0.10429093318798915,0.048967166896668454,0.11521450507252896,False,295.15121402647617
2020-01-10 18:30:00,-297882.38458,-110050.738,1.4551915228366852e-11,110.27642759261498,87.15654890415607,-0.10379742789302863,0.04904509820734299,0.11480125302180459,False,295.2911014966643
2020-01-10 19:00:00,-297870.13904,-109844.91794,1.4551915228366852e-11,110.24235060828978,87.157290080906,-0.1039820827552935,0.047744801049450475,0.11441957682748312,False,294.66287104279183
2020-01-10 19:30:00,-297850.63612,-109640.05287,1.173212913024843e-10,110.20887020865135,87.1580882927537,-0.10437798110638818,0.05073510854239116,0.11605522038518448,False,295.923042058737
2020-01-10 20:00:00,-297828.54054,-109429.1952,1.173212913024843e-10,110.17451676297478,87.1589258385565,-0.10571171638036699,0.04934818387086916,0.1166628056898867,False,295.0240362918487
2020-01-10 20:30:00,-297815.13089,-109221.57025,5.820766091346741e-11,110.14015108073451,87.15967935866742,-0.10766645426654224,0.049062254647468426,0.11831808908794322,False,294.49816010653046
2020-01-10 21:00:00,-297796.1737,-109004.48161,5.820766091346741e-11,110.10450606210358,87.1605076469551,-0.10649684260494763,0.05272144927854088,0.11883235543761954,False,296.3377919009954
2020-01-10 21:30:00,-297768.68208,-108796.30288,5.820766091346741e-11,110.07088207092242,87.16137924445603,-0.11024993817483149,0.04876772564067074,0.12055430283369357,False,293.8616225389171
2020-01-10 22:00:00,-297767.48111,-108571.43563,5.820766091346741e-11,110.03277474198812,87.16207985837343,-0.11818267472782984,0.046783208191291774,0.12710551984274238,False,291.59638598850347
2020-01-10 22:30:00,-297756.1962,-108338.89339,0.0,109.99396791600641,87.16288758737954,-0.1191619930865784,0.05016652102414155,0.129291378011186,False,292.8308157273607
2020-01-10 23:00:00,-297744.44506,-108106.55707,5.999908354159067e-11,109.95520280100104,87.16369730914572,-0.12074458121948277,0.05023138464555474,0.1307763200938073,False,292.5879734733729
2020-01-10 23:30:00,-297734.57055,-107868.59558,1.1641532182693481e-10,109.91534301089095,87.16450709057591,-0.12187330186674912,0.048129264716750685,0.13103254492712418,False,291.54967263587696
2020-01-11 00:00:00,-297730.99142,-107635.0318,1.3015628661377063e-10,109.87582160829633,87.16524908514359,-0.12229876838137688,0.049344132262198664,0.1318780957411466,False,291.9726975440133
2020-01-11 00:30:00,-297717.19941,-107394.15234,6.507814330688532e-11,109.83566112119203,87.16609800194497,-0.12384845300760054,0.052695976080538255,0.13459310980676722,False,293.04914916203654
2020-01-11 01:00:00,-297703.83005,-107151.25849,1.4551915228366852e-11,109.7951074479446,87.16694807327737,-0.12483376326706559,0.054241251454243536,0.13610871320654036,False,293.485325145406
2020-01-11 01:30:00,-297685.66262,-106905.17691,2.9103830456733704e-11,109.75427976307674,87.1678468159349,-0.12309959463028144,0.05752452801771317,0.13587708240097107,False,295.0467176392589
2020-01-11 02:00:00,-297658.71057,-106664.18633,2.9103830456733704e-11,109.71483157799652,87.16880280228959,-0.11910477075610955,0.055582800905944314,0.1314358937787363,False,295.0171204409595
2020-01-11 02:30:00,-297641.93688,-106434.03238,0.0,109.6765851550933,87.16963893271506,-0.11675444337935391,0.051335068560111996,0.12754171597126235,False,293.7343271766566
2020-01-11 03:00:00,-297626.22029,-106206.18713,0.0,109.63864598034255,87.17045793499338,-0.11829713173153183,0.05390545052740425,0.13000003450949474,False,294.49773069742014
2020-01-11 03:30:00,-297602.29474,-105967.71423,5.999908354159067e-11,109.59936847209235,87.17137688355575,-0.1191317552223966,0.05855327325277697,0.13274359084710413,False,296.1741227732181
2020-01-11 04:00:00,-297571.50365,-105731.45305,5.999908354159067e-11,109.56086060929142,87.1723458088084,-0.1145927212897237,0.06197274025902926,0.1302770597910369,False,298.40490820448707
2020-01-11 04:30:00,-297530.18849,-105504.29297,5.820766091346741e-11,109.52452154777717,87.17337504991252,-0.11628527819488073,0.06031292264274829,0.1309958570435376,False,297.41411910906095
2020-01-11 05:00:00,-297506.77166,-105264.3318,1.4551915228366852e-11,109.48488096013867,87.17429028173335,-0.11711206732244864,0.061105994910174585,0.13209534029064018,False,297.5543677607287
2020-01-11 05:30:00,-297463.4346,-105033.45831,1.4551915228366852e-11,109.44797556478046,87.17534529037623,-0.1114629354680436,0.06496722867969196,0.12901444409628188,False,300.2361761713223
2020-01-11 06:00:00,-297419.83599,-104808.08861,1.4551915228366852e-11,109.41200155711623,87.17638495281804,-0.11199269172592276,0.06787713307183667,0.13095674169003058,False,301.2194408621574
2020-01-11 06:30:00,-297366.96619,-104571.98941,5.820766091346741e-11,109.37472036028943,87.1775337102315,-0.11235570114166941,0.0722098802338109,0.13355923922521215,False,302.72844762389764
2020-01-11 07:00:00,-297308.7863,-104340.27523,1.4551915228366852e-11,109.33848095876802,87.17871314049692,-0.11248272393733993,0.07529138119273311,0.13535566211382985,False,303.7967500431271
2020-01-11 07:30:00,-297245.30456,-104100.14132,1.4551915228366852e-11,109.30108445767775,87.17996117989118,-0.11170550210207553,0.07636901540600535,0.13531572604083933,False,304.3590053214456
2020-01-11 08:00:00,-297182.23046,-103869.86509,6.507814330688532e-11,109.26532403801018,87.18117544203908,-0.10703966751532604,0.0720640190793777,0.12903764283209943,False,303.9502502313364
2020-01-11 08:30:00,-297127.5432,-103650.7801,6.507814330688532e-11,109.2309538174052,87.18228467175122,-0.104752188886808,0.0700479350119156,0.12601481768431463,False,303.77070197686044
2020-01-11 09:00:00,-297068.34007,-103430.74058,0.0,109.1966628094972,87.18343389221276,-0.10531464993171831,0.07377659162510877,0.12858522839758246,False,305.01258524156447
2020-01-11 09:30:00,-297001.37904,-103205.39787,5.820766091346741e-11,109.1618950302728,87.1846633221635,-0.10426089091017891,0.07412725236484216,0.12792647465065715,False,305.4120088902615
2020-01-11 10:00:00,-296939.46805,-102988.60398,1.4551915228366852e-11,109.12826765612621,87.18582389536975,-0.10322403436244817,0.07374879201702476,0.12686246723925187,False,305.5440500481485
2020-01-11 10:30:00,-296872.31164,-102767.31003,0.0,109.09414993934426,87.18704107483566,-0.10383292036563138,0.07958075976157222,0.13082191206324964,False,307.46767123297093
2020-01-11 11:00:00,-296791.01687,-102541.65374,2.9103830456733704e-11,109.06009280723512,87.18838969432424,-0.10240336840933383,0.08313494643498613,0.13190098248430812,False,309.07100456579656
2020-01-11 11:30:00,-296709.82061,-102321.134,0.0,109.02688361470454,87.1897214876948,-0.10071071491854298,0.082275043916576,0.13004549569623142,False,309.24690835638376
2020-01-11 12:00:00,-296629.20721,-102102.34182,0.0,108.99390664496913,87.19104236402376,-0.09613007750798416,0.07910735718789791,0.12449484231463047,False,309.451645377039
2020-01-11 12:30:00,-296553.17385,-101901.21926,1.4551915228366852e-11,108.96368015094069,87.1922720937377,-0.09373301070730226,0.07783840881255501,0.12183880819642681,False,309.7071509572288
2020-01-11 13:00:00,-296473.85492,-101692.15538,4.3655745685100555e-11,108.93224890906714,87.19355195046218,-0.09472322966333988,0.07970297622349562,0.12379440478768393,False,310.0782662915078
2020-01-11 13:30:00,-296392.40384,-101485.56831,2.9103830456733704e-11,108.9013438678617,87.19484184147112,-0.09206506372654509,0.07876783363912467,0.12116248419033684,False,310.5492057626785
2020-01-11 14:00:00,-296312.94581,-101286.73515,6.507814330688532e-11,108.87163493075829,87.19609156410762,-0.09015942259641373,0.07664557331941971,0.11833539365879196,False,310.3682493926199
2020-01-11 14:30:00,-296236.29502,-101089.1943,5.999908354159067e-11,108.84195743614977,87.19731299962619,-0.08874502026464669,0.07573384242939113,0.11666744837739615,False,310.47700917644465
2020-01-11 15:00:00,-296158.09359,-100896.32107,5.820766091346741e-11,108.81315475532145,87.19853334716072,-0.08667858678773879,0.07475391057423625,0.11446101761586988,False,310.77535500568024
2020-01-11 15:30:00,-296082.18684,-100707.03748,0.0,108.78481422598446,87.19972317709798,-0.08641295784619102,0.07563254739894629,0.11483676027205506,False,311.19388893124074
2020-01-11 16:00:00,-296000.49386,-100514.12729,0.0,108.7561612186266,87.20097183349675,-0.08784876038969362,0.07814015998017095,0.11757248531749473,False,311.6526151307959
2020-01-11 16:30:00,-295917.51,-100317.12548,1.4551915228366852e-11,108.72684808805442,87.20224250277666,-0.08909205924900471,0.07844046915858272,0.11870257883907465,False,311.3620747489642
2020-01-11 17:00:00,-295836.03069,-100119.71357,1.4551915228366852e-11,108.69734858637096,87.20350085246395,-0.09064137586027188,0.07908182199251876,0.1202904550972333,False,311.1037006173814
2020-01-11 17:30:00,-295752.44475,-99916.77315,0.0,108.66698498893113,87.20479218169552,-0.09247330083857352,0.07942426658723818,0.12189965336661955,False,310.6589066101915
2020-01-11 18:00:00,-295671.69617,-99712.80619,5.999908354159067e-11,108.63624823491773,87.20606158384041,-0.09395526498244094,0.07937462604994819,0.12299562219237645,False,310.1915572205162
2020-01-11 18:30:00,-295589.76617,-99504.95576,5.999908354159067e-11,108.60487666615265,87.20735130477667,-0.09482577004473325,0.07908567363899133,0.12347659875259634,False,309.8284560380423
2020-01-11 19:00:00,-295510.77781,-99298.43976,5.999908354159067e-11,108.57353639755867,87.20861140760717,-0.09285415111847894,0.07484495643998552,0.11926299042216179,False,308.8705014827882
2020-01-11 19:30:00,-295440.8318,-99102.26829,1.4551915228366852e-11,108.54344239620481,87.20976443344688,-0.0921579619072233,0.07349989010305022,0.11787842800128308,False,308.5738484761066
2020-01-11 20:00:00,-295365.42574,-98899.74668,1.4551915228366852e-11,108.51253480446815,87.21098111530267,-0.09588005267139108,0.07716849803865283,0.12307705549699462,False,308.8286456809943
2020-01-11 20:30:00,-295286.99561,-98686.75414,5.999908354159067e-11,108.47994909431256,87.2122523968336,-0.10162024648046644,0.07881058882068345,0.1285993133924656,False,307.79501707756117
2020-01-11 21:00:00,-295212.29671,-98462.84718,1.1641532182693481e-10,108.44521006416534,87.21352200477112,-0.1054528577559503,0.07999249822586957,0.13235975589775176,False,307.1825608549017
2020-01-11 21:30:00,-295133.93089,-98235.51275,1.4551915228366852e-11,108.41005367834892,87.21483144098136,-0.10470545820976553,0.07882819141602407,0.13106149984201418,False,306.9745022705497
2020-01-11 22:00:00,-295062.08238,-98015.57647,4.3655745685100555e-11,108.37577946641828,87.2160635478715,-0.10366026166973161,0.07480377697658339,0.12783213562872073,False,305.81513670442644
2020-01-11 22:30:00,-294996.01199,-97796.4701,1.1641532182693481e-10,108.34128493869508,87.21724319893727,-0.10922807199985173,0.07531767076996489,0.13267826967147867,False,304.5880106260065
2020-01-11 23:00:00,-294928.45056,-97557.00892,1.4551915228366852e-11,108.30328329181397,87.21849177238751,-0.1141403626222462,0.07694009049791853,0.13765100764384455,False,303.9832443143181
2020-01-11 23:30:00,-294862.08452,-97319.36747,5.820766091346741e-11,108.26549726870988,87.21972384628492,-0.11447313071118462,0.0729979381587349,0.1357674358240828,False,302.5250964683417
2020-01-12 00:00:00,-294808.06063,-97083.3051,6.507814330688532e-11,108.22724198426502,87.22084529736136,-0.1155688659009104,0.06674071572060447,0.13345593242910242,False,300.0063206436735
2020-01-12 00:30:00,-294764.00789,-96849.04325,1.4551915228366852e-11,108.18869694272018,87.22187563613213,-0.11816763526086738,0.06452162620565173,0.13463517471807743,False,298.6353236583686
2020-01-12 01:00:00,-294720.17749,-96606.65252,6.507814330688532e-11,108.14868355143531,87.22292550125728,-0.11907061097247341,0.06390344436343155,0.13513497178328154,False,298.22180060838986
2020-01-12 01:30:00,-294678.91918,-96370.05636,5.820766091346741e-11,108.10950999272383,87.22393598560363,-0.11712240605545227,0.060674234263972046,0.13190534751759536,False,297.38601874618075
2020-01-12 02:00:00,-294643.63056,-96138.00353,1.4551915228366852e-11,108.0707640935354,87.22488172273748,-0.11670327849595907,0.05806031474686105,0.1303482081204416,False,296.4505157442893
2020-01-12 02:30:00,-294610.53326,-95905.81261,2.9103830456733704e-11,108.03184207772486,87.22580791100725,-0.11744052915025113,0.053886549985544034,0.1292131500909854,False,294.6476058777662
2020-01-12 03:00:00,-294590.03842,-95675.93369,0.0,107.99258073655369,87.22661907540198,-0.1185236964732596,0.049068744019093974,0.12827941481506977,False,292.48952757282507
2020-01-12 03:30:00,-294574.32492,-95445.42838,0.0,107.95291348245361,87.22738992948499,-0.11732453368067142,0.04473707926757543,0.1255645350597864,False,290.87237536087457
2020-01-12 04:00:00,-294567.01543,-95224.48805,1.4551915228366852e-11,107.91443023728664,87.22806148846004,-0.11545934447401586,0.04066240054318045,0.12241033879662085,False,289.4012127386634
2020-01-12 04:30:00,-294562.89096,-95004.89952,1.4551915228366852e-11,107.87598554161697,87.22870093224553,-0.11529878976317677,0.04000050550471963,0.12204036775381473,False,289.13314845937396
2020-01-12 05:00:00,-294557.37625,-94785.24848,5.999908354159067e-11,107.8375909568289,87.22935115115861,-0.11439664201473455,0.03788754291872768,0.12050750023407573,False,288.32458855962375
2020-01-12 05:30:00,-294559.2036,-94571.08819,1.173212913024843e-10,107.79973093701649,87.22992248607241,-0.1145027434668008,0.03446616709650076,0.11957756869809615,False,286.75218070027734
2020-01-12 06:00:00,-294565.24635,-94354.84118,5.820766091346741e-11,107.76124899231365,87.23046235862297,-0.11424136214346284,0.03470490054679216,0.11939647794787148,False,286.89803523510886
2020-01-12 06:30:00,-294565.6791,-94141.30965,5.820766091346741e-11,107.72354770832415,87.23104143554892,-0.11462058008551525,0.038694142795095594,0.12097567551283714,False,288.653890247954
2020-01-12 07:00:00,-294558.17501,-93919.38616,1.1641532182693481e-10,107.68479580852227,87.23170986653841,-0.11729683497101616,0.04489095733508165,0.12559357286373343,False,290.9424699206312
2020-01-12 07:30:00,-294539.98574,-93689.90341,1.4551915228366852e-11,107.64529029232772,87.23248874439493,-0.11828196343277643,0.04948965195036465,0.12821797270149335,False,292.7046315363499
2020-01-12 08:00:00,-294517.46903,-93459.59984,5.999908354159067e-11,107.60586019052455,87.23330546946165,-0.11726003346990914,0.05085383679529953,0.1278124726549298,False,293.4456210174809
2020-01-12 08:30:00,-294493.16956,-93232.1664,0.0,107.5670141647506,87.23412834658137,-0.11721410979737078,0.052196622187713995,0.1283106967614043,False,294.00389094940374
2020-01-12 09:00:00,-294465.68403,-93000.59328,0.0,107.5275906584713,87.23498832587136,-0.1166138164611574,0.053950701973827835,0.12848914519563626,False,294.8273455719626
2020-01-12 09:30:00,-294434.3964,-92773.35454,1.173212913024843e-10,107.48912198665062,87.23586780644912,-0.11541763852553359,0.054567081654264285,0.1276667446247216,False,295.3038196269756
2020-01-12 10:00:00,-294403.19231,-92545.26131,5.820766091346741e-11,107.45047285579903,87.23674762093708,-0.11667648876432983,0.054890254706238956,0.1289431777648146,False,295.1945587887401
2020-01-12 10:30:00,-294371.84669,-92313.39265,0.0,107.41113795101195,87.23763750395939,-0.11743735254988921,0.05386293914298271,0.1292004179058552,False,294.6386767675207
2020-01-12 11:00:00,-294344.67534,-92083.8355,1.4551915228366852e-11,107.37195601992272,87.2384842239356,-0.11714632390496064,0.05425756416269792,0.1291012953975104,False,294.85171448743836
2020-01-12 11:30:00,-294311.34552,-91852.58271,1.4551915228366852e-11,107.33279023544625,87.23938682520412,-0.11631664185758026,0.059560352996209466,0.13067898385761068,False,297.11487871775887
2020-01-12 12:00:00,-294264.74617,-91620.23092,0.0,107.29413710643043,87.24040452848013,-0.11631190028081141,0.06724074199385045,0.13434945303504953,False,300.03251419704577
2020-01-12 12:30:00,-294204.69913,-91380.82892,0.0,107.25494516706105,87.24155471856793,-0.11772881325108735,0.06497553004234573,0.1344689293992972,False,298.8946782416521
2020-01-12 13:00:00,-294167.07791,-91146.09777,5.820766091346741e-11,107.2153157563419,87.24249939175752,-0.11433174663264974,0.052065308449529314,0.12562859798635437,False,294.4839514820328
2020-01-12 13:30:00,-294147.47809,-90932.20042,1.173212913024843e-10,107.17837304105167,87.24323344358662,-0.11633807550961558,0.057414895560005286,0.12973441349714165,False,296.2671531476851
2020-01-12 14:00:00,-294093.30146,-90684.91773,1.1641532182693481e-10,107.13736859307444,87.24435037312085,-0.12296300768620572,0.07202253614507426,0.14250314723544324,False,300.35858241091637
2020-01-12 14:30:00,-294030.14659,-90432.78682,1.4551915228366852e-11,107.0959594239674,87.24555550856188,-0.11805082134110381,0.06268200827347546,0.13366013085623274,False,297.96717465731615
2020-01-12 15:00:00,-294002.55057,-90212.37665,1.4551915228366852e-11,107.05822103327863,87.24637142552601,-0.11213668308411011,0.04326370722974443,0.12019311151795342,False,291.0972259083717
2020-01-12 15:30:00,-293999.66946,-90001.16629,1.1641532182693481e-10,107.02075145749288,87.24695038181345,-0.11513054741138808,0.04061585882967291,0.12208476946662018,False,289.43186877249184
2020-01-12 16:00:00,-293984.0608,-89773.26058,0.0,106.98098283930433,87.24768084635524,-0.11667598148752224,0.03794430288363746,0.12269089117535112,False,288.01509106311573
2020-01-12 16:30:00,-293991.69806,-89559.55102,5.820766091346741e-11,106.94246206347296,87.24817378434186,-0.1151751430329218,0.03041984124590095,0.11912464192634457,False,284.795003786636
2020-01-12 17:00:00,-294000.13038,-89344.71305,0.0,106.90368308226846,87.24866160338397,-0.1200222246521396,0.035739391233894136,0.12523034175557463,False,286.5821163368944
2020-01-12 17:30:00,-293994.22828,-89108.72889,1.1641532182693481e-10,106.86189166762865,87.24932595536998,-0.13902599220799883,0.06228467129875148,0.15234043057642993,False,294.1327320230006
2020-01-12 18:00:00,-293930.72176,-88800.6974,5.820766091346741e-11,106.8103216367217,87.25066933905123,-0.1560182737432095,0.08668990095176535,0.1784848471687105,False,299.0582751619788
2020-01-12 18:30:00,-293857.91691,-88480.80862,0.0,106.75708208043832,87.25212084808668,-0.16241471008317176,0.09025780439215877,0.18580906680001902,False,299.06199253962836
2020-01-12 19:00:00,-293788.16703,-88147.15148,0.0,106.7011589170821,87.25357921425146,-0.17091394491644898,0.09416068008099046,0.19513536388932068,False,298.8514458845457
2020-01-12 19:30:00,-293710.05973,-87794.05781,0.0,106.64214327973906,87.25515652875839,-0.17983108488307153,0.10438765239750862,0.2079326839707639,False,300.13414220746154
2020-01-12 20:00:00,-293613.52136,-87419.25213,5.999908354159067e-11,106.58015184968122,87.25694461927705,-0.18653382064664048,0.11372708447451862,0.2184690275258883,False,301.3700830091575
2020-01-12 20:30:00,-293509.28821,-87033.62704,1.1641532182693481e-10,106.51654775183765,87.25882311046902,-0.1937461120354481,0.12144588398005725,0.22866276186679355,False,302.0807216931724
2020-01-12 21:00:00,-293392.64615,-86626.25198,5.999908354159067e-11,106.44960793514706,87.26085996351905,-0.19964334770761077,0.13291622091716332,0.23984200646842943,False,303.6544195909334
2020-01-12 21:30:00,-293253.89538,-86208.83132,1.4551915228366852e-11,106.38193090658628,87.26310840744516,-0.20235490186626431,0.13920977614381475,0.2456152847102893,False,304.52597365539737
2020-01-12 22:00:00,-293117.29541,-85786.0031,0.0,106.3130557463115,87.26534814149267,-0.2042483526922448,0.13977715159400375,0.2474975589480202,False,304.3857476223511
2020-01-12 22:30:00,-292977.48909,-85361.79832,1.4551915228366852e-11,106.24398805706981,87.26761493302914,-0.2069432282788185,0.14313944543982593,0.25162352944683075,False,304.67101317051834
2020-01-12 23:00:00,-292830.96101,-84926.60375,1.4551915228366852e-11,106.17317423773223,87.26996297745625,-0.1798949056796323,0.11562643262114418,0.21384959436523557,False,302.73065289490853
2020-01-12 23:30:00,-292758.09705,-84623.86248,1.4551915228366852e-11,106.1223233436291,87.27134383584092,-0.15690832483569206,0.0784976589870733,0.17544829685464008,False,296.5777561421744
2020-01-13 00:00:00,-292716.34163,-84305.47697,6.507814330688532e-11,106.06697360457886,87.27249360739494,-0.16428640472126999,0.07316746979807642,0.17984299100296722,False,294.00653389194645
2020-01-13 00:30:00,-292668.66791,-83982.63381,5.820766091346741e-11,106.01107814968435,87.2737027889322,-0.16634761931203196,0.0801423323141573,0.18464648352875157,False,295.72366277643164
2020-01-13 01:00:00,-292604.19822,-83650.27754,1.4551915228366852e-11,105.95428034649623,87.27507741797865,-0.17636385590377476,0.10016128705496488,0.20282133293555316,False,299.5932876759816
2020-01-13 01:30:00,-292496.49418,-83273.06693,1.4551915228366852e-11,105.89152909690877,87.27693177250909,-0.18516838912160227,0.11493026304770787,0.21793645333928063,False,301.82703545134666
2020-01-13 05:00:00,-291828.03805,-80645.00329,0.0,105.44783189866416,87.28905284235081,-0.1799116018434247,0.09717116681068624,0.20447596469320592,False,298.3737066575337
2020-01-13 05:30:00,-291745.70733,-80286.27301,0.0,105.38651247340732,87.29061772203629,-0.1826850086282129,0.09968891836541897,0.20811461462943295,False,298.62074368119767
2020-01-13 06:00:00,-291656.51894,-79915.68804,0.0,105.32329946502774,87.29226678359765,-0.187375827466277,0.10354469180243597,0.2140822363465345,False,298.9252294097096
2020-01-13 06:30:00,-291564.459,-79537.19261,0.0,105.25870597319468,87.29395599948818,-0.19136463663978123,0.1075653941968398,0.21952388978194842,False,299.3401888141743
2020-01-13 07:00:00,-291464.24113,-79149.14958,0.0,105.19268955486211,87.29573468612502,-0.19584846056984215,0.11279923333733852,0.22600948331667048,False,299.93986002329393
2020-01-13 07:30:00,-291357.34502,-78750.36079,2.9103830456733704e-11,105.12494789192577,87.29759262466123,-0.1995909060534706,0.11716404872492757,0.23143885605676184,False,300.413827921211
2020-01-13 08:00:00,-291244.54339,-78345.45709,1.1641532182693481e-10,105.05628278965501,87.29951207752738,-0.20052925865027227,0.11972692111665477,0.23355196255844538,False,300.83950879283697
2020-01-13 08:30:00,-291128.65217,-77941.27336,1.4551915228366852e-11,104.98780423995277,87.30145270547594,-0.19835741848861438,0.12193161453234766,0.23283681859176034,False,301.57931688253865
2020-01-13 09:00:00,-291005.19481,-77542.14362,1.4551915228366852e-11,104.92052695918211,87.3034432937779,-0.19391426695448125,0.12374226281453563,0.23003236845051922,False,302.5431167964225
2020-01-13 09:30:00,-290877.94347,-77152.0192,1.4551915228366852e-11,104.85499280861275,87.30544232432115,-0.1878161667395959,0.12372282564308582,0.22490498010018609,False,303.37466562455586
2020-01-13 10:00:00,-290748.02296,-76774.41411,0.0,104.79179759076483,87.30743231252595,-0.18185580791909228,0.1234200798268621,0.21978182586004422,False,304.16356117071393
2020-01-13 10:30:00,-290615.50056,-76405.59826,1.4551915228366852e-11,104.73025592774006,87.30942154146746,-0.17435494618548422,0.12189859177127468,0.21274142505671756,False,304.95895327555127
2020-01-13 11:00:00,-290483.20976,-76055.78382,0.0,104.67211960383142,87.31136255659109,-0.1659601503532812,0.11857361319629478,0.20396684351067512,False,305.5446835753583
2020-01-13 11:30:00,-290353.88326,-75719.50465,1.4551915228366852e-11,104.6162574218535,87.31324452371884,-0.16067510062611617,0.11392137990331043,0.19696336908239293,False,305.337289476794
2020-01-13 12:00:00,-290232.32855,-75392.58232,1.4551915228366852e-11,104.56167408685322,87.31503549837561,-0.1559815310487407,0.10984174871563332,0.1907759098765292,False,305.15309722662835
2020-01-13 12:30:00,-290112.33702,-75076.58909,0.0,104.50896606631356,87.31678595906507,-0.15186494134168488,0.10675271188626603,0.18563162958877863,False,305.1051119718634
2020-01-13 13:00:00,-289997.24405,-74767.02238,0.0,104.45714590822705,87.31847729586198,-0.14734414592509215,0.10144421224699839,0.1788888636467036,False,304.54682236963254
2020-01-13 13:30:00,-289891.12918,-74471.77261,0.0,104.40748734948944,87.32005665832426,-0.14208453115819572,0.09583350703966341,0.17138283188804387,False,303.998969150676
2020-01-13 14:00:00,-289790.36416,-74185.76271,0.0,104.3592306828023,87.32156706857366,-0.13822024658751167,0.09133517373791548,0.16567121212946967,False,303.45650719934144
2020-01-13 14:30:00,-289695.99786,-73908.18034,0.0,104.31218143415201,87.32300139256387,-0.13539696987882135,0.08697473478773352,0.16092527440946944,False,302.7154075030081
2020-01-13 15:00:00,-289607.46794,-73636.05973,0.0,104.26582097720016,87.32437119864665,-0.1342063190302516,0.08434013218970171,0.15850739404023406,False,302.1467481205227
2020-01-13 15:30:00,-289520.79276,-73365.11689,0.0,104.21954468390595,87.32572055797675,-0.13557912614191883,0.08368782671658515,0.15932781234282833,False,301.68545215581537
2020-01-13 16:00:00,-289435.3146,-73088.92411,0.0,104.17218849298474,87.32706928829025,-0.13857035557999448,0.08407537946697555,0.16208150072751065,False,301.2466223407705
2020-01-13 16:30:00,-289349.47104,-72807.34147,5.999908354159067e-11,104.12379792971656,87.32843114258321,-0.1413106141810639,0.08437070333584065,0.1645816066928924,False,300.8396725112491
2020-01-13 17:00:00,-289264.89805,-72521.46743,6.507814330688532e-11,104.07449894074179,87.32978939769905,-0.14419301907251197,0.08528120477871638,0.1675246568053645,False,300.60167535445424
2020-01-13 17:30:00,-289177.91032,-72229.16937,5.999908354159067e-11,104.02406424916585,87.33118059617907,-0.14610255678019063,0.0868656768807009,0.1699753009047231,False,300.7337163677737
2020-01-13 18:00:00,-289088.96023,-71935.39486,0.0,103.97339257438404,87.33258997081079,-0.146579718749743,0.0895695250377099,0.17177984097161894,False,301.4275819861849
2020-01-13 18:30:00,-288992.42324,-71639.23523,0.0,103.9225731680999,87.3340683451436,-0.14854760549409468,0.09284892366672001,0.17517794873812625,False,302.0072332398191
2020-01-13 19:00:00,-288893.19555,-71335.9086,0.0,103.87048190218701,87.33558340082485,-0.15041389324285726,0.0958280056111946,0.17834614080459607,False,302.5010261973208
2020-01-13 19:30:00,-288787.31229,-71030.83347,1.4551915228366852e-11,103.81831056092669,87.33715787061195,-0.15027745736114756,0.09958949710584722,0.18028139705673205,False,303.532602181333
2020-01-13 20:00:00,-288674.26393,-70724.93654,0.0,103.76625235455332,87.33879420517377,-0.15139025555477192,0.1062955133785656,0.18498039258621973,False,305.0738121795704
2020-01-13 20:30:00,-288545.33075,-70410.4248,1.4551915228366852e-11,103.71324213988639,87.34058483265358,-0.14921365145706617,0.11164854957537387,0.18636016850023382,False,306.80553333659213
2020-01-13 21:00:00,-288411.12932,-70107.79601,0.0,103.66262970645978,87.34239389068841,-0.14471242124126296,0.1141120819061077,0.18429121546740898,False,308.25732648619595
2020-01-13 21:30:00,-288269.20577,-69807.16802,5.820766091346741e-11,103.61267508980072,87.34426386779717,-0.14233391437784496,0.11716814297026512,0.18435649407932497,False,309.4609390974703
2020-01-13 22:00:00,-288121.77044,-69510.51294,1.1999816708318134e-10,103.56364659535097,87.34617146289729,-0.14343821960805397,0.12244261781017153,0.18859140357008866,False,310.4849387398048
2020-01-13 22:30:00,-287961.80972,-69201.81496,5.820766091346741e-11,103.51284856333318,87.34821138045342,-0.14610562631464588,0.12531018534373156,0.1924824578803879,False,310.61864995671533
2020-01-13 23:00:00,-287806.04413,-68893.68365,5.999908354159067e-11,103.46188998726676,87.35021148987796,-0.13923755798674203,0.11804938223813097,0.1825452113886193,False,310.2921832580986
2020-01-13 23:30:00,-287665.1997,-68615.39754,1.4551915228366852e-11,103.41580854620331,87.35201751313977,-0.12986410755811856,0.10993903879130978,0.1701507528112165,False,310.2502458552116
2020-01-14 00:00:00,-287529.53381,-68347.10281,1.4551915228366852e-11,103.3713166062581,87.35375600847331,-0.12714611328415448,0.10697985666932737,0.16616505004439674,False,310.0770237090641
2020-01-14 00:30:00,-287396.36646,-68081.01475,5.999908354159067e-11,103.32707103179686,87.35546657637902,-0.12563905767560665,0.10486264499903492,0.16365007525145853,False,309.84952781394963
2020-01-14 01:00:00,-287266.45408,-67819.96401,0.0,103.28357471161078,87.35713682873065,-0.1224425440342547,0.10298592494723918,0.1599946165557416,False,310.0670545630864
2020-01-14 01:30:00,-287136.81798,-67566.82776,6.507814330688532e-11,103.24150754464594,87.35878691227236,-0.11848606767512515,0.09888672660895424,0.1543293003047328,False,309.8478778512897
2020-01-14 02:00:00,-287017.6304,-67323.21256,1.173212913024843e-10,103.20072565970895,87.36032499810129,-0.11478440802014196,0.09402866672449696,0.14838076186123642,False,309.32352160164885
2020-01-14 02:30:00,-286901.62451,-67087.22124,1.173212913024843e-10,103.1611989937727,87.3618184534926,-0.11079652964671219,0.09256532627313288,0.14437524237142016,False,309.87718072591724
2020-01-14 03:00:00,-286783.96695,-66858.94716,0.0,103.12316287032318,87.3633093658651,-0.10765587285427239,0.09125954208571381,0.14113146701465779,False,310.2878387347374
2020-01-14 03:30:00,-286669.66391,-66635.18945,2.9103830456733704e-11,103.08579228733247,87.36476069527725,-0.10512829873139512,0.08630707695787931,0.13601790590643115,False,309.3849352954627
2020-01-14 04:00:00,-286567.0173,-66419.96637,1.4551915228366852e-11,103.04948736185244,87.36609194989681,-0.10281239217271722,0.08161235875948465,0.13126677068688572,False,308.4425058206115
2020-01-14 04:30:00,-286467.01818,-66208.28429,2.9103830456733704e-11,103.01370188628663,87.36739190362042,-0.10339183121943274,0.08017915568928756,0.13083794468713839,False,307.7931593927874
2020-01-14 05:00:00,-286369.60172,-65992.3173,5.999908354159067e-11,102.97695391765514,87.36867690783146,-0.10596652493538869,0.07638409079448197,0.13062707886721656,False,305.7852800270609
2020-01-14 05:30:00,-286284.72308,-65774.79773,0.0,102.93932727571588,87.36985450935802,-0.10785607054913664,0.07034271269201875,0.12876734517404728,False,303.1120117451667
2020-01-14 06:00:00,-286209.74187,-65557.19092,0.0,102.90121912952605,87.37094474985875,-0.10809712477735854,0.06914012758811149,0.12831736292502335,False,302.603435246696
2020-01-14 06:30:00,-286128.98763,-65339.89849,0.0,102.8633901161908,87.37208360245612,-0.10623083647556986,0.07313170552707336,0.128969907232648,False,304.5444014488951
2020-01-14 07:00:00,-286038.21451,-65125.74554,0.0,102.82656056935625,87.3733025526041,-0.10391730866342833,0.076266378652249,0.12890061114121398,False,306.27547063505665
2020-01-14 07:30:00,-285944.33077,-64914.17909,0.0,102.79032426893158,87.374542454168,-0.10653664048060071,0.07300587025500246,0.12915073695718127,False,304.4214907744317
2020-01-14 08:00:00,-285866.82258,-64693.54596,0.0,102.75161836798253,87.3756561933179,-0.1079334259270425,0.07105797711227749,0.12922407106896658,False,303.35891086839376
2020-01-14 08:30:00,-285780.59627,-64478.7388,2.1827872842550278e-11,102.71436630939658,87.37683341224813,-0.10577718325199448,0.07342167387161665,0.12876161963425303,False,304.7651476394407
2020-01-14 09:00:00,-285692.7959,-64263.91153,5.999908354159067e-11,102.677144571908,87.37802331328439,-0.10341846950689045,0.07414065023279963,0.12724863791840743,False,305.6367203445278
2020-01-14 09:30:00,-285601.90181,-64056.93386,5.999908354159067e-11,102.64152090338041,87.37922375701501,-0.10310051872788735,0.07229112482964353,0.12591951274959157,False,305.037036084198
2020-01-14 10:00:00,-285520.0856,-63844.79182,0.0,102.60448963224195,87.3803539413454,-0.1045876641659943,0.07067611922744334,0.12622873414857091,False,304.04923898023003
2020-01-14 10:30:00,-285435.76285,-63633.9699,1.4551915228366852e-11,102.56778571328307,87.38150236712735,-0.10159400038708052,0.07472264487358492,0.12611429170222543,False,306.33457606824214
2020-01-14 11:00:00,-285337.11222,-63429.28353,7.275957614183426e-12,102.53283297421403,87.38276305135486,-0.09851689040654754,0.07572170896689462,0.12425520071305984,False,307.5464746235892
2020-01-14 11:30:00,-285246.62127,-63228.60648,5.999908354159067e-11,102.49826790267856,87.38394364703878,-0.09589160091007018,0.0735333157715824,0.1208401740045893,False,307.48235880924346
2020-01-14 12:00:00,-285153.37235,-63034.96629,5.999908354159067e-11,102.46513646585149,87.38513380471701,-0.09433365011345463,0.0719849189089582,0.118661982513596,False,307.34683453412526
2020-01-14 12:30:00,-285066.88565,-62841.07514,5.999908354159067e-11,102.43164103308764,87.38626443114535,-0.08988465971935898,0.06951717865863116,0.11363049846551321,False,307.7185192098493
2020-01-14 13:00:00,-284978.63786,-62665.0934,1.173212913024843e-10,102.40162558046836,87.38737512595308,-0.0861581836041244,0.06652333920293925,0.10885121616532967,False,307.6719827345444
2020-01-14 13:30:00,-284899.60264,-62486.7108,5.999908354159067e-11,102.37073620561993,87.38840912131025,-0.08713947915552504,0.06448998805955403,0.10840778287289896,False,306.5043188167424
2020-01-14 14:00:00,-284819.07076,-62308.93688,6.21658091063548e-11,102.34000208426448,87.3894542854266,-0.08591128921875196,0.06413636830596339,0.10721111581690694,False,306.7428771580354
2020-01-14 14:30:00,-284740.14321,-62135.23132,5.866064565124215e-11,102.30995754881435,87.39047689248765,-0.0865354718155365,0.06120455255760113,0.10599238244380428,False,305.2708926553248
2020-01-14 15:00:00,-284670.21799,-61957.5959,5.820766091346741e-11,102.2787577264982,87.39142748974189,-0.08798005455891873,0.05861216513804936,0.10571601535415666,False,303.67148619593604
2020-01-14 15:30:00,-284601.32423,-61780.87466,1.1641532182693481e-10,102.24766788213003,87.39236654879214,-0.08791634544125815,0.05725375997415484,0.10491556999285076,False,303.0733811719465
2020-01-14 16:00:00,-284535.93705,-61604.57616,5.820766091346741e-11,102.21649093123104,87.39327334587962,-0.08859664897331443,0.05404241714289644,0.10377836508611765,False,301.3824658099623
2020-01-14 16:30:00,-284478.6685,-61427.98075,1.173212913024843e-10,102.1848977991638,87.39410886285447,-0.08986141094072639,0.05039655104529382,0.10302856658965515,False,299.28481026158465
2020-01-14 17:00:00,-284426.8772,-61250.06965,5.866064565124215e-11,102.15280404397224,87.39489811485613,-0.09419471082752656,0.04961877175672336,0.10646438868714345,False,297.77883210461425
2020-01-14 17:30:00,-284375.43143,-61058.87456,5.866064565124215e-11,102.11811808330191,87.39570849997729,-0.09580581986908673,0.051181300072091374,0.10861989043383055,False,298.11198474845594
2020-01-14 18:00:00,-284319.13452,-60874.17441,5.866064565124215e-11,102.08486214956994,87.39654823475017,-0.09288674694037465,0.05237999912294167,0.10663776097276503,False,299.4191953106197
2020-01-14 18:30:00,-284261.05081,-60692.41424,5.866064565124215e-11,102.05222505866546,87.39739724314936,-0.09304776163246392,0.052996964323800175,0.10708204411734945,False,299.66442533894985
2020-01-14 19:00:00,-284202.49409,-60506.74866,2.9103830456733704e-11,102.01883290847593,87.3982568325824,-0.09409767627858875,0.05445364039730578,0.10871785333398179,False,300.05765411627107
2020-01-14 19:30:00,-284139.85424,-60320.26771,1.4551915228366852e-11,101.98542862699493,87.39915282321758,-0.09387807450472474,0.05641408908070922,0.10952461969585124,False,301.0028927549173
2020-01-14 20:00:00,-284074.01264,-60133.98058,1.4551915228366852e-11,101.95216958818698,87.40007562114599,-0.09423545135641977,0.05964274389957297,0.11152388619581997,False,302.3302088157426
2020-01-14 20:30:00,-284000.05169,-59943.90851,7.275957614183426e-12,101.91848692757198,87.40107568784249,-0.09545758370040536,0.06385016904132257,0.11484334709736285,False,303.77798016043437
2020-01-14 21:00:00,-283920.07728,-59750.2707,1.4551915228366852e-11,101.88433385706206,87.40213413089049,-0.09242846203809754,0.06758068947581476,0.11449965146127973,False,306.1730587635309
2020-01-14 21:30:00,-283830.49992,-59568.19585,1.4551915228366852e-11,101.85277827140125,87.40325454881402,-0.09026242475476934,0.06921292039311075,0.11374415884762383,False,307.48086797187386
2020-01-14 22:00:00,-283742.96623,-59381.07603,5.866064565124215e-11,101.82013673662806,87.40436551913609,-0.09333764541788683,0.07188239764559935,0.11780914711275707,False,307.60105353431663
2020-01-14 22:30:00,-283646.03997,-59186.29756,5.866064565124215e-11,101.78636419628737,87.40557199799602,-0.0939259119888262,0.07647276846817021,0.12112044113244921,False,309.1518540246826
2020-01-14 23:00:00,-283542.53687,-58993.83791,0.0,101.75327439491075,87.4068310083833,-0.09277917357546873,0.07877818948649187,0.12171268704665333,False,310.3343686949877
2020-01-14 23:30:00,-283436.42058,-58801.52637,5.866064565124215e-11,101.7202862353565,87.40811179761671,-0.09140809108737293,0.08156867216072078,0.12251076440174802,False,311.7443585968084
2020-01-15 00:00:00,-283321.85704,-58611.97983,5.866064565124215e-11,101.68814055914864,87.40946079101393,-0.08842398784481326,0.08493638694257472,0.12260910020564729,False,313.8474998311318
2020-01-15 00:30:00,-283201.47784,-58427.85609,5.866064565124215e-11,101.65724653676075,87.4108501634981,-0.09118977615516283,0.08575817180864552,0.12518002758902821,False,313.24179755227374
2020-01-15 01:00:00,-283085.82729,-58228.08705,0.0,101.62309244017088,87.41222553554559,-0.0966549546159524,0.08777779893639133,0.1305646285864949,False,312.24435431270757
2020-01-15 01:30:00,-282962.06163,-58023.36804,0.0,101.58826355609318,87.41368008493899,-0.09720608162383097,0.08850439755249008,0.13146121363652513,False,312.31730065118336
2020-01-15 02:00:00,-282844.00136,-57821.27555,5.999908354159067e-11,101.55367942363962,87.41507890659663,-0.09599445076366131,0.08718613015659914,0.1296778927539326,False,312.24702718788893
2020-01-15 02:30:00,-282723.76617,-57621.92658,5.866064565124215e-11,101.51967792364896,87.41649096348084,-0.09834981584314204,0.08388769491342297,0.129266513971204,False,310.4625941566077
2020-01-15 03:00:00,-282618.79624,-57414.03843,0.0,101.48337281990919,87.41778336404143,-0.10173994410684714,0.07759783488673969,0.12795483658687581,False,307.3330435066398
2020-01-15 03:30:00,-282522.92299,-57207.38003,0.0,101.44691210670435,87.41899269581933,-0.10507010312618001,0.07752768986657992,0.13057667964454717,False,306.42236649523466
2020-01-15 04:00:00,-282420.31605,-56987.91978,1.4551915228366852e-11,101.40818661933183,87.42028277177334,-0.1090910872364979,0.07999169982458211,0.13527578258974238,False,306.2509581824761
2020-01-15 04:30:00,-282318.32288,-56765.45153,1.4551915228366852e-11,101.36881158827264,87.42157158903179,-0.11678727830944574,0.08151683925720353,0.14242283334287623,False,304.91481617852287
2020-01-15 05:00:00,-282215.49108,-56517.88703,5.820766091346741e-11,101.32453146864893,87.42291069323505,-0.12397637672244541,0.08034720155450685,0.14773562462340034,False,302.9466579490079
2020-01-15 05:30:00,-282122.34553,-56271.02718,1.173212913024843e-10,101.27996561426416,87.42416195226006,-0.12860837708511905,0.08149989840502142,0.1522575058790107,False,302.362679854918
2020-01-15 06:00:00,-282018.32139,-56006.45048,7.275957614183426e-12,101.23231604122819,87.42553811680527,-0.13518835818788832,0.08646014628183508,0.16047195731533007,False,302.60107814011815
2020-01-15 06:30:00,-281911.84984,-55733.04228,0.0,101.18298280200429,87.42694933976018,-0.13796745571368807,0.08855849065484211,0.16394396940165942,False,302.69557631255077
2020-01-15 07:00:00,-281801.8923,-55457.36718,5.820766091346741e-11,101.13328603091506,87.42839320347323,-0.13591569500875766,0.07707496679465074,0.15624860529332782,False,299.55667143287167
2020-01-15 07:30:00,-281734.08101,-55199.3768,5.820766091346741e-11,101.08538006098865,87.42943428277316,-0.13669721778956817,0.0763141428389834,0.15655662792950478,False,299.1733724109157
2020-01-15 08:00:00,-281626.90614,-54921.61616,7.275957614183426e-12,101.03506538508269,87.43085345589351,-0.1460827020827448,0.09775641871168472,0.17577392652816912,False,303.7898622446961
2020-01-15 08:30:00,-281489.32682,-54615.8413,1.4551915228366852e-11,100.98035758028057,87.43258573905156,-0.15035574956214848,0.10714973819130594,0.1846291358937178,False,305.4752470609783
2020-01-15 09:00:00,-281351.32805,-54316.77227,0.0,100.92690840623489,87.43430798264016,-0.14832301389759983,0.10793722562977104,0.18343980246478597,False,306.0440306325496
2020-01-15 09:30:00,-281209.01391,-54017.90254,7.275957614183426e-12,100.87358953198951,87.43606560501581,-0.14503964503932035,0.10879179763913747,0.18130679487180584,False,306.8729475403314
2020-01-15 10:00:00,-281065.20782,-53730.12218,0.0,100.82243455444578,87.43781548123579,-0.138988537036759,0.10978111007818375,0.17711495012453585,False,308.30370084773966
2020-01-15 10:30:00,-280914.78155,-53452.23594,5.820766091346741e-11,100.77340512944987,87.43960499207961,-0.13264577861396235,0.1116171390412381,0.17335884261223997,False,310.0795279144874
2020-01-15 11:00:00,-280759.73007,-53185.90351,6.21658091063548e-11,100.72675591165695,87.44141406545964,-0.1260840092956187,0.1134983626065844,0.16964390856860548,False,311.99292474863057
2020-01-15 11:30:00,-280597.81002,-52930.21524,1.4551915228366852e-11,100.68239492333613,87.44326421707622,-0.12198180388489946,0.11685617035413214,0.16892283749939802,False,313.77058036313554
2020-01-15 12:00:00,-280427.73839,-52676.39968,7.275957614183426e-12,100.6386414783215,87.44518148302285,-0.12346434855386758,0.1258283040736602,0.17628445044837163,False,315.5432996651631
2020-01-15 12:30:00,-280234.67019,-52409.75668,7.275957614183426e-12,100.59313809625657,87.44732080937457,-0.12310972069531871,0.12696206853565156,0.17684843843396206,False,315.88256982309866
2020-01-15 13:00:00,-280059.93865,-52156.73426,0.0,100.54957649588248,87.44927475379453,-0.11515951213176182,0.11469342106721478,0.16253090189415312,False,314.88381695246176
2020-01-15 13:30:00,-279904.65596,-51926.59441,0.0,100.5097626298476,87.45101859664962,-0.10767779503664063,0.10731117006694334,0.15202037615099243,False,314.9022924592665
2020-01-15 14:00:00,-279750.80614,-51705.13132,1.166424738903981e-10,100.47156023536087,87.45273446646777,-0.10289139079275594,0.10569987284363107,0.1475096655084927,False,315.7713863134654
2020-01-15 14:30:00,-279597.79477,-51493.19602,5.999908354159067e-11,100.43516418056525,87.45442636400041,-0.09796619570356585,0.10581811747173679,0.14420419371811505,False,317.2065464087285
2020-01-15 15:00:00,-279440.03963,-51289.28829,1.4551915228366852e-11,100.40048473526724,87.45614603969962,-0.09240176023408146,0.10699012332874067,0.1413682134861151,False,319.1845482938546
2020-01-15 15:30:00,-279279.0104,-51096.48232,2.1827872842550278e-11,100.36808111744769,87.4578757326866,-0.08754606791416933,0.10854339781960681,0.1394488552031094,False,321.11196316445955
2020-01-15 16:00:00,-279112.38448,-50908.94365,0.0,100.33688262620831,87.45964545438078,-0.08344288040578203,0.11129463368353662,0.13910143700611524,False,323.13936015488815
2020-01-15 16:30:00,-278938.75397,-50729.07067,0.0,100.30741807514949,87.46146385548106,-0.08131095981055106,0.11667892406347317,0.14221618580851755,False,325.1282130285018
2020-01-15 17:00:00,-278751.49525,-50545.78981,0.0,100.27772490452809,87.46340711652294,-0.08046510723122466,0.1218429293373345,0.14601483798311446,False,326.55921546304603
2020-01-15 17:30:00,-278558.84116,-50365.78322,1.173212913024843e-10,100.24883265953324,87.46539202423853,-0.07599257899483378,0.12572200058188723,0.14690436852795802,False,328.8491644323607
2020-01-15 18:00:00,-278354.79269,-50196.05354,5.866064565124215e-11,100.22235343310892,87.46746037615918,-0.07263741560710518,0.13263860572011574,0.1512256389421306,False,331.29338660167895
2020-01-15 18:30:00,-278135.32891,-50023.69825,7.275957614183426e-12,100.19586024288029,87.46966821762797,-0.07313593581352683,0.14192698943198517,0.1596625674243877,False,332.73764306976267
2020-01-15 19:00:00,-277898.52985,-49846.47909,5.866064565124215e-11,100.16897036573846,87.47203601180497,-0.07491250478284947,0.15095487507871666,0.16852079302825332,False,333.60674422635844
2020-01-15 19:30:00,-277648.04137,-49662.30479,7.275957614183426e-12,100.14112898621121,87.47453489282096,-0.0763398936199439,0.15624600444368353,0.17389822673770977,False,333.96042902216465
2020-01-15 20:00:00,-277393.22105,-49476.91028,5.866064565124215e-11,100.1131428783281,87.47707328425561,-0.07708216850106536,0.15848266986901863,0.17623398466141252,False,334.06282322484003
2020-01-15 20:30:00,-277135.09444,-49288.9383,0.0,100.08470172812204,87.47964426455815,-0.07882620169609864,0.15946253665368468,0.17788161982021006,False,333.6956953918744
2020-01-15 21:00:00,-276877.71522,-49096.99926,7.275957614183426e-12,100.05538002296633,87.48221423392596,-0.07982527991304782,0.16003877540121253,0.17884206704552535,False,333.4905701021421
2020-01-15 21:30:00,-276617.97964,-48905.38751,1.4551915228366852e-11,100.02614782594739,87.48480381058951,-0.07857232789743712,0.16118711546773942,0.17931786554616563,False,334.0126019424363
2020-01-15 22:00:00,-276355.54862,-48717.43437,0.0,99.99768659530024,87.48741081390597,-0.07931143196435253,0.16039297328784685,0.17893073833288697,False,333.6884349472735
2020-01-15 22:30:00,-276098.90199,-48523.95801,5.820766091346741e-11,99.96784976289179,87.48997473748491,-0.08177149351373822,0.15733004492321648,0.17731136508134115,False,332.53707328612086
2020-01-15 23:00:00,-275848.66548,-48329.46134,5.820766091346741e-11,99.93751998521972,87.49248301084236,-0.08351645608932352,0.15353797103222866,0.17478245617456403,False,331.45617058942116
2020-01-15 23:30:00,-275606.34428,-48132.42163,5.866064565124215e-11,99.90633757185097,87.49492466944636,-0.08591018119104005,0.15174048140662336,0.17437239727029946,False,330.48297038095626
2020-01-16 00:00:00,-275363.75176,-47930.81741,7.275957614183426e-12,99.87418205194406,87.49737498710593,-0.08849212217166996,0.14982192858483795,0.17400421251028966,False,329.43183395981896
2020-01-16 00:30:00,-275129.60534,-47726.07702,0.0,99.84103326976285,87.49975478943774,-0.09076258255099001,0.1456877948364816,0.1716472544366557,False,328.07735263693513
2020-01-16 01:00:00,-274902.8387,-47519.23901,7.275957614183426e-12,99.80713866202468,87.50207182919779,-0.09284263025878703,0.14097075758947913,0.1687972407615762,False,326.6313012100844
2020-01-16 01:30:00,-274686.45754,-47310.28508,7.275957614183426e-12,99.77239011886236,87.5042995525427,-0.0952004392036763,0.136060931738445,0.16605932906677257,False,325.0199117830795
2020-01-16 02:00:00,-274478.29844,-47098.35108,7.275957614183426e-12,99.73668912257043,87.50645829823083,-0.0969753534986193,0.1307076038486255,0.16275348503190767,False,323.4273240672055
2020-01-16 02:30:00,-274281.73011,-46886.6234,1.166424738903981e-10,99.70056599885271,87.50851344678011,-0.09865477374623191,0.12390881187621881,0.15838610432577852,False,321.47359907044336
2020-01-16 03:00:00,-274098.44841,-46673.10931,1.166424738903981e-10,99.66356072376729,87.51045299038255,-0.10155271365452831,0.11791662136577587,0.15561903239937708,False,319.2641545388881
2020-01-16 03:30:00,-273924.62254,-46454.96361,1.4551915228366852e-11,99.62522999258003,87.51231494084917,-0.10460526354659126,0.11177647894533273,0.15308900158753477,False,316.89817328981394
2020-01-16 04:00:00,-273764.6829,-46234.54998,7.275957614183426e-12,99.58590312755717,87.51405653870738,-0.10697266467886245,0.10493756578723573,0.14985007074354945,False,314.44977176130953
2020-01-16 04:30:00,-273616.25165,-46012.32972,1.4551915228366852e-11,99.545759101347,87.51569801203618,-0.10809263106741687,0.09772347116818575,0.14571854277419852,False,312.11583691420265
2020-01-16 05:00:00,-273482.28172,-45792.46307,7.275957614183426e-12,99.50554819667515,87.51720705529199,-0.10836337771662423,0.08853424690325244,0.13993189237940662,False,309.2492560407196
2020-01-16 05:30:00,-273366.32823,-45574.94294,7.275957614183426e-12,99.46515439465261,87.5185522717168,-0.10956179958190776,0.0796532650520552,0.13545637881280853,False,306.01778013326975
2020-01-16 06:00:00,-273264.29575,-45356.25466,5.866064565124215e-11,99.42400692588683,87.51977498167153,-0.11269902617350916,0.072968068070208,0.13425874071491886,False,302.921426534194
2020-01-16 06:30:00,-273173.62022,-45131.69027,5.820766091346741e-11,99.38123603707193,87.52090464455793,-0.11706272708122388,0.06857071537263928,0.13566733239217396,False,300.3600846977597
2020-01-16 07:00:00,-273089.43632,-44900.22716,0.0,99.33679881781862,87.52198558397255,-0.12116684502632115,0.06427357198380786,0.13715865408055833,False,297.9439433052072
2020-01-16 07:30:00,-273016.06896,-44663.72921,5.866064565124215e-11,99.29093203970858,87.52297671662672,-0.12390429017118867,0.05985210689414021,0.13760286269730623,False,295.78291776696267
2020-01-16 08:00:00,-272948.80999,-44425.23666,0.0,99.24441736405021,87.52391513785432,-0.12600745308039007,0.057422084371135246,0.13847445253667726,False,294.4989380963582
2020-01-16 08:30:00,-272884.90784,-44182.78533,7.275957614183426e-12,99.19694627985679,87.52482791717534,-0.12775446717927436,0.05609878197842831,0.13952876844480325,False,293.70695297957514
2020-01-16 09:00:00,-272822.95829,-43938.95462,5.820766091346741e-11,99.14909347322256,87.5257236962327,-0.12834093368965202,0.05339287628736594,0.1390042966910362,False,292.58847046148685
2020-01-16 09:30:00,-272768.60308,-43696.07305,1.1641532182693481e-10,99.10115127338197,87.52654924988644,-0.12632844036516636,0.04615047666551971,0.13449439148734074,False,290.0683280136917
2020-01-16 10:00:00,-272730.84472,-43463.61771,5.820766091346741e-11,99.05477141992473,87.52721159931869,-0.12408194286643291,0.03825691032536064,0.12984575362002182,False,287.1355624166455
2020-01-16 10:30:00,-272702.8947,-43233.26967,0.0,99.00847995218699,87.52778261925495,-0.1236388265189086,0.0333052756800691,0.12804608862084846,False,285.0762220308068
2020-01-16 11:00:00,-272682.11867,-43005.2343,0.0,98.96240931439944,87.52828533717748,-0.12487134217202352,0.031027254453434086,0.12866834348339426,False,283.9539118958171
2020-01-16 11:30:00,-272662.59207,-42771.82029,1.4551915228366852e-11,98.9151766746377,87.52878286728593,-0.12640299400450247,0.03126623852408738,0.13021249772870275,False,283.8934478044929
2020-01-16 12:00:00,-272641.44021,-42538.23764,0.0,98.86794247301813,87.52929333049669,-0.12704803178200857,0.02921138938686579,0.1303629842002451,False,282.9486277706221
2020-01-16 12:30:00,-272629.19564,-42303.70332,5.820766091346741e-11,98.82020982825533,87.52972459640469,-0.12493396197432022,0.024564130494903955,0.1273259257243848,False,281.123430690968
2020-01-16 13:00:00,-272623.01912,-42080.23461,7.275957614183426e-12,98.77453982787921,87.53008532672085,-0.12221261933832454,0.02042092307540757,0.12390697488352272,False,279.4861102184899
2020-01-16 13:30:00,-272623.65599,-41857.67261,1.173212913024843e-10,98.72882789500899,87.5303829456439,-0.12318708085841619,0.013771073015196303,0.1239544244567649,False,276.37860704603736
2020-01-16 14:00:00,-272641.31818,-41634.37404,5.866064565124215e-11,98.6824197502564,87.53052926855983,-0.12678287160000462,0.0036596598754690974,0.12683567968654316,False,271.65341622504263
2020-01-16 14:30:00,-272679.53197,-41404.49588,5.999908354159067e-11,98.6340137116889,87.53050085824661,-0.13040626184076473,-0.003937119432551851,0.13046568145189857,False,268.2706978805463
2020-01-16 15:00:00,-272725.80798,-41172.35949,1.173212913024843e-10,98.58489494910502,87.53040231351827,-0.13146016196288826,-0.011057574940074626,0.1319243879912436,False,265.1919689418662
2020-01-16 15:30:00,-272789.53845,-40942.48399,0.0,98.53570643247778,87.53014437021642,-0.1324497077994763,-0.018783824239267173,0.13377502438504107,False,261.9282234920082
2020-01-16 16:00:00,-272863.45294,-40710.85881,0.0,98.48585669816234,87.52979671664312,-0.1345138498557072,-0.023832235006129774,0.13660875238574993,False,259.9529898872489
2020-01-16 16:30:00,-272945.85369,-40476.19606,0.0,98.435138601643,87.52937600919998,-0.13627494694942635,-0.026669014174285265,0.13885999237756422,False,258.9271553837448
2020-01-16 17:00:00,-273030.3873,-40239.65938,0.0,98.38398835940826,87.52893691683272,-0.13796942011024227,-0.029407218707216555,0.14106858402086056,False,257.9678548196355
2020-01-16 17:30:00,-273123.00895,-40000.25017,0.0,98.3320230871868,87.52842791715487,-0.14333035053039145,-0.03498310724876232,0.14753781608775185,False,256.28380107432247
2020-01-16 18:00:00,-273229.7688,-39747.36616,7.275957614183426e-12,98.2768896790937,87.52780896723753,-0.14873832483632968,-0.03876017670387909,0.15370569466754788,False,255.39395961653807
2020-01-16 18:30:00,-273338.17512,-39490.45685,1.4551915228366852e-11,98.22090856023708,87.52717829055412,-0.148439202394975,-0.03814861633781984,0.15326289092975678,False,255.58699825635927
2020-01-16 19:00:00,-273442.1038,-39238.11382,5.866064565124215e-11,98.16602543189005,87.52657913793692,-0.1471926752465863,-0.03999013508904958,0.15252834015581318,False,254.80044575262212
2020-01-16 19:30:00,-273555.94705,-38986.38501,1.4551915228366852e-11,98.11100495493378,87.52588904073353,-0.14433419860102278,-0.039393370362053315,0.14961349709929714,False,254.73398282322367
2020-01-16 20:00:00,-273655.81281,-38743.71755,0.0,98.05828120043446,87.52530922606762,-0.14265150835510068,-0.03848510594394304,0.1477516707705936,False,254.90195621897865
2020-01-16 20:30:00,-273765.11439,-38497.33181,0.0,98.0045467362396,87.52464827646934,-0.1465148588028032,-0.03847612292251657,0.1514827247086412,False,255.28585274555317
2020-01-16 21:00:00,-273866.4261,-38240.69134,0.0,97.94896563753575,87.52406871567649,-0.15233938914588227,-0.03993928508719646,0.15748789153016465,False,255.30922177723713
2020-01-16 21:30:00,-273983.35611,-37974.06312,7.275957614183426e-12,97.89091703679992,87.52336056523389,-0.15189847481027124,-0.04396499840042094,0.15813306970408064,False,253.85761466126203
2020-01-16 22:00:00,-274098.27499,-37720.76372,7.275957614183426e-12,97.83569284015157,87.52265144545404,-0.14451319195487708,-0.04376875997912424,0.15099591716035682,False,253.14999583396423
2020-01-16 22:30:00,-274210.37922,-37480.15474,1.4551915228366852e-11,97.7831822070226,87.52194961104487,-0.1398839704608237,-0.042551076799040174,0.14621258266182982,False,253.08084901087523
2020-01-16 23:00:00,-274318.24519,-37242.5655,7.275957614183426e-12,97.73143865206639,87.52127966795709,-0.13701517674376942,-0.04094636343443571,0.14300266898429298,False,253.3614633875998
2020-01-16 23:30:00,-274422.80364,-37011.21466,5.999908354159067e-11,97.68109378241691,87.5206295916032,-0.13254866037560503,-0.04338689736953443,0.13946888624608,False,251.8752755910904
2020-01-17 00:00:00,-274536.8154,-36790.54845,5.820766091346741e-11,97.63270623326326,87.51988098683853,-0.12914737543422428,-0.04891257895245184,0.1380995472886436,False,249.25658962634762
2020-01-17 00:30:00,-274659.08188,-36573.79148,0.0,97.58492391345806,87.51905271632782,-0.12740643371403526,-0.054928904058695806,0.13874286955666684,False,246.67761269178976
2020-01-17 01:00:00,-274793.37076,-36361.99979,0.0,97.53786502176168,87.5181101543398,-0.1267709881744524,-0.06225427334211135,0.14123200059505447,False,243.84542276362026
2020-01-17 01:30:00,-274941.12852,-36150.75951,7.275957614183426e-12,97.49059204689746,87.51704568656957,-0.12617218433987012,-0.07043404951229335,0.14450043401939786,False,240.82810539348466
2020-01-17 02:00:00,-275103.98315,-35944.71139,1.166424738903981e-10,97.4440189441718,87.5158394478982,-0.12568385448637148,-0.08111754293149848,0.14958772359319764,False,237.16142111847068
2020-01-17 02:30:00,-275289.31028,-35739.94479,5.866064565124215e-11,97.3971561862148,87.51443051803643,-0.126784856521091,-0.09566874888733802,0.1588298125565291,False,232.96268944506355
2020-01-17 03:00:00,-275504.28746,-35536.4257,5.866064565124215e-11,97.34981934096938,87.51275515367969,-0.12883101580855927,-0.11101034151335766,0.17006094953626935,False,229.24937817738393
2020-01-17 03:30:00,-275744.99541,-35331.08824,0.0,97.30150044451071,87.51085160427178,-0.12679596421115646,-0.121610799325901,0.17568836914526081,False,226.19580048020316
2020-01-17 04:00:00,-275996.54874,-35139.30177,5.820766091346741e-11,97.25574170731686,87.50883461573514,-0.12249034590512041,-0.13120575499985015,0.17949605841086524,False,223.0324496442525
2020-01-17 04:30:00,-276269.24696,-34953.30998,0.0,97.2106938275332,87.5066216645557,-0.11915808556640403,-0.14108180626221967,0.18466923245105274,False,220.18452913972928
2020-01-17 05:00:00,-276554.26997,-34777.47536,1.166424738903981e-10,97.16748141423811,87.50428631543946,-0.11584424563999932,-0.15239178145905802,0.19142399093155957,False,217.24114701598393
2020-01-17 05:30:00,-276865.6044,-34607.97977,1.166424738903981e-10,97.12497136262868,87.50170869895184,-0.11181878149227334,-0.1713594384773206,0.2046154858501169,False,213.12603057112443
2020-01-17 06:00:00,-277216.32985,-34454.55203,7.275957614183426e-12,97.08482322119276,87.49876189634806,-0.1024281144219677,-0.1829846834062497,0.20970196228296278,False,209.23850206159676
2020-01-17 06:30:00,-277564.79954,-34323.30271,1.4551915228366852e-11,97.04933547870957,87.49580954800828,-0.09362472896626632,-0.17842745884881267,0.20149925048310122,False,207.68696359907108
2020-01-17 07:00:00,-277895.17715,-34198.88117,5.866064565124215e-11,97.01577013854741,87.49300957995094,-0.08865893645549178,-0.17890634141002662,0.1996694418536295,False,206.36120360213226
2020-01-17 07:30:00,-278243.02449,-34085.18778,1.4551915228366852e-11,96.98402211595887,87.49004178407964,-0.08847935971554478,-0.18924355979969687,0.20890601241068724,False,205.0580753630823
2020-01-17 08:00:00,-278610.12931,-33965.55709,0.0,96.95067012396521,87.4869084626928,-0.09369844988325629,-0.19902137726405875,0.21997478973420545,False,205.21086431926602
2020-01-17 08:30:00,-278995.05587,-33837.05666,0.0,96.91516847967793,87.48362541595505,-0.09712581519289587,-0.20119742875540186,0.22341403114994718,False,205.76840889937543
2020-01-17 09:00:00,-279371.26915,-33705.65447,5.820766091346741e-11,96.87938528570537,87.48042198480844,-0.09721192786493213,-0.19645722226960602,0.2191930635332837,False,206.3273519649907
2020-01-17 09:30:00,-279739.12849,-33574.32695,5.820766091346741e-11,96.84391047852861,87.47729177106858,-0.0961802889948863,-0.1938152660776271,0.21636775488940407,False,206.39277880710534
2020-01-17 10:00:00,-280105.29312,-33445.01817,1.166424738903981e-10,96.80897153344657,87.47417351687031,-0.09396637721636988,-0.18895021962275974,0.21102574616064804,False,206.44150705656017
2020-01-17 10:30:00,-280454.65782,-33319.08049,5.866064565124215e-11,96.77519988080675,87.47120016172374,-0.09131810592823554,-0.18021574682126723,0.2020314625811226,False,206.87203784410553
2020-01-17 11:00:00,-280788.32262,-33195.10761,1.4551915228366852e-11,96.74227642059596,87.46836348901178,-0.09064800915068563,-0.1740679989246735,0.1962567955832942,False,207.5087901121392
2020-01-17 11:30:00,-281115.28155,-33068.57479,7.275957614183426e-12,96.7090706127174,87.4655883013048,-0.08889798833898743,-0.1710426811157595,0.19276527460615445,False,207.46277418461273
2020-01-17 12:00:00,-281437.24847,-32949.20363,7.275957614183426e-12,96.67749307167865,87.46284920787433,-0.08698379149179974,-0.1687147019052803,0.189817888043452,False,207.27415389313745
2020-01-17 12:30:00,-281754.9466,-32828.18305,7.275957614183426e-12,96.64575250489786,87.46014902515152,-0.0877316123180589,-0.16776459719460976,0.18931929608942627,False,207.60708062928768
2020-01-17 13:00:00,-282073.69442,-32705.38766,7.275957614183426e-12,96.61369923452035,87.45744055577146,-0.08768769107003682,-0.1674549895606786,0.18902461398971615,False,207.6387720569558
2020-01-17 13:30:00,-282390.13067,-32584.03976,5.820766091346741e-11,96.58205741354644,87.45475036946752,-0.08663577997178545,-0.16657218213564787,0.18775529348796285,False,207.47937143674994
2020-01-17 14:00:00,-282705.15233,-32464.29125,5.832123694519905e-11,96.55083482844832,87.45207035842073,-0.08701587511792369,-0.16666387220438147,0.18801225710228706,False,207.5692417252265
2020-01-17 14:30:00,-283021.94114,-32341.27753,5.832123694519905e-11,96.51898499924457,87.44937718746135,-0.08651702663307417,-0.1666019784257491,0.1877269695936144,False,207.44301990216997
2020-01-17 15:00:00,-283336.40249,-32222.93679,1.166424738903981e-10,96.48818808881335,87.44669920981794,-0.08563851549378582,-0.16809704132928077,0.18865463323130263,False,206.99696785636675
2020-01-17 15:30:00,-283658.05186,-32103.33437,1.166424738903981e-10,96.45704183456027,87.44395780156876,-0.0840809916247513,-0.1686684645169655,0.18846395961857626,False,206.49619025865647
2020-01-17 16:00:00,-283973.79728,-31990.45073,3.637978807091713e-12,96.42743342282193,87.4412614432371,-0.0827728060096459,-0.1686842095335382,0.1878981105830101,False,206.13704022416607
2020-01-17 16:30:00,-284294.85555,-31875.20517,1.0913936421275139e-11,96.39729866975645,87.43851947562504,-0.08237829880771938,-0.1693690761068263,0.18834029854424097,False,205.93751695799114
2020-01-17 17:00:00,-284612.77282,-31763.67273,5.820766091346741e-11,96.36803635111545,87.43580106683045,-0.08240613589808973,-0.16971507737373503,0.1886636656105974,False,205.89915915717825
2020-01-17 17:30:00,-284934.96422,-31648.13942,0.0,96.33794699219801,87.43304790170001,-0.08113211484188909,-0.16915491387579384,0.18760545020612998,False,205.62386821435354
2020-01-17 18:00:00,-285250.25158,-31540.60668,5.832123694519905e-11,96.30966114859194,87.43034760962624,-0.07896636910476662,-0.16783127968757244,0.1854805269864155,False,205.19747428304981
2020-01-17 18:30:00,-285566.73969,-31431.98445,7.275957614183426e-12,96.28119250811933,87.42763706970791,-0.07798100305762456,-0.16477216958328128,0.1822934576638856,False,205.32658447772434
2020-01-17 19:00:00,-285870.58478,-31326.45896,0.0,96.25367144565779,87.42503542427438,-0.07486484468502291,-0.1586000094768061,0.17538160672019057,False,205.26897682315254
2020-01-17 19:30:00,-286163.6604,-31226.26979,7.275957614183426e-12,96.22749428145333,87.42252387771484,-0.07195765877069882,-0.15290777769584912,0.1689931748197055,False,205.20144805698908
2020-01-17 20:00:00,-286445.90503,-31128.65281,5.866064565124215e-11,96.20210922838888,87.42010573340251,-0.0684714122556156,-0.1483041880783705,0.16334768592748156,False,204.78256915395082
2020-01-17 20:30:00,-286721.06113,-31038.89532,1.166424738903981e-10,96.1784756228263,87.41774262064972,-0.06416358869197993,-0.14588724535883502,0.1593739453995618,False,203.74067590994542
2020-01-17 21:00:00,-286992.90889,-30955.53007,0.0,96.1562171211757,87.41540238673952,-0.06213546168405509,-0.14485833710256393,0.15762218570623468,False,203.21640432156394
2020-01-17 21:30:00,-287263.532,-30872.42202,0.0,96.13407555174746,87.41307242066772,-0.061413673412070074,-0.1449135029906316,0.15738984284565571,False,202.96700652507354
2020-01-17 22:00:00,-287535.23519,-30791.45193,1.1647215137477994e-10,96.11237223335127,87.41073041142967,-0.060027835087119494,-0.14516969146753494,0.15709099371391633,False,202.4651509373259
2020-01-17 22:30:00,-287806.18192,-30713.19732,1.1647215137477994e-10,96.09125853016187,87.40839218596588,-0.05854389321251688,-0.1437613524751088,0.15522472064059595,False,202.1576130807323
2020-01-17 23:00:00,-288072.21813,-30636.80131,7.275957614183426e-12,96.07065111787738,87.40609557742839,-0.05783443957485351,-0.14178128444823762,0.15312333271167217,False,202.19118966317643
2020-01-17 23:30:00,-288335.75083,-30560.13944,3.637978807091713e-12,96.0500800585432,87.40382117904194,-0.05616123397401336,-0.13849023831244614,0.14944440541325726,False,202.0737772793962
2020-01-18 00:00:00,-288589.31541,-30488.29457,0.0,96.03069753806852,87.40163068940771,-0.05244224455244707,-0.13248615640529163,0.14248779124102548,False,201.59523852927575
2020-01-18 00:30:00,-288829.89617,-30422.50118,5.820766091346741e-11,96.0128031914052,87.39954986304336,-0.049639841526101895,-0.1298316900637164,0.13899777556327086,False,200.9238522018319
2020-01-18 01:00:00,-289072.85744,-30359.53413,1.1641532182693481e-10,95.99544253162288,87.39744493668472,-0.04796579587695088,-0.13366147638637138,0.14200742179158748,False,199.74104667411999
2020-01-18 01:30:00,-289326.48151,-30301.0279,5.820766091346741e-11,95.97876500733351,87.39524063820978,-0.04542928112980853,-0.1356383964121271,0.14304402876465874,False,198.51721034635528
2020-01-18 02:00:00,-289575.53447,-30247.73939,7.275957614183426e-12,95.96323036350864,87.39307197953256,-0.04155358486525664,-0.131904996422444,0.13829543917410672,False,197.48581472209918
2020-01-18 02:30:00,-289814.31117,-30201.57757,1.1641532182693481e-10,95.9493247247881,87.39098804810335,-0.03821369835722651,-0.1260039832848866,0.13167114545637962,False,196.87117235796015
2020-01-18 03:00:00,-290040.96452,-30157.92762,5.832123694519905e-11,95.9361784992159,87.38900962506688,-0.03730212590973854,-0.12263039324985192,0.1281782428729592,False,196.91888867484778
2020-01-18 03:30:00,-290267.30141,-30113.66704,3.637978807091713e-12,95.92293934111436,87.38703444716671,-0.03634344942782273,-0.12043795324411247,0.12580201468157706,False,196.791754048004
2020-01-18 04:00:00,-290485.72765,-30072.53077,3.637978807091713e-12,95.91048968664441,87.38512671575748,-0.03431125274079138,-0.11819282901028816,0.12307236446131063,False,196.1879569271334
2020-01-18 04:30:00,-290703.25314,-30034.61828,5.820766091346741e-11,95.89870500499617,87.38322391738826,-0.030545844119843853,-0.11083611082607177,0.11496822193999115,False,195.40792428590765
2020-01-18 05:00:00,-290893.92606,-30004.15426,5.832123694519905e-11,95.88892870025695,87.38155337601656,-0.025398866030467107,-0.10209924979458175,0.10521102225646331,False,193.96970346106184
2020-01-18 05:30:00,-291078.25207,-29981.3764,5.832123694519905e-11,95.8807892194927,87.3799322473139,-0.02046042598906221,-0.09855569618234328,0.100657112424509,False,191.7281607640457
2020-01-18 06:00:00,-291254.40621,-29967.23688,3.637978807091713e-12,95.87450496780976,87.37837594807011,-0.016376171557971574,-0.0937403706294207,0.09516005506848593,False,189.9094058387695
2020-01-18 06:30:00,-291419.97915,-29957.27133,3.637978807091713e-12,95.86925181445386,87.37691005868196,-0.012505105226600076,-0.09043469238791463,0.09129518740889404,False,187.87280649345308
2020-01-18 07:00:00,-291582.86796,-29955.74634,5.832123694519905e-11,95.86569937740651,87.37546033493327,-0.008637181794032786,-0.09056449928650932,0.09097543316939645,False,185.44785011487681
2020-01-18 07:30:00,-291747.482,-29959.6598,5.832123694519905e-11,95.86317334231585,87.37399025615322,-0.006893193065276644,-0.08992997694182751,0.09019377397244671,False,184.3831891259639
2020-01-18 08:00:00,-291907.45723,-29964.13254,7.275957614183426e-12,95.8608512500418,87.37256098644461,-0.005492981716700027,-0.0868740801330521,0.08704756542893063,False,183.61795204797488
2020-01-18 08:30:00,-292060.61316,-29971.92389,5.820766091346741e-11,95.85931177434377,87.37118942995055,-0.0029003075059421636,-0.08407069917518296,0.08412071233312955,False,181.9758311034327
2020-01-18 09:00:00,-292209.59644,-29984.64281,0.0,95.85881308983663,87.36985054030143,-0.002646915313449908,-0.08317288656912576,0.08321499396693625,False,181.82278041494146
2020-01-18 09:30:00,-292359.44419,-29993.00905,5.820766091346741e-11,95.85745357045005,87.36850792708964,-0.005002644279039381,-0.07983183118523293,0.07998842241331013,False,183.58573884147535
2020-01-18 10:00:00,-292497.32845,-29996.05705,7.275957614183426e-12,95.8553023754946,87.36727675221152,-0.007673663937351518,-0.07542136894900577,0.07581073810724613,False,185.80950456980167
2020-01-18 10:30:00,-292632.36276,-29993.2272,5.866064565124215e-11,95.85207091568171,87.36607633089557,-0.006109532567025219,-0.0732465191408575,0.07350087723585037,False,184.7680354332419
2020-01-18 11:00:00,-292761.88425,-30001.06304,0.0,95.85101744584273,87.3649152788977,-0.0029232433635590013,-0.07140729837988555,0.07146710861421915,False,182.34424268235142
2020-01-18 11:30:00,-292889.16261,-30008.96423,0.0,95.85002204689995,87.36377415001236,0.00021025637191946465,-0.063981866345861,0.06398221181579732,False,179.8117160368954
2020-01-18 12:00:00,-292990.94226,-30025.29285,3.637978807091713e-12,95.85116391611345,87.36285249430529,0.004913049856938956,-0.05986302744870943,0.06006429983127837,False,175.3081635590305
2020-01-18 12:30:00,-293101.74364,-30048.52884,5.820766091346741e-11,95.85346232068048,87.361844155448,0.007728968296276977,-0.061532430672798184,0.06201594130082659,False,172.8406838079694
2020-01-18 13:00:00,-293208.46637,-30075.56335,5.832123694519905e-11,95.85657439948024,87.3608686773504,0.009790340720058733,-0.05867509252322038,0.05948627786324601,False,170.52707629444717
2020-01-18 13:30:00,-293308.27507,-30105.14375,3.637978807091713e-12,95.86031348373619,87.35995245916742,0.011588081487939082,-0.055700738299814076,0.056893372898040515,False,168.24772116664843
2020-01-18 14:00:00,-293403.68159,-30137.53649,7.275957614183426e-12,95.86468080368927,87.35907287405084,0.013862763555289922,-0.05248554504291169,0.05428543683016087,False,165.20460789903552
2020-01-18 14:30:00,-293491.13472,-30174.09507,3.637978807091713e-12,95.87000790881176,87.35826031222894,0.018533167104783983,-0.0463211118347194,0.04989111829312337,False,158.1935551540215
2020-01-18 15:00:00,-293562.73969,-30220.96049,3.637978807091713e-12,95.87763724061678,87.35757946100378,0.022173290456005416,-0.03980545848313539,0.04556456226826936,False,150.880380424171
2020-01-18 15:30:00,-293625.50672,-30268.17377,5.866064565124215e-11,95.88550570664943,87.35697697533853,0.02515212352222271,-0.03205081801625452,0.04074167710328349,False,141.8766799559599
2020-01-18 16:00:00,-293668.22959,-30322.86231,5.820766091346741e-11,95.89521307363465,87.35654612351833,0.02509872577415029,-0.028243324002712972,0.03778400966292777,False,138.37377218939923
2020-01-18 16:30:00,-293717.36461,-30368.49441,5.820766091346741e-11,95.90304131919227,87.35606641835992,0.021503098949107825,-0.02790718913064246,0.0352305899693515,False,142.3849629779171
2020-01-18 17:00:00,-293760.20136,-30410.19543,0.0,95.9102339598741,87.35564639408852,0.021280189155910408,-0.02607528014027555,0.03365659942574673,False,140.78191377742655
2020-01-18 17:30:00,-293802.84823,-30454.36179,3.637978807091713e-12,95.91790377986258,87.35522574325226,0.02139904136317633,-0.025279287991448015,0.033120407192809384,False,139.75192189164017
2020-01-18 18:00:00,-293842.77907,-30496.20439,5.820766091346741e-11,95.92517726575413,87.35483138709792,0.019178897590920913,-0.023898562812399677,0.03064264050797915,False,141.252518220019
2020-01-18 18:30:00,-293881.29603,-30531.9183,5.866064565124215e-11,95.9312948193398,87.35445525490744,0.01567715540812318,-0.023460909220993233,0.028216793991630785,False,146.2481815834401
2020-01-18 19:00:00,-293920.95415,-30561.06768,0.0,95.93612177272314,87.35407500818806,0.012781504190561916,-0.022969307333763542,0.02628604056845069,False,150.90580561877425
2020-01-18 19:30:00,-293958.78345,-30586.2367,1.166424738903981e-10,95.94021653016522,87.35371472222711,0.011427990738483213,-0.021401873751328206,0.024261887238767092,False,151.89905339955413
2020-01-18 20:00:00,-293993.3295,-30609.96116,5.866064565124215e-11,95.94409757418902,87.35338500789811,0.011866775315399584,-0.020626721333685122,0.023796680217284046,False,150.08771762218345
2020-01-18 20:30:00,-294028.21636,-30636.41723,1.16925793408796e-10,95.94849738510813,87.35304971054695,0.012301811995761728,-0.01957258664855671,0.023117541532228888,False,147.8497124653898
2020-01-18 21:00:00,-294058.8218,-30661.31144,0.0,95.95268108505107,87.35275398418463,0.011887561589379834,-0.017571298585239946,0.021214727302347164,False,145.92035544037202
2020-01-18 21:30:00,-294086.69378,-30685.54186,0.0,95.95679088910072,87.35248320825882,0.010395643426376734,-0.014317278242575674,0.01769332807935524,False,144.01694523601913
2020-01-18 22:00:00,-294106.20186,-30703.88265,5.922200433305882e-11,95.95993314504939,87.35229239478744,0.00990354994785246,-0.010899242035238331,0.014726635003024782,False,137.74027878448197
2020-01-18 22:30:00,-294122.01703,-30725.07605,1.0913936421275139e-11,95.96369897750927,87.35213181252345,0.009601748319037741,-0.007210096768388138,0.012007458773265272,False,126.90343505135388
2020-01-18 23:00:00,-294128.42635,-30740.95869,0.0,95.96663046034534,87.35205994190429,0.006198210354800387,-0.0001084505882563468,0.0061991590665547444,False,91.00240660509411
2020-01-18 23:30:00,-294120.08586,-30747.30931,0.0,95.96802219321934,87.35212831873719,0.0037288808028498027,0.0070488498397541675,0.007974386252575438,False,27.879089532995977
2020-01-19 00:00:00,-294101.79229,-30751.67149,0.0,95.96923136732056,87.35228719859546,0.0018308586878065622,0.012049699737144193,0.012187998494012444,False,8.6395693617456
2020-01-19 00:30:00,-294076.25671,-30749.3535,7.275957614183426e-12,95.9692992153264,87.35251680433429,-0.00010900265575649443,0.01575344639296449,0.01575382349891505,False,359.60356024273483
2020-01-19 01:00:00,-294045.4282,-30745.38337,3.637978807091713e-12,95.96915530650836,87.35279509319295,-0.0024525588993721073,0.022241441673857706,0.022376254666197012,False,353.70742945126244
2020-01-19 01:30:00,-293997.53983,-30732.24552,5.922200433305882e-11,95.96758789585678,87.3532338723099,0.00033589107312049496,0.025289942229806805,0.025292172718055828,False,0.7609352836624339
2020-01-19 02:00:00,-293954.75207,-30737.12058,1.166424738903981e-10,95.96939020238311,87.35361044610036,0.010587480582767124,0.020537092766276875,0.023105560464553393,False,27.27244822567758
2020-01-19 02:30:00,-293920.04335,-30762.4649,0.0,95.9749770767748,87.35389598131323,0.015610387701878108,0.01994848274400232,0.02533034085816268,False,38.044426957512485
2020-01-19 03:00:00,-293877.47785,-30785.53721,1.0913936421275139e-11,95.9802857340824,87.35425359063613,0.013619584556392122,0.026610169174950658,0.029893045796777033,False,27.104219631935166
2020-01-19 03:30:00,-293819.65978,-30801.24788,3.637978807091713e-12,95.98448435512822,87.35475390298942,0.011442643528525873,0.026119954779040076,0.0285164185791276,False,23.657289786331603
2020-01-19 04:00:00,-293779.66367,-30816.70255,5.820766091346741e-11,95.98827452033589,87.35509570469402,0.009825233765084814,0.020390359010745714,0.022634088431515452,False,25.727409805606044
2020-01-19 04:30:00,-293742.96498,-30828.76771,5.820766091346741e-11,95.991344956169,87.35541129431084,0.010255716418588407,0.017404961932073304,0.020201792472833314,False,30.5083339274409
2020-01-19 05:00:00,-293713.49436,-30846.88134,7.275957614183426e-12,95.99543670840787,87.35565684123274,0.01069153949634679,0.01472260053697617,0.01819516373582042,False,35.98711975232857
2020-01-19 05:30:00,-293686.23332,-30861.51077,0.0,95.99881209753352,87.35588595605056,0.005778819921986058,0.01793845060432286,0.018846293263516677,False,17.856194890535676
2020-01-19 06:00:00,-293647.09541,-30860.82222,1.1647215137477994e-10,95.99947292000618,87.35623518484167,-6.189706588472258e-05,0.021680525110457108,0.021680613467149085,False,359.83642319611874
2020-01-19 06:30:00,-293608.63421,-30853.13144,5.832123694519905e-11,95.99876867725155,87.35658494040003,-0.004034806458222583,0.02321329806246869,0.02356134270563389,False,350.1396767209601
2020-01-19 07:00:00,-293565.50314,-30837.64302,1.166424738903981e-10,95.99665369900418,87.35698358445268,-0.007823430229475216,0.02600587367791254,0.027157163443684816,False,343.25696864674865
2020-01-19 07:30:00,-293518.4677,-30815.34057,3.637978807091713e-12,95.99330162398356,87.35742337199542,-0.009874587369197328,0.026814369537428356,0.028574777154016042,False,339.78340195959004
2020-01-19 08:00:00,-293473.21074,-30792.20972,5.832123694519905e-11,95.98975242721691,87.35784808420715,-0.011462143107655752,0.02485931002230932,0.027374550579062823,False,335.246494568193
2020-01-19 08:30:00,-293433.76866,-30764.96343,5.832123694519905e-11,95.98528948319014,87.35822483779478,-0.012682629482462088,0.024953955503267095,0.027991945017244703,False,333.05844443320336
2020-01-19 09:00:00,-293388.62706,-30737.43385,5.820766091346741e-11,95.98088588776284,87.35865260447862,-0.015187835902921817,0.031262749822134894,0.034756724325739854,False,334.0889372120751
2020-01-19 09:30:00,-293327.53246,-30698.85793,3.637978807091713e-12,95.97466925188084,87.35923274667874,-0.016528316761613725,0.03047493222254942,0.03466852677777384,False,331.5264647102614
2020-01-19 10:00:00,-293285.70673,-30666.83557,5.832123694519905e-11,95.96932703599494,87.35963512570834,-0.019092441066328944,0.022537881207023488,0.02953772833467642,False,319.731173860564
2020-01-19 10:30:00,-293253.98397,-30622.05997,5.832123694519905e-11,95.96131437346585,87.35995935750935,-0.023337491871305367,0.022883296791774824,0.03268461104103422,False,314.4369930868641
2020-01-19 11:00:00,-293212.49789,-30574.71921,3.637978807091713e-12,95.95300069269712,87.36037288510249,-0.025390880488537357,0.029533372228312253,0.03894761722055962,False,319.31319070026876
2020-01-19 11:30:00,-293157.71726,-30520.11899,7.275957614183426e-12,95.94354846700519,87.36091151021937,-0.027867541592631967,0.03625740979456146,0.04572963633605491,False,322.4540244215594
2020-01-19 12:00:00,-293093.06119,-30461.41951,5.820766091346741e-11,95.93349811289151,87.36154182521848,-0.02934771262249395,0.036020015313638125,0.046462132316190737,False,320.8281866127455
2020-01-19 12:30:00,-293039.66157,-30401.62852,7.275957614183426e-12,95.92300589721522,87.3620727976066,-0.034328407634522766,0.033524695813166014,0.04798275523651463,False,314.32137014285064
2020-01-19 13:00:00,-292985.76928,-30326.04287,0.0,95.90946331218541,87.36262263716206,-0.040498520649318935,0.03592553314962144,0.0541366244502542,False,311.57567439938373
2020-01-19 13:30:00,-292926.0275,-30243.29302,7.275957614183426e-12,95.89464546750263,87.36323102771686,-0.044267776158358765,0.04076570887407643,0.06017872569282695,False,312.6416309091261
2020-01-19 14:00:00,-292856.15533,-30152.44969,3.637978807091713e-12,95.87845592038894,87.36393691254747,-0.04683295466086919,0.04798553976400837,0.06705175365872437,False,315.6964359643265
2020-01-19 14:30:00,-292771.45559,-30057.88839,3.637978807091713e-12,95.86183251121446,87.36477808264644,-0.04696511177306495,0.05245483839439802,0.07040761176775488,False,318.16052337309566
2020-01-19 15:00:00,-292685.57288,-29964.97342,3.637978807091713e-12,95.84554089180699,87.36562806811814,-0.044308391098463004,0.05336047949778031,0.0693583037131632,False,320.29512662891034
2020-01-19 15:30:00,-292596.6024,-29879.64304,5.866064565124215e-11,95.83076972897142,87.36649845045335,-0.04528928621449282,0.053373907882956075,0.06999923919955509,False,319.6844430778626
2020-01-19 16:00:00,-292510.98439,-29783.25529,0.0,95.81377896390374,87.36734882130703,-0.04859519847176781,0.05229377074557361,0.0713871961439943,False,317.09951322551274
2020-01-19 16:30:00,-292427.03407,-29686.53051,5.820766091346741e-11,95.79667902774408,87.36818440637397,-0.05169974129681125,0.052062666665905984,0.0733715510979729,False,315.2004001983055
2020-01-19 17:00:00,-292343.31495,-29579.1582,3.637978807091713e-12,95.77749805973261,87.36902729732887,-0.055388583717834415,0.05253402085259777,0.07633949536909927,False,313.48487460160857
2020-01-19 17:30:00,-292258.94488,-29469.10637,5.832123694519905e-11,95.7577975237025,87.36987810078509,-0.055292335416987276,0.053360775132870714,0.07684149060660796,False,313.9815423108706
2020-01-19 18:00:00,-292172.15495,-29361.83802,1.0913936421275139e-11,95.73867184132995,87.37074766310737,-0.05546337191467465,0.05399041528930254,0.07740252300317396,False,314.2289978615278
2020-01-19 18:30:00,-292085.51857,-29251.00404,0.0,95.71883803020448,87.37161874591007,-0.05572222623650402,0.05209809401238283,0.07628353620851105,False,313.0748588731683
2020-01-19 19:00:00,-292005.52446,-29143.54733,3.637978807091713e-12,95.69951842620614,87.37242731842005,-0.059694992823644086,0.057060213983291065,0.08257941746000563,False,313.7072431849016
2020-01-19 19:30:00,-291902.45951,-29016.76423,5.820766091346741e-11,95.67687661837022,87.37345831619699,-0.06567911437231781,0.06350888452216807,0.09136259890120291,False,314.03757843578387
2020-01-19 20:00:00,-291801.40247,-28885.64629,7.275957614183426e-12,95.65333548676462,87.37447483318985,-0.06661797063062339,0.06292173236016214,0.091635683083319,False,313.3655867536391
2020-01-19 20:30:00,-291700.66799,-28755.79186,1.1647215137477994e-10,95.63001573133795,87.3754869214599,-0.06399191411870722,0.06174591898063174,0.08892425756416941,False,313.97666155796344
2020-01-19 21:00:00,-291602.7898,-28634.57954,0.0,95.60830526092732,87.37646555452838,-0.06503942914004174,0.06385758943643345,0.09114778698078527,False,314.47467730146576
2020-01-19 21:30:00,-291494.76311,-28500.30446,1.0913936421275139e-11,95.58422858902293,87.37754565045655,-0.0687107590727039,0.06484457614374338,0.09447744422669832,False,313.3418549409584
2020-01-19 22:00:00,-291394.5274,-28365.67887,1.166424738903981e-10,95.5599160827783,87.37855614234259,-0.07117909938971934,0.06968375692589143,0.09961069304667178,False,314.3917942867708
2020-01-19 22:30:00,-291269.90847,-28220.9601,5.866064565124215e-11,95.53407839759485,87.37979222716976,-0.07251095550766187,0.0770865529847289,0.10583088074707465,False,316.7519056374434
2020-01-19 23:00:00,-291143.48335,-28079.09353,0.0,95.50880642282178,87.38104142700018,-0.07122715835950366,0.0775484008017472,0.1052951212301797,False,317.43294534877737
2020-01-19 23:30:00,-291016.63939,-27938.92623,0.0,95.48384968086663,87.38229239591404,-0.06953125651860022,0.07847478724899215,0.1048469735701988,False,318.45799552237884
2020-01-20 00:00:00,-290886.18827,-27802.9286,3.637978807091713e-12,95.45975023286717,87.38357147222037,-0.06918176880546315,0.07906003810153511,0.10505525574510177,False,318.8123364056161
2020-01-20 00:30:00,-290757.01112,-27663.92153,5.820766091346741e-11,95.43501583429531,87.38484127980789,-0.07015742373429729,0.07702727840828869,0.10418860649812797,False,317.6723444002988
2020-01-20 01:00:00,-290634.05902,-27525.23257,5.820766091346741e-11,95.4102043742395,87.38605483010333,-0.06824526832527117,0.0732863466366823,0.1001414262537748,False,317.03990085517637
2020-01-20 01:30:00,-290517.51996,-27394.45758,5.820766091346741e-11,95.38679873300957,87.38720405793984,-0.0658716354874399,0.0718978142680991,0.09751086123258386,False,317.5045803813532
2020-01-20 02:00:00,-290398.63224,-27264.84309,5.866064565124215e-11,95.36364259175247,87.38837281898827,-0.06660607311467326,0.07378527641784027,0.09940138827910955,False,317.92738877902667
2020-01-20 02:30:00,-290275.47,-27130.89571,1.0913936421275139e-11,95.33969607464284,87.38958287853717,-0.06670360147961578,0.07595459033223145,0.10108644935345443,False,318.71027774766526
2020-01-20 03:00:00,-290148.72918,-27000.30607,7.275957614183426e-12,95.31644990368873,87.390821605532,-0.06830261527561925,0.07653417090804318,0.10258034202551101,False,318.2528102474425
2020-01-20 03:30:00,-290023.91549,-26860.53509,1.4551915228366852e-11,95.2913482937225,87.39205030130383,-0.07167845837842979,0.07902608244144305,0.10669078264569083,False,317.7912546562827
2020-01-20 04:00:00,-289889.24435,-26717.12714,5.832123694519905e-11,95.26568831467274,87.3933693911396,-0.07250958053592922,0.08285227580487116,0.11010058526430658,False,318.80865488821513
2020-01-20 04:30:00,-289750.86229,-26573.22886,5.866064565124215e-11,95.23997294861906,87.39472145258739,-0.06981319694258403,0.08252407549357393,0.10809304095737668,False,319.76965745403936
2020-01-20 05:00:00,-289616.3523,-26439.71781,7.275957614183426e-12,95.21619952215642,87.39602999976827,-0.06759094063326862,0.08005637977772136,0.104773847876294,False,319.82587361656965
2020-01-20 05:30:00,-289485.97475,-26304.70743,7.275957614183426e-12,95.19203416129633,87.39730245654,-0.06674713653760375,0.07855169411332802,0.10308030308474732,False,319.6446974875849
2020-01-20 06:00:00,-289356.47128,-26174.82355,5.866064565124215e-11,95.16883650868405,87.39856251769652,-0.06292674932946297,0.07786611359153037,0.10011447161635614,False,321.05692349129856
2020-01-20 06:30:00,-289227.2055,-26053.83823,1.0913936421275139e-11,95.14736079093275,87.39981288302286,-0.06137144875495705,0.07666283905429602,0.09820206522343211,False,321.32143142805785
2020-01-20 07:00:00,-289101.42,-25930.0165,5.832123694519905e-11,95.12524538856864,87.40103410852845,-0.061854173521505615,0.07570439052652121,0.09776038833300818,False,320.7495043494438
2020-01-20 07:30:00,-288975.65161,-25807.70702,1.0913936421275139e-11,95.10340636390745,87.40225358878776,-0.06309457771199613,0.07285767220317942,0.09638032027089898,False,319.1075118777455
2020-01-20 08:00:00,-288860.37709,-25680.44505,3.637978807091713e-12,95.08038856655797,87.40338301009966,-0.066628715719558,0.0688900135581329,0.0958395519943484,False,315.95596232581136
2020-01-20 08:30:00,-288749.86257,-25546.82437,5.866064565124215e-11,95.05601586915027,87.40447456852384,-0.06350502119485608,0.06887959827843745,0.09368717508793849,False,317.3248287295681
2020-01-20 09:00:00,-288633.5234,-25430.86332,5.866064565124215e-11,95.03520226367934,87.40560374248302,-0.05857208614202445,0.06925815370231649,0.09070491237679704,False,319.7785742822856
2020-01-20 09:30:00,-288520.00206,-25314.89549,7.275957614183426e-12,95.01432047948978,87.40670744022049,-0.05990220719585813,0.06706522481653762,0.0899222931570823,False,318.2289862445788
2020-01-20 10:00:00,-288411.86124,-25194.93814,5.820766091346741e-11,94.99254168166992,87.40776589997829,-0.06346800666872393,0.06384348249348257,0.09002320882637321,False,315.16898017480224
2020-01-20 10:30:00,-288310.92165,-25067.27576,5.832123694519905e-11,94.96910184171685,87.40876571424755,-0.0672277664938141,0.06383088484130266,0.09270358378924967,False,313.51529513419473
2020-01-20 11:00:00,-288203.89712,-24933.92363,7.275957614183426e-12,94.94462508120324,87.40982377746198,-0.0642402937056886,0.06421175986735872,0.09082932037980068,False,314.98727253915183
2020-01-20 11:30:00,-288100.553,-24816.94681,5.820766091346741e-11,94.9232984354222,87.41083594716517,-0.061440223729509406,0.06342868432202349,0.08830684620546178,False,315.9123229516084
2020-01-20 12:00:00,-287995.37887,-24693.958,0.0,94.90079877654439,87.41186868648042,-0.06291033089512714,0.06449863652404819,0.0900987449790266,False,315.71422363154284
2020-01-20 12:30:00,-287888.55492,-24571.46098,1.0913936421275139e-11,94.87840615114585,87.41291537297128,-0.0642669406527582,0.06535798821039576,0.09166191293975581,False,315.4822447709491
2020-01-20 13:00:00,-287780.61773,-24443.42585,1.1647215137477994e-10,94.85491938843053,87.4139757954827,-0.06658661504258166,0.06607605474578641,0.09380736811997832,False,314.77949482084614
2020-01-20 13:30:00,-287671.82209,-24312.47724,3.637978807091713e-12,94.83085154891444,87.41504564072893,-0.06700907268527057,0.06689011236094129,0.09468105910792943,False,314.94909660788505
2020-01-20 14:00:00,-287560.98401,-24182.77093,0.0,94.80704355456135,87.41613232358769,-0.06594490423074503,0.0684173453915721,0.09502454180069381,False,316.0541983193127
2020-01-20 14:30:00,-287446.28034,-24055.2704,0.0,94.78371617424106,87.41725141000539,-0.06833123542543801,0.07111536465763864,0.09862328743839131,False,316.1437902652916
2020-01-20 15:00:00,-287326.37495,-23916.28507,3.637978807091713e-12,94.75817994333359,87.41842502450118,-0.06898367522061974,0.07204035123899767,0.0997424666507807,False,316.24168357164706
2020-01-20 15:30:00,-287208.42889,-23786.27222,5.832123694519905e-11,94.73436610279582,87.41957400761592,-0.06698759479929793,0.07161835872475056,0.09806389327077515,False,316.91351504284324
2020-01-20 16:00:00,-287089.33261,-23654.67253,5.832123694519905e-11,94.71023528391329,87.42073397718458,-0.06950494821471193,0.07075370205596457,0.09918177343118034,False,315.51010354244977
2020-01-20 16:30:00,-286975.12282,-23515.98328,5.820766091346741e-11,94.68459730547431,87.42185505994343,-0.0726716846970788,0.06729837943620837,0.09904668410124344,False,312.8015541192238
2020-01-20 17:00:00,-286869.23429,-23374.14176,0.0,94.65817703878588,87.42290364375654,-0.0706141814787563,0.06605261016172909,0.09669182972253698,False,313.0883300843957
2020-01-20 17:30:00,-286758.76359,-23243.30079,0.0,94.63399258540451,87.42398462313554,-0.06561013025807932,0.06774800138355808,0.0943105555277283,False,315.91843294118826
2020-01-20 18:00:00,-286645.22112,-23119.01322,0.0,94.6111384771035,87.42508784552673,-0.06355198590694919,0.06700664823488131,0.09235120909002865,False,316.5157281282279
2020-01-20 18:30:00,-286536.71325,-22995.86152,7.275957614183426e-12,94.5884101846205,87.42614490107296,-0.06428871312851393,0.06751855904849591,0.09322979379847189,False,316.4037124828196
2020-01-20 19:00:00,-286421.44784,-22868.87091,1.1647215137477994e-10,94.56500741451552,87.42726461236865,-0.06595599281820269,0.06675379496255629,0.09384168652863083,False,315.34443687897783
2020-01-20 19:30:00,-286316.05995,-22740.04659,0.0,94.54106359902511,87.4282970138323,-0.06817971720564155,0.059902515873451405,0.09075673664368035,False,311.3024523964798
2020-01-20 20:00:00,-286225.90865,-22607.12072,7.275957614183426e-12,94.51604515262144,87.42919583092159,-0.06786882723889083,0.05846497224556485,0.08957862853637065,False,310.7429494780464
2020-01-20 20:30:00,-286125.47745,-22479.90502,5.820766091346741e-11,94.49230633807557,87.43018193105263,-0.0681769975455468,0.057448376738144784,0.08915390616329333,False,310.1186871108908
2020-01-20 21:00:00,-286038.95378,-22346.23878,1.1641532182693481e-10,94.4670486677837,87.43104791950276,-0.07234136875144975,0.05447751776962095,0.09055977901459675,False,306.9820049812689
2020-01-20 21:30:00,-285950.23784,-22204.99232,0.0,94.44029814829187,87.43193823849056,-0.07889092181881699,0.051850101708960775,0.09440450515019011,False,303.31443280079617
2020-01-20 22:00:00,-285874.84159,-22048.6326,5.820766091346741e-11,94.41031314257836,87.43271947821746,-0.08117452398709357,0.04900024757717253,0.09481733811468993,False,301.1168907308469
2020-01-20 22:30:00,-285796.8312,-21900.06438,1.1647215137477994e-10,94.38190270742601,87.43351802631115,-0.07727637991198653,0.05340058381788907,0.09393221622208789,False,304.6457804473275
2020-01-20 23:00:00,-285704.41666,-21756.56273,5.832123694519905e-11,94.35470344364816,87.43444112147237,-0.07500480720946273,0.05769053035404112,0.09462514674788733,False,307.56596428751897
2020-01-20 23:30:00,-285610.24748,-21615.05684,1.1641532182693481e-10,94.32790918071801,87.43537795786492,-0.07583786053453051,0.0542209658821715,0.0932271110334891,False,305.56321598659633
2020-01-21 00:00:00,-285530.38081,-21469.59462,5.832123694519905e-11,94.30009127629828,87.4361891647488,-0.0769946775923142,0.05119451371314569,0.09246111946039737,False,303.62032157662895
2020-01-21 00:30:00,-285447.24914,-21324.83737,5.820766091346741e-11,94.27244517668883,87.43702845463324,-0.07744662073749616,0.05085543069590267,0.09265124874994038,False,303.2909598060014
2020-01-21 01:00:00,-285368.58097,-21177.9223,0.0,94.2442839538879,87.4378287143783,-0.07893257710858628,0.049015670778666094,0.09291333440839103,False,301.8395163775106
2020-01-21 01:30:00,-285292.30684,-21028.40001,0.0,94.21554910892465,87.4386086892856,-0.07891424821393711,0.04805618342365502,0.09239510450461567,False,301.34004103679314
2020-01-21 02:00:00,-285216.92998,-20881.8824,3.637978807091713e-12,94.18738402146258,87.43937804063935,-0.07973175751493684,0.04564536714368875,0.09187302486640368,False,299.7905614199434
2020-01-21 02:30:00,-285149.38101,-20730.13324,3.637978807091713e-12,94.15804257625472,87.44008025245601,-0.07984415364564725,0.04380591526576962,0.09107165905846622,False,298.7510549254504
2020-01-21 03:00:00,-285080.48536,-20583.76545,0.0,94.12978042148947,87.44079035098274,-0.07857614604301873,0.04311962640126154,0.08962986616055041,False,298.75631987548286
2020-01-21 03:30:00,-285014.92484,-20436.81453,3.637978807091713e-12,94.10133813265303,87.4414704086717,-0.0792538239045092,0.043107543971859466,0.0902187838023366,False,298.5425443558026
2020-01-21 04:00:00,-284946.10147,-20288.08324,5.820766091346741e-11,94.0725710266187,87.44218011420044,-0.08040687825174317,0.043382720502093366,0.09136370454591583,False,298.34863298824564
2020-01-21 04:30:00,-284879.69918,-20136.98896,0.0,94.04328082209454,87.44286903868651,-0.08280641922575449,0.040667190530912896,0.09225358231889412,False,296.1561888026599
2020-01-21 05:00:00,-284821.08322,-19980.39929,5.820766091346741e-11,94.01276540743771,87.44349117971302,-0.08342082143745132,0.037303438482504565,0.09138150782251922,False,294.09284670557815
2020-01-21 05:30:00,-284766.75168,-19828.01262,0.0,93.98301700168435,87.44407170455747,-0.08196610842939991,0.036928777596454306,0.08990093184071303,False,294.25333428716806
2020-01-21 06:00:00,-284708.95707,-19676.79964,5.820766091346741e-11,93.95353809752811,87.4446817547209,-0.08286584132282664,0.03631602923108541,0.09047431479294514,False,293.6654790372886
2020-01-21 06:30:00,-284656.89331,-19521.39146,0.0,93.92312591403775,87.4452424966967,-0.08310730587289482,0.03321718369425187,0.08949975185456421,False,291.78611067607767
2020-01-21 07:00:00,-284610.12514,-19370.13286,1.1647215137477994e-10,93.89345969612239,87.44575268042509,-0.08416602523461235,0.02840911131984817,0.0888312862103039,False,288.65141968652233
2020-01-21 07:30:00,-284575.43052,-19212.14861,5.866064565124215e-11,93.8622702232274,87.44615835853457,-0.08500524324420232,0.02455483680047347,0.08848068370725834,False,286.11202876523885
2020-01-21 08:00:00,-284542.5414,-19058.8547,5.820766091346741e-11,93.83198684853488,87.44654433972667,-0.08372460735202134,0.022251123949893495,0.08663095516779015,False,284.88320879723096
2020-01-21 08:30:00,-284515.64898,-18906.06045,0.0,93.80171461363585,87.44687572563464,-0.08387753803240199,0.019290965682852986,0.08606731518616142,False,282.95220133903445
2020-01-21 09:00:00,-284493.26777,-18752.9554,1.166424738903981e-10,93.77131257503822,87.44716626920498,-0.0825905351291172,0.016183393480662653,0.08416114731551547,False,281.08648847058305
2020-01-21 09:30:00,-284477.07133,-18605.54635,5.832123694519905e-11,93.74196485732561,87.44739749583358,-0.0827505436795301,0.011482967311163396,0.08354346783278191,False,277.9002584700536
2020-01-21 10:00:00,-284471.45925,-18452.99065,5.820766091346741e-11,93.71144183266154,87.4475364477921,-0.08370756127798794,0.008085617384278525,0.08409716418282517,False,275.51729055793135
2020-01-21 10:30:00,-284467.53084,-18302.94692,3.637978807091713e-12,93.68139762825433,87.44765818394393,-0.08395896119225803,0.007506435652050111,0.0842938535166204,False,275.1090030559908
2020-01-21 11:00:00,-284463.89895,-18149.62697,1.1641532182693481e-10,93.65068956115424,87.44777843636788,-0.08411045091508929,0.006828843001773922,0.08438720904190707,False,274.6416060186234
2020-01-21 11:30:00,-284462.27706,-17999.1984,1.1647215137477994e-10,93.62053315247937,87.44787835595473,-0.08253750870897185,0.0074316034648312015,0.08287140082044044,False,275.14498713456817
2020-01-21 12:00:00,-284455.96211,-17851.39552,0.0,93.59096026968405,87.44801804160456,-0.08181664849655745,0.008370661577750411,0.08224373499822624,False,275.8416059544554
2020-01-21 12:30:00,-284450.64978,-17703.34935,3.637978807091713e-12,93.56132282118318,87.44814822097568,-0.08205813357931559,0.008013120685862282,0.08244845292452123,False,275.57734994641066
2020-01-21 13:00:00,-284445.52046,-17554.76481,0.0,93.53157205843843,87.44827637852491,-0.08204748064998882,0.007749448849083507,0.08241263882727486,False,275.3956245702125
2020-01-21 13:30:00,-284440.99916,-17406.82085,0.0,93.5019394013368,87.44839806256618,-0.08221560891085682,0.008127942063808579,0.08261640146348416,False,275.6459892042508
2020-01-21 14:00:00,-284434.39342,-17257.55398,0.0,93.4720638039374,87.44853841421927,-0.08450975065031498,0.00684024025068749,0.08478612411040817,False,274.6274469463334
2020-01-21 14:30:00,-284434.84454,-17101.65286,0.0,93.44076816288899,87.44861855516767,-0.08343424982805114,0.006506586546510651,0.08368757203346794,False,274.45916341172585
2020-01-21 15:00:00,-284429.03873,-16956.32631,5.866064565124215e-11,93.41166800772211,87.44874823526345,-0.08108716856120977,0.007097089381010902,0.0813971595509088,False,275.002020492838
2020-01-21 15:30:00,-284426.71199,-16808.73596,3.637978807091713e-12,93.38206918368178,87.44884735084686,-0.08229400142337784,0.006519529640062938,0.08255184393457589,False,274.5296495894497
2020-01-21 16:00:00,-284423.08676,-16659.19928,1.1647215137477994e-10,93.35209259926427,87.44895841329487,-0.08193562298349606,0.006851550187161519,0.08222159116473483,False,274.78001767341095
2020-01-21 16:30:00,-284419.3359,-16512.83015,5.832123694519905e-11,93.32275083159605,87.44906825645022,-0.0791592075993034,0.006553447479740248,0.07943001839115567,False,274.7326212635629
2020-01-21 17:00:00,-284416.05118,-16373.33778,5.820766091346741e-11,93.29478191252478,87.44916972413202,-0.0811337963860404,0.0019228701471693025,0.08115657918871604,False,271.3576552348069
2020-01-21 17:30:00,-284429.21185,-16220.83343,1.8189894035458565e-12,93.2640096552929,87.44913018494714,-0.0821610366561379,-1.9864681656400242e-05,0.08216103905755338,False,269.98614717578516
2020-01-21 18:00:00,-284432.96336,-16078.04194,5.820766091346741e-11,93.23529540760448,87.44916913127521,-0.07896774827231089,0.0006319359603543257,0.07897027675180737,False,270.4584971887467
2020-01-21 18:30:00,-284442.98451,-15936.87424,3.637978807091713e-12,93.20683581809703,87.44915056394184,-0.07792597717869855,-0.0021122574148649074,0.07795459929113675,False,268.44732382432505
2020-01-21 19:00:00,-284456.2488,-15798.37309,5.823607568738997e-11,93.17887593764702,87.44910104398275,-0.07556140891865532,-0.005517331021591021,0.07576257294584215,False,265.82379725327155
2020-01-21 19:30:00,-284477.90083,-15666.37317,3.637978807091713e-12,93.15212986699568,87.44897271342384,-0.0756393593811915,-0.011392813354257897,0.07649254136006986,False,261.43448619708226
2020-01-21 20:00:00,-284512.17401,-15528.73863,1.1642953181439413e-10,93.1241167806134,87.448733717724,-0.07604598606120573,-0.014748124305176916,0.07746288896330969,False,259.0244814425514
2020-01-21 20:30:00,-284545.83515,-15395.90802,5.820766091346741e-11,93.09708008482889,87.44849726124859,-0.07409996902486007,-0.015497364690317192,0.07570319492485052,False,258.187350200959
2020-01-21 21:00:00,-284582.29552,-15265.38261,1.1641532182693481e-10,93.07048104599461,87.4482340985777,-0.07295489407564763,-0.017158258763715593,0.07494546292732862,False,256.7651348377537
2020-01-21 21:30:00,-284621.58422,-15136.9561,5.823607568738997e-11,93.04427863470507,87.44794409459081,-0.07236922235381789,-0.01797840354846383,0.07456894352374688,False,256.04866125210003
2020-01-21 22:00:00,-284660.76254,-15008.65832,3.637978807091713e-12,93.01810918893698,87.44765448330655,-0.0714171658895396,-0.02012835048482104,0.07419947491009497,False,254.25993904405223
2020-01-21 22:30:00,-284707.48259,-14884.02616,1.1642953181439413e-10,92.99260225015324,87.44729517855961,-0.07007292548281005,-0.022732454936646697,0.07366803508419457,False,252.02634682344228
2020-01-21 23:00:00,-284755.65765,-14761.01226,3.637978807091713e-12,92.96741209882227,87.44692160495589,-0.06849035604998102,-0.02417439171614316,0.07263146760666965,False,250.55897961890142
2020-01-21 23:30:00,-284807.15789,-14642.29674,5.823607568738997e-11,92.94305747418562,87.4465158225811,-0.06821777410796526,-0.02621033357144929,0.0730797255753743,False,248.98244540650066
2020-01-22 00:00:00,-284862.49953,-14520.59681,0.0,92.9180725879136,87.44607658281241,-0.07073945603565233,-0.028822735531007955,0.07638599821767349,False,247.83160000991995
2020-01-22 00:30:00,-284923.74952,-14393.24721,1.8189894035458565e-12,92.89190319805725,87.44558656613403,-0.06853610794429299,-0.029165827998435007,0.07448384801409012,False,246.947618426189
2020-01-22 01:00:00,-284979.81077,-14279.47832,3.637978807091713e-12,92.86851953903582,87.44513634241547,-0.06684156639604621,-0.029127369419323864,0.07291226678390145,False,246.45400197464633
2020-01-22 01:30:00,-285040.51878,-14158.16664,5.823607568738997e-11,92.84358537971153,87.44464748266024,-0.0689220995759039,-0.031365069889840946,0.07572333470698064,False,245.53066695518152
2020-01-22 02:00:00,-285104.89509,-14037.2659,5.823607568738997e-11,92.81870693837728,87.44412514653528,-0.06827103752074361,-0.03104248866079571,0.0749971377214785,False,245.54895194738316
2020-01-22 02:30:00,-285164.22277,-13918.18381,1.8189894035458565e-12,92.79425258964494,87.44364669363166,-0.06782700939100064,-0.02911988172547889,0.07381375694701339,False,246.76490645599668
2020-01-22 03:00:00,-285221.50556,-13798.48948,5.823607568738997e-11,92.76970452240712,87.44318633154,-0.06792700632332398,-0.02824241444517398,0.07356434028618668,False,247.42363447096716
2020-01-22 03:30:00,-285277.59313,-13678.84524,1.1642953181439413e-10,92.745186817267,87.44273617010597,-0.06530174932965044,-0.027614766816904772,0.07090059105440889,False,247.07749763761453
2020-01-22 04:00:00,-285332.06391,-13568.43428,5.823607568738997e-11,92.72254303643085,87.44229607689195,-0.06297334557742537,-0.026997528709038526,0.06851648567760316,False,246.79452877606957
2020-01-22 04:30:00,-285385.44285,-13457.01361,5.832123694519905e-11,92.69971509699283,87.44186577720194,-0.06219206668694483,-0.026338371877350854,0.0675393440295582,False,247.04731762925417
2020-01-22 05:00:00,-285437.32243,-13349.25741,1.1642953181439413e-10,92.67764284255519,87.44144695135341,-0.05955087850722045,-0.027657355632434807,0.06566000648462277,False,245.08831893223365
2020-01-22 05:30:00,-285494.91589,-13247.51593,5.832123694519905e-11,92.6567292404659,87.4409741342563,-0.05740694144698267,-0.028566204583215172,0.06412164198293271,False,243.54465388776276
2020-01-22 06:00:00,-285549.62958,-13147.58132,0.0,92.636211694497,87.44052599437678,-0.056160408038667196,-0.027236530081277785,0.06241650424317229,False,244.12766191887064
2020-01-22 06:30:00,-285602.16265,-13050.06224,1.1647215137477994e-10,92.61620485661142,87.44009604706238,-0.05480082888533627,-0.02699081724384862,0.06108711044083476,False,243.77856818300305
2020-01-22 07:00:00,-285655.70033,-12954.9392,1.1647215137477994e-10,92.59667522404149,87.43965582807964,-0.053159216122132355,-0.02728699450626302,0.059753513100941645,False,242.8282557568657
2020-01-22 07:30:00,-285708.96513,-12863.33602,3.637978807091713e-12,92.57785920678275,87.43921633536108,-0.052115356858139845,-0.02855247945451313,0.05942435951233852,False,241.28295438005966
2020-01-22 08:00:00,-285766.8236,-12772.13691,5.820766091346741e-11,92.55908941996479,87.43873530754036,-0.05241796230044345,-0.030684364055621235,0.06073856245605926,False,239.6561985013002
2020-01-22 08:30:00,-285827.74428,-12679.75172,5.823607568738997e-11,92.54006221334451,87.43822707908909,-0.05225455897166658,-0.031878268396151925,0.06121080729136382,False,238.61442169075733
2020-01-22 09:00:00,-285889.80954,-12589.29133,3.637978807091713e-12,92.52141748217083,87.43770756954797,-0.05170999209057154,-0.033779832177263755,0.06176568905088872,False,236.845205212088
2020-01-22 09:30:00,-285957.42347,-12499.12583,5.823607568738997e-11,92.50279078168926,87.43713802989855,-0.052338446214093295,-0.035352527298900094,0.06315943427964672,False,235.9625472051878
2020-01-22 10:00:00,-286025.1851,-12406.61025,5.820766091346741e-11,92.48370120005983,87.43656781003047,-0.05394991357200303,-0.03536602965058086,0.06450852058195383,False,236.75377601314307
2020-01-22 10:30:00,-286093.03812,-12310.60593,5.820766091346741e-11,92.46392192611135,87.43599783127675,-0.0545049147051006,-0.03713633656643041,0.06595372029374452,False,235.73186050472003
2020-01-22 11:00:00,-286167.18777,-12216.32137,5.820766091346741e-11,92.44444143100037,87.43537055224382,-0.05403066464177552,-0.03997407810337807,0.06721041319503238,False,233.50446154317962
2020-01-22 11:30:00,-286245.10984,-12122.41024,1.8189894035458565e-12,92.42501315618864,87.43470908175173,-0.054315601826271355,-0.04098312095744573,0.06804263961048748,False,232.96410265514317
2020-01-22 12:00:00,-286322.86837,-12027.20297,5.820766091346741e-11,92.40533735856329,87.43404926677302,-0.0531228448209744,-0.041305509010675964,0.06729176559211654,False,232.13325570146057
2020-01-22 12:30:00,-286401.70485,-11937.57724,3.637978807091713e-12,92.38677738228085,87.43337742287662,-0.05031439014004355,-0.03716977156458986,0.06255501397432746,False,233.54485280052066
2020-01-22 13:00:00,-286464.10671,-11851.80088,5.820766091346741e-11,92.36913143072223,87.43285093878399,-0.05016241414181312,-0.042549114929546814,0.06577761757484499,False,229.6944900413776
2020-01-22 13:30:00,-286562.21563,-11763.47883,1.8189894035458565e-12,92.35069190368503,87.43200564230992,-0.05016991350928723,-0.04900457531055655,0.07013179466474083,False,225.67321635410804
2020-01-22 14:00:00,-286647.78266,-11678.57704,5.820766091346741e-11,92.33304896051268,87.43127105854653,-0.05000410107755171,-0.045455193929468195,0.0675765105620257,False,227.72824315238773
2020-01-22 14:30:00,-286733.04675,-11590.27471,5.823607568738997e-11,92.31474015228872,87.43054017211215,-0.05041557311491106,-0.04347569204918908,0.06657226007625748,False,229.22727444211122
2020-01-22 15:00:00,-286811.49786,-11503.55043,5.820766091346741e-11,92.29681098652763,87.42986942139584,-0.052269287072585886,-0.042510729236797315,0.06737388567776605,False,230.8784642048916
2020-01-22 15:30:00,-286893.50354,-11408.38965,5.823607568738997e-11,92.27718077169172,87.42916961444452,-0.05343627783833883,-0.042764450965793406,0.0684414644467949,False,231.3301059398161
2020-01-22 16:00:00,-286972.97193,-11317.44885,1.8189894035458565e-12,92.2584224161579,87.42849072174106,-0.051936635429297794,-0.043105316522632005,0.0674943139251899,False,230.30869263751592
2020-01-22 16:30:00,-287055.93009,-11227.67809,5.820766091346741e-11,92.23987994352132,87.42777991523273,-0.052153454984889665,-0.044044621743320564,0.06826354496635155,False,229.81824816221894
2020-01-22 17:00:00,-287138.74941,-11136.03694,5.823607568738997e-11,92.2209761314382,87.4270707309474,-0.05300193609897654,-0.04436690793067411,0.06912038591883661,False,230.06794266224588
2020-01-22 17:30:00,-287222.92544,-11043.20422,1.8189894035458565e-12,92.20183500051496,87.4263495355721,-0.05370285048442432,-0.044379181761709775,0.0696671222600109,False,230.43021411552877
2020-01-22 18:00:00,-287305.82422,-10948.98756,0.0,92.1824386973514,87.42563995504844,-0.05570165885939684,-0.04464367017368195,0.07138439665826925,False,231.28858284455623
2020-01-22 18:30:00,-287391.16241,-10848.94406,0.0,92.1618747264454,87.42491021797207,-0.05642489149981853,-0.04579397109370854,0.07266949958061984,False,230.937504100245
2020-01-22 19:00:00,-287478.22781,-10752.22146,5.820766091346741e-11,92.1419705012068,87.42416358061415,-0.054071218515193295,-0.047741445355508186,0.07213142364012204,False,228.55754471329698
2020-01-22 19:30:00,-287570.18695,-10660.84742,1.1642953181439413e-10,92.12310592309477,87.42337106261057,-0.05318249517982829,-0.049654688653111505,0.0727596447131918,False,226.96474839056776
2020-01-22 20:00:00,-287663.95483,-10567.51826,0.0,92.10385083883612,87.42256272089085,-0.05791850392078417,-0.052071658373158906,0.07788459861970697,False,228.04285908186029
2020-01-22 20:30:00,-287765.17302,-10459.3631,0.0,92.08160585927935,87.4216922372396,-0.05658821144601592,-0.05245521782028658,0.07716071248525844,False,227.1706011544536
2020-01-22 21:00:00,-287860.06861,-10370.7943,1.8189894035458565e-12,92.06331452206352,87.42087164104254,-0.053479054132194864,-0.0528778481700086,0.07520688836778656,False,225.32387364260734
2020-01-22 21:30:00,-287962.34148,-10273.81703,0.0,92.04331157115637,87.4199874428919,-0.05672605336769537,-0.05520920875288241,0.07915744981866187,False,225.77637264433545
2020-01-22 22:00:00,-288065.97662,-10173.79689,5.823607568738997e-11,92.02270829865122,87.41909170004827,-0.05403232648085746,-0.052926866830994526,0.07563561024728893,False,225.59215028925584
2020-01-22 22:30:00,-288159.62505,-10086.14696,1.1642953181439413e-10,92.00464525914393,87.41828113194425,-0.051097792620790054,-0.05238656396115142,0.07318016462384513,False,224.2864878919919
2020-01-22 23:00:00,-288260.88757,-9996.55445,0.0,91.98615547612927,87.41740276327678,-0.05388321733625273,-0.05423193466596381,0.07644935479204003,False,224.8151973929704
2020-01-22 23:30:00,-288361.46567,-9899.05037,5.820766091346741e-11,91.96611280012293,87.41653268312183,-0.053578669880751925,-0.05447255561903968,0.07640636872578074,False,224.52601452143253
2020-01-23 00:00:00,-288463.49084,-9810.51271,1.8189894035458565e-12,91.94785275558709,87.4156466069743,-0.05545562276707301,-0.05369426719504211,0.07719067577173089,False,225.92450374497355
2020-01-23 00:30:00,-288561.43909,-9706.09571,5.823607568738997e-11,91.92648309052572,87.41480154295583,-0.058047030980126285,-0.05255312881269798,0.0783025488321534,False,227.84374715294118
2020-01-23 01:00:00,-288659.60012,-9608.02158,0.0,91.90638358697952,87.41395232580214,-0.05730724471500537,-0.05367008950679055,0.07851495911284943,False,226.87713174696736
2020-01-23 01:30:00,-288761.40756,-9506.33132,5.820766091346741e-11,91.88555674518071,87.4130712184186,-0.05565760185005373,-0.05028504549837236,0.07500902908632055,False,227.90309276365414
2020-01-23 02:00:00,-288847.121,-9413.71905,1.8189894035458565e-12,91.8666467158546,87.41233117587194,-0.0550656400960345,-0.047378084616039845,0.07264232664962372,False,229.29153153997348
2020-01-23 02:30:00,-288938.33538,-9313.75596,5.823607568738997e-11,91.8462562099314,87.41154373511252,-0.05925233402369336,-0.0486971241572854,0.07669582119284855,False,230.58458204894498
2020-01-23 03:00:00,-289029.21194,-9206.16945,1.1642953181439413e-10,91.82437054161721,87.41076116472587,-0.059619622940995244,-0.04971038714731184,0.07762488022510612,False,230.17891034265529
2020-01-23 03:30:00,-289124.03502,-9104.93138,5.820766091346741e-11,91.80373033810976,87.40994110209641,-0.055080589300702545,-0.04875002253118131,0.07355566609380512,False,228.48901257909677
2020-01-23 04:00:00,-289210.86641,-9013.50159,0.0,91.78509368327454,87.40918950360805,-0.051788994439929986,-0.04502927709171262,0.06862751445667645,False,228.99383072756706
2020-01-23 04:30:00,-289291.8695,-8923.63118,1.8189894035458565e-12,91.76681195431853,87.40848937105565,-0.05063153558089072,-0.0437031018028083,0.06688432927424502,False,229.20056245157735
2020-01-23 05:00:00,-289373.7426,-8836.16552,5.832123694519905e-11,91.74901054232508,87.4077805296868,-0.049206590296423915,-0.04341871736632299,0.06562372700736188,False,228.5755895500899
2020-01-23 05:30:00,-289453.51071,-8751.34068,1.8189894035458565e-12,91.73175370442766,87.40708956613477,-0.049559710286835174,-0.04280588257040171,0.06548670450057827,False,229.1820591668287
2020-01-23 06:00:00,-289533.16513,-8662.48902,5.820766091346741e-11,91.71371057877754,87.40640046375174,-0.05113081886146768,-0.04249199102561448,0.06648255364202793,False,230.27190699896337
2020-01-23 06:30:00,-289611.91818,-8571.92673,5.820766091346741e-11,91.69534418430936,87.40571962612262,-0.05148894510056611,-0.04283261995978119,0.06697570305855816,False,230.24360934480495
2020-01-23 07:00:00,-289692.77895,-8481.77189,5.820766091346741e-11,91.67705575011638,87.40501954748814,-0.0513534631761648,-0.04250461720672313,0.06666198814973777,False,230.38586896504708
2020-01-23 07:30:00,-289770.27973,-8391.61163,1.1641532182693481e-10,91.65879533365627,87.40434928369781,-0.04988504877962986,-0.04214740630093835,0.06530636990097083,False,229.80584894018705
2020-01-23 08:00:00,-289849.64458,-8306.65318,5.823607568738997e-11,91.64156122067274,87.40366073529411,-0.04940638258805755,-0.044316695302854946,0.06636987360997158,False,228.10842797372143
2020-01-23 08:30:00,-289934.84955,-8218.39195,1.1642953181439413e-10,91.62365138670015,87.40292050991309,-0.05036515058445396,-0.046532236623706064,0.0685703831008643,False,227.2652350595556
2020-01-23 09:00:00,-290022.23079,-8130.15788,5.823607568738997e-11,91.60574507756358,87.40216054195797,-0.050208994521509,-0.047104286339323745,0.06884589256010792,False,226.827359583926
2020-01-23 09:30:00,-290109.42341,-8042.46237,1.1641887448640516e-10,91.58795655596285,87.40140187513795,-0.05137135725770715,-0.04736520874845121,0.06987474040226081,False,227.32345094653294
2020-01-23 10:00:00,-290197.80494,-7950.01724,1.8189894035458565e-12,91.5692349413049,87.40063347967326,-0.0506025746812202,-0.0480941243170361,0.0698116419960954,False,226.45590162440135
2020-01-23 10:30:00,-290287.48601,-7865.10281,1.8189894035458565e-12,91.55200274402753,87.39985134713804,-0.04845184984793305,-0.05056416188235848,0.07003082336051751,False,223.77789250627362
2020-01-23 11:00:00,-290384.49336,-7780.58474,0.0,91.53482035660728,87.3990032971368,-0.04945271069592747,-0.052411880978427146,0.07205952999341525,False,223.33602338863324
2020-01-23 11:30:00,-290480.86952,-7692.19069,0.0,91.516888485671,87.39816158293038,-0.046569120564579604,-0.052155192567608116,0.06992029106005378,False,221.76151264243032
2020-01-23 12:00:00,-290576.62419,-7617.96493,5.821476590719707e-11,91.50176319966509,87.39732185544317,-0.044523862452144625,-0.05182963118165815,0.06832777616814559,False,220.66398385430338
2020-01-23 12:30:00,-290671.59283,-7536.84985,9.094947017729282e-13,91.48529461191653,87.39649058341216,-0.04642801018252533,-0.04778725221813782,0.06662718367204631,False,224.17345207676394
2020-01-23 13:00:00,-290752.93285,-7455.33944,1.1641532182693481e-10,91.46882750355489,87.39578119844786,-0.04511112223212015,-0.04524470785987577,0.06389129000393394,False,224.91529171842444
2020-01-23 13:30:00,-290838.58307,-7378.67831,5.827157467007545e-11,91.45330255262384,87.39503190952905,-0.04366594361869614,-0.04439898997549579,0.062273469013339265,False,224.52308494745643
2020-01-23 14:00:00,-290916.70467,-7302.24641,5.820766091346741e-11,91.4378688407525,87.39434977939645,-0.043697074610554464,-0.04164827724825688,0.06036566347906759,False,226.37517624082366
2020-01-23 14:30:00,-290992.41701,-7225.18065,2.7284841053187847e-12,91.42233025058529,87.3936891706404,-0.046872918016480136,-0.04219436651865128,0.06306690898791496,False,228.00688538019054
2020-01-23 15:00:00,-291072.74608,-7137.32632,1.1641887448640516e-10,91.40465484879275,87.3929894075284,-0.05100365257610434,-0.042150918539408055,0.06616700469130947,False,230.4286715174991
2020-01-23 15:30:00,-291148.6157,-7045.34242,5.820766091346741e-11,91.38619797760855,87.39233021629478,-0.053001031360868096,-0.04243162859564421,0.06789368476223996,False,231.31989289278332
2020-01-23 16:00:00,-291230.07104,-6950.27377,9.094947017729282e-13,91.3671176731225,87.39162140481233,-0.05673825894051782,-0.04253828338457402,0.07091357825485593,False,233.1400634929694
2020-01-23 16:30:00,-291306.5832,-6844.79646,1.8189894035458565e-12,91.34602450142727,87.39095875199368,-0.059871691514444304,-0.039164044157581165,0.07154328619498652,False,236.80998015550108
2020-01-23 17:00:00,-291376.08577,-6738.10708,5.821476590719707e-11,91.32473569274852,87.39035875446828,-0.062132279031141484,-0.035100137991221685,0.0713613325590717,False,240.53676705897055
2020-01-23 17:30:00,-291438.08108,-6624.10136,5.821476590719707e-11,91.30205261166896,87.38982710057594,-0.06263211347541835,-0.03201054973087606,0.07033816128155874,False,242.92894927539226
2020-01-23 18:00:00,-291496.41751,-6515.30826,5.820766091346741e-11,91.28041889232378,87.38932675399325,-0.06683569632060768,-0.030406318103368232,0.07342720533469668,False,245.53725168923935
2020-01-23 18:30:00,-291552.89305,-6385.99895,5.827157467007545e-11,91.25477160493448,87.38884672639215,-0.06978955670361009,-0.030149787299365623,0.07602362724234747,False,246.63517205064065
2020-01-23 19:00:00,-291610.43246,-6266.50291,5.821476590719707e-11,91.23105649437485,87.38835476365246,-0.06687752070750677,-0.0300985919703021,0.07333844840585142,False,245.7696132020374
2020-01-23 19:30:00,-291666.39552,-6147.62338,9.094947017729282e-13,91.20747789764548,87.38787635112479,-0.06686075972844333,-0.029075328201659274,0.07290909340746757,False,246.49751910037725
2020-01-23 20:00:00,-291720.15262,-6028.06335,5.820766091346741e-11,91.18378329096004,87.38741737353604,-0.06746660558759551,-0.030364002301689275,0.07398456261470474,False,245.76940877244917
2020-01-23 20:30:00,-291780.70036,-5907.05373,5.820766091346741e-11,91.15978548555589,87.38689741050466,-0.06390850648115318,-0.031049664046312615,0.0710519446464379,False,244.08740664036932
2020-01-23 21:00:00,-291836.5653,-5800.30234,5.821476590719707e-11,91.1386136427309,87.38641638366943,-0.060903570950610816,-0.0289683370774678,0.06744189727142824,False,244.56224571730306
2020-01-23 21:30:00,-291889.32261,-5689.91646,9.094947017729282e-13,91.11674833408956,87.38596345980072,-0.061546782622314666,-0.02792175844739251,0.06758425146402813,False,245.59776133555712
2020-01-23 22:00:00,-291941.38284,-5580.73508,1.8189894035458565e-12,91.09512952282046,87.38551619070698,-0.06108975869684589,-0.028122303386314603,0.06725193354388244,False,245.28130473988642
2020-01-23 22:30:00,-291994.74768,-5471.96845,1.1641532182693481e-10,91.07359466800283,87.38505679835784,-0.060003954125699366,-0.030045430925852958,0.0671059045855075,False,243.40176432081245
2020-01-23 23:00:00,-292053.57479,-5366.78539,5.820766091346741e-11,91.05275050388869,87.38454753776423,-0.05885016259826144,-0.030410291644907262,0.06624294283748365,False,242.67274735404283
2020-01-23 23:30:00,-292108.09875,-5262.15504,1.8189894035458565e-12,91.03203803145745,87.38407637273123,-0.058031359455338896,-0.027762439175427492,0.06433033273040069,False,244.43335726965228
2020-01-24 00:00:00,-292157.26619,-5159.70654,9.094947017729282e-13,91.01177931386515,87.38365248404142,-0.055794763301591235,-0.02577686379824019,0.06146138884823234,False,245.2033310536099
2020-01-24 00:30:00,-292204.42779,-5062.96381,5.821476590719707e-11,90.99265242447338,87.38324534424933,-0.05400205643767738,-0.024108515279916566,0.05913917997825184,False,245.9422485800528
2020-01-24 01:00:00,-292247.41177,-4966.83189,5.821476590719707e-11,90.97366511695874,87.382875227416,-0.05314441480230442,-0.02297680949998069,0.05789872709721515,False,246.61891993361715
2020-01-24 01:30:00,-292290.38343,-4873.07713,9.094947017729282e-13,90.95514907017048,87.38250457869312,-0.049073636003302126,-0.020500940738990437,0.05318374114114377,False,247.3268402385822
2020-01-24 02:00:00,-292324.14986,-4791.42163,5.821476590719707e-11,90.93903858660555,87.38221431002219,-0.04579455132087634,-0.01846837538091497,0.04937835375841081,False,248.036389946269
2020-01-24 02:30:00,-292359.56248,-4709.3285,5.820766091346741e-11,90.92284073694802,87.3819091568554,-0.044922487705948935,-0.01861806113616032,0.04862779145880406,False,247.48850752923596
2020-01-24 03:00:00,-292393.77085,-4630.80115,9.094947017729282e-13,90.90734895120565,87.38161407232582,-0.04322561310165913,-0.018452572891615095,0.04699947951131686,False,246.88285884017031
2020-01-24 03:30:00,-292428.44762,-4554.78775,0.0,90.89235167016389,87.38131425155595,-0.04273461034331677,-0.018615059870950787,0.04661295286928515,False,246.46221237082275
2020-01-24 04:00:00,-292463.17289,-4478.01888,5.821476590719707e-11,90.87720971012658,87.38101392065155,-0.04092440697809907,-0.01709853986748369,0.04435275811163284,False,247.32444334002346
2020-01-24 04:30:00,-292492.25068,-4408.41953,5.820766091346741e-11,90.86349197126535,87.38076301062642,-0.039699963441076694,-0.013988565773157878,0.04209236355460204,False,250.58972654500442
2020-01-24 05:00:00,-292515.67984,-4335.87416,9.094947017729282e-13,90.84921635037418,87.38056292270679,-0.040051091067505,-0.013024260743966171,0.042115570322914984,False,251.9859326686048
2020-01-24 05:30:00,-292541.26983,-4264.94636,0.0,90.83525348682326,87.38034311163403,-0.039311429842963874,-0.01442185980440777,0.04187336332940385,False,249.85384457874608
2020-01-24 06:00:00,-292569.65603,-4195.12489,0.0,90.821501733428,87.38009796387209,-0.03915448990076098,-0.016103458669033816,0.042336691657403676,False,247.64361446196855
2020-01-24 06:30:00,-292601.25727,-4124.83586,9.094947017729282e-13,90.80765214223217,87.37982393456402,-0.039540219280990496,-0.017487920024328116,0.043234896641094325,False,246.1410647893645
2020-01-24 07:00:00,-292634.61274,-4053.68166,5.821476590719707e-11,90.79363132831452,87.37953415086648,-0.040223601015215216,-0.01859432573533544,0.044313508416542476,False,245.1901257336378
2020-01-24 07:30:00,-292670.19612,-3980.97197,1.1641532182693481e-10,90.77930322080601,87.37922444939174,-0.03760123632975423,-0.01952697002477538,0.042369275800684926,False,242.55637014812743
2020-01-24 08:00:00,-292706.74442,-3919.28584,5.821476590719707e-11,90.76713339521922,87.37890462348167,-0.035490195338357254,-0.01937886724456583,0.04043630127542901,False,241.3639417597059
2020-01-24 08:30:00,-292741.66438,-3854.15276,5.821476590719707e-11,90.75429621359012,87.37859966731006,-0.03572545176504909,-0.020152811088277427,0.041017602301653945,False,240.57255315481618
2020-01-24 09:00:00,-292780.98137,-3791.64045,5.820943724320258e-11,90.74196367002183,87.37825490111022,-0.03451869528763525,-0.021847598386911138,0.04085165699988648,False,237.6694316059426
2020-01-24 09:30:00,-292821.91832,-3730.91436,4.547473508864641e-13,90.72997978222095,87.37789530319206,-0.03522155902146361,-0.023546881140744207,0.04236760355930908,False,236.23584580279044
2020-01-24 10:00:00,-292867.35869,-3665.9331,9.094947017729282e-13,90.71715580191642,87.37749574027097,-0.030680749803477875,-0.02459832812170431,0.039324116708282675,False,231.2790631045285
2020-01-24 10:30:00,-292911.84781,-3621.58069,4.547473508864641e-13,90.70837256207126,87.37710228679947,-0.02653994775192403,-0.025704136839216414,0.036946873715160526,False,225.91655071027577
2020-01-24 11:00:00,-292961.06773,-3571.54061,9.094947017729282e-13,90.69846846167745,87.37666702923228,-0.027802643005746627,-0.027485662172150108,0.03909537802792749,False,225.32848655616996
2020-01-24 11:30:00,-293012.00896,-3522.70482,4.547473508864641e-13,90.68879905603428,87.37621614941735,-0.026780890758395383,-0.02792722654460623,0.03869297213043819,False,223.7996188538531
2020-01-24 12:00:00,-293062.75749,-3476.34499,5.820766091346741e-11,90.67961741833858,87.37576665754553,-0.026289242295084815,-0.02914207036137038,0.039247732742118215,False,222.0538146788642
2020-01-24 12:30:00,-293118.0356,-3429.31459,5.820943724320258e-11,90.67029750732225,87.37527660630421,-0.02688064641965569,-0.029107986229426112,0.03962125710109421,False,222.72186056654166
2020-01-24 13:00:00,-293168.67115,-3380.80717,5.820766091346741e-11,90.66070291682479,87.37482821216075,-0.02689271528401785,-0.031630606442042394,0.041517627572377265,False,220.37158144117222
2020-01-24 13:30:00,-293233.01459,-3333.82031,5.820766091346741e-11,90.65137823678637,87.37425683548767,-0.02673579786774821,-0.03382173274401947,0.04311278804986948,False,218.32607665294375
2020-01-24 14:00:00,-293291.51572,-3285.94872,0.0,90.6418975879694,87.37373779595703,-0.027689981703682826,-0.032859982055728605,0.042971077569140564,False,220.11969192139023
2020-01-24 14:30:00,-293352.41986,-3235.4679,4.547473508864641e-13,90.63190594865925,87.37319742325755,-0.02791322517143365,-0.03290277070200477,0.04314789055492586,False,220.309769322109
2020-01-24 15:00:00,-293411.06673,-3186.77356,4.547473508864641e-13,90.62227201640916,87.37267701088828,-0.028198378815768838,-0.03288417474977815,0.04331878941996819,False,220.61328852841908
2020-01-24 15:30:00,-293471.8984,-3135.24542,4.547473508864641e-13,90.61208414715459,87.37213723039577,-0.028327814837080263,-0.033224970537564465,0.043661925755352694,False,220.45111455016496
2020-01-24 16:00:00,-293531.75922,-3086.077,4.547473508864641e-13,90.60236300596141,87.37160583873508,-0.027688974710101857,-0.03226527711877898,0.04251737795358814,False,220.63508244319732
2020-01-24 16:30:00,-293589.09492,-3036.79176,1.1641532182693481e-10,90.59262809539864,87.37109699489558,-0.02791513541956307,-0.03157630649539911,0.042146386765462215,False,221.47839381415318
2020-01-24 17:00:00,-293646.46727,-2986.76364,5.820766091346741e-11,90.58275194502224,87.37058781459207,-0.026859568273924366,-0.03194871737217914,0.041739153676002894,False,220.05406194888994
2020-01-24 17:30:00,-293705.08781,-2941.27211,5.820766091346741e-11,90.57376209014083,87.37006697188478,-0.025784372300167436,-0.03075778528339689,0.04013570991589893,False,219.97323603890248
2020-01-24 18:00:00,-293758.11927,-2895.05337,4.547473508864641e-13,90.56464471545615,87.36959617961905,-0.02751344647248175,-0.027950638572708877,0.0392202490228749,False,224.54837903870893
2020-01-24 18:30:00,-293806.68132,-2843.22012,4.547473508864641e-13,90.5544442605576,87.36916583204685,-0.02904102848334549,-0.026461758522761173,0.03928875156437791,False,227.6606779230252
2020-01-24 19:00:00,-293854.38882,-2791.43239,4.547473508864641e-13,90.54425759926245,87.36874304983937,-0.02820262764845133,-0.02667515551101304,0.0388194812924377,False,226.59436316913755
2020-01-24 19:30:00,-293903.67197,-2742.60743,4.547473508864641e-13,90.53464888190011,87.36830582671891,-0.025777178741548924,-0.02596393603658559,0.03658673145261366,False,224.7931942831883
2020-01-24 20:00:00,-293948.72084,-2699.51078,1.3642420526593924e-12,90.52616737362528,87.36790597782108,-0.020986354455296154,-0.025430741602783663,0.03297195310852666,False,219.53066394683924
2020-01-24 20:30:00,-293995.91258,-2667.90047,9.094947017729282e-13,90.51992301536912,87.36748594991037,-0.01836827363316427,-0.02668917064548327,0.03239915594589655,False,214.53689419165323
2020-01-24 21:00:00,-294045.39794,-2634.25958,1.8189894035458565e-12,90.51328100863033,87.36704551377524,-0.018088820457159784,-0.02482764240505153,0.03071835368187031,False,216.07617672337835
2020-01-24 21:30:00,-294085.87187,-2603.58402,4.547473508864641e-13,90.50723442732036,87.36668550677098,-0.01708092705694493,-0.023088682488297898,0.028720120615521576,False,216.49390724249912
2020-01-24 22:00:00,-294129.05831,-2573.50649,5.820943724320258e-11,90.50130136318943,87.36630113236156,-0.018929030814747283,-0.02206007680110437,0.029068113046021332,False,220.63181484417288
2020-01-24 22:30:00,-294165.88132,-2536.13695,5.820943724320258e-11,90.49396055974363,87.36597427963449,-0.017818368918235288,-0.020038755194299575,0.02681503273619858,False,221.6433481889682
2020-01-24 23:00:00,-294201.74816,-2509.98467,9.094947017729282e-13,90.4888075618163,87.36565509130297,-0.013477549604359458,-0.020766684418085813,0.0247568076507925,False,212.98351543197953
2020-01-24 23:30:00,-294241.05259,-2488.25733,5.820766091346741e-11,90.48451174230681,87.36530476227979,-0.011225500318091755,-0.021404556626476764,0.02416954492264032,False,207.67451282391667
2020-01-25 00:00:00,-294279.14354,-2470.22592,5.820943724320258e-11,90.48093858727923,87.36496500784888,-0.012078179213429583,-0.022021821001558143,0.025116588409582814,False,208.74318905130988
2020-01-25 00:30:00,-294320.69333,-2445.44287,1.1641532182693481e-10,90.47604648440674,87.36459477132053,-0.013192037821738003,-0.02140639970947356,0.025144856539895302,False,211.64411922235473
2020-01-25 01:00:00,-294356.5985,-2423.3765,5.820766091346741e-11,90.4716935493954,87.36427486458832,-0.012868868577575491,-0.02093180787614337,0.024571291366769624,False,211.58318681290183
2020-01-25 01:30:00,-294396.42668,-2399.73687,0.0,90.46702927404797,87.36391992578437,-0.012863712145856711,-0.02017671399902686,0.02392853689572323,False,212.51964471306053
2020-01-25 02:00:00,-294429.60973,-2377.66074,4.547473508864641e-13,90.46268092539373,87.3636243656115,-0.011825897336767399,-0.01878079065330173,0.0221939168553662,False,212.19782042027222
2020-01-25 02:30:00,-294464.37911,-2357.711,5.820766091346741e-11,90.45874480095574,87.36331443175888,-0.011398283529094852,-0.0195370406111041,0.02261894832324363,False,210.26010540498967
2020-01-25 03:00:00,-294500.26936,-2337.19136,1.1641532182693481e-10,90.4546970021568,87.36299448820678,-0.010785003978485034,-0.019855739566884148,0.022595723147619477,False,208.5093972230784
2020-01-25 03:30:00,-294536.16564,-2319.45347,0.0,90.45119127316467,87.36267428141245,-0.007583267712988897,-0.019099417963967188,0.02054978627064458,False,201.65514759200107
2020-01-25 04:00:00,-294569.24011,-2310.43389,0.0,90.44938635202749,87.36237872372459,-0.008982863951001613,-0.018006968990053617,0.020123190029688556,False,206.51253767556776
2020-01-25 04:30:00,-294601.24237,-2287.62459,5.820766091346741e-11,90.44490172115106,87.36209372721035,-0.013565233500746381,-0.01659379783840291,0.021432911296218184,False,219.26559239960227
2020-01-25 05:00:00,-294629.35518,-2262.06438,1.1641532182693481e-10,90.4398889423332,87.36184373510004,-0.013790033500384954,-0.014912659086296461,0.020311386584028174,False,222.76017741537498
2020-01-25 05:30:00,-294655.3075,-2238.3941,1.1641532182693481e-10,90.43524777786864,87.36161294218967,-0.00902596607071216,-0.01336520103291052,0.016127512584393155,False,214.03246940908184
2020-01-25 06:00:00,-294677.71535,-2229.93734,5.820943724320258e-11,90.43357048307665,87.36141284643386,-0.0020269335812910915,-0.013020515219480496,0.013177339500964858,False,188.84834550430992
2020-01-25 06:30:00,-294702.23523,-2231.45205,9.094947017729282e-13,90.43382888229644,87.36119315980584,-0.002257028506338605,-0.014238004775580775,0.014415788485819498,False,189.00765523464753
2020-01-25 07:00:00,-294729.03222,-2222.20037,1.164162100019664e-10,90.43199100151867,87.36095380953564,-0.005288107173786358,-0.01598246742478404,0.016834587683270827,False,198.30779214517776
2020-01-25 07:30:00,-294759.91401,-2212.84921,5.820766091346741e-11,90.43012815720742,87.36067788241675,-0.005453209971627585,-0.015825897144912577,0.01673907164200006,False,199.012675592983
2020-01-25 08:00:00,-294786.15122,-2202.99707,9.094947017729282e-13,90.428175082708,87.36044357987046,-0.005292820243362585,-0.013503837738124183,0.014504053908688273,False,201.40266323174757
2020-01-25 08:30:00,-294808.66886,-2194.15888,4.547473508864641e-13,90.42642478154201,87.36024251674662,-0.00874787974864586,-0.010917663397821435,0.013990024094507423,False,218.70377804094974
2020-01-25 09:00:00,-294825.6881,-2171.79809,1.164162100019664e-10,90.42205485765956,87.36009158612617,-0.009549129182576303,-0.007783409451036129,0.012319388411281175,False,230.81683240543416
2020-01-25 09:30:00,-294836.9416,-2159.98935,4.547473508864641e-13,90.4197440757338,87.359991583846,-0.004002441924554867,-0.007424783503575251,0.008434865229178095,False,208.32755919872284
2020-01-25 10:00:00,-294852.52216,-2157.5855,4.547473508864641e-13,90.41925480506525,87.35985221189833,-0.0006368256533151676,-0.00974708998517975,0.009767871318353437,False,183.73810413422024
2020-01-25 10:30:00,-294872.04696,-2157.9536,5.821476590719707e-11,90.41929856598877,87.35967733609839,0.0027382680811377934,-0.01451121075860104,0.014767306787790271,False,169.3139293705085
2020-01-25 11:00:00,-294904.68898,-2167.8253,5.821476590719707e-11,90.42116998438588,87.35938436655927,0.004862032668860243,-0.016266520661915487,0.01697760454591836,False,163.35869284346603
2020-01-25 11:30:00,-294930.47619,-2175.8869,5.820943724320258e-11,90.42269919292342,87.35915290111876,0.0057097021839713465,-0.014289142318065289,0.015387666724216879,False,158.219177080019
2020-01-25 12:00:00,-294955.97685,-2188.75917,1.1641532182693481e-10,90.42516297637444,87.35892368060475,0.0114756491010376,-0.015796886339409604,0.019525166844623142,False,144.0034675849618
2020-01-25 12:30:00,-294987.03686,-2217.62009,4.547473508864641e-13,90.43072359899065,87.35864359670633,0.016743302906748286,-0.01581806153398046,0.023033655005663296,False,133.37236044718935
2020-01-25 13:00:00,-295012.46714,-2249.46144,5.820943724320258e-11,90.43687017783975,87.35841370071171,0.018560416727055495,-0.015051208819891538,0.02389619124509055,False,129.03965173332938
2020-01-25 13:30:00,-295040.71017,-2284.84879,4.547473508864641e-13,90.44370004218808,87.35815833944531,0.02217914783721343,-0.01613452965242461,0.027426951086293536,False,126.03453729595361
2020-01-25 14:00:00,-295069.93139,-2329.75378,5.820766091346741e-11,90.4523750845528,87.35789350901584,0.023485401468373298,-0.013228596179268848,0.026954773955736245,False,119.3912083179855
2020-01-25 14:30:00,-295087.6641,-2369.7696,1.1641887448640516e-10,90.46011709142788,87.35773185323455,0.022916931714711167,-0.008745371323553526,0.024528907003850922,False,110.88744400257815
2020-01-25 15:00:00,-295100.75119,-2412.5049,1.164162100019664e-10,90.46839348594,87.35761155317735,0.02359230368507356,-0.006832035095964903,0.024561626508055847,False,106.15035299844067
2020-01-25 15:30:00,-295111.56429,-2454.90012,1.164162100019664e-10,90.47660677786399,87.35751158756877,0.023643604823708968,-0.004996618781539761,0.02416580742097706,False,101.93278091340898
2020-01-25 16:00:00,-295118.03037,-2497.76856,5.820766091346741e-11,90.48491845614035,87.3574504605991,0.025330913052851563,-0.0019242831624515708,0.025403897767476948,False,94.34417628421573
2020-01-25 16:30:00,-295117.71968,-2546.14677,5.820766091346741e-11,90.4943106928899,87.35744954061798,0.026877272214468357,-5.927338457001899e-05,0.026877337573218654,False,90.12635617337077
2020-01-25 20:00:00,-294945.20395,-2963.45256,0.0,90.57565815246538,87.35895956170242,0.028242606690662274,0.02085076111986632,0.035105541898127285,False,53.562539894150405
2020-01-25 20:30:00,-294907.16372,-3013.90961,0.0,90.58553439886576,87.35929563856237,0.026479689401346325,0.020325162349674464,0.03338092532169229,False,52.49103704222489
2020-01-25 21:00:00,-294871.06301,-3058.02671,5.820766091346741e-11,90.59417747293989,87.35961485767567,0.024953930398761284,0.02141958644252813,0.03288612664506353,False,49.358355261680174
2020-01-25 21:30:00,-294829.12576,-3102.93928,5.820766091346741e-11,90.6029891403298,87.35998620853493,0.023285997888962042,0.016539521883140212,0.0285620986940319,False,54.61467623323733
2020-01-25 22:00:00,-294810.64181,-3141.22504,5.820943724320258e-11,90.61046685978096,87.36014810342056,0.02383786411885117,0.01105327571253524,0.026275819106664086,False,65.12352146876862
2020-01-25 22:30:00,-294788.4219,-3188.32676,5.820766091346741e-11,90.61966661811117,87.3603425564575,0.02747605060328751,0.01361860376633979,0.030665937541496758,False,63.63451866218014
2020-01-25 23:00:00,-294760.54795,-3239.60281,1.164162100019664e-10,90.62969110487988,87.36058716310792,0.0342507528579742,0.011955451985636958,0.03627736075734973,False,70.75812095202906
2020-01-25 23:30:00,-294744.02978,-3311.14902,9.094947017729282e-13,90.64363266021228,87.36072796447097,0.04118888743695123,0.010245827118912594,0.04244409760666946,False,76.03106343920717
2020-01-26 00:00:00,-294721.99963,-3387.45911,4.547473508864641e-13,90.65851400471401,87.36091747937509,0.04365225832774232,0.012047950995999576,0.04528435469689234,False,74.57058313475125
2020-01-26 00:30:00,-294698.85392,-3467.78829,4.547473508864641e-13,90.67418132336365,87.36111638273442,0.04340751312029633,0.015764962880052993,0.046181665733255516,False,70.03973163414906
2020-01-26 01:00:00,-294663.41099,-3543.04755,0.0,90.68889411216362,87.3614257559938,0.04585354961153632,0.01754266248643779,0.04909473514635449,False,69.06413642016668
2020-01-26 01:30:00,-294633.7202,-3632.08983,4.547473508864641e-13,90.70627651613927,87.3616819265536,0.052989877158395524,0.016461424447993027,0.055487886751243554,False,72.74247554399716
2020-01-26 02:00:00,-294601.80291,-3733.06613,0.0,90.72598838477884,87.36195644020934,0.05835773593847825,0.015034529584390477,0.060263275912358666,False,75.5532099470243
2020-01-26 02:30:00,-294576.93831,-3841.47503,5.821476590719707e-11,90.74713191131367,87.36216661865551,0.06042658944284638,0.01579314653143123,0.0624563542728646,False,75.35277261127698
2020-01-26 03:00:00,-294542.11585,-3949.84199,5.820766091346741e-11,90.76829661785624,87.36246561335805,0.06603855688176677,0.01978082926526826,0.06893745137041286,False,73.32522537012926
2020-01-26 03:30:00,-294502.54591,-4078.2376,4.547473508864641e-13,90.79337469597422,87.36280428293816,0.06962944893630263,0.02570043564050483,0.07422110583442493,False,69.7407472047787
2020-01-26 04:00:00,-294446.13229,-4199.20287,9.094947017729282e-13,90.81706046035269,87.36329422658775,0.06871207926858354,0.03128299703144492,0.07549818369127498,False,65.52133975852593
2020-01-26 04:30:00,-294386.41119,-4323.97,1.8189894035458565e-12,90.84150425590299,87.36381283677007,0.0705776527415349,0.03279576008370069,0.07782523334993827,False,65.07682522327957
2020-01-26 05:00:00,-294324.34875,-4451.52106,1.8189894035458565e-12,90.86650637275802,87.36435155558073,0.07223150350290945,0.03505091201494034,0.08028671453839613,False,64.11465055320258
2020-01-26 05:30:00,-294256.3099,-4582.06543,5.821476590719707e-11,90.89211950744516,87.36494287072792,0.074229673815445,0.03472595477313518,0.08195081701638605,False,64.92897524355243
2020-01-26 06:00:00,-294195.1898,-4716.76906,5.821476590719707e-11,90.91853237913733,87.3654711084628,0.07321483527962254,0.040498053044137894,0.0836690169978593,False,61.05126427029472
2020-01-26 06:30:00,-294106.31037,-4843.2678,5.820766091346741e-11,90.94344702453945,87.36624856422287,0.07048320114244763,0.05011022062303338,0.08648072533331234,False,54.5889740392912
2020-01-26 07:00:00,-294010.63951,-4967.50386,0.0,90.96795792299167,87.36708667641655,0.07011332993385509,0.054271824919521344,0.08866402886463483,False,52.25802985534892
2020-01-26 07:30:00,-293906.69569,-5092.33919,0.0,90.99262914465871,87.3679982913426,0.08224120936085741,0.043957292946700734,0.09325159580585443,False,61.875839516233896
2020-01-26 08:00:00,-293847.28798,-5260.78636,5.820766091346741e-11,91.02566424756932,87.36850367123701,0.10025139042221698,0.02994152947937173,0.10462713065525531,False,73.37098302000163
2020-01-26 08:30:00,-293792.46316,-5451.25691,5.820766091346741e-11,91.06298907248805,87.36896348873458,0.10767612702335977,0.027640737401959083,0.11116725549762739,False,75.60289195491669
2020-01-26 09:00:00,-293740.60722,-5646.5077,0.0,91.10124787812691,87.36939478346086,0.11473744529561099,0.024833928567124172,0.11739423052705934,False,77.78720824652652
2020-01-26 09:30:00,-293695.13894,-5862.51718,9.094947017729282e-13,91.14354255481764,87.36976400708556,0.11941469180209122,0.027550969661119955,0.12255172192774928,False,77.00823810167884
2020-01-26 10:00:00,-293632.864,-6074.33554,1.8189894035458565e-12,91.18509948552696,87.37028305451666,0.12062855617911857,0.03255787739770838,0.12494504370523456,False,74.89566341958505
2020-01-26 10:30:00,-293568.97405,-6294.26294,5.821476590719707e-11,91.22826145847507,87.37081362203776,0.12327877081444744,0.030371553354148952,0.1269649029719039,False,76.15995174475324
2020-01-26 11:00:00,-293514.03835,-6515.69343,5.823607568738997e-11,91.27169532012655,87.37126222710184,0.12241456397527714,0.0325358235692012,0.12666453840196715,False,75.11581260711853
2020-01-26 11:30:00,-293442.09345,-6732.24733,0.0,91.31426851259444,87.37186260985823,0.12479984060716759,0.03141082766121975,0.12869203669977908,False,75.8726779333146
2020-01-26 12:00:00,-293390.68431,-6962.26105,1.8189894035458565e-12,91.35939326542724,87.37227482562623,0.12566865484507808,0.0263981561250618,0.1284113447378171,False,78.13684170146433
2020-01-26 12:30:00,-293336.35408,-7182.27262,5.821476590719707e-11,91.40259363544975,87.37271375690699,0.12501605024304002,0.030667430498987496,0.128722585865032,False,76.2170556047563
2020-01-26 13:00:00,-293269.29838,-7409.48161,9.094947017729282e-13,91.44727638260241,87.37326349419293,0.12943011492748271,0.028873359980291034,0.13261155894827892,False,77.42432863486232
2020-01-26 13:30:00,-293220.67466,-7645.44707,5.820766091346741e-11,91.49359392865215,87.37364457702543,0.1349509869008332,0.026033370490553105,0.13743909649225455,False,79.08120769248592
2020-01-26 14:00:00,-293162.94701,-7892.69727,2.7284841053187847e-12,91.54217657811418,87.37410272626273,0.14307223624683582,0.029364454922601917,0.14605456513773174,False,78.40155918815742
2020-01-26 14:30:00,-293101.1392,-8157.47555,5.821476590719707e-11,91.59422204318435,87.37459115010371,0.15189110250114457,0.03194042901984019,0.1552130729835108,False,78.12457910315834
2020-01-26 15:00:00,-293032.79332,-8436.09459,5.823607568738997e-11,91.64902754412724,87.3751323703405,0.1554398311870636,0.03384016358677513,0.15908079013835244,False,77.71801747042042
2020-01-26 15:30:00,-292963.26194,-8713.32145,1.1641532182693481e-10,91.70359045413286,87.37568217023603,0.1557575072609236,0.03562990750028063,0.15978076034559113,False,77.1151433918609
2020-01-26 16:00:00,-292887.91256,-8992.76052,1.1641532182693481e-10,91.75864343303067,87.37628105973259,0.1566805085603771,0.03846434725475892,0.16133284777897242,False,76.20692426386063
2020-01-26 16:30:00,-292807.54522,-9272.856,5.820766091346741e-11,91.8138808723424,87.37692225536848,0.1578671903546556,0.03632351512275095,0.16199212184963127,False,77.04238861048054
2020-01-26 17:00:00,-292739.22439,-9556.65855,0.0,91.8697931905341,87.37745210230848,0.15849821535568934,0.03679442625328828,0.1627129806568829,False,76.93061429519292
2020-01-26 17:30:00,-292656.53834,-9838.82383,1.8189894035458565e-12,91.92550232268741,87.37810851902498,0.15167951892432766,0.04607517676121235,0.1585231792978315,False,73.10296877492937
2020-01-26 18:00:00,-292555.10024,-10096.82324,1.8189894035458565e-12,91.97663904211608,87.37893776372711,0.1458456840818905,0.046239985606112366,0.15300032625510343,False,72.40892044842008
2020-01-26 18:30:00,-292472.0636,-10357.8142,1.8189894035458565e-12,92.02826592071402,87.37959927839178,0.14080578249967243,0.04928502764927877,0.1491820442805877,False,70.70886490032683
2020-01-26 19:00:00,-292359.8448,-10597.12692,1.8189894035458565e-12,92.07588340308983,87.38052687400511,0.14259216735693578,0.05520911381782824,0.15290707125603542,False,68.83449592245523
2020-01-26 19:30:00,-292254.84677,-10863.60968,1.8189894035458565e-12,92.12880144598329,87.38137900971168,0.152279905507052,0.05119740979151751,0.1606559814964798,False,71.41704929329637
2020-01-26 20:00:00,-292155.29758,-11138.10982,0.0,92.18328327859572,87.38217741326528,0.153333804804376,0.052227237956416574,0.1619843822111954,False,71.19057324161878
2020-01-26 20:30:00,-292045.936,-11408.04788,1.8189894035458565e-12,92.23697975002744,87.38306285124175,0.1489673522962759,0.056109121143606534,0.15918387332161096,False,69.36092582435941
2020-01-26 21:00:00,-291932.5261,-11666.09927,1.8189894035458565e-12,92.28841504881282,87.38398646732878,0.15000109896072666,0.05937466086194317,0.16132476574257432,False,68.40494519503238
2020-01-26 21:30:00,-291810.79546,-11939.08624,5.823607568738997e-11,92.34288091912693,87.38497696333546,0.15017281280454106,0.0589292235309598,0.1613211923201337,False,68.5744908288649
2020-01-26 22:00:00,-291698.45782,-12197.59707,5.820766091346741e-11,92.39447244727722,87.38588646748383,0.14121824809828465,0.06169158167593452,0.15410530440457648,False,66.40175593062781
2020-01-26 22:30:00,-291567.6597,-12437.7493,5.832123694519905e-11,92.44265344998188,87.38696603546325,0.13453136639177554,0.06844381958560233,0.15094119710239692,False,63.034949796590695
2020-01-26 23:00:00,-291431.64281,-12670.9686,5.820766091346741e-11,92.48955833957223,87.38809314400193,0.13202237800351538,0.06974020643880606,0.14931043060627208,False,62.15495457690116
2020-01-26 23:30:00,-291296.18701,-12901.67569,1.8189894035458565e-12,92.53600564433233,87.38921447561916,0.12862495931465312,0.0695132446947222,0.14620694698503384,False,61.611724326550075
2020-01-27 00:00:00,-291161.15156,-13122.49219,1.1642953181439413e-10,92.58054674423752,87.39033431832183,0.12318417967209908,0.06947272723516151,0.14142419153376531,False,60.57811332151721
2020-01-27 00:30:00,-291026.37242,-13333.42849,1.8189894035458565e-12,92.62318265838222,87.39145434010666,0.11915697557695909,0.06641831024652399,0.13641765561924724,False,60.86462672317879
2020-01-27 01:00:00,-290902.66367,-13540.0646,1.8189894035458565e-12,92.66490873914287,87.39247567244632,0.11691504578592786,0.060408031002909285,0.13159885311344494,False,62.67536448118403
2020-01-27 01:30:00,-290789.56936,-13743.75633,1.8189894035458565e-12,92.70598998616487,87.39340191333501,0.11517496016300413,0.05740350248051924,0.12868734804004847,False,63.508213871956855
2020-01-27 02:00:00,-290676.66645,-13944.47587,1.8189894035458565e-12,92.74651409882507,87.3943263762616,0.11442172020022766,0.05234987535377961,0.1258286116236504,False,65.41510268451009
2020-01-27 02:30:00,-290581.58826,-14146.17087,5.4569682106375694e-12,92.78708814036862,87.39508966851776,0.11339659369252679,0.04843740829172907,0.12330843435502566,False,66.87022643670377
2020-01-27 03:00:00,-290482.6481,-14343.74181,3.637978807091713e-12,92.82691201084772,87.39588801899014,0.11729443341221532,0.05266531445554167,0.12857534544458243,False,65.81987344216117
2020-01-27 03:30:00,-290371.39845,-14558.56635,3.637978807091713e-12,92.8702775441359,87.39678747757421,0.12084421068005999,0.055658398145126825,0.13304578361965547,False,65.27015910087084
2020-01-27 04:00:00,-290260.74472,-14768.20169,5.8462896704398e-11,92.91264538079133,87.39768247535007,0.11968123660555588,0.056160986563925756,0.1322030816859747,False,64.86146030757664
2020-01-27 04:30:00,-290147.58702,-14978.58879,1.1642953181439413e-10,92.9552158545656,87.39859809624045,0.11992932694163229,0.053210388186755844,0.13120361607691372,False,66.07403854677608
2020-01-27 05:00:00,-290047.18326,-15189.49729,5.820766091346741e-11,92.99778741303969,87.39939797344981,0.11822005166911077,0.05028695897079158,0.12847084828542737,False,66.95667919623958
2020-01-27 05:30:00,-289944.54434,-15394.13102,3.637978807091713e-12,93.03917206619612,87.40021938244486,0.11397984804044012,0.04787298142896571,0.12362535383253678,False,67.21697670668624
2020-01-27 06:00:00,-289853.3279,-15590.11024,1.8189894035458565e-12,93.07875587370226,87.40094145124155,0.11046280064582228,0.04070508006126652,0.1177239732140943,False,69.771368889148
2020-01-27 06:30:00,-289776.85948,-15783.35277,0.0,93.11766375677111,87.4015317308666,0.10570871837191363,0.0371852457007007,0.1120583581784689,False,70.619614228398
2020-01-27 07:00:00,-289698.96223,-15962.81782,0.0,93.15388822390702,87.40214037918659,0.09796839754793023,0.039981457339631724,0.10581268283674737,False,67.79935082904444
2020-01-27 07:30:00,-289613.74017,-16127.5859,0.0,93.18731158762995,87.40282080554626,0.09052426845823326,0.0379129096156181,0.09814291566598332,False,67.27533971090759
2020-01-27 08:00:00,-289544.56742,-16280.61237,0.0,93.21825817520843,87.40336274982158,0.08287509172526993,0.03170544373490619,0.08873283490850051,False,69.06469704453514
2020-01-27 08:30:00,-289483.03129,-16419.05795,3.637978807091713e-12,93.24625548768985,87.4038430537767,0.06855627752996513,0.028041436676263763,0.07406946307105589,False,67.75406438864417
2020-01-27 09:00:00,-289429.80441,-16521.30244,5.820766091346741e-11,93.26702628256783,87.40426694141743,0.05493314239590417,0.015366435299867701,0.057041892213650344,False,74.37211195524452
2020-01-27 09:30:00,-289416.53183,-16613.34325,1.1641532182693481e-10,93.28533758484322,87.40433850358652,0.0403279545299153,0.008885063414914419,0.04129513613555435,False,77.57508294724255
2020-01-27 10:00:00,-289389.55066,-16664.41139,0.0,93.29572080683789,87.40455348458627,0.03071062705302514,0.011165217388350062,0.03267728099642188,False,70.02065603580189
2020-01-27 10:30:00,-289370.04759,-16721.40788,3.637978807091713e-12,93.30719041783472,87.4046984592524,0.027023381473008347,0.007020387052975361,0.027920404377610918,False,75.43708882519906
2020-01-27 11:00:00,-289358.7071,-16760.07554,7.275957614183426e-12,93.31495076752583,87.40477984907956,0.022104041724926717,0.0007050210127274661,0.022115282390367266,False,88.17313778476176
2020-01-27 11:30:00,-289362.9124,-16800.70252,3.637978807091713e-12,93.32292014875652,87.40472118773053,0.021502856207244125,-0.004002894604285792,0.02187226532123359,False,100.54526988940046
2020-01-27 12:00:00,-289368.60633,-16838.19095,5.820766091346741e-11,93.33025272874053,87.40465080017444,0.020495161595138547,-0.003719232189196695,0.020829890467498835,False,100.28546723589238
2020-01-27 12:30:00,-289371.99291,-16875.1383,5.820766091346741e-11,93.33750469256502,87.40460128067281,0.021599108937482098,-0.002798267409079228,0.02177961908266382,False,97.38182437954652
2020-01-27 13:00:00,-289374.1362,-16916.40233,3.637978807091713e-12,93.3456225056587,87.40456057916401,0.021348293748714223,-0.002804755389999917,0.021531750945501957,False,97.48469618026246
2020-01-27 13:30:00,-289377.58771,-16952.45043,3.637978807091713e-12,93.35269573382224,87.40451086202555,0.019971923425205554,-0.0034115519964209463,0.020261204611931594,False,99.69355715653
2020-01-27 14:00:00,-289382.19196,-16988.89645,0.0,93.3598338530911,87.4044505908392,0.021592545451632982,-0.0024973852303663982,0.021736488954513522,False,96.5974927781163
2020-01-27 14:30:00,-289382.00717,-17030.57689,0.0,93.36806003882135,87.40443034006356,0.02305160046852265,-0.001835969601685596,0.023124598775734622,False,94.55377149324192
2020-01-27 15:00:00,-289383.91463,-17072.12718,0.0,93.37623606259525,87.40439139975975,0.022874233249721425,-0.002782087537217676,0.023042798394018967,False,96.93456165942877
2020-01-27 15:30:00,-289387.15568,-17113.37104,0.0,93.38433582205941,87.404340646438,0.023479484961365156,-0.0028193867043339073,0.023648153319858766,False,96.84722015883017
2020-01-27 16:00:00,-289389.05685,-17157.10509,0.0,93.39294223801572,87.40430049977574,0.025930900600259564,-0.002182437962356606,0.026022579453237858,False,94.81088117208492
2020-01-27 16:30:00,-289389.47384,-17207.02364,0.0,93.40278593949317,87.4042702759128,0.028644360569633445,-0.0012535602581691008,0.02867177716438296,False,92.50583051246718
2020-01-27 17:00:00,-289387.44105,-17260.31084,7.275957614183426e-12,93.41332282723424,87.40426007957929,0.029465522102894715,-0.0006201773220901987,0.029472047989697152,False,91.20575828450501
2020-01-27 17:30:00,-289385.38692,-17313.04427,7.275957614183426e-12,93.42375063316291,87.40425028238553,0.029743675820485014,-0.0009253015396540453,0.02975806502871769,False,91.78185038898175
2020-01-27 18:00:00,-289384.37152,-17367.39589,3.637978807091713e-12,93.43448530163053,87.40423024541694,0.028632620514634576,-0.00032823089196318354,0.02863450179509872,False,90.65678309390836
2020-01-27 18:30:00,-289380.39135,-17416.00736,7.275957614183426e-12,93.44412259996344,87.4042397091068,0.02396946721270259,0.0012145453000109861,0.024000218306228033,False,87.09927406206987
2020-01-27 19:00:00,-289374.82317,-17453.26745,5.832123694519905e-11,93.45153947121425,87.40426941716412,0.019370052009730618,0.0027701894988732614,0.019567137366496328,False,81.86108777908072
2020-01-27 19:30:00,-289366.23858,-17485.01266,3.637978807091713e-12,93.45790448479022,87.40432902536602,0.01554251308226392,0.004568445572341924,0.016200012588260405,False,73.62023779894878
2020-01-27 20:00:00,-289355.03189,-17508.12666,5.820766091346741e-11,93.4625982608784,87.40441671052434,0.010536000286172962,0.006786802895515871,0.012532677111169,False,57.21224304289365
2020-01-27 20:30:00,-289339.55986,-17521.39737,0.0,93.46540127450942,87.40454783655053,0.005570489582152064,0.009332437987714812,0.010868521195609234,False,30.83278415157008
2020-01-27 21:00:00,-289320.28438,-17526.11297,5.820766091346741e-11,93.46656203268446,87.40471758958988,-0.00044433052209276154,0.010539790898519738,0.01054915265779118,False,357.5859864735615
2020-01-27 21:30:00,-289301.78276,-17517.50643,5.820766091346741e-11,93.46508490536063,87.40488763758994,-0.0067611423525151156,0.01084668342370945,0.012781376577080695,False,328.06317368281725
2020-01-27 22:00:00,-289282.77883,-17499.45728,5.832123694519905e-11,93.46175018908545,87.40506728158445,-0.012139754190268439,0.012262302315262234,0.017255077220082956,False,315.28773932718605
2020-01-27 22:30:00,-289260.35791,-17471.21753,5.832123694519905e-11,93.45644458513071,87.40528296572225,-0.016996772308879155,0.014238490541306732,0.0221726155835247,False,309.9534915243735
2020-01-27 23:00:00,-289235.30254,-17435.28984,3.637978807091713e-12,93.44965203891651,87.4055263213428,-0.02086830727055012,0.015302427728194477,0.025877606974268507,False,306.25205654964356
2020-01-27 23:30:00,-289209.88942,-17392.91298,3.637978807091713e-12,93.44158941903284,87.40577630629156,-0.023831354310074646,0.01643268275586805,0.028947651213998633,False,304.5878339567587
2020-01-28 00:00:00,-289181.4018,-17346.1004,7.275957614183426e-12,93.43268596085345,87.40605610295937,-0.02523055335006447,0.017339549454165593,0.030614388735101403,False,304.49856645500995
2020-01-28 00:30:00,-289153.01756,-17298.50836,1.166424738903981e-10,93.42362546164358,87.40633532964816,-0.025263603629284703,0.01767150781827224,0.03083069666596693,False,304.9722057919022
2020-01-28 01:00:00,-289123.3292,-17251.51464,5.832123694519905e-11,93.41469652611974,87.406625830619,-0.02416442393607639,0.01665750454604973,0.029349477710243654,False,304.58005020284656
2020-01-28 01:30:00,-289098.33846,-17208.0991,5.820766091346741e-11,93.40641702850111,87.40687236944588,-0.020806587777251157,0.01552950508649288,0.025963043411046122,False,306.73671899743005
2020-01-28 02:00:00,-289071.9724,-17173.42142,7.275957614183426e-12,93.39987789402046,87.40712650962976,-0.016937447196594194,0.01411482471895858,0.022047797948646496,False,309.80614083678716
2020-01-28 02:30:00,-289051.23059,-17144.21816,5.832123694519905e-11,93.39435294340527,87.4073274340042,-0.014355236140019446,0.011821611440864887,0.01859632495130444,False,309.4716328211288
2020-01-28 03:00:00,-289032.54906,-17119.31347,5.866064565124215e-11,93.38965217679039,87.40750763983068,-0.010276145517544,0.010855410123419887,0.01494787930260967,False,316.57021604207
2020-01-28 03:30:00,-289014.4068,-17104.97814,0.0,93.38703247337524,87.40767741670192,-0.005691072273181958,0.011376990232968323,0.012721014518490146,False,333.4245666871133
2020-01-28 04:00:00,-288992.87387,-17096.44163,0.0,93.38559770981144,87.4078744340529,-0.005324768394981539,0.011180686850386218,0.012383897484499522,False,334.534015780893
2020-01-28 04:30:00,-288975.35862,-17083.46542,1.1641532182693481e-10,93.3832385842789,87.4080378788398,-0.005559220740369457,0.009721956714414266,0.011199168611870194,False,330.23816403059857
2020-01-28 05:00:00,-288959.11689,-17074.39787,0.0,93.38163662156005,87.40818786952624,-0.005614302151990447,0.008701034702946335,0.010355114367100007,False,327.16805772246147
2020-01-28 05:30:00,-288945.28164,-17061.44145,3.637978807091713e-12,93.37923793294088,87.40831839750355,-0.007515683346284837,0.008062717171370573,0.011022381972474786,False,317.0111086804727
2020-01-28 06:00:00,-288931.73641,-17045.67754,0.0,93.37628082105711,87.40844780900821,-0.008653156968945717,0.009284448703057887,0.012691655260403471,False,317.015621829157
2020-01-28 06:30:00,-288913.75024,-17028.37571,5.820766091346741e-11,93.37307121016374,87.40861772596386,-0.011498144270663873,0.009005266617491904,0.014604867288719693,False,308.067800187147
2020-01-28 07:00:00,-288901.80908,-17002.44849,0.0,93.36808612652344,87.4087381315485,-0.015991351640145875,0.008883411087967872,0.01829312220034149,False,299.0527610349143
2020-01-28 07:30:00,-288885.20739,-16969.02743,3.637978807091713e-12,93.36167354044835,87.40890411921376,-0.01799266279458031,0.012035827940082202,0.021647103008087202,False,303.77974308343914
2020-01-28 08:00:00,-288862.35289,-16935.24561,3.637978807091713e-12,93.35526128454941,87.40912616459549,-0.01909403842816764,0.015864317160720433,0.024824561677344304,False,309.7215600046718
2020-01-28 08:30:00,-288832.2168,-16897.06416,5.832123694519905e-11,93.34806238443501,87.4094155778501,-0.021226767585117552,0.018910370352337807,0.02842846758049357,False,311.6970059021677
2020-01-28 09:00:00,-288798.85458,-16854.98386,5.832123694519905e-11,93.34012823215384,87.40973582726448,-0.02576625706819451,0.019221805847154005,0.03214619453885588,False,306.7231930108085
2020-01-28 09:30:00,-288768.54026,-16800.43148,0.0,93.32969074324456,87.41003526735268,-0.029162298887113323,0.02145774874083607,0.03620600305758954,False,306.3457994650794
2020-01-28 10:00:00,-288727.83472,-16745.69015,3.637978807091713e-12,93.31933266306923,87.4104276219228,-0.027344691965068817,0.025675868380160647,0.03750976400538709,False,313.19720894591535
2020-01-28 10:30:00,-288681.96202,-16696.80378,5.832123694519905e-11,93.31018872328737,87.41086306206132,-0.025905929646628814,0.030232383967854378,0.039813493080058424,False,319.40694647461385
2020-01-28 11:00:00,-288624.56478,-16646.30001,1.1647215137477994e-10,93.30085321385701,87.41140230703743,-0.03157766875829662,0.031038966028157727,0.044278285607121604,False,314.50708575302724
2020-01-28 11:30:00,-288576.95267,-16576.87889,5.820766091346741e-11,93.28765885534995,87.41186371825691,-0.034384166273704976,0.03036939324736206,0.045875602846727925,False,311.45215679925786
2020-01-28 12:00:00,-288522.51373,-16516.45078,7.275957614183426e-12,93.27631713499603,87.4123814284301,-0.03121815115609128,0.03625298394176687,0.04784194609635534,False,319.2676175331659
2020-01-28 12:30:00,-288453.07822,-16457.21837,3.637978807091713e-12,93.26537698686461,87.41303251095826,-0.031543409746240016,0.03661027268720198,0.048324929018576705,False,319.2518138157917
2020-01-28 13:00:00,-288397.39898,-16395.57162,3.637978807091713e-12,93.25379832212225,87.41356173072654,-0.029739314152097223,0.03956316066847041,0.049494146000474984,False,323.0681056986116
2020-01-28 13:30:00,-288316.95715,-16342.2454,1.8189894035458565e-12,93.2441409928789,87.41430803532992,-0.026205588165908962,0.04954694877862326,0.056050271938615476,False,332.1254496320853
2020-01-28 14:00:00,-288224.65458,-16291.28866,3.637978807091713e-12,93.23508043383289,87.41515911849055,-0.02188493862161327,0.045137031187470304,0.050162756332666245,False,334.13331695221876
2020-01-28 14:30:00,-288159.16889,-16254.41522,3.637978807091713e-12,93.2285056818843,87.41576325895477,-0.019914991890690417,0.03295575742295165,0.03850569892011698,False,328.85565075865725
2020-01-28 15:00:00,-288110.23983,-16213.02684,3.637978807091713e-12,93.220848053603,87.4162215989084,-0.020173024815090427,0.030679000573622252,0.03671718952189245,False,326.6730175927568
2020-01-28 15:30:00,-288052.97925,-16175.70175,0.0,93.21408612797406,87.41675234825655,-0.019780247664113217,0.03170038013081107,0.037365389039746094,False,328.03686387779453
2020-01-28 16:00:00,-288000.29044,-16135.53152,0.0,93.20670636587262,87.41724360863657,-0.023243146942046957,0.02890203510838838,0.03708869791696793,False,321.19360211023957
2020-01-28 16:30:00,-287953.7755,-16086.3372,1.8189894035458565e-12,93.19746535941795,87.4176841311403,-0.026674723525359757,0.02667386724771241,0.03772315030724457,False,314.99908036754914
2020-01-28 17:00:00,-287909.77025,-16034.29594,1.8189894035458565e-12,93.18762866008245,87.4181035635145,-0.02787386044878196,0.026653078340964094,0.03856603014788715,False,313.717441675571
2020-01-28 17:30:00,-287863.5527,-15980.81111,5.823607568738997e-11,93.17752669476847,87.4185434180997,-0.02991269037451299,0.027089193102195847,0.040355835121696305,False,312.1642627566554
2020-01-28 18:00:00,-287818.36809,-15921.37023,5.832123694519905e-11,93.16622789515645,87.41897690264301,-0.034881269719270656,0.02730386766035435,0.04429677377013649,False,308.0526271743938
2020-01-28 18:30:00,-287772.34457,-15850.00116,0.0,93.15256675225348,87.41942366509683,-0.03967349789220958,0.029025783742208943,0.04915773140465942,False,306.1898163583161
2020-01-28 19:00:00,-287721.88803,-15773.01521,5.823607568738997e-11,93.13783397499752,87.41991267494063,-0.04470394070747923,0.03463541951592706,0.056551344810022684,False,307.76756836996594
2020-01-28 19:30:00,-287656.65324,-15682.48309,1.8189894035458565e-12,93.12056560523162,87.42054027064968,-0.048990142502004744,0.04175906613381582,0.06437277115935848,False,310.4441846896069
2020-01-28 20:00:00,-287581.3791,-15588.72852,0.0,93.10275681842455,87.42125896939636,-0.052050054695702966,0.04251303829414968,0.06720540617261016,False,309.24099469298267
2020-01-28 20:30:00,-287513.97296,-15487.09363,5.832123694519905e-11,93.08328800308155,87.42191085594155,-0.05571351057826808,0.0421996846664564,0.06989140610191746,False,307.14177260313176
2020-01-28 21:00:00,-287440.46825,-15380.27888,1.8189894035458565e-12,93.06284466639276,87.42261946108516,-0.05931372867938292,0.04557260405554662,0.07479960327605406,False,307.536206395244
2020-01-28 21:30:00,-287361.55509,-15265.10322,5.820766091346741e-11,93.04078489146987,87.42338007777519,-0.06243836107590682,0.04439063370203525,0.07660990336969224,False,305.41097333908976
2020-01-28 22:00:00,-287292.81073,-15147.34005,3.637978807091713e-12,93.01809083871645,87.42405059213834,-0.06248342096338425,0.04247790529535396,0.07555494910042986,False,304.2089164675443
2020-01-28 22:30:00,-287220.69013,-15032.42345,1.8189894035458565e-12,92.9959864131439,87.42474956427024,-0.06231347160872353,0.04156852805946304,0.07490601624009623,False,303.70675086878407
2020-01-28 23:00:00,-287155.09332,-14915.49673,3.637978807091713e-12,92.9734025515152,87.42539074160082,-0.06214314276501451,0.038240806188097,0.07296663244681484,False,301.60674801598816
2020-01-28 23:30:00,-287094.81321,-14801.86821,5.4569682106375694e-12,92.95140937499862,87.4259824474618,-0.05598017005471636,0.03359633113970886,0.06528776995275558,False,300.96994914660354
2020-01-29 00:00:00,-287044.68347,-14708.008,3.637978807091713e-12,92.93323823185928,87.42647393794229,-0.049042856135242605,0.0285975672984759,0.05677167069316317,False,300.2470523505708
2020-01-29 00:30:00,-287001.03154,-14620.27699,3.637978807091713e-12,92.91621491251324,87.42690444061016,-0.04686529925498991,0.024835856143344364,0.053039381827399285,False,297.92096254701255
2020-01-29 01:00:00,-286963.97365,-14534.96267,5.820766091346741e-11,92.89960067919833,87.42727464408944,-0.04503491179326243,0.021309019633997235,0.04982185863643595,False,295.3219527341769
2020-01-29 01:30:00,-286932.61857,-14454.4783,1.1641532182693481e-10,92.88388648516163,87.42759144853083,-0.04335768344433406,0.017434450041740462,0.04673166765606619,False,291.9054297369356
2020-01-29 02:00:00,-286909.14221,-14375.9149,5.820766091346741e-11,92.86847244891885,87.42783672924693,-0.04149718452658178,0.01413126510889516,0.043837301208115624,False,288.80553209943537
2020-01-29 02:30:00,-286889.28573,-14302.72978,0.0,92.85409099002567,87.42804704835335,-0.04019139021535192,0.012748475830011532,0.04216481333328862,False,287.5987252889239
2020-01-29 03:00:00,-286870.50908,-14229.12016,0.0,92.83961193254636,87.42824773517688,-0.038490275974742236,0.009972673004882027,0.03976123176505127,False,284.5256848675431
2020-01-29 03:30:00,-286860.29274,-14162.55635,5.8462896704398e-11,92.82645031546475,87.42836857859149,-0.037223346232092155,0.006801703459449302,0.03783967064688188,False,280.3552332359561
2020-01-29 04:00:00,-286852.66059,-14094.0717,1.1647215137477994e-10,92.81287941541154,87.42846701575267,-0.037402617922022645,0.005905561173709137,0.037865967308352635,False,278.97245422676133
2020-01-29 04:30:00,-286845.66616,-14027.02584,5.823607568738997e-11,92.79958796826261,87.42855897503372,-0.03616492210806042,0.004420027599096138,0.03643402578715189,False,276.9680545211918
2020-01-29 05:00:00,-286843.12648,-13963.25618,1.8189894035458565e-12,92.78690522888901,87.42860952229312,-0.03602095529404454,0.0021988516484626216,0.03608800588654771,False,273.49321054893403
2020-01-29 05:30:00,-286844.06467,-13897.11889,0.0,92.77371659228069,87.42862986021517,-0.034696607830239964,0.0006393365943407571,0.034702497694061335,False,271.0556404733924
2020-01-29 06:00:00,-286846.87205,-13838.38335,5.832123694519905e-11,92.7619848069326,87.42863014853165,-0.030869866409136082,-0.0009014106760979221,0.030883024355216435,False,268.32741887991807
2020-01-29 06:30:00,-286852.66108,-13786.27284,1.8189894035458565e-12,92.75154470774083,87.4286008102279,-0.028364813901318075,-0.0030425198825376303,0.02852752346229942,False,263.8776413435578
2020-01-29 07:00:00,-286862.71445,-13736.91355,5.820766091346741e-11,92.74161241232325,87.4285320626692,-0.024960694809311724,-0.003137487461943619,0.02515710859652704,False,262.8356594649348
2020-01-29 07:30:00,-286868.24121,-13697.05745,0.0,92.73361743129242,87.42849967219168,-0.02209267744866471,0.0011368854093389807,0.02212191007315386,False,272.9458325644083
2020-01-29 08:00:00,-286862.41948,-13657.27522,5.820766091346741e-11,92.72574503770839,87.42856871627066,-0.020906442102186222,0.004626607386342765,0.021412258574924462,False,282.4784757035311
2020-01-29 08:30:00,-286855.18343,-13621.08734,1.8189894035458565e-12,92.71860191411038,87.4286488368941,-0.01864057743552929,0.004975775596307301,0.019293249335318587,False,284.94563519406915
2020-01-29 09:00:00,-286847.70974,-13589.39505,0.0,92.71235654028071,87.42872913846574,-0.01695231326503664,0.004334398843781842,0.01749765522499842,False,284.3422278253206
2020-01-29 09:30:00,-286842.48505,-13559.38898,3.637978807091713e-12,92.70642565632127,87.4287885780879,-0.016143214093880486,0.006103379632983675,0.017258464712284854,False,290.71045746191396
2020-01-29 10:00:00,-286828.50621,-13530.30681,0.0,92.70076094173199,87.42892591076377,-0.014083855931957481,0.0080492124175126,0.016221739069975604,False,299.748851839503
2020-01-29 10:30:00,-286815.92913,-13507.37802,5.832123694519905e-11,92.69630898061516,87.42904808702981,-0.012191293333692881,0.009331846388877565,0.015352882145504529,False,307.43231167355646
2020-01-29 11:00:00,-286797.01337,-13484.88638,1.1647215137477994e-10,92.69200314372499,87.42922676711643,-0.010960761433230009,0.01297561382088827,0.016985430380917908,False,319.81154872889203
2020-01-29 11:30:00,-286771.12173,-13465.76889,1.1642953181439413e-10,92.68843465189705,87.42946641907793,-0.006215659329667597,0.015499915272817156,0.016699754320557963,False,338.1485990687978
2020-01-29 12:00:00,-286742.32465,-13459.91736,1.1642953181439413e-10,92.68753759190257,87.42972648423593,0.001914938089583605,0.015509291052156133,0.01562706296229168,False,7.038707823506684
2020-01-29 12:30:00,-286715.02645,-13470.0371,1.8189894035458565e-12,92.68981092850956,87.42996643206412,0.008756001208185383,0.014541320676672818,0.016974026162922463,False,31.054089356883253
2020-01-29 13:00:00,-286688.5543,-13488.94757,5.866064565124215e-11,92.693829926206,87.43019528754415,0.015311428737485927,0.013988816200719777,0.020739499238907142,False,47.58457596421238
2020-01-29 13:30:00,-286662.13173,-13522.73048,1.1647215137477994e-10,92.70081516747177,87.43041741430332,0.022382391213934632,0.011247567871072636,0.02504953531441259,False,63.31962109839134
2020-01-29 14:00:00,-286644.31121,-13567.5267,1.8189894035458565e-12,92.70991695142794,87.43055789224033,0.031214565968881718,0.008714941743004202,0.03240832205174507,False,74.40054774534013
2020-01-29 14:30:00,-286625.48013,-13633.49392,5.823607568738997e-11,92.72325179847896,87.43069834408055,0.042011015951076536,0.006867816855029747,0.0425686782693078,False,80.7156082797917
2020-01-29 15:00:00,-286612.42932,-13717.42087,1.1642953181439413e-10,92.74011507420222,87.4307792667669,0.05340418183351606,0.003173543176056113,0.05349839262629802,False,86.59919801101506
2020-01-29 15:30:00,-286604.87753,-13824.98299,7.275957614183426e-12,92.76164060099151,87.4308005880536,0.05844254032083056,-0.0005847248746125898,0.058445465370128555,False,90.57323226348166
2020-01-29 16:00:00,-286604.39492,-13927.67109,1.8189894035458565e-12,92.7821258615145,87.43076043252734,0.05986037045474325,-0.0021591081544175645,0.05989929631474456,False,92.0657102289486
2020-01-29 16:30:00,-286602.18131,-14040.6036,1.8189894035458565e-12,92.80467048000794,87.43073094440982,0.06418051291399443,-0.004006227567265692,0.06430542820963192,False,93.57183962284722
2020-01-29 17:00:00,-286607.49452,-14159.14988,5.820766091346741e-11,92.82825996941425,87.4306312541524,0.07012416751639977,-0.00406382008974461,0.07024182161355091,False,93.3166826085619
2020-01-29 17:30:00,-286604.3369,-14293.46497,5.820766091346741e-11,92.85507634343837,87.43059986447106,0.07364016205380874,0.00020691990751452215,0.07364045276313379,False,89.83900624515775
2020-01-29 18:00:00,-286593.54571,-14423.88829,5.820766091346741e-11,92.88119261149176,87.43063793968983,0.07266355627059333,0.003991287255508925,0.07277309106974686,False,86.85599834699298
2020-01-29 18:30:00,-286576.83764,-14554.00086,5.820766091346741e-11,92.90730760259984,87.43072854233799,0.07413995594224694,0.007705921729529419,0.07453934730610372,False,84.06612654706817
2020-01-29 19:00:00,-286552.30265,-14689.04155,5.823607568738997e-11,92.9344872036527,87.43088635396242,0.08393172612437641,0.01720612710407026,0.08567721669229662,False,78.4147930330314
2020-01-29 19:30:00,-286499.5083,-14852.5878,1.8189894035458565e-12,92.96764719765801,87.43128312120167,0.09811619353199569,0.03025959462373666,0.10267633855957713,False,72.85993855368088
2020-01-29 20:00:00,-286425.22736,-15036.14639,1.8189894035458565e-12,93.00503435394543,87.43186179698606,0.10262977590729659,0.036556412563064154,0.10894605179749688,False,70.39425629305441
2020-01-29 20:30:00,-286348.71734,-15214.64783,1.1642953181439413e-10,93.04145294300424,87.4324617161868,0.10200581117182599,0.03691734320971135,0.10848076208473943,False,70.1040946678479
2020-01-29 21:00:00,-286273.02796,-15395.79845,5.823607568738997e-11,93.07840841897848,87.4330519847349,0.10200871289169418,0.03509655382851828,0.10787745638667133,False,71.01399223256271
2020-01-29 21:30:00,-286202.83082,-15574.56409,5.832123694519905e-11,93.1148451635401,87.4335932324363,0.1012573655247139,0.031060707716676107,0.1059142182941757,False,72.946599304752
2020-01-29 22:00:00,-286141.56714,-15753.71048,1.1647215137477994e-10,93.1512750854644,87.43405337182496,0.10066847263020269,0.029835210304359698,0.10499657687564504,False,73.49170685913839
2020-01-29 22:30:00,-286075.66412,-15930.51818,1.1642953181439413e-10,93.18730269834404,87.43455512098885,0.09914539771392192,0.029474146513298632,0.10343372371010892,False,73.4437315908113
2020-01-29 23:00:00,-286015.77932,-16104.18222,1.8189894035458565e-12,93.22264894903455,87.43500362731686,0.09880833953971238,0.026659581231934657,0.10234168864181015,False,74.9005161301921
2020-01-29 23:30:00,-285959.84474,-16280.27037,5.4569682106375694e-12,93.25844677145137,87.43541460420775,0.10021532150285514,0.02393758860570422,0.10303455154547217,False,76.56595763105236
2020-01-30 00:00:00,-285909.23687,-16459.47591,0.0,93.29481747058817,87.43577535076473,0.1003624622818343,0.02112363467395461,0.10256135615869806,False,78.11424188717604
2020-01-30 00:30:00,-285863.15982,-16636.60741,0.0,93.33073141085296,87.43609563574884,0.10032512684583123,0.019849028851922502,0.102269814818433,False,78.80872785609972
2020-01-30 01:00:00,-285816.91725,-16815.88469,0.0,93.36708492081439,87.4364152641064,0.10248989835966288,0.019731485787300947,0.10437198281698248,False,79.10267251655853
2020-01-30 01:30:00,-285770.57879,-17000.76212,5.820766091346741e-11,93.4045674677413,87.43673173935753,0.1037117498132083,0.017409051677105193,0.10516274116631627,False,80.47116706925601
2020-01-30 02:00:00,-285732.1828,-17184.86617,1.1641532182693481e-10,93.44180928387642,87.43697653280519,0.10404927357294864,0.014443868721875678,0.10504702125578377,False,82.09684551578448
2020-01-30 02:30:00,-285696.18698,-17371.54219,0.0,93.47954294491586,87.43719739015752,0.10569033236246343,0.01152832490449337,0.1063172075912058,False,83.77499036117592
2020-01-30 03:00:00,-285667.66487,-17562.13111,0.0,93.51797315157863,87.4373481811811,0.10913484959228625,0.008412895799228978,0.10945863242001348,False,85.59194869846857
2020-01-30 03:30:00,-285641.84953,-17761.82887,0.0,93.55819432123532,87.43746856392465,0.11169333251384798,0.005344663927712841,0.11182113378315034,False,87.26041588072923
2020-01-30 04:00:00,-285623.50617,-17962.25785,0.0,93.5984714655759,87.43752048947772,0.11059605584033598,-0.0008341754711143233,0.11059920169764031,False,90.43214766737657
2020-01-30 04:30:00,-285619.85746,-18159.37817,5.820766091346741e-11,93.63790246795908,87.43744169673388,0.10775048127635085,-0.007064887462994684,0.10798184500252817,False,93.75134898273149
2020-01-30 05:00:00,-285624.27587,-18350.99173,5.820766091346741e-11,93.67612734557218,87.43729275659618,0.10515427303439295,-0.012611828124208958,0.10590788141600346,False,96.83918280664966
2020-01-30 05:30:00,-285640.89497,-18540.0657,5.832123694519905e-11,93.71368228510156,87.43703511571547,0.10025970285149206,-0.023694553046475973,0.10302155046368576,False,103.2968411230903
2020-01-30 06:00:00,-285686.01917,-18716.69372,3.637978807091713e-12,93.74837101627126,87.43652893347227,0.09836001419097978,-0.03944827566653444,0.10597574649283031,False,111.853751032366
2020-01-30 06:30:00,-285759.45602,-18902.68838,5.832123694519905e-11,93.78454217643886,87.43576327617139,0.09936577331267087,-0.055301005194388166,0.11371788813346316,False,119.09767783516327
2020-01-30 07:00:00,-285861.05766,-19086.77089,3.637978807091713e-12,93.8199348531793,87.4347460700016,0.1013006850795014,-0.07386891163242264,0.12537322243340074,False,126.09969777895896
2020-01-30 07:30:00,-286000.49777,-19284.27706,1.1641532182693481e-10,93.85746799771393,87.43338170651451,0.10593879644962234,-0.096681145760453,0.1434234030371211,False,132.3839905761452
2020-01-30 08:00:00,-286182.66408,-19490.70163,3.637978807091713e-12,93.89615882077752,87.43162906718354,0.10908568406223595,-0.11913283922433675,0.1615311729944955,False,137.520777490567
2020-01-30 08:30:00,-286401.70087,-19705.2195,5.820766091346741e-11,93.93590337525202,87.42954086920376,0.10853093057616495,-0.13725229417586765,0.17497758470234764,False,141.66515453021867
2020-01-30 09:00:00,-286648.78836,-19914.40729,5.832123694519905e-11,93.97413534084761,87.42720414101352,0.10201078611408293,-0.15172459971526683,0.1828293046597594,False,146.0854112587469
2020-01-30 09:30:00,-286921.14413,-20109.43089,1.1647215137477994e-10,94.00913108419762,87.42464940471554,0.08921678767998376,-0.16172215120255026,0.18469891551797435,False,151.11592435951871
2020-01-30 10:00:00,-287207.10794,-20275.50653,3.637978807091713e-12,94.03812025654099,87.4219904137325,0.0752481137623496,-0.16392119310765696,0.18036750310027932,False,155.34248485546095
2020-01-30 10:30:00,-287490.71907,-20421.20767,3.637978807091713e-12,94.06304271243548,87.41936471358098,0.0583295451693965,-0.1543702840726348,0.1650227876516896,False,159.30068995320494
2020-01-30 11:00:00,-287746.56585,-20524.34107,3.637978807091713e-12,94.07987456203432,87.41701368571638,0.03661046819796088,-0.1400831663129943,0.14478818966320398,False,165.35345842299103
2020-01-30 11:30:00,-287984.36347,-20588.55079,3.637978807091713e-12,94.08922709702352,87.414848540948,0.021780076265680202,-0.12801489544793826,0.12985447692969776,False,170.34432320478504
2020-01-30 12:00:00,-288200.65495,-20635.41316,0.0,94.09543764506945,87.4128865317972,0.013097334130099595,-0.12000366549303025,0.12071627849249898,False,173.77132806607602
2020-01-30 12:30:00,-288411.90612,-20666.43432,3.637978807091713e-12,94.09857929857061,87.41097965779046,0.0075329757521202835,-0.11889176964469851,0.11913017507302709,False,176.37458887423446
2020-01-30 13:00:00,-288625.63246,-20693.05358,5.866064565124215e-11,94.10081191115155,87.40905348498,0.0019720307092962134,-0.12134882341112957,0.12136484601557371,False,179.06897249935741
2020-01-30 13:30:00,-288847.13575,-20704.7557,0.0,94.09998728339419,87.40706739416399,-0.005465702608902773,-0.1205478180069745,0.12067166333175164,False,182.59604334212077
2020-01-30 14:00:00,-289059.9008,-20704.45521,5.820766091346741e-11,94.09692047497,87.40516703889759,-0.006330703398375532,-0.11386444058844018,0.11404029391419783,False,183.18228874628454
2020-01-30 14:30:00,-289257.6285,-20711.30909,5.820766091346741e-11,94.09548015679097,87.40339642398686,-0.00810447701004952,-0.11458837109929373,0.11487461572861028,False,184.04561443668763
2020-01-30 15:00:00,-289473.44926,-20704.81513,3.637978807091713e-12,94.09115828402652,87.40147271832787,-0.010595572431821116,-0.11913342204440389,0.11960367219767136,False,185.08243979815342
2020-01-30 15:30:00,-289688.13728,-20703.86006,5.820766091346741e-11,94.0879486705829,87.39955557994016,-0.010490676047947943,-0.11471026255455204,0.11518896917360295,False,185.2253744821386
2020-01-30 16:00:00,-289888.04784,-20696.58351,5.866064565124215e-11,94.08370821676212,87.3977744685933,-0.011361276641352,-0.10955165541600147,0.11013920197326497,False,185.920809179179
2020-01-30 16:30:00,-290084.43461,-20691.14904,5.832123694519905e-11,94.0798849459809,87.39602364613998,-0.011102688992077989,-0.104275540683317,0.10486495166476219,False,186.07764305353885
2020-01-30 17:00:00,-290265.33221,-20683.42323,5.832123694519905e-11,94.07583358156572,87.3944126329716,-0.009612884866536532,-0.09413078223599647,0.09462035573711333,False,185.83098236053615
2020-01-30 17:30:00,-290424.90808,-20680.71601,5.820766091346741e-11,94.07307023691644,87.39298887986672,-0.006543682873155089,-0.08483523701826158,0.08508723303462772,False,184.41072021692128
2020-01-30 18:00:00,-290571.64093,-20681.6181,0.0,94.07119731569927,87.39167755171931,-0.0046208702936626975,-0.07793741229376669,0.07807427666856369,False,183.3930660843614
2020-01-30 18:30:00,-290705.95579,-20684.04254,0.0,94.0697980520616,87.39047618233427,-0.004518450020816059,-0.0720522794491636,0.07219381804843804,False,183.5883603671483
2020-01-30 19:00:00,-290831.5295,-20683.80191,0.0,94.06799954980876,87.38935458883564,-0.007320773335107928,-0.06434155538327739,0.06475669441349967,False,186.49119063327646
2020-01-30 19:30:00,-290938.87143,-20674.18604,3.637978807091713e-12,94.0646195231745,87.38840180963041,-0.007647313820312668,-0.05373456981299052,0.054276011290933096,False,188.0997408577395
2020-01-30 20:00:00,-291026.43878,-20670.05246,5.832123694519905e-11,94.06259089904736,87.3876221907785,-0.0063834215906604635,-0.044506369989258235,0.044961817588091965,False,188.16210535082143
2020-01-30 20:30:00,-291100.31983,-20662.61465,5.832123694519905e-11,94.0601066631222,87.38696692449302,-0.006980284420929703,-0.0306452210760615,0.03143014389718504,False,192.83175071867134
2020-01-30 21:00:00,-291138.26391,-20652.79768,1.1641532182693481e-10,94.05765698437743,87.38663418952306,-0.00810920594887463,-0.020261812853814103,0.02182430482843039,False,201.812331670473
2020-01-30 21:30:00,-291175.14523,-20638.65612,5.820766091346741e-11,94.05437596769156,87.38631368208065,-0.011028010469337083,-0.014386917186357843,0.018127338498492462,False,217.4712647034488
2020-01-30 22:00:00,-291192.73417,-20616.85812,5.832123694519905e-11,94.04986427630396,87.38617035170523,-0.012376817923057058,-0.002984421887489366,0.012731551197832572,False,256.44306532160005
2020-01-30 22:30:00,-291189.00911,-20594.96962,3.637978807091713e-12,94.04563048330603,87.38621746532753,-0.010287115277343759,0.004281486855953672,0.011142525316420125,False,292.597028519874
2020-01-30 23:00:00,-291179.97198,-20578.82936,0.0,94.0425954887605,87.38630839025319,-0.006839093102106033,0.007135708254896841,0.009883902405339566,False,316.21592032649994
2020-01-30 23:30:00,-291165.12019,-20568.59915,0.0,94.04079789996247,87.38644752284122,-0.003872431637154965,0.011105710172929117,0.011761484822484786,False,340.7769322534267
2020-01-31 00:00:00,-291141.07317,-20562.10596,0.0,94.03985904899092,87.38666643911483,-0.001877899195092417,0.01635129384567847,0.016458776255075934,False,353.44844814497617
2020-01-31 00:30:00,-291106.87807,-20557.70847,0.0,94.03947080274285,87.38697468857016,0.00010980877459438893,0.023678253830720832,0.023678508450470936,False,0.2657093837881348
2020-01-31 01:00:00,-291056.01537,-20556.49555,0.0,94.0399367880401,87.38742982553755,0.0035846628716748362,0.029735190521032028,0.029950481852979213,False,6.873999406832922
2020-01-31 01:30:00,-290999.18821,-20563.03956,3.637978807091713e-12,94.04200517719251,87.38793334884228,0.00839881275293053,0.028359395607809437,0.029576939917764136,False,16.496985554037167
2020-01-31 02:00:00,-290952.04424,-20579.4597,0.0,94.04587540087006,87.38834412748622,0.011412533462194348,0.025750930575852964,0.028166582070746616,False,23.90240232600877
2020-01-31 02:30:00,-290903.81712,-20597.48159,0.0,94.05007577418637,87.38876355705972,0.011036936154366829,0.028497958883542323,0.0305605566082105,False,21.1708204416513
2020-01-31 03:00:00,-290846.90152,-20611.8475,7.275957614183426e-12,94.05368159147577,87.38926290263524,0.009405049972821511,0.03106401383162934,0.032456554350746,False,16.844397431061225
2020-01-31 03:30:00,-290789.87297,-20623.34965,0.0,94.05672892223069,87.38976506127183,0.005470579962536566,0.03340105841106707,0.033846092065495846,False,9.301581850752257
2020-01-31 04:00:00,-290725.56574,-20622.9857,1.1641532182693481e-10,94.05755188846672,87.39033975490408,0.00015417914578353667,0.04712731892548067,0.04712757112681454,False,0.1874450536932386
2020-01-31 04:30:00,-290620.6006,-20611.89854,0.0,94.05683759578875,87.39128444406074,-0.0034180810808723617,0.06732796802728983,0.06741467612441061,False,357.09372442850713
2020-01-31 05:00:00,-290484.66291,-20593.56397,3.637978807091713e-12,94.05513147816959,87.39251040430601,-0.006319181091451324,0.08052769521865172,0.08077525454552661,False,355.51307210917935
2020-01-31 05:30:00,-290333.0354,-20568.7058,5.820766091346741e-11,94.05236110697112,87.3938806504317,-0.01151492704210256,0.08969226221914893,0.09042839955884166,False,352.68423597066
2020-01-31 06:00:00,-290165.50749,-20529.3957,0.0,94.04696955147871,87.39540206834249,-0.019413167271778036,0.09696945686434899,0.09889361267588961,False,348.6791165616832
2020-01-31 06:30:00,-289989.74805,-20474.3559,5.832123694519905e-11,94.03859361154929,87.39700692194502,-0.024978155099467318,0.10338423313353524,0.10635886372457264,False,346.41734321151955
2020-01-31 07:00:00,-289800.58146,-20413.48536,7.275957614183426e-12,94.02924608717831,87.39873516007667,-0.03006911737314034,0.11093210745894869,0.1149351307689839,False,344.8339003112143
2020-01-31 07:30:00,-289598.98572,-20338.31365,3.637978807091713e-12,94.01724257618123,87.40058333953652,-0.035846657363389364,0.11974785556669652,0.12499812701377029,False,343.33486901206123
2020-01-31 08:00:00,-289379.58904,-20254.55357,0.0,94.00377540084203,87.4025958026975,-0.03785250160100404,0.13105188920570413,0.13640897896340315,False,343.8893794514082
2020-01-31 08:30:00,-289137.86494,-20169.43602,0.0,93.990326787855,87.40480843606613,-0.040123626262885306,0.14030120812890606,0.14592578383176263,False,344.04042153086766
2020-01-31 09:00:00,-288885.78076,-20075.31084,7.275957614183426e-12,93.97521946250646,87.40711907510274,-0.04315722291694879,0.14663260196472364,0.1528517773820386,False,343.59967591350437
2020-01-31 09:30:00,-288622.02833,-19977.8487,1.1641532182693481e-10,93.95958550303416,87.40953584173174,-0.04381184555361556,0.15221111913607988,0.1583909801708158,False,343.9422746219059
2020-01-31 10:00:00,-288350.0199,-19880.1265,5.820766091346741e-11,93.94398348702802,87.41202633556672,-0.04474145172455524,0.15658332675790707,0.16285004059254699,False,344.05346798280146
2020-01-31 10:30:00,-288070.74185,-19778.38899,3.637978807091713e-12,93.92765536715368,87.41458404920911,-0.04566083354415516,0.16009367683752554,0.16647791770473677,False,344.08114969200926
2020-01-31 11:00:00,-287786.29573,-19676.65629,7.275957614183426e-12,93.9113658904724,87.41718772290794,-0.04857441861317988,0.1615915649535826,0.16873443041583522,False,343.26922390534605
2020-01-31 11:30:00,-287502.2955,-19564.24675,0.0,93.89291956963197,87.4197936953456,-0.05462266757925051,0.16269263780467746,0.17161739483314992,False,341.44096185947126
2020-01-31 12:00:00,-287215.30401,-19440.7045,5.820766091346741e-11,93.87226548788428,87.4224328600747,-0.05474917090721614,0.16410572649632027,0.1729975756590613,False,341.55020151192014
2020-01-31 12:30:00,-286926.17401,-19327.70289,5.832123694519905e-11,93.85369303713176,87.42508445319059,-0.050950142079237315,0.15771426693911966,0.16573987744063998,False,342.09676897255855
2020-01-31 13:00:00,-286661.14392,-19219.53941,5.866064565124215e-11,93.83572353187756,87.42751753273743,-0.045767472355638314,0.14550268302104316,0.15253095519318785,False,342.53917351640655
2020-01-31 13:30:00,-286414.55969,-19128.26829,0.0,93.82083910538341,87.42977545638516,-0.03629295061229747,0.1342950414725016,0.13911267529685276,False,344.8771880940072
2020-01-31 14:00:00,-286187.46277,-19056.95882,0.0,93.80964888684802,87.43184720074832,-0.02548290750854442,0.12558914327649018,0.12814839633804168,False,348.5300085516508
2020-01-31 14:30:00,-285969.53311,-19006.69275,0.0,93.8025168476613,87.43382443845833,-0.012821424967577334,0.1144437209108065,0.11515968997053519,False,353.60766129473166
2020-01-31 15:00:00,-285779.4334,-18983.58057,0.0,93.80042547556691,87.43553684561904,0.0013981447300434298,0.10463190330100089,0.10464124424468656,False,0.7655697950378908
2020-01-31 15:30:00,-285593.35296,-18986.7485,5.832123694519905e-11,93.80352716135874,87.43719773212969,0.009567558669120988,0.09859832075849807,0.09906143061395159,False,5.542384894117504
2020-01-31 16:00:00,-285422.97647,-18994.40193,1.1641532182693481e-10,93.80732049402432,87.43871561782045,0.013827702484833317,0.09008795729833338,0.09114299427929393,False,8.72629023007812
2020-01-31 16:30:00,-285266.44664,-19014.88329,5.832123694519905e-11,93.81349898139754,87.44010212495759,0.02051370450000717,0.08113424135687497,0.0836873777392341,False,14.189105165708611
2020-01-31 17:00:00,-285126.62828,-19048.66159,5.832123694519905e-11,93.82212108835172,87.4413313406199,0.02148333281773949,0.07726885333031634,0.0801998085031361,False,15.53771447108852
2020-01-31 17:30:00,-284983.74205,-19073.50884,7.275957614183426e-12,93.82900502719087,87.44259325304202,0.020098547391591122,0.07482685976193293,0.0774790974978672,False,15.034822756961148
2020-01-31 18:00:00,-284853.02111,-19102.86614,7.275957614183426e-12,93.83663552797375,87.4437437244536,0.0231067693817473,0.07348882347333673,0.07703590050591023,False,17.454483884789
2020-01-31 18:30:00,-284714.20917,-19138.80459,0.0,93.84570025031755,87.4449624934057,0.02770201862236993,0.07441929781896126,0.07940802052451239,False,20.4174006639106
2020-01-31 19:00:00,-284579.02621,-19184.40023,0.0,93.85666015530774,87.44614295690651,0.028082142088536453,0.07329143989995815,0.07848720830103417,False,20.96469358620351
2020-01-31 19:30:00,-284444.15773,-19221.92471,0.0,93.86600754616214,87.44732539110348,0.02520017502345004,0.07076272350629158,0.07511598937137409,False,19.60194200683719
2020-01-31 20:00:00,-284318.7434,-19257.7386,5.832123694519905e-11,93.87489198529501,87.44842431984853,0.02193272997509697,0.06636471090054119,0.06989506060568892,False,18.288092511373577
2020-01-31 20:30:00,-284200.45511,-19284.55676,1.1641532182693481e-10,93.88188174112342,87.44946497192025,0.019159725326671966,0.06492594770003589,0.06769397136629901,False,16.441393410674266
2020-01-31 21:00:00,-284080.87664,-19310.73166,3.637978807091713e-12,93.88876566824648,87.45051750397347,0.015458970004288444,0.05479293049085437,0.05693193291439426,False,15.755584391632908
2020-01-31 21:30:00,-283999.8804,-19326.70318,3.637978807091713e-12,93.89307867847366,87.45123148237721,0.015019231218493159,0.03993805808428437,0.04266879175625004,False,20.609429714370663
2020-01-31 22:00:00,-283933.76038,-19354.91442,3.637978807091713e-12,93.89964900763955,87.45180507912852,0.017212142988090876,0.03110968913708305,0.035553770889294276,False,28.95455964500843
2020-01-31 22:30:00,-283883.93072,-19380.90675,0.0,93.90555307379864,87.45223444760863,0.01629220256603046,0.0266353058285293,0.03122299442769473,False,31.453164374966036
2020-02-01 02:00:00,-284119.46792,-19463.68329,0.0,93.9189404940542,87.45007944867376,-0.02453360153644525,-0.14140756294347617,0.1435200211188747,False,189.8425942779195
2020-02-01 02:30:00,-284376.42452,-19437.02219,0.0,93.91006380966512,87.4477999594666,-0.03401989223781047,-0.17908008502034337,0.18228282946774127,False,190.7563230678718
2020-02-01 03:00:00,-284771.007,-19385.45839,5.820766091346741e-11,93.89433611578328,87.44430591830258,-0.046076454794480894,-0.24665669396130888,0.25092342330350637,False,190.58112639649954
2020-02-01 03:30:00,-285273.604,-19331.83752,5.820766091346741e-11,93.87677598537863,87.43984782435228,-0.04619585121039843,-0.3047591371654099,0.30824047163677,False,188.61936507030458
2020-02-01 04:00:00,-285876.87343,-19293.712,0.0,93.86101347026278,87.4344806220302,-0.045765882332569785,-0.35786493967650634,0.36077947701518187,False,187.28776453559504
2020-02-01 04:30:00,-286570.08789,-19254.20471,5.820766091346741e-11,93.84383843374438,87.42831036255832,-0.0495600417635078,-0.4018871797830535,0.4049314794055619,False,187.03012457042
2020-02-01 05:00:00,-287332.37321,-19212.68639,5.820766091346741e-11,93.82542921044652,87.42152388246618,-0.0547807317286286,-0.43691882127905524,0.4403396245588205,False,187.14643340488692
2020-02-01 05:30:00,-288152.64839,-19162.37275,0.0,93.8046115610617,87.41422417319258,-0.0650031152368517,-0.46370822464658484,0.46824216234271665,False,187.97978527252712
2020-02-01 06:00:00,-289013.57142,-19089.95928,1.1641532182693481e-10,93.77901831434299,87.40657393601494,-0.07866994143959993,-0.4809341773500923,0.4873260126748008,False,189.29001588325997
2020-02-01 06:30:00,-289898.91294,-18993.8883,1.1641532182693481e-10,93.74860465727077,87.39871882053808,-0.09866237176501572,-0.48361900112196454,0.49358039046188307,False,191.53059621260422
2020-02-01 07:00:00,-290774.09647,-18849.36105,0.0,93.70899559644049,87.39098184982683,-0.11945396537500841,-0.47273663408917416,0.48759529843280425,False,194.18099953736817
2020-02-01 07:30:00,-291625.01873,-18674.84581,3.637978807091713e-12,93.66405752761776,87.38347763055276,-0.13049728857882534,-0.453231097714694,0.47164390196640066,False,196.06251700758406
2020-02-01 08:00:00,-292432.41576,-18484.80265,3.637978807091713e-12,93.61688349661414,87.37636959050621,-0.13590125131493028,-0.4261820051949506,0.44732566622199615,False,197.68648289514164
2020-02-01 08:30:00,-293187.08179,-18283.36368,0.0,93.56838640123837,87.36973744458204,-0.13789281427538597,-0.3889937350897252,0.4127112236998667,False,199.51870164042805
2020-02-01 09:00:00,-293860.97492,-18076.51022,5.820766091346741e-11,93.52004667105697,87.36382839570405,-0.1348148416111086,-0.34338058026022156,0.3688973629866101,False,201.43549605800786
2020-02-01 09:30:00,-294450.71808,-17874.84397,1.1647215137477994e-10,93.47391860847495,87.3586668867499,-0.12420377307868022,-0.29905105503905277,0.32381802106576907,False,202.55439782161267
2020-02-01 10:00:00,-294962.67417,-17695.43296,7.275957614183426e-12,93.43317987470272,87.35418712253211,-0.10604696171184831,-0.25586550670221975,0.27697132632873367,False,202.512231346548
2020-02-01 10:30:00,-295393.04282,-17548.92057,3.637978807091713e-12,93.39987246057858,87.35041794970566,-0.08261435571843204,-0.2152914862615727,0.23059825634095454,False,200.99343477836783
2020-02-01 11:00:00,-295753.99715,-17444.50838,5.866064565124215e-11,93.37557578651531,87.3472462831129,-0.06182557159391198,-0.17853837501348988,0.18894007689045614,False,199.10031982462215
2020-02-01 11:30:00,-296047.77106,-17364.57963,5.820766091346741e-11,93.35681809453725,87.3446619225854,-0.03409197252534705,-0.14793312889919574,0.1518106492199249,False,192.97753776460513
2020-02-01 12:00:00,-296292.82907,-17353.17134,0.0,93.35184953921136,87.34247701044383,-0.0035060116286919274,-0.13870149248996141,0.13874579682456453,False,181.44797938548135
2020-02-01 12:30:00,-296546.9802,-17381.17386,0.0,93.35437529607492,87.34019015324458,0.019556911486488256,-0.1336852218267425,0.13510814676308636,False,171.6771943813692
2020-02-01 13:00:00,-296769.15184,-17451.61522,0.0,93.36542291539685,87.3381669108442,0.0386579838209938,-0.12930105554009064,0.1349562991374831,False,163.35456835951493
2020-02-01 13:30:00,-297003.49149,-17547.42833,0.0,93.38119327975657,87.33602139392289,0.05180198372046151,-0.13849978110821315,0.14787033131902394,False,159.49309063657125
2020-02-01 14:00:00,-297255.88434,-17667.18447,3.637978807091713e-12,93.40133121594761,87.33370156711598,0.06479916355134907,-0.14568635680896383,0.15944731467548523,False,156.02120040287468
2020-02-01 14:30:00,-297513.19827,-17811.41102,0.0,93.42607344719312,87.33132432980216,0.07217999005893097,-0.1548759817598535,0.1708698940451063,False,155.01211542705596
2020-02-01 15:00:00,-297796.9127,-17959.88777,5.820766091346741e-11,93.45128123093639,87.3287082978908,0.07174421766233577,-0.16977688723680756,0.18431338586169013,False,157.09208137189484
2020-02-01 15:30:00,-298107.73821,-18106.0157,7.275957614183426e-12,93.47567452979183,87.32585067254578,0.07375813476395986,-0.1798247121505892,0.19436354993645474,False,157.6981875241729
2020-02-01 16:00:00,-298426.99326,-18264.17524,3.637978807091713e-12,93.50221850441869,87.32291063015914,0.07350835625341712,-0.18383315598331895,0.1979851198395136,False,158.20528269207205
2020-02-01 16:30:00,-298752.13611,-18410.57903,0.0,93.52638885262783,87.31992386083859,0.06487420289447704,-0.19720013205665962,0.2075970960402813,False,161.79001106466444
2020-02-01 17:00:00,-299121.20448,-18540.94613,3.637978807091713e-12,93.54692532804432,87.31655287429054,0.052524007180630584,-0.21488338319753678,0.22120949279976745,False,166.26449708339004
2020-02-01 17:30:00,-299512.53645,-18647.16156,0.0,93.56254351411448,87.3129959904234,0.03689972729819273,-0.21755554791981843,0.2206626527198778,False,170.37364030612048
2020-02-01 18:00:00,-299894.63661,-18722.19497,3.637978807091713e-12,93.5722960213791,87.30953883510797,0.02069456153988984,-0.209119925149445,0.21014139994736347,False,174.3483959685219
2020-02-01 18:30:00,-300259.26344,-18768.42462,3.637978807091713e-12,93.57675647363602,87.30625388487745,0.0027202857520053914,-0.19626795785168435,0.19628680860883932,False,179.20592787963517
2020-02-01 19:00:00,-300599.21401,-18776.04841,7.275957614183426e-12,93.57416945709998,87.30321105382335,-0.016049548290186844,-0.182511199797802,0.18321551804351136,False,185.02551064204692
2020-02-01 19:30:00,-300918.62771,-18751.7189,7.275957614183426e-12,93.56577096351835,87.30036959335774,-0.032990373150469605,-0.16339222423108007,0.16668948275097253,False,191.41506879888578
2020-02-01 20:00:00,-301193.6738,-18694.09641,3.637978807091713e-12,93.55160386198693,87.29794313841205,-0.04838148171284807,-0.13754901105398332,0.1458098015040809,False,199.37881007124957
2020-02-01 20:30:00,-301423.64272,-18608.55502,0.0,93.53270309912526,87.29593486502871,-0.05836998167133446,-0.11057389957503522,0.125034563331672,False,207.82877092661533
2020-02-01 21:00:00,-301603.93139,-18508.8919,7.275957614183426e-12,93.51173509888599,87.2943781329439,-0.06179958477816747,-0.08225619636093946,0.10288474385701381,False,216.91776259626732
2020-02-01 21:30:00,-301732.83646,-18404.63264,0.0,93.4905146844188,87.2932828686066,-0.06204593946600496,-0.05774058978899416,0.0847565591172745,False,227.05843034714448
2020-02-01 22:00:00,-301825.01112,-18298.59646,0.0,93.4693965210389,87.29251654094533,-0.060160283645997,-0.03414632728135195,0.06917536696810517,False,240.42122385642804
2020-02-01 22:30:00,-301868.64419,-18195.89151,3.637978807091713e-12,93.44947345993104,87.29218198909219,-0.05420311645354776,-0.011685044044651179,0.05544833710403133,False,257.834424769774
2020-02-01 23:00:00,-301878.74178,-18106.34982,3.637978807091713e-12,93.43242480239805,87.29213985135091,-0.05037712399672463,-0.00010490046196856909,0.05037723321390616,False,269.88069296982405
2020-02-01 23:30:00,-301879.87927,-18014.88181,0.0,93.41511349721499,87.29217860331029,-0.048564752653830826,0.007318216532010754,0.04911304809861799,False,278.5694188615223
2020-02-02 00:00:00,-301862.85774,-17930.25779,0.0,93.39930009318398,87.29237581588602,-0.044530146790649414,0.018435414659894244,0.04819541977075236,False,292.48948232458326
2020-02-02 00:30:00,-301823.13391,-17850.92013,0.0,93.38473831694184,87.29277298873625,-0.04003913198326428,0.029628007162991812,0.04980914472688274,False,306.5005622226176
2020-02-02 01:00:00,-301764.89312,-17780.07105,0.0,93.37198473813291,87.2933310623669,-0.0352670733687497,0.0386695492936644,0.05233641663862664,False,317.6348251039328
2020-02-02 01:30:00,-301691.6322,-17715.99036,0.0,93.36067376486434,87.29401973416859,-0.033153758695538625,0.04489863074457438,0.05581271144085049,False,323.55733640716824
2020-02-02 02:00:00,-301610.53266,-17651.44753,1.166424738903981e-10,93.34935639214629,87.29477862279808,-0.034746338795656716,0.0462329734030321,0.05783421037230501,False,323.0733486865038
2020-02-02 02:30:00,-301532.78587,-17581.39319,7.275957614183426e-12,93.33695191731789,87.29551030385737,-0.03795162519539541,0.04408977738357261,0.0581741723164564,False,319.2787687741046
2020-02-02 03:00:00,-301460.03128,-17505.81439,3.637978807091713e-12,93.3234393453552,87.29620009306313,-0.04025026656703201,0.04371803174980291,0.05942516519786807,False,317.3648861539583
2020-02-02 03:30:00,-301384.06591,-17427.61194,3.637978807091713e-12,93.30945794621427,87.29691979510959,-0.04446457029181012,0.04071406119410717,0.060288745136657364,False,312.4788320831111
2020-02-02 04:00:00,-301322.94589,-17337.54754,1.166424738903981e-10,93.29305902988483,87.29751270932073,-0.05259263324484375,0.03301795289576785,0.062098069897975,False,302.12083481222595
2020-02-02 04:30:00,-301276.27345,-17231.76314,3.637978807091713e-12,93.27351630742224,87.29798426767627,-0.06292481666299957,0.025527966073233252,0.067905887844194,False,292.0819003832098
2020-02-02 05:00:00,-301244.13057,-17106.14006,5.832123694519905e-11,93.25004903982924,87.29833567708049,-0.07674640204926798,0.01839142452281349,0.07891929246696419,False,283.47616980031216
2020-02-02 05:30:00,-301225.83453,-16952.16683,3.637978807091713e-12,93.2210522723169,87.29857709902757,-0.09544393811130432,0.013327315231232931,0.09636992608416353,False,277.9490989715964
2020-02-02 06:00:00,-301215.53425,-16760.38888,0.0,93.1847969844477,87.29876516293818,-0.1162137674057308,0.010271321859977714,0.1166667895649167,False,275.05084872813245
2020-02-02 06:30:00,-301212.15806,-16532.38912,0.0,93.1415951545498,87.29890802559107,-0.1370068873457941,0.009080790971555308,0.13730749413215654,False,273.79200730300715
2020-02-02 07:00:00,-301209.92308,-16266.11375,1.8189894035458565e-12,93.09111754516569,87.29905765274476,-0.158825083358829,0.011718504935846925,0.15925680664219802,False,274.21977721206815
2020-02-02 07:30:00,-301200.86497,-15959.17585,3.637978807091713e-12,93.03298983445862,87.29928549555048,-0.1778535787506102,0.020021370208335103,0.17897695588935106,False,276.42287225089376
2020-02-02 08:00:00,-301171.82455,-15622.92408,3.637978807091713e-12,92.96948764017546,87.29970288513826,-0.19247910167236637,0.02934117240934274,0.19470261677480333,False,278.66734236047
2020-02-02 08:30:00,-301131.27495,-15261.70952,3.637978807091713e-12,92.9013393258526,87.3002312214587,-0.20632501869339365,0.03866846400711677,0.20991727762978188,False,280.61496672858175
2020-02-02 09:00:00,-301070.39278,-14874.06,5.8462896704398e-11,92.82833697403328,87.30094929848374,-0.21973025903399607,0.049141344985182106,0.2251582965873114,False,282.60641041123836
2020-02-02 09:30:00,-300993.61394,-14462.91483,3.637978807091713e-12,92.75097898186365,87.30181529936556,-0.22862189854101334,0.06313440253217148,0.2371790995758093,False,285.43759910115955
2020-02-02 10:00:00,-300882.87277,-14041.06113,3.637978807091713e-12,92.67183806777477,87.30298467548037,-0.2249599743507579,0.0669896810543543,0.23472240503977834,False,286.5827362120109
2020-02-02 10:30:00,-300790.46507,-13642.69739,1.8189894035458565e-12,92.59693614530735,87.30397535536808,-0.21130539172898113,0.0640103479575704,0.22078789192206036,False,286.85303708007905
2020-02-02 11:00:00,-300687.13914,-13270.70195,3.637978807091713e-12,92.52708546953853,87.3050487072596,-0.19473494666200702,0.06209158348769435,0.2043943839528475,False,287.68497430026696
2020-02-02 11:30:00,-300598.06303,-12932.47756,5.823607568738997e-11,92.46348800819788,87.30597756668398,-0.18009403965968715,0.05732329145003821,0.188996885856913,False,287.6560875475377
2020-02-02 12:00:00,-300508.83337,-12614.09251,0.0,92.40362396522012,87.30689703204767,-0.17186771997980382,0.0573677464446285,0.18118932502548665,False,288.45850021806643
2020-02-02 12:30:00,-300417.66941,-12305.63676,5.8462896704398e-11,92.34562472919154,87.30782722525258,-0.16004908853068384,0.05707341450457916,0.16992082092172864,False,289.62620564790984
2020-02-02 13:00:00,-300327.12267,-12029.98943,1.1647215137477994e-10,92.29382989315924,87.30873738989631,-0.1463383854191283,0.05605357383925114,0.15670649695283767,False,290.95887899904983
2020-02-02 13:30:00,-300237.12371,-11771.16411,1.8189894035458565e-12,92.24520128496911,87.30963455335129,-0.1375701166390665,0.05307905924322552,0.14745481857922516,False,291.0982487622475
2020-02-02 14:00:00,-300155.58682,-11527.63125,1.8189894035458565e-12,92.19939324719607,87.31044879643247,-0.1291805528809777,0.04702630683597169,0.13747395672368654,False,290.003301822911
2020-02-02 14:30:00,-300085.80105,-11299.95965,0.0,92.15649737684348,87.31115081224279,-0.12190600307328135,0.043170214424691294,0.1293241702033178,False,289.5004320917776
2020-02-02 15:00:00,-300016.79808,-11083.23241,0.0,92.11566087663958,87.31184069737469,-0.11549115383089568,0.04066268303202835,0.1224404361498064,False,289.39639286342265
2020-02-02 15:30:00,-299954.86403,-10879.07081,5.823607568738997e-11,92.07715165420622,87.31246187382126,-0.10965256315113274,0.03491529262402458,0.1150772013243041,False,287.6623844014872
2020-02-02 16:00:00,-299905.49338,-10684.18672,5.820766091346741e-11,92.04030950634905,87.31296643574419,-0.10606927981567,0.028618584821269492,0.10986225702117675,False,285.0994444514722
2020-02-02 16:30:00,-299865.49727,-10493.79546,1.1641532182693481e-10,92.00424835843923,87.31338457485991,-0.10509567082679225,0.024155937708495785,0.10783602993948822,False,282.944445177347
2020-02-02 17:00:00,-299831.81727,-10303.03241,5.820766091346741e-11,91.96806360962312,87.31374523173072,-0.10792993120691258,0.02050315992120546,0.10986013661507711,False,280.75615996370254
2020-02-02 17:30:00,-299805.07311,-10102.94204,5.823607568738997e-11,91.93004397924206,87.31404555133516,-0.11363207142547879,0.02075506486894585,0.11551199233914747,False,280.35105576517685
2020-02-02 18:00:00,-299770.91878,-9891.67257,5.820766091346741e-11,91.8899282440624,87.31441431841445,-0.11966565512895708,0.025350288123626698,0.12232132326537912,False,281.9608577422257
2020-02-02 18:30:00,-299728.06916,-9669.37028,1.1641532182693481e-10,91.84774830898499,87.3148627877895,-0.1289126751406467,0.03181376665960194,0.13278024537177777,False,283.86276429854513
2020-02-02 19:00:00,-299671.41261,-9424.13539,1.8189894035458565e-12,91.80125717695239,87.31543985371185,-0.1407820578303345,0.042193104860895496,0.14696886032335615,False,286.68374312294543
2020-02-02 19:30:00,-299592.17961,-9158.03083,3.637978807091713e-12,91.75089073364386,87.31622296087568,-0.15294393317289118,0.05530523082386643,0.16263614374079013,False,289.8802238642427
2020-02-02 20:00:00,-299489.22974,-8867.71102,5.823607568738997e-11,91.69600092788781,87.31722272688663,-0.1648331246691031,0.07156146785089518,0.17969697456873,False,293.4678315720894
2020-02-02 20:30:00,-299352.23371,-8557.26685,5.820766091346741e-11,91.63740816209521,87.31852996566296,-0.17651415497536602,0.08972858025101794,0.1980112749833476,False,296.94589067652976
2020-02-02 21:00:00,-299184.4963,-8223.28939,3.637978807091713e-12,91.57441708201047,87.32011540089123,-0.18396435632135524,0.109527413990654,0.2141007678926226,False,300.76842727037
2020-02-02 21:30:00,-298976.27999,-7884.41171,9.094947017729282e-13,91.51061762201276,87.32206113905707,-0.1840679457925277,0.12852192176693134,0.22449697780359124,False,304.9239342908934
2020-02-02 22:00:00,-298739.44695,-7548.67785,9.094947017729282e-13,91.4474665809553,87.32425903983003,-0.17826881887924362,0.14527142777488938,0.2299642570321646,False,309.1766234344425
2020-02-02 22:30:00,-298469.68102,-7229.63815,5.821476590719707e-11,91.38756730083196,87.32674491675995,-0.17508529374817103,0.1564008488420739,0.23476815287726865,False,311.7738975467609
2020-02-02 23:00:00,-298191.83204,-6904.92139,5.827157467007545e-11,91.32650234814565,87.32930141170219,-0.17228995666778618,0.16580605115600663,0.23911393888382151,False,313.90133311833824
2020-02-02 23:30:00,-297887.2977,-6595.74239,1.1641887448640516e-10,91.26842086069647,87.33209071516933,-0.16102050688673303,0.1730765744461806,0.23639607496759488,False,317.0666513798343
2020-02-03 00:00:00,-297581.74089,-6311.59701,9.094947017729282e-13,91.21503980160573,87.33488167937396,-0.15057168923258016,0.17117829284852792,0.22797772158895063,False,318.66452570881023
2020-02-03 00:30:00,-297282.68867,-6040.73887,5.823607568738997e-11,91.16408129939359,87.33760966754076,-0.14411990984427622,0.1668590605865233,0.22048241316109402,False,319.18209239997
2020-02-03 01:00:00,-296991.71265,-5780.66895,9.094947017729282e-13,91.11506854545502,87.34026135101968,-0.13656557604512076,0.16297361787061945,0.21262774203375803,False,320.03829683589123
2020-02-03 01:30:00,-296705.66218,-5537.77839,5.820766091346741e-11,91.06925662244313,87.34286411201299,-0.12574192450596336,0.1597722481090595,0.2033179845569158,False,321.7969963778103
2020-02-03 02:00:00,-296425.07999,-5317.34343,1.1642953181439413e-10,91.02767507077068,87.3454126057854,-0.11431358160413606,0.1542481458952357,0.19198980559207668,False,323.4577884192105
2020-02-03 02:30:00,-296157.83909,-5116.35631,1.1641887448640516e-10,90.98973056337196,87.34783723240402,-0.10338816079578765,0.14688813660181135,0.17962526678362384,False,324.85995456264357
2020-02-03 03:00:00,-295902.79063,-4936.06756,5.820766091346741e-11,90.9556841604704,87.35014843111026,-0.0913680591178936,0.13990365872216598,0.1670962475665423,False,326.852313870614
2020-02-03 03:30:00,-295659.74214,-4779.07659,5.821476590719707e-11,90.92605463462041,87.3523478740181,-0.07690565032747747,0.1288791462852493,0.15008102278271868,False,329.1743368749168
2020-02-03 04:00:00,-295443.36092,-4651.74478,1.8189894035458565e-12,90.90204539202063,87.3543036457001,-0.061427522905978985,0.11810483803671615,0.13312435291126687,False,332.5206015784683
2020-02-03 04:30:00,-295238.09881,-4551.27134,1.1642953181439413e-10,90.8831786506909,87.35615568789727,-0.04728797581363074,0.10862947416361017,0.11847580054008065,False,336.4758133706648
2020-02-03 05:00:00,-295054.96526,-4475.50049,9.094947017729282e-13,90.86901647487551,87.35780594408214,-0.034631864628676186,0.09968562516186302,0.10553004269671462,False,340.84221994657304
2020-02-03 05:30:00,-294881.16273,-4421.16815,5.821476590719707e-11,90.8589741533734,87.35936961110919,-0.025317511078216226,0.09044748048798479,0.09392402830916054,False,344.36232577830066
2020-02-03 06:00:00,-294730.75728,-4379.48634,9.094947017729282e-13,90.85131127973847,87.36072200361977,-0.013466549914772506,0.07983906049088114,0.08096680521469053,False,350.4259671925747
2020-02-03 06:30:00,-294594.49413,-4368.42353,0.0,90.84955385601982,87.36194365795248,0.006117253006532795,0.0726858702706668,0.07294283049998908,False,4.810684277623409
2020-02-03 07:00:00,-294468.79039,-4397.62627,0.0,90.85559727940526,87.36306539399274,0.02206635302479474,0.0655436367486707,0.06915845757430225,False,18.60666025667291
2020-02-03 07:30:00,-294357.37713,-4444.33013,0.0,90.86500978779151,87.36405677362589,0.03377944684493527,0.05929296576967215,0.0682400675476902,False,29.670343082814952
2020-02-03 08:00:00,-294253.52419,-4515.99596,0.0,90.87926626300508,87.364976961584,0.04641502504938672,0.05433690630363217,0.07146225533094305,False,40.504220631702026
2020-02-03 08:30:00,-294159.22316,-4608.40277,1.8189894035458565e-12,90.89754258823474,87.36580855038592,0.053916479099909445,0.053138779348681664,0.07570149661135406,False,45.41621617018541
2020-02-03 09:00:00,-294059.2076,-4707.07487,5.821476590719707e-11,90.91706869105857,87.36669014379444,0.06539112759022092,0.06036248204741969,0.0889922963320175,False,47.289928231453246
2020-02-03 09:30:00,-293938.17831,-4840.30267,9.094947017729282e-13,90.9434087567822,87.36775451895626,0.07987017117639063,0.06804936053689314,0.10492835514400295,False,49.56901326309338
2020-02-03 10:00:00,-293809.52893,-4990.53499,1.1641532182693481e-10,90.97311036717336,87.36888398771794,0.0869380129961452,0.07280327863546705,0.11339548264279034,False,50.05665663871969
2020-02-03 10:30:00,-293670.80897,-5148.78323,5.821476590719707e-11,91.0044353009161,87.37010166506845,0.09510457699190836,0.08224259481576503,0.12573275216442184,False,49.14807469356094
2020-02-03 11:00:00,-293507.49929,-5327.66875,1.8189894035458565e-12,91.03990329355508,87.3715353866216,0.10264496587435214,0.09383994271893427,0.13907524534883905,False,47.56586306085137
2020-02-03 11:30:00,-293326.33446,-5512.11317,1.1641887448640516e-10,91.07656086886011,87.37312703933914,0.10712979099917695,0.10268896239722006,0.14839749026767604,False,46.212488156643246
2020-02-03 12:00:00,-293130.6382,-5706.32221,5.820766091346741e-11,91.11522593060256,87.37484602690022,0.1137239262518521,0.11064596824829245,0.15866840168016705,False,45.78594742884775
2020-02-03 12:30:00,-292920.1161,-5913.68909,9.094947017729282e-13,91.15657267927821,87.37669418763214,0.11970739488794142,0.11411081498266532,0.16538179611694154,False,46.37114723720208
2020-02-03 13:00:00,-292711.22446,-6128.88921,9.094947017729282e-13,91.19950364455545,87.3785249132411,0.12368570258496259,0.11231864797084745,0.16707373134617834,False,47.7574971842472
2020-02-03 13:30:00,-292506.53643,-6350.39554,9.094947017729282e-13,91.24371139863261,87.3803153019687,0.12614426290324574,0.11008704857814258,0.16742620263283015,False,48.8885515543426
2020-02-03 14:00:00,-292305.14772,-6574.29953,1.8189894035458565e-12,91.28843478619217,87.38207410550194,0.12807567830916974,0.10657911876931635,0.16662079081554612,False,50.23421604707386
2020-02-03 14:30:00,-292112.58115,-6802.72405,9.094947017729282e-13,91.33406420751378,87.38375138284275,0.13182399033168454,0.10005292657037985,0.16549366314836916,False,52.80191055781222
2020-02-03 15:00:00,-291934.0061,-7040.35141,0.0,91.38149115705889,87.38529974666412,0.13534060004215442,0.09058848715722183,0.16285991534200353,False,56.20413604956548
2020-02-03 15:30:00,-291774.81074,-7281.94612,0.0,91.42965797711534,87.38667192792794,0.13469826909139004,0.08077968524719863,0.15706362164693963,False,59.04852937203793
2020-02-03 16:00:00,-291631.19133,-7517.8587,9.094947017729282e-13,91.4766808574603,87.38790412666656,0.13291671869222935,0.07145499081606671,0.1509061623010585,False,61.73787210872911
2020-02-03 16:30:00,-291505.32721,-7753.65835,0.0,91.52363313566852,87.38897563849113,0.13328117969114606,0.06482609959847407,0.14821031019809267,False,64.0623603989589
2020-02-03 17:00:00,-291385.14202,-7991.29606,1.8189894035458565e-12,91.57095448290063,87.38999410488718,0.1315274423683142,0.0608044792645546,0.14490221804576997,False,65.18913521381177
2020-02-03 17:30:00,-291273.53244,-8220.97816,3.637978807091713e-12,91.61670143195069,87.39093603141714,0.12535367455689053,0.055867644561216026,0.13723970793372156,False,65.97841587208353
2020-02-03 18:00:00,-291171.36678,-8436.71535,3.637978807091713e-12,91.65968576810951,87.39179537315732,0.11961376526869931,0.05187184578888985,0.13037691984128888,False,66.555494806333
2020-02-03 18:30:00,-291074.40042,-8645.99857,1.8189894035458565e-12,91.70139871817251,87.39260842027477,0.11545412665356361,0.05128520782387622,0.12633221245143805,False,66.04900658795287
2020-02-03 19:00:00,-290974.48096,-8846.68528,0.0,91.74146416992501,87.39344885922922,0.11020317126477731,0.049954655743464485,0.12099672139054797,False,65.61540373131533
2020-02-03 19:30:00,-290882.59021,-9037.08158,5.820766091346741e-11,91.77948133324924,87.3942190190962,0.10917066737917447,0.04923582374044817,0.11975976350767743,False,65.72468951669833
2020-02-03 20:00:00,-290785.11327,-9234.00607,5.820766091346741e-11,91.81884085529826,87.39503617792028,0.10685993998877227,0.049011552869927484,0.11756351087444483,False,65.3613361747743
2020-02-03 20:30:00,-290694.02749,-9415.98339,5.820766091346741e-11,91.85524123563526,87.39579923722904,0.10122260603433282,0.04936620782917526,0.11261899683363849,False,64.00153451644968
2020-02-03 21:00:00,-290595.6908,-9592.46291,1.8189894035458565e-12,91.8906272989375,87.39662776970987,0.10098765590256847,0.05480111007209459,0.11489851308798299,False,61.51345962997141
2020-02-03 21:30:00,-290484.85658,-9772.83231,0.0,91.92688505676512,87.39756599588968,0.09818169651188148,0.06230282541130451,0.11628107147847706,False,57.602152481847554
2020-02-03 22:00:00,-290359.64286,-9938.17559,1.1642953181439413e-10,91.9603045103504,87.39863648581544,0.09445518700629407,0.06848653489918903,0.1166712810201886,False,54.05529412846812
2020-02-03 22:30:00,-290226.81761,-10104.23817,0.0,91.99394554024434,87.3997739894432,0.09585439776517432,0.07331732330529898,0.12067930836551058,False,52.58826909258954
2020-02-03 23:00:00,-290083.85378,-10273.8589,5.823607568738997e-11,92.0283887126705,87.40100020721984,0.10500485740233417,0.08275191712862234,0.13369330524206108,False,51.759167047542405
2020-02-03 23:30:00,-289915.71757,-10471.47448,5.820766091346741e-11,92.06856874701889,87.402441732697,0.11302263437062134,0.08381854083295097,0.1407112776839164,False,53.43905602854278
2020-02-04 00:00:00,-289767.61708,-10669.58354,0.0,92.10874513895605,87.40370250727926,0.11719218681306251,0.07940714387042135,0.14156095205841734,False,55.879197700062775
2020-02-04 00:30:00,-289614.52141,-10882.56186,5.832123694519905e-11,92.15193508482889,87.4050017096545,0.12188279787404624,0.07760648966056478,0.14449284984054042,False,57.51385081714403
2020-02-04 01:00:00,-289471.95484,-11097.56146,5.820766091346741e-11,92.19548798769262,87.40620451768416,0.120587977801945,0.07448930810108874,0.1417396113009391,False,58.29564759842606
2020-02-04 01:30:00,-289329.92612,-11306.08688,5.820766091346741e-11,92.23779699070002,87.40740327653604,0.11813370877031434,0.07846315199928836,0.14181692201388688,False,56.4083106140514
2020-02-04 02:00:00,-289173.09695,-11511.48898,5.820766091346741e-11,92.27964382141528,87.40873417317418,0.12404530936088407,0.09685211112113301,0.15737715908942354,False,52.01798966178478
2020-02-04 02:30:00,-288963.77161,-11738.4277,5.820766091346741e-11,92.32621818404708,87.41052560802018,0.12809890997647735,0.10480312378673146,0.16550838496166473,False,50.71195295323088
2020-02-04 03:00:00,-288777.39875,-11956.95115,5.820766091346741e-11,92.37100180902029,87.41211307257332,0.12591057065205435,0.09597325382978365,0.15831720453760562,False,52.68413661773519
2020-02-04 03:30:00,-288599.81158,-12177.02422,5.820766091346741e-11,92.41607401532302,87.4136197580356,0.12141237061982703,0.09048633459494168,0.15142239097291385,False,53.30353661003943
2020-02-04 04:00:00,-288433.51181,-12379.9148,5.820766091346741e-11,92.45769560611646,87.41503045240819,0.11473778828813015,0.08809949437958203,0.14465918903128755,False,52.48174565670172
2020-02-04 04:30:00,-288265.23258,-12576.10002,5.820766091346741e-11,92.49804953207409,87.41646010868253,0.1104163117162364,0.08834882905927453,0.14141173038034008,False,51.335199296908456
2020-02-04 05:00:00,-288098.43314,-12763.1732,0.0,92.53662648320112,87.41787885492417,0.1054423169686962,0.0877836533453239,0.13720077260124666,False,50.22168011771487
2020-02-04 05:30:00,-287932.72108,-12941.33394,5.823607568738997e-11,92.57346620218054,87.41929028547577,0.10136124714894587,0.0869027766425519,0.133514774507449,False,49.39163249845046
2020-02-04 06:00:00,-287769.5145,-13113.6586,5.832123694519905e-11,92.60916394924133,87.42068061259899,0.09705532465444526,0.08106540818486252,0.12645685607335866,False,50.12969797868942
2020-02-04 06:30:00,-287625.28254,-13277.08573,5.832123694519905e-11,92.64295730199673,87.42190386642312,0.09106166655756527,0.07333486021430755,0.11691975384379334,False,51.15439977807239
2020-02-04 07:00:00,-287490.67332,-13428.95808,5.823607568738997e-11,92.6743954502058,87.42304497022064,0.0846020973099937,0.06954272474660242,0.10951577710280538,False,50.57987582808619
2020-02-04 07:30:00,-287360.99027,-13569.64003,1.1641532182693481e-10,92.703588879835,87.42414595904731,0.07740184402813693,0.06515471988848044,0.10117402326043176,False,49.91025988718707
2020-02-04 08:00:00,-287243.23392,-13696.23074,5.832123694519905e-11,92.72988960009015,87.42514560375865,0.068796242712646,0.060067276406006016,0.0913290791928443,False,48.87518583219162
2020-02-04 08:30:00,-287133.19773,-13806.72636,5.832123694519905e-11,92.7529324832275,87.42608257438128,0.05940250042041464,0.056829168926250055,0.0822083420161581,False,46.26830279266943
2020-02-04 09:00:00,-287028.61401,-13900.00688,1.8189894035458565e-12,92.77251111532918,87.426977817837,0.04999669583302137,0.05505179693201709,0.07436645708694009,False,42.24496095423905
2020-02-04 09:30:00,-286926.53712,-13976.91739,5.823607568738997e-11,92.78881786933466,87.42785747424337,0.040910620006256046,0.0561122318622109,0.06944250423087285,False,36.095251233066676
2020-02-04 10:00:00,-286819.68342,-14037.28221,0.0,92.80188512153826,87.42878689669587,0.03287370893453625,0.05858331453523737,0.06717652477649587,False,29.298725178743496
2020-02-04 10:30:00,-286710.10428,-14084.81192,0.0,92.81242976625074,87.42974620572386,0.02420090703008297,0.06204848935177212,0.06660104302423271,False,21.30738353258033
2020-02-04 11:00:00,-286592.30308,-14113.34034,5.4569682106375694e-12,92.81927358925316,87.43078734578285,0.016255254477814618,0.06723529864326722,0.06917238380877042,False,13.591404859756949
2020-02-04 11:30:00,-286465.47187,-14131.35474,1.8189894035458565e-12,92.82411410733671,87.43191385939254,0.010998045465668387,0.07242531391647321,0.07325560115079663,False,8.634604353148347
2020-02-04 12:00:00,-286329.93786,-14140.03896,5.4569682106375694e-12,92.82718225601035,87.4331223196432,0.006343018768056031,0.07810431239228392,0.07836145418101548,False,4.642923730177472
2020-02-04 12:30:00,-286183.51228,-14140.29322,1.8189894035458565e-12,92.82867721356372,87.43443191897325,0.004555184334936142,0.08087845681043898,0.08100663232330604,False,3.223570366219974
2020-02-04 13:00:00,-286038.32091,-14142.04887,1.8189894035458565e-12,92.83046151317411,87.43572981283802,0.0029949275631300635,0.08419090504394715,0.08424415756138418,False,2.037326742489313
2020-02-04 13:30:00,-285880.26237,-14136.09512,3.637978807091713e-12,92.83083355053623,87.43714620513592,0.00029387886238836473,0.08952798395692803,0.08952846628965405,False,0.18807480390319142
2020-02-04 14:00:00,-285716.36122,-14127.18799,1.8189894035458565e-12,92.83067299263797,87.43861616254617,8.489481500588338e-05,0.09160183449042936,0.09160187382986021,False,0.05310060913961934
2020-02-04 14:30:00,-285550.88304,-14120.11502,0.0,92.83089498380902,87.44009941407543,0.0022534996627413826,0.09159218334461498,0.09161990128003601,False,1.4093994879839329
2020-02-04 15:00:00,-285386.63108,-14119.00578,0.0,92.83229947653808,87.44156905868114,0.0018765949523266417,0.08997810520759279,0.08999767233303167,False,1.1947949413597598
2020-02-04 15:30:00,-285227.02373,-14110.85665,3.637978807091713e-12,92.83224881165128,87.44300027357714,0.0007667684871544376,0.08807157942518466,0.08807491718054297,False,0.49881571916637313
2020-02-04 16:00:00,-285069.82429,-14106.09634,7.275957614183426e-12,92.83285365698731,87.4444084507714,0.0011457803153874652,0.08565202601740214,0.08565968931426766,False,0.7664087343453616
2020-02-04 16:30:00,-284918.84939,-14099.73713,1.8189894035458565e-12,92.83307662288988,87.44576165969616,0.0010960852260643219,0.08251974091328389,0.08252702007959754,False,0.760998081205571
2020-02-04 17:00:00,-284772.92128,-14095.35428,3.637978807091713e-12,92.83364636302318,87.44706885232056,0.0017434859634951933,0.08068545322444944,0.08070428802325018,False,1.2378791964055154
2020-02-04 17:30:00,-284628.42663,-14091.64636,0.0,92.83433796765665,87.44836292390713,0.0004697617783667534,0.07616107361415235,0.07616252234655012,False,0.35339609438761954
2020-02-04 18:00:00,-284498.9932,-14083.48561,3.637978807091713e-12,92.8339858630846,87.44952425204178,-0.0011509728966093485,0.07106553192980976,0.07107485186108754,False,359.0721222740034
2020-02-04 18:30:00,-284373.10847,-14074.85883,1.8189894035458565e-12,92.83350446767989,87.45065404483832,-0.0030267948491277366,0.06853708052733833,0.06860388395907017,False,357.47129648289854
2020-02-04 19:00:00,-284253.10002,-14060.40549,1.8189894035458565e-12,92.8317926055646,87.45173385530491,-0.005975655496950989,0.06680938419215998,0.06707609316853418,False,354.88887413454296
2020-02-04 19:30:00,-284133.95118,-14041.4904,5.4569682106375694e-12,92.82917322229011,87.45280794698238,-0.009312676033788117,0.06515955655883898,0.06582168142682795,False,351.86630603221664
2020-02-04 20:00:00,-284020.4663,-14015.34252,1.8189894035458565e-12,92.8250398204695,87.4538345648656,-0.01271513499329314,0.06383716053762108,0.06509114934769299,False,348.73520755069825
2020-02-04 20:30:00,-283906.67275,-13984.44488,0.0,92.81994990894297,87.45486602320996,-0.015840037960833137,0.06269947131397843,0.0646693938865445,False,345.82178824784626
2020-02-04 21:00:00,-283797.82698,-13947.28266,1.8189894035458565e-12,92.81354517146906,87.4558559596731,-0.019180783441410852,0.06323255945460597,0.06607767420700111,False,343.12550098045733
2020-02-04 21:30:00,-283682.69936,-13904.30352,1.1642953181439413e-10,92.80602547595875,87.45690460392522,-0.0239895962267747,0.06608119891407767,0.07030096426824872,False,340.04747789212126
2020-02-04 22:00:00,-283564.44776,-13849.37769,3.637978807091713e-12,92.79612221309732,87.45798636860441,-0.029148706796489694,0.06975093532448053,0.075596561340762,False,337.32009621271163
2020-02-04 22:30:00,-283437.01392,-13787.24374,1.8189894035458565e-12,92.7848469853296,87.45915332766252,-0.03369251424027207,0.07427726354392021,0.08156161717011204,False,335.600733671498
2020-02-04 23:00:00,-283303.2585,-13715.23618,1.8189894035458565e-12,92.77163100539767,87.46038101117112,-0.039510714297962456,0.07901800114997362,0.0883455774222595,False,333.43395473812586
2020-02-04 23:30:00,-283159.75986,-13631.4162,0.0,92.75611236641194,87.46170080134306,-0.04181909019666932,0.08583115306275325,0.09547681991435901,False,334.0234949979504
2020-02-05 00:00:00,-283001.86286,-13550.00381,0.0,92.74120312506095,87.46314816933138,-0.04349017160780064,0.09324533761855404,0.10288871665092376,False,334.9953786983647
2020-02-05 00:30:00,-282831.94842,-13458.97676,1.8189894035458565e-12,92.72444920602095,87.46470695825701,-0.048181854809294634,0.09841864643524201,0.10957974766812124,False,333.91546819226306
2020-02-05 01:00:00,-282656.20098,-13359.90402,5.4569682106375694e-12,92.70610320826165,87.46632111093936,-0.048973264401945625,0.1014109613869194,0.11261688912237866,False,334.2232277544574
2020-02-05 01:30:00,-282475.59988,-13265.63317,1.8189894035458565e-12,92.68875178650217,87.46797640465263,-0.046255400648766654,0.10552651410073101,0.1152189535945788,False,336.33073552644015
2020-02-05 02:00:00,-282284.53524,-13175.74687,1.8189894035458565e-12,92.6723645519116,87.4697232380877,-0.04419250168487192,0.10946963543525991,0.1180532857971184,False,338.01624580526607
2020-02-05 02:30:00,-282089.35543,-13088.33884,1.8189894035458565e-12,92.65649565617476,87.471505648403,-0.04051154263041128,0.10957418735890842,0.11682331797060377,False,339.70974252185084
2020-02-05 03:00:00,-281897.25154,-13011.77929,0.0,92.64277588069693,87.47325586927259,-0.037162358775691164,0.11193021030912181,0.11793817401341021,False,341.63312864443475
2020-02-05 03:30:00,-281693.00388,-12936.11716,1.8189894035458565e-12,92.6293324172857,87.47511421337676,-0.037691130268022274,0.11411508834866707,0.1201785117635641,False,341.722101196744
2020-02-05 04:00:00,-281493.09433,-12857.38821,1.8189894035458565e-12,92.61520596909091,87.47693486189503,-0.03855598396243439,0.11232477055523907,0.11875781228870208,False,341.05498548472104
2020-02-05 04:30:00,-281295.38911,-12779.00958,1.8189894035458565e-12,92.60110997657019,87.47873549346234,-0.040002252412356436,0.10828780188658892,0.11544015001502296,False,339.72542631393003
2020-02-05 05:00:00,-281110.19532,-12695.8368,1.8189894035458565e-12,92.58590370432574,87.48042597856677,-0.04433435237937784,0.10001914191632953,0.10940458651527235,False,336.09426901190864
2020-02-05 05:30:00,-280942.88773,-12603.32313,0.0,92.56861241390023,87.48196001924566,-0.04948056347122284,0.09422469449913348,0.10642659073222607,False,332.29452178843223
2020-02-05 06:00:00,-280779.31026,-12502.68385,1.8189894035458565e-12,92.54961137121781,87.48346369638087,-0.05379528450584949,0.09335274777753798,0.1077435295165418,False,330.0469512804524
2020-02-05 06:30:00,-280615.76551,-12394.90194,5.832123694519905e-11,92.52913178743465,87.48496962657978,-0.055151240547790546,0.09108400968886238,0.10647983919484962,False,328.8051533309306
2020-02-05 07:00:00,-280460.48847,-12289.86332,3.637978807091713e-12,92.50911317095307,87.48640018977419,-0.05514600887311286,0.08903468310994325,0.10472944710596661,False,328.2268904130535
2020-02-05 07:30:00,-280304.23906,-12182.53461,5.832123694519905e-11,92.48861316053465,87.48784003558838,-0.054532932353670904,0.08862825629685755,0.10406156122849357,False,328.3960301474471
2020-02-05 08:00:00,-280150.25198,-12079.87599,5.820766091346741e-11,92.469023083752,87.48925751644768,-0.058802841690087024,0.08657920441027363,0.10466008230049019,False,325.8164472552173
2020-02-05 08:30:00,-280001.96273,-11957.61374,0.0,92.44535699308042,87.49063122009055,-0.06657809831318565,0.08495693789985961,0.10793666880314964,False,321.91530974575363
2020-02-05 09:00:00,-279854.91189,-11827.36374,0.0,92.42002183686355,87.49199643567012,-0.07058171422375194,0.08772740021590332,0.11259607067480046,False,321.1813318193872
2020-02-05 09:30:00,-279697.15483,-11690.41081,0.0,92.39337995420375,87.4934594615419,-0.07448672914259448,0.09008810509552105,0.11689371025878116,False,320.41534578420226
2020-02-05 10:00:00,-279542.07572,-11545.90188,0.0,92.3651382557964,87.4949007761404,-0.07925207026396686,0.08689103151578961,0.11760502539858866,False,317.63250299017864
2020-02-05 10:30:00,-279396.38758,-11392.43754,1.1642953181439413e-10,92.33495216053227,87.49626072011958,-0.08200021531798476,0.0862000974476809,0.11897265279124251,False,316.4303512578011
2020-02-05 11:00:00,-279244.03989,-11238.30334,1.8189894035458565e-12,92.30465095379554,87.49767979942517,-0.083128994513769,0.08624287531541297,0.11978423632323287,False,316.053257136311
2020-02-05 11:30:00,-279098.19865,-11080.93015,1.8189894035458565e-12,92.27359852781466,87.49904110684845,-0.08541836298555489,0.08606828721213025,0.12126024409822767,False,315.21714656420124
2020-02-05 12:00:00,-278946.63716,-10918.7473,1.8189894035458565e-12,92.24157183859646,87.50045455093675,-0.08778781968002786,0.09231916705345775,0.12739517215976956,False,316.44121183453717
2020-02-05 12:30:00,-278778.46503,-10752.13672,5.823607568738997e-11,92.20873178995753,87.50201738434012,-0.08992822589362684,0.0993535232641461,0.13400824003535902,False,317.8506925886411
2020-02-05 13:00:00,-278601.70724,-10581.46147,0.0,92.17508291579901,87.50365760920356,-0.09207166727589546,0.09989747045070972,0.13585542505698336,False,317.33442396486134
2020-02-05 13:30:00,-278431.67315,-10407.26837,5.823607568738997e-11,92.1406152563157,87.50523797727325,-0.09416782376475932,0.10031902959485818,0.13759173932851057,False,316.8115398553563
2020-02-05 14:00:00,-278253.47327,-10229.20422,5.832123694519905e-11,92.10536965151636,87.50689179239669,-0.09464452315490897,0.1075907216032958,0.14329462355000622,False,318.6628223325385
2020-02-05 14:30:00,-278057.12518,-10052.54873,1.8189894035458565e-12,92.07050215468823,87.50870662337066,-0.09209600216028575,0.11206965688381583,0.14505613261066755,False,320.58750170351715
2020-02-05 15:00:00,-277862.26439,-9883.29871,0.0,92.03709805138575,87.51050486220365,-0.0908240277879267,0.111644095706576,0.14392153462828688,False,320.8711652117493
2020-02-05 15:30:00,-277667.08298,-9711.50203,5.823607568738997e-11,92.00312313337035,87.51230591958874,-0.08830628773617324,0.1071232327337945,0.1388286261729998,False,320.49977414218995
2020-02-05 16:00:00,-277487.96837,-9552.11056,1.8189894035458565e-12,91.97154348535392,87.51395848248052,-0.0795446625952138,0.10209744313298186,0.12942658630157433,False,322.07765347927466
2020-02-05 16:30:00,-277309.60147,-9412.66586,0.0,91.94403314535329,87.51559754303476,-0.07056243192396566,0.1037361647449704,0.1254601477562494,False,325.7760501393054
2020-02-05 17:00:00,-277123.35047,-9285.56336,1.1642953181439413e-10,91.91908989292057,87.5173028955326,-0.06653429823030023,0.10287173377316458,0.12251288279399593,False,327.1064440174091
2020-02-05 17:30:00,-276947.49215,-9160.87478,5.823607568738997e-11,91.89454018813251,87.51891404286349,-0.06205490451102658,0.09515930932031974,0.11360504092773753,False,326.8909876434475
2020-02-05 18:00:00,-276788.34973,-9050.96236,0.0,91.87290117261199,87.5203707961327,-0.05500252025956559,0.08707161931682117,0.10298904857001714,False,327.71969028147475
2020-02-05 18:30:00,-276640.6732,-8952.72691,3.637978807091713e-12,91.85357597073423,87.52172118776818,-0.05003122475049928,0.08408199042729166,0.09784122119153123,False,329.2461262839862
2020-02-05 19:00:00,-276491.63875,-8861.15341,1.8189894035458565e-12,91.835617807428,87.52308154077437,-0.047388445361721376,0.08164329715627597,0.09439964366642933,False,329.8677159611127
2020-02-05 19:30:00,-276352.37278,-8772.80131,0.0,91.81824292257407,87.52435329901685,-0.043093702768842106,0.0760433016677504,0.08740509680139827,False,330.45979280924274
2020-02-05 20:00:00,-276222.94305,-8697.40819,3.637978807091713e-12,91.80347146536832,87.52553313654266,-0.038358718223846774,0.06986403117543136,0.07970178238821338,False,331.2310933654269
2020-02-05 20:30:00,-276105.33277,-8626.86296,1.8189894035458565e-12,91.78961442416086,87.52660565869098,-0.03544124008842382,0.06520836309637855,0.07421733029902412,False,331.47558427152626
2020-02-05 21:00:00,-275992.29198,-8562.55081,5.823607568738997e-11,91.7770087206783,87.52763540403963,-0.03303357711323472,0.06482808198321786,0.0727591742017379,False,332.99858303278893
2020-02-05 21:30:00,-275875.75161,-8500.7622,5.823607568738997e-11,91.76493849156077,87.5286956583285,-0.03284937671682342,0.06317791204874983,0.07120765493627317,False,332.52780820939984
2020-02-05 22:00:00,-275768.60163,-8437.34419,0.0,91.75246003297134,87.52967219462897,-0.03511927175991432,0.05835672552539163,0.06810925534017098,False,328.96033095979345
2020-02-05 22:30:00,-275669.63205,-8367.96728,1.1641532182693481e-10,91.73868273593122,87.53057700912917,-0.03835750633118837,0.05656578980053213,0.06834461842533866,False,325.8586347968593
2020-02-05 23:00:00,-275569.24825,-8293.14218,1.8189894035458565e-12,91.72377243773919,87.53149580768152,-0.03860096998836354,0.05860270756353455,0.07017344382185965,False,326.62753566584627
2020-02-05 23:30:00,-275462.93793,-8222.7205,1.8189894035458565e-12,91.70980287075159,87.53246631248527,-0.04153005827383539,0.061701242209146016,0.0743759976765345,False,326.05617267656794
2020-02-06 00:00:00,-275351.68359,-8137.07295,5.823607568738997e-11,91.69268728187028,87.5334849573634,-0.0463902720936006,0.06688769967786985,0.0814003790723066,False,325.2565793112309
2020-02-06 00:30:00,-275227.18039,-8048.67561,5.823607568738997e-11,91.67506621392913,87.53462269809714,-0.04849037770828777,0.07140393619058487,0.08631244889239054,False,325.81959339563963
2020-02-06 01:00:00,-275099.84203,-7955.06817,0.0,91.65636173663398,87.53578693321816,-0.05302456672904805,0.07476672593602572,0.09166061304615004,False,324.6557317240511
2020-02-06 01:30:00,-274963.65026,-7850.08687,1.1641887448640516e-10,91.6353241780228,87.53703306630582,-0.05466214827429785,0.0758199300074352,0.09346984669022249,False,324.21039579063927
2020-02-06 02:00:00,-274832.61725,-7750.57511,9.094947017729282e-13,91.61537440043462,87.53823130660959,-0.05535987325121398,0.07751543201447643,0.09525417453729466,False,324.46638107560625
2020-02-06 02:30:00,-274690.32372,-7643.00399,0.0,91.5937908207155,87.53953205812478,-0.053588896489208684,0.07884241374454264,0.09533045700088072,False,325.7961985021588
2020-02-06 03:00:00,-274554.26011,-7549.83539,0.0,91.57515210385644,87.54077314815106,-0.051705924171734155,0.07660661026767525,0.09242334840913637,False,325.982467803141
2020-02-06 03:30:00,-274419.76081,-7449.35222,1.8189894035458565e-12,91.55495962678572,87.54200175205243,-0.05418302579946282,0.07867780759253369,0.09553008789042856,False,325.44599122014614
2020-02-06 04:00:00,-274276.41739,-7347.16237,5.820766091346741e-11,91.53444015794037,87.54330963227987,-0.05493144000648125,0.08368850753189165,0.10010609069432856,False,326.7199168341765
2020-02-06 04:30:00,-274123.88562,-7243.60236,1.1644729186023084e-10,91.51366337332915,87.54469977613397,-0.05838890082099436,0.08923557030419861,0.10664075556089937,False,326.80234684131494
2020-02-06 05:00:00,-273960.83394,-7128.5498,5.827157467007545e-11,91.49051844745517,87.54618645202441,-0.06100623186972896,0.08759789585533305,0.10674807579167367,False,325.1453002483449
2020-02-06 05:30:00,-273814.35261,-7015.85144,5.821476590719707e-11,91.46774900188805,87.54752384360613,-0.05077212881097332,0.07528985922524921,0.09080953675774318,False,326.00602713486404
2020-02-06 06:00:00,-273694.56114,-6938.88753,3.637978807091713e-12,91.45228981159745,87.54861381904227,-0.03591598245387676,0.07284771561373131,0.08122036361508274,False,333.75540016724256
2020-02-06 06:30:00,-273555.46206,-6879.94879,5.823607568738997e-11,91.44069120396668,87.54987241250072,-0.02687958407121868,0.07533393034235922,0.07998570560212083,False,340.363304580147
2020-02-06 07:00:00,-273425.87764,-6835.33301,5.820766091346741e-11,91.43203044171472,87.5510425233781,-0.024371600684872964,0.07840820224925958,0.08210859333774813,False,342.73320177958306
2020-02-06 07:30:00,-273275.47335,-6785.18422,1.8189894035458565e-12,91.42231044433912,87.55240019779082,-0.027583582556627993,0.08031961098213072,0.08492404803693196,False,341.04636191853393
2020-02-06 08:00:00,-273139.28092,-6728.88557,5.820766091346741e-11,91.41121693242475,87.55363192632974,-0.029670394246449638,0.07819576478705424,0.08363557810747807,False,339.22138370243044
2020-02-06 08:30:00,-272996.68457,-6671.47033,1.1642953181439413e-10,91.39991086981837,87.55492113855739,-0.031710359813970454,0.08705032761646167,0.09264613568662636,False,339.9845232529938
2020-02-06 09:00:00,-272828.78221,-6607.10625,5.821476590719707e-11,91.38726318365894,87.55643831716965,-0.03181012196911948,0.09356595970261378,0.09882546571993174,False,341.22323164245256
2020-02-06 09:30:00,-272662.71828,-6548.83264,5.827157467007545e-11,91.3758695999039,87.557937608256,-0.028055988388766745,0.08607531720105675,0.09053230757985324,False,341.9467783817287
2020-02-06 10:00:00,-272521.42557,-6498.69345,9.094947017729282e-13,91.36604727824268,87.55921329759141,-0.02863425100810613,0.07529708934417763,0.08055787977907744,False,339.17900968195477
2020-02-06 10:30:00,-272394.18328,-6439.3164,0.0,91.35420273897947,87.56036508182149,-0.03180367078972394,0.06673272436416706,0.07392381197398465,False,334.5183327090549
2020-02-06 11:00:00,-272283.96069,-6378.55465,9.094947017729282e-13,91.34197191940386,87.56136467842599,-0.03199140282337514,0.05993447849168562,0.06793814515187901,False,331.9079068919389
2020-02-06 11:30:00,-272181.17556,-6319.12581,1.8189894035458565e-12,91.32997518316795,87.56229730039016,-0.03313492814848062,0.0578678797421769,0.06668294361574045,False,330.20471154036267
2020-02-06 12:00:00,-272078.46111,-6254.46576,5.823607568738997e-11,91.31686788903215,87.56323025948508,-0.03336189360472978,0.06165175019000987,0.07009960232686553,False,331.5806475042108
2020-02-06 12:30:00,-271962.04804,-6193.95402,1.1642953181439413e-10,91.30468969849784,87.56428488759634,-0.030914363289004224,0.06681764449904072,0.07362265598282039,False,335.1715456565423
2020-02-06 13:00:00,-271840.51397,-6137.72593,5.821476590719707e-11,91.29342770439746,87.5653843877297,-0.02984164450445294,0.06886691040476144,0.0750544808484316,False,336.57178583648306
2020-02-06 13:30:00,-271716.61531,-6080.95524,9.094947017729282e-13,91.28205233124882,87.5665050722949,-0.02859407130736774,0.0661030468621167,0.07202245287676634,False,336.6082292587463
2020-02-06 14:00:00,-271604.90574,-6029.48864,1.8189894035458565e-12,91.2717278331213,87.56751547777233,-0.026437034468958575,0.06116987782903353,0.0666383579114296,False,336.6264623587856
2020-02-06 14:30:00,-271498.57027,-5980.91798,9.094947017729282e-13,91.26198064497477,87.56847711840977,-0.026196766617590163,0.059747812021886504,0.06523857465195858,False,336.32467965547363
2020-02-06 15:00:00,-271391.94283,-5930.46598,0.0,91.25183009675482,87.56944167058217,-0.028264533186939424,0.05801729268617421,0.06453595964196089,False,334.02584684365206
2020-02-06 15:30:00,-271291.98083,-5874.62697,1.8189894035458565e-12,91.24050381200347,87.57034751468888,-0.030597454912523005,0.0532886186988924,0.061448198752769176,False,330.1362609492117
2020-02-06 16:00:00,-271202.53344,-5816.1878,0.0,91.2285723678778,87.57115962411092,-0.029380135343013855,0.047822824571887204,0.05612677527532925,False,328.4353548042469
2020-02-06 16:30:00,-271122.12602,-5765.19147,0.0,91.2181645631243,87.57188927536689,-0.02970894579879716,0.0489145765638834,0.05722986336607732,False,328.72701738596606
2020-02-06 17:00:00,-271028.7545,-5705.51615,5.820766091346741e-11,91.2059743216995,87.57273655375576,-0.03083848679574907,0.05423144886991586,0.06238639526677181,False,330.37545587555144
2020-02-06 17:30:00,-270929.27262,-5650.0885,5.821476590719707e-11,91.19470038629835,87.57363763686597,-0.026673207336577034,0.054842106670226674,0.06098456078097594,False,334.0633957514366
2020-02-06 18:00:00,-270833.36792,-5605.39704,9.094947017729282e-13,91.18567275894902,87.57450461068684,-0.02185244002324365,0.05246218474310283,0.056831417041887246,False,337.3864666315879
2020-02-06 18:30:00,-270742.07704,-5567.52851,9.094947017729282e-13,91.17806192359666,87.5753289596814,-0.019527536777876053,0.04947073801722663,0.05318532328171348,False,338.4594109938828
2020-02-06 19:00:00,-270656.75623,-5531.45121,0.0,91.17079913235104,87.57609948600283,-0.01819146004261738,0.046566647960580014,0.04999381882559819,False,338.6616855055987
2020-02-06 19:30:00,-270575.81024,-5498.62756,5.823607568738997e-11,91.16420160794296,87.5768302121016,-0.015480588706293107,0.041614193287602866,0.04440033456711088,False,339.5946673655293
2020-02-06 20:00:00,-270508.10837,-5472.68877,0.0,91.15900111563249,87.57744108012722,-0.015223709433212575,0.03462571680484143,0.03782461623276519,False,336.2665971285483
2020-02-06 20:30:00,-270452.29171,-5441.31207,5.821476590719707e-11,91.15259574579075,87.57794649535457,-0.01634461015519212,0.028339615217611466,0.03271513520998323,False,330.0262002542472
2020-02-06 21:00:00,-270407.28999,-5411.80787,5.821476590719707e-11,91.14653847264502,87.57835471424842,-0.014930547223370613,0.024148088028323533,0.028391044288876767,False,328.2718682591105
2020-02-06 21:30:00,-270366.45151,-5385.83337,1.8189894035458565e-12,91.14120931421746,87.57872500145248,-0.01356416553154155,0.02265411426561033,0.026404459466658075,False,329.08890686334325
2020-02-06 22:00:00,-270326.7239,-5361.36227,0.0,91.13619237989997,87.57908505464626,-0.014106864050688233,0.023244497952962736,0.027190261095287202,False,328.7468358081873
2020-02-06 22:30:00,-270283.79478,-5333.39935,1.8189894035458565e-12,91.13044742771403,87.57947437091615,-0.014251185386559782,0.02476642281908119,0.028573973895410498,False,330.08285948019625
2020-02-06 23:00:00,-270238.5943,-5308.30899,9.094947017729282e-13,91.12531888144353,87.57988349428585,-0.013203423747293901,0.02521907495959891,0.028466333456707647,False,332.365734953309
2020-02-06 23:30:00,-270193.95712,-5284.09317,0.0,91.12037164549756,87.58028740160752,-0.012965083384427369,0.02606860016306874,0.029114692195300676,False,333.5567822951997
2020-02-07 00:00:00,-270145.6779,-5259.80863,0.0,91.11542322257273,87.58072391181084,-0.01210356621905192,0.02866705830034851,0.031117463695078926,False,337.1099620449078
2020-02-07 00:30:00,-270091.62348,-5238.51961,0.0,91.11113196719373,87.58121159217957,-0.011647830822324758,0.037096260534976035,0.03888193036031415,False,342.56826671151714
2020-02-07 01:00:00,-270012.96961,-5215.29463,5.821476590719707e-11,91.10652914400805,87.5819198454043,-0.01090883254285553,0.042792800213814375,0.04416136747868543,False,345.6986364897865
2020-02-07 01:30:00,-269938.35652,-5196.28014,1.1641887448640516e-10,91.10280050023796,87.58259117825884,-0.009998066000126279,0.03857347075467825,0.03984813634042249,False,345.4689736486132
2020-02-07 02:00:00,-269874.82357,-5176.63563,5.820766091346741e-11,91.09889096509889,87.58316340252031,-0.011933773356993908,0.03508050219093778,0.03705477810626435,False,341.21259371848544
2020-02-07 02:30:00,-269812.91386,-5150.90446,5.821476590719707e-11,91.09368093904607,87.58372212269819,-0.012660267579140842,0.03501245496396366,0.03723109423289931,False,340.1203513049195
2020-02-07 03:00:00,-269749.67163,-5128.66113,1.8189894035458565e-12,91.08921444095654,87.58429216009418,-0.010372786861355234,0.03505174839931816,0.03655434000389293,False,343.51504976873616
2020-02-07 03:30:00,-269687.46021,-5111.17047,5.821476590719707e-11,91.08575104412886,87.58485214719215,-0.007500896587155393,0.035060722369050445,0.03585411695539068,False,347.92417379617535
2020-02-07 04:00:00,-269623.98737,-5099.27106,9.094947017729282e-13,91.08347883373398,87.58542247335394,-0.00391812445715842,0.03476174801981416,0.034981864224978586,False,353.56912374715307
2020-02-07 04:30:00,-269562.60701,-5094.70141,0.0,91.08275455070233,87.58597282098697,-0.0012148562104050773,0.033761068077576735,0.03378291866240587,False,357.93916135278045
2020-02-07 05:00:00,-269502.55187,-5092.60168,9.094947017729282e-13,91.08254953143295,87.58651088492198,0.00012784036294678715,0.033799286909662246,0.03379952867659643,False,0.21671103117694202
2020-02-07 05:30:00,-269440.9426,-5092.86271,5.823607568738997e-11,91.08285249127529,87.58706246436351,0.00141786017650404,0.033555269736893864,0.03358521184384314,False,2.41956355107493
2020-02-07 06:00:00,-269381.67801,-5095.42218,5.821476590719707e-11,91.08363485305507,87.58759266122654,0.0027528377341309827,0.03288783442071223,0.033002844854264295,False,4.7847225960359765
2020-02-07 06:30:00,-269322.38015,-5100.53206,5.820766091346741e-11,91.08496007375768,87.58812272311357,0.003910931868714408,0.03257050809181331,0.032804472034169405,False,6.847058303097413
2020-02-07 07:00:00,-269264.17861,-5107.27881,5.823607568738997e-11,91.08662963378804,87.58864268973848,0.005480470288019886,0.0326173556324761,0.03307457396601336,False,9.537924802597843
2020-02-07 07:30:00,-269204.60463,-5118.03139,1.1641532182693481e-10,91.08915772816965,87.58917426087118,0.006242453559979502,0.03225636422014264,0.03285485137922555,False,10.952840680359657
2020-02-07 08:00:00,-269147.64951,-5127.54029,5.821476590719707e-11,91.09141166091015,87.58968259132432,0.006437644922800758,0.03128069791143826,0.031936269882043525,False,11.629243142636255
2020-02-07 08:30:00,-269091.57311,-5139.05775,0.0,91.09409048660366,87.59018270695434,0.005887595282152792,0.0322540468151347,0.032786999163682676,False,10.344774647756367
2020-02-07 09:00:00,-269031.1514,-5146.51464,0.0,91.09592366836968,87.59072241890487,0.006864046217049398,0.03204422780133948,0.03277114074691219,False,12.090356646938233
2020-02-07 09:30:00,-268975.76237,-5161.5574,0.0,91.09935244443433,87.59121576567443,0.008464500961016079,0.029815709307178216,0.030993939698095753,False,15.848926184548134
2020-02-07 10:00:00,-268923.24996,-5174.92186,0.0,91.1024133918125,87.59168363711767,0.007416259419904966,0.02847608530885285,0.02942598066845682,False,14.597729083687454
2020-02-07 10:30:00,-268872.75377,-5186.27867,0.0,91.10503957733775,87.59213379620256,0.0073622213516411,0.027606653810564055,0.02857148294798313,False,14.932283306393913
2020-02-07 11:00:00,-268823.37335,-5199.50427,1.1641887448640516e-10,91.10806030495475,87.59257363657183,0.006792605431893307,0.026382680247874418,0.027243078122983266,False,14.43806135941594
2020-02-07 11:30:00,-268777.321,-5208.89079,5.821476590719707e-11,91.11025030551521,87.59298433877673,0.005473506124858574,0.025555299687338166,0.026134892603730562,False,12.089120312418515
2020-02-07 12:00:00,-268731.00974,-5217.42259,5.821476590719707e-11,91.11225995991285,87.59339750416571,0.004032423215653649,0.0257417503277251,0.0260556739871583,False,8.902982165732453
2020-02-07 12:30:00,-268684.38637,-5221.60592,1.1641532182693481e-10,91.11334465640735,87.59381421798321,0.0047656975375887185,0.026246114271585574,0.026675276706660554,False,10.29148386830127
2020-02-07 13:00:00,-268636.20821,-5232.73997,5.820766091346741e-11,91.11591809215845,87.59424364024694,0.005598374338645086,0.02819160617180417,0.028742102459314047,False,11.231846937293199
2020-02-07 13:30:00,-268582.52333,-5239.77971,0.0,91.1176422807258,87.59472307726008,0.006182573356372918,0.029741056845882023,0.030376877318396608,False,11.743397587723223
2020-02-07 14:00:00,-268528.72664,-5252.90461,9.094947017729282e-13,91.12066551273038,87.59520244796228,0.010477679404306302,0.0313130553187133,0.03301952754192924,False,18.500786000844528
2020-02-07 14:30:00,-268469.08017,-5275.28742,1.8189894035458565e-12,91.12568945950251,87.59573256026498,0.012507804368559175,0.0329218594718443,0.03521780801250998,False,20.80298562648443
2020-02-07 15:00:00,-268409.34621,-5295.59563,9.094947017729282e-13,91.13027330988979,87.5962638038937,0.011163433733765134,0.03378419174576435,0.03558080753218985,False,18.285293234378514
2020-02-07 15:30:00,-268346.688,-5313.06886,0.0,91.13426647950354,87.59682171676275,0.009970069013794327,0.03560025326550224,0.03696999200307899,False,15.645228407760214
2020-02-07 16:00:00,-268280.49991,-5328.94385,0.0,91.13793527978709,87.5974115065776,0.01018311764695697,0.037526759099524354,0.03888384669146689,False,15.18197357938135
2020-02-07 16:30:00,-268210.89028,-5347.03792,1.1642953181439413e-10,91.14209429727998,87.59803152481278,0.010646115999282214,0.03782409652388662,0.039293791668894275,False,15.719991973654714
2020-02-07 17:00:00,-268143.5963,-5364.54818,0.0,91.14612086972001,87.59863090202222,0.012106074676481818,0.03783671275084501,0.039726236618417704,False,17.742372956511247
2020-02-07 17:30:00,-268073.83363,-5387.88652,5.820766091346741e-11,91.1514051821594,87.59925132215761,0.01394874326500759,0.03847600973111702,0.04092640667713336,False,19.927146546821632
2020-02-07 18:00:00,-268004.10158,-5411.97016,1.8189894035458565e-12,91.15685136441053,87.5998713128898,0.014977926808214883,0.03877341193088245,0.041565800416137055,False,21.121235111284022
2020-02-07 18:30:00,-267933.18917,-5438.97793,9.094947017729282e-13,91.16293052844199,87.60050131866086,0.016395299199300814,0.0384763676729521,0.04182387721312776,False,23.079507914747182
2020-02-07 19:00:00,-267864.41728,-5468.16984,0.0,91.16947053553493,87.6011117335046,0.01646444261022977,0.036963331872696854,0.04046437659962991,False,24.009451841510327
2020-02-07 19:30:00,-267798.93917,-5495.5217,9.094947017729282e-13,91.17560589662921,87.60169296503567,0.015092576475421081,0.03565715482319033,0.03871974373302849,False,22.941445378288847
2020-02-07 20:00:00,-267734.9638,-5519.85803,0.0,91.18109254603553,87.60226127136069,0.013376167760171857,0.03624707098953734,0.038636407949870555,False,20.255450073523093
2020-02-07 20:30:00,-267667.48486,-5540.97596,5.820766091346741e-11,91.18590870155977,87.60286152056686,0.011183618277637553,0.03783902617679725,0.03945713141864543,False,16.46545427197293
2020-02-07 21:00:00,-267597.93922,-5557.29114,5.820766091346741e-11,91.18970858273016,87.60348114974862,0.00789696079779165,0.039376977979936646,0.04016103067246001,False,11.340101039479975
2020-02-07 21:30:00,-267525.16803,-5566.45561,0.0,91.19199401334684,87.60413098029362,0.005019444588252365,0.040291609339135996,0.04060306154850995,False,7.101203347554929
2020-02-07 22:00:00,-267452.54491,-5572.3398,5.820766091346741e-11,91.19357760066889,87.60478009331985,0.002506889931888688,0.04153655133966808,0.04161213277787486,False,3.453830142742163
2020-02-07 22:30:00,-267375.4809,-5572.36366,0.0,91.19392662945442,87.60547005867706,-0.00115197851074971,0.044309889577127344,0.04432486174627562,False,358.5107468636694
2020-02-07 23:00:00,-267293.15035,-5564.86984,9.094947017729282e-13,91.19268862611725,87.60620857848086,-0.004154514209341716,0.04681621283168622,0.047000189065761894,False,354.9288032810734
2020-02-07 23:30:00,-267207.29036,-5553.90255,0.0,91.19072111654457,87.60697934345905,-0.0035827552479925683,0.047484485738172995,0.04761945527812947,False,355.6851477030318
2020-02-08 00:00:00,-267122.51114,-5548.4224,0.0,91.18992397446665,87.60773940920173,-0.0015962883978198849,0.047942921659023176,0.047969488988858826,False,358.0930070647805
2020-02-08 00:30:00,-267034.8524,-5544.57295,0.0,91.18948888184137,87.60852495222116,-0.0024796086549226525,0.050526295526122894,0.050587103086406064,False,357.1904288961814
2020-02-08 01:00:00,-266940.84098,-5535.72178,0.0,91.18800869266593,87.60936830095227,-0.0031164661333636296,0.051909869776112484,0.05200333586735912,False,356.5643086832598
2020-02-08 01:30:00,-266848.24965,-5529.48156,1.1641532182693481e-10,91.18708151072035,87.61019844929196,-0.0022278089648418396,0.0520708873048756,0.05211852297888808,False,357.5501425112602
2020-02-08 02:00:00,-266753.59217,-5523.81988,0.0,91.18628708013583,87.61104698830617,-0.0013899615195449083,0.053638559181297944,0.05365656552623749,False,358.5155993918575
2020-02-08 02:30:00,-266655.29582,-5520.48102,1.1641532182693481e-10,91.18600714483681,87.61192767586175,-0.0013447529408781207,0.05479524235979965,0.05481174094791354,False,358.59416252308057
2020-02-08 03:00:00,-266556.47176,-5514.89681,5.821476590719707e-11,91.1852469228756,87.61281350391558,-0.0016443330797682638,0.05519942332114094,0.055223909371428404,False,358.2937232490756
2020-02-08 03:30:00,-266456.74286,-5510.45221,9.094947017729282e-13,91.18473510158417,87.61370722164071,-0.0030323580042165427,0.05716979352840769,0.05725015709276702,False,356.96380472625424
2020-02-08 04:00:00,-266350.93021,-5499.72729,9.094947017729282e-13,91.18289953056231,87.61465656986464,-0.004944591245716666,0.059534108058251885,0.05973909109518515,False,355.252209493442
2020-02-08 04:30:00,-266242.83322,-5488.23099,1.1641532182693481e-10,91.1809066972539,87.61562651004951,-0.005408753286774588,0.060457124922084195,0.06069858784157741,False,354.8876846361468
2020-02-08 05:00:00,-266133.73208,-5475.7744,1.1641887448640516e-10,91.17871003632585,87.61660561446575,-0.007453406944569271,0.06141183785819587,0.061862485435057436,False,353.07999414779243
2020-02-08 05:30:00,-266022.34935,-5456.85653,5.821476590719707e-11,91.1751306161788,87.6176063301593,-0.011031629304058817,0.06123444559862666,0.062220207110498575,False,349.7874807826623
2020-02-08 06:00:00,-265914.14891,-5431.54792,9.094947017729282e-13,91.17015775180992,87.61857971392241,-0.014080293032434802,0.06171225750877459,0.06329816252237136,False,347.14738163894515
2020-02-08 06:30:00,-265801.26671,-5401.64108,1.1641887448640516e-10,91.16421055976038,87.61959583360782,-0.0173283745764997,0.06315007630305482,0.06548438518108822,False,344.6557194766166
2020-02-08 07:00:00,-265688.12304,-5364.55957,1.8189894035458565e-12,91.1567128387295,87.62061556632275,-0.021090488323885156,0.06390673097228464,0.06729694615139606,False,341.73608560250585
2020-02-08 07:30:00,-265572.78208,-5321.08647,0.0,91.14783980096475,87.62165607836504,-0.01818134840066718,0.06082901393405339,0.06348803324923293,False,343.3589784807607
2020-02-08 08:00:00,-265470.4937,-5294.7331,5.821476590719707e-11,91.1425964527468,87.62257661665062,-0.014190473598088645,0.052471043488040874,0.05435604792166119,False,344.8667220995102
2020-02-08 08:30:00,-265384.94257,-5266.2442,1.1641532182693481e-10,91.13681645919903,87.62334765985528,-0.01721225440117719,0.047535837350029676,0.05055608305772234,False,340.09518170858155
2020-02-08 09:00:00,-265300.62773,-5229.386,5.820766091346741e-11,91.1292206686937,87.62410908798428,-0.020443368433103706,0.04842888421639187,0.0525669871624417,False,337.1138490932726
2020-02-08 09:30:00,-265212.08283,-5189.22651,5.820766091346741e-11,91.1209249642363,87.6249089261378,-0.02288412083233438,0.049925101469886025,0.05491993028989837,False,335.37474455610294
2020-02-08 10:00:00,-265122.54338,-5143.50294,5.820766091346741e-11,91.11142584080565,87.62571858596915,-0.024298739961964883,0.05319389551348265,0.05848093094025179,False,335.44928573099065
2020-02-08 10:30:00,-265022.31758,-5098.05305,5.821476590719707e-11,91.10202380457847,87.62662381296322,-0.02583427198883841,0.05609242563559706,0.06175572704517587,False,335.27080310763176
2020-02-08 11:00:00,-264922.43671,-5046.63304,5.821476590719707e-11,91.09132246114285,87.62752690636582,-0.026853482628024096,0.05382574603383566,0.060152476801479816,False,333.485546471825
2020-02-08 11:30:00,-264830.42127,-4997.70745,5.820766091346741e-11,91.08112035582752,87.62835907216765,-0.025671501088706555,0.05148266494204421,0.05752817359939606,False,333.497155608986
2020-02-08 12:00:00,-264738.87584,-4950.73514,1.1641887448640516e-10,91.071331777592,87.6291866273387,-0.030505223870353433,0.06090493322002688,0.06811739553092377,False,333.3952578393633
2020-02-08 12:30:00,-264613.25514,-4883.80834,0.0,91.05735383317891,87.63032251254901,-0.03800296655727437,0.07521881428449428,0.08427393125705336,False,333.19562499450285
2020-02-08 13:00:00,-264470.65882,-4808.95084,9.094947017729282e-13,91.04171187678821,87.63161154173869,-0.038490779868213205,0.07671771737699495,0.08583209361538212,False,333.3561839488316
2020-02-08 13:30:00,-264339.63619,-4740.24333,5.820766091346741e-11,91.02734055988371,87.63279578013896,-0.03025513245323093,0.06524672303053176,0.07192014951309175,False,335.12268110551116
2020-02-08 14:00:00,-264237.76123,-4695.83844,5.821476590719707e-11,91.01811112927669,87.6337150327426,-0.024720337464518866,0.06074926892295026,0.06558634582771497,False,337.8574110315063
2020-02-08 14:30:00,-264122.55462,-4647.37825,0.0,91.00804600029667,87.63475423059114,-0.027906644641283607,0.0682004726039725,0.07368911234734807,False,337.7463337004819
2020-02-08 15:00:00,-263994.04497,-4591.07065,0.0,90.99631966190978,87.63591369004864,-0.030725667386771353,0.07099746120343008,0.07736088245163096,False,336.5984214110963
2020-02-08 15:30:00,-263868.92575,-4532.33831,0.0,90.98404282345406,87.63704306598967,-0.03583961126084509,0.07701797183742161,0.08494848863445636,False,335.04551545589413
2020-02-08 16:00:00,-263719.03699,-4457.30535,0.0,90.96830503101211,87.63839658597853,-0.042200296653005266,0.08707682950962477,0.09676383247396676,False,334.1436449916589
2020-02-08 16:30:00,-263558.06129,-4375.1414,0.0,90.9510394530349,87.63985025878337,-0.04513190786195828,0.08846733946970323,0.09931444638172235,False,332.97144702599104
2020-02-08 17:00:00,-263403.2952,-4289.56669,1.1641532182693481e-10,90.93298887385984,87.64124861390691,-0.044161679962710296,0.0884026440361532,0.09881943862273079,False,333.4555068491867
2020-02-08 17:30:00,-263242.44267,-4210.99837,1.1641887448640516e-10,90.91646261475915,87.64270022913578,-0.04255876991606686,0.08634606750993047,0.0962646989877296,False,333.7619564454194
2020-02-08 18:00:00,-263094.93968,-4131.40286,1.1641887448640516e-10,90.8996466971937,87.64403226056498,-0.04023086021768675,0.07704259015712889,0.086914226752439,False,332.4268924622561
2020-02-08 18:30:00,-262967.39755,-4061.83036,4.547473508864641e-13,90.88492806864144,87.64518397409944,-0.03916461006325709,0.0702285598329477,0.08041092772513506,False,330.85274806250015
2020-02-08 19:00:00,-262844.32455,-3986.52241,5.821476590719707e-11,90.86893029848223,87.64629629448307,-0.04057720150815113,0.07128153279598258,0.08202174223934677,False,330.3491895919999
2020-02-08 19:30:00,-262713.02883,-3911.87766,9.094947017729282e-13,90.85308870289131,87.64748196941794,-0.04113588588623025,0.07774515607599171,0.08795720778267843,False,332.11615115667894
2020-02-08 20:00:00,-262566.67786,-3834.28256,9.094947017729282e-13,90.83663546253375,87.64880265640599,-0.03869210777698446,0.07393161768178665,0.08344437247215446,False,332.3746913007311
2020-02-08 20:30:00,-262448.93725,-3768.71467,5.820943724320258e-11,90.8226994816959,87.6498654234263,-0.039541958023325094,0.06885893786489784,0.07940478429037048,False,330.1335827157908
2020-02-08 21:00:00,-262320.85516,-3688.38687,5.821476590719707e-11,90.80555957239493,87.65102251247895,-0.0439521726484843,0.07474812864759589,0.08671260702366017,False,329.5443163260752
2020-02-08 21:30:00,-262182.09514,-3606.71925,0.0,90.78814213702877,87.65227516840164,-0.043447679770956024,0.07141804003059449,0.08359567763521711,False,328.68545811358183
2020-02-08 22:00:00,-262065.92602,-3528.45348,5.820766091346741e-11,90.77138329612849,87.65332491223353,-0.04494571293762098,0.06852471518295473,0.08194970227143047,False,326.73892526592306
2020-02-08 22:30:00,-261937.60686,-3441.60823,4.547473508864641e-13,90.75276812147241,87.65448426043302,-0.04859298943793798,0.06973558419657876,0.08499606064844227,False,325.1305335208306
2020-02-08 23:00:00,-261817.19786,-3350.23557,5.820766091346741e-11,90.73312175164692,87.65557304946779,-0.0507356552645942,0.07040516416829518,0.08678129900325496,False,324.22257122951726
2020-02-08 23:30:00,-261686.50601,-3255.73181,5.820766091346741e-11,90.71279971992145,87.656753987688,-0.05139330964114597,0.06998340132487366,0.0868271198236417,False,323.70776954918836
2020-02-09 00:00:00,-261567.57878,-3162.09974,5.820943724320258e-11,90.6926169718547,87.65782919103181,-0.05252333308213762,0.06429771902855466,0.08302347373081984,False,320.7554013003522
2020-02-09 00:30:00,-261457.33681,-3063.86356,1.1641532182693481e-10,90.67138454933739,87.65882681508135,-0.05067193656869345,0.057706201466258475,0.07679616424852288,False,318.7135641852657
2020-02-09 01:00:00,-261361.98823,-2977.25905,8.731267560006302e-11,90.6526465510165,87.65968957045914,-0.04414422855524717,0.04819592194877977,0.06535717104672426,False,317.5124078881016
2020-02-09 01:30:00,-261285.65293,-2902.97832,8.731622819328178e-11,90.6365506889784,87.66038059722588,-0.041603967770035916,0.04614243762131786,0.06212901644036704,False,317.960846704861
2020-02-09 02:00:00,-261197.54965,-2825.64855,4.547473508864641e-13,90.61980451699891,87.66117711131439,-0.04672463549013898,0.05534910897018122,0.07243421446719327,False,319.8295969060464
2020-02-09 02:30:00,-261088.22738,-2732.62403,4.547473508864641e-13,90.59965211332893,87.66216490702688,-0.05399761780600311,0.06713595317069634,0.08615671150212917,False,321.19019135703843
2020-02-09 03:00:00,-260957.9079,-2628.73832,0.0,90.57714486673832,87.66334141615818,-0.05549552628944586,0.07356506961128083,0.0921497309006118,False,322.97007188378893
2020-02-09 03:30:00,-260825.41897,-2530.18262,0.0,90.5557903022466,87.66453652813357,-0.05025368890262447,0.06342501969123245,0.08092074129143273,False,321.6090792982593
2020-02-09 04:00:00,-260731.34347,-2445.6187,0.0,90.5374095754453,87.66538616424862,-0.054479884484665266,0.06439366996696826,0.08434810338873838,False,319.7673063056343
2020-02-09 04:30:00,-260595.45152,-2331.88935,5.820766091346741e-11,90.5126868153486,87.6666123640174,-0.06015755107925862,0.07553732490312672,0.09656509931323085,False,321.46635782692846
2020-02-09 05:00:00,-260461.35782,-2226.62693,5.820766091346741e-11,90.4897971008596,87.66782137878921,-0.06306357830679138,0.07785129435067754,0.10018901606929097,False,320.9907366290498
2020-02-09 05:30:00,-260317.13785,-2102.47293,4.547473508864641e-13,90.46274404833945,87.66912207117313,-0.06716871637683577,0.07884805033763452,0.103579204002338,False,319.573138590137
2020-02-09 06:00:00,-260179.46701,-1982.53495,2.910471862160129e-11,90.4365782138673,87.67036330957202,-0.06316162498833477,0.07694105051897045,0.09954554799753627,False,320.6171085179794
2020-02-09 06:30:00,-260041.89068,-1872.98713,4.547473508864641e-13,90.4126735183317,87.67160254661832,-0.060763892561727983,0.07723031316797285,0.09826887559790426,False,321.80475199116285
2020-02-09 07:00:00,-259903.02063,-1761.78812,2.910471862160129e-11,90.38838131762566,87.672853062888,-0.060926249597065094,0.07662977569816552,0.09789857207086851,False,321.51274517465157
2020-02-09 07:30:00,-259767.51658,-1651.78771,5.820943724320258e-11,90.36432264576656,87.67407294978302,-0.0635537344777354,0.07755440755997961,0.10026845614671602,False,320.6663106348509
2020-02-09 08:00:00,-259625.28521,-1531.22401,4.547473508864641e-13,90.33791645514025,87.67535322787472,-0.06220740982760047,0.07333433232826428,0.09616489034721222,False,319.6930143273479
2020-02-09 08:30:00,-259504.83835,-1426.28791,2.910471862160129e-11,90.31490532229174,87.67643716840855,-0.061206993986602856,0.0737976731422762,0.09587696633754257,False,320.3280539922499
2020-02-09 09:00:00,-259360.82864,-1309.422,8.731149137020111e-11,90.28926386908995,87.67773227842434,-0.06460727623507381,0.0777192213804246,0.10106620362165872,False,320.26356324789606
2020-02-09 09:30:00,-259226.22695,-1192.29214,5.820766091346741e-11,90.26352590423417,87.67894268518869,-0.069170656637982,0.07548604323791325,0.102385167204267,False,317.49981762961266
2020-02-09 10:00:00,-259090.22707,-1059.16039,5.820766091346741e-11,90.23422374055292,87.68016573367215,-0.06410401886773119,0.0667291124985134,0.09253161454245622,False,316.1494535481678
2020-02-09 10:30:00,-258986.94755,-960.53757,5.820766091346741e-11,90.21249911242998,87.68109403939702,-0.06025501994413193,0.0695994747594487,0.09205842881159158,False,319.1159647207968
2020-02-09 11:00:00,-258840.47519,-841.31454,2.91040525004916e-11,90.1862289991538,87.6824094085337,-0.06481127683420625,0.07462515606262207,0.09884035371370753,False,319.02597887833724
2020-02-09 11:30:00,-258719.05677,-726.34501,5.820766091346741e-11,90.16085554239758,87.68349982543864,-0.05955658493143552,0.06564161390636591,0.08863299772053128,False,317.78256666665834
2020-02-09 12:00:00,-258604.76824,-626.24825,2.91040525004916e-11,90.13874961299652,87.68452562056453,-0.05579651249161932,0.06377508913184546,0.08473790651179827,False,318.81747934073917
2020-02-09 12:30:00,-258489.95355,-524.92217,2.9103830456733704e-11,90.11635184717318,87.68555580459551,-0.05344833920187424,0.06418704325829593,0.0835266513496199,False,320.21596265485977
2020-02-09 13:00:00,-258374.0861,-433.36538,2.910433005280675e-11,90.09610090683418,87.68659491675581,-0.05511776519811993,0.06726254789867085,0.08696101649737123,False,320.66736517719744
2020-02-09 13:30:00,-258248.14153,-326.09235,5.684341886080802e-14,90.07234787962395,87.68772416197946,-0.05919950349785617,0.06984926572693137,0.09156146098104898,False,319.717649476381
2020-02-09 14:00:00,-258122.89805,-219.92982,2.91038443345182e-11,90.04881801467813,87.6888467223977,-0.057883173926629006,0.06888720182749886,0.0899772660144936,False,319.9610010453337
2020-02-09 14:30:00,-258000.32524,-117.5017,2.910383392618045e-11,90.02609435094269,87.68994496152041,-0.05731808779115421,0.06726536148599588,0.08837415936729559,False,319.5650548243212
2020-02-09 15:00:00,-257880.83675,-13.47444,5.329070518200751e-15,90.00299374142075,87.69101521736876,-0.059822769270924815,0.06608593975736839,0.08914098472003117,False,317.84775921972187
2020-02-09 15:30:00,-257762.42711,97.8727,1.4210854715202004e-14,89.97824472545153,87.69207541220186,-0.06174270885095569,0.0654504776064965,0.08997737001697917,False,316.6697384765854
2020-02-09 16:00:00,-257645.13065,208.70983,2.9103830456733704e-11,89.95358658727206,87.69312521093077,-0.06239245048005905,0.06633816304766116,0.09106903839090812,False,316.75561907238875
2020-02-09 16:30:00,-257523.42785,322.29199,5.684341886080802e-14,89.9282940534336,87.69421400981416,-0.06303003793206131,0.06828644332127273,0.09292913441535158,False,317.2922419386523
2020-02-09 17:00:00,-257399.01567,435.31013,5.820791071311193e-11,89.90310215684028,87.69532662964721,-0.06457486459889644,0.06888331820393111,0.09441834919521647,False,316.8490473801275
2020-02-09 17:30:00,-257275.05511,554.34179,2.9103830456733704e-11,89.87654692830773,87.6964346435666,-0.06780359924433348,0.06968880411410613,0.0972309492360351,False,315.78555259604764
2020-02-09 18:00:00,-257147.61062,678.86196,0.0,89.84874121627799,87.69757323109049,-0.07127845909369016,0.074083441381255,0.10280552036569197,False,316.10547332568456
2020-02-09 18:30:00,-257007.67823,810.23927,8.731149137020111e-11,89.81937062312701,87.69882291114443,-0.07168487875724644,0.0759971247956307,0.10447145456843122,False,316.6725349658486
2020-02-09 19:00:00,-256873.20876,936.06373,5.82081050009832e-11,89.7912111428613,87.70002324718192,-0.07164746089217669,0.0768740266201391,0.10508555857533347,False,317.01544328092683
2020-02-09 19:30:00,-256729.99366,1067.15994,2.9103830456733704e-11,89.76183768946468,87.70130114726763,-0.07445763432746054,0.0805430974386931,0.10968650716774896,False,317.24832724998254
2020-02-09 20:00:00,-256582.14192,1202.90364,8.73117874291724e-11,89.73138895683707,87.70261976795918,-0.07378069635616834,0.08254345527351954,0.11071139581494144,False,318.2083604791246
2020-02-09 20:30:00,-256431.59527,1331.37442,4.547473508864641e-13,89.70252710191568,87.70396221025109,-0.070696214985139,0.08159430221060497,0.10796103448217106,False,319.09317534543504
2020-02-09 21:00:00,-256287.08503,1455.88153,2.910738295359853e-11,89.67452526969248,87.70525021570391,-0.0721130176882674,0.09012707463848967,0.1154260668263467,False,321.3357892616219
2020-02-09 21:30:00,-256105.66832,1589.13399,4.547473508864641e-13,89.64448462703129,87.7068676775712,-0.0729942503780215,0.10441221763123334,0.12739729894672544,False,325.0427246194796
2020-02-09 22:00:00,-255909.57777,1716.32346,2.9103830456733704e-11,89.61573686690936,87.70861627316243,-0.07278084451779857,0.10248591459171963,0.12569969776584675,False,324.61935908757755
2020-02-09 22:30:00,-255734.97012,1848.66474,2.9103830456733704e-11,89.58582573846661,87.71017158369887,-0.0718710027940824,0.08456791311711864,0.11098275979453533,False,319.640074897363
2020-02-09 23:00:00,-255603.27093,1972.85159,6.821210263296962e-13,89.55777629638617,87.71134260137912,-0.0682227047221031,0.07240447629043585,0.09948238852425868,False,316.70327866111154
2020-02-09 23:30:00,-255472.42617,2092.24737,5.820766091346741e-11,89.53077415909554,87.71250577028177,-0.06271831710467418,0.06643884702105592,0.0913657906107627,False,316.6500186393069
2020-02-10 00:00:00,-255362.25004,2196.67121,2.910738295359853e-11,89.50714373408833,87.71348450766773,-0.06173396746008601,0.07248887721664102,0.09521407489700362,False,319.58116669590436
2020-02-10 00:30:00,-255209.56417,2312.23669,2.910738295359853e-11,89.48090590095154,87.7148426113095,-0.05817128568794541,0.07358943182313316,0.09380459985864299,False,321.6741853958878
2020-02-10 01:00:00,-255095.44169,2403.67911,0.0,89.46013699149849,87.71585696253386,-0.05080651171975872,0.06333954179929563,0.08119851715687115,False,321.2658736195584
2020-02-10 01:30:00,-254979.82858,2492.98353,2.910738295359853e-11,89.43982673339228,87.71688454827549,-0.05402386476013229,0.06779312816510993,0.08668613608895073,False,321.44890627174055
2020-02-10 02:00:00,-254849.49666,2595.76967,4.547473508864641e-13,89.41643399040714,87.7180424196993,-0.05714414016245304,0.0707549612309445,0.09094898181782213,False,321.0744646560499
2020-02-10 02:30:00,-254723.02869,2696.09747,4.547473508864641e-13,89.39357961173835,87.7191655436051,-0.05559986483488936,0.0654030006816135,0.08584228251751641,False,319.6317436928667
2020-02-10 03:00:00,-254611.94059,2793.426,2.9103830456733704e-11,89.37141558052626,87.7201508811247,-0.055172247726975834,0.06265048386418401,0.08348089630366441,False,318.631704921335
2020-02-10 03:30:00,-254495.32153,2892.23127,5.820766091346741e-11,89.34888582400433,87.72118525298313,-0.056038345074343,0.0640791211915081,0.08512596484825957,False,318.8297197265256
2020-02-10 04:00:00,-254378.97813,2992.52955,8.731622819328178e-11,89.32600010580825,87.72221664633554,-0.05609143492771827,0.06053729618955329,0.0825288634490513,False,317.1830453600054
2020-02-10 04:30:00,-254275.027,3091.58285,5.821476590719707e-11,89.30340810993528,87.72313684738594,-0.05314150540461247,0.05920707056324494,0.07955813472769155,False,318.09033033949083
2020-02-10 05:00:00,-254163.52258,3181.23351,5.820766091346741e-11,89.28289577329976,87.72412538325877,-0.05177589466259974,0.05992883126428084,0.07919727321578231,False,319.17441630651297
2020-02-10 05:30:00,-254056.9673,3275.26133,2.9135787335037726e-11,89.26139299471042,87.72506880642595,-0.056588998680189066,0.059577271860105314,0.08216913102813815,False,316.4735575940374
2020-02-10 06:00:00,-253946.43611,3382.17219,4.547473508864641e-13,89.23695430272268,87.72604597615612,-0.06153990531720153,0.06010436446137706,0.08602147739812525,False,314.323875965775
2020-02-10 06:30:00,-253837.66042,3493.90381,2.9135787335037726e-11,89.21141212356109,87.72700641894352,-0.06417091644257401,0.06050651468116773,0.08819832671849383,False,313.316500994491
2020-02-10 07:00:00,-253725.45382,3610.1677,2.9103830456733704e-11,89.18481408904888,87.72799655280679,-0.06621956384183063,0.06018113051159967,0.0894807191804831,False,312.26493661532584
2020-02-10 07:30:00,-253617.63865,3729.18776,2.9103830456733704e-11,89.15758492172218,87.72894651290139,-0.06859756144928901,0.06058992046315781,0.09152466278834777,False,311.4530789937394
2020-02-10 08:00:00,-253503.72291,3853.88529,0.0,89.12902914915874,87.72994981105107,-0.07235076065145549,0.06232296673636037,0.0954923282241337,False,310.7416195694507
2020-02-10 08:30:00,-253389.34267,3986.20993,2.9103830456733704e-11,89.09872228808362,87.73095563030952,-0.07465805470944194,0.06466862767557259,0.09877173957382678,False,310.89903189059385
2020-02-10 09:00:00,-253266.71702,4118.95907,2.9103830456733704e-11,89.0682622262127,87.73203457935854,-0.0761022441941585,0.06761084713729945,0.10179773190995271,False,311.61856673655234
2020-02-10 09:30:00,-253141.52076,4256.18383,2.9103830456733704e-11,89.03675069103082,87.73313522946353,-0.07593048506502982,0.06610599616483642,0.10067492881127894,False,311.04322345467097
2020-02-10 10:00:00,-253024.17376,4388.26946,9.094947017729282e-13,89.00640278300494,87.73416571244893,-0.0750807889409684,0.06443695955168716,0.09894062170950822,False,310.63734734182725
2020-02-10 10:30:00,-252904.89556,4522.41146,2.9103830456733704e-11,88.97555373021974,87.73521252071322,-0.07481925293198691,0.06479506298460969,0.09897636483767308,False,310.89325866802017
2020-02-10 11:00:00,-252786.13312,4653.40522,5.820766091346741e-11,88.9453916415691,87.73625457278298,-0.0725031508192407,0.06342207523524163,0.09632791135419792,False,311.1777864383986
2020-02-10 11:30:00,-252671.81076,4779.17629,5.821476590719707e-11,88.91640471346395,87.73725712813837,-0.07103603507582285,0.06025321677702375,0.09314809934331753,False,310.30482163765475
2020-02-10 12:00:00,-252564.42418,4904.98716,9.094947017729282e-13,88.88741361915011,87.73819699899703,-0.07105989930796346,0.05801850443626999,0.09173688542063867,False,309.23071720848225
2020-02-10 12:30:00,-252458.01633,5030.88812,0.0,88.8583824183215,87.73912751126817,-0.07104761626101143,0.05547030656719801,0.09013722142950084,False,307.9808782533231
2020-02-10 13:00:00,-252359.67481,5156.72919,8.731622819328178e-11,88.82937832189498,87.73998523509812,-0.07112747937198616,0.05184973881948604,0.0880199621532595,False,306.0908950933908
2020-02-10 13:30:00,-252266.165,5283.0802,2.9103830456733704e-11,88.80025941370106,87.74079902545265,-0.07007559829681598,0.04911576517888937,0.08557422430711552,False,305.0264922206132
2020-02-10 14:00:00,-252177.61477,5405.24387,2.9103830456733704e-11,88.77209463492773,87.74156863311411,-0.06806065714728915,0.046873807035695755,0.08264022529821953,False,304.55543147275057
2020-02-10 14:30:00,-252092.20746,5524.42619,5.820766091346741e-11,88.74460359762605,87.74231014176057,-0.06755539703640283,0.04381527877616792,0.08052024790684226,False,302.96675437665766
2020-02-10 15:00:00,-252014.58936,5644.9291,2.9118037843694986e-11,88.7168340566312,87.74298113114158,-0.06771117857653298,0.040059012462629516,0.07867355453838504,False,300.60923550082566
2020-02-10 15:30:00,-251942.57251,5764.89587,2.9118037843694986e-11,88.68919900660842,87.74360155413588,-0.06851412653309424,0.03787956112557326,0.07828822827002083,False,298.93698929865855
2020-02-10 16:00:00,-251872.61629,5888.39592,0.0,88.66075640112034,87.74420226478371,-0.0693983209304523,0.03691785418038238,0.07860696473754746,False,298.0116566173575
2020-02-10 16:30:00,-251803.8654,6011.55533,0.0,88.63238266232311,87.7447917013565,-0.06973484011336578,0.036891014085761384,0.07889166524996499,False,297.87966440445086
2020-02-10 17:00:00,-251733.85473,6136.20009,2.9118037843694986e-11,88.6036492415918,87.7453915382101,-0.07244614448164405,0.03630576581409725,0.08103426732934232,False,296.61734744959153
2020-02-10 17:30:00,-251666.848,6269.09902,8.733043712096553e-11,88.57303951705991,87.74596207644086,-0.07555006072378281,0.03597175538957646,0.08367663270695586,False,295.46058535122927
2020-02-10 18:00:00,-251597.62356,6404.87112,2.9160618472599524e-11,88.5417475841881,87.74655116920329,-0.07949560329474238,0.03780410889665515,0.08802670954128194,False,295.43340930310285
2020-02-10 18:30:00,-251523.51431,6551.72709,1.8189894035458565e-12,88.50788724230169,87.74718073517984,-0.08520728823330391,0.03995873018585495,0.09411154066393392,False,295.1246547559201
2020-02-10 19:00:00,-251445.83344,6707.76755,2.9103830456733704e-11,88.47189497886669,87.74783929411886,-0.08991851971885646,0.04277793180026562,0.09957555743021757,False,295.44235134537996
2020-02-10 19:30:00,-251360.93614,6871.21186,2.9118037843694986e-11,88.43415040316408,87.7485597511969,-0.09472616416516705,0.046168055211575264,0.10537805985813764,False,295.9838820367204
2020-02-10 20:00:00,-251270.37201,7044.11271,2.9103830456733704e-11,88.39419090509051,87.74932758491467,-0.09898728975650171,0.05081755982330323,0.11126952826238022,False,297.1748122025972
2020-02-10 20:30:00,-251168.07866,7222.29954,2.9103830456733704e-11,88.35292251385235,87.75019795348621,-0.10212519319958287,0.05336663490536413,0.11522826392502213,False,297.5898095060925
2020-02-10 21:00:00,-251067.76413,7406.08941,2.9118037843694986e-11,88.31035795491526,87.75104796237653,-0.10459658529951812,0.054414772081855044,0.11790425385472571,False,297.4850152450275
2020-02-10 21:30:00,-250961.16794,7592.90751,9.094947017729282e-13,88.26702717527209,87.75195213485172,-0.10608774559364927,0.05734320589320073,0.12059375202411135,False,298.3923835128338
2020-02-10 22:00:00,-250849.87331,7781.5877,2.9118037843694986e-11,88.22320340108428,87.75289655708272,-0.10744962905025421,0.06030522758910922,0.12321584012460206,False,299.30296348657424
2020-02-10 22:30:00,-250732.17981,7972.80883,5.820766091346741e-11,88.17871631837389,87.75389621247184,-0.10825751535754849,0.06322677614509534,0.12536871560757032,False,300.2866597401199
2020-02-10 23:00:00,-250609.98558,8163.88376,2.9160618472599524e-11,88.13418955636693,87.7549348369852,-0.10692405646450782,0.06266285280608636,0.1239329938822689,False,300.3724389255056
2020-02-10 23:30:00,-250494.1804,8350.18654,2.9103830456733704e-11,88.09076062537223,87.75591634667249,-0.10534509674194238,0.061285683575868194,0.12187503607765883,False,300.1891811939136
2020-02-11 00:00:00,-250376.84463,8535.56504,5.820766091346741e-11,88.04749305546765,87.75691054590018,-0.1043760074630716,0.060208842151205845,0.12049670371889847,False,299.9783093179704
2020-02-11 00:30:00,-250264.75208,8718.33704,5.820766091346741e-11,88.00482493399254,87.75785735325506,-0.10212521807370722,0.056392143721062896,0.11666033619040908,False,298.9068771672601
2020-02-11 01:00:00,-250161.1561,8895.92502,2.9160618472599524e-11,87.96337577138378,87.75872852834418,-0.09879097013751209,0.05095748574069898,0.11115899034142199,False,297.2851891028456
2020-02-11 01:30:00,-250068.7819,9067.24048,1.8189894035458565e-12,87.92342284487863,87.75950014163838,-0.09539814289929789,0.0450139538551904,0.10548488854007512,False,295.2604486494986
2020-02-11 02:00:00,-249986.76792,9233.26088,5.832123694519905e-11,87.88474199828926,87.76017970387639,-0.0942217475986755,0.0433575517278385,0.10371892311618311,False,294.71023310644637
2020-02-11 02:30:00,-249900.28132,9400.44649,2.9160618472599524e-11,87.84573240384113,87.7608978757037,-0.09331624826516773,0.04439414090359525,0.10333809528365949,False,295.44223625265863
2020-02-11 03:00:00,-249814.43397,9562.95432,2.9330322825621076e-11,87.80777469986322,87.76161089121263,-0.0901546985747557,0.039868620649681295,0.09857675480362119,False,293.85619063671754
2020-02-11 03:30:00,-249744.44431,9719.27564,0.0,87.77135143845928,87.76218318234467,-0.08829852091619242,0.03173063316131667,0.09382676524747786,False,289.7662217364218
2020-02-11 04:00:00,-249687.92876,9876.14643,8.731149137020111e-11,87.73490577597398,87.76263380926376,-0.0898253536990569,0.02824399300522817,0.094161124186365,False,287.4548320895806
2020-02-11 04:30:00,-249630.06476,10038.37561,2.9330322825621076e-11,87.6972051392675,87.76309366834164,-0.09143985748803977,0.0276132222507249,0.09551825783849364,False,286.80338893933197
2020-02-11 05:00:00,-249575.37467,10201.06983,0.0,87.65941216613088,87.76352399001715,-0.09313384867646943,0.025144130727753112,0.09646834236860218,False,285.108423495901
2020-02-11 05:30:00,-249525.92863,10369.68099,3.637978807091713e-12,87.62029829409761,87.76390421929955,-0.09736384773194828,0.023413152176360353,0.10013937557226636,False,283.52123061525265
2020-02-11 06:00:00,-249476.60625,10547.77765,0.0,87.57899774190001,87.76427871311363,-0.10040845348753813,0.02328270030526931,0.10307250683506294,False,283.05502014463457
2020-02-11 06:30:00,-249426.91653,10727.28816,5.820766091346741e-11,87.5373555772994,87.76465478715086,-0.10244648367181053,0.023447854885165806,0.10509559417708401,False,282.8917512776826
2020-02-11 07:00:00,-249376.42501,10912.61735,2.9103830456733704e-11,87.49435705685212,87.76503457565995,-0.10618847807067434,0.024192307874838052,0.10890941481468458,False,282.834309064493
2020-02-11 07:30:00,-249323.19512,11105.39371,5.832123694519905e-11,87.44960797878517,87.76543463580155,-0.11241096734296242,0.024788644470307326,0.11511169564234497,False,282.43572585199604
2020-02-11 08:00:00,-249269.26684,11312.92502,2.9103830456733704e-11,87.4014511068388,87.76583359324451,-0.1201891605953158,0.02481030225184543,0.1227232065358241,False,281.6635743801851
2020-02-11 08:30:00,-249214.35312,11533.58034,8.733043712096553e-11,87.35025577634782,87.76623435659005,-0.12779231073653852,0.02552502823031513,0.13031654441989474,False,281.29551817019535
2020-02-11 09:00:00,-249156.20664,11768.23735,5.820766091346741e-11,87.29579446350598,87.76665634035169,-0.13280892023113527,0.027876320633178787,0.1357029791309087,False,281.85417915590585
2020-02-11 09:30:00,-249091.5529,12006.42532,1.8189894035458565e-12,87.24043035600407,87.7671329872616,-0.13278600209435273,0.031203711474733616,0.13640305701119704,False,283.22414268562784
2020-02-11 10:00:00,-249020.98883,12240.30433,5.823607568738997e-11,87.18596499087732,87.76766230518267,-0.13269175961275514,0.03379398518070056,0.13692748629666215,False,284.288354698774
2020-02-11 10:30:00,-248946.58932,12477.56688,2.9160618472599524e-11,87.13065294213496,87.76822239089051,-0.13084089303380436,0.0343966114878498,0.1352866075106088,False,284.729144973398
2020-02-11 11:00:00,-248873.7373,12704.54236,5.823607568738997e-11,87.07769346526885,87.76877125408451,-0.12894476808317595,0.036824230563361,0.1340998776010165,False,285.9383577919466
2020-02-11 11:30:00,-248790.52869,12934.40588,1.8189894035458565e-12,87.02392102825648,87.76940948403977,-0.1307622075023579,0.041535748266161555,0.13720048576779767,False,287.62210524803913
2020-02-11 12:00:00,-248699.96971,13166.88803,1.8189894035458565e-12,86.96942688383032,87.770110237783,-0.13091665911819358,0.04315058562348545,0.13784463962852908,False,288.2423994037415
2020-02-11 12:30:00,-248610.48676,13396.83397,1.8189894035458565e-12,86.91549467218462,87.77080057319596,-0.1273881175369845,0.04249887427193351,0.1342903079302382,False,288.449588410252
2020-02-11 13:00:00,-248522.51886,13616.58834,1.8189894035458565e-12,86.86389077814667,87.77148037991128,-0.12203288493622777,0.04247516225064271,0.12921363865349908,False,289.19112891143664
2020-02-11 13:30:00,-248433.7709,13827.12898,1.1642953181439413e-10,86.81436382617521,87.77216993854884,-0.11728706148336115,0.04033307085620809,0.1240282685362238,False,288.9772419240343
2020-02-11 14:00:00,-248354.08016,14030.10041,5.820766091346741e-11,86.7666646539904,87.77278067835567,-0.11298740198226086,0.03636976631889551,0.11869672661363527,False,287.84296347260306
2020-02-11 14:30:00,-248280.10623,14225.85129,8.733043712096553e-11,86.72067557122952,87.77334246377158,-0.10862591538363793,0.0335747860372812,0.11369633129693535,False,287.17566437719734
2020-02-11 15:00:00,-248211.03913,14413.59919,1.8189894035458565e-12,86.67657005503493,87.77386310342499,-0.10428853738615518,0.031048267986203373,0.10881219589313777,False,286.57906101538333
2020-02-11 15:30:00,-248146.75541,14594.17883,1.8189894035458565e-12,86.63415810308707,87.77434343219687,-0.10048297784798996,0.02927119559650354,0.10465959931534426,False,286.2411063930617
2020-02-11 16:00:00,-248084.60647,14768.52714,1.8189894035458565e-12,86.59319118343446,87.77480677452482,-0.09754439006579806,0.02732601864803697,0.10129965117640548,False,285.6496480633716
2020-02-11 16:30:00,-248027.68792,14938.8722,5.823607568738997e-11,86.55320118368935,87.77522438152307,-0.09582879851972784,0.025353883740436352,0.09912607147697398,False,284.81946025298794
2020-02-11 17:00:00,-247972.75659,15107.39921,2.9330322825621076e-11,86.51364258278029,87.77562413190266,-0.09529562351029962,0.02450712002520629,0.09839641656151223,False,284.42220055146424
2020-02-11 17:30:00,-247918.76353,15275.93646,1.8189894035458565e-12,86.47408073462712,87.77601442958073,-0.0961716420134854,0.02541121129535852,0.09947217896008585,False,284.80087288300615
2020-02-11 18:00:00,-247860.15697,15447.33571,3.637978807091713e-12,86.4337797989554,87.77644330562967,-0.09998249852345151,0.02872448167702402,0.10402689968756001,False,286.02909897913685
2020-02-11 18:30:00,-247793.1668,15628.74426,5.820766091346741e-11,86.39103640969157,87.77694036607438,-0.10446020302978787,0.032528161545138316,0.10940756514305178,False,287.2962157031791
2020-02-11 19:00:00,-247719.6163,15815.27554,2.9160618472599524e-11,86.34699743915489,87.77749189377369,-0.10912379567433429,0.036610048974507745,0.11510125311346403,False,288.546138270034
2020-02-11 19:30:00,-247636.60874,16012.39452,2.9160618472599524e-11,86.30035635114585,87.77812050211546,-0.11522275470457943,0.042619565370691684,0.12285239335925997,False,290.2988514388786
2020-02-11 20:00:00,-247539.74006,16219.31275,2.9160618472599524e-11,86.25122126622877,87.77886576043942,-0.12078629862568953,0.05014262592958377,0.1307807817334352,False,292.5450505953902
2020-02-11 20:30:00,-247428.05149,16434.49249,2.9330322825621076e-11,86.19992174203333,87.77973690044658,-0.12495953427396851,0.05802178918735641,0.1377730497102722,False,294.90660295842713
2020-02-11 21:00:00,-247301.50665,16654.33454,3.637978807091713e-12,86.14727601443765,87.78073618911169,-0.12896495115008402,0.06413681119641819,0.14403294475774822,False,296.44206374140026
2020-02-11 21:30:00,-247166.48526,16882.20294,0.0,86.0925974283018,87.78180443525021,-0.13257416313019957,0.06939884871133573,0.14963993094134878,False,297.63079361974076
2020-02-11 22:00:00,-247019.72857,17113.46725,2.9103830456733704e-11,86.03689466414112,87.78297339386442,-0.13563959449236176,0.073762581688537,0.15439889264956025,False,298.53792470446865
2020-02-11 22:30:00,-246867.82636,17350.98491,2.9103830456733704e-11,85.97960548393063,87.78418229291256,-0.13818465922936324,0.07713485616013727,0.15825544566042682,False,299.17031153106586
2020-02-11 23:00:00,-246707.8484,17590.23888,2.9999541770795335e-11,85.92171958953877,87.78546000191746,-0.13854765749310158,0.08245365179317131,0.16122672883506423,False,300.7580803629707
2020-02-11 23:30:00,-246536.27255,17827.38292,3.637978807091713e-12,85.86406082503413,87.78684039681758,-0.13695592330236206,0.08656369559309524,0.1620191294950585,False,302.295144101073
2020-02-12 00:00:00,-246361.471,18059.52053,3.637978807091713e-12,85.80743355467352,87.78825063330832,-0.1367978205353117,0.08685651651346071,0.16204227276875752,False,302.4125327162077
2020-02-12 00:30:00,-246188.42179,18295.67729,0.0,85.74983398002819,87.78964039013529,-0.13583500613033625,0.08805942964252748,0.16188147528174968,False,302.954627167124
2020-02-12 01:00:00,-246009.08794,18523.68743,5.832123694519905e-11,85.69393901666288,87.7910895072532,-0.13084477378498888,0.09018473306884185,0.15891394182243157,False,304.5765455144416
2020-02-12 01:30:00,-245829.30546,18741.0116,2.9330322825621076e-11,85.6404389950137,87.7925478005425,-0.12500468871208043,0.08684342769721863,0.1522102267727309,False,304.7885341230347
2020-02-12 02:00:00,-245663.148,18948.63711,1.1641532182693481e-10,85.58936071564288,87.7938891988158,-0.11893303270569382,0.08050668915719712,0.14361891681678704,False,304.09437493638654
2020-02-12 02:30:00,-245507.41249,19145.61384,5.832123694519905e-11,85.54087912281659,87.79514321310006,-0.11304434939904393,0.0746223502413738,0.1354530180047657,False,303.4294287468496
2020-02-12 03:00:00,-245363.68048,19333.47872,2.9999541770795335e-11,85.49467661105517,87.79629490060128,-0.10592616240723168,0.06801264638443352,0.12588118187615344,False,302.70354627654604
2020-02-12 03:30:00,-245233.36907,19506.53668,2.9999541770795335e-11,85.45211154951505,87.79733587069606,-0.09896157946080206,0.06345804247856542,0.11755984588535344,False,302.6695836509733
2020-02-12 04:00:00,-245107.70201,19670.50444,0.0,85.41170417455197,87.79834068092134,-0.09539748866620983,0.06082542974677963,0.1131389134988491,False,302.5215804897596
2020-02-12 04:30:00,-244987.62641,19831.35033,3.637978807091713e-12,85.37209047426867,87.79929674335074,-0.09482625252363487,0.05999941712939326,0.11221385040868663,False,302.32276562167647
2020-02-12 05:00:00,-244864.86471,19993.33829,2.9999541770795335e-11,85.33212592526799,87.8002748940963,-0.09679567906016052,0.062014623894511504,0.11495745761582986,False,302.646693189134
2020-02-12 05:30:00,-244736.75633,20160.49075,2.9103830456733704e-11,85.2908225300861,87.80129589402652,-0.102301038549812,0.06450739360634053,0.12094092077644135,False,302.2340717214727
2020-02-12 06:00:00,-244603.18662,20341.31342,5.820766091346741e-11,85.24619507507401,87.80235434553182,-0.1108087646657018,0.07455056756468721,0.13355287136919175,False,303.9321074350954
2020-02-12 06:30:00,-244436.23797,20535.78805,3.637978807091713e-12,85.19769484768948,87.80369908526795,-0.11621945612634071,0.08940554215899583,0.14662985013647942,False,307.5704381144826
2020-02-12 07:00:00,-244247.42981,20731.28925,3.637978807091713e-12,85.14846407650911,87.80523651789747,-0.11681830556041498,0.08911079700482216,0.1469260040184892,False,307.33694427419243
2020-02-12 07:30:00,-244081.02116,20927.69593,8.761413176247367e-11,85.09940089161883,87.80657178454496,-0.118504434560705,0.08442326532314878,0.14550116404474292,False,305.4662981402604
2020-02-12 08:00:00,-243908.17241,21130.38228,7.275957614183426e-12,85.04868378295676,87.80795804235534,-0.12654665126419984,0.08987012692423692,0.15521177358551594,False,305.38137510148306
2020-02-12 08:30:00,-243719.37627,21353.64003,5.832123694519905e-11,84.99277758459735,87.80946877102221,-0.12743172977623277,0.09530525383977537,0.159128681145879,False,306.79254433257086
2020-02-12 09:00:00,-243526.34219,21557.43964,8.761413176247367e-11,84.94124902624753,87.8110305835833,-0.12782532530370289,0.10256020252463705,0.1638838275452829,False,308.74169289495785
2020-02-12 09:30:00,-243311.02111,21779.46225,5.832123694519905e-11,84.88492417570255,87.81277486185353,-0.13522179690394387,0.11115975396242253,0.1750469230204226,False,309.4220851585786
2020-02-12 10:00:00,-243084.35953,22006.62134,2.9103830456733704e-11,84.82706868316836,87.81461401402044,-0.13794667567596322,0.1165945685823,0.18061998436757223,False,310.20498860093244
2020-02-12 10:30:00,-242848.21501,22236.20298,2.9103830456733704e-11,84.76834586851407,87.81653351936718,-0.13900583350748194,0.1229866188734553,0.18560261358891028,False,311.5010741834276
2020-02-12 11:00:00,-242597.82236,22464.58634,5.832123694519905e-11,84.7094914352237,87.81857876097985,-0.13860476175865497,0.12851525854470358,0.189017067115606,False,312.8368851898531
2020-02-12 11:30:00,-242341.52249,22690.39508,2.9999541770795335e-11,84.65100039042647,87.82067651235641,-0.1368033162100584,0.13155390228466504,0.18979351024835497,False,313.8793634439887
2020-02-12 12:00:00,-242080.37952,22910.78421,8.761413176247367e-11,84.59356049328709,87.82281973613142,-0.13421046438601447,0.13412261740761244,0.18974015192093224,False,314.9812424882838
2020-02-12 12:30:00,-241815.30583,23125.90995,2.9999541770795335e-11,84.53715499318548,87.8250002926571,-0.13089532745289673,0.1330916638424216,0.18667345213860811,False,315.47668220861914
2020-02-12 13:00:00,-241558.56511,23334.25387,2.9103830456733704e-11,84.48241929230983,87.82711030204726,-0.12548826776483005,0.13302149496655588,0.18287160378187517,False,316.6691826454961
2020-02-12 13:30:00,-241295.21017,23529.52998,5.866064565124215e-11,84.43049918279992,87.82928863260052,-0.12063657181988303,0.13302957823729894,0.17958299236410846,False,317.7969944964007
2020-02-12 14:00:00,-241039.77009,23720.01596,3.637978807091713e-12,84.37978593170583,87.83139884237862,-0.11744450081163704,0.12730117866839286,0.17320161910691453,False,317.3062348383511
2020-02-12 14:30:00,-240797.72242,23905.41613,3.637978807091713e-12,84.33048560319507,87.83339250955711,-0.115711754488241,0.12327104616563306,0.16907087552123398,False,316.8117251397885
2020-02-12 15:00:00,-240557.01284,24090.69983,1.0913936421275139e-11,84.2811535748903,87.83537275004561,-0.11325088810093015,0.12102127172127047,0.16574652896722447,False,316.89970089405443
2020-02-12 15:30:00,-240323.58785,24267.67624,3.637978807091713e-12,84.23386546991325,87.83729395561147,-0.10936512098704003,0.11758780834440712,0.16058524950863615,False,317.0749646247125
2020-02-12 16:00:00,-240096.2828,24439.89235,7.275957614183426e-12,84.18776481674972,87.83916348105183,-0.1075811093784914,0.1181467313285321,0.159788438939503,False,317.6798822346417
2020-02-12 16:30:00,-239861.22561,24609.90475,2.9103830456733704e-11,84.14191725795715,87.84110267447439,-0.10908385297956943,0.11784302361761728,0.16058102377370317,False,317.2104675271105
2020-02-12 17:00:00,-239634.18234,24787.24399,2.9103830456733704e-11,84.09445006592885,87.84296235066493,-0.11305433766515828,0.11394873511635838,0.16051665801257398,False,315.2257455520862
2020-02-12 17:30:00,-239411.31191,24972.53377,5.832123694519905e-11,84.04512176822702,87.84477599283314,-0.11995748951309503,0.10689213929432004,0.16067273798999201,False,311.7037048135111
2020-02-12 18:00:00,-239206.64506,25176.83829,5.820766091346741e-11,83.99165938876978,87.8464081035578,-0.12300816117934275,0.09992719874131396,0.15848171113730827,False,309.08910791038824
2020-02-12 18:30:00,-239007.19777,25375.27561,2.9103830456733704e-11,83.93963819635826,87.8479974047348,-0.12900629631249572,0.10087685191653652,0.16376435430477013,False,308.02373407844823
2020-02-12 19:00:00,-238796.48604,25600.32472,5.866064565124215e-11,83.88094137017606,87.84965983655334,-0.14134369163394553,0.1041439535212921,0.17556765710049482,False,306.38329308316736
2020-02-12 19:30:00,-238580.1762,25841.24948,5.866064565124215e-11,83.81824154728423,87.85135454199711,-0.1505409284560286,0.1077346707016385,0.18511977315131306,False,305.58941807538315
2020-02-12 20:00:00,-238352.538,26097.35657,8.7387249728376e-11,83.75154202466875,87.85313271702508,-0.16044539322459964,0.10405693106283577,0.19123433036254803,False,302.9654433431174
2020-02-12 20:30:00,-238144.93025,26374.64946,2.9330322825621076e-11,83.68022349140846,87.85470882315322,-0.1701618646577132,0.0972519863744773,0.19599236984528612,False,299.74910361874265
2020-02-12 21:00:00,-237937.12694,26667.67775,8.7387249728376e-11,83.60505286389957,87.85626765021459,-0.17521780831027572,0.0996057474904112,0.20155045344077022,False,299.6168521412335
2020-02-12 21:30:00,-237718.32319,26961.56949,7.275957614183426e-12,83.52927063868907,87.85791978817058,-0.176628375440921,0.10356254038860338,0.20475053793003828,False,300.3843811772129
2020-02-12 22:00:00,-237495.01798,27257.47342,2.9999541770795335e-11,83.45276943481835,87.859606164068,-0.17817319293846476,0.10717013332589825,0.20792095651708173,False,301.02666247901163
2020-02-12 22:30:00,-237261.89038,27554.81856,5.832123694519905e-11,83.37553255405096,87.86137459800334,-0.17859308605781898,0.11277897210053658,0.211221653567311,False,302.2718231269613
2020-02-12 23:00:00,-237017.55447,27849.27883,2.9330322825621076e-11,83.29854183062754,87.86324183432538,-0.1784046815425127,0.11539913711349224,0.21247397780157448,False,302.8963712107744
2020-02-12 23:30:00,-236774.34307,28144.20748,7.275957614183426e-12,83.22133671922792,87.86509471025643,-0.18048546214664996,0.11361005823129375,0.21326567322850568,False,302.189155283604
2020-02-13 00:00:00,-236534.7249,28446.20892,2.9330322825621076e-11,83.14241197429575,87.86690419437282,-0.18058369502475538,0.11292366556403224,0.2129840960100337,False,302.0188096973453
2020-02-13 00:30:00,-236293.1028,28741.11806,2.9999541770795335e-11,83.06498977198399,87.86873510554099,-0.17640518832383476,0.11020387213162144,0.20799924014373314,False,301.99385069333346
2020-02-13 01:00:00,-236064.2144,29028.71833,7.275957614183426e-12,82.98955661837577,87.87045693283679,-0.17203560844588017,0.10428801729939459,0.20117713867530532,False,301.22425123344766
2020-02-13 01:30:00,-235844.88357,29309.99394,1.0913936421275139e-11,82.91579889836102,87.87209711593752,-0.16725187800111033,0.10137457348474814,0.19557605897479602,False,301.22085777041707
2020-02-13 02:00:00,-235627.79543,29581.22029,3.10829045531774e-11,82.84440061838288,87.87372505146429,-0.1621245756725374,0.09556971585586549,0.18819656911264662,False,300.518635869671
2020-02-13 02:30:00,-235430.81042,29846.24019,7.275957614183426e-12,82.77499018080265,87.87517808229654,-0.15957952281201823,0.09005501134929558,0.18323626597929024,False,299.4372045261979
2020-02-13 03:00:00,-235233.92055,30110.37191,2.9330322825621076e-11,82.70570062588926,87.8766281545131,-0.1615239241825472,0.09793653114621068,0.18889558548648497,False,301.2296201304598
2020-02-13 03:30:00,-235007.26332,30378.25583,5.832123694519905e-11,82.63449422574138,87.87833516805284,-0.1667145699444985,0.10792261606452487,0.1985976809783788,False,302.9169862484642
2020-02-13 04:00:00,-234771.66377,30655.78417,3.253907165344266e-11,82.56057892020677,87.88010712021376,-0.16791863888031253,0.10586508988596893,0.19850462599138863,False,302.2295727736603
2020-02-13 04:30:00,-234551.08681,30928.32851,7.275957614183426e-12,82.48821248306184,87.88174800470877,-0.16715488233202802,0.10151241853082282,0.19556463331443924,False,301.27012415283843
2020-02-13 05:00:00,-234330.68745,31204.60281,8.731149137020111e-11,82.41484353684771,87.88337951889031,-0.17233527031690543,0.10966104880529938,0.20426696017780047,False,302.4695711744645
2020-02-13 05:30:00,-234077.86798,31491.19601,2.9999541770795335e-11,82.33783249755862,87.88528295963532,-0.17919612846574295,0.11653761188953562,0.21375749680894723,False,303.0373806466307
2020-02-13 06:00:00,-233828.88473,31788.0116,5.866064565124215e-11,82.25834890471054,87.88713620390374,-0.1839680779246546,0.110164444132178,0.21443054457386326,False,300.9141739540869
2020-02-13 06:30:00,-233595.67657,32094.02118,1.1641532182693481e-10,82.17703426070527,87.88883422252225,-0.19314999890047801,0.11527881065007103,0.22493582698216305,False,300.8302599192658
2020-02-13 07:00:00,-233323.09871,32420.39305,5.820766091346741e-11,82.08936640951141,87.89085208667213,-0.2022316302630122,0.12070466724124843,0.2355148593457665,False,300.83143289279167
2020-02-13 07:30:00,-233065.07673,32755.32244,0.0,81.9999609420102,87.89272526349318,-0.2072759101001756,0.11162819744872124,0.23542335774834827,False,298.3046325804226
2020-02-13 08:00:00,-232821.29759,33103.39577,2.9103830456733704e-11,81.90771439034017,87.89445046297514,-0.2114800425761235,0.10278070712396656,0.2351333284859924,False,295.9200601398493
2020-02-13 08:30:00,-232591.57993,33456.98414,2.9103830456733704e-11,81.81447389485565,87.89603853025396,-0.2165066775725309,0.09647034176946728,0.23702672481096657,False,294.01664128603863
2020-02-13 09:00:00,-232366.56897,33825.43199,2.9103830456733704e-11,81.71767019288667,87.89756014488928,-0.22516107934472832,0.09308943160470137,0.2436455497811717,False,292.46190539734255
2020-02-13 09:30:00,-232143.18835,34210.83523,0.0,81.6166886866101,87.89903917424976,-0.2332493024330237,0.09184347322713224,0.2506799965292706,False,291.4923718811302
2020-02-13 10:00:00,-231917.04178,34607.95207,0.0,81.51263465626599,87.90052068571154,-0.2373740459974557,0.08601219886752737,0.25247680302797976,False,289.9179229417057
2020-02-13 10:30:00,-231710.81187,35010.32242,8.731149137020111e-11,81.4078914394887,87.90181188836215,-0.23754679181439547,0.0794194697037093,0.25047141647168075,False,288.4864255604573
2020-02-13 11:00:00,-231506.57902,35410.80821,5.999908354159067e-11,81.3035492186243,87.90308094339596,-0.23638140873180388,0.07906100897054553,0.2492525095830989,False,288.4932195887086
2020-02-13 11:30:00,-231300.79766,35808.4777,5.866064565124215e-11,81.19970428857674,87.90436059608346,-0.23591017734792982,0.0783158724132173,0.24856988483759457,False,288.3647868021401
2020-02-13 12:00:00,-231098.02933,36206.95299,1.166424738903981e-10,81.095652055696,87.90560558290599,-0.2346535209820614,0.06686142362428713,0.24399328859283223,False,285.90420286507583
2020-02-13 12:30:00,-230932.24209,36605.79251,2.9103830456733704e-11,80.99280720751011,87.90651607381578,-0.2356647963122679,0.06506052284906284,0.2444806083399993,False,285.43335435387075
2020-02-13 13:00:00,-230733.87652,37008.21567,7.275957614183426e-12,80.88774090977374,87.90770277798447,-0.23362381908781069,0.07106841131790412,0.24419420126699343,False,286.9197711882307
2020-02-13 13:30:00,-230546.42875,37395.70601,7.275957614183426e-12,80.78660069559078,87.9088073487764,-0.22618985811055464,0.05645282083724491,0.23312823272301217,False,284.0136774479108
2020-02-13 14:00:00,-230402.89168,37779.45437,2.9103830456733704e-11,80.68800418622999,87.90952279667867,-0.22167465453495072,0.03980342176199901,0.2252198145083006,False,280.1794328906019
2020-02-13 14:30:00,-230275.89538,38160.03204,0.0,80.5907721697412,87.9100905675249,-0.2195013919106509,0.0420709540473393,0.22349681479870467,False,280.85006785292035
2020-02-13 15:00:00,-230124.2874,38534.26717,7.275957614183426e-12,80.49402551072738,87.91087905800514,-0.21379622311447552,0.04622763211915943,0.21873687158172245,False,282.2008327196206
2020-02-13 15:30:00,-229984.65036,38891.64543,2.9103830456733704e-11,80.40177933536604,87.9115810671335,-0.20806187189057004,0.04429787529165171,0.2127252789161709,False,282.0192215287012
2020-02-13 16:00:00,-229842.15682,39246.21438,0.0,80.31003369098201,87.91230710684218,-0.21383135694343544,0.05776316099201964,0.2214958960795005,False,285.1167411381798
2020-02-13 16:30:00,-229650.10073,39615.45462,5.866064565124215e-11,80.21259954315772,87.91344282137551,-0.22042831689279052,0.07225967684238604,0.23197004932868928,False,288.14991233811384
2020-02-13 17:00:00,-229450.91175,39983.98551,1.4551915228366852e-11,80.11493024664226,87.91463650903374,-0.21869770269492217,0.06957619708723656,0.22949843652007423,False,287.6478794544955
2020-02-13 17:30:00,-229268.18525,40348.07847,5.820766091346741e-11,80.01892751524407,87.91568583356113,-0.22011943802276127,0.06451749494837117,0.22937975967785243,False,286.3359778422555
2020-02-13 18:00:00,-229084.81784,40724.16563,8.851584469518594e-11,79.91989277200567,87.91671615452077,-0.22517130677001038,0.06391108131290554,0.2340656824634892,False,285.845699755778
2020-02-13 18:30:00,-228899.77876,41105.91279,2.9999541770795335e-11,79.81931504905755,87.91774602004213,-0.221972466636978,0.06333302508267868,0.23083077786774345,False,285.924469817975
2020-02-13 19:00:00,-228719.1653,41470.38539,5.820766091346741e-11,79.72302241438784,87.91875807123841,-0.21277900953047416,0.06631339964955169,0.22287299941861682,False,287.3098469421668
2020-02-13 19:30:00,-228528.22004,41817.03731,1.4551915228366852e-11,79.63050069309612,87.91988397175884,-0.20819650870792697,0.06996932747821934,0.21963946144972266,False,288.5761319959703
2020-02-13 20:00:00,-228336.48174,42162.31244,7.275957614183426e-12,79.5381775619168,87.92101366341883,-0.20656037950954806,0.06797245832753152,0.21745676690831336,False,288.2147329182253
2020-02-13 20:30:00,-228152.56079,42503.86001,1.4551915228366852e-11,79.44701249495142,87.92207524666905,-0.20494191081158442,0.06677821496690697,0.21554701761163356,False,288.0476669233317
2020-02-13 21:00:00,-227965.02379,42843.596,7.275957614183426e-12,79.35602926948744,87.92316638260718,-0.20400538477824215,0.06884199226491922,0.2153077260980707,False,288.64706147130926
2020-02-13 21:30:00,-227773.34243,43179.86708,0.0,79.2656011965473,87.92429451614744,-0.20092757391013985,0.07030801177065561,0.2128734517889851,False,289.28581916580674
2020-02-13 22:00:00,-227581.61741,43507.13449,3.253907165344266e-11,79.17725980570694,87.92543299726846,-0.19726601858795073,0.07620271895741362,0.21147277949193435,False,291.12125743132754
2020-02-13 22:30:00,-227370.54507,43825.88181,2.9103830456733704e-11,79.08998554041445,87.92675109723763,-0.1929853004286025,0.0830227135506405,0.21008592800763615,False,293.2774846546811
2020-02-13 23:00:00,-227156.64499,44132.75599,0.0,79.00535269444215,87.92810951575233,-0.18780004666245945,0.08468096970489183,0.20600903901669645,False,294.27110236291844
2020-02-13 23:30:00,-226942.34895,44431.41208,0.0,78.92258834493147,87.92948102689024,-0.18384821063533235,0.084652804144611,0.2024012396290087,False,294.723679944899
2020-02-14 00:00:00,-226730.40756,44723.72503,5.820766091346741e-11,78.84137035317796,87.93083851795392,-0.1801645642045805,0.08378015127139231,0.19869168060611841,False,294.9393765390407
2020-02-14 00:30:00,-226520.92277,45009.37387,5.866064565124215e-11,78.7617862695696,87.93218189979684,-0.17473433892014195,0.08078053056415259,0.1925034631275111,False,294.81132918545563
2020-02-14 01:00:00,-226322.58041,45284.03146,5.820766091346741e-11,78.68531711512985,87.93344276275943,-0.16802591536214145,0.07728014537484923,0.18494574637564215,False,294.6991159791736
2020-02-14 01:30:00,-226129.44288,45547.92691,7.275957614183426e-12,78.61163060167665,87.93467328169474,-0.16427044106393315,0.07474820722530999,0.1804773456440919,False,294.46702515879883
2020-02-14 02:00:00,-225942.01332,45810.62689,7.275957614183426e-12,78.53842945180386,87.93585241384929,-0.16030566499193544,0.07352051009759458,0.17636091299808226,False,294.63746925686155
2020-02-14 02:30:00,-225755.37113,46060.92538,2.9103830456733704e-11,78.46820553192381,87.9370434672481,-0.15408527656308144,0.0744920982949867,0.17114714476704324,False,295.80131569925163
2020-02-14 03:00:00,-225568.36269,46300.5259,3.253907165344266e-11,78.40048973265473,87.93825389393047,-0.1481419959214889,0.072000161834541,0.1647120950622708,False,295.92073798891454
2020-02-14 03:30:00,-225394.23157,46531.22739,8.851584469518594e-11,78.33551245754191,87.93936462062041,-0.1430120981564253,0.0689017408796333,0.15874479555357762,False,295.72428333080575
2020-02-14 04:00:00,-225221.34776,46754.58699,7.275957614183426e-12,78.27231893025102,87.94047512189493,-0.13658066837024588,0.0658174919660364,0.15161207478681354,False,295.72916787926874
2020-02-14 04:30:00,-225062.29368,46964.49251,5.866064565124215e-11,78.2130437011734,87.94148650124987,-0.1311798050488678,0.061425598049900124,0.14484904331215603,False,295.0915776336577
2020-02-14 05:00:00,-224908.41095,47171.70507,2.9999541770795335e-11,78.15463208261218,87.94245530382075,-0.12800113390750387,0.06015070849893435,0.14142983424486685,False,295.1699224785551
2020-02-14 05:30:00,-224755.77262,47371.03392,0.0,78.09815378315388,87.94342562249352,-0.12482870502345708,0.057331375349716926,0.13736481426232625,False,294.6683906707889
2020-02-14 06:00:00,-224613.77607,47568.86212,2.9999541770795335e-11,78.04253884345901,87.9443034998441,-0.12025332445335371,0.0543582498176662,0.13196848625836155,False,294.3244508712859
2020-02-14 06:30:00,-224474.63601,47754.00838,2.9999541770795335e-11,77.99012166886,87.94517805273549,-0.11637030803329416,0.05349368665994015,0.12807662981291953,False,294.68753295544593
2020-02-14 07:00:00,-224338.24224,47938.55397,5.820766091346741e-11,77.93794995649706,87.94602795911656,-0.11455542084221126,0.05455659409636979,0.12688327866087076,False,295.4659517605944
2020-02-14 07:30:00,-224196.38901,48116.26022,2.9103830456733704e-11,77.88711970866541,87.9469368113707,-0.11122250619722394,0.059094637028975425,0.1259469015513199,False,297.9825600520252
2020-02-14 08:00:00,-224046.21849,48285.39934,5.820766091346741e-11,77.83790000271271,87.9479330153399,-0.11062617782438507,0.06532623337984503,0.1284743865041995,False,300.5624173351039
2020-02-14 08:30:00,-223882.58946,48456.0297,5.866064565124215e-11,77.7875559218203,87.9490426668646,-0.11193286471976802,0.07135147364932881,0.13274034426768958,False,302.515425943198
2020-02-14 09:00:00,-223709.92543,48624.90216,5.999908354159067e-11,77.73710702209327,87.95023313490537,-0.11284861149969765,0.0759867688900541,0.13604704393613332,False,303.9544082031333
2020-02-14 09:30:00,-223528.99107,48794.91346,7.275957614183426e-12,77.68587921713444,87.95149219029604,-0.10965515241018299,0.07906650749511906,0.1351878879840061,False,305.7933716231862
2020-02-14 10:00:00,-223347.64407,48949.87313,8.761413176247367e-11,77.63825051194193,87.95278207352048,-0.1027628222785612,0.08062067664041558,0.1306135182307467,False,308.1153033060101
2020-02-14 10:30:00,-223166.28632,49094.14824,8.761413176247367e-11,77.59317771447404,87.95409119207247,-0.0912854106085811,0.08391173917807342,0.12399276657074101,False,312.5899661661206
2020-02-14 11:00:00,-222982.01028,49205.92321,1.166424738903981e-10,77.55585231955416,87.95548729187404,-0.08285278231588317,0.08694490047168701,0.12009995526857903,False,316.38055902320144
2020-02-14 11:30:00,-222796.36462,49317.96282,2.9103830456733704e-11,77.51833673407474,87.95689398473226,-0.07879987702334668,0.08847660089228301,0.11848008070704077,False,318.3107954911159
2020-02-14 12:00:00,-222609.71171,49414.05816,0.0,77.48462561604016,87.95833954918426,-0.0702563379929266,0.09104992867032237,0.11500453268913853,False,322.3453492859767
2020-02-14 12:30:00,-222421.56484,49493.84527,7.275957614183426e-12,77.45478785701854,87.95982918842459,-0.06356267046333038,0.0930350824856988,0.11267537286182244,False,325.65864790291005
2020-02-14 13:00:00,-222233.07861,49564.67122,7.275957614183426e-12,77.42708877124632,87.96133870806436,-0.05776043501568938,0.09490078342147637,0.11109647405391244,False,328.6736240159834
2020-02-14 13:30:00,-222042.85046,49622.42702,1.4551915228366852e-11,77.40246509487795,87.96288850175885,-0.049301051007307084,0.095707388530245,0.10765917447995023,False,332.74597513657926
2020-02-14 14:00:00,-221858.11714,49662.73624,0.0,77.38239711576149,87.96442403581096,-0.04342662425963488,0.09523983173137712,0.10467328810545953,False,335.4883783316258
2020-02-14 14:30:00,-221674.11684,49700.09118,7.275957614183426e-12,77.36306633055148,87.96595870212208,-0.038104708689630826,0.09477180354462895,0.10214530616442134,False,338.09651929018446
2020-02-14 15:00:00,-221495.19286,49721.94981,5.866064565124215e-11,77.34780325399838,87.96747918239274,-0.03031208904407022,0.09279037418683111,0.09761596326394457,False,341.9091943875724
2020-02-14 15:30:00,-221324.28134,49733.39823,1.173212913024843e-10,77.33552652347987,87.96894995558965,-0.025945913722391363,0.08969239591214274,0.093369782710202,False,343.8660793916192
2020-02-14 16:00:00,-221159.6777,49742.29122,5.820766091346741e-11,77.32421203821501,87.97037054900623,-0.02173735262601685,0.08659766463642138,0.08928419804013422,False,345.90901050098535
2020-02-14 16:30:00,-221002.95627,49741.33655,2.9999541770795335e-11,77.31574947658396,87.97174156895528,-0.021012567490986223,0.08252803105014041,0.0851610468558025,False,345.7153623837243
2020-02-14 17:00:00,-220853.21752,49750.8535,5.820766091346741e-11,77.30507829919272,87.97303094098456,-0.021826981255189993,0.0791400244082748,0.08209482671920774,False,344.5810341829741
2020-02-14 17:30:00,-220707.74885,49755.38234,2.9103830456733704e-11,77.29586365954813,87.97429276530303,-0.018069439488319648,0.07640693707831431,0.07851448705246394,False,346.69459916613044
2020-02-14 18:00:00,-220570.58093,49753.81961,7.275957614183426e-12,77.28860616151275,87.97549403298949,-0.01393691849875011,0.07201892407293503,0.07335504837340089,False,349.04764595754
2020-02-14 18:30:00,-220443.79512,49747.27614,0.0,77.28315137793852,87.97661440035937,-0.012706908603236198,0.07042951336943433,0.07156662545982119,False,349.77270652170927
2020-02-14 19:00:00,-220313.18425,49742.62844,2.9103830456733704e-11,77.27700774595904,87.97776442125256,-0.017123038875713755,0.07165455609538292,0.07367206980644417,False,346.56026969111133
2020-02-14 19:30:00,-220178.59642,49750.5938,2.9999541770795335e-11,77.26751187136459,87.97892426541846,-0.019394023280317075,0.07046420716898905,0.07308442126029109,False,344.61137737188034
2020-02-14 20:00:00,-220050.363,49754.82112,3.253907165344266e-11,77.25928698551634,87.98003593647063,-0.01550060607553013,0.06978620752051305,0.07148694670221183,False,347.4770133794567
2020-02-14 20:30:00,-219921.24527,49749.61585,1.4551915228366852e-11,77.25334125782751,87.98117392697232,-0.01205787435779664,0.07188302352775838,0.07288731992274565,False,350.4776854017216
2020-02-14 21:00:00,-219788.38403,49740.06256,1.4551915228366852e-11,77.24825696104861,87.98235318422496,-0.019481364166429104,0.07471105155248021,0.07720922725854977,False,345.3852117830505
2020-02-14 21:30:00,-219643.43898,49758.65226,2.9103830456733704e-11,77.23550471662482,87.9835822945636,-0.029272746295335425,0.07539549707994082,0.0808787651711031,False,338.78100462827757
2020-02-14 22:00:00,-219500.38457,49782.87058,5.820766091346741e-11,77.22144600334246,87.9847836466506,-0.023457755496631795,0.07354058059188967,0.07719121249683787,False,342.3085120055947
2020-02-14 22:30:00,-219366.57158,49782.45113,5.820766091346741e-11,77.21401146197289,87.98595301528499,-0.02382328419377487,0.07293799174011803,0.07673004306566555,False,341.91172980011225
2020-02-14 23:00:00,-219225.33839,49808.39689,2.9999541770795335e-11,77.19959688584449,87.98713485117484,-0.03182531637045504,0.07231881253957233,0.07901178019266086,False,336.2471609927101
2020-02-14 23:30:00,-219087.31022,49836.49349,2.9999541770795335e-11,77.18481183797927,87.98828430281196,-0.026346190790361455,0.06982838119328627,0.0746332673091365,False,339.3285500786281
2020-02-15 00:00:00,-218959.18043,49845.12229,5.999908354159067e-11,77.17541381598869,87.9893858992049,-0.021604001867789626,0.06581936823914414,0.0692742530245077,False,341.8285254106334
2020-02-15 00:30:00,-218839.00805,49859.73275,7.275957614183426e-12,77.16496788247075,87.99040606843973,-0.022286246651713595,0.06267342440222919,0.06651792928318614,False,340.4249568661198
2020-02-15 01:00:00,-218721.37084,49873.22687,1.4551915228366852e-11,77.15493327088404,87.99140625988474,-0.021153342006453732,0.060836104936452404,0.06440881571556062,False,340.8269088645088
2020-02-15 01:30:00,-218608.54907,49885.28976,2.9999541770795335e-11,77.14551897143224,87.99236720156149,-0.020003790904302036,0.05703573132189668,0.060441925002159086,False,340.67301497296546
2020-02-15 02:00:00,-218505.16682,49897.75511,2.9103830456733704e-11,77.13653259481855,87.99324488154488,-0.018002648279103296,0.05188299740929325,0.05491758156759847,False,340.86396685378577
2020-02-15 02:30:00,-218412.02935,49906.8905,3.253907165344266e-11,77.12895223128949,87.99403972276431,-0.015129901356279805,0.045501809451338804,0.04795131466807457,False,341.6074104618168
2020-02-15 03:00:00,-218333.34305,49914.36506,2.9103830456733704e-11,77.12260404929805,87.99471169500983,-0.01538591779632978,0.03763737783845849,0.04066077565652559,False,337.7655721031949
2020-02-15 03:30:00,-218267.59822,49930.68965,2.9103830456733704e-11,77.11478237559061,87.99525300460074,-0.018442178917770367,0.03140792391031819,0.036422131288426696,False,329.57929568222403
2020-02-15 04:00:00,-218208.31644,49953.87095,3.253907165344266e-11,77.10561484402413,87.99572416186682,-0.01931534874280443,0.026134025092286302,0.03249723010627839,False,323.532331737444
2020-02-15 04:30:00,-218160.37109,49977.4765,7.275957614183426e-12,77.09698521201611,87.99609547055414,-0.019186245773166688,0.021144685485930438,0.02855187824237267,False,317.7800562422278
2020-02-15 05:00:00,-218118.69413,50004.19947,0.0,77.08793300518255,87.99640578496131,-0.02018982130723093,0.016398109838635808,0.02601013053980853,False,309.0833959118596
2020-02-15 05:30:00,-218086.58911,50035.13071,1.4551915228366852e-11,77.0783757603377,87.99662408123513,-0.01983440783647015,0.012771406639376228,0.02359051847187195,False,302.77754931436914
2020-02-15 06:00:00,-218057.91416,50063.51387,2.1827872842550278e-11,77.06964899945176,87.99681749182056,-0.019117892682575174,0.010682590619702177,0.021900035684231437,False,299.19534462555805
2020-02-15 06:30:00,-218033.70636,50093.60447,1.4551915228366852e-11,77.06075054061031,87.99696844693587,-0.020813556475815398,0.006292454674806265,0.021743944421526842,False,286.8213698170433
2020-02-15 07:00:00,-218019.05863,50131.46771,8.9998625312386e-11,77.05045927951939,87.99702032878155,-0.023925329746220157,-0.0008383414006751895,0.023940012944220667,False,267.9931820951139
2020-02-15 07:30:00,-218017.34625,50178.22147,7.275957614183426e-12,77.0386915167703,87.99694141201874,-0.023623754587872865,-0.005497501558843498,0.024254985141564836,False,256.8998121214989
2020-02-15 08:00:00,-218019.27028,50218.7854,5.866064565124215e-11,77.02867847118112,87.99684312163053,-0.023463844065867517,-0.006212493883540003,0.024272351731967966,False,255.1701511130678
2020-02-15 08:30:00,-218020.18015,50265.55597,0.0,77.01705927805665,87.99674113393328,-0.026589635414009168,-0.0053345101058953626,0.027119471040561064,False,258.65571264250286
2020-02-15 09:00:00,-218016.47845,50316.37557,2.9999541770795335e-11,77.00416543594244,87.99667114751036,-0.024375575084957548,-0.005571231016415752,0.025004145171564574,False,257.12573338069814
2020-02-15 09:30:00,-218019.98916,50355.57069,6.21658091063548e-11,76.99458837696251,87.99656156109539,-0.0181747932005853,-0.006807119409252516,0.019407729968645586,False,249.4672519466373
2020-02-15 10:00:00,-218025.63108,50385.64131,2.9999541770795335e-11,76.98741152743516,87.99645172379509,-0.015965582543353746,-0.007444096690629018,0.017615743001306413,False,245.0022896007859
2020-02-15 10:30:00,-218033.15812,50417.60498,2.9999541770795335e-11,76.97987198306119,87.99632158971738,-0.015539556255816506,-0.006826682469064321,0.016972960913202977,False,246.28363562081807
2020-02-15 11:00:00,-218036.97186,50445.68231,2.9999541770795335e-11,76.97308847773333,87.99623166046558,-0.015723388986171313,-0.006208769941127726,0.016904845027160248,False,248.4521860431059
2020-02-15 11:30:00,-218042.17538,50477.79067,0.0,76.9653804491571,87.99612143817158,-0.01380572107103336,-0.006216693444112544,0.015140845804288688,False,245.75804063466916
2020-02-15 12:00:00,-218047.56585,50499.14992,5.866064565124215e-11,76.96036476789297,87.99603126803906,-0.011157311439081647,-0.005895140716168921,0.012618965195771593,False,242.14956319359192
2020-02-15 12:30:00,-218053.78812,50521.7096,0.0,76.95509824180941,87.99593140015239,-0.012085327417789702,-0.006433260284818483,0.013690945061879485,False,241.9727387447262
2020-02-15 13:00:00,-218060.30771,50546.76182,8.761413176247367e-11,76.9492278994786,87.99582388179383,-0.01350228333376579,-0.007443383868869568,0.015418029012965215,False,241.1334347312737
2020-02-15 13:30:00,-218068.91573,50575.11325,6.21658091063548e-11,76.94265634855269,87.99569145069438,-0.013960142100469003,-0.005991841584870889,0.015191699478447932,False,246.77047537823628
2020-02-15 14:00:00,-218069.96636,50600.59229,2.9103830456733704e-11,76.93636458796124,87.99563072837731,-0.01219325742519207,-0.004036934915645524,0.012844157043191253,False,251.68136252555684
2020-02-15 14:30:00,-218073.15069,50621.15787,5.866064565124215e-11,76.93142163346155,87.9955613196679,-0.009586284765924945,-0.005261660738492845,0.01093535227326499,False,241.23876944150408
2020-02-15 15:00:00,-218080.6143,50638.4922,2.9999541770795335e-11,76.92753224929443,87.99546111499266,-0.00623414938833413,-0.004678134042175274,0.00779420019710977,False,233.1152708120481
2020-02-15 15:30:00,-218084.47931,50646.82841,7.275957614183426e-12,76.92567791440194,87.9954105177238,-0.0016046526000630188,-0.0027849132022504264,0.00321413308855712,False,209.95032398545732
2020-02-15 16:00:00,-218089.07331,50646.38716,2.9103830456733704e-11,76.92605385324663,87.99537134083161,0.0011591671922858583,-0.0027841378156004916,0.003015807015697217,False,157.3957470913976
2020-02-15 16:30:00,-218095.18637,50645.03084,3.253907165344266e-11,76.92674580643282,87.99532076744772,0.0007244479575907884,-0.0031273519670611183,0.0032101643523562017,False,166.9575340196086
2020-02-15 17:00:00,-218100.6299,50646.39337,7.275957614183426e-12,76.92672126426342,87.99527052686554,-0.0001002278065745908,-0.002190963123192152,0.0021932544358552347,False,182.61922686271777
2020-02-15 17:30:00,-218102.78779,50647.16643,2.9103830456733704e-11,76.92665347460901,87.9952501390024,-0.0006006081712969246,-0.0009409787677552433,0.0011163203916415806,False,212.5492864401633
2020-02-15 18:00:00,-218103.44054,50649.26577,5.866064565124215e-11,76.92616797912018,87.99524019316414,-0.0010753274116187298,-0.0009136990887125768,0.001411090027919137,False,229.64564846950935
2020-02-15 18:30:00,-218105.11616,50651.68133,3.637978807091713e-11,76.92566287857444,87.99522068476024,-0.000677801666129602,-0.0009432242110197208,0.0011615020494436673,False,215.70105410654486
2020-02-15 19:00:00,-218106.19614,50652.41074,8.851584469518594e-11,76.92554358566679,87.99520978722192,0.0001951981658975819,-3.839599865517368e-06,0.00019523592522101865,False,91.1268779074826
2020-02-15 19:30:00,-218105.28859,50650.99996,6.21658091063548e-11,76.92584269461463,87.99522056096296,-0.0017053922497067072,-0.0018405832482182916,0.002509204937620979,False,222.81664482368691
2020-02-15 20:00:00,-218111.26167,50659.88991,3.253907165344266e-11,76.92397264650177,87.99515045267097,-0.0029580499696399798,-0.0015717075344399889,0.003349675237497288,False,242.01684758183296
2020-02-15 20:30:00,-218108.39076,50662.65294,5.999908354159067e-11,76.92311776820517,87.99516989584339,-0.003308677672230111,-0.0005837484067975471,0.0033597782874994504,False,259.99430229962695
2020-02-15 21:00:00,-218110.61365,50671.96774,2.1827872842550278e-11,76.92092482830886,87.99513163356306,-0.004609535151626867,-0.0024649818074267407,0.005227231544998608,False,241.8640385057005
2020-02-15 21:30:00,-218113.27927,50680.82492,1.4551915228366852e-11,76.91887166496461,87.99509043424264,-0.0037444564814510554,-0.0022057789537461873,0.004345850335005849,False,239.49857407880972
2020-02-15 22:00:00,-218115.29745,50686.89523,7.275957614183426e-12,76.9174756471335,87.99506052820205,-0.004548879505573745,-0.002470539151190698,0.0051764725879497216,False,241.49319975665628
2020-02-15 22:30:00,-218118.2356,50698.78903,0.0,76.91468163180362,87.99501079152256,-0.007527775059591462,-0.0033991296875330768,0.00825962953046176,False,245.69867915820564
2020-02-15 23:00:00,-218121.08109,50716.06199,1.4551915228366852e-11,76.91054185981858,87.99495095013845,-0.008934205675088796,-0.004618061412227878,0.010057162733688712,False,242.66570683364316
2020-02-15 23:30:00,-218127.14461,50733.8816,2.9999541770795335e-11,76.90645262910994,87.9948619226394,-0.009808715761556822,-0.007953734265658749,0.012628253785053868,False,230.96194442113793
2020-02-16 00:00:00,-218140.97061,50756.94199,2.9999541770795335e-11,76.90150794323283,87.99469454915851,-0.01076617606203315,-0.009001199615056299,0.014033251280754054,False,230.1022578174753
2020-02-16 00:30:00,-218149.92222,50778.97507,2.9103830456733704e-11,76.89653734835889,87.9945717575742,-0.012057199447205348,-0.008448922162064259,0.01472278316794449,False,234.9796608471299
2020-02-16 01:00:00,-218160.7542,50806.11336,2.9103830456733704e-11,76.89040462818852,87.99442218358077,-0.012503400084113894,-0.009001153381454168,0.015406355047832799,False,234.25002018065862
2020-02-16 01:30:00,-218171.27243,50830.16393,5.820766091346741e-11,76.88502375282077,87.99428159670836,-0.01023453003026743,-0.007460953648900873,0.012665363567284323,False,233.908019552645
2020-02-16 02:00:00,-218178.55286,50848.09121,0.0,76.88098084293243,87.99418167419515,-0.00836596417046324,-0.006476599023383139,0.010579966512761848,False,232.25437847392425
2020-02-16 02:30:00,-218187.14376,50864.78744,5.820766091346741e-11,76.87732103653723,87.99407281627924,-0.007174832431839794,-0.005608987059961332,0.00910708275265981,False,231.98317569153454
2020-02-16 03:00:00,-218192.35369,50877.83051,5.820766091346741e-11,76.8743750941966,87.99400086286774,-0.005358624471389825,-0.0040977342387131565,0.006745834427000115,False,232.59489580912563
2020-02-16 03:30:00,-218197.12946,50886.92445,2.9999541770795335e-11,76.87238764049411,87.99394072209374,-0.0028482419376901673,-0.00311617522640971,0.004221733077458432,False,222.42789070878962
2020-02-16 04:00:00,-218200.94993,50890.36411,2.9999541770795335e-11,76.87175292799789,87.99390041011294,-0.0011861544133766602,-0.0021786312233031432,0.002480604019089762,False,208.5660548125777
2020-02-16 04:30:00,-218203.79766,50892.86441,2.9999541770795335e-11,76.87129567115062,87.99387049122723,-0.000933530673197963,-0.0015747204562987019,0.0018306348716461821,False,210.6604418519292
2020-02-16 05:00:00,-218205.7074,50894.92463,1.4551915228366852e-11,76.87089353797545,87.99384964702679,0.006898603615654178,0.0014894060016608865,0.007057553548057596,False,77.81686107512473
2020-02-16 05:30:00,-218204.21712,50867.46068,5.999908354159067e-11,76.87764653234846,87.99391849022284,0.020580182122120406,0.004618375889595718,0.021092019629168835,False,77.35185657058383
2020-02-16 06:00:00,-218206.33584,50818.99596,3.253907165344266e-11,76.88983989952374,87.99399849470394,0.01888803876467822,0.003739192236942573,0.019254598592564807,False,78.80216051282741
2020-02-16 06:30:00,-218206.53022,50798.18273,3.253907165344266e-11,76.89503516514525,87.99403906498539,0.01172978598367683,0.0040492235076591415,0.012409032606848966,False,70.95488346970882
2020-02-16 07:00:00,-218201.7127,50774.56331,2.9999541770795335e-11,76.9006391307709,87.99412902518036,0.010344798431900766,0.004637533632729641,0.011336735543857196,False,65.85348864637785
2020-02-16 07:30:00,-218198.70991,50758.12674,5.866064565124215e-11,76.90455944672071,87.99418856662724,0.013802319846492763,0.0064741154592890225,0.015245268253628505,False,64.87060716203081
2020-02-16 08:00:00,-218190.27008,50720.88644,5.820766091346741e-11,76.9133477883135,87.99433770754744,0.015250381612496486,0.008048042988700474,0.017243698422169815,False,62.1781649171628
2020-02-16 08:30:00,-218182.92043,50698.09104,6.21658091063548e-11,76.91860151127085,87.99444802059361,0.011477730031386585,0.006263675192300085,0.013075622875719114,False,61.37763371817289
2020-02-16 09:00:00,-218177.65814,50675.5352,0.0,76.92391692509926,87.99453962480267,0.004520411550384508,0.001637609436315398,0.004807898215515685,False,70.08606830585768
2020-02-16 09:30:00,-218180.85969,50680.90572,6.21658091063548e-11,76.9227640685326,87.99450081922005,-0.0031048742477168753,-0.0024566669433103965,0.003959224237712418,False,231.6479285855831
2020-02-16 10:00:00,-218183.7437,50688.42395,5.820766091346741e-11,76.92105776136333,87.99446043056902,-0.003575015027839865,-0.002482551418117688,0.0043524468971923155,False,235.22322725510617
2020-02-16 10:30:00,-218186.65263,50695.46434,2.9999541770795335e-11,76.91947201895029,87.99442079117188,-0.004844726113847164,-0.0033637788740453842,0.005897997917231463,False,235.22706991320467
2020-02-16 11:00:00,-218191.59184,50708.15307,0.0,76.91659665893755,87.99435199316503,-0.0060302238184673715,-0.004028106143453067,0.007251843793390447,False,236.25762431560455
2020-02-16 11:30:00,-218195.86318,50719.89224,7.275957614183426e-12,76.91391938056995,87.99429094043454,-0.006052165978006326,-0.004070762884668913,0.007293820911465762,False,236.07472740730404
2020-02-16 12:00:00,-218200.93294,50732.69311,2.9999541770795335e-11,76.91102402279854,87.9942207666249,-0.006415999520612914,-0.00431546271091764,0.007732287388465704,False,236.07484537411028
2020-02-16 12:30:00,-218205.76445,50745.90802,5.820766091346741e-11,76.90801192632583,87.99415182584663,-0.007985613122414142,-0.005625889331890739,0.009768349283044448,False,234.83518509841258
2020-02-16 13:00:00,-218214.14781,50765.28174,2.9103830456733704e-11,76.90367175535486,87.99403940600838,0.005203388013481906,0.004999323766856913,0.007215849564999785,False,46.145819034973556
2020-02-16 13:30:00,-218192.4795,50723.58499,2.9999541770795335e-11,76.91280345384715,87.99431296562506,0.025649181074981063,0.02293506747765245,0.03440781611816766,False,48.19745169311943
2020-02-16 14:00:00,-218154.63431,50656.64722,0.0,76.92729114282045,87.99477870814795,0.022662283312807605,0.020071698252563212,0.030272960801545446,False,48.46909326254132
2020-02-16 14:30:00,-218140.54736,50627.77125,2.1827872842550278e-11,76.93367250381448,87.99496005374893,0.004612172844316136,0.0016797325397333643,0.00490852724866495,False,69.98860446286784
2020-02-16 15:00:00,-218152.49761,50639.10618,2.9103830456733704e-11,76.93153887084647,87.994832867485,-0.01375709080741706,-0.011062205096810832,0.017653043054596182,False,231.19691378417693
2020-02-16 15:30:00,-218168.14141,50685.01889,2.9999541770795335e-11,76.92100302732173,87.99460341714621,-0.02385923802450775,-0.015169213390063422,0.02827310159822222,False,237.55263750769888
2020-02-16 16:00:00,-218186.25301,50735.12902,5.866064565124215e-11,76.90956683989504,87.99434386275895,-0.026724873585620368,-0.01674463858738566,0.031537307900160946,False,237.93053876655068
2020-02-16 16:30:00,-218205.06527,50792.38121,1.4551915228366852e-11,76.89639526288514,87.99406361957725,-0.029262024623571803,-0.01660335333394799,0.03364427777501613,False,240.42930420032616
2020-02-16 17:00:00,-218220.58607,50851.28043,5.999908354159067e-11,76.88262619355656,87.99380862780123,-0.025446481120341726,-0.014991764928289998,0.02953432608124001,False,239.49558373459206
2020-02-16 17:30:00,-218236.83741,50893.84664,3.637978807091713e-11,76.87296987434222,87.9935803705475,-0.013561029996973612,-0.0019076264985269248,0.013694545389924422,False,261.9927577249707
2020-02-16 18:00:00,-218216.18659,50900.3841,0.0,76.8701426852471,87.99374715910567,-0.0049291576149524206,0.011939228046580352,0.01291672408706226,False,337.56652316076827
2020-02-16 18:30:00,-218190.94889,50901.36415,7.275957614183426e-12,76.86843253053837,87.99396524818233,0.00028820484510630115,0.023054807537319692,0.023056608870681648,False,0.7162090226887585
2020-02-16 19:00:00,-218135.5953,50880.51771,1.4551915228366852e-11,76.8704087158312,87.99449035958438,0.01004468079018422,0.03679092147639927,0.038137481763473494,False,15.270762365289158
2020-02-16 19:30:00,-218070.178,50836.06261,7.275957614183426e-12,76.87768417579218,87.99515123484761,0.004250012036860566,0.03639060620122437,0.03663794238226335,False,6.661323746578205
2020-02-16 20:00:00,-218011.48358,50835.87477,0.0,76.87432042327865,87.99566346917005,-0.013412205669181478,0.026847700206704336,0.030011435608805783,False,333.4548326168751
2020-02-16 20:30:00,-217965.08668,50861.13667,1.4551915228366852e-11,76.865325431126,87.99601668284905,-0.025569682569136117,0.016175383812289224,0.0302564325088278,False,302.3174494748993
2020-02-16 21:00:00,-217933.85791,50912.28491,3.253907165344266e-11,76.85075670355901,87.99618486281638,-0.03875387750741667,0.011800808918978714,0.040510765396399306,False,286.93583510521535
2020-02-16 21:30:00,-217891.97984,50987.32832,3.253907165344266e-11,76.82960726384029,87.9963970249413,-0.044290275940760626,0.012785981268095206,0.04609891386894925,False,286.1026868136066
2020-02-16 22:00:00,-217852.70992,51057.04826,7.275957614183426e-12,76.80993293579726,87.99659705328793,-0.04581793289133522,0.014822409080551251,0.048155859304825056,False,287.926742684312
2020-02-16 22:30:00,-217802.38951,51135.74544,2.9103830456733704e-11,76.78736974093304,87.99687480657772,-0.045536968093635326,0.022811633803855924,0.050931189854174656,False,296.60846841584294
2020-02-16 23:00:00,-217735.29248,51197.87157,5.999908354159067e-11,76.76794845013532,87.99733245500627,-0.04181035865092022,0.025564653369568625,0.04900670966739938,False,301.44341104501177
2020-02-16 23:30:00,-217678.34741,51261.20077,1.4551915228366852e-11,76.74881447050943,87.99769891839462,-0.042434228760902644,0.006042444886247169,0.042862278412794996,False,278.1041817000031
2020-02-17 00:00:00,-217679.10239,51341.58121,3.253907165344266e-11,76.72881498450113,87.99752723040591,-0.04265602389886056,-0.010446982381923648,0.043916691766894125,False,256.23844293245486
2020-02-17 00:30:00,-217679.70051,51419.29507,2.9999541770795335e-11,76.7094744711659,87.99736215482795,-0.041264423421524234,-0.011292762079679403,0.04278176148429472,False,254.6947123777208
2020-02-17 01:00:00,-217684.51707,51495.50034,7.275957614183426e-12,76.69076192224674,87.99716320145073,-0.039818942645864205,-0.012720039617463118,0.04180128707712783,False,252.2840772416114
2020-02-17 01:30:00,-217691.26305,51569.33484,2.9999541770795335e-11,76.67275782711505,87.99695211643959,-0.041438002305767135,-0.007299396058867223,0.042075993368154346,False,260.00971146391333
2020-02-17 02:00:00,-217675.70011,51646.71709,3.253907165344266e-11,76.65255469294056,87.99692787068517,-0.0483449954666205,0.008012681699083085,0.04900450647316405,False,279.4106347556718
2020-02-17 02:30:00,-217623.01802,51732.01643,2.9103830456733704e-11,76.62818090390759,87.99721035850449,-0.05534395365736199,0.02038562051054508,0.05897903636062722,False,290.2209787687891
2020-02-17 03:00:00,-217558.22374,51823.58147,3.253907165344266e-11,76.60151978823518,87.99758499096869,-0.05767781651263518,0.02218027460154738,0.06179559125912834,False,291.0344813417453
2020-02-17 03:30:00,-217497.22755,51915.50225,1.1844400866611763e-10,76.57498599213133,87.9979253693472,-0.059424285665546576,0.020213434018070284,0.06276805430840887,False,288.785964174509
2020-02-17 04:00:00,-217437.77572,52014.76843,2.9999541770795335e-11,76.54670445456802,87.99823656694021,-0.06387145810093298,0.017980422784706587,0.06635404104842473,False,285.7224157190519
2020-02-17 04:30:00,-217380.7787,52124.0705,2.9103830456733704e-11,76.51605941459617,87.99850494815468,-0.0672876589569922,0.024934683676855605,0.07175909348631253,False,290.3331164429753
2020-02-17 05:00:00,-217294.00245,52229.39613,0.0,76.48461322671812,87.99904035224858,-0.06715745415726902,0.03619388318640612,0.07628971640396169,False,298.322033171533
2020-02-17 05:30:00,-217197.58656,52328.69065,7.275957614183426e-12,76.45407482972705,87.99967171996066,-0.06779084764038219,0.032315433655326194,0.07509917626800776,False,295.48681854806864
2020-02-17 06:00:00,-217123.74121,52439.40574,0.0,76.42202858769782,88.00008205144614,-0.07045245104456344,0.018192416463177395,0.07276339653257188,False,284.4787868206206
2020-02-17 06:30:00,-217074.38026,52559.85527,0.0,76.38902013194124,88.00025815589304,-0.07070442603579544,0.008312494159995704,0.07119138585679612,False,276.7053018870939
2020-02-17 07:00:00,-217034.75712,52679.75107,2.9103830456733704e-11,76.35673321311607,88.00035002929754,-0.07198917803893726,0.0001087133961688129,0.0719892601248569,False,270.0865243111775
2020-02-17 07:30:00,-217012.87006,52811.61129,2.9999541770795335e-11,76.32253678323909,88.00026162173269,-0.07231833335746855,-0.0049595782579719885,0.07248819735721738,False,266.07680858725735
2020-02-17 08:00:00,-216990.54492,52936.93603,0.0,76.28994547960663,88.00019018383158,-0.07177662072621885,-0.0016050838507657254,0.07179456509404775,False,268.7189532669321
2020-02-17 08:30:00,-216957.24168,53064.0143,2.9999541770795335e-11,76.2562505515344,88.00020985759119,-0.07432819405679611,4.669171885192391e-06,0.07432819420345087,False,270.00359922430357
2020-02-17 09:00:00,-216926.9566,53196.85214,7.275957614183426e-12,76.22130439763119,88.00019030818551,-0.07416134144924824,-0.000625110951704054,0.07416397595365236,False,269.51706144524013
2020-02-17 09:30:00,-216895.83987,53323.84818,3.253907165344266e-11,76.18776322163023,88.00018973567998,-0.07451490286532596,0.001502086192491689,0.07453004100333394,False,271.154823283421
2020-02-17 10:00:00,-216857.66235,53456.05779,1.4551915228366852e-11,76.15249003713205,88.0002386934806,-0.07758308448438654,0.005531803497300588,0.07778004787890148,False,274.078382713917
2020-02-17 10:30:00,-216809.6571,53590.26347,5.866064565124215e-11,76.11611306733778,88.00036803610114,-0.08091702590547296,0.008000682907244188,0.08131159824016038,False,275.6467748923635
2020-02-17 11:00:00,-216759.80217,53731.93713,3.253907165344266e-11,76.0777575017439,88.00049656032782,-0.08688063261815974,0.007754025165961714,0.08722596649167043,False,275.1000885058895
2020-02-17 11:30:00,-216707.3086,53887.12918,1.4551915228366852e-11,76.03586760952153,88.00061791029204,-0.08836233859219557,0.009925964930444588,0.0889180952409701,False,276.4093110758296
2020-02-17 12:00:00,-216648.36154,54032.0176,2.9103830456733704e-11,75.99613721720527,88.00081658973376,-0.08352621712704836,0.013334903143909744,0.08458397359672978,False,279.07068447777897
2020-02-17 12:30:00,-216587.96548,54167.26999,0.0,75.95870773168659,88.00104783138768,-0.0829646709240954,0.009664185446216198,0.08352564337903838,False,276.6441870447419
2020-02-17 13:00:00,-216542.14566,54313.32536,2.9103830456733704e-11,75.91949035333701,88.0011280849216,-0.08614452488074023,0.004705296984774402,0.08627293310560039,False,273.12644397878626
2020-02-17 13:30:00,-216496.08771,54463.95164,0.0,75.8791172377753,88.00119948441987,-0.08792296724080433,0.0025255387816334046,0.08795923211673169,False,271.64533727234254
2020-02-17 14:00:00,-216456.10689,54618.06558,2.9103830456733704e-11,75.83825492486318,88.0012094866734,-0.08677174008368148,0.0030640033514543093,0.0868258198561217,False,272.0223352692509
2020-02-17 14:30:00,-216408.96604,54764.13769,2.9103830456733704e-11,75.79894230820277,88.00129829416595,-0.0825305195161394,0.00648402918859077,0.08278483729598292,False,274.49222846597354
2020-02-17 15:00:00,-216360.58915,54900.36951,7.275957614183426e-12,75.76199638068984,88.00141856227222,-0.07637172246543796,0.006226986888136998,0.07662516138999585,False,274.6613140427032
2020-02-17 15:30:00,-216319.61634,55025.11695,7.275957614183426e-12,75.72837158185841,88.00149910008628,-0.0732236917253614,0.0046196579543605135,0.07336927333363774,False,273.6099868145217
2020-02-17 16:00:00,-216279.48789,55151.73959,0.0,75.69433120084787,88.00156747405322,-0.07556130534732193,0.005850696604918916,0.07578747598748774,False,274.42756642750396
2020-02-17 16:30:00,-216231.99203,55283.4982,1.4551915228366852e-11,75.65854266668165,88.0016876673083,-0.07792321614806239,0.010503129009556796,0.07862787885889486,False,277.6765286493893
2020-02-17 17:00:00,-216173.36923,55414.15529,2.9999541770795335e-11,75.62231444033335,88.00190604565759,-0.07880255485212864,0.015167119914740054,0.08024888895013343,False,280.8944891965532
2020-02-17 17:30:00,-216108.65691,55544.74396,5.866064565124215e-11,75.58570609060021,88.00217658957702,-0.07939824447522353,0.014930988558217208,0.08078994767341403,False,280.65019830757115
2020-02-17 18:00:00,-216050.1567,55677.61078,3.637978807091713e-11,75.54891941725899,88.00238736037105,-0.07555905647967416,0.012931031360563228,0.07665756706383564,False,279.71140863813275
2020-02-17 18:30:00,-215995.6964,55796.53324,8.761413176247367e-11,75.51585205439169,88.00259351623694,-0.06916053921296193,0.013314910328916397,0.07043058299698171,False,280.89735561898215
2020-02-17 19:00:00,-215941.4741,55906.68663,5.820766091346741e-11,75.48497372078586,88.00281662534304,-0.06600187298842687,0.014381664054291128,0.06755056993801697,False,282.29248224614753
2020-02-17 19:30:00,-215886.02263,56013.57972,2.9999541770795335e-11,75.4548198908621,88.00305714015649,-0.06354702015204437,0.013634715696246344,0.0649933015188627,False,282.1098394968262
2020-02-17 20:00:00,-215836.50842,56115.79646,3.253907165344266e-11,75.4262054465102,88.00325618451906,-0.06013629322078958,0.016075829105408397,0.062247940076464205,False,284.9665331156889
2020-02-17 20:30:00,-215775.53691,56208.54226,8.731149137020111e-11,75.39919811061873,88.00357539123216,-0.05762931243198401,0.019669531112436047,0.060893580167094105,False,288.84534902065
2020-02-17 21:00:00,-215715.68637,56298.71195,0.0,75.37289549693119,88.00389026715085,-0.05675789707677126,0.021060695061386463,0.06053934057326746,False,290.3579729625567
2020-02-17 21:30:00,-215650.57723,56387.10214,1.4551915228366852e-11,75.34668518373417,88.00425430973078,-0.05660104335659652,0.024924827695929026,0.06184597921229051,False,293.76676652148944
2020-02-17 22:00:00,-215577.32945,56473.14931,2.9999541770795335e-11,75.32051778991577,88.00469374980656,-0.055745258561511135,0.026998442444018275,0.06193908093031974,False,295.841750840817
2020-02-17 22:30:00,-215505.70003,56556.60431,7.275957614183426e-12,75.29508928416591,88.00512464871066,-0.054961816009036,0.02603561381978106,0.060816563582497,False,295.34708644445584
2020-02-17 23:00:00,-215436.44562,56640.73901,5.820766091346741e-11,75.26963604495074,88.00553303881273,-0.054095018224242036,0.02906711284927402,0.06140983672078529,False,298.2506666080217
2020-02-17 23:30:00,-215354.9805,56718.33854,7.275957614183426e-12,75.24499814166296,88.00606167445477,-0.053102938907967925,0.03321588935488921,0.06263559232816128,False,302.0259801368033
2020-02-18 00:00:00,-215272.12309,56795.15081,2.9999541770795335e-11,75.22045166995075,88.00660379422767,-0.052543423597271044,0.03351709380798107,0.06232340604183361,False,302.5335273122872
2020-02-18 00:30:00,-215190.05721,56870.4557,5.999908354159067e-11,75.19631905909755,88.00714214421147,-0.052774355664605296,0.035586688817445755,0.06365174810485551,False,303.9924900389253
2020-02-18 01:00:00,-215099.72009,56946.09858,2.9999541770795335e-11,75.17154422449225,88.00775096409762,-0.05315185145958869,0.03966200498153027,0.06631888081637922,False,306.73036464675647
2020-02-18 01:30:00,-215003.05862,57018.88791,8.9998625312386e-11,75.14704711996791,88.00842070032638,-0.05277215156245178,0.04123438738941434,0.06697144678077871,False,308.0028745606662
2020-02-18 02:00:00,-214907.53701,57091.67855,3.253907165344266e-11,75.12260862403933,88.00908020440929,-0.05409393002472047,0.04155102873788144,0.06821027235465055,False,307.52885298486564
2020-02-18 02:30:00,-214808.49004,57168.69211,2.9999541770795335e-11,75.09686837617578,88.00976012712655,-0.05684123304278638,0.043147126365004174,0.07136245712825469,False,307.2014595156817
2020-02-18 03:00:00,-214704.80484,57249.47515,0.0,75.06986328654945,88.01047108274838,-0.05825730249801008,0.04249229560683912,0.07210761735270173,False,306.10663843549145
2020-02-18 03:30:00,-214606.64791,57331.92625,1.4551915228366852e-11,75.04279125298243,88.01112991520816,-0.0582100756750087,0.04581758404572058,0.07407876833396265,False,308.20654701726
2020-02-18 04:00:00,-214491.36404,57409.35995,2.1827872842550278e-11,75.01580928810078,88.01194806780487,-0.06081420459208992,0.05205221946802568,0.0800487415998283,False,310.5609483069421
2020-02-18 04:30:00,-214369.02644,57494.96348,5.999908354159067e-11,74.98629638542585,88.01280783608762,-0.06586230652005068,0.05528937371197942,0.08599278031093094,False,310.0124215147848
2020-02-18 05:00:00,-214237.69492,57586.80866,2.9999541770795335e-11,74.95459824309114,88.01373034473265,-0.07121760245891516,0.061917716418402886,0.09437028402238619,False,311.0042151463554
2020-02-18 05:30:00,-214087.21059,57684.6958,5.999908354159067e-11,74.92007567384857,88.01480376900425,-0.0788812490957564,0.07201765630755795,0.1068119575653415,False,312.3957131241327
2020-02-18 06:00:00,-213913.47935,57793.55062,3.253907165344266e-11,74.88121053231538,88.01605182084062,-0.08971051434431376,0.08054025982279071,0.12055998439052637,False,311.9168443130665
2020-02-18 06:30:00,-213723.06725,57920.8514,2.9103830456733704e-11,74.83656105351045,88.01739993112413,-0.10088628616000123,0.086768103961824,0.13306669981737562,False,310.69745644990917
2020-02-18 07:00:00,-213516.98862,58062.38986,5.866064565124215e-11,74.78722908119092,88.01884875736273,-0.11062619734406826,0.09492038874238426,0.14576705985171712,False,310.63052168122215
2020-02-18 07:30:00,-213288.82453,58215.48304,7.275957614183426e-12,74.73342952479155,88.02045965923274,-0.11786236644344243,0.10285489680114401,0.156431030232567,False,311.11021260887696
2020-02-18 08:00:00,-213048.05392,58374.2233,1.4551915228366852e-11,74.67726580127787,88.02216432338155,-0.12333353179136719,0.1074695638713006,0.1635874910340633,False,311.0680290108226
2020-02-18 08:30:00,-212798.35729,58541.46268,7.275957614183426e-12,74.61826330291619,88.02392396338297,-0.13104669700304203,0.11532902654623384,0.17456809891703873,False,311.34973191688414
2020-02-18 09:00:00,-212522.60541,58718.96549,3.637978807091713e-11,74.55478222126243,88.02588191870365,-0.13163853560031147,0.11938387478223222,0.1777110396486785,False,312.20509679914545
2020-02-18 09:30:00,-212257.88945,58883.78861,2.9103830456733704e-11,74.49512077731731,88.02777257671616,-0.1303509296613807,0.11965292593804164,0.17694119799843308,False,312.5497307949508
2020-02-18 10:00:00,-211982.0872,59056.00284,3.253907165344266e-11,74.43271652196249,88.02973896190804,-0.13342475707078813,0.12557535172740686,0.18322482026423378,False,313.26409269549947
2020-02-18 10:30:00,-211693.49615,59225.17505,5.866064565124215e-11,74.37005316385068,88.03182062549841,-0.13369991958040928,0.13049795041597273,0.18682982513126106,False,314.30563279102097
2020-02-18 11:00:00,-211399.98793,59392.95122,1.4551915228366852e-11,74.30726085880426,88.03394569952708,-0.1368882496945167,0.13154419779408782,0.18984801520616026,False,313.85948520917657
2020-02-18 11:30:00,-211104.29731,59571.51669,3.253907165344266e-11,74.24146558888243,88.03606097792903,-0.13841491361113215,0.13013696997909496,0.18998505011004693,False,313.23445250979086
2020-02-18 12:00:00,-210813.77475,59745.2813,3.253907165344266e-11,74.17710482569196,88.03814085859769,-0.13876935926889766,0.13096408037632165,0.19081018164845404,False,313.3424940636792
2020-02-18 12:30:00,-210514.47603,59923.60382,2.9999541770795335e-11,74.11083109991962,88.04028266781403,-0.13882768613926655,0.13489112060975753,0.1935684397264669,False,314.17604111782225
2020-02-18 13:00:00,-210209.89192,60093.01742,3.253907165344266e-11,74.04627648137114,88.04248928106539,-0.13461462455180548,0.13703952210033574,0.19209614197248198,False,315.5114323008859
2020-02-18 13:30:00,-209906.93426,60253.95064,7.275957614183426e-12,73.98383255817336,88.04470035730941,-0.13142860035697262,0.13825199588005893,0.19075400744574844,False,316.4493752108366
2020-02-18 14:00:00,-209600.95959,60410.47312,2.9999541770795335e-11,73.92214108572702,88.04694600206817,-0.12614723055151722,0.14074961124812238,0.1890068169202244,False,318.1316274458618
2020-02-18 14:30:00,-209294.28625,60549.99113,5.866064565124215e-11,73.86455206805687,88.04923770738733,-0.12321782358525944,0.14457351558887238,0.18995824135534117,False,319.55954625258835
2020-02-18 15:00:00,-208977.72135,60691.94153,0.0,73.8054863335226,88.0516064209225,-0.12477153685359485,0.14972041250072762,0.19489519832000995,False,320.19340664097143
2020-02-18 15:30:00,-208651.40458,60831.02065,1.173212913024843e-10,73.7462840191896,88.05406408616994,-0.1250914280224017,0.1543757585515341,0.19869509353037698,False,320.9819817016222
2020-02-18 16:00:00,-208318.13791,60968.72144,5.820766091346741e-11,73.68676594219198,88.05658286108061,-0.12706899595523521,0.1591257979241935,0.20363582518329837,False,321.39108551403757
2020-02-18 16:30:00,-207973.12257,61109.14464,0.0,73.62552767420841,88.05919359605802,-0.13083716496140085,0.16297153134569925,0.2089930232431194,False,321.2417293938678
2020-02-18 17:00:00,-207622.45165,61255.23251,1.4551915228366852e-11,73.562262903697,88.0618363267604,-0.13326845204651638,0.16776536697086272,0.21425615199042214,False,321.53728299731637
2020-02-18 17:30:00,-207258.09117,61398.39877,4.1159031748919956e-11,73.49853733753251,88.06460165064946,-0.13534642336421837,0.17167544447646474,0.21861178502925674,False,321.7482678837555
2020-02-18 18:00:00,-206891.47765,61546.86555,5.999908354159067e-11,73.43311042211131,88.067370376545,-0.13637442550365575,0.17768757535203134,0.22398852284422066,False,322.4939212930499
2020-02-18 18:30:00,-206504.98421,61686.57273,3.637978807091713e-11,73.36821441910017,88.07032958955986,-0.13434892979958626,0.1848341132280854,0.22850226333913382,False,323.98801401509775
2020-02-18 19:00:00,-206115.48063,61819.83586,5.866064565124215e-11,73.30453235884151,88.07332871319866,-0.1332692482991648,0.18396796397231752,0.22716712858673976,False,324.07984472674565
2020-02-18 19:30:00,-205732.7876,61955.85317,1.4551915228366852e-11,73.24047226824783,88.07625994225565,-0.13503131953664732,0.17927156032325012,0.22443651573783813,False,323.0121290738304
2020-02-18 20:00:00,-205357.34316,62099.20202,0.0,73.17490287296208,88.07910762751905,-0.13593066675077717,0.17596188460743484,0.2223504688502164,False,322.3138911617001
2020-02-18 20:30:00,-204984.79857,62240.89935,3.253907165344266e-11,73.10978688100569,88.08193223850284,-0.13547490143026442,0.1752294492611945,0.22149223193132844,False,322.2913642846807
2020-02-18 21:00:00,-204612.03039,62382.59404,5.866064565124215e-11,73.04446213747751,88.0847562852607,-0.13628848581426115,0.17279284312726623,0.22007252895704202,False,321.7357714476509
2020-02-18 21:30:00,-204246.69951,62528.80113,0.0,72.97837117342938,88.0875023264232,-0.1374525292488783,0.16865450548191735,0.21757191918136826,False,320.82014814707065
2020-02-18 22:00:00,-203886.61841,62678.01235,2.1827872842550278e-11,72.91173328711719,88.0901929764529,-0.13914879049805653,0.16627937045255278,0.2168206976632289,False,320.0761478676206
2020-02-18 22:30:00,-203527.32307,62831.72502,8.731149137020111e-11,72.84381285644241,88.09286242200584,-0.1420464778619716,0.1682077211234455,0.2201613937967654,False,319.8198907594087
2020-02-18 23:00:00,-203157.1731,62988.00301,5.820766091346741e-11,72.77417626042525,88.09561521340747,-0.14702402576705303,0.1711401414889944,0.22562139123235653,False,319.33460045560787
2020-02-18 23:30:00,-202782.11179,63154.81805,8.761413176247367e-11,72.70123024603612,88.09837911743496,-0.15370036440830648,0.16831597719905397,0.22793435502292905,False,317.59874575099013
2020-02-19 00:00:00,-202414.11133,63336.11787,3.253907165344266e-11,72.62490701169799,88.10104085871315,-0.16059708468958428,0.16238883294855466,0.22838904675397,False,315.31784221699144
2020-02-19 00:30:00,-202051.5367,63532.01006,2.9103830456733704e-11,72.54504413112512,88.10361368116132,-0.1675794803622966,0.16291712989198326,0.23371964712179996,False,314.19177601936804
2020-02-19 01:00:00,-201673.65702,63735.69987,2.9103830456733704e-11,72.46170108713625,88.10629244659009,-0.17307305270833012,0.1671557927607853,0.24061450626939976,False,314.00361227997996
2020-02-19 01:30:00,-201289.99244,63944.77386,0.0,72.37625492979423,88.10900196524078,-0.17436617447202873,0.17057502421099333,0.2439249919229084,False,314.37030379489863
2020-02-19 02:00:00,-200898.3571,64148.03745,0.0,72.29140882677824,88.11179108163329,-0.18074613407882847,0.17702036569739119,0.252992835582512,False,314.40334523406784
2020-02-19 02:30:00,-200484.99273,64370.78457,2.9103830456733704e-11,72.19945714378842,88.11470797765232,-0.19392234074362144,0.1887102705716976,0.27058721414495646,False,314.2195878068201
2020-02-19 03:00:00,-200038.10489,64605.05404,5.820766091346741e-11,72.10142480771916,88.11787395408392,-0.20437977422670306,0.20454474038521114,0.28915332080439876,False,315.0231139581867
2020-02-19 03:30:00,-199558.14453,64844.63411,1.4551915228366852e-11,71.99889307506606,88.12130135585105,-0.21228804210648342,0.2158151306409979,0.3027249303162775,False,315.4720420859941
2020-02-19 04:00:00,-199063.02469,65091.78178,7.275957614183426e-12,71.89273039793166,88.1248306800032,-0.21728336653918454,0.22021773237668152,0.30936695206134956,False,315.38428305081993
2020-02-19 04:30:00,-198561.51059,65341.72094,2.1827872842550278e-11,71.784893140757,88.1284001137847,-0.21935294374678244,0.2228214501533769,0.3126741316112238,False,315.4494305982735
2020-02-19 05:00:00,-198054.22435,65591.1391,3.253907165344266e-11,71.67628167668757,88.13201342137127,-0.22122252145748345,0.2257846983650304,0.3160982980273612,False,315.5847431434934
2020-02-19 05:30:00,-197539.52271,65842.2005,0.0,71.56617551255,88.135678328293,-0.2247167726443534,0.2303194883165894,0.32178361457058313,False,315.70542892692026
2020-02-19 06:00:00,-197011.8113,66096.42543,5.820766091346741e-11,71.45366826486472,88.13943775511575,-0.22904267468225573,0.2323635263710254,0.3262719038059818,False,315.4123644209011
2020-02-19 06:30:00,-196484.18969,66357.86289,5.999908354159067e-11,71.33882595279194,88.143168550512,-0.2333158832924784,0.23028036690162176,0.3278190793362933,False,314.624846421216
2020-02-19 07:00:00,-195957.62964,66626.94588,5.820766091346741e-11,71.22161248318585,88.14686081668776,-0.2346022480231259,0.22896869422060395,0.3278183608503232,False,314.30374633347856
2020-02-19 07:30:00,-195431.90486,66892.1301,1.4551915228366852e-11,71.10502971911386,88.15054952287713,-0.23325714197589698,0.22862064378684982,0.3266133693654891,False,314.42486332197757
2020-02-19 08:00:00,-194907.01348,67154.89516,1.4551915228366852e-11,70.9886926476671,88.15423053970027,-0.23207611829333483,0.22808157919613786,0.32539288783055176,False,314.50263902150357
2020-02-19 08:30:00,-194383.43867,67414.55745,2.9103830456733704e-11,70.87282766195206,88.15790187934846,-0.22972570330703113,0.2236885070763572,0.32064068200707097,False,314.23715354158816
2020-02-19 09:00:00,-193875.20748,67672.3889,3.253907165344266e-11,70.75839373718631,88.16144134072532,-0.22605979183634983,0.21778238926347504,0.31389838890698624,False,313.9315903677708
2020-02-19 09:30:00,-193375.02463,67924.53629,0.0,70.6457637418753,88.16492231181071,-0.22342329812072387,0.21304859536846807,0.30871941003380254,False,313.63836645533075
2020-02-19 10:00:00,-192885.017,68177.07719,2.9103830456733704e-11,70.5335519349799,88.16830908482434,-0.21963213802321147,0.20912525976618557,0.3032682811058908,False,313.5962240579186
2020-02-19 10:30:00,-192401.71259,68419.12325,1.4551915228366852e-11,70.42432952470058,88.17166373995624,-0.21568191432466632,0.2060562347868205,0.2982915688739358,False,313.6925179097781
2020-02-19 11:00:00,-191925.93849,68660.11081,6.507814330688532e-11,70.31569915437416,88.17495142910707,-0.21271513864336652,0.20079329109642802,0.2925161123039234,False,313.34856478925303
2020-02-19 11:30:00,-191463.15696,68896.66329,5.999908354159067e-11,70.20909100359776,88.1781365126848,-0.20811355482042387,0.19453897758397293,0.28488008968583795,False,313.06912545257154
2020-02-19 12:00:00,-191013.29054,69127.93995,3.253907165344266e-11,70.1047488779554,88.1812225997673,-0.2047956999613455,0.18963457034872833,0.2791102810610964,False,312.798745762993
2020-02-19 12:30:00,-190570.32531,69357.60654,3.253907165344266e-11,70.00114674355564,88.1842494947433,-0.20121420800278333,0.18723923103727824,0.27485575697376,False,312.9396191583942
2020-02-19 13:00:00,-190132.13966,69578.10129,0.0,69.90010132679761,88.18725846621163,-0.19865213845161594,0.1854928567939989,0.27179086083420645,False,313.03804137775876
2020-02-19 13:30:00,-189697.45566,69799.71207,1.4551915228366852e-11,69.79876611456308,88.19022890240812,-0.19827773575577964,0.18407143569912435,0.27054824696673907,False,312.87213666416085
2020-02-19 14:00:00,-189263.75723,70019.16444,1.4551915228366852e-11,69.6977698981519,88.19319208635164,-0.19798982240580904,0.183970768666784,0.2702687801062697,False,312.8980233997212
2020-02-19 14:30:00,-188828.99663,70238.39747,5.820766091346741e-11,69.59639536737312,88.1961592349188,-0.19770390097167068,0.18227898073442397,0.2689097604717922,False,312.67542722700665
2020-02-19 15:00:00,-188400.59056,70457.47115,5.820766091346741e-11,69.49536370960772,88.19906792114371,-0.19771903966603077,0.1817163278102688,0.26853983398986925,False,312.5849779060767
2020-02-19 15:30:00,-187966.93655,70675.94201,0.0,69.39363954042926,88.2020168723056,-0.1978397814298071,0.18521057198941276,0.27100467725269856,False,313.1116363091163
2020-02-19 16:00:00,-187525.82757,70889.46412,0.0,69.29215104144184,88.20503824550785,-0.19757657933905298,0.18894601126573576,0.27338086962432584,False,313.72086915148464
2020-02-19 16:30:00,-187079.16598,71100.74341,2.9103830456733704e-11,69.19035611652124,88.20810757668188,-0.1987013100460996,0.18912885838148744,0.2743208626530635,False,313.5861085848907
2020-02-19 17:00:00,-186635.24989,71316.23863,2.9103830456733704e-11,69.08736387202248,88.21113479153202,-0.19821382362302092,0.1867944470734932,0.27236168110207815,False,313.30110059917683
2020-02-19 17:30:00,-186196.29929,71527.27674,2.9103830456733704e-11,68.98572949572986,88.21412901234442,-0.1976860086513192,0.18318666725595664,0.26951273268035786,False,312.8198748487122
2020-02-19 18:00:00,-185764.43356,71744.08896,3.253907165344266e-11,68.88293870194623,88.21703978700207,-0.19664734471357337,0.18006794678847457,0.26663578837717167,False,312.480014882288
2020-02-19 18:30:00,-185336.53735,71954.12096,0.0,68.78204765153393,88.2199336420412,-0.19357225653717286,0.17750655684511119,0.26263814693204746,False,312.52095170229865
2020-02-19 19:00:00,-184916.52378,72162.43595,0.0,68.68211728039171,88.22276179436821,-0.1908190672204374,0.16976974410731321,0.2554088534666338,False,311.6591579533706
2020-02-19 19:30:00,-184517.44925,72371.88071,2.9103830456733704e-11,68.58377503461134,88.22540628239406,-0.18833154127051782,0.15949203886597949,0.2467923821736722,False,310.26020996723355
2020-02-19 20:00:00,-184134.43471,72583.96254,1.4551915228366852e-11,68.48613439739871,88.22790308097848,-0.18644970678402606,0.15939673721144046,0.24529739703776374,False,310.52728917262175
2020-02-19 20:30:00,-183737.44658,72785.8971,0.0,68.38946147545809,88.2305445084172,-0.18413353127416393,0.16368781540846378,0.246371382779512,False,311.63589722400104
2020-02-19 21:00:00,-183342.4435,72983.22076,0.0,68.2939568012699,88.2331796381015,-0.18162036772256387,0.16167175781673604,0.243153686476748,False,311.67429817148854
2020-02-19 21:30:00,-182954.88027,73178.11301,0.0,68.19962697469661,88.23575607503385,-0.17981251801550707,0.15196182762548915,0.23542501712935254,False,310.2015742112661
2020-02-19 22:00:00,-182594.10535,73381.08659,2.9103830456733704e-11,68.10574681702475,88.23807816491109,-0.17784074400866007,0.1448904432704472,0.22939174087281441,False,309.1703992082373
2020-02-19 22:30:00,-182232.15903,73577.65851,1.4551915228366852e-11,68.01322188824064,88.24042669835522,-0.17455749478920352,0.14746113932467508,0.2285062506760243,False,310.1901598462799
2020-02-19 23:00:00,-181866.58362,73765.0396,1.4551915228366852e-11,67.92253806888732,88.24283167559852,-0.17109832808056671,0.1470042793485824,0.22557680736006816,False,310.66851585541065
2020-02-19 23:30:00,-181510.2352,73949.53784,2.9103830456733704e-11,67.83340416301583,88.24516546449412,-0.16806147369651997,0.1427606937561601,0.22051139340810988,False,310.34641013425005
2020-02-20 00:00:00,-181162.35485,74131.43474,0.0,67.74567659626274,88.24743363965725,-0.1664722549108767,0.1375735028795269,0.21596175668311068,False,309.5704972409801
2020-02-20 00:30:00,-180824.89588,74316.6314,0.0,67.65798844296744,88.24960015304748,-0.1664729706014722,0.13361504831473184,0.2134624816613607,False,308.75133215425126
2020-02-20 01:00:00,-180489.63421,74502.89846,0.0,67.57003885978231,88.25174071184395,-0.16689508926466967,0.13094444208900513,0.21213301896372208,False,308.1174237275334
2020-02-20 01:30:00,-180159.91285,74692.13504,1.4551915228366852e-11,67.48169133913494,88.25382113048259,-0.16489981190400532,0.12864082028244003,0.20914207756669956,False,307.95832803363544
2020-02-20 02:00:00,-179834.48465,74873.91699,3.253907165344266e-11,67.39564282859675,88.2558875559601,-0.16286347787905114,0.12566575966363946,0.2057094931662119,False,307.6538439968148
2020-02-20 02:30:00,-179516.912,75059.51821,5.999908354159067e-11,67.30924511518026,88.25787194957654,-0.1637847524329467,0.12694669752144663,0.2072218838374058,False,307.7786378165524
2020-02-20 03:00:00,-179185.39669,75241.61116,2.9103830456733704e-11,67.22201280209036,88.25997964246298,-0.16599251903055406,0.13464372294179536,0.21373452809907856,False,309.0470056572002
2020-02-20 03:30:00,-178838.63954,75422.82387,0.0,67.1330602400975,88.2622121065453,-0.16790847890474297,0.14016257931209833,0.2187208401765245,False,309.8536371434043
2020-02-20 04:00:00,-178485.57425,75602.49823,5.820766091346741e-11,67.04357053143778,88.2644977533116,-0.16702217768342903,0.143493729515379,0.22019731662385825,False,310.66685752531794
2020-02-20 04:30:00,-178128.45637,75775.00216,3.253907165344266e-11,66.95532842418277,88.2668376793449,-0.16673833465069693,0.14439832255691695,0.22057322548156028,False,310.8931372155495
2020-02-20 05:00:00,-177772.25286,75951.36728,5.820766091346741e-11,66.86590205196599,88.26915236993247,-0.16384246287619147,0.14486318491853734,0.2187000113993562,False,311.48187347756624
2020-02-20 05:30:00,-177417.14828,76112.51312,5.999908354159067e-11,66.78051589640484,88.27150752079227,-0.15942900436994514,0.14424840829918784,0.2150004900720954,False,312.1382110556346
2020-02-20 06:00:00,-177068.7406,76274.08888,0.0,66.69556698076481,88.27380222569758,-0.1574494425745357,0.14058193913466688,0.21107725736775906,False,311.76072080170434
2020-02-20 06:30:00,-176728.10008,76432.86815,0.0,66.61207339934326,88.27603923146911,-0.1535897124692283,0.13739198064797276,0.20607366673777885,False,311.8138722064715
2020-02-20 07:00:00,-176395.28231,76585.24464,2.9103830456733704e-11,66.53104120386503,88.27823114860354,-0.14872429689553351,0.13439875420437214,0.20045433798937362,False,312.10340170134384
2020-02-20 07:30:00,-176071.0622,76731.29601,4.1159031748919956e-11,66.45255710949596,88.28037166667058,-0.14572733081824052,0.13177267819322708,0.1964700833858038,False,312.1211901356881
2020-02-20 08:00:00,-175750.81323,76876.65844,2.9103830456733704e-11,66.37454142611834,88.28247884369436,-0.14633018838344292,0.12925180854948104,0.19523973480223125,False,311.4537985200395
2020-02-20 08:30:00,-175433.64166,77027.45731,0.0,66.29521562801635,88.28453802751605,-0.14670399225765726,0.12879651293217137,0.19521937170225126,False,311.2810171088688
2020-02-20 09:00:00,-175113.94304,77173.82805,0.0,66.2166073965434,88.28663061048508,-0.14539461596090544,0.13098382354997967,0.19569454867775798,False,312.01521385967243
2020-02-20 09:30:00,-174791.05972,77316.26387,2.9103830456733704e-11,66.13849963896719,88.28876029149892,-0.1437281783392416,0.1327522244078983,0.1956551617871653,False,312.7266172465117
2020-02-20 10:00:00,-174467.57272,77453.69663,2.9103830456733704e-11,66.06149636629334,88.2909099014242,-0.14052878517294826,0.13490082825826874,0.1947988011435172,False,313.8294166780839
2020-02-20 10:30:00,-174141.91765,77581.59792,5.820766091346741e-11,65.98665073734996,88.29310888147951,-0.1357970323997762,0.13910628888088092,0.1944000864577919,False,315.6896870904678
2020-02-20 11:00:00,-173811.18737,77696.4614,0.0,65.91457074488208,88.29539407239884,-0.13053806725388464,0.14418170739129338,0.19449563426629468,False,317.8431926373746
2020-02-20 11:30:00,-173476.27289,77798.79618,0.0,65.84522632567764,88.29775665066073,-0.12551801450068928,0.14924957362614766,0.19501335131672937,False,319.9363617078733
2020-02-20 12:00:00,-173136.02851,77888.8984,2.9103830456733704e-11,65.7783959327847,88.3002051896939,-0.11993021634941824,0.1550359976851461,0.19600871759145533,False,322.27576592624433
2020-02-20 12:30:00,-172790.14572,77963.55405,2.9103830456733704e-11,65.71492729862351,88.30275431474537,-0.11306192510008166,0.1593960174198354,0.1954228473762496,False,324.6513649306801
2020-02-20 13:00:00,-172445.58129,78023.90282,1.4551915228366852e-11,65.655377993317,88.30534340710524,-0.10384150036846947,0.16397672494923454,0.19409127626931552,False,327.65515650696284
2020-02-20 13:30:00,-172098.21748,78060.80095,2.9103830456733704e-11,65.60177065955267,88.308040236685,-0.09321825962289747,0.1700743960083219,0.19394572463634616,False,331.27272739286923
2020-02-20 14:00:00,-171749.36866,78076.60623,3.253907165344266e-11,65.55363676265301,88.31082585332632,-0.08409740546190124,0.17373576835145954,0.193019405268215,False,334.17053473145063
2020-02-20 14:30:00,-171403.55007,78077.57326,3.253907165344266e-11,65.50983363811766,88.31364066263974,-0.07560756379791303,0.17512622394342026,0.19075035521889983,False,336.6486056662469
2020-02-20 15:00:00,-171062.80301,78062.95872,5.999908354159067e-11,65.4708449829075,88.31647109762295,-0.06769022446215327,0.17404955882446327,0.18674907071984853,False,338.7482692422778
2020-02-20 15:30:00,-170732.35301,78039.13762,2.9103830456733704e-11,65.43558733960809,88.31925116714105,-0.05995230447151806,0.17342063980685912,0.1834911363594056,False,340.92949938723217
2020-02-20 16:00:00,-170405.26932,77999.71594,0.0,65.40497793293721,88.3220613340279,-0.053009573273792555,0.1722058063401557,0.18018006159376457,False,342.8902285736666
2020-02-20 16:30:00,-170089.23229,77954.63759,0.0,65.37725009103544,88.32480220604857,-0.050474089149896484,0.1687421679231121,0.1761293641358631,False,343.3470453354499
2020-02-20 17:00:00,-169777.32786,77911.80207,0.0,65.34933482463643,88.32750067596282,-0.05162708289086802,0.16387574055783716,0.17181563965832714,False,342.5135928411025
2020-02-20 17:30:00,-169475.52509,77877.49726,0.0,65.32024377575222,88.33008466408256,-0.0516263537016248,0.15717245089521806,0.16543415523081986,False,341.8162263559081
2020-02-20 18:00:00,-169185.58854,77844.42392,2.9103830456733704e-11,65.29224440984531,88.33256708700975,-0.05220723393648251,0.14745397911720592,0.15642337176009222,False,340.50309321933145
2020-02-20 18:30:00,-168914.72822,77826.35368,2.9103830456733704e-11,65.26242269568101,88.33483775963825,-0.052098825930966576,0.1387798275298514,0.1482367302411938,False,339.4235467006451
2020-02-20 19:00:00,-168653.34305,77805.70132,0.0,65.23446732766963,88.33704062730077,-0.055620977827730976,0.13072755604272648,0.14206824797757286,False,336.95158228689536
2020-02-20 19:30:00,-168403.51219,77811.0283,5.820766091346741e-11,65.20065007800513,88.33905161790528,-0.0648314739482329,0.1228442482420494,0.13890222942938912,False,332.176994513881
2020-02-20 20:00:00,-168153.99117,77832.07798,5.820766091346741e-11,65.16237891853265,88.34100037989947,-0.07203927078939251,0.12199458279974132,0.14167686744260816,False,329.4376374566565
2020-02-20 20:30:00,-167896.01923,77861.90417,0.0,65.12045220597643,88.34298398814848,-0.07962576334466451,0.12111029781402345,0.1449412516325907,False,326.67648649375315
2020-02-20 21:00:00,-167637.85888,77908.6985,0.0,65.07363091708012,88.34490420921517,-0.08715779796187359,0.12033843453113473,0.14858607125490256,False,324.08522579788405
2020-02-20 21:30:00,-167370.91653,77963.86352,1.4551915228366852e-11,65.0231956645653,88.34686295699942,-0.09316879863954503,0.12060378729549867,0.1523997983921041,False,322.3132077692887
2020-02-20 22:00:00,-167102.66335,78029.40806,3.253907165344266e-11,64.9695466284378,88.3487917351601,-0.0982653238025174,0.12156944145208458,0.15631763482405117,False,321.0511787884009
2020-02-20 22:30:00,-166824.69552,78099.2254,3.253907165344266e-11,64.9132873901842,88.3507816215936,-0.10656885972182155,0.12676610469206526,0.16560968317465294,False,319.94713548764946
2020-02-20 23:00:00,-166526.69228,78183.37441,3.253907165344266e-11,64.85020043387578,88.35287777856199,-0.11481696992200213,0.13241394870351111,0.17526092089603437,False,319.0712350554936
2020-02-20 23:30:00,-166217.53133,78270.79482,4.1159031748919956e-11,64.7845475100308,88.35504984167872,-0.11572084873603633,0.13478790803204074,0.17764879674189318,False,319.35258116404026
2020-02-21 00:00:00,-165910.21373,78353.55099,2.9103830456733704e-11,64.72028390306015,88.35722264903366,-0.1118577855011432,0.13707468816828444,0.1769226789127165,False,320.78434046459654
2020-02-21 00:30:00,-165599.3571,78424.18909,0.0,64.65880104641505,88.35946846621097,-0.10698071374771101,0.13949789807182275,0.17579686197548106,False,322.51545943860094
2020-02-21 01:00:00,-165291.50585,78486.68008,3.253907165344266e-11,64.59985783288768,88.36171937193974,-0.10368463876913049,0.1377565700152338,0.17241628954088734,False,323.03247972004357
2020-02-21 01:30:00,-164991.26511,78548.65168,3.253907165344266e-11,64.5419253131848,88.36390900984014,-0.09772788542664455,0.13848679539751613,0.16949729227759616,False,324.7900013813893
2020-02-21 02:00:00,-164690.13262,78590.03569,1.4551915228366852e-11,64.48955063470424,88.36618357571005,-0.09234392919761748,0.1396033809530576,0.16738131685818197,False,326.51642248545164
2020-02-21 02:30:00,-164394.5173,78632.23373,0.0,64.43754760119596,88.36840906148947,-0.09047087123767904,0.1391269751300308,0.16595569815868605,False,326.96503489649166
2020-02-21 03:00:00,-164097.76595,78667.73315,2.9103830456733704e-11,64.387149702173,88.37066830042575,-0.08681379978152037,0.1409276184255212,0.16552108466172885,False,328.36622724001427
2020-02-21 03:30:00,-163801.92845,78694.73612,3.253907165344266e-11,64.33915125459589,88.37295184521402,-0.08446983580432077,0.14115384544566467,0.16449790650615437,False,329.10268921845136
2020-02-21 04:00:00,-163508.04499,78721.78038,2.9103830456733704e-11,64.29127381613658,88.3752183192706,-0.08430707900091523,0.14106046111233508,0.16433422424708483,False,329.1346631869478
2020-02-21 04:30:00,-163212.71961,78747.90846,4.1159031748919956e-11,64.2433254433829,88.37749884791867,-0.08531315663880511,0.139173346914164,0.16324078898047367,False,328.4917342396818
2020-02-21 05:00:00,-162923.33662,78780.67382,2.9103830456733704e-11,64.19416927405138,88.37970446331202,-0.08585494813830238,0.137438870758226,0.1620509651780172,False,328.0079128005609
2020-02-21 05:30:00,-162632.73327,78810.77438,3.253907165344266e-11,64.14547068852724,88.38192912084529,-0.08600150267145293,0.13714205466502702,0.16187711888804168,False,327.90825928210705
2020-02-21 06:00:00,-162344.02856,78843.98752,3.253907165344266e-11,64.09601250250532,88.38412513783074,-0.08623942147332948,0.1346703972093126,0.15991670863474083,False,327.36555743343183
2020-02-21 06:30:00,-162061.00056,78878.24565,5.999908354159067e-11,64.0469108179337,88.38627014872512,-0.08627605467409397,0.13358739081427107,0.159025622447114,False,327.1440163172196
2020-02-21 07:00:00,-161775.68616,78912.79364,2.9103830456733704e-11,63.99727647040613,88.38843123283411,-0.08794307215149785,0.1337441448576517,0.16006711162243192,False,326.67319689367764
2020-02-21 07:30:00,-161489.46054,78951.70577,2.9103830456733704e-11,63.946131617819454,88.39058127099717,-0.08805717957073357,0.1338990869949911,0.16025926610353802,False,326.6695447758035
2020-02-21 08:00:00,-161203.39926,78985.8676,1.4551915228366852e-11,63.896234557512145,88.392747416616,-0.08893613249456617,0.1350210428732222,0.1616796761552408,False,326.62776321708225
2020-02-21 08:30:00,-160912.09091,79025.34562,4.1159031748919956e-11,63.84393855293452,88.39493352818629,-0.08990820002847258,0.13716942499188303,0.1640089497099584,False,326.7570162676236
2020-02-21 09:00:00,-160617.47787,79058.71216,0.0,63.79278774474574,88.39716901326909,-0.08734455256335605,0.13792395191313853,0.16325467029714838,False,327.65471608254734
2020-02-21 09:30:00,-160327.74341,79088.1871,1.4551915228366852e-11,63.743304386427255,88.39937945714472,-0.08418440080174676,0.13652387238716138,0.16039258421116315,False,328.3408666400962
2020-02-21 10:00:00,-160042.62946,79113.07601,4.1159031748919956e-11,63.69566076353296,88.40156981278102,-0.08116825883570378,0.13496582634200344,0.15749304912471418,False,328.97735790859383
2020-02-21 10:30:00,-159762.68982,79134.82469,5.820766091346741e-11,63.649528846145635,88.40373002367363,-0.07810632625499575,0.13389317021586597,0.1550096101262973,False,329.7429316393471
2020-02-21 11:00:00,-159485.89149,79151.095,0.0,63.605300499470545,88.40588580893699,-0.07461549500721697,0.13279144134856247,0.15231887273283218,False,330.66837299632687
2020-02-21 11:30:00,-159215.06211,79162.92018,2.9103830456733704e-11,63.56309132716325,88.40801050559638,-0.07233282975488968,0.1322878548443587,0.15077173077096373,False,331.3308847942556
2020-02-21 12:00:00,-158943.52513,79172.23594,2.9103830456733704e-11,63.52139232916601,88.41015002482925,-0.07001324654464426,0.1336863010879333,0.15091017788835417,False,332.35836694575096
2020-02-21 12:30:00,-158671.89739,79173.94719,0.0,63.48176640237926,88.41231982858045,-0.064365291245585,0.1343332367334816,0.14895740736338892,False,334.3987552745183
2020-02-21 13:00:00,-158407.34714,79163.65396,2.9103830456733704e-11,63.44653003552984,88.41448023858223,-0.059694579712783455,0.132511984903943,0.14533708745626037,False,335.7491793805333
2020-02-21 13:30:00,-158149.10635,79152.92552,2.9103830456733704e-11,63.412238536214545,88.41659127067737,-0.05673262758691244,0.12871008822353722,0.1406587282873908,False,336.21315077640463
2020-02-21 14:00:00,-157901.58065,79138.90978,1.4551915228366852e-11,63.38036640010874,88.41862915087515,-0.05535402365491625,0.12657843456184933,0.1381526982397282,False,336.37975696895296
2020-02-21 14:30:00,-157652.43796,79126.90153,0.0,63.347593651638256,88.42067141693754,-0.057000640591174115,0.12730327028523555,0.1394818828849107,False,335.8793256987367
2020-02-21 15:00:00,-157399.936,79116.72914,1.4551915228366852e-11,63.31371189774568,88.42273265685621,-0.059335923078889706,0.1277975738468491,0.14090057362823177,False,335.0947387276144
2020-02-21 15:30:00,-157145.44094,79111.13656,1.4551915228366852e-11,63.27811743371361,88.42479084457439,-0.06244188226531093,0.13051860198724602,0.14468619189660115,False,334.43291057353696
2020-02-21 16:00:00,-156879.1715,79106.23174,5.820766091346741e-11,63.24050087586759,88.42693978674194,-0.06623787249094917,0.13429245158155853,0.1497395014814477,False,333.7458255221502
2020-02-21 16:30:00,-156606.3997,79106.38232,1.4551915228366852e-11,63.2003505127503,88.42911960879115,-0.06950062095879124,0.13623795661034135,0.15294154809932722,False,332.9719897475487
2020-02-21 17:00:00,-156328.5863,79108.42619,2.9103830456733704e-11,63.158791754686845,88.43133128132467,-0.07105592968838147,0.13954898707754745,0.15659778075774164,False,333.01559281272915
2020-02-21 17:30:00,-156042.64945,79107.7913,3.253907165344266e-11,63.116695199928856,88.43361784734901,-0.07240422496472536,0.1426134371123884,0.15994050218050374,False,333.0832920696424
2020-02-21 18:00:00,-155752.80059,79108.76187,2.9103830456733704e-11,63.073425096724286,88.4359282855206,-0.07601012822984538,0.14239429711014268,0.16141150963611336,False,331.9066838732911
2020-02-21 18:30:00,-155461.68849,79119.62332,2.9103830456733704e-11,63.02694337423465,88.43820774176048,-0.07416320419994443,0.14421513638419411,0.1621671557976965,False,332.7853275361408
2020-02-21 19:00:00,-155169.00402,79111.22375,4.1159031748919956e-11,62.9857353557968,88.44057705040939,-0.07008398584137253,0.1459113557573183,0.1618699750118978,False,334.3441446144715
2020-02-21 19:30:00,-154879.12035,79105.80879,1.4551915228366852e-11,62.943945983524785,88.44291105985643,-0.06976856308135643,0.14239411540381725,0.15856776625806657,False,333.89662347058356
2020-02-21 20:00:00,-154598.23897,79101.73256,6.507814330688532e-11,62.90299090589161,88.4451670196933,-0.0679642140840244,0.1367899969527081,0.15274369925591363,False,333.5794810657751
2020-02-21 20:30:00,-154329.28136,79099.31655,3.253907165344266e-11,62.8632256475782,88.44732039021049,-0.06735350270280628,0.13225874425908365,0.14842125777437215,False,333.0122770922222
2020-02-21 21:00:00,-154063.92425,79100.34257,2.9103830456733704e-11,62.822880979690254,88.44943025409296,-0.06760712163876802,0.1269500131712865,0.1438298603923017,False,331.9625048539603
2020-02-21 21:30:00,-153811.55224,79107.09156,0.0,62.78270786985031,88.45141251545903,-0.06739821190929589,0.11981930004928136,0.13747430171806682,False,330.6422988991018
2020-02-21 22:00:00,-153569.36206,79118.82662,2.9103830456733704e-11,62.742508352889395,88.45329252232781,-0.06459910690347258,0.11705632139134454,0.13369826846447946,False,331.10729873143157
2020-02-21 22:30:00,-153330.43448,79120.82629,0.0,62.705580703949266,88.45518578047954,-0.06629633642304929,0.10752125082077416,0.12631715481747505,False,328.3425054539864
2020-02-21 23:00:00,-153115.93815,79153.42176,1.4551915228366852e-11,62.663256216157485,88.45675827207823,-0.07173573860946851,0.09568925629809219,0.1195928508094358,False,323.14206183430485
2020-02-21 23:30:00,-152905.83105,79192.04201,2.9103830456733704e-11,62.61973694312985,88.45827021257317,-0.07129044739905484,0.09147987076834346,0.11597799207673076,False,322.0706418387827
2020-02-22 00:00:00,-152705.47415,79229.86062,0.0,62.57786483011676,88.45970707502441,-0.07049623803309085,0.08781310880997384,0.11260933200978732,False,321.2425530874341
2020-02-22 00:30:00,-152508.34518,79271.72231,0.0,62.535214945794586,88.461100771811,-0.07142684720933436,0.08634909131411957,0.11206230442499278,False,320.4028890836486
2020-02-22 01:00:00,-152311.06041,79314.64838,0.0,62.4921487784685,88.46249044958942,-0.07259854109079796,0.08656787458740732,0.11298028624097818,False,320.0157454980298
2020-02-22 01:30:00,-152111.22103,79359.59104,4.1159031748919956e-11,62.44801304310592,88.46389118470738,-0.07203162389662693,0.08407164390968777,0.11070951246782029,False,319.41040914013456
2020-02-22 02:00:00,-151922.78001,79404.55843,2.9103830456733704e-11,62.40555427108286,88.4652004541644,-0.06976121412376438,0.0813064912957386,0.10713249984409828,False,319.37030721001884
2020-02-22 02:30:00,-151735.48235,79446.58065,3.253907165344266e-11,62.36407326449557,88.46651204189497,-0.06535053440320236,0.0800958484629135,0.10337329097875397,False,320.7888520277053
2020-02-22 03:00:00,-151558.20478,79479.23068,2.9103830456733704e-11,62.32685829535421,88.46778234615152,-0.06333980672308068,0.07882147014182853,0.10111753196669894,False,321.21513884017776
2020-02-22 03:30:00,-151378.28348,79516.73616,0.0,62.28772930154864,88.4690527425361,-0.06641471426927181,0.07696788212163405,0.10166105030816262,False,319.2094626104693
2020-02-22 04:00:00,-151201.71783,79562.04526,2.9103830456733704e-11,62.24674342837201,88.47026329723444,-0.06782815903470446,0.07449633656998166,0.10074901151070986,False,317.6824563347776
2020-02-22 04:30:00,-151027.24189,79607.94203,2.9103830456733704e-11,62.2058452134725,88.47145406173858,-0.070068700425068,0.07076494086440135,0.09958563970171676,False,315.2832513123458
2020-02-22 05:00:00,-150858.73334,79666.39967,0.0,62.16208863507289,88.472544280195,-0.06895502381824876,0.06552283795928165,0.0951211732686973,False,313.5379966646716
2020-02-22 05:30:00,-150702.73761,79717.30171,0.0,62.122480561223135,88.47356620708484,-0.06698450127104993,0.06137678080571759,0.0908517068227361,False,312.49850937514174
2020-02-22 06:00:00,-150550.66417,79776.24342,0.0,62.0810480316854,88.47452266629969,-0.06978049041032118,0.05713072166180342,0.0901844565294008,False,309.3078917409552
2020-02-22 06:30:00,-150403.38288,79842.97385,0.0,62.03800475092586,88.4754077282064,-0.07124243646565706,0.05478722362264431,0.08987282473495989,False,307.56118888268225
2020-02-22 07:00:00,-150256.19906,79910.29503,0.0,61.99475130272555,88.47628867428483,-0.06959299535637516,0.052169872435127454,0.08697632202254775,False,306.8567889752912
2020-02-22 07:30:00,-150119.92399,79975.98479,2.9103830456733704e-11,61.953660691459135,88.47708941480604,-0.06782345295679675,0.04717691514094874,0.0826176863219922,False,304.8218604905405
2020-02-22 08:00:00,-149991.50394,80045.9318,0.0,61.91250746595058,88.47780937413508,-0.06674675363888971,0.04106116915694691,0.07836548177524365,False,301.5989365944864
2020-02-22 08:30:00,-149876.38024,80118.37766,0.0,61.872685754872414,88.47841300572067,-0.06727669036608154,0.03577948556369121,0.0761992431315167,False,298.0052015512405
2020-02-22 09:00:00,-149763.73044,80198.80168,0.0,61.83085423437422,88.47896265211516,-0.06556078734107162,0.031993001401378715,0.07295045562194823,False,296.01190806351633
2020-02-22 09:30:00,-149663.42814,80272.07063,0.0,61.79308883747073,88.47944434310047,-0.0625386855894595,0.026129550306487302,0.06777787688085635,False,292.6758643218616
2020-02-22 10:00:00,-149574.42111,80352.74372,1.4551915228366852e-11,61.75490227646655,88.47980490455318,-0.057670746239319115,0.023576043788239524,0.062303650073690924,False,292.23495050832673
2020-02-22 10:30:00,-149490.40773,80414.79887,1.4551915228366852e-11,61.723030280992134,88.48020439559582,-0.05249875304814066,0.024447718897640382,0.057912088814924476,False,294.97054311089823
2020-02-22 11:00:00,-149407.37831,80477.49179,2.9103830456733704e-11,61.69110950354075,88.48059295139971,-0.05666778062139195,0.023310416559568777,0.06127489600753985,False,292.3599239117701
2020-02-22 11:30:00,-149319.78268,80554.60901,3.253907165344266e-11,61.65415309764577,88.48095570308179,-0.05943519354920865,0.01964305125289226,0.06259705819569834,False,288.28847708010755
2020-02-22 12:00:00,-149243.55241,80632.22844,5.820766091346741e-11,61.61885463456502,88.48122615304017,-0.05647352625629064,0.01768036314367029,0.05917646836971604,False,287.3839541921219
2020-02-22 12:30:00,-149167.14592,80703.22278,7.275957614183426e-11,61.58548376950588,88.48152564232085,-0.052668538929688286,0.017386553374760107,0.05546410759438461,False,288.26871263351063
2020-02-22 13:00:00,-149098.27754,80769.20886,3.253907165344266e-11,61.55480095709736,88.48178663079003,-0.04832285921370217,0.016121975704561444,0.05094130763148655,False,288.45026697033313
2020-02-22 13:30:00,-149033.25232,80828.53807,3.253907165344266e-11,61.5267043438984,88.48204535298979,-0.04685728555747394,0.01726575060169034,0.049937073939653555,False,290.22759418157545
2020-02-22 14:00:00,-148963.21834,80887.85755,5.999908354159067e-11,61.497793171205615,88.48234316396707,-0.04522792683275341,0.013149320830332586,0.047100636979640884,False,286.21097294640174
2020-02-22 14:30:00,-148913.95538,80949.03542,2.9103830456733704e-11,61.47167243689838,88.48246924346282,-0.04230384789206497,0.003964356784552699,0.042489194758081716,False,275.35363802099437
2020-02-22 15:00:00,-148877.945,81014.84399,0.0,61.44631377918877,88.48247096003712,-0.04172122849328385,-0.005729442868747664,0.04211279404854353,False,262.1806631179935
2020-02-22 15:30:00,-148860.28144,81090.82225,0.0,61.420903012706574,88.48228456009842,-0.04440113527056058,-0.01995522315276424,0.04867927427962784,False,245.79939692088678
2020-02-22 16:00:00,-148864.56593,81189.57792,4.1159031748919956e-11,61.39229202464281,88.48182768375567,-0.05013957843488942,-0.031850248282525896,0.05940046835915498,False,237.57499411438565
2020-02-22 16:30:00,-148874.51798,81304.18951,2.9103830456733704e-11,61.35991513663205,88.48125784656271,-0.06183095928998865,-0.033271176450808834,0.07021423437694874,False,241.7153503314743
2020-02-22 17:00:00,-148862.99787,81442.3443,3.253907165344266e-11,61.31710906956725,88.480755039626,-0.07361925155297332,-0.029864629825809598,0.07944614725619235,False,247.9194101731501
2020-02-22 17:30:00,-148841.63384,81588.29889,5.820766091346741e-11,61.270425463013275,88.4802951099611,-0.08439486732219337,-0.02240034981627178,0.08731706191931775,False,255.1351225595631
2020-02-22 18:00:00,-148787.67227,81747.52717,5.999908354159067e-11,61.21454743309611,88.48003276850551,-0.0953253739083241,-0.013737215692816777,0.09631011372515749,False,261.7996352397213
2020-02-22 18:30:00,-148719.72904,81912.87783,2.9103830456733704e-11,61.154602956505784,88.47985219546084,-0.09697065629463283,-0.009958984247686035,0.09748071373075534,False,264.13622401670636
2020-02-22 19:00:00,-148650.6564,82070.60443,3.253907165344266e-11,61.096740654197454,88.47971180735358,-0.10003318883091819,-0.007755220119284548,0.10033335590311276,False,265.5669276615971
2020-02-22 19:30:00,-148570.11285,82241.63381,2.9103830456733704e-11,61.03308790251225,88.47960205070778,-0.10856761294425415,-0.004683001867457043,0.10866856531170359,False,267.5301103813169
2020-02-22 20:00:00,-148476.11896,82420.71794,5.999908354159067e-11,60.96486601778638,88.47956071588418,-0.11250646788041499,-0.0031475426899762807,0.11255048795945788,False,268.3974798313991
2020-02-22 20:30:00,-148383.44356,82601.25421,3.253907165344266e-11,60.896436231490064,88.47950058619881,-0.11499446862267657,-0.002490368391703038,0.11502143169226393,False,268.75937252104086
2020-02-22 21:00:00,-148282.59668,82786.79036,3.253907165344266e-11,60.8251952854649,88.47948035038276,-0.11897374600641569,-0.002453755557410557,0.11899904686649652,False,268.8184795951389
2020-02-22 21:30:00,-148182.36789,82979.5295,1.4551915228366852e-11,60.7519379524564,88.47942142432277,-0.12227074070209268,-0.005758844977148236,0.12240628385548354,False,267.3034116766284
2020-02-22 22:00:00,-148085.61977,83180.97768,3.253907165344266e-11,60.67669991985643,88.47929465155156,-0.12269662675158569,-0.008975808173475978,0.12302449897717516,False,265.8160099572781
2020-02-22 22:30:00,-147994.21985,83380.46624,2.9103830456733704e-11,60.60293594294907,88.47913214883928,-0.11947658427866253,-0.009378075586777342,0.1198440757509843,False,265.511884575346
2020-02-22 23:00:00,-147903.90752,83572.28317,3.253907165344266e-11,60.53162091541073,88.47899244081073,-0.11711400812499181,-0.006903224965683755,0.1173172852312373,False,266.62663300389704
2020-02-22 23:30:00,-147808.44798,83759.75738,1.4551915228366852e-11,60.46073746213298,88.47890964439131,-0.11871668541705967,0.0011070290308939496,0.11872184680878389,False,270.534265698868
2020-02-23 00:00:00,-147689.73337,83942.14671,3.253907165344266e-11,60.387477494974924,88.47902804544084,-0.1181980884159134,0.006801925280618126,0.11839364126801401,False,273.2935579887187
2020-02-23 00:30:00,-147576.89976,84117.59316,2.9103830456733704e-11,60.31722310000056,88.47912899769508,-0.1174966443583465,0.0061939077543295765,0.11765978892017825,False,273.01758903810423
2020-02-23 01:00:00,-147460.89867,84298.58838,5.820766091346741e-11,60.244804280305424,88.4792276284256,-0.11884810743321936,0.010169336401645489,0.11928238781692745,False,274.8906482322325
2020-02-23 01:30:00,-147332.77549,84470.86636,5.999908354159067e-11,60.172893371406616,88.47945681322653,-0.11659361252144967,0.014648708936601397,0.11751023425349476,False,277.1610642115578
2020-02-23 02:00:00,-147206.3785,84636.49318,3.253907165344266e-11,60.10319680424907,88.47969988774209,-0.11815160149229702,0.020109517418300804,0.11985071391523501,False,279.65923636029333
2020-02-23 02:30:00,-147058.00605,84803.5249,0.0,60.02936249599336,88.4801048861651,-0.12121945846959861,0.021001832872644087,0.12302533924226024,False,279.8291862721263
2020-02-23 03:00:00,-146922.88058,84976.76008,1.4551915228366852e-11,59.95591512861165,88.48037687430947,-0.1204322861479022,0.01705651485625096,0.12163412451220959,False,278.06104213943365
2020-02-23 03:30:00,-146787.78579,85148.08607,0.0,59.88300437397358,88.48065470425216,-0.11906173013806809,0.023151234498153178,0.12129169486101936,False,281.0036996799306
2020-02-23 04:00:00,-146635.71878,85305.69991,0.0,59.811187522145204,88.48112316807367,-0.11914088757597738,0.030314260046558877,0.12293699790771725,False,284.27544492136997
2020-02-23 04:30:00,-146477.77912,85463.94505,2.9103830456733704e-11,59.73814238918779,88.48163181320729,-0.12306718702007072,0.03617751679425621,0.12827449178395425,False,286.3815208045969
2020-02-23 05:00:00,-146299.95507,85622.73468,2.9103830456733704e-11,59.66149514378544,88.48228918974357,-0.1252640304906787,0.03878688204706215,0.13113161157288655,False,287.2046694882165
2020-02-23 05:30:00,-146129.48958,85782.61113,0.0,59.58572436658193,88.48288210071357,-0.1220634403996457,0.036682003700625715,0.127456082152601,False,286.72635822391135
2020-02-23 06:00:00,-145963.61227,85934.83948,2.9103830456733704e-11,59.51291128441061,88.48347169911388,-0.12208991172599878,0.03992069679552414,0.1284508021691665,False,288.1065982080088
2020-02-23 06:30:00,-145782.65475,86088.45509,1.4551915228366852e-11,59.43704262766557,88.48416879953092,-0.1274363721967718,0.04831611415666045,0.1362882087558333,False,290.76367774852383
2020-02-23 07:00:00,-145580.56124,86241.42897,2.9103830456733704e-11,59.35764391896437,88.48502899419125,-0.13162489265343494,0.05080910953946134,0.14109102727750356,False,291.1073084670579
2020-02-23 07:30:00,-145383.77237,86402.91239,0.0,59.2765949411818,88.48580651921397,-0.1334428006062457,0.0505274186383157,0.1426884755959284,False,290.73890929257004
2020-02-23 08:00:00,-145178.76266,86561.46571,0.0,59.194888876847294,88.48665767015981,-0.13490569786483544,0.05004632741152684,0.14388947912818367,False,290.353477526176
2020-02-23 08:30:00,-144980.30835,86727.78619,5.820766091346741e-11,59.11197168527872,88.487419666277,-0.1343561354482546,0.04690868669954801,0.1423095078357946,False,289.2459799341302
2020-02-23 09:00:00,-144785.53805,86889.85614,0.0,59.03085100704503,88.48816979222548,-0.13319473840271168,0.04619369414891331,0.14097764261502652,False,289.12722126705717
2020-02-23 09:30:00,-144590.97769,87053.35906,1.4551915228366852e-11,58.949269955480666,88.48890865597025,-0.1360991482454757,0.048574202768035146,0.14450754764957494,False,289.64163810562513
2020-02-23 10:00:00,-144383.00924,87219.4117,5.820766091346741e-11,58.86451328881654,88.48973541079384,-0.1405653120827064,0.05026810259605078,0.14928325123574893,False,289.67775374559324
2020-02-23 10:30:00,-144174.42877,87392.92781,0.0,58.777387055812405,88.49052890352425,-0.14418520290324394,0.05061429423485919,0.15281092734861118,False,289.3429441269027
2020-02-23 11:00:00,-143958.12354,87568.84471,0.0,58.68810691896334,88.49136682374711,-0.14640830952558093,0.05304307484822986,0.1557207785990464,False,289.9152249404158
2020-02-23 11:30:00,-143737.36975,87743.99183,0.0,58.598162723152825,88.49223866565065,-0.14700078431500074,0.050318174236975176,0.15537422324107678,False,288.89600758435154
2020-02-23 12:00:00,-143527.77549,87926.15389,5.820766091346741e-11,58.50806285269905,88.49298877224818,-0.14567269496518614,0.045325637789975226,0.1525612909603488,False,287.2833788257468
2020-02-23 12:30:00,-143324.28384,88105.93568,2.9103830456733704e-11,58.419652491566026,88.49369976033374,-0.14304984635160028,0.04195436438371455,0.14907524017105572,False,286.3456180064899
2020-02-23 13:00:00,-143129.41566,88285.77183,0.0,58.33268559497432,88.49434118606952,-0.14415905453027647,0.039165124100307966,0.14938453718124828,False,285.1992508065712
2020-02-23 13:30:00,-142931.8285,88473.61869,2.9103830456733704e-11,58.24283533127103,88.4949620907789,-0.1464908031409582,0.03449928163555796,0.1504983582576651,False,283.25195524623587
2020-02-23 14:00:00,-142746.24841,88668.81712,3.253907165344266e-11,58.15294205906038,88.49545323301442,-0.14621566532432356,0.02707805641368679,0.1487018558235821,False,280.4918866992306
2020-02-23 14:30:00,-142571.2779,88869.31797,2.9103830456733704e-11,58.06336972644797,88.4958349371074,-0.14643381813522946,0.022424077423578187,0.14814081929691117,False,278.7063290359133
2020-02-23 15:00:00,-142398.88249,89073.48145,6.507814330688532e-11,57.97315872785157,88.49617602360456,-0.1474097345841319,0.018645271323495166,0.14858423870953125,False,277.20883400901494
2020-02-23 15:30:00,-142232.94533,89283.62772,4.1159031748919956e-11,57.88234964876925,88.49643592329268,-0.15282808942248838,0.018163897299166412,0.15390371042188283,False,276.7779128989572
2020-02-23 16:00:00,-142050.99084,89504.69662,6.507814330688532e-11,57.78544221815815,88.49676125586089,-0.15978460563132646,0.01681225649279368,0.16066664919994444,False,276.0064610789341
2020-02-23 16:30:00,-141875.09123,89738.03605,0.0,57.68605824374378,88.49697773771398,-0.16175163199107448,0.011072576142265492,0.16213017114097628,False,273.9160267143143
2020-02-23 17:00:00,-141706.02654,89975.51366,3.253907165344266e-11,57.58670403758222,88.49711817028057,-0.16317033079926982,0.007487766625576875,0.1633420445022721,False,272.62741797658146
2020-02-23 17:30:00,-141537.4681,90219.48335,1.4551915228366852e-11,57.48555564779695,88.49721901579451,-0.16544860251824356,0.004988959261145037,0.1655238042994092,False,271.72718122356684
2020-02-23 18:00:00,-141370.73113,90468.11568,1.4551915228366852e-11,57.38338845413657,88.49727893682497,-0.17182675772711445,0.005196296354795002,0.1719053116306164,False,271.73218154417077
2020-02-23 18:30:00,-141188.28962,90730.42464,5.999908354159067e-11,57.27438715967218,88.49738618275066,-0.18121023957715462,0.006532184345363026,0.18132793596115185,False,272.0644783132241
2020-02-23 19:00:00,-140998.27311,91004.21035,1.4551915228366852e-11,57.160676006679,88.49748925503759,-0.18428665071133696,0.004421708618536649,0.18433968953404894,False,271.37447091991874
2020-02-23 19:30:00,-140815.14609,91279.20441,0.0,57.047883031120065,88.49752875961721,-0.18490998009944237,0.004366059415006979,0.18496151820092618,False,271.35260576015685
2020-02-23 20:00:00,-140622.99749,91554.24644,1.4551915228366852e-11,56.93339018387684,88.49762990209409,-0.1877602994419606,0.0007025641821064438,0.18776161386972762,False,270.21438916919806
2020-02-23 20:30:00,-140444.22599,91844.28459,1.4551915228366852e-11,56.81709674532762,88.49755131095861,-0.19089194227906134,-0.001848066417629357,0.19090088783595652,False,269.44532442380876
2020-02-23 21:00:00,-140252.44574,92133.03363,5.246767651208195e-11,56.698745302687264,88.49757022104137,-0.190970040653812,-0.0024689452759631414,0.19098599979604344,False,269.2592960496178
2020-02-23 21:30:00,-140074.19325,92423.76731,0.0,56.58236959643629,88.4974718331483,-0.19347531762480297,-0.00706257287601042,0.19360417987648756,False,267.90941795999026
2020-02-23 22:00:00,-139890.07278,92728.39911,5.820766091346741e-11,56.460948026135945,88.49734229154654,-0.19928978371297973,-0.010799473147027477,0.19958217984734913,False,266.89818709431665
2020-02-23 22:30:00,-139710.20739,93043.24336,2.9103830456733704e-11,56.33745153280703,88.49712360670179,-0.20356160078984994,-0.01602225457273089,0.20419117992146388,False,265.49954986745104
2020-02-23 23:00:00,-139531.87743,93370.31096,2.9103830456733704e-11,56.210815957081145,88.49682565051454,-0.20971458228943402,-0.021435033690499733,0.210807178943566,False,264.16403579176836
2020-02-23 23:30:00,-139354.46989,93713.60812,0.0,56.079811696734254,88.49643241207542,-0.2167979705891687,-0.025409221176317984,0.21828190161433242,False,263.31529930216857
2020-02-24 00:00:00,-139172.25027,94069.00494,5.999908354159067e-11,55.94453822516336,88.49600634910595,-0.22278914748304118,-0.028987763619467394,0.2246670751932254,False,262.58672132359254
2020-02-24 00:30:00,-138991.78934,94436.53456,0.0,55.80625717398634,88.49549783157765,-0.22046442264042107,-0.03497449654453201,0.22322136335646212,False,260.9857111945048
2020-02-24 01:00:00,-138830.35611,94796.24381,0.0,55.67392895877478,88.49487934981624,-0.21861430634119353,-0.04148017766198436,0.2225147637257155,False,259.25633577341284
2020-02-24 01:30:00,-138671.3139,95170.68825,0.0,55.53803202999913,88.49416053939905,-0.2225491930639705,-0.045544084540585866,0.22716163181766513,False,258.43427005564274
2020-02-24 02:00:00,-138512.18706,95549.59343,0.0,55.40099890710062,88.49341120966017,-0.22536689725860773,-0.042278605718733334,0.2292983185317589,False,259.37486489863085
2020-02-24 02:30:00,-138335.9074,95924.94929,1.4551915228366852e-11,55.26176904250989,88.49279759041863,-0.22730974062523232,-0.035776116518180925,0.23010790663563224,False,261.0556316557125
2020-02-24 03:00:00,-138151.72653,96295.44573,2.9103830456733704e-11,55.12247247107845,88.49225799694118,-0.22764104919760558,-0.035356687627561265,0.2303704465416075,False,261.1714912183455
2020-02-24 03:30:00,-137971.71389,96670.03809,0.0,54.98294896890234,88.49165788722436,-0.2298652679844934,-0.03536180685610052,0.23256934193850898,False,261.25434433564624
2020-02-24 04:00:00,-137781.14011,97046.21377,0.0,54.84102967956759,88.49111798821347,-0.23583389137096036,-0.03565255533841902,0.23851358246718143,False,261.403317525064
2020-02-24 04:30:00,-137587.75147,97438.05553,3.253907165344266e-11,54.694314931817324,88.49050834302034,-0.24571072646323053,-0.03472510106298751,0.24815235993825083,False,261.95593818804423
2020-02-24 05:00:00,-137371.93803,97840.3329,3.253907165344266e-11,54.54041284447599,88.48999816059596,-0.2585660183220514,-0.030440361803836788,0.260351688025386,False,263.2856104658847
2020-02-24 05:30:00,-137137.00589,98259.81956,2.9103830456733704e-11,54.37808333875017,88.48952651331687,-0.2681017870768211,-0.02861464256410251,0.2696244907326789,False,263.9078546245841
2020-02-24 06:00:00,-136893.5291,98684.89359,1.4551915228366852e-11,54.212621211702775,88.48907555764097,-0.2738920053787649,-0.026680825617529824,0.2751884755327418,False,264.4361626897511
2020-02-24 06:30:00,-136638.32308,99115.83321,3.253907165344266e-11,54.04331008663559,88.48866618468006,-0.27933601118621854,-0.027871966200919362,0.2807230906878385,False,264.30192416168416
2020-02-24 07:00:00,-136384.2823,99557.8119,5.999908354159067e-11,53.87129970970528,88.48817691791727,-0.28551715069835815,-0.02984571222732392,0.2870728302735478,False,264.0324237215723
2020-02-24 07:30:00,-136119.07715,100009.38106,3.253907165344266e-11,53.69453832425457,88.48770375331777,-0.2925949333909075,-0.02853189164849461,0.2939827612073045,False,264.4305092035757
2020-02-24 08:00:00,-135843.38415,100467.48678,0.0,53.51399231414706,88.48725690619852,-0.2974903407760259,-0.02904926389699518,0.2989052736035169,False,264.4228770261034
2020-02-24 08:30:00,-135566.3333,100932.62381,5.820766091346741e-11,53.33136787841279,88.48676720192417,-0.298929647977015,-0.03133493765151345,0.300567484530989,False,264.0158934154897
2020-02-24 09:00:00,-135291.20609,101398.03303,3.253907165344266e-11,53.14918060286541,88.48624688870373,-0.30247429665142794,-0.03101101713517579,0.30405983509588075,False,264.1462335295239
2020-02-24 09:30:00,-135002.61295,101870.92134,3.253907165344266e-11,52.96235015937924,88.48576719372377,-0.30509504484442057,-0.0324898243870099,0.30682010214019184,False,263.92143342225245
2020-02-24 10:00:00,-134722.99584,102345.22522,5.999908354159067e-11,52.77709715677727,88.48519974271855,-0.2979149249311376,-0.03964645649925844,0.3005414181268081,False,262.41963016114073
2020-02-24 10:30:00,-134467.49478,102811.27362,2.9103830456733704e-11,52.599163465065295,88.48448983811915,-0.29296919396458704,-0.043081975721791205,0.29611991700044904,False,261.6344449099223
2020-02-24 11:00:00,-134205.59938,103277.27913,0.0,52.42009021089973,88.48381093898307,-0.29814107384940003,-0.042498748055095,0.3011548497074617,False,261.8873821178022
2020-02-24 11:30:00,-133934.16886,103755.18085,3.253907165344266e-11,52.23602374732234,88.48311950902117,-0.29527305475676113,-0.04248239936125307,0.2983134779403677,False,261.81275543349216
2020-02-24 12:00:00,-133675.52038,104211.26988,5.820766091346741e-11,52.06059841518772,88.48244227337938,-0.28856457391925266,-0.04221278340282372,0.2916357872480906,False,261.67749468210087
2020-02-24 12:30:00,-133415.31563,104667.9009,1.4551915228366852e-11,51.88486257000598,88.4817587915109,-0.28836342713531415,-0.03953324381382922,0.2910607212862418,False,262.1936872922762
2020-02-24 13:00:00,-133146.72762,105115.87036,1.4551915228366852e-11,51.70982812184684,88.48116801050548,-0.286878228214073,-0.03785591394928185,0.2893651465608482,False,262.4827876925784
2020-02-24 13:30:00,-132882.33549,105562.94354,1.4551915228366852e-11,51.53604950045453,88.48053864031957,-0.28307802443005925,-0.03813666404619526,0.28563538481742345,False,262.3272304399728
2020-02-24 14:00:00,-132620.33636,105999.20902,1.4551915228366852e-11,51.36576961118505,88.47993898689894,-0.27924410357454543,-0.03724842119218788,0.28171743691589646,False,262.40215648287597
2020-02-24 14:30:00,-132359.44077,106431.93595,3.253907165344266e-11,51.196789047821646,88.47933807196898,-0.27724699662793817,-0.03601807210020021,0.2795768206719348,False,262.59797294326637
2020-02-24 15:00:00,-132095.93463,106858.27705,5.820766091346741e-11,51.02906395762188,88.47877807362164,-0.275601170456771,-0.03533943704377299,0.27785766314376315,False,262.6930227575855
2020-02-24 15:30:00,-131834.35345,107283.32221,1.4551915228366852e-11,50.86221214525795,88.47819900366844,-0.27523439239121256,-0.03662604400888954,0.2776606523342857,False,262.42005805976197
2020-02-24 16:00:00,-131572.79618,107710.02997,0.0,50.69506027309801,88.47759744166392,-0.27638467131833216,-0.036023609396721154,0.2787224192161622,False,262.574007038796
2020-02-24 16:30:00,-131304.4311,108135.37578,2.9103830456733704e-11,50.52693825355101,88.47703773835337,-0.27762296401830217,-0.03501830954678377,0.2798227870524877,False,262.8108939269522
2020-02-24 17:00:00,-131034.74837,108561.66535,4.3655745685100555e-11,50.358413448139295,88.47646862516731,-0.27861852552964383,-0.03565966728765925,0.2808912505568291,False,262.7065126439722
2020-02-24 17:30:00,-130763.37211,108989.65782,0.0,50.18921071359695,88.47588822645146,-0.27945667304287275,-0.03691450986717981,0.2818842194003155,False,262.47514421182143
2020-02-24 18:00:00,-130492.70719,109419.55595,4.1159031748919956e-11,50.019800739650705,88.47527870121776,-0.2807771283304715,-0.03845339155006461,0.28339805771248444,False,262.2016606712848
2020-02-24 18:30:00,-130219.9875,109853.1441,4.601719643932854e-11,49.84913349717719,88.47464861481605,-0.28240376683307006,-0.038473293946050105,0.28501242406001565,False,262.24206653669984
2020-02-24 19:00:00,-129943.03179,110285.94197,3.253907165344266e-11,49.67788979313562,88.47403850139874,-0.2834674899202309,-0.03757116575565257,0.2859465165689467,False,262.449945545075
2020-02-24 19:30:00,-129662.77111,110718.7015,6.507814330688532e-11,49.50607310431206,88.47343749430958,-0.2847748360199324,-0.035663577669062405,0.28699929965478427,False,262.8617660769015
2020-02-24 20:00:00,-129374.94367,111148.94424,4.601719643932854e-11,49.333378108135356,88.47288884558793,-0.2833042804575684,-0.03686856783317427,0.28569320366373774,False,262.5853294236746
2020-02-24 20:30:00,-129098.82468,111578.79887,4.601719643932854e-11,49.163478238859284,88.47224928972906,-0.2825932038393274,-0.03909118891420987,0.2852841388982256,False,262.12424151304066
2020-02-24 21:00:00,-128816.17689,112010.66097,2.9103830456733704e-11,48.991775736456674,88.4716286305768,-0.28477513799580756,-0.03879751747918518,0.28740585690462,False,262.24183747228426
2020-02-24 21:30:00,-128531.52608,112444.071,2.9103830456733704e-11,48.8193808072054,88.47099862861688,-0.28493104900572114,-0.03906809410552854,0.2875969726275628,False,262.19261891774795
2020-02-24 22:00:00,-128246.64094,112875.28607,4.3655745685100555e-11,48.64763008177887,88.47036935465229,-0.28424670704065336,-0.04182256787380079,0.2873070093941561,False,261.6298558049799
2020-02-24 22:30:00,-127968.4722,113311.68707,3.253907165344266e-11,48.47621318934356,88.46965053949829,-0.28476803862485106,-0.04458806461770062,0.2882376299663125,False,261.10106445054976
2020-02-24 23:00:00,-127687.20338,113749.21884,2.0579515874459978e-11,48.303984975236254,88.46893203021604,-0.28482834241876465,-0.044996336995370104,0.28836063356155595,False,261.02277280841423
2020-02-24 23:30:00,-127407.36323,114185.07402,4.601719643932854e-11,48.13265732523844,88.46820019175436,-0.28403395207309357,-0.045650660125666806,0.28767910716659556,False,260.8693621164477
2020-02-25 00:00:00,-127127.14812,114620.36649,3.253907165344266e-11,47.96155066914893,88.46746053631482,-0.2833492029929734,-0.047132559722721734,0.2872424916734451,False,260.5558396828703
2020-02-25 00:30:00,-126850.32176,115056.2868,3.253907165344266e-11,47.791216721026,88.46668097386234,-0.28318994414095305,-0.04898882860513862,0.28739598081855594,False,260.1855741634141
2020-02-25 01:00:00,-126572.85407,115493.98431,4.1159031748919956e-11,47.62047383987424,88.46588138881194,-0.28355056849350935,-0.05086705406167501,0.2880770419209169,False,259.829703814607
2020-02-25 01:30:00,-126297.54648,115933.76553,4.601719643932854e-11,47.449885516776654,88.46504132801921,-0.2825814206189008,-0.05231290214533238,0.28738284397274527,False,259.5118537805409
2020-02-25 02:00:00,-126023.66253,116370.76295,2.0579515874459978e-11,47.28049104272962,88.46419521968414,-0.281575173338663,-0.05181714883886342,0.28630332718026,False,259.57275136309113
2020-02-25 02:30:00,-125746.91149,116805.04451,2.0579515874459978e-11,47.11129745461806,88.46337105999544,-0.279716804396305,-0.049775422521733045,0.2841110405262312,False,259.90987329915595
2020-02-25 03:00:00,-125469.62488,117230.50803,1.4551915228366852e-11,46.9443145662601,88.46259092302752,-0.2763639575106999,-0.04872332416615893,0.2806260845480629,False,260.00142719855006
2020-02-25 03:30:00,-125195.84349,117651.76584,1.4551915228366852e-11,46.77932509749371,88.46180065791194,-0.27285933042947963,-0.047492467699121896,0.27696163757924325,False,260.12631137041967
2020-02-25 04:00:00,-124921.53193,118063.41051,1.4551915228366852e-11,46.61671384610157,88.46106022420001,-0.26942412907489494,-0.04593541431231579,0.2733119529325598,False,260.32440301643766
2020-02-25 04:30:00,-124649.80943,118470.27139,3.253907165344266e-11,46.45600984298043,88.46032011146546,-0.26668691022080293,-0.045238538532550526,0.27049664221886316,False,260.37246846686435
2020-02-25 05:00:00,-124378.17433,118871.51039,3.253907165344266e-11,46.29683507357834,88.4596021111431,-0.2649418729352911,-0.04528815340594049,0.26878469612941125,False,260.2998298659272
2020-02-25 05:30:00,-124108.67852,119272.44051,2.0579515874459978e-11,46.13837739422627,88.4588603377779,-0.263915475476181,-0.045971416676198,0.2678894349298518,False,260.1187954134892
2020-02-25 06:00:00,-123839.16088,119671.22012,1.4551915228366852e-11,45.980582830977646,88.45812030871315,-0.26284616091844737,-0.04622076359045134,0.2668791173854761,False,260.02666223105524
2020-02-25 06:30:00,-123570.78524,120068.51831,0.0,45.82355880652846,88.45737050550416,-0.2634045636546581,-0.04713082262370827,0.2675878894779961,False,259.8554526986692
2020-02-25 07:00:00,-123300.03671,120469.54563,3.253907165344266e-11,45.66525078125576,88.45660098914222,-0.2647741763735613,-0.04927315165271566,0.26931989890850855,False,259.45813078854394
2020-02-25 07:30:00,-123031.52804,120874.26768,2.9103830456733704e-11,45.50674765924167,88.45578221005995,-0.26590298839274795,-0.051972249435211906,0.2709345196676676,False,258.94064101507854
2020-02-25 08:00:00,-122762.63587,121283.50865,5.820766091346741e-11,45.347256907307845,88.45492563086201,-0.2663106191572953,-0.05305506144163656,0.27154407638635353,False,258.7329092453492
2020-02-25 08:30:00,-122493.6052,121690.51518,2.0579515874459978e-11,45.18843773599872,88.45407207217697,-0.26608897039586826,-0.05439012440198358,0.2715909162670882,False,258.4475506207069
2020-02-25 09:00:00,-122226.42457,122101.08318,3.253907165344266e-11,45.029393055581174,88.45317239090838,-0.2651593233123061,-0.05735617613580514,0.271291720626269,False,257.7944881671509
2020-02-25 09:30:00,-121965.04599,122511.77687,2.0579515874459978e-11,44.87186793673944,88.45222335393487,-0.26303273406951905,-0.059825459105704665,0.2697504490251956,False,257.1863529516505
2020-02-25 10:00:00,-121707.30664,122921.7871,1.4551915228366852e-11,44.71555291351989,88.45124405334549,-0.26097223187582547,-0.06298674189660745,0.2684657063108796,False,256.43092561669164
2020-02-25 10:30:00,-121456.96936,123333.92956,2.0579515874459978e-11,44.560687138362496,88.45019313160714,-0.25799104633414305,-0.0666300830967879,0.266456277768175,False,255.51893146011525
2020-02-25 11:00:00,-121213.85953,123744.37832,5.999908354159067e-11,44.40813221605356,88.44909645196242,-0.25499331860669733,-0.06817721387684805,0.2639502321007999,False,255.0310401079359
2020-02-25 11:30:00,-120972.94063,124151.63111,2.9103830456733704e-11,44.25704983440293,88.44799559747416,-0.25298983723007407,-0.06951606407891023,0.26236680603064577,False,254.63557003596486
2020-02-25 12:00:00,-120736.20571,124559.21929,1.4551915228366852e-11,44.10709785810419,88.44685573566488,-0.2465918822905513,-0.07012484698632644,0.2563689735058687,False,254.12551294694603
2020-02-25 12:30:00,-120511.21961,124950.76211,2.9103830456733704e-11,43.96383417244047,88.44573564110259,-0.2388491799032001,-0.07066927924613699,0.2490844791824648,False,253.5178804733768
2020-02-25 13:00:00,-120293.91148,125339.25397,4.601719643932854e-11,43.8233014584823,88.4445779496239,-0.2332298897477225,-0.07409184321333384,0.24471571813531723,False,252.3761285500758
2020-02-25 13:30:00,-120090.14026,125724.5915,3.253907165344266e-11,43.68692265337468,88.44334762039111,-0.22665152872854172,-0.07722667816801622,0.23944701980991812,False,251.18455058067613
2020-02-25 14:00:00,-119895.91155,126103.88201,2.0579515874459978e-11,43.554409235455516,88.44208885388072,-0.221873967337392,-0.07847470784276847,0.23534302019189343,False,250.52179825693668
2020-02-25 14:30:00,-119705.9334,126479.7021,1.4551915228366852e-11,43.42391104575316,88.44081817460467,-0.21842462623259462,-0.08038673584188717,0.23274738375363538,False,249.79488931779647
2020-02-25 15:00:00,-119523.73612,126854.57907,1.4551915228366852e-11,43.29570036037257,88.43949778991632,-0.2133245861414467,-0.07974819506620924,0.22774361389232778,False,249.50249774076028
2020-02-25 15:30:00,-119343.86563,127215.30066,1.4551915228366852e-11,43.17144548120062,88.43824779023657,-0.2092406578541658,-0.0802617728194241,0.22410623613670574,False,249.01388902500648
2020-02-25 16:00:00,-119172.06133,127580.68014,3.253907165344266e-11,43.04828101163972,88.43691067737149,-0.20629689515841437,-0.08341955464942358,0.22252467514842028,False,247.98324133673322
2020-02-25 16:30:00,-119006.13524,127941.71755,2.9103830456733704e-11,42.927708687499944,88.43555897499476,-0.2029863661763135,-0.08499631814200678,0.22006326124812758,False,247.27951594690916
2020-02-25 17:00:00,-118845.3955,128302.42402,2.9103830456733704e-11,42.80866527978876,88.43417097296539,-0.20167740053707112,-0.08683272218330129,0.2195761724986402,False,246.7055812770403
2020-02-25 17:30:00,-118685.92016,128664.42897,2.0579515874459978e-11,42.6898492599414,88.43276000069093,-0.20021085928447577,-0.08936024174444361,0.21924789846211426,False,245.94732914963836
2020-02-25 18:00:00,-118533.73249,129027.57829,5.820766091346741e-11,42.572749363938534,88.4312906092983,-0.19868567913091256,-0.09196439036193238,0.21893708727932285,False,245.16229415856589
2020-02-25 18:30:00,-118383.16155,129392.13407,3.253907165344266e-11,42.45594863541634,88.42979561386902,-0.19896701691987287,-0.09487352124523643,0.22042880677321489,False,244.50677492079828
2020-02-25 19:00:00,-118235.81322,129763.07521,2.0579515874459978e-11,42.33874438330651,88.42823240890206,-0.19926832755538423,-0.09876807306032406,0.22240278465605914,False,243.63451717323133
2020-02-25 19:30:00,-118092.37948,130138.11413,2.9103830456733704e-11,42.22182085459229,88.42661191314657,-0.20294085828663277,-0.09947938882849519,0.22601137308508637,False,243.88641152845216
2020-02-25 20:00:00,-117935.43938,130519.24129,1.4551915228366852e-11,42.10054497124974,88.42502551435368,-0.19962612548742853,-0.10513432518636692,0.2256187410423064,False,242.22619085700572
2020-02-25 20:30:00,-117812.90825,130900.74726,3.253907165344266e-11,41.987753144162255,88.42322346020266,-0.1973805439264455,-0.10893528710928292,0.22544617073324041,False,241.10547936234897
2020-02-25 21:00:00,-117669.63004,131286.0855,1.4551915228366852e-11,41.86936740713716,88.4215137525553,-0.20315566024626552,-0.10701411684971004,0.22961760275558027,False,242.2215676135875
2020-02-25 21:30:00,-117525.41692,131675.76657,1.4551915228366852e-11,41.750073117948816,88.41977388342555,-0.20443738149175997,-0.10670817697438657,0.23061066320620216,False,242.4372330606996
2020-02-25 22:00:00,-117376.34984,132062.75537,2.9103830456733704e-11,41.630445221271806,88.4180740694312,-0.2062873684457212,-0.10760208094258028,0.23266432086470484,False,242.45288929771704
2020-02-25 22:30:00,-117227.67563,132458.65209,5.999908354159067e-11,41.50925755928976,88.41630531369134,-0.20693354027854827,-0.10815972212651019,0.23349521533148695,False,242.40489683254063
2020-02-25 23:00:00,-117076.54179,132848.05438,2.9103830456733704e-11,41.38913307876155,88.41458767610607,-0.20482586605923625,-0.10713382029243564,0.23115209464196532,False,242.38826002022492
2020-02-25 23:30:00,-116929.47246,133235.53329,4.3655745685100555e-11,41.27066656494828,88.41285202263737,-0.20175735649969664,-0.10715525659255598,0.22844754303157255,False,242.02680242194918
2020-02-26 00:00:00,-116785.08653,133617.0888,5.820766091346741e-11,41.15437022413368,88.4111337211696,-0.1993195179789494,-0.10605540701373375,0.22577869608138287,False,241.98311905693296
2020-02-26 00:30:00,-116640.45913,133995.21777,1.4551915228366852e-11,41.038992455807175,88.40943344837378,-0.19587064707678215,-0.10457743135963753,0.22203997283385044,False,241.901765056478
2020-02-26 01:00:00,-116500.41544,134364.02457,1.4551915228366852e-11,40.92694478701716,88.40776291995522,-0.19088262177189885,-0.10268285169456887,0.2167485716830508,False,241.7225417185784
2020-02-26 01:30:00,-116363.42705,134724.67873,0.0,40.81759166831209,88.40612367850629,-0.1864582751413693,-0.1018718831098221,0.2124725133682845,False,241.3499181126264
2020-02-26 02:00:00,-116232.13726,135080.33486,1.4551915228366852e-11,40.71090058509304,88.40447928564981,-0.18167678957586325,-0.10179098220466107,0.20824951363396293,False,240.73869570033196
2020-02-26 02:30:00,-116106.67342,135429.04017,2.9103830456733704e-11,40.60730322463364,88.40284267007162,-0.1777739285780276,-0.10134407351557989,0.20463184238724166,False,240.31371353401477
2020-02-26 03:00:00,-115983.73014,135773.86454,1.4551915228366852e-11,40.50534201109591,88.4012126062828,-0.17565427010440332,-0.10024135210031318,0.20224428614131387,False,240.2877142156131
2020-02-26 03:30:00,-115860.25608,136114.15195,4.1159031748919956e-11,40.404401862289625,88.39961150429971,-0.17243676818611717,-0.09653466843792721,0.19761928355525746,False,240.75874284077682
2020-02-26 04:00:00,-115736.27719,136440.87193,2.9103830456733704e-11,40.306350878494044,88.39810101233498,-0.16891778233858407,-0.09464691328505945,0.19362658749400824,False,240.73750158674093
2020-02-26 04:30:00,-115616.92677,136767.35752,0.0,40.209664194985955,88.39656068519379,-0.16596720191457487,-0.09598901537077842,0.19172637581513086,False,239.95657091706207
2020-02-26 05:00:00,-115503.07709,137090.49828,3.253907165344266e-11,40.11519674938398,88.39500696972877,-0.1633770990744407,-0.09736393882816002,0.19018888791439237,False,239.20733832625774
2020-02-26 05:30:00,-115392.97596,137414.37586,3.253907165344266e-11,40.02167759644514,88.39342226225382,-0.16144362337289891,-0.09940607977737673,0.1895932810636406,False,238.3780442076391
2020-02-26 06:00:00,-115288.12859,137738.30402,3.253907165344266e-11,39.929617767291944,88.39180274176486,-0.1603825311973533,-0.10112392427408298,0.1896011718683734,False,237.76786872331058
2020-02-26 06:30:00,-115183.88546,138064.12587,3.253907165344266e-11,39.837504666203586,88.39016259131435,-0.1600223150279784,-0.10113521887144564,0.18930259851118994,False,237.7068280266706
2020-02-26 07:00:00,-115079.01557,138386.91753,4.1159031748919956e-11,39.74604264514946,88.38854273778999,-0.16009914182821341,-0.10171063183081785,0.18967548033827297,False,237.5722948808954
2020-02-26 07:30:00,-114974.84914,138714.17432,0.0,39.654030605932086,88.38688398445646,-0.1606855719208524,-0.1030589075752591,0.1908952368555518,False,237.32510481367666
2020-02-26 08:00:00,-114870.40765,139041.71367,1.4551915228366852e-11,39.562083287084526,88.38522069700987,-0.16058870504457365,-0.1048595022689904,0.1917921984961679,False,236.85669453694484
2020-02-26 08:30:00,-114769.58809,139373.41005,0.0,39.47037410441419,88.38350390964642,-0.16085388060631317,-0.10631407021174713,0.19281247996719078,False,236.53786093945251
2020-02-26 09:00:00,-114666.68344,139705.26914,0.0,39.378316078643564,88.38179370772544,-0.161990697649302,-0.10610133098291294,0.19364523893257282,False,236.77583878356694
2020-02-26 09:30:00,-114561.14868,140038.64181,1.4551915228366852e-11,39.285504499978956,88.38008375850343,-0.16239417311616489,-0.10609679400658273,0.19398040406329237,False,236.84225722522112
2020-02-26 10:00:00,-114456.03213,140371.06945,0.0,39.19318033515964,88.37837375864025,-0.16315616307393416,-0.10605747334299265,0.19459733091928008,False,236.97465931527447
2020-02-26 10:30:00,-114347.20934,140705.72562,2.9103830456733704e-11,39.09969784757475,88.37666500065876,-0.16364641784503037,-0.10567715441672312,0.1948019790431458,False,237.1470346927619
2020-02-26 11:00:00,-114238.77153,141037.85387,2.9103830456733704e-11,39.00700890337118,88.3749673490671,-0.16272058248898,-0.10551623527887283,0.19393726788056853,False,237.03858968688073
2020-02-26 11:30:00,-114131.0957,141369.60969,4.1159031748919956e-11,38.91477438664463,88.37326376178207,-0.16161566721759252,-0.10620214005528719,0.1933869655445021,False,236.68997362847622
2020-02-26 12:00:00,-114026.23552,141700.81182,1.4551915228366852e-11,38.8235334551346,88.37154402407191,-0.16003788511565056,-0.1072944182777681,0.19267645643890907,False,236.16086001961776
2020-02-26 12:30:00,-113924.39461,142031.73091,3.253907165344266e-11,38.733282128465056,88.36980522645011,-0.156220865435091,-0.10804577815263897,0.1899443312497061,False,235.33141548299113
2020-02-26 13:00:00,-113830.90328,142356.11877,4.1159031748919956e-11,38.6465553734658,88.3680613787876,-0.14994403938486542,-0.10709242782105928,0.18426069315960705,False,234.46496825816072
2020-02-26 13:30:00,-113743.57553,142669.94907,5.820766091346741e-11,38.5635938931609,88.36635331538733,-0.14343374495261196,-0.10468719096801575,0.17757434258333812,False,233.87562279222172
2020-02-26 14:00:00,-113662.08833,142972.69368,4.1159031748919956e-11,38.484404013194855,88.3646869922177,-0.1377321298254125,-0.10393352113613574,0.17254656299677446,False,232.96156880095043
2020-02-26 14:30:00,-113588.28727,143271.39298,5.820766091346741e-11,38.40805049012569,88.36300318020245,-0.13172193010138705,-0.10343600529581273,0.1674803691815554,False,231.85885896566586
2020-02-26 15:00:00,-113521.84067,143559.08465,0.0,38.33579732313075,88.36135293577149,-0.12663426821475987,-0.1032314294482645,0.16337982100681758,False,230.8133055273611
2020-02-26 15:30:00,-113461.20998,143845.66835,3.253907165344266e-11,38.26533232997115,88.35967562938599,-0.12343783781627625,-0.10552166209114908,0.16239372209305375,False,229.47430110971382
2020-02-26 16:00:00,-113408.19812,144132.55032,4.1159031748919956e-11,38.19682438947798,88.35795156404697,-0.12085366114026995,-0.10616874116975603,0.1608645672998807,False,228.7010153067066
2020-02-26 16:30:00,-113355.63347,144415.07578,1.4551915228366852e-11,38.129409489137835,88.3562533679135,-0.11910364652121222,-0.10474520693978119,0.15861033065821234,False,228.6701215216893
2020-02-26 17:00:00,-113303.74324,144693.91203,2.9103830456733704e-11,38.06300847377154,88.35457518562639,-0.1175402788656671,-0.10423750344263803,0.15710243244384461,False,228.43262860366463
2020-02-26 17:30:00,-113253.83245,144971.40713,4.3655745685100555e-11,37.99748581461848,88.35289334944466,-0.11646736427800827,-0.10399560734865672,0.15614010788289553,False,228.23781455436153
2020-02-26 18:00:00,-113203.81376,145247.0625,4.3655745685100555e-11,37.93242229485756,88.35122294985047,-0.11620768300339847,-0.10280336881088645,0.1551539823139757,False,228.50235208646419
2020-02-26 18:30:00,-113151.37378,145520.48378,2.9103830456733704e-11,37.86732268007097,88.34957952797646,-0.11673107384036122,-0.10267541356633546,0.15546184146259778,False,228.66548430010158
2020-02-26 19:00:00,-113098.96108,145796.81533,2.9103830456733704e-11,37.801805455784,88.34791323966452,-0.11766657144318962,-0.10380035766950024,0.15690741310566378,False,228.582655983679
2020-02-26 19:30:00,-113045.71377,146075.38047,0.0,37.7357915497392,88.34623355220239,-0.12170975531477023,-0.10508924323283816,0.16080116163147534,False,229.19131458545408
2020-02-26 20:00:00,-112983.99052,146364.16766,5.999908354159067e-11,37.66589697204474,88.34452559987623,-0.12229518687946159,-0.10557191625458637,0.16155971724272059,False,229.1974381604414
2020-02-26 20:30:00,-112929.44466,146645.25544,4.3655745685100555e-11,37.59936107748835,88.3428306012607,-0.12149361183558752,-0.10521621896966282,0.16072072190955478,False,229.10669570252563
2020-02-26 21:00:00,-112868.56473,146931.13203,2.9103830456733704e-11,37.53050574131813,88.34113391912238,-0.12399842294686413,-0.10660913681426934,0.16352711379337984,False,229.31230744389688
2020-02-26 21:30:00,-112809.24136,147221.55054,2.9103830456733704e-11,37.46131947976083,88.3393940871994,-0.12447650363000537,-0.1073382953198159,0.16436517148749838,False,229.22821939203448
2020-02-26 22:00:00,-112747.89606,147510.41198,1.4551915228366852e-11,37.39207419119599,88.33767390958505,-0.124821041706525,-0.107298211926047,0.16460011766468743,False,229.31710635920453
2020-02-26 22:30:00,-112686.79961,147801.3228,1.4551915228366852e-11,37.32265011111926,88.33593536469215,-0.12490869330863628,-0.10837574937249653,0.1653707492760468,False,229.05379263601677
2020-02-26 23:00:00,-112626.8529,148093.31159,4.1159031748919956e-11,37.25345190542728,88.33418046646125,-0.125355417856938,-0.10769294389457146,0.16526267258751096,False,229.33409725669063
2020-02-26 23:30:00,-112562.28448,148383.09275,2.9103830456733704e-11,37.18367715802597,88.33246390244157,-0.12526215770262572,-0.10692248153556064,0.1646906955782256,False,229.51627161044135
2020-02-27 00:00:00,-112500.22054,148672.51678,5.999908354159067e-11,37.11472599005745,88.33073388831338,-0.12340550809232922,-0.10671938333919445,0.16315007265650808,False,229.1472015437786
2020-02-27 00:30:00,-112439.84396,148957.52891,0.0,37.04714714183037,88.32902388897857,-0.12181669836954231,-0.10671838900527919,0.16195098812152442,False,228.77978769373019
2020-02-27 01:00:00,-112381.66555,149243.3593,5.999908354159067e-11,36.98009413407998,88.32729387653164,-0.11873427764003659,-0.10621394706506149,0.15930860377845565,False,228.1857228677564
2020-02-27 01:30:00,-112328.39316,149520.10651,2.9103830456733704e-11,36.91605292577065,88.32560021960278,-0.11373336290244668,-0.10420667736906764,0.15425404190944428,False,227.5029435284005
2020-02-27 02:00:00,-112279.63958,149789.22096,1.4551915228366852e-11,36.85464903087251,88.32393489398396,-0.11010956364651521,-0.10294441304365672,0.15073708297339772,False,226.92617019603924
2020-02-27 02:30:00,-112233.49535,150054.39784,1.4551915228366852e-11,36.79472711824782,88.32228188660653,-0.10691238536139795,-0.10182967156098655,0.14764667335867224,False,226.3948339924059
2020-02-27 03:00:00,-112190.99634,150313.30532,3.253907165344266e-11,36.73696105822089,88.32065251260462,-0.10241633757464966,-0.10080557279516436,0.1437041047039568,False,225.45412470974335
2020-02-27 03:30:00,-112155.08968,150565.75664,2.9103830456733704e-11,36.68209741101319,88.31903253490802,-0.09814321656469284,-0.10063549555115817,0.14056882272570748,False,224.2816656074717
2020-02-27 04:00:00,-112124.07207,150814.90823,3.253907165344266e-11,36.629135893642406,88.31740861158765,-0.09473005525301095,-0.1005171844853887,0.13812127911769487,False,223.30224984647072
2020-02-27 04:30:00,-112097.30846,151059.62461,0.0,36.57812209278382,88.31579244637427,-0.0925514684243854,-0.10028473481204449,0.1364653888128125,False,222.70351095759688
2020-02-27 05:00:00,-112071.65069,151303.37882,5.999908354159067e-11,36.527650809298336,88.31417597755657,-0.09186623657828984,-0.10019926316188257,0.13593858084165258,False,222.51570160369596
2020-02-27 05:30:00,-112046.25594,151546.33329,3.253907165344266e-11,36.47748508853369,88.31256256056571,-0.091507473432898,-0.10062071918426954,0.1360078925034579,False,222.28431604059628
2020-02-27 06:00:00,-112022.11258,151790.49478,4.3655745685100555e-11,36.427503358727684,88.31093250235838,-0.09129941814273114,-0.10051656202350305,0.13579087964302317,False,222.24893857975349
2020-02-27 06:30:00,-111996.67291,152032.65939,2.9103830456733704e-11,36.377660718771324,88.30932244096196,-0.0913886390618,-0.10042508370742673,0.1357832124646181,False,222.3027601466468
2020-02-27 07:00:00,-111971.65258,152276.70292,2.9103830456733704e-11,36.327677949000325,88.30769532362446,-0.09317501759590475,-0.1009278698109482,0.1373609071336269,False,222.71270937773102
2020-02-27 07:30:00,-111941.67999,152524.09128,4.1159031748919956e-11,36.27598283675478,88.30606901299785,-0.09679074009994397,-0.10140560373392903,0.14018396426744945,False,223.6661487532206
2020-02-27 08:00:00,-111906.7402,152777.17309,0.0,36.22215666120186,88.30442648204833,-0.10092398302389442,-0.10164295701208173,0.1432373591615233,False,224.79664005333905
2020-02-27 08:30:00,-111864.79849,153033.98224,2.9103830456733704e-11,36.16606130897561,88.30279251313786,-0.1042700180503945,-0.10064171698363027,0.14491718966928224,False,226.01441050257793
2020-02-27 09:00:00,-111817.5078,153291.18713,2.9103830456733704e-11,36.10869855973626,88.3011822833242,-0.10592149997787764,-0.0998647838258712,0.14557588813451053,False,226.6858466753814
2020-02-27 09:30:00,-111768.59998,153549.15072,3.253907165344266e-11,36.050915365015854,88.29957338253729,-0.10781960041270393,-0.1003140607597911,0.14726838431677794,False,227.06525691637054
2020-02-27 10:00:00,-111716.21706,153811.58733,5.820766091346741e-11,35.991601746828685,88.29794863570898,-0.10984925765742615,-0.10053959991640918,0.14891296303290463,False,227.53367202687238
2020-02-27 10:30:00,-111661.33579,154074.39667,1.4551915228366852e-11,35.93172632546994,88.29633249298212,-0.11129568350009862,-0.10058650463014558,0.15001457955633654,False,227.893443108566
2020-02-27 11:00:00,-111604.28682,154339.91328,2.9103830456733704e-11,35.87095881694015,88.29470622283986,-0.11330017942371418,-0.10052386324882247,0.1514660943574957,False,228.4194455971417
2020-02-27 11:30:00,-111542.86558,154606.64928,1.4551915228366852e-11,35.809027106472456,88.29309208937326,-0.11503237946550413,-0.09876467743066936,0.15161434573772992,False,229.35122041172846
2020-02-27 12:00:00,-111476.47882,154870.55013,3.253907165344266e-11,35.74649974493546,88.29152254329482,-0.11526049012023708,-0.09697067388860495,0.150626332947355,False,229.92550910968566
2020-02-27 12:30:00,-111410.03907,155132.38437,0.0,35.68443594933135,88.28996627278973,-0.11511506213621445,-0.09559625132938733,0.1496332877365725,False,230.29237391546528
2020-02-27 13:00:00,-111340.62192,155391.81673,3.253907165344266e-11,35.622178977809334,88.28844100901794,-0.11474973890235657,-0.09386462026661434,0.14825002366257725,False,230.71703310590092
2020-02-27 13:30:00,-111271.05407,155647.66968,1.4551915228366852e-11,35.56061958311107,88.28694058546546,-0.11487100670567915,-0.09210561567140217,0.14723719849203948,False,231.27674122625334
2020-02-27 14:00:00,-111197.04552,155902.05488,2.9103830456733704e-11,35.49834130380891,88.28547197652952,-0.1147382361057249,-0.09091126747708464,0.1463889387178659,False,231.60893754542525
2020-02-27 14:30:00,-111124.81556,156153.97343,0.0,35.43703044418812,88.28401010644184,-0.11270930468761012,-0.08942810254884026,0.14387763164804465,False,231.57009943824283
2020-02-27 15:00:00,-111053.12057,156399.61656,0.0,35.37703951491166,88.28258931718943,-0.111277003972582,-0.08686444949305627,0.14116658315212477,False,232.02388327505523
2020-02-27 15:30:00,-110979.23069,156640.87381,1.4551915228366852e-11,35.31737003442841,88.28121005375864,-0.11075959104238793,-0.08645435049743061,0.14050637611087122,False,232.0258758596497
2020-02-27 16:00:00,-110907.6951,156884.08358,4.3655745685100555e-11,35.258033477199156,88.2798024837568,-0.11007785160049435,-0.08749816683382523,0.140616722377747,False,231.51967819668164
2020-02-27 16:30:00,-110837.47682,157126.84164,4.3655745685100555e-11,35.19919233725175,88.27838957748519,-0.1092526317810748,-0.0875250179733936,0.13998845067481097,False,231.3009087357711
2020-02-27 17:00:00,-110767.92554,157368.27214,5.820766091346741e-11,35.14083764473668,88.27698114101176,-0.10913361047131333,-0.08748131008574117,0.13986823995754702,False,231.28439842607324
2020-02-27 17:30:00,-110697.47401,157610.5123,1.4551915228366852e-11,35.0822207349939,88.27556962009943,-0.1089244124099707,-0.08753399773374618,0.139738070611086,False,231.21389333628935
2020-02-27 18:00:00,-110628.15329,157851.52168,0.0,35.024184978749254,88.27415951054704,-0.10857296345715818,-0.08739019236662056,0.13937407978438585,False,231.16947138859928
2020-02-27 18:30:00,-110557.95132,158092.46993,0.0,34.96603995263045,88.27275260348755,-0.10901154812915348,-0.08809034270226623,0.1401550074129264,False,231.05892324085326
2020-02-27 19:00:00,-110488.29217,158336.30789,0.0,34.90763099282285,88.27131991932643,-0.10917596321601519,-0.08880797152705512,0.14073466790700484,False,230.87375365022228
2020-02-27 19:30:00,-110418.58907,158579.57066,0.0,34.849405581507156,88.2698898927269,-0.10912691193500018,-0.08927751046943927,0.14099346362186482,False,230.71315477939535
2020-02-27 20:00:00,-110349.5458,158824.55303,2.9103830456733704e-11,34.79114624589008,88.2684420657585,-0.11072795729490023,-0.0911740001222319,0.14343423170564965,False,230.53177365491086
2020-02-27 20:30:00,-110278.5085,159076.57008,2.9103830456733704e-11,34.73131283626535,88.26695085734397,-0.11245794547871599,-0.09296307019771814,0.1459072373869087,False,230.42125046131648
2020-02-27 21:00:00,-110207.49738,159330.24728,2.9103830456733704e-11,34.67130942151272,88.26544540282254,-0.11424658845992486,-0.09398176457619312,0.14793530696756074,False,230.558531834606
2020-02-27 21:30:00,-110132.72106,159588.79439,0.0,34.609677088319934,88.26392130919778,-0.11713073779644585,-0.09505026154326632,0.1508448274094378,False,230.94106319952564
2020-02-27 22:00:00,-110054.79825,159851.3777,4.3655745685100555e-11,34.54671207044742,88.26238141943648,-0.11936824956869985,-0.0955463631706941,0.15289828815340473,False,231.3250449122554
2020-02-27 22:30:00,-109973.82746,160115.79556,2.9103830456733704e-11,34.48281117287764,88.26084134574923,-0.12050903112882097,-0.09519727385296028,0.15357391553464625,False,231.69268742002552
2020-02-27 23:00:00,-109891.22026,160379.49053,1.4551915228366852e-11,34.418746006618605,88.25931273401451,-0.12030109979321865,-0.09342237083721726,0.15231577063555993,False,232.16811556165715
2020-02-27 23:30:00,-109806.6649,160638.03104,2.9103830456733704e-11,34.35517624887549,88.25782989593799,-0.12011294158376665,-0.08937041521261405,0.1497136929314763,False,233.34879154306225
2020-02-28 00:00:00,-109715.80581,160889.11556,0.0,34.291418326096306,88.25643187512021,-0.11848683538329713,-0.08718274711202983,0.14710527370950607,False,233.65432331817914
2020-02-28 00:30:00,-109631.08278,161137.65572,3.253907165344266e-11,34.22967484234651,88.25501962942309,-0.11536493572008746,-0.08755123075286084,0.14482501993799482,False,232.80489120463864
2020-02-28 01:00:00,-109549.72373,161383.32553,0.0,34.16932240233343,88.25360970806614,-0.11302272624658427,-0.08750211430176193,0.14293619784886172,False,232.25298896223282
2020-02-28 01:30:00,-109471.35735,161626.80845,0.0,34.11015459826586,88.25219903765263,-0.10965090376639047,-0.08529811104077742,0.1389211590936061,False,232.12043422717446
2020-02-28 02:00:00,-109395.094,161858.93654,0.0,34.05345798186328,88.25086020041749,-0.10635818060573227,-0.08407096450616411,0.13557282048684488,False,231.67534595986314
2020-02-28 02:30:00,-109323.60434,162091.96833,2.9103830456733704e-11,33.99785988178144,88.24948904324518,-0.10462993635163598,-0.0844328610839379,0.13444824882372752,False,231.09763019694415
2020-02-28 03:00:00,-109252.77631,162321.55402,3.253907165344266e-11,33.94307303267169,88.24813853080276,-0.10145037790041997,-0.08339987000584388,0.13133056572302457,False,230.57721391133748
2020-02-28 03:30:00,-109188.26377,162544.97313,3.253907165344266e-11,33.89091072213613,88.24680072267526,-0.09779009024448565,-0.08435512363411826,0.1291459973570688,False,229.21847732920602
2020-02-28 04:00:00,-109129.87923,162769.94237,5.820766091346741e-11,33.84006378568469,88.24541937845822,-0.09464515761119222,-0.08627995875589171,0.1280700477948134,False,227.64722501427465
2020-02-28 04:30:00,-109078.23144,162992.70295,1.4551915228366852e-11,33.79129136971704,88.24401954181617,-0.09104561034595302,-0.08734873072347712,0.1261709313680042,False,226.18717491352146
2020-02-28 05:00:00,-109032.37502,163213.56892,0.0,33.744309623729144,88.24260373585612,-0.08926379921379891,-0.08809914863469255,0.12541724698078435,False,225.37622628924223
2020-02-28 05:30:00,-108987.19798,163434.93258,0.0,33.69748786526301,88.24117966708995,-0.08869431221485741,-0.08792009449358383,0.12488644456075813,False,225.2511636765043
2020-02-28 06:00:00,-108942.32826,163654.05028,3.253907165344266e-11,33.651179152452585,88.23976964116274,-0.08777940828717018,-0.08779269365050654,0.12414822422273068,False,224.99566448633573
2020-02-28 06:30:00,-108899.28281,163873.1341,2.9103830456733704e-11,33.60539250087021,88.23834967869597,-0.08692328665535363,-0.08800233398465321,0.12369344586401992,False,224.64656936202383
2020-02-28 07:00:00,-108857.04758,164091.10416,0.0,33.56005522036823,88.23693289253855,-0.08633799496130469,-0.08871198921757124,0.12379041321878181,False,224.2230132782507
2020-02-28 07:30:00,-108816.82444,164311.08446,1.4551915228366852e-11,33.514955788509354,88.23549004850844,-0.08633402551167241,-0.08933579075197792,0.1242354517451894,False,224.02105127306655
2020-02-28 08:00:00,-108775.49639,164530.85391,1.4551915228366852e-11,33.46969611023561,88.23405314380982,-0.08751175539309082,-0.08934004963311164,0.12505979290094402,False,224.40769724083225
2020-02-28 08:30:00,-108731.39759,164753.12069,2.9103830456733704e-11,33.42343955165326,88.23261014121888,-0.08967708847515003,-0.09004705338871132,0.12708442871323503,False,224.88205592218185
2020-02-28 09:00:00,-108684.60861,164979.23909,1.4551915228366852e-11,33.37599244335494,88.23115044005583,-0.09260701064582401,-0.09143737594877915,0.1301416618195501,False,225.3641199319685
2020-02-28 09:30:00,-108634.08385,165211.41278,0.0,33.32675504716008,88.22966260301278,-0.09480149892104281,-0.09293609322973125,0.13275707748546509,False,225.5692858569234
2020-02-28 10:00:00,-108583.26438,165446.29595,0.0,33.27709860609565,88.22815462533718,-0.09516315780759105,-0.09220821576826888,0.1325080437523704,False,225.90350874027754
2020-02-28 10:30:00,-108529.80863,165676.90532,3.253907165344266e-11,33.22756617467544,88.22669026533966,-0.09497154463409245,-0.09067724857026452,0.131308635277574,False,226.32508898981345
2020-02-28 11:00:00,-108476.1437,165906.70982,4.1159031748919956e-11,33.17819221926985,88.22523163883146,-0.09508011412306709,-0.08906625749763081,0.13028056772324006,False,226.8705021394176
2020-02-28 11:30:00,-108418.79032,166132.58652,0.0,33.12862725184967,88.22381919935592,-0.09462674771950881,-0.08632103351244517,0.1280841216178971,False,227.62809841400332
2020-02-28 12:00:00,-108360.69689,166353.12651,1.4551915228366852e-11,33.07980273248755,88.2224490897083,-0.09208992899758803,-0.08525972861446421,0.12549811291885185,False,227.20552072249785
2020-02-28 12:30:00,-108308.53004,166570.71866,3.253907165344266e-11,33.03294965385175,88.2210708923784,-0.09002028046082101,-0.08439763408656041,0.12339615688364779,False,226.84638363057041
2020-02-28 13:00:00,-108254.63294,166784.50491,3.253907165344266e-11,32.986348008652705,88.21972852725547,-0.08833991787222781,-0.08291081779708008,0.12115339366873948,False,226.81581918403074
2020-02-28 13:30:00,-108204.27529,166994.22746,3.253907165344266e-11,32.94130817464283,88.21839828959286,-0.0856767571462718,-0.08186193923975157,0.11849845488947953,False,226.30438643818871
2020-02-28 14:00:00,-108156.03801,167199.54931,2.9103830456733704e-11,32.89753553782891,88.21708972648194,-0.08181733615047619,-0.08159195139135725,0.11554792523714834,False,225.07902603009617
2020-02-28 14:30:00,-108116.50133,167400.834,3.253907165344266e-11,32.85655827663637,88.21576822527193,-0.07814723657475935,-0.08132974274703476,0.11278970537939294,False,223.85676306979016
2020-02-28 15:00:00,-108078.55994,167598.13182,4.1159031748919956e-11,32.816647643016196,88.21446807316745,-0.07563329643725432,-0.0812438570453979,0.11099981908804463,False,222.95174450421308
2020-02-28 15:30:00,-108046.18393,167794.19783,3.253907165344266e-11,32.77832995138869,88.21314935047432,-0.07210549909277703,-0.08276072741111552,0.10976584624114842,False,221.06409337561382
2020-02-28 16:00:00,-108021.61373,167989.16407,2.9103830456733704e-11,32.74212297463258,88.21180031027119,-0.07304439032394627,-0.08346231954480854,0.11091186474672918,False,221.19170260390374
2020-02-28 16:30:00,-107987.51372,168189.14655,2.9103830456733704e-11,32.70289490808571,88.2104588662101,-0.07589948255124737,-0.08496024795180286,0.11392530528192113,False,221.7761003881167
2020-02-28 17:00:00,-107956.93758,168394.16347,2.9103830456733704e-11,32.66379707492504,88.20906160428393,-0.07365855387358054,-0.08808654053879864,0.11482517660705156,False,219.90259305859095
2020-02-28 17:30:00,-107935.42696,168599.22246,2.9103830456733704e-11,32.626938965676764,88.20761942670838,-0.07163326069086395,-0.08694418621393397,0.11265263225334995,False,219.48508854656754
2020-02-28 18:00:00,-107908.51024,168796.81117,0.0,32.58998821427678,88.20625893997381,-0.07251786736091093,-0.08562736909656363,0.11220912362626227,False,220.26128181773245
2020-02-28 18:30:00,-107881.50343,168999.56001,1.4551915228366852e-11,32.55227832816504,88.20485919603786,-0.0765903817871974,-0.08561164322407586,0.11487140652849652,False,221.81663506955172
2020-02-28 19:00:00,-107841.93496,169204.95408,2.9103830456733704e-11,32.511196448122,88.20349915844545,-0.07977373125216854,-0.08651469969698977,0.11768025094107139,False,222.6786257306461
2020-02-28 19:30:00,-107806.71871,169416.55598,3.253907165344266e-11,32.47027349294028,88.20207037987687,-0.07927628532335773,-0.0901825716175653,0.12007341770028751,False,221.31755142699913
2020-02-28 20:00:00,-107775.45218,169632.07522,2.9103830456733704e-11,32.42976707552959,88.20059211277665,-0.07911572128903119,-0.09139429496430461,0.12088099315899906,False,220.88119101718948
2020-02-28 20:30:00,-107742.76117,169847.00195,1.4551915228366852e-11,32.38907493589844,88.19912425999023,-0.08050458917524769,-0.09156277595708885,0.12192100237138578,False,221.32285119251637
2020-02-28 21:00:00,-107707.29176,170065.66612,1.4551915228366852e-11,32.347211832853446,88.19764053880975,-0.08350099842249457,-0.09163189903077845,0.12397105169167606,False,222.34183578683468
2020-02-28 21:30:00,-107665.30396,170286.52477,2.9103830456733704e-11,32.30351724697077,88.19617044062284,-0.08755466585292604,-0.09151084650441699,0.12664933691327604,False,223.73434263879304
2020-02-28 22:00:00,-107616.9319,170512.56007,0.0,32.257574584269605,88.19469060852192,-0.08897097967093948,-0.09214739362791183,0.12808972392828416,False,223.99526229791059
2020-02-28 22:30:00,-107571.49708,170738.00533,4.1159031748919956e-11,32.21250209660879,88.19320006754637,-0.08908954575679766,-0.09325757102900044,0.1289725618780274,False,223.69058154744468
2020-02-28 23:00:00,-107524.5392,170967.57569,3.253907165344266e-11,32.16651516084805,88.19168440322585,-0.0907560793100429,-0.09388668707548042,0.13058091721894122,False,224.02864633774797
2020-02-28 23:30:00,-107474.86633,171198.05786,1.4551915228366852e-11,32.119816086724285,88.19017358655465,-0.08956056493860079,-0.09397314015474903,0.12981542998682952,False,223.62274212633739
2020-02-29 00:00:00,-107431.34409,171425.52458,4.1159031748919956e-11,32.07512448121665,88.18865520349647,-0.09005612290015721,-0.09346172030575231,0.12978905359975046,False,223.93686651672402
2020-02-29 00:30:00,-107378.82467,171655.32121,0.0,32.02799966153756,88.18716075968545,-0.09110371252119186,-0.09229870759360233,0.12968784776760417,False,224.6266831961861
2020-02-29 01:00:00,-107329.50866,171881.15928,1.4551915228366852e-11,31.98231359130909,88.18567996450089,-0.09020307347988023,-0.08938403087308304,0.12698857996031349,False,225.26130695418922
2020-02-29 01:30:00,-107273.81851,172100.25711,2.9103830456733704e-11,31.936181119052396,88.18427942734517,-0.09023861533570252,-0.08716624100918968,0.12546298764726202,False,225.99217400015735
2020-02-29 02:00:00,-107219.81235,172319.30261,5.820766091346741e-11,31.890531238422053,88.18287014625307,-0.08924984536485903,-0.08625634592341794,0.12411966850467973,False,225.9771635589997
2020-02-29 02:30:00,-107165.06493,172533.65119,3.253907165344266e-11,31.845473594574205,88.18149894190752,-0.08922016936735795,-0.08503328114806069,0.12325135911926152,False,226.37641392206908
2020-02-29 03:00:00,-107108.48556,172748.8144,5.246767651208195e-11,31.799923981548112,88.18012905890669,-0.08700234169907897,-0.08494313591909629,0.12159253184671072,False,225.6861370356581
2020-02-29 03:30:00,-107060.01141,172958.59123,5.820766091346741e-11,31.75718266585626,88.17876084098255,-0.08425458492056821,-0.08468961949980863,0.11946198864559222,False,224.85246259067148
2020-02-29 04:00:00,-107011.04569,173167.69361,4.1159031748919956e-11,31.714487633067904,88.17739906202385,-0.08269388010547184,-0.08535319662829242,0.11884210525552845,False,224.09337967003592
2020-02-29 04:30:00,-106968.2948,173376.47629,0.0,31.67339117424701,88.17600948902071,-0.07783458578131494,-0.08679908392630498,0.11658603567406609,False,221.8832548811456
2020-02-29 05:00:00,-106936.65039,173580.75728,0.0,31.635678357865963,88.17460113780125,-0.07028143839254922,-0.08717959105826067,0.11198107732832033,False,218.87466552688144
2020-02-29 05:30:00,-106917.49684,173776.39488,2.9103830456733704e-11,31.60228305581717,88.17319930982912,-0.06565970798502013,-0.08622156241579336,0.10837598939847638,False,217.29010835972915
2020-02-29 06:00:00,-106897.98293,173968.98998,2.9103830456733704e-11,31.569299772589883,88.17182176273263,-0.06594331319980157,-0.08501134607450495,0.10758926301990533,False,217.80073800062195
2020-02-29 06:30:00,-106875.45511,174161.42776,0.0,31.53566896294445,88.17045892631879,-0.06682898545467239,-0.08536481698374841,0.10841247749023022,False,218.05608951727123
2020-02-29 07:00:00,-106853.66322,174356.75032,4.1159031748919956e-11,31.501841690116144,88.16906999269321,-0.06693327435102507,-0.08749239004849903,0.11015889220461633,False,217.41664791495015
2020-02-29 07:30:00,-106834.58853,174555.88851,2.9103830456733704e-11,31.468156902393932,88.16763857895916,-0.06583282176922305,-0.08349246499088457,0.10632474844716246,False,218.2553616227901
2020-02-29 08:00:00,-106808.42672,174736.83694,1.4551915228366852e-11,31.43548695488332,88.16637860000917,-0.06673212864546817,-0.08126116830614148,0.10515015201146581,False,219.3930325233718
2020-02-29 08:30:00,-106782.18364,174930.78406,4.1159031748919956e-11,31.40094900264797,88.16501905855206,-0.0678939829323077,-0.08435823735685165,0.10828621855235046,False,218.82813059309152
2020-02-29 09:00:00,-106758.03489,175123.39663,1.4551915228366852e-11,31.367155815072103,88.16365929311478,-0.06699449164654978,-0.08622493115317764,0.10919249362181382,False,217.84626211402355
2020-02-29 09:30:00,-106737.82668,175321.36638,4.1159031748919956e-11,31.333574547937534,88.1622395672451,-0.06695646545886444,-0.08686607952369037,0.10967626925894318,False,217.62507340439282
2020-02-29 10:00:00,-106714.76622,175515.8532,1.4551915228366852e-11,31.29987005320687,88.16085912723854,-0.06912977133998088,-0.08586769389341639,0.11023695451204872,False,218.83660661664004
2020-02-29 10:30:00,-106685.7747,175714.79099,1.4551915228366852e-11,31.2641592193783,88.15947154742365,-0.07161872248745077,-0.0855366164123392,0.1115605403267936,False,219.9390103648508
2020-02-29 11:00:00,-106654.19142,175912.87671,3.253907165344266e-11,31.228007982785417,88.15810180937035,-0.06930303193343094,-0.08440202330133396,0.10920902788929618,False,219.38963302555157
2020-02-29 11:30:00,-106629.96042,176103.96146,1.4551915228366852e-11,31.19467000175064,88.1567508668334,-0.06683489120178338,-0.08446716849206176,0.10771074800139757,False,218.35290870228033
2020-02-29 12:00:00,-106605.87278,176297.61313,0.0,31.161045584093657,88.1553789680349,-0.06531217387017527,-0.08474673453107216,0.1069938739803734,False,217.62053593631978
2020-02-29 12:30:00,-106586.62763,176486.69416,2.9103830456733704e-11,31.129279721589842,88.15401905255716,-0.06385927899682758,-0.08472379157705015,0.10609490267296585,False,217.00660864499793
2020-02-29 13:00:00,-106566.76236,176677.54707,5.999908354159067e-11,31.097159042524716,88.15264785226479,-0.0627901435568188,-0.08316351601450066,0.10420543423344111,False,217.05354568023185
2020-02-29 13:30:00,-106547.69887,176859.80841,4.1159031748919956e-11,31.06650683183197,88.15133826475186,-0.056772213853453594,-0.08211376394435826,0.09982862562878475,False,214.65939531410262
2020-02-29 14:00:00,-106544.24103,177036.22376,3.253907165344266e-11,31.04044168183901,88.15000095054354,-0.053240827436156365,-0.0828191626003107,0.09845607853201997,False,212.73519552702874
2020-02-29 14:30:00,-106537.21635,177214.09525,2.9103830456733704e-11,31.013359233545643,88.1486685351878,-0.04917108550876642,-0.08320109144457645,0.09664479948594851,False,210.58269973302302
2020-02-29 15:00:00,-106546.85613,177384.13521,3.253907165344266e-11,30.991387935302427,88.14731899475599,-0.04197100506232675,-0.08466889776389998,0.09450072758712286,False,206.36795844113797
2020-02-29 15:30:00,-106564.6389,177553.19085,3.253907165344266e-11,30.971520638640406,88.14593921761468,-0.040208204272598295,-0.08531802998226062,0.09431789825309358,False,205.2333021501169
2020-02-29 16:00:00,-106580.80496,177721.97822,3.253907165344266e-11,30.95133769587682,88.14456872312809,-0.03782929229985552,-0.08316865283676976,0.09136782896945203,False,204.45843186142486
2020-02-29 16:30:00,-106601.83371,177880.00527,5.999908354159067e-11,30.933865102192723,88.14325826408302,-0.03135272923467625,-0.0790680139748039,0.08505730106453359,False,201.62974216618136
2020-02-29 17:00:00,-106630.31081,178024.15608,5.999908354159067e-11,30.920149940803814,88.14201995953725,-0.024614325506178494,-0.07726761620666835,0.08109346172402006,False,197.6697671006038
2020-02-29 17:30:00,-106668.74756,178164.16972,3.253907165344266e-11,30.909397217453908,88.14076752412896,-0.022490909735204144,-0.0770329387952344,0.08024907899874884,False,196.2759481866329
2020-02-29 18:00:00,-106703.29601,178303.68149,0.0,30.89781005282805,88.13953675827528,-0.02476300414483811,-0.07510541332185491,0.0790824220957093,False,198.2479034756309
2020-02-29 18:30:00,-106731.09421,178441.95582,5.246767651208195e-11,30.884816939399546,88.13834645265477,-0.022737370306981645,-0.07353979255032014,0.0769746003355713,False,197.18080271373384
2020-02-29 19:00:00,-106768.94475,178572.90147,1.4551915228366852e-11,30.87525205325296,88.13716618668623,-0.0199706252919817,-0.07229751400958975,0.07500504254061567,False,195.44166341094896
2020-02-29 19:30:00,-106802.95178,178702.237,2.9103830456733704e-11,30.86501863860585,88.13601590046943,-0.01979111839148869,-0.07139368574614349,0.07408607650297737,False,195.49396134695002
2020-02-29 20:00:00,-106839.64129,178830.07098,2.9103830456733704e-11,30.8556430357253,88.13486477800149,-0.019702734148527693,-0.07195588735477694,0.07460460748466483,False,195.31320864763268
2020-02-29 20:30:00,-106874.91741,178960.99235,2.9103830456733704e-11,30.845510322790624,88.1336963595323,-0.021358327787244193,-0.07285297042764155,0.07591925622658709,False,196.3395705473248
2020-02-29 21:00:00,-106908.09991,179094.66766,1.4551915228366852e-11,30.834508705837198,88.13251631765826,-0.021284033593400833,-0.07349809992106181,0.07651784614069715,False,196.1502855030319
2020-02-29 21:30:00,-106944.74528,179227.45927,0.0,30.824461650985853,88.1313271135959,-0.019558002345308315,-0.07627107511194023,0.0787387601786459,False,194.38232249148183
2020-02-29 22:00:00,-106988.33226,179366.53542,2.9103830456733704e-11,30.815179706500544,88.13005768137985,-0.019265209573564406,-0.07838696425900764,0.08071966591640664,False,193.8079440819036
2020-02-29 22:30:00,-107029.7409,179505.3419,5.999908354159067e-11,30.80543527852332,88.12880026326475,-0.01973323792570308,-0.07801601639251955,0.08047297367930606,False,194.1945822761994
2020-03-01 02:00:00,-107314.45905,180508.41391,0.0,30.732000913789584,88.11977847543909,-0.013304893895250962,-0.07519033635489998,0.07635841068753907,False,190.03458961600757
2020-03-01 02:30:00,-107363.03664,180636.98834,2.9103830456733704e-11,30.72547097635296,88.11856655983394,-0.014640182810082336,-0.07361361612736193,0.07505530915304547,False,191.24814630346134
2020-03-01 03:00:00,-107404.55256,180763.15048,5.999908354159067e-11,30.717630972218764,88.11740548958848,-0.014321470356098931,-0.06954124774671953,0.07100063134459611,False,191.63691782075625
2020-03-01 03:30:00,-107446.59297,180878.54757,3.253907165344266e-11,30.711420644776002,88.11632486086107,-0.011854999129055847,-0.06652426078731714,0.06757231887133144,False,190.1043604358316
2020-03-01 04:00:00,-107490.16974,180990.8461,2.9103830456733704e-11,30.706007632702054,88.11526104080247,-0.008648538236864223,-0.06394667185509871,0.06452886218567762,False,187.70229565654006
2020-03-01 04:30:00,-107537.37519,181092.37856,3.253907165344266e-11,30.702944828686103,88.11426350500982,-0.0055509212512691655,-0.060970375126432275,0.061222539720234274,False,185.2020340550049
2020-03-01 05:00:00,-107585.05804,181189.77542,2.9103830456733704e-11,30.700570966015764,88.11329562281695,-0.0039094230127643195,-0.059588572258143985,0.059716677168583136,False,183.7536205674499
2020-03-01 05:30:00,-107634.79669,181284.01746,0.0,30.69911763649509,88.11234262997064,-0.0026773187456952605,-0.05627469731782191,0.05633834922926411,False,182.7238437691896
2020-03-01 06:00:00,-107680.19806,181368.89421,5.820766091346741e-11,30.69795141443522,88.11148157162012,-0.0016988023305402854,-0.052744247800995764,0.052771598473526415,False,181.8447616834626
2020-03-01 06:30:00,-107726.47368,181450.4112,0.0,30.697456062498247,88.11064238497454,-0.0010201955783571519,-0.05263754380846762,0.052647429350410335,False,181.11034024750188
2020-03-01 07:00:00,-107773.77817,181533.71128,2.9103830456733704e-11,30.696954213869265,88.1097847657478,-0.00099045453117411,-0.05093063396854782,0.050940263805918005,False,181.1140978949585
2020-03-01 07:30:00,-107817.00747,181609.89058,1.4551915228366852e-11,30.696488329864415,88.10900060226919,-0.0016922550061130026,-0.04817951848085906,0.04820922866063254,False,182.011627133594
2020-03-01 08:00:00,-107857.08228,181685.96484,2.9103830456733704e-11,30.69530181429456,88.10823166652251,-0.003761429803618429,-0.04807830479444444,0.048225218984210415,False,184.47345129598455
2020-03-01 08:30:00,-107893.71705,181765.63507,2.9103830456733704e-11,30.69281688150606,88.10745076451416,-0.004373812583433251,-0.048395554416548206,0.048592797036187144,False,185.1641526938269
2020-03-01 09:00:00,-107932.47232,181843.82006,1.4551915228366852e-11,30.691033471324097,88.10667160406182,-0.006133762241213245,-0.04961933915355522,0.04999701848377833,False,187.04694618192678
2020-03-01 09:30:00,-107965.90247,181930.51503,1.4551915228366852e-11,30.6868349843633,88.10585124729673,-0.006989491790695135,-0.04988672186906237,0.050373981521549205,False,187.97563757761571
2020-03-01 10:00:00,-108002.48766,182011.10528,1.4551915228366852e-11,30.684218017574995,88.10506347466085,-0.0039982902740390396,-0.049005136366582616,0.04916797448973095,False,184.66438563371656
2020-03-01 10:30:00,-108043.55129,182089.57894,0.0,30.68293773652551,88.10427153460301,-0.0030998893397443245,-0.0499636447817194,0.05005971547854119,False,183.55024555173486
2020-03-01 11:00:00,-108084.6752,182171.48809,5.999908354159067e-11,30.681198373655462,88.10345286168514,-0.004769045864857869,-0.05212437903713416,0.05234209289346338,False,185.22764121917498
2020-03-01 11:30:00,-108124.53527,182259.72017,2.9103830456733704e-11,30.67829438570103,88.10259126748767,-0.00520663211479204,-0.050608789279879884,0.05087591345965268,False,185.87392404418006
2020-03-01 12:00:00,-108161.51191,182337.74466,3.253907165344266e-11,30.67613021068609,88.10182145310142,-0.005587614655993382,-0.049820360606100005,0.05013272153459967,False,186.39927974538926
2020-03-01 12:30:00,-108198.73801,182424.23822,5.820766091346741e-11,30.672858614006746,88.10098527141535,-0.005098971511627286,-0.05088686885458749,0.051141694656125475,False,185.72205817141628
2020-03-01 13:00:00,-108239.17689,182504.67183,5.820766091346741e-11,30.671170747602808,88.1001810811973,-0.0039013426878000725,-0.04978222656840145,0.0499348631406486,False,184.48100768514314
2020-03-01 13:30:00,-108278.07784,182585.54795,3.253907165344266e-11,30.669066345905673,88.09938050550224,-0.005344310329055416,-0.048397661332245136,0.04869183992543252,False,186.30135529722463
2020-03-01 14:00:00,-108311.50025,182664.34692,1.4551915228366852e-11,30.665978154414685,88.0986209465153,-0.006248939121595111,-0.04562434700390933,0.04605030162418627,False,187.7989904181254
2020-03-01 14:30:00,-108342.49923,182738.30021,3.253907165344266e-11,30.66299670531341,88.09790977208183,-0.005655016189180849,-0.043188238559382516,0.04355689564193059,False,187.45980118819432
2020-03-01 15:00:00,-108373.28028,182808.46833,4.1159031748919956e-11,30.660487339970324,88.09722874320771,-0.005558571661985758,-0.039425798083155016,0.03981571641218001,False,188.02513320261681
2020-03-01 15:30:00,-108397.66445,182870.59599,1.4551915228366852e-11,30.657601675478524,88.09663885229126,-0.0054478068653954735,-0.03724034489520979,0.03763670930829139,False,188.322638187674
2020-03-01 16:00:00,-108424.7701,182933.79559,1.4551915228366852e-11,30.655201333760317,88.09602827429687,-0.004210698889198101,-0.03725230080724378,0.03748951720906619,False,186.4488805224621
2020-03-01 16:30:00,-108453.00217,182993.69168,2.9103830456733704e-11,30.653517193479797,88.09543799796694,-0.002533040275799512,-0.03598785353250239,0.036076888653481014,False,184.0261794375902
2020-03-01 17:00:00,-108482.97902,183049.89772,5.820766091346741e-11,30.652744841587477,88.09486818005007,-0.0008548220856534547,-0.034768279018212916,0.03477878587136741,False,181.4084054187325
2020-03-01 17:30:00,-108514.16853,183102.93739,2.9103830456733704e-11,30.65268833539516,88.09431721702286,0.0002354357373189047,-0.03265825461840245,0.03265910324406982,False,179.58695770567408
2020-03-01 18:00:00,-108543.64905,183150.60772,5.820766091346741e-11,30.652972909944324,88.0938154170156,0.0010156253672104452,-0.03225194909611796,0.032267936336014824,False,178.19633153132122
2020-03-01 18:30:00,-108576.50955,183200.9568,5.246767651208195e-11,30.653672191493886,88.09327755136297,0.0010961758786965058,-0.033138174081738365,0.033156299296342354,False,178.10540682043222
2020-03-01 19:00:00,-108607.86735,183251.22312,6.507814330688532e-11,30.654034725845094,88.0927471833707,0.000681163702061359,-0.03257505520812296,0.032582176198057505,False,178.80208588479223
2020-03-01 19:30:00,-108638.40963,183300.58959,5.246767651208195e-11,30.654331780417667,88.09222747009625,-0.0003304231319170535,-0.03350387658973587,0.03350550590554271,False,180.5650461702104
2020-03-01 20:00:00,-108668.33997,183355.58884,3.253907165344266e-11,30.653715127136017,88.09166716066181,-0.0017154952735252537,-0.03534019955336476,0.03538181211449083,False,182.77908858890584
2020-03-01 20:30:00,-108697.96211,183413.1852,3.253907165344266e-11,30.652671746224847,88.09108825191814,-0.0034469684530105665,-0.037466414016025046,0.037624643131015184,False,185.25650344518886
2020-03-01 21:00:00,-108726.4305,183477.94833,3.253907165344266e-11,30.6503807750252,88.09045940124079,-0.005704154300873962,-0.04092171980410966,0.041317363517221664,False,187.9354330375363
2020-03-01 21:30:00,-108755.39854,183550.39085,1.4551915228366852e-11,30.647155456463565,88.0897691076779,-0.007419964119114407,-0.040954445424651105,0.04162117811366794,False,190.26922760927687
2020-03-01 22:00:00,-108778.60512,183618.40725,3.253907165344266e-11,30.643207379213806,88.08913920192418,-0.011201929772695745,-0.04153303599093137,0.04301716296150186,False,195.0941574633384
2020-03-01 22:30:00,-108796.91129,183699.5849,5.820766091346741e-11,30.636330384846374,88.08843024918153,-0.013462712294683581,-0.04337719298133798,0.0454183387330455,False,197.24245315984086
2020-03-01 23:00:00,-108816.4803,183777.46601,5.820766091346741e-11,30.63020056589605,88.08774090752418,-0.012716416765395006,-0.04374234420700298,0.045553264779542926,False,196.20977257994008
2020-03-01 23:30:00,-108837.75101,183858.41,1.4551915228366852e-11,30.624049452663165,88.08702018078672,-0.01468513480451669,-0.04500686256569465,0.047342062293843454,False,198.07080908522775
2020-03-02 00:00:00,-108853.52301,183943.82318,6.507814330688532e-11,30.616024298767194,88.08629006857106,-0.017682043643292056,-0.044987549048810554,0.0483377102976798,False,201.45696345759134
2020-03-02 00:30:00,-108865.45011,184030.2071,2.9103830456733704e-11,30.60698607887808,88.08556996695293,-0.02313122096358767,-0.044372708611140003,0.050039890614942954,False,207.53275497667477
2020-03-02 01:00:00,-108863.18406,184123.70754,6.507814330688532e-11,30.593711883824973,88.08485965190188,-0.026459938444070165,-0.04339809616945657,0.05082836898423343,False,211.37077680104744
2020-03-02 01:30:00,-108862.96852,184213.1724,2.9103830456733704e-11,30.58146997738793,88.08417100276434,-0.021019365865916274,-0.04367597765160583,0.04847065880745606,False,205.69950719168818
2020-03-02 02:00:00,-108878.0341,184297.56887,3.253907165344266e-11,30.57344859788614,88.0834517471116,-0.014859202727273797,-0.04530237686232136,0.047677051660793904,False,198.15951686324837
2020-03-02 02:30:00,-108899.86589,184380.79691,2.9103830456733704e-11,30.567151051289027,88.08271065180259,-0.013964161464893769,-0.046901366429983715,0.048936039668297925,False,196.58009163008535
2020-03-02 03:00:00,-108920.61481,184468.51524,3.253907165344266e-11,30.559998352041426,88.0819398407074,-0.021674944464969762,-0.0456317497825634,0.05051791569114861,False,205.4075780828698
2020-03-02 03:30:00,-108916.19833,184561.92655,4.1159031748919956e-11,30.546283634508516,88.0812396356749,-0.029885131941063334,-0.04369382202536999,0.05293648264023094,False,214.37083940633698
2020-03-02 04:00:00,-108907.90341,184658.66217,1.4551915228366852e-11,30.53123473905733,88.080531323845,-0.031022385603470624,-0.04374044540813247,0.05362476082028001,False,215.3457141226225
2020-03-02 04:30:00,-108899.99578,184754.29455,3.253907165344266e-11,30.516435748938427,88.07982962910783,-0.0321155831353308,-0.04341152504494879,0.05399973321092022,False,216.4938115283404
2020-03-02 05:00:00,-108887.65952,184852.00428,4.1159031748919956e-11,30.500346921007957,88.0791319063001,-0.025885342731180316,-0.044640447793224285,0.05160252462322219,False,210.10785797145797
2020-03-02 05:30:00,-108901.26833,184940.05928,3.253907165344266e-11,30.491546233391944,88.07839066081736,-0.015976042050601047,-0.04748370367271244,0.0500992618117327,False,198.59567547291124
2020-03-02 06:00:00,-108924.83724,185028.48824,5.820766091346741e-11,30.484992221297098,88.0776012401955,-0.017749346171402006,-0.049919532549885924,0.0529811194626103,False,199.57330826518992
2020-03-02 06:30:00,-108937.37308,185127.3429,2.9103830456733704e-11,30.474496765662796,88.07678144378927,-0.02488498918478859,-0.050872041197933544,0.05663238704461691,False,206.06641406422756
2020-03-02 07:00:00,-108940.50713,185231.76175,5.820766091346741e-11,30.461097405451234,88.0759613173893,-0.026193825918440744,-0.05080137731803114,0.05715677084698318,False,207.27619827874463
2020-03-02 07:30:00,-108948.80501,185332.78946,0.0,30.449353884988245,88.07514383120522,-0.02479968121838403,-0.05142710819614275,0.057094409936098316,False,205.7447474910455
2020-03-02 08:00:00,-108957.36523,185436.60912,0.0,30.43730379882548,88.0743035192942,-0.024468513741432066,-0.05217432665553423,0.057626977420935754,False,205.12545620441543
2020-03-02 08:30:00,-108968.01066,185539.35567,5.820766091346741e-11,30.42588771560876,88.07346195217907,-0.023425232077731117,-0.05369342026693717,0.05858092588767698,False,203.57056106390013
2020-03-02 09:00:00,-108982.5378,185645.99273,1.4551915228366852e-11,30.41484835252258,88.07257266888963,-0.025860536620070432,-0.056717609243283465,0.0623350186696996,False,204.5107334541982
2020-03-02 09:30:00,-108991.09396,185762.57136,2.9103830456733704e-11,30.401110700449795,88.07163359210351,-0.025103559134800252,-0.06054685766723127,0.0655447225534625,False,202.51956794623572
2020-03-02 10:00:00,-109014.89406,185879.72477,2.9103830456733704e-11,30.390805479895494,88.07062091330673,-0.02326818730816257,-0.06354550885907784,0.06767156150678716,False,200.1109989703586
2020-03-02 10:30:00,-109034.56885,186002.27843,1.4551915228366852e-11,30.378839545188427,88.06958513700555,-0.027664854139419697,-0.06528460070395699,0.07090432457636466,False,202.9651776010972
2020-03-02 11:00:00,-109047.83021,186132.84651,0.0,30.36434065994874,88.06851638787882,-0.02907735760717645,-0.0676129686902572,0.07360031426920215,False,203.27040887348068
2020-03-02 11:30:00,-109067.29059,186265.21129,2.9103830456733704e-11,30.35103682342568,88.0674055837259,-0.028785612723497986,-0.06890888916559082,0.07467962577505922,False,202.67197147116062
2020-03-02 12:00:00,-109083.7546,186399.28217,0.0,30.33683359502671,88.06629504202955,-0.030397420908538995,-0.06760537098065708,0.07412482299016405,False,204.2101260641099
2020-03-02 12:30:00,-109095.77077,186530.53649,2.9103830456733704e-11,30.322005716102126,88.06522625948672,-0.03182148474979643,-0.06738300508163324,0.0745189658108118,False,205.2789266594269
2020-03-02 13:00:00,-109107.33665,186666.51195,4.1159031748919956e-11,30.30645985389638,88.0641228844768,-0.034286105300784936,-0.06736954917711471,0.0755922824964572,False,206.97271973470532
2020-03-02 13:30:00,-109111.59578,186802.20819,6.507814330688532e-11,30.28929801921215,88.06305452615624,-0.03654902913412562,-0.06537037754523224,0.07489404376219358,False,209.20985682604004
2020-03-02 14:00:00,-109112.41591,186936.08266,4.3655745685100555e-11,30.27161200903841,88.06201560605906,-0.037170587491921425,-0.06423266340809458,0.07421244924533994,False,210.05739529742777
2020-03-02 14:30:00,-109112.59465,187069.37114,5.820766091346741e-11,30.25387648327219,88.06098392750089,-0.044040880238084355,-0.062410510808243364,0.07638501810886184,False,215.20926011360396
2020-03-02 15:00:00,-109088.66262,187210.0409,3.253907165344266e-11,30.229668635828872,88.06000366611603,-0.04489288918942588,-0.06142534790702932,0.07608183005996676,False,216.16130764788932
2020-03-02 15:30:00,-109084.28989,187341.79927,2.9103830456733704e-11,30.211137744422228,88.05900389673624,-0.029305908111508898,-0.06185213809831306,0.0684435770366584,False,205.35187035483028
2020-03-02 16:00:00,-109109.53455,187455.55217,3.253907165344266e-11,30.20178031583088,88.05800988108037,-0.027454332893599193,-0.062331864592710166,0.06811021757590059,False,203.77129460725575
2020-03-02 16:30:00,-109111.75136,187585.45339,0.0,30.185033222541513,88.05699451425778,-0.03731441941784465,-0.064360301247397,0.0743949882259989,False,210.10403627031243
2020-03-02 17:00:00,-109109.91316,187723.37386,0.0,30.166315090092,88.05593514605886,-0.03431763271465159,-0.06484159823043566,0.07336302049544417,False,207.89018083462105
2020-03-02 17:30:00,-109122.24052,187849.35189,0.0,30.152429870000347,88.05490433120067,-0.028335192155939243,-0.0648821363798396,0.07079953909261066,False,203.59175639204423
2020-03-02 18:00:00,-109139.03436,187976.58311,4.1159031748919956e-11,30.139411682228516,88.05384361614136,-0.025710609391202233,-0.06789186796475799,0.07259711544552655,False,200.74164658374116
2020-03-02 18:30:00,-109164.91564,188107.19381,4.1159031748919956e-11,30.128031462699294,88.05271578431669,-0.022644415696672672,-0.07034142938846855,0.07389645627942265,False,197.84448122932662
2020-03-02 19:00:00,-109195.63162,188236.52011,0.0,30.117935180944286,88.0515761012661,-0.023705467912419113,-0.07165062599244262,0.07547026841118049,False,198.30669536687626
2020-03-02 19:30:00,-109220.52795,188373.13429,2.9103830456733704e-11,30.10556402071101,88.05040604246238,-0.02595697349722756,-0.07141929904828127,0.07599000427479659,False,199.97341243396744
2020-03-02 20:00:00,-109243.75677,188505.81779,2.9103830456733704e-11,30.09334658563206,88.04927383232179,-0.02643193221517237,-0.0704230559690673,0.07522003624467255,False,200.57265319829872
2020-03-02 20:30:00,-109265.318,188640.19651,2.9103830456733704e-11,30.080540750494634,88.04813588245554,-0.0257134522588969,-0.07096721047634448,0.07548196201652649,False,199.9169018778563
2020-03-02 21:00:00,-109291.70717,188773.28873,2.9103830456733704e-11,30.069016649228956,88.04698614419614,-0.024160730964738343,-0.07166214031256649,0.0756254142132685,False,198.63141935319794
2020-03-02 21:30:00,-109319.30562,188907.04143,6.507814330688532e-11,30.057694027005077,88.04582578426471,-0.02341348237642909,-0.07074101259497868,0.07451497849395307,False,198.31323489932163
2020-03-02 22:00:00,-109346.30947,189035.9268,4.1159031748919956e-11,30.046889204420154,88.04470574109081,-0.023659397346639882,-0.07069520178215447,0.07454916926314958,False,198.50372711913172
2020-03-02 22:30:00,-109373.00949,189169.99031,1.4551915228366852e-11,30.035348168150982,88.04354684917993,-0.02763555806096923,-0.0722770900789033,0.07738024179088034,False,200.92464012962725
2020-03-02 23:00:00,-109390.41879,189310.98131,4.1159031748919956e-11,30.020804504171085,88.04237579337438,-0.03132166587915017,-0.07383514179389729,0.08020395823879292,False,202.98718208400606
2020-03-02 23:30:00,-109408.36551,189456.55168,3.253907165344266e-11,30.0058003513044,88.04116669491947,-0.029913110696208122,-0.07444501808709027,0.08023001252343663,False,201.89099203840794
2020-03-03 00:00:00,-109431.18892,189596.91738,1.4551915228366852e-11,29.992601108801125,88.03997599793317,-0.030544654653662354,-0.07504704064706998,0.08102489887555843,False,202.1466566042589
2020-03-03 00:30:00,-109448.18406,189745.51072,3.253907165344266e-11,29.977022011399615,88.03874745655513,-0.03320114951712357,-0.07690757186026934,0.0837680782798608,False,203.34995214773693
2020-03-03 01:00:00,-109465.99148,189896.46751,3.253907165344266e-11,29.96133783016687,88.03749680241182,-0.039774956669880006,-0.07475418939243746,0.08467724611612756,False,208.01639906798027
2020-03-03 01:30:00,-109458.52998,190050.17319,3.253907165344266e-11,29.939595045073496,88.03633761021884,-0.04563632349130448,-0.07112140993696695,0.08450401749754322,False,212.6869853020031
2020-03-03 02:00:00,-109451.40968,190200.3323,2.9103830456733704e-11,29.91841697569537,88.03520413703279,-0.040601195551680035,-0.07077547929610385,0.08159427400142112,False,209.84125064651278
2020-03-03 02:30:00,-109458.92559,190343.91231,0.0,29.90142999417226,88.03405613650257,-0.03478729297861914,-0.07160695043336475,0.07960974251400793,False,205.91089350161366
2020-03-03 03:00:00,-109471.35432,190486.23254,3.253907165344266e-11,29.88573738100451,88.03289582437716,-0.03258804910860161,-0.07074549010040043,0.07789034159798303,False,204.73258553469483
2020-03-03 03:30:00,-109484.1111,190623.18419,4.1159031748919956e-11,29.870834297326816,88.03177558809026,-0.028331236467872924,-0.06980638384621304,0.07533651296339224,False,202.08999628285312
2020-03-03 04:00:00,-109508.07207,190754.94699,1.4551915228366852e-11,29.859152276856094,88.03064556708424,-0.024444113687992215,-0.06919312421059345,0.07338394328471387,False,199.45697683323726
2020-03-03 04:30:00,-109531.81091,190883.02445,0.0,29.847911011338994,88.02954507684578,-0.023609001362748055,-0.0672443784071549,0.07126844584183718,False,199.34579506687527
2020-03-03 05:00:00,-109554.8369,191007.21544,2.9103830456733704e-11,29.837024534050922,88.02847787468494,-0.019542654395856673,-0.06485675522074094,0.067737094996752,False,196.7686184133057
2020-03-03 05:30:00,-109586.94966,191120.56238,0.0,29.82960267796587,88.02745436838764,-0.016858400093399825,-0.06431868739009906,0.06649134681516408,False,194.687254435977
2020-03-03 06:00:00,-109617.36436,191238.27336,6.507814330688532e-11,29.82124146837016,88.02640448757172,-0.017790307285981112,-0.06452426457920521,0.06693187396761656,False,195.4143302287167
2020-03-03 06:30:00,-109646.90082,191353.93986,6.507814330688532e-11,29.812955252423077,88.02537435875186,-0.01668342178590238,-0.06451649771021334,0.06663869025782458,False,194.4986023795483
2020-03-03 07:00:00,-109680.72528,191469.65413,3.253907165344266e-11,29.805637645559248,88.02432473212812,-0.016185936724766342,-0.06438363180982067,0.06638702126681609,False,194.11162352007682
2020-03-03 07:30:00,-109711.54847,191584.02347,2.9103830456733704e-11,29.79782535249803,88.023298879242,-0.014519594036276447,-0.05899787019853084,0.0607582693873103,False,193.82594181959678
2020-03-03 08:00:00,-109740.91219,191679.94024,4.1159031748919956e-11,29.79207075687349,88.02242287893624,-0.013822643908802671,-0.055383419832062984,0.057082297404047314,False,194.01364122685297
2020-03-03 08:30:00,-109767.4266,191781.77673,4.1159031748919956e-11,29.784917575285814,88.02151352773184,-0.015833281537919512,-0.0595273305957671,0.061597044507969476,False,194.89486150354622
2020-03-03 09:00:00,-109797.89403,191894.24341,6.507814330688532e-11,29.777291969197787,88.0205039468944,-0.015663938016998665,-0.06143181730387369,0.0633973747994102,False,194.3045225146176
2020-03-03 09:30:00,-109828.31403,192001.7356,6.507814330688532e-11,29.770303250399454,88.01953320704315,-0.014706127634506386,-0.060281299903332024,0.06204921682050346,False,193.70998561269926
2020-03-03 10:00:00,-109859.69114,192108.9024,1.4551915228366852e-11,29.763578308199037,88.01856071239656,-0.015153647880521082,-0.06352791306789914,0.06531025021272978,False,193.41635477104944
2020-03-03 10:30:00,-109894.48949,192227.34758,5.820766091346741e-11,29.756180047178024,88.01748531000977,-0.017009266323606356,-0.06744944142703824,0.06956106877907232,False,194.15363361764943
2020-03-03 11:00:00,-109927.04472,192350.09443,0.0,29.747734133077312,88.01638639794484,-0.019185781400447514,-0.06764164261029594,0.07030992833849826,False,195.83538384781173
2020-03-03 11:30:00,-109955.34795,192473.03809,5.820766091346741e-11,29.7383180441405,88.01530479912164,-0.02093824018890497,-0.06641538700414669,0.06963773067180501,False,197.49807680870975
2020-03-03 12:00:00,-109980.19505,192595.09125,3.253907165344266e-11,29.728250954938858,88.01424541782684,-0.021116063235557293,-0.0663415165409214,0.06962100935434218,False,197.65592661737725
2020-03-03 12:30:00,-110007.76745,192718.13076,4.1159031748919956e-11,29.718679468871827,88.01316620670322,-0.021064550029598953,-0.06708067749189035,0.07031025928497549,False,197.43323501539385
2020-03-03 13:00:00,-110034.05382,192842.41172,0.0,29.708671354244018,88.01208299179213,-0.019654027686689945,-0.06796805127121627,0.070752645165505,False,196.12805446654903
2020-03-03 13:30:00,-110067.57663,192965.71873,0.0,29.700419813978712,88.01097518705721,-0.018743928040710053,-0.06691067809799695,0.06948649999769081,False,195.64934355887112
2020-03-03 14:00:00,-110094.78727,193085.07851,0.0,29.691267975503457,88.00992604296952,-0.0184796960217896,-0.06241142557095143,0.0650898241421511,False,196.49374550314164
2020-03-03 14:30:00,-110121.07471,193193.85333,2.9103830456733704e-11,29.683269630834943,88.00896328731275,-0.018678060604004086,-0.060246049328885075,0.06307500620424308,False,197.22498520168938
2020-03-03 15:00:00,-110143.7728,193306.80179,5.999908354159067e-11,29.67394376459077,88.00798393338121,-0.01854928304750157,-0.061416313466420604,0.06415636727077029,False,196.80564674352559
2020-03-03 15:30:00,-110172.51263,193419.01552,3.253907165344266e-11,29.666071975211675,88.00698346712137,-0.016319623008966208,-0.06006120045966428,0.06223887768758974,False,195.2012046420292
2020-03-03 16:00:00,-110199.73991,193523.75927,0.0,29.658820903172245,88.00604779182926,-0.014972018138958957,-0.05832189843516916,0.06021299829966536,False,194.39769564293297
2020-03-03 16:30:00,-110229.56967,193628.1383,0.0,29.652204637912988,88.00510339357052,-0.013432860227539846,-0.05907563735086215,0.06058360060530574,False,192.81033331658608
2020-03-03 17:00:00,-110262.93059,193732.50545,0.0,29.6463849589428,88.00414342064472,-0.013171831621291782,-0.05772609221648972,0.05920978695153646,False,192.85358408889277
2020-03-03 17:30:00,-110291.15267,193832.2037,1.4551915228366852e-11,29.640016615165052,88.00324252127109,-0.014140190262406744,-0.05632238748944826,0.058070270476110415,False,194.09328648363817
2020-03-03 18:00:00,-110318.96185,193933.90963,0.0,29.6333069267711,88.00232779885572,-0.011844872301558212,-0.05585604603681389,0.0570981512722338,False,191.9728146785053
2020-03-03 18:30:00,-110353.51264,194028.0695,0.0,29.62906514199513,88.00144194188455,-0.00925091101291417,-0.05355158572333571,0.054344748486423504,False,189.80098281486136
2020-03-03 19:00:00,-110385.32312,194117.95207,5.246767651208195e-11,29.62475841705532,88.0006014979127,-0.009014573848921027,-0.05151652825327913,0.052299285128465746,False,189.9253621301458
2020-03-03 19:30:00,-110416.9782,194205.32782,1.4551915228366852e-11,29.62073843221978,87.99978124416812,-0.0087555598199614,-0.05047243077067297,0.05122622468678809,False,189.84128401094455
2020-03-03 20:00:00,-110447.72905,194291.48643,0.0,29.61667442030943,87.9989744569025,-0.006949900134367477,-0.050263010852709365,0.050741219652835116,False,187.87240873851533
2020-03-03 20:30:00,-110484.65035,194374.99874,0.0,29.614323510206347,87.99816095730817,-0.0062049349532129795,-0.049720184609561756,0.050105867674180696,False,187.1135697167963
2020-03-03 21:00:00,-110516.76011,194458.13595,2.9103830456733704e-11,29.61095042980793,87.99737166337285,-0.008649831137546313,-0.051477615926858386,0.05219927700860626,False,189.53835867832674
2020-03-03 21:30:00,-110549.14556,194551.50176,0.0,29.60634742055373,87.996501509362,-0.007467986371997946,-0.050904771083867,0.051449650528971026,False,188.34604378633668
2020-03-03 22:00:00,-110583.92147,194630.7492,2.9103830456733704e-11,29.604065420965426,87.99573068945149,-0.001650242455805185,-0.04840450414672985,0.04843262662558918,False,181.9526141633308
2020-03-03 22:30:00,-110630.0634,194705.94536,1.4551915228366852e-11,29.604825657585927,87.99494113098989,-0.004781278610319021,-0.04741979178210975,0.04766022742086044,False,185.75760334396693
2020-03-03 23:00:00,-110653.28985,194787.67795,3.253907165344266e-11,29.599663735039986,87.9942020449473,-0.011112467319742296,-0.046238818404039275,0.04755539146441823,False,193.51348337525235
2020-03-03 23:30:00,-110677.49983,194870.44163,9.203439287865708e-11,29.59459407615333,87.99345056470322,-0.007551344038653096,-0.046888876159891346,0.04749304690507578,False,189.14879581261187
2020-03-04 00:00:00,-110713.01502,194947.88202,1.4551915228366852e-11,29.592712406089024,87.99269052953036,-0.004182737837543835,-0.047149210191142134,0.0473343777551382,False,185.06959690324618
2020-03-04 00:30:00,-110748.22767,195025.47393,6.507814330688532e-11,29.590745836803464,87.99193065002927,-0.00379728276510952,-0.04716199429507294,0.04731461784994876,False,184.60328173611924
2020-03-04 01:00:00,-110784.96692,195102.27155,1.4551915228366852e-11,29.589219923064174,87.9911702031243,-0.004334339059753757,-0.045924115913340884,0.046128200891719984,False,185.39163076402048
2020-03-04 01:30:00,-110816.29374,195176.94485,2.9103830456733704e-11,29.58676140796884,87.99045022641833,-0.009297534026976452,-0.04640495208261512,0.04732719848852868,False,191.32957174982698
2020-03-04 02:00:00,-110838.34342,195264.07261,4.1159031748919956e-11,29.580676856427164,87.98967427060646,-0.013570198786970928,-0.04840531880606715,0.05027151463637142,False,195.66058541865192
2020-03-04 02:30:00,-110859.8312,195352.60739,1.4551915228366852e-11,29.574295202170994,87.98888981766825,-0.01431116540377811,-0.04362216422602127,0.04590972301132153,False,198.16316130896465
2020-03-04 03:00:00,-110871.04272,195426.08058,2.9103830456733704e-11,29.567534543944912,87.98826805243188,-0.011072519165256407,-0.03787689852516579,0.039462135301459256,False,196.29517678272563
2020-03-04 03:30:00,-110892.44621,195490.87652,2.9103830456733704e-11,29.564129397956176,87.98766881737508,-0.00575051187183913,-0.0387551661823134,0.03917947539984285,False,188.43999680504896
2020-03-04 04:00:00,-110921.87429,195557.64865,0.0,29.56225665564212,87.98701873194504,-0.003156423906045801,-0.038790189952340653,0.038918399869641705,False,184.65200582677312
2020-03-04 04:30:00,-110951.45869,195617.94849,0.0,29.561233254830018,87.98641836600333,0.001966703540814241,-0.03780801128161756,0.03785912888443647,False,177.02226230228928
2020-03-04 05:00:00,-110995.18256,195672.54705,5.820766091346741e-11,29.56405928601195,87.98579993936652,0.0044063530300783756,-0.03814797170676741,0.03840161054390828,False,173.4111424716814
2020-03-04 05:30:00,-111033.01574,195729.57442,2.9103830456733704e-11,29.565273892051575,87.98518861836072,0.0036463758005259236,-0.0384950929644242,0.03866740537996211,False,174.58890935061635
2020-03-04 06:00:00,-111074.97888,195786.60812,1.4551915228366852e-11,29.567401298662453,87.98455899875526,0.008622208228451446,-0.03875771457443354,0.03970520008472485,False,167.45797509737463
2020-03-04 06:30:00,-111128.86311,195835.61573,0.0,29.573173525638104,87.98393920376455,0.01404843411948491,-0.039103208880659907,0.0415502039221714,False,160.23838750991166
2020-03-04 07:00:00,-111188.44037,195884.08061,2.9103830456733704e-11,29.580269790613773,87.98329845016664,0.01664094809316371,-0.03703692557934264,0.040603632963186115,False,155.80528511876457
2020-03-04 07:30:00,-111246.78128,195921.99787,0.0,29.588412531489666,87.98274526474955,0.015964735419763808,-0.03319173182072291,0.03683156035632825,False,154.31312908991606
2020-03-04 08:00:00,-111297.41885,195959.61046,1.4551915228366852e-11,29.594886097942,87.98222847833449,0.015444505356382811,-0.035548628978184546,0.038758712155229816,False,156.51691652872387
2020-03-04 08:30:00,-111358.33015,196005.81822,1.4551915228366852e-11,29.60254764125851,87.98159930245362,0.016003339455384027,-0.04002055204436293,0.04310164103209776,False,158.2046152893226
2020-03-04 09:00:00,-111418.68069,196056.41968,1.4551915228366852e-11,29.609528957673724,87.98093836577287,0.016631350802427183,-0.038817462518157375,0.04223028801538,False,156.8072762943487
2020-03-04 09:30:00,-111479.42944,196097.73008,3.253907165344266e-11,29.617759915169735,87.98034796404355,0.01677387170684294,-0.036315322136271644,0.04000206737030984,False,155.2080131619408
2020-03-04 10:00:00,-111535.78751,196140.2298,5.820766091346741e-11,29.62486759376004,87.97976769821399,0.015159809368624795,-0.036590423482592054,0.03960655136121382,False,157.49524242694304
2020-03-04 10:30:00,-111591.98515,196185.25888,5.820766091346741e-11,29.631618322994818,87.97916842433285,0.01370687253048312,-0.036600900290505924,0.039083298947791875,False,159.46930088054552
2020-03-04 11:00:00,-111643.82565,196230.36423,5.820766091346741e-11,29.63739438456439,87.97858782289315,0.010461127334787242,-0.03352688030394739,0.03512103198981841,False,162.67092473083267
2020-03-04 11:30:00,-111684.4039,196271.54193,0.0,29.641176524486248,87.97808764618009,0.009230332553941352,-0.03292849000503211,0.03419772643126805,False,164.34104647043267
2020-03-04 12:00:00,-111731.33366,196316.96023,6.507814330688532e-11,29.645824945461673,87.977526326438,0.006427021059256804,-0.02800560481037948,0.028733612729541697,False,167.07496251888313
2020-03-04 12:30:00,-111754.3819,196347.72015,0.0,29.647046371449996,87.97718485394063,0.00769305063793627,-0.02278092832517662,0.02404482737460775,False,161.34032996206997
2020-03-04 13:00:00,-111795.97044,196374.53591,5.820766091346741e-11,29.65284766327066,87.976791942524,0.012724530507649415,-0.023276871638161903,0.02652784254136711,False,151.3363448262998
2020-03-04 13:30:00,-111835.64901,196397.87941,0.0,29.65866151809163,87.97643449244387,0.013444934106508502,-0.020701170107884546,0.02468409805854628,False,146.9972025085736
2020-03-04 14:00:00,-111874.90798,196415.34588,1.4551915228366852e-11,29.665118170874457,87.97612460982543,0.010396853460678075,-0.018645368713985918,0.02134816939138573,False,150.85550332581454
2020-03-04 14:30:00,-111901.39335,196437.68052,6.507814330688532e-11,29.66814926773204,87.97583344370811,0.007966966335752772,-0.014970013440905428,0.016958002683568223,False,151.97831510282992
2020-03-04 15:00:00,-111926.50442,196447.97661,3.253907165344266e-11,29.67238706968978,87.97564202840987,0.010715004184281084,-0.010572158381301367,0.015052635899020539,False,134.6155270218872
2020-03-04 15:30:00,-111953.75027,196451.65384,3.253907165344266e-11,29.67792444101179,87.97549263189632,0.011940148553738745,-0.011644876114232875,0.016678437792586594,False,134.28272363404034
2020-03-04 16:00:00,-111984.60671,196463.11632,3.253907165344266e-11,29.68327894393298,87.97526664060196,0.012833511220440682,-0.013026974363155685,0.018286636413061105,False,135.42862361393998
2020-03-04 16:30:00,-112017.11197,196469.51813,2.9103830456733704e-11,29.68963013190017,87.97507268604653,0.01496275254503485,-0.01161165718994766,0.018939760991649554,False,127.81280414606294
2020-03-04 17:00:00,-112052.10574,196472.75071,4.1159031748919956e-11,29.69692542051494,87.97489231903894,0.016726894674183798,-0.009942032998116704,0.019458494946343607,False,120.72615328707673
2020-03-04 17:30:00,-112087.15125,196470.77641,5.999908354159067e-11,29.704884345521705,87.9747521879357,0.018453157883759806,-0.010695064642900017,0.021328465570658775,False,120.09568452409184
2020-03-04 18:00:00,-112128.88643,196473.27442,0.0,29.71375229364332,87.97454754431848,0.0206087958018844,-0.014541701150816395,0.02522267901638172,False,125.20704424935082
2020-03-04 18:30:00,-112177.53588,196479.46878,0.0,29.723674968455448,87.97428341022584,0.02155486516752764,-0.014731368311622672,0.02610795711508231,False,124.35010258932766
2020-03-04 19:00:00,-112222.56884,196480.85542,0.0,29.73340365624708,87.97407265970278,0.02312825617611337,-0.012435396388188627,0.026259385314193875,False,118.26563776869546
2020-03-04 19:30:00,-112272.03865,196477.04734,6.507814330688532e-11,29.74475822749965,87.97388252763236,0.024311536098880943,-0.012078829573508998,0.02714680296744106,False,116.41980892331208
2020-03-04 20:00:00,-112320.13282,196475.18729,0.0,29.755563549594424,87.9736832858491,0.02326741279668642,-0.013024102714084525,0.026664578559550324,False,119.2382365845803
2020-03-04 20:30:00,-112368.02722,196476.18063,0.0,29.765964247732896,87.97346268048315,0.02293189102336669,-0.011754504564882442,0.02576897365968245,False,117.13891978707659
2020-03-04 21:00:00,-112412.80363,196470.9353,5.999908354159067e-11,29.776461879843005,87.97330436265112,0.022221462069333425,-0.00993025273305579,0.0243393363886772,False,114.07875301098642
2020-03-04 21:30:00,-112455.21594,196467.48156,1.4551915228366852e-11,29.78621330608688,87.97314256982456,0.02034284244408504,-0.010919343386320855,0.02308816360590978,False,118.22538502796277
2020-03-04 22:00:00,-112495.89018,196468.67133,0.0,29.794997503584188,87.97295236815917,0.019391775127199067,-0.010560203603920855,0.022080734651277332,False,118.57144158978099
2020-03-04 22:30:00,-112534.68846,196465.78416,5.820766091346741e-11,29.803880905388123,87.97280214661171,0.018801561731421588,-0.009624748266022845,0.021121896286194725,False,117.10845919237136
2020-03-04 23:00:00,-112571.84488,196465.09548,2.9103830456733704e-11,29.812125944282446,87.97264210454323,0.017963817164314614,-0.00839605503772621,0.019829081353140193,False,115.0507765232473
2020-03-04 23:30:00,-112605.82681,196459.85883,2.9103830456733704e-11,29.820245060147602,87.97253148886549,0.015840404667287013,-0.006482656039938814,0.01711558498432243,False,112.25674005989549
2020-03-05 00:00:00,-112632.9249,196456.98526,2.9103830456733704e-11,29.826554940980373,87.9724331352673,0.0125618655661127,-0.005615424168033192,0.013759849384641507,False,114.08567069479113
2020-03-05 00:30:00,-112655.11382,196454.90381,2.9103830456733704e-11,29.83168707465701,87.97235047209976,0.011669863408511031,-0.0022770997191421745,0.011889949331440487,False,101.04119179949936
2020-03-05 01:00:00,-112673.44739,196443.19778,6.507814330688532e-11,29.837184183578753,87.97235972862465,0.011393236122893386,0.00030141135351593844,0.011397222387758827,False,88.48457707160117
2020-03-05 01:30:00,-112690.15268,196433.55576,6.507814330688532e-11,29.842064151921885,87.97236019048769,0.008728099315656341,-0.0006003221062735216,0.008748720151841718,False,93.93462950115344
2020-03-05 02:00:00,-112701.77753,196429.43686,5.999908354159067e-11,29.84513381576273,87.97234038085996,0.005362002115478243,-0.00124177657204129,0.005503914583390967,False,103.03916129421123
2020-03-05 02:30:00,-112709.1205,196427.82688,0.0,29.8469478954759,87.97232016200405,0.0037692042612599637,-0.00033879800619792126,0.003784400197138769,False,95.13627487998934
2020-03-05 03:00:00,-112714.15384,196423.7416,3.253907165344266e-11,29.848566812433234,87.97232945944663,0.004042042458540481,0.0024348140068969123,0.004718731448686752,False,58.93640905967834
2020-03-05 03:30:00,-112717.37894,196412.98198,4.1159031748919956e-11,29.850629446046963,87.97239865108132,0.005661598313256246,0.005488560030600372,0.007885301939061682,False,45.88909656581512
2020-03-05 04:00:00,-112721.9967,196396.45944,2.9103830456733704e-11,29.85372365962156,87.97250638909135,0.005481421856862349,0.007424240157016992,0.009228506243263422,False,36.43897815186125
2020-03-05 04:30:00,-112721.18896,196379.97855,0.0,29.855622313197838,87.97263798352166,0.004886469557408199,0.009021810078975942,0.010260148236579673,False,28.441238348481193
2020-03-05 05:00:00,-112721.08499,196359.53416,0.0,29.858175004929972,87.97279721864737,0.0059011713932266225,0.010530585306772563,0.012071331770581504,False,29.26557215475958
2020-03-05 05:30:00,-112720.7395,196336.52408,1.4551915228366852e-11,29.860998383851985,87.97297745096316,0.0062068444493478,0.011178613004285647,0.012786176391634199,False,29.04090927570951
2020-03-05 06:00:00,-112720.42617,196313.50864,5.246767651208195e-11,29.86382999927873,87.97315757657702,0.004982257500317485,0.010852426713247603,0.011941442767349346,False,24.659455834166465
2020-03-05 06:30:00,-112716.84001,196293.71211,2.9103830456733704e-11,29.865537963466917,87.9733272954086,0.004865956810977733,0.011034737069790267,0.012059973378316557,False,23.795904656554967
2020-03-05 07:00:00,-112715.8355,196270.33612,3.253907165344266e-11,29.86826419611199,87.97351329506742,0.006032062616207641,0.013024159563368455,0.014353205625849987,False,24.850934922109445
2020-03-05 07:30:00,-112712.32097,196242.23856,2.9103830456733704e-11,29.871035237818898,87.97374714696561,0.0036408190381581446,0.011925474300420215,0.012468861237442569,False,16.977306183709743
2020-03-05 08:00:00,-112705.81906,196226.58004,2.9103830456733704e-11,29.871582290625394,87.97389773134199,0.0005384679090040378,0.010226991372820408,0.010241157172349726,False,3.0139339702845405
2020-03-05 08:30:00,-112695.66484,196209.3473,3.253907165344266e-11,29.87152600771338,87.97407682811898,0.0006015296984161313,0.013304754384060487,0.013318345512797501,False,2.5886729998565556
2020-03-05 09:00:00,-112683.84138,196183.96778,2.9103830456733704e-11,29.872130715199575,87.97432662818018,0.0011093932515816307,0.014269758291597772,0.014312817859781429,False,4.445481763794305
2020-03-05 09:30:00,-112673.54182,196162.8122,7.275957614183426e-11,29.872537405547877,87.97453683333634,0.0008844720886447468,0.014419377380717122,0.014446478287912531,False,3.5100755684067053
2020-03-05 10:00:00,-112660.74762,196137.36907,3.253907165344266e-11,29.87293717723474,87.9747914564937,0.0019217290189596442,0.017029294594572673,0.017137383604595356,False,6.438499563479809
2020-03-05 10:30:00,-112649.00592,196106.20645,0.0,29.874289988028817,87.97508579535366,0.0009559752940231144,0.017522611911069047,0.01754866994813913,False,3.1227709530936636
2020-03-05 11:00:00,-112632.31106,196080.95569,3.253907165344266e-11,29.87380880260686,87.97535632225092,-0.002125004326506811,0.014946778920845755,0.015097080628264248,False,351.90840629935605
2020-03-05 11:30:00,-112615.5709,196063.35827,1.4551915228366852e-11,29.87235155556065,87.97556762452892,-0.0034317121960123894,0.012994506077908072,0.013440008809708795,False,345.20653035044916
2020-03-05 12:00:00,-112598.29851,196046.54405,2.9103830456733704e-11,29.87067818463576,87.97577521761264,-0.004319974720192489,0.017947953009289953,0.01846053083762172,False,346.4666444653908
2020-03-05 12:30:00,-112569.9051,196015.07485,3.253907165344266e-11,29.868409986495287,87.97614620044469,-0.005392810069783361,0.014027617480838035,0.015028521305752928,False,338.9711265987796
2020-03-05 13:00:00,-112556.31394,196012.42081,2.9103830456733704e-11,29.865757466782316,87.97622741631795,-0.006717170002202606,0.00899063516959257,0.0112228291259916,False,323.2355016034106
2020-03-05 13:30:00,-112532.81734,195999.04879,3.253907165344266e-11,29.862279961371357,87.97643602419905,-0.009299592978963305,0.016057128009901996,0.018555694260812848,False,329.9224358500521
2020-03-05 14:00:00,-112498.49811,195978.95984,0.0,29.857269814690877,87.97674503558238,-0.01131127277575592,0.019546114167236325,0.02258307930389905,False,329.9421729142041
2020-03-05 14:30:00,-112462.47058,195958.29496,2.9103830456733704e-11,29.851955107605566,87.9770661186723,-0.01195020636817751,0.016829239235757423,0.020640511754711592,False,324.6219741047208
2020-03-05 15:00:00,-112431.02864,195947.8274,2.9103830456733704e-11,29.846360329263067,87.97728754791915,-0.013133449516125727,0.012138293703294712,0.01788367049070372,False,312.7449603182103
2020-03-05 15:30:00,-112399.71392,195943.92338,1.4551915228366852e-11,29.839963934323645,87.9774574100023,-0.016146709647041586,0.012239827756060662,0.02026153044377198,False,307.16352869662813
2020-03-05 16:00:00,-112358.68218,195938.52936,0.0,29.831616252128452,87.97768210642127,-0.017747421024335096,0.015478580617071639,0.02354904267553561,False,311.0936168197085
2020-03-05 16:30:00,-112316.56979,195927.36688,1.4551915228366852e-11,29.823756686453056,87.97795638535656,-0.01553434063698507,0.015957648920566524,0.02227021100254651,False,315.7701106804003
2020-03-05 17:00:00,-112281.59452,195916.50292,5.820766091346741e-11,29.817428538715443,87.97819652942238,-0.01383524246271739,0.014610482238528172,0.020121633264835275,False,316.5611124552651
2020-03-05 17:30:00,-112247.20305,195906.4982,1.4551915228366852e-11,29.811119031688325,87.97842737398466,-0.014815759555256701,0.01402693437740593,0.020402490515307993,False,313.43339564705775
2020-03-05 18:00:00,-112210.21171,195899.20422,0.0,29.803893591836193,87.97864870269285,-0.018968603991599144,0.021613076743070815,0.02875644316830542,False,318.72836224746396
2020-03-05 18:30:00,-112149.2756,195872.92341,0.0,29.793786858590952,87.9791240851579,-0.02083661385887075,0.0241211230261731,0.03187464592975838,False,319.1784747183526
2020-03-05 19:00:00,-112101.96793,195861.11808,2.9103830456733704e-11,29.784852868336493,87.97942628632303,-0.020612503578578658,0.01896239409150372,0.028007993385075144,False,312.6123860794295
2020-03-05 19:30:00,-112050.96323,195850.5377,2.9103830456733704e-11,29.774946903322306,87.97973535769073,-0.024434610554287525,0.020119581449579385,0.031651978621343065,False,309.46821334464937
2020-03-05 20:00:00,-111989.6476,195841.9324,2.9103830456733704e-11,29.762515706205146,87.980074850587,-0.02712644769651829,0.021100412796931735,0.03436672205539631,False,307.8777006462615
2020-03-05 20:30:00,-111928.48193,195833.07291,5.999908354159067e-11,29.75014544143742,87.98041555815466,-0.02573699495943348,0.020640150705386967,0.03299104015763963,False,308.7283676001088
2020-03-05 21:00:00,-111872.33503,195823.39762,2.9103830456733704e-11,29.73898092832554,87.98074022211408,-0.030322862805770977,0.019563363356989105,0.03608602492066968,False,302.82884340131534
2020-03-05 21:30:00,-111798.7611,195826.0705,6.507814330688532e-11,29.722411673731834,87.98104616314167,-0.034748020860587044,0.0187468994534744,0.03948254288728718,False,298.34729854266504
2020-03-05 22:00:00,-111730.23881,195826.80862,4.1159031748919956e-11,29.70719610763813,87.98134456661025,-0.03795175148346122,0.022915101711565095,0.04433325306261401,False,301.1233958558742
2020-03-05 22:30:00,-111639.21014,195822.12602,1.4551915228366852e-11,29.687688904075216,87.98178481609469,-0.03704567681011547,0.02177797207536757,0.04297280812368464,False,300.449912638226
2020-03-05 23:00:00,-111575.55039,195824.75063,1.4551915228366852e-11,29.673299275552473,87.98204666179531,-0.034573250319301606,0.014380053204239063,0.03744456659914539,False,292.5838931181113
2020-03-05 23:30:00,-111505.44028,195838.76282,3.253907165344266e-11,29.65604815444711,87.98224834834934,-0.03654598458185874,0.008372146369576238,0.037492690272786046,False,282.9029770510058
2020-03-06 00:00:00,-111446.30554,195863.65647,5.820766091346741e-11,29.639850801545762,87.98231655986406,-0.04322623161227624,0.00803040024748285,0.04396583250130631,False,280.52420727977506
2020-03-06 00:30:00,-111355.89075,195890.59472,2.9103830456733704e-11,29.616481238987916,87.98250713172516,-0.050582535448178284,0.01030411028574779,0.05162138685803652,False,281.5141144709072
2020-03-06 01:00:00,-111269.66694,195921.39894,0.0,29.593548496730683,87.98264873272876,-0.05537337120138154,0.006873093346265766,0.055798294331928046,False,277.07551976980744
2020-03-06 01:30:00,-111170.3317,195967.52421,4.1159031748919956e-11,29.565789791021768,87.98272861981944,-0.06177903895844136,0.007379149931627728,0.06221817667162915,False,276.8113802868612
2020-03-06 02:00:00,-111063.11402,196008.03246,3.253907165344266e-11,29.53698902708489,87.9828865912929,-0.06662788918417771,0.01118208735676926,0.06755971206860997,False,279.52710295528846
2020-03-06 02:30:00,-110941.79875,196050.74806,1.4551915228366852e-11,29.504786633003068,87.9830890254603,-0.054487392874246206,0.005664563024721205,0.05478104833328306,False,275.93520460617424
2020-03-06 03:00:00,-110882.35461,196086.89005,0.0,29.48710065962771,87.9830694184833,-0.050258437786522614,0.004002542221291979,0.05041756552011401,False,274.55338031740587
2020-03-06 03:30:00,-110777.21233,196127.2643,3.253907165344266e-11,29.458765324890532,87.98321790213208,-0.06779095269275301,0.006809746104014535,0.06813212097823036,False,275.73624106973955
2020-03-06 04:00:00,-110657.80366,196185.56633,6.507814330688532e-11,29.42502432129179,87.98328883657183,-0.07287029231659792,0.001977973147157794,0.07289713218006115,False,271.55484064797076
2020-03-06 04:30:00,-110545.22213,196249.94226,3.253907165344266e-11,29.392035812813177,87.98328168014076,-0.06193131363770337,-0.006098834868376892,0.06223088779411164,False,264.3757945135728
2020-03-06 05:00:00,-110474.32448,196314.11736,0.0,29.36831316326988,87.98309239399565,-0.05924794080813517,-0.007183325614846026,0.05968181177622871,False,263.0870983502673
2020-03-06 05:30:00,-110372.0231,196377.08219,0.0,29.337783336846076,87.98305000268304,-0.0832612884840443,-0.0004212165311504104,0.08326235393855594,False,269.7101447257125
2020-03-06 06:00:00,-110213.76963,196462.29941,1.4551915228366852e-11,29.292074553942545,87.98307845999094,-0.10519102874022708,0.004358765022223571,0.10528129634434712,False,272.37278840332135
2020-03-06 06:30:00,-110034.07828,196548.67444,4.1159031748919956e-11,29.241462752667672,87.98319036818324,-0.10270983947958948,-0.0005561320430863756,0.10271134508306462,False,269.68976966867837
2020-03-06 07:00:00,-109892.11058,196644.66864,5.820766091346741e-11,29.198028421741885,87.98306073971938,-0.11126139841071393,-0.0024770918219227944,0.11128896962503451,False,268.7245939194826
2020-03-06 07:30:00,-109688.78068,196751.85468,2.9103830456733704e-11,29.139582655700654,87.98311004598,-0.1124631336186583,-0.0024375468115347965,0.11248954643782068,False,268.7583550557209
2020-03-06 08:00:00,-109542.75788,196849.47882,4.1159031748919956e-11,29.095053907177274,87.98298260245082,-0.09966350929018689,-0.00802692159646693,0.0999862318239416,False,265.3953242117142
2020-03-06 08:30:00,-109389.31749,196951.56976,3.253907165344266e-11,29.04833008856037,87.98285122594358,-0.10881290154710552,-0.004758801617395038,0.10891691207491057,False,267.4958335814001
2020-03-06 09:00:00,-109208.62477,197054.6572,0.0,28.99542787110351,87.98282900701524,-0.12095527594560443,0.003920092836231251,0.12101878328144762,False,271.856274421046
2020-03-06 09:30:00,-109001.61631,197150.30091,2.9103830456733704e-11,28.937585948552723,87.9829774272892,-0.13010764607898942,0.008697319188646337,0.130398017351817,False,273.82436719376267
2020-03-06 10:00:00,-108783.56697,197253.88842,3.253907165344266e-11,28.87630069894293,87.98310925069974,-0.12701743924189934,0.0019779852453963645,0.12703283944398233,False,270.89216919731473
2020-03-06 10:30:00,-108597.76884,197364.88697,1.1999816708318134e-10,28.821286195176224,87.98304141435227,-0.12170940570210287,-0.00489308044633479,0.12180772419109295,False,267.6977789001804
2020-03-06 11:00:00,-108408.18013,197480.54635,6.507814330688532e-11,28.764859894053583,87.98295146738239,-0.12658212282527123,-0.006498709609582126,0.12674883449381982,False,267.0610225385078
2020-03-06 11:30:00,-108209.56336,197604.68348,5.820766091346741e-11,28.70538926879461,87.98283181135577,-0.13220030925736048,-0.008640694998984295,0.13248238893455697,False,266.2604310790284
2020-03-06 12:00:00,-108005.68989,197736.41766,3.253907165344266e-11,28.643826474696933,87.98267284520436,-0.12835571342244376,-0.013198200427635781,0.1290324829750732,False,264.12918340779504
2020-03-06 12:30:00,-107826.81004,197867.8866,3.253907165344266e-11,28.587886202245077,87.98240655271758,-0.11912600519042038,-0.02130677697240147,0.12101646110170186,False,259.8593529103906
2020-03-06 13:00:00,-107665.82385,198008.9797,5.820766091346741e-11,28.534788458308295,87.98198608800173,-0.11415061230254586,-0.026381423730916287,0.11715947169186232,False,256.98681107482423
2020-03-06 13:30:00,-107511.15405,198147.62699,2.9103830456733704e-11,28.48342036753866,87.9815561677543,-0.11041062423952816,-0.027884961511029795,0.11387746494997987,False,255.82595943921484
2020-03-06 14:00:00,-107364.33276,198286.77351,1.4551915228366852e-11,28.43376753359214,87.98108723217658,-0.1151058733001397,-0.029449737186444294,0.11881350549722221,False,255.64877646592106
2020-03-06 14:30:00,-107197.24067,198438.16126,4.1159031748919956e-11,28.3781290443066,87.98060662208795,-0.1268571034065968,-0.02977894105511813,0.13030544890784956,False,256.7893508973916
2020-03-06 15:00:00,-107013.47997,198598.15233,5.820766091346741e-11,28.317753773156397,87.98012709879919,-0.1336715944124049,-0.029880020244227083,0.13697047405389928,False,257.3996412110947
2020-03-06 15:30:00,-106824.63616,198761.12764,4.1159031748919956e-11,28.255911614466207,87.97964334403453,-0.14230733820788818,-0.028242392014695278,0.1450827736656768,False,258.7749043369205
2020-03-06 16:00:00,-106610.3519,198930.24109,4.1159031748919956e-11,28.187670838222033,87.97921641077534,-0.14210451950744832,-0.029346687702606546,0.1451031444992047,False,258.33160682532684
2020-03-06 16:30:00,-106423.63426,199095.89513,5.999908354159067e-11,28.12604330819769,87.97869757799205,-0.1353571603814495,-0.03372188203005234,0.1394945382234667,False,256.0105407031906
2020-03-06 17:00:00,-106237.83733,199267.01696,3.253907165344266e-11,28.064000931545767,87.97812932419426,-0.13023648512065006,-0.03751969675951383,0.13553327894471962,False,253.92889162877307
2020-03-06 17:30:00,-106073.45435,199435.65941,5.999908354159067e-11,28.007084426271078,87.97748826721477,-0.12862815840147757,-0.036406477312063784,0.1336810933678709,False,254.19654513528738
2020-03-06 18:00:00,-105890.5501,199600.17609,5.820766091346741e-11,27.946545645691117,87.97695558059962,-0.13218497788665384,-0.03351542951513218,0.13636771023405414,False,255.77251087549735
2020-03-06 18:30:00,-105709.62637,199765.25816,3.253907165344266e-11,27.886415542067066,87.97640786662512,-0.12987766207174983,-0.03437543821759618,0.1343498338587563,False,255.17514556876634
2020-03-06 19:00:00,-105535.16627,199928.2443,4.1159031748919956e-11,27.828014713324077,87.9758475043569,-0.12485221994949763,-0.03471807072725079,0.12958943344787074,False,254.460170116888
2020-03-06 19:30:00,-105370.48349,200085.60929,5.999908354159067e-11,27.772501802073368,87.9752887833461,-0.12395485308216936,-0.03867184029855597,0.12984728273899,False,252.67295179424553
2020-03-06 20:00:00,-105205.20385,200259.35532,4.1159031748919956e-11,27.714955998723717,87.97460079344317,-0.1251194702084676,-0.040642904832652954,0.13155503615781378,False,252.00450471718514
2020-03-06 20:30:00,-105039.77715,200424.62036,2.9103830456733704e-11,27.65841315377475,87.97397863850186,-0.12333873513001348,-0.03973448762615151,0.12958114481044072,False,252.1432700980952
2020-03-06 21:00:00,-104878.32315,200592.16744,1.4551915228366852e-11,27.602528577391826,87.97331992009407,-0.12100069627498239,-0.04244911084269181,0.1282306340558514,False,250.66825823092776
2020-03-06 21:30:00,-104724.55895,200761.87398,0.0,27.548152864114073,87.97261028391128,-0.11760187054236698,-0.046177299695417326,0.12634295770728193,False,248.56215542602703
2020-03-06 22:00:00,-104579.84089,200935.36257,2.9103830456733704e-11,27.495403311389495,87.97183138446397,-0.11476945420692218,-0.050212594859364114,0.12527303102210566,False,246.37022057807258
2020-03-06 22:30:00,-104441.51263,201112.97278,1.173212913024843e-10,27.443647801518726,87.9709916430539,-0.11349176281656373,-0.05144684018844352,0.12460801576377983,False,245.61478430699725
2020-03-06 23:00:00,-104302.6074,201288.02892,5.999908354159067e-11,27.39210265690827,87.97017293040561,-0.11324962697647895,-0.050177424374802125,0.12386788093448847,False,246.10334190733388
2020-03-06 23:30:00,-104162.63343,201460.93102,8.851584469518594e-11,27.340609206255454,87.96937410510043,-0.1172864766762042,-0.04998831263524014,0.12749489798119884,False,246.91595964753824
2020-03-07 00:00:00,-104010.19367,201641.80618,5.999908354159067e-11,27.285435532871197,87.96856136539436,-0.12162785795928124,-0.050647076522604466,0.1317515168491416,False,247.39265857353604
2020-03-07 00:30:00,-103857.07634,201823.6989,2.9103830456733704e-11,27.230036421574304,87.96774141734771,-0.12129342700187769,-0.050890315511104234,0.13153676157895772,False,247.23884868922417
2020-03-07 01:00:00,-103705.75716,202004.50618,5.820766091346741e-11,27.17521076581012,87.96692086355088,-0.1192898393416428,-0.05027327532645559,0.12945063917263816,False,247.14759177190288
2020-03-07 01:30:00,-103557.6951,202180.83705,5.999908354159067e-11,27.12167530235027,87.96612083020331,-0.11861859042034908,-0.04890443764880063,0.128304380342434,False,247.5944747137807
2020-03-07 02:00:00,-103405.94663,202355.87685,1.4551915228366852e-11,27.06750245720193,87.96534433806585,-0.11943446845760428,-0.04961022539023604,0.12932813583679498,False,247.44316878043634
2020-03-07 02:30:00,-103256.09321,202535.52316,3.253907165344266e-11,27.013269176355625,87.96452157165679,-0.11913412946779157,-0.05127138846040262,0.12969848140477988,False,246.7145551163307
2020-03-07 03:00:00,-103107.68859,202715.11399,4.1159031748919956e-11,26.959411429212103,87.96369154395197,-0.1196476820984913,-0.05149843859431575,0.13025995934743012,False,246.71211717465127
2020-03-07 03:30:00,-102956.22031,202896.0465,1.4551915228366852e-11,26.904756730460242,87.96286141861053,-0.12151261365853622,-0.05088616990120901,0.13173730513921783,False,247.27739343760695
2020-03-07 04:00:00,-102800.48746,203076.42356,4.1159031748919956e-11,26.84925199073253,87.96205112578649,-0.12248444768697805,-0.04995128843487332,0.13227838501239714,False,247.81351043532246
2020-03-07 04:30:00,-102644.02782,203255.63567,2.9103830456733704e-11,26.793760311943124,87.96125116697385,-0.12248104252343377,-0.04988526569298676,0.1322503138404105,False,247.83943905614927
2020-03-07 05:00:00,-102487.85065,203435.49251,4.3655745685100555e-11,26.738302700551387,87.96044300299454,-0.12203235512995614,-0.049865680651735536,0.13182746984382504,False,247.7737633798223
2020-03-07 05:30:00,-102332.45444,203613.61214,3.253907165344266e-11,26.683260649429887,87.95964368841686,-0.12014882776708836,-0.04967601184467914,0.1300132568878965,False,247.53715702397457
2020-03-07 06:00:00,-102181.68547,203789.51448,1.4551915228366852e-11,26.629551124571694,87.95884166926766,-0.11786233563628593,-0.052155023108651076,0.1288862932863865,False,246.13022797016413
2020-03-07 06:30:00,-102037.31586,203971.63525,2.9103830456733704e-11,26.57662272139428,87.95796242079483,-0.114898292560007,-0.05429139160140118,0.12707939579342378,False,244.7084713537075
2020-03-07 07:00:00,-101899.20023,204149.36913,5.246767651208195e-11,26.525637022603213,87.95709156936633,-0.11156819915455779,-0.05234338897435005,0.1232367373469096,False,244.86588652875034
2020-03-07 07:30:00,-101762.10498,204319.60981,0.0,26.475762581336333,87.95627508950118,-0.10990807401174509,-0.052371483145712966,0.12174792392420059,False,244.52207889223996
2020-03-07 08:00:00,-101629.0813,204494.53011,2.9103830456733704e-11,26.426320301588756,87.95540331067238,-0.10752368381709845,-0.05437896869359792,0.1204923848953894,False,243.17247624249762
2020-03-07 08:30:00,-101502.59149,204667.18916,2.9103830456733704e-11,26.378640229413413,87.9545221562679,-0.10396506627982775,-0.05522029596327197,0.11772007514795566,False,242.02531620359125
2020-03-07 09:00:00,-101382.10145,204838.91484,3.253907165344266e-11,26.332453046005497,87.9536232461451,-0.10076328680431675,-0.0588845020713256,0.11670743143346504,False,239.69864726311724
2020-03-07 09:30:00,-101271.51579,205018.08418,1.173212913024843e-10,26.287705530129386,87.95262396750414,-0.09707104529629444,-0.06154469316774866,0.11493710058996431,False,237.62460778716556
2020-03-07 10:00:00,-101166.91051,205192.32879,4.3655745685100555e-11,26.24489044157594,87.9516393138533,-0.09524694118707615,-0.06111499612131617,0.11316811634202821,False,237.3138266819215
2020-03-07 10:30:00,-101061.26658,205367.0459,2.9103830456733704e-11,26.20183100858036,87.95065382751295,-0.09568364793065567,-0.06155757686225631,0.11377475884602112,False,237.24500800398232
2020-03-07 11:00:00,-100955.692,205543.25613,3.253907165344266e-11,26.158663864650972,87.94965490992028,-0.0954074365061816,-0.06232511759378048,0.11396051607359295,False,236.84533427745936
2020-03-07 11:30:00,-100851.89441,205719.85577,3.253907165344266e-11,26.115894934434653,87.9486446940035,-0.09523163110060831,-0.065125400194437,0.11537062586537321,False,235.63321541866227
2020-03-07 12:00:00,-100751.06236,205904.68282,1.4551915228366852e-11,26.072930089820762,87.94755548877251,-0.09511761851828571,-0.06578264124367386,0.11564911258450723,False,235.33255259635615
2020-03-07 12:30:00,-100648.4024,206083.0738,1.4551915228366852e-11,26.030306110237056,87.94652409970097,-0.09383107053687365,-0.06373615656099711,0.11343089284345642,False,235.8131068075007
2020-03-07 13:00:00,-100548.22882,206259.0968,5.999908354159067e-11,25.988542094619667,87.94550087924227,-0.09258417700733107,-0.06329445474069478,0.1121517625053065,False,235.64183884236476
2020-03-07 13:30:00,-100448.64871,206433.94354,2.9103830456733704e-11,25.947081304291807,87.94448371396223,-0.0928900243456786,-0.061315959719947716,0.11130230698111793,False,236.57151814790706
2020-03-07 14:00:00,-100344.1148,206603.89904,1.4551915228366852e-11,25.90508303534903,87.94352425104204,-0.09260576301944586,-0.058972064690469256,0.10978857754006406,False,237.51070117795126
2020-03-07 14:30:00,-100241.5161,206770.55883,3.253907165344266e-11,25.863916624065855,87.94258268022384,-0.09245273425236769,-0.05712202414941424,0.10867581936045012,False,238.2901084397475
2020-03-07 15:00:00,-100134.33072,206934.13208,8.851584469518594e-11,25.822093972700035,87.94168281718547,-0.09154447869174218,-0.05737628006734337,0.10803901653249655,False,237.92222131722878
2020-03-07 15:30:00,-100034.83296,207100.03836,2.9103830456733704e-11,25.781779625607967,87.94073310565939,-0.08909295093584327,-0.05816249881000127,0.10639751018834968,False,236.8623160259504
2020-03-07 16:00:00,-99936.59385,207262.17614,2.9103830456733704e-11,25.742192321326318,87.93980787675454,-0.08953284958515706,-0.05798996253133287,0.1066722405746863,False,237.06907899668923
2020-03-07 16:30:00,-99835.17324,207428.07404,4.1159031748919956e-11,25.701521185025626,87.93886368137906,-0.09076285434700965,-0.05870336618853068,0.10809246472849629,False,237.10612281686866
2020-03-07 17:00:00,-99733.8252,207594.30453,5.999908354159067e-11,25.66086775295154,87.93791548223102,-0.08969045177622774,-0.059567123975537914,0.10766902710873233,False,236.4102253448907
2020-03-07 17:30:00,-99636.99543,207761.18949,3.253907165344266e-11,25.621194388478926,87.93694346624623,-0.08756638030882483,-0.059938278821353455,0.10611535340588586,False,235.60876458897093
2020-03-07 18:00:00,-99542.88934,207925.18089,5.820766091346741e-11,25.582479540126265,87.93598330093131,-0.08521200018017655,-0.05969348676034067,0.10404036397626344,False,234.98763865341508
2020-03-07 18:30:00,-99453.10035,208087.48198,4.1159031748919956e-11,25.544949441860737,87.93501918070086,-0.0828936933538508,-0.06047211931731882,0.10260722008012055,False,233.88872117868024
2020-03-07 19:00:00,-99367.51938,208250.28301,5.999908354159067e-11,25.508343974607122,87.93403390779694,-0.08118830043353881,-0.06189225638612146,0.10208913520963898,False,232.68064850724534
2020-03-07 19:30:00,-99285.26534,208414.44224,5.999908354159067e-11,25.472373892015963,87.93302399982781,-0.07973964683981707,-0.0629139231168225,0.1015705321443587,False,231.72685158036904
2020-03-07 20:00:00,-99205.76916,208578.2154,5.820766091346741e-11,25.43709790207858,87.93200579259803,-0.07881578285299193,-0.06530196618684626,0.10235367318566534,False,230.35691972583817
2020-03-07 20:30:00,-99130.0093,208748.60998,2.9103830456733704e-11,25.40198922436951,87.93091889002116,-0.07785691200048121,-0.06736039732552844,0.10295203676520312,False,229.1342309310454
2020-03-07 21:00:00,-99056.60538,208917.5011,2.9103830456733704e-11,25.367604562762146,87.92983433773509,-0.07660426799195541,-0.06711995357430839,0.10184940865022554,False,228.77545587083694
2020-03-07 21:30:00,-98984.34579,209085.09198,2.9103830456733704e-11,25.333649883252505,87.92875517927156,-0.0758923130946631,-0.06789757442208827,0.1018318407928551,False,228.1823770702984
2020-03-07 22:00:00,-98914.25689,209255.33024,4.1159031748919956e-11,25.299936314843215,87.92764555460232,-0.07569258884205399,-0.0691656182546561,0.1025341443332954,False,227.57986832410467
2020-03-07 22:30:00,-98844.39945,209426.65713,2.9103830456733704e-11,25.266195664320698,87.92652551255199,-0.07654765253703699,-0.06940595098064889,0.10332825915720821,False,227.8013234740434
2020-03-07 23:00:00,-98771.69497,209598.90921,1.4551915228366852e-11,25.231757088382917,87.9254081254807,-0.07617817922535126,-0.06984028142254142,0.10334785870674595,False,227.48535017688917
2020-03-07 23:30:00,-98703.50077,209770.99776,1.1999816708318134e-10,25.19838142324053,87.92427411945864,-0.07526417657654988,-0.07018904760582274,0.10291354954309238,False,226.99834382828524
2020-03-08 00:00:00,-98634.10758,209942.90288,2.9103830456733704e-11,25.164793427685126,87.9231454616396,-0.07499630765832979,-0.06943957223768084,0.1022071443439007,False,227.20319598468978
2020-03-08 00:30:00,-98565.43725,210112.05863,3.253907165344266e-11,25.131691753234847,87.92203563051821,-0.0747197898484912,-0.06948983749575532,0.10203864224003165,False,227.0769967510035
2020-03-08 01:00:00,-98496.82512,210283.62498,2.9103830456733704e-11,25.098386130100838,87.92090533733885,-0.07383313028235129,-0.0685716118614599,0.10076406641541102,False,227.1159810316207
2020-03-08 01:30:00,-98429.44519,210448.35342,4.1159031748919956e-11,25.06610637827916,87.91982513193184,-0.07268629174859065,-0.06827972621189357,0.0997267166797964,False,226.7904699381268
2020-03-08 02:00:00,-98363.93822,210617.14213,0.0,25.03385493728834,87.91870422702975,-0.07238939412426734,-0.07038785857896293,0.1009686833479104,False,225.8031533434083
2020-03-08 02:30:00,-98300.55043,210788.21976,0.0,25.001873040590137,87.91755606693911,-0.0722390255859931,-0.07189794047826205,0.10192051149120807,False,225.1355842375682
2020-03-08 03:00:00,-98237.64201,210961.63456,5.999908354159067e-11,24.9697904764372,87.91638647403073,-0.07288010927367106,-0.07319921278143315,0.10329392566634188,False,224.87484022458597
2020-03-08 03:30:00,-98173.94671,211137.86239,5.999908354159067e-11,24.937276490558823,87.91519635796182,-0.0724421780484317,-0.07321014478486566,0.10299317676342289,False,224.6979049547226
2020-03-08 04:00:00,-98112.28606,211310.57626,6.507814330688532e-11,24.90561737828113,87.9140264384401,-0.07135213053126777,-0.07380810480381311,0.10265847683499758,False,224.03070193130534
2020-03-08 04:30:00,-98052.86374,211487.03467,1.4551915228366852e-11,24.87410575570491,87.91281703117733,-0.07070167272262565,-0.07554935060982058,0.10347188460322382,False,223.10155290260343
2020-03-08 05:00:00,-97995.77218,211664.38392,2.9103830456733704e-11,24.843058254088216,87.91159098541337,-0.06953786579521623,-0.07599050370287144,0.10300520099669541,False,222.46120343894341
2020-03-08 05:30:00,-97940.62739,211840.46009,1.4551915228366852e-11,24.812612156175522,87.91036735886149,-0.06825192414449113,-0.07734858075908238,0.10315584372622649,False,221.42498854480874
2020-03-08 06:00:00,-97889.60178,212020.24466,0.0,24.78273788145271,87.90909753184981,-0.0647724556589529,-0.07787053494687732,0.101288159352433,False,219.75357296310645
2020-03-08 06:30:00,-97846.43159,212192.72074,3.253907165344266e-11,24.75539943179863,87.90785711393819,-0.06105950160964859,-0.07710896655217703,0.09835677637846532,False,218.37429207676803
2020-03-08 07:00:00,-97806.22815,212364.37341,4.3655745685100555e-11,24.72883815168775,87.906611804037,-0.060042919358767224,-0.07845611330009378,0.09879531304308203,False,217.42704007904933
2020-03-08 07:30:00,-97768.25129,212539.68486,3.253907165344266e-11,24.702429394388123,87.90532794720167,-0.058186560988711486,-0.0800991162083789,0.09900274893686754,False,215.99585482630624
2020-03-08 08:00:00,-97736.43111,212713.88219,3.253907165344266e-11,24.677536117005094,87.90402969392517,-0.054908773045699265,-0.08126448328957508,0.09807593793436666,False,214.04610115798886
2020-03-08 08:30:00,-97710.77636,212888.04881,2.9103830456733704e-11,24.654047413399685,87.90270826577616,-0.055488020140532196,-0.08221951537528759,0.09919157770528332,False,214.0144892066191
2020-03-08 09:00:00,-97678.35234,213066.21711,3.253907165344266e-11,24.6286764381222,87.90137917368197,-0.05826559621372692,-0.084968110643832,0.10302649915688461,False,214.43979145514106
2020-03-08 09:30:00,-97647.57554,213253.51981,8.731149137020111e-11,24.602774436585985,87.89996915973062,-0.06049036961292574,-0.08526434166348648,0.10454230136751404,False,215.3536085607975
2020-03-08 10:00:00,-97608.14821,213435.96354,5.999908354159067e-11,24.575480047781486,87.89863050246096,-0.0582357574472515,-0.0849723292780786,0.10301310687673351,False,214.42477716452333
2020-03-08 10:30:00,-97584.13943,213618.90111,3.253907165344266e-11,24.55159194305546,87.89722998090394,-0.05197159516301048,-0.08837290148288586,0.10252227280104409,False,210.4595407279865
2020-03-08 11:00:00,-97570.15859,213803.08337,2.9103830456733704e-11,24.52983383118194,87.89578167482986,-0.048931734348883954,-0.08964371903893896,0.10212889399930843,False,208.62777655135608
2020-03-08 11:30:00,-97557.86556,213985.62514,2.9103830456733704e-11,24.508645596195905,87.89434016221016,-0.0522087404165298,-0.08970693831622956,0.10379348417869211,False,210.19907231291592
2020-03-08 12:00:00,-97533.10924,214174.89859,0.0,24.48404562143664,87.89288975944253,-0.05592590423498772,-0.08956586492148473,0.10559238099235506,False,211.98110588092192
2020-03-08 12:30:00,-97508.26764,214362.50817,0.0,24.45962821673064,87.89145284680494,-0.050204743330657026,-0.09491726013456235,0.1073769180240769,False,207.87578050842546
2020-03-08 13:00:00,-97510.07517,214560.76861,2.9103830456733704e-11,24.44007131679781,87.88982999711293,-0.04521677553388698,-0.10114732943275048,0.11079412909111779,False,204.08649366475407
2020-03-08 13:30:00,-97510.72902,214761.35944,2.9103830456733704e-11,24.420055249352124,87.88819217151394,-0.04902453216520819,-0.10035543618270228,0.11168983089537722,False,206.03592469351554
2020-03-08 14:00:00,-97498.73702,214962.69211,1.1641532182693481e-10,24.397200362785878,87.88659481570278,-0.04960464130523662,-0.10322379249923959,0.11452411002468982,False,205.66681399884587
2020-03-08 14:30:00,-97501.59393,215173.54502,4.1159031748919956e-11,24.37670750402628,87.88486459448988,-0.04689001886595324,-0.10887760654278116,0.1185453798160608,False,203.29996160029137
2020-03-08 15:00:00,-97506.75661,215389.38012,1.4551915228366852e-11,24.35625925557966,87.88308494414164,-0.04719942403071508,-0.11193936201897271,0.12148335852307457,False,202.86280397329247
2020-03-08 15:30:00,-97512.99222,215610.73655,5.999908354159067e-11,24.33553116081228,87.88125601612079,-0.04763736635028937,-0.11649618520519811,0.12585976259375153,False,202.24052774473196
2020-03-08 16:00:00,-97523.32021,215842.17241,0.0,24.31473701608902,87.8793294696695,-0.05353823497041195,-0.12275069208138716,0.1339181653481206,False,203.56462703311394
2020-03-08 16:30:00,-97519.30371,216092.80063,3.253907165344266e-11,24.288912622328485,87.87729883958508,-0.06291282659499808,-0.12982872826518496,0.14426892400349958,False,205.85405098362781
2020-03-08 17:00:00,-97509.13449,216361.34677,0.0,24.26000571509374,87.87514413882849,-0.06440842464437443,-0.13978832154657891,0.153913027408273,False,204.7382101921889
2020-03-08 17:30:00,-97514.67922,216646.86823,1.4551915228366852e-11,24.232932936860482,87.8727925283274,-0.061325889336407,-0.14490116905100658,0.15734425154815673,False,202.93932704859617
2020-03-08 18:00:00,-97521.92229,216927.64171,6.507814330688532e-11,24.206762079945292,87.87047298568174,-0.06162150705417362,-0.14812971130092928,0.160435723895036,False,202.58716121284147
2020-03-08 18:30:00,-97531.00339,217224.2061,1.4551915228366852e-11,24.179495244546498,87.86801726031929,-0.06201057232398237,-0.15318340837691338,0.16525879002920257,False,202.0387221552748
2020-03-08 19:00:00,-97544.14587,217522.15813,1.4551915228366852e-11,24.153045364461367,87.86553483309632,-0.0609738312742972,-0.15631572048950096,0.1677868069081066,False,201.3091878174186
2020-03-08 19:30:00,-97560.97204,217827.49471,5.820766091346741e-11,24.126739375418943,87.86297811754356,-0.06009286522989967,-0.16114549851232574,0.171985534689185,False,200.45101884186857
2020-03-08 20:00:00,-97583.83909,218140.03239,6.507814330688532e-11,24.101113349312435,87.86033999961549,-0.05926500770621784,-0.16509402091624267,0.17540916988775368,False,199.7469864410586
2020-03-08 20:30:00,-97608.91393,218457.1452,5.999908354159067e-11,24.075586197103917,87.85765598332105,-0.058530715350472634,-0.16786488498965402,0.17777644459271824,False,199.22251612539947
2020-03-08 21:00:00,-97637.9832,218777.73316,3.253907165344266e-11,24.050656579639124,87.85492854669565,-0.05794917660300064,-0.17200737482414793,0.18150659509467054,False,198.6186387615242
2020-03-08 21:30:00,-97670.77005,219107.63456,8.731149137020111e-11,24.025695585625822,87.85211097586543,-0.05730659817976237,-0.17565219224425135,0.18476400849502098,False,198.0689361488685
2020-03-08 22:00:00,-97707.0111,219439.29211,5.820766091346741e-11,24.001382284872744,87.84926604932963,-0.057096583691960315,-0.17832013793474458,0.18723806093409362,False,197.75462147946394
2020-03-08 22:30:00,-97744.11465,219777.68936,5.820766091346741e-11,23.97666854137182,87.84636245203343,-0.05730055423852416,-0.18212467026559243,0.19092603027191662,False,197.4647585293955
2020-03-08 23:00:00,-97784.96144,220122.19135,2.9103830456733704e-11,23.95224555189828,87.8433948866453,-0.05552350873472175,-0.18461844769270916,0.19278701006727686,False,196.73852050503532
2020-03-08 23:30:00,-97831.26502,220466.22908,6.507814330688532e-11,23.929119249739053,87.84041090974362,-0.05391932167226481,-0.18314548672623054,0.1909176852933878,False,196.40480028776074
2020-03-09 00:00:00,-97874.96179,220803.5769,3.253907165344266e-11,23.90613453428471,87.83749080717492,-0.052999334087542566,-0.18247627103970157,0.19001715424213042,False,196.19567883668577
2020-03-09 00:30:00,-97923.04355,221144.10605,6.507814330688532e-11,23.883856527783173,87.8345284091499,-0.051929867847267115,-0.18270546106960572,0.18994208769857154,False,195.86659353607303
2020-03-09 01:00:00,-97970.33119,221480.6851,1.4551915228366852e-11,23.8618456127515,87.8316009084694,-0.049478620712235966,-0.1847198727925827,0.1912317058233107,False,194.99510325371352
2020-03-09 01:30:00,-98029.15665,221824.31306,2.9103830456733704e-11,23.84171421575845,87.82857359068132,-0.0459124239562572,-0.19245533709150026,0.19785602707156053,False,193.4177739352686
2020-03-09 02:00:00,-98099.20439,222181.21127,5.820766091346741e-11,23.82279634455191,87.82539670676677,-0.04667053266733481,-0.19237800109272596,0.19795816205422204,False,193.63640149224307
2020-03-09 02:30:00,-98155.18943,222525.7294,3.253907165344266e-11,23.802079719346356,87.82237183941497,-0.04808447306270465,-0.18872183614430327,0.194751246433483,False,194.29426417086623
2020-03-09 03:00:00,-98215.01433,222872.68474,2.9103830456733704e-11,23.782015982517056,87.81931284904132,-0.04501487003988342,-0.1907415243585113,0.1959812941056267,False,193.2787993954563
2020-03-09 03:30:00,-98283.80149,223219.44063,1.4551915228366852e-11,23.76395423145788,87.81622288576305,-0.04071151340153163,-0.19200812640458934,0.1962767126503902,False,191.9711399758587
2020-03-09 04:00:00,-98359.42371,223564.3668,2.9103830456733704e-11,23.747584004093106,87.81312305430326,-0.03983812675491468,-0.19207016543801755,0.19615816270226452,False,191.71782129358883
2020-03-09 04:30:00,-98430.98115,223910.10216,5.820766091346741e-11,23.730312159599507,87.81003105814857,-0.039424363431023984,-0.1910486202670445,0.19507397503993923,False,191.65976217906461
2020-03-09 05:00:00,-98506.2788,224251.1066,0.0,23.71433512929206,87.80696417956574,-0.038883940240277075,-0.19039995384347444,0.1943298824993383,False,191.54236468851542
2020-03-09 05:30:00,-98578.48682,224593.96242,2.9103830456733704e-11,23.697568027108353,87.80389306824853,-0.03830604500221152,-0.19260831153427466,0.19638053558282106,False,191.24824581925753
2020-03-09 06:00:00,-98658.68455,224941.45359,0.0,23.682120253333586,87.80075501755529,-0.03523462940944995,-0.19571084909931805,0.19885727435725684,False,190.2058669834828
2020-03-09 06:30:00,-98745.31861,225290.13782,1.4551915228366852e-11,23.66797805843801,87.79758388393475,-0.03268006990737351,-0.19697414280544462,0.19966672207228353,False,189.42016039950352
2020-03-09 07:00:00,-98835.59305,225638.1437,5.999908354159067e-11,23.654715417156257,87.79440509955393,-0.03204629985283663,-0.20030598106110914,0.20285327550500962,False,189.08953584563932
2020-03-09 07:30:00,-98928.96824,225996.94027,4.1159031748919956e-11,23.641145665690097,87.79112654164285,-0.03219458789591629,-0.1994688293380584,0.20205025455881848,False,189.16856092052154
2020-03-09 08:00:00,-99017.37771,226342.44288,1.4551915228366852e-11,23.627796714802177,87.78797474590742,-0.031676841480104904,-0.19793377077162216,0.20045248788186382,False,189.09237628361495
2020-03-09 08:30:00,-99110.08157,226695.47181,2.9103830456733704e-11,23.614698771700155,87.7847456707527,-0.030936070169106225,-0.2031294890647094,0.20547172497742303,False,188.65945050510072
2020-03-09 09:00:00,-99208.26757,227057.0858,2.9103830456733704e-11,23.60200576153967,87.78142637592498,-0.029304314406908664,-0.2062748788108703,0.20834603061085225,False,188.08558434186853
2020-03-09 09:30:00,-99310.72971,227418.18122,1.4551915228366852e-11,23.590303382574607,87.77809590215621,-0.02343398194261998,-0.2050700868837118,0.20640468028651907,False,186.51908484774117
2020-03-09 10:00:00,-99426.39946,227767.40401,1.4551915228366852e-11,23.582521656360157,87.77481546050333,-0.018280402261658238,-0.20290466161994794,0.20372647057747212,False,185.14808174215614
2020-03-09 10:30:00,-99542.64981,228113.96212,2.9103830456733704e-11,23.575130679854315,87.77155476682191,-0.015698839818183374,-0.200643469303679,0.20125669018905523,False,184.47384847508556
2020-03-09 11:00:00,-99663.49203,228452.03695,2.9103830456733704e-11,23.569508537438068,87.76834722230954,-0.014007488211101704,-0.20159012706675566,0.20207619616564154,False,183.97480794416373
2020-03-09 11:30:00,-99786.61882,228799.30728,1.4551915228366852e-11,23.56353939402394,87.76505599765866,-0.013249781814243175,-0.20482006314921009,0.20524817900914846,False,183.70129883485106
2020-03-09 12:00:00,-99914.53832,229146.97528,8.851584469518594e-11,23.55855831083768,87.76174432908194,-0.010784113469291354,-0.2059177303232839,0.2061999242599551,False,182.99789736436054
2020-03-09 12:30:00,-100047.32067,229494.3419,5.820766091346741e-11,23.554639693287598,87.758417713838,-0.00833022235145145,-0.20470107998243112,0.2048705072732488,False,182.3303412704838
2020-03-09 13:00:00,-100181.54026,229834.48245,1.173212913024843e-10,23.55169358777629,87.7551452621688,-0.005694791479552139,-0.20258156675045635,0.20266159438103998,False,181.61022355142393
2020-03-09 13:30:00,-100319.93563,230171.07715,8.851584469518594e-11,23.54995286734698,87.75188697060831,-0.00229185434933131,-0.20129496249700182,0.2013080090881332,False,180.65231591587178
2020-03-09 14:00:00,-100463.51429,230502.08528,1.1999816708318134e-10,23.549808515305344,87.74865599118381,0.0003818193571102496,-0.19862314058990974,0.1986235075811031,False,179.88985870082115
2020-03-09 14:30:00,-100606.88849,230826.01751,5.999908354159067e-11,23.55026523113184,87.74548382791669,0.001096288466920864,-0.1961166479972903,0.19611971208956985,False,179.67972097890612
2020-03-09 15:00:00,-100749.22491,231147.72385,2.9103830456733704e-11,23.550706584242175,87.74233364824283,0.0028689776339698436,-0.194523311303314,0.19454446708418674,False,179.1550195634385
2020-03-09 15:30:00,-100896.16233,231463.84577,5.999908354159067e-11,23.55261010816354,87.73921284558158,0.006566740180528247,-0.191736430551819,0.1918488490383799,False,178.03845575893212
2020-03-09 16:00:00,-101046.71391,231771.02619,4.1159031748919956e-11,23.556068866232856,87.73615250322243,0.008734132805039943,-0.1904054179408433,0.19060563542845024,False,177.37361258241452
2020-03-09 16:30:00,-101198.92641,232079.61951,2.9103830456733704e-11,23.55973502349502,87.73307460816581,0.00970498852947864,-0.19109479119383088,0.19134107249561222,False,177.09265987329968
2020-03-09 17:00:00,-101353.7131,232387.65843,0.0,23.563974570175823,87.72999203739653,0.01184434797362939,-0.19052267528567984,0.19089048791632604,False,176.4426338813409
2020-03-09 17:30:00,-101512.20733,232691.26223,0.0,23.569369798967024,87.72693258025213,0.013923267089711325,-0.19013673179790752,0.190645834324385,False,175.81183976543213
2020-03-09 18:00:00,-101673.35581,232995.00557,5.820766091346741e-11,23.575286247128663,87.72386244971084,0.015198298355359435,-0.18924272270202364,0.18985203809433687,False,175.40836567005726
2020-03-09 18:30:00,-101834.83253,233293.79072,5.820766091346741e-11,23.58170093113938,87.72083180986023,0.017563949584928046,-0.1873717122111249,0.18819312118658987,False,174.64482619688806
2020-03-09 19:00:00,-102001.15898,233587.91777,5.999908354159067e-11,23.589516658661505,87.71782198832658,0.01981391002639095,-0.18791389206712028,0.1889556081791362,False,173.98089176792274
2020-03-09 19:30:00,-102170.92067,233885.20553,5.246767651208195e-11,23.597734454743755,87.7147738709944,0.020979543012261764,-0.19061667321121176,0.19176771712442434,False,173.71922411794083
2020-03-09 20:00:00,-102345.07237,234186.52092,3.253907165344266e-11,23.606470606273383,87.71167691330184,0.02270642091816437,-0.1935691773260537,0.1948964031520286,False,173.3095566615799
2020-03-09 20:30:00,-102524.87827,234491.00627,1.173212913024843e-10,23.616058695426595,87.70853360755038,0.02429078481344865,-0.19489382439838768,0.19640174392169443,False,172.89551992306946
2020-03-09 21:00:00,-102706.26775,234794.34683,0.0,23.626047458861343,87.70539394505704,0.028980810941210508,-0.19662679861448082,0.19875106373599558,False,171.6155451014938
2020-03-09 21:30:00,-102904.14875,235097.71842,0.0,23.639379178264154,87.70219474352706,0.03335318716870221,-0.1993605304613547,0.20213128456560905,False,170.50232718820706
2020-03-09 22:00:00,-103104.04532,235403.6747,6.507814330688532e-11,23.652854260753443,87.69896697323331,0.03496727825106337,-0.20062509560281175,0.20364955078252603,False,170.11313888542838
2020-03-09 22:30:00,-103309.21861,235708.79149,3.253907165344266e-11,23.66744259436396,87.69572699117856,0.03724796353456118,-0.20186706883367037,0.20527475311632898,False,169.54552642384897
2020-03-09 23:00:00,-103518.58547,236015.44375,4.1159031748919956e-11,23.68270665081178,87.69245918205498,0.0386729077350037,-0.20321811604285628,0.20686516497633892,False,169.2253078711542
2020-03-09 23:30:00,-103730.57315,236322.84375,1.4551915228366852e-11,23.698393590528404,87.68917564339074,0.039536653827214496,-0.20330710523344137,0.20711573101590955,False,168.99517832553767
2020-03-10 00:00:00,-103943.08415,236628.4242,3.253907165344266e-11,23.7143044625042,87.68590496346155,0.042710965498671566,-0.20044344735746017,0.20494341209800238,False,167.97117858961315
2020-03-10 00:30:00,-104161.55854,236921.67173,1.1999816708318134e-10,23.7324777578502,87.68271371470794,0.04649400709955269,-0.1962266360920487,0.2016595780224053,False,166.6701390335122
2020-03-10 01:00:00,-104380.61706,237207.7375,9.203439287865708e-11,23.7513587640331,87.67957899047317,0.04728865355388516,-0.1953960858357266,0.2010369297289978,False,166.39518960359914
2020-03-10 01:30:00,-104600.69649,237496.95187,5.820766091346741e-11,23.77011491288053,87.6764145241251,0.04875963874947872,-0.19477874182602156,0.2007890949187919,False,165.94577530929678
2020-03-10 02:00:00,-104823.89384,237778.70548,6.507814330688532e-11,23.790112645753698,87.67329967940526,0.052302714056725666,-0.19176145377446485,0.19876626738809536,False,164.74373114366676
2020-03-10 02:30:00,-105051.4621,238052.6806,4.1159031748919956e-11,23.811628929201028,87.6702324756004,0.05468060411442304,-0.18976062045696923,0.19748180053496622,False,163.92536220497135
2020-03-10 03:00:00,-105279.79176,238324.21893,9.203439287865708e-11,23.83345833256908,87.66718214783528,0.05662911333574167,-0.18800714471498506,0.1963505613464693,False,163.2373183284766
2020-03-10 03:30:00,-105511.43352,238589.41164,3.253907165344266e-11,23.856459645458596,87.66417145538392,0.05797226668160893,-0.18558509781366286,0.1944289387789544,False,162.65246613536948
2020-03-10 04:00:00,-105740.87432,238850.83523,2.9103830456733704e-11,23.87929497485021,87.66119922781186,0.05780752170114679,-0.18457114572587557,0.19341204047264213,False,162.60948939948287
2020-03-10 04:30:00,-105970.70596,239112.74645,2.9103830456733704e-11,23.902107338434504,87.65822121755605,0.05694804143608011,-0.1839961158509145,0.19260750263587512,False,162.8023503100785
2020-03-10 05:00:00,-106196.68756,239373.34823,4.3655745685100555e-11,23.924207962833677,87.65526753556051,0.055759581961309174,-0.1833261293287493,0.19161837248855149,False,163.08259238754442
2020-03-10 05:30:00,-106421.83174,239634.6139,1.4551915228366852e-11,23.946026860337444,87.65231111411822,0.05554800190514442,-0.18352272600411,0.1917450689734512,False,163.16017370099604
2020-03-10 06:00:00,-106647.60317,239895.99983,5.999908354159067e-11,23.967905306327918,87.64935108547176,0.055528747256703564,-0.18362985582039815,0.19184203324745877,False,163.17494673480581
2020-03-10 06:30:00,-106873.04022,240157.47385,6.507814330688532e-11,23.98965433176062,87.64639120992041,0.0544209778768897,-0.18428911055343855,0.19215649638160667,False,163.54801402863006
2020-03-10 07:00:00,-107096.33153,240422.47817,8.731149137020111e-11,24.0106093167949,87.6434099347875,0.05408260257338281,-0.18578468869930703,0.19349645592674014,False,163.7695287540825
2020-03-10 07:30:00,-107323.03917,240689.20191,2.9103830456733704e-11,24.032037495582017,87.6404018215627,0.055354761586827214,-0.18692219082443107,0.19494628761004787,False,163.50397731435316
2020-03-10 08:00:00,-107552.37978,240955.91284,0.0,24.053934317701398,87.63738387167771,0.05584113864880129,-0.18856666310953993,0.19666117868522343,False,163.50414873868397
2020-03-10 08:30:00,-107783.30317,241227.15458,1.4551915228366852e-11,24.07568783284974,87.63432274940062,0.05597362139366289,-0.19049232025221466,0.19854563799538238,False,163.62527995878747
2020-03-10 09:00:00,-108016.11145,241499.82546,0.0,24.097631400758413,87.63124271065523,0.05686002001194796,-0.191066814516116,0.19934791066147395,False,163.42739808733745
2020-03-10 09:30:00,-108251.00048,241771.47462,5.999908354159067e-11,24.12001904780381,87.62816305982174,0.05745288225015016,-0.19259702337380993,0.20098369857105702,False,163.3898327793829
2020-03-10 10:00:00,-108488.22052,242048.11832,2.9103830456733704e-11,24.1423668542394,87.62503369361639,0.05818945914278796,-0.1950727370076711,0.20356666200287857,False,163.39035704643732
2020-03-10 10:30:00,-108729.3884,242326.63175,5.820766091346741e-11,24.165267744364943,87.62187421622254,0.059426389722041076,-0.19690774689488233,0.20567974276193304,False,163.20628403794672
2020-03-10 11:00:00,-108973.59734,242607.28843,1.4551915228366852e-11,24.18851630986127,87.61868569151795,0.05926301832429559,-0.1957670097133681,0.2045405276052151,False,163.15777133836752
2020-03-10 11:30:00,-109212.77291,242882.09975,5.820766091346741e-11,24.211230800688863,87.61556300053591,0.05857556258301006,-0.19295445601212008,0.20164949448696695,False,163.11318094756342
2020-03-10 12:00:00,-109450.79251,243154.34511,1.4551915228366852e-11,24.233885693040026,87.61246513645331,0.0618616564009395,-0.19233569954979401,0.20203931759431512,False,162.17045558886025
2020-03-10 12:30:00,-109700.05749,243422.08073,5.820766091346741e-11,24.259079572923863,87.60936234421769,0.06481333750197342,-0.1887268688394812,0.19954598402398244,False,161.04629805993426
2020-03-10 13:00:00,-109942.66437,243677.90134,5.246767651208195e-11,24.28395765003598,87.6063808696378,0.06609460123687924,-0.1833789109199127,0.19492645095736844,False,160.17949849694514
2020-03-10 13:30:00,-110188.44323,243925.97724,6.507814330688532e-11,24.31007509671533,87.60345045524727,0.06787268644230285,-0.18017047118948626,0.19253077741892766,False,159.35792043408043
2020-03-10 14:00:00,-110432.35828,244168.41378,5.999908354159067e-11,24.336262537553374,87.6005724343615,0.06858738475824647,-0.17503898545624982,0.18799701002284314,False,158.60273642687378
2020-03-10 14:30:00,-110673.09287,244398.37368,8.731149137020111e-11,24.36286762639022,87.59780744170206,0.06753726053637846,-0.16760195399595426,0.18069780448035508,False,158.05242596080348
2020-03-10 15:00:00,-110902.73905,244617.75543,2.9103830456733704e-11,24.388189021586015,87.59516920955261,0.06522459492310594,-0.1610695537157305,0.1737747073571636,False,157.9546728616569
2020-03-10 15:30:00,-111126.37907,244829.52696,5.820766091346741e-11,24.412959747981812,87.59261479522819,0.06391559758990883,-0.15527605229959437,0.16791621730202694,False,157.62668021188756
2020-03-10 16:00:00,-111343.3003,245031.66856,5.820766091346741e-11,24.43722390270403,87.5901633339426,0.06318865083036065,-0.14927619266687497,0.1620993130487579,False,157.05704699900684
2020-03-10 16:30:00,-111555.79738,245224.67162,1.4551915228366852e-11,24.461387076300202,87.58780233712902,0.06214539638669274,-0.14445477352085279,0.15725530797089182,False,156.72230600174527
2020-03-10 17:00:00,-111762.27938,245412.38811,5.999908354159067e-11,24.48480544646985,87.5855063208371,0.0591033941715397,-0.13980760088771566,0.15178727373721154,False,157.08388252599013
2020-03-10 17:30:00,-111958.03195,245594.53331,5.820766091346741e-11,24.506597509855695,87.58329515458266,0.055848599376833404,-0.13510819124616283,0.1461960649065622,False,157.5416555810138
2020-03-10 18:00:00,-112146.9754,245771.56328,5.820766091346741e-11,24.527486302072937,87.58115062622024,0.05481123269544098,-0.13052221744921813,0.14156383887651097,False,157.22061633955337
2020-03-10 18:30:00,-112332.60778,245940.09879,5.999908354159067e-11,24.548447717163622,87.57908728858482,0.05300703262887391,-0.12266376689745787,0.13362688807868117,False,156.6292453656194
2020-03-10 19:00:00,-112504.01599,246093.95692,7.836446176420583e-11,24.567926484151556,87.57719612800635,0.05012756771768525,-0.11787358486874058,0.12808963679821764,False,156.96162502748058
2020-03-10 19:30:00,-112673.16049,246250.99747,1.4551915228366852e-11,24.586659190199047,87.57528720654173,0.04785455740377303,-0.11750789680379428,0.12687854221877778,False,157.8416126870436
2020-03-10 20:00:00,-112836.68166,246406.95175,0.0,24.604377152283433,87.57340783700994,0.044023344517571214,-0.11514672727050601,0.12327539764130173,False,159.07695055065602
2020-03-10 20:30:00,-112989.84379,246561.90344,5.999908354159067e-11,24.620166532674123,87.57157504550547,0.03891665095032113,-0.11118659692324359,0.1178005307991478,False,160.7093376917133
2020-03-10 21:00:00,-113130.79858,246712.46886,2.9103830456733704e-11,24.633975670655715,87.56982334209782,0.03477336867996228,-0.10548961095419612,0.11107315242046674,False,161.75582394809555
2020-03-10 21:30:00,-113261.9274,246854.92427,3.253907165344266e-11,24.64659441276316,87.56817420308738,0.029512383227064377,-0.10429466139728977,0.10838983882134172,False,164.20001585680046
2020-03-10 22:00:00,-113383.93867,247009.41802,3.253907165344266e-11,24.656390452311484,87.56646103402097,0.021667344123786646,-0.10487702641979868,0.10709185063317256,False,168.32705621796373
2020-03-10 22:30:00,-113490.32568,247165.51744,8.851584469518594e-11,24.66304039347085,87.56479311492764,0.015991654296788872,-0.10319164113099444,0.1044234064108998,False,171.19092080460172
2020-03-10 23:00:00,-113591.27261,247322.99686,5.999908354159067e-11,24.668519247947177,87.56313426560737,0.0131339938041048,-0.09993817899583644,0.10079752682605912,False,172.51302788813285
2020-03-10 23:30:00,-113683.45249,247472.7266,8.731149137020111e-11,24.672995213478043,87.56157123159659,0.006581995446090588,-0.09536456351296622,0.09559143600799669,False,176.05174682779295
2020-03-11 00:00:00,-113756.11648,247625.0753,2.9103830456733704e-11,24.673506950217696,87.56005983282205,-0.0009746895855712312,-0.09157099571874355,0.09157618291188147,False,180.60983819445505
2020-03-11 00:30:00,-113817.87768,247773.74983,2.9103830456733704e-11,24.672258502587397,87.5586190902137,-0.008084980010035214,-0.08503158475484632,0.08541508829055486,False,185.43147328061332
2020-03-11 01:00:00,-113857.44779,247915.39361,3.253907165344266e-11,24.667392709395582,87.5573185058134,-0.01838006713757209,-0.07622688300859035,0.0784115078364584,False,193.55656542739996
2020-03-11 01:30:00,-113872.2754,248050.74025,5.999908354159067e-11,24.658363504361173,87.5561616025284,-0.03050698326451423,-0.06558030775740828,0.07232878260732539,False,204.94714790333546
2020-03-11 02:00:00,-113856.1354,248175.77392,0.0,24.644339321204907,87.55520422949795,-0.04021369324910938,-0.055547392289994654,0.06857589893652159,False,215.90276613653288
2020-03-11 02:30:00,-113824.07721,248292.8628,1.4551915228366852e-11,24.627985365084033,87.55437079195602,-0.046813408181816965,-0.04852810614990787,0.06742753348665613,False,223.96965800351222
2020-03-11 03:00:00,-113775.74002,248404.81292,5.999908354159067e-11,24.60898769816334,87.55363970391376,-0.05239163170285381,-0.043488168479949824,0.06808894088049819,False,230.30531040644416
2020-03-11 03:30:00,-113717.79279,248513.74179,3.253907165344266e-11,24.58843295267674,87.5529687598493,-0.05596062297973006,-0.0394523550637931,0.06846955268116693,False,234.81608413670466
2020-03-11 04:00:00,-113651.64764,248617.78849,3.253907165344266e-11,24.566752233117107,87.55236778689013,-0.0593266168793902,-0.03693860746197819,0.06988639489617458,False,238.09231538842823
2020-03-11 04:30:00,-113578.83681,248723.478,1.4551915228366852e-11,24.54366861464606,87.55177787735514,-0.06275014416971766,-0.03474978185957517,0.07172954713790135,False,241.02318806942012
2020-03-11 05:00:00,-113498.12292,248825.42042,4.1159031748919956e-11,24.519415549986405,87.55124747229897,-0.06630033949117278,-0.03107130462770946,0.07321994938480007,False,244.8901103476168
2020-03-11 05:30:00,-113408.1004,248924.30062,2.9103830456733704e-11,24.493664638342224,87.5507761453288,-0.069602267483337,-0.027960266020193095,0.07500834696713397,False,248.11393807561643
2020-03-11 06:00:00,-113311.83574,249020.90268,1.4551915228366852e-11,24.466931397354514,87.55034604528285,-0.07350692250578282,-0.02757873546488337,0.07851021784527908,False,249.43463460123394
2020-03-11 06:30:00,-113208.3587,249124.26763,2.9103830456733704e-11,24.438246836050062,87.54988699721999,-0.07963938509539358,-0.029514920562798273,0.08493269214031007,False,249.66493725062128
2020-03-11 07:00:00,-113094.77869,249236.24892,4.1159031748919956e-11,24.40690168918594,87.5493944573544,-0.08409754897058414,-0.03067441943475606,0.08951713663047504,False,249.96065599656046
2020-03-11 07:30:00,-112978.29359,249349.92809,5.999908354159067e-11,24.374868649869377,87.54889807155863,-0.0884676957043718,-0.03545027727635028,0.09530611387634814,False,248.16331420992572
2020-03-11 08:00:00,-112857.35292,249483.93419,6.507814330688532e-11,24.340245988689077,87.54825151498581,-0.09446834543452445,-0.04393360000021928,0.10418459338172753,False,245.05867040489915
2020-03-11 08:30:00,-112733.62318,249634.19873,5.999908354159067e-11,24.303710063550767,87.54748164959358,-0.0989578158617667,-0.05085956636549932,0.11126250406591592,False,242.7990120138857
2020-03-11 09:00:00,-112608.03349,249797.42443,2.9103830456733704e-11,24.265728638101017,87.54661181778019,-0.1011307672339019,-0.0532868630381849,0.11431063753548014,False,242.21478298706543
2020-03-11 09:30:00,-112480.55566,249958.70472,2.9103830456733704e-11,24.227581105165903,87.5457637342108,-0.10376315709814415,-0.05853565589088337,0.11913528352906226,False,240.57145747758764
2020-03-11 10:00:00,-112353.8621,250142.88207,5.999908354159067e-11,24.18764907340943,87.54472463925676,-0.1092556079148882,-0.06969095203180659,0.12959018734437938,False,237.46738957623577
2020-03-11 10:30:00,-112224.56086,250348.72002,0.0,24.145403335769316,87.54351690142144,-0.11222674767296925,-0.07553878773182332,0.13528100881219718,False,236.05586707004443
2020-03-11 11:00:00,-112096.43098,250556.29415,5.246767651208195e-11,24.10327432258592,87.542289352717,-0.11063791587635478,-0.08056281236965962,0.13686166434167144,False,233.93915105953351
2020-03-11 11:30:00,-111979.43313,250776.11638,5.246767651208195e-11,24.062266179032616,87.54091967621447,-0.11462799267092014,-0.08798913224464622,0.14450489298612126,False,232.4899403306197
2020-03-11 12:00:00,-111848.78189,251013.78327,0.0,24.01718902848361,87.5394525438537,-0.11962668334584187,-0.09730291706479695,0.15420246767689896,False,230.8755051168665
2020-03-11 12:30:00,-111728.63379,251271.36154,4.3655745685100555e-11,23.972479677137002,87.53778274322063,-0.11850162260309803,-0.10755015320376238,0.16003021593974007,False,227.7736245514394
2020-03-11 13:00:00,-111616.28537,251540.89492,2.9103830456733704e-11,23.928305754990173,87.5359852549156,-0.11955715415026265,-0.11190754912143024,0.1637596185232336,False,226.89286146986646
2020-03-11 13:30:00,-111498.62001,251814.17342,1.4551915228366852e-11,23.88286931328592,87.53417491469371,-0.11905127976344046,-0.11164280850096596,0.16320944795965803,False,226.8393549205969
2020-03-11 14:00:00,-111387.12055,252081.91544,4.3655745685100555e-11,23.839137269713852,87.53238605961234,-0.11794458656799428,-0.11226225280279381,0.1628303992043669,False,226.41397903601916
2020-03-11 14:30:00,-111273.5878,252355.44836,7.275957614183426e-11,23.794596713871226,87.53055566389494,-0.11733093569546754,-0.11505369498251605,0.16432863779726214,False,225.56144894410068
2020-03-11 15:00:00,-111167.74343,252631.31897,5.246767651208195e-11,23.75138755154593,87.52867688488749,-0.11925100625472887,-0.11932948207942637,0.16870189028611837,False,224.98115380927328
2020-03-11 15:30:00,-111053.66937,252921.55942,5.999908354159067e-11,23.705482654808424,87.52670850606233,-0.12151008472332187,-0.12036520009677623,0.17103357004929132,False,225.27119995864905
2020-03-11 16:00:00,-110941.42405,253203.93726,9.203439287865708e-11,23.660651921946528,87.52479646212657,-0.12052708513570745,-0.11885621764940438,0.16927367995418738,False,225.3999113528269
2020-03-11 16:30:00,-110827.96324,253487.60458,4.1159031748919956e-11,23.61555278390938,87.52287668414094,-0.1202694476896653,-0.11962949222779869,0.1696347707819894,False,225.15284210959572
2020-03-11 17:00:00,-110717.23744,253771.98369,2.9103830456733704e-11,23.570983370728637,87.5209397360785,-0.12087959569109202,-0.12327902963788072,0.17265455627610685,False,224.43695205227465
2020-03-11 17:30:00,-110606.57538,254068.39695,2.9103830456733704e-11,23.525502390340865,87.51890224984942,-0.12305978842181942,-0.12811621382318794,0.17764423934035062,False,223.84673413903653
2020-03-11 18:00:00,-110495.14316,254371.69947,8.731149137020111e-11,23.4793830460131,87.51680936254418,-0.12669170278281758,-0.13127159913566225,0.1824363458679322,False,223.98287406041823
2020-03-11 18:30:00,-110376.5319,254683.56192,5.820766091346741e-11,23.431279067021755,87.51467009901063,-0.13145363658476744,-0.13426786905906465,0.18790401601089382,False,224.39320825914135
2020-03-11 19:00:00,-110253.14324,255003.38505,3.253907165344266e-11,23.381701911771092,87.512480628868,-0.13540297962425057,-0.13523536542235015,0.19137024573334746,False,225.0354849388612
2020-03-11 19:30:00,-110122.31762,255323.87717,5.246767651208195e-11,23.33075026734566,87.51031017419997,-0.1361683119634402,-0.13139623124173513,0.18922679188609712,False,226.02177626307483
2020-03-11 20:00:00,-109990.35613,255631.87434,2.9103830456733704e-11,23.28068930841918,87.5082445590776,-0.13685645387956574,-0.13514739155450683,0.19233956018582576,False,225.35999773975468
2020-03-11 20:30:00,-109862.04321,255965.5204,0.0,23.22931996769339,87.50595308365251,-0.14206405555184393,-0.14729345090541504,0.20464006587045291,False,223.9646383359883
2020-03-11 21:00:00,-109729.52496,256320.85927,5.999908354159067e-11,23.175496026862646,87.50349583954555,-0.14991174615068942,-0.16137100210247196,0.22025923806620404,False,222.8917217408914
2020-03-11 21:30:00,-109594.53777,256711.96798,4.1159031748919956e-11,23.118428623133134,87.50075047365945,-0.1594995073677481,-0.17667995408572318,0.2380249966417132,False,222.07444512041715
2020-03-11 22:00:00,-109451.17091,257131.27859,0.0,23.05764078058104,87.49779964741059,-0.16229223504873042,-0.17959259283107604,0.2420583998891611,False,222.1031393310531
2020-03-11 22:30:00,-109310.18015,257535.677,2.9103830456733704e-11,22.99863723576836,87.4949606252898,-0.1666621663436771,-0.18912010314713382,0.2520767563754144,False,221.38812785628093
2020-03-11 23:00:00,-109164.88483,257992.41363,2.9103830456733704e-11,22.93478428820508,87.4917023263669,-0.17916538476768545,-0.19781137002051397,0.266888690671496,False,222.1683497666676
2020-03-11 23:30:00,-108993.67381,258442.84788,2.9103830456733704e-11,22.86671974075806,87.48858311477376,-0.1863724449902759,-0.19592996113951044,0.2704130875600948,False,223.5679104066107
2020-03-12 00:00:00,-108820.7627,258903.04919,2.9103830456733704e-11,22.797732249911952,87.48538563048801,-0.19062622905176901,-0.2027396964550796,0.27828356710592045,False,223.23616828759236
2020-03-12 00:30:00,-108643.83724,259381.60204,5.999908354159067e-11,22.726721024205876,87.48204681299208,-0.1934318744408076,-0.20809829002719188,0.28411404112068384,False,222.90812652464024
2020-03-12 01:00:00,-108467.8996,259863.06432,1.4551915228366852e-11,22.655855400495813,87.47867668296529,-0.19159706768073934,-0.20815637491091038,0.2829107858670455,False,222.62794714586235
2020-03-12 01:30:00,-108295.96318,260338.82864,3.253907165344266e-11,22.5863744191777,87.47533605502659,-0.18795338739164696,-0.20590103208331273,0.27878613818654596,False,222.39088013989132
2020-03-12 02:00:00,-108127.85777,260807.33384,5.820766091346741e-11,22.518359474656336,87.47203863434466,-0.18439612702543,-0.2041187061740381,0.27507522220683894,False,222.09392984450466
2020-03-12 02:30:00,-107964.17308,261271.86218,1.173212913024843e-10,22.451657656563903,87.46875545378477,-0.1809986181600048,-0.20296706064222686,0.2719487589263401,False,221.7254149455195
2020-03-12 03:00:00,-107804.70229,261731.47774,5.999908354159067e-11,22.386296081572823,87.46549515732507,-0.17698210848083176,-0.2019378832101088,0.2685173651697418,False,221.2319260387005
2020-03-12 03:30:00,-107651.92224,262186.70415,2.9103830456733704e-11,22.322690700628907,87.46224517183713,-0.17244688931786276,-0.20197548530560114,0.2655786631110269,False,220.49073585793596
2020-03-12 04:00:00,-107506.59072,262639.89645,0.0,22.260795386332642,87.45898365441307,-0.1685041381395087,-0.20309379511894357,0.26389530913973075,False,219.68202905095401
2020-03-12 04:30:00,-107367.49063,263093.14917,0.0,22.200217532358607,87.45569759039596,-0.16561369183633207,-0.20475577417244667,0.2633492395671906,False,218.96715363748933
2020-03-12 05:00:00,-107233.09582,263547.64813,0.0,22.1405790612056,87.45238246849252,-0.16332368037421485,-0.20813109922775969,0.2645622403834951,False,218.12182337576718
2020-03-12 05:30:00,-107105.26669,264008.76383,1.173212913024843e-10,22.081818953888565,87.44898757759,-0.16118840900634268,-0.21288568684328604,0.2670243787760467,False,217.13152863317248
2020-03-12 06:00:00,-106983.49074,264475.9646,5.820766091346741e-11,22.023883772538987,87.44551916218545,-0.1600632091756231,-0.21861704454188802,0.27094952130577593,False,216.21019075691544
2020-03-12 06:30:00,-106866.21538,264954.4357,5.820766091346741e-11,21.96609733452903,87.44193945894007,-0.15915394319011508,-0.22117980819917024,0.2724894221579695,False,215.73758797684255
2020-03-12 07:00:00,-106749.97255,265428.72666,2.9103830456733704e-11,21.908976648920795,87.43838843896572,-0.1593275398522756,-0.2251031970617075,0.27578381802197965,False,215.29077473706164
2020-03-12 07:30:00,-106636.43785,265920.30179,6.507814330688532e-11,21.85123024826091,87.43468218372605,-0.16206679522986933,-0.23234795644426529,0.2832864609894137,False,214.89645279934552
2020-03-12 08:00:00,-106519.7762,266422.23833,2.9103830456733704e-11,21.792302546643548,87.43089756354883,-0.16513771746505643,-0.23814078908508485,0.2897956196281022,False,214.73920914618006
2020-03-12 08:30:00,-106402.69653,266937.04426,1.4551915228366852e-11,21.732520659932312,87.4270045571658,-0.16682765974144015,-0.2430166549610889,0.2947686595336802,False,214.46907376896826
2020-03-12 09:00:00,-106285.82224,267457.29452,1.243316182127096e-10,21.67255715403277,87.42306276523182,-0.16931087104808085,-0.24595433140753642,0.29859622267066294,False,214.5428775036113
2020-03-12 09:30:00,-106163.25743,267984.98447,2.9103830456733704e-11,21.611180556006847,87.41907498344585,-0.1733080330613425,-0.24971730992941013,0.30396448674470583,False,214.76130149203894
2020-03-12 10:00:00,-106036.87179,268522.87193,2.9103830456733704e-11,21.548544719610245,87.41501187289202,-0.17654825906451388,-0.2515140563482434,0.3072923824624654,False,215.06662571283266
2020-03-12 10:30:00,-105904.66845,269060.58965,0.0,21.485045166158397,87.4109661758065,-0.17912425230289616,-0.25156704200993735,0.30882272323891774,False,215.45215349775066
2020-03-12 11:00:00,-105768.53158,269601.76388,0.0,21.42076959090312,87.40690135365088,-0.18276243108148532,-0.2527905716996876,0.3119377812241883,False,215.8661623322082
2020-03-12 11:30:00,-105624.53403,270148.06371,1.4551915228366852e-11,21.354880458404494,87.40281615905134,-0.183770054356089,-0.2511031601351034,0.31116592022243583,False,216.19856208904997
2020-03-12 12:00:00,-105481.55632,270684.57837,0.0,21.290086428489193,87.3988058713797,-0.18235257962887236,-0.25013864689489484,0.3095509747484461,False,216.09227422087287
2020-03-12 12:30:00,-105339.82835,271225.46488,0.0,21.22540964754502,87.39475171505326,-0.18243047085533975,-0.25093247836256055,0.3102385943007057,False,216.0175340049627
2020-03-12 13:00:00,-105196.40787,271764.42292,5.820766091346741e-11,21.160760434459988,87.39071582275497,-0.1836698004922182,-0.24956868979182506,0.3098695314761673,False,216.35116882627597
2020-03-12 13:30:00,-105047.52859,272302.01898,5.820766091346741e-11,21.095407385416962,87.38670559009884,-0.1856988105039814,-0.2483900434807886,0.3101316848098266,False,216.7821470911545
2020-03-12 14:00:00,-104894.53825,272839.31318,5.999908354159067e-11,21.02952374396801,87.38270769896593,-0.18322392382312389,-0.24790407420165392,0.3082652044375444,False,216.46781110347834
2020-03-12 14:30:00,-104752.11154,273371.73125,5.999908354159067e-11,20.966113140307847,87.37871328243581,-0.17964469794373478,-0.24759903135696873,0.30590439328032687,False,215.96264392391822
2020-03-12 15:00:00,-104609.57668,273903.06187,1.4551915228366852e-11,20.902951613750503,87.3747251043361,-0.17533499820232046,-0.24606870014752263,0.30214593624091507,False,215.4715786086062
2020-03-12 15:30:00,-104478.50571,274424.48304,5.820766091346741e-11,20.842760140891574,87.37078015314295,-0.1676028293521477,-0.2444303336131916,0.29637290091555485,False,214.43794621424053
2020-03-12 16:00:00,-104358.78071,274940.10939,2.9103830456733704e-11,20.785216366917943,87.36684476811178,-0.1616832967938315,-0.24458216405442457,0.2931926387815145,False,213.4670651531558
2020-03-12 16:30:00,-104246.78568,275454.22687,5.999908354159067e-11,20.729354700683142,87.36289486711215,-0.15733702631731042,-0.24506885664897032,0.2912278907481349,False,212.70092986356562
2020-03-12 17:00:00,-104141.31064,275965.72731,1.4551915228366852e-11,20.675024559860272,87.35894377578013,-0.1532961691301165,-0.24553303436083518,0.28945843645056946,False,211.97819467993543
2020-03-12 17:30:00,-104042.54339,276476.06544,1.4551915228366852e-11,20.622153815816528,87.35497889815332,-0.1485217021425469,-0.24562701067800136,0.28703889001654537,False,211.15982455098583
2020-03-12 18:00:00,-103952.3314,276981.63991,5.999908354159067e-11,20.5713167369288,87.35102479245586,-0.14523934024723428,-0.2463430419942066,0.28597090812600384,False,210.5228217765407
2020-03-12 18:30:00,-103864.6316,277490.07131,6.507814330688532e-11,20.52089252039588,87.34703675498368,-0.1464204564730166,-0.2518064735173866,0.29128242339528293,False,210.17714957325472
2020-03-12 19:00:00,-103776.4398,278015.39964,2.9103830456733704e-11,20.469389744625303,87.34290643841004,-0.14506227809041422,-0.2521182739402627,0.2908722891225598,False,209.9149997156219
2020-03-12 19:30:00,-103692.78409,278523.01425,1.4551915228366852e-11,20.420057765348854,87.33890847441171,-0.14453570873088276,-0.252806196667517,0.291207046913075,False,209.75769774446195
2020-03-12 20:00:00,-103606.34357,279049.85374,0.0,20.369083158601505,87.33475581625066,-0.14839567934528705,-0.2586834571171957,0.29822543257484474,False,209.84105686886411
2020-03-12 20:30:00,-103516.10505,279581.98842,1.4551915228366852e-11,20.317229298642143,87.33056838987383,-0.1499264805464836,-0.2616625307645112,0.3015712678209645,False,209.81169507584625
2020-03-12 21:00:00,-103427.26198,280120.63848,6.507814330688532e-11,20.265356038365752,87.32631971335607,-0.15136812119836046,-0.26666290926736663,0.30662911683996574,False,209.58091045483917
2020-03-12 21:30:00,-103337.42055,280671.29526,1.4551915228366852e-11,20.21267318311237,87.3219710310391,-0.152589438926318,-0.27285437820741576,0.3126228535772841,False,209.21540349326673
2020-03-12 22:00:00,-103251.15105,281232.2163,1.173212913024843e-10,20.160125883281818,87.31752277078279,-0.15156781433487582,-0.2805845321525918,0.3189051301336186,False,208.377293231536
2020-03-12 22:30:00,-103173.33373,281807.56713,1.4551915228366852e-11,20.108320807277874,87.31292488177805,-0.1498969221401957,-0.28837163724701365,0.32500352065112637,False,207.46562117554112
2020-03-12 23:00:00,-103101.3233,282392.59611,5.820766091346741e-11,20.057099746513973,87.30822554516817,-0.1515303103234461,-0.2915990578916652,0.3286205190033431,False,207.45877719525257
2020-03-12 23:30:00,-103020.92983,282980.74324,5.999908354159067e-11,20.004355577975126,87.30352350314553,-0.15133772732389622,-0.29735633192608957,0.3336523577739272,False,206.97354653133476
2020-03-13 00:00:00,-102955.58121,283584.86996,1.4551915228366852e-11,19.953445223900328,87.29863868171306,-0.14779085169403555,-0.30593676633462596,0.339763801544155,False,205.78409491108806
2020-03-13 00:30:00,-102896.67191,284197.56497,6.507814330688532e-11,19.903313483999515,87.29365994536734,-0.1489289292942732,-0.3126457789341589,0.3463050809128933,False,205.4708119737289
2020-03-13 01:00:00,-102834.62862,284825.68707,0.0,19.85181682600409,87.28855872041272,-0.15281098886373085,-0.31946797180608916,0.3541341318305925,False,205.56317023047853
2020-03-13 01:30:00,-102769.79949,285466.11916,1.4551915228366852e-11,19.799231112219005,87.28336003059654,-0.1547801543679018,-0.3258316665047732,0.36072589466716865,False,205.40916900729923
2020-03-13 02:00:00,-102707.68201,286118.08053,1.4551915228366852e-11,19.74659312633184,87.27805366796856,-0.15643379456510884,-0.3311228626547627,0.3662156226251463,False,205.2876565467592
2020-03-13 02:30:00,-102642.49824,286778.33496,1.4551915228366852e-11,19.693091220066705,87.27268433768243,-0.1565264344665388,-0.33186583764995903,0.3669270484523002,False,205.25117844626874
2020-03-13 03:00:00,-102579.74282,287432.80754,0.0,19.640593773105625,87.26735409048044,-0.15224531112847417,-0.33007147005914,0.3634911417182098,False,204.76149175252476
2020-03-13 03:30:00,-102525.69861,288081.68002,5.999908354159067e-11,19.590190318091512,87.26204264500221,-0.14740383324465375,-0.3242251539933017,0.3561598525061435,False,204.44816720218637
2020-03-13 04:00:00,-102471.16033,288710.37702,1.4551915228366852e-11,19.54115699191923,87.25690084303882,-0.14170633302819724,-0.3173758854467015,0.3475746502312505,False,204.0604608002621
2020-03-13 04:30:00,-102427.10493,289329.05837,8.231806349783991e-11,19.494775776593553,87.25181026122348,-0.13298252665312615,-0.3141776891331591,0.3411626778299487,False,202.94156570419793
2020-03-13 05:00:00,-102397.3199,289936.34095,1.173212913024843e-10,19.45178062558699,87.24677158177178,-0.1278619056680818,-0.313278970917081,0.3383672273432206,False,202.20237138617614
2020-03-13 05:30:00,-102368.64917,290545.77698,5.999908354159067e-11,19.40900492526541,87.2417098453207,-0.12516753977582398,-0.3118697928714546,0.3360501163803049,False,201.86783708966107
2020-03-13 06:00:00,-102345.41845,291145.00753,5.820766091346741e-11,19.36796706184158,87.23671664115585,-0.12040179614175443,-0.3092947373438151,0.33190333993911564,False,201.26989426648353
2020-03-13 06:30:00,-102328.99347,291739.97076,5.999908354159067e-11,19.328529152624952,87.23173790896472,-0.11474232121788178,-0.30456488965220085,0.3254620903996729,False,200.6434884480828
2020-03-13 07:00:00,-102318.5307,292316.3625,0.0,19.291408877795323,87.22689720996937,-0.11241093129485191,-0.30574724096878547,0.3257569536243248,False,200.18643979807013
2020-03-13 07:30:00,-102310.6748,292912.55271,2.9103830456733704e-11,19.253666780248043,87.22188025184494,-0.11586716507098752,-0.3120657814745781,0.3328817386233835,False,200.36950000867785
2020-03-13 08:00:00,-102295.19388,293514.50951,2.9103830456733704e-11,19.21438366186547,87.21683579388659,-0.11838441753378348,-0.313573403773971,0.33517629669952353,False,200.6831941255192
2020-03-13 08:30:00,-102279.74541,294118.79091,6.507814330688532e-11,19.175107826005767,87.21177026697684,-0.11784692544427047,-0.3134486809700974,0.33487008441866134,False,200.60469455304843
2020-03-13 09:00:00,-102265.11777,294719.66658,5.820766091346741e-11,19.13632190609088,87.20672983457843,-0.1198814706880026,-0.31289506267761985,0.33507445032761013,False,200.96365219296314
2020-03-13 09:30:00,-102241.28051,295324.4455,0.0,19.095846064132648,87.2016820719763,-0.12206284681432093,-0.3156237733095658,0.3384046466149432,False,201.14324442391364
2020-03-13 10:00:00,-102221.59404,295937.14559,1.1641532182693481e-10,19.05576067909172,87.19655372086946,-0.12740939119221886,-0.31732644040680025,0.34194915228030964,False,201.87589983427011
2020-03-13 10:30:00,-102180.71344,296553.97157,6.507814330688532e-11,19.01191592855419,87.19145090167514,-0.1355172645005493,-0.31727442035542985,0.34500432865340375,False,203.12875745360125
2020-03-13 11:00:00,-102132.42896,297175.95643,2.9103830456733704e-11,18.966647785600838,87.18632429578851,-0.13988089186936906,-0.31881915727320403,0.34815559589724554,False,203.6893110135951
2020-03-13 11:30:00,-102077.52089,297803.07643,1.4551915228366852e-11,18.920100877457436,87.18117166367243,-0.14589226347567516,-0.3191759116589062,0.350938477692814,False,204.5646879542727
2020-03-13 12:00:00,-102008.1664,298433.20903,1.4551915228366852e-11,18.871063421373243,87.1760334910882,-0.14602599598464097,-0.31597285079121246,0.3480839466858996,False,204.80389125161327
2020-03-13 12:30:00,-101947.99719,299049.46672,5.820766091346741e-11,18.8245925022955,87.17098432600012,-0.14247768257133475,-0.3148646700396547,0.3456004202400203,False,204.34696624097364
2020-03-13 13:00:00,-101888.43521,299671.59601,2.9103830456733704e-11,18.77804908681507,87.16588176257143,-0.14050918969432247,-0.32102119320652694,0.35042465506339215,False,203.63872760062418
2020-03-13 13:30:00,-101841.10392,300306.45862,6.507814330688532e-11,18.733026954870287,87.16063415235567,-0.13634184227914586,-0.3306248243250123,0.35763371263908655,False,202.41009042148974
2020-03-13 14:00:00,-101805.8654,300956.42693,8.231806349783991e-11,18.689363886243097,87.15522193170347,-0.1301800081523542,-0.3368118587438584,0.36109425738031314,False,201.13184634402785
2020-03-13 14:30:00,-101785.70512,301605.21696,5.999908354159067e-11,18.64850600393784,87.14977487874482,-0.12424288499870503,-0.3342962613510541,0.35663746974496907,False,200.38783615981149
2020-03-13 15:00:00,-101766.89614,302239.73028,1.173212913024843e-10,18.608852505279025,87.14444369120258,-0.12180574580747894,-0.32988841401687263,0.3516575115283104,False,200.26581866753887
2020-03-13 15:30:00,-101749.09907,302870.65465,2.9103830456733704e-11,18.569723748372088,87.13913871733746,-0.1240299574983721,-0.3284551509876785,0.3510928888020757,False,200.68734444273525
2020-03-13 16:00:00,-101720.19245,303502.80151,0.0,18.528784814487555,87.13385364624087,-0.1250964097210166,-0.3281137863936438,0.35115205900957236,False,200.8698095463232
2020-03-13 16:30:00,-101697.46216,304133.74701,5.820766091346741e-11,18.4891111832248,87.12855977303609,-0.12080461130108203,-0.3260989058749581,0.347756021550239,False,200.32734527531642
2020-03-13 17:00:00,-101680.03364,304754.07892,5.820766091346741e-11,18.451079516065086,87.12333966379205,-0.11239542463355764,-0.32894322098291723,0.347615267370658,False,198.8645999426839
2020-03-13 17:30:00,-101688.43041,305385.12938,1.4551915228366852e-11,18.416944709535315,87.11795413891753,-0.10531720932395132,-0.33062355490931755,0.3469922904628567,False,197.6688180546061
2020-03-13 18:00:00,-101696.34396,306003.14468,6.507814330688532e-11,18.383586172499605,87.11267973926961,-0.10215325633210044,-0.3312198980568797,0.3466149284841344,False,197.14055862533127
2020-03-13 18:30:00,-101715.49951,306632.64948,1.1999816708318134e-10,18.351600157865832,87.10727499001204,-0.10256214648285429,-0.3326903443316191,0.3481405737667785,False,197.1335417165626
2020-03-13 19:00:00,-101722.98615,307256.16754,1.1641532182693481e-10,18.31810553956163,87.10195308374,-0.10624732232411264,-0.3266998811198378,0.34354229117353224,False,198.01524245531567
2020-03-13 19:30:00,-101722.0369,307869.38445,1.1641532182693481e-10,18.28388936974077,87.0967414876938,-0.10632649427865612,-0.3184924047966403,0.33577185006896587,False,198.46123194263765
2020-03-13 20:00:00,-101719.24473,308464.94041,5.999908354159067e-11,18.25046268860615,87.09168423992438,-0.10543806473277803,-0.3075929762663547,0.3251624586925553,False,198.92091336196458
2020-03-13 20:30:00,-101708.33953,309039.88916,5.999908354159067e-11,18.216929409684813,87.086824025769,-0.10399347350720763,-0.2980411743582803,0.3156630864465421,False,199.2350634998332
2020-03-13 21:00:00,-101699.05243,309601.14811,2.9103830456733704e-11,18.184529224171254,87.082074773704,-0.1033685944133919,-0.2897020727534302,0.3075912178015394,False,199.63690797364762
2020-03-13 21:30:00,-101680.2731,310146.8618,2.9103830456733704e-11,18.151501108234577,87.07748336843657,-0.10720885381319217,-0.2841392714773522,0.30369205444268516,False,200.67203955985832
2020-03-13 22:00:00,-101650.9722,310693.38177,1.4551915228366852e-11,18.116779968069757,87.0729134302799,-0.11137436392351435,-0.28227651065050585,0.30345391314727277,False,201.53209379432963
2020-03-13 22:30:00,-101615.19333,311237.35566,2.9103830456733704e-11,18.081227704130903,87.06838209954059,-0.11375700312721446,-0.27727656927406963,0.29970477411760227,False,202.30664955462913
2020-03-13 23:00:00,-101571.47536,311769.38628,5.999908354159067e-11,18.045112632512364,87.06397336926018,-0.11486655730503259,-0.27085288064868107,0.2942033462467737,False,202.98141545993008
2020-03-13 23:30:00,-101524.05693,312292.55936,6.507814330688532e-11,18.008969631971503,87.05964916096241,-0.11177242020725274,-0.26382472360713827,0.28652497047442405,False,202.96051100858477
2020-03-14 00:00:00,-101482.4442,312797.02671,0.0,17.97490061461755,87.05546709247912,-0.10623216630923979,-0.25507248075793904,0.2763100497607048,False,202.61067077527807
2020-03-14 00:30:00,-101443.66277,313284.02144,1.243316182127096e-10,17.942333364201442,87.05142504897091,-0.10167729174752685,-0.24607052794429396,0.2662498382720546,False,202.45060283077285
2020-03-14 01:00:00,-101407.10329,313752.56053,5.999908354159067e-11,17.911208850262362,87.0475332140649,-0.09642090374662436,-0.23798905881409785,0.2567796385902432,False,202.0552552373225
2020-03-14 01:30:00,-101376.86125,314206.0113,7.275957614183426e-11,17.88201359619549,87.0437517409174,-0.09099203291667558,-0.2317672226541927,0.24898914745656586,False,201.43501926554637
2020-03-14 02:00:00,-101351.55409,314647.19856,5.999908354159067e-11,17.854358726321763,87.04006049383767,-0.08673348485699924,-0.22831545926455987,0.24423481802279176,False,200.80100392606613
2020-03-14 02:30:00,-101331.66277,315084.09414,7.275957614183426e-11,17.827892703884963,87.03639029722687,-0.08388717807255511,-0.22345073240631175,0.23867821110837434,False,200.57698331766125
2020-03-14 03:00:00,-101310.34291,315505.45126,6.507814330688532e-11,17.802078336909656,87.03285588142388,-0.08109677902804702,-0.21264567175988958,0.227584861726211,False,200.87537384194823
2020-03-14 03:30:00,-101287.73701,315902.22129,1.4551915228366852e-11,17.77741033249702,87.02953407280434,-0.07625598682583978,-0.19681234517407045,0.2110688862426201,False,201.17912285473972
2020-03-14 04:00:00,-101265.25641,316263.96044,5.820766091346741e-11,17.754660923342115,87.02651017470566,-0.07037000316084388,-0.18006140565724865,0.1933236849227777,False,201.34611181513125
2020-03-14 04:30:00,-101244.14063,316596.81974,2.9103830456733704e-11,17.73369798042382,87.02372845039987,-0.06641920943480382,-0.16518656091733275,0.17803963404152465,False,201.90437069512194
2020-03-14 05:00:00,-101218.64212,316903.2058,2.9103830456733704e-11,17.71344231862475,87.02118413104509,-0.062629420068683,-0.1503746743322598,0.1628956320429518,False,202.6111979521365
2020-03-14 05:30:00,-101194.07296,317181.10277,1.4551915228366852e-11,17.69486365736779,87.0188799949579,-0.06053286413609418,-0.13570795997674315,0.1485963594492414,False,204.03937658231797
2020-03-14 06:00:00,-101159.52702,317434.87636,1.173212913024843e-10,17.675938620892428,87.01680853211126,-0.06466418794767241,-0.12696298875929876,0.14248178030059047,False,206.99043847502472
2020-03-14 06:30:00,-101111.0527,317687.27403,1.4551915228366852e-11,17.654830629522035,87.01478632161387,-0.0695367439749826,-0.11602977730027446,0.13527109071414176,False,210.9342927140168
2020-03-14 07:00:00,-101047.66822,317908.83117,1.4551915228366852e-11,17.63291525826531,87.01306739751826,-0.07242722733846671,-0.09976275043527474,0.12328142453082237,False,215.9794505062834
2020-03-14 07:30:00,-100971.35654,318108.5282,5.999908354159067e-11,17.61004527001441,87.01156967559088,-0.07363060129348153,-0.09040631632047713,0.11659660148339579,False,219.1607800459535
2020-03-14 08:00:00,-100893.48439,318299.23549,0.0,17.587409041019598,87.01015245193435,-0.07527143544838691,-0.09148184884907602,0.11846821372547942,False,219.4476115127609
2020-03-14 08:30:00,-100812.55753,318504.34737,1.4551915228366852e-11,17.563549248719543,87.0086200199881,-0.07675897510055543,-0.08912262319206968,0.11762135105125823,False,220.7374568009688
2020-03-14 09:00:00,-100726.85212,318688.5072,0.0,17.540015233985123,87.00727889630511,-0.07808905882019536,-0.08470243269023092,0.11520591656276613,False,222.67364890382257
2020-03-14 09:30:00,-100636.40407,318879.82081,1.4551915228366852e-11,17.51535840532734,87.00588895096742,-0.07773212053960714,-0.07801132489126332,0.11012742335528537,False,224.8972848341076
2020-03-14 10:00:00,-100544.51294,319040.54689,2.9103830456733704e-11,17.492063339564307,87.004763621087,-0.0739018037195292,-0.0637653768502413,0.09760891290170744,False,229.21108608790183
2020-03-14 10:30:00,-100451.65824,319178.72778,6.507814330688532e-11,17.469787231918342,87.00383299610205,-0.07227867706566515,-0.060380379095432875,0.09418066329173361,False,230.1251910332621
2020-03-14 11:00:00,-100361.56638,319326.00393,6.507814330688532e-11,17.447509325840684,87.00281678638872,-0.07370770465084184,-0.06901798617637436,0.10097677030256977,False,226.88196276577884
2020-03-14 11:30:00,-100273.01628,319495.3209,1.4551915228366852e-11,17.424368870735574,87.00160764200918,-0.07658490558089635,-0.07803630659488044,0.10933852436266456,False,224.4621908016869
2020-03-14 12:00:00,-100182.63576,319676.60271,2.9103830456733704e-11,17.40033636522357,87.00030065392093,-0.07847907562521747,-0.08338275132302449,0.11450610695148947,False,223.26472975201833
2020-03-14 12:30:00,-100093.18746,319866.25022,1.4551915228366852e-11,17.37604978313191,86.9989191376456,-0.07907444112111583,-0.08414225422953636,0.11546725157136435,False,223.2215603339937
2020-03-14 13:00:00,-100001.42077,320050.70529,8.231806349783991e-11,17.351672037642384,86.99758766370265,-0.07679273464671105,-0.0797642101148398,0.11072241557049091,False,223.91264764022466
2020-03-14 13:30:00,-99914.95317,320222.7822,0.0,17.32880961427227,86.99634734210755,-0.07024263442844117,-0.07751422898654274,0.10460632574957315,False,222.1825619193417
2020-03-14 14:00:00,-99843.1417,320392.41031,0.0,17.308479426591447,86.99508843058909,-0.06321186836807674,-0.07541753771536323,0.09840500646629366,False,219.9683501775346
2020-03-14 14:30:00,-99778.47179,320549.69439,1.173212913024843e-10,17.28995608267559,86.99391569378666,-0.057766273617374034,-0.07059470472084327,0.09121707462016294,False,219.29279515579844
2020-03-14 15:00:00,-99720.11275,320696.87421,6.507814330688532e-11,17.27298708802587,86.99281227689525,-0.053294866176497785,-0.06671380373030981,0.08538778817218014,False,218.61989402471713
2020-03-14 15:30:00,-99666.57537,320836.00107,6.507814330688532e-11,17.25722323160548,86.99176466387992,-0.050554145306005306,-0.0632297611917181,0.08095507586298958,False,218.64341439567613
2020-03-14 16:00:00,-99613.83909,320968.24513,1.4551915228366852e-11,17.24194859330338,86.9907735710674,-0.04961760914462063,-0.06112772047452048,0.07873058711605961,False,219.06637297319958
2020-03-14 16:30:00,-99561.20637,321099.11702,1.4551915228366852e-11,17.226770128602368,86.98979372789613,-0.05183533296704987,-0.06076863823891118,0.07987320662911052,False,220.46400625916905
2020-03-14 17:00:00,-99500.3919,321232.46289,5.820766091346741e-11,17.210145263577846,86.98881419002706,-0.05527628636197019,-0.0585272780204419,0.0805040999356718,False,223.36369397861154
2020-03-14 17:30:00,-99433.46232,321359.25939,2.9103830456733704e-11,17.1928659473059,86.98790662537876,-0.058684851634854616,-0.05528045016409454,0.08062158508581829,False,226.71104576497999
2020-03-14 18:00:00,-99357.39187,321485.02757,5.999908354159067e-11,17.174161691024374,86.98703176106157,-0.06323864818324865,-0.05228290249944804,0.08205259604553343,False,230.4175706281898
2020-03-14 18:30:00,-99271.53076,321606.30804,5.820766091346741e-11,17.154101120864038,86.98622084525051,-0.06580441992968411,-0.04814308435098814,0.08153513508364701,False,233.81047392629497
2020-03-14 19:00:00,-99182.15231,321720.50346,5.820766091346741e-11,17.133834537272424,86.98547948096144,-0.06710675887394979,-0.042853044200107486,0.07962223611393242,False,237.4385065155936
2020-03-14 19:30:00,-99086.11708,321824.90421,5.820766091346741e-11,17.112985826542527,86.98483912435552,-0.06932779046478292,-0.04028334601544878,0.08018160946831399,False,239.84100272144116
2020-03-14 20:00:00,-98986.29524,321932.5436,1.4551915228366852e-11,17.09136833617684,86.984180610561,-0.07268379877227232,-0.04216007596198246,0.08402622572202269,False,239.88421850184767
2020-03-14 20:30:00,-98880.61758,322046.87904,1.4551915228366852e-11,17.0684739402901,86.98347973122249,-0.07598673456590344,-0.04373868084294791,0.08767585774812997,False,240.07486351623348
2020-03-14 21:00:00,-98771.00825,322163.35902,2.9103830456733704e-11,17.04484413668022,86.98277032862401,-0.07920651364754297,-0.04646888757078707,0.09183152681004961,False,239.60069849483094
2020-03-14 21:30:00,-98657.03435,322290.40029,2.9103830456733704e-11,17.019990469188375,86.9819814073944,-0.0845539759543458,-0.04990767140542235,0.09818426816348788,False,239.44892827535054
2020-03-14 22:00:00,-98532.53526,322424.25552,1.4551915228366852e-11,16.993100736825266,86.98116110658277,-0.08895899005007596,-0.04904497212088346,0.10158302614643722,False,241.1311227892136
2020-03-14 22:30:00,-98402.36559,322552.84934,1.1999816708318134e-10,16.96556496043284,86.9804000333235,-0.0915057611693833,-0.04557652285347387,0.10222780327582827,False,243.52335717039676
2020-03-14 23:00:00,-98265.32753,322677.31444,1.4551915228366852e-11,16.937131314819005,86.97969155854727,-0.09717622348767174,-0.04465874537811029,0.10694681832608585,False,245.3181663177613
2020-03-14 23:30:00,-98114.54156,322808.56189,5.820766091346741e-11,16.90614226470388,86.97896003016618,-0.10293141655406986,-0.0447206673092513,0.11222662161186259,False,246.5164740026914
2020-03-15 00:00:00,-97957.60678,322939.10966,0.0,16.874203710721478,86.97824960093328,-0.10400890766354859,-0.04525824092405159,0.11342910228377934,False,246.48430543992498
2020-03-15 00:30:00,-97803.52472,323073.16343,1.1641532182693481e-10,16.84257120001489,86.97750077572934,-0.10478913633552574,-0.048609672650607054,0.11551477554470933,False,245.11431796362604
2020-03-15 01:00:00,-97647.25136,323215.9009,0.0,16.810172232440525,86.97668225428335,-0.10827813633890221,-0.05390576225995713,0.12095447909793548,False,243.53379767385258
2020-03-15 01:30:00,-97486.50306,323371.66282,0.0,16.776426198792596,86.97576264818268,-0.10941995793718699,-0.05684573061167976,0.12330516730352964,False,242.54727283475643
2020-03-15 02:00:00,-97329.17325,323525.5334,1.173212913024843e-10,16.743348254423747,86.9748493943809,-0.10869246310023481,-0.06162094437616954,0.12494475707530463,False,240.44982783716682
2020-03-15 02:30:00,-97175.7066,323696.81911,1.1641532182693481e-10,16.710068639174338,86.97377579353702,-0.10989043438425217,-0.06895846060745855,0.12973502556561217,False,237.89090099345435
2020-03-15 03:00:00,-97021.65249,323877.04874,5.820766091346741e-11,16.676282306115702,86.97262594559983,-0.10924717354481957,-0.07161702756053101,0.13062903032686793,False,236.75313913154653
2020-03-15 03:30:00,-96872.94344,324056.65682,5.820766091346741e-11,16.64341931661482,86.9714666677843,-0.10810459283131031,-0.07468863809872997,0.13139633043683696,False,235.35970106440746
2020-03-15 04:00:00,-96725.79107,324246.12917,5.820766091346741e-11,16.610356586883118,86.97021774646781,-0.10511594702045882,-0.07811686421887332,0.13096414315910213,False,233.3821322387559
2020-03-15 04:30:00,-96590.70724,324434.31745,1.173212913024843e-10,16.579340933505417,86.96894799790513,-0.10057606442204868,-0.07753374905603913,0.12699223195657652,False,232.3714915402041
2020-03-15 05:00:00,-96458.41558,324616.9615,5.820766091346741e-11,16.54907127640031,86.96771783785832,-0.09862297754698691,-0.07901957105213481,0.12637477718871304,False,231.29728717133065
2020-03-15 05:30:00,-96331.39931,324808.13314,6.507814330688532e-11,16.519271459337624,86.96640017288199,-0.10509637543493833,-0.08978293035213775,0.13822526076003014,False,229.49301967485295
2020-03-15 06:00:00,-96187.58848,325034.41728,5.999908354159067e-11,16.485090883973132,86.96482282482556,-0.114150859753253,-0.09768272864462973,0.15024092071691786,False,229.44528388132989
2020-03-15 06:30:00,-96037.13708,325261.94719,5.999908354159067e-11,16.44981027016454,86.96325053854233,-0.12064377405921445,-0.09140450851999424,0.15135952033827435,False,232.85098695092458
2020-03-15 07:00:00,-95864.22892,325472.99266,5.820766091346741e-11,16.41171517414174,86.96187555873014,-0.14856594055991634,-0.10014933663656034,0.17916955188646222,False,236.01581552977655
2020-03-15 07:30:00,-95625.95642,325758.90681,5.820766091346741e-11,16.35950901911963,86.96002081547972,-0.19744351293031126,-0.13385676276471958,0.2385405075372156,False,235.86470525919242
2020-03-15 08:00:00,-95317.93931,326135.57251,0.0,16.29178194923191,86.95755872554486,-0.23323856894473086,-0.1561479160226367,0.2806820295665513,False,236.19859152877564
2020-03-15 08:30:00,-94977.70811,326534.01587,0.0,16.217927903843776,86.95498570035367,-0.24829541155676083,-0.1603951964643629,0.2955963978958181,False,237.13813248929534
2020-03-15 09:00:00,-94620.91522,326939.66599,5.820766091346741e-11,16.141183265723193,86.95238686072838,-0.2569472143953148,-0.16413263399207156,0.304895707622602,False,237.43039058264563
2020-03-15 09:30:00,-94253.42942,327358.75827,2.9103830456733704e-11,16.062215650150208,86.9496933658138,-0.26369725979896963,-0.16614795945009345,0.31167513416202325,False,237.78616591922605
2020-03-15 10:00:00,-93874.15636,327777.10471,1.1641532182693481e-10,15.981517781345895,86.94702957403786,-0.27106216454465604,-0.16488434516881592,0.3172720352148664,False,238.6882780358751
2020-03-15 10:30:00,-93478.75043,328198.07113,5.999908354159067e-11,15.898235162637482,86.94437674960558,-0.2799613848094872,-0.1649496717610912,0.32494118113673665,False,239.49395124651141
2020-03-15 11:00:00,-93067.51086,328624.29276,1.4551915228366852e-11,15.812301311503244,86.94171083585688,-0.2887923351021085,-0.16895007651812383,0.3345820395197692,False,239.67139616793554
2020-03-15 11:30:00,-92644.17099,329066.56764,2.9103830456733704e-11,15.72383594305641,86.93892902403557,-0.29401695419597995,-0.17371823008803772,0.34150255170291394,False,239.42352634857622
2020-03-15 12:00:00,-92218.13848,329513.1198,5.820766091346741e-11,15.63490416653351,86.93610953197434,-0.29492089807782673,-0.1768321201192866,0.3438719744743873,False,239.05344829990528
2020-03-15 12:30:00,-91793.30742,329965.7475,5.820766091346741e-11,15.546057321039624,86.93322735930403,-0.2956619451627553,-0.17985519976119535,0.3460691819543653,False,238.6872794998738
2020-03-15 13:00:00,-91366.22824,330422.1791,2.9103830456733704e-11,15.456845908369774,86.93031035122912,-0.29826755187795573,-0.1801030811614298,0.34842596393941366,False,238.87513496274772
2020-03-15 13:30:00,-90931.17969,330876.83928,5.999908354159067e-11,15.366599350603355,86.92742012511992,-0.30147095848594907,-0.17903478268838333,0.3506254300856021,False,239.2951627667966
2020-03-15 14:00:00,-90490.5274,331331.25941,5.820766091346741e-11,15.275631379026414,86.92453758399736,-0.3032447855466677,-0.17682058536981798,0.35103122278761695,False,239.75374298146676
2020-03-15 14:30:00,-90045.77636,331778.52103,1.4551915228366852e-11,15.18448719638203,86.92171879330589,-0.30050901924855233,-0.17400057737130492,0.347249005146558,False,239.92832260688076
2020-03-15 15:00:00,-89610.53664,332219.15429,1.4551915228366852e-11,15.095326489086405,86.91892735800756,-0.29179392971403406,-0.17279214341551197,0.33911771148686043,False,239.36717792441735
2020-03-15 15:30:00,-89193.56374,332652.67451,5.999908354159067e-11,15.009569047186998,86.91614763965967,-0.28005918796489276,-0.16907231622734967,0.3271369695984177,False,238.8805320284721
2020-03-15 16:00:00,-88794.35226,333068.1561,1.4551915228366852e-11,14.927591101103781,86.91347615995987,-0.26249500463324416,-0.17024123002726133,0.3128669107761346,False,237.03456001499598
2020-03-15 16:30:00,-88438.3466,333488.28554,1.1999816708318134e-10,14.852492867612265,86.91065895878606,-0.24155944686107125,-0.17871770414183047,0.3004845822027372,False,233.50412069505617
2020-03-15 17:00:00,-88118.71244,333912.95311,1.4551915228366852e-11,14.783174290702803,86.90771404852447,-0.22810880422554833,-0.18229115175048832,0.2919994701565896,False,231.37020648307947
2020-03-15 17:30:00,-87811.78717,334332.34757,2.9103830456733704e-11,14.716247123872652,86.90478138335214,-0.21286534221871983,-0.18759240222591342,0.28372973635271576,False,228.61115485375674
2020-03-15 18:00:00,-87549.09185,334760.80074,0.0,14.656153106940334,86.90166579320312,-0.19341665658418722,-0.20383025052919787,0.2809924804598888,False,223.49836875905976
2020-03-15 18:30:00,-87323.80519,335218.43638,5.820766091346741e-11,14.600951212660794,86.89820941278235,-0.1816539586377824,-0.21851329427237276,0.2841587944487056,False,219.73734542513913
2020-03-15 19:00:00,-87114.55952,335686.89613,0.0,14.547988280067731,86.8946202298996,-0.18231355580235734,-0.22449061445321172,0.28919590005198864,False,219.0807783817053
2020-03-15 19:30:00,-86891.52378,336165.55459,1.4551915228366852e-11,14.492523262969753,86.89097086916003,-0.18735138174903812,-0.23048192233297624,0.2970226536235543,False,219.1065574936698
2020-03-15 20:00:00,-86669.20002,336659.01647,5.999908354159067e-11,14.43669366410915,86.88718860609937,-0.1830762887052952,-0.24203523345858063,0.30347649286469325,False,217.10398731773557
2020-03-15 20:30:00,-86470.4909,337173.68214,5.999908354159067e-11,14.383897970981067,86.88316689114866,-0.17926163751132201,-0.2515937040224925,0.3089241437424375,False,215.47004185582387
2020-03-15 21:00:00,-86269.08881,337696.676,1.4551915228366852e-11,14.33047056753459,86.87907623054424,-0.1844570820007137,-0.250945492683396,0.31144510816246634,False,216.31768671285408
2020-03-15 21:30:00,-86050.71305,338213.33658,6.507814330688532e-11,14.274738857593197,86.87507532014511,-0.18915890970906252,-0.24883642533724562,0.3125710474387221,False,217.24114246598805
2020-03-15 22:00:00,-85830.02379,338732.73703,6.507814330688532e-11,14.218671627006781,86.87105275720779,-0.1925159304818846,-0.2527091600241279,0.3176858559165109,False,217.3004504736181
2020-03-15 22:30:00,-85602.34379,339265.45063,5.999908354159067e-11,14.161105045708874,86.86692690274691,-0.20135932388501443,-0.25255249183599604,0.3229989759240747,False,218.56524763355426
2020-03-15 23:00:00,-85349.59092,339791.6419,1.4551915228366852e-11,14.099973000018048,86.8629092618137,-0.2075647269876119,-0.24661965867121433,0.3223420108092461,False,220.0852739058505
2020-03-15 23:30:00,-85093.91181,340308.56979,1.1999816708318134e-10,14.038900717371481,86.85897490238547,-0.19899280946030196,-0.244854985712477,0.31551878271374173,False,219.10064265439308
2020-03-16 00:00:00,-84868.44347,340820.56968,1.173212913024843e-10,13.982957790009005,86.85501443752484,-0.1891221842473385,-0.24232671273965492,0.307391340609477,False,217.97000804821596
2020-03-16 00:30:00,-84644.04195,341319.60896,6.507814330688532e-11,13.927832560010085,86.85116134863671,-0.1824317554368472,-0.23670669199455904,0.2988501353969522,False,217.6217309882548
2020-03-16 01:00:00,-84436.10865,341805.74093,5.999908354159067e-11,13.875947493935161,86.84738221148922,-0.17637293275688581,-0.23199401854217483,0.2914251808760045,False,217.2438311071501
2020-03-16 01:30:00,-84227.9217,342282.68687,0.0,13.82450341960442,86.8436809269249,-0.16867321400762283,-0.22717364590208852,0.28294614066304,False,216.59336319291998
2020-03-16 02:00:00,-84041.89332,342744.97076,5.820766091346741e-11,13.777240781543718,86.84005738826234,-0.15481521751375285,-0.22091393420410577,0.26976048246429013,False,215.02255099632873
2020-03-16 02:30:00,-83876.01853,343187.82369,1.173212913024843e-10,13.73400944153713,86.83655791370538,-0.14729254204845244,-0.21432244465537548,0.26005615398631043,False,214.49869392179463
2020-03-16 03:00:00,-83709.98092,343620.36132,0.0,13.691243538628989,86.83314674977899,-0.14784165693192267,-0.20868374031938233,0.25574608305517355,False,215.31560242844188
2020-03-16 03:30:00,-83536.72754,344043.71162,1.1641532182693481e-10,13.647785723240615,86.82982903672512,-0.14220486661579249,-0.20457710105614724,0.24914657205298332,False,214.80379138075472
2020-03-16 04:00:00,-83386.27203,344456.83713,0.0,13.608389842958346,86.82655047396385,-0.12177574498862528,-0.20783522950324632,0.24088340476297193,False,210.36708087178164
2020-03-16 04:30:00,-83286.68347,344874.06068,1.4551915228366852e-11,13.576905364343299,86.82312780809126,-0.09997947085200731,-0.21306274851605725,0.23535426360502595,False,205.13826817131283
2020-03-16 05:00:00,-83216.46339,345286.92179,0.0,13.550259350386904,86.81968054709282,-0.085780060474685,-0.21734334695179747,0.23365861687352774,False,201.5379273482668
2020-03-16 05:30:00,-83169.79438,345707.07066,5.820766091346741e-11,13.527086153366552,86.81611979778212,-0.0758394917520351,-0.22056726630549928,0.23324139314171494,False,198.97493641201868
2020-03-16 06:00:00,-83136.74545,346122.79804,1.4551915228366852e-11,13.506262558049949,86.81256854355533,-0.07531580360822188,-0.21769995735580588,0.23036002627598381,False,199.0836499694716
2020-03-16 06:30:00,-83089.195,346532.44073,0.0,13.483446129368923,86.8091001499939,-0.07576145813461556,-0.21796903298633294,0.23076026061625127,False,199.1663778382414
2020-03-16 07:00:00,-83054.48312,346949.452,1.4551915228366852e-11,13.462409046939197,86.80554029318405,-0.07057344301732285,-0.2238836464614964,0.23474347277872418,False,197.49608937148423
2020-03-16 07:30:00,-83029.7499,347375.42387,1.4551915228366852e-11,13.442641580170896,86.80188116684225,-0.06827453612214426,-0.22809044710817203,0.23808961410506718,False,196.66407055217925
2020-03-16 08:00:00,-83006.31718,347805.2202,0.0,13.422979722081918,86.79818563382355,-0.06902195781968479,-0.23009255029807443,0.24022200641059982,False,196.6979175466313
2020-03-16 08:30:00,-82980.34623,348238.81079,0.0,13.402827244713265,86.79446193189384,-0.06988519653487721,-0.23141572586193415,0.24173783086419112,False,196.80378233862967
2020-03-16 09:00:00,-82954.69096,348673.94373,5.820766091346741e-11,13.382713549155408,86.79072373667181,-0.07248738689055007,-0.23074337097345268,0.241861374564879,False,197.4399659669084
2020-03-16 09:30:00,-82918.74131,349107.32963,5.820766091346741e-11,13.36111182929971,86.78702167608787,-0.0732243185959004,-0.22957619943463772,0.24097101937927407,False,197.6903068580122
2020-03-16 10:00:00,-82889.20646,349538.96426,5.820766091346741e-11,13.340619789634086,86.78332116176232,-0.073796392367899,-0.22804807657789197,0.239691119479619,False,197.93158878479227
2020-03-16 10:30:00,-82849.67419,349967.44909,5.999908354159067e-11,13.318740564901386,86.77966831609001,-0.0775607352766538,-0.22477240995801198,0.237777845761517,False,199.03768121260248
2020-03-16 11:00:00,-82803.90716,350390.70392,6.507814330688532e-11,13.296136752999553,86.7760734304355,-0.0784901123955864,-0.22051154388421373,0.23406417652018283,False,199.59296282721235
2020-03-16 11:30:00,-82757.25505,350804.99656,1.4551915228366852e-11,13.273773450059272,86.77255798940125,-0.07934708174047098,-0.2137690698100552,0.2280201188232855,False,200.36398431362574
2020-03-16 12:00:00,-82702.58529,351205.29917,1.4551915228366852e-11,13.250728763777046,86.76918048598873,-0.0819205142025792,-0.20479716865928968,0.22057391264171863,False,201.8018066451848
2020-03-16 12:30:00,-82639.18454,351590.23557,1.4551915228366852e-11,13.226941668704047,86.76595433377301,-0.08225298352198213,-0.19957972036447413,0.21586481436081506,False,202.39807581059853
2020-03-16 13:00:00,-82578.72598,351972.47842,1.4551915228366852e-11,13.203753432896136,86.76274509113553,-0.0771741122682598,-0.19855602711458442,0.21302661690014596,False,201.23994705254376
2020-03-16 13:30:00,-82531.97356,352349.60044,0.0,13.182908849280329,86.75955197933376,-0.07303016450207311,-0.18890002571170933,0.20252561477769745,False,201.13687509248936
2020-03-16 14:00:00,-82477.83607,352694.55645,1.4551915228366852e-11,13.162126391840602,86.75665403828947,-0.06860317443606001,-0.18480055917649174,0.19712341873721778,False,200.36634470676495
2020-03-16 14:30:00,-82442.97971,353053.64244,0.0,13.143840634464569,86.75359315519157,-0.06147730782831379,-0.1904642253904018,0.20014015222184436,False,197.88884143553526
2020-03-16 15:00:00,-82418.23503,353412.59163,1.4551915228366852e-11,13.12714899691145,86.7505125644409,-0.055222664488222384,-0.1896127380171096,0.1974905898809455,False,196.23763091223572
2020-03-16 15:30:00,-82404.40163,353763.56114,1.4551915228366852e-11,13.112450739026045,86.74747913594815,-0.0485333337282277,-0.18429837233913,0.19058167417049343,False,194.7533787422999
2020-03-16 16:00:00,-82398.58826,354098.4043,6.507814330688532e-11,13.099586845116294,86.74456989593214,-0.04210440463169914,-0.17897952325263558,0.18386530568089937,False,193.23796451322806
2020-03-16 16:30:00,-82402.80301,354425.47431,5.820766091346741e-11,13.088561053469281,86.74170796572368,-0.034471990748645966,-0.17644314067922434,0.17977903114357716,False,191.0547225124675
2020-03-16 17:00:00,-82421.55737,354745.2011,5.820766091346741e-11,13.080044083202951,86.73888050954982,-0.026132266970816817,-0.1739687081253364,0.17592045584249869,False,188.54267022713384
2020-03-16 17:30:00,-82452.90405,355056.80311,1.173212913024843e-10,13.073758780021112,86.73609835530333,-0.02060456875371975,-0.17169345121093021,0.1729253869223569,False,186.84321904119747
2020-03-16 18:00:00,-82489.12023,355364.05536,1.4551915228366852e-11,13.068383617070374,86.73334424959876,-0.018060330766361373,-0.17088861754569715,0.1718403187673659,False,186.0328989355607
2020-03-16 18:30:00,-82528.67575,355670.77031,5.820766091346741e-11,13.063547023560742,86.73058804062526,-0.016945562529900995,-0.1698403289708491,0.1706835945086142,False,185.6977433335888
2020-03-16 19:00:00,-82567.8964,355973.44568,5.820766091346741e-11,13.058810539405819,86.72786773078151,-0.015350497214481965,-0.16842087669619135,0.1691189802235264,False,185.20775898786223
2020-03-16 19:30:00,-82611.84066,356273.8918,5.999908354159067e-11,13.054881695853854,86.72515729121416,-0.013886921653068176,-0.166388633291657,0.16696713413622444,False,184.77089222584215
2020-03-16 20:00:00,-82654.50006,356568.25573,5.820766091346741e-11,13.050978413621927,86.72250250404971,-0.015350169814659854,-0.16394803368834474,0.16466507056329072,False,185.34891078674713
2020-03-16 20:30:00,-82691.2881,356861.33808,5.999908354159067e-11,13.04623206482524,86.71987075443617,-0.01889635298271429,-0.16234766448863489,0.16344367935457674,False,186.63903221651583
2020-03-16 21:00:00,-82720.16155,357152.97779,6.507814330688532e-11,13.040339162427081,86.71726756528028,-0.02348499715940279,-0.1604941640680326,0.16220333471132375,False,188.3249674967156
2020-03-16 21:30:00,-82739.29075,357443.29369,5.999908354159067e-11,13.03301972568081,86.714695575176,-0.027791360264508652,-0.15919604781653648,0.16160365511261396,False,189.90251546678041
2020-03-16 22:00:00,-82751.93243,357733.88279,1.4551915228366852e-11,13.024715847357523,86.71213424219731,-0.031184264453669643,-0.15883978879364183,0.16187197673941325,False,191.10734158535837
2020-03-16 22:30:00,-82758.78818,358025.70654,1.1999816708318134e-10,13.01550256551418,86.70957373590223,-0.035390172470574285,-0.15686912645484408,0.1608116511394708,False,192.7132731770635
2020-03-16 23:00:00,-82754.98617,358312.79668,5.999908354159067e-11,13.004851679456147,86.70707593763804,-0.03965928771379718,-0.1547227014935661,0.15972468018259703,False,194.37680797218286
2020-03-16 23:30:00,-82745.02082,358600.55055,5.820766091346741e-11,12.993258730367732,86.70458464380434,-0.043339020245500945,-0.15418869322250828,0.16016374057040722,False,195.69949485953208
2020-03-17 00:00:00,-82727.7624,358888.7431,5.820766091346741e-11,12.98056238903465,86.7021040584859,-0.04679073797703345,-0.15200051365730147,0.1590393954733194,False,197.11008013429847
2020-03-17 00:30:00,-82703.79134,359171.60595,0.0,12.967054158980801,86.6996833227115,-0.0497665258212011,-0.1489011626129952,0.15699765386722797,False,198.48092840659635
2020-03-17 01:00:00,-82673.45496,359451.31949,0.0,12.95271175072715,86.69730267288772,-0.0518166164695785,-0.14550531080073267,0.15445632785215763,False,199.60157461725825
2020-03-17 01:30:00,-82639.41033,359723.909,5.820766091346741e-11,12.938076581018676,86.69499144201517,-0.052800595198621965,-0.14012569599619412,0.14974349245208138,False,200.6468505771885
2020-03-17 02:00:00,-82601.14434,359985.52425,5.820766091346741e-11,12.923204338059612,86.69278425792528,-0.05134101077273093,-0.13313904868500073,0.14269514943372347,False,201.08761088987538
2020-03-17 02:30:00,-82566.45736,360232.40498,5.820766091346741e-11,12.909403067638634,86.69069833083995,-0.04722307068724585,-0.12678283387415656,0.13529192647861366,False,200.42895946295948
2020-03-17 03:00:00,-82537.40662,360468.38667,5.820766091346741e-11,12.896847297312718,86.68869610442161,-0.042323893422650784,-0.1213341787708768,0.12850406566507921,False,199.22983760135517
2020-03-17 03:30:00,-82515.42791,360692.19656,0.0,12.885794500484346,86.68678587093426,-0.037591787865419085,-0.11631234783106056,0.12223626619335315,False,197.91067069321184
2020-03-17 04:00:00,-82498.86336,360906.74601,0.0,12.875890625947228,86.684945568128,-0.03384353591890337,-0.11414586211381725,0.1190573927196488,False,196.51476159592198
2020-03-17 04:30:00,-82488.22528,361119.93906,0.0,12.866938131516692,86.68310518906574,-0.03045429667856832,-0.11233900708037464,0.11639380008398524,False,195.16791788374718
2020-03-17 05:00:00,-82482.04027,361325.42584,5.820766091346741e-11,12.858931836906464,86.6813231464787,-0.026628808125482108,-0.11041772561856354,0.11358330666502066,False,193.55879023768432
2020-03-17 05:30:00,-82483.23076,361528.80846,0.0,12.852117499760267,86.67954471921003,-0.022996687493554706,-0.11005456391219666,0.11243155550636127,False,191.80253968693484
2020-03-17 06:00:00,-82489.45437,361730.11153,0.0,12.84613966151908,86.67777438173354,-0.020309310882485568,-0.1094392030610202,0.111307714355981,False,190.51313589232143
2020-03-17 06:30:00,-82499.54251,361929.18409,1.4551915228366852e-11,12.840826262625702,86.67601579379775,-0.01689390582934185,-0.1112810976887587,0.1125561493521599,False,188.63232416718995
2020-03-17 07:00:00,-82519.19061,362134.22108,5.999908354159067e-11,12.836751974542965,86.67418606371558,-0.015361254564818912,-0.11534544473386692,0.1163638249743395,False,187.58579080306345
2020-03-17 07:30:00,-82537.88043,362346.33586,5.999908354159067e-11,12.832295748131987,86.67229640914198,-0.01696475098296337,-0.11779264544256798,0.11900802534397623,False,188.19550709496622
2020-03-17 08:00:00,-82553.82434,362561.2478,1.173212913024843e-10,12.827336337321428,86.67038776490823,-0.01898230604067326,-0.11910592414087957,0.12060907556264056,False,189.05526339097787
2020-03-17 08:30:00,-82566.4449,362779.58792,1.173212913024843e-10,12.8217664192696,86.66845575998093,-0.02058416793222268,-0.11967149452754439,0.12142888689236195,False,189.7596932358889
2020-03-17 09:00:00,-82577.17562,362997.76766,5.820766091346741e-11,12.815924815234185,86.66652887822768,-0.022128826641627724,-0.11967048716441626,0.12169926239178251,False,190.4764898871221
2020-03-17 09:30:00,-82584.32863,363217.34011,1.4551915228366852e-11,12.809505836981966,86.66459690171378,-0.02517614917078027,-0.12007516902847701,0.12268612270459404,False,191.84166365398994
2020-03-17 10:00:00,-82584.63597,363439.37469,1.4551915228366852e-11,12.801984192482411,86.66265696444621,-0.029313170671017137,-0.12032567628754348,0.12384478329280924,False,193.6914295938305
2020-03-17 10:30:00,-82577.40778,363663.12761,0.0,12.793283802175328,86.66071690616991,-0.032557655287514836,-0.12056567949054443,0.12488428239309113,False,195.11175514697447
2020-03-17 11:00:00,-82566.44856,363888.59008,0.0,12.783976723444123,86.6587692319096,-0.037070284023899336,-0.12216590614878715,0.1276664191663839,False,196.88000825996096
2020-03-17 11:30:00,-82544.57937,364121.55278,1.1641532182693481e-10,12.772793185534065,86.65677755701539,-0.04190270825985425,-0.12253244971318095,0.12949918220677564,False,198.87926898283268
2020-03-17 12:00:00,-82516.85617,364352.1419,1.4551915228366852e-11,12.760827724951724,86.65481807150087,-0.0442157783847879,-0.12096365500042128,0.12879146279638887,False,200.07884657910114
2020-03-17 12:30:00,-82485.52133,364581.42536,1.4551915228366852e-11,12.748380487871824,86.65287698467952,-0.04465892431907097,-0.12006854214969097,0.12810493485923416,False,200.4024455447322
2020-03-17 13:00:00,-82455.43114,364809.21071,0.0,12.73618425044738,86.65094636984178,-0.04562130923672568,-0.11758065541416607,0.12612103069709593,False,201.2062594536632
2020-03-17 13:30:00,-82418.64512,365030.50887,1.4551915228366852e-11,12.72322082228438,86.64908549189651,-0.04648179539253981,-0.11388205406171238,0.12300276232763521,False,202.2031871444755
2020-03-17 14:00:00,-82382.49913,365245.97331,1.4551915228366852e-11,12.710563734537384,86.647274153396,-0.04419562345527944,-0.10954470592045963,0.11812406921453744,False,201.97152742134801
2020-03-17 14:30:00,-82350.20957,365450.21268,5.999908354159067e-11,12.698873091480356,86.6455531430827,-0.03988462807557118,-0.10364636643069508,0.1110556294431424,False,201.04745030715344
2020-03-17 15:00:00,-82324.45009,365641.53691,0.0,12.688601957197207,86.64393200382484,-0.03449328359332621,-0.0989699535296429,0.10480857939457677,False,199.21460989067043
2020-03-17 15:30:00,-82307.3266,365825.07873,6.507814330688532e-11,12.679889144988378,86.64236178619296,-0.028831432646939735,-0.09738709096931303,0.10156523517395248,False,196.49137922075616
2020-03-17 16:00:00,-82300.14488,366006.36303,0.0,12.672741529120001,86.64079168391294,-0.02402311977528509,-0.09690966665659827,0.09984284538829354,False,193.92250607950797
2020-03-17 16:30:00,-82299.48706,366184.42747,5.820766091346741e-11,12.666680062228572,86.63923685455184,-0.01979941594053322,-0.09730243963130013,0.09929643311715203,False,191.50170244059206
2020-03-17 17:00:00,-82307.41265,366363.7563,5.820766091346741e-11,12.661859786580457,86.63765408516703,-0.016940522187735348,-0.09966560659913577,0.1010950761944757,False,189.6465753205557
2020-03-17 17:30:00,-82318.63128,366547.86588,0.0,12.657374310217513,86.6360230466056,-0.01388797404450799,-0.10299350801365129,0.10392563935824008,False,187.67962432585546
2020-03-17 18:00:00,-82339.87569,366736.47755,1.4551915228366852e-11,12.654234034696493,86.63433296812603,-0.009989785689417751,-0.10693085855958549,0.10739648192753139,False,185.33724354287892
2020-03-17 18:30:00,-82367.87165,366931.3448,0.0,12.651891845144368,86.63257496137365,-0.00850752115928374,-0.11153366725054346,0.11185766333439391,False,184.3619383480534
2020-03-17 19:00:00,-82397.93627,367134.95749,5.820766091346741e-11,12.649567830473636,86.63073645698229,-0.008124581919665839,-0.11653601282451063,0.11681888167759469,False,183.98805690238532
2020-03-17 19:30:00,-82431.20481,367347.09654,1.1641532182693481e-10,12.647438007410233,86.62881714323396,-0.007602697437700499,-0.12083841488817153,0.12107734520138394,False,183.60008915445803
2020-03-17 20:00:00,-82466.47843,367565.41305,1.173212913024843e-10,12.645402490765631,86.62683990134354,-0.008268996705212778,-0.12310429224347913,0.12338169667855414,False,183.84282285599284
2020-03-17 20:30:00,-82499.17692,367786.03894,0.0,12.642910571661432,86.62484751868865,-0.010552077003293994,-0.12318242239158966,0.12363355335564637,False,184.89612977598904
2020-03-17 21:00:00,-82526.47321,368006.4318,5.820766091346741e-11,12.639628532443435,86.62286775394305,-0.01248598690729699,-0.12399449561163367,0.12462156639616047,False,185.75018193832165
2020-03-17 21:30:00,-82552.99279,368231.43717,1.173212913024843e-10,12.636082065925196,86.62084918433074,-0.013336459736205229,-0.12490358635800271,0.1256135623385726,False,186.09461055685597
2020-03-17 22:00:00,-82577.9899,368455.69659,1.4551915228366852e-11,12.632339162047215,86.61884010295122,-0.01506516283367904,-0.12440007309875914,0.12530896742923822,False,186.90503850261848
2020-03-17 22:30:00,-82598.01103,368680.29756,0.0,12.627853033498505,86.6168377650048,-0.018944593877656027,-0.12408166921228746,0.12551955334407802,False,188.6807918651288
2020-03-17 23:00:00,-82609.09428,368906.49518,5.820766091346741e-11,12.621997454158132,86.61483894451821,-0.02136415040767516,-0.12434919120175796,0.12617110713302443,False,189.74868037260057
2020-03-17 23:30:00,-82620.77989,369133.94251,5.820766091346741e-11,12.616196474705395,86.61282798541097,-0.020359608742020113,-0.12466949349318011,0.1263210048882379,False,189.2750216271926
2020-03-18 00:00:00,-82635.5981,369360.4778,0.0,12.610895290816975,86.61081883670724,-0.019381858981136806,-0.12375476910191656,0.12526331998248072,False,188.90107519967376
2020-03-18 00:30:00,-82649.95773,369583.94552,5.820766091346741e-11,12.605633963405472,86.60883736906999,-0.019430227475327716,-0.12224133300137387,0.12377591540237445,False,189.031593616022
2020-03-18 01:00:00,-82663.37564,369805.20445,5.999908354159067e-11,12.600312673953754,86.60687702014602,-0.01961952845361818,-0.12063085313989211,0.12221590987265345,False,189.2377596481955
2020-03-18 01:30:00,-82675.76413,370023.16532,0.0,12.594954386766952,86.60494748233415,-0.020950201547452082,-0.11873968620084856,0.12057372858112521,False,190.006173129059
2020-03-18 02:00:00,-82682.98124,370238.82688,5.820766091346741e-11,12.58891560800925,86.60304811048196,-0.02050133566342022,-0.11605433086163863,0.11785123026819413,False,190.0181104524017
2020-03-18 02:30:00,-82694.79407,370447.00275,1.4551915228366852e-11,12.583806810919073,86.60120517262474,-0.01779761695174668,-0.11300596323471124,0.11439887628716468,False,188.95015184966837
2020-03-18 03:00:00,-82709.08206,370649.83491,0.0,12.5792435943434,86.59940409463296,-0.014626283710053803,-0.1122286669516712,0.11317774454775162,False,187.42526453859364
2020-03-18 03:30:00,-82731.39547,370852.7953,0.0,12.57586212883135,86.59758622194829,-0.0107919835455592,-0.11227121870467294,0.11278871157292349,False,185.49064275974683
2020-03-18 04:00:00,-82759.16518,371052.77367,1.173212913024843e-10,12.573384707487625,86.5957837678803,-0.00680195608028826,-0.11137345058529828,0.11158096657492285,False,183.49490748753595
2020-03-18 04:30:00,-82794.77722,371249.45485,5.820766091346741e-11,12.572170990069257,86.59399484274222,-0.003246263977069088,-0.11143002665378947,0.11147730293594768,False,181.668712085332
2020-03-18 05:00:00,-82835.07643,371446.84708,1.1641532182693481e-10,12.571623993708396,86.59219056068056,-0.0008065005906832748,-0.1134728069530165,0.11347567299205288,False,180.40721916723237
2020-03-18 05:30:00,-82880.85795,371648.79494,5.820766091346741e-11,12.571733527729199,86.59033576107502,0.0018935733823837765,-0.11488709464568232,0.1149026985596093,False,179.0557343228059
2020-03-18 06:00:00,-82931.75335,371849.04064,0.0,12.572649291552134,86.58848587094461,0.005409324690683854,-0.11612692002760484,0.11625283802431222,False,177.3330249119088
2020-03-18 06:30:00,-82990.86608,372052.58822,1.4551915228366852e-11,12.574661510444182,86.58659108828608,0.008716598213358837,-0.11986752842844797,0.12018403993857883,False,175.84085230683712
2020-03-18 07:00:00,-83056.328,372263.38112,6.507814330688532e-11,12.577365387472646,86.58462057502587,0.011497670637070082,-0.12473946000385709,0.125268229460356,False,174.73372873144717
2020-03-18 07:30:00,-83129.05113,372481.86073,1.4551915228366852e-11,12.580878745885839,86.58256868704002,0.013072564883540406,-0.12745041719167471,0.12811908833177946,False,174.1436628924465
2020-03-18 08:00:00,-83202.19864,372700.93533,1.4551915228366852e-11,12.584430582504357,86.5805107553152,0.012770432674990874,-0.12686219486241576,0.12750333499958352,False,174.2517520452061
2020-03-18 08:30:00,-83273.42597,372917.57615,2.9103830456733704e-11,12.587776675146001,86.57847783392327,0.01395331656695082,-0.12497525368234717,0.12575177563829695,False,173.6293877466893
2020-03-18 09:00:00,-83349.27452,373129.08456,2.9103830456733704e-11,12.591962351260767,86.5764807429915,0.013762711651639867,-0.12587462326558435,0.126624772514145,False,173.76025606919006
2020-03-18 09:30:00,-83420.5693,373349.02408,1.4551915228366852e-11,12.595202164973708,86.57441882473648,0.00997767300603794,-0.12754211939851262,0.12793180284542177,False,175.52683776004676
2020-03-18 10:00:00,-83484.45304,373569.35403,0.0,12.597342747183188,86.57236796001357,0.005565538664656679,-0.12561711215462318,0.12574034391035746,False,177.4631364884703
2020-03-18 10:30:00,-83538.75153,373785.9895,5.999908354159067e-11,12.598201957383182,86.5703681130944,0.004689564217485141,-0.12550433933525662,0.12559192332522487,False,177.86009556190885
2020-03-18 11:00:00,-83599.47569,374006.60929,2.9103830456733704e-11,12.599867771739293,86.56832087948987,0.0031843752580100956,-0.1250066246935124,0.12504717694953568,False,178.54078282775282
2020-03-18 11:30:00,-83648.10785,374222.67483,5.999908354159067e-11,12.59991681310148,86.56633708238738,-0.0008734460644700924,-0.12138811474579266,0.12139125713808743,False,180.4122636682282
2020-03-18 12:00:00,-83691.73438,374433.76826,1.4551915228366852e-11,12.59939825795239,86.5644065294504,-0.0025105778778713693,-0.11876208586446872,0.11878861915251097,False,181.21102702068345
2020-03-18 12:30:00,-83732.54876,374641.89419,6.507814330688532e-11,12.598567279849107,86.56250741057902,-0.00420439177294871,-0.11814395986768957,0.1182187470894472,False,182.03812610673924
2020-03-18 13:00:00,-83769.73293,374852.1472,0.0,12.597139535392454,86.56059678753816,-0.00484792365826486,-0.11881233924553533,0.11891120351250567,False,182.33655502325854
2020-03-18 13:30:00,-83808.80071,375063.12858,0.0,12.595963757593745,86.55867611468155,-0.003847431566053404,-0.11637154445132408,0.11643512823732347,False,181.8936014381191
2020-03-18 14:00:00,-83847.57513,375264.02232,5.820766091346741e-11,12.595074394388824,86.55684419699858,-0.0031367327284154423,-0.11320592659858891,0.113249374873571,False,181.58715696221816
2020-03-18 14:30:00,-83886.64841,375463.32502,1.1641532182693481e-10,12.59428108036413,86.55502560250989,-0.0036703583492764674,-0.11377413028470064,0.11383331784873943,False,181.84772351397163
2020-03-18 15:00:00,-83923.98848,375666.63503,1.173212913024843e-10,12.593106771853547,86.55317535976626,-0.006413419663031463,-0.11320639573395012,0.11338791816964398,False,183.24248032884736
2020-03-18 15:30:00,-83952.97044,375866.09763,5.820766091346741e-11,12.590844970751021,86.55137506938244,-0.006206811360417456,-0.11285979924043024,0.11303034456221933,False,183.14785436762952
2020-03-18 16:00:00,-83990.74852,376068.03038,1.1641532182693481e-10,12.589781945482528,86.5495360053786,-0.003298059194370477,-0.11618542211691654,0.1162322223264085,False,181.62597113419372
2020-03-18 16:30:00,-84032.55234,376276.89613,0.0,12.589079375866556,86.54762847088914,0.001256254409294985,-0.12044593482656092,0.120452486032398,False,179.40242511409826
2020-03-18 17:00:00,-84089.66973,376490.22543,0.0,12.590452859848186,86.54565201615033,0.010024929418146762,-0.12372200753041121,0.12412749235038123,False,175.36756605352593
2020-03-18 17:30:00,-84164.86264,376703.71802,5.820766091346741e-11,12.594438048359237,86.54363883014173,0.01682412329582837,-0.12934884487035114,0.13043839463121049,False,172.5892662374602
2020-03-18 18:00:00,-84250.31477,376931.47012,0.0,12.599442474584647,86.54148092823306,0.02436681801527353,-0.13817191180457508,0.14030402357709038,False,169.99863988373158
2020-03-18 18:30:00,-84358.97462,377170.02369,5.999908354159067e-11,12.607448787931727,86.53918320826496,0.03501371979237487,-0.14863478309737713,0.15270317390317495,False,166.744567626194
2020-03-18 19:00:00,-84490.11802,377426.14076,1.173212913024843e-10,12.618126523542937,86.53668790334517,0.04506686870436899,-0.1598815397250635,0.16611179789429134,False,164.25809647864799
2020-03-18 19:30:00,-84643.03204,377696.254,5.999908354159067e-11,12.631480585267736,86.53402749997338,0.053578650162681964,-0.167034858011812,0.17541754628394862,False,162.21566631867734
2020-03-18 20:00:00,-84809.83027,377970.73265,2.9103830456733704e-11,12.646676629747066,86.53130152525593,0.060669458499809426,-0.17148607508590152,0.1819017788341487,False,160.5169080124358
2020-03-18 20:30:00,-84991.30466,378250.80787,1.173212913024843e-10,12.663783765024998,86.52849757487732,0.06615394413271988,-0.17469411635421286,0.18680037101969119,False,159.25910271002027
2020-03-18 21:00:00,-85180.06416,378532.12201,5.999908354159067e-11,12.681872687816295,86.52566816064656,0.07028440781823611,-0.17780016804075238,0.19118785980725847,False,158.43111239060232
2020-03-18 21:30:00,-85378.6775,378819.72486,1.4551915228366852e-11,12.701146525710932,86.52276403981188,0.07532773774687265,-0.1819723982157407,0.19694725635674576,False,157.5128198905049
2020-03-18 22:00:00,-85588.64246,379111.56927,1.4551915228366852e-11,12.721882917988061,86.51980007144209,0.07741349079950452,-0.18551611950978736,0.20102009639768526,False,157.34985020843334
2020-03-18 22:30:00,-85797.59928,379409.81486,5.820766091346741e-11,12.742231226373551,86.51678171070216,0.07965527753261326,-0.18671109678417291,0.2029926030700292,False,156.89578217148062
2020-03-18 23:00:00,-86016.59431,379703.92637,5.820766091346741e-11,12.764119506323922,86.51377915976153,0.08586405911774123,-0.18853213355135973,0.20716419099256198,False,155.51383784296257
2020-03-18 23:30:00,-86249.02506,380003.46384,0.0,12.787720124672436,86.51070206376905,0.09126616757043023,-0.1889793613082525,0.20986355649199526,False,154.22212818147494
2020-03-19 00:00:00,-86487.58617,380294.65492,1.1641532182693481e-10,12.81242924862928,86.5076850986288,0.10253362294480418,-0.19283542214993668,0.21840019200983218,False,151.9997196683119
2020-03-19 00:30:00,-86762.90294,380598.53018,6.507814330688532e-11,12.841942087935095,86.504483540048,0.11561681279107724,-0.19447170445294232,0.22624431757018684,False,149.26777992471915
2020-03-19 01:00:00,-87049.00114,380884.73132,2.9103830456733704e-11,12.873519632640859,86.5014138752785,0.1263065517157637,-0.1981972810241482,0.2350223547062961,False,147.49157861465682
2020-03-19 01:30:00,-87365.147,381192.79802,6.507814330688532e-11,12.908617398788392,86.49809211339166,0.13660836739390847,-0.20688735261824465,0.24791979089095526,False,146.56309220328455
2020-03-19 02:00:00,-87694.74719,381500.83875,5.999908354159067e-11,12.945568749587164,86.49474226590392,0.13952738424100936,-0.20480445548177276,0.24781597191933313,False,145.73452124619553
2020-03-19 02:30:00,-88019.85179,381798.82686,1.4551915228366852e-11,12.982139196862663,86.4914877515157,0.14999899061856253,-0.21220354465754113,0.2598654296973968,False,144.7448949782979
2020-03-19 03:00:00,-88392.55676,382123.93677,0.0,13.02452422027456,86.48789903642368,0.15819168725561686,-0.21707082329645794,0.26859700713779544,False,143.91707701089632
2020-03-19 03:30:00,-88750.806,382431.83298,0.0,13.065335632228042,86.48448787416866,0.16000137905843914,-0.21787989379401684,0.2703184962600495,False,143.70808231487592
2020-03-19 04:00:00,-89130.96635,382757.78656,0.0,13.108582212163546,86.48087288168335,0.1685861873921393,-0.2317416466265995,0.2865754584060282,False,143.96505809777682
2020-03-19 04:30:00,-89531.11149,383106.71796,1.4551915228366852e-11,13.153812735143644,86.47701472233526,0.17375077499025277,-0.2437957543119994,0.2993755194238003,False,144.52291116707943
2020-03-19 05:00:00,-89939.78424,383470.08054,0.0,13.199672687699502,86.47301107115045,0.1723607881106445,-0.25112860977602636,0.30458795105217507,False,145.53645018903262
2020-03-19 05:30:00,-90341.65542,383845.2078,2.9103830456733704e-11,13.24407502698138,86.46891653844189,0.17083830967567218,-0.2519635011587029,0.3044196675134387,False,145.86163012992273
2020-03-19 06:00:00,-90746.25367,384212.12336,0.0,13.289033641677701,86.46488585727091,0.1732837020310405,-0.25067624275661693,0.3047389375714183,False,145.34525337075752
2020-03-19 06:30:00,-91156.20933,384580.08395,1.4551915228366852e-11,13.334610626584254,86.46083282234396,0.16799269669773303,-0.25391354573911706,0.3044562938314582,False,146.51083017052161
2020-03-19 07:00:00,-91545.54572,384962.08451,1.4551915228366852e-11,13.376708337867237,86.45669793126244,0.1594844066008823,-0.2581452970308728,0.30343742407289365,False,148.29186751999595
2020-03-19 07:30:00,-91929.77783,385351.36491,5.820766091346741e-11,13.417745532231953,86.45250830606595,0.15568771400916803,-0.2606145658728243,0.3035763762852458,False,149.14646053662506
2020-03-19 08:00:00,-92308.4342,385744.62961,5.999908354159067e-11,13.457768645155829,86.44829377371494,0.15172342051784454,-0.2635456481453802,0.3040991696634557,False,150.0709346016456
2020-03-19 08:30:00,-92681.7889,386146.96045,5.999908354159067e-11,13.496647788524744,86.44400962206771,0.14764898696363923,-0.2656179332489695,0.3038965445918116,False,150.9316393671533
2020-03-19 09:00:00,-93048.46321,386550.39221,5.820766091346741e-11,13.534460293802288,86.43972824829487,0.14357414953109607,-0.2648543343435312,0.3012662523983271,False,151.53844482917793
2020-03-19 09:30:00,-93407.44414,386952.99496,5.999908354159067e-11,13.571133559519208,86.4354687120947,0.13886250784076523,-0.2623447632084322,0.29682919476816116,False,152.10714671054467
2020-03-19 10:00:00,-93756.02594,387351.16003,2.9103830456733704e-11,13.606416328671035,86.43126826424724,0.13744400843114457,-0.2610916574944931,0.2950588230621857,False,152.23676023739068
2020-03-19 10:30:00,-94109.47531,387750.14367,1.7703168939037188e-10,13.642267677121618,86.42704905116224,0.1367158747927235,-0.2631892847578179,0.29658022528764694,False,152.55000197209046
2020-03-19 11:00:00,-94457.78952,388155.82597,1.173212913024843e-10,13.677091663352552,86.42278101036696,0.13491493697507892,-0.2647914590890976,0.29718101726981616,False,153.0005239820427
2020-03-19 11:30:00,-94806.7921,388561.5202,1.4551915228366852e-11,13.711928062656598,86.41851007995486,0.13441668294083545,-0.2688316133850828,0.30056327288616574,False,153.43479942006581
2020-03-19 12:00:00,-95157.30456,388981.33359,6.507814330688532e-11,13.746411289615194,86.4141117554111,0.13435971488545323,-0.2749824322221335,0.30605207239112187,False,153.95931050722618
2020-03-19 12:30:00,-95511.86635,389408.16411,6.507814330688532e-11,13.781133175045069,86.4096424398924,0.13627367742145632,-0.27881123152173287,0.31033243140321715,False,153.95215006967908
2020-03-19 13:00:00,-95872.86713,389839.29559,0.0,13.816514544274748,86.40512061610787,0.13932157230561296,-0.28205792857229783,0.3145904886995212,False,153.7130846796
2020-03-19 13:30:00,-96241.40481,390274.41363,5.820766091346741e-11,13.85271405019798,86.40054658197083,0.14483122105409876,-0.285556490067006,0.32018524577408203,False,153.10636016572482
2020-03-19 14:00:00,-96625.22611,390712.56354,5.820766091346741e-11,13.89083018768097,86.39591187764077,0.15159192701748228,-0.2878217003686777,0.3253020804421493,False,152.22481002708423
2020-03-19 14:30:00,-97019.92906,391149.25413,5.820766091346741e-11,13.930399960154395,86.39126479796204,0.1561526609729113,-0.2895198101200908,0.3289458526579936,False,151.65977253754932
2020-03-19 15:00:00,-97421.76182,391588.84689,5.999908354159067e-11,13.970750896571149,86.38657534734376,0.15631742395422335,-0.29228177091652885,0.33145704192517417,False,151.8613462571828
2020-03-19 15:30:00,-97820.05782,392034.48203,1.1641532182693481e-10,14.010303208879362,86.38183925568525,0.1622562244643984,-0.297137938889955,0.3385528571806947,False,151.36265089303896
2020-03-19 16:00:00,-98247.47754,392485.30844,5.820766091346741e-11,14.05357456950595,86.37699298339932,0.16910058794617144,-0.3006183629277448,0.34491507501571766,False,150.64184703188317
2020-03-19 16:30:00,-98673.39509,392936.49099,5.999908354159067e-11,14.096512027107321,86.37214482562021,0.1682916166978367,-0.3004666891593755,0.34438684577836065,False,150.74677958348713
2020-03-19 17:00:00,-99098.53295,393386.85738,1.4551915228366852e-11,14.139256269387506,86.36730342384969,0.16835325443651858,-0.3031607265801769,0.3467697282347292,False,150.95541553246915
2020-03-19 17:30:00,-99527.70717,393846.75528,1.7522826352494734e-10,14.182109330471262,86.36236835909286,0.16793191603179294,-0.3052739474457244,0.3484154293529551,False,151.18470414770974
2020-03-19 18:00:00,-99953.91891,394304.22981,1.4551915228366852e-11,14.224525687724709,86.35745882069187,0.1681385896551212,-0.30757075345154294,0.3505286774430347,False,151.33605563984213
2020-03-19 18:30:00,-100386.525,394771.32638,0.0,14.267366028675495,86.352449631932,0.16552427616840493,-0.31006569492991953,0.35148118181980714,False,151.9050884773913
2020-03-19 19:00:00,-100806.5201,395239.18271,5.999908354159067e-11,14.30834602960015,86.34745972727937,0.16080840429877655,-0.31008784803729467,0.3493047614813161,False,152.589204581488
2020-03-19 19:30:00,-101223.36389,395709.94224,1.173212913024843e-10,14.34868504359196,86.3424497515661,0.15847009553020364,-0.31056362050580066,0.34865819015050087,False,152.9663191646489
2020-03-19 20:00:00,-101636.28876,396180.95466,1.1641532182693481e-10,14.388373158789523,86.3374444889413,0.15822899203177182,-0.3076706769460429,0.34597349518688103,False,152.78413023880762
2020-03-19 20:30:00,-102050.356,396641.26695,5.820766091346741e-11,14.428480713324666,86.33252774431492,0.1595196420180219,-0.3025823276415692,0.34205640059871384,False,152.20206276234933
2020-03-19 21:00:00,-102463.86806,397092.80221,0.0,14.468712164028215,86.32768657308175,0.15920131524441905,-0.2974422831005209,0.3373677082229467,False,151.8427822900021
2020-03-19 21:30:00,-102872.84245,397534.90221,0.0,14.508554570085899,86.32293559761077,0.1559838925184817,-0.29322692051041116,0.33213401156345945,False,151.98897642698995
2020-03-19 22:00:00,-103271.96059,397974.0757,0.0,14.54706715230706,86.31823039425888,0.15107450964489103,-0.2902803959531708,0.327240302742761,False,152.50557542687773
2020-03-19 22:30:00,-103661.75564,398409.80411,5.820766091346741e-11,14.584346441220685,86.31357442174199,0.14701996066048312,-0.2875054277647334,0.3229152208038394,False,152.91642707513193
2020-03-19 23:00:00,-104044.80131,398842.47156,2.9103830456733704e-11,14.62073130405703,86.30895867968742,0.14087398577753368,-0.2837919804031331,0.31683334422055554,False,153.60025539601384
2020-03-19 23:30:00,-104410.36418,399270.35841,0.0,14.65484503871211,86.30442250241386,0.13506673829780227,-0.27952062034863023,0.31044291100698385,False,154.20977197454806
2020-03-20 00:00:00,-104769.80584,399692.99249,5.820766091346741e-11,14.688238787571477,86.29994443248272,0.13344453358150665,-0.27633503100320334,0.3068688529361154,False,154.22370871096587
2020-03-20 00:30:00,-105127.30736,400110.84407,1.7462298274040222e-10,14.721460258806516,86.29551095441717,0.13256776273789958,-0.2720893002711693,0.30266615112923767,False,154.02365967224296
2020-03-20 01:00:00,-105480.29934,400519.08153,1.7522826352494734e-10,14.754337781594822,86.29116980004945,0.13101416626322876,-0.2674237151639284,0.29779213420392225,False,153.89919828606833
2020-03-20 01:30:00,-105828.58869,400921.70738,5.820766091346741e-11,14.786708074392266,86.28688677751767,0.1303311151714654,-0.2642836740042779,0.29467280147145786,False,153.749855230859
2020-03-20 02:00:00,-106176.77606,401319.24631,5.820766091346741e-11,14.819169759145112,86.2826468536956,0.12956264166968987,-0.2622836316135136,0.2925391965682578,False,153.71158901133845
2020-03-20 02:30:00,-106521.00258,401715.22436,5.820766091346741e-11,14.851084837691774,86.27842834328122,0.12622971140177855,-0.2613334503512418,0.29022252206377996,False,154.21845211641676
2020-03-20 03:00:00,-106857.15737,402112.14641,6.507814330688532e-11,14.881820023266405,86.27421907325959,0.12223059608030373,-0.2632394782156634,0.29023325362439273,False,155.09303473757467
2020-03-20 03:30:00,-107189.65748,402518.08839,4.3655745685100555e-11,14.911680804896424,86.26993907195711,0.11848420308684755,-0.2626872191281263,0.2881719651083248,False,155.72240192107455
2020-03-20 04:00:00,-107512.68618,402916.21128,5.820766091346741e-11,14.94049281735866,86.26574760597707,0.11261614667985297,-0.25926979173834164,0.2826715786934746,False,156.52185367797864
2020-03-20 04:30:00,-107822.00785,403315.38304,1.4551915228366852e-11,14.967385713377602,86.2615778297272,0.10583030068137259,-0.2624381325058444,0.2829731894287246,False,158.03784485586687
2020-03-20 05:00:00,-108124.75629,403730.53736,5.999908354159067e-11,14.992781441146306,86.25728415940463,0.0996173441744535,-0.2644687300237853,0.28260807564676094,False,159.3601310961783
2020-03-20 05:30:00,-108414.72471,404142.28524,1.1999816708318134e-10,15.01654965606164,86.25304888755966,0.09381081064557625,-0.2634212941685188,0.2796269772668536,False,160.39793323035258
2020-03-20 06:00:00,-108696.64944,404558.96767,5.999908354159067e-11,15.039026592108698,86.24878897388626,0.08932817077476446,-0.26188385980227935,0.27669961712822333,False,161.16557224315238
2020-03-20 06:30:00,-108969.92188,404969.33325,5.820766091346741e-11,15.060535325908901,86.2446032629554,0.08693664930396722,-0.2552982697931082,0.26969461906303516,False,161.19476523788126
2020-03-20 07:00:00,-109237.68298,405365.15049,1.7703168939037188e-10,15.081786555545365,86.24055570333265,0.082779327225623,-0.2492531094783927,0.2626395431015185,False,161.62818242228366
2020-03-20 07:30:00,-109491.14098,405758.19658,2.9103830456733704e-11,15.10120793022552,86.23656497285421,0.07707788891142225,-0.24490167596905865,0.2567446822263226,False,162.52965050394323
2020-03-20 08:00:00,-109735.2719,406144.06022,1.1999816708318134e-10,15.119617061607714,86.23265771523226,0.07128313847309113,-0.23861415922146845,0.2490341398514312,False,163.36711093384088
2020-03-20 08:30:00,-109962.93716,406520.53619,5.820766091346741e-11,15.136159140994476,86.22886976168064,0.06458529276822167,-0.2329560306572687,0.24174319486088375,False,164.5043696258627
2020-03-20 09:00:00,-110178.69372,406892.89701,1.1641532182693481e-10,15.151251902154778,86.22514495738436,0.057776550805087784,-0.23191108141825992,0.2389997479235484,False,166.01055492513353
2020-03-20 09:30:00,-110381.91357,407272.03161,1.1641532182693481e-10,15.164431302485164,86.22139069929716,0.05182280971753276,-0.2259366611320601,0.2318037498629454,False,167.08159098117653
2020-03-20 10:00:00,-110571.52959,407629.14383,1.4551915228366852e-11,15.17658562989652,86.2178585447155,0.04275944298293013,-0.21777105668492486,0.22192927498164636,False,168.89126977323696
2020-03-20 10:30:00,-110735.71968,407988.36601,1.173212913024843e-10,15.185316726788702,86.21436764468338,0.03563652459498781,-0.2117684186350113,0.21474595459841048,False,170.44772695335922
2020-03-20 11:00:00,-110895.03726,408331.28618,1.4551915228366852e-11,15.19397356711522,86.21102902687964,0.03578590923097642,-0.2026268221648505,0.205762631107093,False,169.9842777099076
2020-03-20 11:30:00,-111051.22718,408658.55917,1.7522826352494734e-10,15.20276196969878,86.207832933894,0.030989335886981516,-0.19140340256406876,0.1938958520748165,False,170.80328181101078
2020-03-20 12:00:00,-111183.38874,408966.96882,6.507814330688532e-11,15.209070073988896,86.20485628795933,0.022296260796100816,-0.17907690592559103,0.18045958406626877,False,172.9028188658633
2020-03-20 12:30:00,-111297.80816,409259.59893,1.173212913024843e-10,15.213614945684512,86.2020577085931,0.01974013822436657,-0.1692914571725367,0.17043846551972336,False,173.34909153865146
2020-03-20 13:00:00,-111411.89347,409536.41077,1.7522826352494734e-10,15.218670144096814,86.19939662501237,0.020600811440582983,-0.16288724298965454,0.1641847963752467,False,172.79190979204236
2020-03-20 13:30:00,-111523.30083,409805.96072,1.1641532182693481e-10,15.223626928503355,86.19680458093106,0.02184123334861484,-0.15468166686828294,0.15621606043982514,False,171.96290140995677
2020-03-20 14:00:00,-111633.98538,410053.077,5.820766091346741e-11,15.229277389211154,86.19440811913324,0.023613616326823218,-0.1477048493551963,0.14958049805730572,False,170.91696984805753
2020-03-20 14:30:00,-111745.00253,410296.69447,5.999908354159067e-11,15.235087857657366,86.19204107772028,0.024976548111634425,-0.1439109058810952,0.14606223600606089,False,170.15407127334697
2020-03-20 15:00:00,-111856.88186,410529.32073,1.4551915228366852e-11,15.24139219437016,86.18976696532526,0.02403476372658791,-0.13923738230790156,0.14129656223471837,False,170.2062767749852
2020-03-20 15:30:00,-111960.25726,410757.57206,0.0,15.246739696849938,86.18755065253372,0.022096824057501123,-0.1375418869830291,0.13930556452733864,False,170.8731217642437
2020-03-20 16:00:00,-112063.84343,410986.12396,6.507814330688532e-11,15.252097703172845,86.18533121051946,0.024664437247468793,-0.13889810245786335,0.14107096558516014,False,169.93082204678598
2020-03-20 16:30:00,-112177.46377,411216.63471,1.1641532182693481e-10,15.258681446605848,86.1830711478989,0.028867250978427232,-0.13872315450302475,0.14169485443840785,False,168.24493527884385
2020-03-20 17:00:00,-112295.53369,411440.57213,1.1641532182693481e-10,15.266066582508268,86.18085734687027,0.031603103653877265,-0.13707104191592087,0.14066707750029445,False,167.0167639541072
2020-03-20 17:30:00,-112417.14812,411662.722,1.4551915228366852e-11,15.273965483490311,86.17865056413383,0.0336404249365236,-0.1366372185939334,0.14071747473216048,False,166.16872060699285
2020-03-20 18:00:00,-112541.9434,411883.18765,2.9103830456733704e-11,15.282326576113617,86.17645075115817,0.034940168299783636,-0.1364575148275802,0.14085974838021142,False,165.63788756688274
2020-03-20 18:30:00,-112667.96552,412103.44421,5.820766091346741e-11,15.290844160030035,86.1742497637038,0.04018778502884243,-0.13307511421228685,0.13901094952606302,False,163.19603874937445
2020-03-20 19:00:00,-112807.83776,412307.14496,1.7703168939037188e-10,15.301728133039475,86.17215900610097,0.04416555347001425,-0.1301394969542329,0.1374295629797806,False,161.25428460611545
2020-03-20 19:30:00,-112944.96375,412513.37836,0.0,15.312155790125237,86.17005272289057,0.04415833060785366,-0.12894909290274736,0.13630050154901807,False,161.0963458600071
2020-03-20 20:00:00,-113083.75382,412712.90223,4.3655745685100555e-11,15.323024267949837,86.16800034238908,0.04580671803235939,-0.12547656866024795,0.13357628793931203,False,159.9447868576085
2020-03-20 20:30:00,-113223.37647,412905.45842,5.820766091346741e-11,15.334235141265497,86.16600604787425,0.04834521527054353,-0.12139128290486546,0.13066408613251107,False,158.28461710770523
2020-03-20 21:00:00,-113367.16724,413088.32766,1.173212913024843e-10,15.346314881197577,86.16408540963754,0.050667787760868714,-0.11844541406416687,0.12882756238248233,False,156.8400532398427
2020-03-20 21:30:00,-113512.12549,413268.38427,6.507814330688532e-11,15.358632631285014,86.16218612672861,0.050309244890827824,-0.11715283423825666,0.1274982615236056,False,156.75973797909688
2020-03-20 22:00:00,-113653.51715,413447.04619,2.9103830456733704e-11,15.370528064506852,86.16030718187892,0.04984252101794928,-0.11693104930876125,0.12711076741910055,False,156.9135985554965
2020-03-20 22:30:00,-113796.71813,413626.71883,0.0,15.382609050939683,86.15841504079782,0.047760607813653454,-0.11109202329356324,0.12092358454076364,False,156.73619627596412
2020-03-20 23:00:00,-113925.38298,413787.0414,0.0,15.393492968617522,86.15672442406131,0.04389248653704354,-0.1015252808406063,0.11060711109222829,False,156.61969407018591
2020-03-20 23:30:00,-114046.08081,413937.15405,5.999908354159067e-11,15.403704266581192,86.15514080568892,0.04122396487598798,-0.09256324756640953,0.10132803205499015,False,155.9937228033462
2020-03-21 00:00:00,-114156.96966,414068.87952,5.820766091346741e-11,15.413297669965669,86.15373921661913,0.04119848520389276,-0.08321663517011102,0.09285646747604999,False,153.6611333360463
2020-03-21 00:30:00,-114268.68334,414186.54015,4.3655745685100555e-11,15.423488908293859,86.15245701621485,0.041760339556793966,-0.07548418780988744,0.08626580185228148,False,151.0471861254701
2020-03-21 01:00:00,-114374.16314,414290.85378,1.243316182127096e-10,15.433345793592057,86.15130481272833,0.040689084567780254,-0.06605367228968076,0.07758021156143179,False,148.36691658755
2020-03-21 01:30:00,-114473.16291,414376.77768,7.275957614183426e-11,15.443016963105542,86.15032674922837,0.04071646812776073,-0.05650824394919365,0.06964920969415615,False,144.22572939873413
2020-03-21 02:00:00,-114569.61952,414447.90767,1.4551915228366852e-11,15.452881828082905,86.14948238640068,0.04095161150578877,-0.05195869263990685,0.06615693633905187,False,141.75633813255956
2020-03-21 02:30:00,-114665.09829,414517.78606,2.9103830456733704e-11,15.46266127089781,86.14865105132994,0.04046877080818541,-0.05180534291502742,0.06573823062167874,False,142.0041201661415
2020-03-21 03:00:00,-114759.75647,414588.81464,2.9103830456733704e-11,15.47229029176475,86.14781163440591,0.04131046495464814,-0.05331402153763183,0.06744582572171745,False,142.2296214263052
2020-03-21 03:30:00,-114859.62811,414663.08714,5.999908354159067e-11,15.482468848802203,86.14693163496538,0.044663581084459766,-0.05200873144948664,0.06855467615176175,False,139.34497798133583
2020-03-21 04:00:00,-114964.6909,414726.3303,4.3655745685100555e-11,15.493700981321881,86.14613430715532,0.045571282461449196,-0.05114829724333208,0.06850467207478217,False,138.30011743890128
2020-03-21 04:30:00,-115066.91101,414796.70471,1.7522826352494734e-10,15.504310128980979,86.14528207803353,0.045014430914341465,-0.0545200049749311,0.0707016968184536,False,140.45522302716546
2020-03-21 05:00:00,-115173.31148,414872.1418,5.820766091346741e-11,15.51527039863182,86.1443759976046,0.044455688349041164,-0.06010930030223219,0.07476253212278865,False,143.5140793269809
2020-03-21 05:30:00,-115279.0037,414962.40258,1.4551915228366852e-11,15.525606847103724,86.14334352180079,0.04618702909112,-0.05992999941412115,0.07566271529650867,False,142.37917139792796
2020-03-21 06:00:00,-115391.26668,415035.51114,5.820766091346741e-11,15.53739081897414,86.14244319676435,0.04774564867334058,-0.05866841274878165,0.07564145438646373,False,140.86054322999462
2020-03-21 06:30:00,-115501.1819,415119.84834,0.0,15.54846829014905,86.14145143566206,0.04594059689792682,-0.06292912286112355,0.07791413830241714,False,143.86916767269224
2020-03-21 07:00:00,-115611.32649,415209.43303,5.820766091346741e-11,15.559382326266157,86.14041369186668,0.04652193648830555,-0.06223390167185294,0.07770038025597942,False,143.22064831439945
2020-03-21 07:30:00,-115722.61962,415290.75586,5.999908354159067e-11,15.57073226913507,86.13944434367399,0.044745430694499766,-0.06382649462329001,0.07794854061451793,False,144.96770376187806
2020-03-21 08:00:00,-115828.17634,415387.53631,1.173212913024843e-10,15.580790680839247,86.13835525893612,0.04437547791045164,-0.06362258073684512,0.07756942580293706,False,145.10499731586157
2020-03-21 08:30:00,-115938.02067,415468.47168,0.0,15.591957675541723,86.13739245637005,0.047868525328345325,-0.05668366231255652,0.07419186808723971,False,139.8193962575886
2020-03-21 09:00:00,-116049.00997,415537.76934,6.507814330688532e-11,15.603681255987246,86.13652716245791,0.04841255640703053,-0.05213162116833781,0.07114409001106839,False,137.1183684301226
2020-03-21 09:30:00,-116156.36347,415602.34932,1.7703168939037188e-10,15.615103276037791,86.13571117763185,0.04703181490417678,-0.05040946367251819,0.06894277076627887,False,136.98527325949652
2020-03-21 10:00:00,-116260.92343,415666.97048,5.999908354159067e-11,15.62616187791971,86.13490142482688,0.04485802768634418,-0.050533124236840775,0.0675709944654125,False,138.40467919161614
2020-03-21 10:30:00,-116360.88538,415734.04619,1.4551915228366852e-11,15.636540389335543,86.13408145521058,0.043857761272937626,-0.04867893511247595,0.06552207221660981,False,137.9824209492943
2020-03-21 11:00:00,-116460.20234,415793.17284,1.4551915228366852e-11,15.647116569359708,86.13333148997557,0.04501873725776394,-0.0444160433856389,0.06324137580981726,False,134.61389414447808
2020-03-21 11:30:00,-116560.0731,415844.30681,5.999908354159067e-11,15.658045579232006,86.13264899946189,0.04652399848478824,-0.04069789598011876,0.06181262955271476,False,131.17852890161004
2020-03-21 12:00:00,-116661.01629,415889.04432,5.820766091346741e-11,15.669336856252583,86.13201894675392,0.047794079442650586,-0.03879005331599297,0.06155438462065861,False,129.06305766151343
2020-03-21 12:30:00,-116763.4533,415932.29082,1.1641532182693481e-10,15.680868648062534,86.13139798688223,0.04866554383467602,-0.03631453177581535,0.06072133377011309,False,126.7305290766285
2020-03-21 13:00:00,-116865.02601,415967.55926,5.999908354159067e-11,15.692572544738647,86.13084777232359,0.04964162020414799,-0.03568144362360419,0.06113473542559351,False,125.70785508514689
2020-03-21 13:30:00,-116970.24551,416007.6195,7.275957614183426e-11,15.70456661435816,86.1302472281187,0.051402897652692306,-0.03349990900725872,0.06135553594084053,False,123.09278854610022
2020-03-21 14:00:00,-117075.81212,416033.56804,1.1999816708318134e-10,15.717108015062552,86.12976736572953,0.05361622495386861,-0.03220865492769258,0.062546758753392,False,120.99432831191922
2020-03-21 14:30:00,-117187.4569,416066.949,6.507814330688532e-11,15.730154723231074,86.12920846559368,0.0556723553026761,-0.03712578762040364,0.0669158819069339,False,123.69782168927242
2020-03-21 15:00:00,-117304.96092,416107.88006,1.173212913024843e-10,15.743673564100717,86.12857002175157,0.05622633860311892,-0.0411959632999825,0.06970300240969599,False,126.22952056921656
2020-03-21 15:30:00,-117422.51851,416154.76876,1.1999816708318134e-10,15.756980403932586,86.12787986565601,0.05458529771708801,-0.04431425610110011,0.07030866248661698,False,129.07090133618243
2020-03-21 16:00:00,-117537.40564,416208.05353,5.999908354159067e-11,15.769711742062631,86.12714085951198,0.05401102917321832,-0.04831542257506157,0.07246772613347965,False,131.81413918636287
2020-03-21 16:30:00,-117656.91058,416269.31448,2.399963341663627e-10,15.782739462323063,86.12632164879771,0.05398301692177225,-0.05158729433576293,0.0746687019631451,False,133.70000158301355
2020-03-21 17:00:00,-117774.93041,416333.90806,5.999908354159067e-11,15.795452307815294,86.1254771309515,0.052255380947357905,-0.05330831873620109,0.07464852097954723,False,135.57147382100538
2020-03-21 17:30:00,-117890.16512,416402.77101,2.332849477807962e-10,15.807650848557362,86.12460241808057,0.0512746778461546,-0.055326725627748194,0.07543301105560526,False,137.17683361347923
2020-03-21 18:00:00,-118006.79574,416475.26814,5.820766091346741e-11,15.819890518363094,86.12369279625334,0.05094367705352844,-0.05703321349427612,0.07647251580285482,False,138.22787156472992
2020-03-21 18:30:00,-118122.58894,416550.31707,2.9103830456733704e-11,15.831925708458924,86.12276305068912,0.049760926171186895,-0.05794893626259465,0.07638212478964283,False,139.34721415678212
2020-03-21 19:00:00,-118236.05353,416627.09855,0.0,15.843596182614094,86.12182389763947,0.04874149748424319,-0.05751645963591927,0.07539148961293188,False,139.72087030952252
2020-03-21 19:30:00,-118347.92207,416701.60495,5.999908354159067e-11,15.855140147399142,86.12090809590642,0.04810133556179609,-0.057058156226986935,0.07462822304498318,False,139.8683423955162
2020-03-21 20:00:00,-118458.74947,416777.38353,6.507814330688532e-11,15.8665002404834,86.11998372375292,0.047365353290733395,-0.05630965089705177,0.07358161099421398,False,139.93083869961401
2020-03-21 20:30:00,-118567.36251,416849.97819,1.1999816708318134e-10,15.877688504264093,86.11909206126205,0.04603497190817838,-0.05431495010597438,0.07119924468420476,False,139.71685050592674
2020-03-21 21:00:00,-118671.64764,416920.11726,1.173212913024843e-10,15.88841029708185,86.11823202326059,0.045458494842205745,-0.053348799312397346,0.07008972208101051,False,139.56569376411005
2020-03-21 21:30:00,-118777.33916,416989.89496,5.820766091346741e-11,15.899319163876001,86.11737151109347,0.045465598759515356,-0.05141606942976189,0.06863477883819062,False,138.51469076932597
2020-03-21 22:00:00,-118879.76944,417053.29539,1.1641532182693481e-10,15.9100398019945,86.11657380976848,0.04505955037175507,-0.04932804555875657,0.06681032224403273,False,137.58932583044884
2020-03-21 22:30:00,-118982.01951,417116.20592,2.9103830456733704e-11,15.920750897888286,86.11578063559924,0.0448840348684966,-0.047523673257161864,0.06536877011180416,False,136.636216573951
2020-03-21 23:00:00,-119082.08395,417173.49483,0.0,15.931383846150874,86.11504112745878,0.043889746839161956,-0.045915699529543955,0.06351819692728289,False,136.29233646313577
2020-03-21 23:30:00,-119179.32545,417231.78395,1.4551915228366852e-11,15.94161806147077,86.11429981553525,0.04306513986478497,-0.04378859547060817,0.061416995732956996,False,135.47723905147757
2020-03-22 00:00:00,-119274.4529,417282.48988,2.9103830456733704e-11,15.951855164873981,86.1136289032461,0.04220746096837455,-0.04187437531253836,0.059455303121018425,False,134.7730270494797
2020-03-22 00:30:00,-119366.85122,417334.96737,1.4551915228366852e-11,15.961678082735762,86.11294933140658,0.04026967561770688,-0.04124192309307281,0.05764150409878518,False,135.68337557266995
2020-03-22 01:00:00,-119454.66317,417385.37047,6.507814330688532e-11,15.97099097787807,86.11229881689336,0.03939079489120642,-0.03969649184353001,0.05592357451776968,False,135.22146489875917
2020-03-22 01:30:00,-119542.50555,417433.34043,2.9103830456733704e-11,15.980393008311731,86.11166907967875,0.0397665307431872,-0.03877290378549366,0.05554021097644482,False,134.27517183741026
2020-03-22 02:00:00,-119630.71864,417480.14588,6.507814330688532e-11,15.989881332706869,86.11104835155257,0.039643789515068736,-0.037243968176939715,0.05439433070348391,False,133.21226402960633
2020-03-22 02:30:00,-119716.63572,417522.91719,5.999908354159067e-11,15.999222164908936,86.11046792639769,0.03899797078021244,-0.03567289885745733,0.052852601051118414,False,132.45032010288526
2020-03-22 03:00:00,-119801.06963,417564.89829,2.9103830456733704e-11,16.008400919576683,86.10989786673038,0.0391873168776219,-0.03504476980779769,0.05257168149249821,False,131.8059023394124
2020-03-22 03:30:00,-119887.03189,417605.28075,1.7522826352494734e-10,16.01782888224196,86.10933769463043,0.03969930239990567,-0.033533522322957976,0.05196664055356549,False,130.18737718401212
2020-03-22 04:00:00,-119971.74971,417641.49595,1.1641532182693481e-10,16.027248130356817,86.10881637686863,0.03986012822602198,-0.028999357025981134,0.04929292576136291,False,126.03693624945089
2020-03-22 04:30:00,-120053.77434,417666.00197,0.0,16.036750066101995,86.10840243500738,0.03878054372089581,-0.026945893553326498,0.047223000229501655,False,124.79274046838174
2020-03-22 05:00:00,-120132.72477,417696.15839,2.9103830456733704e-11,16.04565461473001,86.10794735083914,0.03535674281548104,-0.02993540979890149,0.04632740034092392,False,130.25350915172874
2020-03-22 05:30:00,-120205.88712,417734.38923,1.4551915228366852e-11,16.05352958028073,86.10743699761427,0.03196589920119934,-0.03224626643353755,0.04540529055786261,False,135.25016687861682
2020-03-22 06:00:00,-120275.41646,417775.89509,2.332849477807962e-10,16.060822955116283,86.10690738077672,0.029472705676121362,-0.03289039511134037,0.04416354232227482,False,138.1368468018186
2020-03-22 06:30:00,-120340.60532,417818.81926,6.507814330688532e-11,16.067513000354626,86.10637625333543,0.027405780460818846,-0.03257473232553436,0.042569824861594316,False,139.92542026654098
2020-03-22 07:00:00,-120402.67974,417861.27682,5.999908354159067e-11,16.073823939664877,86.10585681469345,0.025888211151520176,-0.03068650435221129,0.04014798906525675,False,139.84784727127396
2020-03-22 07:30:00,-120460.74624,417899.16774,1.173212913024843e-10,16.07979248445823,86.10538658398109,0.023615557193454293,-0.02945340132452625,0.037751786595350896,False,141.27757444882906
2020-03-22 08:00:00,-120513.73802,417939.61338,5.999908354159067e-11,16.085024056031536,86.10490691645337,0.021634067024871754,-0.028242269622812406,0.03557609660269485,False,142.54726064245733
2020-03-22 08:30:00,-120563.74955,417975.28117,1.173212913024843e-10,16.09005159714188,86.10447574222403,0.020778338357691727,-0.025898693309215397,0.03320363925884513,False,141.26017470408868
2020-03-22 09:00:00,-120611.4498,418008.46518,7.275957614183426e-11,16.094876254386065,86.10407165733166,0.020416634146396818,-0.023905683211511812,0.03143756733077441,False,139.50103684101862
2020-03-22 09:30:00,-120658.22696,418037.59212,1.4551915228366852e-11,16.09973127535494,86.1037047583308,0.020484010642193063,-0.021613602440687156,0.029778221949162048,False,136.5370305285482
2020-03-22 10:00:00,-120703.87731,418062.77299,5.999908354159067e-11,16.104586964560998,86.10337459557057,0.019456236756854803,-0.020174927300503475,0.028028072361819468,False,136.03891527994216
2020-03-22 10:30:00,-120745.66761,418087.94246,1.173212913024843e-10,16.108953983653937,86.1030540979873,0.01961768496173417,-0.017689566922146537,0.02641541862532093,False,132.04146463578132
2020-03-22 11:00:00,-120789.39763,418104.35941,1.173212913024843e-10,16.113885428692623,86.10280408491664,0.020885684960775166,-0.015528738698811845,0.026026017018682027,False,126.6312123573615
2020-03-22 11:30:00,-120833.41793,418120.78121,1.1999816708318134e-10,16.11885277556007,86.1025532792242,0.020735953552328584,-0.014607166843583328,0.025364327172637726,False,125.16227194774336
2020-03-22 12:00:00,-120875.71187,418134.15297,5.999908354159067e-11,16.123712671308212,86.10233298864117,0.021402157224909176,-0.013961244574836874,0.02555325192530579,False,123.11756964453895
2020-03-22 12:30:00,-120921.39292,418147.66755,1.3728249369970004e-10,16.128995090924512,86.10210301143239,0.02264304608714802,-0.01304235732227681,0.026130645239386203,False,119.94187180428582
2020-03-22 13:00:00,-120967.06174,418156.61242,1.7703168939037188e-10,16.1344424857338,86.10191235742352,0.023865353974928394,-0.010878713079289781,0.026227876746129128,False,114.50525720330864
2020-03-22 13:30:00,-121014.80738,418161.41318,7.275957614183426e-11,16.14030354293551,86.10175215833851,0.025942001877212274,-0.009842810539775777,0.02774650213484947,False,110.77754658726064
2020-03-22 14:00:00,-121066.62217,418164.688,1.7703168939037188e-10,16.146734393398024,86.10159491191223,0.02656014451619721,-0.009919615408817431,0.028352073056129933,False,110.47952704603068
2020-03-22 14:30:00,-121116.58314,418169.12432,7.275957614183426e-11,16.152887854769315,86.10143224200365,0.02580010784268312,-0.010302151549530562,0.027780926752784436,False,111.76714881948567
2020-03-22 15:00:00,-121166.15376,418174.47217,6.507814330688532e-11,16.15895807686163,86.10126265688348,0.02746104304261342,-0.011166059960126505,0.029644388676803697,False,112.1273749086937
2020-03-22 15:30:00,-121222.72445,418180.22107,5.999908354159067e-11,16.16589783007052,86.10107211764019,0.026816939776334318,-0.00986054917402241,0.028572341328299573,False,110.18840059665212
2020-03-22 16:00:00,-121268.7608,418181.68765,5.999908354159067e-11,16.17166250438093,86.10094465224454,0.02224695164404846,-0.009908255784892062,0.02435365250124666,False,114.00703828981324
2020-03-22 16:30:00,-121309.57907,418192.17331,1.7462298274040222e-10,16.17643672628352,86.10075257172434,0.022338931789698056,-0.011512804303666316,0.02513110694814894,False,117.26519813506843
2020-03-22 17:00:00,-121357.54371,418199.08808,1.1641532182693481e-10,16.182244467791485,86.10057334516131,0.023637341378283872,-0.014214275048381443,0.02758205073203532,False,121.02052560173212
2020-03-22 17:30:00,-121405.5632,418217.60203,1.1641532182693481e-10,16.187633147313562,86.10029414849298,0.023137154420569475,-0.017358529452142175,0.02892484156261128,False,126.8788726988231
2020-03-22 18:00:00,-121454.95659,418235.88032,5.999908354159067e-11,16.19320327965834,86.10001351225308,0.020415547454713176,-0.017054252705049833,0.026601543436487764,False,129.87390171874472
2020-03-22 18:30:00,-121493.2651,418256.06524,5.999908354159067e-11,16.197302317346566,86.09974413843202,0.01570981525865401,-0.01869335663245604,0.024418023622914828,False,139.95645295883008
2020-03-22 19:00:00,-121528.03903,418284.72933,1.173212913024843e-10,16.200643123631885,86.09941063411871,0.014725525810393023,-0.02137041513629509,0.025952567377624535,False,145.4307770971442
2020-03-22 19:30:00,-121565.63651,418315.15333,2.9103830456733704e-11,16.204275382977553,86.09905491756193,0.013404984358136099,-0.02217015827750761,0.025907711664514346,False,148.84112626483306
2020-03-22 20:00:00,-121596.65254,418347.90418,1.243316182127096e-10,16.206990409449997,86.09869562523171,0.011691884484674743,-0.02323755656964206,0.026013154328729395,False,153.29092667782538
2020-03-22 20:30:00,-121629.40345,418383.73616,1.4551915228366852e-11,16.20981090032854,86.09830547999171,0.011077883465480864,-0.024192584718506785,0.02660828174529318,False,155.3967628804769
2020-03-22 21:00:00,-121659.26009,418420.40234,1.7462298274040222e-10,16.21223477406644,86.09791538842401,0.006774181503305497,-0.024179266571375965,0.02511028607900327,False,164.3489933758791
2020-03-22 21:30:00,-121677.12346,418460.51131,2.9103830456733704e-11,16.21301767502045,86.0975256745042,-0.0006477180726911953,-0.024581671332542306,0.02459020341930548,False,181.50937363340336
2020-03-22 22:00:00,-121681.72939,418506.02803,6.507814330688532e-11,16.21192839297888,86.09712260135852,-0.0014590562852217041,-0.026326146828587315,0.026366547974351572,False,183.17222004578247
2020-03-22 22:30:00,-121698.53981,418552.98328,5.999908354159067e-11,16.212327001820906,86.09667662696764,0.0027435750900619412,-0.028988624747255592,0.029118165618939797,False,174.59345065953238
2020-03-22 23:00:00,-121720.3503,418603.4795,0.0,16.213226606137916,86.09618768475195,0.0030484804267340076,-0.029468859276862425,0.029626118544144472,False,174.09390170208098
2020-03-22 23:30:00,-121738.69897,418651.78775,1.4551915228366852e-11,16.21376943346874,86.09572622280402,0.0010695535984128635,-0.02888116400034745,0.02890096155692477,False,177.87913963964087
2020-03-23 00:00:00,-121753.07886,418702.24125,5.820766091346741e-11,16.21373267231268,86.09525623415917,0.001138988983233627,-0.027612703593557202,0.027636184534945745,False,177.6379608317324
2020-03-23 00:30:00,-121770.39244,418746.09489,5.820766091346741e-11,16.214308149229,86.09483568102173,-0.003040367075158177,-0.02605150794324183,0.02622832244098921,False,186.65664794984713
2020-03-23 01:00:00,-121768.75669,418795.35254,5.999908354159067e-11,16.21229490399427,86.09441604060108,-0.008291807853695909,-0.026649433680402835,0.027909611121776708,False,197.28320951736015
2020-03-23 01:30:00,-121768.51458,418846.55194,5.820766091346741e-11,16.21038667240008,86.0939762060059,-0.006861633267181306,-0.02647366234160919,0.027348433389699413,False,194.5305840246961
2020-03-23 02:00:00,-121771.64277,418893.76459,5.999908354159067e-11,16.209050098416277,86.09356223516014,-0.009647575043639802,-0.025742787771858792,0.0274912136234402,False,200.54439434345596
2020-03-23 02:30:00,-121761.03318,418945.23713,2.332849477807962e-10,16.205825207721226,86.09314596577812,-0.007161038020011956,-0.02654451161636972,0.027493482181703423,False,195.09754353571898
2020-03-23 03:00:00,-121773.55717,418992.72261,7.275957614183426e-11,16.205664177343444,86.09270614958328,-0.004016376489410923,-0.02757888539753481,0.027869808034413364,False,188.28586610283492
2020-03-23 03:30:00,-121774.85751,419044.61147,1.4551915228366852e-11,16.20392674053482,86.09225651234821,-0.010589923131531249,-0.02882412926044252,0.03070792893626073,False,200.17322356235172
2020-03-23 04:00:00,-121765.90479,419103.00598,1.1641532182693481e-10,16.20065881373417,86.09177653264915,-0.01769509331651144,-0.02945087502607586,0.03435797385297315,False,210.99888836287482
2020-03-23 04:30:00,-121743.26545,419164.19758,2.9103830456733704e-11,16.19556399511991,86.09130667744061,-0.02279802282545164,-0.030949111711360132,0.038439528619275014,False,216.37644904509042
2020-03-23 05:00:00,-121718.16496,419232.89274,1.4551915228366852e-11,16.189885588740964,86.09077838301339,-0.025225950069215658,-0.031125814024526178,0.0400645086776807,False,219.02307556932178
2020-03-23 05:30:00,-121687.2962,419297.12756,5.999908354159067e-11,16.1836448816526,86.09030282854255,-0.026880940562912615,-0.02707045536823259,0.03814963327989292,False,224.79873822257397
2020-03-23 06:00:00,-121652.39029,419353.45644,2.9103830456733704e-11,16.177185952592055,86.08990532651569,-0.027898540532628496,-0.025897891668334973,0.03806611822494552,False,227.12980545271657
2020-03-23 06:30:00,-121616.81356,419414.6504,5.999908354159067e-11,16.170466031626493,86.0894675881174,-0.033468681360725755,-0.03247421642017563,0.04663397221050546,False,225.863994864817
2020-03-23 07:00:00,-121569.22802,419499.29369,5.999908354159067e-11,16.161378170488383,86.08885797122325,-0.03138859813795447,-0.034136476884038765,0.04637394901364894,False,222.59863446476143
2020-03-23 07:30:00,-121542.48618,419564.13779,5.820766091346741e-11,16.155641696736865,86.08836667465125,-0.02283074670346904,-0.029890745709189197,0.037612493590419856,False,217.37282736737325
2020-03-23 08:00:00,-121520.22439,419625.52028,5.999908354159067e-11,16.150597321292796,86.08789396244892,-0.019813306880296266,-0.02884179180165439,0.03499165734661298,False,214.48771010958393
2020-03-23 08:30:00,-121502.8551,419683.71124,1.243316182127096e-10,16.146286825970673,86.08743649543153,-0.019768829067955192,-0.029667882610705538,0.035650944746537,False,213.6770171932776
2020-03-23 09:00:00,-121481.56514,419747.90284,1.4551915228366852e-11,16.14126478374399,86.08693713258212,-0.016477370478030662,-0.03193124170617136,0.0359319904092191,False,207.29493817986653
2020-03-23 09:30:00,-121477.83249,419810.62313,5.820766091346741e-11,16.13850874262063,86.08640668373928,-0.010057468970867595,-0.02948849729494393,0.031156446440726834,False,198.83266834884898
2020-03-23 10:00:00,-121476.29295,419859.94207,0.0,16.136517838510223,86.08598609394832,-0.007243291899830102,-0.025826200238305317,0.02682271232174677,False,195.6668393636927
2020-03-23 10:30:00,-121478.62404,419907.18165,6.507814330688532e-11,16.13509045711549,86.08557375760805,-0.0050183888022010525,-0.026971025505643727,0.027433928683222558,False,190.5402588029146
2020-03-23 11:00:00,-121485.92158,419958.23373,5.999908354159067e-11,16.13414979184248,86.08511624518522,-0.006200812694037868,-0.02539466980191945,0.026140759981589302,False,193.72184716300842
2020-03-23 11:30:00,-121482.58501,420001.20499,1.7522826352494734e-10,16.132164920513613,86.08475474568446,-0.0093559657023208,-0.022058151097434118,0.023960303087820843,False,202.98423086800506
2020-03-23 12:00:00,-121475.63057,420043.87473,1.4551915228366852e-11,16.129735988090744,86.08440484075439,-0.007802227968068478,-0.02139768598201556,0.02277577060497965,False,200.03334846595297
2020-03-23 12:30:00,-121477.00309,420083.00754,1.243316182127096e-10,16.128484305964474,86.08406464576512,-0.004843212758915019,-0.020487703902143134,0.021052380411963115,False,193.3003304954861
2020-03-23 13:00:00,-121479.37002,420119.57099,6.507814330688532e-11,16.127451497577844,86.083744086553,-0.0032257904134269655,-0.018330012288573814,0.018611691870719982,False,189.98094473767412
2020-03-23 13:30:00,-121484.17708,420149.62446,6.507814330688532e-11,16.126962825738442,86.08347347999923,-0.0015011567458163852,-0.01633664079208519,0.016405465672913153,False,185.25010550278267
2020-03-23 14:00:00,-121490.51451,420177.56966,4.3655745685100555e-11,16.126743513273727,86.08321720912944,-0.0028090664491749813,-0.01489717122743105,0.015159702005490746,False,190.67852227207004
2020-03-23 14:30:00,-121489.35876,420203.95284,5.999908354159067e-11,16.125638169280208,86.08299302645561,-0.007760749940293447,-0.014069173910110562,0.016067697226071334,False,208.88173324869842
2020-03-23 15:00:00,-121477.74255,420233.98572,1.173212913024843e-10,16.12308397857115,86.08276345705943,-0.009349362024317926,-0.01517721218965448,0.017825777405531425,False,211.63361476163874
2020-03-23 15:30:00,-121472.19796,420265.78855,1.4551915228366852e-11,16.12122966169668,86.08250354369765,-0.0068637839747735085,-0.0162555597391643,0.017645247317221054,False,202.89152510718026
2020-03-23 16:00:00,-121470.25389,420297.06565,1.4551915228366852e-11,16.119847700813413,86.08223919523631,-0.007161988923533493,-0.018874369392303945,0.02018751855226284,False,200.77954001838313
2020-03-23 16:30:00,-121466.29403,420338.22341,1.173212913024843e-10,16.11785312100303,86.08189481968407,-0.009731869340269301,-0.02149813308265039,0.023598283982006422,False,204.3555206402794
2020-03-23 17:00:00,-121458.08174,420381.14294,5.999908354159067e-11,16.11525992970804,86.08154585098303,-0.0115754688195293,-0.024744190790825335,0.027317877960864025,False,205.07045209703352
2020-03-23 17:30:00,-121450.98555,420435.36899,2.9103830456733704e-11,16.112396762046473,86.0810967865264,-0.014306231850706758,-0.02942013870223254,0.03271410752297512,False,205.93242374681296
2020-03-23 18:00:00,-121437.99547,420497.18819,2.9103830456733704e-11,16.108517182825665,86.08059700909114,-0.0169523947264201,-0.031599377582847143,0.035859508510068826,False,208.2126128290475
2020-03-23 18:30:00,-121423.91598,420561.59323,7.275957614183426e-11,16.104407708752376,86.08007766417741,-0.017890822156854825,-0.03380519689142669,0.03824752089111571,False,207.88926546614246
2020-03-23 19:00:00,-121409.87381,420631.97693,1.7703168939037188e-10,16.100087031280964,86.07950674602947,-0.01943074291563293,-0.03441040029684662,0.03951745714039102,False,209.4523943947586
2020-03-23 19:30:00,-121391.06207,420700.01049,1.4551915228366852e-11,16.095253222726228,86.07896788057826,-0.021247587045095544,-0.034651769185080984,0.0406473254088758,False,211.5155708831133
2020-03-23 20:00:00,-121370.96486,420773.03958,1.4551915228366852e-11,16.090078004121484,86.0783891785218,-0.022078836612864177,-0.037191129015996006,0.04325107054931718,False,210.69585399128215
2020-03-23 20:30:00,-121351.79871,420850.68258,7.275957614183426e-11,16.08485411570629,86.07776841686608,-0.0223358174683929,-0.03754518471284581,0.04368672151927948,False,210.74862471848684
2020-03-23 21:00:00,-121331.15199,420925.18911,7.275957614183426e-11,16.0795594296519,86.07717829567092,-0.021786298077931393,-0.03661406723678421,0.04260554780260702,False,210.75371811911373
2020-03-23 21:30:00,-121312.94424,420999.05962,5.999908354159067e-11,16.074595848753045,86.07658756604332,-0.02354925101034455,-0.033328805320598356,0.040809024580925224,False,215.24401516115816
2020-03-23 22:00:00,-121282.91143,421063.95556,0.0,16.068472791131587,86.07610338905596,-0.026284425107415084,-0.02887239735329754,0.03904467098278605,False,222.31363753672247
2020-03-23 22:30:00,-121250.78642,421125.13003,5.820766091346741e-11,16.062223004223195,86.0756563911868,-0.02569425188395265,-0.02841629589077803,0.03831031782729363,False,222.12014977996674
2020-03-23 23:00:00,-121222.32724,421187.85348,5.820766091346741e-11,16.05637916521753,86.07518692782153,-0.025028413802071128,-0.02823863891338421,0.03773383395744728,False,221.55114859818042
2020-03-23 23:30:00,-121192.31621,421247.74418,1.7462298274040222e-10,16.05044416045496,86.07474565592324,-0.023386532571246788,-0.026705071931580657,0.03549775728939624,False,221.20972695391492
2020-03-24 00:00:00,-121167.99827,421303.52171,5.820766091346741e-11,16.045374163470253,86.07432565839743,-0.020809450403999626,-0.026346975505609452,0.03357374486722779,False,218.30249498315473
2020-03-24 00:30:00,-121146.53676,421359.60439,1.4551915228366852e-11,16.040652988910303,86.07389593182957,-0.0192688427246133,-0.02575681231554429,0.03216677914563497,False,216.80040692079223
2020-03-24 01:00:00,-121126.95279,421411.80376,1.7522826352494734e-10,16.036308814481735,86.07349496776877,-0.017855326004118016,-0.02266885474827773,0.02885636225014939,False,218.22605227834646
2020-03-24 01:30:00,-121107.30278,421455.79354,0.0,16.032253475025815,86.07316483140309,-0.015682717663689297,-0.021217548885420504,0.026384313787252478,False,216.4695514043005
2020-03-24 02:00:00,-121093.78624,421500.80854,1.1641532182693481e-10,16.028932009127068,86.07281067566574,-0.013319769501542247,-0.02170659576070232,0.025467480422938484,False,211.53443335132158
2020-03-24 02:30:00,-121082.7931,421544.13965,1.1999816708318134e-10,16.025988708134935,86.07246476496326,-0.01222607592167458,-0.021571082560554077,0.024794929628389577,False,209.54373289732882
2020-03-24 03:00:00,-121072.92162,421587.59752,6.507814330688532e-11,16.023182179604454,86.07211497868876,-0.013281745001031978,-0.02201039696912731,0.025707242656710712,False,211.10806250858442
2020-03-24 03:30:00,-121058.70801,421633.49671,1.4551915228366852e-11,16.019743036964634,86.07175489656831,-0.016064983403972357,-0.022019068454720393,0.027256615112364376,False,216.1142713839901
2020-03-24 04:00:00,-121039.20922,421679.74825,7.275957614183426e-11,16.01562836971214,86.07140482985585,-0.01825239879958638,-0.022619708173456477,0.02906546507096482,False,218.90091309501645
2020-03-24 04:30:00,-121018.01652,421729.89602,5.999908354159067e-11,16.011161467697416,86.07102537742097,-0.01894946991585464,-0.023840204512573827,0.03045386283040668,False,218.47955576091286
2020-03-24 05:00:00,-120997.31002,421781.0599,1.173212913024843e-10,16.006719866338237,86.0706359498407,-0.020243668618013078,-0.02431080177531495,0.03163575828195974,False,219.78423799383827
2020-03-24 05:30:00,-120972.09815,421834.11764,0.0,16.001645539856195,86.07024131614345,-0.023182709933448974,-0.023586998966189973,0.0330724138836203,False,224.50473332232818
2020-03-24 06:00:00,-120940.49353,421885.68941,0.0,15.995823432493577,86.06987523085758,-0.02582984670447356,-0.0234406557339022,0.03488044325996913,False,227.77617252297205
2020-03-24 06:30:00,-120905.96513,421940.86101,2.9103830456733704e-11,15.98950606603893,86.06948531811847,-0.028847228301096563,-0.024161046595923157,0.03762869587516895,False,230.05208332709662
2020-03-24 07:00:00,-120864.6208,421997.91078,5.820766091346741e-11,15.982267194455964,86.06909599522712,-0.03016778072518863,-0.026324797234118007,0.040038605661292574,False,228.89162680293737
2020-03-24 07:30:00,-120827.65275,422061.87017,2.3688801733223527e-10,15.975330661314905,86.06863630838104,-0.03334331008339018,-0.027058815157038528,0.042941306512726034,False,230.93992533662112
2020-03-24 08:00:00,-120776.03063,422124.5972,6.507814330688532e-11,15.966601487363537,86.06822329285893,-0.04006570884401018,-0.02848431351451909,0.04915910029248309,False,234.5894580152358
2020-03-24 08:30:00,-120717.18789,422200.13395,2.9103830456733704e-11,15.956508795763773,86.06771763294898,-0.04853249398615091,-0.03333430534667808,0.05887766032597885,False,235.51696488773723
2020-03-24 09:00:00,-120641.03526,422288.00807,1.4551915228366852e-11,15.943805149237232,86.06714817775253,-0.05540922035427236,-0.03595642148406057,0.06605335681256269,False,237.01945778361954
2020-03-24 09:30:00,-120560.94542,422379.39177,0.0,15.930485678534584,86.0665579766613,-0.05724142679169117,-0.03639041431993688,0.06782951566630273,False,237.5544259385175
2020-03-24 10:00:00,-120478.83732,422470.54233,1.4551915228366852e-11,15.91692541071839,86.06597453007033,-0.05911253337313782,-0.039629087928046335,0.07116710062802306,False,236.16206951290067
2020-03-24 10:30:00,-120395.42402,422574.94715,5.820766091346741e-11,15.902731892388774,86.0652798701193,-0.06204129919992269,-0.042924764080923106,0.07544307905843474,False,235.32164622792925
2020-03-24 11:00:00,-120306.37836,422680.35605,5.999908354159067e-11,15.887801279045162,86.06459013053085,-0.0654114913489608,-0.04248359155578462,0.0779969150157486,False,236.99699822057164
2020-03-24 11:30:00,-120210.80639,422786.50975,1.7462298274040222e-10,15.872031058593675,86.06390969614495,-0.06844836968319581,-0.043109771562945445,0.08089271732669623,False,237.79668394727955
2020-03-24 12:00:00,-120111.80307,422897.02613,1.173212913024843e-10,15.855680747803872,86.06319976528911,-0.0744463248721974,-0.042816163628561374,0.08588060988863842,False,240.09558820761893
2020-03-24 12:30:00,-119995.10939,423008.00696,1.1641532182693481e-10,15.837102160524095,86.06252876436926,-0.08264779128866363,-0.03972685570844251,0.09169994803364893,False,244.327497432865
2020-03-24 13:00:00,-119864.59462,423115.81158,1.4551915228366852e-11,15.816910193640442,86.06191847716946,-0.08737899676739637,-0.039922989423786234,0.09606734180047043,False,245.44459642530822
2020-03-24 13:30:00,-119731.62885,423232.02703,4.3655745685100555e-11,15.796119005077113,86.06124117314589,-0.08850609691306377,-0.047297740787459255,0.10035140992722684,False,241.87991127721966
2020-03-24 14:00:00,-119604.35554,423366.38707,1.243316182127096e-10,15.775405964732828,86.06039305543668,-0.08951323536510031,-0.05269227058844971,0.10387056698263589,False,239.51666079143968
2020-03-24 14:30:00,-119473.08981,423502.18297,2.9103830456733704e-11,15.754150758956818,86.05954175363834,-0.08927153878361067,-0.05244025451640337,0.1035344770138859,False,239.56899668106672
2020-03-24 15:00:00,-119346.30739,423635.33766,1.1641532182693481e-10,15.733559740388413,86.05870179371519,-0.08870055629972032,-0.05113557877516507,0.10238474546801865,False,240.03669261275158
2020-03-24 15:30:00,-119215.64993,423765.96256,0.0,15.712581161740026,86.0578925428989,-0.08844544066418826,-0.052811832073545326,0.10301303597723346,False,239.1580686797139
2020-03-24 16:00:00,-119091.28926,423904.58327,5.999908354159067e-11,15.692118623160246,86.05699854327106,-0.08888993590902251,-0.05884381874272247,0.10660213745575886,False,236.49603188156422
2020-03-24 16:30:00,-118964.86837,424056.45568,4.3655745685100555e-11,15.670941631464144,86.05599472027326,-0.09237033086789695,-0.06542587904684591,0.11319374396890168,False,234.690069214203
2020-03-24 17:00:00,-118834.73708,424221.18266,5.999908354159067e-11,15.648859770596403,86.05488843260868,-0.09551625654654984,-0.0703355501636849,0.11861890608791906,False,233.63308837912487
2020-03-24 17:30:00,-118702.05628,424393.03074,5.999908354159067e-11,15.626221663656768,86.05372627278459,-0.09902332768892914,-0.07262981581936381,0.12280354055377944,False,233.74138068590298
2020-03-24 18:00:00,-118561.85796,424569.00874,5.999908354159067e-11,15.602511397649538,86.05254597561992,-0.10335226930688057,-0.07437105633384163,0.12732928017975054,False,234.26166101645023
2020-03-24 18:30:00,-118415.7093,424750.9729,1.7462298274040222e-10,15.577861640462558,86.05132765962684,-0.10937978006590324,-0.07771618187622509,0.1341780206020489,False,234.60556278657754
2020-03-24 19:00:00,-118257.68903,424944.25499,5.999908354159067e-11,15.551347295118156,86.05003944569451,-0.11616909865994343,-0.08698923646255263,0.14512886254567547,False,233.1735571737578
2020-03-24 19:30:00,-118096.77004,425164.79204,6.507814330688532e-11,15.52354036751007,86.04852207255307,-0.12271912389115461,-0.09808048227690491,0.15709794515614395,False,231.3671949736406
2020-03-24 20:00:00,-117926.5153,425402.70205,6.507814330688532e-11,15.493984707002097,86.0468761281582,-0.12692840551597284,-0.10718311737040391,0.16612959030848484,False,229.82099519675174
2020-03-24 20:30:00,-117759.5111,425658.69484,1.1999816708318134e-10,15.464234561585252,86.04506523158885,-0.13039924527840246,-0.11251708397246796,0.17223256763703076,False,229.2102052918372
2020-03-24 21:00:00,-117582.07732,425918.2684,1.173212913024843e-10,15.433084417054266,86.04324721138359,-0.13201127423734632,-0.11707833577951832,0.17644918031736362,False,228.43077958565453
2020-03-24 21:30:00,-117413.56853,426191.4466,1.1999816708318134e-10,15.402609784069698,86.04128928091312,-0.13540753694202393,-0.12123677231182789,0.18175135768762654,False,228.1604105800177
2020-03-24 22:00:00,-117228.04016,426468.51614,0.0,15.36990573329705,86.03933703155377,-0.1422132978887664,-0.12221685526733689,0.18751421761518827,False,229.32452688170943
2020-03-24 22:30:00,-117036.52806,426751.38819,1.1999816708318134e-10,15.336288007158581,86.03734753751431,-0.14509624538886345,-0.12751731971971636,0.19316725202385016,False,228.68949258861525
2020-03-24 23:00:00,-116845.70898,427049.38356,0.0,15.302274003969204,86.035224356555,-0.15077556383474217,-0.1305109572872624,0.19941509627338155,False,229.12061673785382
2020-03-24 23:30:00,-116636.97562,427347.81936,1.1999816708318134e-10,15.26604612212674,86.03313823179529,-0.15842982113194298,-0.12641181004984686,0.20268190334605113,False,231.41348858140742
2020-03-25 00:00:00,-116415.31098,427638.58112,5.999908354159067e-11,15.228503925169443,86.03114728818994,-0.1612816573494523,-0.1225052157808818,0.2025322218584158,False,232.78067184512233
2020-03-25 00:30:00,-116192.59143,427925.8616,5.820766091346741e-11,15.190985700936059,86.02918721522242,-0.16004654121369688,-0.12214210613984447,0.20132955433007,False,232.65035126762893
2020-03-25 01:00:00,-115974.49689,428213.9056,1.4551915228366852e-11,15.154055267462923,86.02720800541539,-0.16007022171500712,-0.12490908900847446,0.2030388051501942,False,232.03368333887127
2020-03-25 01:30:00,-115753.92831,428510.53887,1.4551915228366852e-11,15.11656415997063,86.02515863774654,-0.16121413120075756,-0.127603738186813,0.20560328328619606,False,231.6377836801154
2020-03-25 02:00:00,-115534.0055,428808.7347,5.999908354159067e-11,15.07913969183299,86.02309254600176,-0.158605846617059,-0.12927650186881462,0.20461727326047446,False,230.81720128205427
2020-03-25 02:30:00,-115323.68162,429108.45193,1.173212913024843e-10,15.042898521335978,86.02098927552795,-0.15825446869246962,-0.13151951977712525,0.2057713802829283,False,230.27126503196098
2020-03-25 03:00:00,-115106.69808,429413.84534,1.1999816708318134e-10,15.005677211795618,86.01885074276134,-0.1599579892401762,-0.13637212656265676,0.21019970319908066,False,229.55076090811514
2020-03-25 03:30:00,-114894.58072,429731.74637,1.173212913024843e-10,14.968685273927155,86.01659101712765,-0.1603992683209693,-0.13741941354897708,0.2112155782560725,False,229.41223156045552
2020-03-25 04:00:00,-114676.63397,430040.91523,6.507814330688532e-11,14.931299827407774,86.01441867607316,-0.1623448243373986,-0.13488311671543482,0.21106704423952694,False,230.2787283395272
2020-03-25 04:30:00,-114454.98741,430351.51779,6.507814330688532e-11,14.89344765628024,86.01224074429979,-0.16676973981430254,-0.13770260659986777,0.21627333164800536,False,230.45334251091433
2020-03-25 05:00:00,-114223.84558,430674.29956,1.7462298274040222e-10,14.854055073663526,86.0099774147702,-0.16979761191099835,-0.14381263870209932,0.2225158512581487,False,229.73656756070145
2020-03-25 05:30:00,-113996.86646,431008.6461,5.999908354159067e-11,14.814844318442084,86.00760249952823,-0.17014334342999848,-0.14983381458391543,0.2267133196490792,False,228.63179486279483
2020-03-25 06:00:00,-113769.6143,431352.3881,5.999908354159067e-11,14.775338519515705,86.00514494811969,-0.1677755695786813,-0.15584853377756164,0.2289921553854339,False,227.11065758242313
2020-03-25 06:30:00,-113555.93202,431705.18441,6.507814330688532e-11,14.7372701390127,86.00257612361379,-0.1659551656996601,-0.15967283915825714,0.23029661870566032,False,226.10526779293355
2020-03-25 07:00:00,-113338.0573,432060.28076,1.4551915228366852e-11,14.698655620598176,85.99999513266705,-0.16706292665864295,-0.15809397948468829,0.23000810379866216,False,226.58001426657825
2020-03-25 07:30:00,-113118.5984,432408.30006,5.999908354159067e-11,14.660124032508563,85.9974772548822,-0.1699530383839649,-0.15959572346181133,0.2331412237319698,False,226.80014379047907
2020-03-25 08:00:00,-112891.5535,432770.96561,5.820766091346741e-11,14.620226913136724,85.99484775577153,-0.17468544062244737,-0.1591574178862346,0.23631776664836712,False,227.66307747470316
2020-03-25 08:30:00,-112654.71655,433121.44725,5.999908354159067e-11,14.579561554234887,85.99234403753415,-0.17571053743371615,-0.15422564250780693,0.23379422955280832,False,228.72574553219025
2020-03-25 09:00:00,-112419.12489,433467.52965,5.820766091346741e-11,14.539242502666761,85.98987364981453,-0.17606225320723465,-0.15532397551672136,0.23478384606852207,False,228.58092213723293
2020-03-25 09:30:00,-112181.56488,433821.82391,0.0,14.4984665391428,85.98733446393273,-0.1742934258203548,-0.1545122009358152,0.23292105641660063,False,228.44281304950587
2020-03-25 10:00:00,-111950.90826,434163.14588,0.0,14.459010256236345,85.98489034114912,-0.17327233729650318,-0.1559110171132117,0.23309128711616262,False,228.0190153682575
2020-03-25 10:30:00,-111717.68618,434521.07595,1.1999816708318134e-10,14.418756510002158,85.98230593236289,-0.1731287402516469,-0.1590418265572942,0.23509118081247257,False,227.4283829917804
2020-03-25 11:00:00,-111489.84561,434872.85902,7.275957614183426e-11,14.379414634438035,85.97976091279511,-0.16898838712765749,-0.15784613708804107,0.23124116843162615,False,226.95253776376174
2020-03-25 11:30:00,-111269.50566,435222.6011,6.507814330688532e-11,14.341113866691455,85.97721506862852,-0.16460169743361872,-0.15616366172572274,0.22689382548146725,False,226.5068720686117
2020-03-25 12:00:00,-111054.99595,435564.30464,1.4551915228366852e-11,14.30383479711636,85.97472430656944,-0.16141676000832816,-0.1531743709425879,0.22252585990226784,False,226.50082454306371
2020-03-25 12:30:00,-110842.65777,435900.50303,1.4551915228366852e-11,14.267042747960623,85.97227484496551,-0.15741945405924418,-0.14984943473368956,0.2173378420945528,False,226.41128000367755
2020-03-25 13:00:00,-110638.70946,436226.78537,5.999908354159067e-11,14.231641115078963,85.96989135580641,-0.1515928540950112,-0.14765274188468536,0.21161693126670386,False,225.75435949274538
2020-03-25 13:30:00,-110444.34989,436549.90429,7.275957614183426e-11,14.197562832469131,85.96751273405808,-0.14538398529814367,-0.14622958687641874,0.20620280128848625,False,224.8338579873724
2020-03-25 14:00:00,-110260.42802,436865.50057,5.999908354159067e-11,14.165045751248908,85.96517514897604,-0.13888082535872495,-0.1445323358783404,0.20044320833285936,False,223.85762259614094
2020-03-25 14:30:00,-110086.91033,437176.75124,1.4551915228366852e-11,14.133983427778228,85.96285125723854,-0.13351621612054687,-0.14053577745841808,0.19384758113783773,False,223.53274806699866
2020-03-25 15:00:00,-109917.86331,437473.48564,1.7462298274040222e-10,14.103956882777412,85.96064254997079,-0.1290992265100701,-0.14098006074321726,0.19115958728941537,False,222.48117273803248
2020-03-25 15:30:00,-109759.83862,437782.23308,1.1641532182693481e-10,14.074949564026022,85.95830432359216,-0.12395444627078313,-0.14550580729211332,0.19114561126540697,False,220.42723217227524
2020-03-25 16:00:00,-109612.41251,438090.10118,1.1641532182693481e-10,14.047307341555598,85.95594965640046,-0.11808928938418253,-0.14451214107032112,0.18662486218076518,False,219.25425987622586
2020-03-25 16:30:00,-109473.70525,438390.10597,0.0,14.021011466899214,85.95364347191945,-0.11260853504475325,-0.1442245183884019,0.1829792170419687,False,217.98223215552645
2020-03-25 17:00:00,-109344.8922,438692.05778,0.0,13.995902532687973,85.95129807059305,-0.10704685207735276,-0.14575826720364743,0.18084385805959938,False,216.29406603758872
2020-03-25 17:30:00,-109226.68422,438992.46047,5.820766091346741e-11,13.97217348524368,85.94894241899307,-0.1029457364498222,-0.144972644291285,0.1778057711268217,False,215.3787348324758
2020-03-25 18:00:00,-109111.26604,439288.00058,5.999908354159067e-11,13.948963106652847,85.94662232595886,-0.10234168284931594,-0.1451178490963837,0.17757536477448316,False,215.19269705125143
2020-03-25 18:30:00,-108995.05314,439588.2917,1.4551915228366852e-11,13.92553704081215,85.94426196619355,-0.10319361962609393,-0.14816611909277397,0.18056057703316367,False,214.85614839442115
2020-03-25 19:00:00,-108879.05549,439895.1264,1.1641532182693481e-10,13.901965858074224,85.94184355634742,-0.10264703143043774,-0.1491076275434342,0.18102347265786495,False,214.5438735664074
2020-03-25 19:30:00,-108765.31727,440198.13932,1.1641532182693481e-10,13.878815742362326,85.9394528429108,-0.10007386335141547,-0.1469172031723915,0.17776232085027335,False,214.2610566561401
2020-03-25 20:00:00,-108656.1747,440495.00383,5.999908354159067e-11,13.856442285642212,85.93710508629648,-0.09770892752639121,-0.14571789672026617,0.17544440698675956,False,213.84323013785718
2020-03-25 20:30:00,-108549.43426,440791.69885,5.999908354159067e-11,13.834394163527532,85.93475303721934,-0.09652825304456862,-0.14703018882672367,0.17588513314734217,False,213.28569793198966
2020-03-25 21:00:00,-108445.32007,441092.0511,5.820766091346741e-11,13.8125830875085,85.9323629492138,-0.09582483545548115,-0.14674976834012163,0.17526520931990297,False,213.1437802856404
2020-03-25 21:30:00,-108340.57042,441387.08091,5.999908354159067e-11,13.790879765683526,85.93001993725008,-0.0936038307897458,-0.14541395290168824,0.17293610044467225,False,212.7696259723656
2020-03-25 22:00:00,-108242.84949,441680.77771,1.4551915228366852e-11,13.7701015093882,85.92767295090192,-0.08957715431525493,-0.1466049125416638,0.17180531702065535,False,211.42537209929708
2020-03-25 22:30:00,-108152.98628,441976.44784,5.999908354159067e-11,13.750249215839643,85.92529152228633,-0.085499190618064,-0.14658059364828166,0.16969378901605892,False,210.25464187157672
2020-03-25 23:00:00,-108069.30028,442266.50512,1.4551915228366852e-11,13.73134293653038,85.92294531602005,-0.08054177327162539,-0.14629939100285858,0.16700445817266438,False,208.8339733672223
2020-03-25 23:30:00,-107996.34014,442556.89829,6.507814330688532e-11,13.713758971755112,85.92057296049938,-0.07609501439547112,-0.1467589475363483,0.16531376197347752,False,207.40689309666504
2020-03-26 00:00:00,-107928.42019,442844.71959,5.820766091346741e-11,13.696887531104663,85.9182119137342,-0.0717736078739363,-0.14604671641143044,0.1627301267799001,False,206.1714772327467
2020-03-26 00:30:00,-107869.79732,443128.89645,0.0,13.681278725222652,85.91586253634455,-0.06654225181058697,-0.144798723285632,0.15935664887657683,False,204.68114590181779
2020-03-26 01:00:00,-107818.95744,443407.86359,5.820766091346741e-11,13.666791954866405,85.91354173300311,-0.061219681879016476,-0.14174059720667487,0.15439639356498203,False,203.36016923342618
2020-03-26 01:30:00,-107776.2097,443676.78789,5.820766091346741e-11,13.653605868429231,85.9112909874195,-0.05638593785119403,-0.1390367564940502,0.15003530799030115,False,202.0748662600776
2020-03-26 02:00:00,-107739.85577,443942.16708,5.820766091346741e-11,13.641318439466106,85.90905737971234,-0.052715014839285826,-0.1388989631650155,0.14856579269072157,False,200.78278436615096
2020-03-26 02:30:00,-107709.71899,444207.4756,0.0,13.629803889432068,85.90681107221963,-0.049140122425907526,-0.13848946939849854,0.14694925915536575,False,199.5361764394148
2020-03-26 03:00:00,-107685.41821,444468.37606,6.507814330688532e-11,13.61914259748998,85.90459066896499,-0.04571620181324956,-0.13735827674805076,0.14476625055386308,False,198.40870698031384
2020-03-26 03:30:00,-107666.20416,444726.81426,2.9103830456733704e-11,13.609184457865602,85.90238083993647,-0.04303634680142446,-0.1376888304644244,0.1442578981569934,False,197.3572800451455
2020-03-26 04:00:00,-107651.46973,444986.5937,1.173212913024843e-10,13.599742480751722,85.90014976915258,-0.04090976253486976,-0.13827730975446254,0.14420202170424315,False,196.4810115515547
2020-03-26 04:30:00,-107640.10948,445245.28528,1.7522826352494734e-10,13.590752970027644,85.89792095540498,-0.039310208566511476,-0.13865134372355145,0.14411622952981057,False,195.82900958732836
2020-03-26 05:00:00,-107631.20727,445505.0163,1.1641532182693481e-10,13.582041395194631,85.89567781531001,-0.03777196018281127,-0.14102181671002234,0.1459927181891173,False,194.99441923462592
2020-03-26 05:30:00,-107627.15506,445770.69939,1.7462298274040222e-10,13.573753846787037,85.89337254405055,-0.03688133931068575,-0.14549123217758328,0.15009307722177387,False,194.22457192287868
2020-03-26 06:00:00,-107625.06978,446045.31652,2.9103830456733704e-11,13.565452682672731,85.89098524233712,-0.037585755992332034,-0.1509230016911532,0.15553276662164456,False,193.9844246328728
2020-03-26 06:30:00,-107623.06073,446330.60238,6.507814330688532e-11,13.556858303354375,85.88850477166683,-0.03710413689155492,-0.15472081372207552,0.15910765906545304,False,193.48562812293085
2020-03-26 07:00:00,-107625.78187,446618.10365,6.507814330688532e-11,13.548783078749587,85.88599498226168,-0.03349370639349987,-0.15650194867193287,0.16004589437435215,False,192.07990607306942
2020-03-26 07:30:00,-107637.83011,446906.57827,5.820766091346741e-11,13.541819516727406,85.88345706479173,-0.03104449307759709,-0.1589600048064834,0.16196309356925176,False,191.05062970216028
2020-03-26 08:00:00,-107651.12533,447200.61974,5.999908354159067e-11,13.53485325885405,85.88086797983398,-0.029782285981361477,-0.16123511576271202,0.16396263938254577,False,190.46533961479577
2020-03-26 08:30:00,-107669.43735,447495.99692,6.507814330688532e-11,13.528464038545733,85.87825668259971,-0.02749186961551885,-0.16342999453147802,0.16572617779794363,False,189.54878390402473
2020-03-26 09:00:00,-107692.53196,447795.79538,1.173212913024843e-10,13.522532777511945,85.87559679927186,-0.026621621177280265,-0.16461183365855914,0.1667506116766585,False,189.18654188935045
2020-03-26 09:30:00,-107714.82326,448094.58096,1.4551915228366852e-11,13.516541486104666,85.87294737489535,-0.025941903547307008,-0.16711472166991131,0.1691162693488409,False,188.82383082225613
2020-03-26 10:00:00,-107742.34045,448402.57307,5.999908354159067e-11,13.510921955753453,85.87020676289951,-0.023969757912654405,-0.17034995586593388,0.1720280696802614,False,188.00944369147425
2020-03-26 10:30:00,-107774.19654,448711.02934,2.9103830456733704e-11,13.505820232414642,85.86745298654971,-0.020872781206698575,-0.1721083306227981,0.17336940463954154,False,186.91489028196145
2020-03-26 11:00:00,-107813.97801,449022.57802,1.1641532182693481e-10,13.501591891450046,85.86465565713135,-0.017298783140977676,-0.17527541414325193,0.17612699594680836,False,185.6365452030435
2020-03-26 11:30:00,-107860.96109,449339.12203,5.820766091346741e-11,13.498092962885666,85.86179972400977,-0.013564624498664694,-0.1769148796500367,0.17743413899071606,False,184.38447065197136
2020-03-26 12:00:00,-107915.15347,449653.27729,1.4551915228366852e-11,13.495536523366896,85.85894951046339,-0.008849194372362368,-0.17642653826525945,0.17664832760403623,False,182.87143274250604
2020-03-26 12:30:00,-107978.20496,449964.15475,2.9103830456733704e-11,13.494144943514295,85.85610932191756,-0.005002901700473017,-0.17579543070670473,0.17586660422826278,False,181.63012090255876
2020-03-26 13:00:00,-108045.3164,450272.87253,6.507814330688532e-11,13.493306109284285,85.85327945629959,-0.0017975827762546914,-0.17609788032418533,0.17610705482321992,False,180.5848470697215
2020-03-26 13:30:00,-108119.83351,450582.11821,1.1641532182693481e-10,13.493343623229753,85.85042950678292,0.0021532332907060123,-0.17624011043664822,0.17625326363028335,False,179.3000172232749
2020-03-26 14:00:00,-108200.89517,450888.01512,5.820766091346741e-11,13.494263992916107,85.84759504723536,0.00651303851236,-0.1758013350856574,0.17592194032741645,False,177.87829239421956
2020-03-26 14:30:00,-108290.31557,451192.05985,0.0,13.49624012602942,85.84475924296895,0.009472717807108323,-0.17535055772270303,0.17560623700858724,False,176.9077959689178
2020-03-26 15:00:00,-108381.38015,451493.88625,0.0,13.498474741748298,85.84193931848255,0.011391131024693628,-0.17548089185361743,0.17585022397416136,False,176.285924331684
2020-03-26 15:30:00,-108477.64921,451796.76812,1.1641532182693481e-10,13.501299990269056,85.83909930373801,0.012914678964225206,-0.17552974866132598,0.17600420903449232,False,175.79201981148702
2020-03-26 16:00:00,-108574.11787,452097.47579,6.507814330688532e-11,13.504207867762457,85.83627779955397,0.014116839069533316,-0.1759096779277035,0.17647521053661752,False,175.41181787848564
2020-03-26 16:30:00,-108674.94508,452400.6672,5.820766091346741e-11,13.507562258713904,85.83342552360108,0.014400753831324789,-0.17647649145334326,0.17706307843983837,False,175.3349123649259
2020-03-26 17:00:00,-108772.91953,452703.10867,2.9103830456733704e-11,13.510592275116707,85.83058573501745,0.013538686641645162,-0.17658308634702324,0.17710133376070583,False,175.61569005806598
2020-03-26 17:30:00,-108870.85086,453007.38773,6.507814330688532e-11,13.513560206285565,85.82773001430235,0.013049378625204125,-0.17873702653890977,0.17921275328077205,False,175.82431168402638
2020-03-26 18:00:00,-108968.95596,453317.77018,1.1641532182693481e-10,13.516369535678553,85.82482074720461,0.013372628361876589,-0.1819947313163248,0.1824853676769897,False,175.79756674182624
2020-03-26 18:30:00,-109070.78994,453633.17056,5.820766091346741e-11,13.519476134032022,85.82185994483285,0.014202674161474332,-0.18566417145227743,0.18620660706429748,False,175.6255881604069
2020-03-26 19:00:00,-109174.92251,453955.68755,6.507814330688532e-11,13.522648380893061,85.81883231814886,0.013635995669827525,-0.18902284654083573,0.18951405460363063,False,175.87386425330521
2020-03-26 19:30:00,-109277.63561,454283.30958,6.507814330688532e-11,13.525500390609915,85.81576317993787,0.013435023391300531,-0.19298047895009593,0.19344757716066957,False,176.0175758713521
2020-03-26 20:00:00,-109384.42928,454619.83782,2.9103830456733704e-11,13.528579068337375,85.81260789457967,0.015490995927760341,-0.19774014485628044,0.19834600031918126,False,175.52058778353205
2020-03-26 20:30:00,-109498.38255,454962.37652,6.507814330688532e-11,13.53233320103173,85.80938522835137,0.0179970874409614,-0.20183488774318806,0.2026356757006597,False,174.90456144535875
2020-03-26 21:00:00,-109617.4415,455311.11105,0.0,13.536511440889297,85.80609786392976,0.018861287699343206,-0.20594384118990408,0.20680573951834563,False,174.76718592740838
2020-03-26 21:30:00,-109737.93222,455667.28587,1.4551915228366852e-11,13.540640344975259,85.8027426614486,0.021277607206074425,-0.21232910784134676,0.21339256454974773,False,174.27746545760817
2020-03-26 22:00:00,-109870.88098,456036.31447,1.1641532182693481e-10,13.545874301934704,85.79924933004189,0.023818004788666296,-0.21963756568015927,0.22092523081354742,False,173.81089848278322
2020-03-26 22:30:00,-110006.49151,456415.90262,0.0,13.551113408802083,85.79565839642315,0.022994318009731722,-0.2246010308370145,0.22577502455715115,False,174.1545098080706
2020-03-26 23:00:00,-110140.81281,456802.9725,1.1641532182693481e-10,13.55597691909345,85.79200496522898,0.022562611181269503,-0.22716460445860964,0.2282823447885397,False,174.3278293146115
2020-03-26 23:30:00,-110277.14077,457191.87378,2.3283064365386963e-10,13.561017330805367,85.78833133236076,0.023792567200990704,-0.22943314011248794,0.2306635039096783,False,174.07950261886947
2020-03-27 00:00:00,-110417.74967,457585.82065,1.79997250624772e-10,13.566411439610341,85.78460472014898,0.025045129943678857,-0.2321898804333588,0.23353671897488243,False,173.84360110340538
2020-03-27 00:30:00,-110560.8627,457983.28548,2.332849477807962e-10,13.571991656096733,85.7808421614968,0.02558664707350864,-0.23291214363228258,0.23431334396454956,False,173.73088989980647
2020-03-27 01:00:00,-110704.05387,458379.27478,1.1999816708318134e-10,13.577613250911691,85.77709224430585,0.025422730645199156,-0.2328472184910008,0.23423095950888775,False,173.76901187253264
2020-03-27 01:30:00,-110846.61627,458776.62285,1.1999816708318134e-10,13.58311194159009,85.7733317711459,0.02585345198406374,-0.23059165711579468,0.23203644823798808,False,173.60283337771
2020-03-27 02:00:00,-110989.48377,459164.32765,6.507814330688532e-11,13.588911633669735,85.76965459348193,0.027027858906140234,-0.22607441764007902,0.22768431537624872,False,173.18247955255038
2020-03-27 02:30:00,-111132.41431,459544.84664,5.820766091346741e-11,13.594913370575744,85.7660398135006,0.028732859757881445,-0.2228302856186035,0.22467512861626338,False,172.65253616818057
2020-03-27 03:00:00,-111278.58312,459919.72707,2.9103830456733704e-11,13.601446531467772,85.76246726240714,0.030744631700305433,-0.22198069945428123,0.22409967270971048,False,172.11462126592562
2020-03-27 03:30:00,-111427.9198,460295.53719,7.275957614183426e-11,13.608314723684144,85.75887987798495,0.03156951188927648,-0.22198469149589836,0.22421828056484677,False,171.9059674924622
2020-03-27 04:00:00,-111577.06818,460669.69747,1.1641532182693481e-10,13.61519613655366,85.75530719198103,0.03245471975806122,-0.21835464164635976,0.22075338811235598,False,171.54584587017337
2020-03-27 04:30:00,-111726.51588,461032.02063,1.173212913024843e-10,13.622437834192967,85.75183688220822,0.033962105903533185,-0.20973134475347638,0.21246331826812923,False,170.8018526909517
2020-03-27 05:00:00,-111873.71974,461374.69451,5.820766091346741e-11,13.629963353387359,85.74854233165837,0.03681375811833728,-0.20281212221182973,0.20612619848738686,False,169.711883235823
2020-03-27 05:30:00,-112027.36701,461710.35182,5.999908354159067e-11,13.638431870589312,85.74529518576634,0.042304589889148286,-0.20251695873648945,0.20688836821234297,False,168.2009236120365
2020-03-27 06:00:00,-112193.6302,462047.28766,1.1999816708318134e-10,13.648328459006985,85.74201014091,0.04760733693383025,-0.2070221051789774,0.21242554122013393,False,167.0492719205247
2020-03-27 06:30:00,-112369.77143,462394.14577,2.9103830456733704e-11,13.659083438495214,85.73861767947047,0.05152038228611451,-0.21361055079578883,0.21973578953413042,False,166.43990338486185
2020-03-27 07:00:00,-112555.45249,462750.73837,0.0,13.670659752359752,85.73512011578183,0.05362721828249755,-0.22279752636960476,0.22916067790337277,False,166.4663856160276
2020-03-27 07:30:00,-112746.9221,463127.86697,0.0,13.68230927255314,85.73143133009884,0.05657120063033407,-0.2289129089608223,0.23579953483767357,False,166.1186377328355
2020-03-27 08:00:00,-112948.25739,463503.26659,5.999908354159067e-11,13.695139032357847,85.72773648732695,0.05833606690750546,-0.23553711773165673,0.24265372556705836,False,166.08933653854774
2020-03-27 08:30:00,-113151.71433,463901.97214,5.999908354159067e-11,13.707531264055573,85.7238340529311,0.057876271856742934,-0.24979841897253743,0.2564155084335091,False,166.95520092791816
2020-03-27 09:00:00,-113363.77491,464327.55483,6.507814330688532e-11,13.720138685134298,85.71967918797701,0.05631944551039221,-0.2638986863747179,0.26984142864449073,False,167.953051759703
2020-03-27 09:30:00,-113574.00803,464776.81076,1.173212913024843e-10,13.73183608756738,85.71532195231734,0.0515691978050488,-0.2763780197378555,0.28114798942278546,False,169.4307568486887
2020-03-27 10:00:00,-113780.29945,465250.0081,1.173212913024843e-10,13.742371292210938,85.710764552276,0.046005514370701286,-0.2871909286240011,0.29085243137444955,False,170.89903121553743
2020-03-27 10:30:00,-113980.49352,465741.75766,6.507814330688532e-11,13.751649405173778,85.70605852775748,0.03910823731371346,-0.29440400492359436,0.2969901889639412,False,172.43320533240808
2020-03-27 11:00:00,-114168.99548,466246.01438,6.507814330688532e-11,13.759196578855187,85.70126845462808,0.033577293230152,-0.30192102971461265,0.3037823938357778,False,173.6540886174746
2020-03-27 11:30:00,-114356.41703,466768.73323,5.999908354159067e-11,13.766078048803802,85.6963199361616,0.030990194602446633,-0.3090418044443068,0.3105917401601187,False,174.27361832178246
2020-03-27 12:00:00,-114542.09632,467300.05947,5.820766091346741e-11,13.772498178819653,85.69130015968872,0.027390899268429247,-0.3128014708040754,0.3139984418749973,False,174.9955797899231
2020-03-27 12:30:00,-114720.27325,467838.96691,5.820766091346741e-11,13.77782191118606,85.6862303578188,0.023171737583520258,-0.31344894316815713,0.314304262452602,False,175.77209555252813
2020-03-27 13:00:00,-114891.85516,468376.14054,5.820766091346741e-11,13.782421258655596,85.6811896749978,0.020336935949525847,-0.3115932972709829,0.31225626313657545,False,176.26574041408475
2020-03-27 13:30:00,-115058.61553,468910.96318,6.507814330688532e-11,13.786520693312156,85.67617970827988,0.02022681211466569,-0.3115139117764978,0.31216989149919255,False,176.28496071287157
2020-03-27 14:00:00,-115229.82101,469447.92952,1.4551915228366852e-11,13.791061768350746,85.67114156270196,0.021742325282864808,-0.31280191380388755,0.31355663920268156,False,176.02386370672696
2020-03-27 14:30:00,-115403.07022,469985.92793,6.507814330688532e-11,13.79579813632942,85.66609003377023,0.02476313711644916,-0.3126399601928578,0.3136191283535489,False,175.47125299855458
2020-03-27 15:00:00,-115584.78673,470519.70632,1.4551915228366852e-11,13.801614922430552,85.66105708768188,0.029763394737938584,-0.3118939312247394,0.3133108424570539,False,174.54888874454463
2020-03-27 15:30:00,-115774.98524,471050.76621,5.999908354159067e-11,13.808467802785284,85.65602960328077,0.03371325532435204,-0.3114692541673448,0.313288493047745,False,173.82238759748964
2020-03-27 16:00:00,-115970.27275,471579.62159,1.1641532182693481e-10,13.815949998409389,85.65101034017967,0.033550531592065475,-0.3149873991166178,0.31676915849299736,False,173.92012725468788
2020-03-27 16:30:00,-116163.06534,472123.06991,5.999908354159067e-11,13.822718575024734,85.6458693688447,0.031746174661273246,-0.32215736445998466,0.32371775836587563,False,174.37210358860767
2020-03-27 17:00:00,-116358.33889,472678.49573,2.9103830456733704e-11,13.82941776157699,85.64061880594099,0.0314735339486881,-0.3259989734151366,0.3275147538767409,False,174.48547654772614
2020-03-27 17:30:00,-116553.61267,473235.56217,6.507814330688532e-11,13.836054740678057,85.63535389965575,0.029021452903778347,-0.33018687321005163,0.33145982557299,False,174.97695180083088
2020-03-27 18:00:00,-116744.04918,473807.69277,1.7462298274040222e-10,13.8417010793734,85.62996823846738,0.02639358313882542,-0.3349869300374634,0.3360250950849214,False,175.49497865249117
2020-03-27 18:30:00,-116934.38275,474383.76288,5.999908354159067e-11,13.847211235298191,85.62454847273828,0.025463272689128,-0.33682777356504784,0.3377888797767446,False,175.67681643517153
2020-03-27 19:00:00,-117123.26397,474963.09285,5.820766091346741e-11,13.852451193161219,85.61910341255741,0.023314236839748412,-0.33828435915769356,0.3390868049484546,False,176.05746352346796
2020-03-27 19:30:00,-117307.44715,475546.07177,1.3015628661377063e-10,13.857042344362025,85.6136366436438,0.019501005280112838,-0.34223925477064654,0.34279439422619284,False,176.73877735281133
2020-03-27 20:00:00,-117486.50331,476142.48287,1.173212913024843e-10,13.860664567043367,85.60806399192074,0.015120206843713499,-0.34724038771349486,0.34756942833686466,False,177.5066923307304
2020-03-27 20:30:00,-117659.76249,476746.69674,0.0,13.863402770452598,85.6024358801784,0.012418843202454607,-0.35210961667014273,0.3523285537933053,False,177.98002541608128
2020-03-27 21:00:00,-117833.63455,477362.43976,1.1641532182693481e-10,13.865881345893643,85.59670613799237,0.006639199601262663,-0.35481707456013767,0.35487918418915426,False,178.92802867299025
2020-03-27 21:30:00,-117989.08194,477981.08776,0.0,13.866190744801152,85.59099067253673,0.00128142517788217,-0.3604807819972244,0.360483059573979,False,179.79632771324202
2020-03-27 22:00:00,-118149.12118,478621.24663,5.820766091346741e-11,13.866418304693791,85.58507820952204,0.0014229517153279692,-0.3663986021929795,0.3664013652820543,False,179.7774862748716
2020-03-27 22:30:00,-118310.17395,479260.45456,7.275957614183426e-11,13.866785916464046,85.5791718295526,0.0009057748082469674,-0.36591152966365736,0.3659126507362117,False,179.85817072299164
2020-03-27 23:00:00,-118467.99358,479899.35523,5.999908354159067e-11,13.86679724780476,85.57327505273427,-0.0024103701530923394,-0.36521107283807636,0.36521902689730396,False,180.3781430573373
2020-03-27 23:30:00,-118616.85206,480538.9761,1.1641532182693481e-10,13.865781477038814,85.56739124122296,-0.006865075575605825,-0.36195327275371914,0.36201837097001993,False,181.08658418074168
2020-03-28 00:00:00,-118756.26879,481170.33911,5.999908354159067e-11,13.863937436885594,85.5615995252406,-0.009763300316897858,-0.35417536111283177,0.3543099045362445,False,181.57903212141724
2020-03-28 00:30:00,-118888.24732,481785.28457,1.173212913024843e-10,13.861718549111776,85.5559665823521,-0.01203297870580658,-0.3421154500599667,0.3423269982725113,False,182.01439252875923
2020-03-28 01:00:00,-119009.2814,482376.46438,1.1999816708318134e-10,13.858936407487521,85.55056386024678,-0.008657787556043087,-0.3310646828234938,0.3311778698801992,False,181.49802040574053
2020-03-28 01:30:00,-119143.46907,482949.88702,2.346425826049686e-10,13.858121830426368,85.54528736879662,-0.0023529209584830374,-0.3253879937854203,0.32539650080592075,False,180.41430567001402
2020-03-28 02:00:00,-119281.62861,483515.79276,6.507814330688532e-11,13.857959966567336,85.54006773597081,0.002717004368841952,-0.321147945192716,0.32115943830789717,False,179.5152727222133
2020-03-28 02:30:00,-119429.87752,484070.02472,2.332849477807962e-10,13.85924548020645,85.5349279955289,0.004753805671560446,-0.31555508801394594,0.3155908937847417,False,179.1369101319229
2020-03-28 03:00:00,-119570.35829,484614.61951,1.1999816708318134e-10,13.859927326527238,85.52988875602101,0.005137121019880619,-0.30724548908190713,0.3072884322156518,False,179.0421082143655
2020-03-28 03:30:00,-119712.79403,485139.4739,1.173212913024843e-10,13.861367512967684,85.52501704132835,0.006765867380084084,-0.300523550389047,0.3005997027607362,False,178.71028354007387
2020-03-28 04:00:00,-119853.19698,485659.16258,5.820766091346741e-11,13.862720281115585,85.52019461802047,0.004842180422112652,-0.2991488842904306,0.2991880707572575,False,179.07266150595115
2020-03-28 04:30:00,-119987.74811,486180.86491,5.820766091346741e-11,13.863364900273531,85.51536723016926,0.0018511462770828824,-0.300567225260827,0.3005729256661882,False,179.64712876515074
2020-03-28 05:00:00,-120118.93216,486708.08781,1.1999816708318134e-10,13.86348332715909,85.51049903662212,-0.0010538333507124353,-0.30316894052189786,0.3031707721102104,False,180.19916275068488
2020-03-28 05:30:00,-120245.5764,487241.38874,1.173212913024843e-10,13.862932031336117,85.50558770557963,-0.004158888712592859,-0.3023563611637622,0.3023849624096991,False,180.78804938548978
2020-03-28 06:00:00,-120365.19675,487768.45234,1.173212913024843e-10,13.861774664124926,85.5007457059283,-0.0072180276644518565,-0.30222180378013946,0.3023079863375857,False,181.3681472025085
2020-03-28 06:30:00,-120481.01135,488303.92642,5.820766091346741e-11,13.859969329124315,85.4958386970748,-0.010376688352042453,-0.3061697258523603,0.30634551847491565,False,181.9411225606156
2020-03-28 07:00:00,-120592.96273,488847.52011,6.507814330688532e-11,13.85751979677517,85.4908693276614,-0.014056716620295284,-0.30904992073913834,0.3093694309252467,False,182.60422599529943
2020-03-28 07:30:00,-120698.35208,489396.24387,1.173212913024843e-10,13.854211820962345,85.48586939007765,-0.01813998670085399,-0.30982146660926146,0.3103520586195955,False,183.35083128502015
2020-03-28 08:00:00,-120796.63336,489946.06676,1.173212913024843e-10,13.850097681427815,85.48087511298847,-0.022011657189284203,-0.31030672295928086,0.31108644355861353,False,184.0574889350699
2020-03-28 08:30:00,-120888.82924,490499.83779,1.1999816708318134e-10,13.845215325504723,85.47585950272929,-0.025820737499362756,-0.31047233171830446,0.3115441850646741,False,184.75411937202665
2020-03-28 09:00:00,-120973.84487,491053.53722,1.3015628661377063e-10,13.839555870568171,85.47085986389929,-0.02996954509995113,-0.311837574577731,0.3132743949830882,False,185.48962341470997
2020-03-28 09:30:00,-121052.6049,491615.67062,2.9103830456733704e-11,13.83299329174832,85.46580019264766,-0.032577107625741425,-0.31308787119468817,0.31477814890884787,False,185.94030718079784
2020-03-28 10:00:00,-121129.45393,492176.00374,5.999908354159067e-11,13.826284208136052,85.46076020891606,-0.03368625315312213,-0.31391780823012705,0.3157200563402697,False,186.12492314110352
2020-03-28 10:30:00,-121204.91931,492742.01078,5.999908354159067e-11,13.819285255399535,85.45567374478641,-0.03567756349882247,-0.31583221166829323,0.3178409578145933,False,186.44501928284427
2020-03-28 11:00:00,-121276.31573,493310.76718,0.0,13.811782256823612,85.45057198407449,-0.03659206252718313,-0.3150484497491452,0.3171663675885779,False,186.62507177905377
2020-03-28 11:30:00,-121347.76191,493874.83944,5.820766091346741e-11,13.804427420165503,85.44551079007817,-0.033921666846006095,-0.31104811397595605,0.31289232762982666,False,186.22385311550482
2020-03-28 12:00:00,-121424.91241,494427.33508,1.4551915228366852e-11,13.798023040380146,85.44053806238566,-0.02882618275038975,-0.3042298615787937,0.30559246961960773,False,185.41269162735955
2020-03-28 12:30:00,-121508.19402,494963.21158,5.999908354159067e-11,13.79274738462723,85.43569679653379,-0.020598800610766452,-0.29858872491220656,0.29929840833405624,False,183.94642277764206
2020-03-28 13:00:00,-121609.16715,495488.93811,6.507814330688532e-11,13.789684100263937,85.43090602955385,-0.013371168848465592,-0.2942544964847244,0.29455813833240607,False,182.60177804234115
2020-03-28 13:30:00,-121713.94236,496003.469,6.507814330688532e-11,13.787340796172986,85.42620455258562,-0.009961049819323012,-0.2882814277795103,0.28845346958581736,False,181.9789659933516
2020-03-28 14:00:00,-121821.67107,496505.39476,4.3655745685100555e-11,13.785660396650432,85.42160645133738,-0.002947687941501846,-0.2818781492012532,0.2818935612271491,False,180.59913804211294
2020-03-28 14:30:00,-121945.44425,496991.52773,6.507814330688532e-11,13.786149337384764,85.41711151991908,0.006870786940608081,-0.27432628686014165,0.2744123163701949,False,178.56526761332617
2020-03-28 15:00:00,-122081.03108,497458.62498,5.999908354159067e-11,13.788428124704536,85.41275701204677,0.015344377965840872,-0.2651750621568514,0.2656186430299059,False,176.68826775525287
2020-03-28 15:30:00,-122226.61614,497905.48214,1.1641532182693481e-10,13.792326933053749,85.40855727053972,0.02187629331449406,-0.256094557977537,0.25702722586312104,False,175.11749169301885
2020-03-28 16:00:00,-122377.30867,498335.20698,1.4551915228366852e-11,13.797228629059278,85.40449567695832,0.02504420529037825,-0.24912945650977927,0.25038510003489545,False,174.2595196995935
2020-03-28 16:30:00,-122528.06424,498754.96811,5.820766091346741e-11,13.802393686205669,85.40052061385789,0.025317012722743885,-0.24481056023108352,0.24611615455686883,False,174.09576179722194
2020-03-28 17:00:00,-122676.07774,499169.3324,4.3655745685100555e-11,13.807396584163893,85.39659833441797,0.02430457590442285,-0.24109425919164154,0.2423162277377648,False,174.2434925574488
2020-03-28 17:30:00,-122820.17375,499576.94521,4.3655745685100555e-11,13.81214680373433,85.39274314451099,0.02280386856784075,-0.2373274452733568,0.2384204955569834,False,174.51152149494743
2020-03-28 18:00:00,-122959.77164,499979.40667,2.9103830456733704e-11,13.81653991812236,85.38894236825745,0.021715771330156994,-0.2342509173764989,0.2352553230347721,False,174.70364468275966
2020-03-28 18:30:00,-123097.48097,500377.17816,7.275957614183426e-11,13.820846466075167,85.38518641168125,0.021675891514246037,-0.23339639031059545,0.23440076638729912,False,174.69407028384904
2020-03-28 19:00:00,-123236.26471,500776.66584,5.820766091346741e-11,13.825216359846678,85.3814131899929,0.02380739917451319,-0.23385258120943303,0.23506131539189745,False,174.18702132743488
2020-03-28 19:30:00,-123381.87841,501174.1773,0.0,13.83036776762469,85.37764250142324,0.024848637523414888,-0.23394833369628482,0.2352642718859757,False,173.9371052678689
2020-03-28 20:00:00,-123524.45599,501573.07806,5.820766091346741e-11,13.835146942437737,85.37386618783599,0.021222889013126564,-0.23221179789739424,0.23317960910166172,False,174.77798645476963
2020-03-28 20:30:00,-123655.96719,501967.6166,5.999908354159067e-11,13.838843104703741,85.37015151186198,0.01782683251584795,-0.23046050977082794,0.2311489617570842,False,175.57680245583163
2020-03-28 21:00:00,-123785.21702,502363.30236,6.507814330688532e-11,13.842259797005509,85.36643167796996,0.01657956330776375,-0.23062221137845426,0.23121740051424455,False,175.88804762039422
2020-03-28 21:30:00,-123912.55485,502759.46484,1.7522826352494734e-10,13.84545296947763,85.36271177470103,0.010617102723750861,-0.23122828757092634,0.23147190724411826,False,177.3710473674762
2020-03-28 22:00:00,-124021.52975,503162.3914,1.7522826352494734e-10,13.846490790602886,85.35897238393495,0.008532433875118747,-0.2312755125849512,0.23143285235520297,False,177.88714842371655
2020-03-28 22:30:00,-124141.63602,503560.51073,1.1999816708318134e-10,13.8488480317569,85.35525093700014,0.014291330105979834,-0.226887963636202,0.22733761272429295,False,176.39578699489704
2020-03-28 23:00:00,-124266.99248,503943.1294,1.4551915228366852e-11,13.85217384461914,85.35165307541297,0.018364734881443495,-0.2201689987332078,0.2209335906793011,False,175.23188257911022
2020-03-28 23:30:00,-124395.59074,504314.2388,1.1641532182693481e-10,13.856145718522086,85.348148370027,0.01869972254254519,-0.21651489363027646,0.21732091198708445,False,175.06378965770523
2020-03-29 00:00:00,-124519.01994,504683.77908,1.1641532182693481e-10,13.85959988776652,85.34466838500786,0.016060650739844,-0.2151634597294393,0.2157620423172929,False,175.73113320667358
2020-03-29 00:30:00,-124637.27338,505052.42559,5.820766091346741e-11,13.862519028498268,85.34120726683275,0.018025826204943772,-0.21086444310361094,0.21163351288434168,False,175.11392770334726
2020-03-29 01:00:00,-124763.90071,505405.23284,0.0,13.866746398362881,85.33786594878417,0.01910671714159999,-0.20523080614702505,0.20611829232672896,False,174.68116994842296
2020-03-29 01:30:00,-124881.12452,505753.23868,1.173212913024843e-10,13.870090233877383,85.33458657303352,0.02052958587880129,-0.19979194443267384,0.20084393183898713,False,174.13317290412266
2020-03-29 02:00:00,-125008.072,506085.79478,2.332849477807962e-10,13.874874090775817,85.3314206902833,0.02783277345440672,-0.19599205820383156,0.1979584556343538,False,171.91748706306288
2020-03-29 02:30:00,-125147.59657,506414.19503,1.8406878575731415e-10,13.88110204725982,85.32826388731723,0.028719479523381018,-0.19551065723131927,0.1976087690238374,False,171.64331856671345
2020-03-29 03:00:00,-125277.29904,506744.27391,4.3655745685100555e-11,13.88623079500723,85.32511354703247,0.029212279530087273,-0.19467729086497432,0.1968568130745537,False,171.46615863572367
2020-03-29 03:30:00,-125417.88477,507069.31185,5.820766091346741e-11,13.892644243356857,85.32198360132449,0.029993938304545456,-0.1952111988928041,0.19750202152935753,False,171.2648922335328
2020-03-29 04:00:00,-125550.85372,507400.55067,1.4551915228366852e-11,13.898075383656773,85.31881604840412,0.02721867826851964,-0.19774487515307004,0.19960934871891256,False,172.16274576798253
2020-03-29 04:30:00,-125683.99409,507736.81666,1.4551915228366852e-11,13.903385090658684,85.31560435123151,0.025557591748607535,-0.19791671475390138,0.1995600573134956,False,172.64193955838363
2020-03-29 05:00:00,-125811.36883,508070.0682,1.4551915228366852e-11,13.9081542134912,85.3124312499234,0.01783502100151723,-0.19626991922181214,0.19707858626817176,False,174.80780017509966
2020-03-29 05:30:00,-125916.15374,508407.24033,5.820766091346741e-11,13.910415126222462,85.30927267938888,0.012188315248489137,-0.19008053387819568,0.19047090168321368,False,176.33111153719113
2020-03-29 06:00:00,-126018.46632,508723.74136,1.4551915228366852e-11,13.91295400175419,85.30629922736544,0.01839396762930747,-0.1826453168200588,0.18356919622160922,False,174.24920769294994
2020-03-29 06:30:00,-126138.52912,509029.55113,1.1641532182693481e-10,13.917652947769955,85.30338050070232,0.02198202359167635,-0.1812792709658694,0.1826071834378432,False,173.08603846786104
2020-03-29 07:00:00,-126252.24767,509338.15364,1.173212913024843e-10,13.921600337038331,85.30045112669832,0.013732096784288217,-0.1831759109132989,0.18368991485928093,False,175.71274295047976
2020-03-29 07:30:00,-126345.16822,509657.72022,6.507814330688532e-11,13.923052172967044,85.29747121232069,0.0017349425224145315,-0.18342382777286617,0.18343203269986993,False,179.45807520679705
2020-03-29 08:00:00,-126417.19661,509977.57603,1.4551915228366852e-11,13.922283259839963,85.29453382518605,-0.0004118463129702474,-0.18109651976126143,0.18109698806724106,False,180.13030076387946
2020-03-29 08:30:00,-126500.59131,510290.87215,1.1641532182693481e-10,13.922889637850036,85.29162898281537,0.0009322535513587651,-0.1777693629550862,0.1777718073884079,False,179.6995336913252
2020-03-29 09:00:00,-126574.44096,510597.93617,5.820766091346741e-11,13.92264953340359,85.28879892444105,-0.0030369872494724615,-0.1745167146846471,0.17454313792262352,False,180.99697607767104
2020-03-29 09:30:00,-126641.14614,510903.30559,1.4551915228366852e-11,13.921699257841384,85.28599900656931,-0.006754962578288448,-0.1733521034898183,0.17348366293048678,False,182.23149951522578
2020-03-29 10:00:00,-126700.98537,511209.5228,1.4551915228366852e-11,13.920002930354057,85.28320651208308,-0.007707629141537477,-0.16966848774686744,0.16984346699620914,False,182.60102049435204
2020-03-29 10:30:00,-126761.1534,511502.84944,1.4551915228366852e-11,13.91868043120044,85.2805254255932,-0.005654974281990945,-0.16623034220181854,0.16632650240615196,False,181.94838831939217
2020-03-29 11:00:00,-126825.17408,511795.278,0.0,13.917789259357374,85.27784384140504,-0.009644444390213506,-0.1681173932835764,0.1683938040192115,False,183.28330670707237
2020-03-29 11:30:00,-126873.02656,512098.65502,5.820766091346741e-11,13.914908785698724,85.27510186592853,-0.015142258058583533,-0.16911939329432937,0.16979592800581172,False,185.11638647864004
2020-03-29 12:00:00,-126918.67344,512399.35017,5.999908354159067e-11,13.911869267355529,85.2723879556951,-0.015040071013646437,-0.16877502466276745,0.16944383342574992,False,185.0923550582579
2020-03-29 12:30:00,-126966.55289,512701.44034,5.999908354159067e-11,13.909031938495085,85.2696570854779,-0.015331050573356299,-0.16557909432893317,0.16628733442590435,False,185.28996213564017
2020-03-29 13:00:00,-127008.38744,512991.22393,1.4551915228366852e-11,13.905882385399211,85.26704627009124,-0.015528286759709548,-0.16245584206738506,0.16319628767687985,False,185.46000971317096
2020-03-29 13:30:00,-127052.84294,513282.5755,1.4551915228366852e-11,13.90297115637405,85.26441615484573,-0.015287168682170015,-0.16030684451963959,0.16103410174916685,False,185.44736288375714
2020-03-29 14:00:00,-127093.63167,513564.64516,0.0,13.899919163558204,85.26187466068491,-0.014521792166234872,-0.15386822057102004,0.15455197103049637,False,185.39149758055476
2020-03-29 14:30:00,-127135.16307,513832.83907,0.0,13.897309206865664,85.2594522573894,-0.010955938639236888,-0.14427453364392132,0.1446899224190742,False,184.34259994323725
2020-03-29 15:00:00,-127180.09279,514078.30295,5.820766091346741e-11,13.8956493741919,85.2572202592483,-0.0076556081489722975,-0.13586180348286278,0.13607732353976776,False,183.22512041176617
2020-03-29 15:30:00,-127225.86952,514314.24654,1.173212913024843e-10,13.89432724190122,85.25506925080649,-0.006849137242288066,-0.1299681257140452,0.1301484705349454,False,183.01661645466305
2020-03-29 16:00:00,-127268.51154,514538.41891,5.820766091346741e-11,13.892982890796917,85.25302738301852,-0.00846895518587254,-0.12339414773594888,0.12368443272061967,False,183.92624478116454
2020-03-29 16:30:00,-127302.93422,514752.79075,1.1999816708318134e-10,13.891031797995145,85.25108845180473,-0.009892351268929886,-0.12113847053040505,0.12154171158937047,False,184.66850120102686
2020-03-29 17:00:00,-127338.63742,514970.313,5.820766091346741e-11,13.889134879758739,85.2491193525677,-0.00899552818151771,-0.12126981511951979,0.12160299168353955,False,184.24230542230902
2020-03-29 17:30:00,-127376.29347,515184.37118,6.507814330688532e-11,13.88753396804285,85.24717618169481,-0.008517041779039596,-0.12009190030039583,0.12039354018561843,False,184.0566836156862
2020-03-29 18:00:00,-127412.63902,515397.3655,1.7703168939037188e-10,13.885824622364048,85.2452450790605,-0.005452398401469823,-0.11165050824441805,0.11178356158024852,False,182.79579053011867
2020-03-29 18:30:00,-127453.69963,515579.27725,5.999908354159067e-11,13.885415108129942,85.2435742348342,-0.00299422163075741,-0.10190336579734438,0.10194734584088726,False,181.68303485469886
2020-03-29 19:00:00,-127490.21233,515756.08412,1.4551915228366852e-11,13.884661858559296,85.24195757947938,-0.004250335612690288,-0.09685677822564728,0.096949991444418,False,182.51268066331295
2020-03-29 19:30:00,-127522.51867,515921.44516,1.4551915228366852e-11,13.883764979857679,85.24044954113018,-0.0023889048292108084,-0.08767869833033062,0.08771123649330312,False,181.5607018863401
2020-03-29 20:00:00,-127557.60308,516064.56937,1.4551915228366852e-11,13.88373440478195,85.23912897865488,-0.002193463918699956,-0.07913817885305392,0.07916857101236949,False,181.5876541402643
2020-03-29 20:30:00,-127583.21474,516199.914,1.1641532182693481e-10,13.882914095588108,85.23789646345809,-0.003847809533191981,-0.07327594343885274,0.07337690048685397,False,183.00591072119232
2020-03-29 21:00:00,-127607.44982,516323.98051,1.173212913024843e-10,13.882241746174879,85.23676502210061,-0.002115926052377006,-0.06674833283713916,0.06678186190573483,False,181.81567153676053
2020-03-29 21:30:00,-127633.47296,516435.01683,1.173212913024843e-10,13.882093372511179,85.23574309348358,-0.004571998747258497,-0.058319938077336576,0.05849887477455704,False,184.4825417833908
2020-03-29 22:00:00,-127641.84398,516531.74888,5.820766091346741e-11,13.880469281559671,85.23488355791633,-0.005545173392611408,-0.05088060610054893,0.05118188180512067,False,186.21977717274933
2020-03-29 22:30:00,-127658.03528,516617.62711,1.1641532182693481e-10,13.879943493684355,85.23410163297382,-0.0024073396997493935,-0.05090331081657498,0.050960203458373564,False,182.7076374764032
2020-03-29 23:00:00,-127677.39059,516711.72891,5.999908354159067e-11,13.879536179355421,85.23324136274023,-0.0021077980153776914,-0.0475322166118049,0.04757892840854207,False,182.53909602889712
2020-03-29 23:30:00,-127691.71629,516785.56712,7.275957614183426e-11,13.879126638832226,85.23256819238335,-0.0026761790698344584,-0.0394826123528352,0.0395732057409818,False,183.87764592964146
2020-03-30 00:00:00,-127702.13275,516852.02747,0.0,13.878499241863292,85.23196761053966,-0.0037461917423860427,-0.03655406033395512,0.0367455205361028,False,185.8514491755551
2020-03-30 00:30:00,-127710.18849,516916.55491,6.507814330688532e-11,13.87767527819278,85.23138891812464,-0.005328242187850966,-0.03961303175042097,0.03996976919213138,False,187.6607219508873
2020-03-30 01:00:00,-127717.71523,516995.07241,2.9103830456733704e-11,13.876435260913853,85.23068964976727,-0.005085016967049245,-0.04185097039070677,0.04215876089496694,False,186.927649347336
2020-03-30 01:30:00,-127728.55013,517067.21164,1.173212913024843e-10,13.875705642865483,85.2300387600093,-0.002788317123360688,-0.03942289462592493,0.03952137817773068,False,184.04569992734264
2020-03-30 02:00:00,-127742.00554,517135.26055,2.332849477807962e-10,13.875355369910118,85.22941782331397,-0.0024294646758192045,-0.0363212617790858,0.03640242238966979,False,183.8267127505893
2020-03-30 02:30:00,-127751.41606,517196.25007,1.7522826352494734e-10,13.874764924242356,85.22886699496813,-0.0012451481899427887,-0.030772970113256685,0.030798150652373707,False,182.31706073190168
2020-03-30 03:00:00,-127764.21954,517243.88576,5.999908354159067e-11,13.874873199120797,85.22842505262267,0.0018774379793406216,-0.02185077892568995,0.021931286168978933,False,175.0891575581703
2020-03-30 03:30:00,-127776.84115,517270.99686,1.4551915228366852e-11,13.875491733566705,85.22816206366196,0.003214952923040666,-0.011557491495860356,0.011996313265926836,False,164.4550028563849
2020-03-30 04:00:00,-127785.43352,517281.50305,5.999908354159067e-11,13.876117790585633,85.22805219472501,0.004871438806186726,-0.010794963992943812,0.011843232820956251,False,155.71179174493898
2020-03-30 04:30:00,-127803.18652,517304.51878,1.7462298274040222e-10,13.877377471909469,85.227813804877,0.007289629150249798,-0.014460865420803473,0.016194299054505607,False,153.24762119529328
2020-03-30 05:00:00,-127823.3963,517325.74846,5.820766091346741e-11,13.878939532520047,85.22758566997398,0.007264325895551898,-0.01214145648857487,0.014148688857302033,False,149.10759554179066
2020-03-30 05:30:00,-127839.05918,517340.67891,6.507814330688532e-11,13.880189328391417,85.22742210815079,0.007892211440604544,-0.009723344248250474,0.012523195470533661,False,140.9345684152001
2020-03-30 06:00:00,-127859.37582,517352.91455,1.4551915228366852e-11,13.88199427618354,85.22727198243727,0.009311023006861612,-0.008693718994949846,0.012738755802567926,False,133.03634700535838
2020-03-30 06:30:00,-127879.10878,517363.02002,5.999908354159067e-11,13.883793145231008,85.22714163874579,0.009671183550708947,-0.0071578435108349695,0.012031895735797646,False,126.50591088133712
2020-03-30 07:00:00,-127899.35808,517369.57567,1.7703168939037188e-10,13.88573739064798,85.22704106172704,0.00880030840789463,-0.00497053701474615,0.010107010749426482,False,119.4583675249595
2020-03-30 07:30:00,-127914.15835,517372.78799,7.275957614183426e-11,13.887199141522311,85.22698128465943,0.00996754397609241,-0.0046092553062302205,0.010981674161681703,False,114.8170665421431
2020-03-30 08:00:00,-127938.17496,517377.07161,1.4551915228366852e-11,13.88959504358574,85.22689235918472,0.01379238643027595,-0.009823559907050528,0.016933170190176167,False,125.46018468397085
2020-03-30 08:30:00,-127970.84849,517395.19955,0.0,13.892536931582791,85.22666436308758,0.01635636831496169,-0.01790246911005352,0.02424931307668535,False,137.58400428775985
2020-03-30 09:00:00,-128010.80971,517425.49734,2.9103830456733704e-11,13.895924823969626,85.22631480263541,0.018728138670195345,-0.02012543064390366,0.027491382952711613,False,137.05964204979745
2020-03-30 09:30:00,-128053.6965,517449.33887,1.4551915228366852e-11,13.899784166127228,85.22601509071157,0.01737732542162243,-0.019235766966133796,0.025922696032325984,False,137.90577885995106
2020-03-30 10:00:00,-128088.17145,517477.69027,1.4551915228366852e-11,13.902648956287466,85.22569423911813,0.016119411804183727,-0.01893349389713834,0.024865892866853433,False,139.5899182577553
2020-03-30 10:30:00,-128126.40356,517501.5597,0.0,13.90602107318346,85.22540427163923,0.017903477272323335,-0.020095449838277293,0.026913966683551442,False,138.30145505926885
2020-03-30 11:00:00,-128168.12129,517532.42371,5.999908354159067e-11,13.909575683463236,85.22504593527692,0.019050187954952544,-0.024143738135004505,0.030754345258039387,False,141.72542135755788
2020-03-30 11:30:00,-128213.86731,517569.44229,2.9103830456733704e-11,13.913390898415932,85.22462536465437,0.018660582457433825,-0.023728447239660833,0.030187026121432613,False,141.81769649256142
2020-03-30 12:00:00,-128253.86864,517599.18655,0.0,13.916794307031635,85.22428042952355,0.020297058362131727,-0.022308499012353065,0.030160233857514086,False,137.70297018506255
2020-03-30 12:30:00,-128304.10755,517629.82134,1.173212913024843e-10,13.92124180526367,85.22390565987645,0.02497029442890409,-0.023740625948813328,0.03445479537463004,False,133.55392070117142
2020-03-30 13:00:00,-128361.68345,517660.51525,1.173212913024843e-10,13.926452114464666,85.22351452311283,0.02938346015183841,-0.021406645365719547,0.036354259672125876,False,126.07435028282629
2020-03-30 13:30:00,-128425.32609,517679.16117,2.9103830456733704e-11,13.93260570320557,85.22321504794361,0.0345468106098219,-0.023747883952447372,0.04192188110676584,False,124.50508982137228
2020-03-30 14:00:00,-128502.97789,517713.54691,5.820766091346741e-11,13.939811707811568,85.22274837744362,0.03752873517479638,-0.031211962118411703,0.04881180741481682,False,129.74967740414615
2020-03-30 14:30:00,-128583.51919,517755.66831,1.4551915228366852e-11,13.947117242702985,85.2222081111099,0.03918054983044887,-0.03666642323516625,0.05366136485290536,False,133.10149153947054
2020-03-30 15:00:00,-128671.68477,517807.65777,7.275957614183426e-11,13.954960154621691,85.22156546793886,0.04355649382964503,-0.04091278233550656,0.059758044756873054,False,133.20734724257005
2020-03-30 15:30:00,-128771.21397,517860.79271,2.9103830456733704e-11,13.963955339433031,85.22088820035547,0.04626071607158606,-0.037134936647741104,0.059321643363005765,False,128.75511208972955
2020-03-30 16:00:00,-128865.56166,517897.20516,1.4551915228366852e-11,13.972841658435106,85.2203674503997,0.04851746338140456,-0.03500047220107081,0.059824554384164556,False,125.80666012632605
2020-03-30 16:30:00,-128971.13323,517940.89162,1.7462298274040222e-10,13.98270651029095,85.21975902820694,0.05277245981251273,-0.039220229183996994,0.06575073301422973,False,126.61954754830884
2020-03-30 17:00:00,-129084.02942,517988.30937,2.9103830456733704e-10,13.99323483993669,85.21910214685272,0.054978747195402626,-0.0406146264492956,0.06835356994913883,False,126.454513205279
2020-03-30 17:30:00,-129198.53849,518034.90596,1.7462298274040222e-10,14.003949544752441,85.2184487463041,0.05669168687656927,-0.04006189938925593,0.06941831994211499,False,125.24742272036309
2020-03-30 18:00:00,-129316.95405,518078.85826,1.173212913024843e-10,14.01513672675748,85.21780969163396,0.06035193800906097,-0.04333308230429339,0.07429745919908838,False,125.67859184860856
2020-03-30 18:30:00,-129447.1174,518133.64391,1.4551915228366852e-11,14.027261998616414,85.21705074978607,0.06218597510175738,-0.04678876324676867,0.07782212966450197,False,126.95782355990912
2020-03-30 19:00:00,-129574.97486,518188.01274,1.1999816708318134e-10,14.039154314323486,85.21630023003799,0.062133102634315616,-0.04755284264661386,0.07824190237168327,False,127.42821372201382
2020-03-30 19:30:00,-129705.64348,518245.45953,0.0,14.051255228951508,85.21551662981277,0.06266779079167473,-0.05559737254624627,0.08377541308018248,False,131.5786753584128
2020-03-30 20:00:00,-129842.4231,518327.4002,1.1641532182693481e-10,14.063349604487293,85.21450658624741,0.06352119629427642,-0.06814964941899121,0.09316285254642757,False,137.0132147117286
2020-03-30 20:30:00,-129987.0818,518427.87779,0.0,14.075774881437878,85.21331802627576,0.06723640512742153,-0.07897458926534534,0.10371942886503356,False,139.59000401646847
2020-03-30 21:00:00,-130146.35179,518544.30433,6.507814330688532e-11,14.089296724683816,85.21195873983079,0.06394033191183668,-0.08362314634427563,0.1052672629525057,False,142.5975747685759
2020-03-30 21:30:00,-130283.62658,518663.83012,5.999908354159067e-11,14.10044445623351,85.21062027336119,0.057993790658199235,-0.08865362811342273,0.10593746047824676,False,146.80883306365246
2020-03-30 22:00:00,-130426.59187,518802.97841,0.0,14.111664641204202,85.20909865124635,0.05896908142740105,-0.09819053208167332,0.1145370383538599,False,149.01275320072182
2020-03-30 22:30:00,-130575.69318,518954.89005,4.3655745685100555e-11,14.123181381606992,85.20745250559297,0.05914462371101724,-0.09996610550009441,0.11615209323457683,False,149.38945587792563
2020-03-30 23:00:00,-130720.88953,519100.02428,1.243316182127096e-10,14.134462056596313,85.20587360789689,0.058322540304161015,-0.09767695310347058,0.11376425570058496,False,149.1587339177995
2020-03-30 23:30:00,-130865.16699,519244.60922,1.243316182127096e-10,14.145654332871384,85.20430130904352,0.06012646613058664,-0.09643138688527124,0.11364068068244507,False,148.05582043382793
2020-03-31 00:00:00,-131015.6213,519383.75174,1.1999816708318134e-10,14.157622292695274,85.20276257859244,0.06963817495071607,-0.10066370591155499,0.12240366456244099,False,145.32489107186996
2020-03-31 00:30:00,-131196.88678,519534.67338,5.820766091346741e-11,14.172468553509027,85.20105369357319,0.07825981036396631,-0.10533441423787002,0.13122475658593985,False,143.38893360608472
2020-03-31 01:00:00,-131381.62633,519682.43334,2.9103830456733704e-11,14.18774709137757,85.19936432392402,0.08354114448820849,-0.10872114448790103,0.1371109407784761,False,142.46138515920939
2020-03-31 01:30:00,-131584.39263,519840.41767,5.820766091346741e-11,14.204614090704109,85.19754614764423,0.08849717141651858,-0.11130237003156894,0.14219693007716083,False,141.51158279269202
2020-03-31 02:00:00,-131788.79859,519992.69375,2.3283064365386963e-10,14.22178787612498,85.19577353099683,0.09483865797797837,-0.11159863141012177,0.14645349288998258,False,139.6414784446281
2020-03-31 02:30:00,-132014.04957,520145.98125,1.1999816708318134e-10,14.2410796492696,85.19394574534448,0.10323692038011664,-0.11459941688761363,0.15424295147769834,False,137.985882169312
2020-03-31 03:00:00,-132250.52055,520301.14592,6.507814330688532e-11,14.261467985896944,85.19207634066296,0.10576190584632955,-0.1168507533859186,0.15760608901658796,False,137.8516772636035
2020-03-31 03:30:00,-132486.68767,520459.88485,5.820766091346741e-11,14.281714998061352,85.19017595662133,0.10694610284095254,-0.11597714990715376,0.157759843475626,False,137.31989295100647
2020-03-31 04:00:00,-132726.62507,520610.78304,0.0,14.302542199799825,85.18833471136045,0.10883663778984817,-0.11556976616800424,0.1587506994552332,False,136.7185968338356
2020-03-31 04:30:00,-132969.13738,520766.24641,0.0,14.32349903728393,85.18644748087392,0.11269983770749017,-0.11652528426177913,0.1621092079173267,False,135.95609763778754
2020-03-31 05:00:00,-133223.51301,520916.86038,5.820766091346741e-11,14.345792232293212,85.18457536780701,0.1194357378197652,-0.11291391451319219,0.16436072389486536,False,133.3921866992215
2020-03-31 05:30:00,-133486.41619,521053.52654,5.820766091346741e-11,14.369316748438067,85.18280464449204,0.12894612888779433,-0.11126145990970901,0.1703121152953819,False,130.78934152814594
2020-03-31 06:00:00,-133772.59973,521189.66863,2.9103830456733704e-11,14.395238972964954,85.18098579410818,0.13831675745935207,-0.11493108749404997,0.17983514747299595,False,129.72409721258532
2020-03-31 06:30:00,-134071.58571,521330.49558,1.1641532182693481e-10,14.42233720495718,85.17909672078147,0.14333983604220035,-0.11987083202932496,0.18685642875750227,False,129.90473437689496
2020-03-31 07:00:00,-134379.84258,521479.07964,1.1999816708318134e-10,14.450163460177103,85.1771185190702,0.14501045664601125,-0.12694964381245868,0.1927284218811404,False,131.2005783088398
2020-03-31 07:30:00,-134691.15217,521642.78841,8.231806349783991e-11,14.47787911272756,85.17500110134694,0.14550696837649452,-0.13360453057160937,0.1975410044405421,False,132.5581567898521
2020-03-31 08:00:00,-135007.28026,521813.82266,1.7703168939037188e-10,14.505871297275858,85.17280818159672,0.14800381518281927,-0.14036637589259104,0.20398002056547176,False,133.4828849232647
2020-03-31 08:30:00,-135333.55275,521998.54003,6.507814330688532e-11,14.534516576929141,85.17047259448567,0.15139653296761538,-0.14584691488537502,0.21021948714663938,False,133.93039608389205
2020-03-31 09:00:00,-135666.63301,522185.28637,1.1641532182693481e-10,14.563779734892824,85.16810285896604,0.1532841112258947,-0.15330679676412076,0.21679251068334415,False,135.0042394786019
2020-03-31 09:30:00,-136006.42511,522393.95087,5.820766091346741e-11,14.59311748992032,85.16552662027979,0.15475354861031546,-0.1627415491421191,0.2245739802930474,False,136.44122598195725
2020-03-31 10:00:00,-136353.38468,522611.88917,1.1999816708318134e-10,14.622911366077458,85.16285247963752,0.1536734066296904,-0.17127385571050271,0.23010921223435685,False,138.1003400861063
2020-03-31 10:30:00,-136697.39049,522850.89953,1.1999816708318134e-10,14.651804234572486,85.16000102501324,0.15298857877652633,-0.18253252840733164,0.2381672294057995,False,140.03213936799744
2020-03-31 11:00:00,-137052.44733,523108.32612,5.820766091346741e-11,14.681301250618098,85.15696358556627,0.15189147965932803,-0.19296477838159565,0.24557366977947448,False,141.79208427471173
2020-03-31 11:30:00,-137402.40632,523384.30742,5.820766091346741e-11,14.709740320196202,85.15377562926952,0.1515930597443211,-0.204697714023158,0.2547186877497446,False,143.47744857741134
2020-03-31 12:00:00,-137767.41405,523682.51098,2.346425826049686e-10,14.739083742220918,85.1503595688318,0.15304275598533934,-0.21839599431682288,0.2666812619837057,False,144.9788396142377
2020-03-31 12:30:00,-138135.26049,524004.48937,1.1641532182693481e-10,14.768035318547042,85.14672972312341,0.15342435542969524,-0.22043373460727422,0.26857040825810957,False,145.16164962084304
2020-03-31 13:00:00,-138503.77984,524309.06589,1.1641532182693481e-10,14.797481942680541,85.14324787274771,0.1547460880817137,-0.21546399757824897,0.2652754908184945,False,144.31411968616226
2020-03-31 13:30:00,-138871.97919,524612.15279,5.820766091346741e-11,14.826893981065728,85.13977837464599,0.15738967103232218,-0.2158094054318857,0.26710523772574474,False,143.89675098735125
2020-03-31 14:00:00,-139250.3286,524915.11774,2.9103830456733704e-11,14.857302442952554,85.13628532523887,0.15881216397453682,-0.2163823095721931,0.2684075396148021,False,143.72347362141994
2020-03-31 14:30:00,-139624.3281,525218.48876,1.3015628661377063e-10,14.887213072623018,85.13279740061955,0.15903556809273497,-0.21256662025544718,0.26547481983307275,False,143.19733529309292
2020-03-31 15:00:00,-140000.24206,525507.57885,0.0,14.91766308999963,85.12942739838134,0.16189666730043073,-0.21258820684162008,0.2672157865305151,False,142.70889445197128
2020-03-31 15:30:00,-140384.52914,525807.97481,2.9103830456733704e-11,14.94861568069181,85.12593876894806,0.16467922486271047,-0.21558075151606218,0.2712827077526566,False,142.62427908802567
2020-03-31 16:00:00,-140773.21861,526104.47874,2.399963341663627e-10,14.98007726167012,85.12247220973326,0.16613551176601699,-0.21176940067376923,0.2691603375898533,False,141.88541102442986
2020-03-31 16:30:00,-141159.35119,526389.84046,0.0,15.011537944194734,85.1191065580738,0.16903401807253,-0.20864796519276202,0.2685264840659566,False,140.98769159514313
2020-03-31 17:00:00,-141555.52799,526672.36246,0.0,15.044051801213854,85.11574064474608,0.17602604498839672,-0.21009283420962976,0.27408788280493546,False,140.04207948026857
2020-03-31 17:30:00,-141967.64141,526955.7699,1.1999816708318134e-10,15.078112254111122,85.11232834208374,0.18547529145753033,-0.2148026562593881,0.283797929656551,False,139.1904310126398
2020-03-31 18:00:00,-142401.41133,527245.33381,1.3015628661377063e-10,15.114150246858369,85.10881044135014,0.19338388240448806,-0.2150296361535806,0.2891972862911651,False,138.03381498965922
2020-03-31 18:30:00,-142841.5841,527521.57436,1.1641532182693481e-10,15.151149437513299,85.10539085699945,0.19820799122815078,-0.2114330906003288,0.2898109031549806,False,136.84912918150002
2020-03-31 19:00:00,-143289.09827,527793.5372,1.1641532182693481e-10,15.188956652392262,85.10198898813832,0.20292961851351343,-0.21702209556567387,0.29711785546102165,False,136.9219747184569
2020-03-31 19:30:00,-143751.30827,528084.15594,5.820766091346741e-11,15.227682925699868,85.09838906985148,0.20635535157776608,-0.21965945693907496,0.30138481738062517,False,136.78872051550815
2020-03-31 20:00:00,-144213.5959,528361.42568,1.1641532182693481e-10,15.266727915672101,85.0949021364926,0.2139853387204513,-0.22490804634946918,0.31044058127126556,False,136.42562160604086
2020-03-31 20:30:00,-144707.66658,528662.40974,2.3283064365386963e-10,15.30826763638246,85.09113274122258,0.22191442055788196,-0.2336724075324359,0.32225580536825915,False,136.47838671529968
2020-03-31 21:00:00,-145206.23514,528961.88204,0.0,15.350238490527088,85.0873631566196,0.2260129302168255,-0.2376242871557741,0.32794381602872985,False,136.43461888976344
2020-03-31 21:30:00,-145718.73977,529271.95221,2.9103830456733704e-11,15.393253760886918,85.08346621071873,0.22616848420867797,-0.24070624718812483,0.33029029759386164,False,136.7835263967612
2020-03-31 22:00:00,-146221.25067,529581.21366,1.1999816708318134e-10,15.435218729801049,85.07959731428706,0.22281147166096887,-0.24332433434405684,0.32992678519287444,False,137.5197434922003
2020-03-31 22:30:00,-146725.06777,529902.84188,1.1641532182693481e-10,15.476905067697984,85.07561583914497,0.22096209401420785,-0.24935814634328984,0.333172225941637,False,138.455095510867
2020-03-31 23:00:00,-147227.41752,530234.08167,1.1999816708318134e-10,15.518109117465956,85.07155227307135,0.2202655373840514,-0.25655863570704074,0.33814085898474766,False,139.35263083763465
2020-03-31 23:30:00,-147736.22286,530580.63384,5.820766091346741e-11,15.559464980235724,85.06733843453543,0.21597589020858202,-0.2598747262856694,0.3379059906445002,False,140.2708113618728
2020-04-01 00:00:00,-148227.38699,530926.78637,2.9103830456733704e-11,15.598995338478005,85.06316798736009,0.20641933979065044,-0.2594340374981261,0.331534257132181,False,141.49240050142146
2020-04-01 00:30:00,-148703.107,531280.37164,0.0,15.63670635918192,85.05896834747428,0.19795438394588577,-0.2597458397074883,0.32657899407148555,False,142.68868450162597
2020-04-01 01:00:00,-149165.68802,531635.1824,0.0,15.673006324240243,85.05478779937364,0.19028342950634267,-0.2580228995602319,0.32059881509788024,False,143.59244208076973
2020-04-01 01:30:00,-149613.59237,531989.66132,2.9103830456733704e-11,15.70778948591924,85.05064373589981,0.18282185382404004,-0.25560547996422867,0.3142578425805828,False,144.42574967779956
2020-04-01 02:00:00,-150048.3892,532342.8138,2.9103830456733704e-11,15.741244840853899,85.0465411552434,0.17765631330746112,-0.2532100686548544,0.3093171584736205,False,144.94587424726916
2020-04-01 02:30:00,-150476.46856,532693.52207,0.0,15.774044502339603,85.04247432684369,0.17522866412385124,-0.25132244291286465,0.30637894027220536,False,145.11477020469658
2020-04-01 03:00:00,-150901.41046,533042.01672,2.9103830456733704e-11,15.806540564409547,85.03843261634049,0.17276991896383675,-0.24488918099822005,0.2997001098911205,False,144.7969373324928
2020-04-01 03:30:00,-151315.06098,533372.36813,1.1999816708318134e-10,15.838372914190376,85.03457335236017,0.16944266001835534,-0.23948696082973545,0.2933680613863056,False,144.71969479584402
2020-04-01 04:00:00,-151723.54868,533704.95624,1.1641532182693481e-10,15.86957987563751,85.03070592204413,0.16660787850961595,-0.23867546436739417,0.29107415287597455,False,145.0829569650815
2020-04-01 04:30:00,-152126.94505,534034.84032,2.9103830456733704e-11,15.900309524104145,85.02687282038696,0.16291163786178975,-0.2369177435778043,0.28752429283942105,False,145.48643757225472
2020-04-01 05:00:00,-152521.25699,534364.5527,2.9103830456733704e-11,15.930096047803024,85.02306210956318,0.15814497014931816,-0.2371425190730071,0.2850375517994432,False,146.30157701609824
2020-04-01 05:30:00,-152908.71724,534699.50991,2.9103830456733704e-11,15.959009751660716,85.01922173944827,0.15127811958828621,-0.23131553702817886,0.27639093171955303,False,146.81570279696928
2020-04-01 06:00:00,-153273.82895,535015.45598,2.9103830456733704e-11,15.986206210298056,85.01559905222705,0.14293401369960915,-0.22748947180706708,0.2686663210291502,False,147.8584240760058
2020-04-01 06:30:00,-153628.92756,535345.08758,2.9103830456733704e-11,16.011984690360695,85.01188209835878,0.13402116147137053,-0.2311314135204709,0.26717672435694334,False,149.89277035441876
2020-04-01 07:00:00,-153967.10472,535682.16251,1.1641532182693481e-10,16.035841644906583,85.00814191215571,0.12431976660081118,-0.23184477835144526,0.26307300434767333,False,151.79890838829454
2020-04-01 07:30:00,-154289.62423,536023.62121,0.0,16.057992743312948,85.00440191816304,0.11587339687708162,-0.23182127116606022,0.2591674089635533,False,153.4423122810403
2020-04-01 08:00:00,-154598.81974,536368.7702,1.1641532182693481e-10,16.07869169532786,85.00066246664163,0.10803246749393412,-0.23244595496301884,0.2563242790129287,False,155.07270017866085
2020-04-01 08:30:00,-154895.08694,536719.9793,2.3283064365386963e-10,16.097913361667473,84.99690230387722,0.0996588867584087,-0.23374718422502377,0.25410556830390896,False,156.90886358995408
2020-04-01 09:00:00,-155176.85204,537077.78444,1.1999816708318134e-10,16.115490629565375,84.99312085896491,0.08895146062142756,-0.2367420090265104,0.25290144559609323,False,159.40721251416784
2020-04-01 09:30:00,-155439.29735,537449.87347,1.1999816708318134e-10,16.13073429831256,84.98926407112724,0.07676466215828606,-0.24101377197029694,0.2529435740152852,False,162.3329395259858
2020-04-01 10:00:00,-155683.38396,537834.49579,1.1641532182693481e-10,16.14379334246892,84.98534477771476,0.06583090912418252,-0.2447291311716061,0.25342860185883825,False,164.94410894135927
2020-04-01 10:30:00,-155911.91135,538230.26164,0.0,16.154986867796847,84.98136809126147,0.0575135405648432,-0.24946765730312653,0.2560115610448365,False,167.0175774372234
2020-04-01 11:00:00,-156132.13659,538639.50781,1.1641532182693481e-10,16.16496456991453,84.97729588448347,0.048786917414955694,-0.2550753970757024,0.25969909800417285,False,169.17211233267204
2020-04-01 11:30:00,-156336.25075,539063.33151,1.1641532182693481e-10,16.172932038273625,84.97313826205635,0.03882526005445951,-0.2596382007602216,0.2625250390197124,False,171.49523594870607
2020-04-01 12:00:00,-156526.72437,539498.2836,0.0,16.17923387716363,84.968918815381,0.02993563767186662,-0.2624834231867757,0.2641849538688176,False,173.49365849958417
2020-04-01 12:30:00,-156703.0519,539940.81834,0.0,16.18392527481431,84.96466937403153,0.02198217446423059,-0.26436848782799305,0.265280819794111,False,175.24680430554895
2020-04-01 13:00:00,-156867.99102,540390.23819,0.0,16.187299683160543,84.96038908622485,0.015872003857854505,-0.2631769681122698,0.2636551479702804,False,176.54871517340746
2020-04-01 13:30:00,-157022.0507,540834.76559,0.0,16.189744200934864,84.95617806987171,0.010146257314729693,-0.2589989749746254,0.25919763805907514,False,177.75659109095693
2020-04-01 14:00:00,-157163.03904,541275.47473,1.1641532182693481e-10,16.19101682584996,84.9520325680669,0.004314825670596142,-0.2524096044147682,0.2524464816973835,False,179.02065048679742
2020-04-01 14:30:00,-157290.34329,541703.06845,1.1641532182693481e-10,16.191324044886205,84.94803413965062,-0.0012670480258556993,-0.24177904340019715,0.24178236337296036,False,180.30025695667416
2020-04-01 15:00:00,-157401.36715,542112.62741,2.346425826049686e-10,16.190554328800896,84.94423161573602,-0.004769444395373051,-0.23043844646967704,0.23048779839982586,False,181.1856963454062
2020-04-01 15:30:00,-157505.16792,542504.53306,1.1641532182693481e-10,16.189581442281707,84.94059907769392,-0.0042822586251675815,-0.21943763315663598,0.2194794126662434,False,181.1179677975466
2020-04-01 16:00:00,-157606.82054,542875.57421,2.9103830456733704e-11,16.18899044761021,84.937151483407,-0.002032018900128177,-0.20994918325832626,0.209959016600023,False,180.55452690899745
2020-04-01 16:30:00,-157708.86949,543232.41946,1.1641532182693481e-10,16.1888396907848,84.93382507920161,-0.00022130191682002975,-0.2019397635110157,0.20193988477124408,False,180.06278932160558
2020-04-01 17:00:00,-157808.74129,543573.95315,1.1641532182693481e-10,16.18890960847733,84.93063589914551,-4.727520090706816e-05,-0.197466871479557,0.1974668771385938,False,180.0137170828482
2020-04-01 17:30:00,-157906.90331,543915.15957,1.1641532182693481e-10,16.1888225615991,84.92745380408667,-0.0012102894877231221,-0.19476747388611307,0.19477123423293755,False,180.3560326871576
2020-04-01 18:00:00,-158000.04387,544248.52837,0.0,16.188469000095633,84.9243517118414,-0.003455918229091297,-0.19005105718446,0.19008247606693535,False,181.04176062625567
2020-04-01 18:30:00,-158085.70427,544575.68397,0.0,16.187565058266465,84.92132178392146,-0.004903743587494791,-0.18599980489466472,0.18606443540350542,False,181.510209872901
2020-04-01 19:00:00,-158169.76297,544896.50236,0.0,16.186685258012837,84.9183503987569,-0.0013756964208491568,-0.1801633551074368,0.18016860732161616,False,180.4374922241641
2020-04-01 19:30:00,-158261.75365,545199.94164,2.346425826049686e-10,16.1870642206232,84.9155087781301,0.005492059653646464,-0.17405142963557635,0.17413805694743237,False,178.19267520189277
2020-04-01 20:00:00,-158363.42641,545492.73581,2.9103830456733704e-11,16.188680021562007,84.91273458629725,0.008842915778225657,-0.1717160847123329,0.17194362712352523,False,177.05202584546532
2020-04-01 20:30:00,-158464.67472,545784.73254,2.9103830456733704e-11,16.190275384611123,84.90996831158392,0.0051137753993854285,-0.17141622288173922,0.17149248428394015,False,178.2912301492256
2020-04-01 21:00:00,-158553.17028,546080.22761,0.0,16.190536715841276,84.90720379033039,-0.0033896796511210248,-0.17499837322174364,0.17503119881436538,False,181.10966776901563
2020-04-01 21:30:00,-158628.61868,546393.14351,0.0,16.189046801739114,84.90432192614371,-0.01520451260204004,-0.1874497479797686,0.18806537485976615,False,184.63725029364377
2020-04-01 22:00:00,-158688.74913,546743.54898,0.0,16.18502622595972,84.90115564023432,-0.029938905547804942,-0.20221077192080897,0.20441510302864074,False,188.42191008379268
2020-04-01 22:30:00,-158728.02164,547122.29341,0.0,16.178201678990206,84.89779748448325,-0.044768086743792214,-0.21046119786363518,0.2151699267948379,False,192.00864167174342
2020-04-01 23:00:00,-158745.06986,547516.11051,0.0,16.168818855657495,84.89436497695505,-0.06184756490212172,-0.2122716633980785,0.22109812384122415,False,196.24403336305
2020-04-01 23:30:00,-158726.97676,547918.24597,0.0,16.155825948546077,84.89094836524039,-0.08045661763050752,-0.21624207350258623,0.23072473138621183,False,200.40859130080673
2020-04-02 00:00:00,-158683.4747,548344.43255,0.0,16.13972946487566,84.88738773255868,-0.09270902250423915,-0.22095066238241365,0.23961251649469162,False,202.76250769255472
2020-04-02 00:30:00,-158627.49074,548775.09486,1.1641532182693481e-10,16.12232800707786,84.88381922122284,-0.09881576648771388,-0.21971097663801806,0.24090966971416095,False,204.21599610589033
2020-04-02 01:00:00,-158561.3695,549203.06863,2.3283064365386963e-10,16.104049344115605,84.88029858681797,-0.10382157670471254,-0.21698185990470087,0.24054115514222454,False,205.57020304967426
2020-04-02 01:30:00,-158485.07262,549629.25134,0.0,16.08486617133485,84.87681811978914,-0.1098413246015464,-0.2148749745386306,0.2413221317517302,False,207.07553418927918
2020-04-02 02:00:00,-158395.74124,550055.89373,2.9103830456733704e-11,16.064442548135574,84.87336544338942,-0.11397105159938146,-0.21301042635342268,0.2415840274892688,False,208.14897143437986
2020-04-02 02:30:00,-158302.99646,550479.68106,5.820766091346741e-11,16.04379718814932,84.86994515864333,-0.11581666243956608,-0.209799522733536,0.23964419258112615,False,208.9002310174355
2020-04-02 03:00:00,-158203.77859,550896.98503,0.0,16.022736277171855,84.86659606848184,-0.11795488941105475,-0.2059447923077186,0.2373322848131781,False,209.80192623323796
2020-04-02 03:30:00,-158099.49575,551309.48849,1.3015628661377063e-10,16.001348627955114,84.86330015317185,-0.11764210888294867,-0.20333863027395305,0.23491756925380214,False,210.05164276747914
2020-04-02 04:00:00,-157998.46423,551717.38737,2.3283064365386963e-10,15.980427006165602,84.86003517030024,-0.11496512753265856,-0.20161598343959053,0.23209046797943617,False,209.69258065625206
2020-04-02 04:30:00,-157901.43921,552121.20074,2.9103830456733704e-11,15.960028347101066,84.8567948303416,-0.11146206913752398,-0.20025763009129585,0.22918750242148994,False,209.10002230489079
2020-04-02 05:00:00,-157810.89901,552520.85987,0.0,15.940390864961811,84.85357367420458,-0.10723309729539765,-0.20019294584629846,0.2271038368724386,False,208.17567156293893
2020-04-02 05:30:00,-157728.17356,552920.20384,0.0,15.921535408468323,84.85033541224047,-0.10206544766275175,-0.2029141321082421,0.22713762483533864,False,206.7023146674715
2020-04-02 06:00:00,-157657.94762,553324.12304,0.0,15.90377591513626,84.84702645294779,-0.09512651439729145,-0.20697767865908992,0.22779116138358746,False,204.68341409084445
2020-04-02 06:30:00,-157603.00581,553730.64326,0.0,15.887431326850896,84.84365707317218,-0.0895698486664141,-0.21038499107384678,0.22865826523278557,False,203.06151975857964
2020-04-02 07:00:00,-157555.14644,554140.84843,0.0,15.87168537236423,84.84023814050026,-0.08674172626710086,-0.21448238901972186,0.23135864426341188,False,202.01956701347297
2020-04-02 07:30:00,-157513.80734,554558.74425,0.0,15.856374792715513,84.83673653865439,-0.0852681888169533,-0.21703498320245523,0.23318415031432482,False,201.44875297309903
2020-04-02 08:00:00,-157473.34035,554976.31584,0.0,15.84117706948795,84.8332352250956,-0.08576286008710253,-0.217790820554978,0.23406860038956645,False,201.4937993789266
2020-04-02 08:30:00,-157430.80922,555397.29372,0.0,15.825710612833491,84.82970921546536,-0.08923022305200054,-0.2196535728916625,0.2370859017107147,False,202.10854359383944
2020-04-02 09:00:00,-157379.93529,555824.69873,0.0,15.809295382037714,84.82614776965288,-0.09415739323558124,-0.22217280196694994,0.24130140620138424,False,202.96735318857193
2020-04-02 09:30:00,-157322.56503,556259.20841,0.0,15.7920914976514,84.82254046556217,-0.09832193620431849,-0.22466778765789422,0.24524032692454706,False,203.63575173619088
2020-04-02 10:00:00,-157259.45024,556699.30394,1.1999816708318134e-10,15.77421361243143,84.81889850649915,-0.10545943309350989,-0.2249445283089573,0.2484385896847424,False,205.11831914350614
2020-04-02 10:30:00,-157177.35059,557141.71984,1.3015628661377063e-10,15.754490030970416,84.81528222557836,-0.11218189347579832,-0.2245022740714184,0.25097021394391333,False,206.55091197710237
2020-04-02 11:00:00,-157090.208,557586.80394,2.9103830456733704e-11,15.734242271720632,84.81165456350004,-0.11770320995601316,-0.2253562488616389,0.2542429635898273,False,207.5779936111943
2020-04-02 11:30:00,-156989.49645,558037.50918,0.0,15.712581326252614,84.80801068611729,-0.1261518946102219,-0.2260491145415673,0.2588677320539876,False,209.16470412625472
2020-04-02 12:00:00,-156873.41199,558493.16012,0.0,15.689356873146343,84.80436064746584,-0.1366869303542027,-0.22616978443574437,0.26426518560220097,False,211.1468937083472
2020-04-02 12:30:00,-156735.93747,558954.45168,1.1641532182693481e-10,15.663981938074919,84.8007128377603,-0.1480689064409138,-0.22654443459142382,0.2706414267974435,False,213.16853574863615
2020-04-02 13:00:00,-156580.35773,559422.35197,0.0,15.636747259491337,84.79705070404351,-0.1571217577729433,-0.22605657189879802,0.2752976942589529,False,214.80142657614294
2020-04-02 13:30:00,-156410.58408,559890.59712,1.1999816708318134e-10,15.608194366039026,84.79341864386296,-0.16536350442160225,-0.22428741254337667,0.27865737388412337,False,216.40075509321122
2020-04-02 14:00:00,-156224.24807,560360.18406,0.0,15.578074439289756,84.78981356935797,-0.170181622338111,-0.2212750410342987,0.27914947316153405,False,217.56371992722381
2020-04-02 14:30:00,-156034.36109,560822.45379,1.1999816708318134e-10,15.547852473034437,84.78627876614836,-0.17227311572664117,-0.21802786399346907,0.277874388671787,False,218.31376793564107
2020-04-02 15:00:00,-155837.14637,561282.59828,0.0,15.51703288260448,84.78277843332638,-0.17540140780079486,-0.21603488338783514,0.27827454913968735,False,219.07357477918137
2020-04-02 15:30:00,-155633.99249,561740.75926,0.0,15.485744065617203,84.77930793293606,-0.17696693819268655,-0.2143003954054666,0.27792437223862443,False,219.54952400712352
2020-04-02 16:00:00,-155429.17786,562196.17228,0.0,15.454411491656725,84.77586357759891,-0.17955379308319608,-0.21414119560719913,0.279456644699395,False,219.9792674314031
2020-04-02 16:30:00,-155216.39577,562656.03919,2.9103830456733704e-11,15.422249956660488,84.77239816406238,-0.18252361877756446,-0.2141110949736871,0.28135108388362207,False,220.44664818952754
2020-04-02 17:00:00,-155000.73222,563113.95636,0.0,15.389909238717097,84.76895480241888,-0.1818833639880144,-0.2116918219246744,0.2790967315562556,False,220.66882141772913
2020-04-02 17:30:00,-154787.34307,563564.57251,1.1999816708318134e-10,15.358015624556007,84.7655674740955,-0.1783340211514163,-0.21153693921875374,0.27667833264293124,False,220.1322157506422
2020-04-02 18:00:00,-154583.34752,564018.32889,1.1999816708318134e-10,15.32696950340943,84.7621291196751,-0.17657905876658483,-0.2105730045160209,0.27481112463981,False,219.98200478729103
2020-04-02 18:30:00,-154374.64429,564463.70202,1.1999816708318134e-10,15.29573602704441,84.75877283319066,-0.17526939715612597,-0.20954998914145523,0.2731859431388369,False,219.90939815492146
2020-04-02 19:00:00,-154173.73489,564912.43713,1.1641532182693481e-10,15.265191588488271,84.755367522117,-0.1725517550304368,-0.21181850675374103,0.2732053952019771,False,219.1669755605884
2020-04-02 19:30:00,-153976.14357,565362.89442,1.1641532182693481e-10,15.234955563126157,84.75193800748711,-0.16942066846075,-0.2140089912166216,0.2729527637215703,False,218.36697251260145
2020-04-02 20:00:00,-153787.70768,565816.06571,1.1641532182693481e-10,15.20555277806277,84.74846202962993,-0.1654669339607166,-0.2150636022430854,0.27135154181270504,False,217.57418088652648
2020-04-02 20:30:00,-153604.38362,566266.25528,1.1641532182693481e-10,15.176746869970232,84.74499846311943,-0.16573664443561054,-0.2175999648316682,0.273529486533937,False,217.2949834140553
2020-04-02 21:00:00,-153416.94696,566728.30619,1.1641532182693481e-10,15.147289024654558,84.7414405741774,-0.1630241799237171,-0.22447798004030844,0.2774297149960285,False,215.98853503311383
2020-04-02 21:30:00,-153249.04959,567199.65404,0.0,15.119474035797431,84.73775516540574,-0.15845445723603147,-0.2274846274420099,0.2772310782369022,False,214.85914712162483
2020-04-02 22:00:00,-153079.86461,567667.69063,1.1641532182693481e-10,15.091660821913218,84.73410017231697,-0.15763421845957995,-0.22849600071345078,0.2775949732459215,False,214.60091504932245
2020-04-02 22:30:00,-152915.31026,568141.62129,1.1641532182693481e-10,15.06417243848436,84.73038213139391,-0.1576205155902009,-0.23198519316206925,0.280466320226446,False,214.19383982464223
2020-04-02 23:00:00,-152748.98567,568621.61427,0.0,15.036403372948847,84.72661451104365,-0.15936627612319237,-0.23366128321984356,0.2828342363316675,False,214.29554110938517
2020-04-02 23:30:00,-152579.46487,569102.84225,1.3015628661377063e-10,15.008342628096642,84.72284237349889,-0.16199061314522523,-0.23343792959137252,0.28413768795968025,False,214.75811171831162
2020-04-03 00:00:00,-152403.336,569584.34054,2.9103830456733704e-11,14.979694848148386,84.71908193425737,-0.16691632021848063,-0.23183206507317175,0.2856696769896478,False,215.75343693869095
2020-04-03 00:30:00,-152214.70965,570064.39437,1.1999816708318134e-10,14.949951511230065,84.71536157762537,-0.1734631604863172,-0.23027567541302987,0.28829907168221847,False,216.9901582742733
2020-04-03 01:00:00,-152013.86537,570546.36995,0.0,14.919056360271577,84.71165134296524,-0.17953372128526188,-0.2292722626105247,0.291201180425292,False,218.06304155525225
2020-04-03 01:30:00,-151802.673,571028.34952,2.3283064365386963e-10,14.887234640396894,84.70796336187433,-0.18461521375494216,-0.22903131479273767,0.2941736227221487,False,218.8712366687452
2020-04-03 02:00:00,-151583.39123,571513.9577,1.1641532182693481e-10,14.854609389706722,84.7042608952089,-0.1906854504295233,-0.2281881018279423,0.2973730835522098,False,219.8838267698281
2020-04-03 02:30:00,-151349.74723,571998.36023,1.1641532182693481e-10,14.820715076098203,84.70060008476236,-0.19632285976331165,-0.22350429668695548,0.2974841775677751,False,221.29559223085678
2020-04-03 03:00:00,-151105.95908,572472.59086,2.9103830456733704e-11,14.786169617894972,84.69704877651178,-0.20264727097801385,-0.21733607463465499,0.2971546495891271,False,222.9969121248238
2020-04-03 03:30:00,-150844.05611,572941.04574,0.0,14.75011850696592,84.69358694262405,-0.2089384726678586,-0.20930566913997567,0.2957433828421364,False,224.94969731648135
2020-04-03 04:00:00,-150570.41249,573392.76759,0.0,14.713427654220649,84.69029479966522,-0.20935647081883024,-0.20031641974528994,0.2897529980747169,False,226.26411275889188
2020-04-03 04:30:00,-150298.24565,573829.96141,0.0,14.677275777325876,84.68712309366202,-0.20557586006925108,-0.1923122585910579,0.28150566432597096,False,226.9092479699463
2020-04-03 05:00:00,-150029.90636,574250.01552,2.3283064365386963e-10,14.64194273168205,84.68408923888296,-0.20209849022565912,-0.18479747433114346,0.2738501529498577,False,227.56041762819396
2020-04-03 05:30:00,-149762.48451,574657.5368,1.1641532182693481e-10,14.607040565370115,84.68115999211811,-0.19861920056963447,-0.17792689828283564,0.26666002318958726,False,228.14540592951414
2020-04-03 06:00:00,-149499.52415,575050.171,2.346425826049686e-10,14.572954377865225,84.67834785391251,-0.19271172295844807,-0.16902816365016213,0.25633635768762814,False,228.74587967801048
2020-04-03 06:30:00,-149244.14857,575421.02078,1.1999816708318134e-10,14.540138901778773,84.67570577251432,-0.18611762430390094,-0.1602406489740531,0.24559486081787973,False,229.2727204062852
2020-04-03 07:00:00,-148995.78723,575776.77633,2.346425826049686e-10,14.508374416413533,84.67317717452971,-0.17851686332950673,-0.15354748751625574,0.23546783520379275,False,229.30022851145773
2020-04-03 07:30:00,-148760.46266,576117.16477,2.9103830456733704e-11,14.4782254709804,84.67075109248067,-0.17043310881255053,-0.14699319405226632,0.2250654208829022,False,229.22326392700467
2020-04-03 08:00:00,-148534.01326,576442.54385,2.346425826049686e-10,14.449291632081033,84.66843396444351,-0.16248127902284407,-0.14041970034736398,0.21475068865673702,False,229.1657417932226
2020-04-03 08:30:00,-148320.16878,576752.63998,0.0,14.421923630234328,84.6662200087732,-0.15448400521399774,-0.13433856328146698,0.2047245892693088,False,228.9899319738737
2020-04-03 09:00:00,-148115.84638,577049.43595,0.0,14.39578333585473,84.6640990884627,-0.14365697681490552,-0.12990483045180556,0.19368167688842083,False,227.87787689498447
2020-04-03 09:30:00,-147935.51022,577334.19048,1.1641532182693481e-10,14.37218489749577,84.66202824907786,-0.13676636083367177,-0.1258378949873487,0.18584997516957893,False,227.38303019911078
2020-04-03 10:00:00,-147751.34403,577610.48782,1.1641532182693481e-10,14.348449579711836,84.66003845183614,-0.1358123376945129,-0.12182054789855648,0.18244242094522015,False,228.10862382935622
2020-04-03 10:30:00,-147570.51877,577880.22886,1.1641532182693481e-10,14.325198735071574,84.65809726755207,-0.13425217950654783,-0.12191383184441311,0.18134671239712666,False,227.75754510896957
2020-04-03 11:00:00,-147391.65605,578155.31374,2.9103830456733704e-11,14.302020625287813,84.65610444093589,-0.1383519480533993,-0.12333082270150147,0.1853422600444909,False,228.28528956018943
2020-04-03 11:30:00,-147197.56884,578433.4983,2.346425826049686e-10,14.277370088753923,84.65411746847731,-0.14484745566853166,-0.12292902478911627,0.1899798161627977,False,229.67942558560605
2020-04-03 12:00:00,-146995.44982,578712.78771,2.3283064365386963e-10,14.25196476170708,84.6521376304887,-0.14811743546424994,-0.12362411097609602,0.19292924999371233,False,230.1504163731106
2020-04-03 12:30:00,-146790.32188,578996.11992,0.0,14.226203154077243,84.65012824079088,-0.15154570551707788,-0.1257881549831044,0.19694862475966257,False,230.30615845720874
2020-04-03 13:00:00,-146577.90118,579285.81081,0.0,14.199633406957677,84.64807854825742,-0.15587909087778423,-0.12705134856493347,0.20109782730067657,False,230.8177817579894
2020-04-03 13:30:00,-146358.49951,579577.18463,1.1641532182693481e-10,14.172395745594573,84.64602839814718,-0.16057147919242515,-0.12724123062120776,0.20487442666190137,False,231.60573251268332
2020-04-03 14:00:00,-146129.59155,579871.46893,2.3283064365386963e-10,14.144227575626106,84.64397256182151,-0.16259980437976795,-0.12948992103376789,0.20786133847752988,False,231.46716793339752
2020-04-03 14:30:00,-145904.7996,580172.25648,1.1999816708318134e-10,14.11631141167907,84.64184989852966,-0.15975275978868156,-0.1327179846213914,0.20768969089019337,False,230.2811754287718
2020-04-03 15:00:00,-145688.37588,580475.09003,1.1641532182693481e-10,14.08914670822739,84.63968991410111,-0.15734989258607238,-0.13415475911990912,0.20677642054008322,False,229.5494610731439
2020-04-03 15:30:00,-145472.94702,580778.57936,2.3283064365386963e-10,14.062080981539197,84.63752085397665,-0.15400791901310817,-0.13754179540332137,0.2064853132828512,False,228.23251281933935
2020-04-03 16:00:00,-145270.87015,581090.11354,1.1999816708318134e-10,14.036089582824658,84.63525161093612,-0.1457139167489503,-0.14018131381941773,0.20219630629281557,False,226.1086412142325
2020-04-03 16:30:00,-145086.43388,581395.39032,0.0,14.011901554530935,84.63299739897117,-0.134140416474435,-0.1396937173314596,0.19366978596006298,False,223.838212430279
2020-04-03 17:00:00,-144924.09653,581694.97018,0.0,13.989914940021013,84.63074389496666,-0.12279118365888364,-0.14058129077609052,0.1866568351296609,False,221.13569315998632
2020-04-03 17:30:00,-144779.84598,581993.33705,0.0,13.969651577109984,84.62846101369264,-0.11437905522528552,-0.1447578631501921,0.1844922958229927,False,218.31369303865142
2020-04-03 18:00:00,-144650.31489,582300.08869,1.1999816708318134e-10,13.950576558858124,84.62607270900354,-0.10642887061231707,-0.15200853970621203,0.18556319851583816,False,214.99781097640414
2020-04-03 18:30:00,-144539.93227,582616.79689,1.3015628661377063e-10,13.933063603749224,84.62355585737944,-0.0941273071944465,-0.15938336187254204,0.18510269042202326,False,210.56489779407957
2020-04-03 19:00:00,-144459.58604,582938.57993,2.9103830456733704e-11,13.918232027060979,84.62092959124385,-0.08338011825242862,-0.16448681545689245,0.18441300544955816,False,206.88093556424155
2020-04-03 19:30:00,-144391.01134,583263.76541,2.346425826049686e-10,13.904426541350045,84.61824800172178,-0.07732803484958599,-0.16972959649923824,0.18651477394966065,False,204.49379476542595
2020-04-03 20:00:00,-144336.19379,583598.59791,2.9103830456733704e-11,13.891686858500359,84.61545254710423,-0.0689659741042737,-0.17503375496609147,0.18813059549600405,False,201.50519811029648
2020-04-03 20:30:00,-144301.27973,583935.06496,0.0,13.880763589142251,84.61259980089625,-0.05961732287680885,-0.17823307323833806,0.18793949447356842,False,198.4946141335227
2020-04-03 21:00:00,-144281.7696,584272.9876,1.1641532182693481e-10,13.871242403073682,84.60970108719569,-0.04973597626890332,-0.1829771346535468,0.18961618902784413,False,195.20647025136202
2020-04-03 21:30:00,-144285.37335,584617.49789,0.0,13.863716518095146,84.60669524949212,-0.049096227436689434,-0.1868338300621404,0.1931769127100956,False,194.7233211279402
2020-04-03 22:00:00,-144271.3364,584968.34622,1.1641532182693481e-10,13.854425900904499,84.6036720219187,-0.04791339157578395,-0.19032294176897188,0.1962613442731142,False,194.13045826672538
2020-04-03 22:30:00,-144281.96948,585324.03053,2.346425826049686e-10,13.84731226824733,84.60055363762426,-0.0403135397017106,-0.1938363675663546,0.19798413793685676,False,191.7487298993675
2020-04-03 23:00:00,-144297.43632,585680.61108,2.3283064365386963e-10,13.840632291517617,84.59741700028474,-0.03609095318583064,-0.19430353215817492,0.19762697060625287,False,190.5224978612461
2020-04-03 23:30:00,-144323.14862,586034.2949,1.1641532182693481e-10,13.834970225238118,84.59428353748113,-0.035110297044245085,-0.1941041007854534,0.19725398576521735,False,190.25301775295975
2020-04-04 00:00:00,-144341.80153,586389.33819,0.0,13.828633522532254,84.59115330997946,-0.03924889735096859,-0.1936762599724133,0.19761318179759338,False,191.45596644286593
2020-04-04 00:30:00,-144352.60019,586745.09246,1.1641532182693481e-10,13.821564843650304,84.58803364334855,-0.043931016980395296,-0.1949446935724081,0.1998333500819417,False,192.6995337035013
2020-04-04 01:00:00,-144355.88874,587108.60031,1.1641532182693481e-10,13.81363772644931,84.58486247243228,-0.04698781139036822,-0.1970652110573787,0.2025896143151125,False,193.4110751056262
2020-04-04 01:30:00,-144357.7244,587474.39707,0.0,13.805534519177366,84.58167437646199,-0.048847810182293984,-0.19758076461578494,0.20352952391671247,False,193.88675044110795
2020-04-04 02:00:00,-144354.85014,587841.30586,0.0,13.796982773763899,84.57848655582482,-0.05320122249447126,-0.19587723761848258,0.20297355072017073,False,195.1952478355151
2020-04-04 02:30:00,-144339.89381,588204.88427,0.0,13.787406120830905,84.57535341437936,-0.061539750604017195,-0.1937884253089078,0.203325096060744,False,197.6178462878644
2020-04-04 03:00:00,-144305.95159,588571.64107,1.3015628661377063e-10,13.776025540838098,84.57223297485072,-0.06905660587211769,-0.19154554740098687,0.20361363300064342,False,199.82540770449043
2020-04-04 03:30:00,-144262.64522,588933.81154,1.3015628661377063e-10,13.763901703767633,84.56917221927229,-0.07252097883955534,-0.18875235172037105,0.20220470482117348,False,201.0173903940519
2020-04-04 04:00:00,-144214.04273,589293.75252,1.1641532182693481e-10,13.751355733451176,84.56614191370025,-0.07318612302451344,-0.18637603355597807,0.2002304534465681,False,201.43893851942778
2020-04-04 04:30:00,-144166.21882,589648.16251,1.1641532182693481e-10,13.739019113272757,84.56315784689035,-0.06689674926470332,-0.1812751938074391,0.19322492321672477,False,200.25578635259885
2020-04-04 05:00:00,-144135.09522,589984.86769,0.0,13.72862285602938,84.56029217056775,-0.053741990752588245,-0.17506608855909278,0.18312929021167368,False,197.06549967208167
2020-04-04 05:30:00,-144127.84524,590306.31021,2.9103830456733704e-11,13.720765684958488,84.55750846720262,-0.04632224646776874,-0.1715054476808892,0.17765097551672196,False,195.11448715371904
2020-04-04 06:00:00,-144119.53984,590624.222,2.9103830456733704e-11,13.71289879000553,84.55475764798209,-0.04497939538815526,-0.16800765620052027,0.17392446219976138,False,194.98786992902416
2020-04-04 06:30:00,-144113.91351,590932.28326,1.1999816708318134e-10,13.705504850066973,84.5520868186913,-0.04004907007789336,-0.16488548456351296,0.16967955396525677,False,193.65220824411642
2020-04-04 07:00:00,-144120.10805,591235.06813,1.1641532182693481e-10,13.699317091353148,84.54943675401081,-0.03275800976646327,-0.16389167442787753,0.16713338430915922,False,191.30310003356004
2020-04-04 07:30:00,-144139.06957,591533.43733,1.1999816708318134e-10,13.694401013960865,84.54679798713329,-0.02486467846884379,-0.1626681498729041,0.16455752556000766,False,188.69069134519316
2020-04-04 08:00:00,-144171.77794,591825.21759,0.0,13.690892675198635,84.54418739796924,-0.01648144250919797,-0.15998474985962433,0.16083145878474947,False,185.88179540743317
2020-04-04 08:30:00,-144217.73905,592107.06116,1.1641532182693481e-10,13.688819351318346,84.541635216271,-0.00870359266486831,-0.15749273569285555,0.15773304765107282,False,183.1631452001467
2020-04-04 09:00:00,-144275.50855,592383.50162,0.0,13.687946272913509,84.53910503590534,-0.002735505732883385,-0.1561973143992868,0.15622126621290805,False,181.00332654898057
2020-04-04 09:30:00,-144341.23252,592655.7316,2.3283064365386963e-10,13.687893534407895,84.5365946500208,0.0024227870983507746,-0.15465306870103632,0.15467204516644692,False,179.10248065486195
2020-04-04 10:00:00,-144415.72846,592922.37654,1.3015628661377063e-10,13.688765119495057,84.5341142963651,0.006620553468361871,-0.1533567681039522,0.15349960928783113,False,177.52802315996416
2020-04-04 10:30:00,-144495.03898,593186.49405,1.1641532182693481e-10,13.690131040220045,84.5316457369733,0.012238951580560889,-0.1536668599573726,0.1541534812612095,False,175.4462327127152
2020-04-04 11:00:00,-144589.46338,593449.43298,2.9103830456733704e-11,13.69289933855595,84.52915536701174,0.018798968099037167,-0.15587012885737908,0.15699967602388412,False,173.12296614838152
2020-04-04 11:30:00,-144693.62181,593715.65809,1.1641532182693481e-10,13.69647887853895,84.52661570163318,0.021904283876067306,-0.15894665450364615,0.16044885985891205,False,172.15354678758467
2020-04-04 12:00:00,-144801.56295,593986.69818,2.9103830456733704e-11,13.700292642063024,84.52402604715338,0.02481767669753082,-0.1599151063028586,0.16182941111095267,False,171.17847861598318
2020-04-04 12:30:00,-144916.77268,594253.81234,5.820766091346741e-11,13.704851400726618,84.52145511945713,0.02934769203769809,-0.15714771264955818,0.15986460089378035,False,169.4217371011141
2020-04-04 13:00:00,-145038.24004,594511.29199,2.346425826049686e-10,13.710188874760135,84.51895476373188,0.033214964514507325,-0.15437419485245302,0.15790701663967663,False,167.8574242522006
2020-04-04 13:30:00,-145164.65766,594765.38422,1.1641532182693481e-10,13.716046716060768,84.5164733354637,0.031772609019771705,-0.14890891396075961,0.15226083981410382,False,167.95544710845348
2020-04-04 14:00:00,-145276.46777,595004.95578,0.0,13.720893996279703,84.51414935741768,0.032313648716766466,-0.14502615087563256,0.14858248998853238,False,167.43896388019618
2020-04-04 14:30:00,-145401.50385,595244.98681,1.1999816708318134e-10,13.726928377513344,84.51179320420863,0.03766722204763021,-0.14801442120419558,0.1527320807859256,False,165.72224019260807
2020-04-04 15:00:00,-145534.63962,595490.41058,1.1641532182693481e-10,13.733573326153381,84.50937279127056,0.038158611364378495,-0.15239997255217463,0.15710452334405034,False,165.94301684704163
2020-04-04 15:30:00,-145665.19861,595745.3283,1.1641532182693481e-10,13.739767913694793,84.50687511826155,0.03595471368789813,-0.1560739815574925,0.1601618842158996,False,167.02712001872044
2020-04-04 16:00:00,-145793.82292,596005.45594,5.820766091346741e-11,13.745665788477055,84.5043361341104,0.036112420458725016,-0.1574028844623199,0.16149233711989608,False,167.0784380691021
2020-04-04 16:30:00,-145926.12316,596264.85911,2.9103830456733704e-11,13.751907558785106,84.50179556381346,0.033883656659741926,-0.15908663790379232,0.1626550354221092,False,167.9763125146804
2020-04-04 17:00:00,-146048.45145,596532.75342,0.0,13.75705155579201,84.49920225124269,0.02715651119629084,-0.1623287323303542,0.16458460875894212,False,170.50274761831542
2020-04-04 17:30:00,-146160.0516,596809.22955,0.0,13.761028681912759,84.49655704745224,0.026348408788376826,-0.16411579627142325,0.1662174275805119,False,170.87912974251816
2020-04-04 18:00:00,-146281.12235,597084.0484,1.1999816708318134e-10,13.7658960802048,84.49390604255849,0.02780275217214856,-0.16207386216831665,0.16444126558288347,False,170.2660127593199
2020-04-04 18:30:00,-146396.10538,597352.1191,2.3283064365386963e-10,13.77035761424556,84.49132673787726,0.031237074905444473,-0.16294011706342548,0.16590731327247496,False,169.147559882979
2020-04-04 19:00:00,-146529.96891,597627.00554,0.0,13.776371341923708,84.48864775473612,0.03469413908469689,-0.1590782627923543,0.1628176187636388,False,167.6967444594934
2020-04-04 19:30:00,-146653.78565,597878.58372,0.0,13.781987889808798,84.48619308841988,0.036901317095006395,-0.14903325792629302,0.15353377208767846,False,166.09300328711458
2020-04-04 20:00:00,-146786.80305,598116.43109,1.1641532182693481e-10,13.788735183203936,84.48383824894736,0.043511400382791984,-0.142601521882877,0.14909203870959803,False,163.03170110283077
2020-04-04 20:30:00,-146928.2693,598339.82038,1.1999816708318134e-10,13.796560372867003,84.48159113660775,0.046359859898575814,-0.13906268382856904,0.14658672055619545,False,161.56296280205743
2020-04-04 21:00:00,-147068.27016,598562.81257,1.1641532182693481e-10,13.804255720842223,84.47935051030653,0.045658397224154615,-0.13518423166073276,0.14268659967488662,False,161.33763231961376
2020-04-04 21:30:00,-147204.01252,598773.20745,1.1641532182693481e-10,13.81184002036123,84.47722855625177,0.047490566417757354,-0.12747854622789875,0.13603725095376612,False,159.5677400511541
2020-04-04 22:00:00,-147343.85324,598967.65014,1.1641532182693481e-10,13.820142108648977,84.47523658806892,0.050296439223974386,-0.11946773179620673,0.12962357323859475,False,157.16869380235744
2020-04-04 22:30:00,-147482.57408,599147.58812,0.0,13.828659163860747,84.47337315736078,0.05147578763763391,-0.11488500786693277,0.12589011774361,False,155.86458665036866
2020-04-04 23:00:00,-147622.64975,599324.95499,0.0,13.837349676152039,84.47152907757584,0.05212323617709383,-0.11123066879657266,0.12283767105617863,False,154.8919815683633
2020-04-04 23:30:00,-147760.54157,599491.5194,0.0,13.846077527836956,84.46978357677575,0.05267747154126512,-0.1058568012586548,0.11823949585775109,False,153.54370559912644
2020-04-05 00:00:00,-147897.97714,599649.58266,0.0,13.854947631593477,84.46811291543735,0.05192698489831256,-0.10259466574291491,0.11498729146966642,False,153.15432785152677
2020-04-05 00:30:00,-148030.48387,599805.34941,1.3015628661377063e-10,13.86341962646664,84.46647269409438,0.04789294900406839,-0.10104177407123915,0.11181759553741813,False,154.6394426703946
2020-04-05 01:00:00,-148152.52685,599961.42491,2.346425826049686e-10,13.87093789819637,84.46485215157456,0.044826192382178054,-0.09885544321263733,0.10854393661670375,False,155.60799204636203
2020-04-05 01:30:00,-148272.46922,600112.16375,1.1999816708318134e-10,13.87838140202304,84.46328247231304,0.044993945646532335,-0.09656455291091134,0.10653247403363587,False,155.0169846005432
2020-04-05 02:00:00,-148393.16015,600260.05651,2.9103830456733704e-11,13.885951316433966,84.46173585567982,0.04568963208814293,-0.09427127236604847,0.10475979798502646,False,154.14233004915718
2020-04-05 02:30:00,-148513.59194,600402.14797,0.0,13.893622747069138,84.46024018245923,0.04710327472884858,-0.09007104981215541,0.10164404805223554,False,152.39237304201447
2020-04-05 03:00:00,-148635.63111,600534.10803,0.0,13.901659972251162,84.4588291083874,0.05264651029727725,-0.0849836465151716,0.09996937141693428,False,148.22220355326505
2020-04-05 03:30:00,-148771.07227,600653.5928,0.0,13.91117530467316,84.45749759528711,0.06174291310567744,-0.07849232974668217,0.09986607606107853,False,141.81102805956482
2020-04-05 04:00:00,-148919.32151,600754.95381,1.1641532182693481e-10,13.922240533894653,84.4562960003732,0.06809957443447053,-0.0722448135669255,0.09928174618466283,False,136.6918074284938
2020-04-05 04:30:00,-149071.60558,600847.04745,0.0,13.933869947962648,84.4551661200645,0.07013483082358625,-0.06958019422501568,0.09879422008925406,False,134.7725500938809
2020-04-05 05:00:00,-149224.69548,600937.27276,2.3283064365386963e-10,13.945608660412013,84.45405052447138,0.06926173458367862,-0.06883095141170817,0.09764674981678026,False,134.82126513509445
2020-04-05 05:30:00,-149373.31635,601027.44356,1.1641532182693481e-10,13.956942624282343,84.4529448324512,0.0691796042666961,-0.0659030257919423,0.09554593897717521,False,133.61050001449127
2020-04-05 06:00:00,-149523.61269,601107.45115,1.1641532182693481e-10,13.968649390148615,84.45192370995682,0.07451417602575765,-0.062305498170016294,0.09713051802091606,False,129.9008943851955
2020-04-05 06:30:00,-149687.77859,601180.35698,1.1641532182693481e-10,13.981755210044838,84.45093409345398,0.08390807844908311,-0.06198702408549132,0.10432141095668121,False,126.45510510081891
2020-04-05 07:00:00,-149870.649,601251.00922,2.3283064365386963e-10,13.996584928773922,84.44992323636832,0.0924570250402151,-0.05804141734460271,0.10916550557139058,False,122.11922282925173
2020-04-05 07:30:00,-150061.27903,601302.5991,2.9103830456733704e-11,14.012531974238913,84.44906096253672,0.09834865339827516,-0.05050582690002958,0.11055901671103,False,117.18224716438436
2020-04-05 08:00:00,-150258.19352,601341.69088,1.3015628661377063e-10,14.029317714315523,84.44829329781756,0.10265396465423178,-0.0489353097518809,0.11372115458323837,False,115.48721264691585
2020-04-05 08:30:00,-150462.51631,601383.92473,1.1999816708318134e-10,14.046692568957864,84.44748171303267,0.10712631225177238,-0.051786312455237266,0.11898684353480304,False,115.79975275924312
2020-04-05 09:00:00,-150677.56557,601428.94376,5.820766091346741e-11,14.064961324483969,84.44662203064583,0.1116737172565384,-0.05269872666487854,0.12348350059013091,False,115.26258246136581
2020-04-05 09:30:00,-150898.59429,601470.25168,0.0,14.08384373707456,84.44578100758406,0.11530610044020985,-0.049620950602964994,0.12552981931584883,False,113.28419517516727
2020-04-05 10:00:00,-151123.65926,601501.19798,0.0,14.1033153218821,84.44502065033694,0.11972969478106071,-0.04742383157095341,0.12877973292888953,False,111.60806321693894
2020-04-05 10:30:00,-151358.23009,601530.80263,2.9103830456733704e-11,14.123663341263994,84.44425052143798,0.12717032453367894,-0.04494497242178056,0.13487899016524343,False,109.46460157793086
2020-04-05 11:00:00,-151607.11552,601546.39529,1.3015628661377063e-10,14.145603965766094,84.44357013368153,0.1326532786669959,-0.041883560312556176,0.13910832097886594,False,107.52283918263367
2020-04-05 11:30:00,-151858.15033,601560.30404,2.9103830456733704e-11,14.167769734495764,84.44289885053881,0.13530786877191098,-0.03882451051683186,0.1407677589807704,False,106.01001752042168
2020-04-05 12:00:00,-152113.61752,601562.68661,2.9103830456733704e-11,14.190587843796463,84.44231716734947,0.14003757842201078,-0.03413682784676697,0.14413828910369592,False,103.69974742534839
2020-04-05 12:30:00,-152377.02913,601555.85881,5.820766091346741e-11,14.214321031660862,84.44179715318687,0.14243433713708992,-0.031934998559345416,0.1459704919792613,False,102.63721540236833
2020-04-05 13:00:00,-152638.91223,601548.22386,0.0,14.237931326822773,84.44128656803271,0.144352319210044,-0.03068847101269857,0.1475783666883994,False,102.00206525300916
2020-04-05 13:30:00,-152907.90678,601535.13173,2.3283064365386963e-10,14.262297638885528,84.44080674583492,0.14758137440785565,-0.030399539804913483,0.1506797733355814,False,101.6392723972462
2020-04-05 14:00:00,-153180.79107,601523.39907,1.1641532182693481e-10,14.28697671675828,84.44030550255668,0.14824576471460305,-0.03158096478034533,0.151572306482005,False,102.02601360904555
2020-04-05 14:30:00,-153453.14229,601513.60488,0.0,14.31155944375489,84.43978757025772,0.1477216799320208,-0.034292672431715146,0.15164986681315387,False,103.06936926968115
2020-04-05 15:00:00,-153726.60229,601511.56386,0.0,14.336059561241914,84.4391988140002,0.14723178794494235,-0.038682440624266914,0.15222854723774515,False,104.72071653038864
2020-04-05 15:30:00,-154001.15271,601517.28402,1.1641532182693481e-10,14.36047434019316,84.4385392150131,0.14499660042556411,-0.04148164140532963,0.15081359590120202,False,105.96513684454243
2020-04-05 16:00:00,-154269.31832,601526.76749,0.0,14.384226444181472,84.43786014615287,0.14077540571974015,-0.04567635897942402,0.1480001507606484,False,107.97630980223346
2020-04-05 16:30:00,-154532.90651,601550.66537,0.0,14.407232882781136,84.43706517732237,0.13766961429764343,-0.05133920981758139,0.14693072233387935,False,110.45129314794002
2020-04-05 17:00:00,-154795.3286,601582.4624,0.0,14.429947017572653,84.43620333815687,0.1333921531649653,-0.055514998237176316,0.1444831531883882,False,112.59604753197175
2020-04-05 17:30:00,-155047.77188,601624.54768,0.0,14.451526176139774,84.4352736388596,0.1282336269998649,-0.06009653705764719,0.14161729011622007,False,115.11008150638679
2020-04-05 18:00:00,-155296.3548,601676.75698,0.0,14.472520177756856,84.43426392185899,0.12470051076829909,-0.06374487931783089,0.14004865949061956,False,117.07538167859195
2020-04-05 18:30:00,-155539.79939,601734.55466,1.1999816708318134e-10,14.49291901654693,84.43321648198483,0.1179138512471019,-0.07054555239045146,0.13740579055482927,False,120.89125836544031
2020-04-05 19:00:00,-155770.89391,601816.40649,2.399963341663627e-10,14.511652640135667,84.43198732658387,0.11220726977921629,-0.06626538120466198,0.1303133613161175,False,120.56449655659713
2020-04-05 19:30:00,-155990.63481,601864.27975,0.0,14.530150800044021,84.43107796786295,0.11016931697841108,-0.0610683318279315,0.12596277051468804,False,119.00019184827579
2020-04-05 20:00:00,-156209.97523,601929.71573,2.9103830456733704e-11,14.548200728684458,84.43001653748114,0.1089734730271538,-0.0660989979668978,0.12745311042037294,False,121.2393432657621
2020-04-05 20:30:00,-156430.13403,601996.06178,2.9103830456733704e-11,14.566295663160476,84.42894481236952,0.11010888868836058,-0.06607202633471576,0.12841137033830435,False,120.96631734833846
2020-04-05 21:00:00,-156653.44774,602060.23697,2.9103830456733704e-11,14.584715189205703,84.4278842426952,0.11094511214810554,-0.06415191978352527,0.12815727338496077,False,120.0378386258372
2020-04-05 21:30:00,-156874.82126,602118.99275,2.9103830456733704e-11,14.603080639827223,84.42687449426815,0.11271171510408001,-0.06510672515226751,0.13016457421954794,False,120.01242203645415
2020-04-05 22:00:00,-157105.19529,602184.74822,0.0,14.622078562833048,84.42578308817379,0.11451822622180648,-0.06782945301049143,0.1330986808074795,False,120.63837300237594
2020-04-05 22:30:00,-157335.37727,602251.19682,2.9103830456733704e-11,14.641035822192343,84.424685491772,0.11533840133921161,-0.0690059857346794,0.134405256187025,False,120.89172466857559
2020-04-05 23:00:00,-157569.72235,602320.15157,2.9103830456733704e-11,14.66029790300116,84.42355610406113,0.11788570696991885,-0.06880175186236041,0.13649439903207528,False,120.26916009305967
2020-04-05 23:30:00,-157808.63549,602383.4118,2.9103830456733704e-11,14.680091552654408,84.4224650898659,0.12061578565653205,-0.06758376200408615,0.13825965657474867,False,119.26289948107751
2020-04-06 00:00:00,-158051.42247,602445.47072,2.9103830456733704e-11,14.700250206075438,84.42137501350584,0.12138982252584106,-0.06693764958863521,0.1386222851683888,False,118.87353699464126
2020-04-06 00:30:00,-158292.48474,602505.60448,2.9103830456733704e-11,14.720292557146756,84.42030486609481,0.12109677592536297,-0.06658228649755754,0.1381941750391832,False,118.80318652030343
2020-04-06 01:00:00,-158533.96902,602566.52489,1.1999816708318134e-10,14.740346349817193,84.41922625266109,0.12200735934621887,-0.06698691943619836,0.13918707953753864,False,118.76854669496953
2020-04-06 01:30:00,-158778.61448,602627.06441,0.0,14.760682363066625,84.41814303645478,0.12131277164853771,-0.06690139501598139,0.1385373062396358,False,118.87579449842082
2020-04-06 02:00:00,-159017.6454,602688.15163,1.1641532182693481e-10,14.780498627680311,84.41706720947576,0.11657095894886266,-0.06655645476598777,0.13423319314265902,False,119.72430498982476
2020-04-06 02:30:00,-159245.51043,602751.67814,2.9103830456733704e-11,14.799257854404983,84.41599514117112,0.10938713567427594,-0.06730700845086113,0.12843589388339516,False,121.60440508462767
2020-04-06 03:00:00,-159460.26846,602821.8308,0.0,14.816689879470752,84.41489509720992,0.10040045717231552,-0.06665485119879143,0.12051191222755944,False,123.57978292169304
2020-04-06 03:30:00,-159656.29745,602891.22624,0.0,14.832469593956665,84.41384408033204,0.09197678459848663,-0.06394441195294517,0.1120206084838159,False,124.80793012929672
2020-04-06 04:00:00,-159839.28128,602959.59638,0.0,14.847109300279131,84.41283149039016,0.0850960166614482,-0.06444723317163879,0.10674632506613542,False,127.13836693158527
2020-04-06 04:30:00,-160011.86555,603036.99197,2.9103830456733704e-11,14.860608030004746,84.41176424310208,0.07956330514228081,-0.06312172045843058,0.10156116934535533,False,128.426802200895
2020-04-06 05:00:00,-160174.40832,603105.77437,2.9103830456733704e-11,14.873413517052038,84.41079441785753,0.07485807886158816,-0.06044370410176729,0.09621420548125807,False,128.91893131408182
2020-04-06 05:30:00,-160328.17931,603178.12514,0.0,14.885352166078192,84.40981359835541,0.06894536037962741,-0.060137755971095136,0.09148777192125561,False,131.09664206181134
2020-04-06 06:00:00,-160469.89707,603251.24519,2.9103830456733704e-11,14.896199339857278,84.40885364885287,0.06455307998209474,-0.059026547935448134,0.0874713295677531,False,132.43941512981024
2020-04-06 06:30:00,-160607.38642,603323.73893,1.1641532182693481e-10,14.90668259335082,84.40790867529306,0.06608256660154316,-0.0591917639350324,0.08871623597959952,False,131.8515781065144
2020-04-06 07:00:00,-160754.60467,603395.96622,1.1999816708318134e-10,14.91803119234729,84.406943370301,0.06899560515519523,-0.059372965776269465,0.09102495589563155,False,130.71306741214698
2020-04-06 07:30:00,-160902.42409,603466.33418,5.820766091346741e-11,14.929473111643185,84.4059925623683,0.07244756745022322,-0.058854562074831966,0.0933408244364431,False,129.08953004038773
2020-04-06 08:00:00,-161061.19758,603533.49771,0.0,14.941957706989994,84.40504396723247,0.0800882392445587,-0.0594895707957802,0.09976540030872334,False,126.60497727078632
2020-04-06 08:30:00,-161236.21275,603598.91533,1.1641532182693481e-10,14.955918435562488,84.40407265312355,0.08646666470553771,-0.05902304128137752,0.10469099057418015,False,124.31785013593958
2020-04-06 09:00:00,-161416.76957,603658.44889,1.1641532182693481e-10,14.970504571406336,84.4031391312825,0.0902982643479345,-0.05916001308314127,0.10795222875071596,False,123.2313031947844
2020-04-06 09:30:00,-161605.2695,603720.68912,0.0,14.98572511986956,84.4021633949863,0.0934632544191672,-0.05907473404082016,0.110567645035135,False,122.2954960484717
2020-04-06 10:00:00,-161796.78573,603776.88184,0.0,15.001350901874858,84.4012326299573,0.09576062186192064,-0.056736619934793855,0.11130651706439745,False,120.64605566201288
2020-04-06 10:30:00,-161991.12788,603828.74732,0.0,15.01732438996469,84.40033235099456,0.09833445002162813,-0.05508418359338952,0.11271171786112713,False,119.25631824224166
2020-04-06 11:00:00,-162190.08216,603876.68599,0.0,15.033794233709571,84.39945490916371,0.09994406749678325,-0.05362764687956917,0.11342284222166772,False,118.21696542088063
2020-04-06 11:30:00,-162388.68916,603921.87129,1.1641532182693481e-10,15.050293698085182,84.3986016485648,0.09873238412975777,-0.05216217224243358,0.11166456863748389,False,117.84833474299194
2020-04-06 12:00:00,-162582.08788,603965.73341,1.1641532182693481e-10,15.066358944206845,84.3977715136026,0.09649269561150703,-0.05114575076457997,0.10920956060550505,False,117.92573232353647
2020-04-06 12:30:00,-162771.98297,604009.3713,0.0,15.082114928182484,84.39695105123877,0.09387302919419821,-0.04959497232304168,0.10616876607467028,False,117.84837698548625
2020-04-06 13:00:00,-162954.84713,604050.19144,0.0,15.09731185527523,84.39617096969472,0.09094700794936529,-0.04926036762224321,0.103430856484999,False,118.44166462800285
2020-04-06 13:30:00,-163134.28076,604095.31105,2.9103830456733704e-11,15.112098660244428,84.39536130102479,0.08774774012206245,-0.050097817775914946,0.10104185886273959,False,119.72334252384934
2020-04-06 14:00:00,-163306.83401,604141.95092,2.9103830456733704e-11,15.126236786073608,84.39455419771471,0.0838526242077281,-0.05019518167644359,0.09772829094000185,False,120.90524260508192
2020-04-06 14:30:00,-163472.84515,604190.98114,0.0,15.13973562153071,84.39374138532102,0.08023552467723852,-0.05178606671002131,0.0954962623641707,False,122.83923608590334
2020-04-06 15:00:00,-163634.34712,604246.47054,1.1641532182693481e-10,15.152677658394461,84.39288293680465,0.0745844917719477,-0.056653544409260244,0.09366146756810806,False,127.21989683565073
2020-04-06 15:30:00,-163785.32579,604317.65816,1.1641532182693481e-10,15.164310480793095,84.39191305219052,0.06543979075398633,-0.05809310853480017,0.08750528825826236,False,131.5965449140798
2020-04-06 16:00:00,-163916.43453,604386.69781,0.0,15.174236139323465,84.39100814831843,0.05580703418257552,-0.05914306666103124,0.08131621854418919,False,136.66234691588778
2020-04-06 16:30:00,-164034.95803,604470.56175,0.0,15.18269232182298,84.39000436952037,0.0472199788763681,-0.0633010447343004,0.07897308826137261,False,143.27857363667437
2020-04-06 17:00:00,-164140.17522,604562.10695,1.1641532182693481e-10,15.189786901454859,84.38896527061934,0.039468575397834445,-0.06568276067689367,0.07662893379182978,False,148.99846748853372
2020-04-06 17:30:00,-164234.03688,604661.52941,2.3283064365386963e-10,15.195687952045983,84.38788462155509,0.03290406640937083,-0.06784767234358981,0.07540546550957303,False,154.1280194957239
2020-04-06 18:00:00,-164318.51063,604766.76969,0.0,15.2006189966866,84.38677564970945,0.02736294618901705,-0.07057099087811554,0.07569012866723182,False,158.80687202487627
2020-04-06 18:30:00,-164395.71037,604880.86811,0.0,15.204694110750026,84.38560710813657,0.024136357679635696,-0.07497248610796974,0.07876190345115476,False,162.1547532994369
2020-04-06 19:00:00,-164473.14635,605004.43404,0.0,15.208561389186976,84.38435608143014,0.019768823128482417,-0.074100193774787,0.07669188409047076,False,165.0622510156635
2020-04-06 19:30:00,-164534.36588,605119.61645,2.9103830456733704e-11,15.21119819631274,84.38321569530949,0.01418630273509524,-0.0706305252361984,0.07204111520814367,False,168.6431207908642
2020-04-06 20:00:00,-164589.14256,605236.39583,0.0,15.213227728345096,84.38207663879015,0.010175783868518036,-0.0691007316403523,0.06984595686631244,False,171.6228234213474
2020-04-06 20:30:00,-164634.99323,605350.04854,1.1999816708318134e-10,15.214544733432092,84.38098562186364,0.010962061346358246,-0.06974194768146452,0.07059820150234321,False,171.06731542182177
2020-04-06 21:00:00,-164693.11239,605468.31023,1.1999816708318134e-10,15.2168317675263,84.37982586526077,0.01158992285174093,-0.06982996633198603,0.07078524217402671,False,170.57632511275034
2020-04-06 21:30:00,-164741.23654,605581.67128,1.1641532182693481e-10,15.218354815260437,84.37873201207191,0.010370188273951315,-0.06666374945538506,0.0674655193138506,False,171.1579574445803
2020-04-06 22:00:00,-164792.13274,605690.08412,2.9103830456733704e-11,15.220239994758321,84.37767443366802,0.013279870624651418,-0.06468539891771906,0.06603450459382526,False,168.39841474363084
2020-04-06 22:30:00,-164848.50187,605793.8197,1.1999816708318134e-10,15.222718482746044,84.37664442534137,0.0183123935366197,-0.06378870709328827,0.06636522364667624,False,163.98234303627817
2020-04-06 23:00:00,-164916.04104,605894.35604,0.0,15.226256154934969,84.37561578153151,0.02408930811241005,-0.06048288460328228,0.06510356438221018,False,158.28344555882194
2020-04-06 23:30:00,-164989.36406,605981.13886,1.1999816708318134e-10,15.230631265867064,84.37469246058555,0.02979443310414743,-0.05580254644875023,0.06325845741213142,False,151.90108007870373
2020-04-07 00:00:00,-165072.30822,606060.01148,1.1641532182693481e-10,15.236041297516426,84.3738148611376,0.03382242608362264,-0.050897209451211116,0.061110411846939564,False,146.3950012961409
2020-04-07 00:30:00,-165154.9972,606125.93028,5.820766091346741e-11,15.241737770174742,84.37304985510382,0.0362535491868,-0.044209234108766024,0.05717321233867666,False,140.64671517736542
2020-04-07 01:00:00,-165240.07037,606179.25577,0.0,15.247944479702152,84.37238809331389,0.03826077757504863,-0.03788993060409612,0.053847320656004456,False,134.72097700968345
2020-04-07 01:30:00,-165323.76087,606221.30734,2.3283064365386963e-10,15.254298562094306,84.37182703312169,0.03731897171949321,-0.03286538812655618,0.04972765213550217,False,131.36913583115376
2020-04-07 02:00:00,-165400.81446,606258.05511,0.0,15.260194877952449,84.37132743432817,0.036572048309608994,-0.028260306963324128,0.046218607369994176,False,127.69432660718485
2020-04-07 02:30:00,-165477.5555,606284.80412,2.9103830456733704e-11,15.266302677174645,84.37091498660284,0.037565869255259225,-0.02271623075770378,0.04390013294672896,False,121.16152059557083
2020-04-07 03:00:00,-165552.81213,606301.33907,1.1999816708318134e-10,15.272524309390718,84.3705943125079,0.03613069866792651,-0.019088443224425,0.04086313804597737,False,117.84823154847817
2020-04-07 03:30:00,-165621.13357,606316.83371,2.399963341663627e-10,15.278160367939611,84.37029895138407,0.033545211902828165,-0.018286095169179485,0.038205529941906756,False,118.59559161516978
2020-04-07 04:00:00,-165686.65343,606333.02081,1.1641532182693481e-10,15.283532855171755,84.3700041679093,0.028214164988478417,-0.01842924113282258,0.0336997927994936,False,123.15221157739438
2020-04-07 04:30:00,-165736.60066,606354.05887,0.0,15.287418999609264,84.36970419627556,0.018513816374478156,-0.018553225541440614,0.02621037151090117,False,135.06091605840624
2020-04-07 05:00:00,-165768.55515,606379.87607,2.9103830456733704e-11,15.289607983414927,84.36940540840921,0.012293605562355203,-0.021125288341567253,0.02444198325089697,False,149.80325345505258
2020-04-07 05:30:00,-165799.34569,606415.74762,0.0,15.291452742866618,84.36902242081382,0.007400295757090498,-0.025076510402281958,0.026145664100346865,False,163.55821281869487
2020-04-07 06:00:00,-165818.0613,606459.92944,2.9103830456733704e-11,15.292036069467004,84.3685961164178,0.0023146979133194783,-0.027444308536336937,0.027541748264545265,False,175.17898998503978
2020-04-07 06:30:00,-165833.44085,606508.85133,0.0,15.292212157499678,84.36813671029897,-0.0009092780853754345,-0.029124018538025695,0.02913820932109261,False,181.78824495567454
2020-04-07 07:00:00,-165842.55621,606561.92697,5.820766091346741e-11,15.291737840948697,84.36765619595509,-0.002976101396778767,-0.027708680784442018,0.027868049273998618,False,186.1304556785106
2020-04-07 07:30:00,-165849.414,606607.89657,0.0,15.291235944643532,84.36724246703507,-0.00329005781192215,-0.026901115088293792,0.02710155850499041,False,186.97275538710153
2020-04-07 08:00:00,-165856.67155,606658.46611,2.9103830456733704e-11,15.290658737814029,84.36678801505272,-0.0032590377339576145,-0.030217409826999112,0.030392650157631568,False,186.155725874967
2020-04-07 08:30:00,-165866.7845,606715.92244,1.1641532182693481e-10,15.290167091197281,84.36626725914839,-0.0026781634674606395,-0.03164879426955157,0.031761907031455795,False,184.836922394652
2020-04-07 09:00:00,-165877.41713,606770.91126,1.1641532182693481e-10,15.289780462313328,84.3657666117995,-0.0002843232481411712,-0.030032861081488477,0.030034206905617113,False,180.54240704660606
2020-04-07 09:30:00,-165894.30807,606820.48375,2.399963341663627e-10,15.29007380113544,84.36529800675144,0.0023110369816892297,-0.029446803642590554,0.02953735155182366,False,175.5125246535914
2020-04-07 10:00:00,-165913.39744,606870.97342,1.3015628661377063e-10,15.290538187445513,84.36481627288947,0.005380909510947418,-0.027650981950141734,0.02816968210633674,False,168.98781467411436
2020-04-07 10:30:00,-165939.24462,606911.39507,2.9103830456733704e-11,15.291837882548254,84.36440562318664,0.008833213768397252,-0.024801281004575813,0.026327347092826043,False,160.39615620881943
2020-04-07 11:00:00,-165967.61868,606948.71023,1.3015628661377063e-10,15.293433938602961,84.36401585831231,0.010454718611762268,-0.024175553732175514,0.026339296488487193,False,156.6139301714722
2020-04-07 11:30:00,-165998.50457,606985.41783,1.1641532182693481e-10,15.295264969321027,84.36362540265904,0.011011094764665294,-0.024283410144702738,0.026663237166036146,False,155.60850997377173
2020-04-07 12:00:00,-166028.91543,607022.57726,0.0,15.297043177362184,84.36323215763818,0.011614162777864766,-0.02478824151219828,0.02737417933560401,False,154.8952577599789
2020-04-07 12:30:00,-166062.37721,607060.46319,0.0,15.29907159234562,84.36282540838323,0.012263374494678111,-0.02437413542844783,0.02728532264571994,False,153.29163036872995
2020-04-07 13:00:00,-166094.65171,607095.56573,2.9103830456733704e-11,15.301062330034801,84.36244552865779,0.011915754383811799,-0.024182501484072236,0.026958831216551026,False,153.76855733934372
2020-04-07 13:30:00,-166126.7269,607133.11419,1.1641532182693481e-10,15.30297654066318,84.36204496400634,0.010184679154845073,-0.02172417296225721,0.023993069423923298,False,154.88197995162932
2020-04-07 14:00:00,-166150.6572,607161.32312,1.1999816708318134e-10,15.304399807140129,84.36174442323905,0.008017926918034993,-0.017408623627766844,0.01916630712151384,False,155.27051984758117
2020-04-07 14:30:00,-166171.10966,607185.94403,1.1641532182693481e-10,15.305603814876182,84.361483133827,0.006964827596732188,-0.013637536071856042,0.015313105941100812,False,152.9461393683565
2020-04-07 15:00:00,-166187.80078,607202.05837,1.1641532182693481e-10,15.306681905530578,84.36130429754013,0.00537304597812412,-0.009641431517693465,0.011037518960047529,False,150.8696374985784
2020-04-07 15:30:00,-166198.92918,607214.31567,1.1999816708318134e-10,15.307364295146899,84.3611719752449,0.002443776592555597,-0.008750500825473784,0.009085334816666913,False,164.39639889723844
2020-04-07 16:00:00,-166204.60265,607230.12006,2.3283064365386963e-10,15.307482595548999,84.36102189184872,-0.00014361689298830489,-0.0083739142839803,0.008375145744845335,False,180.98255545824122
2020-04-07 16:30:00,-166206.38904,607243.52876,1.3015628661377063e-10,15.307317248531408,84.3609017227656,0.0011273451118627292,-0.008632410756964307,0.008705712060377018,False,172.55959582905177
2020-04-07 17:00:00,-166216.72124,607259.02284,1.1999816708318134e-10,15.30785192185743,84.36074329664703,0.0017097819391493274,-0.01263525501597633,0.012750412683446613,False,172.29363900152094
2020-04-07 17:30:00,-166224.33466,607285.77685,0.0,15.307877411563004,84.36049394365322,-0.002800727116937192,-0.017719861740102958,0.01793983200790665,False,188.98163077102072
2020-04-07 18:00:00,-166223.83766,607323.21296,1.1641532182693481e-10,15.306934458920635,84.3601714202357,-0.006559144207931296,-0.02376509446091679,0.02465364247888609,False,195.4294560688484
2020-04-07 18:30:00,-166224.14487,607374.52976,2.399963341663627e-10,15.305728800356833,84.35972696873134,-0.008603334764718942,-0.03077231670152596,0.031952352718584515,False,195.6199473397608
2020-04-07 19:00:00,-166223.20683,607438.2397,2.9103830456733704e-11,15.304116451959956,84.35917829948464,-0.010913730010294198,-0.03679852871397004,0.038382824521528816,False,196.5193353769079
2020-04-07 19:30:00,-166221.21439,607512.67685,0.0,15.302154361949523,84.3585393627137,-0.01060768316650001,-0.04173878063876771,0.043065633065961284,False,194.25952069052292
2020-04-07 20:00:00,-166226.02793,607593.25031,2.9103830456733704e-11,15.300642546456249,84.3578312579348,-0.009332624724434314,-0.04613121394749558,0.04706577083737962,False,191.43692232912906
2020-04-07 20:30:00,-166232.63164,607681.72852,0.0,15.299098460443544,84.35705056148232,-0.008504012167279995,-0.04806047613126306,0.048807044459841575,False,190.03428213461797
2020-04-07 21:00:00,-166242.1505,607768.21441,0.0,15.297858287090701,84.3562801935505,-0.007870161648875818,-0.04582502370876286,0.04649593791169412,False,189.74512077020222
2020-04-07 21:30:00,-166248.82817,607848.32845,1.3015628661377063e-10,15.296522118008276,84.35557164083745,-0.005647345412236777,-0.04431422418366376,0.04467261997247443,False,187.2625501969007
2020-04-07 22:00:00,-166264.62694,607927.45744,0.0,15.296009727093944,84.35485003227745,-0.0004285594759398416,-0.044369169463612225,0.04437123913206794,False,180.55339971359456
2020-04-07 22:30:00,-166289.47746,608002.80619,2.9103830456733704e-11,15.296381749995206,84.35413970462805,0.004102240270720411,-0.04334037105974287,0.043534080199711556,False,174.5929651586386
2020-04-07 23:00:00,-166320.03321,608074.05944,2.9103830456733704e-11,15.297352037995392,84.35345129745699,0.010267223386442703,-0.041855155226847365,0.04309605428726166,False,166.21728643488706
2020-04-07 23:30:00,-166364.88318,608138.39452,2.9103830456733704e-11,15.299740938108425,84.35278889868995,0.016277160485546956,-0.039453134641992495,0.04267898530367656,False,157.58044902923558
2020-04-08 00:00:00,-166414.03181,608195.59482,2.9103830456733704e-11,15.302677127720939,84.3521780137344,0.019132539156874954,-0.035989036867573765,0.04075861662575089,False,152.00393603811824
2020-04-08 00:30:00,-166465.51166,608245.18357,2.9103830456733704e-11,15.305999529092977,84.35162741279018,0.022151677389692852,-0.03289057607383143,0.03965459375211808,False,146.03988405432813
2020-04-08 01:00:00,-166522.20537,608288.75012,2.9103830456733704e-11,15.30992260268538,84.35111652334531,0.02504577855834523,-0.02888827120185545,0.03823379704692716,False,139.07511122764936
2020-04-08 01:30:00,-166579.93625,608321.68352,0.0,15.314190951368374,84.35069509099183,0.026101594212818227,-0.026117453761991816,0.036924444633066676,False,135.01740141270147
2020-04-08 05:00:00,-167029.04961,608407.74318,0.0,15.351464048563761,84.34888640933298,0.03482489546795485,-0.013824188401446974,0.03746840708267011,False,111.65123694527199
2020-04-08 05:30:00,-167096.08548,608415.14374,0.0,15.35715643371475,84.34866330519554,0.03230766854586083,-0.015544143219017405,0.035852556886260295,False,115.69353779108849
2020-04-08 06:00:00,-167156.02419,608430.90167,1.1641532182693481e-10,15.362025885103106,84.34838475569168,0.029143203815471613,-0.020097255659880138,0.03540093238445428,False,124.59028270387182
2020-04-08 06:30:00,-167216.41929,608457.11496,1.1641532182693481e-10,15.366683241426134,84.34801470165716,0.02933344320686565,-0.02137183822422952,0.03629333767309161,False,126.07643211265582
2020-04-08 07:00:00,-167278.23772,608477.10608,0.0,15.37161434542051,84.34769501303653,0.03008562508841084,-0.023871305461435996,0.038405521235801494,False,128.43008590600232
2020-04-08 07:30:00,-167343.63298,608511.26725,2.9103830456733704e-11,15.376516879204548,84.34724429522676,0.031035687032540227,-0.02783210068220525,0.041687404548210905,False,131.88503497714612
2020-04-08 08:00:00,-167412.53473,608544.08903,0.0,15.381757799058015,84.34679677516897,0.03383070478134466,-0.028731269693351037,0.04438470957654864,False,130.34011490290698
2020-04-08 08:30:00,-167488.49637,608578.69002,0.0,15.387572907003996,84.34631703545551,0.037388176997700015,-0.030673335721887095,0.04836041049783324,False,129.36552276852507
2020-04-08 09:00:00,-167571.60793,608614.83964,0.0,15.393975391543941,84.34580683748672,0.03734929948320551,-0.03090053786691551,0.04847487403130466,False,129.60228609802863
2020-04-08 09:30:00,-167647.65966,608650.24859,0.0,15.399776856960473,84.34531977748013,0.03793884129258121,-0.03219758756706642,0.04975982640406391,False,130.3202948621323
2020-04-08 10:00:00,-167734.06458,608690.32023,1.1641532182693481e-10,15.406370685443406,84.34476770430898,0.043235451530944075,-0.03384330289988208,0.05490604174640329,False,128.0526820589315
2020-04-08 10:30:00,-167830.08155,608726.35655,1.1999816708318134e-10,15.413901358283875,84.34422752831539,0.04817690707914077,-0.03433161703754922,0.0591580451344118,False,125.4742662764125
2020-04-08 11:00:00,-167934.11309,608763.37071,2.9103830456733704e-11,15.422107978495758,84.34365969754202,0.053688825324184855,-0.03713628003282587,0.06528087973800058,False,124.67140729832488
2020-04-08 11:30:00,-168051.95396,608803.83482,1.1641532182693481e-10,15.43143729578903,84.34302899743753,0.05801399404192736,-0.03995157372338212,0.07043970292151734,False,124.55339993835815
2020-04-08 12:00:00,-168173.70418,608846.43943,1.1999816708318134e-10,15.44105465339084,84.34237031947274,0.06094779065324253,-0.041810611629738606,0.07391048931216943,False,124.4503955988119
2020-04-08 12:30:00,-168303.5213,608890.50228,0.0,15.451339745931604,84.34167961471022,0.06518055104470304,-0.04308827613980733,0.07813516350012603,False,123.46710878129556
2020-04-08 13:00:00,-168441.19969,608933.43539,2.9103830456733704e-11,15.46233675255662,84.34097970009702,0.06571273078445952,-0.04460885004865699,0.0794236267732368,False,124.17048026176258
2020-04-08 13:30:00,-168574.33942,608982.21206,2.3283064365386963e-10,15.472793054545017,84.34023994380014,0.06513142226128933,-0.043967200464141806,0.07858254820526252,False,124.02145935451563
2020-04-08 14:00:00,-168709.40143,609023.42782,2.3283064365386963e-10,15.483597580584103,84.33956072057431,0.06479161990264272,-0.04214609166501662,0.07729325360110358,False,123.04346949744945
2020-04-08 14:30:00,-168839.62903,609066.16243,1.1641532182693481e-10,15.493940407912381,84.33887975209923,0.06207134941637235,-0.04334877948473999,0.07570976886232055,False,124.92929985788084
2020-04-08 15:00:00,-168966.42572,609114.11869,1.1641532182693481e-10,15.50385456600347,84.33816171259372,0.06021274061801264,-0.044609836212348805,0.07493738465962538,False,126.53365133625533
2020-04-08 15:30:00,-169091.43499,609162.97196,2.9103830456733704e-11,15.513588375990535,84.33744004053915,0.05790249955404919,-0.0449736992235681,0.07331666302048012,False,127.83699815093269
2020-04-08 16:00:00,-169210.58462,609214.37211,5.820766091346741e-11,15.522746319674008,84.33671026375278,0.054730089467502574,-0.045842245310893925,0.07139253566210554,False,129.94973967513909
2020-04-08 16:30:00,-169325.4426,609269.25548,2.9103830456733704e-11,15.531442745523751,84.33596055790233,0.05167902410620053,-0.04732432340244738,0.07007362640871874,False,132.4814462685154
2020-04-08 17:00:00,-169435.45428,609328.70187,2.399963341663627e-10,15.539603126786714,84.33518294942044,0.0479576830321522,-0.04984656704587015,0.06917094482563331,False,136.1064102975006
2020-04-08 17:30:00,-169539.85402,609395.89044,5.820766091346741e-11,15.54708356404241,84.33435184269995,0.042616083049370014,-0.052854024627195184,0.06789461284787592,False,141.12084437688412
2020-04-08 18:00:00,-169634.258,609470.89369,2.9103830456733704e-11,15.553499896529175,84.3334771758972,0.03717993418549323,-0.056040147780506255,0.06725210531499061,False,146.4376455922902
2020-04-08 18:30:00,-169722.89573,609554.35751,5.820766091346741e-11,15.55920573546234,84.33254323564128,0.032544128919924475,-0.05897588682407145,0.06735930191029557,False,151.10916666052782
2020-04-08 19:00:00,-169804.07305,609644.00042,2.9103830456733704e-11,15.564108917578533,84.3315738212192,0.027378381345200098,-0.06194025873237511,0.06772127743122372,False,156.15396233775186
2020-04-08 19:30:00,-169877.67423,609742.71992,1.1999816708318134e-10,15.568129278538404,84.33054420865487,0.0233382832395342,-0.06562536312066808,0.06965173184701343,False,160.4231377176954
2020-04-08 20:00:00,-169948.4145,609849.0351,0.0,15.571714225120864,84.32945585776682,0.01965231386993232,-0.06841396913010683,0.0711806477392384,False,163.97297752702804
2020-04-08 20:30:00,-170011.94098,609960.97819,2.399963341663627e-10,15.574532297772821,84.32833624714127,0.016356575075189703,-0.0718488556665607,0.07368714683569033,False,167.17504236707185
2020-04-08 21:00:00,-170074.58303,610082.38388,1.1999816708318134e-10,15.577042308145325,84.32713703600213,0.012023919654220467,-0.07311592375876463,0.07409799559332648,False,170.66129052330456
2020-04-08 21:30:00,-170124.31997,610202.90382,2.399963341663627e-10,15.57844843388335,84.3259765335572,0.009170256860903225,-0.07465615821959183,0.07521725580612251,False,172.99725304362107
2020-04-08 22:00:00,-170178.56128,610332.40684,1.1999816708318134e-10,15.580028163732722,84.32472760787503,0.009311452669200224,-0.07744350050655095,0.07800127512751899,False,173.1439292368089
2020-04-08 22:30:00,-170231.48983,610462.45312,1.1999816708318134e-10,15.581479685305332,84.32347714706184,0.008977474842165285,-0.07681639910213144,0.07733921531512748,False,173.33412399605106
2020-04-08 23:00:00,-170283.97318,610590.10178,2.399963341663627e-10,15.58295002344744,84.32224845843147,0.00797931798260804,-0.07563384768181715,0.07605358920277129,False,173.9776127022028
2020-04-08 23:30:00,-170332.30344,610717.00995,0.0,15.58407619407748,84.32103616234399,0.006793400281416645,-0.07206333708756851,0.07238283525519071,False,174.6146504391101
2020-04-09 00:00:00,-170377.22623,610833.42229,5.820766091346741e-11,15.585160119117365,84.31992270540077,0.008208791674992555,-0.06790798138757842,0.06840232596117711,False,173.10746496056908
2020-04-09 00:30:00,-170426.45004,610944.55045,5.820766091346741e-11,15.586746113576366,84.31884451575053,0.010549132812594016,-0.0647239978560542,0.06557804588098258,False,170.74296294171052
2020-04-09 01:00:00,-170476.41462,611047.65554,1.1999816708318134e-10,15.588590673399093,84.31783381726054,0.012357086560383042,-0.06199942624147987,0.06321887726410128,False,168.72810307337966
2020-04-09 01:30:00,-170529.27874,611147.58379,2.346425826049686e-10,15.590763877393144,84.31684355846194,0.01134404366184766,-0.06070409293207114,0.061754953042710954,False,169.414973053504
2020-04-09 02:00:00,-170574.48495,611247.17353,0.0,15.592278582685834,84.31587466762119,0.00940018127916191,-0.06074018961535787,0.061463273933225634,False,171.20266866425203
2020-04-09 02:30:00,-170620.6489,611349.10532,2.9103830456733704e-11,15.593819213099412,84.31488324076429,0.009432335689045489,-0.06120695494545654,0.061929478362456665,False,171.23931576509597
2020-04-09 03:00:00,-170666.42373,611450.27999,2.346425826049686e-10,15.595343850694162,84.31389928483412,0.009446239774091224,-0.06040594973379718,0.06114008676074687,False,171.1121095394925
2020-04-09 03:30:00,-170711.86606,611549.41842,2.9103830456733704e-11,15.596888465577234,84.31293370849433,0.008718856139739365,-0.05935889065895754,0.05999580279192493,False,171.64393305562328
2020-04-09 04:00:00,-170754.11066,611647.66407,1.1641532182693481e-10,15.598176328269004,84.31198354500202,0.006168432401113548,-0.059820856658840564,0.06013804494398414,False,174.11274812732466
2020-04-09 04:30:00,-170791.16123,611750.87117,1.1999816708318134e-10,15.598892115967672,84.31100305872071,0.0032204085970320984,-0.05825091064496721,0.058339863065487156,False,176.83561723905382
2020-04-09 05:00:00,-170821.66658,611846.52601,2.3283064365386963e-10,15.599222235054135,84.31010356200956,-0.0010237023265945808,-0.05713052799928995,0.05713969894855177,False,181.02655355315812
2020-04-09 05:30:00,-170842.91767,611949.95648,1.1641532182693481e-10,15.598559880578902,84.30915923336477,-0.005940254070516047,-0.060091332139200045,0.06038422655533429,False,185.6455612636114
2020-04-09 06:00:00,-170859.23915,612060.63758,2.9103830456733704e-11,15.597293858643335,84.30816417836573,-0.01111697985984204,-0.06393541462049265,0.06489471845919696,False,189.86387354909658
2020-04-09 06:30:00,-170866.25644,612182.40877,0.0,15.594951630995416,84.30709578279065,-0.01779025815043056,-0.06964743676310846,0.07188364718578318,False,194.3288472131067
2020-04-09 07:00:00,-170864.95715,612319.35553,2.9103830456733704e-11,15.591520660937688,84.30591637514647,-0.022407267702562343,-0.0729404819456915,0.07630464961169824,False,197.07692308386356
2020-04-09 07:30:00,-170859.13568,612457.0132,2.9103830456733704e-11,15.587681391341237,84.3047417016408,-0.026463667518722717,-0.07581192454616632,0.08029802987580154,False,199.24256179891321
2020-04-09 08:00:00,-170846.52978,612607.8405,0.0,15.582936227024003,84.30346961557497,-0.031294587559653766,-0.08064358412768194,0.08650282580059077,False,201.20926465082314
2020-04-09 08:30:00,-170828.60496,612766.92314,2.9103830456733704e-11,15.577532027137597,84.30213900457798,-0.03572107750837645,-0.08518298823839043,0.09236956676081794,False,202.75050683188232
2020-04-09 09:00:00,-170805.00828,612937.76846,0.0,15.571354024995504,84.30072041005711,-0.03730244156682791,-0.09031521353655785,0.09771545396200466,False,202.44184920142698
2020-04-09 09:30:00,-170786.52359,613116.1727,0.0,15.565439818377055,84.29922417012412,-0.038751892106895,-0.0925127039977643,0.10030109442494825,False,202.72792498675994
2020-04-09 10:00:00,-170759.98703,613296.0347,0.0,15.558795414983043,84.29773464091853,-0.04138096426041379,-0.0921417193226728,0.10100732964918861,False,204.18490950031543
2020-04-09 10:30:00,-170731.98473,613475.68579,8.731149137020111e-11,15.55203251423271,84.29625037867527,-0.04125127593830911,-0.09048998273453375,0.09944900573577765,False,204.50661348550284
2020-04-09 11:00:00,-170704.26125,613649.68763,5.820766091346741e-11,15.545433481601734,84.29481415904264,-0.040231968030236584,-0.08652144488190674,0.09541787922626872,False,204.93815332222295
2020-04-09 11:30:00,-170675.92461,613814.58476,5.820766091346741e-11,15.539003991234143,84.29345797598764,-0.03709757369034537,-0.08136999626403435,0.08942765939976048,False,204.5088208825477
2020-04-09 12:00:00,-170654.06632,613967.69008,1.1641532182693481e-10,15.533422674723552,84.29218802016649,-0.032651261268847515,-0.07995750967880393,0.08636728672641375,False,202.21302513020248
2020-04-09 12:30:00,-170639.75902,614123.39649,8.731149137020111e-11,15.528435238796016,84.29087741890581,-0.029416922653660943,-0.076615968879845,0.08206925140275649,False,201.00443704417302
2020-04-09 13:00:00,-170625.87194,614261.79103,8.731149137020111e-11,15.523902880753768,84.28971530545007,-0.027452921742279687,-0.06919128492118204,0.07443854392202957,False,201.6416182226344
2020-04-09 13:30:00,-170611.20012,614389.84912,0.0,15.519552934678673,84.28864432625573,-0.023359399893066745,-0.06345593646614762,0.06761891330212258,False,200.20967082044464
2020-04-09 14:00:00,-170605.96765,614504.404,1.1999816708318134e-10,15.516346262021708,84.28766732172367,-0.018214025188009353,-0.05649701742436909,0.05936045561987293,False,197.868758063644
2020-04-09 14:30:00,-170602.42873,614603.36667,1.1999816708318134e-10,15.513661876616593,84.28682093059372,-0.014260686719203127,-0.049488845719254854,0.051502553687438314,False,196.07484498473414
2020-04-09 15:00:00,-170604.15169,614689.8043,1.1999816708318134e-10,15.511734509351037,84.28607010919553,-0.011792647335643211,-0.044687767609698656,0.04621756273454157,False,194.78277637952823
2020-04-09 15:30:00,-170604.54552,614769.73643,1.1641532182693481e-10,15.509848856224899,84.28537866585582,-0.012675123204621068,-0.038855456397590166,0.04087059138448273,False,198.06695697691444
2020-04-09 16:00:00,-170597.58728,614836.79192,2.9103830456733704e-11,15.507636662277328,84.28481607632635,-0.013189163418071324,-0.03441933337405463,0.0368597957344164,False,200.96636050976116
2020-04-09 16:30:00,-170591.9224,614901.82992,1.1999816708318134e-10,15.505585229971736,84.28426780708205,-0.011957258393814809,-0.03551478721591631,0.037473672615427854,False,198.60755272386552
2020-04-09 17:00:00,-170590.28714,614971.49948,2.346425826049686e-10,15.50377165311683,84.28366986245418,-0.014196071307391313,-0.04023028505029258,0.04266150812843275,False,199.43642181738468
2020-04-09 17:30:00,-170581.3892,615055.04972,0.0,15.500997195289544,84.28296939882313,-0.020496075137555688,-0.04487160080122602,0.04933102121899481,False,204.5495766598067
2020-04-09 18:00:00,-170562.35697,615146.88109,2.9103830456733704e-11,15.497148274826511,84.28222165614311,-0.02259088311537435,-0.05387890630360635,0.058423321922031264,False,202.7478137158846
2020-04-09 18:30:00,-170554.84411,615263.69182,2.9103830456733704e-11,15.493697741039156,84.28123049595531,-0.02545479953783178,-0.06157646678021237,0.06663038406497293,False,202.45947667597028
2020-04-09 19:00:00,-170533.26645,615384.97994,8.731149137020111e-11,15.488924996758762,84.2802343068658,-0.03231133805169942,-0.0657900719685333,0.07329635827458271,False,206.15694134668001
2020-04-09 19:30:00,-170505.99758,615522.99811,2.9103830456733704e-11,15.483261234974162,84.27910715566162,-0.03671099976292935,-0.07478936394320297,0.08331354309248087,False,206.14450837924576
2020-04-09 20:00:00,-170477.77904,615679.73137,0.0,15.477069694767863,84.27782052157292,-0.041450452142244326,-0.0795669738011822,0.0897164606004634,False,207.51728155293114
2020-04-09 20:30:00,-170438.62471,615838.87229,1.1999816708318134e-10,15.4698783065137,84.27653916832952,-0.044468718186464806,-0.08519204507167662,0.096099695320234,False,207.56375062276857
2020-04-09 21:00:00,-170405.29581,616018.01194,0.0,15.462715476591567,84.27507099873155,-0.049495286209920976,-0.08910968966797118,0.10193291985283323,False,209.0496428906182
2020-04-09 21:30:00,-170352.41869,616195.56133,2.9103830456733704e-11,15.453905714241035,84.27366318066683,-0.053345008459092416,-0.09016158979218794,0.10476069015310757,False,210.6111065340955
2020-04-09 22:00:00,-170306.68607,616382.03056,1.1999816708318134e-10,15.445504454516902,84.27216108864299,-0.05174832289968558,-0.0930260586087668,0.10645062941670114,False,209.086212243957
2020-04-09 22:30:00,-170262.04238,616567.97431,0.0,15.437214146520986,84.27066081482972,-0.050574535485543,-0.09316399603972897,0.10600619697767241,False,208.4955411347271
2020-04-09 23:00:00,-170220.46124,616753.78433,1.3015628661377063e-10,15.429195731686914,84.26915427107116,-0.04821706091058638,-0.09296262763423686,0.1047231354549556,False,207.41448068762747
2020-04-09 23:30:00,-170183.7537,616936.75929,1.1641532182693481e-10,15.421669633448117,84.26766049701939,-0.04429626742021027,-0.09115177195762768,0.10134497934470234,False,205.9179753894748
2020-04-10 00:00:00,-170153.99721,617112.52123,1.1999816708318134e-10,15.414918824695045,84.26621239870477,-0.03899840527716438,-0.08654689437426111,0.0949275541662771,False,204.25653340642475
2020-04-10 00:30:00,-170131.22717,617274.4376,1.1999816708318134e-10,15.409103309994414,84.26486724371946,-0.03239264856505884,-0.0764775049794263,0.083054755727397,False,202.95546871663862
2020-04-10 01:00:00,-170114.73038,617408.92871,2.346425826049686e-10,15.404483321440495,84.26374412973185,-0.024709361028587826,-0.06279621681979909,0.06748271904213933,False,201.47888691101716
2020-04-10 01:30:00,-170105.51953,617516.01137,0.0,15.401144556823477,84.26284052960683,-0.019942455866309813,-0.04757017043135776,0.05158122391770225,False,202.74449696388808
2020-04-10 02:00:00,-170090.99609,617593.09807,2.3283064365386963e-10,15.398061092801386,84.26220882211894,-0.015329888272663314,-0.03485624342460353,0.038078382057639436,False,203.74004812085778
2020-04-10 02:30:00,-170085.63147,617651.64318,1.1641532182693481e-10,15.396208256331743,84.26171556263196,-0.008843238490395148,-0.026583340679686252,0.02801565399362057,False,198.40026788072612
2020-04-10 03:00:00,-170085.71054,617693.81583,0.0,15.39521377831912,84.26135085662526,-0.0031695725660169263,-0.022343335977399837,0.022567030217780476,False,188.07397170001735
2020-04-10 03:30:00,-170095.98424,617732.22215,5.820766091346741e-11,15.39518776629367,84.26099444032683,0.0007405018415964871,-0.01914275124034601,0.019157068356801792,False,177.78472352317533
2020-04-10 04:00:00,-170106.57562,617759.54924,2.9103830456733704e-11,15.395452150855759,84.26073303103023,0.003387207641882106,-0.015794124972282268,0.01615325228086576,False,167.89569721679823
2020-04-10 04:30:00,-170122.83549,617783.80346,1.1999816708318134e-10,15.396278120396715,84.26048468991365,0.004808620223515961,-0.020948383737971768,0.021493199149668872,False,167.07193673187243
2020-04-10 05:00:00,-170143.28738,617827.66104,0.0,15.397000011337486,84.26005692927883,0.004098633493896566,-0.02785839517510235,0.02815828436267836,False,171.63046876559736
2020-04-10 05:30:00,-170163.68862,617876.57664,1.1999816708318134e-10,15.397597363113723,84.25958556976569,0.0026034589898975054,-0.03248476945076313,0.03258892825763547,False,175.41788136336777
2020-04-10 06:00:00,-170183.3742,617937.92011,2.9103830456733704e-11,15.397837949647325,84.2590084943332,0.0003196696311221301,-0.03886524968872756,0.0388665643199936,False,179.52874848780579
2020-04-10 06:30:00,-170201.94829,618011.16379,2.399963341663627e-10,15.397700277636368,84.25833120635917,-0.004048673744119158,-0.049428409048712714,0.04959394499506149,False,184.6826352938059
2020-04-10 07:00:00,-170216.56891,618113.34531,1.1999816708318134e-10,15.396535353529616,84.25741320658467,-0.006420192720610857,-0.05845198994199759,0.058803520326160506,False,186.26807222171232
2020-04-10 07:30:00,-170235.53303,618220.1754,1.3015628661377063e-10,15.395634709462056,84.25644468625016,-0.007658439783556887,-0.06647288778810374,0.06691260352734901,False,186.57215487162716
2020-04-10 08:00:00,-170253.51851,618351.37995,2.3283064365386963e-10,15.39407202839709,84.2552678114151,-0.012667191533434468,-0.07701529810010524,0.07805007291984285,False,189.34017228617574
2020-04-10 08:30:00,-170265.16633,618499.58867,2.9103830456733704e-11,15.391561134692266,84.25395903446093,-0.017935108435153474,-0.08543303937695995,0.08729531678025977,False,191.85603442268814
2020-04-10 09:00:00,-170272.89831,618665.04497,5.820766091346741e-11,15.38830557707521,84.25251047715672,-0.021209839546517846,-0.09260663798633129,0.095004456172963,False,192.90005177554735
2020-04-10 09:30:00,-170280.01481,618841.28224,5.820766091346741e-11,15.384743357265993,84.25097017397167,-0.02349923960611564,-0.09079435290919771,0.0937860798960356,False,194.51077841396682
2020-04-10 10:00:00,-170278.04817,619002.63558,0.0,15.380753769304919,84.24958010479934,-0.02410162739578477,-0.09143364978252635,0.09455686519591755,False,194.76708479637114
2020-04-10 10:30:00,-170283.66066,619181.66743,2.9103830456733704e-11,15.376999878436177,84.24801917069792,-0.02445216547270976,-0.09749656696253915,0.10051611296596014,False,194.07939033216746
2020-04-10 11:00:00,-170286.24267,619364.40079,0.0,15.372899854261872,84.24643341574502,-0.024143676662668787,-0.09691592950234898,0.09987799814821968,False,193.98876830100875
2020-04-10 11:30:00,-170292.34596,619541.12331,0.0,15.369246923035625,84.24489122475379,-0.021331044438724238,-0.0945882818883253,0.09696368664315583,False,192.7084474729353
2020-04-10 12:00:00,-170302.44752,619713.09372,0.0,15.366051911001742,84.24338059179728,-0.01840097699005626,-0.09146000440242955,0.09329270260572908,False,191.37556055162122
2020-04-10 12:30:00,-170315.71833,619876.1628,0.0,15.363341134538828,84.24193936330107,-0.013579210772169763,-0.08681441262080634,0.08787000172920581,False,188.88997401389082
2020-04-10 13:00:00,-170338.11122,620027.40891,0.0,15.361694585528202,84.2405786660849,-0.006765815509727283,-0.08335977499084164,0.08363389471999623,False,184.6401851360888
2020-04-10 13:30:00,-170371.73027,620171.98884,0.0,15.361170494267263,84.23924893210675,-0.0003049508340286604,-0.08025371972959267,0.08025429910881526,False,180.2177134183351
2020-04-10 14:00:00,-170413.58655,620306.29173,0.0,15.361596570412775,84.23798847903048,0.00562432788679949,-0.07660505309962401,0.07681124412854178,False,175.8008894119169
2020-04-10 14:30:00,-170464.31083,620432.55057,1.1641532182693481e-10,15.3629736880276,84.23677650261308,0.011322310284608464,-0.07262567871032123,0.07350295176600567,False,171.1389429335037
2020-04-10 15:00:00,-170522.15776,620547.60289,1.1999816708318134e-10,15.365226051712957,84.23564448122414,0.015259474294310262,-0.06513799780746378,0.06690149709912231,False,166.81542946375896
2020-04-10 15:30:00,-170579.41623,620644.10966,1.1641532182693481e-10,15.36786451132153,84.23467416987748,0.018982890384078945,-0.05938810159107083,0.062348189532057036,False,162.27397293417823
2020-04-10 16:00:00,-170644.7122,620735.64484,2.9103830456733704e-11,15.37130912722768,84.23372772298573,0.0226884432680078,-0.057068878891285355,0.06141353593332502,False,158.3190893526068
2020-04-10 16:30:00,-170712.63162,620820.55763,1.3015628661377063e-10,15.375133957024936,84.23283226573052,0.02491460643684821,-0.05500242338021744,0.06038215126674214,False,155.63076265109248
2020-04-10 17:00:00,-170783.69431,620902.78606,1.1999816708318134e-10,15.379290595192161,84.2319525131535,0.025123817959091157,-0.05393066667964498,0.05949557157766047,False,155.02135293443558
2020-04-10 17:30:00,-170851.32879,620983.76886,0.0,15.383181313817131,84.23109165041362,0.02389567813462413,-0.056026986382366493,0.06090998798722123,False,156.9016065095734
2020-04-10 18:00:00,-170920.14161,621074.4371,1.1641532182693481e-10,15.386943340161299,84.2301442371268,0.02617684873582171,-0.06552630567821723,0.07056149194548861,False,158.2239777024895
2020-04-10 18:30:00,-171004.77907,621186.20371,0.0,15.39156296712984,84.22897677464624,0.0269427116123135,-0.07334425249746283,0.0781363493096259,False,159.8293982245516
2020-04-10 19:00:00,-171083.73641,621303.26299,0.0,15.395568901655844,84.22777704595195,0.023617052152618796,-0.07678966686897805,0.08033939314077584,False,162.90445385911767
2020-04-10 19:30:00,-171160.14001,621430.15501,1.1999816708318134e-10,15.39912222326168,84.22649837916383,0.021061365473590922,-0.08197423440353004,0.0846366127728246,False,165.5908469010471
2020-04-10 20:00:00,-171235.19849,621567.64214,5.820766091346741e-11,15.40230864362562,84.22513131529553,0.017670224758918766,-0.08731953528277736,0.08908949480736159,False,168.55995583160677
2020-04-10 20:30:00,-171304.95801,621716.32011,0.0,15.404775552989618,84.22368012755862,0.01505805286901378,-0.08836519930947812,0.08963901720350244,False,170.3292890863354
2020-04-10 21:00:00,-171371.9628,621859.92815,2.9103830456733704e-11,15.407124973543448,84.22227930971947,0.010577992153732011,-0.08481848538787679,0.08547554844221758,False,172.89115890800076
2020-04-10 21:30:00,-171422.7935,622000.57608,2.399963341663627e-10,15.408158407589255,84.22094259455656,0.005224605283353761,-0.08646052686843142,0.08661823830310565,False,176.54195639038284
2020-04-10 22:00:00,-171472.79452,622155.00137,1.1999816708318134e-10,15.408795338142658,84.21948877420404,0.0023130095148989165,-0.08290764448088696,0.08293990310089082,False,178.4019408946159
2020-04-10 22:30:00,-171510.12507,622286.1026,2.9103830456733704e-11,15.408897820271768,84.21826672738443,0.0016128608551083806,-0.0762010754249271,0.07621814230256055,False,178.78746692976506
2020-04-10 23:00:00,-171551.28156,622417.92167,2.9103830456733704e-11,15.409310658396423,84.2170293613683,0.003264567711061501,-0.07317740691399623,0.07325018965843494,False,177.44563218119885
2020-04-10 23:30:00,-171591.45406,622536.94846,1.1641532182693481e-10,15.409940750057718,84.21590490298397,0.004526749048783436,-0.0686229350769489,0.06877207773163324,False,176.22592080233323
2020-04-11 00:00:00,-171632.63698,622651.75258,1.1641532182693481e-10,15.410756551809744,84.21481453273769,0.007334710028743741,-0.071495325443098,0.071870574864963,False,174.1425144096944
2020-04-11 00:30:00,-171685.3059,622778.06078,0.0,15.41228297933782,84.21359736446637,0.012291853530413586,-0.07616265537529396,0.07714816742495531,False,170.8321141869426
2020-04-11 01:00:00,-171748.16465,622904.31782,5.820766091346741e-11,15.414681032521623,84.21235635157154,0.018272716619238384,-0.07593262253892462,0.07810029025737225,False,166.46939249606316
2020-04-11 01:30:00,-171821.3806,623024.09982,1.1641532182693481e-10,15.418115833264931,84.21114660395924,0.024245815563750408,-0.07490728803687988,0.07873348317832439,False,162.0643915086414
2020-04-11 02:00:00,-171904.00204,623141.07349,5.820766091346741e-11,15.422419040100312,84.20993868212982,0.029396564792886597,-0.07681068676095018,0.08224378166348618,False,159.05742609141282
2020-04-11 02:30:00,-171996.93301,623262.51816,2.9103830456733704e-11,15.427495739082412,84.20866749959882,0.033331628348333066,-0.07750196679168456,0.08436558720788219,False,156.72868739623186
2020-04-11 03:00:00,-172093.89338,623378.10673,2.9103830456733704e-11,15.433052399941534,84.20743726685116,0.03636239756526993,-0.07563307457367928,0.08392011633787504,False,154.32297358132303
2020-04-11 03:30:00,-172195.57428,623490.14408,0.0,15.439093494141211,84.20622640175338,0.03839661336762685,-0.07435317033569756,0.08368209998005713,False,152.68778259426642
2020-04-11 04:00:00,-172298.39094,623599.32079,1.1999816708318134e-10,15.445296486137662,84.20503748033872,0.03811155920669967,-0.07622732349613676,0.08522379827577774,False,153.43621312627425
2020-04-11 04:30:00,-172400.90349,623718.11258,2.3283064365386963e-10,15.451244167927372,84.20376612907047,0.03875726170593857,-0.07175937193099133,0.08155692977836378,False,151.62650245343912
2020-04-11 05:00:00,-172501.69909,623811.14539,1.1999816708318134e-10,15.457650496563948,84.20272140407057,0.03898734198895219,-0.06693813053990692,0.07746435409619791,False,149.78183263388735
2020-04-11 05:30:00,-172600.4077,623912.96504,2.346425826049686e-10,15.463669125317528,84.2016056689232,0.036489498536723855,-0.06866538323104966,0.07775871885344104,False,152.0133588293137
2020-04-11 06:00:00,-172694.21497,624014.36748,1.1999816708318134e-10,15.469277272681824,84.20050519473585,0.032855020017474264,-0.06728590876023585,0.07487887457781012,False,153.9742169724061
2020-04-11 06:30:00,-172779.00877,624114.8719,2.346425826049686e-10,15.474135932496617,84.1994339844819,0.028037325191228386,-0.06354234677174483,0.06945301604062534,False,156.19108502734514
2020-04-11 07:00:00,-172852.52249,624207.89825,1.3015628661377063e-10,15.47820769920252,84.19845433417142,0.01909750648884185,-0.06503722737573456,0.06778315202772997,False,163.63567140979023
2020-04-11 07:30:00,-172907.75011,624322.16664,2.3283064365386963e-10,15.480217985633054,84.19733487954309,0.010438077354527325,-0.07114131317553467,0.07190298950112296,False,171.65294049990138
2020-04-11 08:00:00,-172957.09324,624444.6865,2.9103830456733704e-11,15.48153126916757,84.19615820593465,0.007452057088464838,-0.07282879673599195,0.07320906220449877,False,174.1576601251329
2020-04-11 08:30:00,-173003.58822,624567.6764,2.9103830456733704e-11,15.482590266838528,84.19498428391829,0.004901262006242822,-0.06490700175845815,0.06509179093039559,False,175.68167249676804
2020-04-11 09:00:00,-173036.47338,624665.16224,0.0,15.483091317647352,84.19406329051404,0.0036637179877727667,-0.06219724375761779,0.062305055657935614,False,176.62889731631344
2020-04-11 09:30:00,-173076.07264,624779.93966,1.1641532182693481e-10,15.4837560806796,84.1929768256966,0.0008954212417587697,-0.06968844799093431,0.06969420035114363,False,179.26385166457834
2020-04-11 10:00:00,-173106.5557,624906.07475,0.0,15.483376403195502,84.19181404792808,-0.004589040773680969,-0.07037578582100236,0.07052524743059115,False,183.73084217020403
2020-04-11 10:30:00,-173127.78642,625028.5081,0.0,15.482296463172219,84.19070539644608,-0.00776398957468975,-0.07019572796852909,0.07062379031988887,False,186.31153857036838
2020-04-11 11:00:00,-173147.0767,625157.07056,0.0,15.480907264091941,84.18954842914405,-0.01181614930356892,-0.07522242968740638,0.07614483116036852,False,188.92723154602572
2020-04-11 11:30:00,-173159.07298,625300.83821,0.0,15.478539519213266,84.18827753324996,-0.017057894102019133,-0.07866631130069653,0.08049447362927342,False,192.23453257810706
2020-04-11 12:00:00,-173163.47488,625446.38632,0.0,15.47548469335345,84.18700941058515,-0.018510540745513598,-0.08174642386872201,0.08381597660360512,False,192.75880990164944
2020-04-11 12:30:00,-173173.37448,625602.23661,0.0,15.472656285049146,84.18563910451996,-0.015153309023605909,-0.07823962101497513,0.07969354472560393,False,190.9612316772505
2020-04-11 13:00:00,-173186.04157,625732.39418,2.9103830456733704e-11,15.470669355490752,84.184484167614,-0.011094934947739624,-0.07317284893385592,0.07400921160633638,False,188.6218785591068
2020-04-11 13:30:00,-173205.1465,625866.76859,0.0,15.46913141870761,84.18327739203987,-0.008970251614612497,-0.07610873541790553,0.07663553367036864,False,186.72192705271516
2020-04-11 14:00:00,-173227.99727,626005.07323,0.0,15.467820116431136,84.18202769473844,-0.004842278169128701,-0.07654584711277246,0.07669885506367846,False,183.61969863666195
2020-04-11 14:30:00,-173261.83809,626137.0019,1.1999816708318134e-10,15.467593472469467,84.18080681048775,-0.0026629702881987363,-0.07817379234434765,0.07821913589559154,False,181.951011686264
2020-04-11 15:00:00,-173293.81213,626278.86276,2.346425826049686e-10,15.466974732499681,84.17950456653867,-0.0036003860895640824,-0.07959010890454227,0.07967150190269306,False,182.59010059338988
2020-04-11 15:30:00,-173325.75726,626416.6062,1.1999816708318134e-10,15.466450605792884,84.17823796828432,-0.001142652846379457,-0.07768307539009538,0.07769147866780875,False,180.84271206058014
2020-04-11 16:00:00,-173364.42537,626549.49145,2.9103830456733704e-11,15.46661195972595,84.17699727415284,-0.0012384024714592948,-0.0762736326698807,0.07628368555163817,False,180.9301904004613
2020-04-11 16:30:00,-173394.68593,626682.43637,2.9103830456733704e-11,15.466057828954899,84.17577616501868,-0.002046484091674794,-0.07247717790383738,0.07250606467077063,False,181.6173885032659
2020-04-11 17:00:00,-173426.90311,626802.92572,2.9103830456733704e-11,15.465962677966417,84.17465800421597,0.0009692938686702811,-0.06880729758311172,0.06881412450431039,False,179.19292318529767
2020-04-11 17:30:00,-173464.10384,626920.24244,2.9103830456733704e-11,15.466365154205054,84.17355534233958,-0.002085444599749013,-0.06322504074490438,0.06325942503985824,False,181.88918611670812
2020-04-11 18:00:00,-173480.36478,627024.29553,0.0,15.4653016340822,84.17261735258163,-0.00544410930186391,-0.057710779237906205,0.057966993766599514,False,185.38901277189723
2020-04-11 18:30:00,-173500.61455,627125.70485,2.9103830456733704e-11,15.46463904776626,84.17169266952338,-0.005187035108878446,-0.05593824604917676,0.056178222687078457,False,185.29776676052848
2020-04-11 19:00:00,-173516.06359,627223.3615,1.1999816708318134e-10,15.463657402177208,84.17081188818776,-0.007534335326589534,-0.05332757659821754,0.053857187400125656,False,188.04175330931503
2020-04-11 19:30:00,-173525.6597,627317.96632,2.3283064365386963e-10,15.462251100231441,84.16997146598382,-0.009503458936841049,-0.05141861619553043,0.052289480999790854,False,190.47153711032456
2020-04-11 20:00:00,-173532.43958,627410.88997,2.346425826049686e-10,15.460645744642465,84.1691522980088,-0.011050677218040414,-0.051410429474467,0.052584690982513754,False,192.13114768257788
2020-04-11 20:30:00,-173536.65415,627506.95167,1.1999816708318134e-10,15.458749639992709,84.16831213899815,-0.013473850297141555,-0.05433897539197211,0.05598454151352079,False,193.92614111644377
2020-04-11 21:00:00,-173537.83006,627612.36222,0.0,15.456377145236472,84.16739844746795,-0.015704881222746513,-0.057908202668772904,0.0600000269212294,False,195.17380183019864
2020-04-11 21:30:00,-173537.71943,627722.94914,1.1999816708318134e-10,15.453774954604677,84.16644308780307,-0.016254358658002323,-0.05841462609560052,0.06063392381556539,False,195.54967126215058
2020-04-11 22:00:00,-173537.46472,627830.64404,5.820766091346741e-11,15.451229172853637,84.16551305134581,-0.017725003847208376,-0.05854630283673675,0.06117062479029,False,196.8437873796609
2020-04-11 22:30:00,-173532.36771,627943.09835,2.9103830456733704e-11,15.448162223902719,84.16455343793956,-0.018569325650392626,-0.060043237220018704,0.0628491065248327,False,197.1850549297804
2020-04-11 23:00:00,-173530.60691,628056.79687,2.9103830456733704e-11,15.445349912526977,84.16357508929963,-0.01708110786072716,-0.06194839319163719,0.06426015612162389,False,195.41519574486125
2020-04-11 23:30:00,-173532.48946,628174.43488,0.0,15.442755068754696,84.16255398359348,-0.015373351113731986,-0.06100476022392521,0.06291200755376268,False,194.1441773158893
2020-04-12 00:00:00,-173535.73959,628283.22193,0.0,15.44048414191799,84.16160609123449,-0.010985181308229066,-0.05402629466679438,0.055131794128233845,False,191.49328620564108
2020-04-12 00:30:00,-173546.15187,628372.43854,0.0,15.439278604419,84.16081022473998,-0.004381760759870798,-0.04667150736005257,0.04687674718467766,False,185.3635001424147
2020-04-12 01:00:00,-173565.26359,628449.37553,0.0,15.439097580572113,84.16009971415252,0.000643851696181379,-0.04281125154757224,0.04281609281655885,False,179.13837595029202
2020-04-12 01:30:00,-173589.41512,628520.3804,2.9103830456733704e-11,15.439482232578234,84.1594284401461,0.003561204842407453,-0.036654037991501576,0.03682663005234157,False,174.45071783556006
2020-04-12 02:00:00,-173612.75026,628573.15508,5.820766091346741e-11,15.440224083132398,84.1589166604077,0.005979899258921189,-0.026172701767308112,0.026847150927934594,False,167.1300593898976
2020-04-12 02:30:00,-173635.25072,628605.47018,2.9103830456733704e-11,15.441373700430647,84.15858368366602,0.00767344209097363,-0.017085162453738395,0.018729241564840737,False,155.81376847729064
2020-04-12 03:00:00,-173655.75377,628625.08643,0.0,15.442651106068755,84.15836521562926,0.010510354329277046,-0.010919232070172074,0.015155763825331505,False,136.09307413697127
2020-04-12 03:30:00,-173682.18899,628633.28518,5.820766091346741e-11,15.44469785894798,84.15823124978668,0.01390124618614253,-0.006325163152720118,0.015272600775122437,False,114.4658633923807
2020-04-12 04:00:00,-173710.05504,628633.70747,0.0,15.447047634536748,84.15816106203329,0.015096938697480465,-0.0034746435370835733,0.015491633411144217,False,102.96122631311624
2020-04-12 04:30:00,-173737.90639,628630.86632,2.9103830456733704e-11,15.449472480678761,84.15811910107483,0.016608356543351546,0.002968016753914269,0.016871473869303887,False,79.86784374401753
2020-04-12 05:00:00,-173764.83833,628607.48131,0.0,15.452300298114018,84.15825685653687,0.016330469387930608,0.004981803571690256,0.01707344714042962,False,73.03505084196217
2020-04-12 05:30:00,-173789.79259,628597.91642,0.0,15.454637239560773,84.15827989716682,0.015199237402073806,0.0007467685217065556,0.015217571449794841,False,87.18720716714517
2020-04-12 06:00:00,-173816.86072,628590.30935,1.1999816708318134e-10,15.457107351322458,84.15828095883792,0.014436819114390062,-0.0030835083965045805,0.014762444586616828,False,102.05644357042121
2020-04-12 06:30:00,-173842.84381,628594.76398,2.346425826049686e-10,15.459203135868318,84.15818037466659,0.012302547897885461,-0.001290750036717633,0.012370073582523775,False,95.98940588768443
2020-04-12 07:00:00,-173860.78612,628582.98256,1.3015628661377063e-10,15.46099826537885,84.1582392993369,0.010045199007272548,0.0015563307254081158,0.010165047389095573,False,81.19302746023385
2020-04-12 07:30:00,-173876.20427,628579.7236,0.0,15.462380088197495,84.15823060832305,0.008367407838329184,-0.00028796209652284105,0.008372361441192473,False,91.97104098043906
2020-04-12 08:00:00,-173890.0949,628575.95083,0.0,15.463644604606563,84.15823000528295,0.0064517310957945525,-0.0006223133264459187,0.0064816747842447765,False,95.50952293917976
2020-04-12 08:30:00,-173899.18704,628575.69009,1.1641532182693481e-10,15.464420556966703,84.1582105232835,0.005063204563576321,-0.003037876815499026,0.005904636821919413,False,120.96337442339768
2020-04-12 09:00:00,-173910.5786,628581.63106,2.9103830456733704e-11,15.465245916528312,84.15813195400321,0.0067308971520701946,-0.010383152002578616,0.012373957409834534,False,147.04660241425916
2020-04-12 09:30:00,-173932.50826,628605.25467,0.0,15.466549237479395,84.1578753933583,0.009354417779030396,-0.022535342514423108,0.02439972938839703,False,157.4566686388589
2020-04-12 10:00:00,-173964.66964,628650.83983,0.0,15.468204157008516,84.15740459704577,0.011668108574562745,-0.02848033480004721,0.03077782039116098,False,157.72157775824752
2020-04-12 10:30:00,-174000.33687,628692.86719,0.0,15.470238934391526,84.15695615394938,0.013256484584481795,-0.027187657374795504,0.030247365126038265,False,154.0065069476783
2020-04-12 11:00:00,-174036.77104,628732.43966,0.0,15.472395833479197,84.1565270810078,0.01381085772638429,-0.02696213620150348,0.0302935072199779,False,152.87704167961255
2020-04-12 11:30:00,-174074.14817,628773.14944,0.0,15.474605576160096,84.15608591695295,0.015399223748133573,-0.0266749114332675,0.030800762847983915,False,150.00248663512372
2020-04-12 12:00:00,-174115.82038,628810.19688,0.0,15.477264294216345,84.15566611263351,0.016549322131799653,-0.026652918469868975,0.031372888390831286,False,148.16303949671362
2020-04-12 12:30:00,-174157.1702,628849.72181,2.3283064365386963e-10,15.479837287767092,84.15522566059374,0.018800293312033728,-0.024340044166209173,0.030755304886011345,False,142.3174385198514
2020-04-12 13:00:00,-174204.43309,628876.5784,0.0,15.483207152628522,84.15488050246272,0.021150261568924307,-0.022324969732105716,0.03075285089180112,False,136.54776513678246
2020-04-12 13:30:00,-174252.00311,628906.8487,0.0,15.486522579243195,84.15450509392113,0.021754853770830862,-0.02215815982930487,0.031052499249033947,False,135.52620131099485
2020-04-12 14:00:00,-174301.20647,628932.53993,2.9103830456733704e-11,15.490083126030346,84.15416531784923,0.022601167279154965,-0.021074119616536754,0.03090196239711071,False,132.99754583836648
2020-04-12 14:30:00,-174350.67377,628958.22973,0.0,15.493665621053749,84.15382489934494,0.024919293147231066,-0.021400249637935582,0.03284725034951326,False,130.65540282277686
2020-04-12 15:00:00,-174408.23596,628982.81691,2.9103830456733704e-11,15.497958300770014,84.15347459204528,0.027100641603690648,-0.018912605316343714,0.03304741162607869,False,124.90986234965544
2020-04-12 15:30:00,-174462.8814,628997.77048,0.0,15.50222976849884,84.1532144705468,0.02529552770698796,-0.009447313230659922,0.027002137864495054,False,110.47953440138338
2020-04-12 16:00:00,-174505.0771,628991.25076,2.9103830456733704e-11,15.505951752699966,84.15316967159684,0.022453995368228098,-0.0004553746095598025,0.022458612468971465,False,91.16181849450538
2020-04-12 16:30:00,-174541.21189,628977.74002,1.1999816708318134e-10,15.509325137176845,84.15319977494089,0.02108974918616196,0.0012361387243121627,0.021125945178404753,False,86.64554610845647
2020-04-12 17:00:00,-174577.04567,628966.66123,1.1641532182693481e-10,15.51261600466393,84.15320957008001,0.019445798840790018,0.0015504519795789514,0.01950751121741189,False,85.44133801297431
2020-04-12 17:30:00,-174607.17379,628953.63888,5.820766091346741e-11,15.515469944636648,84.15324982019732,0.018292507042678843,0.0009322135179462149,0.018316245137841344,False,87.0826451641567
2020-04-12 18:00:00,-174639.60118,628945.81197,1.1999816708318134e-10,15.518396377531149,84.15323965811577,0.01738380654308683,0.0006248961904176337,0.0173950344977027,False,87.94127342620368
2020-04-12 18:30:00,-174666.87217,628934.72767,1.1999816708318134e-10,15.520963203424351,84.15326999129877,0.016979541543157877,1.461732721437601e-05,0.01697954783503021,False,89.9506752907244
2020-04-12 19:00:00,-174698.48433,628929.40441,0.0,15.52376187140556,84.1532401288003,0.01684903569237046,-1.4446898809790908e-05,0.01684904188598447,False,90.0491272106675
2020-04-12 19:30:00,-174725.32984,628918.54379,0.0,15.52628748493958,84.15326952630205,0.014470596287427365,0.0018285831918626251,0.014585673567006399,False,82.79796658314854
2020-04-12 20:00:00,-174746.91533,628909.11715,0.0,15.528334565495857,84.15329915066096,0.010641617715679534,0.0030898287646427013,0.011081113184219261,False,73.80917076798079
2020-04-12 20:30:00,-174759.26339,628897.57032,2.9103830456733704e-11,15.52965024972493,84.1533692567499,0.009389045603971273,0.00252630178529861,0.0097229819532824,False,74.94015061616125
2020-04-12 21:00:00,-174777.04692,628891.30483,2.346425826049686e-10,15.531301534138695,84.15338068945955,0.009900890954563587,-0.0005875998513801524,0.009918312118475655,False,93.39641630650169
2020-04-12 21:30:00,-174794.17148,628890.06444,2.346425826049686e-10,15.532778971577542,84.1533502916831,0.00985858173866696,-0.0009569858561817204,0.009904920788522719,False,95.54440761175408
2020-04-12 22:00:00,-174812.16417,628885.12006,1.3015628661377063e-10,15.534416888315265,84.15334980104726,0.010497170512622831,0.0006010968371155706,0.01051436665608864,False,86.72266520073305
2020-04-12 22:30:00,-174830.00128,628877.85878,2.399963341663627e-10,15.536096120091647,84.15336969274541,0.011697587160476593,0.001238749910146331,0.011762994802210634,False,83.95502695948886
2020-04-12 23:00:00,-174851.54236,628869.54418,0.0,15.538113380633664,84.15338978220247,0.0144140523446769,0.0012303795688507371,0.014466469468344064,False,85.12107472606397
2020-04-12 23:30:00,-174878.80886,628859.69088,2.9103830456733704e-11,15.540651043848607,84.15340940273751,0.01761918906190404,0.002438097563826293,0.017787077976156026,False,82.12159086024593
2020-04-13 00:00:00,-174910.30092,628844.09387,5.820766091346741e-11,15.543681184907756,84.15346847253497,0.020193605113440507,0.002794945028320211,0.020386108142284108,False,82.11990245732125
2020-04-13 00:30:00,-174946.15076,628830.51625,2.9103830456733704e-11,15.547032410484416,84.15349961140363,0.02170219224347305,0.0018976489902177247,0.02178499988209172,False,85.00274267899096
2020-04-13 01:00:00,-174983.73912,628816.57173,5.820766091346741e-11,15.550539329489327,84.1535297206756,0.02350569057011572,0.001543126123348634,0.023556288489713063,False,86.24397654027939
2020-04-13 01:30:00,-175026.18436,628802.47859,5.820766091346741e-11,15.554460514608254,84.15354941506547,0.027031054640829038,0.002462720480953315,0.027143008439795172,False,84.7943202880673
2020-04-13 02:00:00,-175075.10957,628781.93607,2.9103830456733704e-11,15.559081562878669,84.1536092028551,0.030527329863485508,0.0027931906883133318,0.0306548492544872,False,84.77210546749745
2020-04-13 02:30:00,-175129.35825,628763.31334,0.0,15.564107664323199,84.15363956544556,0.0330338431056571,0.0024457043476863102,0.03312425486083364,False,85.76575626068313
2020-04-13 03:00:00,-175187.30824,628741.54571,1.1999816708318134e-10,15.569520908828395,84.15368813754017,0.035473325033084355,0.003696913990632794,0.035665444928627846,False,84.05029924777239
2020-04-13 03:30:00,-175248.80398,628716.21612,5.820766091346741e-11,15.575318032635781,84.15375888431223,0.037379188409223926,0.004378156413590432,0.03763471774457892,False,83.31948849839529
2020-04-13 04:00:00,-175312.69986,628690.23175,1.1641532182693481e-10,15.581333691582357,84.15382944592189,0.03933520819256753,0.0037005141922245802,0.039508890250670003,False,84.62563796154916
2020-04-13 04:30:00,-175381.62837,628665.34742,1.1641532182693481e-10,15.587749096197838,84.15387831878,0.041117708459216286,0.007565248042094035,0.04180788115745061,False,79.57474450732167
2020-04-13 05:00:00,-175447.96091,628624.22252,1.1641532182693481e-10,15.594328371145094,84.15407362220438,0.041640297384314795,0.011151826687510568,0.04310774413863994,False,75.0072631604387
2020-04-13 05:30:00,-175515.22293,628586.38052,1.1641532182693481e-10,15.60090916939347,84.15423825839581,0.041997501515279256,0.009109117956319506,0.04297401730660081,False,77.762290960526
2020-04-13 06:00:00,-175584.76264,628551.97727,1.1641532182693481e-10,15.6076017067708,84.15436762942632,0.04448177735130266,0.010795552806098925,0.045773054046241365,False,76.35829567489276
2020-04-13 06:30:00,-175658.99641,628505.86579,0.0,15.614968139946463,84.15458669032675,0.04569294753668798,0.013918278039665383,0.047765719069013834,False,73.05902760650844
2020-04-13 07:00:00,-175729.69908,628459.44351,0.0,15.622043893368659,84.15481686348261,0.044588434416424946,0.01442602262352444,0.04686404391900327,False,72.07167000646757
2020-04-13 07:30:00,-175799.59983,628412.62454,5.820766091346741e-11,15.629061778673037,84.15505230942672,0.04579763022916521,0.01576053313764486,0.04843363851075148,False,71.00990517824704
2020-04-13 08:00:00,-175873.18893,628360.38567,2.399963341663627e-10,15.63652038246684,84.15532554914697,0.04595409992027726,0.01655464923989878,0.04884501725804699,False,70.18879202172218
2020-04-13 08:30:00,-175942.84868,628310.64318,0.0,15.643588306734916,84.15558663688122,0.04217007902770472,0.015513598555386676,0.0449331426158972,False,69.80235687840099
2020-04-13 09:00:00,-176004.31793,628265.66893,1.1641532182693481e-10,15.649851311813556,84.15582627980557,0.03909629157503782,0.015794832006467866,0.04216629854555549,False,68.00137970364892
2020-04-13 09:30:00,-176063.0388,628217.92224,5.820766091346741e-11,15.655948127262212,84.15609643691047,0.037174478777806344,0.015695807015845744,0.040352202297771145,False,67.10955825302693
2020-04-13 10:00:00,-176117.93254,628175.1455,5.820766091346741e-11,15.661604040488385,84.15633288640599,0.03582250387887614,0.014877271835640131,0.03878898041227208,False,67.4466344788446
2020-04-13 10:30:00,-176172.75355,628131.53882,1.1999816708318134e-10,15.667273944924423,84.15657661943757,0.036672015642862196,0.014666774157583967,0.0394962149515609,False,68.20132756623883
2020-04-13 11:00:00,-176230.788,628088.65498,2.3283064365386963e-10,15.673198915652804,84.15680627230925,0.0336387360208496,0.01488497241163313,0.03678487413021124,False,66.13084962489489
2020-04-13 11:30:00,-176274.87407,628047.23031,0.0,15.677910154905478,84.15705706204011,0.027707634598874112,0.013054983736077757,0.030629162825875286,False,64.77163112818602
2020-04-13 12:00:00,-176314.12426,628016.45086,5.820766091346741e-11,15.68196009155413,84.15722764335827,0.022975372350014595,0.011753310225513826,0.025807131492651077,False,62.90747438147804
2020-04-13 12:30:00,-176343.06984,627984.13672,0.0,15.685175263874767,84.15743642015134,0.02001862620214788,0.014699484663985518,0.02483586608934883,False,53.71052006560859
2020-04-13 13:00:00,-176369.20117,627946.01987,2.3283064365386963e-10,15.68829049491227,84.1577020880262,0.018680573364305196,0.016407504439785763,0.024863025221416205,False,48.70654459646755
2020-04-13 13:30:00,-176391.8427,627909.08546,0.0,15.691082768491876,84.15796599435207,0.01714252071952071,0.017764740454186058,0.024687082047576855,False,43.97881447827632
2020-04-13 14:00:00,-176411.31829,627867.75975,2.3283064365386963e-10,15.693711881069047,84.15827546770724,0.016377718571118204,0.018879929040606376,0.024993626911136407,False,40.94056497561178
2020-04-13 14:30:00,-176430.21963,627827.70314,5.820766091346741e-11,15.696262536382093,84.15857536761058,0.017067678560625243,0.021332923546407805,0.027320308901725602,False,38.66200222203537
2020-04-13 15:00:00,-176449.69377,627777.20227,0.0,15.69911020606153,84.15896401247072,0.017699044044194888,0.025761330734280486,0.03125543666755169,False,34.49059103154423
2020-04-13 15:30:00,-176466.46499,627721.18118,1.1641532182693481e-10,15.701860886105425,84.15940684639365,0.016801498882849417,0.02725403259328226,0.032016755883538264,False,31.6528995938275
2020-04-13 16:00:00,-176481.36913,627666.37983,0.0,15.704425022759368,84.15984367024743,0.015831531642351536,0.028995038719528434,0.03303558179432793,False,28.63490636840629
2020-04-13 16:30:00,-176493.07737,627605.26883,0.0,15.706869280229794,84.16034269669036,0.014063155308816355,0.03336467452112894,0.03620737277324551,False,22.855342886718518
2020-04-13 17:00:00,-176497.58958,627537.04647,0.0,15.708874335305921,84.16092055673947,0.010168980702923066,0.03650762486735803,0.03789742526864008,False,15.564860671660313
2020-04-13 17:30:00,-176492.73445,627468.83853,2.9103830456733704e-11,15.710086802621191,84.16152102588025,0.006282742865748467,0.040256146522021405,0.040743468074276264,False,8.870544288933104
2020-04-13 18:00:00,-176480.12199,627391.4138,0.0,15.710862448255483,84.1622198720184,0.0035994874969448535,0.04485206005818196,0.04499626208590469,False,4.588293040881297
2020-04-13 18:30:00,-176461.48587,627309.89462,2.9103830456733704e-11,15.711225933750296,84.16296867885274,0.0016188248295363958,0.049058610738394945,0.04908531227780957,False,1.8899472838050428
2020-04-13 19:00:00,-176437.9077,627219.82312,1.1999816708318134e-10,15.711374819460579,84.16380329541713,-0.001002178572129685,0.05418061626724861,0.054189884120463674,False,358.940321111213
2020-04-13 19:30:00,-176405.19487,627123.10884,1.1999816708318134e-10,15.710908580868,84.16471741992312,-0.003940244990625985,0.05616464818190095,0.056302692972742104,False,355.986975302004
2020-04-13 20:00:00,-176369.50226,627029.0253,2.9103830456733704e-11,15.710127217637783,84.16561607245173,-0.006974728033141215,0.05849664088988315,0.058910982223488985,False,353.2005544192162
2020-04-13 20:30:00,-176324.00281,626927.18646,1.1999816708318134e-10,15.708699791315984,84.16660546287085,-0.008926575816651561,0.06331228530517721,0.06393848001301397,False,351.97460795663494
2020-04-13 21:00:00,-176276.85712,626818.31452,2.9103830456733704e-11,15.707299973586487,84.16765954606547,-0.010824256088958062,0.06262459154628792,0.06355315874304551,False,350.1936828275109
2020-04-13 21:30:00,-176225.45651,626720.70615,0.0,15.705270820625614,84.16862673747572,-0.013592383179026939,0.06030886475880348,0.061821614739354255,False,347.29892091784507
2020-04-13 22:00:00,-176170.98154,626622.55359,1.1999816708318134e-10,15.70299344493135,84.16960607809867,-0.015314862750172504,0.06163433076273697,0.06350854863423573,False,346.0457837775208
2020-04-13 22:30:00,-176112.32776,626522.02571,1.1999816708318134e-10,15.700417725763328,84.17061604905861,-0.017356701382438486,0.061910546695789576,0.06429751842062556,False,344.3390912948014
2020-04-13 23:00:00,-176050.51627,626424.89992,2.9103830456733704e-11,15.697492386499043,84.17160430347606,-0.021223096441126146,0.061050995996664886,0.06463469605973353,False,340.83106632188975
2020-04-13 23:30:00,-175979.3099,626331.11077,0.0,15.693690022988363,84.17258652707172,-0.027805354227567115,0.06270918094701299,0.06859722369575683,False,336.0874228127917
2020-04-14 00:00:00,-175893.0836,626234.63889,5.820766091346741e-11,15.688676563955802,84.17362829587658,-0.032398707843930105,0.06532173836728275,0.07291505861809396,False,333.6192040397602
2020-04-14 00:30:00,-175803.43059,626136.25267,0.0,15.683416251271721,84.17469484858901,-0.03500180850113596,0.06772521783447644,0.07623537059054333,False,332.66913383997036
2020-04-14 01:00:00,-175705.86094,626033.96748,1.1641532182693481e-10,15.677575220092319,84.17581418746904,-0.03850297110924907,0.0705968302757828,0.08041387460648412,False,331.3922868620288
2020-04-14 01:30:00,-175601.29959,625929.01491,1.1999816708318134e-10,15.671202146142505,84.17697342300919,-0.041792812480069136,0.07391694229246189,0.08491380060309021,False,330.5160803482441
2020-04-14 02:00:00,-175489.12127,625818.39824,2.9103830456733704e-11,15.664314834656835,84.178199920056,-0.04486082565265301,0.07680894136061879,0.08895002614489052,False,329.71262207778994
2020-04-14 02:30:00,-175371.14016,625706.37721,0.0,15.656965384000252,84.17945249636188,-0.04771416512158934,0.07784710272170525,0.09130614960348521,False,328.4949710169242
2020-04-14 03:00:00,-175248.09089,625594.9045,1.1641532182693481e-10,15.649169330774038,84.1807124993638,-0.05056671672802137,0.07776295009764256,0.09275812227800001,False,326.96536059066597
2020-04-14 03:30:00,-175120.33339,625485.91247,1.1641532182693481e-10,15.64091097331943,84.18196235748344,-0.054758547278535,0.0783881072727704,0.09562004947636721,False,325.0635126551178
2020-04-14 04:00:00,-174982.17734,625376.30492,1.1641532182693481e-10,15.631780183792383,84.18324252957727,-0.05897388025946329,0.07867581082458397,0.09832498035475644,False,323.1454757996628
2020-04-14 04:30:00,-174839.56168,625270.36211,1.3015628661377063e-10,15.622179269795117,84.18450167770257,-0.06333863112641337,0.08139691841872594,0.10313699879787364,False,322.11189754837346
2020-04-14 05:00:00,-174683.67113,625155.50483,0.0,15.61165744303924,84.18586966555442,-0.06855974470659679,0.08242968280704548,0.10721516311559598,False,320.2484793013058
2020-04-14 05:30:00,-174521.99288,625050.98472,1.1999816708318134e-10,15.600393056626848,84.18716214747059,-0.07348822611722912,0.08032265764875288,0.10886803346077192,False,317.5442066616612
2020-04-14 06:00:00,-174351.09644,624948.1423,0.0,15.588299750691782,84.18846212492943,-0.07665469339723999,0.08022383363206587,0.11095857561473223,False,316.30331029870865
2020-04-14 06:30:00,-174178.57758,624846.95793,2.9103830456733704e-11,15.576023671032686,84.1897514288399,-0.07970302927412706,0.08291406870448692,0.11501006766629056,False,316.1312162351959
2020-04-14 07:00:00,-173994.55333,624737.65947,2.9103830456733704e-11,15.562955271853946,84.19113822012837,-0.08633987214872967,0.08460789739220734,0.12088453095325832,False,314.4195218294853
2020-04-14 07:30:00,-173797.42983,624636.92989,5.820766091346741e-11,15.548562435809718,84.19248217748492,-0.09170345432877133,0.08093210958837645,0.12230915704988742,False,311.42974138255136
2020-04-14 08:00:00,-173598.40322,624545.4601,5.820766091346741e-11,15.533781679611321,84.19375035061353,-0.09721286039416226,0.0814521892648196,0.1268258623548323,False,309.9587874338254
2020-04-14 08:30:00,-173381.71852,624448.13607,2.9103830456733704e-11,15.517628723443076,84.19511106466412,-0.10310215566481029,0.08359803694855895,0.13273539951491237,False,309.03608105323184
2020-04-14 09:00:00,-173160.2498,624354.77776,5.820766091346741e-11,15.500966813017591,84.19644851760914,-0.10859636352624627,0.08214913733137237,0.13616773088883177,False,307.1061591920277
2020-04-14 09:30:00,-172925.95488,624267.6387,1.3015628661377063e-10,15.483057068880694,84.19776244239863,-0.11771585431319281,0.07732465969563604,0.14084078015166898,False,303.2999307323827
2020-04-14 10:00:00,-172677.54034,624199.63988,1.1999816708318134e-10,15.46348379193482,84.19894416377508,-0.13129887338594484,0.07133983965093002,0.14942813280583675,False,298.5169724052788
2020-04-14 10:30:00,-172401.9142,624146.13897,2.9103830456733704e-11,15.441240053969661,84.20006487987708,-0.13916284869623424,0.0672190635270167,0.154546759780657,False,295.78168018804206
2020-04-14 11:00:00,-172130.20821,624099.77365,2.9103830456733704e-11,15.419154277265767,84.2011137045371,-0.14239068337890842,0.06206228077439786,0.15532814750724588,False,293.5504197881255
2020-04-14 11:30:00,-171848.35453,624067.04755,1.1641532182693481e-10,15.395873987670546,84.20206792737795,-0.14479419135686644,0.05432106501453942,0.15464842693995526,False,290.5641083306889
2020-04-14 12:00:00,-171575.73728,624049.62278,1.1641532182693481e-10,15.373015375477811,84.20286696423169,-0.14184479375797693,0.048092364024973945,0.14977590258033374,False,288.7291872804374
2020-04-14 12:30:00,-171310.08605,624035.48169,0.0,15.35066827221063,84.20362015489496,-0.13915343076600117,0.04203263250117064,0.1453630609505962,False,286.8074465920281
2020-04-14 13:00:00,-171052.5994,624036.31883,0.0,15.328662005811932,84.20422360309868,-0.13571807773266256,0.029307983765828063,0.13884651430938796,False,282.1857609128791
2020-04-14 13:30:00,-170810.99042,624062.88656,0.0,15.307405814382967,84.20456611403773,-0.12977018807637372,0.017200302336449716,0.13090512638488488,False,277.55022173070836
2020-04-14 14:00:00,-170585.65344,624099.92702,0.0,15.287292625865092,84.20477879349862,-0.12540861583274554,0.004872811754222453,0.12550324784433764,False,272.22513557130446
2020-04-14 14:30:00,-170370.86915,624164.9996,0.0,15.267425819227467,84.20472339523968,-0.12026412340958569,-0.005470879090694627,0.12038849570245927,False,267.39538011018783
2020-04-14 15:00:00,-170173.16883,624232.93371,1.1641532182693481e-10,15.248952356856476,84.20460226527108,-0.11510190077009946,-0.010529938323000625,0.11558255561275682,False,264.7729246279755
2020-04-14 15:30:00,-169981.06154,624310.55683,1.1641532182693481e-10,15.230732149591194,84.20438354427704,-0.11348164769208796,-0.01513474906053441,0.11448644021034333,False,262.40344046484836
2020-04-14 16:00:00,-169793.29796,624392.82968,1.1641532182693481e-10,15.212776427451109,84.20411379187303,-0.11139764477869211,-0.01763472817165821,0.11278483452986021,False,261.0044783906958
2020-04-14 16:30:00,-169610.74171,624477.04963,0.0,15.19522214030173,84.20381438683282,-0.10969602240308152,-0.019763395027941076,0.11146214206665782,False,259.78686378705345
2020-04-14 17:00:00,-169430.8474,624564.99866,5.820766091346741e-11,15.17781068550036,84.20347592232297,-0.10890742366380446,-0.022397668403908513,0.11118670099890021,False,258.37870564579674
2020-04-14 17:30:00,-169253.46167,624657.51776,1.1641532182693481e-10,15.160509811867701,84.20309149358637,-0.10628939203559643,-0.02356662744518315,0.10887066082483733,False,257.4985425908777
2020-04-14 18:00:00,-169083.71034,624746.95585,2.3283064365386963e-10,15.14393485413153,84.20271531851462,-0.10117146772700455,-0.023145313352350344,0.10378521769604192,False,257.1140160712414
2020-04-14 18:30:00,-168923.66044,624833.09715,0.0,15.128267215858845,84.2023444919076,-0.09488967106009796,-0.02196817201229139,0.09739943662801759,False,256.96494134550016
2020-04-14 19:00:00,-168774.58589,624912.45226,1.1999816708318134e-10,15.113696069267707,84.20200631304374,-0.0933018154113391,-0.02778726247051013,0.09735173709111007,False,253.41535064735587
2020-04-14 19:30:00,-168625.47454,625017.24862,1.1999816708318134e-10,15.098536930249258,84.2014476271519,-0.09285478001668725,-0.031716303253182324,0.0981220365870746,False,251.1414296601905
2020-04-14 20:00:00,-168481.58942,625109.7619,2.3283064365386963e-10,15.084110167247886,84.20098267072822,-0.08997817422510278,-0.027626012129679328,0.09412368662070213,False,252.93193523849237
2020-04-14 20:30:00,-168338.59537,625197.57183,1.3015628661377063e-10,15.06987007000182,84.2005559866444,-0.08624309142775669,-0.02773506803736772,0.09059307268248393,False,252.17263673531235
2020-04-14 21:00:00,-168207.75139,625286.89691,1.1999816708318134e-10,15.056635442030672,84.20008752987539,-0.08457150049414466,-0.033373963867621814,0.09091842585564511,False,248.46460631073245
2020-04-14 21:30:00,-168075.80098,625392.68345,1.1641532182693481e-10,15.042930390904917,84.19947881129009,-0.08488143404804824,-0.03778342674658166,0.09291095297524112,False,246.00463224975772
2020-04-14 22:00:00,-167947.95281,625497.56534,5.820766091346741e-11,15.029599465589694,84.19886805637032,-0.08186463085467346,-0.03628389858286246,0.08954517899554058,False,246.0962048091857
2020-04-14 22:30:00,-167825.04249,625595.26147,2.9103830456733704e-11,15.016857913705726,84.19830774026418,-0.08105030592131882,-0.03528768255051593,0.08839894020702597,False,246.47265405323452
2020-04-14 23:00:00,-167699.05149,625695.86411,2.9103830456733704e-11,15.003789071283027,84.19772911743098,-0.08343114995714793,-0.037156947838942404,0.09133124085370783,False,245.99369205649677
2020-04-14 23:30:00,-167569.55922,625802.2223,0.0,14.990292054311501,84.1971084667178,-0.08683734640963628,-0.03753419040235552,0.09460200939000951,False,246.62428180688835
2020-04-15 00:00:00,-167432.02573,625907.24832,1.1641532182693481e-10,14.976141428242622,84.19651766188181,-0.09011192437980063,-0.036871593674903065,0.09736361402268333,False,247.7468235327743
2020-04-15 00:30:00,-167290.47678,626014.28257,2.9103830456733704e-11,14.961604818623242,84.19591840273425,-0.09267764055594642,-0.037162940099112154,0.09985103492617091,False,248.149637387556
2020-04-15 01:00:00,-167144.23683,626122.63569,1.1641532182693481e-10,14.946640421677667,84.19531819279301,-0.09470595024895652,-0.03628421993199512,0.10141874397088153,False,249.03691317878202
2020-04-15 01:30:00,-166994.76087,626228.42171,0.0,14.931461175890183,84.19474730001359,-0.09486893161560951,-0.034102274103646926,0.10081209890150816,False,250.2281503982518
2020-04-15 02:00:00,-166845.87333,626329.25788,1.1999816708318134e-10,14.916447802803436,84.19421752367064,-0.09474560201793404,-0.03135346903855137,0.09979864288903004,False,251.68944890874383
2020-04-15 02:30:00,-166694.22501,626425.28919,1.1999816708318134e-10,14.90131056603752,84.19373534240879,-0.09455305899324326,-0.025051049066741268,0.09781531589850344,False,255.16089365109443
2020-04-15 03:00:00,-166540.1208,626503.94201,0.0,14.886360657855116,84.1934089890379,-0.09447909593276636,-0.01956024291242689,0.09648265476792198,False,258.3031618055251
2020-04-15 03:30:00,-166383.60607,626580.72166,1.1999816708318134e-10,14.871249014081938,84.19310401786217,-0.09258017527681897,-0.017827957332145115,0.09428109522551861,False,259.100104055032
2020-04-15 04:00:00,-166234.4675,626651.51073,1.1999816708318134e-10,14.856904774040869,84.19283359942885,-0.08248758482361532,-0.016452058192099474,0.08411225754186698,False,258.7204319046872
2020-04-15 04:30:00,-166111.76447,626714.11013,2.9103830456733704e-11,14.845005450454975,84.19257307307153,-0.07274448607922288,-0.013875763233147355,0.07405603999831895,False,259.2007521052184
2020-04-15 05:00:00,-165994.12642,626766.89121,0.0,14.833761978130285,84.19238576293345,-0.0729985856750718,-0.012094999459229035,0.07399380056788235,False,260.59223692246485
2020-04-15 05:30:00,-165868.87523,626823.48054,5.820766091346741e-11,14.821782791906049,84.19218268336067,-0.07759508476411195,-0.011275840275418995,0.07841008706452557,False,261.7318571116301
2020-04-15 06:00:00,-165734.46313,626877.59303,2.9103830456733704e-11,14.809077795044205,84.192021811392,-0.08011362208823807,-0.008109633024510052,0.08052303143752879,False,264.2198297346933
2020-04-15 06:30:00,-165597.50843,626925.4225,5.820766091346741e-11,14.79629806805386,84.19192093754316,-0.08061139565271055,-0.004657538258667139,0.08074583439230032,False,266.6932599277435
2020-04-15 07:00:00,-165458.16725,626967.91666,0.0,14.78343518906585,84.19187148416096,-0.08081846815779478,-0.0028158464682229434,0.08086750760784639,False,268.00452934180544
2020-04-15 07:30:00,-165318.77972,627009.4637,5.820766091346741e-11,14.770589905431539,84.19183005450321,-0.08148029102436527,-0.0003693413166707474,0.08148112811211845,False,269.74028622819617
2020-04-15 08:00:00,-165174.87043,627043.98643,1.1999816708318134e-10,14.757516547003165,84.1918595581739,-0.08232252906939672,0.0018288059907669782,0.08234284014857353,False,271.27262407872513
2020-04-15 08:30:00,-165030.51776,627078.58889,1.1641532182693481e-10,14.744403376288986,84.19188907959011,-0.08324542265143826,0.005092882238166469,0.0834010661916766,False,273.5009422152258
2020-04-15 09:00:00,-164880.38901,627102.52749,2.3283064365386963e-10,14.731036070704137,84.19202392859397,-0.08434542913588017,0.009907598711543423,0.08492533148798867,False,276.69952292010726
2020-04-15 09:30:00,-164727.78537,627121.30496,1.1641532182693481e-10,14.71757249262878,84.19220885204743,-0.08336355111913346,0.0057537405148975086,0.08356187638573676,False,273.948285012287
2020-04-15 10:00:00,-164584.86448,627158.73765,2.3283064365386963e-10,14.70451722922199,84.19220964421312,-0.08538350632930242,0.002195632937612796,0.08541173196395654,False,271.4730337062748
2020-04-15 10:30:00,-164428.46578,627191.68328,2.9103830456733704e-11,14.690410472919316,84.19227969235695,-0.08987963577277987,6.501831574720618e-05,0.08987965928967996,False,270.0414473690455
2020-04-15 11:00:00,-164271.81576,627240.56647,0.0,14.67592508219245,84.19221173313977,-0.09196568987303132,-0.004026377246884431,0.09205378768718211,False,267.493117334648
2020-04-15 11:30:00,-164111.86322,627289.58405,0.0,14.661154701772634,84.19214973081577,-0.09390237075623852,-0.0009284461750550185,0.09390696058302629,False,269.4335146862587
2020-04-15 12:00:00,-163945.6202,627329.36084,0.0,14.646053311487847,84.19218175813107,-0.09627300490898452,-0.0054310181228157985,0.09642607236663595,False,266.7712137661971
2020-04-15 12:30:00,-163781.48576,627396.13287,0.0,14.630529511254737,84.19197442941635,-0.10406053912600717,-0.017254226880053604,0.10548129762390882,False,260.5854686121576
2020-04-15 13:00:00,-163598.83872,627484.08481,1.1999816708318134e-10,14.612951841498253,84.19162480553017,-0.1119281032375898,-0.021951223304974666,0.11406031956359504,False,258.9040408079361
2020-04-15 13:30:00,-163411.51578,627574.25827,2.346425826049686e-10,14.594927038421787,84.1912659239276,-0.11255629746296156,-0.026535727211478875,0.11564196866714396,False,256.7344529642762
2020-04-15 14:00:00,-163230.78299,627678.63532,1.1641532182693481e-10,14.577152113101308,84.19076835375105,-0.11359063128067227,-0.0324219522881923,0.11812711164216054,False,254.06976764534508
2020-04-15 14:30:00,-163045.12925,627790.14004,1.1641532182693481e-10,14.558801219711345,84.19021946341906,-0.11328525572634913,-0.039605456871021474,0.12000892208059641,False,250.72995373480296
2020-04-15 15:00:00,-162871.89206,627919.15362,1.1999816708318134e-10,14.541127089329404,84.18949008005626,-0.11249580150633126,-0.0427930383185833,0.12036008260668327,False,249.17334737139498
2020-04-15 15:30:00,-162691.7963,628040.94177,1.1641532182693481e-10,14.523031061331514,84.18883827282767,-0.11316552560859552,-0.038170107943141886,0.11942944915999903,False,251.36103281960322
2020-04-15 16:00:00,-162511.97251,628154.33758,1.1641532182693481e-10,14.505147957260126,84.18825811775834,-0.11301410479449486,-0.03774393556278562,0.11915029397474762,False,251.53194647030045
2020-04-15 16:30:00,-162331.94683,628274.39153,1.1641532182693481e-10,14.48710409398085,84.18762005328577,-0.11405122497721414,-0.04536914636720736,0.1227438037576325,False,248.30752419832422
2020-04-15 17:00:00,-162155.30176,628415.18595,0.0,14.468895677476286,84.1867937880354,-0.11133440194608882,-0.054917876791425936,0.12414234671525871,False,243.7442770361024
2020-04-15 17:30:00,-161993.25241,628565.96798,5.820766091346741e-11,14.451720022823151,84.18584756787605,-0.10738909226333233,-0.056738848769931946,0.12145663463508163,False,242.15034091028517
2020-04-15 18:00:00,-161831.90967,628709.46434,1.1641532182693481e-10,14.434770630975027,84.18496250303257,-0.10445048923319965,-0.05652480302927086,0.11876429622808626,False,241.5793610523477
2020-04-15 18:30:00,-161679.82621,628856.76735,1.1641532182693481e-10,14.418534075632978,84.18402320467968,-0.10114124132040349,-0.0582325332803148,0.11670723468609419,False,240.06861691589245
2020-04-15 19:00:00,-161531.46996,629003.16262,0.0,14.402641186570122,84.18308300945063,-0.09645642205479449,-0.05825242886655049,0.11268179455646404,False,238.87117934749102
2020-04-15 19:30:00,-161395.65816,629146.25666,0.0,14.387897665680757,84.18214308954768,-0.09502442815186413,-0.05867257837398497,0.11167861656843801,False,238.30685508477734
2020-04-15 20:00:00,-161252.59676,629292.76291,0.0,14.372464808474628,84.18118928310561,-0.09649782569841757,-0.0609848426167318,0.11415332405808307,False,237.70787009981407
2020-04-15 20:30:00,-161113.635,629445.16209,0.0,14.357258378519054,84.1801747565673,-0.09493064776959043,-0.06550889769664989,0.11533968772016069,False,235.39156427047578
2020-04-15 21:00:00,-160979.99846,629605.97243,0.0,14.342328420751857,84.179074932491,-0.09416598801847734,-0.06875854236143086,0.11659747187295572,False,233.863661335638
2020-04-15 21:30:00,-160846.52002,629768.95277,2.9103830456733704e-11,14.327370266829844,84.17795551150377,-0.09594270742442837,-0.06939590854037114,0.11840943893994692,False,234.1215693047039
2020-04-15 22:00:00,-160707.16951,629933.49933,2.9103830456733704e-11,14.31188227896392,84.17683510109143,-0.10064935984355017,-0.07062776154879773,0.1229576119575778,False,234.9418577559983
2020-04-15 22:30:00,-160558.28071,630104.89149,2.9103830456733704e-11,14.295436855114666,84.17567590683238,-0.10749044636890517,-0.0736559123263946,0.1303049864019793,False,235.57980341364507
2020-04-15 23:00:00,-160397.66025,630286.00026,1.1999816708318134e-10,14.27778525547706,84.17445774928002,-0.11539799656605912,-0.0761632264096289,0.13826617326224294,False,236.57499905683684
2020-04-15 23:30:00,-160223.3011,630473.06524,1.1999816708318134e-10,14.258839019179934,84.17321762205889,-0.12224157359497279,-0.07779574080766155,0.14489713455685727,False,237.52692334112348
2020-04-16 00:00:00,-160040.12856,630665.82735,1.1641532182693481e-10,14.23902518710266,84.17194678419933,-0.12932622572288563,-0.07505429048136197,0.1495273191740808,False,239.87132468341434
2020-04-16 00:30:00,-159838.48938,630849.47599,2.9103830456733704e-11,14.21784105962028,84.17079511857558,-0.13674062692053454,-0.06677026386500551,0.15217183440841894,False,243.97380541045501
2020-04-16 01:00:00,-159621.97877,631019.74256,0.0,14.19568510083569,84.16979166739411,-0.1444273396954715,-0.05232518188556473,0.153613739980734,False,250.08484395605834
2020-04-16 01:30:00,-159380.62285,631159.6013,2.346425826049686e-10,14.17207188846699,84.16910620913308,-0.1514985583365491,-0.029139208504061834,0.15427542464791974,False,259.11269670593606
2020-04-16 02:00:00,-159118.86661,631254.98266,1.1999816708318134e-10,14.14768007126437,84.16885113534154,-0.15478545004019253,-0.004953750800436731,0.15486469962886237,False,268.1669325596
2020-04-16 02:30:00,-158844.65543,631313.0926,1.1999816708318134e-10,14.123027768078178,84.16894631019761,-0.15472254048997178,0.016154175608963997,0.15556356233153124,False,275.96050672246383
2020-04-16 03:00:00,-158564.51126,631334.49637,5.820766091346741e-11,14.098655173993885,84.16937254071922,-0.1526000827463275,0.03174310755402542,0.1558666421379906,False,281.75080784810734
2020-04-16 03:30:00,-158284.00656,631336.07955,2.3283064365386963e-10,14.074672535122387,84.16997086932157,-0.14998231970152387,0.042868135059075746,0.15598837529281878,False,285.95106214741816
2020-04-16 04:00:00,-158003.25422,631316.10909,0.0,14.051124530415743,84.17075617306348,-0.1419731070780078,0.061370735857681866,0.15466974608208559,False,293.3773871559081
2020-04-16 04:30:00,-157734.55566,631245.84489,1.1641532182693481e-10,14.029673468039178,84.17195175711859,-0.12929163037176294,0.07958809286167505,0.15182420824607382,False,301.61521992650944
2020-04-16 05:00:00,-157482.22984,631150.97507,1.1641532182693481e-10,14.010137434685722,84.17332502941173,-0.11716880878495935,0.089769344736766,0.1476044206877108,False,307.4576730485121
2020-04-16 05:30:00,-157247.05821,631034.40554,1.1641532182693481e-10,13.992520895045958,84.17484921540668,-0.10554568795843268,0.0936432454889744,0.14109907750345912,False,311.5803833950258
2020-04-16 06:00:00,-157032.02697,630915.73612,2.9103830456733704e-11,13.976662173846908,84.17634750850037,-0.09629051378012306,0.10117153847894178,0.13966940696600694,False,316.4159944809307
2020-04-16 06:30:00,-156822.70685,630764.69517,2.9103830456733704e-11,13.96197232897857,84.17811465431892,-0.08691578297148418,0.11113330864384194,0.1410849588711482,False,321.9715420042189
2020-04-16 07:00:00,-156631.84393,630602.97121,2.9103830456733704e-11,13.94908018726401,84.1799344824092,-0.07603848311836367,0.11550629658285377,0.1382879440342789,False,326.64285189738763
2020-04-16 07:30:00,-156456.80277,630427.12224,1.1641532182693481e-10,13.937834591800245,84.18184275838777,-0.06583415893042562,0.12181115155661419,0.13846332772840964,False,331.61051404266163
2020-04-16 08:00:00,-156296.19298,630234.4488,1.1641532182693481e-10,13.928174904884223,84.18386607180098,-0.056423188042980424,0.13061501477054413,0.14228091309955454,False,336.63657909560504
2020-04-16 08:30:00,-156146.46844,630019.62622,1.1999816708318134e-10,13.919911448695306,84.18605848868219,-0.046740808375612744,0.14096797108021777,0.14851488827076856,False,341.6560063155324
2020-04-16 09:00:00,-156010.78433,629782.34663,1.1641532182693481e-10,13.913322071027007,84.18841594742193,-0.04017403377904805,0.15260266472252226,0.1578021744796143,False,345.2510164682713
2020-04-16 09:30:00,-155873.9872,629521.15079,1.1999816708318134e-10,13.907139725734575,84.19098386025618,-0.03519318103141036,0.15951446140027928,0.16335061489609032,False,347.5583254995355
2020-04-16 10:00:00,-155749.78185,629255.37901,1.1641532182693481e-10,13.902129427401153,84.1935644034097,-0.027902349572738523,0.16045621077083505,0.162864166367602,False,350.1352600213678
2020-04-16 10:30:00,-155637.69439,628984.56315,1.1641532182693481e-10,13.898261971131046,84.19616270284243,-0.023249173981360692,0.16634354215134586,0.16796040636492923,False,352.0435386763595
2020-04-16 11:00:00,-155524.69541,628694.17785,0.0,13.894728507233227,84.19893324996578,-0.017834955647571343,0.1716337784198056,0.17255793096119854,False,354.06752365192585
2020-04-16 11:30:00,-155426.99,628400.17995,0.0,13.892582480906185,84.20170229283791,-0.010966552468521344,0.16824848275755377,0.16860550768958796,False,356.270696837695
2020-04-16 12:00:00,-155340.942,628115.68049,1.1641532182693481e-10,13.891234572197252,84.20436356596501,-0.006486448363158807,0.1627350219518172,0.16286424218356327,False,357.71745821971
2020-04-16 12:30:00,-155263.67208,627837.07413,0.0,13.89051501228684,84.20695465077996,-0.002497801796715951,0.15806788776480385,0.15808762176793698,False,359.0946827168435
2020-04-16 13:00:00,-155195.6039,627565.4358,2.346425826049686e-10,13.890438249431721,84.20946528275296,0.000599331942872254,0.15524999836445075,0.1552511552000168,False,0.22118531808303032
2020-04-16 13:30:00,-155131.59367,627294.00033,1.1999816708318134e-10,13.89070638585354,84.2119654122529,0.002789235727474332,0.15362473341338412,0.1536500522364921,False,1.0401572374402122
2020-04-16 14:00:00,-155072.58069,627026.14983,2.9103830456733704e-11,13.891328723766804,84.21442358199798,0.0042434666204246435,0.15092201031168115,0.15098165519518536,False,1.6105582423479632
2020-04-16 14:30:00,-155015.98266,626762.90405,1.1641532182693481e-10,13.892061519489571,84.21683647447765,0.004282144062077772,0.1494028032286548,0.1494641574771307,False,1.64174717965642
2020-04-16 15:00:00,-154958.41116,626500.33077,1.1999816708318134e-10,13.892696696257362,84.21924560592677,0.006819165281127852,0.14814075026682302,0.14829761597796698,False,2.635559629188947
2020-04-16 15:30:00,-154911.76429,626239.3038,2.346425826049686e-10,13.894241309347443,84.221617757929,0.013666417555313486,0.15024321357767914,0.15086349523640333,False,5.197433380420875
2020-04-16 16:00:00,-154876.29002,625963.46668,2.9103830456733704e-11,13.897066883100296,84.22409473816582,0.019842652249151736,0.1578409354701809,0.15908328560343032,False,7.16523432920485
2020-04-16 16:30:00,-154844.63098,625670.55235,1.1999816708318134e-10,13.900588770289923,84.22671210353458,0.028874484066282576,0.16872152480373634,0.17117443957025774,False,9.711345079824696
2020-04-16 17:00:00,-154831.27397,625348.88513,2.346425826049686e-10,13.906308363307694,84.22954023624752,0.044230421250565,0.1783540403421807,0.18375661585472958,False,13.927924074887528
2020-04-16 17:30:00,-154844.88055,625009.02858,2.399963341663627e-10,13.91475159182233,84.23246846907902,0.05994089604031233,0.18310875774194588,0.19266999813129743,False,18.12592824154956
2020-04-16 18:00:00,-154882.2078,624657.14577,1.1641532182693481e-10,13.925510767666317,84.23545004761993,0.06761288581192132,0.17914575034146613,0.19148029191857532,False,20.67742473196563
2020-04-16 18:30:00,-154925.92536,624324.48035,2.3283064365386963e-10,13.93642125191766,84.238250402435,0.07867883188649968,0.1787157360192981,0.1952682075708781,False,23.761286988446727
2020-04-16 19:00:00,-155002.15983,623964.48996,1.1999816708318134e-10,13.95074164301783,84.24121802145697,0.09978607282773237,0.1858170826824904,0.21091526390238566,False,28.236348787331792
2020-04-16 19:30:00,-155113.28563,623588.66451,5.820766091346741e-11,13.968436611400643,84.24424754471636,0.11231861265899817,0.18873313437203457,0.21962619779874742,False,30.757666996242392
2020-04-16 20:00:00,-155230.54179,623207.53823,1.1641532182693481e-10,13.986795173677033,84.24730934437346,0.11768878951596379,0.1865838061764458,0.22059956460750849,False,32.24191109410384
2020-04-16 20:30:00,-155362.05465,622834.47515,1.1641532182693481e-10,14.006233778986601,84.25026947494776,0.1228234703027718,0.18009938218563085,0.21799401900249876,False,34.29305232341801
2020-04-16 21:00:00,-155502.64008,622471.44057,1.1999816708318134e-10,14.02626138253772,84.25312199804948,0.12460454447219081,0.1705286852677942,0.2112020951654708,False,36.15543183334512
2020-04-16 21:30:00,-155648.46694,622130.15564,2.3283064365386963e-10,14.046291519398759,84.25577324914954,0.1258990681704327,0.164580044957862,0.20721285328018418,False,37.414963849734306
2020-04-16 22:00:00,-155798.52464,621786.66469,0.0,14.066754888889163,84.25843375905399,0.1303967211565215,0.16057744059936738,0.20685361809215466,False,39.078284196266964
2020-04-16 22:30:00,-155963.31516,621455.31602,2.9103830456733704e-11,14.088250762381339,84.26095579831002,0.1293695648653433,0.15419054345912878,0.2012739625626468,False,39.9974566285764
2020-04-16 23:00:00,-156115.12994,621134.90834,2.9103830456733704e-11,14.108401101168408,84.26341025401749,0.12893695597242621,0.15219985495640098,0.19947314221264192,False,40.269789199809736
2020-04-16 23:30:00,-156279.92769,620810.7783,1.3015628661377063e-10,14.129776815061605,84.26586794519116,0.13577551972027505,0.14865064099544897,0.20132561889553116,False,42.40816084187418
2020-04-17 00:00:00,-156458.49513,620496.63322,2.346425826049686e-10,14.152147742489804,84.26820785243785,0.13959051831974784,0.1428980273070753,0.1997632574149448,False,44.329184670945494
2020-04-17 00:30:00,-156641.42421,620189.09211,1.1999816708318134e-10,14.174770855707516,84.27047990345585,0.14290678231310333,0.1333996421037442,0.1954937670221016,False,46.97065340512927
2020-04-17 01:00:00,-156839.6947,619905.03391,2.3283064365386963e-10,14.198228483215258,84.27251322658424,0.14896471604781863,0.11890561547344156,0.1906017628940645,False,51.402667624071455
2020-04-17 01:30:00,-157056.32212,619642.57223,0.0,14.222822127286658,84.274317472297,0.1590483358822129,0.10033575436173092,0.1880522181476167,False,57.75419294240328
2020-04-17 02:00:00,-157305.97128,619414.2194,1.1641532182693481e-10,14.249548125254414,84.2757514124124,0.1651979651260855,0.08289010693232554,0.18482731808109895,False,63.35422900595762
2020-04-17 02:30:00,-157559.28624,619206.96296,1.1641532182693481e-10,14.2761395612804,84.27699270932138,0.16025857956913467,0.07482964484960548,0.17686799618312737,False,64.97068688348173
2020-04-17 03:00:00,-157798.65614,619010.88321,2.9103830456733704e-11,14.301282877565042,84.27816656023867,0.15038898999950498,0.05973848592089723,0.16181945189992594,False,68.33571468327426
2020-04-17 03:30:00,-158030.7848,618864.83193,0.0,14.32469666108925,84.27892080589668,0.13947999035314604,0.04294470854036726,0.14594148039721538,False,72.88684388594919
2020-04-17 04:00:00,-158246.92168,618736.8541,1.1641532182693481e-10,14.34632486989816,84.27955264413865,0.1274838919320666,0.031757188166803146,0.13137983750335733,False,76.01189738783802
2020-04-17 04:30:00,-158447.08709,618640.35347,0.0,14.365868913356879,84.27994582393369,0.11701413795039424,0.019277426607541077,0.11859143163349967,False,80.64487088438875
2020-04-17 05:00:00,-158637.78182,618565.10762,1.1641532182693481e-10,14.384118747902745,84.28017485343561,0.1095432348977202,0.010643168165389506,0.11005906296372808,False,84.45058789901458
2020-04-17 05:30:00,-158819.56213,618505.27279,1.3015628661377063e-10,14.40125139848455,84.2802893598201,0.10099964350380922,0.0023837226272410902,0.10102776906108624,False,88.64799626021994
2020-04-17 06:00:00,-158987.82115,618466.36485,2.9103830456733704e-11,14.416742216851299,84.28025183325269,0.08850712047861849,-0.006724475433250433,0.08876220448630755,False,94.34479476983842
2020-04-17 06:30:00,-159134.18155,618449.38945,1.1641532182693481e-10,14.429839603058529,84.28007239136629,0.07629325470850686,-0.009564331229703347,0.07689042297899383,False,97.1454789941493
2020-04-17 07:00:00,-159262.3926,618431.26761,1.1641532182693481e-10,14.441384930765201,84.27994318395855,0.06499033071104239,-0.006864712467782287,0.06535187344824925,False,96.02960485782637
2020-04-17 07:30:00,-159366.91736,618414.97312,2.9103830456733704e-11,14.450830980343937,84.27985087559576,0.053573275401515505,-0.002923511022324396,0.053652984576296206,False,93.12355117577937
2020-04-17 08:00:00,-159451.78101,618393.33029,2.346425826049686e-10,14.45868846820604,84.27984885348049,0.043966784156561696,0.005136705703338903,0.04426583168260141,False,83.33625723413246
2020-04-17 08:30:00,-159515.56756,618357.54691,2.9103830456733704e-11,14.465031795145324,84.28001667823173,0.036542454923410926,0.015615383094774664,0.03973903875317185,False,66.86193117623225
2020-04-17 09:00:00,-159565.12167,618306.03646,1.1999816708318134e-10,14.470491625505922,84.28035283901873,0.029962589168087493,0.027398315151582846,0.04060079337649756,False,47.55965844051815
2020-04-17 09:30:00,-159595.36423,618235.08846,1.1641532182693481e-10,14.474710207006211,84.28090095155427,0.022972818882040665,0.03862162785612598,0.044937518240821116,False,30.744921051208735
2020-04-17 10:00:00,-159610.44581,618150.74031,0.0,14.477912859421398,84.28159933327126,0.017177190571437382,0.04702480149616013,0.05006383756446105,False,20.066206562802336
2020-04-17 10:30:00,-159612.91493,618055.71522,1.1641532182693481e-10,14.480259829447157,84.28241864979478,0.014816383036687494,0.05257567375540888,0.054623499312338376,False,15.738399871757224
2020-04-17 11:00:00,-159614.76352,617954.14312,2.346425826049686e-10,14.482700520876087,84.28329617705057,0.015825847765994296,0.05664502340305741,0.05881425111182959,False,15.609639163510394
2020-04-17 11:30:00,-159617.07916,617844.02487,2.3283064365386963e-10,14.485374495588884,84.2842468276607,0.016299433706595225,0.058689440655727725,0.060910770670201494,False,15.52122097116387
2020-04-17 12:00:00,-159618.72763,617734.90018,1.1641532182693481e-10,14.487969029430486,84.28519033766054,0.020977189472993266,0.06039030124793394,0.0639298909978898,False,19.155194122365288
2020-04-17 12:30:00,-159635.8059,617614.64041,0.0,14.49215645513655,84.28619587167344,0.0365909523866421,0.06304870473788345,0.07289744142071322,False,30.129169251037126
2020-04-17 13:00:00,-159689.46374,617482.18231,1.1999816708318134e-10,14.49980112599657,84.28722515257284,0.05005218560596953,0.06626140115603497,0.0830409210395418,False,37.06647598102114
2020-04-17 13:30:00,-159750.52941,617338.58242,2.9103830456733704e-11,14.508343712571014,84.28833439591666,0.05109668964373272,0.06811096364278185,0.08514678538204654,False,36.87714721797062
2020-04-17 14:00:00,-159806.11832,617198.71911,2.9103830456733704e-11,14.51632896693839,84.2894233896393,0.046705066905111434,0.06348066805820152,0.07881090338098214,False,36.34328741351965
2020-04-17 14:30:00,-159856.01755,617075.20272,2.9103830456733704e-11,14.523453708218286,84.29038319604756,0.04182849437228306,0.05623785447029125,0.0700879391684031,False,36.641069175458824
2020-04-17 15:00:00,-159901.11781,616964.96977,1.1999816708318134e-10,14.529863623261754,84.29123842990705,0.03277448717393745,0.0513264774134585,0.060898064773758254,False,32.560238616581955
2020-04-17 15:30:00,-159923.87481,616866.73566,2.346425826049686e-10,14.534060116304651,84.2920397368626,0.01884505474992044,0.04563567603308738,0.049373586212917576,False,22.43796586092725
2020-04-17 16:00:00,-159925.55988,616788.91342,2.9103830456733704e-11,14.535962922543039,84.29271129593796,0.009693179854900077,0.0382356979846552,0.03944523210824352,False,14.225432548089827
2020-04-17 16:30:00,-159923.10519,616724.73491,1.1999816708318134e-10,14.53719781845768,84.29327376394978,0.008957955444564828,0.029194248219143223,0.03053766682030171,False,17.058094330371205
2020-04-17 17:00:00,-159930.39526,616679.08421,2.3283064365386963e-10,14.538863000069203,84.29365351463275,0.00684565106538411,0.02553222194095759,0.02643401777542171,False,15.009029508213416
2020-04-17 17:30:00,-159923.88608,616629.57565,2.346425826049686e-10,14.539414139556973,84.29409779686834,0.006432384597466291,0.024232836692609772,0.025072015191851173,False,14.865825534055773
2020-04-17 18:00:00,-159930.90946,616588.82642,0.0,14.540945797125456,84.29443560694031,0.009410128031084299,0.020984750340802497,0.02299804897001502,False,24.15275075572856
2020-04-17 18:30:00,-159937.71018,616547.94495,2.9103830456733704e-11,14.542461235634597,84.29477506166094,0.0090224714901627,0.021372944827900284,0.02319930521389096,False,22.886773024477293
2020-04-17 19:00:00,-159943.02964,616506.19305,1.1641532182693481e-10,14.543867536403864,84.29512540049859,0.00980417040040206,0.021067305942036367,0.023236891721903786,False,24.956030606051286
2020-04-17 19:30:00,-159952.82858,616465.66964,1.1999816708318134e-10,14.545636326554096,84.2954549896038,0.010184755834074393,0.022678380178289798,0.02486037366796324,False,24.18462825091484
2020-04-17 20:00:00,-159958.01505,616417.9592,1.1641532182693481e-10,14.547166059977323,84.29585732601608,0.009244342567165194,0.025683224743619903,0.027296261698818613,False,19.79568020542797
2020-04-17 20:30:00,-159961.81759,616367.8151,0.0,14.548630487145015,84.29628389318155,0.00842419760860491,0.02745349398964457,0.02871691901280977,False,17.05880910523274
2020-04-17 21:00:00,-159962.54281,616314.67749,1.1641532182693481e-10,14.549894777628037,84.29674336359656,0.0073490817809206315,0.030004537883883957,0.03089144374496095,False,13.762643705799348
2020-04-17 21:30:00,-159960.28961,616256.6164,1.1641532182693481e-10,14.551011155515729,84.29725226305376,0.00861005773950756,0.03462874401184616,0.03568309131949789,False,13.962829745068518
2020-04-17 22:00:00,-159961.22411,616186.22513,1.1999816708318134e-10,14.55268425791244,84.29786097364033,0.011230353182625764,0.03990412214890426,0.04145430975280114,False,15.718375684860746
2020-04-17 22:30:00,-159963.32562,616107.41177,1.1999816708318134e-10,14.554649897831704,84.29854013122161,0.013358022701672434,0.04451550624922585,0.046476521676253504,False,16.703224501100806
2020-04-17 23:00:00,-159967.49692,616019.02728,2.9103830456733704e-11,14.557012914469038,84.29929766898773,0.015335747866256633,0.05042911570411719,0.05270940023673798,False,16.914780461670773
2020-04-17 23:30:00,-159971.13194,615917.81857,0.0,14.55962008667282,84.30016768270048,0.017480467308543444,0.0549549404822259,0.05766812135599743,False,17.64520519201733
2020-04-18 00:00:00,-159978.67181,615811.72302,2.9103830456733704e-11,14.562679044446439,84.30107128536685,0.018147426338340784,0.05972038515640946,0.06241677247291305,False,16.9026226601016
2020-04-18 00:30:00,-159980.30609,615693.30555,0.0,14.565503269127992,84.30209510185631,0.016817226617990472,0.06578235878069313,0.06789799583104557,False,14.34048752531453
2020-04-18 01:00:00,-159977.71186,615567.29212,0.0,14.568131949486586,84.30319434761601,0.016859905856949884,0.0699718909825232,0.07197445347604471,False,13.547327009729884
2020-04-18 01:30:00,-159975.68996,615434.23864,0.0,14.570971137308726,84.30435337407985,0.017160553332214057,0.07425456548706265,0.07621171226484968,False,13.012845713881802
2020-04-18 02:00:00,-159970.25166,615293.0314,1.1641532182693481e-10,14.573698395880742,84.30559083912931,0.017408409328343612,0.0789714675575384,0.08086745577507988,False,12.431420415668981
2020-04-18 02:30:00,-159964.80747,615143.31927,1.1641532182693481e-10,14.576619272781238,84.30690209586881,0.018802239753449287,0.08239715191894507,0.08451517534798057,False,12.854252920578062
2020-04-18 03:00:00,-159961.10685,614988.91423,1.1641532182693481e-10,14.579800155696606,84.30825011931248,0.020429905651937474,0.08240679937925556,0.0849014819003764,False,13.923769594789235
2020-04-18 03:30:00,-159961.30794,614837.69397,2.9103830456733704e-11,14.583250770911988,84.30956168560456,0.02162879060116244,0.08187004687269812,0.08467885897794514,False,14.798555031308467
2020-04-18 04:00:00,-159962.25238,614684.07249,1.1999816708318134e-10,14.586822421383992,84.31089238509233,0.022344774589094937,0.0815243867582202,0.08453114566679747,False,15.327606739286693
2020-04-18 04:30:00,-159965.24232,614533.40728,0.0,14.59050715767333,84.31219279399728,0.02400684208944945,0.08049720105445415,0.08400076097696363,False,16.606264804316254
2020-04-18 05:00:00,-159972.8892,614381.85688,0.0,14.594620428046383,84.31349033842262,0.024082023743800543,0.080823226006815,0.084334676911373,False,16.591909538728316
2020-04-18 05:30:00,-159975.82362,614229.98689,0.0,14.598331189326155,84.31480127344743,0.022500563363889163,0.08000309963348452,0.08310698708687281,False,15.70843314703609
2020-04-18 06:00:00,-159978.68553,614082.72788,1.1641532182693481e-10,14.60193236880337,84.31607234564792,0.02073316330253966,0.07963666704247119,0.08229132881515035,False,14.592834631942083
2020-04-18 06:30:00,-159975.77658,613933.73811,0.0,14.605070247205488,84.31737145492951,0.0187625831566538,0.08267627603475648,0.08477854177612162,False,12.786156394547788
2020-04-18 07:00:00,-159968.99818,613777.67891,0.0,14.608032383019964,84.31874062347184,0.02069339758564663,0.08639765777445989,0.08884127403718575,False,13.469369192898512
2020-04-18 07:30:00,-159969.42091,613613.97268,1.1999816708318134e-10,14.611799850933483,84.3201598284574,0.021637101122178825,0.09080692053285777,0.09334913476638194,False,13.402293441978998
2020-04-18 08:00:00,-159961.90459,613441.6969,1.3015628661377063e-10,14.615070332362574,84.32167130628484,0.02127668030597704,0.10020223155878899,0.10243624521722729,False,11.987984675805592
2020-04-18 08:30:00,-159952.51823,613245.58977,0.0,14.618722712872113,84.3233937254903,0.024875195797858827,0.11677421787507172,0.11939427677370693,False,12.025380275017312
2020-04-18 09:00:00,-159942.45659,613012.31771,0.0,14.623166724539828,84.32544003666722,0.027384720169249713,0.13273239214306629,0.13552789684330246,False,11.65742799350744
2020-04-18 09:30:00,-159927.27485,612758.34281,1.1641532182693481e-10,14.627638735054767,84.32767748655085,0.028445314690967467,0.14574944489178,0.14849928152731978,False,11.043363274916942
2020-04-18 10:00:00,-159909.03537,612478.76601,1.1999816708318134e-10,14.632431862047923,84.33014389846522,0.03489250169976181,0.16030919235414964,0.16406256071422154,False,12.2793377988354
2020-04-18 10:30:00,-159903.02514,612168.21562,1.1999816708318134e-10,14.639009436144965,84.3328512233949,0.04329492575141436,0.17293887529855637,0.1782759243009277,False,14.05501552792009
2020-04-18 11:00:00,-159902.49393,611837.00602,0.0,14.646546833270225,84.33572523950806,0.04857417936504773,0.18422787153896075,0.19052390808705258,False,14.770656336263869
2020-04-18 11:30:00,-159904.51085,611482.33116,1.3015628661377063e-10,14.654853489431396,84.33879689368568,0.0561149944618975,0.19152177623163671,0.19957325315377286,False,16.330340408965128
2020-04-18 12:00:00,-159923.5008,611118.84948,1.1999816708318134e-10,14.664860694976754,84.3419062847811,0.06523535575696705,0.19516497385098985,0.20577905301316654,False,18.482591238249825
2020-04-18 12:30:00,-159953.8356,610743.17048,1.3015628661377063e-10,14.676155306343766,84.34509551164848,0.07162827758887355,0.1973755818171361,0.20997078474874004,False,19.946008699515232
2020-04-18 13:00:00,-159992.92722,610366.1497,1.1999816708318134e-10,14.688262711019107,84.3482762445779,0.07444075581538254,0.19495590125342457,0.2086845216107329,False,20.898547315456028
2020-04-18 13:30:00,-160035.10572,609996.31495,2.3283064365386963e-10,14.700489335383768,84.35138738486937,0.08155650631253913,0.1892313047062565,0.2060581238455289,False,23.315484009171996
2020-04-18 14:00:00,-160104.04587,609632.71013,0.0,14.714938507401557,84.35438330871922,0.09748024097130223,0.1792500022177826,0.20404156604696555,False,28.538356508251525
2020-04-18 14:30:00,-160210.61193,609283.04029,2.3283064365386963e-10,14.73239027177342,84.35717228037326,0.11201206638341149,0.16889488362323873,0.20266273641098687,False,33.55256834658428
2020-04-18 15:00:00,-160339.40958,608942.13107,1.1641532182693481e-10,14.75161251004661,84.35983403050318,0.11705255272285854,0.1609073287395324,0.19897856301880745,False,36.03413629216726
2020-04-18 15:30:00,-160470.6135,608615.56926,2.346425826049686e-10,14.770731704579793,84.36236527109374,0.11793408935560651,0.15500510708917253,0.19476917788978323,False,37.26532988712387
2020-04-18 16:00:00,-160607.67428,608294.31005,1.1641532182693481e-10,14.790260496781274,84.36483651494578,0.11828289744050681,0.14794184889938994,0.189413923676934,False,38.64313651906281
2020-04-18 16:30:00,-160746.36271,607991.92151,2.346425826049686e-10,14.809510311201848,84.36713981971826,0.11632093558943372,0.13603435289389032,0.17898576821541057,False,40.533256077254634
2020-04-18 17:00:00,-160887.34258,607713.81804,1.1641532182693481e-10,14.828411277973451,84.36922676946793,0.10630823387072036,0.12744344973096072,0.16596166264544257,False,39.833514105512734
2020-04-18 17:30:00,-160998.90928,607450.45955,1.1999816708318134e-10,14.8443895903514,84.3712528915263,0.10166205561229302,0.11980845181750358,0.15712809639979744,False,40.31587951120417
2020-04-18 18:00:00,-161130.6119,607203.1395,0.0,14.861779296438106,84.37309330542874,0.1117299481866589,0.12137752736093105,0.16497298406117,False,42.63006189847829
2020-04-18 18:30:00,-161275.60672,606924.95123,0.0,14.881075631154683,84.37517004296417,0.11559081008697107,0.13246188726721378,0.1758049685161209,False,41.10907231436744
2020-04-18 19:00:00,-161410.31747,606635.40318,2.9103830456733704e-11,14.89974572413304,84.37736825831158,0.11766699204597755,0.14268820009993322,0.1849471369470388,False,39.510498143981636
2020-04-18 19:30:00,-161552.88411,606319.62504,5.820766091346741e-11,14.919740171943104,84.37977495982452,0.12560871992395775,0.15472783254875744,0.19929438699113328,False,39.0698405449491
2020-04-18 20:00:00,-161703.85072,605980.73778,0.0,14.941037415332367,84.3823617212307,0.12986569510300203,0.16048186745716073,0.2064449770450315,False,38.980597196877454
2020-04-18 20:30:00,-161855.64027,605640.88518,2.9103830456733704e-11,14.962449703893366,84.38495415779624,0.130805146583866,0.1602710076096723,0.2068738317261183,False,39.21959610194227
2020-04-18 21:00:00,-162009.81655,605301.74499,0.0,14.984075728687484,84.38753410432163,0.12808200963706834,0.1604885202088748,0.2053328183985806,False,38.59252160275281
2020-04-18 21:30:00,-162151.67738,604963.55518,0.0,15.004610910211971,84.39013360161698,0.12331985265142315,0.16411987212404272,0.20528789171303027,False,36.921240503152376
2020-04-18 22:00:00,-162285.66711,604616.12025,2.9103830456733704e-11,15.024688704007657,84.39283071187745,0.12583955155955162,0.1781756426260087,0.21813333620036215,False,35.232294333587674
2020-04-18 22:30:00,-162422.93098,604226.61137,0.0,15.046075461578209,84.39588375709604,0.14082189294758296,0.20304213793740536,0.2470969755208122,False,34.74362709181577
2020-04-18 23:00:00,-162585.49411,603778.62315,1.1999816708318134e-10,15.07111700354771,84.39938326747445,0.15349031094816035,0.2138218919683803,0.2632091887451892,False,35.67236907357841
2020-04-18 23:30:00,-162756.339,603339.65256,0.0,15.096707620371882,84.40278431458674,0.1582735876514618,0.20432285337830766,0.258453781091936,False,37.76225794982605
2020-04-19 00:00:00,-162944.0379,602920.04697,2.9103830456733704e-11,15.12335849245319,84.40597723295521,0.16155671492167617,0.19226304941466119,0.25112875643085597,False,40.039999274109846
2020-04-19 00:30:00,-163137.22027,602519.73774,5.820766091346741e-11,15.15006270498945,84.40898911553583,0.16444159327865307,0.18292463200658343,0.24597247527877164,False,41.954216291249736
2020-04-19 01:00:00,-163343.34767,602129.69036,1.1999816708318134e-10,15.177696310398291,84.41188061125378,0.16597720781566017,0.17519043344624727,0.24132990176388594,False,43.45310453070363
2020-04-19 01:30:00,-163548.77389,601754.61318,1.1999816708318134e-10,15.204935565849906,84.41464294647277,0.1631882847595573,0.16492676299667194,0.23201563187709304,False,44.69642802312484
2020-04-19 02:00:00,-163754.53959,601402.65924,2.9103830456733704e-11,15.23167340435648,84.41720320701987,0.1585371647390601,0.15320880446911098,0.22046988540468324,False,45.97920377982689
2020-04-19 02:30:00,-163954.55351,601072.49205,2.9103830456733704e-11,15.257398161638443,84.41958739259468,0.14786257554603568,0.14533022739430154,0.20732635201919342,False,45.494859532946236
2020-04-19 03:00:00,-164130.40272,600757.83186,2.9103830456733704e-11,15.280624285217199,84.42189344682629,0.13371329292987166,0.13768301819581627,0.19192670008536888,False,44.16199198210444
2020-04-19 03:30:00,-164288.27404,600467.49343,0.0,15.301682840902755,84.42403081251999,0.12337316932695899,0.13130778265627355,0.18017400671541295,False,43.215520842758735
2020-04-19 04:00:00,-164434.0528,600184.67144,0.0,15.321500861250536,84.42613108081608,0.1109645409251149,0.12829532678229155,0.1696255293783824,False,40.857016577676745
2020-04-19 04:30:00,-164551.50806,599916.49107,2.9103830456733704e-11,15.33846126103401,84.42817127011351,0.10737559880878156,0.12416403379902892,0.16415305817678452,False,40.85286522127626
2020-04-19 05:00:00,-164688.59785,599651.35173,1.1999816708318134e-10,15.357104360288844,84.4301380686917,0.10076361917476077,0.12298466104692517,0.15899224447130525,False,39.328400007577784
2020-04-19 05:30:00,-164784.05077,599393.48659,2.9103830456733704e-11,15.37188253688745,84.43214035396826,0.08751592511733328,0.12314916696331107,0.15107863671909458,False,35.39949534679056
2020-04-19 06:00:00,-164874.86311,599140.35851,1.1999816708318134e-10,15.386142910276833,84.43411236095557,0.08384229404871887,0.12338587314719264,0.14917641892620614,False,34.19661408016623
2020-04-19 06:30:00,-164957.21167,598885.13434,2.3283064365386963e-10,15.399712092317218,84.43612228511924,0.0790328295898092,0.12363184286514421,0.1467345246463951,False,32.58913381649529
2020-04-19 07:00:00,-165030.97603,598635.70934,2.3283064365386963e-10,15.412385293168619,84.43810223004986,0.08012577760648873,0.12513169773352034,0.14858695102436684,False,32.63271868384214
2020-04-19 07:30:00,-165115.57109,598374.19967,0.0,15.42632789001066,84.44016050521172,0.08214500025402807,0.13027366202754145,0.15400983113035469,False,32.23377778353387
2020-04-19 08:00:00,-165191.2945,598104.95837,0.0,15.43968124773248,84.44230642986754,0.08104345430268034,0.1313842207811555,0.1543692163469843,False,31.66807567167791
2020-04-19 08:30:00,-165270.87904,597840.61335,1.1999816708318134e-10,15.453268172293269,84.44440052194082,0.08288104106914403,0.13210599784928698,0.15595275450103777,False,32.1034561121229
2020-04-19 09:00:00,-165352.15972,597567.06811,2.3283064365386963e-10,15.467243124899001,84.44656973180508,0.08515974744614312,0.1347549085841682,0.15940849404162377,False,32.29125953420777
2020-04-19 09:30:00,-165436.97615,597291.30543,0.0,15.481598710963267,84.44874930493546,0.08601559829295088,0.1360447495803825,0.1609560717651971,False,32.303513701857185
2020-04-19 10:00:00,-165519.849,597012.42122,0.0,15.495869479477706,84.45096014716424,0.08222354256057604,0.13269662781888705,0.1561060728662248,False,31.783825286006504
2020-04-19 10:30:00,-165594.59236,596751.87912,2.9103830456733704e-11,15.508973108334386,84.45303169107235,0.07759494676801054,0.12668407160772152,0.14855917932945342,False,31.487782763655673
2020-04-19 11:00:00,-165667.07331,596498.27144,2.9103830456733704e-11,15.521713021557934,84.45504847424785,0.07690996664705813,0.12066153202382034,0.1430886029003953,False,32.51353988660276
2020-04-19 11:30:00,-165745.1283,596259.24692,0.0,15.534597809494255,84.45692564554962,0.07596572090938064,0.11302447151361031,0.13618120984266815,False,33.90573685586435
2020-04-19 12:00:00,-165821.58665,596033.00485,2.9103830456733704e-11,15.547031561163319,84.45869597712483,0.07239986868656484,0.10696175242912373,0.12916097502164106,False,34.09313757916675
2020-04-19 12:30:00,-165893.02325,595818.41472,2.9103830456733704e-11,15.558735545710396,84.46037749652052,0.06665506865665762,0.10078674974134197,0.12083404777233789,False,33.478558975559906
2020-04-19 13:00:00,-165955.43078,595619.10512,0.0,15.569260570866055,84.46194855510929,0.0593334580963991,0.09581121239501014,0.11269537554965996,False,31.768884541296813
2020-04-19 13:30:00,-166006.20832,595428.81961,1.1641532182693481e-10,15.57852852193282,84.46346950225332,0.04865301952126494,0.09082809386738376,0.10303814315154783,False,28.17619425759534
2020-04-19 14:00:00,-166036.3335,595257.09788,2.9103830456733704e-11,15.585494717406897,84.46487975597287,0.039825061836101176,0.08375768389719687,0.0927436529476386,False,25.43012980939875
2020-04-19 14:30:00,-166063.29367,595099.8588,1.1999816708318134e-10,15.591820743753926,84.4661725034647,0.03313693490974426,0.07790661747788026,0.08466107430252338,False,23.04207379857644
2020-04-19 15:00:00,-166075.85288,594954.89102,0.0,15.596557071642398,84.46739394008252,0.023119276879725176,0.07166975877465218,0.07530640933053592,False,17.878696491313974
2020-04-19 15:30:00,-166074.08908,594828.97075,2.9103830456733704e-11,15.59954037452129,84.46848540963578,0.012721089515306826,0.06546065941070078,0.06668526110723581,False,10.997323268215212
2020-04-19 16:00:00,-166056.59051,594715.59811,0.0,15.600805434708443,84.46950646260471,0.0030129924593943827,0.05929898863317791,0.05937548464204844,False,2.908707646206949
2020-04-19 16:30:00,-166027.12533,594620.44206,0.0,15.60054659469031,84.47039907981741,-0.004303802411541274,0.051414496756245195,0.05159431356162747,False,355.21504272593904
2020-04-19 17:00:00,-165991.89095,594541.49142,1.1999816708318134e-10,15.599367388687204,84.47116568511342,-0.016203083437529443,0.052641692051109135,0.05507892205633066,False,342.8916637416532
2020-04-19 17:30:00,-165919.98182,594453.59824,2.9103830456733704e-11,15.59513175381742,84.47209789223974,-0.024597109534795505,0.0521965166415916,0.057701769010860285,False,334.7682904458922
2020-04-19 18:00:00,-165856.08461,594384.30719,1.1999816708318134e-10,15.591147005461092,84.47285014616315,-0.02608246257869825,0.04532726379359276,0.052295847800596366,False,330.08278060892457
2020-04-19 18:30:00,-165785.68242,594321.66113,0.0,15.586413530072223,84.47356066448796,-0.03092152672948066,0.040667778253456535,0.05108824721356468,False,322.7526517851678
2020-04-19 19:00:00,-165709.52317,594273.19706,2.9103830456733704e-11,15.580810043675168,84.47416254745193,-0.03409445767931411,0.03386146446819975,0.04805237580367588,False,314.80355685094776
2020-04-19 19:30:00,-165634.71041,594237.20705,0.0,15.575014725115047,84.47465342148239,-0.03456533725177039,0.028381099579083496,0.04472414731044606,False,309.3889239857648
2020-04-19 20:00:00,-165562.2241,594208.18771,0.0,15.569252758478216,84.47507844703246,-0.03217794298360134,0.02363082321242793,0.03992287339800232,False,306.29279899967275
2020-04-19 20:30:00,-165500.28709,594186.34957,0.0,15.564254934532917,84.47541602920923,-0.027813659756070593,0.01823016064928067,0.03325565254697376,False,303.24240143730094
2020-04-19 21:00:00,-165448.15726,594171.83227,1.1999816708318134e-10,15.559951737633257,84.47566676600178,-0.022870494940835696,0.013414729488552254,0.026514420719484417,False,300.39383035412914
2020-04-19 21:30:00,-165408.01638,594161.91222,2.9103830456733704e-11,15.556606579282198,84.47584894796059,-0.02038137003940111,0.004781446355217275,0.020934719342059923,False,283.20276893842845
2020-04-19 22:00:00,-165372.85586,594174.92756,1.1999816708318134e-10,15.553135623455386,84.47582106941073,-0.018560773192398364,-0.004226409302730292,0.0190358828819117,False,257.1721017333867
2020-04-19 22:30:00,-165347.724,594194.4864,2.9103830456733704e-11,15.5503992760423,84.47571255951352,-0.013106336177770815,-0.012240431209200866,0.0179333266348417,False,226.9565971659473
2020-04-19 23:00:00,-165339.21353,594230.02914,2.9103830456733704e-11,15.548752546688295,84.47542605714216,-0.008603059484208763,-0.023080660355555484,0.02463188005283691,False,200.44238046781322
2020-04-19 23:30:00,-165340.1595,594282.83793,2.9103830456733704e-11,15.547522349216734,84.47496771437721,-0.005436527148251005,-0.03478767136496426,0.03520991204803591,False,188.88219214105692
2020-04-20 00:00:00,-165353.92603,594355.92809,2.3283064365386963e-10,15.546934640541208,84.47430340963463,-0.004168069947304256,-0.047257358964222396,0.047440813476994595,False,185.04040945602856
2020-04-20 00:30:00,-165371.30207,594450.76147,1.1999816708318134e-10,15.54612884545004,84.4734426503106,-0.008633751652436822,-0.05636358407921939,0.057021007338095925,False,188.70885121639122
2020-04-20 01:00:00,-165378.36409,594559.74385,2.3283064365386963e-10,15.544048703579739,84.4724844709049,-0.016119634454863196,-0.06464516167132274,0.06662461664032197,False,194.00148980015481
2020-04-20 01:30:00,-165377.75867,594690.52317,1.1999816708318134e-10,15.540741469438196,84.47135644949229,-0.022149651645924074,-0.07320833163714886,0.07648572997056743,False,196.83352821157763
2020-04-20 02:00:00,-165372.15182,594835.02239,2.399963341663627e-10,15.536647340054575,84.47012192337176,-0.026611426425021893,-0.08198086323182975,0.08619182068276739,False,197.98370741405762
2020-04-20 02:30:00,-165364.51042,595000.53077,1.1999816708318134e-10,15.531851198089289,84.4687107973276,-0.02634594555549869,-0.09231530341901957,0.09600116714164963,False,195.92826305788896
2020-04-20 03:00:00,-165369.76071,595180.61832,2.9103830456733704e-11,15.527847608348496,84.4671427723754,-0.025798295824361148,-0.10092222497263344,0.10416740162290737,False,194.33919805225395
2020-04-20 03:30:00,-165372.28961,595375.45272,2.9103830456733704e-11,15.523237184392277,84.46545387514195,-0.028769711376122147,-0.10741687300344618,0.11120288170053803,False,194.99375262103376
2020-04-20 04:00:00,-165373.46021,595580.9316,0.0,15.518244265036618,84.4636762564227,-0.03225946206170395,-0.11831873054452093,0.12263765690104107,False,195.25093471011724
2020-04-20 04:30:00,-165374.34937,595816.94348,1.1641532182693481e-10,15.512472718705341,84.46163553173284,-0.03601027238701458,-0.13529150045210703,0.14000189217281836,False,194.90474093385797
2020-04-20 05:00:00,-165378.80607,596084.91006,1.1641532182693481e-10,15.506232546289084,84.45931017257708,-0.037950288648205925,-0.1557018940555794,0.16026011425484826,False,193.698005629504
2020-04-20 05:30:00,-165392.55418,596393.5926,2.3283064365386963e-10,15.499819175209886,84.45661076840453,-0.03830525107076274,-0.17960632131962076,0.18364564497303232,False,192.0392907343264
2020-04-20 06:00:00,-165418.71213,596744.8289,2.3283064365386963e-10,15.49346677953504,84.45351396859363,-0.03848016141204161,-0.193820309857532,0.19760322703732977,False,191.2292130002329
2020-04-20 06:30:00,-165445.44934,597102.99494,2.3283064365386963e-10,15.487001978278624,84.45035584434473,-0.04241759126238572,-0.19700167134003618,0.2015165267646067,False,192.1511788382096
2020-04-20 07:00:00,-165460.92532,597469.0592,2.9103830456733704e-11,15.479346700002619,84.44715635424085,-0.04647814740831245,-0.1989591744950496,0.2043158616022271,False,193.14886212339337
2020-04-20 07:30:00,-165475.35879,597837.92368,0.0,15.471538432262856,84.44393506067406,-0.046402507450174144,-0.2022034597318342,0.2074594703193541,False,192.9246952276764
2020-04-20 08:00:00,-165494.11265,598215.17557,0.0,15.463917149973048,84.44063086620913,-0.04360202510739816,-0.21026637103471302,0.21473957106591646,False,191.7151414655014
2020-04-20 08:30:00,-165525.90301,598609.33203,5.820766091346741e-11,15.45704846257673,84.43714936354866,-0.043032136001348906,-0.2202251385419063,0.2243900095250241,False,191.05632217897153
2020-04-20 09:00:00,-165556.0968,599020.59802,1.1641532182693481e-10,15.44962627328298,84.43352375298753,-0.04329784894817545,-0.2315275670972042,0.23554132981175388,False,190.59250240565427
2020-04-20 09:30:00,-165597.69994,599454.23578,2.9103830456733704e-11,15.442678126283884,84.42967749825453,-0.03978451807986537,-0.24650479411084364,0.24969465632743634,False,189.1681645545811
2020-04-20 10:00:00,-165654.33961,599914.11407,1.1999816708318134e-10,15.436430944735182,84.42556852973311,-0.0347115570218062,-0.26078702242403673,0.26308698800144625,False,187.58168111134694
2020-04-20 10:30:00,-165727.13454,600392.46284,1.1641532182693481e-10,15.431173448234263,84.42126134337612,-0.02692966929932368,-0.2725519388579655,0.2738791092139141,False,185.64283102512428
2020-04-20 11:00:00,-165821.9625,600885.72569,1.1999816708318134e-10,15.42751166210005,84.41677268049143,-0.01621737937745632,-0.2791221853390258,0.279592914327788,False,183.32522450996157
2020-04-20 11:30:00,-165938.16214,601376.62697,2.346425826049686e-10,15.425805568172212,84.41225343615014,-0.007699374123314812,-0.283313122408126,0.28341772296476553,False,181.55669841692384
2020-04-20 12:00:00,-166066.53403,601876.28342,2.3283064365386963e-10,15.424965319908507,84.40762949586276,-0.0034855008488276773,-0.2881000802709059,0.2881211636938002,False,180.69314366522354
2020-04-20 12:30:00,-166201.92624,602379.76575,2.3283064365386963e-10,15.424653668733667,84.40295574400994,-0.00182445622689123,-0.29380828602334075,0.29381395061585663,False,180.35578403707348
2020-04-20 13:00:00,-166341.52263,602897.64256,0.0,15.424363087183616,84.3981475648871,-0.000988436223009495,-0.3010855298752019,0.3010871523436329,False,180.18809612161192
2020-04-20 13:30:00,-166486.77873,603425.5803,1.1641532182693481e-10,15.424327464457308,84.39323893670355,0.0016687571437711962,-0.3074370684262242,0.30744159736918447,False,179.68900366221123
2020-04-20 14:00:00,-166641.67727,603962.95507,2.3283064365386963e-10,15.42491240815177,84.38822575418948,0.007546986223833235,-0.3125246383377063,0.31261574907412587,False,178.6166644738608
2020-04-20 14:30:00,-166812.21503,604502.91681,2.9103830456733704e-11,15.426810871116665,84.38315291086941,0.01596576120968364,-0.31647120448848587,0.3168736795655292,False,177.11191466299283
2020-04-20 15:00:00,-167000.14424,605045.91451,2.9103830456733704e-11,15.430162519913454,84.3780123341759,0.024937143007982124,-0.32283606192588377,0.32379775166176433,False,175.5830167344409
2020-04-20 15:30:00,-167207.97464,605599.34981,1.1999816708318134e-10,15.435004231182482,84.37273405015816,0.03286192957928742,-0.32961256790401133,0.3312466623770729,False,174.30650223949726
2020-04-20 16:00:00,-167429.98949,606158.2367,1.1641532182693481e-10,15.440950360693167,84.36737475044548,0.03904566245777763,-0.33366464683374436,0.33594145368420086,False,173.32556491181828
2020-04-20 16:30:00,-167663.27709,606719.76134,1.1641532182693481e-10,15.447810269635083,84.36196566732376,0.04368853314890522,-0.3377105470202425,0.3405247443247178,False,172.62876744641272
2020-04-20 17:00:00,-167905.41619,607288.18072,1.1999816708318134e-10,15.455265775228536,84.35647576938098,0.04780938370244939,-0.34202717443322866,0.3453524652015478,False,172.04261714361087
2020-04-20 17:30:00,-168157.29058,607860.66807,1.1999816708318134e-10,15.463460673993477,84.35092734448503,0.05189815296397943,-0.34451398318050197,0.34840106614068767,False,171.43328323679634
2020-04-20 18:00:00,-168416.16654,608433.72063,2.3283064365386963e-10,15.47223823270401,84.34535716209339,0.054403140708302156,-0.34455622573217726,0.3488247330820027,False,171.0274502693544
2020-04-20 18:30:00,-168676.94813,609003.87055,1.1641532182693481e-10,15.481235287423802,84.3398073503194,0.05930405796253736,-0.3451617118068056,0.3502193292612907,False,170.250898324427
2020-04-20 19:00:00,-168953.58859,609574.23276,0.0,15.49159388736279,84.33421757849676,0.06392518957208022,-0.3451999670171711,0.3510690061661416,False,169.50864017411072
2020-04-20 19:30:00,-169230.64483,610139.97477,0.0,15.502080081683218,84.32866652368186,0.06682186432198294,-0.34158571669371196,0.3480602870202551,False,168.93143292518408
2020-04-20 20:00:00,-169514.0643,610694.91053,0.0,15.513361357831393,84.32319335536383,0.07125197071649703,-0.3374819534346265,0.3449216030129687,False,168.0783219469938
2020-04-20 20:30:00,-169802.75716,611242.04124,0.0,15.525268492340874,84.31777471832136,0.07624688455344852,-0.33317399122763014,0.34178720841286014,False,167.1098281450744
2020-04-20 21:00:00,-170099.58013,611777.10225,0.0,15.538151467115412,84.31244054830518,0.08209099138812688,-0.32789638739488647,0.3380162299856369,False,165.9445338120007
2020-04-20 21:30:00,-170403.69662,612300.16042,1.1641532182693481e-10,15.55193384267548,84.30719221322475,0.08823312588856047,-0.32171805665099956,0.3335979503524599,False,164.66338418121336
2020-04-20 22:00:00,-170716.11289,612807.72078,1.1641532182693481e-10,15.566785540587107,84.30205741054829,0.09917577255364078,-0.3137545702392889,0.32905586791250563,False,162.45859445729377
2020-04-20 22:30:00,-171050.75148,613292.43046,1.1999816708318134e-10,15.584089128518565,84.2970660222938,0.10988379993800092,-0.3078624715448391,0.3268849199252108,False,160.3572490757689
2020-04-20 23:00:00,-171394.90059,613769.00735,1.1999816708318134e-10,15.602382731055634,84.29212139560701,0.11460178797913409,-0.30635668046907066,0.3270901794246392,False,159.4902016475703
2020-04-20 23:30:00,-171744.74697,614243.71094,2.346425826049686e-10,15.621182906603462,84.28717859658259,0.11875043010704857,-0.3062146781177369,0.3284343065901585,False,158.80364584538904
2020-04-21 00:00:00,-172103.45398,614715.54607,1.1641532182693481e-10,15.64078585956314,84.28223851940501,0.12146926950143214,-0.30703407419607687,0.33018889465070383,False,158.41518522541753
2020-04-21 00:30:00,-172463.84484,615190.20893,2.9103830456733704e-11,15.660431943617413,84.27726927722559,0.12112154869367894,-0.3077749351254187,0.3307504198779057,False,158.51840989696308
2020-04-21 01:00:00,-172822.39097,615664.70343,1.1999816708318134e-10,15.679888906832558,84.27230527402578,0.12552541572486103,-0.30341252528979856,0.32835314905697466,False,157.52453115411458
2020-04-21 01:30:00,-173194.12367,616119.71712,1.3015628661377063e-10,15.70092059663546,84.26747674123597,0.12864024164771432,-0.2978967838977205,0.3244854474822986,False,156.64394978579458
2020-04-21 02:00:00,-173558.43239,616571.79321,2.346425826049686e-10,15.72134888584486,84.26269081109344,0.13090747934896385,-0.29226386395919335,0.3202419933829061,False,155.87198509165955
2020-04-21 02:30:00,-173932.85053,617004.81292,1.1999816708318134e-10,15.743074904244754,84.25804398743256,0.13936377433177766,-0.28740157274305284,0.31940871248477076,False,154.130809302633
2020-04-21 03:00:00,-174322.04619,617431.50137,0.0,15.766189510325958,84.25341495853084,0.1418326426900612,-0.29052846421460576,0.3233006140596458,False,153.97890378176618
2020-04-21 03:30:00,-174708.42326,617872.6313,5.820766091346741e-11,15.788674278026745,84.24866727421109,0.13592107143581644,-0.29856347477527617,0.3280467743023048,False,155.52259098372207
2020-04-21 04:00:00,-175085.35117,618332.64056,2.3283064365386963e-10,15.809852784621704,84.24377892042418,0.12896486965098305,-0.30695863772951937,0.33294976029553974,False,157.21089220071383
2020-04-21 04:30:00,-175456.20029,618809.39026,1.3015628661377063e-10,15.830067621674417,84.23876024572206,0.12202944518529389,-0.31300421484952795,0.33595062733354153,False,158.70092140396048
2020-04-21 05:00:00,-175815.37494,619296.88508,2.346425826049686e-10,15.848986578906311,84.23367675718076,0.11399861903383213,-0.31691970918217843,0.33679932780475874,False,160.21592561111947
2020-04-21 05:30:00,-176162.58009,619794.84927,1.1641532182693481e-10,15.866593912252412,84.22853168292367,0.105871058406921,-0.31920619068568323,0.3363053273147282,False,161.65087523399404
2020-04-21 06:00:00,-176496.16351,620298.04412,1.3015628661377063e-10,15.882878751104258,84.22337437037693,0.09714908454736307,-0.31824281090929507,0.3327407869856655,False,163.02428987396195
2020-04-21 06:30:00,-176812.50366,620801.07206,1.1999816708318134e-10,15.897666603423394,84.218260365893,0.09258705883155557,-0.3140187387620105,0.32738376831596544,False,163.57207677103838
2020-04-21 07:00:00,-177126.38621,621293.97276,5.820766091346741e-11,15.912464981154606,84.21323932047719,0.09157850160737625,-0.3101721393811129,0.32340899493506475,False,163.55073431886808
2020-04-21 07:30:00,-177435.69527,621784.51621,2.9103830456733704e-11,15.926905342588006,84.2082494515819,0.08805189169781515,-0.3103842575556672,0.3226321790676598,False,164.16206491172755
2020-04-21 08:00:00,-177737.82677,622281.47799,1.1641532182693481e-10,15.940553782454362,84.20322154641086,0.08507570705159251,-0.31343625876525927,0.32477709931442356,False,164.81413701202024
2020-04-21 08:30:00,-178040.0863,622785.38304,1.1641532182693481e-10,15.954020659889188,84.1981331331941,0.0857704696890573,-0.3157424581781813,0.32718476946074687,False,164.80251079677998
2020-04-21 09:00:00,-178347.13986,623289.49779,5.820766091346741e-11,15.967866199256314,84.19303075605606,0.08769588083145125,-0.3163849386066497,0.3283138694784879,False,164.5076395483041
2020-04-21 09:30:00,-178656.94328,623793.57242,1.1641532182693481e-10,15.98192185474846,84.18792158545287,0.08954460390270043,-0.3181940739517762,0.3305536337511962,False,164.28259863755397
2020-04-21 10:00:00,-178972.43553,624301.96451,0.0,15.996330327673506,84.18276078829263,0.09093527803732115,-0.3157675531682788,0.3286006275490153,False,163.9345674624368
2020-04-21 10:30:00,-179284.89883,624796.10498,0.0,16.01080313538582,84.17772991802141,0.09415847880761732,-0.3122304593074704,0.32611911757932627,False,163.21840931373532
2020-04-21 11:00:00,-179608.28557,625288.89835,2.9103830456733704e-11,16.026208367323115,84.17268323582047,0.09878653534516614,-0.3089537992384143,0.32436280555783853,False,162.26856534560744
2020-04-21 11:30:00,-179933.77109,625766.93057,0.0,16.04212338985956,84.16775810949758,0.10350987036247368,-0.30502004443658454,0.32210482885320446,False,161.2551344936664
2020-04-21 12:00:00,-180269.85587,626241.23466,2.346425826049686e-10,16.05899778742923,84.16283835581794,0.10955994050375534,-0.3048570822670212,0.3239463245223624,False,160.23251065409437
2020-04-21 12:30:00,-180616.38988,626712.48322,0.0,16.07680015946348,84.15791846529399,0.11345067714528113,-0.30547998265843607,0.3258666536326189,False,159.62575964525337
2020-04-21 13:00:00,-180966.84828,627184.85111,2.9103830456733704e-11,16.094876317535622,84.15297860326811,0.11582748540877982,-0.30550225289638133,0.3267225625831275,False,159.23638296538036
2020-04-21 13:30:00,-181321.92331,627653.58465,0.0,16.11339941353093,84.14805796474704,0.1185671733719105,-0.3034007917576204,0.32574562934988954,False,158.6547459453431
2020-04-21 14:00:00,-181680.06167,628115.71901,1.3015628661377063e-10,16.132309942186613,84.14318590861804,0.1201666693258634,-0.30118333124818547,0.3242706083483756,False,158.24889975088325
2020-04-21 14:30:00,-182038.75725,628574.94864,1.1999816708318134e-10,16.151306669193527,84.13833682883234,0.12066464216586802,-0.29753145311315266,0.3210684062012971,False,157.9248596448552
2020-04-21 15:00:00,-182395.2659,629023.71873,0.0,16.17034309917297,84.13358262168416,0.12225443144290775,-0.2916176013314856,0.3162071653422135,False,157.2551763576903
2020-04-21 15:30:00,-182753.83084,629460.6692,2.3283064365386963e-10,16.189809415892096,84.12892438549824,0.12338911164486493,-0.28695822788337694,0.3123618053195317,False,156.7327883062702
2020-04-21 16:00:00,-183109.88637,629891.9488,2.9103830456733704e-11,16.20917268928843,84.12432056458022,0.12347538044873221,-0.2811768978927814,0.30709382521562817,False,156.2919104941151
2020-04-21 16:30:00,-183463.23313,630308.58556,0.0,16.228635835404905,84.11984890348013,0.12606088472262236,-0.2753405937847858,0.30282633512098767,False,155.39997960272655
2020-04-21 17:00:00,-183822.64171,630716.84936,1.1641532182693481e-10,16.248781303531068,84.11543341936463,0.1274024251866515,-0.27652544317373734,0.3044629676428189,False,155.2632533447819
2020-04-21 17:30:00,-184182.10861,631135.97919,0.0,16.26863618553975,84.11092353031695,0.12076111099610506,-0.28201528290092553,0.3067830922960108,False,156.8190189063145
2020-04-21 18:00:00,-184524.38902,631569.66372,1.1999816708318134e-10,16.286668718120787,84.1063308829488,0.11128900594547644,-0.2825767475408148,0.30370192803977664,False,158.50367474771576
2020-04-21 18:30:00,-184851.95996,632000.07581,2.9103830456733704e-11,16.303524703223307,84.10180282650184,0.1023941668670341,-0.2807150792782101,0.2988068291431202,False,159.95995688241692
2020-04-21 19:00:00,-185161.87935,632436.11997,0.0,16.318744362336037,84.09727025858355,0.08891226649413889,-0.2795571918678373,0.29335578170227966,False,162.3569015457532
2020-04-21 19:30:00,-185441.92965,632875.99958,1.1641532182693481e-10,16.331356697658457,84.09277957382182,0.0748394046991354,-0.27690520435056826,0.2868404237414088,False,164.87596178499155
2020-04-21 20:00:00,-185700.7391,633316.99774,2.9103830456733704e-11,16.34215307168448,84.08833255813298,0.06650661507603221,-0.27354507287031804,0.28151383046042183,False,166.33489774179708
2020-04-21 20:30:00,-185948.76568,633753.60867,2.9103830456733704e-11,16.352142814569568,84.08395028698757,0.0637780493022946,-0.269616029875937,0.2770567507549096,False,166.69124126699114
2020-04-21 21:00:00,-186194.32038,634183.71157,2.346425826049686e-10,16.36207110946199,84.07963005770827,0.06453846660652297,-0.26681265427787615,0.2745072060160293,False,166.40209113684574
2020-04-21 21:30:00,-186442.28075,634609.78236,0.0,16.372283329503652,84.07533824774023,0.06823116655800315,-0.25885016927122867,0.2676918045469635,False,165.2331092909581
2020-04-21 22:00:00,-186692.66271,635008.54749,2.9103830456733704e-11,16.383348571414643,84.07127499890689,0.0744225539010962,-0.2461625338415608,0.25716669612618803,False,163.1783080183501
2020-04-21 22:30:00,-186949.28299,635384.41425,1.3015628661377063e-10,16.39547549730824,84.06739269265586,0.08106954570791798,-0.23474965204961992,0.24835392160927483,False,160.94791889281993
2020-04-21 23:00:00,-187211.18774,635736.90202,2.9103830456733704e-11,16.408595766390718,84.06369780931026,0.08949309209502242,-0.2230439215166537,0.2403281183262902,False,158.1376020403393
2020-04-21 23:30:00,-187485.16037,636063.65941,2.9103830456733704e-11,16.423328405449528,84.06019330553211,0.0983027901653359,-0.21351917850567192,0.23506143482933786,False,155.27897564892197
2020-04-22 00:00:00,-187767.96605,636374.1525,2.9103830456733704e-11,16.439172719882375,84.05680585694559,0.10543810718716239,-0.20446311305330653,0.23004860148816542,False,152.72062129784558
2020-04-22 00:30:00,-188057.52572,636662.21741,2.9103830456733704e-11,16.45610636164,84.0535936502602,0.11283267155819873,-0.1947009400943438,0.22503259284952837,False,149.90694220061926
2020-04-22 01:00:00,-188356.08269,636931.29603,0.0,16.47423043669408,84.05052128785039,0.11971114195419022,-0.18447274952189163,0.21991123851259364,False,147.01898008091922
2020-04-22 01:30:00,-188659.12251,637176.84276,1.1999816708318134e-10,16.493282426858674,84.04763922297674,0.1235221571270334,-0.17705662671149358,0.21588601706402552,False,145.09874983059922
2020-04-22 02:00:00,-188963.42605,637416.22676,0.0,16.51257136033924,84.04480625231741,0.1242571693130501,-0.1780969537889838,0.21715977775501483,False,145.09675123434846
2020-04-22 02:30:00,-189270.23048,637664.40764,0.0,16.53183286749874,84.04189060883627,0.12242489971768397,-0.1813808979985688,0.21883072505855342,False,145.98221391325012
2020-04-22 03:00:00,-189571.73838,637916.79659,0.0,16.550535226223303,84.03895164904135,0.1144245619574229,-0.18492969242394042,0.21746717342891392,False,148.25300306701973
2020-04-22 03:30:00,-189854.73751,638185.22957,2.9103830456733704e-11,16.567298869406546,84.03592149191934,0.10828946520427059,-0.18467220468883153,0.21408043221850198,False,149.6131749242848
2020-04-22 04:00:00,-190134.96401,638442.85674,0.0,16.584082221260218,84.03299077169264,0.10429315515072687,-0.18342355151272344,0.21100061957452707,False,150.3777882625136
2020-04-22 04:30:00,-190403.04594,638710.92284,2.9103830456733704e-11,16.59959220612544,84.0300009480579,0.09588483484954077,-0.18637936378808487,0.2095976354832635,False,152.77596578020325
2020-04-22 05:00:00,-190657.4462,638987.24659,1.1641532182693481e-10,16.61375730460422,84.0269748096923,0.09124078002621669,-0.18525934724609833,0.20650885134018565,False,153.77961649420905
2020-04-22 05:30:00,-190908.4892,639256.09992,1.1641532182693481e-10,16.62781539024632,84.02402109593126,0.08532017282285134,-0.18412071780236972,0.20292848645417202,False,155.13734407402114
2020-04-22 06:00:00,-191141.42734,639534.47111,0.0,16.640136631115517,84.02103174079878,0.0769137672083186,-0.18617934019441099,0.2014409945899832,False,157.55367006507038
2020-04-22 06:30:00,-191365.71452,639818.98715,2.346425826049686e-10,16.651583413991233,84.01801154652856,0.0703443135222439,-0.18835237946371586,0.20105954663869946,False,159.52075471184475
2020-04-22 07:00:00,-191578.34851,640111.53881,1.1641532182693481e-10,16.661863762221348,84.01495204433357,0.06403939175070086,-0.18624377962934743,0.19694615798848342,False,161.02461457985555
2020-04-22 07:30:00,-191778.818,640395.21216,2.9103830456733704e-11,16.671353153133595,84.01199989469076,0.05868604396528671,-0.17808176155739458,0.1875024414659188,False,161.76059656847013
2020-04-22 08:00:00,-191964.65593,640665.07602,2.9103830456733704e-11,16.67997206208646,84.00920384187317,0.05118678749289771,-0.16883358682717897,0.1764224114299928,False,163.13380166157685
2020-04-22 08:30:00,-192129.79126,640924.54764,0.0,16.687140378067696,84.00655020869276,0.04260298122700459,-0.1601852481365954,0.1657538166378414,False,165.1063527924751
2020-04-22 09:00:00,-192277.15508,641173.418,5.820766091346741e-11,16.693105988253166,84.00403329864582,0.03844786070736922,-0.15262869289489514,0.1573968102846353,False,165.86109947714067
2020-04-22 09:30:00,-192420.20119,641411.09666,0.0,16.698987903464285,84.00162356091198,0.03854193780512084,-0.14968219947691064,0.15456468487341948,False,165.56047590867854
2020-04-22 10:00:00,-192564.89139,641649.67985,0.0,16.70497754090512,83.99920175173794,0.04056911537323963,-0.14664359634477903,0.15215188947593689,False,164.5358349384744
2020-04-22 10:30:00,-192711.8328,641874.75339,5.820766091346741e-11,16.711478793192192,83.99689008594169,0.044633765516605674,-0.1400162693572746,0.14695825498732695,False,162.3189893092117
2020-04-22 11:00:00,-192863.7298,642086.24509,1.1641532182693481e-10,16.71871455374908,83.99468218990565,0.05026282018609257,-0.13299601543354986,0.1421769714625421,False,159.2970544163112
2020-04-22 11:30:00,-193022.86398,642281.24671,2.9103830456733704e-11,16.726942569401317,83.99259711976585,0.05695172867847694,-0.1267831796418805,0.13898731611039977,False,155.81011146807919
2020-04-22 12:00:00,-193191.44329,642464.3434,0.0,16.736230128056185,83.99058975940493,0.06257405788648868,-0.12357242456432743,0.13851229849037966,False,153.14345974962646
2020-04-22 12:30:00,-193366.69325,642642.39425,1.3015628661377063e-10,16.74618096917446,83.98860832998743,0.06677044370201579,-0.1209383376494471,0.13814620394920643,False,151.0967704171037
2020-04-22 13:00:00,-193547.06931,642811.99785,1.1999816708318134e-10,16.756752037196975,83.98668599119505,0.06875025653665566,-0.11627366108790754,0.13507835517447475,False,149.40503651061942
2020-04-22 13:30:00,-193724.36656,642971.84844,1.1641532182693481e-10,16.767304895488834,83.98485514088034,0.06790823443554347,-0.11278992023688049,0.13165521034579147,False,148.94881461867163
2020-04-22 14:00:00,-193898.28286,643130.25238,1.1641532182693481e-10,16.777610849514847,83.98304525452549,0.06600475876277646,-0.11155098402452637,0.12961577919440384,False,149.3871811820303
2020-04-22 14:30:00,-194067.78907,643287.74751,1.1641532182693481e-10,16.787572967490984,83.98125439422748,0.06377439972980577,-0.10905934945838408,0.12633730947421268,False,149.6822773255634
2020-04-22 15:00:00,-194231.48247,643439.82318,1.1641532182693481e-10,16.797188295214784,83.97952493207274,0.05893725089238693,-0.10750396073429871,0.12259975985422567,False,151.26697984916626
2020-04-22 15:30:00,-194382.75173,643596.9342,1.1999816708318134e-10,16.80566044112918,83.97778428791483,0.05187038869159848,-0.10813886219053973,0.11993561080380609,False,154.37461273322185
2020-04-22 16:00:00,-194522.79753,643758.5069,1.3015628661377063e-10,16.813102407655762,83.97603432481924,0.045603280632945886,-0.10783686245745047,0.11708308207915569,False,157.07691655695254
2020-04-22 16:30:00,-194652.19655,643921.06531,1.1999816708318134e-10,16.819647740443333,83.97430342241016,0.03829972625824676,-0.10485544850019145,0.11163124164691951,False,159.93466483157601
2020-04-22 17:00:00,-194764.00565,644079.94138,1.3015628661377063e-10,16.824846429068913,83.97264969683873,0.029134444451183537,-0.10079241026737137,0.10491866288218321,False,163.87785325586634
2020-04-22 17:30:00,-194857.61748,644238.02739,5.820766091346741e-11,16.82857901138,83.97104994058597,0.01932746227830546,-0.08929658998328671,0.09136428066133144,False,167.78721621175515
2020-04-22 18:00:00,-194923.6727,644367.49859,5.820766091346741e-11,16.830769998133334,83.96976728464732,0.009877306401482707,-0.0790840123158296,0.07969844531557098,False,172.88082969891298
2020-04-22 18:30:00,-194974.08703,644500.2386,2.9103830456733704e-11,16.831605632291758,83.96849717557608,0.0031578639393735307,-0.07534136545866235,0.07540751589752387,False,177.59990500429615
2020-04-22 19:00:00,-195013.09099,644623.81623,0.0,16.831737490378906,83.9673353246697,0.0008122136044045637,-0.07005896198402059,0.07006366993826131,False,179.33578338091172
2020-04-22 19:30:00,-195049.91683,644740.79923,2.9103830456733704e-11,16.83185439219201,83.96623572551556,-0.002545467653771165,-0.07004076456332133,0.07008700383231548,False,182.08136497707028
2020-04-22 20:00:00,-195077.33251,644867.81415,2.9103830456733704e-11,16.83095822816314,83.96507445997382,-0.007084129998169217,-0.06975062201540945,0.07010944422378117,False,185.79928466492265
2020-04-22 20:30:00,-195098.21283,644988.52938,0.0,16.829685612457325,83.96398422515603,-0.00814802518828316,-0.06416121719203335,0.06467651896965523,False,187.23742210986933
2020-04-22 21:00:00,-195116.13119,645097.39424,0.0,16.82846409368187,83.9630033813237,-0.011096912143102752,-0.05983833335125891,0.06085858688277379,False,190.50604717113788
2020-04-22 21:30:00,-195122.33982,645206.28777,2.9103830456733704e-11,16.826289552843562,83.9620526820663,-0.012568579068165192,-0.056432869678366845,0.0578155511945381,False,192.55583849018484
2020-04-22 22:00:00,-195131.62992,645304.95237,1.1999816708318134e-10,16.82461799130692,83.96118176817262,-0.008852616166595016,-0.05241726402724795,0.05315955587752103,False,189.5860779897742
2020-04-22 22:30:00,-195146.4531,645396.13695,2.9103830456733704e-11,16.823580931350282,83.96036068901124,-0.005300281157015512,-0.047726863683587,0.04802027173408236,False,186.33698553877537
2020-04-22 23:00:00,-195163.09375,645474.93794,0.0,16.822996481153865,83.95964117662513,-0.002589980761138781,-0.04368715999091291,0.04376386578462523,False,183.3927927312876
2020-04-22 23:30:00,-195183.04575,645549.37844,1.1641532182693481e-10,16.822788664221292,83.9589504955494,0.0007525529542349117,-0.042195151301735054,0.04220186168079841,False,178.97823480003308
2020-04-23 00:00:00,-195209.6495,645619.55566,1.4551915228366852e-10,16.82322657282696,83.95827914337205,0.006608437016210049,-0.040345492447728795,0.04088312855747413,False,170.69777434967295
2020-04-23 00:30:00,-195247.85438,645681.5207,5.820766091346741e-11,16.824809476066626,83.95764816570556,0.0139032658174603,-0.03660955066049232,0.039160694579566814,False,159.2046474571983
2020-04-23 01:00:00,-195295.70615,645731.22119,2.9103830456733704e-11,16.827477813902895,83.95709740495477,0.019120021359458023,-0.033784004376403276,0.038819249973318225,False,150.4923548254622
2020-04-23 01:30:00,-195348.9477,645778.00908,0.0,16.83065539343725,83.95655763540427,0.02123992818073446,-0.034370548336760884,0.04040382583484359,False,148.2852263536107
2020-04-23 02:00:00,-195404.72097,645827.51537,1.1999816708318134e-10,16.833971326458034,83.95598794296883,0.02345982292588042,-0.03683224760965915,0.0436689564300878,False,147.50542956970497
2020-04-23 02:30:00,-195468.18372,645880.46494,2.346425826049686e-10,16.83782685058734,83.95536870812718,0.02444515413466856,-0.038704473024857196,0.04577774342188136,False,147.72411885231327
2020-04-23 03:00:00,-195529.31134,645935.38677,1.4551915228366852e-10,16.84144332953745,83.95473858617365,0.023748527500474535,-0.0396497455400616,0.04621790648474279,False,149.08016742006475
2020-04-23 03:30:00,-195591.36653,645992.31209,1.1641532182693481e-10,16.84508513222108,83.95408883625181,0.025027103639450255,-0.03965037644613005,0.04688825299474922,False,147.74010036303883
2020-04-23 04:00:00,-195656.90729,646045.89442,2.399963341663627e-10,16.849091551273318,83.9534586911302,0.023232720200756396,-0.04080584643460089,0.046956111329313294,False,150.34507097462352
2020-04-23 04:30:00,-195713.99343,646108.66432,2.346425826049686e-10,16.852184345919984,83.95277165138066,0.01842327530570704,-0.04390221693024457,0.04761115126081418,False,157.23496475079077
2020-04-23 05:00:00,-195766.20154,646177.92766,2.9103830456733704e-11,16.854720498497272,83.9520415535099,0.01245728518637456,-0.047414077233045575,0.04902324626211403,False,165.2791595257351
2020-04-23 05:30:00,-195806.40427,646259.01966,2.9103830456733704e-11,16.855990125477046,83.95124115374378,0.00561536438409839,-0.048680997692461404,0.04900379427656223,False,173.4199994844492
2020-04-23 06:00:00,-195836.36554,646339.78807,5.820766091346741e-11,16.85643584999934,83.95047015660295,0.0014385680518015,-0.045550825054381294,0.045573535535160255,False,178.19110869949958
2020-04-23 06:30:00,-195858.9115,646414.45526,2.9103830456733704e-11,16.856429544632253,83.94977079557192,-0.00438980414090976,-0.042473999138745,0.042700245704605254,False,185.9007251518563
2020-04-23 07:00:00,-195865.5802,646490.7073,2.399963341663627e-10,16.855095435700207,83.9490991145491,-0.011975981198251594,-0.040349362079226556,0.04208913334652309,False,196.53126780274346
2020-04-23 07:30:00,-195859.76787,646565.97372,2.9103830456733704e-11,16.85277281041924,83.9484683336629,-0.01967543435593107,-0.03779664003064469,0.042611133694149525,False,207.499700555971
2020-04-23 08:00:00,-195837.23856,646641.4665,5.820766091346741e-11,16.849088345936824,83.94787904871895,-0.025262191317385385,-0.0377435172366595,0.045417523089113905,False,213.79487248261927
2020-04-23 08:30:00,-195812.11217,646722.37766,2.9103830456733704e-11,16.845060693139963,83.94724998733436,-0.029703378546380495,-0.03942107728173941,0.0493590116505836,False,216.99765094037178
2020-04-23 09:00:00,-195776.01969,646808.28033,2.9103830456733704e-11,16.840021397882204,83.94660654508677,-0.0324253698620056,-0.039996898245959714,0.051489382206291005,False,219.0315821525646
2020-04-23 09:30:00,-195742.10021,646894.00899,0.0,16.83516376538919,83.94595890616513,-0.03012910829877475,-0.039589262810877934,0.04975010449022253,False,217.27267384493294
2020-04-23 10:00:00,-195713.48042,646976.10698,2.9103830456733704e-11,16.830826268637058,83.94532862456585,-0.026403371911150504,-0.038434153277360154,0.0466296277749045,False,214.4881624630552
2020-04-23 10:30:00,-195691.18229,647053.96705,2.9103830456733704e-11,16.827106518042925,83.9447182718915,-0.02212649594884987,-0.03655605477905839,0.042730866642088916,False,211.1855055283482
2020-04-23 11:00:00,-195675.33237,647125.13295,2.9103830456733704e-11,16.824074806199416,83.94414861389122,-0.018023205607717887,-0.03290139842464493,0.03751450331105693,False,208.7136861587155
2020-04-23 11:30:00,-195663.35792,647186.1219,2.346425826049686e-10,16.821607598769383,83.94365623036212,-0.013403515089540533,-0.029229614057705834,0.03215625218706271,False,204.6342692416016
2020-04-23 12:00:00,-195659.59625,647239.82093,1.1999816708318134e-10,16.819985679847317,83.94320509622467,-0.010040323266676776,-0.030347952007910736,0.03196570478456285,False,198.30629267940412
2020-04-23 12:30:00,-195660.37306,647301.15972,1.1999816708318134e-10,16.818544802976845,83.942676610242,-0.005716866509911048,-0.028506217022216052,0.02907381935023025,False,191.34012304035053
2020-04-23 13:00:00,-195669.58878,647344.00859,1.1999816708318134e-10,16.818241795653755,83.94228492775393,0.0025898784616259435,-0.022394834003331573,0.02254409147610012,False,173.4032624611841
2020-04-23 13:30:00,-195692.62455,647375.63509,5.820766091346741e-11,16.819334646272793,83.94195371198361,0.006782041334809242,-0.01648666214733763,0.017827117361691337,False,157.6394326015053
2020-04-23 14:00:00,-195710.13347,647393.75691,2.346425826049686e-10,16.820310257857187,83.94175274433567,0.008589719743960925,-0.01199985121593472,0.014757361365920471,False,144.40419844382006
2020-04-23 14:30:00,-195734.72524,647408.03813,1.3015628661377063e-10,16.82195429462706,83.94156635934911,0.01085976629225798,-0.01269528818036577,0.0167064318723358,False,139.45575538790752
2020-04-23 15:00:00,-195760.78209,647426.19017,2.9103830456733704e-11,16.82362212358426,83.94134294473933,0.00850958077309505,-0.012820228134815028,0.015387371912140546,False,146.42530282350668
2020-04-23 15:30:00,-195777.40643,647443.34919,2.9103830456733704e-11,16.824549377605575,83.94115252854337,0.005474083013534088,-0.011780759065921124,0.01299045299473214,False,155.07744964443697
2020-04-23 16:00:00,-195791.9207,647461.08159,1.1999816708318134e-10,16.825291433404292,83.94096266611093,0.004020321976670323,-0.012376611554156041,0.013013204922637897,False,162.0045344956772
2020-04-23 16:30:00,-195804.15689,647481.80832,5.820766091346741e-11,16.825775329934313,83.94075301596536,0.0016612513457626471,-0.014179593204627406,0.014276575901893069,False,173.31780894542294
2020-04-23 17:00:00,-195812.42123,647508.21166,2.399963341663627e-10,16.825798009067732,83.94050495376335,-0.0030667366778137175,-0.019378934164034876,0.019620090804709493,False,188.99254416959923
2020-04-23 17:30:00,-195813.78341,647551.78157,1.1999816708318134e-10,16.82484029885965,83.9401274694625,-0.007433317406819723,-0.02568115204990862,0.026735290877060884,False,196.1428971854764
2020-04-23 18:00:00,-195813.56675,647604.45189,1.1641532182693481e-10,16.823531663782386,83.939675973696,-0.011513967658784345,-0.027906707783348923,0.03018866990367014,False,202.4204472624525
2020-04-23 18:30:00,-195803.184,647659.94267,1.1999816708318134e-10,16.821330071878972,83.93922664682403,-0.018781228175477085,-0.029703606055017186,0.03514311802403122,False,212.30466881171725
2020-04-23 19:00:00,-195779.79248,647726.37564,2.9103830456733704e-11,16.817806339844786,83.93871714341769,-0.026249688082302047,-0.031281988515299126,0.040836367736240414,False,220.00105659372286
2020-04-23 19:30:00,-195745.30974,647795.08253,0.0,16.81332860058292,83.93821686654464,-0.03219633956805909,-0.031024895322883692,0.04471183748603559,False,226.0615283216574
2020-04-23 20:00:00,-195701.14714,647866.81735,1.1641532182693481e-10,16.80799299165056,83.93771566104964,-0.03666844567201721,-0.03158976108433793,0.048399255297651315,False,229.25519535996256
2020-04-23 20:30:00,-195651.82755,647942.119,0.0,16.802153067713284,83.9371971527851,-0.0388531565781311,-0.031862909025194536,0.050247514840363945,False,230.64531945781835
2020-04-23 21:00:00,-195600.40502,648017.05915,1.1641532182693481e-10,16.796152574273066,83.93668713334347,-0.038927835227985354,-0.03190643373960252,0.05033286073249586,False,230.6609150326595
2020-04-23 21:30:00,-195550.8576,648092.57794,2.3283064365386963e-10,16.790290881600853,83.93616722312557,-0.03811940618392028,-0.03191598265261757,0.04971638639821769,False,230.0617954730225
2020-04-23 22:00:00,-195502.21588,648166.69996,1.1999816708318134e-10,16.784537713279107,83.93565689482868,-0.03662240940059596,-0.030693041871943147,0.047783508553241615,False,230.03380998095906
2020-04-23 22:30:00,-195456.54168,648236.43761,1.1999816708318134e-10,16.779133050558535,83.9351764630064,-0.03421465568348436,-0.028809484314168982,0.04472839198973888,False,229.9018921334317
2020-04-23 23:00:00,-195414.22776,648301.55634,1.1999816708318134e-10,16.77411427901185,83.93472693537798,-0.02983172998289236,-0.02677652942193575,0.04008633983860325,False,228.08930941199066
2020-04-23 23:30:00,-195381.53675,648359.72538,0.0,16.770045495029038,83.9343121309184,-0.023745775743357254,-0.0248457138004623,0.03436817364813406,False,223.70324931378872
2020-04-24 00:00:00,-195358.18615,648411.86191,2.9103830456733704e-11,16.766881163017988,83.93392492746425,-0.018532205652915107,-0.021932815899670458,0.02871395235161429,False,220.19624953596212
2020-04-24 00:30:00,-195340.43486,648454.57283,1.1641532182693481e-10,16.764400814674342,83.93360414807445,-0.009979289283415257,-0.017443578512397053,0.020096383901594007,False,209.7734230358069
2020-04-24 01:00:00,-195341.90052,648482.35208,1.1641532182693481e-10,16.763841685021962,83.93336185794587,-0.0030146850719965797,-0.01020506269380594,0.010641035225382386,False,196.4577061628667
2020-04-24 01:30:00,-195340.63954,648492.88001,0.0,16.763482658422962,83.9332747310075,-0.003485078409251785,-0.009571578212964069,0.010186308507281791,False,200.00691798746146
2020-04-24 02:00:00,-195339.82575,648518.96405,1.1641532182693481e-10,16.76278032075566,83.93305288907945,0.0006794904202965489,-0.008196956813340827,0.00822507192862466,False,175.2612750743383
2020-04-24 02:30:00,-195351.49246,648520.42963,0.0,16.763689558422307,83.93301013465044,0.008103213274447884,-0.001954428051297232,0.008335577627188525,False,103.56027826254382
2020-04-24 03:00:00,-195369.78694,648517.28717,1.1641532182693481e-10,16.76524805765225,83.93298979906555,0.01002018290687816,0.000908392724018079,0.010061274413728226,False,84.81993645871194
2020-04-24 03:30:00,-195385.08854,648506.89322,1.1999816708318134e-10,16.766741091289568,83.93303945756377,0.009108820685081705,0.0015631206422581398,0.00924196734549662,False,80.26259273972863
2020-04-24 04:00:00,-195399.5613,648502.43953,1.1999816708318134e-10,16.76802204030945,83.93304025681978,0.00860103983050811,-0.0008644448080541677,0.008644371058218104,False,95.73922178564294
2020-04-24 04:30:00,-195415.63353,648500.93994,0.0,16.769360440564977,83.93301155332566,0.007344269548377971,-0.0036635672335500703,0.008207315034405204,False,116.5115549987172
2020-04-24 05:00:00,-195428.68155,648507.43922,1.1999816708318134e-10,16.770258642483217,83.93292199853819,0.0003893442332761612,-0.008018754008851811,0.008028200594558062,False,177.22023199669417
2020-04-24 05:30:00,-195425.30484,648528.17528,1.1999816708318134e-10,16.76947904390298,83.9327527097766,-0.008619142784291964,-0.01293102511343962,0.01554030349833678,False,213.6853413535482
2020-04-24 06:00:00,-195412.40337,648560.96374,0.0,16.767633951575604,83.93250458508007,-0.017155011332466483,-0.02159008534351882,0.027575826351307762,False,218.46988849803455
2020-04-24 06:30:00,-195388.59535,648620.41159,1.1999816708318134e-10,16.764255301580253,83.93205577867637,-0.0271455803211011,-0.031477537847311686,0.04156582634687167,False,220.7738073865913
2020-04-24 07:00:00,-195351.51774,648697.65377,5.820766091346741e-11,16.7593685986442,83.9314884846371,-0.03717807549324177,-0.037690435170230636,0.05294127124184442,False,224.6079047311061
2020-04-24 07:30:00,-195299.5646,648788.92726,0.0,16.752936235139025,83.93083912210183,-0.04649248209792048,-0.042364438790838774,0.06289909828994515,False,227.65988871877693
2020-04-24 08:00:00,-195235.20955,648891.93709,0.0,16.74521515965078,83.93012095094312,-0.052131101880263334,-0.04639001192329308,0.06978312825815185,False,228.33500749550237
2020-04-24 08:30:00,-195167.96737,649002.92092,1.3015628661377063e-10,16.73706801917797,83.9293416536812,-0.05594121598911513,-0.04794257023298789,0.07367434890710475,False,229.4028642857929
2020-04-24 09:00:00,-195092.05614,649115.21452,2.3283064365386963e-10,16.728189300323027,83.92857336033984,-0.05865989750215492,-0.049238914695364254,0.07658625395813976,False,229.9900188041245
2020-04-24 09:30:00,-195016.74956,649233.46259,1.1999816708318134e-10,16.71921698707149,83.92775222661486,-0.060205145649760615,-0.05451379061051491,0.08121830415267209,False,227.8401892046799
2020-04-24 10:00:00,-194940.93745,649365.51964,2.9103830456733704e-11,16.70987064140175,83.9268136554422,-0.06076523958720273,-0.05974903895951194,0.0852194930674633,False,225.4831180829204
2020-04-24 10:30:00,-194869.07781,649502.37385,1.1999816708318134e-10,16.70073057491087,83.92582353753552,-0.056441326712927835,-0.060041743763348594,0.08240530538296106,False,223.22958784497146
2020-04-24 11:00:00,-194808.43511,649630.94336,1.1999816708318134e-10,16.692702196354066,83.92487553111644,-0.049143537105698784,-0.05825669566884906,0.07621633571296964,False,220.14993811966193
2020-04-24 11:30:00,-194759.85735,649754.07729,2.3283064365386963e-10,16.68578433290095,83.92394303119848,-0.04540320131259032,-0.05860478530499306,0.07413482009201838,False,217.76621121399893
2020-04-24 12:00:00,-194712.4423,649879.9678,0.0,16.678895838376288,83.92298377257437,-0.044717394008377154,-0.061297844689078375,0.07587536550440346,False,216.11112698593047
2020-04-24 12:30:00,-194668.98218,650011.66872,0.0,16.67218867409875,83.92196434180552,-0.041738617207128535,-0.06319469936894799,0.07573428678409087,False,213.44382657257736
2020-04-24 13:00:00,-194633.76889,650141.01365,0.0,16.666207802747444,83.92094385804418,-0.037014811764053225,-0.061387583756860604,0.07168355271213801,False,211.08867566608245
2020-04-24 13:30:00,-194604.70706,650261.59687,1.1999816708318134e-10,16.66093844148585,83.919982758815,-0.03166613628620997,-0.05695995112227321,0.06517039373172895,False,209.07129583929822
2020-04-24 14:00:00,-194583.34768,650370.14496,1.1641532182693481e-10,16.656584701001208,83.91910519885549,-0.024048176801731817,-0.052112284050319854,0.05739342258855603,False,204.77183523152587
2020-04-24 14:30:00,-194575.54012,650466.14416,0.0,16.65363135206976,83.91830058290901,-0.020884308543393217,-0.047263708931072776,0.051672163930464685,False,203.8390892136452
2020-04-24 15:00:00,-194560.08006,650554.70384,2.9103830456733704e-11,16.650240015729715,83.91757952236144,-0.0232360972360056,-0.04280416703419321,0.04870434200615197,False,208.49517276858853
2020-04-24 15:30:00,-194539.55009,650637.74632,2.9103830456733704e-11,16.6465730094066,83.91691886082364,-0.024881058086295295,-0.039985090496063684,0.04709431508655798,False,211.8922857164698
2020-04-24 16:00:00,-194515.49811,650718.27677,1.1999816708318134e-10,16.64268281811411,83.91628879998628,-0.02451152720517329,-0.039053157271518674,0.04610817778663479,False,212.1142402879286
2020-04-24 16:30:00,-194495.27075,650797.7208,8.731149137020111e-11,16.639128781684665,83.9156582247795,-0.022208770455939053,-0.038086067208576074,0.044088297773681,False,210.24734225050747
2020-04-24 17:00:00,-194478.15474,650872.539,1.1641532182693481e-10,16.63593862010738,83.91505938124749,-0.023219708993654033,-0.0401892856306577,0.04641479898968181,False,210.01754746165102
2020-04-24 17:30:00,-194456.59941,650960.27753,0.0,16.63207846820987,83.91436090690641,-0.03189615299426985,-0.04792899171267639,0.057572153185612845,False,213.64327560691189
2020-04-24 18:00:00,-194417.51912,651070.73064,0.0,16.62625513755559,83.91351221119642,-0.03920451032891613,-0.05414387493230367,0.06684723496761129,False,215.90755488132203
2020-04-24 18:30:00,-194377.13524,651187.42922,0.0,16.620177502313393,83.91261313396156,-0.042162397072290504,-0.057604719393910764,0.07138607303482024,False,216.20137034779674
2020-04-24 19:00:00,-194331.39094,651312.85814,1.1641532182693481e-10,16.6134582307658,83.91165271616144,-0.04692966406730108,-0.05772731756708403,0.07439648219479668,False,219.1095301610189
2020-04-24 19:30:00,-194274.65912,651434.87644,2.9103830456733704e-11,16.60593577971422,83.91074967760083,-0.053662713569987065,-0.06153501005616782,0.0816470715354026,False,221.0906415529167
2020-04-24 20:00:00,-194209.57178,651580.35509,1.1641532182693481e-10,16.59717602415363,83.90966633785584,-0.05943647335126401,-0.06702639502722414,0.0895836591950843,False,221.56539923761298
2020-04-24 20:30:00,-194138.52636,651727.23731,1.1999816708318134e-10,16.587904514290162,83.9085860455974,-0.06352239803453094,-0.07184012141404028,0.09589628823286869,False,221.48372395758233
2020-04-24 21:00:00,-194064.24185,651893.50145,0.0,16.577908920128042,83.90734731220286,-0.06525788426336218,-0.0749833456427321,0.09940368998335929,False,221.03299832474343
2020-04-24 21:30:00,-193990.38231,652052.98616,1.1641532182693481e-10,16.568114505822933,83.90616557135229,-0.06424220577034014,-0.06904871834268748,0.0943121758152494,False,222.9347910538631
2020-04-24 22:00:00,-193913.45451,652197.70469,1.1641532182693481e-10,16.558430594240168,83.90511840598187,-0.06392767353559872,-0.05989089585096418,0.0875994683174797,False,226.86731627003476
2020-04-24 22:30:00,-193831.23322,652325.24025,1.1999816708318134e-10,16.54873485332073,83.9042322784939,-0.06402234194325568,-0.055901537731208796,0.08499318907190691,False,228.87394542853536
2020-04-24 23:00:00,-193749.84201,652456.26212,1.1999816708318134e-10,16.5390253690706,83.90331388964636,-0.06380899957697209,-0.05669809570381573,0.08535960686093319,False,228.37700353163638
2020-04-24 23:30:00,-193669.12948,652586.30028,2.346425826049686e-10,16.529397127140125,83.90240204994363,-0.06322135548406542,-0.05583490237906448,0.0843473539177266,False,228.55017737455117
2020-04-25 00:00:00,-193588.83839,652713.71395,0.0,16.5198685686071,83.90151152470938,-0.06334182393391138,-0.053595780023768885,0.08297405796772178,False,229.76424680360353
2020-04-25 00:30:00,-193505.37518,652836.12055,0.0,16.510206610223197,83.90067195960417,-0.061796000379242905,-0.05162497588210008,0.08052256700887525,False,230.12429173714264
2020-04-25 01:00:00,-193428.36121,652955.12275,0.0,16.501148918323896,83.89984506470445,-0.05752651508452873,-0.049937591974762184,0.07617783818151014,False,229.03941964855207
2020-04-25 01:30:00,-193357.87156,653067.31393,0.0,16.49278260419987,83.89905996891471,-0.05343189348179861,-0.04508536562610948,0.06991178323208647,False,229.8426189144879
2020-04-25 02:00:00,-193289.9989,653165.3605,2.9103830456733704e-11,16.484967120851575,83.89838970201961,-0.04890962112860686,-0.041555733082529474,0.06417966960783066,False,229.647329675691
2020-04-25 02:30:00,-193231.48585,653260.72872,1.1999816708318134e-10,16.477972108323854,83.89771854649678,-0.043687985308315885,-0.03905364168043591,0.05859886508118997,False,228.2057768119973
2020-04-25 03:00:00,-193179.06046,653344.79032,1.1641532182693481e-10,16.471739173039044,83.89712904567239,-0.03769861587362028,-0.04201537650786654,0.05644889283134399,False,221.9002829922392
2020-04-25 03:30:00,-193144.22792,653444.25747,1.1641532182693481e-10,16.466558929757095,83.89636228558741,-0.03204654555125521,-0.051170779770092566,0.060377394644419616,False,212.05753548005083
2020-04-25 04:00:00,-193120.64139,653554.15121,1.6463612699567982e-10,16.462038328040514,83.89547723908284,-0.028777961807335925,-0.055746740750958555,0.06273651401009678,False,207.30399556000222
2020-04-25 04:30:00,-193101.74513,653666.07742,2.9103830456733704e-11,16.457848751024944,83.89456276117875,-0.028289872516506796,-0.057686587937556585,0.06424997521305091,False,206.12362818776808
2020-04-25 05:00:00,-193081.80599,653782.16757,0.0,16.453477237932745,83.89361509064003,-0.029622428113134983,-0.06189933029506685,0.06862226561616594,False,205.57382507738652
2020-04-25 05:30:00,-193062.58711,653909.99439,0.0,16.44888585025398,83.89256462229241,-0.031139331964678673,-0.06535204438475817,0.07239162728157077,False,205.47714432447708
2020-04-25 06:00:00,-193040.91068,654039.54875,1.1999816708318134e-10,16.444056914936887,83.89150549534124,-0.031926486674863724,-0.07019763746580152,0.07711685196622299,False,204.45644724559148
2020-04-25 06:30:00,-193023.89033,654184.90491,1.1999816708318134e-10,16.439229136427322,83.89029860988985,-0.033078167066929634,-0.07947276942625289,0.08608185765180759,False,202.59806193635518
2020-04-25 07:00:00,-193007.66362,654347.65482,1.1641532182693481e-10,16.43405390619727,83.88894007255304,-0.035414991314367025,-0.08941648260539371,0.09617447151566454,False,201.60692468670442
2020-04-25 07:30:00,-192992.67405,654529.72289,1.1641532182693481e-10,16.428521859986414,83.88741219690694,-0.038657191245655906,-0.09858664655729231,0.1058947841700227,False,201.41083433765215
2020-04-25 08:00:00,-192974.55524,654727.43562,1.1641532182693481e-10,16.42236933854297,83.88575763641295,-0.04077825546799174,-0.10645496623568906,0.11399792083741922,False,200.95965758540675
2020-04-25 08:30:00,-192960.20877,654938.82926,2.3283064365386963e-10,16.416199344325506,83.88397577091453,-0.043332129647855454,-0.11449979370717811,0.12242498200451123,False,200.72900958470484
2020-04-25 09:00:00,-192941.41161,655166.91756,2.346425826049686e-10,16.40927912193025,83.88206150661424,-0.04732985272214833,-0.12095545176250383,0.12988585862122035,False,201.37039984687237
2020-04-25 09:30:00,-192919.77179,655404.66658,1.1641532182693481e-10,16.401905754725245,83.88007124808142,-0.04630571746364911,-0.1264515443030207,0.1346633302961207,False,200.11239577294037
2020-04-25 10:00:00,-192910.03855,655650.68933,5.820766091346741e-11,16.395298996072025,83.87797957843871,-0.04818313973439848,-0.130788849297232,0.1393819861214448,False,200.22400088620375
2020-04-25 10:30:00,-192886.26639,655905.32184,1.1999816708318134e-10,16.38736443121816,83.87584927646817,-0.05208187755617601,-0.13096786986384312,0.14094362314928993,False,201.68618807789792
2020-04-25 11:00:00,-192863.18036,656155.91806,2.399963341663627e-10,16.37958588388631,83.87375184376047,-0.04634967992077474,-0.1316407501005561,0.1395621005710194,False,199.39676812266165
2020-04-25 11:30:00,-192859.82111,656407.04894,1.1999816708318134e-10,16.37338510768381,83.87159983446398,-0.03741977418442405,-0.13253204247922723,0.13771340451724,False,195.76676700716519
2020-04-25 12:00:00,-192868.4292,656651.65853,1.1999816708318134e-10,16.368303805983757,83.86947361681958,-0.03343243317707099,-0.13196639687836142,0.13613543805048162,False,194.21623941451514
2020-04-25 12:30:00,-192878.22477,656896.79085,0.0,16.36330905312751,83.86733985142023,-0.02801104050562879,-0.1330068980032492,0.1359244396959381,False,191.89261306585865
2020-04-25 13:00:00,-192906.57193,657139.49765,1.1999816708318134e-10,16.359864111395897,83.86518005231778,-0.022137544681656355,-0.1335256196340115,0.13534829878199078,False,189.41358225437853
2020-04-25 13:30:00,-192937.15263,657380.46827,2.9103830456733704e-11,16.35664171283747,83.86302952663891,-0.01910877955240577,-0.13132626877913428,0.1327092096556673,False,188.27878817869345
2020-04-25 14:00:00,-192973.70511,657612.51056,1.1999816708318134e-10,16.354110787266382,83.86094072233162,-0.013957873218465186,-0.127015393733578,0.12778001592611654,False,186.2711387986286
2020-04-25 14:30:00,-193017.68814,657833.37162,2.9103830456733704e-11,16.35244054794922,83.85892935104836,-0.009523506081555222,-0.12279609222102243,0.12316483845984318,False,184.43472273517938
2020-04-25 15:00:00,-193065.26885,658046.34671,1.3015628661377063e-10,16.351245302592208,83.85697674369084,-0.007311439960887733,-0.11966396749601585,0.11988712304158944,False,183.49641191490775
2020-04-25 15:30:00,-193113.7098,658254.14818,1.1999816708318134e-10,16.350241400755934,83.85506647579682,-0.0059277890320301105,-0.11807666698179117,0.11822536939395482,False,182.87400042818274
2020-04-25 16:00:00,-193164.45422,658460.23953,1.1641532182693481e-10,16.34946286967745,83.85316510439544,-0.006659622886325715,-0.11622871702264106,0.1164193507872177,False,183.27932330802264
2020-04-25 16:30:00,-193208.4888,658662.40037,1.1641532182693481e-10,16.34823973791788,83.85131448549954,-0.008581708497756645,-0.11295446231164344,0.11327999062876438,False,184.34469676585695
2020-04-25 17:00:00,-193249.26693,658859.13067,1.1641532182693481e-10,16.346884130619575,83.84951880770491,-0.010265686439666147,-0.11062971313871006,0.11110498524922643,False,185.30147793794544
2020-04-25 17:30:00,-193285.11932,659054.96899,0.0,16.34515594565888,83.84774323027631,-0.012927587248973398,-0.10769530314498667,0.10846843241962334,False,186.84495039015513
2020-04-25 18:00:00,-193313.71715,659244.26151,2.9103830456733704e-11,16.343001795154176,83.84604227505213,-0.015716691388687868,-0.10439034587852705,0.10556684470441353,False,188.56197137242822
2020-04-25 18:30:00,-193336.57209,659431.51049,2.9103830456733704e-11,16.34043728882263,83.84437338232604,-0.01837668981716394,-0.1040836776504606,0.10569349403762394,False,190.01277479522355
2020-04-25 19:00:00,-193355.65327,659622.44005,2.9103830456733704e-11,16.337486013930736,83.84268232364754,-0.022656747084822182,-0.10397409020217789,0.10641400106112081,False,192.2930187343071
2020-04-25 19:30:00,-193363.59171,659813.64685,1.1999816708318134e-10,16.33363879758646,83.84101696198488,-0.025925577130445993,-0.10514372675324775,0.10829283829094301,False,193.8512786197062
2020-04-25 20:00:00,-193372.53856,660011.92843,2.9103830456733704e-11,16.329708563350703,83.83928814813244,-0.02893571814057308,-0.10787523140733894,0.11168859089225548,False,195.01518112177286
2020-04-25 20:30:00,-193372.81573,660215.61996,2.9103830456733704e-11,16.324960941935462,83.83753460090418,-0.03339953027195203,-0.10975917008819189,0.11472839247908809,False,196.9249166245092
2020-04-25 21:00:00,-193368.2138,660424.928,1.1999816708318134e-10,16.3196947443323,83.83574496965007,-0.03593782286348615,-0.11119421869894329,0.11685752600596906,False,197.91076323780675
2020-04-25 21:30:00,-193361.13501,660636.14486,2.9103830456733704e-11,16.31418910598776,83.8339450963396,-0.0379021852995818,-0.1115699562149568,0.11783221452680592,False,198.76348570576192
2020-04-25 22:00:00,-193350.08567,660848.73644,2.9103830456733704e-11,16.308337452069406,83.83214333120716,-0.039278428685795286,-0.10970524089445456,0.1165248249933696,False,199.69919710778385
2020-04-25 22:30:00,-193336.32342,661054.89982,0.0,16.302422713072993,83.83040365333675,-0.039601648674558745,-0.10589353665556021,0.11305632084569908,False,200.50459394600585
2020-04-25 23:00:00,-193320.26214,661254.64505,0.0,16.29647756709831,83.82872493281367,-0.03818842101900503,-0.10258868153654659,0.10946594483825442,False,200.41767691495826
2020-04-25 23:30:00,-193308.00246,661447.95824,0.0,16.290989052290783,83.82709194291,-0.03317924742620374,-0.09801273877555142,0.10347637132241219,False,198.70197501051297
2020-04-26 00:00:00,-193304.59147,661626.83023,2.346425826049686e-10,16.286546077751318,83.82556094291408,-0.026839406169084513,-0.0932304647184491,0.09701687108501837,False,196.0601762893595
2020-04-26 00:30:00,-193309.38235,661797.21625,2.9103830456733704e-11,16.282957287880215,83.82408232637057,-0.019748449392672257,-0.08744136197211913,0.08964370048672746,False,192.7266161531512
2020-04-26 01:00:00,-193324.60963,661948.92609,2.9103830456733704e-11,16.280637538669737,83.82273820606967,-0.014116833322295328,-0.08281510480768045,0.08400968139063834,False,189.67377379878423
2020-04-26 01:30:00,-193344.17934,662097.64263,1.1641532182693481e-10,16.27873474799973,83.82140892503284,-0.0107650535864535,-0.08235987511241319,0.08306043226020145,False,187.44677173867774
2020-04-26 02:00:00,-193370.51992,662244.39816,1.1641532182693481e-10,16.277418201062122,83.82007949858153,-0.002980439330623759,-0.07539020987152231,0.07544910047890371,False,182.26392411913605
2020-04-26 02:30:00,-193409.95145,662361.17573,2.9103830456733704e-11,16.277843301841305,83.81897520773026,0.006355347578060437,-0.06985492481363118,0.07014343136428403,False,174.80158513395747
2020-04-26 03:00:00,-193462.97011,662479.38214,5.820766091346741e-11,16.27931777604476,83.81782446453158,0.009067448544124355,-0.07242299413640912,0.07298841485319908,False,172.86363121584185
2020-04-26 03:30:00,-193514.37137,662602.29479,2.9103830456733704e-11,16.28055332356157,83.81663727329284,0.009698237694708515,-0.0761249639109392,0.07674024983556453,False,172.7396908060955
2020-04-26 04:00:00,-193573.31114,662732.65502,1.1641532182693481e-10,16.28221562422636,83.81536702104455,0.015908673200007422,-0.07442436968124813,0.07610566789297443,False,167.93425102401613
2020-04-26 04:30:00,-193644.46415,662843.41951,1.1641532182693481e-10,16.285305830734842,83.81423472120454,0.01871187439809873,-0.06870356799102134,0.0712061408741347,False,164.76464754710224
2020-04-26 05:00:00,-193707.32832,662951.17429,0.0,16.287804919285158,83.81314915438384,0.01094510815742935,-0.07357239095388507,0.07438206842545544,False,171.53836522244626
2020-04-26 05:30:00,-193756.56857,663086.59905,1.1999816708318134e-10,16.28857479902573,83.8118596812866,0.004037458625382014,-0.07878550436725987,0.0788888887648647,False,177.06637463548816
2020-04-26 06:00:00,-193800.83036,663219.34097,2.9103830456733704e-11,16.289010503030024,83.81060581959525,0.004360474976166481,-0.07388059548074477,0.07400916247740694,False,176.62228871027156
2020-04-26 06:30:00,-193846.23616,663337.48998,1.1999816708318134e-10,16.289876424120934,83.80947468323663,0.005444929626287308,-0.06783673219071477,0.06805490057997278,False,175.41098021744585
2020-04-26 07:00:00,-193888.14602,663448.25104,2.3283064365386963e-10,16.290635662588187,83.8084159276439,0.002266538500277606,-0.0717595033703848,0.07179528898707427,False,178.19090259809252
2020-04-26 07:30:00,-193926.53339,663583.16354,1.1999816708318134e-10,16.29055294174262,83.80715815611734,-0.0012250580115377475,-0.07910688187913618,0.07911636700311281,False,180.88721792373838
2020-04-26 08:00:00,-193963.79741,663722.83925,2.9103830456733704e-11,16.290270202283434,83.8058622116053,-0.004083279926677275,-0.07993523967076427,0.08003946349259303,False,182.92426132737177
2020-04-26 08:30:00,-193993.14341,663863.50076,1.1999816708318134e-10,16.289335062528302,83.80457769680807,-0.006692481848383407,-0.07974650015591231,0.08002683050332472,False,184.79713275367874
2020-04-26 09:00:00,-194021.19621,664005.16003,1.3015628661377063e-10,16.288274322150546,83.80328784397513,-0.007790563822602913,-0.08325794900499739,0.08362164167960826,False,185.34568166731958
2020-04-26 09:30:00,-194050.28804,664159.06516,5.820766091346741e-11,16.287012220090435,83.80188997094373,-0.010910673276638881,-0.08791410752197,0.0885885607329415,False,187.0745796627727
2020-04-26 10:00:00,-194072.25364,664319.96529,5.820766091346741e-11,16.285022005824427,83.80044980465814,-0.01478810630306902,-0.08857013671353303,0.08979619816832336,False,189.4789485274813
2020-04-26 10:30:00,-194088.59808,664480.0534,1.1999816708318134e-10,16.2826049692891,83.79903075214165,-0.015827435979679817,-0.08878239636216012,0.09018215806631912,False,190.10805785576832
2020-04-26 11:00:00,-194107.17287,664642.73768,0.0,16.280305971514945,83.79758373389195,-0.014561546208399227,-0.08772190028000948,0.08892227176987368,False,189.42496951453495
2020-04-26 11:30:00,-194126.80856,664797.88494,2.9103830456733704e-11,16.278267072245,83.7961989147996,-0.01320056050445891,-0.0847515653203651,0.08577343774085304,False,188.85302466502668
2020-04-26 12:00:00,-194147.07784,664948.93269,2.9103830456733704e-11,16.276374420728374,83.79484778242613,-0.011819473559622698,-0.08213478286363746,0.08298085629398803,False,188.18884027486877
2020-04-26 12:30:00,-194168.83579,665093.64493,2.9103830456733704e-11,16.274747586456392,83.79354743688921,-0.008449686102413145,-0.07750011045447652,0.07795937606013387,False,186.2222699721571
2020-04-26 13:00:00,-194196.06598,665225.27793,0.0,16.27385876570729,83.79234592046195,-0.004388172869491077,-0.07103251094584635,0.07116792586835954,False,183.5350668058502
2020-04-26 13:30:00,-194225.33059,665343.54311,0.0,16.273441373721028,83.7912543598274,-0.0004951560135748323,-0.06434076865771987,0.06434267394928507,False,180.4409302267236
2020-04-26 14:00:00,-194259.2617,665448.12415,2.3283064365386963e-10,16.273711295173104,83.79026886515412,0.0038416998503287315,-0.05862214369412828,0.05874788837937105,False,176.25058240324523
2020-04-26 14:30:00,-194297.74547,665542.25174,1.1999816708318134e-10,16.27458436674316,83.78936191205159,0.007677931386955895,-0.05292423572660447,0.053478269957320045,False,171.7454593728698
2020-04-26 15:00:00,-194339.18822,665623.2709,1.1999816708318134e-10,16.275995435504342,83.7885603566397,0.011390400595202717,-0.04654872685314698,0.047922074218131265,False,166.25000046460076
2020-04-26 15:30:00,-194384.07298,665691.61883,5.820766091346741e-11,16.277972548340987,83.7878592173078,0.013132392019169709,-0.04096808097611942,0.04302142929995504,False,162.22665399808886
2020-04-26 16:00:00,-194425.90939,665751.59225,2.3283064365386963e-10,16.279901425860416,83.78723781865003,0.013981777489226644,-0.034857681833465735,0.03755726407183266,False,158.1437673506366
2020-04-26 16:30:00,-194467.56711,665797.96465,0.0,16.28213073738619,83.78673393449563,0.014748249722669242,-0.029145572903698756,0.03266458770238854,False,153.15966649213135
2020-04-26 17:00:00,-194506.29093,665837.42236,0.0,16.28428722520038,83.7862969363435,0.014023789447729734,-0.026592255372533444,0.030063511376289525,False,152.19446414436538
2020-04-26 17:30:00,-194542.871,665875.69986,2.9103830456733704e-11,16.286300792886156,83.78587547890234,0.014134799653243404,-0.024231851719101805,0.02805307824417611,False,149.7443517508799
2020-04-26 18:00:00,-194579.59815,665906.88638,1.1641532182693481e-10,16.288489999728522,83.78551467831836,0.014105150258746233,-0.021699123842955415,0.025880634446893397,False,146.97479643397912
2020-04-26 18:30:00,-194613.52111,665936.43917,1.3015628661377063e-10,16.290494516454245,83.7851749841854,0.012309519576062744,-0.021688148653704317,0.024937924216314564,False,150.42210177505115
2020-04-26 19:00:00,-194644.03456,665969.39857,2.9103830456733704e-11,16.29214964733397,83.78481453825334,0.010030026222586703,-0.020056407412736142,0.02242456029293404,False,153.43078382209416
2020-04-26 19:30:00,-194668.43474,665995.61324,1.1641532182693481e-10,16.293476316492576,83.78452751993963,0.008359409135733301,-0.017964642774567992,0.019814341046737318,False,155.04623288224843
2020-04-26 20:00:00,-194691.06419,666023.03079,1.1641532182693481e-10,16.29463465714675,83.7842346001662,0.00680728501015998,-0.019280746531616263,0.02044715911871332,False,160.55384633210792
2020-04-26 20:30:00,-194711.43162,666055.35993,1.1641532182693481e-10,16.295499832856656,83.78390509517394,0.005071786955457365,-0.02228045352984464,0.0228504186486181,False,167.17605714862435
2020-04-26 21:00:00,-194731.09526,666094.89503,2.9103830456733704e-11,16.296142202992634,83.78351533782563,0.0034615750935519853,-0.023538202714334114,0.02379137425936941,False,171.6339359066934
2020-04-26 21:30:00,-194747.17016,666133.19629,2.346425826049686e-10,16.2965287058195,83.78314522968388,0.0009135227883713976,-0.02336350662198784,0.02338135936083579,False,177.76085192017933
2020-04-26 22:00:00,-194757.85341,666174.70153,0.0,16.29641373585048,83.7827611116457,-0.00043351734941996737,-0.02233510160270957,0.02233930842473884,False,181.11195356983933
2020-04-26 22:30:00,-194768.23476,666210.81009,1.1999816708318134e-10,16.29639986426527,83.78242420247358,7.91610975771663e-05,-0.018811689539451063,0.018811856096835906,False,179.75889618997041
2020-04-26 23:00:00,-194777.13019,666239.62277,0.0,16.296437257757635,83.78215382797171,0.001613749511314671,-0.0149176607034839,0.015004692211089707,False,173.8259167532135
2020-04-26 23:30:00,-194788.88045,666260.72582,2.9103830456733704e-11,16.296879387571227,83.78194262656322,0.004353433342303182,-0.012419696928042482,0.01316059473011402,False,160.68308221198583
2020-04-27 00:00:00,-194804.71937,666278.13933,1.1641532182693481e-10,16.297730855348362,83.78175289159961,0.0047601743883399425,-0.012315980784943524,0.013203887416306823,False,158.86828939297584
2020-04-27 00:30:00,-194817.77085,666298.47268,0.0,16.29829382193349,83.78154503922879,0.006676129961540605,-0.009966971140446612,0.011996300470473212,False,146.1848216426156
2020-04-27 01:00:00,-194837.8572,666305.83362,2.3283064365386963e-10,16.299714511728492,83.78143113358539,0.011985469597941245,-0.005411579846723349,0.013150539073385401,False,114.29973322566633
2020-04-27 01:30:00,-194864.65206,666305.06142,5.820766091346741e-11,16.301854977665418,83.78137033873307,0.01825637727390583,-0.00012150688504000435,0.0182567816191764,False,90.38133134505182
2020-04-27 02:00:00,-194901.06063,666287.80517,1.1999816708318134e-10,16.305138886991223,83.78142720518674,0.030157464996250084,0.010671989200456932,0.03199006171445624,False,70.51237410938938
2020-04-27 02:30:00,-194958.0661,666237.70702,1.1999816708318134e-10,16.31081566054764,83.78171483439404,0.04243949499464967,0.020390060753693793,0.04708359919271485,False,64.33803689380397
2020-04-27 03:00:00,-195027.07826,666174.44675,2.9103830456733704e-11,16.317749333785557,83.7820854274473,0.04189950430664265,0.019730042254286817,0.04631245003774157,False,64.78474001581958
2020-04-27 03:30:00,-195082.87194,666127.15989,0.0,16.323266070738274,83.78235178142643,0.03864203707473159,0.018561523838608093,0.04286883712554083,False,64.34291327813878
2020-04-27 04:00:00,-195141.80158,666071.22062,2.9103830456733704e-11,16.329232527090063,83.78268463033793,0.041679997476738034,0.024197675955077408,0.048194913749148055,False,59.86232884033194
2020-04-27 04:30:00,-195202.3753,666001.37522,2.9103830456733704e-11,16.33565276619194,83.7831329314239,0.04387921172910112,0.03270422170057359,0.0547261485855487,False,53.301959830818646
2020-04-27 05:00:00,-195260.2751,665913.80844,2.9103830456733704e-11,16.342273769569612,83.7837403933302,0.04472635810340621,0.04048234150749825,0.060326338220746054,False,47.85139265038731
2020-04-27 05:30:00,-195315.8783,665816.22131,0.0,16.348947001121907,83.78443979097247,0.04481141277031415,0.04540432532488149,0.06379353785987378,False,44.62344820743556
2020-04-27 06:00:00,-195369.06265,665711.55245,0.0,16.35559474766386,83.78520614595055,0.04422942752071103,0.04949870870891698,0.06638045211250104,False,41.7822884105866
2020-04-27 06:30:00,-195418.48133,665600.39939,2.3283064365386963e-10,16.36209657586934,83.78603772023736,0.04494001480144335,0.054835463851361795,0.07089804670192229,False,39.336088879894135
2020-04-27 07:00:00,-195468.68346,665476.56402,1.1999816708318134e-10,16.368957483857553,83.78697635030139,0.043860793022326,0.06004396019261474,0.07435755724981573,False,36.147307127262934
2020-04-27 07:30:00,-195509.06196,665348.5034,2.3283064365386963e-10,16.375140174191923,83.78797607827761,0.038808719596190616,0.061876541168136644,0.07303987310796657,False,32.095772647021704
2020-04-27 08:00:00,-195539.92725,665223.45608,1.3015628661377063e-10,16.38050042316961,83.78897386766167,0.03363350315183986,0.06150564318102832,0.07010104619316888,False,28.67142869613008
2020-04-27 08:30:00,-195562.78407,665101.92399,5.820766091346741e-11,16.385145439770422,83.78996161902342,0.029034928053878396,0.06014590481023681,0.06678740085177715,False,25.768534975419925
2020-04-27 09:00:00,-195579.1277,664986.23858,1.1641532182693481e-10,16.38913906127583,83.79091551071951,0.019039600649827317,0.06421846593823191,0.06698147326212493,False,16.514126980307935
2020-04-27 09:30:00,-195563.31009,664860.79126,1.1999816708318134e-10,16.390810850454873,83.7920347390215,0.006417387993953957,0.0666122568163885,0.06692066666462193,False,5.502861105421061
2020-04-27 10:00:00,-195533.62164,664749.66101,1.1999816708318134e-10,16.391048802337277,83.79306589638209,0.0017517019779284514,0.0647377311848952,0.06476142600952539,False,1.5499561816914706
2020-04-27 10:30:00,-195503.59353,664635.42773,5.820766091346741e-11,16.391332303617734,83.79412460729539,0.004123145412189489,0.06858742614237147,0.0687112461895818,False,3.4402059259743965
2020-04-27 11:00:00,-195478.18325,664508.59298,0.0,16.3922765113168,83.79528003881553,0.009938102299764585,0.07426318378448309,0.0749252049922354,False,7.622192408595197
2020-04-27 11:30:00,-195462.46773,664368.85065,2.9103830456733704e-11,16.39429194678143,83.7965219712206,0.018578536221419764,0.08054983005404014,0.0826646062705518,False,12.987940100154844
2020-04-27 12:00:00,-195460.50118,664211.52617,2.9103830456733704e-11,16.397810390015813,83.79788034196007,0.027757021936712457,0.08697314040521552,0.09129501310992003,False,17.700210579903285
2020-04-27 12:30:00,-195469.93796,664040.27351,1.1999816708318134e-10,16.40256136708552,83.79932962808456,0.03264664122245829,0.0889414000128747,0.09474373762607269,False,20.15605909758949
2020-04-27 13:00:00,-195482.82949,663871.18035,2.9103830456733704e-11,16.407538436872628,83.80075154369474,0.03592306126917088,0.08577914337087279,0.0929974610857165,False,22.72322857695565
2020-04-27 13:30:00,-195506.76713,663707.51454,1.3015628661377063e-10,16.413268243856606,83.80209873842503,0.04427355389922269,0.09639446796422958,0.10607563824448223,False,24.6691101603476
2020-04-27 14:00:00,-195537.66388,663493.26549,0.0,16.42073779785826,83.80386332080103,0.053730926801072096,0.1138148148485232,0.12586033757266737,False,25.27156487189984
2020-04-27 14:30:00,-195576.48177,663259.81268,0.0,16.42929114672394,83.80577288008348,0.06262373113302522,0.12137256306392943,0.13657609880842606,False,27.292052146956053
2020-04-27 15:00:00,-195630.32337,663010.40164,0.0,16.4394183961799,83.80778142578619,0.07275185147122323,0.12693758339990974,0.1463078329136891,False,29.818354717207512
2020-04-27 15:30:00,-195698.35692,662747.39881,1.3015628661377063e-10,16.450999856243183,83.8098706281102,0.0819893918965851,0.13187650672387763,0.1552857798037694,False,31.86977059087161
2020-04-27 16:00:00,-195778.95345,662471.4932,1.1999816708318134e-10,16.46389168457545,83.81203860633649,0.088045585545297,0.13767049647636026,0.16341722900007127,False,32.600481433542086
2020-04-27 16:30:00,-195861.86262,662182.27479,1.1999816708318134e-10,16.477289836953535,83.81431486185039,0.08215674300283116,0.1326738629950262,0.15605154386566072,False,31.767379559680705
2020-04-27 17:00:00,-195927.09979,661929.59314,2.9103830456733704e-11,16.488430604809842,83.81632160017554,0.07364975430165194,0.12075495296390261,0.14144272683318865,False,31.379467618600756
2020-04-27 17:30:00,-195992.71607,661690.18159,2.9103830456733704e-11,16.499295872751127,83.81821304199131,0.07404378574532026,0.12051505290128453,0.1414438410935531,False,31.56633698752114
2020-04-27 18:00:00,-196059.4653,661437.90035,2.9103830456733704e-11,16.51056174813317,83.82021201789807,0.07539546530131752,0.12358692281906002,0.14476948462948425,False,31.38570563175341
2020-04-27 18:30:00,-196126.5075,661186.47714,1.1641532182693481e-10,16.52183796893731,83.82220262897556,0.07412948911664846,0.12416897089134944,0.14461367324327284,False,30.83741019233537
2020-04-27 19:00:00,-196188.19237,660933.45679,5.820766091346741e-11,16.532732407448854,83.82422039843678,0.07696933676787959,0.1330615980635889,0.15371944470926033,False,30.047188282662205
2020-04-27 19:30:00,-196255.82959,660648.40996,1.1999816708318134e-10,16.54486647623554,83.82649803820546,0.08446793091929025,0.14651538335322684,0.1691200429071877,False,29.9639808769532
2020-04-27 20:00:00,-196329.48552,660341.24666,0.0,16.558013478516227,83.82895011428019,0.08938309630799049,0.15174922543047983,0.1761169081160412,False,30.498870712625035
2020-04-27 20:30:00,-196408.57802,660033.06422,8.731149137020111e-11,16.571628650454514,83.83139671689914,0.09297221163681213,0.14891336695822735,0.17555347617029934,False,31.978082544502684
2020-04-27 21:00:00,-196497.38363,659731.96449,1.1999816708318134e-10,16.585861163544763,83.83375723700291,0.10062178156034557,0.14683917722232387,0.17800698551379082,False,34.42095406193687
2020-04-27 21:30:00,-196604.84893,659423.03586,2.9103830456733704e-11,16.60177975759695,83.83613684436725,0.10983484586036521,0.14693294460474698,0.1834474954186942,False,36.77873217982102
2020-04-27 22:00:00,-196725.17302,659112.08171,1.1641532182693481e-10,16.618785255965967,83.83850039992235,0.11512808991709714,0.14468458536111284,0.18490026048947672,False,38.509888131045386
2020-04-27 22:30:00,-196853.02896,658805.39152,1.3015628661377063e-10,16.636303420210503,83.84080743864227,0.11359172596874482,0.14570032874538652,0.18474757374610398,False,37.940896091807645
2020-04-27 23:00:00,-196966.81791,658492.44138,1.3015628661377063e-10,16.652860796994275,83.8432038254337,0.1134829138276931,0.14896330255961998,0.18726568623293618,False,37.30080010446369
2020-04-27 23:30:00,-197090.7532,658174.53961,1.3015628661377063e-10,16.67036008702713,83.84561613055196,0.12393083082299872,0.15089020612256315,0.19526060824495126,False,39.397328532881716
2020-04-28 00:00:00,-197238.39121,657844.08188,1.4551915228366852e-10,16.690068050822383,83.8480746672551,0.1336241886499791,0.151493305437645,0.20200407269356924,False,41.41380252295886
2020-04-28 00:30:00,-197394.90592,657513.98508,0.0,16.71049265960029,83.85050648532619,0.13899939821258317,0.15212777460753082,0.20606720386927166,False,42.41799677410165
2020-04-28 01:00:00,-197560.18525,657175.6673,1.1999816708318134e-10,16.731831820275247,83.8529854884896,0.14321863148536318,0.1536589904622696,0.21005394962824223,False,42.985897067399264
2020-04-28 01:30:00,-197729.41019,656835.79883,2.486632364254192e-10,16.753541092312275,83.85546675067573,0.1493719373646031,0.15571613952461372,0.21577648569875235,False,43.80872556084648
2020-04-28 02:00:00,-197913.50942,656483.87756,1.1999816708318134e-10,16.776748598227925,83.8580121063905,0.15651594370187544,0.16103883361064458,0.2245679108055412,False,44.18399910669774
2020-04-28 02:30:00,-198101.54699,656118.09647,1.1641532182693481e-10,16.80062539645029,83.86066521756996,0.16140263612659939,0.15993486039132374,0.22722229317786505,False,45.26170854927875
2020-04-28 03:00:00,-198303.33704,655764.73999,2.9103830456733704e-11,16.82532297554146,83.863174921534,0.1640916367958284,0.15161147229530736,0.2234101694146549,False,47.263799754871854
2020-04-28 03:30:00,-198509.00387,655424.67037,2.9103830456733704e-11,16.85002893322818,83.8655593763874,0.16650846632255684,0.1463063857832325,0.2216542981267047,False,48.69512106391346
2020-04-28 04:00:00,-198724.3579,655086.8946,5.820766091346741e-11,16.875474224113013,83.86789778716707,0.16977478853060257,0.14344509455459814,0.2222610491570406,False,49.80506520834069
2020-04-28 04:30:00,-198943.96626,654753.08167,2.9103830456733704e-11,16.90118326450092,83.87018989360911,0.17199248329416544,0.14032837581300672,0.22197627658831073,False,50.78905271269588
2020-04-28 05:00:00,-199169.91972,654423.52532,5.820766091346741e-11,16.927316141978192,83.87242768091188,0.17135059464672808,0.1387921214529868,0.22050913646197964,False,50.99290303867525
2020-04-28 05:30:00,-199388.62504,654095.47295,2.9103830456733704e-11,16.952850421295878,83.87467024011228,0.1698427337170745,0.13801155433651185,0.21884639208099602,False,50.90322870950126
2020-04-28 06:00:00,-199609.91234,653769.98924,2.9103830456733704e-11,16.978547495923657,83.87688278841021,0.17133394605802507,0.1362948683859954,0.2189328943310485,False,51.498014560647334
2020-04-28 06:30:00,-199835.26355,653446.08267,1.1999816708318134e-10,17.00455030929982,83.87906991984234,0.1711067081479206,0.1343636831279961,0.21755713023695228,False,51.858781431324985
2020-04-28 07:00:00,-200057.50697,653127.28389,2.3283064365386963e-10,17.030196960892916,83.88122015527196,0.16742385556725106,0.13440541216648078,0.2146987709155442,False,51.24301494818803
2020-04-28 07:30:00,-200269.84955,652806.91642,1.1641532182693481e-10,17.05510599942388,83.88340864656503,0.16014461991996784,0.1385203401088987,0.21174084139153676,False,49.14116792564249
2020-04-28 08:00:00,-200462.41749,652481.45226,1.4551915228366852e-10,17.078571826273073,83.88569173976758,0.1568878978870168,0.13730286607693964,0.20848474653160848,False,48.80870665181186
2020-04-28 08:30:00,-200664.57552,652168.55184,0.0,17.102514588857304,83.88784083922971,0.15839546464703955,0.13073509334581734,0.20537961888388812,False,50.46470779529193
2020-04-28 09:00:00,-200869.01719,651863.92518,2.399963341663627e-10,17.126452829443746,83.88991193769732,0.155878356978817,0.12521944919211797,0.1999449239925658,False,51.22455854634552
2020-04-28 09:30:00,-201068.10473,651572.49924,2.6031257322754127e-10,17.149650328729223,83.89188301738272,0.15355222107970268,0.11967535977487245,0.19468044672168555,False,52.067901458361916
2020-04-28 10:00:00,-201270.18848,651289.24982,2.9103830456733704e-11,17.17290047965812,83.89377511124333,0.15634306668430115,0.11106109559002168,0.19177518466659801,False,54.6112362412058
2020-04-28 10:30:00,-201487.79821,651024.32349,1.3015628661377063e-10,17.19695656874429,83.89546808199752,0.15761060651970218,0.10223244416247049,0.1878631840647364,False,57.03097037832151
2020-04-28 11:00:00,-201703.40783,650769.91103,1.1999816708318134e-10,17.220603557051877,83.89707523393966,0.15517373215126656,0.09546716220498652,0.1821890946495597,False,58.399023601302815
2020-04-28 11:30:00,-201919.63404,650530.66636,2.9103830456733704e-11,17.243934296120408,83.89854981186306,0.154497052136526,0.09001991613829399,0.17880974363949498,False,59.772171958024444
2020-04-28 12:00:00,-202138.52928,650295.52888,1.1999816708318134e-10,17.26738816735674,83.89998110324245,0.15409645327254767,0.08285517593228264,0.17495912977020656,False,61.73379784322725
2020-04-28 12:30:00,-202360.8403,650081.16478,2.9103830456733704e-11,17.29060790179814,83.90122441451923,0.1581314763488489,0.07108579973962142,0.17337460810882346,False,65.79436430136604
2020-04-28 13:00:00,-202606.01605,649881.98616,1.1999816708318134e-10,17.315293990118203,83.90227570963769,0.16327002988801598,0.0640151044121923,0.1753711385962283,False,68.59078941875845
2020-04-28 13:30:00,-202853.38532,649686.21583,0.0,17.340079328609054,83.9032908362663,0.16449403566098933,0.05831457357741615,0.17452471819073284,False,70.48013835552808
2020-04-28 14:00:00,-203108.71274,649505.10012,0.0,17.365144155746595,83.90415810729058,0.165202497084648,0.04867228217055685,0.17222327396346127,False,73.58386927289735
2020-04-28 14:30:00,-203368.71153,649341.47884,1.1999816708318134e-10,17.39015119561307,83.90486199304272,0.1660736364053143,0.0361347049923136,0.16995931752559512,False,77.72477028244651
2020-04-28 15:00:00,-203640.37108,649202.27316,1.3015628661377063e-10,17.415485583854622,83.90532452938216,0.16826297164162723,0.02640788999200814,0.17032264758246643,False,81.08052064258447
2020-04-28 15:30:00,-203918.23663,649069.46923,2.346425826049686e-10,17.44116083496788,83.90571443001461,0.17073865070284494,0.024031424817965087,0.17242156542210607,False,81.98826142629463
2020-04-28 16:00:00,-204200.84117,648935.50798,1.3015628661377063e-10,17.4672493370305,83.90610024959658,0.17358457489024504,0.019310662329754535,0.17465539304424837,False,83.6521503471011
2020-04-28 16:30:00,-204493.45925,648815.58473,2.3283064365386963e-10,17.49379010506141,83.90633776056167,0.175303113014389,0.010210437197716339,0.17560021201668338,False,86.66660361518421
2020-04-28 17:00:00,-204791.6947,648710.74291,1.1641532182693481e-10,17.520401712954296,83.90642984134215,0.1755841149419042,0.0007468492564833562,0.17558570330110518,False,89.75629314599138
2020-04-28 17:30:00,-205095.42929,648622.72917,2.9103830456733704e-11,17.54702841948054,83.90636186827834,0.17592538574529998,-0.007646174197891625,0.17609146864484124,False,92.48865715905521
2020-04-28 18:00:00,-205403.8559,648546.0462,2.9103830456733704e-11,17.573743121839918,83.90618301673743,0.17346966565702002,-0.013549839811537165,0.17399805476520888,False,94.46634561994586
2020-04-28 18:30:00,-205705.50268,648480.67761,2.9103830456733704e-11,17.5996238665446,83.90592451708218,0.167130898509424,-0.019135035395493504,0.16822272978451566,False,96.53142933465034
2020-04-28 19:00:00,-205998.19316,648429.78445,1.1999816708318134e-10,17.624414466833468,83.9055653846357,0.15925078506483578,-0.023593642864305524,0.16098904474334555,False,98.42729782988954
2020-04-28 19:30:00,-206277.61259,648388.04557,1.1999816708318134e-10,17.647903503673657,83.90516296703177,0.14995555701510202,-0.026565395667775982,0.15229047680894234,False,100.04601196058445
2020-04-28 20:00:00,-206541.62044,648357.25751,1.1641532182693481e-10,17.669873091096076,83.90470791132273,0.13863872586204945,-0.030220747962462755,0.14189429134416648,False,102.29708733920103
2020-04-28 20:30:00,-206786.18778,648340.21477,1.1641532182693481e-10,17.68992833689615,83.90418750841249,0.1292725656660337,-0.03345006596605484,0.13353015819286823,False,104.50743901122013
2020-04-28 21:00:00,-207021.58765,648330.57032,1.1641532182693481e-10,17.709055491304756,83.90362816827061,0.12027917833717396,-0.03621504694150176,0.12561293869041068,False,106.75660541818587
2020-04-28 21:30:00,-207238.33188,648332.69791,0.0,17.7263815700224,83.90301853795907,0.1087468043897193,-0.03835471142488759,0.11531240763015173,False,109.42761191589756
2020-04-28 22:00:00,-207436.52934,648342.89442,5.820766091346741e-11,17.742010395598307,83.90239011948171,0.0968923159968004,-0.041170433824848,0.10527642433398852,False,113.02108400865592
2020-04-28 22:30:00,-207615.71945,648367.56808,1.3015628661377063e-10,17.755740962398992,83.90168959625859,0.0859223265218367,-0.04273621134886528,0.09596369081782966,False,116.44492139473039
2020-04-28 23:00:00,-207778.03348,648395.0859,2.9103830456733704e-11,17.76804295575188,83.90101061635221,0.07812820073796292,-0.04397115696243388,0.0896519848925077,False,119.37114646460554
2020-04-28 23:30:00,-207931.87105,648432.48253,2.9103830456733704e-11,17.77940924384335,83.9002702142236,0.0722100206457119,-0.0443513556147396,0.08474272727803392,False,121.55822359964742
2020-04-29 00:00:00,-208074.32801,648467.74666,0.0,17.789915920000563,83.89957895779051,0.06950372069609503,-0.04033564130426019,0.08036000964426727,False,120.12821665217172
2020-04-29 00:30:00,-208214.4852,648494.30031,0.0,17.800460019079512,83.89896816555495,0.07176725129544485,-0.036915574760156764,0.080705006154366,False,117.22034322962327
2020-04-29 01:00:00,-208360.94825,648515.29853,5.820766091346741e-11,17.81164993403018,83.89838729730339,0.07642859848292691,-0.03593560885164398,0.08445530563323307,False,115.18222315442256
2020-04-29 01:30:00,-208516.01208,648533.30435,2.9103830456733704e-11,17.823603416705318,83.89780813497123,0.07803931501737371,-0.0373600670572893,0.08652114943125781,False,115.58201934730766
2020-04-29 02:00:00,-208669.57316,648557.34671,2.9103830456733704e-11,17.835278839303434,83.89718130689107,0.0738459733819698,-0.04208970082952038,0.08499865116958692,False,119.6816737770663
2020-04-29 02:30:00,-208815.48998,648596.12167,0.0,17.845960338767686,83.8964494843828,0.0675991372650679,-0.04160542308829386,0.07937666275006419,False,121.61116244081586
2020-04-29 03:00:00,-208947.12194,648625.34052,1.1641532182693481e-10,17.85574245135935,83.89583828500618,0.06615873054308924,-0.03842724986785549,0.07650902665358963,False,120.14948280719739
2020-04-29 03:30:00,-209084.60649,648654.76776,1.1999816708318134e-10,17.865985536802427,83.8952090290069,0.0698722605220974,-0.03962290851699123,0.08032501272837564,False,119.55654812683895
2020-04-29 04:00:00,-209230.2935,648683.93389,2.9103830456733704e-11,17.8768894742179,83.89455922847347,0.07970412882865086,-0.03995795984349592,0.08915933325899542,False,116.62591764638125
2020-04-29 04:30:00,-209401.84527,648703.58997,1.1641532182693481e-10,17.890105530238454,83.89391911755828,0.09052333869186473,-0.0414237823820877,0.09955101503631499,False,114.58899078507079
2020-04-29 05:00:00,-209586.23044,648725.73985,0.0,17.904280721441232,83.89322202665795,0.09341143803783827,-0.04549192904624599,0.1039000113794295,False,115.96635914356585
2020-04-29 05:30:00,-209772.18856,648756.04757,1.1641532182693481e-10,17.918367536395394,83.89245062049395,0.09182632959384263,-0.04763483187409881,0.10344637264955538,False,117.41798939546783
2020-04-29 06:00:00,-209953.53045,648787.2023,0.0,17.932059860946463,83.89168436306676,0.08986635149357822,-0.05222885079719536,0.10394139688479774,False,120.16445236735996
2020-04-29 06:30:00,-210137.8821,648835.32975,1.1999816708318134e-10,17.94554996668671,83.8907646541058,0.08383558399684897,-0.06376737635051231,0.10533130318533325,False,127.25749807369505
2020-04-29 07:00:00,-210311.38673,648912.60557,5.820766091346741e-11,17.95741442587414,83.88962596002102,0.07096624880586679,-0.07176321769769237,0.10092654697304657,False,135.31992328188824
2020-04-29 07:30:00,-210460.56635,649002.32559,5.820766091346741e-11,17.967008950882573,83.88844814725411,0.06234655604378232,-0.08090362822178485,0.10213956192371922,False,142.38116694606697
2020-04-29 08:00:00,-210614.73162,649120.42027,2.9103830456733704e-11,17.976262693463696,83.88701435511418,0.053328335096257604,-0.08943786423076347,0.10412993269132186,False,149.19401291502191
2020-04-29 08:30:00,-210742.54593,649249.3344,2.9103830456733704e-11,17.983127914842026,83.88556108079878,0.039430249513686254,-0.09483789466445383,0.1027081829315347,False,157.42418287128623
2020-04-29 09:00:00,-210855.15381,649401.33277,5.820766091346741e-11,17.988177913232914,83.88395295472388,0.02457362066134965,-0.10212165774886436,0.10503664033937919,False,166.47009548048027
2020-04-29 09:30:00,-210940.22105,649571.68248,1.1999816708318134e-10,17.990552220301776,83.8822645522052,0.010031579683660974,-0.10985869854493492,0.1103157569748607,False,174.7825922605207
2020-04-29 10:00:00,-211011.65332,649766.33343,1.1999816708318134e-10,17.991208050291764,83.88040665315172,0.000744708141470464,-0.11803578035932481,0.11803812958214283,False,179.6385158194587
2020-04-29 10:30:00,-211074.01912,649975.00587,2.9103830456733704e-11,17.99077740082024,83.87845428127585,-0.007789724148875434,-0.12398847240603486,0.12423293078687969,False,183.59495096469283
2020-04-29 11:00:00,-211122.84547,650199.52926,2.9103830456733704e-11,17.98885740946887,83.87640421804399,-0.014613729324949296,-0.13144310442693097,0.1322529802544047,False,186.34404109728166
2020-04-29 11:30:00,-211170.11925,650441.31713,5.820766091346741e-11,17.98636831211561,83.87421120208849,-0.018183491152569887,-0.1391325316867176,0.14031571802207715,False,187.44589126823394
2020-04-29 12:00:00,-211215.25016,650696.14213,2.9103830456733704e-11,17.98337317815081,83.87191291350342,-0.020941469780126867,-0.14639490035796324,0.14788513112334842,False,188.1408079597203
2020-04-29 12:30:00,-211261.1262,650965.8675,0.0,17.98005455061372,83.86948545804208,-0.0253746863440167,-0.15084154618753665,0.1529609321470812,False,189.5489392491587
2020-04-29 13:00:00,-211295.98797,651240.85043,5.820766091346741e-11,17.975726025568832,83.86704361710628,-0.03129650263330625,-0.15061330855040916,0.1538305554484456,False,191.7386553460048
2020-04-29 13:30:00,-211321.29136,651516.37955,2.9103830456733704e-11,17.970626279216045,83.86462352380815,-0.03585602067538812,-0.15160683167487096,0.15578923463823333,False,193.3063294514145
2020-04-29 14:00:00,-211341.59415,651799.83431,2.3283064365386963e-10,17.964928381631648,83.86214960576652,-0.035455573273158084,-0.15149395341376015,0.15558764602968583,False,193.1723890656042
2020-04-29 14:30:00,-211368.08794,652074.53677,2.3283064365386963e-10,17.959952904877262,83.85973316356302,-0.030870685571877995,-0.14888549490718625,0.15205226016549553,False,191.71401480352927
2020-04-29 15:00:00,-211401.14801,652343.97318,1.1641532182693481e-10,17.955638888050082,83.85734344165229,-0.029334833257665636,-0.14780629457051322,0.15068919389564858,False,191.22551163856724
2020-04-29 15:30:00,-211431.6629,652613.27972,0.0,17.951129339823936,83.85496182393985,-0.03099180081857162,-0.1409868983669389,0.14435302985773307,False,192.3976046096165
2020-04-29 16:00:00,-211451.43947,652861.20487,2.9103830456733704e-11,17.946320412411488,83.85279223284931,-0.022434718416232246,-0.13022785419893468,0.1321461713394475,False,189.77456231503004
2020-04-29 16:30:00,-211499.28312,653084.17561,0.0,17.94438512799309,83.85075794454771,-0.00372364168131855,-0.12433109261820807,0.12438684053792944,False,181.7154614635357
2020-04-29 17:00:00,-211576.58669,653291.15418,2.9103830456733704e-11,17.94520067334585,83.84877868788593,0.01303206559206805,-0.11991004887176408,0.12061614549480851,False,173.7973243934626
2020-04-29 17:30:00,-211676.91875,653480.39646,0.0,17.948298905781126,83.84688710074538,0.029082480896072085,-0.12229805728357027,0.12570841463643487,False,166.6235104280529
2020-04-29 18:00:00,-211811.86249,653677.73802,1.1999816708318134e-10,17.953932623808225,83.84483073996655,0.042607227043342036,-0.12969629605664654,0.13651558521698615,False,161.81385315747485
2020-04-29 18:30:00,-211966.7606,653877.28537,1.1641532182693481e-10,17.96108812910284,83.84270032708098,0.04596809329641029,-0.12978133422513008,0.13768173558813965,False,160.4960331068229
2020-04-29 19:00:00,-212113.35779,654071.15093,1.1999816708318134e-10,17.9677267903617,83.84064124175013,0.043197548369387107,-0.12707130496486227,0.13421305722841786,False,161.22467288391942
2020-04-29 19:30:00,-212255.80437,654264.45982,2.9103830456733704e-11,17.974046460965596,83.83859830487427,0.03969967203735891,-0.12522060561685217,0.1313630999593306,False,162.40941412505867
2020-04-29 20:00:00,-212388.4105,654455.84196,1.1641532182693481e-10,17.979632059813763,83.83659896268367,0.035084379363558224,-0.11936890072642381,0.12441803782394614,False,163.62111620043464
2020-04-29 20:30:00,-212508.58823,654634.21535,1.3015628661377063e-10,17.984564349882547,83.83474492104742,0.0322338846484891,-0.11198123951932781,0.1165281996935384,False,163.94149580189202
2020-04-29 21:00:00,-212623.25413,654803.44805,1.1999816708318134e-10,17.989292332211352,83.83298405454819,0.03307364655823048,-0.1072399132847174,0.11222417341184766,False,162.85981920104376
2020-04-29 21:30:00,-212741.06439,654964.63404,0.0,17.99447325079572,83.8312830603101,0.03708040406766826,-0.10359703552907566,0.11003318652222208,False,160.30622838279714
2020-04-29 22:00:00,-212865.42759,655116.91679,1.1641532182693481e-10,18.00039854076541,83.82963978462281,0.04192699513435348,-0.10284511160372953,0.11106299969737754,False,157.82069029843245
2020-04-29 22:30:00,-212999.0275,655270.11154,1.1999816708318134e-10,18.007027700538007,83.82796306018612,0.043439085205089864,-0.10301694929915967,0.1118009211337755,False,157.13634045859874
2020-04-29 23:00:00,-213128.79417,655421.26998,0.0,18.013402563677584,83.82631424596727,0.0402054965451862,-0.10409443043660328,0.11158912312750656,False,158.88141432219885
2020-04-29 23:30:00,-213252.55713,655581.72406,2.9103830456733704e-11,18.01906054127216,83.82460274093964,0.03520973341666614,-0.10477507035216854,0.11053298464519341,False,161.42504245500788
2020-04-30 00:00:00,-213366.00987,655740.75087,0.0,18.023937468761797,83.82293195140156,0.03181363509337525,-0.10194119552354788,0.10679004973603419,False,162.66798997630121
2020-04-30 00:30:00,-213475.0174,655895.26633,0.0,18.028576625003414,83.82131191986196,0.030773101700112035,-0.0980696163424312,0.10278440269708769,False,162.57875112790657
2020-04-30 01:00:00,-213580.61993,656042.18108,1.1641532182693481e-10,18.033139873229473,83.81976610696819,0.03155249344823334,-0.09543802102947133,0.100518534115966,False,161.70574416968452
2020-04-30 01:30:00,-213689.38669,656186.80249,1.1641532182693481e-10,18.038009596998243,83.8182310217061,0.03319138842461755,-0.0934002301564307,0.0991225063183335,False,160.4364499870632
2020-04-30 02:00:00,-213798.35245,656324.8966,0.0,18.043060421406153,83.81675099074327,0.031646925704198164,-0.09021390808366048,0.09560375054491418,False,160.66919360822465
2020-04-30 02:30:00,-213898.30463,656460.31427,2.9103830456733704e-11,18.04746644839015,83.81531877049252,0.028308415519319678,-0.08681857071674402,0.09131719778066309,False,161.9407139367404
2020-04-30 03:00:00,-213992.07729,656590.49391,1.1999816708318134e-10,18.051517644140503,83.81394834179024,0.030818885210349242,-0.08183135112387194,0.08744240225638303,False,159.36289118044772
2020-04-30 03:30:00,-214095.07765,656706.02709,2.3283064365386963e-10,18.056671348982736,83.81267710328665,0.0371293200173583,-0.07661457449612151,0.08513741498409003,False,154.1440226601021
2020-04-30 04:00:00,-214204.65002,656811.29208,2.3283064365386963e-10,18.062605152773866,83.81147508095049,0.040961677940556315,-0.07224128762252646,0.08304614799655943,False,150.44624248576378
2020-04-30 04:30:00,-214315.90835,656907.55761,2.399963341663627e-10,18.06890100428146,83.81034502236129,0.04312141830640622,-0.06662602626801674,0.07936298944106454,False,147.08841693750963
2020-04-30 05:00:00,-214426.62462,656991.16879,8.731149137020111e-11,18.0754773411367,83.80932427016081,0.0463750728172181,-0.06015779778783648,0.07595793581637475,False,142.37171301305563
2020-04-30 05:30:00,-214541.81387,657061.63816,0.0,18.08274209541623,83.80840301096102,0.0522455501557786,-0.058677686193547456,0.07856633100831684,False,138.31870961671427
2020-04-30 06:00:00,-214670.9857,657133.59577,8.731149137020111e-11,18.091067984741066,83.80743003184664,0.05900786711984935,-0.06008860452377964,0.08421738998359538,False,135.51991458326523
2020-04-30 06:30:00,-214810.91377,657201.29823,5.820766091346741e-11,18.10034804066255,83.8064632244487,0.06295423294014314,-0.05907762314817315,0.08633308173533114,False,133.18048568105797
2020-04-30 07:00:00,-214952.48135,657265.33899,0.0,18.1098486187316,83.80552289268917,0.06349877213259833,-0.0576333086080385,0.08575367236134585,False,132.22778628051918
2020-04-30 07:30:00,-215092.67827,657327.44346,2.3283064365386963e-10,18.119288283803414,83.8046027145483,0.06329468953825995,-0.05701417450609638,0.08518705194075168,False,132.0116860620172
2020-04-30 11:00:00,-216062.92283,657787.6866,0.0,18.183753314954448,83.79797056055887,0.050545905768369176,-0.06417448271376319,0.08168997993342848,False,141.7748838406855
2020-04-30 11:30:00,-216185.4098,657869.03942,0.0,18.191281221608214,83.79693466654275,0.04747997699988382,-0.06492929918722966,0.08043731788699993,False,143.82361644608153
2020-04-30 12:00:00,-216298.28078,657956.38733,1.1999816708318134e-10,18.197896024483033,83.79587452436259,0.041079197779638685,-0.06445549400116342,0.07643305042422868,False,147.48955604343485
2020-04-30 12:30:00,-216398.36425,658043.28886,5.820766091346741e-11,18.203515359019836,83.79485392394908,0.036389052917846706,-0.06259120469753031,0.07240042871244609,False,149.82728888747056
2020-04-30 13:00:00,-216493.11621,658129.51494,1.1999816708318134e-10,18.208731471645045,83.79385395636245,0.032599617141741116,-0.0623685583682297,0.07037451321834756,False,152.40424045888784
2020-04-30 13:30:00,-216580.00614,658219.90018,1.1641532182693481e-10,18.213220908483407,83.79284054492358,0.027125216731885723,-0.06281383222778043,0.06842042751906423,False,156.64361875535775
2020-04-30 14:00:00,-216656.55248,658313.79447,0.0,18.216805924708158,83.79182620217459,0.023388707861865733,-0.0621690366455592,0.06642304398990295,False,159.38312199076745
2020-04-30 14:30:00,-216729.95103,658406.16966,8.731149137020111e-11,18.220181885470534,83.79083359951629,0.024011680027984955,-0.060504259445999395,0.06509474778256029,False,158.3538850248998
2020-04-30 15:00:00,-216806.76471,658493.66118,2.9103830456733704e-11,18.22395107970484,83.78987299424047,0.028206216484296855,-0.05796474745871714,0.06446318791614229,False,154.05198973118434
2020-04-30 15:30:00,-216891.65894,658572.62045,0.0,18.228573867868278,83.78896236735785,0.031262814748217974,-0.055642931749330944,0.06382397229601192,False,150.67067544363783
2020-04-30 16:00:00,-216976.32297,658648.71778,2.9103830456733704e-11,18.233251222192752,83.78807672068619,0.03169155648068084,-0.05454690743249708,0.06308502090526394,False,149.84356672923457
2020-04-30 16:30:00,-217061.46128,658723.4327,2.9103830456733704e-11,18.238000197642762,83.78720147485399,0.03423441066591902,-0.05127213764366483,0.0616508472950186,False,146.26896013003824
2020-04-30 17:00:00,-217151.14262,658785.45405,1.4551915228366852e-10,18.24343245450622,83.78642153816058,0.03897816838335878,-0.04804787277847178,0.06186999021381594,False,140.94978856666228
2020-04-30 17:30:00,-217248.87928,658843.78228,2.399963341663627e-10,18.24959069107539,83.78565037656244,0.04350927064559755,-0.04561012459943587,0.06303443581160953,False,136.3504105938772
2020-04-30 18:00:00,-217351.31682,658892.3408,0.0,18.256368797590902,83.78494913552095,0.04899623154369889,-0.0409586797554649,0.06386113178447814,False,129.89412975464597
2020-04-30 18:30:00,-217462.57914,658928.555,5.820766091346741e-11,18.26415678382702,83.78432812596843,0.0538144878253421,-0.03712628845902429,0.06537859278576263,False,124.60155814438298
2020-04-30 19:00:00,-217577.17624,658958.54679,5.820766091346741e-11,18.27236574341557,83.78375061014623,0.05399375247196775,-0.03685778600478211,0.0653744728099465,False,124.31863993317512
2020-04-30 19:30:00,-217688.75779,658993.60842,1.3015628661377063e-10,18.280205503465222,83.78313828007121,0.05051918340093412,-0.0366002716844776,0.0623840346472941,False,125.92267756355659
2020-04-30 20:00:00,-217791.19581,659026.61245,1.1641532182693481e-10,18.287380353499014,83.78256908088741,0.04586354727117113,-0.03562251217259282,0.05807261266536466,False,127.83671709977193
2020-04-30 20:30:00,-217885.76758,659063.56422,1.4551915228366852e-10,18.29383513278613,83.78198831456996,0.04130118856649387,-0.03628553182154483,0.05497661317849096,False,131.30121443683925
2020-04-30 21:00:00,-217973.36831,659103.96778,1.1999816708318134e-10,18.299653007537465,83.78139770938145,0.03747289678128164,-0.03442085833243151,0.050882349410398764,False,132.56913535961104
2020-04-30 21:30:00,-218052.75533,659138.85503,0.0,18.30496921478638,83.7808771365088,0.034047859557156945,-0.03228667314063692,0.04692212700756658,False,133.47915038864386
2020-04-30 22:00:00,-218126.24378,659175.82139,1.1999816708318134e-10,18.30976852901352,83.78035542702362,0.029586805227994856,-0.031310030818872216,0.043077802560924944,False,136.6208923002668
2020-04-30 22:30:00,-218189.28556,659212.40318,1.1999816708318134e-10,18.31375868520438,83.77986638391477,0.025189989544963445,-0.02847973734358432,0.0380214546333372,False,138.50762230071768
2020-04-30 23:00:00,-218244.5507,659244.6607,2.346425826049686e-10,18.317251228562142,83.77943603933372,0.021929369055945558,-0.025139361100318863,0.033359926614488944,False,138.90141512916784
2020-04-30 23:30:00,-218292.6739,659273.50831,1.4551915228366852e-10,18.320272359292925,83.77905483042959,0.019304055950204946,-0.022361629411543564,0.029541310838685768,False,139.1970412483795
2020-05-01 00:00:00,-218335.82694,659299.23815,2.346425826049686e-10,18.322984742569925,83.77871415604073,0.01750010347214318,-0.019840585780517832,0.026455669820471456,False,138.5865583182519
2020-05-01 00:30:00,-218374.93458,659321.50744,5.820766091346741e-11,18.325469791123695,83.77841433156966,0.014815246536056753,-0.01906972248484512,0.024148412899674156,False,142.1564051544609
2020-05-01 01:00:00,-218408.04186,659347.63831,1.1641532182693481e-10,18.327384573465196,83.7780985435863,0.013102636498446073,-0.01708515828018945,0.021530947881352954,False,142.51534101308295
2020-05-01 01:30:00,-218439.05192,659365.06184,2.9103830456733704e-11,18.329360816259584,83.77786278276426,0.01353216639179429,-0.013187726237533086,0.01889538701829961,False,134.26145383954076
2020-05-01 02:00:00,-218469.21618,659377.38532,1.1641532182693481e-10,18.331402991375995,83.77767281285686,0.012764416871583159,-0.011181845137895484,0.016969502018604837,False,131.21890827332942
2020-05-01 02:30:00,-218495.33251,659388.82123,1.4551915228366852e-10,18.333151135500838,83.77750180781356,0.014443141674462418,-0.007514346738377007,0.016280962758177118,False,117.48664933218862
2020-05-01 03:00:00,-218527.08127,659386.70923,2.9103830456733704e-11,18.335691683059906,83.77743022899975,0.017521256555262706,-0.0019203419644162971,0.01762617781981206,False,96.25469276056225
2020-05-01 03:30:00,-218557.38141,659375.54062,0.0,18.338353781640375,83.777439814095,0.01749240167033618,0.0008727991151310935,0.01751416268314742,False,87.14354445198427
2020-05-01 04:00:00,-218585.86727,659363.91377,1.3015628661377063e-10,18.340885739438882,83.77745840563307,0.01903236347527643,0.0027752279555983183,0.019233635892897907,False,81.70381320179058
2020-05-01 04:30:00,-218619.27355,659344.49724,2.346425826049686e-10,18.344005143282196,83.77752940177739,0.021462421643503232,0.002813895767412502,0.021646097851422966,False,82.53066650875485
2020-05-01 05:00:00,-218656.01757,659329.98164,2.346425826049686e-10,18.34725868459213,83.77754924394048,0.023179485592432898,0.0036875321845622746,0.023470970281221585,False,80.9607902229626
2020-05-01 05:30:00,-218694.29913,659305.63015,2.399963341663627e-10,18.35088804146133,83.77764844145781,0.02545639786017679,0.007540821744175467,0.026549805735504788,False,73.49939338915203
2020-05-01 06:00:00,-218734.45338,659275.36272,1.3015628661377063e-10,18.35481778878857,83.77779267707955,0.029236819740595964,0.013572611788522537,0.032233638009167426,False,65.09785258161395
2020-05-01 06:30:00,-218778.81043,659226.11049,1.3015628661377063e-10,18.359570012370153,83.77808659016749,0.033529184734490514,0.015290609666571104,0.03685117329115899,False,65.48517312724618
2020-05-01 07:00:00,-218831.67596,659185.09885,5.820766091346741e-11,18.364774651415484,83.77828628921534,0.03572470189598209,0.017595092158567603,0.03982262665401761,False,63.77888061985624
2020-05-01 07:30:00,-218880.9123,659125.47394,1.1641532182693481e-10,18.370179412147927,83.77865459851614,0.0335370133989836,0.02222837562710195,0.04023471076997007,False,56.4635314933181
2020-05-01 08:00:00,-218921.03727,659071.10491,1.1999816708318134e-10,18.37473474040432,83.7790038806331,0.02789417798745743,0.021392115441465322,0.0351526353017371,False,52.51531045464162
2020-05-01 08:30:00,-218951.93507,659020.7336,2.3283064365386963e-10,18.378464113882952,83.77934519185922,0.02209572649342171,0.021707304035806552,0.030974637653652083,False,45.508055810960514
2020-05-01 09:00:00,-218971.88575,658971.86469,5.820766091346741e-11,18.381297634159136,83.77970464794936,0.015777506212618777,0.023225899468124613,0.028077964819278753,False,34.188525468578746
2020-05-01 09:30:00,-218979.46961,658923.47543,1.1641532182693481e-10,18.38315061609567,83.78009498157226,0.008768020195087711,0.02321724470891295,0.024817707992782337,False,20.689103578460106
2020-05-01 10:00:00,-218975.48055,658882.59329,5.820766091346741e-11,18.38390217688516,83.7804541564909,-0.0009311839337217227,0.025669049407805972,0.02568593391369692,False,357.9224192112512
2020-05-01 10:30:00,-218947.14439,658836.8402,5.820766091346741e-11,18.382873863075535,83.78092363661327,-0.010814666939948973,0.026026817475735587,0.028184255337639855,False,337.4361311572055
2020-05-01 11:00:00,-218908.98583,658805.95611,8.731149137020111e-11,18.380689107242606,83.78129435788878,-0.02054754146956848,0.022342914860419207,0.030354691645667856,False,317.3969737752341
2020-05-01 11:30:00,-218851.58373,658783.83455,2.9103830456733704e-11,18.376768773181517,83.7816449065739,-0.03203166824710328,0.02321613669588979,0.03956029289293401,False,305.9341116719695
2020-05-01 12:00:00,-218773.2032,658762.99456,2.9103830456733704e-11,18.371171318598964,83.78204381219868,-0.03880738754247794,0.026910468153696278,0.04722485176390894,False,304.7388604922637
2020-05-01 12:30:00,-218688.46423,658735.92581,5.820766091346741e-11,18.36523700765791,83.78251363353606,-0.042868847968844444,0.027295162442144316,0.050820901398134846,False,302.48544664726023
2020-05-01 13:00:00,-218595.77576,658718.36133,2.9103830456733704e-11,18.358431809571375,83.78292495094408,-0.04909279848070785,0.023411193165464157,0.05438921610115434,False,295.49536899413044
2020-05-01 13:30:00,-218494.18011,658711.59924,2.3283064365386963e-10,18.350646958824097,83.7832693858262,-0.054879896399356684,0.022283898856861845,0.059231538702510265,False,292.09953734528347
2020-05-01 14:00:00,-218382.9985,658704.41931,0.0,18.342120867596734,83.78364431359037,-0.058220191586706604,0.022796426517648204,0.06252413750198683,False,291.3830920825176
2020-05-01 14:30:00,-218269.41017,658699.65837,0.0,18.33334229211956,83.78400530119889,-0.057687440999148555,0.02080944342936959,0.06132596338314123,False,289.8357655981122
2020-05-01 15:00:00,-218162.30093,658698.6308,2.9103830456733704e-11,18.324973641417426,83.78431609540038,-0.05021808156974625,0.01769425570048823,0.053244177159009115,False,289.40982267576885
2020-05-01 15:30:00,-218077.76549,658696.0293,1.1999816708318134e-10,18.318414604110224,83.78457653666239,-0.04151187150946143,0.01541231865678697,0.0442806395910942,False,290.36870082347286
2020-05-01 16:00:00,-218002.99268,658692.92764,5.820766091346741e-11,18.312633356458818,83.78481364829318,-0.03369571515074096,0.012155756362229419,0.03582127345946477,False,289.83694970323336
2020-05-01 16:30:00,-217948.85454,658692.5989,5.820766091346741e-11,18.308397526364324,83.78496896604001,-0.02355134310327738,0.004567017249129812,0.023990068956177266,False,280.9744454425446
2020-05-01 17:00:00,-217917.33498,658703.95224,8.731149137020111e-11,18.305631856693555,83.78496109145887,-0.014414507849321667,-0.003922435003230096,0.014938659005838531,False,254.77742288705085
2020-05-01 17:30:00,-217904.02347,658722.30369,1.3015628661377063e-10,18.304112249758813,83.78484234622951,-0.006396806088820702,-0.010450891306077922,0.012253173353439048,False,211.47006468659055
2020-05-01 18:00:00,-217907.28762,658746.90417,5.820766091346741e-11,18.303730165130858,83.78462371562146,-0.0009863188111432445,-0.016638099218534444,0.016667308433067754,False,183.39256578917178
2020-05-01 18:30:00,-217919.46333,658780.28548,1.1999816708318134e-10,18.303819024070506,83.7843052316564,8.605241593542205e-05,-0.022936838910264608,0.02293700033164138,False,179.78504373959544
2020-05-01 19:00:00,-217933.51414,658825.2017,1.1999816708318134e-10,18.303755753873972,83.78388326352797,-0.0013842673170391014,-0.027223194216566295,0.027258365676575535,False,182.91091571351268
2020-05-01 19:30:00,-217945.51056,658874.89553,1.3015628661377063e-10,18.303407586536665,83.78342640620546,-0.0038674143986203446,-0.028980895542164965,0.029237804304641846,False,187.60104375054982
2020-05-01 20:00:00,-217953.06095,658928.62688,1.3015628661377063e-10,18.302606326354763,83.78294769496526,-0.007349903363083417,-0.031560589240364145,0.03240512108673032,False,193.109513172657
2020-05-01 20:30:00,-217956.06961,658991.07512,1.3015628661377063e-10,18.301223292384226,83.78240755839458,-0.010868762030413766,-0.03286173796584016,0.034612480555564124,False,198.3012278905877
2020-05-01 21:00:00,-217953.06094,659053.23181,2.9103830456733704e-11,18.29937650234325,83.78188684266826,-0.012607880279482769,-0.030110409321718656,0.03264345868107747,False,202.7201161495987
2020-05-01 21:30:00,-217947.01145,659108.24195,1.1641532182693481e-10,18.297476918621136,83.78143552616537,-0.013480466882861804,-0.02499317667501928,0.028396863694581866,False,208.34090934370283
2020-05-01 22:00:00,-217935.2328,659153.89395,1.1999816708318134e-10,18.29537113434584,83.78108000549375,-0.01626897986386002,-0.021399697659405838,0.026881718057532384,False,217.24367444645125
2020-05-01 22:30:00,-217915.58743,659199.77213,1.4551915228366852e-10,18.29264334073791,83.78074469243121,-0.020761384139348263,-0.020615404563183178,0.02925798996317579,False,225.20214180870803
2020-05-01 23:00:00,-217887.56284,659247.81798,2.9103830456733704e-11,18.289203179215285,83.7804144890906,-0.024246407716243222,-0.01863977462384639,0.030583156886922033,False,232.4481999684772
2020-05-01 23:30:00,-217853.76759,659290.87744,0.0,18.28544034959089,83.78014295573317,-0.02503254382853395,-0.013716232663367616,0.028544058733878507,False,241.2800775651422
2020-05-02 00:00:00,-217817.48867,659322.97743,0.0,18.281766927204504,83.77997169834893,-0.023974088290778264,-0.008123277698372452,0.025312932464234692,False,251.28178340747644
2020-05-02 00:30:00,-217780.99067,659345.71875,0.0,18.27831873157536,83.77988071924041,-0.02379250128197871,-0.003745021082167097,0.024085437512298472,False,261.0548410808933
2020-05-02 01:00:00,-217740.38578,659362.64288,2.9103830456733704e-11,18.274699371024365,83.77985079933529,-0.0243030833070691,-0.0024654816304727593,0.024427821390794132,False,264.20731682169344
2020-05-02 01:30:00,-217700.69546,659381.58169,5.820766091346741e-11,18.271099586851857,83.7798011279722,-0.02383437580888628,-0.004922017359309237,0.02433729083288781,False,258.3319162540747
2020-05-02 02:00:00,-217664.46316,659406.36944,5.820766091346741e-11,18.26761953189867,83.77969190612335,-0.022308921574485364,-0.008304758286969818,0.0238045582194153,False,249.58162577060247
2020-05-02 02:30:00,-217633.80228,659435.14639,1.1641532182693481e-10,18.264472978742127,83.77953303339788,-0.020870682487860504,-0.014147543320402729,0.02521385273042894,False,235.86795696324455
2020-05-02 03:00:00,-217609.07599,659478.2821,5.820766091346741e-11,18.261420342035755,83.77923519143818,-0.019380076403543625,-0.022496669291721037,0.02969322297475053,False,220.74372303989057
2020-05-02 03:30:00,-217592.92561,659533.91768,2.9103830456733704e-11,18.258716795807015,83.77880679096822,-0.016694305349952653,-0.028779727730164784,0.03327119714317286,False,210.1168067081074
2020-05-02 04:00:00,-217584.46335,659595.50233,2.9103830456733704e-11,18.25646217664082,83.77830611741659,-0.011764958561290152,-0.033695053257465586,0.03568992664565615,False,199.2471494166886
2020-05-02 04:30:00,-217590.70414,659662.38221,0.0,18.255222853409713,83.77771903984863,-0.006490440603457277,-0.039485631131804595,0.04001550805755118,False,189.33450667483794
2020-05-02 05:00:00,-217606.80174,659737.81564,2.9103830456733704e-11,18.254534830215583,83.77703143026554,-0.0018174383132011102,-0.04211298235918692,0.04215218102551137,False,182.47113750157774
2020-05-02 05:30:00,-217631.97977,659808.40869,8.731149137020111e-11,18.254683141348128,83.77635953466118,0.0030015026872624914,-0.043092549385739684,0.043196953954463706,False,176.01564220400303
2020-05-02 06:00:00,-217665.65749,659881.75681,1.1999816708318134e-10,18.255425847978103,83.77564030093008,0.00669487284240545,-0.04550600202409204,0.04599584266640461,False,171.6306461953871
2020-05-02 06:30:00,-217706.186,659956.43517,2.346425826049686e-10,18.256670424837093,83.77489049241964,0.009432757330957336,-0.046764265922062676,0.04770611573052371,False,168.59596497042406
2020-05-02 07:00:00,-217750.64623,660030.99566,1.3015628661377063e-10,18.25822554931534,83.77413063850497,0.011601946966155003,-0.04760294654902607,0.04899638449472477,False,166.30272729641615
2020-05-02 07:30:00,-217799.54065,660106.09237,1.1641532182693481e-10,18.26011353868286,83.7733537545273,0.012331125989421158,-0.048899249867703026,0.050430083341107344,False,165.84657550833833
2020-05-02 08:00:00,-217847.96089,660184.25897,5.820766091346741e-11,18.261884661894857,83.77255205370751,0.011572261053193473,-0.04964345857179017,0.05097440735165349,False,166.87825110957203
2020-05-02 08:30:00,-217895.10527,660262.75296,2.346425826049686e-10,18.263547032808987,83.77175114418628,0.011163577210624187,-0.04958329343766799,0.050824486660107616,False,167.3115479456435
2020-05-02 09:00:00,-217942.06503,660341.17218,5.820766091346741e-11,18.26519646216968,83.77095138467125,0.010798421074772495,-0.048950252419289644,0.050127169375701455,False,167.55980033674598
2020-05-02 09:30:00,-217987.25134,660417.91134,1.1641532182693481e-10,18.266750109749474,83.77017091086078,0.009541608863806419,-0.048577752169503524,0.049505962323255305,False,168.8874700498161
2020-05-02 10:00:00,-218029.49846,660496.47281,0.0,18.268026401661984,83.76938317637882,0.007711793368248622,-0.04772143724637429,0.04834053505924611,False,170.82034980754008
2020-05-02 10:30:00,-218067.46657,660572.34754,1.3015628661377063e-10,18.269037068955257,83.76863034574114,0.0063784022670279605,-0.04622746089418221,0.0466654278476387,False,172.14400994367736
2020-05-02 11:00:00,-218103.47217,660647.30514,1.3015628661377063e-10,18.269917695963848,83.76789083957264,0.005477097440009029,-0.044928609401568974,0.045261225559258836,False,173.04955728757102
2020-05-02 11:30:00,-218136.89561,660719.75577,1.1999816708318134e-10,18.27066092462345,83.76717993851481,0.004275048040591088,-0.04462511187396467,0.044829417189087166,False,174.52781221896146
2020-05-02 12:00:00,-218168.45137,660795.03162,2.9103830456733704e-11,18.271185030354236,83.76645022951152,0.0025201228427522288,-0.04492756076421142,0.0449981859119284,False,176.78947075098097
2020-05-02 12:30:00,-218196.21831,660870.49628,0.0,18.271407947313783,83.76572956406355,0.0010956816807308999,-0.04278421750617344,0.04279824512711996,False,178.53300537345376
2020-05-02 13:00:00,-218220.48609,660940.05261,1.1641532182693481e-10,18.271509777750904,83.76506904690245,-3.5038500577250914e-05,-0.04087819332877703,0.04087820834529558,False,180.04911072502028
2020-05-02 13:30:00,-218242.23665,661010.27766,1.1641532182693481e-10,18.271397586508364,83.76440991222418,-0.0005674170925921498,-0.04114004887762729,0.04114396169318808,False,180.79019214297978
2020-05-02 14:00:00,-218264.97977,661081.33011,2.9103830456733704e-11,18.271341639327794,83.76374094125916,0.0033298341725556888,-0.04183644571668256,0.04196875011031,False,175.4493241341733
2020-05-02 14:30:00,-218300.83893,661149.53715,2.9103830456733704e-11,18.27238403125966,83.76305932361149,0.007287789381809323,-0.041562996500563436,0.04219709175025527,False,170.05467523962182
2020-05-02 15:00:00,-218336.80611,661215.18631,0.0,18.27350062840158,83.76239918070715,0.00939700161643924,-0.04119743405280638,0.042255558355258925,False,167.15084676508093
2020-05-02 15:30:00,-218379.46548,661279.76143,2.9103830456733704e-11,18.275167519521222,83.76172936258916,0.010639157772884818,-0.04205520336214402,0.043380085384282334,False,165.8031302210934
2020-05-02 16:00:00,-218420.65099,661346.93826,2.9103830456733704e-11,18.276651802130672,83.76104153021032,0.01145605399049688,-0.044562985198577904,0.04601196390985559,False,165.5828440925178
2020-05-02 16:30:00,-218468.93748,661419.16153,5.820766091346741e-11,18.278560190687497,83.76029075194914,0.013769606153709013,-0.04709381623373902,0.049065564106463115,False,163.70178145390014
2020-05-02 17:00:00,-218520.89372,661492.37444,2.9103830456733704e-11,18.280729175131484,83.75952121753885,0.014731505402734595,-0.0467780708412338,0.04904289105526189,False,162.51956958359534
2020-05-02 17:30:00,-218572.11724,661562.4284,1.1641532182693481e-10,18.28292190587727,83.75878063269909,0.01955839018538029,-0.04770249223467152,0.051556361314996586,False,157.70599206327853
2020-05-02 18:00:00,-218641.62255,661633.34602,2.9103830456733704e-11,18.286519141643698,83.75798124727325,0.02869906797387768,-0.0501432618699251,0.05777528202895366,False,150.21570431114628
2020-05-02 18:30:00,-218726.85658,661701.41041,1.4551915228366852e-10,18.291416857242595,83.75716186451177,0.03550109669622761,-0.053369463624601016,0.06409857653811443,False,146.36835043942284
2020-05-02 19:00:00,-218823.26895,661775.65694,2.3283064365386963e-10,18.297026178536953,83.75625833136544,0.04102519462870216,-0.05727872984655999,0.07045508844049586,False,144.38832809490486
2020-05-02 19:30:00,-218931.81646,661850.82207,2.9103830456733704e-11,18.303557089474474,83.7553127426762,0.04433007497040303,-0.056248349241338536,0.07161726285789721,False,141.75788367298975
2020-05-02 20:00:00,-219038.37655,661917.78709,2.3283064365386963e-10,18.310142673743393,83.75444248212108,0.04419647551895173,-0.05180811386707082,0.06809852502632252,False,139.53316226833812
2020-05-02 20:30:00,-219141.46198,661977.90306,1.1641532182693481e-10,18.31663224783098,83.75364023734326,0.044731450573134386,-0.0477794979097375,0.06545061566466258,False,136.88709658151254
2020-05-02 21:00:00,-219245.30696,662030.47087,1.1999816708318134e-10,18.323374351721984,83.75290002642862,0.04645255291522448,-0.04463685104932301,0.06442273002552111,False,133.85806390083513
2020-05-02 21:30:00,-219350.73072,662077.8747,0.0,18.330371384040195,83.75219923415139,0.04800336324646103,-0.04068390777851988,0.0629245837102066,False,130.2820105638591
2020-05-02 22:00:00,-219455.41208,662115.15263,1.1641532182693481e-10,18.337570640239182,83.75158663522028,0.04942166878095599,-0.034773625240903674,0.060429350132938986,False,125.13063698146334
2020-05-02 22:30:00,-219558.99903,662140.72711,1.6463612699567982e-10,18.34498570347432,83.75107664250386,0.050684931602273345,-0.02973918243206053,0.05876547679764459,False,120.40211049924335
2020-05-02 23:00:00,-219662.30084,662159.34383,1.3015628661377063e-10,18.352557249791975,83.75062656979557,0.05150257216955868,-0.024860178069387066,0.057188664905925495,False,115.76650124249244
2020-05-02 23:30:00,-219763.15703,662167.29313,1.1641532182693481e-10,18.360213031507243,83.75027408568938,0.05220217197401748,-0.018693607715673202,0.05544833386344781,False,109.70245556604499
2020-05-03 00:00:00,-219861.86007,662164.01967,0.0,18.36799055740716,83.75002308632132,0.053228291094916905,-0.013993116134782822,0.05503688101670306,False,104.72913698932626
2020-05-03 00:30:00,-219960.89035,662154.71818,1.1999816708318134e-10,18.375949009765918,83.74982234617828,0.053915692513235934,-0.01087101497577769,0.05500073513859054,False,101.3996981415026
2020-05-03 01:00:00,-220058.39682,662139.97068,8.731149137020111e-11,18.383929248394185,83.74967213928515,0.0536706941969829,-0.009828377898969082,0.05456317831386839,False,100.37723871223545
2020-05-03 01:30:00,-220155.40298,662127.35805,1.1999816708318134e-10,18.39181481040205,83.74950506010946,0.05187463390340514,-0.009317911586263316,0.05270484910273181,False,100.1830863466758
2020-05-03 02:00:00,-220246.19032,662112.88002,1.1641532182693481e-10,18.399263768978493,83.74937133742245,0.04878984538546406,-0.0060066987492642596,0.04915820829324337,False,97.01857787319506
2020-05-03 02:30:00,-220328.89291,662092.4372,1.1641532182693481e-10,18.406237180555006,83.74931115360158,0.046433721581804484,-0.0037823108747644454,0.046587513085481355,False,94.65681067979921
2020-05-03 03:00:00,-220409.0994,662073.01815,1.1999816708318134e-10,18.412989445068565,83.74924923673012,0.04927705020605078,0.0026969313990019284,0.049350796508066334,False,86.86732914070262
2020-05-03 03:30:00,-220494.14162,662027.19183,1.3015628661377063e-10,18.420803444939747,83.74939820335703,0.053739763881517986,0.005888989468718381,0.05406146889425019,False,83.74628302082675
2020-05-03 04:00:00,-220585.95058,661991.77096,1.3015628661377063e-10,18.428874854242892,83.749439345899,0.05554166783336228,0.002819014221478469,0.05561316127404059,False,87.0944491893539
2020-05-03 04:30:00,-220680.62935,661954.35419,1.1641532182693481e-10,18.437221753550222,83.74948920471253,0.057519750057014055,0.0027982620268370735,0.057587775760070875,False,87.21482968638827
2020-05-03 05:00:00,-220779.2069,661916.72487,0.0,18.445878001832213,83.7495296766115,0.05977164645667573,0.0015702723597780313,0.059792269361730356,False,88.49511776163962
2020-05-03 05:30:00,-220882.96342,661880.90747,2.9103830456733704e-11,18.45489065777644,83.74953989149434,0.06316891451512052,0.00032968917872665954,0.06316977486087134,False,89.70096641485145
2020-05-03 06:00:00,-220994.5444,661843.61119,1.3015628661377063e-10,18.46455122159151,83.74954030837,0.06746284318458498,-0.0012193111612004877,0.06747386108898566,False,91.03544076416534
2020-05-03 06:30:00,-221114.71709,661808.15094,1.3015628661377063e-10,18.47483314640225,83.74950051691067,0.07136946096920972,-0.0024542935276108263,0.071411648319831,False,91.96954365048305
2020-05-03 07:00:00,-221241.03289,661770.57322,1.1641532182693481e-10,18.485648466675805,83.74946106618552,0.0744758589711348,-0.004258633090307284,0.0745975168841847,False,93.27268846673604
2020-05-03 07:30:00,-221373.85736,661737.68114,2.9103830456733704e-11,18.496848418398432,83.74936302824757,0.07765991751389821,-0.005576567864388846,0.07785987989594903,False,94.10721944670837
2020-05-03 08:00:00,-221512.53507,661700.91569,1.1999816708318134e-10,18.508604728900483,83.7492810267919,0.08377465861295282,-0.003813845888948366,0.08386142644971785,False,92.60659372378001
2020-05-03 08:30:00,-221664.20525,661654.96235,1.1999816708318134e-10,18.521611918286975,83.7492398770992,0.0913845852299802,-4.376358504364422e-05,0.09138459570905204,False,90.02743863772389
2020-05-03 09:00:00,-221824.52951,661596.55909,2.9103830456733704e-11,18.53561761889634,83.74927958827425,0.09864866456929315,0.002137380131497356,0.09867181672155141,False,88.75879005917949
2020-05-03 09:30:00,-221998.47218,661534.77154,1.1641532182693481e-10,18.55077201765474,83.74930884579348,0.10555976603915097,0.005719285331529621,0.10571458948954843,False,86.89871588164351
2020-05-03 10:00:00,-222178.24946,661456.13957,2.9103830456733704e-11,18.566821101442994,83.74946419621152,0.11006251509991663,0.011091520768359335,0.1106199758772091,False,84.2454607043407
2020-05-03 10:30:00,-222361.36093,661370.75809,0.0,18.583307115304812,83.74966689757059,0.11349256148123973,0.013985532436111184,0.11435102373435271,False,82.97493616403125
2020-05-03 11:00:00,-222549.47517,661278.21132,5.820766091346741e-11,18.600371231481027,83.74991566980111,0.11666553836652895,0.016691205638398793,0.11785348610887739,False,81.85801007927859
2020-05-03 11:30:00,-222740.25284,661179.84419,2.9103830456733704e-11,18.617796577853834,83.7502057243971,0.11813683301457671,0.019806781520759917,0.11978572497975332,False,80.48232995447626
2020-05-03 12:00:00,-222929.74771,661074.86209,1.3015628661377063e-10,18.635297305736177,83.750555085378,0.11736804779190027,0.021387454326591192,0.11930080404194186,False,79.67256286203565
2020-05-03 12:30:00,-223116.02239,660971.87111,1.1999816708318134e-10,18.65249709763729,83.75089618084237,0.11328148974577287,0.01710196625779202,0.11456514814246217,False,81.4149575521165
2020-05-03 13:00:00,-223296.45014,660886.09882,0.0,18.668791087899706,83.75110721322805,0.10815750781915268,0.012346538895020152,0.10885992614519044,False,83.4876860396439
2020-05-03 13:30:00,-223470.67526,660805.12697,1.1641532182693481e-10,18.68447724914201,83.75129477985448,0.10375016424121937,0.010253614916729877,0.10425561471182537,False,84.35579441664163
2020-05-03 14:00:00,-223638.44085,660731.47794,5.820766091346741e-11,18.69946893978334,83.75143824860046,0.0971190795263997,0.007839966010153146,0.09743500744134782,False,85.38478925085889
2020-05-03 14:30:00,-223792.79949,660666.30051,0.0,18.71319503159074,83.75154791026709,0.0905792939438635,0.008969163434864827,0.09102227410963837,False,84.34500506921114
2020-05-03 15:00:00,-223936.92895,660596.2775,2.9103830456733704e-11,18.726253630541912,83.75172781500946,0.08578922583810393,0.0096012332194708,0.08632482232380133,False,83.6142274632536
2020-05-03 15:30:00,-224074.19485,660534.41326,2.346425826049686e-10,18.738563760595554,83.75185788267135,0.08117263034269456,0.009528137857588517,0.08172992920457565,False,83.30519030912376
2020-05-03 16:00:00,-224202.6417,660469.91809,1.1999816708318134e-10,18.750257874501095,83.75203542366216,0.07689375749891737,0.008407576834849158,0.07735203481833043,False,83.76005744680151
2020-05-03 16:30:00,-224326.59208,660416.77105,1.1999816708318134e-10,18.761303070289053,83.75212931647799,0.07153995578267852,0.004145405257981096,0.07165995854129763,False,86.68368638635997
2020-05-03 17:00:00,-224441.70161,660372.9547,1.3015628661377063e-10,18.771414308838573,83.75216926758296,0.06652634029674828,0.002797894077758739,0.06658514972986929,False,87.5917342651926
2020-05-03 17:30:00,-224550.10692,660330.16654,2.9103830456733704e-11,18.78097706572807,83.75221965047982,0.06486645821215836,0.0012732498397773767,0.06487895318317166,False,88.87549779849383
2020-05-03 18:00:00,-224661.31168,660293.43321,0.0,18.790597474418224,83.75221037053865,0.06439082587888947,-0.001509243096196062,0.06440851086687906,False,91.34269794241828
2020-05-03 18:30:00,-224771.30919,660260.64281,0.0,18.80001958827636,83.75217093155601,0.06342867683058445,-0.003956401198211636,0.06355194847461353,False,93.56923394034567
2020-05-03 19:00:00,-224882.06266,660233.32911,1.3015628661377063e-10,18.809355311105747,83.75208264855969,0.062066455620886814,-0.004959312952760605,0.0622642730488595,False,94.56841441698208
2020-05-03 19:30:00,-224988.57236,660205.50156,0.0,18.818374413639873,83.75201083681259,0.061689799008387114,-0.0037815767248619778,0.061805595411914105,False,93.50783452406267
2020-05-03 20:00:00,-225096.66602,660174.57784,1.3015628661377063e-10,18.827598540245475,83.75196056528137,0.06334568035050775,-0.0024866332741568554,0.06339446792985053,False,92.24799034265993
2020-05-03 20:30:00,-225207.30401,660140.37958,5.820766091346741e-11,18.8371071764038,83.75193055636022,0.06469168491651124,-0.002475933995558035,0.06473904808141319,False,92.19180197656766
2020-05-03 21:00:00,-225319.96051,660107.81856,1.1999816708318134e-10,18.846729195182057,83.75188063323996,0.06602077113324187,-0.0021872773930629898,0.06605699359963416,False,91.89752315756078
2020-05-03 21:30:00,-225434.77978,660071.05371,1.3015628661377063e-10,18.856630789364136,83.7518599398152,0.06752583687783491,0.00024162535549070163,0.06752626917625751,False,89.79498137828529
2020-05-03 22:00:00,-225549.72565,660028.42744,1.3015628661377063e-10,18.866697852566194,83.75188843042491,0.0678739986044399,0.003062435376786122,0.06794305113102075,False,87.41659983374785
2020-05-03 22:30:00,-225662.43324,659981.60759,2.346425826049686e-10,18.876702483822754,83.75195880486615,0.0672015021410422,0.004965066983138609,0.06738467021630033,False,85.77447774701221
2020-05-03 23:00:00,-225772.85668,659933.24375,1.1641532182693481e-10,18.886570863255688,83.75204871905048,0.06676736244702812,0.005861377428014156,0.06702414813696966,False,84.98297641705165
2020-05-03 23:30:00,-225883.02464,659883.83838,2.9103830456733704e-11,18.896447379224295,83.75214802612224,0.06429976864448012,0.008930847700865004,0.06491702618257951,False,82.0925538103856
2020-05-04 00:00:00,-225981.44798,659827.85891,5.820766091346741e-11,18.9055864320382,83.75233704475308,0.06073365416092091,0.012659875704058556,0.06203909413088297,False,78.22535404655144
2020-05-04 00:30:00,-226075.10401,659769.87961,0.0,18.914408793707388,83.75255672713763,0.05859686045922051,0.01513523736485543,0.06051997575815671,False,75.51736087267642
2020-05-04 01:00:00,-226163.34406,659707.93399,2.9103830456733704e-11,18.92291654176975,83.75282565696612,0.05531863637664181,0.019544297762752127,0.058669677906140215,False,70.54147964183369
2020-05-04 01:30:00,-226240.67106,659638.7401,2.9103830456733704e-11,18.93077010322308,83.75318768083271,0.05204377712084683,0.025005703457734136,0.05773941411566727,False,64.3369061990814
2020-05-04 02:00:00,-226311.36277,659561.99898,1.1641532182693481e-10,18.93831015270329,83.75363291405831,0.04934133483778728,0.029267515660586448,0.057368587192969236,False,59.325097345744894
2020-05-04 02:30:00,-226374.48899,659481.43108,2.3283064365386963e-10,18.94536536851055,83.75413252281089,0.04575833025126291,0.03341014307729408,0.05665741299979116,False,53.865196103452945
2020-05-04 03:00:00,-226428.11936,659394.75572,0.0,18.951846651142734,83.75471149172333,0.04059226512849507,0.03742910796323443,0.05521476352557798,False,47.32162481961501
2020-05-04 03:30:00,-226468.93807,659306.53072,1.1999816708318134e-10,18.957374647176177,83.75534084674108,0.03554417483676989,0.039326385881344315,0.053008989721699686,False,42.108066627789924
2020-05-04 04:00:00,-226503.14525,659219.29032,2.9103830456733704e-11,18.962363496557607,83.75598105902354,0.03220196945479735,0.03997105406306742,0.05132886127394957,False,38.8560385130487
2020-05-04 04:30:00,-226531.81555,659132.77367,0.0,18.966903576042252,83.7566312239176,0.028825694315316612,0.040860632000780286,0.05000511874061761,False,35.20158155266347
2020-05-04 05:00:00,-226553.47341,659046.45019,0.0,18.97089422404943,83.7573001541138,0.02621400772673139,0.04211280167403075,0.04960506290625364,False,31.901076025236137
2020-05-04 05:30:00,-226571.77485,658958.72357,0.0,18.97466225704177,83.75799073911134,0.024118116506484814,0.04301477281702891,0.04931484790933644,False,29.279079198911063
2020-05-04 06:00:00,-226585.23025,658871.78013,2.399963341663627e-10,18.978033333414338,83.7586887879064,0.022072880974120704,0.04425358303769335,0.049452923939558115,False,26.509184937415625
2020-05-04 06:30:00,-226595.10846,658782.22878,2.9103830456733704e-11,18.98119672393718,83.75941936305982,0.02106359210081806,0.04710395625132808,0.05159900780748283,False,24.09287855621301
2020-05-04 07:00:00,-226601.78066,658686.76247,5.820766091346741e-11,18.98426976426513,83.76020942810095,0.020443735823893742,0.04923769030350049,0.053313192371687725,False,22.54846987944279
2020-05-04 07:30:00,-226607.04,658590.67252,2.9103830456733704e-11,18.987250370246365,83.76100888517568,0.02025548684342056,0.051608295719904176,0.05544096801443012,False,21.429267300156027
2020-05-04 08:00:00,-226610.28475,658487.35624,8.731149137020111e-11,18.990268479823293,83.7618754781123,0.020945961584785396,0.053856243922432524,0.057786056416265816,False,21.252230543500048
2020-05-04 08:30:00,-226615.25061,658382.80481,5.820766091346741e-11,18.993454420075583,83.76274750328837,0.022155248756177102,0.056399511464949974,0.060595048815337296,False,21.446238285689617
2020-05-04 09:00:00,-226619.62038,658269.41392,5.820766091346741e-11,18.996831669299112,83.7636961984391,0.023440597483714697,0.060966555253809784,0.06531755100973531,False,21.03089772398539
2020-05-04 09:30:00,-226623.59671,658147.80979,0.0,19.000399428991525,83.76471565853437,0.024261639574429842,0.06378512486561617,0.06824345616219761,False,20.825071249762573
2020-05-04 10:00:00,-226627.443,658023.86205,2.9103830456733704e-11,19.00402106028877,83.765755344168,0.024049878471190524,0.06532427344093986,0.06961075602998228,False,20.211761247543222
2020-05-04 10:30:00,-226628.8787,657897.26674,2.9103830456733704e-11,19.007527233545872,83.76682449191476,0.02463904407778754,0.06662706105699913,0.07103694643043328,False,20.29466374607898
2020-05-04 11:00:00,-226633.1875,657768.19357,1.1999816708318134e-10,19.01132479088765,83.76790623084868,0.02481328502291788,0.06815262536721457,0.07252916281105455,False,20.00575898146826
2020-05-04 11:30:00,-226633.41025,657636.20108,2.9103830456733704e-11,19.014883811138294,83.76902463009425,0.022702920204757223,0.06841331055136532,0.07208192315984034,False,18.35839711041558
2020-05-04 12:00:00,-226630.21431,657508.71568,1.1641532182693481e-10,19.018056835037367,83.7701147841653,0.02070086410030757,0.06814677094673728,0.07122154284320496,False,16.897145869635665
2020-05-04 12:30:00,-226623.92138,657379.97917,1.1999816708318134e-10,19.02102331269925,83.77122457633118,0.017293406164765785,0.0681622207458862,0.0703217621635755,False,14.236107174370886
2020-05-04 13:00:00,-226609.09698,657256.43963,2.9103830456733704e-11,19.023186531868042,83.77231523063685,0.01134886864613402,0.06581386171462143,0.06678518708020902,False,9.783802941479394
2020-05-04 13:30:00,-226585.31855,657142.67176,2.9103830456733704e-11,19.02439020557484,83.77334921003697,0.004093234703414102,0.06317439830719922,0.06330686512388596,False,3.7071617338823444
2020-05-04 14:00:00,-226548.89297,657036.63054,2.9103830456733704e-11,19.024400948474515,83.77435465329094,-0.004110869702276376,0.06309256341270124,0.06322634583537799,False,356.2720959578662
2020-05-04 14:30:00,-226497.28895,656932.76867,2.9103830456733704e-11,19.023169955839656,83.77538598697228,-0.009347822831583124,0.06231824002325265,0.06301543327857387,False,351.46915631643105
2020-05-04 15:00:00,-226443.95308,656835.50604,5.820766091346741e-11,19.02162615692445,83.77636643281211,-0.013400165374055504,0.06073379101375401,0.06219451585915259,False,347.5577341265674
2020-05-04 15:30:00,-226380.42172,656741.78863,0.0,19.01919156405381,83.77734661317871,-0.01974468581739873,0.05935484802954559,0.06255278253313948,False,341.60003836867736
2020-05-04 16:00:00,-226307.11831,656656.65753,0.0,19.015763284599572,83.77828254039296,-0.025059877323515407,0.05613633421218457,0.06147589340751158,False,335.94348982311595
2020-05-04 16:30:00,-226229.28242,656580.12091,0.0,19.011749429467226,83.77915882015024,-0.029402855487014254,0.05067464528725231,0.05858709402060395,False,329.87648646010206
2020-05-04 17:00:00,-226147.61362,656518.66197,0.0,19.007030216594096,83.77991842895709,-0.03505052922602668,0.04803433975839182,0.05946290772447284,False,323.881870687753
2020-05-04 17:30:00,-226053.66164,656457.72077,0.0,19.00133751712334,83.78070946913319,-0.03698131790181751,0.045927394618562954,0.05896561243813629,False,321.1585436825578
2020-05-04 18:00:00,-225967.90251,656405.67921,5.820766091346741e-11,18.996043650153457,83.78140107413866,-0.03647731198707227,0.04005181880783222,0.05417326351271104,False,317.6742158493855
2020-05-04 18:30:00,-225882.56164,656364.13096,2.9103830456733704e-11,18.990499398111712,83.7820024301403,-0.03701788496924002,0.03335773075933786,0.0498303322185229,False,312.0227953451838
2020-05-04 19:00:00,-225802.81342,656335.4932,2.9103830456733704e-11,18.98504391933982,83.7824779379733,-0.033453194853798975,0.02609621318791589,0.04242792227620152,False,307.95712844962395
2020-05-04 19:30:00,-225738.11843,656314.47388,2.9103830456733704e-11,18.980558187554927,83.78284488378678,-0.03372769618420019,0.023412300757741554,0.04105719567462758,False,304.7667009111463
2020-05-04 20:00:00,-225660.58219,656295.28297,2.346425826049686e-10,18.97502030980233,83.78323372958127,-0.03520117014560568,0.023547633703651004,0.042351073571530645,False,303.7803309090886
2020-05-04 20:30:00,-225590.71641,656275.51397,2.346425826049686e-10,18.970096156630756,83.78360506018579,-0.02759474984646857,0.021454712871875347,0.034953897114682234,False,307.8648002823177
2020-05-04 21:00:00,-225541.52869,656254.53414,1.1641532182693481e-10,18.96681855383737,83.78392634839904,-0.01904687352986293,0.016192918130495452,0.024999879776581357,False,310.3699073758372
2020-05-04 21:30:00,-225506.92356,656242.6707,1.1999816708318134e-10,18.964434727969316,83.78412780844366,-0.013133370281793977,0.010814386727775543,0.017012829725139702,False,309.46900230552546
2020-05-04 22:00:00,-225484.1628,656233.0807,1.3015628661377063e-10,18.962914686251096,83.78427546404211,-0.012178611413014693,0.009302041262754846,0.015324703834110645,False,307.37264422683273
2020-05-04 22:30:00,-225454.57804,656225.24779,1.1641532182693481e-10,18.96081452104132,83.78442809699922,-0.010937782389122774,0.00844865469064125,0.013820812192975445,False,307.6835200260938
2020-05-04 23:00:00,-225437.04075,656217.10995,1.1999816708318134e-10,18.959663290845754,83.78454820827992,-0.0076807537661236925,0.008042137303929074,0.011120699206033355,False,316.3166857389628
2020-05-04 23:30:00,-225419.02097,656206.85058,1.1999816708318134e-10,18.958531251155588,83.78468771505219,-0.010141048567196435,0.010187146267844815,0.014374241375624017,False,315.1299278753737
2020-05-05 00:00:00,-225390.59868,656194.28641,0.0,18.956648549873293,83.78487706976296,-0.013357364550178968,0.012676445307806658,0.01841497904881217,False,313.5017595860277
2020-05-05 00:30:00,-225358.71773,656179.31145,1.1999816708318134e-10,18.954560265266284,83.78509693795093,-0.015041011776627599,0.013919858489757606,0.02049376723883452,False,312.7830331234578
2020-05-05 01:00:00,-225323.10999,656164.48028,2.9103830456733704e-11,18.95217688209175,83.78532643226252,-0.018062368754433452,0.01564518713628474,0.02389604665107815,False,310.8983191020104
2020-05-05 01:30:00,-225278.92577,656147.16062,5.820766091346741e-11,18.949190127569143,83.78560199598294,-0.021842723523880447,0.01581301705773297,0.026965831702523736,False,305.9026198388162
2020-05-05 02:00:00,-225230.25176,656136.17318,2.399963341663627e-10,18.945682569865927,83.78583690801915,-0.024733433392889196,0.013179650503164506,0.028025808013080564,False,298.0517171487296
2020-05-05 02:30:00,-225179.3044,656131.1931,2.399963341663627e-10,18.941836082128056,83.78602746166942,-0.0308510182852401,0.011779757189274006,0.03302344634762507,False,290.8982152589173
2020-05-05 03:00:00,-225111.43665,656132.11463,1.1641532182693481e-10,18.936509225755803,83.78621717153112,-0.03441271424545129,0.012856834943785554,0.03673599197668182,False,290.4860459972451
2020-05-05 03:30:00,-225047.10319,656127.61691,0.0,18.93160341397471,83.786442512516,-0.042313812145947906,0.015152168042072891,0.044944931802126296,False,289.7019561307893
2020-05-05 04:00:00,-224949.64952,656129.93924,2.9103830456733704e-11,18.92392657033523,83.78670628358307,-0.05387225739833504,0.015343000723690495,0.05601453193948541,False,285.8971319265437
2020-05-05 04:30:00,-224845.73219,656138.26475,1.6463612699567982e-10,18.91558320293054,83.7869378079242,-0.05734888610716025,0.011483044871137011,0.05848722131581038,False,281.3226774486168
2020-05-05 05:00:00,-224740.94168,656157.76051,1.3015628661377063e-10,18.90687196501618,83.78707697533295,-0.0593166589417945,0.011747968079133732,0.060468841414446785,False,281.20274506336375
2020-05-05 05:30:00,-224630.00931,656167.44745,1.1641532182693481e-10,18.89794275058625,83.78731705422751,-0.06182254176645102,0.012366224747181008,0.0630472060044089,False,281.3114620007734
2020-05-05 06:00:00,-224515.95847,656187.72565,0.0,18.88848582580485,83.78747617472703,-0.06355590144042467,0.008718056959828626,0.06415104929040359,False,277.8106020560542
2020-05-05 06:30:00,-224403.36873,656211.82172,1.1999816708318134e-10,18.879040573935256,83.78759849221834,-0.06325115246209029,0.006294629826014062,0.06356359533907074,False,275.6832501670367
2020-05-05 07:00:00,-224293.1716,656239.96257,2.346425826049686e-10,18.86967392265156,83.78767938041436,-0.06194901857769782,0.0031408062084109373,0.06202858668693607,False,272.90240251747764
2020-05-05 07:30:00,-224188.68107,656273.24972,1.1999816708318134e-10,18.8606157358866,83.78769988962614,-0.060807148646714035,0.001536704605174067,0.06082656317421805,False,271.44765793710155
2020-05-05 08:00:00,-224084.23104,656305.49247,1.3015628661377063e-10,18.851588536567558,83.78772898909556,-0.06787091439208778,0.003394974924663355,0.06795577146318921,False,272.863608733164
2020-05-05 08:30:00,-223953.50312,656340.63252,2.9103830456733704e-11,18.8404292473873,83.78780944599542,-0.06954624907659204,0.0016457142227211258,0.06956571810832003,False,271.3555710944113
2020-05-05 09:00:00,-223845.36553,656380.73708,1.1641532182693481e-10,18.83090378532598,83.78778214832136,-0.06190050736378274,-0.0039485599159047036,0.06202631648988364,False,266.35011532542137
2020-05-05 09:30:00,-223747.17704,656426.01454,0.0,18.82201854267974,83.78768198910296,-0.06257199415125603,-0.00955120624071237,0.06329676131302013,False,261.32116538332104
2020-05-05 10:00:00,-223643.24541,656485.95798,2.9103830456733704e-11,18.812293744037344,83.78747379990202,-0.06583076463526523,-0.01694342885793791,0.06797624109884048,False,255.5665592141119
2020-05-05 10:30:00,-223542.51573,656560.17459,5.820766091346741e-11,18.80243995889533,83.78713501607498,-0.061929269575623655,-0.02192741051360633,0.0656966191063321,False,250.50237918739177
2020-05-05 11:00:00,-223457.63981,656632.54077,1.1999816708318134e-10,18.793876271355344,83.78676595793179,-0.053301659923368216,-0.025041946022483663,0.05889113694928451,False,244.8351345026169
2020-05-05 11:30:00,-223389.90386,656707.33793,1.1999816708318134e-10,18.786589268402455,83.78632662663284,-0.04885023854104739,-0.028557597794208977,0.05658517648017935,False,239.68966370787552
2020-05-05 12:00:00,-223324.2565,656786.50598,1.3015628661377063e-10,18.779350398354808,83.7858440568782,-0.04823437340266732,-0.029106712102987507,0.05633609382087242,False,238.89139786169653
2020-05-05 12:30:00,-223259.23657,656862.44412,2.3283064365386963e-10,18.772247552732168,83.78538699993908,-0.04785566046849709,-0.031179032229449503,0.05711651503410485,False,236.91485764888023
2020-05-05 13:00:00,-223197.26162,656948.22073,0.0,18.765122479110058,83.7848375287293,-0.04971350451998504,-0.03283293631955968,0.059577128489235145,False,236.5575117808719
2020-05-05 13:30:00,-223127.80421,657031.93218,0.0,18.757468472092572,83.78432707275145,-0.05254574786234385,-0.0322448490503867,0.06165051426140124,False,238.46452100546642
2020-05-05 14:00:00,-223055.47129,657118.96524,2.9103830456733704e-11,18.749502748995102,83.78379658880378,-0.0556041902902088,-0.03343319740025836,0.06488146627685284,False,238.98271942026793
2020-05-05 14:30:00,-222976.93914,657210.24709,2.9103830456733704e-11,18.740941021389624,83.78324776528744,-0.058726402285363896,-0.03435269875467959,0.06803600691628044,False,239.67399890829324
2020-05-05 15:00:00,-222894.99908,657304.00359,1.1641532182693481e-10,18.732048775424765,83.7826876013438,-0.06262615173122248,-0.03348280522430339,0.0710150204277288,False,241.86900187523804
2020-05-05 15:30:00,-222802.13706,657396.80335,0.0,18.722329649669035,83.78216685051945,-0.06782838674760686,-0.030707702066610755,0.07445571176877339,False,245.64248143081636
2020-05-05 16:00:00,-222699.22157,657487.07983,2.3283064365386963e-10,18.71189304089678,83.78169627375541,-0.07364680136296761,-0.02880095832901929,0.0790781041228627,False,248.6410878177218
2020-05-05 16:30:00,-222584.28493,657580.06224,1.3015628661377063e-10,18.70044666378694,83.78123706944316,-0.07744378315382493,-0.029793120814591897,0.08297692207505365,False,248.9579451688128
2020-05-05 17:00:00,-222469.53051,657678.06102,1.1999816708318134e-10,18.68888357002608,83.78073448159059,-0.08035563156030598,-0.028554840502977043,0.08527840547058851,False,250.43703496979091
2020-05-05 17:30:00,-222343.19699,657770.13326,1.1999816708318134e-10,18.676573778291267,83.78031523721404,-0.08364399166653319,-0.02414887489834039,0.08706024064271112,False,253.89603086732748
2020-05-05 18:00:00,-222212.10777,657856.84487,1.1641532182693481e-10,18.664035423150445,83.77995489531585,-0.08466997919799678,-0.022304973855790108,0.0875586502642468,False,255.2416288198042
2020-05-05 18:30:00,-222080.11152,657943.75382,2.9103830456733704e-11,18.651422404133857,83.77959517974116,-0.08332145761718282,-0.02291350886605712,0.08641466419541807,False,254.6236796931304
2020-05-05 19:00:00,-221954.28442,658030.93061,1.3015628661377063e-10,18.639286068553766,83.77921520576827,-0.08053826437374642,-0.0233348142460669,0.08385061469204576,False,253.84180797256178
2020-05-05 19:30:00,-221832.23002,658116.01977,1.1999816708318134e-10,18.627501168293737,83.77884188613172,-0.07724332543728085,-0.024121100967485837,0.08092193050399456,False,252.65776025734735
2020-05-05 20:00:00,-221718.51204,658202.0391,1.1641532182693481e-10,18.6163449133113,83.77843653456213,-0.07329598418135415,-0.024974031782785427,0.07743386572166532,False,251.18455953999722
2020-05-05 20:30:00,-221610.87144,658285.45585,0.0,18.60573372264211,83.77803567776449,-0.06970091191540005,-0.02453141590385965,0.07389186347688421,False,250.61034886820445
2020-05-05 21:00:00,-221508.87955,658365.79476,1.1641532182693481e-10,18.59564645606869,83.77764461373388,-0.06534993117658765,-0.02110862682585837,0.06867450495823096,False,252.09906779184016
2020-05-05 21:30:00,-221412.12656,658432.50096,1.1641532182693481e-10,18.586328403199655,83.77735425627655,-0.05739414865700389,-0.01993368953494384,0.06075722408518835,False,250.84726066155352
2020-05-05 22:00:00,-221335.90963,658499.6696,0.0,18.578604537183413,83.77700113345317,-0.048807533903647206,-0.02197969498886082,0.053528332288228675,False,245.75633955707508
2020-05-05 22:30:00,-221270.78624,658563.48559,1.1641532182693481e-10,18.571836856927277,83.77664471341679,-0.0419256195845408,-0.02155260584403659,0.047140984251668225,False,242.79376891381088
2020-05-05 23:00:00,-221217.54889,658621.28944,0.0,18.566156992233225,83.77630537760975,-0.035180076433895875,-0.02228392785014173,0.041643861712443025,False,237.64882214465266
2020-05-05 23:30:00,-221176.27185,658679.85744,1.1641532182693481e-10,18.56139265157525,83.77592534487361,-0.030815891533174444,-0.023544057986464296,0.03878068897601441,False,232.61933085934655
2020-05-06 00:00:00,-221139.3627,658736.95277,0.0,18.557008970379236,83.77554532319284,-0.028650696999726992,-0.023842763648624497,0.037273848969141016,False,230.23318197442245
2020-05-06 00:30:00,-221105.80847,658794.05357,1.1641532182693481e-10,18.552887921197165,83.7751556461971,-0.02751050865057913,-0.023848642633757598,0.036408595711538635,False,229.0782414774698
2020-05-06 01:00:00,-221072.7892,658849.85787,0.0,18.548843204798253,83.77477543305076,-0.02851052705181021,-0.022475556980674133,0.03630428093715026,False,231.75040932693355
2020-05-06 01:30:00,-221034.24148,658903.41287,1.1641532182693481e-10,18.544425852301387,83.77443007879432,-0.03039793748266644,-0.02048555570496706,0.03665641275058712,False,236.02347003957684
2020-05-06 02:00:00,-220992.49346,658954.5806,5.820766091346741e-11,18.539821433647738,83.77411410889273,-0.031937901102631464,-0.018138190961929646,0.036729055231694896,False,240.40686601992334
2020-05-06 02:30:00,-220945.99421,659001.87994,1.3015628661377063e-10,18.534947506852646,83.77384453224872,-0.033010694241490744,-0.015650034401231902,0.036532581500147675,False,244.6348457472551
2020-05-06 03:00:00,-220897.72869,659045.7751,1.1999816708318134e-10,18.530025133254288,83.7736088878857,-0.035480258237272314,0.004115495971493855,0.03571814709184831,False,276.6163969306947
2020-05-06 03:30:00,-220820.17862,659028.4247,8.731149137020111e-11,18.524418242187185,83.77397738346055,-0.039778294444804754,0.021569050127804495,0.045249714168747276,False,298.4679504914036
2020-05-06 04:00:00,-220737.27672,659017.64611,1.1999816708318134e-10,18.51822025389969,83.7743051817754,-0.04460953355275957,0.023131185141157445,0.050249997112729115,False,297.40789519296027
2020-05-06 04:30:00,-220641.45165,659000.4698,5.820766091346741e-11,18.511178761369774,83.77472410267752,-0.05186726713524447,0.026838449492893948,0.05839962132806539,False,297.3590717076256
2020-05-06 05:00:00,-220529.53989,658985.30892,1.1999816708318134e-10,18.502825790128554,83.77517157159369,-0.05609427383145418,0.03451796708686228,0.06586393253130178,False,301.60632720110016
2020-05-06 05:30:00,-220410.51534,658946.71436,2.9103830456733704e-11,18.494528353973305,83.77583842532096,-0.05911684472560716,0.04114097024691274,0.07202347369551754,False,304.8350741292926
2020-05-06 06:00:00,-220280.72881,658912.3603,1.1641532182693481e-10,18.48527652783047,83.77649968332385,-0.06481154484060929,0.045861709807339966,0.07939667984921644,False,305.2838496971137
2020-05-06 06:30:00,-220136.88452,658864.10778,0.0,18.475286307879582,83.77731893551902,-0.06582115940523747,0.048615597605593204,0.08182848743560302,False,306.44962541097686
2020-05-06 07:00:00,-220000.52341,658821.45477,1.1641532182693481e-10,18.465732665207838,83.778069116497,-0.06496732089801106,0.05096867655743835,0.08257456493789059,False,308.1151741120336
2020-05-06 07:30:00,-219856.92673,658764.147,5.820766091346741e-11,18.45599323638631,83.77896431935962,-0.06570538052453329,0.06124701606247082,0.0898242395260337,False,312.9886907381375
2020-05-06 08:00:00,-219706.3483,658687.18865,0.0,18.446217564031528,83.78004631080789,-0.0645462451853875,0.06875242737133565,0.09430330872765251,False,316.80734394611693
2020-05-06 08:30:00,-219558.18367,658602.87908,1.1641532182693481e-10,18.436819352738695,83.78118381204142,-0.0630656819210763,0.07208480788090373,0.095778388811867,False,318.8179127812673
2020-05-06 09:00:00,-219408.89413,658512.80524,1.1999816708318134e-10,18.42748001874579,83.78237337319217,-0.06270044670595044,0.07341881479224763,0.09654878757718344,False,319.5023216841382
2020-05-06 09:30:00,-219260.48729,658423.47538,2.9103830456733704e-11,18.418186851951877,83.7835539375616,-0.0625540908138212,0.07100018889384904,0.09462579511161866,False,318.61861991900173
2020-05-06 10:00:00,-219114.47774,658341.44783,1.1641532182693481e-10,18.408887563466305,83.78466541774749,-0.06529420100596169,0.06186342434176825,0.08994673955345248,False,313.45450600164156
2020-05-06 10:30:00,-218967.12639,658286.39448,2.3283064365386963e-10,18.398776624181586,83.78555101107641,-0.0629797094388985,0.041798209795135675,0.07558792326216045,False,303.5713306927447
2020-05-06 11:00:00,-218851.84666,658270.22762,1.1641532182693481e-10,18.390163290222876,83.78601478262212,-0.05817146915387838,0.03496675363074748,0.06787189170042349,False,301.00999194364874
2020-05-06 11:30:00,-218728.69051,658233.0111,0.0,18.38147955974093,83.7866798133201,-0.0575226866032638,0.04290696364710003,0.07176257383532776,False,306.7197640878379
2020-05-06 12:00:00,-218606.62134,658188.94528,5.820766091346741e-11,18.373057546478787,83.78739991721214,-0.05709958173546284,0.045222583027393556,0.07283848055824822,False,308.3790477388358
2020-05-06 12:30:00,-218482.29507,658143.30132,2.9103830456733704e-11,18.364497673477185,83.78813969416959,-0.0572999473620401,0.04549654632935456,0.07316570026721314,False,308.4498132039957
2020-05-06 13:00:00,-218359.24399,658098.48991,2.9103830456733704e-11,18.356014109530435,83.78886864509641,-0.05945681846548259,0.04461169775436714,0.07433247499286134,False,306.8816656084799
2020-05-06 13:30:00,-218228.56463,658058.27797,2.9103830456733704e-11,18.34681053525856,83.7895798434083,-0.06291217366782989,0.045232858587197236,0.07748517981898584,False,305.7155381134769
2020-05-06 14:00:00,-218093.01636,658015.21878,0.0,18.337296903932213,83.79032885275439,-0.06644605055341712,0.04703188541168551,0.08140685400827856,False,305.2916475518146
2020-05-06 14:30:00,-217948.23731,657972.81747,5.820766091346741e-11,18.32703954801965,83.79109811849055,-0.07280982938669621,0.05379443502942474,0.09052686062962093,False,306.4582782873076
2020-05-06 15:00:00,-217783.30167,657913.80148,2.346425826049686e-10,18.315629324895568,83.79206542679778,-0.08194364430044357,0.0628075512369293,0.10324509350868503,False,307.4691728863668
2020-05-06 15:30:00,-217597.1303,657850.86819,8.731149137020111e-11,18.30265016005582,83.79312564140297,-0.09109077621061584,0.06451231667582812,0.11162154144041744,False,305.3068921928809
2020-05-06 16:00:00,-217399.03121,657796.2871,1.1641532182693481e-10,18.288513169753333,83.7941479885638,-0.09702579852141471,0.06684968966835256,0.1178256618376201,False,304.566407082648
2020-05-06 16:30:00,-217189.9615,657731.97421,1.1999816708318134e-10,18.273762246387953,83.79528367014855,-0.1029795476139368,0.07198851557193758,0.12564686068908437,False,304.9557207467452
2020-05-06 17:00:00,-216965.7397,657666.44212,1.3015628661377063e-10,18.257847059780147,83.79647189088445,-0.10939192131011369,0.07314939037709811,0.13159569050869105,False,303.7702893112115
2020-05-06 17:30:00,-216733.47439,657605.27237,3.4924596548080444e-10,18.24118063909406,83.79764505711907,-0.11156119441100278,0.06704921379673336,0.130159506641542,False,301.0062203310163
2020-05-06 18:00:00,-216508.74659,657562.90903,1.1999816708318134e-10,18.224613680947403,83.79863637690521,-0.11337083919392832,0.06139326239706361,0.12892664521847397,False,298.4366990210592
2020-05-06 18:30:00,-216276.6912,657522.98463,1.1999816708318134e-10,18.207402172358528,83.79962693289818,-0.11641438325363059,0.05708369819468473,0.12965668986945886,False,296.1209851164822
2020-05-06 19:00:00,-216046.42757,657498.64525,1.3015628661377063e-10,18.189923315359213,83.80047914235315,-0.11917739602538222,0.04959894625395962,0.1290864330318797,False,292.5959778131777
2020-05-06 19:30:00,-215813.35343,657487.28348,2.9103830456733704e-11,18.171883446827355,83.8012280650359,-0.12802752358046646,0.04641067279164584,0.13618001814921346,False,289.9258557598215
2020-05-06 20:00:00,-215556.4092,657483.63983,8.731149137020111e-11,18.151761867811935,83.80197729394183,-0.1359054473831633,0.04716323226779408,0.14385639056490906,False,289.13829509246716
2020-05-06 20:30:00,-215295.54719,657478.36688,5.820766091346741e-11,18.131369073257115,83.80275057482312,-0.1347707729812341,0.04197087119536164,0.14115493359729578,False,287.29784905549343
2020-05-06 21:00:00,-215048.30521,657491.03208,0.0,18.11158153846578,83.80333221719351,-0.13143994227259578,0.03598398861796961,0.1362765785506867,False,285.31058018801116
2020-05-06 21:30:00,-214805.53763,657502.34093,0.0,18.09217748907107,83.80391222083091,-0.1286945053541862,0.033587416891674146,0.13300522652066638,False,284.6271002554015
2020-05-06 22:00:00,-214570.36176,657519.97196,0.0,18.073205207626454,83.80441649844433,-0.1239800519027198,0.027972782675604227,0.12709653748398372,False,282.71436804716166
2020-05-06 22:30:00,-214349.98989,657545.07269,1.1999816708318134e-10,18.055204111878595,83.80481526906505,-0.11855204852671614,0.020772760642559594,0.12035819787033175,False,279.9385087127664
2020-05-06 23:00:00,-214141.4127,657581.14798,5.820766091346741e-11,18.03784832674809,83.80508710384969,-0.11553779159359748,0.012794277653271229,0.11624403136073076,False,276.31900221566355
2020-05-06 23:30:00,-213940.23412,657630.0696,2.9103830456733704e-11,18.02074467519081,83.8052283006034,-0.11373488553632002,0.007803839028346252,0.11400229862393195,False,273.92515747456423
2020-05-07 00:00:00,-213743.3615,657681.09894,2.399963341663627e-10,18.00392556250837,83.80533903553409,-0.11445815978318614,0.004379895817670128,0.11454193043740364,False,272.19143102986004
2020-05-07 00:30:00,-213543.48711,657742.43114,5.820766091346741e-11,17.986605701397277,83.80536967570677,-0.11861566957523421,0.0012877431783458876,0.11862265951863715,False,270.6220034079264
2020-05-07 01:00:00,-213335.78239,657808.55001,1.1641532182693481e-10,17.96854620143822,83.80538058158191,-0.12364656227505551,-0.002669868156409086,0.12367538380135226,False,268.7630193124005
2020-05-07 01:30:00,-213123.03524,657888.89345,0.0,17.94972598718172,83.8052834608592,-0.12856505625449044,-0.0061644419454077795,0.12871275785336353,False,267.25488230135034
2020-05-07 02:00:00,-212902.31476,657972.2992,2.9103830456733704e-11,17.93019974891623,83.80518155626191,-0.13317603661408214,-0.006556612011663326,0.13333733869140646,False,267.18145151241504
2020-05-07 02:30:00,-212674.15314,658058.94845,0.0,17.910004903002573,83.80507177602847,-0.13886362316151568,-0.007146553417108167,0.139047398621071,False,267.05389786078285
2020-05-07 03:00:00,-212434.54277,658150.51347,2.9103830456733704e-11,17.88878303656193,83.80495081190836,-0.14718565105687392,-0.004063791834052061,0.14724174096059295,False,268.41846687298283
2020-05-07 03:30:00,-212174.39531,658235.63065,0.0,17.866106527636802,83.80494052886935,-0.15555458138622688,-0.0024559331940586654,0.15557396761058054,False,269.0954755856658
2020-05-07 04:00:00,-211904.26399,658330.73183,0.0,17.842389314217062,83.80487148415568,-0.16374176824707587,-0.005550876017379226,0.16383582908887612,False,268.05840609785304
2020-05-07 04:30:00,-211619.39955,658435.26618,2.346425826049686e-10,17.817271487039974,83.8047612715262,-0.17132804936887058,-0.005300229026992773,0.17141001408401066,False,268.2280547073263
2020-05-07 05:00:00,-211322.90395,658537.62155,2.9103830456733704e-11,17.791292234918473,83.8047003411932,-0.17781420902342285,-0.00246928416554474,0.1778313535204513,False,269.20439166040865
2020-05-07 05:30:00,-211012.5983,658639.32293,1.1999816708318134e-10,17.764240514017292,83.80468150465208,-0.18546444766196002,-0.0033713050641322045,0.18549508630794334,False,268.9586129144915
2020-05-07 06:00:00,-210690.76946,658752.88697,1.3015628661377063e-10,17.735980345761558,83.80459144596156,-0.19312438342100355,-0.00588462760402856,0.19321401686673997,False,268.2546997440611
2020-05-07 06:30:00,-210356.8489,658871.29489,2.9103830456733704e-11,17.70664472495859,83.80449147924362,-0.19982478938311243,-0.00680482630264749,0.19994062146801098,False,268.04960525978476
2020-05-07 07:00:00,-210012.93018,658995.01532,2.9103830456733704e-11,17.676387291223833,83.80437172140563,-0.20450568836034183,-0.008325855381555544,0.20467509970578207,False,267.6686561570813
2020-05-07 07:30:00,-209664.48886,659123.39914,2.9103830456733704e-11,17.645656919868543,83.80422267761818,-0.2074320738106023,-0.011587916962737976,0.20775549346504046,False,266.8025708305786
2020-05-07 08:00:00,-209313.95549,659261.13254,1.1999816708318134e-10,17.614528498848543,83.80399761820667,-0.20952551675148223,-0.015145649178095653,0.2100722086783533,False,265.86553910383986
2020-05-07 08:30:00,-208962.06245,659403.6245,2.9103830456733704e-11,17.58317591361292,83.80373373405143,-0.2103783093834945,-0.017130519994938212,0.2110746023906105,False,265.34483459267074
2020-05-07 09:00:00,-208610.60782,659548.71261,2.9103830456733704e-11,17.5517957803638,83.80344461076393,-0.21019123758615402,-0.020991400665231197,0.21123682268933916,False,264.2968891433955
2020-05-07 09:30:00,-208263.39103,659703.86831,1.1641532182693481e-10,17.5205022680627,83.80305609667695,-0.20863536593252777,-0.02658164367857909,0.21032189543282154,False,262.7392247218628
2020-05-07 10:00:00,-207923.17235,659866.07984,0.0,17.48958983843043,83.8025865267735,-0.20624010290066727,-0.030323146296553728,0.20845736553501779,False,261.6358217684714
2020-05-07 10:30:00,-207588.05675,660031.11987,5.820766091346741e-11,17.459014937731794,83.80207722680468,-0.20457927829313277,-0.03342775271483949,0.2072922954634434,False,260.72001812569243
2020-05-07 11:00:00,-207256.7203,660201.83884,1.1641532182693481e-10,17.428602778534472,83.80150742371991,-0.20549212476743306,-0.03648597438955323,0.20870610836434428,False,259.93182426682876
2020-05-07 11:30:00,-206921.58876,660378.01352,2.9103830456733704e-11,17.39776131996575,83.80089936387901,-0.203159526128009,-0.041424915039921684,0.20733985782435055,False,258.4751841855292
2020-05-07 12:00:00,-206603.39521,660562.82963,1.1999816708318134e-10,17.368050643611742,83.80017021133436,-0.19934998030101134,-0.04489052159947004,0.20434180574587787,False,257.30955631296945
2020-05-07 12:30:00,-206284.8899,660746.47898,5.820766091346741e-11,17.33835110383059,83.79945021037419,-0.19840725520932698,-0.04583479107299514,0.20363267663222454,False,256.9920859261876
2020-05-07 13:00:00,-205970.7581,660933.19851,2.9103830456733704e-11,17.308928437484433,83.79869058924771,-0.19738172890090894,-0.04698506757496552,0.20289687892852365,False,256.610409266542
2020-05-07 13:30:00,-205656.81943,661119.37798,2.9103830456733704e-11,17.27954151437654,83.79793344103285,-0.19632656072991667,-0.04707640962647925,0.2018918195256007,False,256.5158472879433
2020-05-07 14:00:00,-205346.22129,661304.961,2.9103830456733704e-11,17.250440373880036,83.79717088443357,-0.19713286491729998,-0.04562850034261971,0.20234457362138203,False,256.9677767279604
2020-05-07 14:30:00,-205027.776,661486.706,5.820766091346741e-11,17.22082027992816,83.79646043244544,-0.19725877220006358,-0.047660900776186316,0.2029349271876925,False,256.416744687221
2020-05-07 15:00:00,-204718.72123,661679.08661,1.1999816708318134e-10,17.191689037702993,83.79563232123286,-0.1941170768202434,-0.053532358934326174,0.2013632363821902,False,254.58255091309698
2020-05-07 15:30:00,-204417.13811,661877.36246,5.820766091346741e-11,17.163012154859683,83.79473232366622,-0.19489776408459786,-0.055000285527249206,0.20250967841872275,False,254.24089647485224
2020-05-07 16:00:00,-204106.76199,662075.31595,2.9103830456733704e-11,17.13365654337055,83.79385676190496,-0.19778064543869744,-0.0560309525204979,0.20556422682583184,False,254.1826556144694
2020-05-07 16:30:00,-203796.15125,662279.88143,0.0,17.104129872783513,83.79292351917404,-0.19857684059337463,-0.05983433165463682,0.20739553723405812,False,253.23161799412333
2020-05-07 17:00:00,-203486.85524,662491.44444,0.0,17.074546120341495,83.79192518188374,-0.19995860397711565,-0.0631394128150028,0.20969031631217572,False,252.47584110723628
2020-05-07 17:30:00,-203174.76815,662708.52419,0.0,17.04461763670478,83.79088522699288,-0.20188914063454147,-0.06810245554480693,0.21306611546040366,False,251.35941190258697
2020-05-07 18:00:00,-202863.84075,662938.88188,2.9103830456733704e-11,17.014469719427623,83.78972667798803,-0.20297310481050373,-0.07396102257216153,0.2160285030646084,False,249.97885196344274
2020-05-07 18:30:00,-202553.9583,663176.94332,2.346425826049686e-10,16.984229680055073,83.7884976019773,-0.20334881389379567,-0.07861860643189564,0.2180174887235124,False,248.86252871539315
2020-05-07 19:00:00,-202246.38807,663423.40438,8.731149137020111e-11,16.953981970400267,83.7871886994453,-0.20411283363513896,-0.08372811011609915,0.22061832489206226,False,247.69631498242342
2020-05-07 19:30:00,-201938.9828,663679.53662,1.1999816708318134e-10,16.92352751410007,83.7857946643756,-0.20400361898291622,-0.09025618050842557,0.22307768753978144,False,246.13423191129309
2020-05-07 20:00:00,-201638.3627,663948.0396,1.3015628661377063e-10,16.893325972992194,83.78427504583242,-0.20273454185163023,-0.09609011249714375,0.2243537478615059,False,244.64044676177477
2020-05-07 20:30:00,-201341.15553,664222.61951,0.0,16.863263290097397,83.7826926696372,-0.1996628638720362,-0.10102888714470036,0.22376794955328133,False,243.1607088993282
2020-05-07 21:00:00,-201055.99076,664504.61599,1.1641532182693481e-10,16.83398990454735,83.78101365026764,-0.1941522814009692,-0.10497267071585238,0.22071332078155118,False,241.60115916237282
2020-05-07 21:30:00,-200781.59892,664786.7424,1.3015628661377063e-10,16.805580085151263,83.77930395986466,-0.18935751535662454,-0.1071887455644518,0.21759066109949454,False,240.48729922428862
2020-05-07 22:00:00,-200514.98506,665071.10787,1.3015628661377063e-10,16.777746799351522,83.77755338105392,-0.18532244946090634,-0.10993319753920915,0.21547556287288117,False,239.32360015616766
2020-05-07 22:30:00,-200257.07794,665358.23771,0.0,16.750550952853256,83.77575509276431,-0.18001688005085503,-0.11200474944330178,0.21201684131478976,False,238.11052838709153
2020-05-07 23:00:00,-200010.6318,665643.99056,2.346425826049686e-10,16.72430829270356,83.77393765119825,-0.17481457329010586,-0.11397297372118684,0.20868630470984947,False,236.89705897483267
2020-05-07 23:30:00,-199772.43745,665932.28584,2.9103830456733704e-11,16.698672092237786,83.77207580207342,-0.17095776628267922,-0.11494873736774774,0.2060091504637661,False,236.08386717467368
2020-05-08 00:00:00,-199540.04284,666217.19685,1.1641532182693481e-10,16.673588926036963,83.770226853817,-0.167844231360159,-0.11523041012184398,0.20359207601901147,False,235.52916141434298
2020-05-08 00:30:00,-199312.62599,666503.04145,1.1999816708318134e-10,16.648891391283517,83.76835589966447,-0.16580133368668964,-0.11584456337200276,0.2022623175856911,False,235.05819232384533
2020-05-08 01:00:00,-199087.66497,666787.76538,1.3015628661377063e-10,16.624428821587564,83.7664871142158,-0.1645047209705735,-0.11828162556220402,0.20261378572852262,False,234.28323788162464
2020-05-08 01:30:00,-198866.9873,667080.48804,2.9103830456733704e-11,16.600130683698794,83.7645374785435,-0.16585534030665094,-0.1224831180301328,0.2061797955926294,False,233.55436713200447
2020-05-08 02:00:00,-198641.44303,667380.907,1.1999816708318134e-10,16.575283254887424,83.76253302111513,-0.16869010995342446,-0.12634827608442978,0.2107610971351348,False,233.1669233495097
2020-05-08 02:30:00,-198414.69655,667689.68373,1.1999816708318134e-10,16.550161149135256,83.76045861666806,-0.1714799038983676,-0.12804558394448867,0.2140117496977175,False,233.25097254837934
2020-05-08 03:00:00,-198180.99859,667998.62235,1.1999816708318134e-10,16.52450393462267,83.7583993486322,-0.17706599746878404,-0.1311224194621243,0.22033033460060988,False,233.47899710609528
2020-05-08 03:30:00,-197937.84665,668323.53173,1.1999816708318134e-10,16.497745666880697,83.75622558216037,-0.1822459456610518,-0.1338213386849219,0.22610116186635487,False,233.7105417610187
2020-05-08 04:00:00,-197688.73178,668646.85925,0.0,16.47057298145792,83.75407921480205,-0.18216718598075252,-0.13122617529283742,0.2245110080377632,False,234.23248490810087
2020-05-08 04:30:00,-197442.89553,668962.49549,0.0,16.443856103238645,83.75198926720718,-0.183928971651086,-0.1305694517037815,0.22556207201312042,False,234.62941499438037
2020-05-08 05:00:00,-197186.73051,669285.12003,2.9103830456733704e-11,16.41618129627944,83.7498640230072,-0.18998070683021437,-0.13117253015240543,0.23086554882505006,False,235.3767893716252
2020-05-08 05:30:00,-196920.30149,669608.75336,5.820766091346741e-11,16.387693587146156,83.74775460789849,-0.19960667505838775,-0.13360471671382135,0.24019376564774791,False,236.20402501338035
2020-05-08 06:00:00,-196633.03988,669949.29512,2.9103830456733704e-11,16.35719394096575,83.74555077143182,-0.21082689610341865,-0.13641836876579078,0.2511134234909017,False,237.09457214200424
2020-05-08 06:30:00,-196330.35212,670293.72839,1.1641532182693481e-10,16.325411615947363,83.74335055567117,-0.2193758102516451,-0.13690023897952236,0.25858735768829866,False,238.03400711493475
2020-05-08 07:00:00,-196013.66304,670644.25851,1.1641532182693481e-10,16.292409314863402,83.74113115875056,-0.22407764761483906,-0.13855964924366154,0.2634569576973182,False,238.26919714080665
2020-05-08 07:30:00,-195696.00411,670998.81747,1.1999816708318134e-10,16.25926160606361,83.73887743346312,-0.22870369007791713,-0.13922828142524962,0.26774968198652355,False,238.66813761913704
2020-05-08 08:00:00,-195363.59348,671355.95407,5.820766091346741e-11,16.224918049081012,83.73663637806156,-0.23353652685871176,-0.13958771133817716,0.2720735902910462,False,239.1327095772985
2020-05-08 08:30:00,-195029.16433,671716.22687,2.3283064365386963e-10,16.190368624296692,83.7343711075279,-0.23469283044241046,-0.13804433620624657,0.2722810375690773,False,239.53631779852682
2020-05-08 09:00:00,-194690.7744,672068.78612,0.0,16.155708385991062,83.73217987804755,-0.23795834066811547,-0.1332729069929223,0.2727376754903272,False,240.7481976778723
2020-05-08 09:30:00,-194339.84305,672415.42402,0.0,16.12022069643529,83.73006859079501,-0.23900519569834316,-0.12679382590261018,0.270555276898871,False,242.05375584162326
2020-05-08 10:00:00,-193990.9235,672746.19498,1.1641532182693481e-10,16.085274815922585,83.72808661361111,-0.23695634596884424,-0.11663460528616133,0.2641059276978941,False,243.7926755497471
2020-05-08 10:30:00,-193636.53296,673055.22092,2.9103830456733704e-11,16.050412719509758,83.7263032630847,-0.23583185004680216,-0.10450492520147397,0.25794949290096125,False,246.10027736904377
2020-05-08 11:00:00,-193279.04149,673342.47991,5.820766091346741e-11,16.01581783141877,83.72471287932457,-0.23348971460265333,-0.09519871397313434,0.25215122836775383,False,247.81823469380186
2020-05-08 11:30:00,-192923.15207,673616.5476,5.820766091346741e-11,15.981663379353137,83.72322997159235,-0.2267523921158462,-0.08903519231892282,0.24360606068307503,False,248.56235648975215
2020-05-08 12:00:00,-192582.53384,673875.37221,0.0,15.949067836083199,83.7218386345508,-0.22027156814836368,-0.0839924180770145,0.23574199886520691,False,249.127499445664
2020-05-08 12:30:00,-192243.78584,674125.17745,2.9103830456733704e-11,15.916835897699707,83.72051844494254,-0.21759562039018912,-0.0820827080864446,0.23256273342862946,False,249.33222446107965
2020-05-08 13:00:00,-191910.26026,674374.36654,0.0,15.885041749927913,83.71918876198868,-0.2137969704823268,-0.07936064821990278,0.22805099665053882,False,249.6352595430381
2020-05-08 13:30:00,-191581.70621,674610.63045,0.0,15.853940258125206,83.71795646261874,-0.21092094758317997,-0.07410398999161259,0.2235599415415552,False,250.6418206753786
2020-05-08 14:00:00,-191252.70729,674838.42747,1.3015628661377063e-10,15.823004580393295,83.71679644857032,-0.2094434919868881,-0.0700845227478978,0.2208583633563879,False,251.4985950874025
2020-05-08 14:30:00,-190925.07457,675058.96422,2.346425826049686e-10,15.792349059900085,83.71569391628836,-0.20861799243264484,-0.06514789434224946,0.21855368883607515,False,252.65729262947133
2020-05-08 15:00:00,-190593.85885,675268.50002,0.0,15.761666727207654,83.71469325384058,-0.2072854670059209,-0.06208293355399195,0.21638289089142906,False,253.32680437948173
2020-05-08 15:30:00,-190267.61544,675476.76184,1.1999816708318134e-10,15.731413122980857,83.71368969432599,-0.20525438481550784,-0.06102172996078723,0.2141331688772195,False,253.44288858925128
2020-05-08 16:00:00,-189942.18142,675680.29073,2.9103830456733704e-11,15.701337339848486,83.71272327536673,-0.20461423013035462,-0.059684470150582696,0.21314131262848485,False,253.7384224734642
2020-05-08 16:30:00,-189616.63769,675882.95225,2.9103830456733704e-11,15.671281300786475,83.71176287701988,-0.20520904694449602,-0.05976033162026067,0.21373359629040983,False,253.76355034773079
2020-05-08 17:00:00,-189289.00271,676086.98096,1.1641532182693481e-10,15.64104001496177,83.71079399617773,-0.207262705314954,-0.059491839523353365,0.21563188072348183,False,253.9846199777445
2020-05-08 17:30:00,-188955.86442,676290.36016,2.9103830456733704e-11,15.610389823567163,83.70984225155374,-0.20907439836994746,-0.05778116045998992,0.2169118866218691,False,254.55098407940662
2020-05-08 18:00:00,-188620.07287,676489.85911,2.9103830456733704e-11,15.579625417943145,83.70892861356205,-0.21040373579570068,-0.060005946550503675,0.218793157247225,False,254.08215223890934
2020-05-08 18:30:00,-188284.25967,676701.87934,0.0,15.548594456443755,83.70790503507375,-0.21321311184729796,-0.06638771051849485,0.22330955906878652,False,252.70509012993784
2020-05-08 19:00:00,-187944.66012,676925.85911,1.1641532182693481e-10,15.517015098544785,83.70678535326533,-0.2166793582765965,-0.07120858113847826,0.22808026291398587,False,251.80762866008024
2020-05-08 19:30:00,-187601.22598,677157.56787,1.1641532182693481e-10,15.484977381416915,83.70560614385964,-0.21801260412546444,-0.07485266560048702,0.23050470083073102,False,251.05055235062102
2020-05-08 20:00:00,-187260.24878,677395.08959,2.9103830456733704e-11,15.453018454292472,83.70436884953835,-0.2159991462809106,-0.07852218684289121,0.22982899081854782,False,250.02227209068045
2020-05-08 20:30:00,-186927.05928,677637.2179,0.0,15.421584147467879,83.7030712004849,-0.20767197433980378,-0.08542072267541362,0.22455366572065139,False,247.64139800511103
2020-05-08 21:00:00,-186621.32154,677890.33856,2.346425826049686e-10,15.392081866513543,83.7016112761226,-0.19921187986077968,-0.09353114498149195,0.22007600541452624,False,244.8496694472425
2020-05-08 21:30:00,-186324.99074,678152.20427,2.346425826049686e-10,15.36314349536775,83.7000517100374,-0.19830554626251912,-0.09694774633499421,0.22073503391602906,False,243.9468852209407
2020-05-08 22:00:00,-186025.39783,678416.01659,2.3283064365386963e-10,15.333921276052804,83.69848143552053,-0.19936938861937825,-0.10032052987565944,0.2231868316747154,False,243.28895168379555
2020-05-08 22:30:00,-185728.31639,678690.30085,2.399963341663627e-10,15.304685785664857,83.69681299615095,-0.199413086334015,-0.10341209858318373,0.22463223529724186,False,242.5895442000679
2020-05-09 02:00:00,-183965.54852,680727.72648,0.0,15.122837144545622,83.68333060761583,-0.15827294676305753,-0.12162223600096302,0.199605345536976,False,232.46011736364287
2020-05-09 02:30:00,-183747.63726,681013.39012,5.820766091346741e-11,15.099695896613394,83.68136687051877,-0.15546860201717477,-0.11970912554803481,0.19621610778080847,False,232.4041217081933
2020-05-09 03:00:00,-183537.44825,681289.59837,0.0,15.077374224748784,83.67946596168063,-0.15062826632302212,-0.11590109295600826,0.19005772271569643,False,232.42347588797335
2020-05-09 03:30:00,-183332.57747,681557.32549,0.0,15.055661717267952,83.67762514913456,-0.14895310670668588,-0.11188392254901851,0.18629288800844793,False,233.08849780922188
2020-05-09 04:00:00,-183124.24937,681817.84453,1.1641532182693481e-10,15.033842596602119,83.67585389672863,-0.14806476392724943,-0.10808781956200658,0.18331980540711088,False,233.87041906133564
2020-05-09 04:30:00,-182918.72122,682071.3865,1.1641532182693481e-10,15.01240173617471,83.67413565459191,-0.14214142232050103,-0.11019426577062506,0.1798526067312403,False,232.2155873237377
2020-05-09 05:00:00,-182732.76128,682333.5515,1.1641532182693481e-10,14.992324789500907,83.67229643313077,-0.1342168681045359,-0.11219381071810654,0.174933183951018,False,230.10726419957103
2020-05-09 05:30:00,-182556.47189,682586.52959,1.1641532182693481e-10,14.973209516747215,83.67051361603414,-0.13834652132335953,-0.10694526677158366,0.17486294646699732,False,232.29509389667732
2020-05-09 06:00:00,-182351.09634,682834.16157,5.820766091346741e-11,14.951938740688073,83.66884371548387,-0.14464883893640348,-0.10711172067116684,0.17998946444386033,False,233.48024260984764
2020-05-09 06:30:00,-182152.85556,683093.43067,1.1999816708318134e-10,14.930994890309593,83.66705561866853,-0.14160855444141146,-0.11329007058179177,0.18134944936065717,False,231.33939560985945
2020-05-09 07:00:00,-181963.60102,683359.58613,2.346425826049686e-10,14.910622855182078,83.66518626147875,-0.13951295781607204,-0.11701680580132157,0.18209008275722569,False,230.01168219146595
2020-05-09 07:30:00,-181775.91573,683629.74072,8.731149137020111e-11,14.890302428716954,83.66327782566128,-0.13669759590404684,-0.11998608472692358,0.18188703432087336,False,228.72501138443457
2020-05-09 08:00:00,-181599.01281,683903.48845,2.9103830456733704e-11,14.870763391547635,83.6613126318497,-0.13067230716557476,-0.12510220313321896,0.18090277247394385,False,226.2475559611817
2020-05-09 08:30:00,-181436.8334,684185.75305,5.820766091346741e-11,14.852211739509961,83.65923902811295,-0.1299039573486582,-0.1289237653304845,0.18302015026174534,False,225.2169806104768
2020-05-09 09:00:00,-181265.95056,684471.97993,0.0,14.832909324318765,83.65715038970949,-0.13349144250720565,-0.13098330129876656,0.1870202941976567,False,225.54334714801013
2020-05-09 09:30:00,-181092.99315,684764.60579,5.820766091346741e-11,14.813325025136725,83.65501030748766,-0.14014199654919032,-0.1354123348274646,0.1948750359081908,False,225.98333801015647
2020-05-09 10:00:00,-180902.84276,685072.25096,2.9103830456733704e-11,14.792099620142466,83.65277862148795,-0.14268036229140338,-0.14117478858460872,0.20071872537338187,False,225.30389517314433
2020-05-09 10:30:00,-180726.12415,685387.13266,2.9103830456733704e-11,14.771789840558567,83.65045259828598,-0.1378979313319337,-0.14586130869098565,0.20072708048161741,False,223.39248164248548
2020-05-09 11:00:00,-180556.70255,685706.57185,5.820766091346741e-11,14.751971339050087,83.64806958732933,-0.12735205935638083,-0.15170444803945848,0.19807268003757586,False,220.01261139669654
2020-05-09 11:30:00,-180421.83458,686032.00844,0.0,14.734743682492203,83.64555498926146,-0.1115795643495677,-0.1547356410638196,0.19076980315519154,False,215.79529870424324
2020-05-09 12:00:00,-180309.90824,686347.46761,2.346425826049686e-10,14.71952582428304,83.64307408168571,-0.09670865652466581,-0.15243646476836267,0.18052545537370088,False,212.39183594305413
2020-05-09 12:30:00,-180224.54527,686651.23059,0.0,14.706633117187558,83.64063370530533,-0.0823156232224648,-0.15058078336512815,0.17161128793106367,False,208.6634087945657
2020-05-09 13:00:00,-180160.90101,686947.02951,0.0,14.695608184029606,83.63821268139176,-0.0739602175335832,-0.14933380083978176,0.16664542553238762,False,206.34773110282453
2020-05-09 13:30:00,-180103.37933,687238.79085,1.1641532182693481e-10,14.685151816743225,83.63581252581042,-0.06994119150666356,-0.14552212862740654,0.16145730144413797,False,205.66998093097723
2020-05-09 14:00:00,-180050.14507,687517.62601,2.399963341663627e-10,14.675301688484415,83.63351455474715,-0.0632413960407456,-0.14401039956211592,0.15728467616148342,False,203.70842245716403
2020-05-09 14:30:00,-180014.47898,687797.99322,1.1641532182693481e-10,14.66679707323157,83.63116321114084,-0.05033188338359097,-0.1462814953343732,0.15469833341765402,False,198.9870867242243
2020-05-09 15:00:00,-180008.19171,688072.95755,1.1641532182693481e-10,14.660698560508761,83.62879192272382,-0.046668299036107405,-0.1421072456857684,0.14957405995465553,False,198.1802819206241
2020-05-09 15:30:00,-179981.42268,688335.44422,1.1641532182693481e-10,14.653263041065268,83.62657528666607,-0.05402937255577776,-0.13603354915233248,0.1463704191213207,False,201.66182882657867
2020-05-09 16:00:00,-179943.89648,688595.95377,0.0,14.645035080130885,83.6244000867183,-0.05745723504336896,-0.13398308392643515,0.14578340316122104,False,203.21156393853028
2020-05-09 16:30:00,-179903.24666,688854.40935,1.1641532182693481e-10,14.636611275079217,83.62224965357078,-0.0604877994498071,-0.13214800937263105,0.14533365151756517,False,204.59488020461788
2020-05-09 17:00:00,-179853.41886,689111.27235,1.1641532182693481e-10,14.627511068797775,83.62013368564648,-0.06451472720860156,-0.12980816108816706,0.1449562303314066,False,206.42740154440182
2020-05-09 17:30:00,-179796.53292,689365.22409,2.3283064365386963e-10,14.617926716763263,83.61805879241278,-0.06835874387298153,-0.1285910974189024,0.14563168679682845,False,207.99501323891224
2020-05-09 18:00:00,-179732.12341,689621.32207,2.3283064365386963e-10,14.607719748030224,83.61598210958007,-0.07345224363575442,-0.1285320758801862,0.14803961167605165,False,209.74667678294838
2020-05-09 18:30:00,-179657.34915,689879.67107,1.1999816708318134e-10,14.596667676616327,83.6139091118268,-0.07738963924468542,-0.13019492310668865,0.15145915048348557,False,210.72782759771263
2020-05-09 19:00:00,-179580.6319,690145.10742,2.9103830456733704e-11,14.5853282955787,83.61177875047443,-0.07879333634985601,-0.13378441291713636,0.15526319265274816,False,210.49627814841028
2020-05-09 19:30:00,-179504.1176,690417.20469,1.1641532182693481e-10,14.573877624468704,83.60958986472434,-0.08653823961671872,-0.13861778611461775,0.16341284387488805,False,211.97628201551356
2020-05-09 20:00:00,-179404.68676,690706.46649,0.0,14.560307460888636,83.607303402959,-0.09329654177335027,-0.14249476767694463,0.17032029685910285,False,213.21423726507425
2020-05-09 20:30:00,-179307.99982,690998.14746,0.0,14.546911387337806,83.60498939906546,-0.09588672090384123,-0.14314475304362925,0.17229243619385254,False,213.81648693799195
2020-05-09 21:00:00,-179199.99517,691291.97042,1.1641532182693481e-10,14.532602900922923,83.60268191758036,-0.10012136851930292,-0.14210941699524282,0.17383720784948736,False,215.16611937302127
2020-05-09 21:30:00,-179087.46977,691583.81767,2.9103830456733704e-11,14.517993450726776,83.60040135034181,-0.1012366835424607,-0.13976851697409273,0.17258071859803337,False,215.91644516653378
2020-05-09 22:00:00,-178973.31629,691870.43276,2.399963341663627e-10,14.503373082791,83.5981694482145,-0.09994649353739779,-0.1372754742677766,0.16980535152304266,False,216.0573319512159
2020-05-09 22:30:00,-178862.8923,692152.37,1.3015628661377063e-10,14.489146093462809,83.59596937577719,-0.09593411235955585,-0.13681896177021444,0.1671011137428332,False,215.03719974722208
2020-05-09 23:00:00,-178762.17163,692433.72415,2.346425826049686e-10,14.475693282377922,83.59375221699068,-0.08724695467110676,-0.13734252516757628,0.162711401932343,False,212.4257883970339
2020-05-09 23:30:00,-178682.36748,692709.61931,1.3015628661377063e-10,14.463981101776662,83.59153525783023,-0.07563007983348952,-0.13482092145859897,0.15458521869365682,False,209.29098435638454
2020-05-10 00:00:00,-178619.76077,692971.70087,2.9103830456733704e-11,14.453886365959622,83.58939949677801,-0.06849789996450886,-0.13182954921105566,0.14856309213508587,False,207.4561373127759
2020-05-10 00:30:00,-178562.03708,693230.73413,1.1999816708318134e-10,14.44423767638984,83.58727908471462,-0.06348095431469548,-0.12891141094554373,0.14369406192559003,False,206.21741478910798
2020-05-10 01:00:00,-178514.21231,693478.11709,1.1999816708318134e-10,14.43559475888676,83.58523754198929,-0.05734009666326745,-0.12394515707103687,0.13656605964410357,False,204.8264289505628
2020-05-10 01:30:00,-178473.3644,693714.30925,1.1641532182693481e-10,14.427720819740093,83.58327745817951,-0.04974016477614387,-0.12256661935099342,0.13227494158414607,False,202.08837005330668
2020-05-10 02:00:00,-178450.73357,693950.05688,2.9103830456733704e-11,14.421271340903104,83.5812804256469,-0.040464295550252584,-0.12235141890927877,0.1288690378775756,False,198.30018256172238
2020-05-10 02:30:00,-178441.98053,694177.17504,1.1999816708318134e-10,14.416072046356746,83.57932727992821,-0.037587957380137774,-0.12271496620156111,0.12834257855388967,False,197.02998148763643
2020-05-10 03:00:00,-178429.66231,694411.60943,1.1641532182693481e-10,14.410454458912652,83.57731848716807,-0.04185131193183181,-0.12632639949216384,0.13307851636935716,False,198.32977854927452
2020-05-10 03:30:00,-178409.23438,694655.13726,2.9103830456733704e-11,14.4040321559509,83.57524873453016,-0.044887850277302146,-0.12672682993840403,0.13444184069237772,False,199.50463040853273
2020-05-10 04:00:00,-178386.63327,694893.68352,2.399963341663627e-10,14.397544802575855,83.57322701789535,-0.04300645134944548,-0.1214506845615988,0.12884030284873282,False,199.4993746847092
2020-05-10 04:30:00,-178367.98822,695117.12478,2.9103830456733704e-11,14.391667195691435,83.57132761356826,-0.043002788061654425,-0.11948363252762584,0.12698652772271668,False,199.7940708877802
2020-05-10 05:00:00,-178343.59242,695348.80436,0.0,14.385185085304222,83.56936938593958,-0.04727687939447401,-0.12232915591502844,0.1311469622681478,False,201.13015626905843
2020-05-10 05:30:00,-178312.53655,695585.98613,2.9103830456733704e-11,14.37808313032974,83.56737810660964,-0.052545181765906016,-0.12575459383395984,0.1362909167815534,False,202.67707763188037
2020-05-10 06:00:00,-178272.77296,695834.31376,1.3015628661377063e-10,14.370092068179341,83.56530927662207,-0.06146225538822627,-0.13152095796284283,0.14517358995654622,False,205.04758232066018
2020-05-10 06:30:00,-178215.70431,696099.56215,2.9103830456733704e-11,14.360434716926015,83.56313180483001,-0.07204598961641598,-0.14140678606284124,0.1587025638243783,False,206.9985953621781
2020-05-10 07:00:00,-178147.77002,696391.8004,2.9103830456733704e-11,14.34941161088645,83.56074379767288,-0.08115187062437137,-0.15038196867708034,0.17088113590747542,False,208.35299894757225
2020-05-10 07:30:00,-178066.84334,696696.45168,2.9103830456733704e-11,14.33714877368053,83.55827654703883,-0.08988321164652868,-0.15848706249918082,0.1822008252328016,False,209.558994169561
2020-05-10 08:00:00,-177975.55279,697024.71127,1.1641532182693481e-10,14.323630326941839,83.55562684866253,-0.09714328859967228,-0.16749159647968995,0.1936240000910902,False,210.11326283566302
2020-05-10 08:30:00,-177877.17274,697367.1966,1.1641532182693481e-10,14.309296162143982,83.55286887937538,-0.1030981546542402,-0.17394636724884965,0.2022042733776448,False,210.65525712579318
2020-05-10 09:00:00,-177770.68517,697723.22339,2.9103830456733704e-11,14.294082987176298,83.55001077038472,-0.10684750386434036,-0.18140124834165947,0.21052981257283407,False,210.49859364292348
2020-05-10 09:30:00,-177665.66604,698094.99357,1.1999816708318134e-10,14.278687616142525,83.54701212301853,-0.10941982775338642,-0.18762040530065374,0.21719602940837185,False,210.25064747353906
2020-05-10 10:00:00,-177555.53061,698474.94478,1.1641532182693481e-10,14.262752072151539,83.5439532005937,-0.11100407576272295,-0.19258788774210672,0.2222880998634489,False,209.95834831320224
2020-05-10 10:30:00,-177449.18072,698865.39192,1.1999816708318134e-10,14.246917907507415,83.54079418165402,-0.11014506208514768,-0.1965824730164296,0.22533664459868996,False,209.26188823675682
2020-05-10 11:00:00,-177345.36879,699258.46044,2.346425826049686e-10,14.231243412092597,83.5376062802185,-0.11020371755024609,-0.19941327771743986,0.22783879101660282,False,208.9267874668033
2020-05-10 11:30:00,-177241.10517,699658.78012,1.1641532182693481e-10,14.215408242094705,83.53435584408206,-0.10939507580353086,-0.203802132069388,0.23130627238812293,False,208.22561385222582
2020-05-10 12:00:00,-177143.77589,700066.3923,5.820766091346741e-11,14.199980415272078,83.53102624856886,-0.10613259435808593,-0.20595646123128541,0.23169417668144357,False,207.262761282123
2020-05-10 12:30:00,-177052.5833,700471.29517,2.9103830456733704e-11,14.185092908292365,83.52770624880903,-0.10243551541302533,-0.20657550296763716,0.23057856197891516,False,206.37563834295548
2020-05-10 13:00:00,-176968.49269,700877.75738,0.0,14.170736176238778,83.52435665392142,-0.09882605052024107,-0.20797678046838144,0.23026274009362124,False,205.41605218610448
2020-05-10 13:30:00,-176890.93045,701284.32629,2.9103830456733704e-11,14.156893676580507,83.52099139879822,-0.0942061865041047,-0.20924548065224402,0.2294743487822436,False,204.2381554003838
2020-05-10 14:00:00,-176823.88689,701691.11033,2.9103830456733704e-11,14.143868980170735,83.51760083715259,-0.0884993671690875,-0.20957763849682068,0.22749708689834475,False,202.89311104124602
2020-05-10 14:30:00,-176766.3537,702093.78565,2.399963341663627e-10,14.13166712023302,83.51422484442315,-0.08270739490048447,-0.20833250046394766,0.22414937858665912,False,201.65293323518418
2020-05-10 15:00:00,-176718.26344,702491.10548,1.1999816708318134e-10,14.12030561606606,83.51087447118537,-0.07689315317136484,-0.20625825229998457,0.22012501822028105,False,200.4454738623724
2020-05-10 15:30:00,-176679.04875,702881.4118,2.9103830456733704e-11,14.109771487071235,83.50756543572093,-0.07206556898553737,-0.20280245596362267,0.21522611918186502,False,199.56259831358923
2020-05-10 16:00:00,-176644.63582,703262.4133,2.9103830456733704e-11,14.099795174517281,83.50432662110389,-0.06938513355273175,-0.19980382353253198,0.2115085451142568,False,199.15039092964875
2020-05-10 16:30:00,-176612.01588,703639.88619,2.9103830456733704e-11,14.090033983983714,83.50111438380668,-0.06789128277782287,-0.19788695097382786,0.2092091576459703,False,198.9361282777096
2020-05-10 17:00:00,-176581.00984,704012.87391,0.0,14.08049213510256,83.49793744818844,-0.06708848406568071,-0.19612866127266865,0.2072855915562881,False,198.8839524527093
2020-05-10 17:30:00,-176549.52821,704383.49342,5.820766091346741e-11,14.070968625522386,83.4947819661628,-0.06801840181817026,-0.19528756646940926,0.20679394721181277,False,199.2031597507712
2020-05-10 18:00:00,-176514.41515,704754.34756,1.3015628661377063e-10,14.0611720404524,83.4916321707603,-0.07000394591494796,-0.1956857402688894,0.20783036685779632,False,199.68398762176417
2020-05-10 18:30:00,-176476.22122,705128.0828,1.1641532182693481e-10,14.05109420189687,83.48846382182893,-0.07317896671784646,-0.1956524787298968,0.20889005146977296,False,200.5070658330719
2020-05-10 19:00:00,-176429.86004,705501.58295,1.1999816708318134e-10,14.040406404153536,83.4853150826461,-0.07650243937306332,-0.19664552227194568,0.2110025702678418,False,201.2578904792156
2020-05-10 19:30:00,-176380.78697,705881.67322,1.3015628661377063e-10,14.029395927170409,83.48211466586395,-0.07930218697691191,-0.19873991814899128,0.21397755004950603,False,201.75323300655904
2020-05-10 20:00:00,-176326.33033,706264.91331,1.1999816708318134e-10,14.017925074521166,83.47889829003854,-0.08229518412472085,-0.19915697252174377,0.21549013210388154,False,202.45127971037462
2020-05-10 20:30:00,-176267.0142,706649.04945,0.0,14.006077525783553,83.47568439815444,-0.08510527842504532,-0.19833586292405644,0.2158240555119716,False,203.22401492248616
2020-05-10 21:00:00,-176201.86788,707031.84629,1.1999816708318134e-10,13.993822264271925,83.47249452174805,-0.0874762674970149,-0.19882002170989457,0.2172130254103843,False,203.74839786372166
2020-05-10 21:30:00,-176134.52695,707419.71108,1.3015628661377063e-10,13.981315355232239,83.46926499006682,-0.0889416477817838,-0.2005864989755259,0.21942096591118532,False,203.91287877394015
2020-05-10 22:00:00,-176065.62977,707809.92446,0.0,13.96865762609031,83.46601806973422,-0.08877140769545916,-0.2025268361613421,0.22112775083592862,False,203.6687635640973
2020-05-10 22:30:00,-176000.39786,708204.38984,0.0,13.956211223611188,83.46272588690069,-0.08726705031877896,-0.2043624684723485,0.22221511332817115,False,203.1234961878153
2020-05-10 23:00:00,-175938.17983,708599.68111,0.0,13.943991263978154,83.45941968703256,-0.08493203562581747,-0.20473396425808502,0.22165163386804973,False,202.53067639974674
2020-05-10 23:30:00,-175881.2601,708993.39163,0.0,13.932216839772623,83.4561155028291,-0.07986357031318049,-0.20295295057283616,0.21810110043140177,False,201.4800249970808
2020-05-11 00:00:00,-175835.04586,709378.0421,1.1641532182693481e-10,13.921439785858386,83.45286680807759,-0.07365846553979949,-0.20097086915121715,0.2140440604012956,False,200.1285494008228
2020-05-11 00:30:00,-175797.94521,709759.43289,1.1999816708318134e-10,13.911427992436511,83.44962660290895,-0.06731664013334393,-0.19950252085313658,0.210553522567537,False,198.64555251188852
2020-05-11 01:00:00,-175772.48715,710133.44882,5.820766091346741e-11,13.902449991968279,83.44642531049843,-0.05919056446498458,-0.19706594335026748,0.20576323517629266,False,196.71812245767615
2020-05-11 01:30:00,-175761.55748,710499.28626,2.346425826049686e-10,13.89473851454162,83.44326376784463,-0.05010184380355748,-0.19586032163371214,0.20216691208745619,False,194.3487940555229
2020-05-11 02:00:00,-175766.71956,710861.22685,1.1999816708318134e-10,13.888329925421935,83.44010138892175,-0.0397633907608769,-0.19667297123328079,0.2006523980881591,False,191.42999657472012
2020-05-11 02:30:00,-175792.54107,711220.9701,3.5406337878074377e-10,13.883537239722369,83.4369135962734,-0.02979411999375363,-0.19474042518912899,0.19700640291382646,False,188.6984612154605
2020-05-11 03:00:00,-175830.8143,711567.54774,1.1999816708318134e-10,13.879940988150905,83.43381359683839,-0.021810794095148044,-0.19416720936025184,0.19538837204349907,False,186.409165514523
2020-05-11 03:30:00,-175883.99723,711918.39731,2.3283064365386963e-10,13.877399001200898,83.43064429792292,-0.014810576379280453,-0.19754209556616667,0.19809652367812774,False,184.28768791987818
2020-05-11 04:00:00,-175949.61874,712270.72968,1.3015628661377063e-10,13.875774724801705,83.42743531604653,-0.00794541337033556,-0.20128280856695155,0.2014395656722521,False,182.2605130942344
2020-05-11 04:30:00,-176030.00462,712628.72921,5.820766091346741e-11,13.875164765250808,83.42414522321691,-0.003305963686715714,-0.2016569625741294,0.20168405973334064,False,180.93922271408672
2020-05-11 05:00:00,-176112.15624,712978.36552,2.3283064365386963e-10,13.874845612240339,83.42092414721814,-0.002625910120114948,-0.20250277967115243,0.20251980441058656,False,180.74292874112177
2020-05-11 05:30:00,-176195.64512,713338.73497,0.0,13.874427309396854,83.41760673231315,-0.0037602241045926257,-0.20771185376582707,0.20774588679478853,False,181.03711673948015
2020-05-11 06:00:00,-176278.32396,713707.55723,1.1641532182693481e-10,13.873790168234143,83.41421745147464,-0.004774264102888379,-0.2117875859323888,0.21184139150032294,False,181.2913828738914
2020-05-11 06:30:00,-176361.77895,714083.04845,2.3283064365386963e-10,13.87308781818929,83.41076842506351,-0.00435259597492163,-0.21581096747647444,0.21585485580559174,False,181.15541659550928
2020-05-11 07:00:00,-176449.39529,714465.57043,1.1999816708318134e-10,13.872569493738172,83.40724922245764,-0.0049984997693381245,-0.21958453500861488,0.21964141916973148,False,181.3040239327005
2020-05-11 07:30:00,-176533.84314,714854.8093,2.9103830456733704e-11,13.871687054151902,83.40367833867315,-0.0062978557130299664,-0.22372876899920385,0.2238173922296506,False,181.61242244267333
2020-05-11 08:00:00,-176620.4832,715252.93952,2.9103830456733704e-11,13.870805313929047,83.40002531083748,-0.007840025762599352,-0.22814015275041122,0.2282748240628808,False,181.96819226913289
2020-05-11 08:30:00,-176703.33622,715658.92985,2.9103830456733704e-11,13.869492327006164,83.39631197366606,-0.011420691895577033,-0.23174000183012722,0.23202125043107813,False,182.82138799230307
2020-05-11 09:00:00,-176780.54981,716072.73554,2.9103830456733704e-11,13.867609986295314,83.39254269516911,-0.015532081153332357,-0.2344251026109586,0.23493908631624533,False,183.79065165472815
2020-05-11 09:30:00,-176851.32314,716491.66323,1.1641532182693481e-10,13.865149059019346,83.388742643063,-0.01996363577122129,-0.2347304765183097,0.2355778923407685,False,184.86126079746032
2020-05-11 10:00:00,-176913.27566,716910.36567,0.0,13.862030647828878,83.38496348764224,-0.024037138423342264,-0.2344460829296436,0.23567509377241425,False,185.85393041430098
2020-05-11 10:30:00,-176969.5206,717331.82,1.1641532182693481e-10,13.858434947714121,83.38117260312718,-0.0284790172400271,-0.23435013603221472,0.23607422705851502,False,186.92880123496718
2020-05-11 11:00:00,-177015.81238,717754.02467,2.9103830456733704e-11,13.854080465151979,83.37739652730347,-0.03279277461100533,-0.23323004693543647,0.23552414071639047,False,188.0034760045612
2020-05-11 11:30:00,-177055.94991,718175.29032,1.1999816708318134e-10,13.84928549999546,83.37364179597806,-0.033488149019860525,-0.2308953655322901,0.23331122122406853,False,188.2524095274174
2020-05-11 12:00:00,-177097.72867,718589.94093,2.346425826049686e-10,13.844741870830603,83.36994109630193,-0.03202923431261977,-0.22797929679461626,0.23021822607608727,False,187.99724800850504
2020-05-11 12:30:00,-177140.38737,718999.76343,5.820766091346741e-11,13.840358777305397,83.3662805067723,-0.030016938763354477,-0.22497092037361488,0.22696460434718524,False,187.59985215170968
2020-05-11 13:00:00,-177186.54623,719402.17183,1.3015628661377063e-10,13.83638044816755,83.36267693293918,-0.02638755823318224,-0.22117244706864994,0.22274100334658714,False,186.80366289947546
2020-05-11 13:30:00,-177238.56491,719795.59811,2.346425826049686e-10,13.8330121911504,83.35913898075067,-0.021767516183402284,-0.21824051121985297,0.21932338110264818,False,185.69589731348344
2020-05-11 14:00:00,-177298.30313,720183.78681,1.1641532182693481e-10,13.830323284194122,83.35563006336858,-0.016718836290775307,-0.21443257549520486,0.2150833534247234,False,184.45820673069227
2020-05-11 14:30:00,-177364.65644,720559.56246,0.0,13.828362232969209,83.35221505356472,-0.01246351965166051,-0.20983568001497588,0.21020549928452079,False,183.399179150093
2020-05-11 15:00:00,-177435.28824,720928.02481,2.3283064365386963e-10,13.826858682264778,83.34885455329828,-0.010403759508486814,-0.2067719329340213,0.20703350081854346,False,182.88041631510998
2020-05-11 15:30:00,-177506.18636,721291.32204,0.0,13.825471799389758,83.3455384571176,-0.010286771996557628,-0.20286459845648827,0.20312523965529589,False,182.90284379738614
2020-05-11 16:00:00,-177573.84802,721646.0283,0.0,13.82400226372834,83.34230411096561,-0.011383780667426194,-0.1968847849164863,0.1972136125978507,False,183.3091292735113
2020-05-11 16:30:00,-177635.74914,721989.36894,0.0,13.822312351729565,83.33918108963451,-0.012303163121446928,-0.19046217364289322,0.19085912975691924,False,183.69596380012564
2020-05-11 17:00:00,-177694.65231,722322.41793,2.9103830456733704e-11,13.820589156001214,83.33615411823445,-0.014800817739704174,-0.18162185318696403,0.18222393300779965,False,184.6588809054423
2020-05-11 17:30:00,-177740.19938,722637.00636,2.346425826049686e-10,13.818208456575386,83.3333165371977,-0.020366415826863122,-0.17051390337075448,0.17172589244596662,False,186.81121908075318
2020-05-11 18:00:00,-177770.0684,722936.01388,2.9103830456733704e-11,13.814944436306597,83.33064822934276,-0.024848446658572335,-0.16172249872395236,0.16362032848904406,False,188.7351084998961
2020-05-11 18:30:00,-177792.35459,723223.72599,0.0,13.811323980447451,83.3280945170823,-0.028080331019328615,-0.15412014763720597,0.15665734868773068,False,190.32589207434353
2020-05-11 19:00:00,-177804.3546,723498.93716,1.1999816708318134e-10,13.80716754571176,83.32567168035074,-0.030791597010171024,-0.14723630994605968,0.15042158559518287,False,191.81205403711402
2020-05-11 19:30:00,-177811.20713,723764.91543,1.3015628661377063e-10,13.802799174220333,83.32334024346018,-0.032374095822297826,-0.14020973131018022,0.14389875202511054,False,193.00160180967896
2020-05-11 20:00:00,-177811.59833,724016.92202,2.346425826049686e-10,13.798207709590823,83.32114428954924,-0.03536355973000804,-0.13203820253086532,0.1366918735125086,False,194.99353410192447
2020-05-11 20:30:00,-177800.94169,724256.89909,1.1641532182693481e-10,13.793015304122854,83.31907670317536,-0.040477082279702745,-0.12416063869356003,0.13059195377461272,False,198.05626629641964
2020-05-11 21:00:00,-177776.6492,724485.75221,2.9103830456733704e-11,13.787012592309583,83.31713510921776,-0.04467522966778373,-0.11681660479029513,0.12506796272667603,False,200.92880529333598
2020-05-11 21:30:00,-177744.9649,724703.65054,2.3283064365386963e-10,13.780662495986796,83.31530466394241,-0.04794969004154422,-0.11009224345953199,0.12008111777058468,False,203.53510180539513
2020-05-11 22:00:00,-177703.40775,724911.79456,1.1999816708318134e-10,13.773758061325479,83.31358019444266,-0.04984863807820069,-0.10382955111742923,0.11517578913772758,False,205.64569397687447
2020-05-11 22:30:00,-177659.66461,725109.41433,2.9103830456733704e-11,13.766886445042228,83.31195197789566,-0.05042500458121039,-0.0981022876335753,0.11030294613452457,False,207.20336201448933
2020-05-11 23:00:00,-177611.13694,725298.01606,0.0,13.759826176365301,83.31041243741669,-0.05094932287299145,-0.0926958051148167,0.10577497713117412,False,208.7949555270406
2020-05-11 23:30:00,-177560.88343,725477.16865,1.1641532182693481e-10,13.75281287960144,83.30895879873925,-0.05024899966091463,-0.08747616835819391,0.10088132630746725,False,209.87438364515162
2020-05-12 00:00:00,-177510.29245,725646.90695,2.9103830456733704e-11,13.74594905293346,83.30758780132726,-0.048400645684334456,-0.0827273787575854,0.09584592687621878,False,210.3302806588724
2020-05-12 00:30:00,-177462.39842,725807.86033,5.820766091346741e-11,13.739448915525225,83.30628750366141,-0.046590815384508426,-0.07808345668010512,0.09092706024780083,False,210.82367087494885
2020-05-12 01:00:00,-177414.12821,725959.80026,1.1999816708318134e-10,13.733087334825697,83.3050664554038,-0.04531416501030809,-0.07378358031988941,0.08658747181551729,False,211.5561542156031
2020-05-12 01:30:00,-177366.98916,726104.61486,1.1641532182693481e-10,13.726941909589126,83.3039050018842,-0.043066107631764355,-0.07091785193219345,0.08297006296988828,False,211.26895001394595
2020-05-12 02:00:00,-177324.10089,726244.60217,5.820766091346741e-11,13.721202857376992,83.30277648995707,-0.04040120733022817,-0.06784486953207208,0.07896318050562531,False,210.77354132981122
2020-05-12 02:30:00,-177283.62911,726376.38514,1.1999816708318134e-10,13.715794694899287,83.3017142619603,-0.03928278007712374,-0.06329138485949695,0.07449118208231514,False,211.82644816455894
2020-05-12 03:00:00,-177240.73994,726499.48482,1.3015628661377063e-10,13.710365991905853,83.30073277907532,-0.03919158011498508,-0.057059219881328324,0.06922235567629195,False,214.48353653370222
2020-05-12 03:30:00,-177195.24538,726609.38556,0.0,13.704984528986293,83.29987179059256,-0.03788569508217834,-0.051097637527258176,0.06361049011544287,False,216.5546172650233
2020-05-12 04:00:00,-177151.8169,726710.51247,2.9103830456733704e-11,13.69991737326569,83.29908281233126,-0.03870293009283962,-0.046838052953300124,0.060759526020430554,False,219.5673928111906
2020-05-12 04:30:00,-177099.81356,726806.2039,2.9103830456733704e-11,13.694311883008323,83.29835935822929,-0.04337856108600041,-0.04133257929622648,0.05991729026892587,False,226.38356460194672
2020-05-12 05:00:00,-177035.3199,726892.05009,0.0,13.687956638880154,83.29774815092993,-0.05097060851183796,-0.03386129291102805,0.06119305589422289,False,236.40272832522817
2020-05-12 05:30:00,-176950.37664,726968.06339,0.0,13.680259084020378,83.29726593838744,-0.05732054842591598,-0.02644554403913036,0.06312695202030083,False,245.23317753719283
2020-05-12 06:00:00,-176857.33611,727033.35659,2.9103830456733704e-11,13.672154196555361,83.29689420233777,-0.06592512368205027,-0.018646422782504033,0.06851139332313648,False,254.20684545285715
2020-05-12 06:30:00,-176735.63773,727089.38524,1.1999816708318134e-10,13.662085508497581,83.29666379793883,-0.07907106412597063,-0.010628725412795092,0.0797822222422637,False,262.34419648535896
2020-05-12 07:00:00,-176589.77207,727137.7717,1.1999816708318134e-10,13.6503574039221,83.29655095751615,-0.09255452175155174,-0.004456417097609602,0.09266174588257191,False,267.24338860983346
2020-05-12 07:30:00,-176415.63904,727183.60827,2.9103830456733704e-11,13.63657232457334,83.29651984392866,-0.10565286039470394,0.0011387727335388405,0.10565899731173609,False,270.6175350549895
2020-05-12 08:00:00,-176219.17705,727223.46001,1.1641532182693481e-10,13.62123365607867,83.29658768291365,-0.1189498657587931,0.008266226039461564,0.11923674373686313,False,273.97528522929906
2020-05-12 08:30:00,-175992.45554,727255.53353,1.1641532182693481e-10,13.603782742203286,83.29678669448684,-0.1315731067546332,0.015085967684579607,0.1324351495715782,False,276.5408813631901
2020-05-12 09:00:00,-175746.02833,727282.08271,2.3283064365386963e-10,13.584963400694498,83.29707476700872,-0.14329012085745657,0.023414047042158,0.14519048293272152,False,279.2802905028242
2020-05-12 09:30:00,-175471.24429,727294.76635,0.0,13.564280488654925,83.29754267255338,-0.15633740440077246,0.03150754332337989,0.15948074899825787,False,281.3945035927526
2020-05-12 10:00:00,-175172.30927,727303.8197,1.1999816708318134e-10,13.541861562422474,83.2980920873618,-0.166980407700022,0.034416033693993986,0.17049023412175754,False,281.6460481331118
2020-05-12 10:30:00,-174857.8154,727315.07101,0.0,13.518240909055361,83.2986539293748,-0.1728508141257943,0.03252600715540967,0.17588446516228673,False,280.6569495151357
2020-05-12 11:00:00,-174539.91458,727335.42711,0.0,13.494199787629013,83.29914234991838,-0.1759332134754918,0.029428002453634514,0.1783774171026817,False,279.4958434186469
2020-05-12 11:30:00,-174217.21968,727359.84736,0.0,13.469725497337212,83.29960415435956,-0.18072771825395387,0.024905845423567954,0.1824357675499604,False,277.8464327827154
2020-05-12 12:00:00,-173886.30642,727399.78223,0.0,13.44435913347171,83.29994652781772,-0.18700278431756176,0.01533161255502406,0.18763022060973517,False,274.68696975727175
2020-05-12 12:30:00,-173549.62558,727462.68806,5.820766091346741e-11,13.418151982972862,83.30009917610334,-0.19066839866642984,0.0036402019116074102,0.1907031444942057,False,271.09374638014197
2020-05-12 13:00:00,-173215.59639,727546.31997,1.1999816708318134e-10,13.391773504793335,83.30006406268876,-0.18949886154225354,-0.008197835164440448,0.18967610030574097,False,267.52289449857017
2020-05-12 13:30:00,-172892.81444,727649.39999,0.0,13.365889199659994,83.29983448998286,-0.18712126946843538,-0.019718211463213717,0.18815732074725877,False,263.98456308158677
2020-05-12 14:00:00,-172576.6158,727771.1065,1.1641532182693481e-10,13.340168151757863,83.29942735956284,-0.18401039556294232,-0.030507947831070192,0.18652227898053844,False,260.5862945450011
2020-05-12 14:30:00,-172273.5923,727909.11061,1.1641532182693481e-10,13.31514479145459,83.29884940777433,-0.18652872999872971,-0.04167070528767711,0.19112669827659204,False,257.4068475540477
2020-05-12 15:00:00,-171957.7131,728071.74027,2.9103830456733704e-11,13.288733958788809,83.29808171624354,-0.19392770972557932,-0.05144613063817582,0.2006356422898205,False,255.14251118855097
2020-05-12 15:30:00,-171636.71704,728249.83089,1.1999816708318134e-10,13.261676172259122,83.29718814738632,-0.19793088674885298,-0.05843159445875076,0.20637559729817664,False,253.55276142344815
2020-05-12 16:00:00,-171312.41873,728439.94276,2.9103830456733704e-11,13.234168747967084,83.29619490057651,-0.20429919098818525,-0.06780161242967632,0.21525616852134816,False,251.64033063086157
2020-05-12 16:30:00,-170976.65126,728655.80822,0.0,13.2053642729775,83.2949987174516,-0.21785961096932188,-0.08267740331611301,0.2330200916461915,False,249.21831959572924
2020-05-12 17:00:00,-170616.856,728908.87695,1.1999816708318134e-10,13.174130419638379,83.29352504598305,-0.23956184119955673,-0.09405017299944698,0.25736221711849533,False,248.565402361689
2020-05-12 17:30:00,-170214.09229,729182.03388,0.0,13.139359021370383,83.29196153689378,-0.26159416663459223,-0.09652745938736668,0.27883518148366165,False,249.74609111022727
2020-05-12 18:00:00,-169778.76524,729461.35471,1.1999816708318134e-10,13.10207066729334,83.29040792278713,-0.2664768348387746,-0.10113368474877057,0.2850226757585355,False,249.21717010286784
2020-05-12 18:30:00,-169362.28114,729754.10143,2.9103830456733704e-11,13.065971281183169,83.28869594736864,-0.27212752556128633,-0.11426920431086274,0.29514545773558204,False,247.22195362778652
2020-05-12 19:00:00,-168917.4685,730083.54795,1.1641532182693481e-10,13.027147463400146,83.28671787613915,-0.2952765374691919,-0.12257681361983566,0.31970816194928,False,247.45541716604725
2020-05-12 19:30:00,-168426.11286,730423.63368,0.0,12.984697186008052,83.28473754481375,-0.3160558860441121,-0.12348284892427705,0.33932187828312016,False,248.6594417261439
2020-05-12 20:00:00,-167908.64442,730772.37288,2.346425826049686e-10,12.940179158268274,83.28273033004525,-0.3278306193194793,-0.12537879455805528,0.3509882577640232,False,249.07065058265837
2020-05-12 20:30:00,-167376.96977,731127.81896,1.1999816708318134e-10,12.894515537028365,83.28068885082564,-0.3321564735404134,-0.1291393176617659,0.3563774491756596,False,248.75438594126786
2020-05-12 21:00:00,-166846.78115,731492.39352,1.1641532182693481e-10,12.848835267348814,83.27856030502774,-0.33265392917179437,-0.13434512161617418,0.3587579243661355,False,248.00826118877342
2020-05-12 21:30:00,-166316.95438,731865.66265,1.3015628661377063e-10,12.80306376186637,83.27635071366721,-0.33239521791782484,-0.13810500531667505,0.35994384754869346,False,247.43788090088125
2020-05-12 22:00:00,-165790.08436,732242.38283,1.1999816708318134e-10,12.757484239867685,83.2741007788704,-0.3352881462125674,-0.14752440511255288,0.3663080549134466,False,246.25084613606998
2020-05-12 22:30:00,-165256.99199,732650.18362,5.820766091346741e-11,12.710950397770132,83.27158691158088,-0.3473613227834005,-0.16334761229729686,0.38385196496704527,False,244.81461596442816
2020-05-12 23:00:00,-164699.62074,733091.17356,2.9103830456733704e-11,12.662090075890143,83.26882588445334,-0.36632803394504015,-0.17515627609129178,0.4060491959211437,False,244.44564705522242
2020-05-12 23:30:00,-164108.50385,733554.48849,1.1999816708318134e-10,12.610388099688238,83.2659306286451,-0.3891735711257267,-0.1786032002022262,0.4281999201135231,False,245.34821751087367
2020-05-13 00:00:00,-163472.76619,734024.5068,1.1641532182693481e-10,12.555301160909174,83.26305820936587,-0.4193988509358576,-0.16837697454194178,0.4519360593294315,False,248.1259117687769
2020-05-13 00:30:00,-162766.54076,734474.36122,1.1999816708318134e-10,12.495352371755397,83.26049295822502,-0.4464902149571934,-0.1467651445440606,0.4699931060191838,False,251.80386440714759
2020-05-13 01:00:00,-162017.78917,734888.1166,1.1641532182693481e-10,12.432879214836367,83.25831866106016,-0.4681467016173972,-0.12232020197153815,0.4838631687219086,False,255.35678598662253
2020-05-13 01:30:00,-161215.54152,735267.23118,1.1641532182693481e-10,12.36703382533093,83.25654263555387,-0.48182306406775943,-0.10241576232889142,0.4925875084094725,False,257.9998738816487
2020-05-13 02:00:00,-160402.44053,735619.75515,1.1641532182693481e-10,12.30084729788817,83.25501147355997,-0.4803952902985914,-0.08755527147264856,0.48830887817417074,False,259.6708328872192
2020-05-13 02:30:00,-159592.97335,735943.6386,2.9103830456733704e-11,12.235422853847833,83.25371546015262,-0.47291379271508915,-0.07013107159779775,0.4780855807735951,False,261.56475984658096
2020-05-13 03:00:00,-158792.12895,736227.29912,2.9103830456733704e-11,12.171309897646005,83.25274701930948,-0.4574397234578736,-0.05564236927136136,0.4608114298228142,False,263.06468734078146
2020-05-13 03:30:00,-158025.44037,736486.64848,0.0,12.110143527211406,83.25191907015044,-0.4391786468528602,-0.03972388044248887,0.4409715076157624,False,264.83163829973387
2020-05-13 04:00:00,-157276.27164,736698.81232,2.9103830456733704e-11,12.051044592297009,83.25146453513578,-0.4224559161396629,-0.021012781736325925,0.42297817683386496,False,267.15247846746075
2020-05-13 04:30:00,-156553.909,736878.15327,2.9103830456733704e-11,11.994466664772816,83.25124083778539,-0.40462621596527437,-0.003961448467724241,0.4046456075633829,False,269.43906989349375
2020-05-13 05:00:00,-155854.38314,737015.48005,0.0,11.940252897132469,83.25133688391317,-0.3914922558332014,0.009664521455646669,0.3916115286254166,False,271.41413741371116
2020-05-13 05:30:00,-155167.832,737135.70099,0.0,11.887271322256213,83.25155305481645,-0.3804650428865051,0.014519959553460679,0.3807420098755381,False,272.18555915877573
2020-05-13 06:00:00,-154503.31465,737246.46397,2.9103830456733704e-11,11.836074284873936,83.2518059452546,-0.37183548175866465,0.01743062991419215,0.3722438076770435,False,272.6839045729014
2020-05-13 06:30:00,-153844.8143,737348.84983,2.9103830456733704e-11,11.785451648393813,83.25211597458514,-0.3684134141795152,0.017655334480362772,0.3688362164742238,False,272.74366456401583
2020-05-13 07:00:00,-153192.00366,737455.1357,1.1999816708318134e-10,11.735187837078135,83.25237609803035,-0.36276711467281264,0.016422411790287424,0.36313864445559546,False,272.5920014936381
2020-05-13 07:30:00,-152554.12531,737556.58264,0.0,11.686107150442131,83.25264639815954,-0.35234595853842965,0.014285997937014475,0.35263545515932054,False,272.32180695379657
2020-05-13 08:00:00,-151939.43355,737661.69558,1.1999816708318134e-10,11.638693983151828,83.2528375783689,-0.3483324211572883,0.005407430659029627,0.3483743904704114,False,270.88937478039975
2020-05-13 08:30:00,-151321.98452,737790.49671,0.0,11.5907105938534,83.25282095564131,-0.34946718576319064,-0.003572884999663614,0.34948544952896854,False,269.4142394267936
2020-05-13 09:00:00,-150709.59099,737927.06835,1.1641532182693481e-10,11.542986002837228,83.25272223043359,-0.3403739985778234,-0.008058339943727913,0.34046937564266305,False,268.64377820743607
2020-05-13 09:30:00,-150127.22593,738064.11557,2.3283064365386963e-10,11.497494136229733,83.25256095479268,-0.3327625383906622,-0.004403262146956369,0.3327916700786421,False,269.2418809675854
2020-05-13 10:00:00,-149538.84416,738181.38251,1.1641532182693481e-10,11.45185463749107,83.25258002913115,-0.33436738662869936,-6.279860289862271e-05,0.33436739252590203,False,269.9892390974509
2020-05-13 10:30:00,-148947.51207,738303.32957,0.0,11.405924496815457,83.25255889955314,-0.3381185540186746,0.0033925107340519525,0.3381355729596636,False,270.5748576125236
2020-05-13 11:00:00,-148343.24147,738410.12786,1.1641532182693481e-10,11.359256673724396,83.25268950773658,-0.32957080054054605,-0.0008070426325642588,0.3295717886693993,False,269.8596961738366
2020-05-13 11:30:00,-147784.87032,738539.86242,2.3283064365386963e-10,11.31566862763064,83.2525331250465,-0.3179500677140061,-0.01134503988481013,0.31815240921503174,False,267.9564487881891
2020-05-13 12:00:00,-147228.88527,738674.76694,0.0,11.272183759526246,83.2523231698451,-0.31460073773104164,-0.01453790594538431,0.31493646167154493,False,267.3542067640237
2020-05-13 12:30:00,-146684.38538,738812.57137,0.0,11.229515577334189,83.25206374816975,-0.3024052373979603,-0.01639666931750429,0.30284943184761687,False,266.8964131079808
2020-05-13 13:00:00,-146172.56392,738944.66991,1.1641532182693481e-10,11.189373302289667,83.25179391369223,-0.2866129981772148,-0.017213099843499287,0.2871294159962619,False,266.56311888794164
2020-05-13 13:30:00,-145684.21691,739073.5852,2.9103830456733704e-11,11.151032844175143,83.25150805854018,-0.27384308590317835,-0.016133941316844563,0.2743179537678693,False,266.628217328246
2020-05-13 14:00:00,-145216.57345,739192.31204,2.9103830456733704e-11,11.114390138867115,83.25127305702962,-0.26171204712651663,-0.012287264373623506,0.2620003291542577,False,267.3119624853224
2020-05-13 14:30:00,-144768.25144,739298.60905,0.0,11.079373765628912,83.25111140537756,-0.24244129528522987,-0.0068911924132482524,0.24253921372111445,False,268.3718534486932
2020-05-13 15:00:00,-144364.81928,739384.38061,0.0,11.048008999851929,83.25105078016524,-0.21605825827615466,-0.004344173186901813,0.21610192690025545,False,268.8481381928434
2020-05-13 15:30:00,-144007.85382,739463.01104,0.0,11.020217452140294,83.25097134343663,-0.1911399185217947,-0.004373220073921005,0.19118994091304403,False,268.68931960144994
2020-05-13 16:00:00,-143692.41382,739531.3686,0.0,10.99567574998375,83.25090973775019,-0.16761166306878234,0.0011168630431357407,0.16761538407837193,False,270.38177887162715
2020-05-13 16:30:00,-143414.76245,739574.15397,2.3283064365386963e-10,10.97432610901187,83.25100755929064,-0.14593076436908042,0.009504642477710008,0.14623996108442167,False,273.7264781902402
2020-05-13 17:00:00,-143170.15657,739597.78818,1.1641532182693481e-10,10.95572016123265,83.25121676889515,-0.1263528145875065,0.01387425025084883,0.12711226759918956,False,276.266294747791
2020-05-13 17:30:00,-142958.69012,739611.5652,2.3283064365386963e-10,10.93973009973579,83.25145567149995,-0.10760739060979335,0.018831869346422635,0.10924280212869576,False,279.9265430801074
2020-05-13 18:00:00,-142776.94397,739604.74226,0.0,10.926255517548212,83.25182495263486,-0.0967865611944729,0.021957423210773742,0.099245991666709,False,282.7820166791605
2020-05-13 18:30:00,-142601.59194,739599.99505,1.1641532182693481e-10,10.913227160911788,83.2521647195302,-0.08294218237488696,0.023572767295801815,0.08622691560696713,False,285.86553266508906
2020-05-13 19:00:00,-142467.68589,739577.94507,2.346425826049686e-10,10.903542406245602,83.25258622818731,-0.06358181835331532,0.02781912703389034,0.06940137933817823,False,293.6309520829059
2020-05-13 19:30:00,-142357.88585,739544.95099,2.3283064365386963e-10,10.89581467745028,83.25306307264184,-0.04969575328892586,0.03081803045902645,0.058475797526218204,False,301.80446180053286
2020-05-13 20:00:00,-142271.03516,739502.81745,2.346425826049686e-10,10.889931840763337,83.2535814105414,-0.04157240185147897,0.03577409521388904,0.0548456970424595,False,310.7128213020047
2020-05-13 20:30:00,-142186.58954,739446.75777,1.3015628661377063e-10,10.884427897998046,83.25421827137498,-0.051351689034120566,0.05181360504558309,0.07294961024211638,False,315.25653647699215
2020-05-13 21:00:00,-142054.27281,739354.55211,0.0,10.875864453669477,83.2552544974785,-0.06360630514615101,0.06645526847801154,0.09198948180542094,False,316.2548477651726
2020-05-13 21:30:00,-141916.57973,739255.02081,0.0,10.867001624832648,83.2563641952532,-0.07064245441192413,0.07090140830851578,0.1000867926625269,False,315.10482226869226
2020-05-13 22:00:00,-141756.39913,739151.8298,0.0,10.85650708096353,83.25754396462264,-0.08020186697591726,0.07427263225766041,0.10931039918006148,False,312.8018803075646
2020-05-13 22:30:00,-141582.65935,739046.80661,1.3015628661377063e-10,10.845021139989946,83.25876253218378,-0.08501081887142466,0.07733208136546363,0.11492210463398614,False,312.2919567676818
2020-05-13 23:00:00,-141403.44515,738935.98871,0.0,10.833204515741073,83.26004110790733,-0.09035796471519342,0.07833393537186645,0.11958581528892082,False,310.9229638932627
2020-05-13 23:30:00,-141210.16535,738830.96833,0.0,10.820248172545654,83.26129200378277,-0.09707184539404472,0.07962799640991386,0.1255530205947375,False,309.3620154621111
2020-05-14 00:00:00,-141006.38516,738720.0278,2.9103830456733704e-11,10.806585808195328,83.26261237421608,-0.0968518694306173,0.07719243587973044,0.12385054206280906,False,308.5553866088039
2020-05-14 00:30:00,-140815.57869,738623.37679,0.0,10.793685291035187,83.26378466128564,-0.09351682091997537,0.06927842836495345,0.11638254350071892,False,306.5315094839155
2020-05-14 01:00:00,-140628.9745,738538.08536,1.3015628661377063e-10,10.780932960571317,83.26484946051475,-0.09453959157957267,0.06354090963276207,0.11390865451312839,False,303.90540259301946
2020-05-14 01:30:00,-140438.45517,738462.32958,2.9103830456733704e-11,10.767747641829207,83.26583645965053,-0.09197874776847176,0.059666669318586364,0.10963667939439649,False,302.9714991458717
2020-05-14 02:00:00,-140263.55051,738388.93068,0.0,10.755694372880052,83.26677619495554,-0.08378660743136974,0.05513697088369618,0.10030095285234346,False,303.3474852599587
2020-05-14 02:30:00,-140105.07938,738323.61467,0.0,10.744753826652149,83.26761692096107,-0.07561369867803527,0.05803398042889932,0.09531722988103768,False,307.5064612689779
2020-05-14 03:00:00,-139957.16347,738234.42038,1.1999816708318134e-10,10.73494046123662,83.26865020068843,-0.06815314298537002,0.05979499046091218,0.09066582477981916,False,311.26249007130184
2020-05-14 03:30:00,-139823.92592,738157.82048,2.3283064365386963e-10,10.726045213377489,83.26954778434381,-0.060533322453295624,0.056561004899530615,0.08284582308408427,False,313.0570384015223
2020-05-14 04:00:00,-139705.15463,738074.91614,1.1641532182693481e-10,10.718321175787167,83.27047663648199,-0.05288261859894866,0.059394279129347034,0.07952516421345296,False,318.3192331465649
2020-05-14 04:30:00,-139597.10363,737983.13805,5.820766091346741e-11,10.711524371819555,83.27146570244821,-0.04469685423884422,0.0632358746495319,0.07743761761275846,False,324.74628005127903
2020-05-14 05:00:00,-139504.73788,737881.14085,2.9103830456733704e-11,10.706046315963105,83.27251860544801,-0.03962917457424824,0.06352551105442883,0.0748729726414185,False,328.042812131982
2020-05-14 05:30:00,-139414.43779,737784.92993,2.9103830456733704e-11,10.700639450006202,83.2735170071293,-0.04195632297187746,0.057912621011309166,0.07151366799234968,False,324.0775598734367
2020-05-14 06:00:00,-139317.61057,737704.32608,2.9103830456733704e-11,10.694520440782954,83.27438865394417,-0.046264214447373976,0.05117748903944165,0.0689892232367837,False,317.88656371992465
2020-05-14 06:30:00,-139216.58981,737634.79844,2.399963341663627e-10,10.68792852036602,83.2751695728661,-0.046655450157163526,0.0461811166356311,0.06564622276324307,False,314.70725896791606
2020-05-14 07:00:00,-139121.7317,737572.10794,1.1641532182693481e-10,10.68170061350671,83.27587989215647,-0.04769259686813406,0.04009073729589592,0.06230450234898671,False,310.05064856102047
2020-05-14 07:30:00,-139021.12021,737524.79651,2.9103830456733704e-11,10.674822277033774,83.27646413275643,-0.05073777680213607,0.03294595528360325,0.06049593345318809,False,302.99718638248567
2020-05-14 08:00:00,-138920.26684,737489.3893,0.0,10.667756353864576,83.27694374584414,-0.05195357786159981,0.02575936875758046,0.057988958702586885,False,296.3729088850264
2020-05-14 08:30:00,-138820.15352,737468.28782,1.1641532182693481e-10,10.660542891793263,83.27729592500647,-0.05286670881181349,0.018088351074304204,0.055875552303134866,False,288.88838846719216
2020-05-14 09:00:00,-138721.18535,737460.60245,1.1999816708318134e-10,10.65322523233741,83.27752783416199,-0.0488856443146634,0.009420671682028064,0.049785090890751095,False,280.90766252125525
2020-05-14 09:30:00,-138640.92896,737467.49192,1.1641532182693481e-10,10.647105626610037,83.27760014382396,-0.041269301224635783,-0.00011985516613503312,0.04126947526720656,False,269.83360086888854
2020-05-14 10:00:00,-138575.25339,737488.47611,1.1999816708318134e-10,10.64188132765098,83.27752397433841,-0.04023293819677512,-0.008250017263180889,0.04107008766472637,False,258.411778400202
2020-05-14 10:30:00,-138504.06622,737523.42847,2.3283064365386963e-10,10.636046701559081,83.27733373612206,-0.04409759587445135,-0.016359154116193732,0.04703424162569018,False,249.64634992501868
2020-05-14 11:00:00,-138430.09934,737575.65794,1.1999816708318134e-10,10.629760492205664,83.27699571626134,-0.04386430715632922,-0.024334826083392835,0.05016234845791982,False,240.97957692077767
2020-05-14 11:30:00,-138365.02438,737638.65916,2.9103830456733704e-11,10.62399051236632,83.27654794795305,-0.040300360598176085,-0.03605331751967307,0.05407366057996618,False,228.18369928483443
2020-05-14 12:00:00,-138311.43381,737729.97263,2.9103830456733704e-11,10.61868471560899,83.2758315254723,-0.032585787803042075,-0.04700555551436074,0.0571957674654212,False,214.73096507501276
2020-05-14 12:30:00,-138280.90691,737826.59804,1.1999816708318134e-10,10.615035613797067,83.27503010835648,-0.03801576745380934,-0.04161113776087026,0.05636209152308165,False,222.41469645457497
2020-05-14 13:00:00,-138204.51364,737902.41949,0.0,10.608239113013719,83.27448782743919,-0.036883135900190295,-0.03688641965944757,0.05216295303301747,False,224.9974495502267
2020-05-14 13:30:00,-138174.84284,737981.5633,2.3283064365386963e-10,10.604901705357939,83.27383904528004,-0.022218826153160898,-0.03984380747942165,0.0456202282993148,False,209.14614266141032
2020-05-14 14:00:00,-138152.28971,738058.12781,2.9103830456733704e-11,10.602134994409624,83.27320123458446,-0.02520578149912453,-0.04420180281240263,0.05088350216767841,False,209.69366028048364
2020-05-14 14:30:00,-138114.92847,738154.66848,1.3015628661377063e-10,10.597977937050281,83.272411714376,-0.03597687613641319,-0.05136327997678088,0.06270982495995342,False,215.00892152499347
2020-05-14 15:00:00,-138058.9899,738263.70172,1.1999816708318134e-10,10.592253605532937,83.27154264561277,-0.04799827148862555,-0.05697963053835833,0.07450176079921617,False,220.1099812456761
2020-05-14 15:30:00,-137982.78513,738388.06252,1.3015628661377063e-10,10.584796460049892,83.27057175922363,-0.05473789372241011,-0.06430217550648828,0.08444528870240829,False,220.40643439079554
2020-05-14 16:00:00,-137907.80869,738527.44798,1.1999816708318134e-10,10.577223217279455,83.2694662583503,-0.05446797639060874,-0.07227687888467002,0.09050252854698132,False,217.00174007588205
2020-05-14 16:30:00,-137837.79408,738679.83155,0.0,10.569842577314734,83.26823786365284,-0.05337445159028914,-0.07851807714057166,0.0949416690416641,False,214.20679888185003
2020-05-14 17:00:00,-137770.7714,738840.56328,1.1999816708318134e-10,10.562572190215944,83.26693082475096,-0.0545016757291882,-0.07811692739171275,0.09525065355372478,False,214.90323256308108
2020-05-14 17:30:00,-137696.46309,738992.25366,0.0,10.554884943549718,83.26571537385115,-0.06981344161302727,-0.06909554826050512,0.09822480042878866,False,225.29610677524573
2020-05-14 18:00:00,-137569.25977,739131.13614,2.9103830456733704e-11,10.543416167030928,83.26469957598329,-0.07980494578939867,-0.061677327723019024,0.10086090485168944,False,232.30132311150015
2020-05-14 18:30:00,-137454.64457,739263.11317,2.9103830456733704e-11,10.532990052544797,83.26372376454135,-0.07142425364157656,-0.060295457832404226,0.09347174034688505,False,229.82936292294505
2020-05-14 19:00:00,-137356.14469,739391.54552,2.3283064365386963e-10,10.523823403793894,83.2627525896975,-0.07008665214543319,-0.05553224396016011,0.08942018188421277,False,231.6089141755601
2020-05-14 19:30:00,-137243.09029,739505.74982,1.3015628661377063e-10,10.513767072511067,83.26193054425056,-0.07006750134615437,-0.04803896641088193,0.08495408782818627,False,235.56508237512253
2020-05-14 20:00:00,-137139.69329,739607.60955,2.9103830456733704e-11,10.504607876777154,83.26120137087356,-0.06434672721898886,-0.04371275027592292,0.07779013973814522,False,235.81050250428711
2020-05-14 20:30:00,-137044.01454,739702.71116,2.3283064365386963e-10,10.496122419739269,83.26051901811407,-0.06591573625960123,-0.03945939825786516,0.07682400925178352,False,239.09382837107776
2020-05-14 21:00:00,-136932.24507,739790.51452,2.9103830456733704e-11,10.48653492820755,83.25992715753937,-0.07590442994089305,-0.03141033929439872,0.08214677047359312,False,247.51952820069152
2020-05-14 21:30:00,-136795.90315,739863.63353,1.1999816708318134e-10,10.47531245168759,83.259504704051,-0.0865369934819734,-0.020793609649686087,0.08900014293900109,False,256.48878509047995
2020-05-14 22:00:00,-136639.514,739920.76432,1.1641532182693481e-10,10.462811336740113,83.25925567456927,-0.0948046331582785,-0.012184276374529724,0.09558438710922763,False,262.6765010461103
2020-05-14 22:30:00,-136468.24669,739968.74616,1.1641532182693481e-10,10.449323387564258,83.25911123202597,-0.09840512603532646,-0.008957813251570763,0.0988119995156383,False,264.79870347181054
2020-05-15 02:00:00,-134950.68724,739985.555,2.3283064365386963e-10,10.3354127560942,83.26141841215974,-0.1302233948423304,0.04653306345970029,0.13828759365614102,False,289.6634648275392
2020-05-15 02:30:00,-134705.06114,739945.20869,0.0,10.317555910345455,83.26216938913818,-0.12353429414528666,0.046779652636979294,0.13209488154660137,False,290.74054733801495
2020-05-15 03:00:00,-134482.9926,739899.52296,2.3283064365386963e-10,10.301533730296677,83.26292904767361,-0.1156833195875846,0.04755993758990802,0.1250782878614797,False,292.3486335068129
2020-05-15 03:30:00,-134264.69615,739851.2278,1.1641532182693481e-10,10.28582625046739,83.26370516673165,-0.11801024877813805,0.04984584782082192,0.12810553212744005,False,292.89850320860467
2020-05-15 04:00:00,-134032.94166,739798.8201,0.0,10.26916186610294,83.26453859725663,-0.12072009209201959,0.05029352887387943,0.1307775962513971,False,292.61723240997287
2020-05-15 04:30:00,-133804.78804,739750.54734,1.1641532182693481e-10,10.252707333707043,83.26532921072324,-0.11918590107668878,0.04921661086907725,0.12894787241711442,False,292.4376821804253
2020-05-15 05:00:00,-133579.18743,739700.83951,1.1641532182693481e-10,10.236459888869584,83.26612786540221,-0.11603847936638093,0.05137926190027123,0.12690452019955267,False,293.8826988940265
2020-05-15 05:30:00,-133360.8284,739642.76287,0.0,10.220865097610801,83.26698832699051,-0.11288385794348746,0.051643200192455524,0.12413615714337019,False,294.5836058024913
2020-05-15 06:00:00,-133146.26496,739589.98395,1.1641532182693481e-10,10.205479574062169,83.26779548910775,-0.109460140817203,0.05018091631516543,0.1204144791540932,False,294.62861920792216
2020-05-15 06:30:00,-132940.9988,739534.7882,2.3283064365386963e-10,10.190820734592297,83.26860874690665,-0.10620717048597426,0.04997804460669909,0.11737873744995729,False,295.20032850039956
2020-05-15 07:00:00,-132738.11816,739480.54875,1.1641532182693481e-10,10.176324536446293,83.26940933980183,-0.10563589419712474,0.04897533022736766,0.11643678591281127,False,294.87356836648405
2020-05-15 07:30:00,-132535.54171,739428.43937,1.1641532182693481e-10,10.161819068332433,83.27019021301197,-0.10322626153387654,0.04553582359978446,0.11282363361091934,False,293.80353947426727
2020-05-15 08:00:00,-132343.41119,739384.7548,2.3283064365386963e-10,10.147981359853743,83.270879759609,-0.10046682342070459,0.04273576585883679,0.10917842411295538,False,293.0435390217415
2020-05-15 08:30:00,-132152.4125,739340.72233,2.3283064365386963e-10,10.134230485773612,83.27157019843335,-0.09973345520158983,0.04308378425894838,0.10864149553701445,False,293.36382722737994
2020-05-15 09:00:00,-131962.68153,739295.24795,0.0,10.120591339718102,83.27227098305693,-0.0996017881748714,0.04183496351198791,0.10803092325663663,False,292.78348760303777
2020-05-15 09:30:00,-131772.96078,739255.46736,1.1641532182693481e-10,10.106873884443871,83.27292109031784,-0.10153879975907135,0.03996941819875533,0.10912232698975852,False,291.4864294028606
2020-05-15 10:00:00,-131577.56375,739217.73758,0.0,10.092699906631253,83.27356162321827,-0.10367269095037329,0.03844216416692725,0.11057046095014977,False,290.34494091745785
2020-05-15 10:30:00,-131381.26255,739184.62096,1.1641532182693481e-10,10.078393686034847,83.27416242266158,-0.105889762164207,0.035386029980446605,0.11164592625335412,False,288.4784945379371
2020-05-15 11:00:00,-131179.95024,739159.02241,1.1999816708318134e-10,10.063608068815196,83.27470425909645,-0.1085741685298113,0.032544365117602024,0.11334675016447388,False,286.6857428640534
2020-05-15 11:30:00,-130975.93663,739137.56446,2.9103830456733704e-11,10.048561905529027,83.2752133043606,-0.11124547926559675,0.02973221429277477,0.1151501681448351,False,284.9635103480284
2020-05-15 12:00:00,-130766.93391,739123.50587,1.173212913024843e-10,10.033040053721525,83.27566432646711,-0.11444181777602425,0.026669520844407595,0.11750826778550959,False,283.11808212294227
2020-05-15 12:30:00,-130553.51994,739114.79779,0.0,10.017113463400783,83.27607447600622,-0.11675294795155912,0.024893658523637018,0.11937732234419952,False,282.0361740140587
2020-05-15 13:00:00,-130337.44236,739108.36464,1.4551915228366852e-11,10.000954516189287,83.27646815901679,-0.11710191699662138,0.024170022577698364,0.11957026785823495,False,281.66217174392943
2020-05-15 13:30:00,-130123.24789,739102.31911,0.0,9.984930140549086,83.27685495356786,-0.11544181635215336,0.0228113055219797,0.11767399297338986,False,281.17765187323096
2020-05-15 14:00:00,-129913.90777,739099.54668,1.1999816708318134e-10,9.969225699368128,83.2772047681212,-0.1140298176552143,0.022007229473060805,0.11613404954431486,False,280.9235193322744
2020-05-15 14:30:00,-129705.2233,739095.35603,1.243316182127096e-10,9.95358765282885,83.27756558987191,-0.11135537937629915,0.020152630031903623,0.11316425678297143,False,280.2581196863815
2020-05-15 15:00:00,-129506.5222,739097.38137,1.1999816708318134e-10,9.9386168879074,83.2778555363511,-0.09630660343080853,0.01882692309605886,0.0981295821740006,False,281.06122159396614
2020-05-15 15:30:00,-129352.02461,739088.43487,0.0,9.927114167545954,83.27817362284223,-0.07494605327389481,0.011619502555133897,0.07584143815199078,False,278.8128713367398
2020-05-15 16:00:00,-129233.54465,739102.69069,1.4551915228366852e-11,9.918014565599595,83.27823079160507,-0.06507401102324231,-0.002193287661169375,0.06511096237514617,False,268.0696045724902
2020-05-15 16:30:00,-129122.6192,739136.56248,1.173212913024843e-10,9.909225311434223,83.27810280524665,-0.05209894914673697,-0.01257795921185729,0.05359576065445317,False,256.4271226886822
2020-05-15 17:00:00,-129056.57871,739179.57195,1.4551915228366852e-11,9.903692694247749,83.2778246854604,-0.02082142928465718,-0.01884117393009854,0.02808062948938653,False,227.85826268168478
2020-05-15 17:30:00,-129060.445,739216.27202,2.346425826049686e-10,9.90350154509969,83.27749443755279,-0.00463029979729985,-0.0193988651108384,0.019943812168223465,False,193.42469979377938
2020-05-15 18:00:00,-129052.16905,739251.23413,2.346425826049686e-10,9.90241998416399,83.2771982767982,-0.005267174700588986,-0.017072427511452423,0.017866474483241575,False,197.14600809759645
2020-05-15 18:30:00,-129052.33511,739280.078,1.4551915228366852e-11,9.902053766548686,83.27694315387104,-0.00289846109804899,-0.01471215181934763,0.014994948745908974,False,191.14518802523384
2020-05-15 19:00:00,-129050.99791,739305.20324,0.0,9.901623338459311,83.27672320745667,-0.0030094207697344438,-0.0136697242203192,0.013997070180180224,False,192.41573973099133
2020-05-15 19:30:00,-129050.12475,739330.41895,1.4551915228366852e-11,9.901226649259002,83.27650174552495,-0.013613976017296008,-0.006666492333036346,0.015158577209815678,False,243.90993078509695
2020-05-15 20:00:00,-129006.84427,739337.27249,1.1641532182693481e-10,9.897881748266085,83.27650792876629,-0.04059383243606178,0.005449483391239671,0.040957979699668516,False,277.645910063742
2020-05-15 20:30:00,-128902.7899,739336.21283,1.1641532182693481e-10,9.890069907824618,83.2766776634343,-0.05447250087080377,0.009308834182032084,0.05526217282145434,False,279.6976280846187
2020-05-15 21:00:00,-128807.90157,739337.94069,1.1641532182693481e-10,9.882910557151938,83.27680852988986,-0.05160125169458228,0.007746035866278172,0.052179404443604936,False,278.53711610446226
2020-05-15 21:30:00,-128714.99586,739340.62465,1.1999816708318134e-10,9.87588753350476,83.2769277922605,-0.037556663279541644,0.007782966064518252,0.03835462837069751,False,281.70783331588234
2020-05-15 22:00:00,-128669.89548,739333.52665,5.820766091346741e-11,9.872588141502701,83.27705988863332,-0.012921372991706122,0.0007413791881991849,0.012942624273750949,False,273.2838133827537
2020-05-15 22:30:00,-128668.71015,739345.9709,2.9103830456733704e-11,9.872336084153122,83.27695174319136,-0.0012842037969567222,-0.00607715239741025,0.006211357392186286,False,191.93201492653247
2020-05-15 23:00:00,-128669.09182,739355.87309,1.4551915228366852e-11,9.872235173201258,83.27686365169275,-0.0076394478083536424,-0.007439034719649389,0.010663038984112755,False,225.76149227941997
2020-05-15 23:30:00,-128646.20694,739377.07014,1.1641532182693481e-10,9.870236440406739,83.27671152562574,-0.020162043943479372,-0.006284687711367367,0.021118837932239672,False,252.68728087112746
2020-05-16 00:00:00,-128601.4611,739390.60513,0.0,9.866693780852916,83.27666070439153,-0.016305805292771404,-0.0040408465939414055,0.016799039479730375,False,256.081566409992
2020-05-16 00:30:00,-128590.86701,739401.4608,1.4551915228366852e-11,9.865754940531978,83.27658105481092,-0.005268267973246484,-0.003735025715946872,0.006457945844981906,False,234.6646350296499
2020-05-16 01:00:00,-128585.07966,739407.10198,2.9103830456733704e-11,9.86524586026732,83.27654009749455,-0.002735872238702788,-0.001263883440883557,0.003013701753432855,False,245.20460816026664
2020-05-16 01:30:00,-128581.94306,739407.63097,2.9103830456733704e-11,9.865003024327029,83.27654024301616,-0.0019191475030263159,-0.0012055165626341366,0.0022663621337194475,False,237.86492900997186
2020-05-16 02:00:00,-128579.01642,739412.56136,2.346425826049686e-10,9.864718413250667,83.2765011701931,-0.001926683034443669,-0.001862649629053358,0.002679845360431396,False,225.96811102245218
2020-05-16 02:30:00,-128576.25836,739415.42567,2.9103830456733704e-11,9.864473506814493,83.2764800963055,-0.0017340623224185484,-0.0009545130289392062,0.001979410836700231,False,241.16945490686632
2020-05-16 03:00:00,-128573.45478,739417.01628,2.332849477807962e-10,9.864241836267134,83.27647034806351,-0.0010631146919392283,-0.0006426996833507843,0.0012422864932036565,False,238.84518890805987
2020-05-16 03:30:00,-128572.8841,739418.36084,2.9103830456733704e-11,9.864181328612712,83.27645934297085,-0.0009744909148058185,0.0021388458923343226,0.0023503817337178416,False,335.50526419645144
2020-05-16 04:00:00,-128568.67939,739410.03126,2.9103830456733704e-11,9.863974012827214,83.27653941339625,-0.0016719245966295825,0.001596261204796653,0.0023115755862082154,False,313.6737538850581
2020-05-16 04:30:00,-128565.96971,739413.73035,2.9103830456733704e-11,9.863721829007815,83.27651088774647,-0.0009278217848987683,-0.002428143703645455,0.0025993720607265527,False,200.9124347754481
2020-05-16 05:00:00,-128566.88604,739419.21555,1.1999816708318134e-10,9.86371901510244,83.2764610063861,2.8368194844793535e-05,-0.0021889190041114045,0.0021891028210293856,False,179.2574933818803
2020-05-16 05:30:00,-128567.42023,739421.47648,1.173212913024843e-10,9.863729625431839,83.27644020546362,0.0002199702060669934,-0.001257667422825644,0.0012767592717478314,False,170.07912940822843
2020-05-16 06:00:00,-128568.44183,739423.54057,0.0,9.863779469575366,83.27642039510205,0.00046381897962821314,-0.001545808317547923,0.0016138932432052924,False,163.29815496431456
2020-05-16 06:30:00,-128570.0186,739426.67309,2.3283064365386963e-10,9.863857096595614,83.27639028983316,0.001057724719068217,-0.001246765425026497,0.001634994069215372,False,139.68955669658254
2020-05-16 07:00:00,-128572.96224,739427.31027,1.173212913024843e-10,9.864070162772173,83.27638013581512,2.5697868786585717e-05,-0.0006249267715461034,0.0006254549146462983,False,177.64524354631612
2020-05-16 07:30:00,-128570.49515,739428.87372,2.346425826049686e-10,9.863864159726498,83.27637011035353,-0.0005871665171884601,-0.00031045870588926425,0.0006641905803078382,False,242.13277909583863
2020-05-16 08:00:00,-128571.07115,739428.77351,1.1999816708318134e-10,9.863908792704356,83.2763701108482,0.00034171888157705314,-0.0009077470843250758,0.0009699363706588944,False,159.37129191656072
2020-05-16 08:30:00,-128572.26697,739431.88256,1.1999816708318134e-10,9.863958073406259,83.27634079833189,0.0006640493904112283,-0.0027768658458187214,0.002855161207108987,False,166.55106772857982
2020-05-16 09:00:00,-128575.13892,739438.21292,1.173212913024843e-10,9.864091290252246,83.27628044317795,-0.0004937960889671075,-0.0018840197574030706,0.0019476562899455171,False,194.68670468342782
2020-05-16 09:30:00,-128571.6775,739438.8693,1.1641532182693481e-10,9.86382236746828,83.27627996147517,-0.000848853121039602,-0.0008820717576356367,0.0012241740916704186,False,223.90055652328775
2020-05-16 10:00:00,-128572.6722,739441.86493,1.1641532182693481e-10,9.863858004658887,83.27625196030901,-3.885652738134832e-05,-0.0036718304431095712,0.0036720360336829983,False,180.6063003072668
2020-05-16 10:30:00,-128573.80413,739451.91645,1.1641532182693481e-10,9.863811689567845,83.27616139454986,-0.0006409627376844018,-0.006186941894817702,0.0062200549226634925,False,185.91470138260593
2020-05-16 11:00:00,-128574.21436,739464.20396,1.4551915228366852e-11,9.863681857138163,83.27605217800243,-0.0007678169377253212,-0.008035995498250246,0.00807259354221158,False,185.45788320720078
2020-05-16 11:30:00,-128576.03662,739480.89191,2.3283064365386963e-10,9.863600681695875,83.27590190453618,-0.0006502258502295525,-0.008373685524367404,0.008398892957843133,False,184.44017003623247
2020-05-16 12:00:00,-128577.07213,739494.30462,1.173212913024843e-10,9.863503169266455,83.27578178362234,-0.0017005792605222503,-0.008563735637741142,0.008730952862914568,False,191.23163298833572
2020-05-16 12:30:00,-128575.28616,739512.31438,1.4551915228366852e-11,9.863133362702943,83.27562537310378,-0.002903053184186855,-0.010806090425431264,0.011189249665317808,False,195.03744210759012
2020-05-16 13:00:00,-128573.43932,739534.42177,1.4551915228366852e-11,9.862705421055525,83.27543284443891,-0.002973777771534237,-0.012760492757351057,0.01310242457123413,False,193.1183912293589
2020-05-16 13:30:00,-128572.60736,739559.40698,2.9103830456733704e-11,9.862316199724198,83.27521332441144,-0.0037190228007959025,-0.014825137307449833,0.01528449628799002,False,194.08256943373428
2020-05-16 14:00:00,-128569.39005,739589.29676,1.173212913024843e-10,9.861683516967624,83.27495412601813,-0.006087649129706437,-0.01670568629029426,0.017780310074803,False,200.02203414796315
2020-05-16 14:30:00,-128561.31592,739622.4123,2.9103830456733704e-11,9.860643514450594,83.2746738807087,-0.006835124747145771,-0.01749763555558212,0.01878526497936657,False,201.33717423794246
2020-05-16 15:00:00,-128555.93455,739655.5716,0.0,9.859805499103445,83.27438911049913,-0.0063397194571222105,-0.018866786871916237,0.019903459238668157,False,198.57365577676273
2020-05-16 15:30:00,-128550.46059,739693.23769,0.0,9.858901703116041,83.27406465333489,-0.005919579623924146,-0.02057046719014301,0.02140526905564908,False,196.0542729620462
2020-05-16 16:00:00,-128547.61842,739732.18052,1.173212913024843e-10,9.858179183124784,83.27372486990355,-0.004962950297940035,-0.021369551903314174,0.02193829127822542,False,193.0748167223661
2020-05-16 16:30:00,-128546.02903,739772.09111,1.1641532182693481e-10,9.85753827835452,83.27337460917991,-0.004058205475950636,-0.020449450916510754,0.020848239121609727,False,191.22454651823705
2020-05-16 17:00:00,-128545.8279,739807.21282,1.1999816708318134e-10,9.857064359437503,83.27306453669048,-0.002037011709061607,-0.018909335087554505,0.01901873734390046,False,186.14848805291126
2020-05-16 17:30:00,-128550.45762,739840.41519,2.332849477807962e-10,9.856978707392873,83.2727640077829,0.0003600188553428401,-0.017849295131028602,0.017852925537590856,False,178.8445053872615
2020-05-16 18:00:00,-128558.10503,739870.29985,0.0,9.857163238324866,83.2724881647156,0.0014505971012574513,-0.01674273335029649,0.016805456018487173,False,175.0482363201508
2020-05-16 18:30:00,-128565.92111,739898.90525,0.0,9.857377141391463,83.27222336774743,0.001158506275637087,-0.015916950695294325,0.015959055618272686,False,175.83709975054126
2020-05-16 19:00:00,-128572.0238,739926.04094,1.243316182127096e-10,9.857481436762177,83.27197419002167,-0.0002100515923986984,-0.017645392054134994,0.01764664224195639,False,180.68201949006828
2020-05-16 19:30:00,-128576.05117,739961.6203,1.1999816708318134e-10,9.857319462584282,83.27165357975808,0.00031081122181659355,-0.015528110048594931,0.015531220341521202,False,178.85331868984485
2020-05-16 20:00:00,-128582.69622,739980.92532,4.3655745685100555e-11,9.857566782217416,83.27147277118,0.0009510938424714425,-0.012092686296680337,0.01213003055919924,False,175.50292521467998
2020-05-16 20:30:00,-128586.8775,740003.92508,2.9103830456733704e-11,9.857580665932092,83.27126309435957,-0.0001974745120463758,-0.012710402752155603,0.01271193668584424,False,180.89010128855568
2020-05-16 21:00:00,-128589.82947,740026.12893,1.1641532182693481e-10,9.857512554307101,83.27106233896193,-0.0012639371837056257,-0.010867851676631556,0.010941103110272613,False,186.63372921371774
2020-05-16 21:30:00,-128589.09252,740043.25072,2.9103830456733704e-11,9.857233578536787,83.27091215993941,-0.0016999456823169276,-0.009833156947171599,0.009979017530325169,False,189.8082862169082
2020-05-16 22:00:00,-128589.86016,740062.05338,1.4551915228366852e-11,9.857045738662775,83.27074481600775,-0.0017051346975701126,-0.009609920400731218,0.00976002328097877,False,190.06155000284133
2020-05-16 22:30:00,-128588.96711,740078.38658,1.1641532182693481e-10,9.856765352428287,83.27060184541517,-0.0026178452745581134,-0.008448297264898529,0.008844593860523964,False,197.21646356498144
2020-05-16 23:00:00,-128585.78145,740093.6316,1.3015628661377063e-10,9.856326900087483,83.27047201142683,-0.0030572216197568575,-0.0077484902119568004,0.008329808196897397,False,201.53206392791475
2020-05-16 23:30:00,-128582.8985,740107.75341,1.4551915228366852e-11,9.855925876730296,83.27035163847566,-0.003098999522060289,-0.007441368108149665,0.008060878200215955,False,202.6095605536865
2020-05-17 00:00:00,-128579.3752,740121.93481,2.3283064365386963e-10,9.855475970034643,83.2702317216944,-0.0032709635683427704,-0.007437533182001163,0.008125029384488034,False,203.73948322748726
2020-05-17 00:30:00,-128575.87973,740136.14893,1.1641532182693481e-10,9.855027743500994,83.2701114726053,-0.0038957628213194748,-0.0067660999397905494,0.007807501287557291,False,209.93233557307263
2020-05-17 01:00:00,-128569.72641,740148.33376,2.9103830456733704e-11,9.854406301104145,83.27001323691398,-0.0037611088563508383,-0.007103085208830054,0.008037397546048161,False,207.90137865076474
2020-05-17 01:30:00,-128566.91588,740163.66006,1.4551915228366852e-11,9.85399505980633,83.26988210660771,-0.0027750184408533362,-0.009296852993953851,0.009702175165305188,False,196.61984270591967
2020-05-17 02:00:00,-128565.61149,740183.01835,1.4551915228366852e-11,9.853644383618587,83.26971303161012,-0.0025002987901396804,-0.01113869114887978,0.01141586328536334,False,192.65146096117724
2020-05-17 02:30:00,-128564.90986,740204.70818,2.332849477807962e-10,9.8533085873884,83.26952242630611,-0.004344588392952249,-0.010861597883654147,0.011698280082575202,False,201.801178653512
2020-05-17 03:00:00,-128556.89302,740224.21982,2.9103830456733704e-11,9.852451593530887,83.26936229826728,-0.00511771663713911,-0.010822863354760761,0.011971858451129207,False,205.3076695831652
2020-05-17 03:30:00,-128553.4247,740246.24838,1.173212913024843e-10,9.85190355352729,83.2691729447898,-0.0025646381866122497,-0.012860930148031972,0.01311414859229479,False,191.2775962918193
2020-05-17 04:00:00,-128555.71839,740271.41614,2.399963341663627e-10,9.851747501881947,83.26894700516362,-0.0022412168169258398,-0.01423600936794108,0.014411350233221638,False,188.946809399911
2020-05-17 04:30:00,-128554.24408,740298.12277,1.1999816708318134e-10,9.851288293669954,83.26871324835768,-0.0042364934369803564,-0.014937565878713612,0.015526710888739019,False,195.83404557959034
2020-05-17 05:00:00,-128549.89238,740327.00785,1.173212913024843e-10,9.850584527932936,83.268464654544,-0.0057531990073485745,-0.016708503266193622,0.017671258591695146,False,198.999999865287
2020-05-17 05:30:00,-128544.12844,740360.92991,0.0,9.849709020279082,83.26817371216939,-0.004695858202521304,-0.016451517640230836,0.01710858021359496,False,195.93066264639543
2020-05-17 06:00:00,-128543.36784,740388.25218,1.4551915228366852e-11,9.849295521248521,83.26793341752152,-0.0033585048410715483,-0.016086548800305255,0.016433399133231795,False,191.79266133431264
2020-05-17 06:30:00,-128542.12222,740420.05612,2.3688801733223527e-10,9.848787170934724,83.26765425960973,-0.003736203352486303,-0.018525526480617515,0.01889852763776032,False,191.402383434503
2020-05-17 07:00:00,-128541.52328,740456.26187,1.173212913024843e-10,9.848270039309545,83.2673352076602,-0.004604237586759292,-0.019950843901850875,0.020475233238020692,False,192.995153083903
2020-05-17 07:30:00,-128538.0758,740493.65581,1.173212913024843e-10,9.847523505327036,83.26701002426749,-0.005493134214488075,-0.020735595655355314,0.02145086130393765,False,194.83758315432453
2020-05-17 08:00:00,-128534.80619,740533.19228,2.9103830456733704e-11,9.846762471556435,83.26666563195892,-0.005273650188344626,-0.02182334026952011,0.022451493643592745,False,193.5851882214913
2020-05-17 08:30:00,-128532.80586,740574.3092,2.399963341663627e-10,9.846076243029266,83.26630532407033,-0.004435575100406238,-0.02324228980635776,0.023661748919174712,False,190.80445075607332
2020-05-17 09:00:00,-128533.38143,740618.36266,2.346425826049686e-10,9.84554526546804,83.26591511220843,-0.007988908103213888,-0.022923938445021826,0.024276111849156286,False,199.21325771938862
2020-05-17 09:30:00,-128518.58074,740660.53772,1.1641532182693481e-10,9.84388412793271,83.26556508136287,-0.011088736999186147,-0.02273258433645908,0.02529289384098515,False,206.00267696481862
2020-05-17 10:00:00,-128508.04095,740705.81989,2.9103830456733704e-11,9.842502646700904,83.26518105180413,-0.008813623604001005,-0.022909663758243402,0.02454654058210189,False,201.04233543182045
2020-05-17 10:30:00,-128501.41698,740747.22237,1.173212913024843e-10,9.841465893220377,83.26482530269813,-0.008816119431830024,-0.023989361782038997,0.025558040624152786,False,200.17844104767755
2020-05-17 11:00:00,-128491.53113,740796.33548,2.9103830456733704e-11,9.840083909943282,83.26440640655606,-0.011792695284024147,-0.02599266434587162,0.028542709434442117,False,204.40347300670686
2020-05-17 11:30:00,-128475.57945,740846.67465,1.4551915228366852e-11,9.838230710252285,83.26398596759154,-0.016442613919161745,-0.026940935243564654,0.03156221703702951,False,211.39658621614393
2020-05-17 12:00:00,-128449.78015,740902.01076,1.1999816708318134e-10,9.835573379564012,83.26353644830296,-0.022770653261152823,-0.02853241197090312,0.036504810406533895,False,218.59206129596836
2020-05-17 12:30:00,-128412.35615,740961.88457,2.346425826049686e-10,9.831984679957129,83.26306461620162,-0.02979363483065051,-0.02971289775400881,0.04207751144450362,False,225.0777375306938
2020-05-17 13:00:00,-128362.36392,741025.72132,2.9103830456733704e-11,9.827401488272397,83.26257697500382,-0.03740624773874731,-0.031190193841259862,0.048703753056082884,False,230.1778716193338
2020-05-17 13:30:00,-128298.83448,741095.50594,1.173212913024843e-10,9.821725524078621,83.26205743579996,-0.04386427751791544,-0.03277669819695106,0.05475752721647241,False,233.231816377074
2020-05-17 14:00:00,-128226.89513,741168.92502,1.1641532182693481e-10,9.815372005455053,83.26151856730858,-0.04646417267410229,-0.03313059285618565,0.05706623805098014,False,234.50979185867217
2020-05-17 14:30:00,-128154.34438,741241.54556,0.0,9.808983975966715,83.26098760802789,-0.0495839988638141,-0.03409096525892912,0.06017280827427145,False,235.48993437434456
2020-05-17 15:00:00,-128071.91057,741320.26875,2.3283064365386963e-10,9.801776110136986,83.26041771659547,-0.053251085494597124,-0.035598122025380166,0.0640539178980236,False,236.23744244349422
2020-05-17 15:30:00,-127987.25566,741400.46378,1.1641532182693481e-10,9.79438371367981,83.25983809769703,-0.05474417584547933,-0.036215070196236286,0.06563883072023056,False,236.51405517210029
2020-05-17 16:00:00,-127899.88239,741482.26843,1.173212913024843e-10,9.786767768583728,83.25924828318568,-0.056201442980139515,-0.036844331995433806,0.06720198652748012,False,236.75210240820186
2020-05-17 16:30:00,-127810.4212,741565.56472,3.49548998913504e-10,9.778977198260312,83.25864834492886,-0.05591841108273435,-0.037140523482231756,0.06712888486003529,False,236.40823239647992
2020-05-17 17:00:00,-127724.2107,741648.22306,1.1999816708318134e-10,9.771440153273039,83.25804897238527,-0.053703750088475735,-0.03715953171165592,0.0653063823113409,False,235.31926432137564
2020-05-17 17:30:00,-127642.59641,741730.21055,1.1999816708318134e-10,9.764257935585137,83.2574484213044,-0.05136384115893775,-0.03748424647856943,0.0635870498817702,False,233.87882160874827
2020-05-17 18:00:00,-127564.86517,741812.57128,1.243316182127096e-10,9.757363484070202,83.256838561694,-0.048471535725692086,-0.037476963896659075,0.061269997539730094,False,232.28971256559055
2020-05-17 18:30:00,-127493.48834,741892.74912,1.1641532182693481e-10,9.750975086059567,83.2562382481217,-0.0446235583973183,-0.03716159100456998,0.05807104106204583,False,230.21315645816134
2020-05-17 19:00:00,-127429.19928,741971.6281,0.0,9.745136199393638,83.25563857190974,-0.040312534691829084,-0.03837405827697794,0.0556567049143661,False,226.41121952753986
2020-05-17 19:30:00,-127373.84081,742053.46706,1.1999816708318134e-10,9.739930063441157,83.2549991060259,-0.03694306488301877,-0.04019723403374641,0.054594941770412346,False,222.58440558691356
2020-05-17 20:00:00,-127322.60277,742136.75187,0.0,9.735015328453096,83.25434055244159,-0.03406409864358709,-0.04056872454470382,0.05297342944896135,False,220.01897116851046
2020-05-17 20:30:00,-127277.67131,742218.14728,1.3015628661377063e-10,9.730598779455002,83.25368909191144,-0.0313178952741557,-0.040610934468186345,0.05128409658736624,False,217.6382970827916
2020-05-17 21:00:00,-127236.19036,742299.9035,1.173212913024843e-10,9.726437177402092,83.25302917229996,-0.03027338330675289,-0.040843848593908084,0.05083992235241584,False,216.54577248626083
2020-05-17 21:30:00,-127195.0949,742381.4838,2.399963341663627e-10,9.722307551284544,83.2523701881985,-0.030310086800690535,-0.04087942299936657,0.050890358483965656,False,216.55512123528376
2020-05-17 22:00:00,-127153.49357,742463.38261,2.332849477807962e-10,9.718136715644842,83.25170911873147,-0.03005348891952309,-0.040605520583027216,0.05051752664229064,False,216.5063676542926
2020-05-17 22:30:00,-127113.13026,742543.82906,1.1641532182693481e-10,9.714078141653992,83.25105898014442,-0.030613740155336914,-0.040236502098019135,0.05055865096481893,False,217.26550931279658
2020-05-17 23:00:00,-127069.30529,742624.75296,1.4551915228366852e-11,9.709754744227075,83.25040982309147,-0.03143963388225494,-0.04026391101121342,0.05108456820380442,False,217.98410793651834
2020-05-17 23:30:00,-127026.01582,742705.79177,1.4551915228366852e-11,9.705470841177029,83.24975880159627,-0.03219793397505173,-0.0399189912681841,0.05128579546162026,False,218.88901772255406
2020-05-18 00:00:00,-126979.2786,742785.94543,1.173212913024843e-10,9.70094070896178,83.2491207794467,-0.03323984786308233,-0.042374250499363386,0.053855961520927816,False,218.11188095467062
2020-05-18 00:30:00,-126933.76854,742876.32171,4.3655745685100555e-11,9.69637249617545,83.24839047546564,-0.0328477764903673,-0.04584489918352815,0.05639797160810827,False,215.6215204025797
2020-05-18 01:00:00,-126890.5134,742968.54613,1.243316182127096e-10,9.691950584238871,83.24764038219527,-0.032194049172550594,-0.04645134413199305,0.05651711399030784,False,214.72468207061303
2020-05-18 01:30:00,-126847.67662,743060.6714,1.1641532182693481e-10,9.68756226693819,83.24689049355668,-0.03299349674928888,-0.04668175362009903,0.05716429785095733,False,215.2517148664728
2020-05-18 02:00:00,-126801.70997,743154.19117,3.4924596548080444e-10,9.68292261647036,83.24613295675151,-0.034635165726689066,-0.04646037601901972,0.057949644043289165,False,216.70370103061285
2020-05-18 02:30:00,-126752.8983,743246.51768,0.0,9.678086129777341,83.2453902165167,-0.03443822381192658,-0.045316113266338165,0.05691696918220379,False,217.23321321055636
2020-05-18 03:00:00,-126706.92235,743335.84954,1.4551915228366852e-11,9.673501343081481,83.24466963343178,-0.03231508539602921,-0.04337408216874496,0.05408859166343398,False,216.68729500651108
2020-05-18 03:30:00,-126664.45599,743419.99223,1.4551915228366852e-11,9.669246605066336,83.24398960432444,-0.02976148083345815,-0.04363272964139726,0.05281629329439509,False,214.29753619428504
2020-05-18 04:00:00,-126627.68593,743508.69137,2.3283064365386963e-10,9.665361201053942,83.24326066864316,-0.026946325957098668,-0.04671794021216575,0.05393209082034279,False,209.9758127384743
2020-05-18 04:30:00,-126597.0633,743602.07626,1.1641532182693481e-10,9.661877228727734,83.24248101268468,-0.024065224070532902,-0.04729622114842372,0.053066633061515774,False,206.96786457969483
2020-05-18 05:00:00,-126570.85641,743691.08282,1.4551915228366852e-11,9.658780473032875,83.24173340236679,-0.021864800439554903,-0.04828354957122939,0.053003496653135314,False,204.36299616668379
2020-05-18 05:30:00,-126548.62951,743786.63956,1.4551915228366852e-11,9.655898932892512,83.24092186204065,-0.020568350972687777,-0.052960004735005776,0.05681389938445961,False,201.22493392468098
2020-05-18 06:00:00,-126529.83822,743891.45758,1.173212913024843e-10,9.653157343362556,83.2400232403117,-0.019517259929945012,-0.058466903920726065,0.0616384805884153,False,198.45989792706501
2020-05-18 06:30:00,-126514.65638,744005.92199,1.1999816708318134e-10,9.650563864324866,83.23903387250125,-0.018019557477071114,-0.0618938282006789,0.06446355886083721,False,196.23221014634282
2020-05-18 07:00:00,-126503.23874,744121.99695,1.4551915228366852e-11,9.648232348245081,83.23802458933073,-0.016323454613081725,-0.0652689503349213,0.06727920219746784,False,194.04137988461608
2020-05-18 07:30:00,-126496.10352,744247.4155,2.9103830456733704e-11,9.646103129049603,83.23692623171667,-0.01183285094140911,-0.0687621435204442,0.06977283671263318,False,189.76404461647826
2020-05-18 08:00:00,-126502.72169,744373.17863,0.0,9.644999130688184,83.2358041487663,-0.007727037334086936,-0.06938527169297296,0.06981420366852327,False,186.3545171127612
2020-05-18 08:30:00,-126510.52947,744498.33228,0.0,9.643992226481187,83.23468566471729,-0.00590915567981426,-0.07022937517886187,0.07047753726444775,False,184.80958387152833
2020-05-18 09:00:00,-126524.10419,744625.99514,0.0,9.64338506022735,83.23353632326435,-0.0029348218386880537,-0.0727349527017735,0.07279413797658482,False,182.3106049020106
2020-05-18 09:30:00,-126543.97659,744758.24795,5.820766091346741e-11,9.643190686355435,83.23233692800808,-0.00029195171936875937,-0.07522442072988884,0.07522498727121044,False,180.22236817767373
2020-05-18 10:00:00,-126568.43158,744893.15261,3.49548998913504e-10,9.643305289938652,83.23110719541361,0.002011161978534704,-0.07646367671108804,0.0764901211182313,False,178.49334302532088
2020-05-18 10:30:00,-126597.2259,745028.41472,1.4551915228366852e-11,9.643739659798193,83.22986778053355,0.002348156548577592,-0.07700431324928679,0.07704010707528199,False,178.25337340372084
2020-05-18 11:00:00,-126623.20502,745165.03453,2.346425826049686e-10,9.64394624320884,83.22862058844488,0.0020338777482090953,-0.0792552119704039,0.07928130475192947,False,178.52997629980666
2020-05-18 11:30:00,-126652.2424,745308.4747,4.3655745685100555e-11,9.644294660051143,83.22730848596346,0.002492238711043364,-0.08182170054519236,0.08185964777532308,False,178.25534518510807
2020-05-18 12:00:00,-126681.39788,745453.92651,1.1641532182693481e-10,9.644626226875232,83.22597841550015,0.002342829326430384,-0.08207063377911895,0.08210406675773767,False,178.36485011079208
2020-05-18 12:30:00,-126710.0568,745598.33995,1.173212913024843e-10,9.644933756359185,83.22465827256626,0.0028134372873054956,-0.08171056304827883,0.08175898447899381,False,178.02798537643105
2020-05-18 13:00:00,-126740.6669,745742.22967,0.0,9.645393514445903,83.22333982737078,0.0014595338238749794,-0.08235723205308877,0.08237016395776657,False,178.98471120207273
2020-05-18 13:30:00,-126764.91304,745889.75438,4.3655745685100555e-11,9.645331843515947,83.22199880063744,-0.0005191322341772612,-0.0838918867310273,0.08389349293936971,False,180.35454806817154
2020-05-18 14:00:00,-126789.42599,746040.2843,1.173212913024843e-10,9.645251989368743,83.22063079626689,-0.0008846051329314195,-0.08605289850315258,0.086057445157494,False,180.58896744114844
2020-05-18 14:30:00,-126813.67807,746195.69919,4.3655745685100555e-11,9.645090743107223,83.21921998413661,-0.000516745571080085,-0.0882941354286197,0.08829564755452371,False,180.33532240990075
2020-05-18 15:00:00,-126840.84756,746353.96177,0.0,9.645111130876025,83.21777960365173,0.0002582143282984905,-0.08822111848107142,0.0882214963639281,False,179.8323015029835
2020-05-18 15:30:00,-126867.80613,746508.65007,1.1999816708318134e-10,9.645161089292914,83.21637114711244,0.004548343146970359,-0.09056356488079145,0.09067770789615227,False,177.12486923895858
2020-05-18 16:00:00,-126911.61492,746672.63855,2.3688801733223527e-10,9.646349845484282,83.2148551204589,0.008394892971671192,-0.09201107209354303,0.09239324442733347,False,174.78688917917088
2020-05-18 16:30:00,-126953.10508,746830.14234,4.3655745685100555e-11,9.647447379700004,83.21339992026552,0.007540302304350592,-0.08992660767165661,0.0902421793075336,False,175.20698858635393
2020-05-18 17:00:00,-126992.62944,746987.24682,1.173212913024843e-10,9.648402958534147,83.21195120294291,0.008751592481916185,-0.09044040950952803,0.09086285293353197,False,174.4729024694563
2020-05-18 17:30:00,-127038.73382,747145.84193,1.173212913024843e-10,9.64982965966556,83.21047940716366,0.011071958140793847,-0.09017435245660554,0.09085153877639945,False,173.00003763867994
2020-05-18 18:00:00,-127086.34061,747300.59979,1.4551915228366852e-11,9.651416321008256,83.20903927969678,0.013146148211053631,-0.08996412635697504,0.09091955369424533,False,171.68640499418774
2020-05-18 18:30:00,-127139.68818,747457.19432,1.4551915228366852e-11,9.653406718904328,83.20757426918594,0.01536872510916628,-0.09100889886340299,0.09229743974677863,False,170.41486003925496
2020-05-18 19:00:00,-127195.82447,747614.31488,2.9103830456733704e-11,9.655597303798801,83.2061004019857,0.017594298870953907,-0.0914804718679994,0.09315705065078156,False,169.11332512421058
2020-05-18 19:30:00,-127257.36734,747771.23501,5.820766091346741e-11,9.658192083174926,83.20462015977782,0.020709585098650535,-0.09250412437289475,0.09479398683964203,False,167.3808508151368
2020-05-18 20:00:00,-127325.19218,747930.10161,2.9103830456733704e-11,9.66122874791894,83.20311323350042,0.023255283320185942,-0.08954373147384036,0.09251425862298929,False,165.44142001359745
2020-05-18 20:30:00,-127393.99777,748074.97061,4.658886054991198e-10,9.664514490025054,83.20172858765504,0.025206825723914483,-0.08685276744347606,0.09043664785730579,False,163.81596160521087
2020-05-18 21:00:00,-127467.13955,748223.09995,2.3283064365386963e-10,9.668080246288211,83.20030855606389,0.027660035856426055,-0.08577398120181357,0.09012354539623839,False,162.12674297168383
2020-05-18 21:30:00,-127544.01728,748362.64847,2.3283064365386963e-10,9.672031273569354,83.19895874357017,0.030925392488747448,-0.08416020900366016,0.089662258950591,False,159.8237098101116
2020-05-18 22:00:00,-127627.79103,748503.06548,2.3283064365386963e-10,9.676482677806625,83.1975908209513,0.03354240137756249,-0.08362872732144115,0.09010469867647006,False,158.1449169952151
2020-05-18 22:30:00,-127713.6561,748639.13184,3.4924596548080444e-10,9.681143018833946,83.19625817160492,0.035675058251176256,-0.08118908302848109,0.08868132263464734,False,156.27897316019408
2020-05-18 23:00:00,-127803.54362,748769.58631,1.4551915228366852e-11,9.686171839462812,83.19496902720589,0.03795623890686124,-0.07840900328110248,0.08711284559403777,False,154.16929919777414
2020-05-18 23:30:00,-127895.84335,748894.38991,2.346425826049686e-10,9.69144981819483,83.19372615250772,0.03873933727909478,-0.07505272298719713,0.08446092280230195,False,152.69895210317065
2020-05-19 00:00:00,-127986.49929,749012.44284,1.4551915228366852e-11,9.696689432500317,83.1925453919264,0.03889308448145996,-0.07126340174866902,0.08118586360490467,False,151.37582441547482
2020-05-19 00:30:00,-128077.06913,749123.68982,2.332849477807962e-10,9.702007302342363,83.19142488086354,0.03835989115346071,-0.06662060691509306,0.07687513587006332,False,150.06682688611465
2020-05-19 01:00:00,-128163.03759,749225.5744,1.173212913024843e-10,9.707100541368666,83.19039404951666,0.036683600780310036,-0.06331092728679891,0.0731707597344971,False,149.91115089989847
2020-05-19 01:30:00,-128245.66915,749326.07894,2.9103830456733704e-11,9.711961898475579,83.18938041497444,0.033686246454517746,-0.06223297695548129,0.07076515117581517,False,151.5736470116446
2020-05-19 02:00:00,-128320.36431,749425.94451,1.1641532182693481e-10,9.716240459925992,83.18838439533604,0.029955062291232244,-0.05940719084701817,0.06653209812718702,False,153.2412540031462
2020-05-19 02:30:00,-128388.05439,749518.67734,2.346425826049686e-10,9.720088284407513,83.18746200961439,0.02895957693778508,-0.05643269858520201,0.06342954016878692,False,152.83445869928403
2020-05-19 03:00:00,-128457.42227,749608.58396,4.3655745685100555e-11,9.724095613002822,83.18656203797528,0.0292460033106765,-0.055731109955641525,0.06293874265137418,False,152.31086789221035
2020-05-19 03:30:00,-128525.71484,749698.64361,1.1641532182693481e-10,9.728020102384002,83.18566230940804,0.027090930058243548,-0.05470380065610783,0.061044445264445045,False,153.6540342887369
2020-05-19 04:00:00,-128586.82343,749786.20659,1.4551915228366852e-11,9.731442056533503,83.18479551450751,0.02733191324795515,-0.05386245811465438,0.06040031354179085,False,153.09498462100782
2020-05-19 04:30:00,-128655.4697,749873.12662,1.4551915228366852e-11,9.73543079471833,83.1839229460014,0.02979005461960035,-0.05673969061599393,0.06408463033705884,False,152.29916797362472
2020-05-19 05:00:00,-128727.06384,749969.39303,1.4551915228366852e-11,9.739518226527991,83.18296324036777,0.027551157292427436,-0.05670027140958021,0.06303956730555926,False,154.084478127605
2020-05-19 05:30:00,-128787.75531,750057.5267,1.4551915228366852e-11,9.742899146048977,83.1820919502297,0.029128090858625704,-0.05665492948522327,0.06370421267109402,False,152.79087096014086
2020-05-19 06:00:00,-128864.92779,750152.66373,1.1641532182693481e-10,9.747412679511054,83.18113369303853,0.03485521604138921,-0.060428354386182825,0.06976010392132467,False,150.02355123054076
2020-05-19 06:30:00,-128948.2536,750250.68409,0.0,9.752344627508945,83.18014055315982,0.03791874470814077,-0.06314049902123682,0.07365157036270144,False,149.01326605694032
2020-05-19 07:00:00,-129037.96591,750353.56178,0.0,9.7576868483515,83.17909471215185,0.03866935710104518,-0.06522677186795772,0.0758277716072598,False,149.33863547229288
2020-05-19 07:30:00,-129125.24647,750458.50996,1.4551915228366852e-11,9.762820695765964,83.17803420635256,0.03972085851493842,-0.06645666949049514,0.07742244843023671,False,149.13342509009988
2020-05-19 08:00:00,-129219.45878,750565.09341,0.0,9.768445993919558,83.17694863956325,0.04548466400953229,-0.06872348632598343,0.08241220924631056,False,146.50140258189572
2020-05-19 08:30:00,-129328.59354,750674.54546,1.4551915228366852e-11,9.775139013490302,83.1758149225111,0.04957420761964203,-0.06887821477600864,0.08486348173298895,False,144.25603375015334
2020-05-19 09:00:00,-129437.43427,750779.1545,1.4551915228366852e-11,9.781869901232854,83.17472437090973,0.05127606298113115,-0.06749288189919332,0.08476156995893473,False,142.77513696622702
2020-05-19 09:30:00,-129551.78447,750882.62534,1.1641532182693481e-10,9.789021437528575,83.1736353831775,0.05652365984419924,-0.06839971544357899,0.08873243598000294,False,140.4306010842397
2020-05-19 10:00:00,-129679.82252,750987.21167,1.4551915228366852e-11,9.797170492113645,83.17251553620737,0.05775471785195617,-0.06911625038095326,0.09007032530684946,False,140.11729392067485
2020-05-19 10:30:00,-129799.00842,751092.43582,1.1641532182693481e-10,9.804653024510019,83.17140343490634,0.05704942618508995,-0.06898483492001803,0.08951840300737143,False,140.40976089839768
2020-05-19 11:00:00,-129924.49134,751196.95605,0.0,9.812608479903039,83.17028781186218,0.059749714895088256,-0.068104648496271,0.09059951201217896,False,138.73880691898546
2020-05-19 11:30:00,-130052.74516,751297.36719,1.4551915228366852e-11,9.820819173783988,83.1692041362328,0.06125507585384847,-0.06607514989640126,0.09010055355930187,False,137.16789136001273
2020-05-19 12:00:00,-130182.35113,751393.72757,1.1641532182693481e-10,9.829179321156138,83.16815405193483,0.06110886706787455,-0.0650279088631305,0.08923520922500697,False,136.77959474134053
2020-05-19 12:30:00,-130309.47144,751490.47621,1.173212913024843e-10,9.837347937018295,83.16710419936014,0.059835135492593304,-0.06330699573300794,0.08710923687047249,False,136.6149651966944
2020-05-19 13:00:00,-130433.52845,751581.47922,1.4551915228366852e-11,9.845361140838321,83.16610968649607,0.058816472091916504,-0.06163786406024635,0.08519743937025691,False,136.3417889645616
2020-05-19 13:30:00,-130556.03438,751672.8994,1.1999816708318134e-10,9.853251886437972,83.16511373332936,0.057373704536029024,-0.06087790687095847,0.0836532217979478,False,136.69737446309398
2020-05-19 14:00:00,-130674.53099,751762.06178,1.1999816708318134e-10,9.860872761262872,83.16414376296777,0.055090791803501536,-0.05918640905829106,0.08085806304106048,False,137.0525633100342
2020-05-19 14:30:00,-130787.92102,751848.85794,2.9103830456733704e-11,9.868144199695005,83.16320243329548,0.05274354201023805,-0.057043168965906624,0.07769043924099489,False,137.24275454464794
2020-05-19 15:00:00,-130896.79256,751931.83757,2.346425826049686e-10,9.875128602444276,83.16230167241372,0.04962893022073367,-0.054165287509491185,0.07346365826611341,False,137.50253655908648
2020-05-19 15:30:00,-130997.37999,752010.32274,1.243316182127096e-10,9.881556486387206,83.16145328079288,0.04993523524038877,-0.05857299868047569,0.07696962967908819,False,139.55141453115993
2020-05-19 16:00:00,-131110.07908,752108.72199,2.3283064365386963e-10,9.888621593439025,83.16041016385499,0.05060806128200839,-0.06071598603998922,0.07904180430336648,False,140.18807713491134
2020-05-19 16:30:00,-131214.39939,752194.36503,2.399963341663627e-10,9.895229673040367,83.15949258318942,0.0485196176604429,-0.057198284908010766,0.07500531377398227,False,139.69304121430076
2020-05-19 17:00:00,-131317.53693,752281.55593,1.1999816708318134e-10,9.901728592766727,83.15856305748495,0.04711326435153999,-0.055467756379459554,0.07277590037662994,False,139.65605602600203
2020-05-19 17:30:00,-131415.8181,752361.90894,2.346425826049686e-10,9.90795513114605,83.15770136211444,0.04762087838387549,-0.053315299238117675,0.07148614684609803,False,138.22897899721858
2020-05-19 18:00:00,-131519.44069,752441.13024,1.3015628661377063e-10,9.914589392088397,83.1568413359244,0.04997949033098964,-0.05224426212852504,0.07230084632353567,False,136.26918292135616
2020-05-19 18:30:00,-131625.44065,752516.19974,1.1999816708318134e-10,9.921451274650572,83.15601422912019,0.0516666087907666,-0.050181795246574123,0.07202534996865485,False,134.16476331745554
2020-05-19 19:00:00,-131733.78522,752587.03562,1.1999816708318134e-10,9.92853943338937,83.15522080555904,0.05366514666958637,-0.04813207632664995,0.07208775720316643,False,131.88881558092237
2020-05-19 19:30:00,-131845.61793,752653.56961,1.3015628661377063e-10,9.935939237149807,83.15445988847263,0.05596419533303106,-0.0458533301071643,0.07234997609668048,False,129.32890504720046
2020-05-19 20:00:00,-131960.71719,752714.86851,1.1641532182693481e-10,9.943646405174455,83.15374005201785,0.058533067671913255,-0.043379701022954784,0.07285546288320266,False,126.54267791160663
2020-05-19 20:30:00,-132080.13839,752771.00375,1.1641532182693481e-10,9.951737983835677,83.15305901415486,0.0618725608613027,-0.04125123559394439,0.0743631509926974,False,123.6919021051919
2020-05-19 21:00:00,-132205.7713,752822.64469,2.9103830456733704e-11,9.960344841095907,83.15240790943206,0.0638136348013893,-0.036903429092914664,0.07371596208000587,False,120.04079764180614
2020-05-19 21:30:00,-132329.38394,752862.11826,0.0,9.968958801919706,83.15186728451528,0.06473982812477401,-0.03291992615099382,0.07262896724731921,False,116.95314194614082
2020-05-19 22:00:00,-132455.83193,752899.02042,0.0,9.977814089584442,83.1513448151896,0.06534092272267908,-0.03008601520779832,0.07193472383581515,False,114.72355294390314
2020-05-19 22:30:00,-132579.8199,752928.03263,5.820766091346741e-11,9.986589000621697,83.15089571194416,0.06484192027913217,-0.02598656471613465,0.06985539471816896,False,111.83933167974948
2020-05-19 23:00:00,-132701.94949,752950.67355,5.820766091346741e-11,9.995308481833156,83.15050562635713,0.06470562162217407,-0.022963773695157685,0.06865968520051907,False,109.53957612078045
2020-05-19 23:30:00,-132823.57332,752969.01659,2.9103830456733704e-11,10.004045596123225,83.15015413726466,0.0634300117322813,-0.0189733865503581,0.0662069164479562,False,106.65314291101203
2020-05-20 00:00:00,-132938.69126,752978.27111,0.0,10.012420141748915,83.14989292084609,0.061143929249997876,-0.01399173583387911,0.06272438724908999,False,102.88923206237763
2020-05-20 00:30:00,-133049.09654,752980.3496,1.1641532182693481e-10,10.020539875241251,83.1497023032017,0.05853919571197351,-0.010264357975758205,0.05943226799693285,False,99.94523670343705
2020-05-20 01:00:00,-133152.64724,752977.98991,2.346425826049686e-10,10.028211303958651,83.14956145885071,0.054611955569566585,-0.006266033928341854,0.05497025443204212,False,96.54534661332531
2020-05-20 01:30:00,-133246.62395,752968.3276,2.9103830456733704e-11,10.035271378223843,83.14949996204949,0.04864420003966686,-9.670625334193966e-05,0.048644296167161885,False,90.11390572493434
2020-05-20 02:00:00,-133325.14782,752947.81745,0.0,10.04133292607624,83.1495583495803,0.04019401648586012,0.006116452586407619,0.04065673318784194,False,81.34749747419477
2020-05-20 02:30:00,-133385.26671,752921.41624,0.0,10.046113632263951,83.14969749665167,0.03181391844817158,0.011700892081685843,0.03389743769865461,False,69.80690164538169
2020-05-20 03:00:00,-133430.57391,752886.36137,2.9103830456733704e-11,10.049914839224265,83.14993621808915,0.025102164076165327,0.016969208087523252,0.03029971393304547,False,55.941079199509545
2020-05-20 03:30:00,-133463.58748,752845.49471,5.820766091346741e-11,10.05288523619839,83.15024549318423,0.01896932951392121,0.019636474344663864,0.027302501476904353,False,44.00997324312743
2020-05-20 04:00:00,-133485.47538,752804.83495,0.0,10.05503223617823,83.15057034770581,0.014365750837302271,0.02012184289594958,0.02472374078995182,False,35.52448849186288
2020-05-20 04:30:00,-133501.86249,752765.13927,1.1641532182693481e-10,10.056760904002974,83.15089529409532,0.009924984471103267,0.020862752441663236,0.0231032412486596,False,25.44171652059032
2020-05-20 05:00:00,-133507.54107,752724.64373,2.9103830456733704e-11,10.05770995758518,83.15124407533504,0.00509205010844127,0.02166275210038559,0.022253175118837246,False,13.227818004015319
2020-05-20 05:30:00,-133506.2927,752685.15043,1.1641532182693481e-10,10.058134779501115,83.15159485472762,0.0030249206870614047,0.02355509207422503,0.023748526434038613,False,7.317813371344926
2020-05-20 06:00:00,-133503.45362,752639.2468,1.1641532182693481e-10,10.058526164352907,83.1520047448197,0.002264817210207899,0.023853209300842445,0.023960488119933,False,5.423866164043147
2020-05-20 06:30:00,-133499.32291,752599.17472,2.9103830456733704e-11,10.058745912892459,83.15236515130007,0.001972183904536406,0.022305871365230576,0.022392887413541063,False,5.052693974651163
2020-05-20 07:00:00,-133496.41913,752558.93991,2.346425826049686e-10,10.059058377344876,83.15272507258106,0.0023258066057422924,0.022000799889918474,0.02212339422791067,False,6.034589198878507
2020-05-20 07:30:00,-133493.73328,752519.72689,1.1999816708318134e-10,10.05937358134733,83.15307562723669,0.008333017908680731,0.018817873639511647,0.020580368212911572,False,23.884942437010295
2020-05-20 08:00:00,-133514.12402,752486.99712,0.0,10.061307392160293,83.1533327577811,0.01457345034053039,0.015518934524086108,0.021289029653574564,False,43.200393945871326
2020-05-20 08:30:00,-133535.6306,752455.55227,0.0,10.063306886417896,83.153576782646,0.0185451830089656,0.01407516087494345,0.02328162293508692,False,52.80274275633792
2020-05-20 09:00:00,-133571.00557,752425.44024,0.0,10.066312850054109,83.15378728410428,0.024805086596599447,0.011811928554541704,0.027473878088875536,False,64.53668778283577
2020-05-20 09:30:00,-133616.12177,752398.07566,2.9103830456733704e-11,10.070002107453583,83.15395822245912,0.03128186942278874,0.008102941753347123,0.03231428507088686,False,75.47785540312441
2020-05-20 10:00:00,-133676.78494,752377.0282,5.820766091346741e-11,10.074756422329049,83.15404894435007,0.039368822424409936,0.0052859108687510125,0.0397220975377321,False,82.35283493941813
2020-05-20 10:30:00,-133752.33529,752354.54695,1.1641532182693481e-10,10.08062868516669,83.15412890883593,0.048632960062616755,0.004943320323790747,0.048883547541843556,False,84.19607683346715
2020-05-20 11:00:00,-133846.04591,752328.86228,2.3283064365386963e-10,10.087883772288022,83.15420856083844,0.05756459016272834,0.006082600918691797,0.05788505916502937,False,83.96818555965206
2020-05-20 11:30:00,-133952.52854,752296.68957,1.1999816708318134e-10,10.09616714207463,83.15432531855681,0.06572349029450947,0.010145290962305691,0.06650191053798621,False,81.22489810061171
2020-05-20 12:00:00,-134072.58411,752251.42781,2.9103830456733704e-11,10.10562495497791,83.15453616255982,0.0770069717716149,0.017009115625019933,0.07886306940374305,False,77.54462850573645
2020-05-20 12:30:00,-134214.70864,752187.76387,1.1641532182693481e-10,10.1169548829548,83.15487455590274,0.08712367446957904,0.024358649645661076,0.09046479130380639,False,74.37969698173674
2020-05-20 13:00:00,-134365.94889,752110.00585,1.1999816708318134e-10,10.129144756758057,83.15532275890384,0.09282378531305502,0.03180938282202252,0.09812284115007122,False,71.08414632468373
2020-05-20 13:30:00,-134523.52666,752016.26605,5.820766091346741e-11,10.14201515537756,83.15590176291913,0.09473671986772833,0.03676808499920145,0.10162154380742763,False,68.78836557191374
2020-05-20 14:00:00,-134678.36392,751919.65363,0.0,10.154723382790063,83.15651011975744,0.09551453680709711,0.037776993926171364,0.10271381606956435,False,68.42068700623776
2020-05-20 14:30:00,-134838.01538,751821.77568,1.1641532182693481e-10,10.167806077484627,83.15712168978132,0.09804640583173249,0.03750537745588893,0.10497500195108113,False,69.06680814106159
2020-05-20 15:00:00,-135001.95242,751724.44488,2.3283064365386963e-10,10.18120028951629,83.15772127633838,0.10125901221203719,0.03898863080731509,0.108505764300274,False,68.94136708021648
2020-05-20 15:30:00,-135171.99765,751619.19134,2.3283064365386963e-10,10.195153090782926,83.15838073744126,0.10414556939444265,0.040557018123435776,0.1117639089489866,False,68.72275563039182
2020-05-20 16:00:00,-135345.11349,751514.38284,2.9103830456733704e-11,10.209329409455952,83.15903098100145,0.10300599788259111,0.039352349985864774,0.11026714401488032,False,69.09117297420136
2020-05-20 16:30:00,-135511.83791,751414.03968,1.1641532182693481e-10,10.222976948345085,83.15965156110455,0.09786850294167489,0.03717173618912813,0.10468993189107902,False,69.20256863524548
2020-05-20 17:00:00,-135668.09676,751320.1583,0.0,10.235767878417123,83.16023139380079,0.09272063620365291,0.03349008601037734,0.09858347852958235,False,70.14061254725954
2020-05-20 17:30:00,-135818.89565,751236.07922,0.0,10.248026839651352,83.16073307207708,0.08617659628714402,0.03190959681743012,0.09189465771571464,False,69.68134244930087
2020-05-20 18:00:00,-135952.94597,751151.92243,1.1641532182693481e-10,10.25905162846006,83.16126188170159,0.07619156769482607,0.033505581346010685,0.0832332804179278,False,66.26229333506154
2020-05-20 18:30:00,-136067.31779,751068.53682,5.820766091346741e-11,10.268614322346304,83.16181510026695,0.06605785150721007,0.030428006480618754,0.07272897169720738,False,65.2679432122253
2020-05-20 19:00:00,-136167.41812,751001.74367,0.0,10.27690216937559,83.16224451773898,0.057302315737888,0.025677872148285846,0.06279258321639843,False,65.86226213714195
2020-05-20 19:30:00,-136253.80478,750940.77651,0.0,10.284099981974423,83.16264433375338,0.0480418234796757,0.02505222035720601,0.05418145944950474,False,62.45945043665705
2020-05-20 20:00:00,-136321.48898,750882.12786,2.9103830456733704e-11,10.289885995141947,83.16305354836179,0.03939198069763444,0.024483200018308587,0.046380547931426055,False,58.13791142747385
2020-05-20 20:30:00,-136377.59087,750828.72306,5.820766091346741e-11,10.29474671600742,83.16343497998116,0.033457420182268896,0.022952450718956515,0.040573562319064636,False,55.54910840481057
2020-05-20 21:00:00,-136425.22991,750779.30397,2.9103830456733704e-11,10.298929272409659,83.16379475806491,0.027665378791186187,0.023217612136882733,0.036116903203327645,False,49.9956214534339
2020-05-20 21:30:00,-136460.63823,750728.68028,2.9103830456733704e-11,10.302224853237874,83.16418475289738,0.024811673213593795,0.023065414488305035,0.03387672465241408,False,47.0888681181392
2020-05-20 22:00:00,-136498.26179,750681.63278,0.0,10.305636433904873,83.16453960818838,0.025786997753082252,0.022287816256577248,0.034083955266436115,False,49.162998984348974
2020-05-20 22:30:00,-136537.61962,750633.13079,1.1641532182693481e-10,10.30919605285794,83.16490449164039,0.026334651332530955,0.022597504145350937,0.034701023823586634,False,49.36743250735452
2020-05-21 02:00:00,-137038.22046,749945.04147,1.1641532182693481e-10,10.355466300064599,83.17017133051374,0.06084518489056741,0.07502176352890881,0.09659400357866345,False,39.04322016424766
2020-05-21 02:30:00,-137121.68394,749792.51492,1.1641532182693481e-10,10.363698891967104,83.17138259352538,0.058831442055958125,0.0768272096371593,0.09676548307643373,False,37.443559588906055
2020-05-21 03:00:00,-137196.80313,749634.87497,0.0,10.37138651845545,83.17265230888748,0.054681940042267244,0.07775615938118746,0.09505858661109336,False,35.116764521402274
2020-05-21 03:30:00,-137264.9288,749481.72686,2.3283064365386963e-10,10.378498865375196,83.17389356842665,0.048245934036394114,0.07295581297590996,0.08746554063183994,False,33.47680335401327
2020-05-21 04:00:00,-137320.33208,749345.24165,2.9103830456733704e-11,10.384446721017943,83.17500827242736,0.04090224746813072,0.06604717554907603,0.07768669928600824,False,31.769451265276984
2020-05-21 04:30:00,-137366.90651,749221.30981,1.1641532182693481e-10,10.389573000028784,83.17602642497747,0.035235727203178885,0.06090331646507976,0.07036171137758443,False,30.051607824321877
2020-05-21 05:00:00,-137405.561,749106.7086,1.1999816708318134e-10,10.393988114437537,83.17697501590422,0.029200336384894797,0.05763808356599014,0.06461275665184912,False,26.867472235548632
2020-05-21 05:30:00,-137432.86694,748998.25211,1.1641532182693481e-10,10.39748116184922,83.17788772457376,0.02594626922329604,0.05480206436396797,0.06063394383643742,False,25.335412876630187
2020-05-21 06:00:00,-137461.82815,748895.80311,1.1641532182693481e-10,10.40101604141152,83.17874472386016,0.02275853703112231,0.05265951615302234,0.057367025801128874,False,23.37317023344997
2020-05-21 06:30:00,-137479.22632,748797.00139,2.9103830456733704e-11,10.403646320065404,83.17958824906702,0.01726749312855585,0.05303345485947826,0.05577377209116344,False,18.035054221907444
2020-05-21 07:00:00,-137488.49242,748696.79591,1.1999816708318134e-10,10.40569431065499,83.18045732004981,0.010589811340446441,0.05481283460656327,0.05582643586897437,False,10.934792522402859
2020-05-21 07:30:00,-137481.0822,748596.03479,0.0,10.406515662180365,83.18135830618914,0.012645762776435686,0.05020397219390856,0.05177213671700861,False,14.137992886429913
2020-05-21 08:00:00,-137500.62211,748510.81134,2.9103830456733704e-11,10.409121519715814,83.18207853389836,0.015585122377291243,0.0461528837269853,0.0487132909566965,False,18.659038245795614
2020-05-21 08:30:00,-137506.24594,748422.48172,2.346425826049686e-10,10.410739633914913,83.18284870958146,0.012243172738857213,0.050007370163846356,0.05148429225907109,False,13.756969235675683
2020-05-21 09:00:00,-137511.44052,748325.78389,1.1999816708318134e-10,10.412440211402354,83.18369340355099,0.011413283720584418,0.05504904973283603,0.056219755618241635,False,11.713146754285845
2020-05-21 09:30:00,-137510.84015,748220.14275,2.9103830456733704e-11,10.413833708933735,83.18462638879323,0.009128939829491369,0.06014912707845209,0.060837940717205836,False,8.63002115540013
2020-05-21 10:00:00,-137504.62289,748106.87344,5.820766091346741e-11,10.414915337849544,83.1856357764429,0.00818205140783751,0.06344227656979284,0.06396771390004946,False,7.348782678465909
2020-05-21 10:30:00,-137498.5226,747990.18864,2.9103830456733704e-11,10.416052474587536,83.18667510400165,0.009330242552991086,0.06675261187941489,0.06740151792668655,False,7.956878906467409
2020-05-21 11:00:00,-137494.21158,747864.45144,2.9103830456733704e-11,10.417445889105881,83.18779138911643,0.011211364543791676,0.07087017627416974,0.07175149183163845,False,8.989456142193092
2020-05-21 11:30:00,-137492.08549,747731.96349,1.3015628661377063e-10,10.419093711320333,83.18896368185955,0.013479368365185125,0.07284832227624018,0.0740848933993112,False,10.48306514547511
2020-05-21 12:00:00,-137494.50936,747597.74599,2.9103830456733704e-11,10.421102979699459,83.1901438442678,0.013861753983330397,0.07430839251251548,0.07559024686616947,False,10.566708694623458
2020-05-21 12:30:00,-137492.77704,747459.83948,1.1999816708318134e-10,10.422855097272613,83.19136328713901,0.013276077241986851,0.0743124961396876,0.07548908072990614,False,10.129146221008284
2020-05-21 13:00:00,-137493.11627,747325.98887,0.0,10.424706126727568,83.1925435791011,0.011867267934675851,0.07369987771667823,0.07464920645048218,False,9.147336869797414
2020-05-21 13:30:00,-137486.78623,747191.16912,2.346425826049686e-10,10.426076363410756,83.19374323936478,0.007574658992641595,0.07457391819979348,0.07495761958950067,False,5.799784498074075
2020-05-21 14:00:00,-137471.35137,747057.02061,0.0,10.426762494763075,83.19495175448698,0.003378470900442635,0.07554220546323842,0.07561771533096769,False,2.5607303886182535
2020-05-21 14:30:00,-137449.53042,746921.50676,1.1999816708318134e-10,10.426993686589475,83.1961826804222,-0.0023239330636672644,0.07739789636858294,0.07743277747289135,False,358.28016561022235
2020-05-21 15:00:00,-137412.69577,746784.50356,2.3283064365386963e-10,10.426131128555076,83.19745111741061,-0.009303464919278297,0.07986885216406141,0.08040888014087087,False,353.3558854106243
2020-05-21 15:30:00,-137364.55768,746644.78731,2.9103830456733704e-11,10.42446630083204,83.19876183321027,-0.01425613832398225,0.08055038405151649,0.08180221177180552,False,349.96348847979186
2020-05-21 16:00:00,-137309.7518,746508.5947,1.3015628661377063e-10,10.422257697413615,83.20005227653743,-0.019722710968420806,0.07958984378942187,0.08199712532990679,False,346.082217963862
2020-05-21 16:30:00,-137242.89492,746375.83545,1.1641532182693481e-10,10.419106533601802,83.2013319693165,-0.02355117422487972,0.07985592246087315,0.08325638809993877,False,343.5681142875695
2020-05-21 17:00:00,-137174.37539,746241.18658,0.0,10.415856498336598,83.202631007658,-0.02314937334840432,0.07778231630512018,0.08115406469311058,False,343.4260772014566
2020-05-21 17:30:00,-137110.30593,746115.50011,0.0,10.412813448348714,83.20384373916957,-0.022956096425835886,0.07321089397624247,0.07672559781398182,False,342.5905988171115
2020-05-21 18:00:00,-137045.45901,745996.90453,0.0,10.409614766270138,83.20499515187322,-0.02266085878819915,0.07003899999034238,0.07361369465436361,False,342.0712046842846
2020-05-21 18:30:00,-136984.51175,745882.2497,0.0,10.406651004858007,83.2061054567965,-0.022419365176795297,0.0650724033528174,0.0688261985950282,False,340.98965741805273
2020-05-21 19:00:00,-136923.76165,745781.07621,0.0,10.403516970068718,83.20709648313924,-0.025019295180739774,0.06074151420755402,0.06569244004881745,False,337.61334574553405
2020-05-21 19:30:00,-136856.43577,745683.43979,1.1999816708318134e-10,10.399844970019467,83.20806693018099,-0.029139705811063885,0.05792204009227748,0.0648389171964396,False,333.29372034851565
2020-05-21 20:00:00,-136782.94088,745594.91914,5.820766091346741e-11,10.39558896194716,83.20896690750862,-0.033005815825420066,0.05424505059723674,0.06349731799531634,False,328.6812582840747
2020-05-21 20:30:00,-136704.32785,745512.80355,0.0,10.390863940910608,83.20981861607179,-0.033296126414503274,0.0511556424388967,0.061037134496524585,False,326.9407475925668
2020-05-21 21:00:00,-136631.82502,745435.39833,0.0,10.386527913412149,83.2106188369412,-0.030779098611521657,0.04977644888103407,0.058523907717649655,False,328.26956608712345
2020-05-21 21:30:00,-136563.03203,745356.5214,0.0,10.382486833472699,83.21142600653856,-0.027611030311367572,0.04833780860739535,0.05566787885145655,False,330.26456852367613
2020-05-21 22:00:00,-136502.6919,745282.14512,0.0,10.37901222975424,83.2121797718097,-0.022285021746877045,0.04625269941389791,0.051341351728710606,False,334.2747591294616
2020-05-21 22:30:00,-136454.12045,745207.18963,0.0,10.376420235975054,83.21291960929278,-0.016656076961542667,0.04611500861861544,0.0490307956252375,False,340.1410102642288
2020-05-21 23:00:00,-136413.80915,745129.64613,2.9103830456733704e-11,10.3744774834574,83.21366892511597,-0.013371360883399274,0.04583536825837755,0.04774593464636738,False,343.7366712529515
2020-05-21 23:30:00,-136377.05582,745053.54842,1.1999816708318134e-10,10.372779354712213,83.21439972969168,-0.00987147233941521,0.04578561206868335,0.04683767968902603,False,347.8331524469259
2020-05-22 00:00:00,-136349.17501,744973.91025,0.0,10.371789346373134,83.21514743921323,-0.005338234172014242,0.04523455973832993,0.0455484592362442,False,353.2695233073558
2020-05-22 00:30:00,-136328.83452,744896.82469,2.3283064365386963e-10,10.371325540879393,83.2158604474016,-0.003209043651954951,0.0425436498644498,0.042664506383515696,False,355.68638003027434
2020-05-22 01:00:00,-136310.2388,744825.33521,0.0,10.370915276736167,83.21652126062818,-0.0025101788521743797,0.03966007046545208,0.03973942862189299,False,356.37844650162754
2020-05-22 01:30:00,-136294.24295,744758.00775,2.3283064365386963e-10,10.370641767500294,83.21714115171842,-0.0014690093287364992,0.039286354342290615,0.039313809608277996,False,357.85857350980075
2020-05-22 02:00:00,-136279.57706,744687.16677,2.9103830456733704e-11,10.370515085796141,83.21778989639247,-0.0023686553836695856,0.038162479671916515,0.038235917447290685,False,356.44834180090356
2020-05-22 02:30:00,-136261.12402,744624.40211,2.346425826049686e-10,10.369996378024497,83.21837349456382,-0.004190263679420773,0.03387534724295293,0.03413352399817094,False,352.94852847732034
2020-05-22 03:00:00,-136242.78679,744569.92284,1.1999816708318134e-10,10.369373318297297,83.21888379890682,-0.0077395912128430154,0.02732120364963512,0.02839629273350224,False,344.18355588431126
2020-05-22 03:30:00,-136216.01306,744532.66722,0.0,10.367887297052542,83.21925574869364,-0.013546519639490141,0.02019921025008593,0.02432110789150586,False,326.15237661525777
2020-05-22 04:00:00,-136181.72882,744507.16955,0.0,10.365681666173373,83.21953606869432,-0.01694132131244303,0.016772550564053593,0.02383960612583964,False,314.71318124332134
2020-05-22 04:30:00,-136145.15529,744484.2452,2.346425826049686e-10,10.363270324666463,83.2197973665176,-0.02117997920577113,0.010920228291296147,0.023829454569732022,False,297.2752706840771
2020-05-22 05:00:00,-136099.6528,744482.21417,1.1999816708318134e-10,10.359909371437631,83.21988869874373,-0.028759980999373352,0.0032013080781959037,0.02893760322652584,False,276.35151609776483
2020-05-22 05:30:00,-136041.23475,744491.52733,2.3283064365386963e-10,10.355432078079458,83.21990073401633,-0.03811659055767737,-0.002408808890640419,0.03819262803229503,False,266.38395538598775
2020-05-22 06:00:00,-135966.22694,744515.41043,1.1999816708318134e-10,10.349521092365222,83.21981089815812,-0.04668764155141002,-0.004605113520912677,0.046914208340048114,False,264.3667568807829
2020-05-22 06:30:00,-135878.87216,744538.0312,2.346425826049686e-10,10.342707892200075,83.21975201395348,-0.049310043514749935,-0.009201942824977681,0.05016130125087157,False,259.429394417823
2020-05-22 07:00:00,-135797.54263,744579.86962,2.9103830456733704e-11,10.33608251083779,83.21951375186872,-0.050646343448551186,-0.01529338647954003,0.05290500708554136,False,253.1975595774822
2020-05-22 07:30:00,-135709.38236,744624.90736,0.0,10.328905469696773,83.21925815239663,-0.058722340804033775,-0.01669822130285803,0.06105033909966685,False,254.12642572208898
2020-05-22 08:00:00,-135600.34629,744676.91285,0.0,10.320079830025998,83.21897450593066,-0.06648722486212545,-0.017461210727560794,0.06874187188271146,False,255.2849933660197
2020-05-22 08:30:00,-135485.16179,744729.63034,1.1999816708318134e-10,10.310787406704145,83.21869428646741,-0.06665171318448271,-0.01919119975441472,0.06935959211558552,False,253.9371665348832
2020-05-22 09:00:00,-135376.64087,744787.83284,2.9103830456733704e-11,10.301917737961908,83.21835479179717,-0.06202990254109001,-0.020743045841549033,0.06540628991191695,False,251.50986011102455
2020-05-22 09:30:00,-135278.80858,744843.03673,2.9103830456733704e-11,10.293885459951477,83.21802446671627,-0.05651301736882794,-0.019994987672835557,0.05994598121781221,False,250.51560598859052
2020-05-22 10:00:00,-135189.33164,744895.01157,1.1641532182693481e-10,10.28651978396454,83.21770912420007,-0.05414999096824251,-0.018606061604893868,0.05725737551011093,False,251.03716066774837
2020-05-22 10:30:00,-135098.96286,744943.75253,1.1999816708318134e-10,10.27913205388885,83.21742363926936,-0.05307537189976041,-0.016578046376612282,0.055604196999533985,False,252.65385072100162
2020-05-22 11:00:00,-135011.97668,744987.83017,2.9103830456733704e-11,10.272059751005672,83.21717379040933,-0.048888907205577474,-0.016092990881959604,0.05146950168092168,False,251.77976347857194
2020-05-22 11:30:00,-134936.11477,745032.14348,1.1999816708318134e-10,10.265813119862136,83.2169039754751,-0.04413751836933696,-0.017040956510129296,0.04731294459853112,False,248.8890345758645
2020-05-22 12:00:00,-134866.55832,745076.51304,1.1641532182693481e-10,10.26003572934944,83.21662350927119,-0.039657424864259064,-0.016269649856625684,0.04286505398715314,False,247.69387273932466
2020-05-22 12:30:00,-134806.06333,745115.20667,2.9103830456733704e-11,10.255009970668759,83.21637860387834,-0.03389171702641071,-0.0179155534115419,0.03833556491092975,False,242.1385520946114
2020-05-22 13:00:00,-134757.97943,745161.70014,1.3015628661377063e-10,10.250803634120233,83.21604498743764,-0.02812024320825293,-0.02147653635534063,0.035383466363734954,False,232.62960346046384
2020-05-22 13:30:00,-134720.20518,745209.30324,2.346425826049686e-10,10.247350354992754,83.21568508868751,-0.02271687121860374,-0.02229592660259593,0.031830246323755834,False,225.53579533001948
2020-05-22 14:00:00,-134691.78223,745255.23379,1.1641532182693481e-10,10.244616140817207,83.21532501096144,-0.021790363917034098,-0.020772652300692175,0.030105199604756543,False,226.36972134247816
2020-05-22 14:30:00,-134656.31047,745296.84416,2.399963341663627e-10,10.24141557105406,83.21501429426208,-0.018142169253132518,-0.019664720748531483,0.026755177953566887,False,222.69384203690555
2020-05-22 15:00:00,-134640.09773,745336.51105,2.346425826049686e-10,10.239675134022225,83.21469000412648,-0.01302589876644691,-0.020723308977312054,0.024477123475663262,False,212.15193611459574
2020-05-22 15:30:00,-134623.42617,745378.59587,5.820766091346741e-11,10.2378682003042,83.2143450956035,-0.014488089936479154,-0.023046641644591786,0.027222278396595332,False,212.15519878049983
2020-05-22 16:00:00,-134603.51735,745427.42813,0.0,10.235729786256355,83.21394577900155,-0.016752522694272638,-0.026295063947270648,0.031178155888589246,False,212.50111506573057
2020-05-22 16:30:00,-134580.89824,745482.46838,0.0,10.233306473450035,83.21349597201699,-0.020451023372097255,-0.02783772852983432,0.0345424881365952,False,216.30291265022234
2020-05-22 17:00:00,-134548.86886,745539.12952,1.1641532182693481e-10,10.23016132805732,83.21304683654236,-0.02621169465057446,-0.029394454444507594,0.03938384044941765,False,221.72410420692037
2020-05-22 17:30:00,-134506.83022,745603.36509,1.1641532182693481e-10,10.226169981300878,83.21254675728896,-0.032912240666204406,-0.03130150556710487,0.04542025799615912,False,226.43690377394435
2020-05-22 18:00:00,-134452.27248,745671.05987,0.0,10.221201151955674,83.21203603605312,-0.03900370705268983,-0.03339859211105448,0.05134934389895003,False,229.42679516638526
2020-05-22 18:30:00,-134389.98079,745746.60809,0.0,10.215552239060077,83.21146823873399,-0.043725065584508005,-0.036468618180701476,0.05693717127131727,False,230.17041494374965
2020-05-22 19:00:00,-134320.64159,745828.18267,1.3015628661377063e-10,10.209299115981041,83.21085837953214,-0.04884878753288759,-0.03840113031150346,0.0621357453695879,False,231.82831545274004
2020-05-22 19:30:00,-134241.4125,745913.83276,1.1999816708318134e-10,10.202256702595156,83.21022817345802,-0.0528069980169741,-0.03778043309402723,0.06493027155600825,False,234.4184140167407
2020-05-22 20:00:00,-134157.63271,745995.71383,2.9103830456733704e-11,10.194927460104225,83.2096383640796,-0.054626352688905006,-0.03624484260298778,0.06555705166805473,False,236.43553850703736
2020-05-22 20:30:00,-134070.95746,746077.0615,1.3015628661377063e-10,10.187391216378954,83.20905774619962,-0.055307500341852944,-0.0359420291078722,0.06596020808377727,False,236.9818468241211
2020-05-22 21:00:00,-133984.54992,746158.28091,2.346425826049686e-10,10.179877887694644,83.20847771848536,-0.05371505041795445,-0.035645946274056386,0.06446658147580266,False,236.4312749811051
2020-05-22 21:30:00,-133903.30754,746237.54355,1.1641532182693481e-10,10.172776165925734,83.20790666726455,-0.05060755430176401,-0.034088917560027576,0.061017856835686626,False,236.0360498749402
2020-05-22 22:00:00,-133826.90124,746311.24918,2.346425826049686e-10,10.166109460914573,83.20737691902816,-0.04662674969236685,-0.030690184253301268,0.05582061623071008,False,236.64669517161374
2020-05-22 22:30:00,-133757.58738,746375.92069,1.1641532182693481e-10,10.160091715421688,83.206915622373,-0.03959149424172551,-0.02605948092484367,0.04739813247760797,False,236.64672460017943
2020-05-22 23:00:00,-133703.15564,746428.73425,0.0,10.155339580154875,83.2065354150928,-0.03250144392232798,-0.021712685216219652,0.039086884710026124,False,236.25497924414876
2020-05-22 23:30:00,-133656.19724,746473.49183,1.1999816708318134e-10,10.151251044851714,83.20621447785344,-0.02785942871599741,-0.02118906303321775,0.035001773678021174,False,232.7444476750625
2020-05-23 00:00:00,-133617.87596,746521.49731,5.820766091346741e-11,10.147761990707473,83.20585117797766,-0.02320753349401776,-0.02169834142575308,0.031771176111445865,False,226.92486623117773
2020-05-23 00:30:00,-133587.71978,746565.10384,5.820766091346741e-11,10.144939037897522,83.20551379453123,-0.021682722547100082,-0.01758985278821574,0.02792030404858843,False,230.94971564596185
2020-05-23 01:00:00,-133552.19229,746597.57975,5.820766091346741e-11,10.141865003239637,83.20528316090174,-0.02360608563405887,-0.015189145537329809,0.02807057928003458,False,237.24107152686273
2020-05-23 01:30:00,-133513.69428,746633.89449,0.0,10.138519239104484,83.20502330128642,-0.02125355794130132,-0.01544636652563273,0.02627363629207879,False,233.99161485582246
2020-05-23 02:00:00,-133486.66263,746665.78681,0.0,10.136085143914853,83.20478436861917,-0.01868382392821637,-0.017704918094697042,0.025740034990662335,False,226.54096145668734
2020-05-23 02:30:00,-133458.69929,746708.47459,0.0,10.13343847301521,83.20445156864506,-0.026390878672107463,-0.02317207156021866,0.035120127811239396,False,228.71578838924088
2020-05-23 03:00:00,-133407.81444,746764.62066,2.3283064365386963e-10,10.128909003998205,83.20403607630733,-0.03468457873187216,-0.02768196926878951,0.04437692445861526,False,231.40642368013337
2020-05-23 03:30:00,-133353.30656,746828.53561,1.1641532182693481e-10,10.124007582046671,83.20355765175508,-0.03562129111125712,-0.03189267883396067,0.04781233463907707,False,228.16107830347215
2020-05-23 04:00:00,-133301.75634,746900.18795,1.1999816708318134e-10,10.119224070886363,83.20300619064398,-0.0341157346408076,-0.028243446749613123,0.04428967864390339,False,230.37960926265018
2020-05-23 04:30:00,-133250.26466,746950.20889,2.346425826049686e-10,10.114732549519868,83.20264560947219,-0.03368966295620464,-0.02665296760117926,0.04295781735670678,False,231.6513541400458
2020-05-23 05:00:00,-133199.20937,747015.94704,2.9103830456733704e-11,10.110065612296506,83.20214550382207,-0.03557904880161996,-0.030318966739302622,0.046745143681103316,False,229.56376198066638
2020-05-23 05:30:00,-133143.32879,747080.14628,1.1999816708318134e-10,10.105061074737279,83.2016665372209,-0.03686339705619786,-0.03177363867288797,0.04866697193208284,False,229.2409887477263
2020-05-23 06:00:00,-133088.62904,747151.84191,2.9103830456733704e-11,10.100045758772293,83.20111945985478,-0.0354457389326135,-0.03926944541215063,0.05290075378911789,False,222.0703240643836
2020-05-23 06:30:00,-133042.49332,747241.70319,1.1641532182693481e-10,10.095427366786671,83.20039844006875,-0.035999517037065366,-0.037536103887503135,0.05200888695170651,False,223.8029321047842
2020-05-23 07:00:00,-132984.72401,747307.59673,1.1641532182693481e-10,10.090262373082908,83.19990732644274,-0.037939567395396945,-0.035230947992545114,0.05177480536518979,False,227.1200018809871
2020-05-23 07:30:00,-132930.24419,747390.50206,0.0,10.085117727056545,83.19926075081449,-0.03890212217400442,-0.04079466618994701,0.05637002660271123,False,223.63966401578347
2020-05-23 08:00:00,-132872.55723,747476.71222,1.1641532182693481e-10,10.079692101008577,83.19858996802617,-0.03976804539401861,-0.042133343691857034,0.057937173603109716,False,223.34576735405298
2020-05-23 08:30:00,-132815.83564,747564.89737,1.1641532182693481e-10,10.074313198824708,83.19790016646004,-0.038699060311846445,-0.04458859805467234,0.059040328128331564,False,220.955164374832
2020-05-23 09:00:00,-132763.46747,747659.12625,2.9103830456733704e-11,10.069179079318042,83.19715009930033,-0.03687135785072894,-0.04491120221511616,0.05810777154704494,False,219.38543213581957
2020-05-23 09:30:00,-132713.41097,747747.29473,2.9103830456733704e-11,10.064297712217618,83.1964498794748,-0.03591873490418052,-0.04481077153258342,0.05742961572622774,False,218.71443337235223
2020-05-23 10:00:00,-132664.34075,747840.55959,2.9103830456733704e-11,10.059423454183737,83.19570305230016,-0.03489449421522093,-0.047042624978361924,0.058571616772895116,False,216.5666687518331
2020-05-23 10:30:00,-132619.30281,747935.98674,1.3015628661377063e-10,10.054821268210747,83.19493076256184,-0.03273871265534985,-0.04774202332868219,0.05788889442583956,False,214.44007106605005
2020-05-23 11:00:00,-132578.29864,748030.36824,2.9103830456733704e-11,10.050533446944604,83.19416134970176,-0.031106426212224265,-0.04796746908821866,0.057170690414107876,False,212.96300729618713
2020-05-23 11:30:00,-132539.17419,748125.5626,2.9103830456733704e-11,10.046375479692252,83.19338177733911,-0.029294394627865823,-0.05110295882201926,0.058903938382574475,False,209.8231733482354
2020-05-23 12:00:00,-132506.54865,748229.91501,1.1999816708318134e-10,10.042580574906921,83.1925111129827,-0.02650807971146502,-0.04754106900938792,0.05443189811631382,False,209.14328334080062
2020-05-23 12:30:00,-132475.05199,748310.72912,1.1641532182693481e-10,10.039179797005348,83.19184656209318,-0.02298112858591815,-0.03576574142120477,0.042512592610789886,False,212.72260407649063
2020-05-23 13:00:00,-132447.52838,748371.12224,5.820766091346741e-11,10.036342905174362,83.19135615232945,-0.023073961375746497,-0.027615310608134304,0.03598629007765563,False,219.88042964523996
2020-05-23 13:30:00,-132410.58221,748423.09912,1.1999816708318134e-10,10.032917506129344,83.19095479127702,-0.02469755948594335,-0.022329152135448345,0.033295051879366516,False,227.8831526554407
2020-05-23 14:00:00,-132373.98099,748465.7675,0.0,10.029640317725162,83.19063508939807,-0.025899250255452283,-0.019873534857982645,0.032645498181923895,False,232.4995249547497
2020-05-23 14:30:00,-132331.22984,748509.78847,2.3283064365386963e-10,10.025889199285736,83.19031302172567,-0.030401644429153916,-0.013675329300522312,0.033335785808563584,False,245.78073519760142
2020-05-23 15:00:00,-132274.77721,748533.30067,1.1999816708318134e-10,10.021390455204408,83.19019347238888,-0.031910193299559186,-0.008696950825703528,0.03307411964179754,False,254.7546236015742
2020-05-23 15:30:00,-132223.5541,748560.61017,1.1999816708318134e-10,10.017230247896835,83.19003217842656,-0.033121176904184195,-0.009029515325886747,0.034329936011281585,False,254.7505698856998
2020-05-23 16:00:00,-132163.01295,748586.05185,2.9103830456733704e-11,10.01240308500078,83.18990188045844,-0.03790062774929457,-0.008974461236187121,0.038948665423483034,False,256.67833627956077
2020-05-23 16:30:00,-132094.80696,748616.14822,1.1641532182693481e-10,10.006946221517973,83.18974236380409,-0.040702122427242735,-0.009901094516768051,0.04188907307057809,False,256.32792434676963
2020-05-23 17:00:00,-132024.90824,748646.61528,1.1641532182693481e-10,10.001359119822531,83.1895821477251,-0.0438810433470942,-0.008998227052387422,0.0447941296970471,False,258.4115993919863
2020-05-23 17:30:00,-131944.86165,748675.48477,3.4924596548080444e-10,9.995039964933794,83.18945177934906,-0.04751942304359652,-0.008007482444277287,0.048189369590104635,False,260.43496606649154
2020-05-23 18:00:00,-131861.43797,748704.6961,1.1641532182693481e-10,9.98846592120563,83.1893235625255,-0.050812351760354285,-0.007139706261455072,0.05131150452791109,False,262.0016631375529
2020-05-23 18:30:00,-131769.168,748732.52636,0.0,9.981253553909458,83.1892212110869,-0.05422521710598409,-0.005947339605226941,0.05455038971969871,False,263.7409034218575
2020-05-23 19:00:00,-131672.89278,748759.61756,2.3283064365386963e-10,9.973753758907925,83.18913150352607,-0.05464032062577397,-0.0067909611449439924,0.05506071005135621,False,262.9153348896634
2020-05-23 19:30:00,-131579.66984,748790.6731,2.9103830456733704e-11,9.966429012644046,83.18900191649185,-0.05276379265870047,-0.008275316113950477,0.05340878834532892,False,261.0865114753803
2020-05-23 20:00:00,-131490.96558,748821.83393,0.0,9.95943857583694,83.18886427761797,-0.05150073051695349,-0.008673626479557068,0.052226018803722137,False,260.4400990778605
2020-05-23 20:30:00,-131402.46155,748853.49317,5.820766091346741e-11,9.952456791993924,83.18872182326847,-0.051423290584431985,-0.008132177560687563,0.05206233884882124,False,261.013556229401
2020-05-23 21:00:00,-131313.68734,748882.66434,1.1641532182693481e-10,9.945487628360926,83.18860166918876,-0.05157265080425106,-0.007145163966711431,0.052065263651386695,False,262.1121348384315
2020-05-23 21:30:00,-131224.03261,748910.89503,0.0,9.938465584337642,83.18849108704048,-0.050736133431047624,-0.0049853976710860365,0.05098048082817519,False,264.38805842760996
2020-05-23 22:00:00,-131136.87572,748931.8661,3.4924596548080444e-10,9.931723528453778,83.18844068205412,-0.049548736278562495,-0.003415597793782473,0.04966632234312731,False,266.056605038746
2020-05-23 22:30:00,-131050.45107,748953.77213,2.346425826049686e-10,9.925023781810017,83.18838078930844,-0.04939274423289251,-0.003712273833820041,0.04953205184396465,False,265.701828575077
2020-05-24 02:00:00,-130649.41966,748966.80067,1.4551915228366852e-11,9.895084422995195,83.1888847694888,-0.017202012357563287,0.011310059165460969,0.02058705096598315,False,303.32430593130175
2020-05-24 02:30:00,-130615.41822,748952.06634,1.173212913024843e-10,9.892750887633174,83.18906737903583,-0.017699871007960173,0.010944460332042072,0.020810253378036308,False,301.7299773466682
2020-05-24 03:00:00,-130579.87846,748938.93375,1.1999816708318134e-10,9.890282279103333,83.18923819309394,-0.02194018128107662,0.008694652839953302,0.023600180987734247,False,291.61787892288294
2020-05-24 03:30:00,-130532.23112,748934.79733,1.173212913024843e-10,9.886798162851353,83.18934814504425,-0.025463683745850386,0.008058233434200129,0.026708319228074724,False,287.5604881686836
2020-05-24 04:00:00,-130484.58957,748926.09474,1.173212913024843e-10,9.883373434064776,83.18949841419493,-0.02898966347953302,0.006238798822974094,0.029653384282575797,False,282.1452542711919
2020-05-24 04:30:00,-130425.56211,748930.58414,0.0,9.878932534444477,83.18954960327757,-0.03412413709282509,0.0016054342455601297,0.03416188155600827,False,272.69360159269263
2020-05-24 05:00:00,-130362.57261,748941.47733,2.3283064365386963e-10,9.874114606971462,83.18955025408435,-0.03794431720618093,-0.0009020428170352559,0.03795503773528678,False,268.6381751665589
2020-05-24 05:30:00,-130291.5429,748957.20803,1.1641532182693481e-10,9.868637173123572,83.1895204669913,-0.044541698051703195,-0.0033349715093110455,0.04466637326106762,False,265.7180813853523
2020-05-24 06:00:00,-130206.65284,748980.78796,1.1999816708318134e-10,9.862029266262889,83.1894425452634,-0.04595875600887481,-0.010108821824021268,0.047057364275457404,False,257.5950840068565
2020-05-24 06:30:00,-130134.76929,749021.39994,1.4551915228366852e-11,9.856167574485838,83.18919403730843,-0.04887701030223788,-0.013924195384309274,0.050821701596714446,False,254.09868507217567
2020-05-24 07:00:00,-130041.87316,749060.29477,1.173212913024843e-10,9.848768223534128,83.18899287666783,-0.055622709745565144,-0.014830884828317691,0.05756597071387063,False,255.07035020543373
2020-05-24 07:30:00,-129946.61103,749108.25527,2.346425826049686e-10,9.841076860382486,83.1887151059526,-0.056585614320748885,-0.022704830204148194,0.06097082140381366,False,248.13700467362014
2020-05-24 08:00:00,-129855.13261,749175.64642,1.173212913024843e-10,9.833416995557451,83.18825968064674,-0.05527264890478937,-0.03209027175965114,0.06391284110850007,False,239.86134674046357
2020-05-24 08:30:00,-129770.28268,749256.06591,2.9103830456733704e-11,9.826082750266746,83.18767883455241,-0.054651175521907513,-0.038715386920286976,0.0669748622269122,False,234.68589813145505
2020-05-24 09:00:00,-129685.06009,749346.55321,0.0,9.818592736991317,83.18700945956712,-0.05414115475513822,-0.041485731543402626,0.06820799483866313,False,232.5388112793332
2020-05-24 09:30:00,-129603.69773,749436.46452,2.9103830456733704e-11,9.811398139627427,83.18633915840879,-0.05227653558690828,-0.04089319243456556,0.06637084721818531,False,231.96579185576022
2020-05-24 10:00:00,-129524.70344,749523.68509,1.1641532182693481e-10,9.804415242546533,83.1856889161541,-0.05047304663736067,-0.03965747595249937,0.06418912552590393,False,231.8427157423945
2020-05-24 10:30:00,-129448.9597,749608.08766,2.3283064365386963e-10,9.797711053132039,83.18505851984331,-0.048496375000065,-0.037793805084166854,0.06148390107082443,False,232.07028722264525
2020-05-24 11:00:00,-129375.81585,749687.46783,0.0,9.791265379479299,83.18446845948884,-0.046769373549147925,-0.035014545269663175,0.0584242473860043,False,233.1791247543169
2020-05-24 11:30:00,-129304.47883,749760.93676,2.3283064365386963e-10,9.785030561953702,83.1839278115762,-0.0446383163606153,-0.032329070125240014,0.05511576963694748,False,234.0862589420451
2020-05-24 12:00:00,-129237.2355,749829.4703,1.1641532182693481e-10,9.779163635804407,83.1834244737516,-0.0430485361071664,-0.029784506515239353,0.052347810740529965,False,235.321338314985
2020-05-24 12:30:00,-129169.96808,749892.92562,2.346425826049686e-10,9.773360695102395,83.18296599234286,-0.04294743633989212,-0.02661215386376605,0.05052414295599525,False,238.21579175328017
2020-05-24 13:00:00,-129101.13142,749950.12903,1.173212913024843e-10,9.767521953628684,83.18256509669696,-0.04373746926576334,-0.022665038216237783,0.049261244149098715,False,242.60651837599997
2020-05-24 13:30:00,-129028.63814,750000.04935,1.1641532182693481e-10,9.761505553009403,83.18223407614175,-0.0447336339728674,-0.018912777370348213,0.048567387785208624,False,247.08201387109813
2020-05-24 14:00:00,-128953.96569,750044.53338,1.173212913024843e-10,9.755397397612816,83.18195435183593,-0.04408962198372797,-0.017363241218589207,0.04738540822112799,False,248.50463812620467
2020-05-24 14:30:00,-128882.80206,750088.5475,0.0,9.749556069949104,83.18167337428547,-0.04734780220090962,-0.013919708030904792,0.04935152120170256,False,253.61727181309158
2020-05-24 15:00:00,-128794.46126,750122.78527,2.346425826049686e-10,9.742565330270446,83.18150483210277,-0.0509245965027099,-0.010563642113456895,0.052008701807149664,False,258.28094338524943
2020-05-24 15:30:00,-128708.55282,750157.05131,4.3655745685100555e-11,9.735755043172913,83.18133224872975,-0.05127109897987729,-0.0093946000759283,0.05212469761246588,False,259.6166577519058
2020-05-24 16:00:00,-128618.26275,750187.33137,2.346425826049686e-10,9.728670713418072,83.18120145145411,-0.05325293541497646,-0.0068471123443959205,0.05369132218309056,False,262.67326907946676
2020-05-24 16:30:00,-128523.76459,750213.74218,0.0,9.721323618670398,83.18111113325308,-0.055116595396435056,-0.004974850180611464,0.055340656143687494,False,264.84243147973234
2020-05-24 17:00:00,-128425.7163,750238.48807,2.3283064365386963e-10,9.713734459743213,83.18104079649433,-0.05688019290040604,-0.0034190879087354076,0.0569828615156791,False,266.5600701655694
2020-05-24 17:30:00,-128324.00845,750260.42416,0.0,9.705909587225417,83.1810007179899,-0.058291953803000535,-0.0033656294307643705,0.05838903441260504,False,266.6955557996107
2020-05-24 18:00:00,-128220.91175,750285.80991,2.3283064365386963e-10,9.697938013468653,83.18093210891239,-0.059975936754875316,-0.004020831558897174,0.06011056542780002,False,266.1645873505171
2020-05-24 18:30:00,-128113.61895,750311.06375,0.0,9.689656923346165,83.18087086935435,-0.0618486010307219,-0.004356323754141127,0.06200183066739488,False,265.9710095096012
2020-05-24 19:00:00,-128004.0728,750338.74432,0.0,9.68117806372372,83.18079142811504,-0.06304552021938616,-0.0055728596044347725,0.06329134525275766,False,264.94851360124295
2020-05-24 19:30:00,-127893.26111,750369.00784,2.3283064365386963e-10,9.672572830224109,83.18069090455276,-0.0653164315922131,-0.004055014090036084,0.0654421834538751,False,266.4474882759936
2020-05-24 20:00:00,-127774.72911,750392.64234,2.9103830456733704e-11,9.663478743752531,83.18066047185167,-0.06709494168394167,-0.0024809427630925265,0.06714079442905986,False,267.88236170377036
2020-05-24 20:30:00,-127656.64587,750418.35796,1.173212913024843e-10,9.654391768156213,83.18061078839742,-0.06508290352965786,-0.003072196781573165,0.06515537372247557,False,267.29739559015127
2020-05-24 21:00:00,-127545.60376,750442.83856,1.1641532182693481e-10,9.645842993413158,83.18056127225415,-0.06381256475020888,-0.002494472058693525,0.06386130135576008,False,267.7614128284466
2020-05-24 21:30:00,-127431.67311,750465.70331,2.9103830456733704e-11,9.637100353313743,83.18053023172062,-0.06343006357119495,-0.0009751390611378672,0.06343755875531773,False,269.1192354458044
2020-05-24 22:00:00,-127321.0657,750484.52665,1.173212913024843e-10,9.62865528671694,83.18052978771819,-0.061156586796203144,0.001199486676713754,0.06116834865229846,False,271.1236191757829
2020-05-24 22:30:00,-127213.88869,750498.27098,1.1641532182693481e-10,9.620528684541892,83.18056897185025,-0.057702881192667796,0.004884341657058649,0.057909233213348746,False,274.83834834645177
2020-05-24 23:00:00,-127113.31819,750501.90663,1.173212913024843e-10,9.61301934346939,83.18068752623901,-0.05431906757308884,0.009548113398299767,0.055151859184224994,False,279.96950804084895
2020-05-24 23:30:00,-127015.34584,750497.03565,1.1641532182693481e-10,9.605809417881432,83.18087731058658,-0.05245561794370273,0.012227311650643048,0.05386185110129115,False,283.12124668864374
2020-05-25 00:00:00,-126919.78039,750490.01701,1.4551915228366852e-11,9.598804693011203,83.18108238187622,-0.04956459953851152,0.01602763458126123,0.052091598148679,False,287.91957796725796
2020-05-25 00:30:00,-126829.79014,750469.89729,1.4551915228366852e-11,9.592377710343325,83.18139489378083,-0.0468616204322924,0.021744477825875633,0.05166075672558661,False,294.8919902221438
2020-05-25 01:00:00,-126740.3929,750440.94345,1.1641532182693481e-10,9.586104910597872,83.18178457105512,-0.04500380746179109,0.025027027632745533,0.05149460940902622,False,299.07883477936116
2020-05-25 01:30:00,-126655.03485,750408.03815,2.3283064365386963e-10,9.580180766506924,83.18220308746108,-0.04315481902028958,0.030811795370029094,0.053025514034269326,False,305.5261810828998
2020-05-25 02:00:00,-126568.74165,750357.42371,0.0,9.574408243692817,83.18277956741667,-0.041821976718020654,0.03678560653316989,0.05569792262388116,False,311.3340829282368
2020-05-25 02:30:00,-126484.5464,750302.49688,1.1641532182693481e-10,9.568844504981984,83.18339099428752,-0.039647447530285346,0.04057418413720168,0.05672904471314741,False,315.6618630578996
2020-05-25 03:00:00,-126403.71561,750237.11545,1.4551915228366852e-11,9.563660425061704,83.18408981872916,-0.037502051444775725,0.04485064314026435,0.05846352754206632,False,320.09917827555114
2020-05-25 03:30:00,-126324.58951,750165.70921,1.4551915228366852e-11,9.558677243702473,83.18483934103101,-0.03565355685437013,0.047653329090068294,0.05951483755950404,False,323.19667595346726
2020-05-25 04:00:00,-126248.65734,750089.25924,2.9103830456733704e-11,9.553993272566771,83.18562867177525,-0.03385509664339001,0.050368701664489764,0.06068915616565822,False,326.093156200032
2020-05-25 04:30:00,-126174.3055,750007.12596,0.0,9.549496651007722,83.18646587858224,-0.03295549153048209,0.05229178023472848,0.061810150478160276,False,327.77991955197035
2020-05-25 05:00:00,-126100.43094,749923.29977,1.4551915228366852e-11,9.545055539097891,83.18731730846227,-0.03228378665674716,0.05211232860001878,0.06130202013812188,False,328.22162698748514
2020-05-25 05:30:00,-126028.58375,749841.3911,0.0,9.540740025948763,83.18814872015341,-0.032084582557580926,0.050525203380220804,0.05985162165310896,False,327.583581170085
2020-05-25 06:00:00,-125956.37592,749763.06969,1.4551915228366852e-11,9.53635186821857,83.18894889514381,-0.03276502195885098,0.04907655573067983,0.05900893988499125,False,326.271704429695
2020-05-25 06:30:00,-125882.98928,749686.69888,2.3283064365386963e-10,9.531850713085657,83.18973352521287,-0.03327730629867693,0.045883476217082955,0.056680441990686524,False,324.0482424349301
2020-05-25 07:00:00,-125810.87838,749620.00781,1.4551915228366852e-11,9.527322589313949,83.19043058775883,-0.033515820408705876,0.04234693306920439,0.054005304906428415,False,321.6398636642766
2020-05-25 07:30:00,-125738.76354,749556.32357,0.0,9.522755745803657,83.19110101328282,-0.034376549129976716,0.03993835919061308,0.0526955374289335,False,319.28010028871773
2020-05-25 08:00:00,-125665.04161,749498.68502,1.1641532182693481e-10,9.517993136638559,83.1917202949446,-0.03315544626777378,0.037204144812989226,0.04983404467310583,False,318.29333651660295
2020-05-25 08:30:00,-125598.89995,749443.96942,2.3283064365386963e-10,9.513756925856883,83.19230243226963,-0.030713410543518886,0.033841505946803026,0.0457007780235987,False,317.7741742343942
2020-05-25 09:00:00,-125535.85759,749396.80646,1.1641532182693481e-10,9.509656393956563,83.19281312189558,-0.029704444444900772,0.03129385451024967,0.043146950644151784,False,316.49259715123185
2020-05-25 09:30:00,-125474.82085,749350.52702,1.243316182127096e-10,9.505693413162538,83.19331298893641,-0.028532130935554165,0.03127648526251129,0.04233557636432617,False,317.6272084860529
2020-05-25 10:00:00,-125415.95766,749302.72018,4.3655745685100555e-11,9.5019105387829,83.19382311767424,-0.027153912532862624,0.03219535677655695,0.04211740689800531,False,319.8553539497758
2020-05-25 10:30:00,-125359.27457,749252.35121,1.173212913024843e-10,9.498321159711754,83.19435265705974,-0.02255536583004998,0.03461316363022291,0.04131362516434466,False,326.91007465620294
2020-05-25 11:00:00,-125315.309,749193.22051,4.3655745685100555e-11,9.495786365749817,83.19494086755924,-0.01699671675200178,0.039548443309642405,0.04304611188671721,False,336.74343943720237
2020-05-25 11:30:00,-125275.43658,749122.02219,2.9103830456733704e-11,9.493705821077228,83.19562977415673,-0.012942685811081194,0.04516546666926608,0.04698332146046029,False,344.00973361139745
2020-05-25 12:00:00,-125242.53508,749040.53691,2.9103830456733704e-11,9.492271557185617,83.19639937155696,-0.00671680358260936,0.04948848559659118,0.04994222318851421,False,352.27078423907244
2020-05-25 12:30:00,-125222.20623,748950.29073,1.4551915228366852e-11,9.491881641174205,83.19722787778163,-0.001125081643987405,0.05367337259313399,0.05368516307348823,False,358.7991626425337
2020-05-25 13:00:00,-125206.67606,748850.62613,1.4551915228366852e-11,9.491966004690028,83.19813261255997,0.003928470529522128,0.05662958655715373,0.05676568465486425,False,3.9683276741321265
2020-05-25 13:30:00,-125202.53561,748746.88318,2.9103830456733704e-11,9.492949013701475,83.19905657992167,0.01078447252059749,0.05984842482979938,0.060812324426514644,False,10.214874776043985
2020-05-25 14:00:00,-125209.43443,748631.71914,4.3655745685100555e-11,9.49489638259189,83.20006525562133,0.016223080849811285,0.06374091214257786,0.06577303575955228,False,14.279509829875337
2020-05-25 14:30:00,-125222.28573,748510.92537,1.243316182127096e-10,9.49735769156742,83.2011149199716,0.018508902913344144,0.06753749724989301,0.07002780177782895,False,15.325833596363054
2020-05-25 15:00:00,-125235.03538,748380.92232,2.9103830456733704e-11,9.499926959667677,83.20224619672082,0.022332279262021085,0.06358036696256081,0.06738838000820907,False,19.35356468164855
2020-05-25 15:30:00,-125263.80202,748271.90598,1.4551915228366852e-11,9.503428431647006,83.20316806976541,0.023708042137277542,0.06768186879359275,0.07171406155961349,False,19.304666627007748
2020-05-25 16:00:00,-125278.98397,748126.5199,0.0,9.506372578293185,83.20443180152773,0.021678052989788546,0.07669873559362098,0.07970341286976526,False,15.782360539332558
2020-05-25 16:30:00,-125295.16881,747986.69332,0.0,9.509323155062411,83.20564484441368,0.02449069890231839,0.07250595941082734,0.07653044154327453,False,18.66368160620857
2020-05-25 17:00:00,-125322.81611,747854.51939,2.332849477807962e-10,9.513033420136264,83.2067731752327,0.022856117190409586,0.07213076193854316,0.07566537458346799,False,17.581877313407972
2020-05-25 17:30:00,-125333.403,747716.99465,1.4551915228366852e-11,9.515540207608638,83.20797411357773,0.01720843459006339,0.07314767540369761,0.07514461150345511,False,13.238454246273932
2020-05-25 18:00:00,-125340.38139,747584.56966,4.3655745685100555e-11,9.517715141854714,83.20913527511972,0.01246564875303764,0.07273756829930485,0.07379800973556229,False,9.724786502410893
2020-05-25 18:30:00,-125334.36316,747451.32355,1.243316182127096e-10,9.51893208037144,83.2103229703965,0.004983166200583356,0.07549834671540753,0.07566262156535765,False,3.776253017312172
2020-05-25 19:00:00,-125313.12625,747313.55124,1.173212913024843e-10,9.519071162649887,83.21157327995049,-0.0004896290853865989,0.07742534483120038,0.07742689299507984,False,359.63767282897237
2020-05-25 19:30:00,-125286.52934,747176.72177,1.4551915228366852e-11,9.51879872377407,83.21282319884976,-0.005244329688520339,0.07828796593654477,0.07846342207910315,False,356.1676138823317
2020-05-25 20:00:00,-125247.89894,747038.7172,1.4551915228366852e-11,9.51764318479408,83.21410136123335,-0.011837008067071653,0.08046694722597308,0.08133292295157882,False,351.6315814754191
2020-05-25 20:30:00,-125196.60356,746898.07445,1.4551915228366852e-11,9.515575213107395,83.21542164040403,-0.01896838183242115,0.08511422263564568,0.08720223852752167,False,347.43648612048656
2020-05-25 21:00:00,-125129.89775,746747.81078,1.173212913024843e-10,9.512476666474686,83.21684986840674,-0.023815797756367524,0.08912588799253147,0.09225300067330855,False,345.0392412722078
2020-05-25 21:30:00,-125059.02064,746595.80218,1.1999816708318134e-10,9.509087255829312,83.21829969380518,-0.02480078381544877,0.09031953857134842,0.0936626816058665,False,344.6456250652937
2020-05-25 22:00:00,-124988.12558,746441.87808,1.4551915228366852e-11,9.505719005385938,83.2197664669442,-0.02338382284600756,0.08952062048194198,0.09252429228243442,False,345.3607800595914
2020-05-25 22:30:00,-124922.77245,746291.85534,2.3283064365386963e-10,9.502714409567163,83.2211904936096,-0.017720974284348663,0.08711192912622356,0.08889612548181582,False,348.50135664904826
2020-05-25 23:00:00,-124873.43142,746143.11074,1.173212913024843e-10,9.500888637671997,83.22257948660004,-0.010522041140779507,0.08695417602585247,0.08758848142366205,False,353.1003704022296
2020-05-25 23:30:00,-124833.74222,745989.36667,1.173212913024843e-10,9.499845736877923,83.22399841331612,-0.008515233560041526,0.09708716748043889,0.09745987529212648,False,354.9875800200357
2020-05-26 00:00:00,-124785.51149,745803.44958,1.173212913024843e-10,9.498566373179543,83.22571461446135,-0.006924429408194731,0.10924366351759532,0.10946289664253664,False,356.37314861751605
2020-05-26 00:30:00,-124744.25629,745605.5951,1.4551915228366852e-11,9.49795708361913,83.2275260961434,0.0016851472908865576,0.10588223170257134,0.1058956406643304,False,0.9118024358292587
2020-05-26 01:00:00,-124728.59607,745426.49785,0.0,9.499026579083525,83.22913374511515,0.011901179353846127,0.09702311036841677,0.09775030442701647,False,6.99315794506947
2020-05-26 01:30:00,-124728.87057,745254.03051,2.9103830456733704e-11,9.501205306869153,83.23065914368544,0.018296480130170288,0.0927404511058477,0.09452805116191618,False,11.160386816592734
2020-05-26 02:00:00,-124738.44919,745086.33954,1.1641532182693481e-10,9.504021170380701,83.23212849573211,0.02366200889304812,0.09041581132856515,0.09346073829719825,False,14.665526999429176
2020-05-26 02:30:00,-124759.13956,744918.93617,1.4551915228366852e-11,9.507666000277347,83.23357882289298,0.028085581586054023,0.09353153358005853,0.0976572970487332,False,16.71392345471753
2020-05-26 03:00:00,-124782.55022,744737.55029,1.4551915228366852e-11,9.511691272429305,83.23514878702339,0.03043766251065165,0.09324285348011978,0.09808507034318431,False,18.078456920173494
2020-05-26 03:30:00,-124811.7389,744569.76954,1.4551915228366852e-11,9.515980190560212,83.23658979053258,0.03096506429164106,0.08793277156410877,0.09322557332369268,False,19.399447672865563
2020-05-26 04:00:00,-124840.1563,744406.91908,1.3015628661377063e-10,9.520151294481328,83.23798828405315,0.033948539500982915,0.08582553181216324,0.092295857139367,False,21.581418852641832
2020-05-26 04:30:00,-124881.16819,744244.8393,1.243316182127096e-10,9.525257479278082,83.23936122912916,0.03694000853084899,0.0833819375807562,0.09119820033849527,False,23.8943823932089
2020-05-26 05:00:00,-124921.63318,744088.87618,1.1999816708318134e-10,9.53024787245241,83.24068082308943,0.035300679216839,0.07933497439161884,0.08683418747756545,False,23.987023780062145
2020-05-26 05:30:00,-124959.20941,743942.13441,1.173212913024843e-10,9.534907813416611,83.241923085385,0.032785182239512795,0.07535242477314315,0.0821757634200636,False,23.51343741331715
2020-05-26 06:00:00,-124993.09403,743801.80413,2.9103830456733704e-11,9.53921218868313,83.24311407475734,0.030416038468036553,0.07049254559107897,0.07677456857579486,False,23.339173366659054
2020-05-26 06:30:00,-125025.13712,743673.72407,1.1999816708318134e-10,9.543225785525504,83.24419940163816,0.027684188582896126,0.06328259533384274,0.06907315809835432,False,23.627898208074953
2020-05-26 07:00:00,-125053.60764,743560.61629,1.243316182127096e-10,9.546784251486176,83.24515757035655,0.02421596964395395,0.0557289993582239,0.060762937348895665,False,23.486433283675638
2020-05-26 07:30:00,-125077.83311,743461.41958,0.0,9.54985017372679,83.2459989788849,0.021629578078929464,0.04927450325539515,0.053812780256538066,False,23.6995938366706
2020-05-26 08:00:00,-125100.96531,743372.7679,2.346425826049686e-10,9.552701901063084,83.24674871932609,0.021351498739996443,0.043731168677749774,0.0486651991916798,False,26.023685122316635
2020-05-26 08:30:00,-125127.50602,743293.41425,1.4551915228366852e-11,9.555692432359391,83.24741112252997,0.01942255321549331,0.04000108730543929,0.044467095239357,False,25.898920702873056
2020-05-26 09:00:00,-125146.01078,743219.15473,1.173212913024843e-10,9.558016821228692,83.24804041708124,0.016109068219533507,0.03812773770856881,0.041391139893399945,False,22.90418408803106
2020-05-26 09:30:00,-125161.90213,743148.43038,1.4551915228366852e-11,9.560101070968386,83.24864232407461,0.014247950686918023,0.03659352848008374,0.03926945919413135,False,21.27380497431045
2020-05-26 10:00:00,-125174.71194,743080.72881,0.0,9.561916464278985,83.24922207635643,0.012452526983202601,0.03560238554469322,0.03771730749590126,False,19.27813426426485
2020-05-26 10:30:00,-125184.81789,743014.59577,0.0,9.56350960627522,83.24979197723036,0.010821691009299663,0.035281697192747805,0.036904026245133545,False,17.05195590537619
2020-05-26 11:00:00,-125192.02637,742949.00741,0.0,9.564878852660367,83.2503613735617,0.009341394493864383,0.03317196990825711,0.034462171125515514,False,15.727488152852061
2020-05-26 11:30:00,-125198.13621,742891.24889,0.0,9.566066974949937,83.25086314779561,0.0067804881683416335,0.03136303401533016,0.03208761322454161,False,12.199232417364897
2020-05-26 12:00:00,-125197.33329,742833.61397,1.173212913024843e-10,9.566735248688188,83.2513741312265,0.003904920391542026,0.03249609720736012,0.032729875297264406,False,6.852139534797402
2020-05-26 12:30:00,-125192.55579,742773.55356,2.9103830456733704e-11,9.567136167584458,83.25191249266895,0.0021630838558524147,0.033392840242442066,0.03346282581051259,False,3.706263484399699
2020-05-26 13:00:00,-125185.0321,742713.7775,1.4551915228366852e-11,9.567327555976943,83.25245243270945,0.0006231925663787961,0.03493895482139011,0.03494451220128747,False,1.021854208060688
2020-05-26 13:30:00,-125173.86259,742649.14992,1.1999816708318134e-10,9.567306814868083,83.25304071990311,-0.0033299197875610274,0.03986204556075692,0.04000088801613598,False,355.22482100295224
2020-05-26 14:00:00,-125149.35999,742574.26255,1.1641532182693481e-10,9.566415471046955,83.25373963205861,-0.006777361257136623,0.039627726939869115,0.040203101472779,False,350.29484466586325
2020-05-26 14:30:00,-125126.09464,742512.52879,2.3283064365386963e-10,9.565450456335261,83.25432035304325,-0.009564392458106582,0.03813116737687703,0.039312383909095326,False,345.91907538167925
2020-05-26 15:00:00,-125092.59581,742444.6206,0.0,9.56379541374557,83.25497093707153,-0.012858323356905767,0.03966418863802934,0.041696334849287704,False,342.03836013715
2020-05-26 15:30:00,-125056.72393,742379.41321,1.173212913024843e-10,9.561927812478801,83.25560116204151,-0.014898106701967406,0.03964393983705325,0.04235086243640268,False,339.4038885910412
2020-05-26 16:00:00,-125016.00035,742312.79445,2.332849477807962e-10,9.55971355187527,83.25625109106163,-0.01835601697858945,0.03993510434454324,0.04395174533881244,False,335.31430533759897
2020-05-26 16:30:00,-124967.68388,742248.61785,1.1641532182693481e-10,9.556898044266696,83.25689071601111,-0.02507916376487357,0.041130277977349125,0.04817327289731681,False,328.62727312756783
2020-05-26 17:00:00,-124902.38496,742181.77021,1.4551915228366852e-11,9.552840836177419,83.25757923260313,-0.03092647802102512,0.04146437133118309,0.05172756646774704,False,323.28233768282587
2020-05-26 17:30:00,-124833.11974,742119.89296,1.1999816708318134e-10,9.54842223053239,83.25822965101031,-0.033539759260017184,0.04274216615571756,0.054330545910223245,False,321.8787383530663
2020-05-26 18:00:00,-124757.79021,742050.05919,1.4551915228366852e-11,9.543647854685535,83.2589594284933,-0.04095454886628099,0.04673486907686177,0.06214034969705279,False,318.7713730409025
2020-05-26 18:30:00,-124659.82902,741978.42081,1.1641532182693481e-10,9.537195582015727,83.25973875978994,-0.04712615825931099,0.0492353001391134,0.06815416034307961,False,316.2538792757213
2020-05-26 19:00:00,-124561.11327,741903.37161,2.3283064365386963e-10,9.530728156163118,83.26054929784647,-0.04269464564709844,0.04950551443812786,0.06537299692315619,False,319.2247924030527
2020-05-26 19:30:00,-124478.74081,741828.11017,1.1999816708318134e-10,9.52548957630874,83.26133736898993,-0.04256129085996663,0.056039053197337575,0.07036930412417554,False,322.7835694897768
2020-05-26 20:00:00,-124376.6199,741729.76853,1.4551915228366852e-11,9.519056824046148,83.26235885308378,-0.04577285178275138,0.060703180107090554,0.07602650876792648,False,322.9821095350507
2020-05-26 20:30:00,-124280.08771,741639.83873,2.9103830456733704e-11,9.512936167894255,83.26329755199977,-0.046377428595426935,0.056640234618641934,0.07320506854568697,False,320.6891381592592
2020-05-26 21:00:00,-124178.25771,741556.26104,1.4551915228366852e-11,9.50633569425484,83.264187827412,-0.04914922140213103,0.05421463526840313,0.07317699530400026,False,317.8055729314427
2020-05-26 21:30:00,-124073.34626,741476.56864,0.0,9.49945298139955,83.26504820232712,-0.04819324871622139,0.054448846112912716,0.07271358927223456,False,318.48761925962594
2020-05-26 22:00:00,-123974.79103,741391.56654,1.1641532182693481e-10,9.493113115114822,83.2659460510914,-0.04286656422859363,0.06044053215368769,0.0740985847083809,False,324.65438511281627
2020-05-26 22:30:00,-123885.25373,741287.41426,1.1641532182693481e-10,9.487690262516185,83.26699990715512,-0.032976474888252644,0.05918899158254244,0.06775532909383465,False,330.8761304399785
2020-05-26 23:00:00,-123822.57637,741200.96941,0.0,9.48406324201523,83.26785734692277,-0.02058133226448624,0.05076380315903132,0.05477732148389569,False,337.9307316563093
2020-05-26 23:30:00,-123782.06141,741119.371,2.3283064365386963e-10,9.48204130787357,83.2686391359554,-0.012750813173600465,0.051934090517256,0.053476471409794814,False,346.2056425363418
2020-05-27 00:00:00,-123746.50065,741024.12308,2.9103830456733704e-11,9.480563020224926,83.26953435742818,-0.01117158409045127,0.06761222891534241,0.06852895585072552,False,350.61777382004175
2020-05-27 00:30:00,-123702.30121,740885.91588,1.4551915228366852e-11,9.478974051588606,83.27082240713328,-0.006299738714596319,0.07532511631439995,0.07558809334577811,False,355.2192521693463
2020-05-27 01:00:00,-123679.47337,740760.39011,1.4551915228366852e-11,9.478833381519735,83.27196668757254,0.003463737909831302,0.07096343191665197,0.07104791446409459,False,2.7943995819634893
2020-05-27 01:30:00,-123672.52906,740631.88205,1.1999816708318134e-10,9.47992557116124,83.27311388856072,0.010933741211780904,0.07166234574365828,0.07249164430725663,False,8.674890608235842
2020-05-27 02:00:00,-123675.80673,740499.44595,2.332849477807962e-10,9.48183697139303,83.27428073484933,0.008871346964237251,0.07458030197774469,0.07510607325677113,False,6.78347469605626
2020-05-27 02:30:00,-123659.80005,740361.79998,1.4551915228366852e-11,9.482362674372956,83.27552216399754,-0.0006173146724447864,0.07810619143925301,0.07810863088385339,False,359.54717048320236
2020-05-27 03:00:00,-123627.29167,740222.47175,1.173212913024843e-10,9.481667108203816,83.2768028593702,-0.009266180117962087,0.07534342902368303,0.07591109530908692,False,352.98863521167965
2020-05-27 03:30:00,-123582.21622,740099.76434,1.4551915228366852e-11,9.479815720956942,83.27795507182134,-0.018059890770122114,0.06771173449194179,0.07007880309006398,False,345.0658745654636
2020-05-27 04:00:00,-123523.01626,739992.74648,2.346425826049686e-10,9.47670241541709,83.27898932772989,-0.024163930107414477,0.06471110792695113,0.06907548774615731,False,339.5237445734547
2020-05-27 04:30:00,-123458.0572,739884.30627,1.4551915228366852e-11,9.473172138020216,83.28004464947094,-0.02777383518500499,0.06913671674236824,0.07450685554228068,False,338.11351862038293
2020-05-27 05:00:00,-123383.42987,739763.70474,2.9103830456733704e-11,9.469065056173596,83.28122180927059,-0.031822326155642296,0.07823008466290336,0.08445476060188142,False,337.86455912728735
2020-05-27 05:30:00,-123298.72566,739625.36218,0.0,9.46441995357056,83.28257076195845,-0.03122661127537018,0.08817173927961197,0.09353799687471902,False,340.4980594407606
2020-05-27 06:00:00,-123220.34958,739469.09231,1.4551915228366852e-11,9.460475252126226,83.28406895529238,-0.024729752692078086,0.09274348229688638,0.09598392665839536,False,345.0696455810835
2020-05-27 06:30:00,-123156.03104,739310.65976,2.346425826049686e-10,9.457615987777368,83.28556553246106,-0.02131412935525593,0.09110761487329325,0.09356756702016414,False,346.83277062089553
2020-05-27 07:00:00,-123090.76746,739158.17135,1.1641532182693481e-10,9.454609511905852,83.2870108914538,-0.0211881220727771,0.08539124885336018,0.08798069048210175,False,346.06464676497865
2020-05-27 07:30:00,-123030.29312,739019.95686,2.332849477807962e-10,9.451783776129615,83.28832288245879,-0.022630984795350945,0.07816240426632604,0.08137274060457832,False,343.8522621215652
2020-05-27 08:00:00,-122964.19366,738893.98579,2.9103830456733704e-11,9.448378759942674,83.28953480988916,-0.019866625937794088,0.06610193217393609,0.06902280973185516,False,343.27209569336617
2020-05-27 08:30:00,-122920.67911,738796.95881,1.1999816708318134e-10,9.44631350491224,83.29045736916187,-0.019241805238582793,0.0570948718604219,0.06025007437005824,False,341.3754324897803
2020-05-27 09:00:00,-122862.12831,738702.60034,1.1999816708318134e-10,9.443079325298314,83.29137843717491,-0.023986567424812186,0.050872143436352525,0.05624349202026743,False,334.7557982831624
2020-05-27 09:30:00,-122805.4503,738630.46832,1.4551915228366852e-11,9.439706677727024,83.29210006482137,-0.02369260256962967,0.043451379267869995,0.04949102723527473,False,331.397823259506
2020-05-27 10:00:00,-122752.33472,738562.2825,2.9103830456733704e-11,9.436552728410764,83.29278151301672,-0.02276594082859668,0.037869545794056984,0.04418586380800249,False,328.9870821716989
2020-05-27 10:30:00,-122702.24989,738509.42016,2.9103830456733704e-11,9.433434739770165,83.29332289783453,-0.023006994234605133,0.03226589831671238,0.0396283986289577,False,324.509472307757
2020-05-27 11:00:00,-122651.59125,738461.27128,1.4551915228366852e-11,9.430213811951617,83.29382339929342,-0.021808736813524673,0.028238220393506732,0.03567937909204483,False,322.3206344617154
2020-05-27 11:30:00,-122608.14324,738422.00018,0.0,9.427425579388105,83.29423473084526,-0.019768483980689273,0.025119754084590037,0.03196552837299966,False,321.79832840578797
2020-05-27 12:00:00,-122566.57344,738383.71849,1.173212913024843e-10,9.424766437026294,83.29463453287366,-0.01848047470573314,0.023707395360946716,0.03005941682983022,False,322.0627429753606
2020-05-27 12:30:00,-122528.53587,738348.70001,1.4551915228366852e-11,9.422332837302173,83.29500025875375,-0.015187038262508525,0.020187620941809238,0.025262346891709662,False,323.0460535386757
2020-05-27 13:00:00,-122500.74,738320.97416,1.4551915228366852e-11,9.420581089785717,83.2952864066682,-0.011344125470472491,0.016905876444615952,0.02035922005015033,False,326.1377288498266
2020-05-27 13:30:00,-122478.28602,738295.34418,1.1641532182693481e-10,9.419206391048679,83.29554616116363,-0.008454112737689055,0.0173082805005991,0.019262621734046883,False,333.9671161514745
2020-05-27 14:00:00,-122460.51812,738264.48531,1.1641532182693481e-10,9.418251036840674,83.29584530265721,-0.0057254373362177,0.018880474546391426,0.01972949446356622,False,343.13025791076274
2020-05-27 14:30:00,-122446.82971,738231.66358,1.4551915228366852e-11,9.417628329402449,83.29615582370404,-0.004509104500342781,0.017712782789604857,0.018277710402201188,False,345.717700802807
2020-05-27 15:00:00,-122434.07013,738204.2349,2.3283064365386963e-10,9.41700816069147,83.2964172590988,-0.004175877055124882,0.013354863186187982,0.013992509421162362,False,342.6362736206869
2020-05-27 15:30:00,-122424.13276,738186.69369,1.4551915228366852e-11,9.416477264657225,83.29658706033815,-0.003814563762778317,0.012591999837722048,0.013157102895907349,False,343.14657635478875
2020-05-27 16:00:00,-122413.10612,738161.76129,1.1999816708318134e-10,9.415956649255037,83.29682386226868,-0.0041962174694810395,0.011510376529228941,0.01225140844539118,False,339.9701910940596
2020-05-27 16:30:00,-122402.45073,738148.28605,0.0,9.415320517885233,83.29695873706963,-0.005862082952638204,0.00665775870869156,0.00887072531232761,False,318.6364384088918
2020-05-27 17:00:00,-122388.36601,738141.56856,1.1999816708318134e-10,9.414340643880763,83.29703884464975,-0.00899156693931599,0.004059314341612353,0.009865409720240718,False,294.2971744739157
2020-05-27 17:30:00,-122368.12669,738139.16414,1.1641532182693481e-10,9.412841774065777,83.29708981339823,-0.011753457920019372,0.0006816354690884921,0.011773206869429653,False,273.3191201118541
2020-05-27 18:00:00,-122346.22195,738146.06779,3.5045652704989467e-10,9.41110051161036,83.29706085425615,-0.01592775682471117,-0.003654626085349175,0.016341656259108127,False,257.0771606949403
2020-05-27 18:30:00,-122313.70987,738161.51977,1.4551915228366852e-11,9.408450913724433,83.29697179929961,-0.020184838065880333,-0.0073193643686695585,0.021470928776072106,False,250.06849719241131
2020-05-27 19:00:00,-122278.84145,738183.94177,2.3283064365386963e-10,9.405536154431891,83.29682450616396,-0.023429965416826348,-0.00897406944323163,0.025089782817027777,False,249.0423227143975
2020-05-27 19:30:00,-122235.77553,738207.17634,1.173212913024843e-10,9.401992091409562,83.29668201714122,-0.02696896224175957,-0.009645071562626433,0.02864179341182459,False,250.32112153013688
2020-05-27 20:00:00,-122188.72966,738234.05795,2.332849477807962e-10,9.398101921968376,83.29651305844804,-0.02996256380264589,-0.012645016529159975,0.032521557045294656,False,247.11893295885238
2020-05-27 20:30:00,-122136.79156,738269.70105,1.173212913024843e-10,9.393732886847598,83.29627369796563,-0.03284441685255098,-0.01607363437988949,0.036566616476815306,False,243.9234697348319
2020-05-27 21:00:00,-122081.51998,738310.44595,1.4551915228366852e-11,9.389048631107876,83.2959940282164,-0.035735327007615364,-0.017941774888440325,0.03998650875593757,False,243.33996727023063
2020-05-27 21:30:00,-122020.40493,738354.41331,0.0,9.383883143626534,83.29569434233913,-0.037940949469030295,-0.01932636991088504,0.042579622127772256,False,243.00660553076028
2020-05-27 22:00:00,-121958.10445,738401.3602,0.0,9.378591405584844,83.29536996656962,-0.03896054804142428,-0.020428272538177288,0.04399134713306899,False,242.33052715877452
2020-05-27 22:30:00,-121894.00594,738449.82813,1.4551915228366852e-11,9.373145407330453,83.29503469912356,-0.03844846886748645,-0.021774144930389327,0.04418594964130197,False,240.47624562374367
2020-05-27 23:00:00,-121834.30436,738501.24322,1.4551915228366852e-11,9.36799532439392,83.29466686906963,-0.034594619751629696,-0.02476865793748966,0.04254731638757275,False,234.39852971802742
2020-05-27 23:30:00,-121785.64045,738558.07818,0.0,9.363611928241303,83.29423491103195,-0.03225424246143664,-0.022072128888257974,0.039083436778525694,False,235.61549727725182
2020-05-28 00:00:00,-121732.66428,738598.53602,0.0,9.359107277638897,83.29395414489612,-0.028992069194923573,-0.01980743880690672,0.03511231562133991,False,235.6590336657414
2020-05-28 00:30:00,-121694.25438,738645.40883,2.9103830456733704e-11,9.355623228861594,83.2935953244415,-0.022347009480650208,-0.021233067366486013,0.030825833038508523,False,226.46420777280616
2020-05-28 01:00:00,-121665.71122,738687.03627,1.173212913024843e-10,9.35294988416322,83.29326852049606,-0.016742012919320075,-0.01802506865627982,0.024600774310055397,False,222.88649696654537
2020-05-28 01:30:00,-121645.33007,738719.23145,1.4551915228366852e-11,9.351010420798787,83.29301328665757,-0.011473569954196086,-0.014729531463777446,0.01867088387399592,False,217.91681127908694
2020-05-28 02:00:00,-121633.57109,738746.06925,1.1999816708318134e-10,9.349788777992254,83.2927928965486,-0.008192183259570421,-0.012703464865710438,0.015115881917795117,False,212.81707379422983
2020-05-28 02:30:00,-121623.65977,738769.14765,2.346425826049686e-10,9.348753463277518,83.29260308379337,-0.00198685376494358,-0.013317162441949337,0.013464561017297835,False,188.4856509210362
2020-05-28 03:00:00,-121634.30125,738794.53617,1.4551915228366852e-11,9.349241368488002,83.29236287735131,0.003056178040303037,-0.013007830186053667,0.013362030922103103,False,166.77821237898127
2020-05-28 03:30:00,-121642.12319,738813.56646,2.9103830456733704e-11,9.349595394463567,83.29218305236037,0.003082730587868501,-0.013198761990523947,0.013553986349405836,False,166.85354765283336
2020-05-28 04:00:00,-121652.97093,738839.61756,1.4551915228366852e-11,9.350090575037267,83.29193668030727,0.004338231811422446,-0.013329157815701433,0.014017371484180344,False,161.97152107767113
2020-05-28 04:30:00,-121665.32928,738858.37656,5.820766091346741e-11,9.350790424058747,83.29175264457636,0.004655313002349157,-0.012483693201588377,0.013323458075936028,False,159.54893511631417
2020-05-28 05:00:00,-121676.80936,738881.23868,2.9103830456733704e-11,9.351372915424001,83.29153357350069,0.0034630047798502855,-0.013306970596738013,0.013750195219258377,False,165.41290930848635
2020-05-28 05:30:00,-121685.41445,738903.6193,1.173212913024843e-10,9.351744310438095,83.2913229535869,0.0028785784211316817,-0.013626106928274475,0.013926844716136337,False,168.0713885276108
2020-05-28 06:00:00,-121695.00554,738927.95679,1.4551915228366852e-11,9.352165787552451,83.29109357707931,0.0018392301816884662,-0.015444058805882774,0.015553190028441079,False,173.20864129560488
2020-05-28 06:30:00,-121700.98257,738957.40294,0.0,9.352250901191615,83.29082425439576,-0.000491437551264877,-0.01844186735912306,0.018448414093311157,False,181.52645255094194
2020-05-28 07:00:00,-121704.04862,738993.75254,2.9103830456733704e-11,9.352030450289792,83.29049807626376,-0.003547041704950144,-0.02254952732468432,0.022826797572663152,False,188.93937915505444
2020-05-28 07:30:00,-121701.57441,739039.57728,1.173212913024843e-10,9.351274059486858,83.29009611374343,-0.007185717793586041,-0.026964856267845786,0.027905877763558008,False,194.92167537528724
2020-05-28 08:00:00,-121694.29698,739093.73929,2.332849477807962e-10,9.350051619563148,83.2896273609313,-0.01059087990713359,-0.030605333301183257,0.032386002588832154,False,199.08801856750387
2020-05-28 08:30:00,-121681.85415,739154.48702,2.9103830456733704e-11,9.348357692233549,83.289107844103,-0.014093393867930255,-0.034948062245188385,0.03768276536309637,False,201.96258517217606
2020-05-28 09:00:00,-121664.67124,739226.12281,0.0,9.346171085842997,83.2884988605628,-0.01658976006611241,-0.0392643868461918,0.042625253236298524,False,202.90474701325297
2020-05-28 09:30:00,-121645.87922,739303.66137,1.1641532182693481e-10,9.343790168809063,83.28783996710106,-0.020333549833539643,-0.04263873625212787,0.04723891486911574,False,205.49552896828897
2020-05-28 10:00:00,-121617.36356,739389.47035,2.332849477807962e-10,9.340573431124142,83.2871220189366,-0.024481786392187087,-0.045494679663826636,0.05166356300785765,False,208.2857683024992
2020-05-28 10:30:00,-121585.49542,739479.5751,0.0,9.337051176812402,83.28637090702401,-0.026862272363067576,-0.04890110287979144,0.05579336465358198,False,208.78079924884986
2020-05-28 11:00:00,-121550.50233,739578.87139,1.4551915228366852e-11,9.333180027984946,83.2855429616425,-0.02872509547657366,-0.05261595070274509,0.05994638753496306,False,208.63184441723712
2020-05-28 11:30:00,-121514.17285,739683.25561,1.1641532182693481e-10,9.329145992559422,83.28467189496395,-0.029087550876167823,-0.053573592080833905,0.060960769224290806,False,208.49955703050477
2020-05-28 12:00:00,-121478.4367,739786.16031,1.4551915228366852e-11,9.325176070569677,83.28381302762072,-0.027887628835312803,-0.056135414233360124,0.06268097457129317,False,206.41782206235234
2020-05-28 12:30:00,-121447.84989,739898.94026,1.4551915228366852e-11,9.321473228188568,83.28285923829544,-0.025270471208265016,-0.05944955915513027,0.06459757579682913,False,203.02909072725018
2020-05-28 13:00:00,-121423.32965,740012.08797,1.1999816708318134e-10,9.318224279667781,83.28189335464805,-0.023594372489593018,-0.05936240616653666,0.0638794934157945,False,201.67600052003175
2020-05-28 13:30:00,-121398.63356,740123.57818,1.4551915228366852e-11,9.314983502686733,83.28094237537879,-0.02369470091585302,-0.0573132578246279,0.06201812939749148,False,202.46139668428214
2020-05-28 14:00:00,-121372.55015,740229.50191,2.3283064365386963e-10,9.311707868075443,83.28004265924548,-0.024035996629173585,-0.05453782920653806,0.059599529767601016,False,203.78412148620123
2020-05-28 14:30:00,-121345.01247,740331.32814,2.3283064365386963e-10,9.30837412247974,83.27918129994733,-0.023846135122588465,-0.05328769682463135,0.05837993485058521,False,204.10841807037832
2020-05-28 15:00:00,-121318.86353,740432.69698,2.9103830456733704e-11,9.305151530982045,83.27832195200422,-0.02309347320492343,-0.05419458013807181,0.058909770165978446,False,203.0798941647177
2020-05-28 15:30:00,-121294.51624,740537.30389,2.9103830456733704e-11,9.302025552458861,83.2774313076562,-0.024325111797992422,-0.050190435539545476,0.05577446444058517,False,205.8574415245937
2020-05-28 16:00:00,-121261.65046,740625.1613,1.1999816708318134e-10,9.29846522928557,83.27670125291192,-0.027747959704153606,-0.045546407162019985,0.0533331461017615,False,211.35077161083404
2020-05-28 16:30:00,-121222.42954,740715.25683,1.4551915228366852e-11,9.29439932412376,83.27596056694374,-0.030856915867235747,-0.04676144109582718,0.05602483047895977,False,213.4200012498149
2020-05-28 17:00:00,-121179.21228,740809.23345,2.332849477807962e-10,9.289985459738416,83.27519127789951,-0.03351524779648726,-0.047714106946127426,0.05830872864783136,False,215.08489546100898
2020-05-28 17:30:00,-121131.08635,740904.25214,2.3283064365386963e-10,9.28519005556019,83.27441982820963,-0.0381379129991688,-0.04583154771075404,0.05962408216061101,False,219.76493679476008
2020-05-28 18:00:00,-121070.33623,740994.2178,1.4551915228366852e-11,9.279507180037886,83.27371132230128,-0.04266943301223465,-0.04428461723858457,0.06149640507829317,False,223.93584487833775
2020-05-28 18:30:00,-121005.19397,741086.36018,2.346425826049686e-10,9.273467982174498,83.27298982918869,-0.046135542493704655,-0.043717030096448145,0.06355837475614194,False,226.54182678397336
2020-05-28 19:00:00,-120931.78047,741176.30675,2.3283064365386963e-10,9.26683424040231,83.27229964724577,-0.04946623907855435,-0.04305634963324991,0.06558016508302916,False,228.96307254992234
2020-05-28 19:30:00,-120854.4001,741268.01654,0.0,9.259881535819163,83.27159949091134,-0.05340063694003332,-0.04238638803068863,0.06817795769813992,False,231.5594531702489
2020-05-28 20:00:00,-120766.5972,741357.84352,1.173212913024843e-10,9.252168689208217,83.27093093520874,-0.057740439498329535,-0.042414809583356944,0.07164477947103112,False,233.69984525674047
2020-05-28 20:30:00,-120673.78881,741452.14397,1.1999816708318134e-10,9.244025742937012,83.27022986501972,-0.060354807149607455,-0.0439935695744796,0.07468692596412631,False,233.9111031721132
2020-05-28 21:00:00,-120577.58325,741549.0669,1.4551915228366852e-11,9.235596670421947,83.26951033107768,-0.06093003010709364,-0.046321355411631474,0.07653846442163587,False,232.7565046666849
2020-05-28 21:30:00,-120484.04772,741651.94329,2.332849477807962e-10,9.22729757027779,83.26873410068752,-0.06050553336547387,-0.04921015674978589,0.07799076288368366,False,230.87796846515306
2020-05-28 22:00:00,-120390.98924,741758.8588,1.1641532182693481e-10,9.218986946300687,83.2679212811296,-0.06141534361158083,-0.04995687254456294,0.07916775571760418,False,230.87417742956507
2020-05-28 22:30:00,-120294.62094,741864.88631,2.346425826049686e-10,9.210440087467896,83.26712093387304,-0.06245459737365841,-0.0492142566185966,0.07951490292785912,False,231.76187088536295
2020-05-28 23:00:00,-120197.40971,741969.73345,1.1641532182693481e-10,9.201846219015804,83.26633209676055,-0.06121245710560405,-0.04984692371628098,0.07894099510952564,False,230.84316201398616
2020-05-28 23:30:00,-120105.78816,742077.26513,2.346425826049686e-10,9.193642234607191,83.26551132680376,-0.058977321871115776,-0.05012187546042833,0.07739849413754687,False,229.640454133084
2020-05-29 00:00:00,-120016.64779,742181.77674,1.4551915228366852e-11,9.185663651270595,83.26471360749727,-0.05594356135464934,-0.04954029080458565,0.07472564800685456,False,228.47380872444043
2020-05-29 00:30:00,-119935.44397,742285.47294,2.9103830456733704e-11,9.178293889444236,83.26391162271155,-0.050000500486154724,-0.051759915362183904,0.07196623435449712,False,224.00946745544033
2020-05-29 01:00:00,-119868.67248,742394.43832,1.4551915228366852e-11,9.171947442327859,83.2630422331938,-0.0451789710060946,-0.053874878963615966,0.07031103757244524,False,219.9828832411954
2020-05-29 01:30:00,-119805.79432,742502.8679,1.173212913024843e-10,9.165901941405043,83.26217194234708,-0.039068120868061634,-0.05234300848908154,0.06531545457125393,False,216.73716733754966
2020-05-29 02:00:00,-119759.83959,742602.87097,1.4551915228366852e-11,9.1612328162186,83.26135202928873,-0.037968857795327486,-0.04681469094478384,0.060276441920019026,False,219.0436348980254
2020-05-29 02:30:00,-119697.68266,742691.01354,0.0,9.155490286902998,83.26066022721024,-0.03780163726011173,-0.04342340385141803,0.05757217888519084,False,221.040745068108
2020-05-29 03:00:00,-119650.36083,742778.85689,1.173212913024843e-10,9.150867955512373,83.25994984578385,-0.03213926081613661,-0.04397320765807014,0.05446627468027727,False,216.16242674731032
2020-05-29 03:30:00,-119608.6296,742865.70288,1.4551915228366852e-11,9.146678965981895,83.25924028130156,-0.03071892934436217,-0.04521372493094459,0.054661993580503776,False,214.19281626513234
2020-05-29 04:00:00,-119567.05308,742957.13599,4.3655745685100555e-11,9.142446993263253,83.25848983713381,-0.030175630335344775,-0.043699514527499234,0.05310570813080733,False,214.62606924501435
2020-05-29 04:30:00,-119526.37358,743038.28315,2.3283064365386963e-10,9.138407752876939,83.25782916989223,-0.030286822195746164,-0.0417196280509503,0.05155403925422703,False,215.97818570161036
2020-05-29 05:00:00,-119483.25768,743122.73691,1.4551915228366852e-11,9.13414622816457,83.25714265471017,-0.030113923512026564,-0.04241403421705803,0.05201729220032465,False,215.37471521648735
2020-05-29 05:30:00,-119443.57725,743206.24719,2.9103830456733704e-11,9.130155146320064,83.2564595678803,-0.029192416357118844,-0.04281413650066159,0.05181937337583949,False,214.28775366279618
2020-05-29 06:00:00,-119403.9536,743291.5909,1.173212913024843e-10,9.126147006559192,83.25576012990828,-0.028484342468696938,-0.04305115121330446,0.05162130748697497,False,213.49019572242292
2020-05-29 06:30:00,-119366.91349,743375.53378,1.1641532182693481e-10,9.122350719547722,83.25506939087295,-0.026578476426113808,-0.04213958389998421,0.049821279995573134,False,212.24064259106876
2020-05-29 07:00:00,-119333.53268,743456.54449,1.173212913024843e-10,9.118865495495696,83.25439938872944,-0.024259043381855857,-0.042637173137237916,0.04905537400670355,False,209.6383452276359
2020-05-29 07:30:00,-119305.01086,743540.92844,1.1999816708318134e-10,9.115705329686712,83.25369258123081,-0.02307787691484016,-0.04636695511814448,0.051792691857293315,False,206.46056328910407
2020-05-29 08:00:00,-119277.94668,743634.5197,1.1641532182693481e-10,9.11254438294708,83.25290213655913,-0.02181584314375171,-0.04929000256436979,0.05390209054265297,False,203.87426682599778
2020-05-29 08:30:00,-119255.56759,743728.5712,1.173212913024843e-10,9.109730518639408,83.25210094134755,-0.021481828028903947,-0.04956229195488372,0.05401749456689504,False,203.43339828367638
2020-05-29 09:00:00,-119229.83668,743822.93753,1.4551915228366852e-11,9.106661812822983,83.25130169969361,-0.022081811787377042,-0.05228385357690466,0.05675568479601272,False,202.89651021839563
2020-05-29 09:30:00,-119206.86548,743927.00244,2.3688801733223527e-10,9.103684363216958,83.25041262279056,-0.02360975530765523,-0.05557094738415591,0.06037839629254804,False,203.01859492648964
2020-05-29 10:00:00,-119177.56527,744033.92103,1.243316182127096e-10,9.100198190740828,83.24950723145436,-0.025737673551758804,-0.056653617425618405,0.06222588052623473,False,204.4322439680506
2020-05-29 10:30:00,-119147.6336,744143.04291,1.4551915228366852e-11,9.096639064152411,83.2485831955304,-0.02585302863927698,-0.05950001191899149,0.06487395862889365,False,203.48516778393827
2020-05-29 11:00:00,-119119.52997,744260.14162,1.3015628661377063e-10,9.093122294986573,83.24758588984663,-0.025650097766920794,-0.06466760938203613,0.06956886673390764,False,201.63551538865215
2020-05-29 11:30:00,-119093.24585,744387.51404,0.0,9.089619759868826,83.24649498331007,-0.025956178530013786,-0.06688709723346124,0.07174682557577337,False,201.20921983872648
2020-05-29 12:00:00,-119065.3015,744512.67332,2.3283064365386963e-10,9.086020332810552,83.24542600504314,-0.02486437078053167,-0.06874646731834803,0.07310481313199872,False,199.8841533957965
2020-05-29 12:30:00,-119043.93976,744646.03138,1.173212913024843e-10,9.082817578746262,83.24427505877891,-0.021403442760974487,-0.07120321149613959,0.074350552717423,False,196.73059893612356
2020-05-29 13:00:00,-119029.68025,744777.95443,1.173212913024843e-10,9.080165884732134,83.24312674765773,-0.018259001540163695,-0.07574869740859594,0.07791826676937014,False,193.5524450817913
2020-05-29 13:30:00,-119022.06683,744925.68305,1.1641532182693481e-10,9.077824152121112,83.24182901730035,-0.01252356620671408,-0.08402158588849118,0.08494978873282176,False,188.4776242469199
2020-05-29 14:00:00,-119032.88379,745083.75689,1.1999816708318134e-10,9.076741405628539,83.24041356267729,-0.006700036969607059,-0.08946293767302493,0.08971347564597887,False,184.28298634494195
2020-05-29 14:30:00,-119049.05706,745247.52181,2.332849477807962e-10,9.075992514025828,83.23894011645568,-0.006116802937051143,-0.08991023616698784,0.09011806614533097,False,183.891968297225
2020-05-29 15:00:00,-119062.19718,745406.85491,1.1641532182693481e-10,9.075069664251963,83.23751021461887,-0.005345389103037451,-0.0899918927067377,0.09015050714002591,False,183.399292937023
2020-05-29 15:30:00,-119081.15394,745570.47256,1.173212913024843e-10,9.07453180545074,83.23603413006857,-0.005864584137740476,-0.0883165872475747,0.08851108930618305,False,183.7990975955525
2020-05-29 16:00:00,-119091.4941,745724.14514,1.1999816708318134e-10,9.073467611171738,83.23465832293648,-0.008690483065225445,-0.08200003912994912,0.0824592682069163,False,186.04970701076678
2020-05-29 16:30:00,-119096.81298,745866.91263,1.1641532182693481e-10,9.072158155022809,83.23338620856741,-0.010579770847408684,-0.07472900573398047,0.07547420651568962,False,188.05810623521097
2020-05-29 17:00:00,-119096.30267,745995.80973,1.1641532182693481e-10,9.070578461999348,83.23224519358837,-0.014121739435485734,-0.06604543221229263,0.06753830498903785,False,192.06916393843989
2020-05-29 17:30:00,-119084.09412,746109.71763,1.1641532182693481e-10,9.0683024461161,83.23125348348117,-0.016558974330773572,-0.06089435313249079,0.06310564059029675,False,195.2125684710669
2020-05-29 18:00:00,-119071.98705,746221.68501,1.173212913024843e-10,9.066057878815123,83.23027880759702,-0.016813462394362183,-0.05887377488683658,0.06122755823248662,False,195.93854305468693
2020-05-29 18:30:00,-119057.71874,746328.55311,1.243316182127096e-10,9.063713056112793,83.22935234388949,-0.017773299578931857,-0.05505859575110642,0.05785619365293757,False,197.8904421330566
2020-05-29 19:00:00,-119040.02679,746427.5006,1.1641532182693481e-10,9.061207152071312,83.22850086570219,-0.02041309680244967,-0.05055146442976831,0.05451738325580485,False,201.9892611443235
2020-05-29 19:30:00,-119013.80943,746519.84078,2.9103830456733704e-11,9.058142614774125,83.22771994218772,-0.023253619625314994,-0.04646210807615601,0.05195631157577716,False,206.587308655662
2020-05-29 20:00:00,-118983.69116,746605.85776,1.4551915228366852e-11,9.054862255111793,83.22700051787689,-0.025730894330346803,-0.04369111510256787,0.05070495500387815,False,210.4949962554993
2020-05-29 20:30:00,-118947.08658,746689.747,0.0,9.051122561294855,83.22630907229532,-0.028405006731027985,-0.042168477471627316,0.05084314014363084,False,213.96450729270276
2020-05-29 21:00:00,-118906.58796,746771.86083,1.1641532182693481e-10,9.047113402864914,83.22563881740288,-0.029433190133367572,-0.041162727425295365,0.05060318972669736,False,215.56646273556694
2020-05-29 21:30:00,-118865.74701,746852.75106,1.4551915228366852e-11,9.043093994092507,83.2249798509261,-0.030300182377982397,-0.04087036828246521,0.050877186003977594,False,216.55223476157818
2020-05-29 22:00:00,-118821.98915,746934.31035,1.4551915228366852e-11,9.0388491757301,83.22431903452613,-0.031118881355270106,-0.0405959248335993,0.05115089334409147,False,217.472036176723
2020-05-29 22:30:00,-118778.07023,747014.68162,1.4551915228366852e-11,9.034607266868635,83.22366893181507,-0.031102782335086256,-0.04117247565136194,0.05159995949848939,False,217.06836864378414
2020-05-29 23:00:00,-118734.68355,747098.27515,1.173212913024843e-10,9.030367676855342,83.22298949699727,-0.029569928758590706,-0.04027583913354385,0.04996522695534597,False,216.28556785468362
2020-05-29 23:30:00,-118695.69573,747174.58594,1.173212913024843e-10,9.026544481483356,83.22236835137325,-0.029001504744072506,-0.03810960342491409,0.047889760394312725,False,217.27122671902785
2020-05-30 00:00:00,-118653.09585,747250.15105,1.4551915228366852e-11,9.022460696482296,83.22175886240954,-0.028779279851055557,-0.03869583872959699,0.048224629430741614,False,216.63931094791494
2020-05-30 00:30:00,-118615.21828,747328.4149,2.9103830456733704e-11,9.018698764570681,83.22111879041921,-0.026454663975560202,-0.039620239636676984,0.047640451665863885,False,213.73126651650074
2020-05-30 01:00:00,-118581.39512,747405.94959,2.9103830456733704e-11,9.015249370300548,83.22047945003449,-0.025131615859666598,-0.041483535913544006,0.048502390328808966,False,211.20838007993376
2020-05-30 01:30:00,-118549.26341,747490.08778,0.0,9.011848790040933,83.21977920609325,-0.02144244245566581,-0.040266869394138816,0.04562016121485295,False,208.03567202295324
2020-05-30 02:00:00,-118527.86166,747561.2123,0.0,9.009405377685335,83.21917915924354,-0.020847527447466596,-0.03711719832158488,0.04257118523034961,False,209.32151065781238
2020-05-30 02:30:00,-118496.06298,747633.8139,1.173212913024843e-10,9.00616764017694,83.21858061350422,-0.020288257198462924,-0.0405389561214078,0.04533233220963168,False,206.58628045491653
2020-05-30 03:00:00,-118478.56998,747716.7867,2.9103830456733704e-11,9.003877008332836,83.21787008091371,-0.015070743788722198,-0.043703396976195234,0.0462289327759599,False,199.02631713540916
2020-05-30 03:30:00,-118467.09954,747797.69837,1.1641532182693481e-10,9.002061408068913,83.21716934515925,-0.011169720072061694,-0.04214219591760284,0.04359733160694401,False,194.84481623736116
2020-05-30 04:00:00,-118462.59264,747872.92174,1.173212913024843e-10,9.000833948729575,83.21650922619628,-0.007467395693917056,-0.04148937658914722,0.042156024103390116,False,190.20304795216316
2020-05-30 04:30:00,-118463.91542,747949.42665,1.4551915228366852e-11,9.000027208071282,83.2158295698135,-0.004250256262630701,-0.042369517547334166,0.04258216405364914,False,185.728405972266
2020-05-30 05:00:00,-118471.34116,748025.96769,1.173212913024843e-10,8.99967622524148,83.21514102845681,-0.002459822623355084,-0.04211637852604654,0.04218815079483342,False,183.3425838620896
2020-05-30 05:30:00,-118478.88666,748100.5643,1.1641532182693481e-10,8.999357269181438,83.2144695454133,0.0011034533574718437,-0.04092830443368813,0.04094317663700231,False,178.45564312180312
2020-05-30 06:00:00,-118498.31241,748170.87444,1.4551915228366852e-11,8.999976631231972,83.2138193686027,0.006194310682272152,-0.04120687917045577,0.04166984972131592,False,171.45117811773014
2020-05-30 06:30:00,-118524.11781,748243.5943,0.0,9.001043919346483,83.21313888881215,0.008747306650716935,-0.04026040817192112,0.04119970679278397,False,167.74196119072553
2020-05-30 07:00:00,-118552.09075,748309.10034,0.0,9.002358252975656,83.21251927522984,0.011351192631761535,-0.04146844438005157,0.04299396996631955,False,164.6913748889698
2020-05-30 07:30:00,-118587.83834,748384.64753,1.173212913024843e-10,9.004134165778433,83.21179978403258,0.013284127878526387,-0.04300575264021239,0.04501069665806315,False,162.83450592682266
2020-05-30 08:00:00,-118623.55462,748454.52865,1.1999816708318134e-10,9.005974425060533,83.21113052826782,0.013771140863127352,-0.043034972353095696,0.045184656312777315,False,162.25538911042776
2020-05-30 08:30:00,-118661.05498,748529.90299,1.173212913024843e-10,9.007882514148594,83.21041009292256,0.01467768230758023,-0.04430662910432467,0.04667452989062068,False,161.67125269816904
2020-05-30 09:00:00,-118700.71617,748603.7922,0.0,9.009969106967173,83.20969977162802,0.01632772630576482,-0.04397682256616667,0.04691007961336316,False,159.63103235050573
2020-05-30 09:30:00,-118743.90289,748677.06081,1.1641532182693481e-10,9.012325797756427,83.20898998536951,0.018093542128952214,-0.04487423828077941,0.04838464144800844,False,158.04043406024044
2020-05-30 10:00:00,-118790.35467,748753.14163,0.0,9.014892408167634,83.20825068417373,0.019714087733231876,-0.04763194306848765,0.05155043409742747,False,157.51613082678205
2020-05-30 10:30:00,-118840.86557,748835.2972,0.0,9.017689457043438,83.20745184479348,0.020869749473232287,-0.05068642128882668,0.054814776713436514,False,157.62095701245664
2020-05-30 11:00:00,-118893.15756,748921.5814,2.332849477807962e-10,9.020569850288886,83.2066139079041,0.022693428135059823,-0.05341091939379267,0.058032042795436244,False,156.98015310512204
2020-05-30 11:30:00,-118951.69879,749012.38933,2.346425826049686e-10,9.023862209522935,83.20572708554305,0.02359414209863421,-0.055771264407618884,0.06055672939480038,False,157.0691132491026
2020-05-30 12:00:00,-119008.53615,749106.55065,1.173212913024843e-10,9.026986852572556,83.20481293076406,0.02310822504708161,-0.05800986484283002,0.06244304992479128,False,158.28013909406866
2020-05-30 12:30:00,-119066.62428,749205.5859,2.9103830456733704e-11,9.030146175734593,83.20385381670442,0.023872519810693008,-0.06127362469571132,0.06575982272986154,False,158.71385547285058
2020-05-30 13:00:00,-119128.03379,749310.91294,1.4551915228366852e-11,9.033477715818645,83.20283426579799,0.026967855194419632,-0.06346046268236366,0.06895285010532093,False,156.97668096165125
2020-05-30 13:30:00,-119198.37489,749415.9666,1.1999816708318134e-10,9.037477507253177,83.20180452873673,0.02762880821730815,-0.06505860233250373,0.07068219564337015,False,156.9902475756428
2020-05-30 14:00:00,-119263.05271,749526.59256,2.9103830456733704e-11,9.040987755472274,83.20073337792128,0.02800801052268887,-0.06688113121654866,0.07250885715720701,False,157.27738170677299
2020-05-30 14:30:00,-119335.78621,749637.90302,2.346425826049686e-10,9.045089266560957,83.19964477745765,0.03146325297422925,-0.06563049706934913,0.07278254209142596,False,154.3869459862529
2020-05-30 15:00:00,-119412.0563,749742.11731,1.1641532182693481e-10,9.049537280378157,83.1986140128612,0.03318697731896286,-0.06230045164519222,0.07058839662978818,False,151.9561109171654
2020-05-30 15:30:00,-119489.0491,749840.60122,1.1999816708318134e-10,9.054105848637885,83.19763294811781,0.0339327597002411,-0.05737183727430292,0.0666555316016863,False,149.39766959545693
2020-05-30 16:00:00,-119565.19455,749926.85885,1.173212913024843e-10,9.058755204050632,83.19676133944701,0.034698236845954335,-0.05117158101895825,0.06182635638785251,False,145.85973408203142
2020-05-30 16:30:00,-119641.40932,750002.85393,2.332849477807962e-10,9.06353049313616,83.19598049440305,0.03743823467550822,-0.046429885587170025,0.05964357208665595,False,141.1194080143062
2020-05-30 17:00:00,-119724.62008,750070.68802,2.346425826049686e-10,9.06892284145239,83.19526200044747,0.04253989117587437,-0.04035363278471462,0.058634955616755,False,133.4892143520775
2020-05-30 17:30:00,-119815.53685,750122.17214,1.1999816708318134e-10,9.075082506506858,83.19467736900798,0.045706838133719,-0.03301785608023381,0.05638522742985987,False,125.84371744919906
2020-05-30 18:00:00,-119905.85331,750162.11102,1.1641532182693481e-10,9.081333840687622,83.19419577264561,0.04592733272056393,-0.025800863004143967,0.0526783107415565,False,119.32622240434796
2020-05-30 18:30:00,-119993.46311,750187.79457,2.9103830456733704e-11,9.087552530241858,83.19384419679405,0.04632800878258678,-0.019275500650147086,0.05017797647447791,False,112.5905249841818
2020-05-30 19:00:00,-120081.50072,750204.28987,1.1641532182693481e-10,9.093911951636935,83.19357331786632,0.0465946820265352,-0.014617789554546168,0.04883384241092362,False,107.41780297664866
2020-05-30 19:30:00,-120167.41296,750213.24519,1.4551915228366852e-11,9.100202539135548,83.1933721535373,0.046041517654972636,-0.00878776873262576,0.04687265969913881,False,100.80585892770739
2020-05-30 20:00:00,-120250.16753,750209.31245,1.1641532182693481e-10,9.106411456887495,83.19328954036223,0.04383360297274186,0.0007840987490856681,0.04384061542018179,False,88.97519813315921
2020-05-30 20:30:00,-120322.77827,750185.48308,1.173212913024843e-10,9.112102548349213,83.19339748040238,0.04114023935386024,0.010725856685587211,0.042515447730591606,False,75.38744513426093
2020-05-30 21:00:00,-120390.28834,750147.73178,1.4551915228366852e-11,9.117580391050511,83.19363590699598,0.03859541939644573,0.019086064057209834,0.04305675602717251,False,63.68685397336628
2020-05-30 21:30:00,-120449.07843,750095.62425,1.4551915228366852e-11,9.1225809605358,83.19401382122629,0.03698863596826993,0.027448490112948615,0.046060599217485544,False,53.42166578933421
2020-05-30 22:00:00,-120506.09638,750029.05508,2.3283064365386963e-10,9.12762314541278,83.1945222851748,0.036484186963674316,0.036114825636126176,0.051335918508663494,False,45.29150069445308
2020-05-30 22:30:00,-120558.13381,749946.42169,2.3283064365386963e-10,9.132487487275535,83.19518005841489,0.034389739692583965,0.044458190992556344,0.056206627211159925,False,37.72302304004262
2020-05-30 23:00:00,-120602.92739,749851.38462,2.332849477807962e-10,9.136961823029855,83.19595795131086,0.031219302671744154,0.045230731490453924,0.05495874753368668,False,34.61434039759314
2020-05-30 23:30:00,-120643.24056,749767.81023,0.0,9.140966040420874,83.19664067155631,0.028340588100498425,0.04038083723901937,0.049333568186441634,False,35.062429612813105
2020-05-31 00:00:00,-120680.5636,749691.65147,1.1999816708318134e-10,9.144659379935186,83.1972619475482,0.027245744930984805,0.03509568048553251,0.04443014073336783,False,37.8231758969651
2020-05-31 00:30:00,-120719.99898,749627.48322,2.9103830456733704e-11,9.148366906947043,83.19777399447806,0.027761322982694518,0.027658634223257816,0.03918789482538519,False,45.10616438702493
2020-05-31 01:00:00,-120763.40215,749577.4572,1.173212913024843e-10,9.152200856910323,83.19815510941935,0.027071469738880867,0.02266630117144906,0.035307586757210914,False,50.061358664132115
2020-05-31 01:30:00,-120803.23668,749531.42202,1.1641532182693481e-10,9.155721423417923,83.19850594528418,0.025697996938881668,0.017359941824086223,0.031012169011638474,False,55.95952716011118
2020-05-31 02:00:00,-120844.79206,749501.03716,1.1641532182693481e-10,9.159182557906046,83.19871570329235,0.023807586387721322,0.009400113127467531,0.025596157844840716,False,68.4540652106466
2020-05-31 02:30:00,-120882.46457,749484.37037,1.4551915228366852e-11,9.162189735889307,83.19880950010294,0.02164339457570507,0.0032204184629421894,0.0218816732412336,False,81.53679548308531
2020-05-31 03:00:00,-120919.86816,749477.18499,4.3655745685100555e-11,9.16506298157928,83.19881969899322,0.020298385604070938,0.0021479604345220763,0.020411717031152146,False,83.95948193088873
2020-05-31 03:30:00,-120953.37421,749465.09723,1.4551915228366852e-11,9.16770478772777,83.19887886411648,0.0183654074985369,0.0046133463412976255,0.018935975207315825,False,75.89919348571874
2020-05-31 04:00:00,-120982.49301,749450.25526,2.9103830456733704e-11,9.170052879621345,83.19896867630294,0.015562486405152929,0.006773636270079876,0.016972717267129366,False,66.47871781421009
2020-05-31 04:30:00,-121004.79701,749432.09536,1.173212913024843e-10,9.17193318314621,83.19909760278212,0.014498636565049839,0.011061628006214588,0.018236503952053725,False,52.65844581928644
2020-05-31 05:00:00,-121027.67325,749402.62277,1.1641532182693481e-10,9.173992326098402,83.19932588147229,0.012738801593196566,0.015294960918798919,0.019905097225042977,False,39.79009392904544
2020-05-31 05:30:00,-121041.29141,749370.42626,2.3283064365386963e-10,9.175394534534371,83.19959151522978,0.01227906950079355,0.01734258682613075,0.021249490949836945,False,35.299633747953635
2020-05-31 06:00:00,-121061.35685,749333.93955,1.1641532182693481e-10,9.177328933281848,83.19988591227171,0.016286711066428372,0.0178002256716222,0.024126852080658977,False,42.45764546555131
2020-05-31 06:30:00,-121088.95276,749297.81444,1.173212913024843e-10,9.179820315203493,83.20016632345404,0.020562388326297053,0.017030694351910496,0.0266993701009899,False,50.366918037812695
2020-05-31 07:00:00,-121124.6523,749261.60488,0.0,9.18291682048183,83.2004358694991,0.02264980287774837,0.018843385219011716,0.029463311709869402,False,50.241413469409565
2020-05-31 07:30:00,-121158.62127,749217.83505,0.0,9.185975714588606,83.20077482032697,0.023963054290611845,0.022380492281931667,0.03278893724591289,False,46.955804198139504
2020-05-31 08:00:00,-121196.95083,749168.29676,0.0,9.1894294494398,83.20115858472823,0.02664267337132566,0.023232905841329313,0.03534968116126677,False,48.91096752787587
2020-05-31 08:30:00,-121239.94693,749119.95271,0.0,9.193216975097693,83.20152506197519,0.027421555710168088,0.021894283374166417,0.035089903990095955,False,51.39496832892229
2020-05-31 09:00:00,-121281.80789,749074.71821,2.9103830456733704e-11,9.196882775051177,83.20186560247075,0.024917308952862486,0.019248941808331338,0.03148641050029246,False,52.31345203136101
2020-05-31 09:30:00,-121317.42068,749037.21043,1.4551915228366852e-11,9.199989935416012,83.20214665841914,0.02127826741346227,0.014929592254953612,0.02599341049223786,False,54.94512929583135
2020-05-31 10:00:00,-121348.83122,749009.41589,1.1641532182693481e-10,9.202666816894396,83.20234771578569,0.017383008011881897,0.009983844751515633,0.02004609995893257,False,60.129307469521166
2020-05-31 10:30:00,-121373.44597,748991.72315,1.173212913024843e-10,9.204715271558893,83.2024690626793,0.012606147344883628,0.00411099922603069,0.013259534890686833,False,71.93829969229671
2020-05-31 11:00:00,-121391.26159,748987.54743,1.173212913024843e-10,9.206093685674496,83.20248047172558,0.007521411730071123,-0.0017176323775421596,0.007715043447553138,False,102.86379837531223
2020-05-31 11:30:00,-121401.16355,748993.49502,2.9103830456733704e-11,9.206759915271805,83.20241359791503,0.002189335646474887,-0.00735650956925984,0.007675377750673722,False,163.42672006039805
2020-05-31 12:00:00,-121403.27895,749012.42865,2.3283064365386963e-10,9.20668884647315,83.20224291366827,-0.004168212542768146,-0.01268968850046818,0.013356728268577004,False,198.18392492596675
2020-05-31 12:30:00,-121393.66039,749040.99023,1.1641532182693481e-10,9.205626885708217,83.20200381766355,-0.008493314340302855,-0.017273855269698008,0.019248960085201168,False,206.18270370559065
2020-05-31 13:00:00,-121383.0452,749078.70509,1.173212913024843e-10,9.204380170520482,83.20168510082422,-0.011563942243911142,-0.02253397542247635,0.025327945210010243,False,207.16590051460645
2020-05-31 13:30:00,-121365.54228,749127.72704,2.3283064365386963e-10,9.202483717325391,83.20127614166917,-0.01746527686873097,-0.02696417196242137,0.03212635157811201,False,212.93200247164094
2020-05-31 14:00:00,-121336.50343,749184.58196,1.173212913024843e-10,9.199633254737252,83.2008143608288,-0.022534350347328376,-0.029396967850304826,0.03704023034982361,False,217.47209781192873
2020-05-31 14:30:00,-121302.3815,749245.16451,1.173212913024843e-10,9.196359423937423,83.20032684285196,-0.02587258911519875,-0.030274664741018326,0.03982393994452281,False,220.51704773429012
2020-05-31 15:00:00,-121261.97773,749307.05556,1.243316182127096e-10,9.19260220087383,83.1998367180508,-0.027299851898575964,-0.030636258547323318,0.04103489065981074,False,221.70410874665475
2020-05-31 15:30:00,-121222.98357,749369.73908,2.3283064365386963e-10,9.188940995573812,83.19933752735952,-0.027834548543688314,-0.033103904470856704,0.043250787089329924,False,220.0579195077186
2020-05-31 16:00:00,-121182.09025,749440.70197,1.1999816708318134e-10,9.185039089386757,83.198767713573,-0.03108708749995647,-0.03376837929140511,0.0458989155557966,False,222.6325933053176
2020-05-31 16:30:00,-121131.90982,749507.61054,1.4551915228366852e-11,9.180494777792214,83.19824706138218,-0.03415156365493914,-0.03205497436630194,0.046838559773990006,False,226.81380253879627
2020-05-31 17:00:00,-121079.13065,749574.23708,1.1641532182693481e-10,9.175760964166722,83.19773258095763,-0.03655559184849617,-0.031592903113058526,0.04831586512218262,False,229.16502364034375
2020-05-31 17:30:00,-121020.13017,749640.87505,1.4551915228366852e-11,9.170564305827131,83.19722684690045,-0.03921718222022869,-0.030237881004954923,0.04952087265956079,False,232.36646325461274
2020-05-31 18:00:00,-120957.10222,749704.2028,1.173212913024843e-10,9.16510821245778,83.1967561249819,-0.041145445540346166,-0.027594129195013237,0.049541736493028524,False,236.1522800282631
2020-05-31 18:30:00,-120889.72029,749762.53883,1.4551915228366852e-11,9.159388528157605,83.196335763539,-0.04086252505336464,-0.025724962078806195,0.048285811867388846,False,237.8075741306434
2020-05-31 19:00:00,-120826.61459,749819.04823,1.243316182127096e-10,9.154009960458524,83.1959254082682,-0.03788249164147718,-0.02358033579587252,0.04462191624317243,False,238.0993879330741
2020-05-31 19:30:00,-120768.5851,749868.04296,1.1999816708318134e-10,9.149100228153776,83.19557430285772,-0.0371127396601133,-0.019721208575339804,0.042027152089469534,False,242.0144268194123
2020-05-31 20:00:00,-120705.99719,749910.38525,2.332849477807962e-10,9.143931265900314,83.19528856023476,-0.036113711044566885,-0.017367855702162118,0.040072965164828986,False,244.31610395548856
2020-05-31 20:30:00,-120650.16392,749950.43315,1.1999816708318134e-10,9.139293256520787,83.19501345827291,-0.03469257552372506,-0.01534843074357348,0.03793611897334305,False,246.13480022701813
2020-05-31 21:00:00,-120591.46576,749984.7756,1.4551915228366852e-11,9.134510591429907,83.194792920869,-0.03750582596216056,-0.01303971348454232,0.03970794767880647,False,250.82888446512732
2020-05-31 21:30:00,-120524.30756,750018.21576,2.9103830456733704e-11,9.129109020462728,83.19459236778796,-0.04195542343153052,-0.009969163428087985,0.04312356403145439,False,256.6336408349954
2020-05-31 22:00:00,-120448.03354,750044.17388,1.1641532182693481e-10,9.123118401404657,83.19447098543114,-0.04635525070604338,-0.004436466306187897,0.046567064555392314,False,264.53311256806364
2020-05-31 22:30:00,-120362.07204,750060.44473,1.1641532182693481e-10,9.116522338213855,83.19444909560943,-0.04726673819171573,0.00028766082914421023,0.04726761352170027,False,270.3486923064993
2020-05-31 23:00:00,-120279.85864,750070.11205,1.173212913024843e-10,9.110284304780185,83.19448027946699,-0.04149779667267626,-0.002666312800481202,0.04158336629755689,False,266.32369001145105
2020-05-31 23:30:00,-120216.08431,750093.57641,0.0,9.105254760102245,83.19436300802182,-0.03525722535847133,-0.011966005975959898,0.037232475595838935,False,251.25321942852608
2020-06-01 00:00:00,-120161.34896,750132.73273,1.4551915228366852e-11,9.100711340932287,83.19409387285894,-0.03261759196803884,-0.01669158389245261,0.03664036406249609,False,242.89955620756257
2020-06-01 00:30:00,-120109.64353,750171.48258,2.3283064365386963e-10,9.096398758865972,83.19382399824244,-0.03139125302216171,-0.01854229707699477,0.03645857302738144,False,239.4303517808192
2020-06-01 01:00:00,-120060.31494,750216.5117,1.1641532182693481e-10,9.092188681190612,83.19349509772755,-0.030990453334338024,-0.02234098817315359,0.038203768798650894,False,234.2122024095829
2020-06-01 01:30:00,-120012.18912,750268.52958,0.0,9.087985328395265,83.1931025531203,-0.02988671616712557,-0.02563848480640401,0.03937699463420912,False,229.37517445827018
2020-06-01 02:00:00,-119968.65202,750324.64591,0.0,9.084075335806425,83.19266717060442,-0.027646445139573858,-0.029573374238881543,0.04048345826048473,False,223.07124176752316
2020-06-01 02:30:00,-119930.71916,750389.37214,4.3655745685100555e-11,9.080480645862222,83.19214755850265,-0.026912463099799635,-0.03282087010489813,0.042443965231121754,False,219.3510737229457
2020-06-01 03:00:00,-119891.62879,750456.61081,2.9103830456733704e-11,9.076770447446892,83.19160730272661,-0.026468227259437278,-0.0334236267534822,0.04263456203144709,False,218.37576305563397
2020-06-01 03:30:00,-119855.60893,750523.22251,2.9103830456733704e-11,9.073296867369983,83.1910682284439,-0.02503169505517015,-0.0362006103493742,0.04401215680925269,False,214.66275854890822
2020-06-01 04:00:00,-119823.19378,750599.51314,0.0,9.069977147742675,83.19043829591574,-0.023715917110962582,-0.03717003642951257,0.044091454189959974,False,212.53944637868437
2020-06-01 04:30:00,-119792.39337,750668.82046,1.173212913024843e-10,9.066861172119152,83.18986791635297,-0.021622438533467004,-0.03647747903447923,0.04240443756076044,False,210.6578221578448
2020-06-01 05:00:00,-119767.01976,750741.45794,0.0,9.064110068817115,83.18926034868862,-0.018370374879505845,-0.03870187809058599,0.04284047199730833,False,205.39199249485108
2020-06-01 05:30:00,-119749.03532,750816.82602,2.9103830456733704e-11,9.061876937613333,83.18861813772516,-0.015134816821301491,-0.03784932710434144,0.04076314809317094,False,201.79499646213117
2020-06-01 06:00:00,-119734.67517,750884.59636,2.332849477807962e-10,9.060004067524867,83.188038099532,-0.012639159170135902,-0.036833994369145744,0.03894215563774418,False,198.93906473493877
2020-06-01 06:30:00,-119724.98275,750954.93903,1.1999816708318134e-10,9.05844830987772,83.18742867541133,-0.009723223076771278,-0.03808489795271556,0.03930649461691306,False,194.32189988349825
2020-06-01 07:00:00,-119721.6943,751025.50308,2.332849477807962e-10,9.057366657098719,83.18680824211289,-0.0070656248105445685,-0.03749196295629106,0.03815193756913643,False,190.67261879514876
2020-06-01 07:30:00,-119721.11125,751092.23143,1.243316182127096e-10,9.056531946865398,83.18621796416447,-0.0061785617141752415,-0.03618527039376788,0.03670896918092316,False,189.6896923349393
2020-06-01 08:00:00,-119720.23395,751157.6473,1.1999816708318134e-10,9.055691053285951,83.18563972642825,-0.005141447941033052,-0.036857195597663886,0.03721407467954574,False,187.94131176231895
2020-06-01 08:30:00,-119723.71676,751226.17676,2.9103830456733704e-11,9.055137701918856,83.18502775030863,-0.004507520687254035,-0.03599206062486723,0.036273215611110916,False,187.1383594903245
2020-06-01 09:00:00,-119724.60169,751288.15781,2.9103830456733704e-11,9.054468848042292,83.18447744908929,-0.004718757739920724,-0.03500947342622801,0.03532605135292971,False,187.67635874650477
2020-06-01 09:30:00,-119726.77532,751353.31376,1.4551915228366852e-11,9.05385831680715,83.18389720311045,-0.004751940898215696,-0.035288792095656336,0.035607299671143164,False,187.6692387222991
2020-06-01 10:00:00,-119727.69916,751416.30666,0.0,9.053180581275528,83.18333788143988,-0.005593780622019632,-0.03588320839856753,0.03631659436982369,False,188.86044093374045
2020-06-01 10:30:00,-119727.21512,751484.05276,1.4551915228366852e-11,9.052341962636188,83.18273843965385,-0.00658886770981746,-0.038663020970913266,0.03922043304573209,False,189.67131056196934
2020-06-01 11:00:00,-119726.17387,751557.49198,1.1999816708318134e-10,9.05139463225352,83.18208935015028,-0.0077262824063150815,-0.040238395538221505,0.04097345378794053,False,190.86922634887105
2020-06-01 11:30:00,-119722.53601,751631.48296,1.1999816708318134e-10,9.050247910089851,83.18143903466945,-0.010039897896730793,-0.042614960980244906,0.04378166795731491,False,193.25688708022358
2020-06-01 12:00:00,-119714.61229,751714.68137,2.3283064365386963e-10,9.048673813444942,83.18071319825609,-0.013376413704103498,-0.0479008951233111,0.04973353191959905,False,195.60248940019173
2020-06-01 12:30:00,-119702.10095,751809.35366,0.0,9.046623280496428,83.17989218464552,-0.017933849835536253,-0.05388583281040854,0.056791777112491074,False,198.408059569719
2020-06-01 13:00:00,-119681.356,751916.40887,2.399963341663627e-10,9.043814857129757,83.17897307572217,-0.024045593700036158,-0.05846356863650643,0.06321534176212858,False,202.35696986835694
2020-06-01 13:30:00,-119649.69648,752030.81304,1.173212913024843e-10,9.04010927046938,83.17800423149055,-0.031332770596575896,-0.06367069738101995,0.07096266777850922,False,206.20210339126777
2020-06-01 14:00:00,-119605.97466,752160.49969,1.173212913024843e-10,9.035327980021304,83.17691696568825,-0.0379177513121133,-0.06930330251694873,0.07899812405572035,False,208.68428736932498
2020-06-01 14:30:00,-119554.06742,752298.6462,1.243316182127096e-10,9.029840281091394,83.1757662298836,-0.0426766408658884,-0.07214736993365287,0.08382445146816872,False,210.60518042740716
2020-06-01 15:00:00,-119495.00721,752441.12429,0.0,9.023772060646744,83.17458712041065,-0.04687926118012194,-0.0733575618543988,0.0870574351219701,False,212.5806736313741
2020-06-01 15:30:00,-119428.81139,752585.93478,1.4551915228366852e-11,9.017148543475773,83.17339730224407,-0.050199737078239055,-0.07404790893043306,0.08946008282856682,False,214.13475522775127
2020-06-01 16:00:00,-119358.3015,752732.72643,1.1999816708318134e-10,9.010183685673098,83.17219590044367,-0.05281225186000699,-0.07403505997879656,0.09094132203013554,False,215.50182434232494
2020-06-01 16:30:00,-119282.77399,752878.94754,1.243316182127096e-10,9.00285548512557,83.17100649502646,-0.05582672801874212,-0.07364165283353086,0.09241058701973973,False,217.16526746375044
2020-06-01 17:00:00,-119201.28658,753026.01987,2.332849477807962e-10,8.995077444019453,83.16981779418765,-0.05729176137007786,-0.07309830429465403,0.09287468983334361,False,218.08804254221732
2020-06-01 17:30:00,-119120.20417,753171.11227,2.9103830456733704e-11,8.987355404158656,83.16864594145868,-0.05612285037941895,-0.07127047890586732,0.09071524402316473,False,218.2191162303981
2020-06-01 18:00:00,-119041.80587,753311.00593,2.332849477807962e-10,8.9798961461946,83.16751626811069,-0.054191515275786785,-0.06947970297713056,0.08811441115774489,False,217.95287061021168
2020-06-01 18:30:00,-118966.54768,753448.62454,1.173212913024843e-10,8.972698983484563,83.1664022431295,-0.051035732079602915,-0.06604647039387422,0.08346725226332728,False,217.6941444002229
2020-06-01 19:00:00,-118897.40866,753574.51863,1.1641532182693481e-10,8.96609534105086,83.16538344212535,-0.045545892980048464,-0.06037784928204472,0.07563010677815639,False,217.02899308469676
2020-06-01 19:30:00,-118838.46159,753688.88279,1.1641532182693481e-10,8.96038450636982,83.16445247537413,-0.04022702480850968,-0.05603399537438253,0.06897841809262355,False,215.67471439225758
2020-06-01 20:00:00,-118785.77725,753796.33476,2.3283064365386963e-10,8.955220501234178,83.16357394402776,-0.03681907038578978,-0.05300737357744669,0.06454010844159418,False,214.78395227288888
2020-06-01 20:30:00,-118737.2332,753898.01607,2.3688801733223527e-10,8.950432263422247,83.1627407127436,-0.03320832609145921,-0.04812483263969042,0.058470440723453615,False,214.60744315059407
2020-06-01 21:00:00,-118694.63713,753986.07413,0.0,8.946245269865448,83.16201985426707,-0.029995217775404856,-0.044309756661881666,0.05350764080791761,False,214.09579460194846
2020-06-01 21:30:00,-118655.3699,754072.3828,1.4551915228366852e-11,8.942326387753013,83.16130981926344,-0.02897236905638518,-0.041839866486792866,0.05089177336635105,False,214.70099222186113
2020-06-01 22:00:00,-118615.01729,754151.07936,2.9103830456733704e-11,8.938416612545799,83.16066871828369,-0.028909936278654954,-0.039061496489905784,0.048596141036782045,False,216.50563856557918
2020-06-01 22:30:00,-118574.40677,754227.46701,2.346425826049686e-10,8.934515359357128,83.16004840478793,-0.0288480437063573,-0.038059510335276436,0.047757051339513364,False,217.16110895865893
2020-06-01 23:00:00,-118533.7035,754302.56007,2.9103830456733704e-11,8.930623017774948,83.15943966055956,-0.02628766585659919,-0.039021385729162146,0.04705007885659991,False,213.9670969400526
2020-06-01 23:30:00,-118502.72586,754380.93208,2.9103830456733704e-11,8.927414074061131,83.15878828970996,-0.025050334417586136,-0.03691459720887071,0.04461173322710143,False,214.1609097454516
2020-06-02 00:00:00,-118465.23745,754447.83732,0.0,8.923856640144322,83.15824757223136,-0.030527695471943103,-0.034707807972816515,0.04622306918742632,False,221.3336556697772
2020-06-02 00:30:00,-118413.53862,754521.41557,2.9103830456733704e-11,8.919168996142702,83.15766745773999,-0.03859258147105708,-0.03589364233103059,0.05270427785662307,False,227.07515151370782
2020-06-02 01:00:00,-118348.01807,754597.03229,1.4551915228366852e-11,8.91343417957704,83.15708844397685,-0.044540012358386775,-0.03803090792659283,0.05856759051392014,False,229.507332081867
2020-06-02 01:30:00,-118276.34427,754681.51747,0.0,8.907141376361242,83.15643931451882,-0.04886996215158515,-0.04082732050970044,0.06368000707207225,False,230.1236828053272
2020-06-02 02:00:00,-118196.96502,754769.47832,0.0,8.900238502661686,83.15576999403868,-0.05310204467739029,-0.04297348632316965,0.06831213417605399,False,231.01805643563816
2020-06-02 02:30:00,-118111.41375,754863.93562,1.173212913024843e-10,8.892804389668202,83.15505155810746,-0.0556244532413776,-0.05098034385255125,0.07545247018969334,False,227.4944443279046
2020-06-02 03:00:00,-118027.49522,754981.75701,1.173212913024843e-10,8.885222203830777,83.15412367600763,-0.05813284142573443,-0.05752606485457981,0.08178432239667274,False,225.30058573786297
2020-06-02 03:30:00,-117936.63371,755100.86846,1.4551915228366852e-11,8.877112869555063,83.15319385097024,-0.06358193905276797,-0.059296886633053755,0.0869412660253066,False,226.99721936309365
2020-06-02 04:00:00,-117834.28363,755227.99088,0.0,8.868062282601244,83.15220877417136,-0.07104970382765619,-0.05976385274316286,0.09284276228497361,False,229.93094470063534
2020-06-02 04:30:00,-117717.0798,755352.87721,1.1999816708318134e-10,8.857940123151948,83.15126386369823,-0.07357057884063284,-0.06320807122423816,0.09699427992842741,False,229.33251751690014
2020-06-02 05:00:00,-117607.62758,755493.60958,1.1641532182693481e-10,8.84821207662777,83.15016759050336,-0.0704487652619108,-0.0708359729053907,0.099903771622402,False,224.84297448889433
2020-06-02 05:30:00,-117505.70733,755643.86239,2.3283064365386963e-10,8.838935160085507,83.14897634997078,-0.06794071193985184,-0.07249492391966106,0.09935519278332346,False,223.14259600213376
2020-06-02 06:00:00,-117406.04744,755789.07446,1.1641532182693481e-10,8.829886745291484,83.14782649781964,-0.06915427879483023,-0.07153617667569241,0.09949743136890009,False,224.03007166567826
2020-06-02 06:30:00,-117299.23366,755936.55547,1.1999816708318134e-10,8.820285828212489,83.14666620168038,-0.06558360436897222,-0.07337257848214564,0.09841109914610492,False,221.79173091897144
2020-06-02 07:00:00,-117213.24085,756086.29476,1.1999816708318134e-10,8.81220303256254,83.14545708335031,-0.056208185275030936,-0.07613138263817353,0.0946326979131008,False,216.4386397173662
2020-06-02 07:30:00,-117141.25974,756238.39242,1.4551915228366852e-11,8.805132771497302,83.14420768264323,-0.04962872373454319,-0.07830832332011703,0.09271032154365336,False,212.3649091282606
2020-06-02 08:00:00,-117079.83624,756392.23111,2.332849477807962e-10,8.798826164793699,83.14292825654232,-0.044198817704306885,-0.07834923406868209,0.0899563114273128,False,209.42846265050622
2020-06-02 08:30:00,-117027.1616,756541.46951,1.4551915228366852e-11,8.793221639129232,83.14167753097286,-0.039497487816349694,-0.07746932995079175,0.08695716547143964,False,207.01461400660222
2020-06-02 09:00:00,-116981.95008,756689.57934,1.1999816708318134e-10,8.788183966501897,83.14042651571685,-0.03968488667169456,-0.07435681526341106,0.08428419903079272,False,208.08923294710343
2020-06-02 09:30:00,-116926.87065,756827.8387,2.9103830456733704e-11,8.782531028287925,83.13927628897336,-0.040130061370637723,-0.0745860305112555,0.08469650390091131,False,208.28190583199716
2020-06-02 10:00:00,-116880.17303,756976.99883,4.658886054991198e-10,8.777375209788843,83.13801788237105,-0.03430154775933426,-0.07922281080461024,0.08632989013353926,False,203.4114365542236
2020-06-02 10:30:00,-116848.35184,757128.54409,2.3283064365386963e-10,8.773293663525187,83.13671792106948,-0.02627262603072699,-0.08201953092299562,0.08612464415821217,False,197.76138394567482
2020-06-02 11:00:00,-116831.73438,757283.24041,2.9103830456733704e-11,8.770301309142189,83.13536919444368,-0.02657493786562546,-0.07962028332143929,0.08393817271508903,False,198.45751225852067
2020-06-02 11:30:00,-116797.50464,757426.41278,1.4551915228366852e-11,8.766140109306395,83.13414669454299,-0.03164824675160361,-0.07891733035701931,0.08502679902906676,False,201.85228472297348
2020-06-02 12:00:00,-116762.42931,757581.38779,2.9103830456733704e-11,8.761783533343085,83.13282067381239,-0.03097233437345031,-0.08291951410161277,0.08851514737822205,False,200.48180982874118
2020-06-02 12:30:00,-116732.77649,757738.42396,1.1999816708318134e-10,8.757805699046365,83.1314689323854,-0.030209214293532825,-0.08519894122249877,0.09039610729266713,False,199.52311440930367
2020-06-02 13:00:00,-116701.64412,757901.08645,1.1641532182693481e-10,8.753656189765218,83.13006929397393,-0.03132835722105137,-0.08915375401180398,0.09449792495376316,False,199.3613196600076
2020-06-02 13:30:00,-116670.15289,758072.80285,1.1641532182693481e-10,8.749378992168154,83.12858983553292,-0.033724844421347454,-0.09129903946418907,0.09732872000765058,False,200.27366623450087
2020-06-02 14:00:00,-116631.64337,758244.40615,1.4551915228366852e-11,8.744586847943697,83.12712091196946,-0.039273109240706344,-0.09190942805531231,0.09994858715803383,False,203.1371296568433
2020-06-02 14:30:00,-116580.71592,758421.32516,2.9103830456733704e-11,8.738819969019495,83.12562173346849,-0.044012136205972066,-0.09999832885231888,0.10925536099738789,False,203.7556729494956
2020-06-02 15:00:00,-116529.7331,758624.29346,1.173212913024843e-10,8.732756267210126,83.12389159392015,-0.04628868287456691,-0.10493245612371091,0.11468854568097346,False,203.80363632467902
2020-06-02 15:30:00,-116473.36175,758820.00292,1.4551915228366852e-11,8.726380303330394,83.12223307085296,-0.04844136381497617,-0.10371103474168644,0.1144663463881248,False,205.0363437218889
2020-06-02 16:00:00,-116414.00751,759019.7888,1.1641532182693481e-10,8.719741304769743,83.12054237277218,-0.05105371729093379,-0.10345792052958398,0.11536907458035843,False,206.26510711104044
2020-06-02 16:30:00,-116348.15642,759216.0099,2.9103830456733704e-11,8.712666800657365,83.11889201790223,-0.054387473943190164,-0.10256131280405253,0.11608970758000857,False,207.93666274449583
2020-06-02 17:00:00,-116276.40131,759414.40776,1.173212913024843e-10,8.705135875399096,83.11723027079034,-0.05869160039588711,-0.1021890080975375,0.1178443776044877,False,209.87062868792748
2020-06-02 17:30:00,-116194.97914,759611.63105,1.4551915228366852e-11,8.696909332778139,83.11559193146648,-0.059913292029829736,-0.10150656223836083,0.11786935453841206,False,210.55082863763698
2020-06-02 18:00:00,-116118.44822,759808.24338,0.0,8.689054002522301,83.11395223785348,-0.057198644599917706,-0.09939911765777937,0.11468160068298995,False,209.9180246134669
2020-06-02 18:30:00,-116045.48647,759996.4689,0.0,8.681559695734583,83.11238195269507,-0.05956536905475232,-0.09816725472676843,0.11482527200585717,False,211.2483007190567
2020-06-02 19:00:00,-115959.81324,760189.96384,1.1641532182693481e-10,8.67307330909013,83.11078201534595,-0.06478869326823444,-0.09756262759595773,0.11711550315322435,False,213.58705763648248
2020-06-02 19:30:00,-115867.87778,760378.84966,1.173212913024843e-10,8.66418142221043,83.1092312624254,-0.06516653197890858,-0.09498118575053106,0.11518724988788907,False,214.45399396497868
2020-06-02 20:00:00,-115779.40056,760563.3348,1.4551915228366852e-11,8.655597473935028,83.10771470038387,-0.06402065514179815,-0.09260879042386069,0.11258344615686446,False,214.6561882597527
2020-06-02 20:30:00,-115690.20202,760743.12942,1.4551915228366852e-11,8.6470167081961,83.10624055338978,-0.06257888501804652,-0.09237970550676036,0.11158013640257686,False,214.11408374304705
2020-06-02 21:00:00,-115606.67763,760925.99226,2.9103830456733704e-11,8.638822910251132,83.10473139362554,-0.061452211170896845,-0.09443271420732849,0.11266726130671446,False,213.05411804639675
2020-06-02 21:30:00,-115522.54738,761112.45992,1.4551915228366852e-11,8.6305478509587,83.10319093585332,-0.06322865695171893,-0.09353593660548942,0.11290187995150609,False,214.05800546674698
2020-06-02 22:00:00,-115432.1624,761293.06638,0.0,8.621881709855844,83.10171072855559,-0.06544728447250887,-0.09259327447469866,0.11338810132801583,False,215.25364284766806
2020-06-02 22:30:00,-115339.57109,761477.34977,1.173212913024843e-10,8.613016028339395,83.10020071389621,-0.06789400951946059,-0.09186452258082821,0.11423084976324084,False,216.46687273169624
2020-06-02 23:00:00,-115240.02788,761656.65311,2.3283064365386963e-10,8.603698383739639,83.09874403355454,-0.07055735079731977,-0.08982109379732561,0.1142198259606624,False,218.1507712987966
2020-06-02 23:30:00,-115136.79681,761835.06605,0.0,8.594123400216974,83.09730001077716,-0.07166242788908617,-0.08930199632499304,0.11450043719823758,False,218.74609685564016
2020-06-03 00:00:00,-115032.98096,762013.08222,1.4551915228366852e-11,8.584513830339862,83.09586009630304,-0.07228055022300384,-0.08978646652934988,0.115265291880801,False,218.83501154367355
2020-06-03 00:30:00,-114927.75014,762193.51714,1.4551915228366852e-11,8.574777454012308,83.09440042366968,-0.07446707661172026,-0.0907220938837811,0.1173705406724933,False,219.38004835493751
2020-06-03 01:00:00,-114816.59208,762376.00203,1.173212913024843e-10,8.564586921495053,83.09293028445916,-0.07898429671775421,-0.09061613683636513,0.12020733498062874,False,221.07658230162625
2020-06-03 01:30:00,-114695.15926,762558.44307,0.0,8.553646278445926,83.09147402403191,-0.08317111441725925,-0.09156773521848983,0.12370159419527418,False,222.24891652717707
2020-06-03 02:00:00,-114569.53616,762746.51301,0.0,8.542340309027546,83.08997315926625,-0.08523167644613582,-0.09602017140943434,0.1283912457580965,False,221.59365247745265
2020-06-03 02:30:00,-114443.07542,762945.85812,0.0,8.530853502386467,83.08837311201441,-0.08869590392754416,-0.10187318986767813,0.13507446164001594,False,221.04446348637904
2020-06-03 03:00:00,-114308.16711,763156.56526,1.4551915228366852e-11,8.518626725836334,83.08668321075939,-0.09473067555031114,-0.10339151372747563,0.1402273368536859,False,222.49692982238926
2020-06-03 03:30:00,-114160.94305,763364.47842,0.0,8.505532438345696,83.08503412244124,-0.0987259520540673,-0.10577911898416285,0.14469290107689345,False,223.02471117799897
2020-06-03 04:00:00,-114012.98557,763585.74923,1.1999816708318134e-10,8.492244160440332,83.08326712931215,-0.09816151461786035,-0.11720951683763169,0.15288477291536748,False,219.94575569958772
2020-06-03 04:30:00,-113873.74844,763833.99211,0.0,8.479307508962833,83.08124891401697,-0.09640898615942335,-0.12802185959394494,0.1602631871209968,False,216.98218218859043
2020-06-03 05:00:00,-113737.66459,764092.76673,0.0,8.466494714217687,83.07913273117728,-0.09670486719606142,-0.1346316126923394,0.16576339305029913,False,215.68940079594566
2020-06-03 05:30:00,-113600.7639,764364.64065,1.4551915228366852e-11,8.453487055155861,83.07690104329279,-0.09497317259327814,-0.1384028635422373,0.16785486632541743,False,214.45823131487447
2020-06-03 06:00:00,-113472.72179,764635.86583,1.4551915228366852e-11,8.4411443167947,83.07466308722393,-0.08985462525376782,-0.1423694790468771,0.16835356320427028,False,212.2575334930092
2020-06-03 06:30:00,-113356.02745,764919.10286,0.0,8.429510816744413,83.07230329333171,-0.08103373265790594,-0.1477043987735783,0.16847271365279665,False,208.75009679146027
2020-06-03 07:00:00,-113262.10034,765204.62149,0.0,8.41952867798093,83.06989306151846,-0.06976893674838781,-0.15106473167431442,0.16639788968263136,False,204.78975728410933
2020-06-03 07:30:00,-113187.19439,765493.85082,1.4551915228366852e-11,8.41090653206421,83.06742472914739,-0.059479679514256284,-0.15407213827813104,0.16515464289178844,False,201.10912378948092
2020-06-03 08:00:00,-113131.40735,765784.63617,2.9103830456733704e-11,8.403673609844395,83.06491736360725,-0.056616650490636924,-0.15332344134173198,0.16344272017330863,False,200.26731487984588
2020-06-03 08:30:00,-113066.23051,766069.67631,1.173212913024843e-10,8.395820673893354,83.06247317009662,-0.05312740393764452,-0.14906689587589192,0.15825125748387484,False,199.61605449666848
2020-06-03 09:00:00,-113020.55381,766343.45165,2.9103830456733704e-11,8.389521706787493,83.06010329528151,-0.04488210101195778,-0.1483199938068367,0.15496200680846792,False,196.83598172080127
2020-06-03 09:30:00,-112984.28868,766621.4887,0.0,8.38386954369083,83.05768320112233,-0.03701558524830953,-0.14692965550228007,0.15152055047845348,False,194.14012448849888
2020-06-03 10:00:00,-112965.84458,766886.17512,0.0,8.379668276148605,83.05535822771968,-0.028466130625343138,-0.14187708059606988,0.14470461841711482,False,191.34515336501522
2020-06-03 10:30:00,-112957.33835,767141.72773,1.1641532182693481e-10,8.376294606912824,83.05310129148953,-0.02408625942902304,-0.13978620810981482,0.14184615564407327,False,189.77651145117534
2020-06-03 11:00:00,-112953.36645,767396.6688,0.0,8.373261069806567,83.05084383251078,-0.02105139500571562,-0.13875832883397007,0.14034612589053835,False,188.62671024013764
2020-06-03 11:30:00,-112955.10339,767646.96884,1.4551915228366852e-11,8.370696455842433,83.0486200863872,-0.019800543165717478,-0.134660918702965,0.1361088701576205,False,188.3648311423254
2020-06-03 12:00:00,-112953.41661,767886.66073,4.3655745685100555e-11,8.367997396660442,83.04649494450922,-0.01876130976065789,-0.13282251400436887,0.13414099660572126,False,188.03989610375174
2020-06-03 12:30:00,-112957.86872,768129.86851,0.0,8.365710451960354,83.04433056738327,-0.017144549876862158,-0.13574877458663073,0.13682713690000275,False,187.19812699595298
2020-06-03 13:00:00,-112963.45375,768379.13615,1.173212913024843e-10,8.363442593835396,83.04211091398116,-0.017391148629261,-0.13806906886934844,0.13916005112493288,False,187.17915488826156
2020-06-03 13:30:00,-112968.22302,768630.73768,2.9103830456733704e-11,8.361091627955107,83.03987159641841,-0.01749620992092854,-0.14047420679917821,0.1415595992416462,False,187.09968773475333
2020-06-03 14:00:00,-112974.67234,768888.62721,1.173212913024843e-10,8.358797327771315,83.03757426338018,-0.018850253579329748,-0.14179311996871283,0.14304062685288688,False,187.57260920953763
2020-06-03 14:30:00,-112975.28867,769145.63546,0.0,8.356088640359207,83.03529234275999,-0.020518522744125973,-0.1446192104414235,0.14606753850291979,False,188.07520868379078
2020-06-03 15:00:00,-112977.25016,769414.46403,0.0,8.353353260394394,83.03290373605168,-0.020806723890394063,-0.14858916082326734,0.15003885654460947,False,187.97121441757332
2020-06-03 15:30:00,-112978.89115,769685.76333,2.3283064365386963e-10,8.350569970018162,83.03049359793339,-0.02147433140269248,-0.15045977163785826,0.15198450510005657,False,188.12266767037562
2020-06-03 16:00:00,-112979.4265,769961.60392,0.0,8.347659518587884,83.02804457189082,-0.021398309209497725,-0.15384331424470873,0.1553243476561916,False,187.9185557889246
2020-06-03 16:30:00,-112983.07887,770244.9153,1.4551915228366852e-11,8.344898290757092,83.0255251554414,-0.020820520308039055,-0.15647724532311166,0.15785633458878595,False,187.57913249142723
2020-06-03 17:00:00,-112987.02145,770529.83597,2.3688801733223527e-10,8.342143002134804,83.02299105724092,-0.01971500570217252,-0.15813942907682468,0.15936361089841294,False,187.1063143469459
2020-06-03 17:30:00,-112995.4524,770818.49085,2.332849477807962e-10,8.339676487038371,83.02041795379637,-0.01640511267153947,-0.16147519599620322,0.1623063974209832,False,185.80107481968292
2020-06-03 18:00:00,-113012.90167,771113.56557,2.332849477807962e-10,8.337799348228973,83.01777611846386,-0.010765991983557932,-0.16778427408503047,0.16812932288458982,False,183.67138949741002
2020-06-03 18:30:00,-113044.6933,771421.75011,1.4551915228366852e-11,8.336826812263931,83.0149992511235,-0.0036890635675199367,-0.17366362791611342,0.17370280611144856,False,181.2169271762633
2020-06-03 19:00:00,-113090.40891,771734.07372,1.4551915228366852e-11,8.336822995398753,83.01216752756167,0.0035801013421092806,-0.17378601081558442,0.17382288307588906,False,178.81983776364694
2020-06-03 19:30:00,-113148.15684,772038.89989,2.346425826049686e-10,8.337773191314373,83.00938669683552,0.008897008146516797,-0.17022605142171487,0.17045839767106666,False,177.00811011219474
2020-06-03 20:00:00,-113210.96283,772335.7658,2.3283064365386963e-10,8.339174709103427,83.00666993596201,0.011835665320713527,-0.1644714332451174,0.16489674140894067,False,175.88398600244886
2020-06-03 20:30:00,-113276.1882,772618.55711,1.1641532182693481e-10,8.340900581368563,83.00407494719632,0.016483831912734788,-0.1560016906269181,0.15687015073934224,False,173.96825495712318
2020-06-03 21:00:00,-113351.14494,772882.82322,0.0,8.343528547445414,83.00163171345976,0.023200126866611766,-0.14690519950438344,0.14872586704420176,False,171.0256347246144
2020-06-03 21:30:00,-113435.56625,773129.69882,0.0,8.347026401183015,82.99933049606258,0.028880775517073135,-0.13637679170065517,0.13940132176213918,False,168.04301996014289
2020-06-03 22:00:00,-113525.28569,773353.48569,1.4551915228366852e-11,8.351151996352097,82.9972272822392,0.033110144919935316,-0.12739644896622013,0.13162878448812723,False,165.4312316732428
2020-06-03 22:30:00,-113620.10969,773566.15094,1.173212913024843e-10,8.355763642026162,82.99521608952952,0.037451473316454764,-0.12019288383314114,0.12589258190100036,False,162.69323928615353
2020-06-03 23:00:00,-113721.5586,773761.99424,1.4551915228366852e-11,8.361032024754078,82.99334551555357,0.041019834094637914,-0.1095655986684894,0.11699250916505768,False,159.47479979095613
2020-06-03 23:30:00,-113823.56659,773934.92189,1.4551915228366852e-11,8.366582325964144,82.99167754247824,0.04500597510280485,-0.09893164140865597,0.1086876601402624,False,155.53826594949277
2020-06-04 00:00:00,-113933.67831,774090.78263,1.4551915228366852e-11,8.372899054487915,82.99015039447161,0.05001013956177827,-0.0918847088298421,0.1046126845833401,False,151.4418497980368
2020-06-04 00:30:00,-114049.85142,774235.96508,1.4551915228366852e-11,8.379765995395603,82.98871000950524,0.05668377501617962,-0.08892548419791736,0.10545516625523342,False,147.4853395548492
2020-06-04 01:00:00,-114182.21528,774377.75796,2.9103830456733704e-11,8.387838763706942,82.98727841918733,0.06269720732203224,-0.0860424178805238,0.10646237589265314,False,143.9200040628172
2020-06-04 01:30:00,-114318.33159,774509.47946,1.4551915228366852e-11,8.396287537382713,82.98593115671119,0.06640026845208451,-0.08626483064511836,0.10886053764675169,False,142.41359187628757
2020-06-04 02:00:00,-114464.04083,774650.07827,1.4551915228366852e-11,8.405332496365686,82.98449237647291,0.06923958676841341,-0.09196467336811112,0.11511568756500574,False,143.02415419121382
2020-06-04 02:30:00,-114613.31131,774800.56017,1.4551915228366852e-11,8.414525667878587,82.98296103617628,0.0710779492730417,-0.0981401019331557,0.121175717370731,False,144.08607236472955
2020-06-04 03:00:00,-114768.86734,774962.13542,2.332849477807962e-10,8.424050720735796,82.98132280593853,0.07333432013160254,-0.10635159516364859,0.1291843036247708,False,145.411949363777
2020-06-04 03:30:00,-114930.55568,775140.61908,1.173212913024843e-10,8.43383354463928,82.97952626266499,0.07434133515459737,-0.11677421416315614,0.13842995053813617,False,147.5181673570238
2020-06-04 04:00:00,-115095.25898,775338.72412,0.0,8.443618763600636,82.9775514212295,0.0741021851638825,-0.12651146364863464,0.14661611194061222,False,149.64100322481693
2020-06-04 04:30:00,-115261.30723,775551.95259,1.173212913024843e-10,8.453333240591514,82.97544039693696,0.07285801845342116,-0.13454637064551295,0.1530065904032856,False,151.56407340916832
2020-06-04 05:00:00,-115425.90211,775779.27139,0.0,8.462785386554517,82.97320605540304,0.06686344971609295,-0.14015222658649146,0.15528479489340782,False,154.49524874927874
2020-06-04 05:30:00,-115573.64755,776015.58258,1.173212913024843e-10,8.470917730219753,82.97091399554932,0.07228541306390923,-0.1513438042775812,0.1677203864622032,False,154.46974558400126
2020-06-04 06:00:00,-115763.54933,776279.83189,4.3655745685100555e-11,8.481787871957563,82.96831811774818,0.07673037021516585,-0.1614585508017193,0.17876356826923034,False,154.58140827411967
2020-06-04 06:30:00,-115932.58731,776549.73365,2.332849477807962e-10,8.491083269846161,82.96569946894537,0.0700288115359037,-0.16502713061319163,0.179270712286069,False,157.0061926866893
2020-06-04 07:00:00,-116100.61149,776830.19307,2.9103830456733704e-11,8.500184780473738,82.96298829977907,0.06840101169689065,-0.171490283104074,0.18462831743877647,False,158.25480601698735
2020-06-04 07:30:00,-116267.38039,777123.91924,1.1641532182693481e-10,8.509045626560233,82.96016090494709,0.06801999014249628,-0.18112506051692262,0.19347611378732046,False,159.41675537402068
2020-06-04 08:00:00,-116439.269,777438.83324,0.0,8.518039666348837,82.95713854744292,0.06648742607459296,-0.18575212872410712,0.1972927549393584,False,160.3058687742975
2020-06-04 08:30:00,-116603.14438,777749.79716,1.4551915228366852e-11,8.526491325355193,82.95416171599773,0.06512322074407215,-0.187426700070053,0.19841824961235482,False,160.83972205954012
2020-06-04 09:00:00,-116771.16227,778071.35161,1.1641532182693481e-10,8.53511972294236,82.95108525108803,0.06366507685390534,-0.1937631529023757,0.2039544101839504,False,161.8109433845932
2020-06-04 09:30:00,-116933.32726,778405.60322,0.0,8.543181991369847,82.94790377436287,0.06368649397894757,-0.20031161099756747,0.21019208123944946,False,162.36260865180947
2020-06-04 10:00:00,-117105.01577,778750.41262,3.49548998913504e-10,8.551807970806504,82.9446157822395,0.06681749372406309,-0.2036674855121819,0.2143478997387659,False,161.83681183911256
2020-06-04 10:30:00,-117280.22578,779094.88466,2.3283064365386963e-10,8.560682814721474,82.94132591398778,0.06964504603744165,-0.2048437243524461,0.21635938584710923,False,161.22242315257307
2020-06-04 11:00:00,-117462.71716,779442.31236,0.0,8.57004074623803,82.93799991532273,0.07091431720892813,-0.20559179143328513,0.21747833246085896,False,160.96926424744373
2020-06-04 11:30:00,-117642.95984,779788.70802,2.9103830456733704e-11,8.579239516213612,82.93468588659103,0.07238058816698978,-0.2052653548487984,0.2176529702177356,False,160.57635066929487
2020-06-04 12:00:00,-117830.60681,780134.12801,1.1999816708318134e-10,8.588971922102752,82.93137040402446,0.07521504673116437,-0.2074029625060619,0.22062024410978737,False,160.0667350529638
2020-06-04 12:30:00,-118022.20588,780486.54633,1.1641532182693481e-10,8.598902905276683,82.92798733012388,0.0754772343129775,-0.21092488193706038,0.22402258528929392,False,160.31078910790313
2020-06-04 13:00:00,-118212.80277,780844.29584,1.173212913024843e-10,8.608694619374145,82.92455809292419,0.07379173269224171,-0.21362590556975097,0.22601160887047242,False,160.94380683069505
2020-06-04 13:30:00,-118399.97925,781207.17123,4.3655745685100555e-11,8.61817592984858,82.92108777285327,0.06759255556955611,-0.21222429036372392,0.22272831654015107,False,162.33353872219033
2020-06-04 14:00:00,-118567.87422,781563.21356,1.1641532182693481e-10,8.626340548661437,82.9177038092336,0.05765316457657028,-0.20809924409623187,0.21593791417700642,False,164.514794772369
2020-06-04 14:30:00,-118717.54874,781916.72308,1.1641532182693481e-10,8.63321989257756,82.91436670022757,0.05042719430533875,-0.20643910499602,0.21250883745638946,False,166.27308117547227
2020-06-04 15:00:00,-118858.91303,782270.72334,1.1641532182693481e-10,8.639492500229116,82.91103632971075,0.045935912145862096,-0.1980605812531328,0.20331773624305674,False,166.94233127666553
2020-06-04 15:30:00,-118988.14891,782596.80936,1.173212913024843e-10,8.645195063189025,82.90796981374541,0.04019008361487819,-0.18747642754573832,0.19173589571669505,False,167.90040320009058
2020-06-04 16:00:00,-119103.40347,782916.22192,2.9103830456733704e-11,8.649965285270092,82.90498127867534,0.036511005365842064,-0.18388448525332943,0.18747415136414533,False,168.76975122058604
2020-06-04 16:30:00,-119217.65427,783231.49564,1.173212913024843e-10,8.654704772354114,82.90203075358751,0.03660976702553831,-0.1818807884983536,0.18552869391672824,False,168.61932425085195
2020-06-04 17:00:00,-119332.22737,783543.70454,1.1641532182693481e-10,8.659496717618566,82.89910692246741,0.03973419919063914,-0.18012736846809121,0.18445778773627555,False,167.56037099115463
2020-06-04 17:30:00,-119456.69999,783851.02525,1.173212913024843e-10,8.66504512013092,82.89621301117806,0.04356342883868304,-0.1771622502861183,0.18243967567013547,False,166.18529760078354
2020-06-04 18:00:00,-119583.35278,784150.58156,2.9103830456733704e-11,8.670829237358603,82.89338494306779,0.047993943551255185,-0.17231577692487474,0.17887466448556727,False,164.43624590367256
2020-06-04 18:30:00,-119721.02391,784438.22446,1.173212913024843e-10,8.677524994920022,82.89064754429407,0.05239505433489973,-0.1671571817526656,0.17517638291234003,False,162.5965141027226
2020-06-04 19:00:00,-119860.6061,784717.00108,1.243316182127096e-10,8.684448583727303,82.8879860887665,0.056695917966006364,-0.1610836511636956,0.17076993232485424,False,160.60968075267834
2020-06-04 19:30:00,-120010.34986,784980.65861,1.1999816708318134e-10,8.69225659819708,82.88544483437005,0.062008441539356654,-0.15504407815065677,0.1669841698836353,False,158.20151817377575
2020-06-04 20:00:00,-120165.62551,785235.01274,1.4551915228366852e-11,8.700554950897883,82.88297844360748,0.06493039331659028,-0.14719767948081147,0.16088229492639275,False,156.19723642484922
2020-06-04 20:30:00,-120321.56933,785469.11289,2.3283064365386963e-10,8.709116305756984,82.88069061038307,0.06834982965559772,-0.13740737072713236,0.15346818805241955,False,153.55311026257476
2020-06-04 21:00:00,-120483.74925,785686.71783,0.0,8.71829669634321,82.8785404157878,0.07063036636478187,-0.13065034431284034,0.1485199014337373,False,151.60407602134876
2020-06-04 21:30:00,-120644.19337,785895.47834,0.0,8.727444623612742,82.87647082978545,0.07005821549729624,-0.12490860768940533,0.1432142235728399,False,150.71298775090395
2020-06-04 22:00:00,-120801.26908,786092.91338,0.0,8.736471324351854,82.8745060802807,0.06630186944607015,-0.11664388311645588,0.13417053834776527,False,150.38554823711968
2020-06-04 22:30:00,-120943.89206,786274.27005,1.1999816708318134e-10,8.7446403004718,82.87270344033976,0.06427539766958465,-0.10905281547626425,0.1265853202740483,False,149.48503189697578
2020-06-04 23:00:00,-121089.6566,786445.76129,1.1999816708318134e-10,8.75313682399831,82.87098384405995,0.06522489350598923,-0.10285530934387682,0.12179286265250616,False,147.61949098745504
2020-06-04 23:30:00,-121232.31504,786604.50385,1.4551915228366852e-11,8.761548056562885,82.86938137776586,0.06505312250594837,-0.09873558630160223,0.1182396919401225,False,146.62063229993635
2020-06-05 00:00:00,-121375.2578,786761.389,2.3283064365386963e-10,8.769996121275108,82.86779483669957,0.06535141025628256,-0.09234167833086127,0.11312732817248539,False,144.71245940263725
2020-06-05 00:30:00,-121515.51453,786897.17677,2.332849477807962e-10,8.77848110403532,82.86639888111044,0.06608101429555735,-0.08595763480739076,0.10842239359104008,False,142.4482643348092
2020-06-05 01:00:00,-121657.58896,787030.90579,2.332849477807962e-10,8.787114638023418,82.86501853044842,0.0663953737784251,-0.08547449951959861,0.10823232293221208,False,142.16044821521336
2020-06-05 01:30:00,-121798.73901,787164.75926,1.1641532182693481e-10,8.795677757624096,82.86363818124194,0.06468719594421293,-0.08538665630571945,0.10712289388452899,False,142.8531704350262
2020-06-05 02:00:00,-121934.72795,787299.07375,0.0,8.803865693383417,82.8622606710771,0.0613414129828894,-0.08879504933739864,0.10792279524534402,False,145.36250038951067
2020-06-05 02:30:00,-122065.8914,787446.85675,0.0,8.81155924730102,82.8607702349679,0.058798549087591,-0.09317522142401219,0.11017663664416132,False,147.74588227254327
2020-06-05 03:00:00,-122195.28747,787598.12018,1.173212913024843e-10,8.81908568369942,82.85925124308659,0.05778303346114779,-0.09607840084931567,0.11211573513889077,False,148.97664939236034
2020-06-05 03:30:00,-122324.47993,787756.75733,1.173212913024843e-10,8.826513142974369,82.85766703433659,0.056060573554937806,-0.10419608628109968,0.11831995733436926,False,151.71843542515302
2020-06-05 04:00:00,-122452.27292,787937.8163,4.658886054991198e-10,8.833590531741448,82.85588585286399,0.05390939322094196,-0.11364889934892045,0.12578670438751144,False,154.62266032125376
2020-06-05 04:30:00,-122579.08079,788131.23743,0.0,8.84045799313686,82.85399632466667,0.05138076410436096,-0.11846783310303115,0.12913020715570633,False,156.55310746869793
2020-06-05 05:00:00,-122700.58987,788330.80694,2.3283064365386963e-10,8.846877912016627,82.8520594969586,0.04972790163961748,-0.1256444286107212,0.13512729791716432,False,158.407193574311
2020-06-05 05:30:00,-122825.53565,788550.64374,0.0,8.853314209748227,82.84993816223094,0.04970368865984427,-0.13037212928439276,0.13952544126624775,False,159.13091528619162
2020-06-05 06:00:00,-122949.62514,788767.01592,1.4551915228366852e-11,8.859724268186087,82.84784863114899,0.04988885611705664,-0.13432872157632134,0.14329376610654504,False,159.62531487290505
2020-06-05 06:30:00,-123077.47213,789000.79597,1.4551915228366852e-11,8.866204461024974,82.84559949621492,0.05064635548266817,-0.14317163959342652,0.15186563702018574,False,160.51898443422033
2020-06-05 07:00:00,-123209.21352,789248.17346,1.173212913024843e-10,8.87280614665559,82.84322434210227,0.05146144139569466,-0.15244547775125344,0.1608971834350447,False,161.3467185429705
2020-06-05 07:30:00,-123345.16462,789514.4573,2.332849477807962e-10,8.879492436519104,82.84067566588881,0.04917068542263187,-0.1601474667788894,0.16752602013008877,False,162.93174396405402
2020-06-05 08:00:00,-123473.09794,789790.47134,1.173212913024843e-10,8.885498467538019,82.83805174864331,0.048309313172605006,-0.17167275757218164,0.17834047614505763,False,164.28321280337946
2020-06-05 08:30:00,-123612.45088,790098.1996,1.243316182127096e-10,8.891957242349651,82.8351307925398,0.05048480920048792,-0.18017112977703473,0.18711053408384778,False,164.34687484743245
2020-06-05 09:00:00,-123752.91665,790403.19938,1.243316182127096e-10,8.898519724386166,82.83223238114329,0.048264236244579664,-0.1832342515761948,0.189484108702975,False,165.2433669732543
2020-06-05 09:30:00,-123886.14767,790723.02666,2.9103830456733704e-11,8.904400929087348,82.82921248932415,0.04473973216237453,-0.18945824826512472,0.1946691333253699,False,166.7132616782373
2020-06-05 10:00:00,-124017.61048,791052.09865,1.4551915228366852e-11,8.910049730271838,82.82611303089416,0.04661405700318355,-0.1895517621972745,0.19519923376485918,False,166.1841286970726
2020-06-05 10:30:00,-124157.62376,791371.18733,1.243316182127096e-10,8.916408514591255,82.82309009546174,0.057508057049963084,-0.17540292886206343,0.18458971823764153,False,161.84761854123252
2020-06-05 11:00:00,-124320.00826,791643.83033,2.346425826049686e-10,8.92485719608402,82.82044759992051,0.0724470094325852,-0.14728718216787975,0.1641404374512243,False,153.80854072655228
2020-06-05 11:30:00,-124497.53523,791854.53978,2.332849477807962e-10,8.935056330443242,82.81833277515592,0.08413736358028578,-0.1278997585553107,0.15309292664505428,False,146.66154830541632
2020-06-05 12:00:00,-124690.74018,792051.63803,2.3688801733223527e-10,8.946507400178595,82.81631648170912,0.09629152951286753,-0.1173108139130151,0.1517691856631691,False,140.62002943985328
2020-06-05 12:30:00,-124905.64316,792217.81251,1.1641532182693481e-10,8.959827265354496,82.81454364834845,0.10699951644035925,-0.1084126817967282,0.15232270379962848,False,135.37587123575997
2020-06-05 13:00:00,-125132.022,792377.16982,2.346425826049686e-10,8.974026127641988,82.81281478008765,0.11316984769766511,-0.10986326305270573,0.15772555593974216,False,134.15062178183717
2020-06-05 13:30:00,-125369.7615,792544.92814,0.0,8.988925702301689,82.81099509405614,0.11309788839970154,-0.11007188018158702,0.15781936245968362,False,134.22316146738967
2020-06-05 14:00:00,-125596.08686,792704.94702,2.332849477807962e-10,9.003099417071825,82.80925952940609,0.10683129763261197,-0.10289840635988239,0.1483273682948336,False,133.92570456392633
2020-06-05 14:30:00,-125807.58442,792850.61451,1.3015628661377063e-10,9.016381621156873,82.80767154382178,0.10007358335000205,-0.09626125088731277,0.13885586234257444,False,133.88759875466917
2020-06-05 15:00:00,-126006.20891,792990.74594,2.346425826049686e-10,9.028812762205433,82.80615035079403,0.0939336411453775,-0.09019251920125047,0.13022372847794098,False,133.83601000493354
2020-06-05 15:30:00,-126192.51001,793118.21648,2.3283064365386963e-10,9.040512326225917,82.80475837578844,0.08811936981751672,-0.0833472673025545,0.12129216917773276,False,133.40580782183713
2020-06-05 16:00:00,-126366.64557,793237.22153,2.3283064365386963e-10,9.051445406067838,82.80345827947227,0.08076603900066257,-0.08173199924723812,0.11490549489387823,False,135.34058745578648
2020-06-05 16:30:00,-126525.93653,793363.04534,2.3283064365386963e-10,9.061252478620744,82.80211848158156,0.07108635350357355,-0.08081980221987416,0.10763414925243103,False,138.6662384190064
2020-06-05 17:00:00,-126665.18481,793484.23843,1.1641532182693481e-10,9.069696693203001,82.80084784865925,0.059117061451612274,-0.07360597971175238,0.09440692349611127,False,141.2301127108036
2020-06-05 17:30:00,-126777.86769,793591.16561,1.1999816708318134e-10,9.076428174320572,82.79974105483488,0.04812344087675061,-0.06455671381658602,0.08051977931300297,False,143.29751857838875
2020-06-05 18:00:00,-126872.92215,793686.403,5.820766091346741e-11,9.082048266401099,82.7987626961572,0.03944231284243537,-0.05665851067047442,0.06903537407559117,False,145.15664082279153
2020-06-05 18:30:00,-126950.2764,793770.16583,1.1999816708318134e-10,9.086550246670301,82.79791100884371,0.029790286759412914,-0.049323112730343115,0.05762144248991158,False,148.86876713840996
2020-06-05 19:00:00,-127006.86325,793844.80114,1.1641532182693481e-10,9.089692472890897,82.7971695802116,0.029508332102552683,-0.04368991403667977,0.05272144015490291,False,145.96476043276704
2020-06-05 19:30:00,-127080.02013,793908.69213,1.4551915228366852e-11,9.094121030280895,82.79649982141426,0.039706848482992496,-0.04179930704511744,0.05765254448767485,False,136.47059710450452
2020-06-05 20:00:00,-127171.79508,793970.79378,1.173212913024843e-10,9.099878872364544,82.79581945431357,0.03951313615903591,-0.038184796670862844,0.054948763643212654,False,134.02055524534433
2020-06-05 20:30:00,-127242.21807,794021.93002,1.1641532182693481e-10,9.104257117458578,82.79526647342648,0.032659860175295506,-0.029551884538633402,0.04404520798514378,False,132.13999401159538
2020-06-05 21:00:00,-127304.7231,794057.23617,1.173212913024843e-10,9.10825622585309,82.79486493594598,0.037317514230735545,-0.02266940563667324,0.04366347238002473,False,121.27757686220713
2020-06-05 21:30:00,-127387.78606,794081.24431,1.1999816708318134e-10,9.113828478754002,82.7945342379628,0.05007153118723861,-0.018634368987472165,0.053426565891847036,False,110.41300021004122
2020-06-05 22:00:00,-127493.33079,794094.92087,2.9103830456733704e-11,9.12109823152182,82.79426302412008,0.058659595138958166,-0.013409688820574136,0.06017281658798361,False,102.87665510314281
2020-06-05 22:30:00,-127603.94302,794095.43304,1.4551915228366852e-11,9.128872646904705,82.79410109822464,0.06365978833292067,-0.003694601775396573,0.06376690938779318,False,93.32153002186072
2020-06-05 23:00:00,-127721.7135,794071.69303,2.3283064365386963e-10,9.137424528578173,82.79414367495224,0.07104030149213926,0.010086929325536988,0.07175284370192182,False,81.9186591837468
2020-06-05 23:30:00,-127850.67617,794018.96781,1.1641532182693481e-10,9.14709194833631,82.79442688254613,0.0770358916364987,0.011939020657736207,0.07795555666208934,False,81.19038737603364
2020-06-06 00:00:00,-127988.68346,793985.17221,2.3283064365386963e-10,9.157181667336568,82.79452929476327,0.08216775734615225,0.006515409961343732,0.08242566902525289,False,85.46627470216902
2020-06-06 00:30:00,-128138.97743,793948.73601,2.346425826049686e-10,9.168165811909034,82.79463730879193,0.0915371637941347,0.012256232922454993,0.09235403402626068,False,82.37382334307785
2020-06-06 01:00:00,-128306.97729,793889.10793,1.243316182127096e-10,9.180659198402008,82.79492513063329,0.09877533989398216,0.020516128951791744,0.10088349378534751,False,78.26622038157001
2020-06-06 01:30:00,-128478.22969,793819.0902,2.332849477807962e-10,9.193500615666775,82.79529996744269,0.10170544383063897,0.020455605077544792,0.10374212781640704,False,78.62804945595394
2020-06-06 02:00:00,-128656.64817,793757.91587,1.1641532182693481e-10,9.206746581230536,82.79558583235156,0.10587789619413587,0.018735217275811997,0.10752272908026514,False,79.96531886768219
2020-06-06 02:30:00,-128843.68848,793691.52762,1.4551915228366852e-11,9.220659544996412,82.79590509243289,0.1113093841572035,0.022252301152638553,0.11351186681595728,False,78.69480704496402
2020-06-06 03:00:00,-129039.34783,793614.63348,1.173212913024843e-10,9.235300114320383,82.7963045555921,0.11653592839102817,0.024452411114045402,0.11907368733372262,False,78.14970206296726
2020-06-06 03:30:00,-129243.65204,793537.31002,2.3688801733223527e-10,9.250555278303283,82.79669488137941,0.11984979846654084,0.022496218228708127,0.1219428309785537,False,79.36908532479941
2020-06-06 04:00:00,-129452.17716,793465.34234,1.4551915228366852e-11,9.266047521985358,82.79703117182996,0.11983511013641061,0.018327610743919878,0.1212285236113445,False,81.30454944025064
2020-06-06 04:30:00,-129658.80521,793402.72694,2.3688801733223527e-10,9.28130027262026,82.7972868682481,0.1177783984921453,0.01324013327912612,0.1185202610553301,False,83.58598674513297
2020-06-06 05:00:00,-129862.94112,793349.91805,1.1999816708318134e-10,9.296265910423774,82.79745883539967,0.11536520901626231,0.005373110883217933,0.11549026700085703,False,87.33338788741878
2020-06-06 05:30:00,-130065.54063,793316.54805,1.173212913024843e-10,9.310900041598833,82.79746042957613,0.1122471389228867,-0.0014674229865740684,0.11225673042893844,False,90.74899329636145
2020-06-06 06:00:00,-130262.56162,793289.75287,2.3283064365386963e-10,9.3250659131197,82.7974114527092,0.10898557215599561,-0.0072085867291193755,0.10922370924300713,False,93.78417860741524
2020-06-06 06:30:00,-130456.90875,793278.58169,1.1641532182693481e-10,9.338862853354764,82.79722760480725,0.1054887180162353,-0.014471831669404842,0.10647677465333177,False,97.81155540604726
2020-06-06 07:00:00,-130645.74183,793279.53619,1.173212913024843e-10,9.35213091214604,82.7969440307343,0.10085083105598067,-0.017750542467862958,0.10240103457771,False,99.98226803788532
2020-06-06 07:30:00,-130825.53018,793282.63594,1.1641532182693481e-10,9.364737080815331,82.79665428404185,0.09757703543154231,-0.019165420207952723,0.09944139568286371,False,101.11219391001254
2020-06-06 08:00:00,-131003.56437,793290.45276,2.332849477807962e-10,9.377164135384415,82.79632499565182,0.09697452829593511,-0.02042028715089431,0.09910119709440496,False,101.89125879549334
2020-06-06 08:30:00,-131181.95109,793298.28546,2.3283064365386963e-10,9.389614654008046,82.79599471126888,0.09819609667756311,-0.02075967460255922,0.10036651579243679,False,101.93715307103338
2020-06-06 09:00:00,-131364.52673,793306.51279,1.1999816708318134e-10,9.4023539050053,82.79565445323252,0.0989017870097978,-0.019777906547721963,0.1008599477550025,False,101.30856724752954
2020-06-06 09:30:00,-131544.84597,793310.36332,0.0,9.414984363589905,82.79535589071814,0.10016127143637803,-0.017990462301738574,0.10176412447214428,False,100.18260321544153
2020-06-06 10:00:00,-131730.8447,793311.42082,1.1999816708318134e-10,9.42804555905633,82.79507335157676,0.10326554586439991,-0.014664649720524746,0.10430160552023238,False,98.08248057494143
2020-06-06 10:30:00,-131920.22821,793301.54602,0.0,9.441471380002024,82.79488221383603,0.10621310945019012,-0.009971960871775813,0.10668019789401542,False,95.3635690011958
2020-06-06 11:00:00,-132113.92111,793284.11006,1.1641532182693481e-10,9.455287831480438,82.79475124680948,0.1105368497487714,-0.0050289013189358505,0.11065118617013583,False,92.60488943581953
2020-06-06 11:30:00,-132315.72869,793254.03257,0.0,9.469822198862557,82.79471975858154,0.11609623496508696,-0.00035624264523748117,0.11609678153114739,False,90.17581221302174
2020-06-06 12:00:00,-132526.38295,793216.61112,0.0,9.485064316841228,82.79473971705558,0.12029004775095961,0.0015296330900240983,0.1202997729229704,False,89.27145430212192
2020-06-06 12:30:00,-132741.94509,793177.23961,0.0,9.500674315253235,82.7947691530684,0.1209495230541493,0.0036835894467530904,0.12100560300349081,False,88.25556227271659
2020-06-06 13:00:00,-132953.64005,793131.66229,0.0,9.516085808647512,82.7948587033043,0.12055225570392034,0.00555363657584463,0.12068011118042588,False,87.3623461695326
2020-06-06 13:30:00,-133166.65585,793085.77277,1.1999816708318134e-10,9.531594173122615,82.7949485315415,0.1207616794266437,0.007008260821206504,0.12096486654265162,False,86.67863275944467
2020-06-06 14:00:00,-133378.20241,793034.7913,2.399963341663627e-10,9.547059863981818,82.79508507068718,0.119484489303904,0.009867748009464567,0.11989126588285337,False,85.27888373273925
2020-06-06 14:30:00,-133584.95048,792979.3982,1.1999816708318134e-10,9.562241215192307,82.79526726809345,0.11755215704121684,0.011535725998579712,0.1181168175974836,False,84.39534799508414
2020-06-06 15:00:00,-133788.6116,792923.5402,3.4924596548080444e-10,9.577211958514583,82.79545768007644,0.11587139547980047,0.01084009723828826,0.11637735174238958,False,84.65537361114616
2020-06-06 15:30:00,-133989.78083,792871.51593,2.3283064365386963e-10,9.591962899154957,82.79561740893125,0.11075849572207266,0.011145289550209866,0.11131784157885206,False,84.25384317617329
2020-06-06 16:00:00,-134175.08198,792817.53745,2.9103830456733704e-11,9.605622901209232,82.79581770542096,0.1049873660208887,0.009937109582961096,0.10545659377614959,False,84.59303235447885
2020-06-06 16:30:00,-134356.46692,792773.17632,2.9103830456733704e-11,9.618894015218181,82.7959383876547,0.09828569449108268,0.0074554586481820374,0.09856805570391045,False,85.66213748236703
2020-06-06 17:00:00,-134519.45126,792731.95256,0.0,9.630835465844322,82.79605855247965,0.08959795516140914,0.005562031583093433,0.08977042811771152,False,86.44777028167772
2020-06-06 17:30:00,-134671.12366,792699.47236,2.3283064365386963e-10,9.641878268876619,82.7961180631449,0.08069071536047058,0.004347551133317888,0.08080775177073854,False,86.91593128843613
2020-06-06 18:00:00,-134803.21298,792667.86905,2.346425826049686e-10,9.651535061153949,82.79619900925104,0.06993074824222573,0.004361261880391175,0.07006661226937486,False,86.43134541313702
2020-06-06 18:30:00,-134916.6787,792641.78665,1.3015628661377063e-10,9.65981775578989,82.79625895832731,0.057815147036295804,0.00434354977777323,0.05797807906011114,False,85.70354068711401
2020-06-06 19:00:00,-135005.77263,792617.52941,0.0,9.666366666589164,82.79633933349695,0.047819182969356486,0.0022219173887883074,0.047870775810920314,False,87.33966618821842
2020-06-06 19:30:00,-135085.04052,792604.99564,1.1999816708318134e-10,9.672085100621386,82.79633073711074,0.04166036324656286,-0.002390765676927617,0.04172890636426434,False,93.284433862127
2020-06-06 20:00:00,-135155.06409,792600.81627,1.1999816708318134e-10,9.677054068385297,82.79626212093483,0.034233951510260624,-0.003429012361840855,0.03440525485713677,False,95.71990117001064
2020-06-06 20:30:00,-135208.60415,792596.44808,0.0,9.680867331790733,82.79621999169034,0.024924205395250625,-9.097472008354809e-05,0.02492437142606278,False,90.20913181673399
2020-06-06 21:00:00,-135243.56856,792586.05058,2.3283064365386963e-10,9.683447997947045,82.7962591911248,0.01990428584770808,0.0027752571618695023,0.020096831775724754,False,82.06241559791971
2020-06-06 21:30:00,-135277.55812,792574.54673,3.5045652704989467e-10,9.685973478984959,82.79630963238021,0.020779853226217823,0.002471165463938062,0.020926274366291662,False,83.21816654992227
2020-06-06 22:00:00,-135315.81286,792564.69499,2.3283064365386963e-10,9.688778786115371,82.79633900774932,0.02401134558498157,0.005199691977635569,0.024567895991795912,False,77.78118227243334
2020-06-06 22:30:00,-135359.61569,792541.54716,1.1641532182693481e-10,9.692133347782962,82.79647757790266,0.027331867468078717,0.01036528422404321,0.029231320468597013,False,69.23136640232451
2020-06-06 23:00:00,-135406.52102,792511.34743,2.9103830456733704e-11,9.695790610736575,82.79667380245877,0.03119227013819006,0.012673396392501472,0.03366857128681425,False,67.88812894118274
2020-06-06 23:30:00,-135462.61997,792477.66273,1.3015628661377063e-10,9.700135741835863,82.79688692051194,0.03597438081083684,0.013716809261161688,0.0385007393569292,False,69.12845990835882
2020-06-07 00:00:00,-135525.85702,792440.85192,1.1641532182693481e-10,9.705020124587628,82.79711684765934,0.04093199419802413,0.014542564929217017,0.043438627323472985,False,70.44058583926659
2020-06-07 00:30:00,-135599.04082,792401.21823,2.399963341663627e-10,9.710637505590114,82.79735663443235,0.04533245512088378,0.014564364777057628,0.04761462179463509,False,72.18887997228649
2020-06-07 01:00:00,-135677.87182,792361.64464,1.1999816708318134e-10,9.716651255437771,82.79758726903958,0.046121527385366075,0.012929413353754367,0.0478995304573157,False,74.34003131541652
2020-06-07 01:30:00,-135754.8406,792327.31695,5.820766091346741e-11,9.722471423233568,82.797774254695,0.046671983329895,0.011771663417876367,0.048133627409221565,False,75.84404034661873
2020-06-07 02:00:00,-135836.32113,792291.50092,2.346425826049686e-10,9.728626776125484,82.79796748721189,0.04788771537459942,0.010336580187853054,0.04899059270695305,False,77.81955908103828
2020-06-07 02:30:00,-135918.46908,792261.50864,1.1999816708318134e-10,9.734759156959248,82.79810812462792,0.04713838598366259,0.009592918022628464,0.04810458927517859,False,78.49707627109541
2020-06-07 03:00:00,-135997.7365,792228.76986,1.1641532182693481e-10,9.74072253672622,82.79827733889685,0.04492361573708242,0.011737011921116758,0.046431548538999605,False,75.357863050449
2020-06-07 03:30:00,-136070.71376,792192.5023,0.0,9.746286878240864,82.79848723290844,0.0410579607225768,0.011718853847817675,0.04269763077974199,False,74.07007705278056
2020-06-07 04:00:00,-136136.27004,792162.169,2.399963341663627e-10,9.751258544076133,82.79865586244303,0.036507755413823936,0.008715677215659183,0.03753370797940368,False,76.57282073107825
2020-06-07 04:30:00,-136194.92859,792139.31908,2.3283064365386963e-10,9.755655455927297,82.79876875346504,0.03078119612857486,0.005085498323060952,0.031198466762000464,False,80.61865400469361
2020-06-07 05:00:00,-136242.37773,792125.34916,1.1641532182693481e-10,9.759157698543905,82.79882013077979,0.024989432307669767,6.137888642976722e-05,0.02498950768677344,False,89.8592707497989
2020-06-07 05:30:00,-136283.55125,792123.85213,0.0,9.762068348596669,82.79877074015772,0.017675358104682157,-0.0033125495683524178,0.017983082849487877,False,100.61470723178013
2020-06-07 06:00:00,-136307.10966,792126.31253,1.1999816708318134e-10,9.763693630525909,82.79871314249989,0.00999455835993321,-0.007347716330569439,0.012404843089883388,False,126.32227259231433
2020-06-07 06:30:00,-136323.49633,792143.81903,3.4924596548080444e-10,9.764633163443186,82.79853341231627,0.0033333600651834633,-0.014805862744288486,0.015176457456431315,False,167.31209923662044
2020-06-07 07:00:00,-136327.97584,792176.80622,2.3283064365386963e-10,9.764549050205947,82.79823491699514,-0.004459776346487437,-0.023075379346963656,0.023502398538595284,False,190.93868206845934
2020-06-07 07:30:00,-136321.76261,792228.4099,0.0,9.763488824044522,82.79778808071772,-0.010693103727168224,-0.03508547786826082,0.03667878439321837,False,196.94980200199134
2020-06-07 08:00:00,-136311.45768,792307.81259,2.346425826049686e-10,9.76180540917606,82.79710166051217,-0.017022823047068432,-0.04298646759778291,0.046234326003815,False,201.60377528946793
2020-06-07 08:30:00,-136287.60622,792391.31111,2.3283064365386963e-10,9.759121467178561,82.79639962029603,-0.022881863950196885,-0.044207266562464015,0.04977812887966028,False,207.36627075779523
2020-06-07 09:00:00,-136257.2513,792478.6188,0.0,9.755935358096602,82.79567376945369,-0.027386273346594932,-0.04854104468247128,0.05573366116343057,False,209.43116831341507
2020-06-07 09:30:00,-136220.05269,792580.23809,1.1641532182693481e-10,9.752096630413313,82.79483174636192,-0.031030324097194854,-0.051172065469456546,0.05984531141190009,False,211.23228171425671
2020-06-07 10:00:00,-136178.36046,792679.09816,1.1641532182693481e-10,9.747976587491365,82.79402091574225,-0.0320409454260785,-0.048660000952588066,0.05826163297147457,False,213.36353616905475
2020-06-07 10:30:00,-136136.03054,792772.41492,1.1999816708318134e-10,9.743879528906014,82.79326003393749,-0.03360398973038547,-0.04491621256802231,0.056095403352285626,False,216.80193808587092
2020-06-07 11:00:00,-136086.49777,792858.9381,1.3015628661377063e-10,9.739359574628793,82.79257012240772,-0.03504757239090077,-0.04296447665817636,0.05544617737054928,False,219.20528546880868
2020-06-07 11:30:00,-136037.84306,792946.20177,1.1999816708318134e-10,9.734893199330568,82.79187228541828,-0.032660316130854905,-0.046385794556962415,0.05673039913880481,False,215.1494407984847
2020-06-07 12:00:00,-135998.84975,793043.40351,1.3015628661377063e-10,9.730986157777227,82.79107186956074,-0.03188837095990651,-0.05112268998517783,0.060252781129149634,False,211.9543309664914
2020-06-07 12:30:00,-135955.80379,793146.99896,0.0,9.726718667759089,82.79022102202471,-0.03298356578996374,-0.048679266775065635,0.0588012468063295,False,214.1203525734553
2020-06-07 13:00:00,-135911.42337,793236.19083,1.1999816708318134e-10,9.722531714549179,82.78949953188427,-0.035262247884318934,-0.043102856354434164,0.05568915829644169,False,219.28644030241938
2020-06-07 13:30:00,-135856.88767,793321.37849,5.820766091346741e-11,9.717681171788879,82.78882879421434,-0.039376376570927185,-0.03908759768012621,0.055482784034859595,False,225.210870493212
2020-06-07 14:00:00,-135795.45424,793398.81444,2.399963341663627e-10,9.712440673161636,82.78823699860604,-0.041733014283047286,-0.035935959705080706,0.05507302135414592,False,229.268526027445
2020-06-07 14:30:00,-135730.62728,793474.23948,2.346425826049686e-10,9.706987090322894,82.78766806019976,-0.04287440607281709,-0.035876965072915115,0.05590502051640788,False,230.0776726630948
2020-06-07 15:00:00,-135665.09331,793552.14689,3.5045652704989467e-10,9.701454997596858,82.78707817126899,-0.04325410841915354,-0.03563073555298028,0.05603987161996628,False,230.51988060390727
2020-06-07 15:30:00,-135598.75479,793626.91594,4.665698955615924e-10,9.695904985847521,82.78651718642318,-0.0478138638804941,-0.03284435795380554,0.058007908327917905,False,235.5140011550694
2020-06-07 16:00:00,-135515.33599,793697.68752,1.1999816708318134e-10,9.689205648276577,82.78601728193563,-0.05397090309974815,-0.0319069705008093,0.06269699472815199,False,239.40891413257316
2020-06-07 16:30:00,-135426.56334,793772.84311,1.3015628661377063e-10,9.682079255419595,82.78548658339268,-0.062495648783753195,-0.02952648683449228,0.0691196031650188,False,244.71129462424437
2020-06-07 17:00:00,-135311.43317,793840.30692,3.5406337878074377e-10,9.67319723626532,82.7850635439374,-0.07472590865046239,-0.02876295207067977,0.08007039924627248,False,248.9476502152286
2020-06-07 17:30:00,-135178.77361,793920.11936,1.1999816708318134e-10,9.66293935582125,82.78455750926405,-0.08317107536812532,-0.03179239277693939,0.08904035049556785,False,249.08049444543082
2020-06-07 18:00:00,-135035.47641,794003.39319,1.1999816708318134e-10,9.651895585069239,82.78403662894914,-0.08771750759347911,-0.03036089258100473,0.09282319180424348,False,250.90817626355954
2020-06-07 18:30:00,-134885.78592,794080.81613,2.3283064365386963e-10,9.640474747243337,82.7835768406524,-0.09484156519332906,-0.030630685880660556,0.09966524673044354,False,252.10126096602494
2020-06-07 19:00:00,-134717.33492,794169.28401,1.1641532182693481e-10,9.627608329392613,82.78304721635823,-0.11071640984788185,-0.03187400983799765,0.11521317595117722,False,253.93948511102803
2020-06-07 19:30:00,-134512.01124,794260.60632,0.0,9.612124176716797,82.7825472252337,-0.12305648817171459,-0.03280291444775944,0.1273535648398676,False,255.07386407652268
2020-06-07 20:00:00,-134300.26945,794359.68814,2.9103830456733704e-11,9.596100106211303,82.7819876598425,-0.12351630066154212,-0.0361552231010082,0.12869917127392913,False,253.68439120223226
2020-06-07 20:30:00,-134095.27218,794463.06919,2.9103830456733704e-11,9.580500570385036,82.78137942189855,-0.12596189948725106,-0.04200513465223697,0.13278114120457354,False,251.55775027878067
2020-06-07 21:00:00,-133878.29895,794584.2688,5.820766091346741e-11,9.563853409761606,82.78063085114469,-0.13858612886589408,-0.04494469049356831,0.14569193635063282,False,252.03166907164763
2020-06-07 21:30:00,-133630.17912,794705.51346,0.0,9.545025354734886,82.77992761657633,-0.15751622296520298,-0.03513340410289711,0.16138685380501414,False,257.42620820354557
2020-06-07 22:00:00,-133340.06442,794803.02912,2.346425826049686e-10,9.52353572786933,82.77949591842666,-0.16328875020291791,-0.028206482186946043,0.16570703539739473,False,260.1994488691339
2020-06-07 22:30:00,-133067.24201,794902.91695,4.665698955615924e-10,9.50323326930164,82.77901659702775,-0.15563993397205325,-0.028563981870900448,0.15823934437157602,False,259.6004599129408
2020-06-07 23:00:00,-132804.42773,794996.95622,2.399963341663627e-10,9.483703710691032,82.77857333060918,-0.1496370627270453,-0.03115311261094194,0.1528455657417896,False,258.23951876041735
2020-06-07 23:30:00,-132554.39,795102.29427,0.0,9.46494028562983,82.77801037792378,-0.13533437931749578,-0.04705803852855113,0.14328242465636332,False,250.82657758632956
2020-06-08 00:00:00,-132351.71485,795244.17666,1.1641532182693481e-10,9.449073962127379,82.77705345698006,-0.12187285378461113,-0.058765064235512796,0.1353008694140919,False,244.25740793780048
2020-06-08 00:30:00,-132156.33167,795383.00683,2.9103830456733704e-11,9.43375855510895,82.77611227257724,-0.1174827009091601,-0.054910335464779254,0.12968164848491773,False,244.94904513890594
2020-06-08 01:00:00,-131966.89776,795508.50298,2.3283064365386963e-10,9.419019188904988,82.77527985941678,-0.11672349578212601,-0.04550301625710526,0.1252792838265544,False,248.70237471167582
2020-06-08 01:30:00,-131768.60054,795613.3771,2.3283064365386963e-10,9.403901370109017,82.77464250140123,-0.11899471107816847,-0.02716611498017675,0.12205629466640783,False,257.13995165508277
2020-06-08 02:00:00,-131560.25332,795674.9812,2.9103830456733704e-11,9.388583269262982,82.77440238015818,-0.11825357451300124,-0.01208773169083879,0.11886976546848085,False,264.1635687829815
2020-06-08 02:30:00,-131355.68894,795725.7563,1.1999816708318134e-10,9.373656638566151,82.77425207749829,-0.11577647649796957,-0.009614500838642695,0.11617500220211387,False,265.25284204389106
2020-06-08 03:00:00,-131154.66078,795777.01566,0.0,9.3589729087514,82.77409183711183,-0.11893468733667938,-0.008677195520802445,0.11925080114607162,False,265.82722761905205
2020-06-08 03:30:00,-130938.30332,795826.20634,2.9103830456733704e-11,9.343239145204777,82.77397176651499,-0.12097653745735487,-0.00883900650152622,0.12129901339707924,False,265.82117757606704
2020-06-08 04:00:00,-130730.08902,795879.11924,1.1999816708318134e-10,9.328033878183755,82.77380635278531,-0.1143057777073692,-0.01294115822890738,0.11503601346357635,False,263.540747357192
2020-06-08 04:30:00,-130539.79531,795938.87724,3.519638739074529e-10,9.314006850286887,82.77355380145227,-0.11118176396453283,-0.01619434420869617,0.1123549795185546,False,261.7127773029057
2020-06-08 05:00:00,-130344.54706,796001.42946,2.346425826049686e-10,9.29960141452867,82.77328325901837,-0.1155916197820426,-0.013072648123657438,0.11632848616225205,False,263.54764166921984
2020-06-08 05:30:00,-130136.73974,796052.56555,3.49548998913504e-10,9.284447489398802,82.77313152677335,-0.12271069842716024,-0.008093321909715588,0.12297730428016282,False,266.22655106919575
2020-06-08 06:00:00,-129913.27646,796101.45525,2.332849477807962e-10,9.268222366622132,82.77302180531247,-0.1309513852564604,-0.009078053749112896,0.13126567091382918,False,266.0343806990818
2020-06-08 06:30:00,-129676.7326,796160.74594,2.332849477807962e-10,9.250961944674579,82.77283826474836,-0.1381221235523882,-0.015418444112721114,0.1389800324991986,False,263.6304950128708
2020-06-08 07:00:00,-129431.42724,796236.17553,1.1999816708318134e-10,9.232904234641369,82.77252375391956,-0.14216302306942097,-0.01626230280741334,0.14309013809776241,False,263.47419098118155
2020-06-08 07:30:00,-129180.9696,796300.64696,1.1641532182693481e-10,9.21461151624064,82.7723129780279,-0.14179246908651164,-0.015738173853653874,0.14266322022826064,False,263.666412317369
2020-06-08 08:00:00,-128936.63423,796373.84213,2.3283064365386963e-10,9.19665006794428,82.77201541928781,-0.14134402751360847,-0.021891950504626067,0.14302933828646733,False,261.19574873965496
2020-06-08 08:30:00,-128691.26776,796459.76925,1.1641532182693481e-10,9.178473579905605,82.77160585257363,-0.14263646015426865,-0.028714777077068872,0.14549810372622055,False,258.61767139130103
2020-06-08 09:00:00,-128446.20667,796557.79891,2.332849477807962e-10,9.160183741536681,82.7710879181735,-0.14296052269941162,-0.0363770433751177,0.14751610195230952,False,255.72376279184058
2020-06-08 09:30:00,-128204.02102,796670.98757,1.173212913024843e-10,9.141927086460404,82.77043086330887,-0.14312772815897223,-0.041750858127219986,0.14909285939409675,False,253.7378507859251
2020-06-08 10:00:00,-127961.37202,796788.0576,1.173212913024843e-10,9.123597569241928,82.76973934814227,-0.1444189463872742,-0.0415579721380319,0.1502793968707481,False,253.94630680474637
2020-06-08 10:30:00,-127714.41305,796901.14261,2.9103830456733704e-11,9.105014205001199,82.76908851564365,-0.14282471208199013,-0.03933864621042936,0.14814326669468547,False,254.6006837909042
2020-06-08 11:00:00,-127476.09205,797009.25672,2.332849477807962e-10,9.087095391219684,82.76846872208944,-0.13904126796787353,-0.037110488502096056,0.1439085214814544,False,255.05595820165996
2020-06-08 11:30:00,-127241.24652,797112.11811,2.332849477807962e-10,9.069482022682529,82.76788984468952,-0.1359478435423551,-0.0387016112982861,0.14134932218054774,False,254.1094149023151
2020-06-08 12:00:00,-127014.76071,797223.98774,0.0,9.052356816596015,82.76721866352007,-0.12922677636235258,-0.03786257423868927,0.13465932666171232,False,253.66977124089686
2020-06-08 12:30:00,-126803.27026,797319.92142,1.1641532182693481e-10,9.03646338691634,82.766666913103,-0.12098045567467794,-0.031376759500133945,0.12498308562354331,False,255.46046115906128
2020-06-08 13:00:00,-126602.37787,797403.94772,2.3283064365386963e-10,9.021447645211312,82.76620521109686,-0.11480172674718965,-0.025165424300726814,0.11752759269368199,False,257.6358875344701
2020-06-08 13:30:00,-126409.30227,797474.20126,1.1999816708318134e-10,9.007134659278925,82.76585408197954,-0.10870438308793591,-0.01895479174985635,0.11034458316024919,False,260.10877764205543
2020-06-08 14:00:00,-126226.55076,797532.61006,3.4924596548080444e-10,8.993678010068685,82.76559298940386,-0.10398794927172833,-0.01246708960090583,0.10473262107317165,False,263.1634536613593
2020-06-08 14:30:00,-126046.56427,797577.05247,1.1641532182693481e-10,8.980570813167445,82.7654513998042,-0.10228668716308542,-0.006876664642751816,0.10251758330846361,False,266.1538312282511
2020-06-08 15:00:00,-125866.69712,797614.54343,0.0,8.967549377681637,82.76537087259423,-0.10266324721600971,-0.004024678700453189,0.10274210610834006,False,267.75499911428534
2020-06-08 15:30:00,-125683.75258,797648.97371,0.0,8.954346339111897,82.7653213956553,-0.10415906129830113,-0.003099825660272986,0.10420517726901739,False,268.2953521425829
2020-06-08 16:00:00,-125498.03134,797683.93032,2.3283064365386963e-10,8.940943050936703,82.76527074097763,-0.10823761969822654,-0.004607696571923309,0.10833565057559229,False,267.5623792880406
2020-06-08 16:30:00,-125301.40983,797725.91868,1.1641532182693481e-10,8.926698476871506,82.76517253934786,-0.11305903009005763,-0.009864971082390022,0.11348859827912648,False,265.0132837848788
2020-06-08 17:00:00,-125101.45942,797782.17049,1.1999816708318134e-10,8.91206416328609,82.76495208559487,-0.12698638293070671,-0.008936563346764972,0.12730044624538764,False,265.9744928713193
2020-06-08 17:30:00,-124854.76189,797828.52301,1.1999816708318134e-10,8.894262524556481,82.76488377098055,-0.13900248702657678,-0.009841879698735137,0.13935047181684754,False,265.9500099395167
2020-06-08 18:00:00,-124612.54571,797894.54417,1.4551915228366852e-11,8.876560034776713,82.76463419231389,-0.1429545984400483,-0.016728394085062864,0.14393003989376443,False,263.3256636115647
2020-06-08 18:30:00,-124355.58176,797967.43556,2.346425826049686e-10,8.857749892875857,82.76434339159286,-0.15113483021563287,-0.017001597586114085,0.15208810349527124,False,263.5816141457628
2020-06-08 19:00:00,-124084.37383,798038.79922,1.1999816708318134e-10,8.837959402389764,82.76408499111139,-0.15786935785824974,-0.02160563083213706,0.15934094713610406,False,262.2070471098134
2020-06-08 19:30:00,-123805.95016,798131.6108,1.243316182127096e-10,8.817431255064742,82.7636454867776,-0.1650100955095776,-0.024000284639870643,0.16674635013359282,False,261.72450970231125
2020-06-08 20:00:00,-123510.60204,798215.23688,0.0,8.795818822731473,82.7633097201083,-0.17113615383789346,-0.021376146858178752,0.17246600478044816,False,262.88021597065557
2020-06-08 20:30:00,-123208.87285,798301.86855,2.9103830456733704e-11,8.773728548828574,82.76295500388372,-0.1729731628320573,-0.02152969372743604,0.1743078964709362,False,262.9049751599301
2020-06-08 21:00:00,-122907.0076,798386.81945,1.173212913024843e-10,8.751649041017423,82.76261430101083,-0.16967778070843897,-0.019853561601848233,0.17083533936050668,False,263.32631340402634
2020-06-08 21:30:00,-122616.01949,798465.44965,1.243316182127096e-10,8.730402185915535,82.76231376384824,-0.16486362774534194,-0.016759195172876253,0.16571326554080465,False,264.19554248486963
2020-06-08 22:00:00,-122329.53292,798536.53946,4.3655745685100555e-11,8.709553657302546,82.76207298913644,-0.159119521318866,-0.01395903521802572,0.15973063804093168,False,264.98646371225595
2020-06-08 22:30:00,-122057.40424,798601.86389,1.1999816708318134e-10,8.68977488331753,82.76186292794404,-0.14988431796117518,-0.014365815151831541,0.15057119716487366,False,264.5251515929871
2020-06-08 23:00:00,-121803.95695,798669.18539,0.0,8.671285635443057,82.76160902047019,-0.14011738525509654,-0.018505993473794016,0.1413341906446464,False,262.47621021719067
2020-06-08 23:30:00,-121568.79165,798743.77343,1.1641532182693481e-10,8.654001881561303,82.7612652224456,-0.13044817590683705,-0.023013462690504225,0.13246262137836595,False,259.9949182880039
2020-06-09 00:00:00,-121352.15604,798821.75204,2.332849477807962e-10,8.637982736601714,82.76086572014523,-0.11890590954120986,-0.026282848539165394,0.12177603808284736,False,257.5358094164834
2020-06-09 00:30:00,-121159.79665,798901.60929,1.1641532182693481e-10,8.62364729852169,82.7604163289936,-0.10636928736965728,-0.02844320501140335,0.11010649938513827,False,255.0293336475283
2020-06-09 01:00:00,-120988.90932,798980.4077,0.0,8.610830151292369,82.75994703489765,-0.09528562280913759,-0.03099133522309664,0.10019886612649663,False,251.98305435534303
2020-06-09 01:30:00,-120837.33932,799063.27946,1.173212913024843e-10,8.599325649972279,82.75941532722011,-0.0817282671905401,-0.03246609361944877,0.08794064414635093,False,248.3348285437763
2020-06-09 02:00:00,-120715.47118,799139.96484,2.332849477807962e-10,8.58997035782419,82.75889841157755,-0.06964099386249775,-0.03547829567620062,0.0781573892235684,False,243.0036336615317
2020-06-09 02:30:00,-120608.52087,799227.01486,1.173212913024843e-10,8.581552414799626,82.75826937659977,-0.06333214652233977,-0.04113565045024055,0.075518888505403,False,236.99537184211016
2020-06-09 03:00:00,-120512.12528,799320.41609,2.332849477807962e-10,8.573808579126409,82.7575697183522,-0.05728449945444198,-0.04426224329647204,0.07239240332646822,False,232.30767074857104
2020-06-09 03:30:00,-120428.35685,799415.3228,0.0,8.56693527944157,82.75683969406626,-0.04878712451439068,-0.04360683525217414,0.06543500285850774,False,228.2090656799121
2020-06-09 04:00:00,-120361.83643,799501.81236,1.1999816708318134e-10,8.561360826208858,82.75616120911481,-0.04407180357047787,-0.04485086103060786,0.06288023222875123,False,224.49804065513558
2020-06-09 04:30:00,-120295.50306,799598.60597,1.4551915228366852e-11,8.555691899503266,82.75539098236338,-0.047414275176593634,-0.05064905812104494,0.06937896351972067,False,223.11068802056272
2020-06-09 05:00:00,-120220.17088,799707.51375,0.0,8.549266094019691,82.75452520236584,-0.0496473332458771,-0.05596614277804669,0.07481354714140936,False,221.5760992635577
2020-06-09 05:30:00,-120148.71033,799824.41536,2.346425826049686e-10,8.543028926141817,82.753583242246,-0.05023122824676121,-0.05977933824013505,0.07808165963660542,False,220.0395773762189
2020-06-09 06:00:00,-120073.31412,799947.19461,1.1999816708318134e-10,8.536455898992081,82.75259428509467,-0.0519802323466304,-0.06611891149931123,0.08410502370645545,False,218.1731141028208
2020-06-09 06:30:00,-119998.98715,800087.58363,1.173212913024843e-10,8.529774569318729,82.75144755436489,-0.05899094291152396,-0.07227988738290103,0.09329691026864467,False,219.21946725364677
2020-06-09 07:00:00,-119901.8906,800236.02307,1.173212913024843e-10,8.52141639930399,82.7502595656403,-0.06308001720107378,-0.07870272954214651,0.10086232303229996,False,218.71207684931045
2020-06-09 07:30:00,-119816.38957,800401.43535,1.1641532182693481e-10,8.51369494689098,82.74890540986155,-0.06560307610702676,-0.08744247286090778,0.10931582527125219,False,216.8787959013132
2020-06-09 08:00:00,-119714.92578,800582.31125,1.173212913024843e-10,8.504697053179259,82.74743508385593,-0.07313118913646902,-0.09358396321719563,0.11876922579503256,False,218.00584809705083
2020-06-09 08:30:00,-119605.83694,800773.56842,0.0,8.495060600644637,82.74588256109097,-0.07938524126803752,-0.10066744821421092,0.12820277555944476,False,218.25892308728828
2020-06-09 09:00:00,-119485.81004,800982.95562,1.4551915228366852e-11,8.484473611109216,82.74418342175733,-0.08341056689007867,-0.10826150417726607,0.13666702585352652,False,217.61261695160783
2020-06-09 09:30:00,-119366.34817,801203.3479,2.332849477807962e-10,8.47381639631628,82.74238562089364,-0.08330579353745532,-0.11438731219904962,0.14150728754741917,False,216.06503751396681
2020-06-09 10:00:00,-119249.86406,801434.44713,2.332849477807962e-10,8.463261298150897,82.74048861283671,-0.08418620409880351,-0.12068948322983877,0.14715049548965486,False,214.89746264697862
2020-06-09 10:30:00,-119130.52314,801677.70316,1.1999816708318134e-10,8.452385616037793,82.73848723184378,-0.08553179706219641,-0.1256254023630739,0.15197838671196956,False,214.24891091714795
2020-06-09 11:00:00,-119011.76934,801927.04595,1.173212913024843e-10,8.441493814008988,82.73643079147482,-0.08574294955583389,-0.12748911574359306,0.153640255244573,False,213.9228491859442
2020-06-09 11:30:00,-118892.5678,802177.00498,2.3688801733223527e-10,8.430570493039179,82.73436920537593,-0.08479127978075432,-0.1305346233920238,0.15565618854049987,False,213.0065150239862
2020-06-09 12:00:00,-118778.71522,802436.64546,1.173212913024843e-10,8.419926972309304,82.73221439420985,-0.08207907590439976,-0.13433264277825804,0.15742373905199716,False,211.42549893600176
2020-06-09 12:30:00,-118671.07979,802698.65698,2.9103830456733704e-11,8.409699549917462,82.73003012557145,-0.07896783000094579,-0.13419583312482608,0.15570626128426707,False,210.47477600576747
2020-06-09 13:00:00,-118568.14212,802956.13262,1.4551915228366852e-11,8.399853094919141,82.72787972677847,-0.07580495736554824,-0.13286071583953254,0.15296522929929401,False,209.70733461349352
2020-06-09 13:30:00,-118470.97949,803211.68976,0.0,8.390435389979618,82.72573857905533,-0.0744346534892672,-0.1324390762503613,0.15192309422242653,False,209.33726649340989
2020-06-09 14:00:00,-118372.6163,803466.91102,2.3283064365386963e-10,8.380942879605676,82.7236017834907,-0.07481129486764987,-0.13057284140584988,0.15048586894646182,False,209.81041510905584
2020-06-09 14:30:00,-118273.04838,803715.98669,1.1641532182693481e-10,8.371434976803286,82.72152091331186,-0.07474207478581246,-0.1258703510948587,0.1463889443504221,False,210.70192818847812
2020-06-09 15:00:00,-118172.38336,803954.39023,2.3283064365386963e-10,8.361965398743314,82.71953601015282,-0.07412424292382866,-0.12118530495396386,0.1420573177482103,False,211.4524712542986
2020-06-09 15:30:00,-118072.48264,804186.42248,1.1641532182693481e-10,8.352619520822714,82.71760647006008,-0.07385892156939747,-0.11766261758990389,0.13892311497192383,False,212.11722451922486
2020-06-09 16:00:00,-117970.84371,804412.10739,1.4551915228366852e-11,8.343222293893032,82.7157353463212,-0.07527245462682763,-0.1133334628648707,0.1360529905238795,False,213.5908386475354
2020-06-09 16:30:00,-117863.57164,804629.42495,2.332849477807962e-10,8.33352263685231,82.71394563438825,-0.07730434007656886,-0.11051608220559087,0.1348694384237835,False,214.9722112454138
2020-06-09 17:00:00,-117753.15015,804846.09918,2.3283064365386963e-10,8.323614793517638,82.71216551395062,-0.07747238207847472,-0.11024411341585824,0.1347432170009377,False,215.0970503561133
2020-06-09 17:30:00,-117645.06272,805062.49789,2.3283064365386963e-10,8.313877228402276,82.71038459143949,-0.07874744667817861,-0.10965582928715044,0.13500207870616387,False,215.68336698451378
2020-06-09 18:00:00,-117529.71941,805277.70314,1.173212913024843e-10,8.30365105885469,82.70862345511242,-0.0832978215902219,-0.10898030092526864,0.13716863005599547,False,217.39206595366062
2020-06-09 18:30:00,-117404.99412,805494.02134,1.4551915228366852e-11,8.292765053612534,82.70686434478792,-0.088265442210341,-0.10863371029967851,0.13997168035735488,False,219.09403444092536
2020-06-09 19:00:00,-117271.69242,805710.52564,1.173212913024843e-10,8.281285171539514,82.70511440088133,-0.09412151917395034,-0.1086930714492564,0.14378123713713642,False,220.89055043987216
2020-06-09 19:30:00,-117126.04914,805930.04009,0.0,8.268921080913644,82.70335336069455,-0.10144170966198338,-0.10780070169689879,0.14802503756287275,False,223.25928549630808
2020-06-09 20:00:00,-116966.11261,806147.09508,1.173212913024843e-10,8.255592866204827,82.70163223401056,-0.10915642522944305,-0.10404937983793477,0.1508025152758727,False,226.37217746674577
2020-06-09 20:30:00,-116790.94347,806357.16152,3.49548998913504e-10,8.241281268023382,82.69999236152977,-0.11379673884092527,-0.0997369407769076,0.15131805948519866,False,228.7671151849152
2020-06-09 21:00:00,-116612.14229,806561.16288,1.4551915228366852e-11,8.22678438049925,82.69841055494507,-0.11474555292674488,-0.0954124510095148,0.14923162441020157,False,230.2560271480206
2020-06-09 21:30:00,-116431.26014,806756.22055,4.656612873077393e-10,8.212238789229344,82.69691037230974,-0.11251047741894087,-0.09109366995375708,0.1447641676475295,False,231.00477316290878
2020-06-09 22:00:00,-116258.1006,806943.59307,0.0,8.198313359189118,82.69546808841567,-0.10718836616894556,-0.0879764758907986,0.13866941318161052,False,230.6220433172069
2020-06-09 22:30:00,-116094.48907,807124.72531,2.332849477807962e-10,8.185119892323915,82.69406859662419,-0.10032270683791165,-0.0865685094848955,0.13250944246249777,False,229.20907588718984
2020-06-09 23:00:00,-115944.98764,807303.48431,1.1641532182693481e-10,8.172936354045106,82.69267179663386,-0.09113720897781508,-0.08575418123293799,0.12513900454773288,False,226.74304479437365
2020-06-09 23:30:00,-115813.61477,807476.94719,2.332849477807962e-10,8.16207068651949,82.69129861212403,-0.08050720703831142,-0.08310717699056211,0.1157074468323027,False,224.08959857720353
2020-06-10 00:00:00,-115700.57402,807640.78718,1.1999816708318134e-10,8.152579281321229,82.68998731041253,-0.07054997729614507,-0.08052250827614929,0.10705687103390009,False,221.22329534727183
2020-06-10 00:30:00,-115603.30953,807799.91548,1.1641532182693481e-10,8.144234663019091,82.68869760508517,-0.059682103645220426,-0.07834452112081827,0.09848765143493458,False,217.29980203299064
2020-06-10 01:00:00,-115527.84074,807950.42059,2.332849477807962e-10,8.137493333637885,82.68745665872406,-0.04905064267413632,-0.07560121313916113,0.09011941508275935,False,212.9758141694277
2020-06-10 01:30:00,-115467.02979,808094.33455,1.1641532182693481e-10,8.131838203064442,82.68625555373998,-0.0405690126418182,-0.07243295113024621,0.08302034206246467,False,209.25277646275492
2020-06-10 02:00:00,-115420.14544,808229.21609,0.0,8.127242063303026,82.68511694382958,-0.033489866498921286,-0.07031021019433975,0.07787873147199952,False,205.46919968205287
2020-06-10 02:30:00,-115383.46075,808361.95344,1.1641532182693481e-10,8.123377116529772,82.6839844007582,-0.029591966694185453,-0.0697180782071091,0.07573833191800808,False,202.9988846149966
2020-06-10 03:00:00,-115350.14877,808492.7362,1.1999816708318134e-10,8.11976697929993,82.6828649115833,-0.026889766433269423,-0.06901484762623346,0.07406827074873562,False,201.28702841569537
2020-06-10 03:30:00,-115322.7203,808621.58889,1.4551915228366852e-11,8.116585631928189,82.68175508389598,-0.020928545696590334,-0.0669952248245491,0.07018806290435825,False,197.34821050276963
2020-06-10 04:00:00,-115309.6128,808742.14052,1.1641532182693481e-10,8.114481781656414,82.6807008343409,-0.016871001281133086,-0.0638335396750392,0.0660253850550892,False,194.8045747007214
2020-06-10 04:30:00,-115295.02949,808857.66179,0.0,8.112325858633342,82.67969312766948,-0.014930251186256129,-0.0614811626455805,0.0632680469173581,False,193.64963739785196
2020-06-10 05:00:00,-115287.63486,808968.84264,3.4924596548080444e-10,8.11071247259289,82.67871486609556,-0.012313852794619162,-0.061310414691438955,0.06253477368859477,False,191.35644408561024
2020-06-10 05:30:00,-115282.28326,809082.42585,2.346425826049686e-10,8.109217559330451,82.67771267186966,-0.011031818057044875,-0.06105138091488688,0.06204008479409385,False,190.2426660404114
2020-06-10 06:00:00,-115279.3204,809192.03213,1.1641532182693481e-10,8.107928144907628,82.67674277670503,-0.011059799608610348,-0.05985400936005736,0.060867245739038095,False,190.4690072866738
2020-06-10 06:30:00,-115273.2561,809301.36191,2.332849477807962e-10,8.106426599106017,82.67577925769211,-0.012186969695998907,-0.0600412540300989,0.061265605488545226,False,191.47382542816376
2020-06-10 07:00:00,-115266.36529,809412.2075,0.0,8.10485312791922,82.6748033133972,-0.012867695177492814,-0.05993163022820952,0.06129745411509118,False,192.11779181653645
2020-06-10 07:30:00,-115257.81317,809521.49172,1.173212913024843e-10,8.10318025015061,82.67384333423486,-0.012325599745695585,-0.060663670459648954,0.061903160846018004,False,191.48497706971153
2020-06-10 08:00:00,-115253.21946,809634.67081,1.4551915228366852e-11,8.10174391694585,82.67284374344993,-0.012712722513909657,-0.05700520997932115,0.05840554150508462,False,192.57180384010087
2020-06-10 08:30:00,-115241.4259,809731.1121,1.4551915228366852e-11,8.09997385316163,82.6720019376365,-0.013103245452164323,-0.05482568768324609,0.056369770900017914,False,193.44145288480843
2020-06-10 09:00:00,-115234.32831,809836.72077,1.4551915228366852e-11,8.098439385152822,82.67107275131758,-0.011317489366436034,-0.05829036067484374,0.059378882720734674,False,190.98767803950795
2020-06-10 09:30:00,-115230.65105,809944.60435,1.173212913024843e-10,8.097120020579503,82.67011902757137,-0.008282788705513274,-0.060026403721238616,0.060595162615883026,False,187.85639006315841
2020-06-10 10:00:00,-115235.24484,810054.86143,2.3688801733223527e-10,8.096351006424749,82.66913376260656,-0.005706696488208533,-0.061461073445270506,0.061725439924341305,False,185.30473695491145
2020-06-10 10:30:00,-115241.47355,810166.55223,2.3283064365386963e-10,8.095681392266487,82.66813369345456,-0.0012870457320757287,-0.06281181497647517,0.06282499970040115,False,181.17385511973515
2020-06-10 11:00:00,-115262.50172,810279.38299,2.346425826049686e-10,8.096026456274044,82.66710479540113,0.0012476518066939814,-0.06114356290500121,0.06115629092537077,False,178.831025534913
2020-06-10 11:30:00,-115276.91995,810383.84269,1.173212913024843e-10,8.095995881521132,82.66615861327087,0.0015423980856040832,-0.05920227228067875,0.059222360937825666,False,178.5076094091002
2020-06-10 12:00:00,-115298.01429,810489.60504,1.1999816708318134e-10,8.096415066930069,82.66519242197259,0.0023479114260001547,-0.05716807479033023,0.057216269218615896,False,177.64816544115718
2020-06-10 12:30:00,-115314.27362,810586.40595,1.243316182127096e-10,8.096587489655676,82.66431194856638,0.002058432806865877,-0.05358977239978699,0.05362929098432454,False,177.80029741432855
2020-06-10 13:00:00,-115332.52252,810679.56148,1.1641532182693481e-10,8.096933622744352,82.66346134373727,0.003699714933960433,-0.05081138538293084,0.05094590047418229,False,175.83548799930577
2020-06-10 13:30:00,-115353.22392,810765.62748,2.332849477807962e-10,8.097519417626643,82.66267061791541,0.006465149499748481,-0.04946052610213906,0.04988127705216134,False,172.5529006317846
2020-06-10 14:00:00,-115380.64595,810852.56568,1.173212913024843e-10,8.098561954534727,82.66186364771934,0.009688862563988161,-0.04801158661128721,0.04897944984089741,False,168.59079353702555
2020-06-10 14:30:00,-115412.10529,810931.83172,2.332849477807962e-10,8.099959465536308,82.6611197253077,0.011850716532771404,-0.04410059998733276,0.045665111426370524,False,164.9587983501632
2020-06-10 15:00:00,-115445.25259,811003.73281,1.1641532182693481e-10,8.101546170248387,82.66043908923922,0.01464107240447018,-0.04152859211090081,0.044033906979355254,False,160.57969248754506
2020-06-10 15:30:00,-115485.35626,811072.41458,1.1641532182693481e-10,8.103645964719703,82.65977824695281,0.018967906955804074,-0.03660129953090761,0.04122422372386481,False,152.60543510249215
2020-06-10 16:00:00,-115531.42932,811124.55611,1.1641532182693481e-10,8.106321753893072,82.65925677322916,0.021554139464919332,-0.030726320627565095,0.037532488691547294,False,144.95080809232707
2020-06-10 16:30:00,-115577.77368,811170.98239,0.0,8.109072318534535,82.65878570964644,0.022740009826672652,-0.026210645490870016,0.03470023031573758,False,139.05552430211844
2020-06-10 17:00:00,-115625.78482,811206.4234,1.173212913024843e-10,8.112046299219564,82.65841010229376,0.02490366797268731,-0.021410684512293294,0.03284219983160092,False,130.68697315872112
2020-06-10 17:30:00,-115677.40631,811234.6387,3.49548998913504e-10,8.11534120424202,82.6580940884884,0.027666257873149948,-0.01786990295370163,0.03293562290709477,False,122.85880747563766
2020-06-10 18:00:00,-115733.46742,811256.05087,1.1999816708318134e-10,8.119010299449435,82.6578328564998,0.02963482516422301,-0.01396405644431213,0.03276000205882167,False,115.23001411882069
2020-06-10 18:30:00,-115790.12206,811269.33829,1.173212913024843e-10,8.122800476970134,82.65764301321234,0.031206693004786384,-0.012393510197699735,0.03357762325292651,False,111.66014002098387
2020-06-10 19:00:00,-115850.98854,811284.34621,1.1641532182693481e-10,8.126864965729572,82.65743251237231,0.03145493307446118,-0.01087505275468234,0.033281820670389345,False,109.0720287879069
2020-06-10 19:30:00,-115907.75711,811292.08741,3.49548998913504e-10,8.13071745941213,82.65729172335712,0.032118540699184364,-0.008615795117247914,0.03325406113766491,False,105.0160735679865
2020-06-10 20:00:00,-115969.83978,811298.69797,2.332849477807962e-10,8.134948769843339,82.65715419691944,0.03546989386600047,-0.007757701678784083,0.03630833659371284,False,102.3370252525645
2020-06-10 20:30:00,-116038.11575,811301.6651,1.173212913024843e-10,8.139644599892861,82.6570411252634,0.03767982953259992,-0.004773230659348351,0.037980959499901164,False,97.21969765663664
2020-06-10 21:00:00,-116106.55361,811296.50269,1.173212913024843e-10,8.144432004028308,82.65700000847619,0.04079099351174784,-0.0003659829911175569,0.04079263530620744,False,90.51405264530928
2020-06-10 21:30:00,-116183.66889,811282.16561,1.1999816708318134e-10,8.149910791739932,82.65702929513319,0.045258564431902036,0.0033511754548556823,0.04538246391907182,False,85.76525557564628
2020-06-10 22:00:00,-116266.12866,811261.46264,2.9103830456733704e-11,8.155822617886557,82.65710825442969,0.05054605798410945,0.007384427620190859,0.05108261689665862,False,81.68828495749239
2020-06-10 22:30:00,-116360.02293,811230.03583,2.9103830456733704e-11,8.16263232913011,82.65726781809278,0.058153158537229035,0.009800972210979173,0.05897328975168742,False,80.4334308192291
2020-06-10 23:00:00,-116468.34943,811196.81218,1.1641532182693481e-10,8.170458966204478,82.65742483401378,0.0662268263063509,0.010818702850940035,0.06710467088056174,False,80.72220756093856
2020-06-10 23:30:00,-116590.48435,811157.6004,1.243316182127096e-10,8.179301106485413,82.657617270633,0.07367986548545656,0.012142654020853589,0.07467373450300396,False,80.64161006879726
2020-06-11 00:00:00,-116724.67958,811115.80617,2.332849477807962e-10,8.189004061629587,82.65781705456739,0.08094685432524092,0.013307066623193847,0.08203335448014967,False,80.66449538816016
2020-06-11 00:30:00,-116872.0981,811068.67547,1.1641532182693481e-10,8.199675878935178,82.65804710037575,0.08795576693022977,0.013194202954439,0.0889398894078907,False,81.46870057071118
2020-06-11 01:00:00,-117031.30885,811023.63226,2.332849477807962e-10,8.211143604646562,82.65824324085294,0.09406435779646496,0.013625475366330254,0.095046078228509,False,81.75787931989578
2020-06-11 01:30:00,-117200.25266,810971.76275,0.0,8.223353789842614,82.65848721783237,0.09892284469755397,0.012224558629450334,0.09967531809199934,False,82.95529218987207
2020-06-11 02:00:00,-117377.47482,810929.13934,2.332849477807962e-10,8.236045072693466,82.6586381114043,0.1032182998404242,0.008703794970807734,0.10358461984697136,False,85.17998508704198
2020-06-11 02:30:00,-117563.51752,810887.52199,5.820766091346741e-11,8.249337195598459,82.65876835477117,0.1072134685736026,0.007752660454908683,0.1074934025310948,False,85.8641116027456
2020-06-11 03:00:00,-117755.44521,810846.13933,1.173212913024843e-10,8.263034684986197,82.6588885295223,0.11101838300105575,0.007119956274288301,0.11124646125390633,False,86.33046787698788
2020-06-11 03:30:00,-117955.3509,810804.71711,1.173212913024843e-10,8.277285103942381,82.65899832988883,0.1171329498183326,0.007646165724143561,0.11738224645756738,False,86.26516408292252
2020-06-11 04:00:00,-118168.7684,810758.19338,2.3283064365386963e-10,8.29252240566997,82.6591354872231,0.12272720912678989,0.008671451214696337,0.12303317408820956,False,85.95840858337846
2020-06-11 04:30:00,-118388.04711,810710.10417,0.0,8.30818167733057,82.65927842484356,0.12440430967047303,0.006928465117842373,0.12459709424170416,False,86.81231188410493
2020-06-11 05:00:00,-118608.31962,810668.79867,4.3655745685100555e-11,8.323841645381352,82.65935929392889,0.1271954362443224,0.0034447215642874583,0.12724207286915343,False,88.44868824162302
2020-06-11 05:30:00,-118839.33169,810631.54405,1.243316182127096e-10,8.34020397614913,82.65938967276561,0.13413899558541548,0.0012730647835824949,0.13414503654853321,False,89.45624276555293
2020-06-11 06:00:00,-119085.4482,810594.21916,1.1999816708318134e-10,8.357612239240979,82.6594003775488,0.1411072652289463,-0.0017677106448249318,0.14111833722559242,False,90.71773102106437
2020-06-11 06:30:00,-119342.84808,810564.00387,2.346425826049686e-10,8.375728792852403,82.65933254312573,0.1450395911837855,-0.005212678813749365,0.14513323200140946,False,92.05830699015434
2020-06-11 07:00:00,-119604.7551,810536.72731,1.173212913024843e-10,8.394126825102845,82.65923198349849,0.14501573788043515,-0.009265566732974576,0.14531144125598053,False,93.65585987552049
2020-06-11 07:30:00,-119864.18147,810520.7919,1.173212913024843e-10,8.41223672070972,82.65903325393845,0.14494612527112238,-0.014181918815107922,0.1456382712489757,False,95.58818623485365
2020-06-11 08:00:00,-120128.41614,810510.89567,2.332849477807962e-10,8.430616320317991,82.6587738610015,0.14434236812815934,-0.016669883118677745,0.14530176956952537,False,96.58781835093788
2020-06-11 08:30:00,-120386.99731,810503.97083,0.0,8.448573066042732,82.65849479211465,0.14131495431605798,-0.021601000088214823,0.14295635529125877,False,98.69079806682169
2020-06-11 09:00:00,-120643.05442,810513.07138,2.3283064365386963e-10,8.466188913518023,82.65807610796614,0.1372287045871281,-0.027832422110122605,0.14002271631123756,False,101.4650857838638
2020-06-11 09:30:00,-120890.38877,810530.34274,2.3688801733223527e-10,8.48311528805819,82.65759576136765,0.13112502390425904,-0.03273905784257702,0.13515035257931113,False,104.01888808388196
2020-06-11 10:00:00,-121127.32654,810560.00666,1.4551915228366852e-11,8.499192546705205,82.6570185849125,0.12432086112504433,-0.03797335536998414,0.12999096979762734,False,106.98510128675508
2020-06-11 10:30:00,-121353.23304,810599.39891,1.4551915228366852e-11,8.514403951917814,82.65636915579861,0.11748053922845685,-0.042926442111366925,0.12507740215462393,False,110.07189609122383
2020-06-11 11:00:00,-121568.47541,810650.22049,0.0,8.528757031565656,82.65563197958576,0.11266911794149057,-0.04900647859249798,0.12286563832801453,False,113.50707841697749
2020-06-11 11:30:00,-121780.52106,810713.71713,0.0,8.542754700427276,82.65478613191125,0.10667687868474302,-0.05325465501594251,0.11923093024373511,False,116.52903965277045
2020-06-11 12:00:00,-121976.73042,810782.76255,1.1999816708318134e-10,8.555597121075749,82.65391175130387,0.09853758978427096,-0.05489704931059334,0.11279779529540007,False,119.12295970147466
2020-06-11 12:30:00,-122160.71001,810856.37365,0.0,8.56754397391333,82.65301283925557,0.09593417628103179,-0.05662491913043952,0.11139904687765016,False,120.55112779754626
2020-06-11 13:00:00,-122348.60808,810932.88695,2.9103830456733704e-11,8.579728355069129,82.65208261166116,0.09804032763426189,-0.05636524711799153,0.11308822628950226,False,119.8954139110565
2020-06-11 13:30:00,-122539.97742,811004.36346,1.1999816708318134e-10,8.59220198413097,82.65119208514126,0.1004850749688847,-0.057045459651273236,0.11554840872261037,False,119.58361304435459
2020-06-11 14:00:00,-122736.97586,811081.90058,1.1641532182693481e-10,8.604998005128241,82.65023988269856,0.10380423433836518,-0.05973556444048625,0.1197650062647588,False,119.91886264022173
2020-06-11 14:30:00,-122941.64193,811161.07789,3.4924596548080444e-10,8.618302987941608,82.6492624517956,0.10668111442273709,-0.054503158363182744,0.1197975560937672,False,117.06239401731182
2020-06-11 15:00:00,-123146.09388,811218.34579,1.173212913024843e-10,8.631819266186996,82.64847927767123,0.10550467594867796,-0.04498370320496129,0.11469424659095848,False,113.09179579549107
2020-06-11 15:30:00,-123341.46152,811264.18035,1.4551915228366852e-11,8.644825582161113,82.64780937158257,0.09401765282949777,-0.042394031693698375,0.1031337624971293,False,114.27135887284129
2020-06-11 16:00:00,-123503.65209,811318.35635,0.0,8.655451959151833,82.64710989816004,0.08080894159425381,-0.042736989515513524,0.09141408706776345,False,117.8727789428844
2020-06-11 16:30:00,-123652.21427,811372.50129,5.820766091346741e-11,8.665136109916457,82.64642887143114,0.0722822572408845,-0.03876733932711071,0.0820221391475542,False,118.20611504430286
2020-06-11 17:00:00,-123781.92442,811417.12179,1.4551915228366852e-11,8.673617845025692,82.64585763112282,0.05755656203127864,-0.03655856186257416,0.0681856750228381,False,122.42274375340253
2020-06-11 17:30:00,-123876.89585,811471.35946,1.4551915228366852e-11,8.67960000412723,82.64524796957176,0.03716491039940233,-0.03441287991298261,0.05065053670891322,False,132.7981703113884
2020-06-11 18:00:00,-123932.8814,811519.39872,2.346425826049686e-10,8.682956730245689,82.6447460273046,0.02525430361429404,-0.027959121478732855,0.03767615061156707,False,137.90981810507532
2020-06-11 18:30:00,-123981.96458,811557.13348,1.1641532182693481e-10,8.685945416850103,82.64434481486329,0.01035648181360333,-0.018433797738681788,0.02114383159756354,False,150.67183848773902
2020-06-11 19:00:00,-123979.75896,811579.36882,1.1641532182693481e-10,8.685558910789451,82.64415057413508,-0.01508907760832024,-0.0036135888874389,0.015515743221558327,False,256.53223799187936
2020-06-11 19:30:00,-123930.23135,811578.19627,1.173212913024843e-10,8.682154425254906,82.64422807302624,-0.03703147533906835,0.008657817375985036,0.038030092920001334,False,283.1591694741504
2020-06-11 20:00:00,-123843.26837,811568.68187,1.1641532182693481e-10,8.676254983076799,82.64443021973966,-0.05087950008347227,0.018168138241099075,0.05402596390525338,False,289.65071619331866
2020-06-11 20:30:00,-123739.29475,811541.17027,1.173212913024843e-10,8.669370892290848,82.64481494036278,-0.056829535757851865,0.022125400398351026,0.06098466591890388,False,291.2724184541362
2020-06-11 21:00:00,-123629.01347,811520.77826,0.0,8.661976000085337,82.64514492348927,-0.05708518916953905,0.02559465301055209,0.0625604114856402,False,294.14950379079323
2020-06-11 21:30:00,-123522.25523,811481.03076,1.1641532182693481e-10,8.6550268654675,82.64564172575047,-0.05498868647327089,0.03516879303932576,0.06527326898431404,False,302.60152402312
2020-06-11 22:00:00,-123414.25596,811425.40225,0.0,8.64815784292649,82.64628097386431,-0.04911870140267068,0.03812732506772404,0.062179898233308654,False,307.8196254999913
2020-06-11 22:30:00,-123326.79933,811371.92185,1.4551915228366852e-11,8.642682980536833,82.64687336253397,-0.0369601229892232,0.02892594372463112,0.04693357978823938,False,308.0476482750728
2020-06-11 23:00:00,-123267.06209,811342.44596,4.3655745685100555e-11,8.638868895509622,82.64721537843893,-0.02009789429203995,0.011649846635485172,0.023230244975125363,False,300.0989433426836
2020-06-11 23:30:00,-123248.96821,811341.32599,2.332849477807962e-10,8.637631701044931,82.64724969904071,-0.0034065441589460647,0.0032110361698635633,0.004681377616794186,False,313.3077613426643
2020-06-12 00:00:00,-123253.20153,811332.85914,2.332849477807962e-10,8.638012692249964,82.64731910522994,0.0031197716468412445,0.004584287225751321,0.005545147833612849,False,34.23668977819375
2020-06-12 00:30:00,-123257.59332,811323.32293,2.346425826049686e-10,8.638415843372101,82.64739778401251,0.004845792454276272,0.007451478544838648,0.008888545269846554,False,33.03646790630762
2020-06-12 01:00:00,-123266.41937,811303.71794,1.4551915228366852e-11,8.639230688638031,82.64755980774834,0.015349469637736254,-0.0019376477059782204,0.015471286203553659,False,97.19470460608147
2020-06-12 01:30:00,-123313.27225,811321.91887,1.173212913024843e-10,8.642273883992582,82.64733518306205,0.02560506516875881,-0.019931786608222642,0.032448350954896135,False,127.89831019914197
2020-06-12 02:00:00,-123368.33316,811360.80651,1.4551915228366852e-11,8.645666328877835,82.64691595407696,0.029746754705004586,-0.023864147724164855,0.03813616344207261,False,128.73811078771996
2020-06-12 02:30:00,-123432.05813,811390.75571,1.4551915228366852e-11,8.649750195698486,82.64656429997353,0.037178054393871646,-0.02182539952801313,0.043110970681151155,False,120.41509063399235
2020-06-12 03:00:00,-123512.46853,811418.35543,1.173212913024843e-10,8.655009862885356,82.64621092144492,0.04612522328142551,-0.02227643047608662,0.051222803296161745,False,115.77847541481373
2020-06-12 03:30:00,-123608.28614,811445.04954,2.4393454971490735e-10,8.661341771518783,82.64584469602718,0.0560109357458971,-0.021254915345509294,0.05990823273537436,False,110.78064965638947
2020-06-12 04:00:00,-123723.33144,811463.63485,1.173212913024843e-10,8.669085138073644,82.64552430676261,0.06439923004422338,-0.021942401298276737,0.06803476908921952,False,108.81523904634986
2020-06-12 04:30:00,-123849.38107,811488.19549,3.49548998913504e-10,8.677524197312174,82.64513588314477,0.07029059589466367,-0.027185893645074035,0.07536471776971096,False,111.14469142016384
2020-06-12 05:00:00,-123988.24683,811522.20593,2.3688801733223527e-10,8.68674698187891,82.64464611145746,0.07938505334023693,-0.03274242623019852,0.08587230734801678,False,112.41373683897336
2020-06-12 05:30:00,-124149.69154,811561.55318,2.9103830456733704e-11,8.69746984608277,82.64407817807411,0.08406113439297057,-0.03645315799969629,0.09162481674515852,False,113.44399334981392
2020-06-12 06:00:00,-124307.23139,811606.16686,2.3283064365386963e-10,8.7078660693164,82.64346858033736,0.08024557399637122,-0.03988554363019677,0.08961143195309078,False,116.42937653162431
2020-06-12 06:30:00,-124456.98439,811659.74997,2.9103830456733704e-11,8.71762865641967,82.64278977741601,0.07528532154834316,-0.04361100198880232,0.0870045926092683,False,120.08269575438158
2020-06-12 07:00:00,-124598.92309,811720.27448,3.4924596548080444e-10,8.726777082425368,82.6420598350511,0.07009911308434187,-0.04781766845925979,0.0848552595428889,False,124.29960711137863
2020-06-12 07:30:00,-124732.53779,811791.61241,2.3283064365386963e-10,8.73523517270962,82.641245144854,0.06512046817222332,-0.05275968081324406,0.08381085427607181,False,129.01390122987448
2020-06-12 08:00:00,-124859.48266,811872.40308,2.346425826049686e-10,8.743131332817725,82.6403555573252,0.06494213443819154,-0.05586507823704087,0.08566439045378682,False,130.70305780142382
2020-06-12 08:30:00,-124994.18311,811954.85221,1.1641532182693481e-10,8.75154259507423,82.63944053325064,0.05926762646628323,-0.05096065233838916,0.07816418382930282,False,130.6902477153863
2020-06-12 09:00:00,-125098.2752,812021.26225,2.3688801733223527e-10,8.758012484942268,82.63870941379724,0.04740564803134343,-0.04610088011457841,0.06612553676614162,False,134.20056016448837
2020-06-12 09:30:00,-125188.1234,812092.89527,1.243316182127096e-10,8.763443975196553,82.6379513550645,0.03715828382956579,-0.05009368210351697,0.06237078678232933,False,143.43286840588655
2020-06-12 10:00:00,-125257.9587,812179.11367,1.1641532182693481e-10,8.767340302354398,82.6370912579596,0.02665938121048422,-0.054586720513996975,0.060748931373310076,False,153.96977196894568
2020-06-12 10:30:00,-125312.92864,812272.48274,1.1641532182693481e-10,8.77013551754155,82.63618805230162,0.02287431517125403,-0.05899800189902762,0.06327715640443658,False,158.80802122795154
2020-06-12 11:00:00,-125371.72711,812376.46759,4.656612873077393e-10,8.773080930341663,82.63518544756185,0.020424982030825767,-0.06355125626530049,0.06675284311441311,False,162.1829149346192
2020-06-12 11:30:00,-125420.49285,812487.37562,1.1641532182693481e-10,8.775260896307152,82.63413516252196,0.016694194533855046,-0.06808622331981017,0.07010299520768894,False,166.22332408699543
2020-06-12 12:00:00,-125468.51654,812609.54015,0.0,8.777269444934312,82.6329860598523,0.0108460244643124,-0.07480678157732905,0.07558895962135397,False,171.7503320598505
2020-06-12 12:30:00,-125500.17545,812747.56808,1.173212913024843e-10,8.777981893875856,82.63171868215217,-0.0005552596046091169,-0.0828393475265795,0.08284120841620989,False,180.38403918418112
2020-06-12 13:00:00,-125512.05145,812904.57381,1.1999816708318134e-10,8.777130462679832,82.63031009712856,-0.011606422571822993,-0.08842331132893405,0.08918178643248474,False,187.47788000982177
2020-06-12 13:30:00,-125507.45512,813068.53997,2.9103830456733704e-11,8.775071632125385,82.62886233438144,-0.021176349679260638,-0.08881429454694029,0.09130397965920757,False,193.41086601613443
2020-06-12 14:00:00,-125485.48584,813232.19284,1.1641532182693481e-10,8.77182140491414,82.6274411137747,-0.028376569425916133,-0.08620036295510666,0.0907509353449096,False,198.2211910339567
2020-06-12 14:30:00,-125453.81827,813390.81032,1.1641532182693481e-10,8.767958588935633,82.62607778893131,-0.03836796382102693,-0.0806118390321816,0.08927692445375786,False,205.45255240908477
2020-06-12 15:00:00,-125393.21183,813540.05887,3.5045652704989467e-10,8.762205768559621,82.62483707742594,-0.04509986842548691,-0.08014335903365048,0.09196171012542578,False,209.3681953730432
2020-06-12 15:30:00,-125337.30442,813700.69203,2.9103830456733704e-11,8.756657474856638,82.6234889068669,-0.05142047588205473,-0.08374403387219242,0.09827069018341066,False,211.55073938951028
2020-06-12 16:00:00,-125256.15239,813866.20469,1.1999816708318134e-10,8.749323471442791,82.6221318515225,-0.061170016815350586,-0.08666139811751201,0.10607529816537019,False,215.2163861594688
2020-06-12 16:30:00,-125167.11087,814042.53947,4.3655745685100555e-11,8.741335268313835,82.62068945299488,-0.07079767449373667,-0.08799079009373958,0.11293666302419968,False,218.82026827059923
2020-06-12 17:00:00,-125052.38152,814218.02597,2.399963341663627e-10,8.731593177374858,82.61928942789116,-0.08511038854543797,-0.08207107948511135,0.11823468326259805,False,226.0415053963918
2020-06-12 17:30:00,-124909.11645,814381.08404,3.5045652704989467e-10,8.72002435962655,82.61803824425651,-0.0945555637714019,-0.08205778615572205,0.12519678473868992,False,229.04770225970742
2020-06-12 18:00:00,-124760.7019,814561.62615,1.1641532182693481e-10,8.7079214927003,82.61663867589733,-0.10341243154821998,-0.08422902341167933,0.13337413311283605,False,230.83731800836114
2020-06-12 18:30:00,-124587.03046,814737.17622,3.5045652704989467e-10,8.69414009382522,82.61531731728564,-0.11262653725869028,-0.0795672667903311,0.13789737792781587,False,234.75994188259133
2020-06-12 19:00:00,-124403.20383,814906.06545,1.173212913024843e-10,8.679735743954147,82.61406836626665,-0.1132634083957138,-0.08258412554753335,0.14017395433483712,False,233.90296327161852
2020-06-12 19:30:00,-124228.81833,815092.60794,4.3655745685100555e-11,8.665800019328717,82.61264958550579,-0.11448902381902148,-0.09014493546864508,0.14571837895639198,False,231.78425433069427
2020-06-12 20:00:00,-124044.64451,815288.98301,1.173212913024843e-10,8.651094549224617,82.6111563525022,-0.11910065278307658,-0.09526969926744286,0.15251649449113355,False,231.34336664486483
2020-06-12 20:30:00,-123856.52283,815496.16991,1.173212913024843e-10,8.636011121283227,82.60957203372308,-0.12835610760587743,-0.09797226936180936,0.16147401005621467,False,232.6460552904868
2020-06-12 21:00:00,-123640.76183,815707.06907,0.0,8.618997714327318,82.60799143828575,-0.1398956463930494,-0.1011398809594996,0.17262696023573743,False,234.13432722247342
2020-06-12 21:30:00,-123413.15178,815931.63631,4.658886054991198e-10,8.601036187370497,82.60630482382307,-0.14206921726461796,-0.11153074848399437,0.1806177465023336,False,231.8664861478977
2020-06-12 22:00:00,-123195.11179,816180.55312,2.332849477807962e-10,8.583487445331416,82.60438861704174,-0.14338439032485528,-0.12467278085618405,0.19000627798903,False,228.99302877652983
2020-06-12 22:30:00,-122969.73638,816452.47189,1.173212913024843e-10,8.565206678712153,82.60227741765569,-0.14693823330381806,-0.12799675425886856,0.19486922154935718,False,228.9411303730875
2020-06-12 23:00:00,-122740.66129,816714.98549,3.49548998913504e-10,8.546779486665669,82.60025385320125,-0.14523036219526858,-0.13296355355202735,0.19690394784399765,False,227.52479059077456
2020-06-12 23:30:00,-122523.85142,817003.52624,2.332849477807962e-10,8.52893589745255,82.59798223247584,-0.13702286665948452,-0.14007601188231011,0.1959503893653594,False,224.36872621821198
2020-06-13 00:00:00,-122327.62239,817286.84056,3.49548998913504e-10,8.512568079785824,82.59572893684457,-0.1304287736235454,-0.1365550943614418,0.18883579847318233,False,223.68549835140473
2020-06-13 00:30:00,-122132.25011,817559.21367,1.1641532182693481e-10,8.496380982688466,82.59357099848224,-0.11865072863227286,-0.1400637144036075,0.1835642653064713,False,220.26859169963726
2020-06-13 01:00:00,-121979.66592,817848.64513,1.3015628661377063e-10,8.48296138267285,82.59120444087407,-0.09414964070999489,-0.15240126466408552,0.17913765745100546,False,211.70672183398807
2020-06-13 01:30:00,-121877.95293,818151.85457,2.9103830456733704e-11,8.472895017299143,82.58864794231755,-0.0711676180926423,-0.16218881667449003,0.1771159002440253,False,203.6916187725742
2020-06-13 02:00:00,-121812.28851,818463.90162,1.173212913024843e-10,8.465214402238963,82.58596516009347,-0.05484127669745675,-0.16839464671835047,0.17709975345325887,False,198.0389346478774
2020-06-13 02:30:00,-121771.91634,818780.53403,2.3283064365386963e-10,8.459224238881838,82.58320815860057,-0.03632438311932052,-0.17079812896548865,0.17461804507871137,False,192.006457549654
2020-06-13 03:00:00,-121773.39463,819091.32222,1.173212913024843e-10,8.456162136709246,82.58044772914329,-0.01515108417911822,-0.1772194885643199,0.17786596773638805,False,184.88652470788617
2020-06-13 03:30:00,-121811.78355,819419.60921,2.3283064365386963e-10,8.45544949504629,82.57748326217992,0.00040994263432105396,-0.19108368840266526,0.19108412813870831,False,179.87708031517184
2020-06-13 04:00:00,-121876.00363,819771.52935,2.332849477807962e-10,8.456263570548881,82.5742749415112,0.015101852046126147,-0.1983207484913706,0.19889490998364076,False,175.64540913368256
2020-06-13 04:30:00,-121970.54935,820117.80722,2.332849477807962e-10,8.45920708585302,82.57107666684102,0.029139459469678598,-0.1959058224558368,0.19806110009358954,False,171.53972919233138
2020-06-13 05:00:00,-122083.51201,820453.68603,2.332849477807962e-10,8.463512051992733,82.56794634394745,0.042515407099878465,-0.19115083135724537,0.19582185825242915,False,167.46049722576362
2020-06-13 05:30:00,-122223.21858,820775.92956,3.49548998913504e-10,8.469778448753004,82.56490165146256,0.058052511631769846,-0.1858599319017089,0.19471519815685845,False,162.65404083962818
2020-06-13 06:00:00,-122388.77134,821084.7029,1.4551915228366852e-11,8.477941125476733,82.56194222858134,0.07189708200402042,-0.18114876967573484,0.19489501572827683,False,158.35210830400507
2020-06-13 06:30:00,-122575.36322,821382.78017,1.173212913024843e-10,8.487641840207223,82.55904971632803,0.08567339814224668,-0.17686810591584595,0.19652546409943628,False,154.15484908145459
2020-06-13 07:00:00,-122787.79577,821668.93228,2.3283064365386963e-10,8.499219094789787,82.55622855346584,0.0983137485361601,-0.17258521282255926,0.19862338441442234,False,150.33185208579306
2020-06-13 07:30:00,-123017.23243,821944.95433,0.0,8.512050294439055,82.55347439867998,0.10870871581754503,-0.17184335763610425,0.20334139878133473,False,147.6824099897715
2020-06-13 08:00:00,-123266.40523,822222.82712,2.9103830456733704e-11,8.526198180247539,82.55067718590938,0.1210213730856115,-0.17473515862596095,0.21255246035641767,False,145.29357019930507
2020-06-13 08:30:00,-123541.35781,822502.45462,2.9103830456733704e-11,8.542073723814738,82.54782958438688,0.1309024055149102,-0.17670938743773268,0.21991281767602522,False,143.46977062521364
2020-06-13 09:00:00,-123826.91786,822781.92688,1.243316182127096e-10,8.558661057470333,82.5449686176106,0.13920454841877694,-0.18008444446605887,0.22761439637932537,False,142.2961216288664
2020-06-13 09:30:00,-124133.39538,823068.95904,3.5045652704989467e-10,8.576581825855442,82.54201194946202,0.1495484280019068,-0.18708549423167786,0.2395114078071286,False,141.36260153156957
2020-06-13 10:00:00,-124459.71281,823367.61469,0.0,8.595718659986687,82.5389248055185,0.15933918423438093,-0.19586696588994262,0.25249325527508637,False,140.8713979603798
2020-06-13 10:30:00,-124805.9617,823680.42564,2.9103830456733704e-11,8.61604919179943,82.53568443918152,0.1695604704952385,-0.20652454699319933,0.2672136629465508,False,140.61337192233015
2020-06-13 11:00:00,-125174.62531,824011.26431,2.399963341663627e-10,8.637699415686953,82.5322529805999,0.17854795784556202,-0.21921350577746831,0.28272589970865547,False,140.83741075767006
2020-06-13 11:30:00,-125559.96587,824364.10795,1.173212913024843e-10,8.66023495866071,82.52860270175685,0.18792443847297782,-0.23460969832020384,0.3005949186551248,False,141.3049643674375
2020-06-13 12:00:00,-125970.6146,824744.36166,1.173212913024843e-10,8.684182460687435,82.52467382167863,0.19059295773623477,-0.24901283232279353,0.3135810360976344,False,142.56976915421643
2020-06-13 12:30:00,-126373.58695,825146.67889,2.9103830456733704e-11,8.707354752774789,82.52055834571343,0.1824602592274968,-0.26026097964928424,0.3178482715469293,False,144.96698888382326
2020-06-13 13:00:00,-126761.74203,825571.06239,1.4551915228366852e-11,8.729267184761264,82.51626609444502,0.16578568488055387,-0.2698943366386455,0.31674571230078047,False,148.43919779138037
2020-06-13 13:30:00,-127110.96061,826016.46563,1.243316182127096e-10,8.748296991263754,82.51183945772115,0.14628328237022056,-0.2744627827513161,0.3110122470524301,False,151.94325904603767
2020-06-13 14:00:00,-127432.51409,826467.53756,2.346425826049686e-10,8.765371778372394,82.50739954350009,0.1326259591978759,-0.2913340436812011,0.320101812023607,False,155.52322835631406
2020-06-13 14:30:00,-127742.66322,826980.26043,1.4551915228366852e-11,8.781010138033363,82.50242781973161,0.11023408381089825,-0.3144455730593109,0.3332080005795578,False,160.68104305313256
2020-06-13 15:00:00,-127997.51522,827525.69211,1.4551915228366852e-11,8.79254640629757,82.49724131974762,0.06955176733907734,-0.2804449220137173,0.28894082893088874,False,166.07138347422404
2020-06-13 15:30:00,-128144.43208,827939.72421,1.173212913024843e-10,8.798147600652804,82.49336797154001,0.023524728779391678,-0.2230695462014124,0.22430656545595806,False,173.97988678423405
2020-06-13 16:00:00,-128204.03741,828306.33973,2.3283064365386963e-10,8.79834096596788,82.49003492281281,-0.0211928124652877,-0.19534008783403262,0.19648634867388734,False,186.19190843168252
2020-06-13 16:30:00,-128176.59896,828646.34329,0.0,8.792934493991908,82.48705731334299,-0.03047150988905196,-0.1734779797019664,0.17613381945666898,False,189.96241003951297
2020-06-13 17:00:00,-128191.09594,828940.2894,0.0,8.790843799348746,82.48443058988636,-0.025858434688561034,-0.1507779703553895,0.15297926326477487,False,189.7315589372772
2020-06-13 17:30:00,-128167.55724,829196.99441,1.1641532182693481e-10,8.786576280563864,82.48218627231564,-0.032825180207737184,-0.12955634636995073,0.1336500630018597,False,194.21761513668338
2020-06-13 18:00:00,-128145.55716,829419.26971,2.399963341663627e-10,8.78277398955632,82.48024514777748,-0.03610196819969317,-0.11707201769847125,0.12251207873464078,False,197.13840303472438
2020-06-13 18:30:00,-128103.46618,829633.35629,1.1999816708318134e-10,8.777703766207495,82.47840412684579,-0.047166422388707524,-0.10577383726892976,0.11581354001818615,False,204.03293648906066
2020-06-13 19:00:00,-128035.85515,829821.50726,1.1641532182693481e-10,8.771184864767566,82.47682799161952,-0.05631306711729721,-0.0875797342241779,0.1041219063162736,False,212.74069261122787
2020-06-13 19:30:00,-127951.18774,829975.86972,1.1641532182693481e-10,8.763869844245896,82.47557475454443,-0.07340067347552481,-0.06768773223620614,0.09984632172464317,False,227.31874972884467
2020-06-13 20:00:00,-127811.82494,830102.59877,0.0,8.753156485842782,82.47464119293164,-0.08906595523566171,-0.04545483396887137,0.09999443141084687,False,242.9624943289472
2020-06-13 20:30:00,-127659.18671,830186.39517,3.4924596548080444e-10,8.741995862074708,82.47410627292538,-0.08524512659499707,-0.030801909584188623,0.09063933606458957,False,250.1335205395734
2020-06-13 21:00:00,-127525.36079,830258.83907,2.3283064365386963e-10,8.732222674974565,82.47364613493674,-0.07468632050473786,-0.028471414780317915,0.079929143184006,False,249.13249075968443
2020-06-13 21:30:00,-127408.9933,830328.52326,1.1999816708318134e-10,8.72365621423679,82.47318649604735,-0.059354019564163044,-0.029690096698267835,0.06636566492076715,False,243.42484323699446
2020-06-13 22:00:00,-127330.36928,830396.89469,2.332849477807962e-10,8.717648783616594,82.47268700424878,-0.03290791709026065,-0.03339417696116562,0.04688392114715997,False,224.57980001619936
2020-06-13 22:30:00,-127310.11447,830465.30915,0.0,8.715576311333868,82.47210769403273,-0.011525474691166653,-0.03528877804766695,0.03712323292702595,False,198.0872723054233
2020-06-13 23:00:00,-127308.60694,830528.75455,1.1641532182693481e-10,8.714819124231692,82.47154696229168,0.004516634252212746,-0.036462665806557236,0.03674133887991753,False,172.93873471678512
2020-06-13 23:30:00,-127346.07553,830592.59561,1.4551915228366852e-11,8.71668487408511,82.47092972017587,0.025608387664758363,-0.04469530413544081,0.051511743617820786,False,150.18924219837317
2020-06-14 00:00:00,-127424.11697,830673.82788,2.332849477807962e-10,8.721104785926467,82.47010300737367,0.045383272519006396,-0.05983185197695292,0.07509655075651882,False,142.8191887931486
2020-06-14 00:30:00,-127540.22553,830780.72746,0.0,8.727823211256242,82.46899674855489,0.06067547475528173,-0.07260856668622914,0.09462302675885725,False,140.1161240182364
2020-06-14 01:00:00,-127679.68297,830899.04689,1.1641532182693481e-10,8.735994389812474,82.46775727117807,0.06753387964859148,-0.07790646546281696,0.10310306620707034,False,139.07934155209188
2020-06-14 01:30:00,-127823.12422,831021.01119,1.4551915228366852e-11,8.744393445070697,82.46647987570219,0.07171542986203858,-0.08574830167765628,0.11178494585989353,False,140.09263864389027
2020-06-14 02:00:00,-127981.78729,831164.90307,0.0,8.753587324796921,82.46498704364325,0.07640644951103848,-0.0955638794695436,0.12235358836647305,False,141.35652019737825
2020-06-14 02:30:00,-128147.33979,831319.17332,0.0,8.763133678681628,82.46339254876196,0.07984120719570004,-0.1007328662358149,0.12853687683520743,False,141.59953844849588
2020-06-14 03:00:00,-128321.1083,831479.51848,1.4551915228366852e-11,8.773165883642017,82.46173271911933,0.08293873770868622,-0.10459093056379555,0.13348444467019724,False,141.58621232311725
2020-06-14 03:30:00,-128499.85492,831645.75504,1.4551915228366852e-11,8.783467395440814,82.46001358533175,0.08735867703591088,-0.10640033810839539,0.13766833478707236,False,140.61271806506193
2020-06-14 04:00:00,-128690.40199,831810.04455,0.0,8.794578305964677,82.45829528298553,0.08292755944739565,-0.11257124550151731,0.13981868769826236,False,143.62213867960094
2020-06-14 04:30:00,-128856.84477,832000.60251,2.3283064365386963e-10,8.803789447618831,82.45637684939456,0.07783239650833412,-0.11724981191635747,0.14073166076136437,False,146.42312437344668
2020-06-14 05:00:00,-129031.90022,832184.28638,1.173212913024843e-10,8.81364662851842,82.4545073362443,0.0819775791416074,-0.11455059336290196,0.14086220899059984,False,144.4107787481624
2020-06-14 05:30:00,-129211.66495,832362.89667,3.49548998913504e-10,8.823868405988302,82.45267610642605,0.08251147743629601,-0.11666127761356493,0.14289155889397265,False,144.7292271422928
2020-06-14 06:00:00,-129389.8499,832553.73093,1.1999816708318134e-10,8.833851415841822,82.45073841386984,0.07943218670754724,-0.1215784518568876,0.14522669259147983,False,146.84176845739995
2020-06-14 06:30:00,-129561.44351,832751.47308,1.1999816708318134e-10,8.84331432253207,82.44874832835788,0.08133038004851766,-0.12655681219289214,0.1504368885322456,False,147.27360662963434
2020-06-14 07:00:00,-129749.20011,832958.90808,0.0,8.853756316204946,82.44664976254036,0.08980646100122322,-0.13236293172045424,0.1599535749247195,False,145.8436378248772
2020-06-14 07:30:00,-129954.23495,833172.54122,2.9103830456733704e-11,8.865287599688902,82.44447208996816,0.09731742659726067,-0.13774181427777638,0.1686519757371572,False,144.75800771815727
2020-06-14 08:00:00,-130171.77695,833394.8627,1.173212913024843e-10,8.877560567842878,82.44219975131962,0.10223237464598013,-0.14447359672995153,0.17698609713151114,False,144.7160199674998
2020-06-14 08:30:00,-130398.12695,833629.61884,1.1999816708318134e-10,8.890286604495655,82.43980459734928,0.10118212666768996,-0.15457318081992213,0.18474493493945862,False,146.79162525172075
2020-06-14 09:00:00,-130617.65394,833888.34772,2.332849477807962e-10,8.902295171095925,82.4372059994172,0.09652943336889144,-0.16489351043012637,0.19107014755971025,False,149.6550941147529
2020-06-14 09:30:00,-130833.30889,834162.30804,4.3655745685100555e-11,8.913875771761857,82.43447741081278,0.09660824334158727,-0.1694643012428959,0.19506742956549744,False,150.31339151042226
2020-06-14 10:00:00,-131055.7735,834437.1611,3.5045652704989467e-10,8.925894962013599,82.43173111209163,0.09457220190382754,-0.18557598215331256,0.20828429255492337,False,152.99595184948458
2020-06-14 10:30:00,-131273.302,834769.4664,1.1999816708318134e-10,8.936969611197274,82.42848203012335,0.07929764045832574,-0.209804021639409,0.22428964148691197,False,159.29538632657705
2020-06-14 11:00:00,-131455.11269,835138.9388,3.5045652704989467e-10,8.945251788506123,82.42495301981963,0.05528941942064374,-0.21740906361874,0.22432926880692405,False,165.7315448041752
2020-06-14 11:30:00,-131591.62129,835511.67052,1.1999816708318134e-10,8.95046050305298,82.42145821193425,0.036370918961481084,-0.21444852133959308,0.21751094696782627,False,170.3741139303416
2020-06-14 12:00:00,-131704.564,835881.18186,0.0,8.954122173046262,82.4180248012308,0.021648435546544928,-0.20987717519399354,0.2109907188219974,False,174.1108751162547
2020-06-14 12:30:00,-131786.2036,836245.8906,0.0,8.955738383889662,82.41467766296269,0.001354110508891948,-0.21489727920661142,0.2149015454241188,False,179.63897267277247
2020-06-14 13:00:00,-131829.81148,836644.62179,2.9103830456733704e-11,8.954453420482716,82.41108203972824,-0.021707894195965027,-0.22865797781434014,0.2296860977259322,False,185.42318341440603
2020-06-14 13:30:00,-131837.13323,837071.1906,1.1999816708318134e-10,8.950453173748295,82.40729029548146,-0.052491263795789334,-0.23082435089453532,0.2367175822383346,False,192.81162624440663
2020-06-14 14:00:00,-131772.42615,837494.87075,4.656612873077393e-10,8.94167865205419,82.40362461131218,-0.07750853324001972,-0.22774886742949849,0.24057663922425743,False,198.7947005889186
2020-06-14 14:30:00,-131688.92917,837924.49185,1.1999816708318134e-10,8.931596421867658,82.3999322530477,-0.08882089335597479,-0.23136237875706014,0.24782594981292577,False,201.00198508025517
2020-06-14 15:00:00,-131585.86091,838367.3195,3.4924596548080444e-10,8.920080311078365,82.39614980030737,-0.10408469443262426,-0.2294529558518153,0.251956906165058,False,204.40004503970079
2020-06-14 15:30:00,-131446.83763,838798.63261,2.9103830456733704e-11,8.906298869274192,82.39251908340303,-0.11680113848629484,-0.2193964155112996,0.2485503834052594,False,208.0297153862873
2020-06-14 16:00:00,-131292.72689,839212.72246,2.3283064365386963e-10,8.891704683665472,82.38906155820692,-0.126303475832604,-0.20883508087000377,0.24405872041248228,False,211.16555257064206
2020-06-14 16:30:00,-131113.8142,839611.6845,1.1999816708318134e-10,8.875628922190199,82.38577201412458,-0.14445242622591142,-0.1904996344314602,0.23907449500327793,False,217.17238409653805
2020-06-14 17:00:00,-130884.73717,839970.54441,1.243316182127096e-10,8.856642639565566,82.38290679009685,-0.17092803903279039,-0.1542792248054472,0.23025740755546786,False,227.9306686738948
2020-06-14 17:30:00,-130591.32188,840255.20699,2.399963341663627e-10,8.834155078491817,82.38078739386899,-0.1709329546017082,-0.1266381300326647,0.21273290988241506,False,233.4665723316411
2020-06-14 18:00:00,-130346.69291,840515.53702,3.519638739074529e-10,8.815178662922863,82.37881552976906,-0.15397242664841568,-0.11473542455958599,0.1920201182607442,False,233.30767598329308
2020-06-14 18:30:00,-130106.8672,840748.3208,1.1999816708318134e-10,8.796815422243787,82.37708053957166,-0.15421967406852724,-0.09585494521460924,0.181581602570025,False,238.13706085623355
2020-06-14 19:00:00,-129850.80592,840941.46147,4.658886054991198e-10,8.77778749623171,82.37571860868952,-0.1452199480974813,-0.09101517797921257,0.17138435152610318,False,237.92297446052254
2020-06-14 19:30:00,-129640.19951,841151.91727,1.1999816708318134e-10,8.761613236830138,82.3741401249284,-0.12754569311013828,-0.08898245548175493,0.1555177842386782,False,235.0983841879176
2020-06-14 20:00:00,-129445.79447,841328.00183,2.332849477807962e-10,8.746875248623248,82.3728437999784,-0.11182370325138723,-0.07291783413967559,0.13349738253791926,False,236.89249311823752
2020-06-14 20:30:00,-129282.23497,841472.5864,1.4551915228366852e-11,8.734515953946419,82.37178435616048,-0.08866557047833866,-0.06470468349555643,0.10976465485077322,False,233.87948664355264
2020-06-14 21:00:00,-129165.67319,841606.70915,0.0,8.725392798682051,82.370753387699,-0.06948279549960829,-0.06312670383607054,0.09387672559078394,False,227.7441377035363
2020-06-14 21:30:00,-129069.46632,841735.15811,5.820766091346741e-11,8.717683663083685,82.36974487108613,-0.049102613098365736,-0.06590808864082477,0.08218845880885353,False,216.68671840241404
2020-06-14 22:00:00,-129026.90788,841868.02935,2.332849477807962e-10,8.713498948477087,82.36862406063807,-0.025521848736553894,-0.06927724983723217,0.0738288704230386,False,200.22387738436237
2020-06-14 22:30:00,-129016.43035,841995.59675,4.656612873077393e-10,8.711502443494206,82.36750665774593,-0.0011174731887497492,-0.07687014405053473,0.0768782660618561,False,180.83285895429407
2020-06-14 23:00:00,-129064.84509,842142.17865,2.346425826049686e-10,8.713227757511314,82.36614051740314,0.02336847655098665,-0.08108868108040337,0.08438874270703042,False,163.92385448263008
2020-06-14 23:30:00,-129143.80852,842271.4027,2.346425826049686e-10,8.71715966157286,82.36488680304362,0.04167971494756595,-0.07836290258318866,0.08875777790916506,False,151.99235070324778
2020-06-15 00:00:00,-129255.91397,842398.28571,0.0,8.72331646050956,82.36360871434375,0.05549340761152436,-0.08532408070040634,0.10178269516822712,False,146.96067270265974
2020-06-15 00:30:00,-129387.85967,842544.71748,3.4924596548080444e-10,8.730589901162897,82.36213010202917,0.05943488891153721,-0.08909785233218906,0.10710244306333697,False,146.29376556737014
2020-06-15 01:00:00,-129516.08687,842682.84389,5.820766091346741e-11,8.737698326657746,82.3607301066586,0.061126337974756514,-0.09166467041641219,0.11017640853083582,False,146.30276801281246
2020-06-15 01:30:00,-129655.49016,842837.45166,2.9103830456733704e-11,8.745377977881287,82.35916854907548,0.06454205081542617,-0.10101686763091083,0.11987528464792906,False,147.42453455938363
2020-06-15 02:00:00,-129801.02919,843006.94906,5.820766091346741e-11,8.753309652965328,82.35746640081105,0.06691721093979186,-0.10849001208593757,0.12746762664444442,False,148.3334958885768
2020-06-15 02:30:00,-129953.02249,843186.80612,1.1999816708318134e-10,8.761560229639484,82.35566339216003,0.07184703366037536,-0.11331370799867449,0.13417150467295197,False,147.6230872036109
2020-06-15 03:00:00,-130118.79722,843370.72001,1.1999816708318134e-10,8.77067989015385,82.35380538176086,0.08027208257733111,-0.11839324470920966,0.14304044055467902,False,145.862244388717
2020-06-15 03:30:00,-130303.61223,843563.97424,1.1641532182693481e-10,8.780962529883336,82.35183824738463,0.08757044415573399,-0.12540756762350536,0.15295633594878177,False,145.0739129643389
2020-06-15 04:00:00,-130499.27563,843768.76986,1.1641532182693481e-10,8.791840965656004,82.34975362069265,0.09365832142436477,-0.13060281785375236,0.16071396082285458,False,144.35481185227127
2020-06-15 04:30:00,-130708.6837,843977.08518,3.4924596548080444e-10,8.803588589647589,82.34761862120936,0.09871743603300501,-0.13340717658460113,0.16595965455858658,False,143.4996341607178
2020-06-15 05:00:00,-130923.97516,844188.98706,2.3283064365386963e-10,8.81568273841817,82.34544339693299,0.09854932161959809,-0.13911923210870794,0.17048791609436587,False,144.6869951614499
2020-06-15 05:30:00,-131136.02533,844417.62595,0.0,8.827383058583546,82.34312386256859,0.10034917109364028,-0.15060969366947602,0.18097855112248548,False,146.32502403577712
2020-06-15 06:00:00,-131364.15735,844669.32192,0.0,8.839903939863103,82.34057735434672,0.10695262776703177,-0.1611503787166784,0.19341227765269228,False,146.42848086787137
2020-06-15 06:30:00,-131605.63393,844931.70712,1.1999816708318134e-10,8.853189771002711,82.33791725499252,0.12164319092542085,-0.16706751337983164,0.20666063951666902,False,143.94133806325198
2020-06-15 07:00:00,-131889.41948,845196.20275,1.3015628661377063e-10,8.869244570207982,82.33517948997822,0.14182520935366089,-0.17631749139926314,0.22627913686758436,False,141.18770472825088
2020-06-15 07:30:00,-132207.96437,845480.1405,2.3283064365386963e-10,8.887386194853224,82.33222053526143,0.1444515899385972,-0.1886373800818453,0.23759276714565872,False,142.55643172166782
2020-06-15 08:00:00,-132508.117,845786.80377,0.0,8.904062310051016,82.32908485917544,0.13927607522453508,-0.2039937363178695,0.2470045942626874,False,145.67681675538466
2020-06-15 08:30:00,-132816.98315,846128.06193,3.4924596548080444e-10,8.920941799993429,82.32562967450518,0.13488599942487622,-0.21764294307758153,0.2560521109311913,False,148.2110954206284
2020-06-15 09:00:00,-133109.33331,846485.53929,1.1641532182693481e-10,8.936546698379795,82.32205304648575,0.12679476220257463,-0.2161276521737068,0.2505754851459461,False,149.60129734737893
2020-06-15 09:30:00,-133388.76749,846825.76968,0.0,8.951463730182036,82.31864678060164,0.12299985798187668,-0.21211371051260072,0.24519623009129896,False,149.89154137201427
2020-06-15 10:00:00,-133665.5556,847170.94968,1.1641532182693481e-10,8.966141411530199,82.31519980845931,0.11781342510689807,-0.22299028720770783,0.25219966559136175,False,152.15096828297533
2020-06-15 10:30:00,-133932.82478,847552.62469,2.3283064365386963e-10,8.979797732438525,82.31144213727289,0.10469538462078726,-0.24238434534656056,0.26402896513446267,False,156.63857448477722
2020-06-15 11:00:00,-134174.03771,847974.00903,2.3283064365386963e-10,8.991308910963461,82.30736856600136,0.0764157331993559,-0.265756210664286,0.27652437105440725,False,163.95790154707936
2020-06-15 11:30:00,-134354.06206,848454.59752,2.3283064365386963e-10,8.998159089935244,82.30285577733162,0.038764735528153946,-0.28951107276285937,0.29209478936275013,False,172.3736134888286
2020-06-15 12:00:00,-134474.88249,848981.59595,1.3015628661377063e-10,9.000619356797632,82.29801461866667,0.0066259939529446366,-0.30041238477078747,0.30048544843225955,False,178.73647038895695
2020-06-15 12:30:00,-134546.81493,849519.03363,2.399963341663627e-10,8.999751181173893,82.29314954205995,-0.023634899976625254,-0.3125720849259125,0.31346437879261,False,184.32414810344795
2020-06-15 13:00:00,-134566.86888,850106.31237,1.1999816708318134e-10,8.994954112200881,82.28791544214052,-0.05081007054098142,-0.3346719702264341,0.33850700276895707,False,188.63275075297508
2020-06-15 13:30:00,-134554.51859,850737.63449,1.1999816708318134e-10,8.987576613344713,82.28233627535049,-0.07951253812499406,-0.35222274583107765,0.3610860096983301,False,192.72100776374702
2020-06-15 14:00:00,-134482.22583,851403.46333,1.3015628661377063e-10,8.975916091805093,82.27653501196943,-0.10831879482681336,-0.35654044801096996,0.37263125523846824,False,196.89904729627438
2020-06-15 14:30:00,-134369.60409,852066.30117,2.346425826049686e-10,8.961657970505769,82.27081631518442,-0.13056230922620674,-0.3400288738479618,0.3642336497919883,False,201.0055003310372
2020-06-15 15:00:00,-134208.62212,852685.84172,2.9103830456733704e-11,8.944696918597902,82.26554848451339,-0.14825290762483606,-0.3205335806952362,0.35315818123402953,False,204.821443481852
2020-06-15 15:30:00,-134021.79698,853289.17095,1.1999816708318134e-10,8.926232296738872,82.26045968700802,-0.16547798555505644,-0.30895915994610584,0.3504835605530777,False,208.17342406515723
2020-06-15 16:00:00,-133792.69636,853877.05776,1.1999816708318134e-10,8.905181697966347,82.25556574016143,-0.18584837306684804,-0.2913532084013061,0.3455811190116283,False,212.53298721274984
2020-06-15 16:30:00,-133523.17274,854428.96867,1.3015628661377063e-10,8.881879725168307,82.25104577338396,-0.1947752086763485,-0.26527918623124286,0.32910549761805186,False,216.28712999905053
2020-06-15 17:00:00,-133247.36457,854928.87352,1.3015628661377063e-10,8.858724018563805,82.24699439521066,-0.18601482495127364,-0.24096422381329977,0.30440971117820637,False,217.66671688061382
2020-06-15 17:30:00,-132995.09699,855389.21756,5.820766091346741e-11,8.837534239370763,82.24326013622299,-0.183711892729359,-0.22552684749809707,0.2908821384558245,False,219.16591245540695
2020-06-15 18:00:00,-132718.58776,855832.73857,2.9103830456733704e-11,8.814950605084846,82.23970735861434,-0.1790027964465769,-0.21890811817527334,0.2827768826101845,False,219.27312199455645
2020-06-15 18:30:00,-132479.06506,856266.73023,5.820766091346741e-11,8.794900985397211,82.23618714014172,-0.15992301818617222,-0.2066571877177038,0.26130932815566504,False,217.7347308178256
2020-06-15 19:00:00,-132263.38506,856655.9837,1.1641532182693481e-10,8.776878190459893,82.2330301507104,-0.143670883430435,-0.1805427867151832,0.23073149022308545,False,218.5117898486256
2020-06-15 19:30:00,-132067.081,856987.99365,0.0,8.760711377606572,82.2303536868066,-0.12383128432020532,-0.15725234836792584,0.2001561591448513,False,218.21932108086366
2020-06-15 20:00:00,-131909.01641,857283.38525,2.9103830456733704e-11,8.747420036548178,82.22794925232421,-0.09047814884313443,-0.14209654753923637,0.16845689134212008,False,212.48642148182591
2020-06-15 20:30:00,-131822.94392,857543.12642,2.3283064365386963e-10,8.73919349735306,82.22576251099281,-0.05740575465301761,-0.14890585192433542,0.15958813679153772,False,201.08250493352614
2020-06-15 21:00:00,-131786.20248,857844.62215,2.346425826049686e-10,8.733772056283879,82.22313796844676,-0.024893031005765898,-0.1724150576191142,0.17420279873313313,False,188.21550927179538
2020-06-15 21:30:00,-131828.61648,858170.23084,1.1999816708318134e-10,8.733275846797586,82.22019159611602,0.010385816903369052,-0.18313420800969943,0.18342846926278963,False,176.75414679034247
2020-06-15 22:00:00,-131923.26011,858490.58454,2.3283064365386963e-10,8.736238071767232,82.21722064891048,0.02946145303097159,-0.18175360003826804,0.18412590350509309,False,170.79269129838497
2020-06-15 22:30:00,-132032.82816,858800.84326,2.346425826049686e-10,8.74027189024361,82.21431887606678,0.03760702086021341,-0.18093927147330613,0.18480613620567715,False,168.25862092601858
2020-06-15 23:00:00,-132156.05423,859113.82909,5.820766091346741e-11,8.745165202675205,82.21137422964394,0.04765081003232543,-0.18247355044631533,0.18859267299982985,False,165.36471734065827
2020-06-15 23:30:00,-132302.25257,859424.02971,1.1641532182693481e-10,8.751578799934256,82.20842285963452,0.0574525273972939,-0.18546692283093696,0.19416171705234153,False,162.78846357966216
2020-06-16 00:00:00,-132462.06335,859742.26724,0.0,8.758793087747941,82.20538148876479,0.06057664765216228,-0.19125051682154987,0.2006147811734822,False,162.42493372353204
2020-06-16 00:30:00,-132622.627,860071.29484,1.1999816708318134e-10,8.765942480379044,82.20224324373889,0.059611214694347776,-0.19245534073978074,0.20147594173151478,False,162.7901291594482
2020-06-16 01:00:00,-132779.74459,860394.30876,2.399963341663627e-10,8.772922351932056,82.19916293256047,0.059642405014460526,-0.1925237440513881,0.20155051103748992,False,162.78741285984773
2020-06-16 01:30:00,-132940.5362,860723.5239,2.3283064365386963e-10,8.78007332217945,82.19602245903765,0.06147516580601454,-0.19575093292802473,0.2051770546456621,False,162.5652142342364
2020-06-16 02:00:00,-133106.02919,861056.97275,4.656612873077393e-10,8.787481552144218,82.19283785737801,0.0650962624753536,-0.19434971967656303,0.20496179382172366,False,161.48203804562718
2020-06-16 02:30:00,-133279.01878,861379.16904,2.399963341663627e-10,8.7954838339771,82.18974264058266,0.07019916466033571,-0.19144948595383193,0.2039137768543249,False,159.86342753973463
2020-06-16 03:00:00,-133461.16127,861699.44356,0.0,8.804093447128675,82.18665173735955,0.07413717212900284,-0.19309267924163245,0.20683593272929476,False,158.9959043284269
2020-06-16 03:30:00,-133649.16259,862025.26242,1.1641532182693481e-10,8.813020746190997,82.18350341861297,0.07789127516930641,-0.19278632166286244,0.20792695007573517,False,157.9998606966343
2020-06-16 04:00:00,-133844.59198,862342.31879,2.3283064365386963e-10,8.82251102747441,82.18042239632095,0.07793023840572863,-0.19028175828299354,0.20562166615714716,False,157.72835822782235
2020-06-16 04:30:00,-134031.4555,862659.14287,1.1999816708318134e-10,8.831440672149018,82.17735501763059,0.07447473662053486,-0.19175263797569625,0.20570746356254666,False,158.77434616099754
2020-06-16 05:00:00,-134215.50431,862983.2819,1.1641532182693481e-10,8.84010711511379,82.1742264488734,0.07038740713584761,-0.1910428873886553,0.203597082260778,False,159.77429939495704
2020-06-16 05:30:00,-134387.53252,863299.78639,0.0,8.84806474723953,82.17118200019297,0.0712146881574176,-0.18803932284147365,0.2010729189722927,False,159.25720483359584
2020-06-16 06:00:00,-134572.9499,863612.73371,2.9103830456733704e-11,8.856919341315363,82.16815043931395,0.07478139281627658,-0.18784079207647555,0.20217917766046034,False,158.2919788823413
2020-06-16 06:30:00,-134757.65237,863926.4998,3.4924596548080444e-10,8.865712538791051,82.1651124130252,0.07307249248992959,-0.1902078655887539,0.20376118690889167,False,158.98463406605737
2020-06-16 07:00:00,-134938.40071,864248.75811,1.1641532182693481e-10,8.874157214545443,82.16200436001856,0.07507729950165093,-0.1966916701187351,0.2105331660203634,False,159.10812186464312
2020-06-16 07:30:00,-135133.92863,864584.41924,3.5045652704989467e-10,8.883415788923765,82.15875678866695,0.07653401800309716,-0.19758489652884786,0.21188970538469754,False,158.82624719777755
2020-06-16 08:00:00,-135320.46113,864908.98395,1.3015628661377063e-10,8.892197314546875,82.15561988790044,0.06838187660027632,-0.18534455618675735,0.19755679070951088,False,159.7487320745538
2020-06-16 08:30:00,-135480.28384,865205.58736,0.0,8.899528442587082,82.1527678397038,0.05785722423526751,-0.17155847558972803,0.18105184048465603,False,161.36358280234072
2020-06-16 09:00:00,-135621.78535,865486.93682,0.0,8.905824913328777,82.15007638246038,0.0550766589342354,-0.17312230824513325,0.18167215519027957,False,162.35219345807224
2020-06-16 09:30:00,-135772.65377,865790.6187,4.656612873077393e-10,8.912495884095526,82.14717376946886,0.055173309452625816,-0.19379693997096228,0.20149776181899384,False,164.1085325806714
2020-06-16 10:00:00,-135926.09806,866145.41024,1.1641532182693481e-10,8.918810389681923,82.14381425634863,0.0447070851603519,-0.2113964211313426,0.21607214149601728,False,168.05877732550329
2020-06-16 10:30:00,-136049.63892,866517.49211,2.9103830456733704e-11,8.923014591237065,82.14034296093665,0.02582666794997824,-0.2166605674900922,0.21819445062266643,False,173.20222689904597
2020-06-16 11:00:00,-136138.92906,866901.52746,1.3015628661377063e-10,8.924884752377414,82.13681332269822,0.00964892832192505,-0.2196401414114882,0.21985198097133485,False,177.48457803017862
2020-06-16 11:30:00,-136206.62397,867293.23428,1.1999816708318134e-10,8.925283254635772,82.13324571918851,-0.001574850578461108,-0.2220315169745135,0.22203710204456406,False,180.40638725351323
2020-06-16 12:00:00,-136257.3388,867692.04203,2.9103830456733704e-11,8.924515279157026,82.12963878717858,-0.009444291630139063,-0.2266412842907832,0.22683797386983232,False,182.38617236694733
2020-06-16 12:30:00,-136299.61056,868104.53961,0.0,8.923065701397965,82.12592220904041,-0.016553287747022586,-0.2306176334194294,0.23121095168528252,False,184.1055392093
2020-06-16 13:00:00,-136327.24256,868521.46091,1.1999816708318134e-10,8.92063022855082,82.12218676788517,-0.0259678803930078,-0.22645818674500315,0.22794218818801462,False,186.54151493609203
2020-06-16 13:30:00,-136333.67453,868924.42416,1.1641532182693481e-10,8.916973703766443,82.11860457349235,-0.034634800137713403,-0.22283840218105005,0.22551390836749463,False,188.83454637977337
2020-06-16 14:00:00,-136328.41051,869333.31014,2.3283064365386963e-10,8.912508392284193,82.11498608362007,-0.05281574228036187,-0.23041564900771785,0.23639135758371843,False,192.91028056827247
2020-06-16 14:30:00,-136274.34416,869773.36234,2.399963341663627e-10,8.90459532118761,82.11115898090371,-0.08109609535139259,-0.23478711221643378,0.24839799665893933,False,199.05504909071522
2020-06-16 15:00:00,-136170.81665,870213.54673,1.1641532182693481e-10,8.893509868258135,82.10739919422035,-0.1028417016427906,-0.2277845908453844,0.24992445943401367,False,204.29854059078286
2020-06-16 15:30:00,-136035.33971,870640.76504,4.656612873077393e-10,8.880512693476206,82.10379836745925,-0.12443925878069775,-0.21486618517364645,0.2482994294334266,False,210.07717914912678
2020-06-16 16:00:00,-135847.61691,871046.94922,2.3283064365386963e-10,8.864383082689878,82.10045595140528,-0.14300567693345503,-0.19864041145942585,0.24476240867413793,False,215.75095804811303
2020-06-16 16:30:00,-135636.86341,871426.66107,1.1641532182693481e-10,8.847053202783169,82.09737948780388,-0.14734340909606464,-0.1841132893715075,0.23581302662755235,False,218.66982167670935
2020-06-16 17:00:00,-135425.42964,871783.45094,1.1641532182693481e-10,8.829921637057065,82.0945065432104,-0.13981800376103262,-0.17248673395137373,0.22203771653692558,False,219.0282761102414
2020-06-16 17:30:00,-135234.80141,872117.51839,1.1641532182693481e-10,8.814363283757446,82.09180582216734,-0.13242531661357426,-0.16013046511092033,0.20779372063863014,False,219.59020046517125
2020-06-16 18:00:00,-135042.6632,872426.16372,2.346425826049686e-10,8.798971071728927,82.08933209261575,-0.12808826382578525,-0.14870651304433988,0.19626571364278173,False,220.73994504993308
2020-06-16 18:30:00,-134861.00096,872717.09775,3.5045652704989467e-10,8.78443567679371,82.08700054210809,-0.12051840054586185,-0.134515958631585,0.18060794001567892,False,221.8584736935489
2020-06-16 19:00:00,-134687.84078,872970.9997,0.0,8.770820116246016,82.08498536093981,-0.10777985609874244,-0.11413697060950964,0.15698326484240827,False,223.35913187260243
2020-06-16 19:30:00,-134540.18479,873182.35029,2.3283064365386963e-10,8.759266322663647,82.08331236582296,-0.08343460792982987,-0.09558066184005444,0.12687394026429252,False,221.1184725924224
2020-06-16 20:00:00,-134443.37857,873356.81741,1.1641532182693481e-10,8.751339879874745,82.08189683521893,-0.06389462460998477,-0.0770145834057507,0.10006882187380943,False,219.68056626188118
2020-06-16 20:30:00,-134355.02505,873491.37184,0.0,8.744351240087981,82.0808237171098,-0.03406189511311472,-0.0626694323033488,0.07132790788969523,False,208.52482731318224
2020-06-16 21:00:00,-134356.47962,873598.44684,1.1641532182693481e-10,8.743389221889293,82.07987177820817,0.007330898969673269,-0.05367044699591791,0.054168800618485086,False,172.22204631589375
2020-06-16 21:30:00,-134410.47987,873678.32841,2.346425826049686e-10,8.746061640662322,82.0790893889968,0.028695485314216077,-0.04164270832756163,0.050572186370304,False,145.42974434103309
2020-06-16 22:00:00,-134481.37735,873730.90949,2.9103830456733704e-11,8.750085078248205,82.07852611344293,0.04138764309804817,-0.028623347597067014,0.050321297964916765,False,124.66740979083744
2020-06-16 22:30:00,-134573.41683,873757.50724,2.9103830456733704e-11,8.755718483225264,82.07816442720006,0.05861384081579906,-0.022121840864379187,0.06264948665718457,False,110.67734284193887
2020-06-16 23:00:00,-134702.05089,873777.49969,0.0,8.763760487502392,82.0778112219491,0.07515425327025921,-0.022571695426494395,0.0784706519600589,False,106.71702163220698
2020-06-16 23:30:00,-134853.19394,873796.59464,0.0,8.77325225380704,82.07743500788068,0.08559447840563424,-0.02336938496193028,0.08872735140322559,False,105.27096545164125
2020-06-17 00:00:00,-135019.41753,873813.64622,1.1641532182693481e-10,8.783729109821042,82.0770560326134,0.0955716608290097,-0.027186746375701114,0.09936328060260473,False,105.87917187909397
2020-06-17 00:30:00,-135208.16234,873840.77962,3.4924596548080444e-10,8.795547234351067,82.07655645051845,0.09955043347036124,-0.02932653291216538,0.10378022131786548,False,106.41443070595267
2020-06-17 01:00:00,-135389.72807,873863.18042,2.3283064365386963e-10,8.806951151553854,82.07610837702386,0.09998533739262852,-0.03450438820272893,0.10577154862609499,False,109.03927182946887
2020-06-17 01:30:00,-135582.88386,873908.42091,5.820766091346741e-11,8.81886895101828,82.07544144947059,0.10513422641626764,-0.04378688562706736,0.11388808944338696,False,112.61102202512939
2020-06-17 02:00:00,-135787.90372,873960.92392,2.399963341663627e-10,8.831471983024748,82.07469341180946,0.11203994473284934,-0.050687508794702754,0.12297224387459554,False,114.34226662550236
2020-06-17 02:30:00,-136009.46084,874026.80773,2.9103830456733704e-11,8.844997835564026,82.07380348540191,0.11760268055512005,-0.05938763754440965,0.13174703779157915,False,116.7931094247545
2020-06-17 03:00:00,-136239.11223,874107.07882,1.1999816708318134e-10,8.858895141270153,82.07277432428107,0.11855959790132108,-0.06733529468795776,0.13634669106816288,False,119.59417918703059
2020-06-17 03:30:00,-136468.51482,874200.59291,3.5045652704989467e-10,8.872640653152262,82.07162759013679,0.11738136374667267,-0.0780287141642798,0.14094986622611444,False,123.61378786010914
2020-06-17 04:00:00,-136699.95462,874319.44374,1.1641532182693481e-10,8.886259104925989,82.0702528746252,0.11716674196036972,-0.08868635513992715,0.14694664000790608,False,127.12296442345837
2020-06-17 04:30:00,-136934.57107,874450.87462,1.1999816708318134e-10,8.89995001574335,82.06876173575984,0.11512884991731737,-0.10192964862235976,0.15376704897851787,False,131.5201619179531
2020-06-17 05:00:00,-137166.19849,874617.85093,2.346425826049686e-10,8.913088234896458,82.06695908724855,0.1094728788953322,-0.11859357666994105,0.16139624419732096,False,137.2901183175352
2020-06-17 05:30:00,-137390.06237,874811.59535,2.3283064365386963e-10,8.92545552841631,82.06492946338987,0.10174273898789929,-0.1314559329621662,0.166229501736946,False,142.26126093130915
2020-06-17 06:00:00,-137601.46022,875028.53469,2.3283064365386963e-10,8.93678685138008,82.06271117418676,0.09373048152586073,-0.1422491304081391,0.17035321619782084,False,146.61840236406204
2020-06-17 06:30:00,-137802.94734,875265.05762,0.0,8.947281809883991,82.06033275850187,0.08667187245306834,-0.1448121301244599,0.16876778870893716,False,149.09895114859745
2020-06-17 07:00:00,-137990.76146,875494.98791,2.9103830456733704e-11,8.956963731376339,82.05803163779423,0.08492340494426237,-0.1415089658017768,0.16503566920401055,False,149.03087733046192
2020-06-17 07:30:00,-138184.25827,875720.67867,2.3283064365386963e-10,8.967045526369635,82.05575992637813,0.08591459227531653,-0.13712501264275873,0.16181652034977956,False,147.9311243853836
2020-06-17 08:00:00,-138373.2173,875934.39634,2.346425826049686e-10,8.97695268222039,82.05360047922899,0.08456914615227773,-0.12578555537598493,0.15157158843982035,False,146.08595613943925
2020-06-17 08:30:00,-138555.63605,876120.45472,2.3283064365386963e-10,8.986716271135537,82.0516951933697,0.08368275346786261,-0.1146463692449308,0.14193869524906902,False,143.8735215022021
2020-06-17 09:00:00,-138735.24735,876294.99874,4.665698955615924e-10,8.996412392731774,82.0498957002837,0.08587592830833428,-0.11234513482885636,0.1414075824789183,False,142.60592683953342
2020-06-17 09:30:00,-138924.22996,876471.57869,1.1999816708318134e-10,9.006681154789002,82.04806475857352,0.08608242084353228,-0.11081015623989687,0.14031776047312527,False,142.1582974064537
2020-06-17 10:00:00,-139103.77331,876640.48248,1.1999816708318134e-10,9.01642107384367,82.04631489069958,0.08600773329342684,-0.1117041711132611,0.1409792609938567,False,142.40517097548872
2020-06-17 10:30:00,-139293.05348,876820.2206,2.346425826049686e-10,9.02666761202658,82.04445502947354,0.0839953141803786,-0.11531366819765805,0.14266203025844013,False,143.93013311324654
2020-06-17 11:00:00,-139467.5429,877003.02834,1.1999816708318134e-10,9.035935797744491,82.04258855186443,0.07588750226644464,-0.11751181361572596,0.13988545077847359,False,147.1461855957906
2020-06-17 11:30:00,-139629.29863,877195.10684,2.346425826049686e-10,9.044294456833988,82.0406576491379,0.06483230361821368,-0.12347694682840038,0.13946248237611383,False,152.2980149362428
2020-06-17 12:00:00,-139767.91458,877405.32929,2.3283064365386963e-10,9.05099130887244,82.03859841376607,0.05069538300303439,-0.13171217557640044,0.1411315664650998,False,158.94852449260082
2020-06-17 12:30:00,-139884.12194,877634.6565,2.3283064365386963e-10,9.056064120367589,82.03640137598313,0.034773417526775305,-0.13950884094540755,0.1437772835618425,False,166.00388335487503
2020-06-17 13:00:00,-139970.59015,877881.59658,1.1641532182693481e-10,9.059062536282767,82.03409018101618,0.01912359532860184,-0.14602041619732878,0.1472673549865456,False,172.53871088664414
2020-06-17 13:30:00,-140034.87677,878142.93323,1.1641532182693481e-10,9.060501739408933,82.031682701466,0.004148446339519392,-0.15259968038571406,0.15265605805487695,False,178.44278874667162
2020-06-17 14:00:00,-140071.84978,878421.74903,2.3283064365386963e-10,9.06002538099332,82.02915888209638,-0.014840000460329883,-0.1610954267423597,0.16177750811211541,False,185.26319377218965
2020-06-17 14:30:00,-140073.44249,878724.05397,1.1641532182693481e-10,9.057061434543566,82.02647683878965,-0.03122001148358032,-0.16321508585553654,0.16617416576551558,False,190.82881160487898
2020-06-17 15:00:00,-140053.35383,879019.69003,0.0,9.052788800652204,82.02388451195286,-0.045277497322954455,-0.16093845860914424,0.16718624113041536,False,195.7131099891406
2020-06-17 15:30:00,-140003.6358,879321.86254,2.3283064365386963e-10,9.046569908848607,82.02127601636138,-0.06033267159644082,-0.15855352534735115,0.1696444860938224,False,200.83278437453305
2020-06-17 16:00:00,-139928.60781,879617.5341,2.3283064365386963e-10,9.0388128646268,82.01876074976681,-0.06954498786623185,-0.14859361421843761,0.16406269388197978,False,205.08059873799778
2020-06-17 16:30:00,-139840.42328,879889.48952,2.346425826049686e-10,9.030464500429721,82.01647412049418,-0.07874631832186293,-0.13585134726931347,0.15702411026379284,False,210.09875203690476
2020-06-17 17:00:00,-139725.3983,880145.03297,1.1999816708318134e-10,9.020582074349393,82.01437059810968,-0.09191990158380697,-0.1256554122205832,0.1556873499276722,False,216.18635162130033
2020-06-17 17:30:00,-139584.52943,880388.13765,1.1641532182693481e-10,9.009189392031148,82.01241344581413,-0.09910177375859394,-0.11472475321059768,0.1516012221630554,False,220.82117780345305
2020-06-17 18:00:00,-139437.70754,880608.81396,0.0,8.99764984687387,82.0106631850472,-0.09650410025325214,-0.10651995751629642,0.14373427814882342,False,222.17569691200865
2020-06-17 18:30:00,-139301.36237,880821.22435,2.3283064365386963e-10,8.986863164182715,82.00897119680829,-0.08785767270105989,-0.09279086496331158,0.1277854266850727,False,223.4357422990503
2020-06-17 19:00:00,-139177.48344,880988.16703,1.1641532182693481e-10,8.977327764417888,82.00766460910799,-0.07268136671557382,-0.07357432648481425,0.10342031998276625,False,224.65018667500112
2020-06-17 19:30:00,-139084.24555,881123.67661,2.346425826049686e-10,8.970054224318885,82.00659363104457,-0.05539337184210691,-0.06279529675352188,0.0837357446876828,False,221.41635795771856
2020-06-17 20:00:00,-139015.75352,881242.55795,4.665698955615924e-10,8.964518847586938,82.00563535544096,-0.039946467694383696,-0.051838409564079986,0.06544418222723652,False,217.61770044831624
2020-06-17 20:30:00,-138971.27425,881330.4238,2.399963341663627e-10,8.96081817890323,82.00491845058697,-0.023617283736929076,-0.03836085311243953,0.04504809810219269,False,211.61898954942978
2020-06-17 21:00:00,-138953.27916,881392.21451,2.3283064365386963e-10,8.959058750132847,82.00439570503826,-0.00495859318420708,-0.027055662508154592,0.027506299644292884,False,190.38555585742984
2020-06-17 21:30:00,-138968.80913,881429.41579,2.3283064365386963e-10,8.95967177656049,82.00404412703818,0.01675252271552098,-0.018069106121259327,0.02464020319225022,False,137.16528519856723
2020-06-17 22:00:00,-139022.98301,881447.07709,4.656612873077393e-10,8.962931134472466,82.00381177377736,0.036029565019566986,-0.009323242607748503,0.03721629224173389,False,104.50799433608546
2020-06-17 22:30:00,-139102.16083,881442.36196,1.1641532182693481e-10,8.968000048579952,82.00374281997833,0.05231837017450915,-0.0073852738774427915,0.05283705260479437,False,98.03479913762516
2020-06-17 23:00:00,-139213.17117,881443.97914,1.1641532182693481e-10,8.975024297788536,82.00357308336284,0.06546538364633711,-0.011451378059854548,0.06645938997186042,False,99.92194503237891
2020-06-17 23:30:00,-139341.38196,881446.3159,2.346425826049686e-10,8.983131843865369,82.00337273867753,0.07384562566459325,-0.012084417463742385,0.07482786630148715,False,99.29375277823357
2020-06-18 00:00:00,-139482.54753,881445.43954,1.1999816708318134e-10,8.992092742386603,82.00318254702108,0.08181787943198895,-0.011631682346104875,0.08264055559438216,False,98.09126473693885
2020-06-18 00:30:00,-139638.85119,881441.63858,1.1641532182693481e-10,9.002042514184,82.0029968277748,0.08813111340106534,-0.01418753115271241,0.08926577837850642,False,99.14513377068079
2020-06-18 01:00:00,-139803.90333,881446.2421,1.1641532182693481e-10,9.01246202145479,82.00272405267832,0.09228652829459795,-0.019200571822459385,0.09426274589135969,False,101.75294353102151
2020-06-18 01:30:00,-139977.80898,881457.86345,0.0,9.023371497351192,82.00237633138413,0.09522007104041656,-0.0286312344082481,0.09943143121107141,False,106.73523744074123
2020-06-18 02:00:00,-140158.61895,881494.27634,1.1641532182693481e-10,9.034467837123495,82.00179880347136,0.09224081394761885,-0.03729365405682564,0.09949464503494358,False,112.01385355946871
2020-06-18 02:30:00,-140326.83852,881538.31101,0.0,9.044687571274649,82.00117117570056,0.08298253138490048,-0.050772044251934254,0.0972825831922979,False,121.45996858485853
2020-06-18 03:00:00,-140482.37536,881627.82013,1.1641532182693481e-10,9.053642566912291,82.00015808724075,0.07482940300939481,-0.06608568966178605,0.09983365130463936,False,131.44937672468865
2020-06-18 03:30:00,-140630.30528,881730.86518,2.9103830456733704e-11,9.0619764399402,81.99903556706136,0.07081376224728148,-0.07236077694012569,0.10124559725238987,False,135.61906232779614
2020-06-18 04:00:00,-140775.15229,881844.91542,2.3283064365386963e-10,9.070001338500328,81.99781968455267,0.0633230424923289,-0.08557606645615394,0.10645689672629653,False,143.49996350210222
2020-06-18 04:30:00,-140903.98298,881999.15069,0.0,9.076602538688327,81.9962701162692,0.038299568565220966,-0.09294391235672703,0.10052575688079655,False,157.60482042119742
2020-06-18 05:00:00,-140964.08873,882153.57278,0.0,9.078846811734358,81.9948161534574,0.01594949751669877,-0.09946400204069197,0.1007346721490965,False,170.88992138467455
2020-06-18 05:30:00,-141017.18303,882343.67502,5.820766091346741e-11,9.080285214922093,81.9930558348328,0.007700100240651597,-0.11205911714561811,0.11232336034490531,False,176.0691210216117
2020-06-18 06:00:00,-141055.12763,882547.55532,2.9103830456733704e-11,9.080624537348474,81.9911948422806,-0.001826328183556318,-0.11630527421663364,0.11631961264223845,False,180.8996350173897
2020-06-18 06:30:00,-141076.77146,882758.16421,1.3015628661377063e-10,9.079863982294734,81.98929729693637,-0.007801415506814079,-0.12179245841390911,0.12204206246378228,False,183.66507378212953
2020-06-18 07:00:00,-141096.58716,882984.9462,1.1999816708318134e-10,9.078824588732886,81.98725897467143,-0.009351196981278051,-0.12689397378974562,0.12723806611676913,False,184.21467912012758
2020-06-18 07:30:00,-141115.61168,883214.57158,1.1999816708318134e-10,9.077706937137748,81.98519656288852,-0.010180872648755234,-0.12351129508037781,0.12393018268493891,False,184.71216232983392
2020-06-18 08:00:00,-141130.54774,883429.80045,1.1999816708318134e-10,9.07647674831867,81.98326755067805,-0.007013793585447188,-0.12003864491961483,0.12024337642713062,False,183.3439596701146
2020-06-18 08:30:00,-141158.84928,883645.28294,2.399963341663627e-10,9.076089647158454,81.98131735882976,-0.0006992316992853118,-0.12134134296661038,0.12134335761758801,False,180.3301643186706
2020-06-18 09:00:00,-141196.97002,883861.55715,2.9103830456733704e-11,9.076315424388286,81.97934624163369,0.0037469036087970087,-0.121322751886391,0.12138059734545882,False,178.2310527602628
2020-06-18 09:30:00,-141241.06838,884074.44833,2.9103830456733704e-11,9.076953006048965,81.97739664497624,0.010947042271940498,-0.11912688026889855,0.11962880646860999,False,174.74960905245962
2020-06-18 10:00:00,-141303.54268,884278.82624,0.0,9.07883722153416,81.97549648208812,0.018989689861325463,-0.11794226445148676,0.11946123247720895,False,170.85339963888725
2020-06-18 10:30:00,-141375.57264,884482.93405,0.0,9.081326858069707,81.97358516372961,0.02187648435242929,-0.11724837843253595,0.11927180225301053,False,169.43114196793385
2020-06-18 11:00:00,-141447.93261,884683.19913,0.0,9.083874950150937,81.97170742294065,0.024123439665553116,-0.11905248578016144,0.12147195030842767,False,168.5453253887025
2020-06-18 11:30:00,-141528.99354,884892.43675,1.1999816708318134e-10,9.086880582188751,81.9697377944348,0.024245869062361036,-0.12346627794760137,0.12582441717259615,False,168.88983501770355
2020-06-18 12:00:00,-141604.31969,885108.31441,1.1999816708318134e-10,9.089455724413416,81.9677174160035,0.02086888408535972,-0.12772971652181103,0.1294233008608202,False,170.72082140899516
2020-06-18 12:30:00,-141675.81992,885334.62119,1.1999816708318134e-10,9.091682842013409,81.96561000121442,0.009175597070572642,-0.13474310122460695,0.13505515506350055,False,176.10434517011106
2020-06-18 13:00:00,-141713.58587,885582.07589,1.1641532182693481e-10,9.09156720896189,81.96336297162571,-0.008860082085418865,-0.1464617939974486,0.14672954084134332,False,183.46184081251954
2020-06-18 13:30:00,-141727.63852,885860.29971,2.9103830456733704e-11,9.089645687888346,81.96087682975774,-0.022041655043901168,-0.15662090464636638,0.15816428904566454,False,188.0107699080155
2020-06-18 14:00:00,-141724.30684,886151.36639,2.9103830456733704e-11,9.086499863907548,81.95830147970428,-0.03717564669424211,-0.16212424126993807,0.16633189205467544,False,192.91485412107977
2020-06-18 14:30:00,-141687.65838,886457.75834,2.3283064365386963e-10,9.081101875317602,81.95563746273871,-0.05694542056038657,-0.16692129345084097,0.17636751154932437,False,198.83714306970376
2020-06-18 15:00:00,-141616.71696,886777.1073,5.820766091346741e-11,9.073416458224006,81.95290706448831,-0.07606173359843371,-0.17108482178390957,0.18723088303704385,False,203.9692101683931
2020-06-18 15:30:00,-141514.39068,887109.13867,2.9103830456733704e-11,9.063632049541903,81.95010847687678,-0.09488989897157829,-0.17079373398685263,0.19538319399581972,False,209.05575539643095
2020-06-18 16:00:00,-141376.23787,887438.10089,2.9103830456733704e-11,9.051629415564532,81.94738746135486,-0.11116008810091052,-0.16703470574163812,0.2006418652943543,False,213.6434066109381
2020-06-18 16:30:00,-141213.80086,887765.9328,2.9103830456733704e-11,9.03811759435563,81.9447103565317,-0.12186704992432751,-0.1609606271526566,0.20189081541921383,False,217.13021417597184
2020-06-18 17:00:00,-141033.99161,888079.28403,2.399963341663627e-10,9.023666244132574,81.94218564340638,-0.13140811422951879,-0.14612282416056604,0.19651964844772635,False,221.9650155095347
2020-06-18 17:30:00,-140829.09225,888359.6618,1.1999816708318134e-10,9.007974305881351,81.93998803246069,-0.13928057602009233,-0.12481917160491371,0.1870264806294168,False,228.13423547783677
2020-06-18 18:00:00,-140609.12109,888601.59777,1.1999816708318134e-10,8.991725499246963,81.93815181162802,-0.13765943764741131,-0.10121256727741164,0.17086282377476414,False,233.6752292847294
2020-06-18 18:30:00,-140396.55573,888797.00349,2.9103830456733704e-11,8.976412103533708,81.9367171549981,-0.11902151144468015,-0.0773673957180945,0.14195715588435953,False,236.97497736703193
2020-06-18 19:00:00,-140229.34864,888943.56364,1.1999816708318134e-10,8.964441100941091,81.93565161848666,-0.09134891914613,-0.05808754570698143,0.10825335096627195,False,237.54826951637264
2020-06-18 19:30:00,-140104.30115,889054.8072,1.1999816708318134e-10,8.955474307984986,81.93483999837703,-0.06937615289245808,-0.04625192177684019,0.08338039852512498,False,236.30927313914273
2020-06-18 20:00:00,-140008.5587,889146.91922,2.9103830456733704e-11,8.948541411041106,81.93415691909627,-0.05241060832484622,-0.0354063561305447,0.06324936299618676,False,235.9587291385266
2020-06-18 20:30:00,-139937.74598,889210.06705,2.346425826049686e-10,8.943463753817063,81.93369578599217,-0.0324364709686132,-0.02727721325557211,0.04238125779029742,False,229.93808777677464
2020-06-18 21:00:00,-139908.47292,889262.07656,1.1641532182693481e-10,8.94110862354503,81.93327541627673,-0.005426096514225027,-0.02418549284392998,0.02478670182750164,False,192.64511397877288
2020-06-18 21:30:00,-139931.9814,889299.11278,3.5045652704989467e-10,8.942220289242496,81.93291417962558,0.022857469013207617,-0.017762686172293013,0.028947830829703213,False,127.85100899764552
2020-06-18 22:00:00,-139999.69927,889312.45447,5.820766091346741e-11,8.946345708181902,81.9327013533157,0.04240823678752186,-0.006364966562841794,0.042883229201782565,False,98.53569546269341
2020-06-18 22:30:00,-140086.35706,889298.00632,1.1641532182693481e-10,8.951936796887745,81.93270846300862,0.05481104176407996,0.006333240265937153,0.0551757213956447,False,83.40888533279235
2020-06-18 23:00:00,-140191.06775,889259.22841,2.399963341663627e-10,8.958903956410849,81.93290600582239,0.06745458987473454,0.01608906550937156,0.06934680759871711,False,76.58463638485028
2020-06-18 23:30:00,-140317.2113,889202.97634,2.9103830456733704e-11,8.967392264130304,81.93322839057531,0.08015834681170426,0.0240430152358098,0.08368648125721885,False,73.30369940858952
2020-06-19 00:00:00,-140462.61916,889128.75141,0.0,8.977270909367727,81.93368298157675,0.09038856620421663,0.03078137770586492,0.09548605193390902,False,71.19397898290805
2020-06-19 00:30:00,-140621.33256,889042.74471,0.0,8.988104390618458,81.9342231393381,0.0977597920326304,0.03183606783617908,0.10281299603422196,False,71.9618470217548
2020-06-19 01:00:00,-140792.3275,888960.56625,3.4924596548080444e-10,8.999673409355482,81.9347118188901,0.10432187886994143,0.03584970124360988,0.11030981592864171,False,71.03496815503848
2020-06-19 01:30:00,-140972.07937,888856.52638,2.3283064365386963e-10,9.012012444818094,81.93538168383984,0.10945408388586875,0.03663908445488896,0.11542365004186654,False,71.49234557448199
2020-06-19 02:00:00,-141160.83692,888768.57159,1.1999816708318134e-10,9.024759169800184,81.9358958838395,0.1135697137372426,0.030099864608012908,0.11749077294741038,False,75.15593901049056
2020-06-19 02:30:00,-141358.87162,888685.37541,1.1999816708318134e-10,9.038043284886959,81.93635441364648,0.11670686484720513,0.023858638826408894,0.11912064031524021,False,78.44609885022072
2020-06-19 03:00:00,-141562.27257,888617.74626,2.346425826049686e-10,9.051510407464054,81.93666692492062,0.1173970031243387,0.014973374266172745,0.11834803876486874,False,82.73146722549376
2020-06-19 03:30:00,-141767.75763,888565.65349,2.3283064365386963e-10,9.064953753935795,81.93683831355915,0.11691623452494199,0.007798514390052254,0.11717603305362018,False,86.18392542887472
2020-06-19 04:00:00,-141973.49087,888523.70799,2.3283064365386963e-10,9.078311323331787,81.93691895469576,0.11637334112313893,0.0010506603072630502,0.11637808389573923,False,89.48272718484213
2020-06-19 04:30:00,-142180.857,888495.81571,2.3283064365386963e-10,9.091630428553817,81.93687226932684,0.11590988948340222,-0.010891369659283882,0.11642046389320773,False,95.36798554509528
2020-06-19 05:00:00,-142391.71975,888496.48902,2.9103830456733704e-11,9.104881391366012,81.93656697722629,0.11019628600291613,-0.024590354312131774,0.11290662945120923,False,102.57948024993016
2020-06-19 05:30:00,-142586.57369,888520.44987,1.1641532182693481e-10,9.116889986632648,81.93607761385823,0.10536734505984882,-0.03394661874623839,0.11070072415871411,False,107.85759085129217
2020-06-19 06:00:00,-142785.61399,888557.0497,0.0,9.129032611211652,81.93546990954579,0.09424875211614729,-0.04332515329008977,0.10372991942087276,False,114.68774091429293
2020-06-19 06:30:00,-142946.31756,888620.61275,0.0,9.138491243922239,81.93467753182225,0.0799615067172071,-0.054964202630174964,0.0970304391789344,False,124.50398151944796
2020-06-19 07:00:00,-143101.24785,888706.69077,2.3283064365386963e-10,9.147357378998583,81.9336936255741,0.0689054110601723,-0.05927019740606753,0.09088955921295652,False,130.7010484624625
2020-06-19 07:30:00,-143225.14315,888791.8369,0.0,9.154280777479308,81.93276211281496,0.0537595668665329,-0.05753003297176427,0.07873878157178651,False,136.9404256575416
2020-06-19 08:00:00,-143325.26689,888880.371,2.3283064365386963e-10,9.159674812797057,81.93183442836128,0.04484036599872484,-0.05846592957140114,0.07368122789115038,False,142.51364616019157
2020-06-19 08:30:00,-143418.01519,888973.93364,2.3283064365386963e-10,9.16455334728174,81.93087265201508,0.04305871979619493,-0.054029046618631164,0.06908828575819094,False,141.446730751695
2020-06-19 09:00:00,-143509.27839,889047.70398,1.1641532182693481e-10,9.169538107767162,81.93008834731793,0.04922183759775777,-0.03950029799892826,0.0631115111410286,False,128.74688243473963
2020-06-19 09:30:00,-143615.61005,889086.07982,1.1641532182693481e-10,9.175827300042794,81.92959608530435,0.06590296912149707,-0.02317841110060998,0.06986014657999134,False,109.37703392702895
2020-06-19 10:00:00,-143756.79923,889092.24539,0.0,9.184631818360643,81.92933923334154,0.08493716337750531,0.0008799868201820847,0.0849417217827654,False,89.40641145826089
2020-06-19 10:30:00,-143916.95789,889034.14597,1.1999816708318134e-10,9.195280303146836,81.92962448006897,0.09851380630934854,0.021763493453751215,0.10088914550568516,False,77.54241051011991
2020-06-19 11:00:00,-144094.37139,888958.23066,1.1641532182693481e-10,9.20719453142981,81.93004253888424,0.1131368433925963,0.027513285898696428,0.11643421418888981,False,76.33179450845824
2020-06-19 11:30:00,-144303.15488,888871.20534,1.1999816708318134e-10,9.22119340811516,81.93051357270038,0.12824645971647866,0.02702131417418405,0.131062221290158,False,78.10190518446649
2020-06-19 12:00:00,-144534.50405,888788.22735,0.0,9.236569810009271,81.93091574870652,0.13490421206566916,0.01992144919669056,0.13636719022974464,False,81.59978040082518
2020-06-19 12:30:00,-144771.00163,888722.46491,0.0,9.252094956835496,81.93115737709013,0.12946076362545322,0.012676507299475295,0.13007991065417873,False,84.40755369221694
2020-06-19 13:00:00,-144987.1624,888668.25332,2.346425826049686e-10,9.266225471695947,81.93132547168995,0.12444322698058588,0.008428789122382065,0.12472834973417712,False,86.12516024922797
2020-06-19 13:30:00,-145208.26527,888620.38005,1.1641532182693481e-10,9.280601896188957,81.93142976518156,0.12103237656460573,0.0005298891803929007,0.12103353650711864,False,89.7491562131413
2020-06-19 14:00:00,-145416.86795,888596.10281,2.9103830456733704e-11,9.293951201270113,81.9313426314005,0.10684389181410014,-0.010077199265352941,0.10731806540847057,False,95.38802909377335
2020-06-19 14:30:00,-145593.71292,888594.06284,2.9103830456733704e-11,9.305077213283091,81.93110416308618,0.07576657301828078,-0.01788206312159627,0.07784819695034194,False,103.27966141906592
2020-06-19 15:00:00,-145696.44742,888615.52829,1.1999816708318134e-10,9.311307151605854,81.93076483378674,0.038087001148716895,-0.020453288315806624,0.0432314313831022,False,118.23646249511285
2020-06-19 15:30:00,-145740.93302,888644.53977,1.1641532182693481e-10,9.313801616108629,81.9304432054831,0.012873200072370108,-0.014011214987158755,0.019027175973319106,False,137.42387825799693
2020-06-19 16:00:00,-145750.34333,888657.80339,1.1641532182693481e-10,9.314255872207491,81.93031203465489,-0.003236250782330383,-0.005059139453158747,0.006005681571032667,False,212.6063985993369
2020-06-19 16:30:00,-145732.38387,888664.39817,0.0,9.313060371452318,81.9302797055444,-0.011885089410897332,0.0017235482646734,0.012009411681080908,False,278.25138016700964
2020-06-19 17:00:00,-145707.11687,888658.60446,2.9103830456733704e-11,9.311533605586758,81.93036773421204,-0.014212614280950117,0.008589960714471634,0.016606800708602282,False,301.1483421579597
2020-06-19 17:30:00,-145676.8891,888642.16048,2.9103830456733704e-11,9.30980495406429,81.93055731026006,-0.01712104761065837,0.013848051732015218,0.022020417981023895,False,308.9670414999978
2020-06-19 18:00:00,-145638.22811,888619.37912,2.3283064365386963e-10,9.30761191524326,81.930815265475,-0.0199280925893818,0.022138716659543742,0.02978676970707857,False,318.00814425588993
2020-06-19 18:30:00,-145593.20232,888575.11345,1.1999816708318134e-10,9.305240115664779,81.9312727756281,-0.017253231213356368,0.029974022683354345,0.03458491033852445,False,330.0750054416748
2020-06-19 19:00:00,-145559.48597,888522.93567,1.1999816708318134e-10,9.303659661529519,81.93178395238559,-0.005757435978429503,0.0298026509693836,0.030353683035977953,False,349.06598735789123
2020-06-19 19:30:00,-145555.40304,888472.58609,1.1641532182693481e-10,9.303921260830485,81.93223592309594,0.01113387743776156,0.0308476040149818,0.032795394497767784,False,19.846118991269236
2020-06-19 20:00:00,-145581.08681,888406.86511,1.3015628661377063e-10,9.306210600799153,81.93278086032123,0.02846723298756738,0.03847936024669637,0.047864856825895565,False,36.49423059818531
2020-06-19 20:30:00,-145634.13513,888319.31119,2.3283064365386963e-10,9.310443827394916,81.93347945982403,0.04560572835952388,0.050912999150056586,0.06835214657679993,False,41.85264915058508
2020-06-19 21:00:00,-145713.45174,888199.43114,2.3283064365386963e-10,9.316660959049731,81.93442620903456,0.06580644974441202,0.06177093811393986,0.0902559561660061,False,46.81176866690953
2020-06-19 21:30:00,-145831.91276,888061.51679,1.1999816708318134e-10,9.325524761521546,81.93547568381523,0.09075424860600777,0.06383158590831033,0.11095406707106803,False,54.879538291413496
2020-06-19 22:00:00,-145998.61248,887919.7324,3.5045652704989467e-10,9.337461671198373,81.93648899684173,0.11342832466427662,0.06465997557789468,0.13056376709439138,False,60.314636942790514
2020-06-19 22:30:00,-146197.07647,887765.57211,1.1999816708318134e-10,9.351525536969767,81.93756525212552,0.12635679448700002,0.06818869144623901,0.14358181345205367,False,61.646395242086044
2020-06-19 23:00:00,-146407.56329,887603.6008,1.1641532182693481e-10,9.366429640838263,81.93869264029524,0.13451625101892153,0.07176168846287477,0.15246101704772996,False,61.92098467577898
2020-06-19 23:30:00,-146632.83406,887431.86228,2.3283064365386963e-10,9.382368462495577,81.93988435409551,0.14401817550420368,0.07521951475258495,0.1624783378643872,False,62.42230301801476
2020-06-20 00:00:00,-146874.94802,887251.91162,1.1641532182693481e-10,9.399456094011814,81.94112348043714,0.15233081162523263,0.0761121314388071,0.17028720657336638,False,63.45098142316408
2020-06-20 00:30:00,-147129.11278,887071.97612,1.1999816708318134e-10,9.417306333456002,81.94234405308288,0.1576662096031088,0.07368127809471306,0.17403322783963376,False,64.95216496084839
2020-06-20 01:00:00,-147391.49505,886897.3612,2.9103830456733704e-11,9.435622990217345,81.9435046311607,0.16036265887842935,0.06846192092645909,0.17436518281899122,False,66.88142660442315
2020-06-20 01:30:00,-147658.20269,886734.20466,2.9103830456733704e-11,9.45409689582438,81.94455654084102,0.15889303762393947,0.061921724622500465,0.17053239394785796,False,68.70879056139319
2020-06-20 02:00:00,-147919.12464,886583.5131,1.3015628661377063e-10,9.472081073786534,81.94550578600133,0.15542860171399422,0.05302210188055052,0.16422360828638166,False,71.16370609759161
2020-06-20 02:30:00,-148178.70432,886453.84526,1.1641532182693481e-10,9.489764103939512,81.94627007556821,0.14812442264960646,0.044443378597847506,0.15464817647315102,False,73.29860818596109
2020-06-20 03:00:00,-148418.69631,886337.78914,1.1641532182693481e-10,9.506075468206168,81.94694212443615,0.1401889266485009,0.03632110561609912,0.14481767111797716,False,75.47480216054424
2020-06-20 03:30:00,-148654.8596,886241.53578,0.0,9.521939918137972,81.94744388556154,0.13203292457950544,0.02734649772568872,0.13483517386378996,False,78.2984215093129
2020-06-20 04:00:00,-148871.18037,886162.06843,2.9103830456733704e-11,9.536381269576825,81.94782593625519,0.1248219945512631,0.018300544255124063,0.12615641182194945,False,81.6591108469654
2020-06-20 04:30:00,-149087.09399,886102.11721,1.3015628661377063e-10,9.550591907322495,81.94803531360998,0.1162495385324113,0.00971614411679465,0.11665486987475877,False,85.22231934376606
2020-06-20 05:00:00,-149278.07459,886058.13854,1.1999816708318134e-10,9.563066292381727,81.94813999041233,0.10058261291360927,0.0010963090682072456,0.10058858739490277,False,89.37552432217853
2020-06-20 05:30:00,-149443.50377,886038.06897,2.399963341663627e-10,9.573680821000638,81.94807079585371,0.08287356107495483,-0.0033626721136676783,0.08294175479810098,False,92.32355513403445
2020-06-20 06:00:00,-149574.27758,886020.4561,2.399963341663627e-10,9.582090157542526,81.9480313702767,0.07263032961583593,-0.00823615414152789,0.07309582077757922,False,96.46960580832132
2020-06-20 06:30:00,-149706.26055,886023.78115,1.1641532182693481e-10,9.590353006362367,81.94780463054413,0.06655270486162314,-0.019990525667551932,0.0694901693828945,False,106.71876211822735
2020-06-20 07:00:00,-149822.50855,886051.4999,0.0,9.597366846515447,81.94738535855018,0.05974464235425066,-0.03083196811748411,0.0672311873168612,False,117.29656093953093
2020-06-20 07:30:00,-149936.83641,886097.36372,1.3015628661377063e-10,9.604066245376062,81.94680823678043,0.05400091876201905,-0.03790270604394867,0.06597510403626632,False,125.06463371682969
2020-06-20 08:00:00,-150036.95224,886153.60319,3.4924596548080444e-10,9.60976096274892,81.94616046878126,0.047202058542760966,-0.0441284256696998,0.06461696590494213,False,133.07249734051015
2020-06-20 08:30:00,-150130.89929,886225.62971,2.3283064365386963e-10,9.614898981716461,81.9453821413563,0.04367166460801925,-0.052852250416932096,0.06856073704219799,False,140.43317404648423
2020-06-20 09:00:00,-150223.74129,886314.93917,1.1999816708318134e-10,9.619782485597206,81.94445243945417,0.03724494359191509,-0.05810564115561719,0.06901776117254378,False,147.34066837092962
2020-06-20 09:30:00,-150298.05163,886409.46231,1.3015628661377063e-10,9.623444942399413,81.94350434619382,0.0270700110785492,-0.06371503036966994,0.06922709436919,False,156.98126957433328
2020-06-20 10:00:00,-150358.16693,886524.79419,2.346425826049686e-10,9.62599303207136,81.94239335918037,0.011088264057239155,-0.06746201250544773,0.06836719045776452,False,170.66614425976252
2020-06-20 10:30:00,-150378.01798,886642.23122,0.0,9.62598883971852,81.94132417211964,-0.004350705562231071,-0.06851278824241862,0.068650788718264,False,183.63352317328474
2020-06-20 11:00:00,-150383.96807,886770.58655,3.5045652704989467e-10,9.624995292656187,81.9401792161442,-0.014156292876334908,-0.07842346375140492,0.0796909047179695,False,190.2323269651198
2020-06-20 11:30:00,-150374.97705,886929.10236,3.4924596548080444e-10,9.622742653254573,81.93878973786988,-0.019344084827594307,-0.08634420181507362,0.08848454557096017,False,192.6277221240087
2020-06-20 12:00:00,-150367.2691,887088.69291,4.656612873077393e-10,9.620559908225845,81.93738880861885,-0.02152305147845187,-0.08786420683882823,0.09046192894450393,False,193.7640373351196
2020-06-20 12:30:00,-150351.4465,887253.9141,1.1641532182693481e-10,9.61780863323846,81.93595020145058,-0.03052489424792562,-0.08929970206621878,0.09437269710018084,False,198.87172423695745
2020-06-20 13:00:00,-150312.63523,887424.01301,1.1999816708318134e-10,9.613563632807745,81.93450286874575,-0.04166203747528237,-0.08883629187763087,0.09812039605076743,False,205.12542300697382
2020-06-20 13:30:00,-150256.97852,887594.28104,4.665698955615924e-10,9.6082612507356,81.93307923545434,-0.053669874218172896,-0.08944916808812015,0.10431495132650578,False,210.96393238134453
2020-06-20 14:00:00,-150175.88221,887773.76187,1.1999816708318134e-10,9.60126678120566,81.93161208022187,-0.06762614548205989,-0.09003796579832203,0.11260608703733799,False,216.9096549578382
2020-06-20 14:30:00,-150070.99755,887954.48317,3.5045652704989467e-10,9.592769372210617,81.93016941269697,-0.0814704460072907,-0.08706384840873446,0.1192373568658999,False,223.09913606610172
2020-06-20 15:00:00,-149938.92101,888131.68477,2.3283064365386963e-10,9.582606673789861,81.92879836098022,-0.09599467747872992,-0.0857086303869524,0.12868934465235493,False,228.24000021717055
2020-06-20 15:30:00,-149781.60305,888316.25755,2.3283064365386963e-10,9.570786419937814,81.92739948139514,-0.11110434162441399,-0.08595818917250773,0.1404741435767135,False,232.27192481858762
2020-06-20 16:00:00,-149595.96359,888503.32935,0.0,9.557167888006754,81.92602035053962,-0.126899676182154,-0.08271102217152249,0.1514748857196916,False,236.90438420232792
2020-06-20 16:30:00,-149380.54246,888685.73414,1.1641532182693481e-10,9.541735870123714,81.92472640031816,-0.13950167705164773,-0.07593217793106595,0.1588282517236064,False,241.44009899967008
2020-06-20 17:00:00,-149146.01862,888856.15203,1.1641532182693481e-10,9.525237265274406,81.92356636583546,-0.14356949311405898,-0.06666523416912394,0.1582923017706545,False,245.09261478078616
2020-06-20 17:30:00,-148910.53303,889007.94954,2.3283064365386963e-10,9.50887862462632,81.92257194661346,-0.1424263985332587,-0.053462785356024244,0.15213003785307802,False,249.42530489478636
2020-06-20 18:00:00,-148672.12403,889130.67763,2.3283064365386963e-10,9.49264544649074,81.9218385816781,-0.13347800349884437,-0.04069145972287658,0.13954272575958948,False,253.04588622254678
2020-06-20 18:30:00,-148460.75125,889231.68086,1.1641532182693481e-10,9.478337321771384,81.92125696786202,-0.1187432558334226,-0.03105731497498129,0.12273759660094721,False,255.34262269487107
2020-06-20 19:00:00,-148268.89591,889311.35201,0.0,9.465477612231663,81.92083493123606,-0.10485599078269332,-0.022568623920374165,0.10725726823241188,False,257.8532796968593
2020-06-20 19:30:00,-148101.77049,889373.89981,0.0,9.45434813972425,81.92052765428319,-0.08804451354937907,-0.0164632821862036,0.08957050868723122,False,259.4086772565382
2020-06-20 20:00:00,-147965.97643,889421.87921,1.3015628661377063e-10,9.445335397294356,81.92030292919812,-0.06665256268976262,-0.01195201388282381,0.06771569056701665,False,259.83387214099196
2020-06-20 20:30:00,-147872.1354,889455.72096,2.346425826049686e-10,9.43910025533684,81.92014144543191,-0.04190987045099021,-0.006297609672508555,0.0423803861332817,False,261.4543549597281
2020-06-20 21:00:00,-147820.86177,889468.98711,3.5045652704989467e-10,9.435747979474359,81.9200994392775,-0.01839713168455193,0.0017601114919059595,0.018481137591682063,False,275.46503360972827
2020-06-20 21:30:00,-147805.76301,889460.32808,2.9103830456733704e-11,9.434891717588885,81.9201983410644,0.005520340928368651,0.006700999552415359,0.008682025049888586,False,39.481989693090156
2020-06-20 22:00:00,-147836.51166,889441.93209,2.399963341663627e-10,9.437010863972523,81.92031599525461,0.030462756887990317,0.008936211500025378,0.03174642394333553,False,73.65101539619826
2020-06-20 22:30:00,-147908.67001,889410.61192,2.346425826049686e-10,9.441860606294762,81.92048711500372,0.051321436944508234,0.01329402568661581,0.053015290332181865,False,75.47760920443875
2020-06-20 23:00:00,-148010.91482,889364.41315,2.3283064365386963e-10,9.44875178567359,81.9207455973879,0.06856386452249835,0.018197319220455727,0.07093762009731279,False,75.13599400161274
2020-06-20 23:30:00,-148141.39661,889305.46944,1.1641532182693481e-10,9.457546599283944,81.92107517270763,0.08341429836934375,0.0225670804582475,0.08641306783617232,False,74.86147856905393
2020-06-21 00:00:00,-148293.77528,889234.933,2.9103830456733704e-11,9.467836009736379,81.9214748769804,0.09361970947516154,0.02334223793629194,0.09648580244827794,False,75.99987165663276
2020-06-21 00:30:00,-148460.0138,889167.14252,5.820766091346741e-11,9.478966572120852,81.92182951634177,0.10018881864455213,0.021979467651622512,0.10257142087170128,False,77.62644495898707
2020-06-21 01:00:00,-148636.49943,889097.48856,2.3283064365386963e-10,9.490760036521289,81.92218518240826,0.10576334222003303,0.0212332164561807,0.10787369484089643,False,78.6481162403798
2020-06-21 01:30:00,-148822.94622,889028.96824,1.1641532182693481e-10,9.503167115595554,81.92251570497767,0.10750100146070278,0.01922870861014215,0.10920718176872699,False,79.85874864857601
2020-06-21 02:00:00,-149006.76306,888965.32008,2.346425826049686e-10,9.515359135534872,81.92280661481884,0.11167290306662858,0.014002485739777422,0.11254735397254478,False,82.85307383726109
2020-06-21 02:30:00,-149211.10417,888912.79372,0.0,9.528721675425187,81.92296819490154,0.11745398640019448,0.008134434758428132,0.11773533008462751,False,86.03822931493198
2020-06-21 03:00:00,-149418.91573,888866.44331,0.0,9.542237223411583,81.92306949515796,0.11900747407096113,0.0010634217036768652,0.11901222521434651,False,89.48803254316118
2020-06-21 03:30:00,-149632.96858,888837.99606,2.399963341663627e-10,9.555955419515215,81.9230025553361,0.11453967191884555,-0.010794252869831515,0.11504717440378379,False,95.38367105415921
2020-06-21 04:00:00,-149831.98792,888836.31007,1.1999816708318134e-10,9.568448286414176,81.92272069038535,0.1033608217327768,-0.021834872526193802,0.10564194776465453,False,101.92830291539701
2020-06-21 04:30:00,-150012.95706,888853.65559,1.1999816708318134e-10,9.579607650640868,81.9222969434042,0.09233737650642602,-0.032488787433160346,0.09788622175243335,False,109.38435583996466
2020-06-21 05:00:00,-150179.23123,888896.31904,1.1999816708318134e-10,9.58957684372367,81.92167076123992,0.07839547213867397,-0.04497137755439424,0.09037850878934371,False,119.84063612173588
2020-06-21 05:30:00,-150318.20738,888966.27479,1.1999816708318134e-10,9.597544761440512,81.92084361936696,0.06576254985763301,-0.05958154475729352,0.08873935676712469,False,132.17690038974246
2020-06-21 06:00:00,-150448.42449,889068.33868,1.1999816708318134e-10,9.604621857571956,81.91974524241982,0.05053927022064694,-0.07008282353480763,0.08640497664513634,False,144.2032571818117
2020-06-21 06:30:00,-150539.69392,889184.67978,1.1999816708318134e-10,9.609105883825242,81.91857874286876,0.034206024554763396,-0.07787644704652164,0.08505758708328591,False,156.28726038237596
2020-06-21 07:00:00,-150616.63686,889324.20489,3.5045652704989467e-10,9.612445413668755,81.91722846621748,0.027240133860165043,-0.08749036171084243,0.09163289957768309,False,162.7060172195164
2020-06-21 07:30:00,-150688.97538,889478.84781,1.3015628661377063e-10,9.615335130554481,81.91575125703643,0.022427507523135774,-0.09757438482387545,0.1001186978913432,False,167.05537870485182
2020-06-21 08:00:00,-150754.9148,889657.05179,1.3015628661377063e-10,9.617573217736227,81.91407508520898,0.015709547809799933,-0.10444804336719878,0.1056228368092082,False,171.4465201927281
2020-06-21 08:30:00,-150807.55579,889840.12724,1.1641532182693481e-10,9.618926337964,81.91237573104176,0.010278782316643708,-0.11354183222737953,0.11400614470923638,False,174.82719406203785
2020-06-21 09:00:00,-150859.69813,890053.87262,0.0,9.619922382021164,81.91040566071703,0.010718394915373082,-0.11847119151488876,0.11895506382041643,False,174.83037702768326
2020-06-21 09:30:00,-150916.87188,890254.17793,0.0,9.621375243556551,81.90854699340571,0.010453908941787934,-0.12395264868072166,0.12439269804586442,False,175.17920128823897
2020-06-21 10:00:00,-150971.38411,890487.53535,2.9103830456733704e-11,9.622310485219073,81.90639977148781,0.011655282686121725,-0.14211672060273284,0.14259385642224787,False,175.31154871457852
2020-06-21 10:30:00,-151043.75926,890751.58659,4.665698955615924e-10,9.62403671667565,81.9039540685899,-0.00030150982332957654,-0.15450315836313228,0.15450345255804704,False,180.11181142581142
2020-06-21 11:00:00,-151063.30269,891036.10006,1.1641532182693481e-10,9.62224273344746,81.90140653678674,-0.023176401516504363,-0.15015477098103414,0.1519328826673839,False,188.7743656107823
2020-06-21 11:30:00,-151051.85299,891298.48508,4.665698955615924e-10,9.618747550983029,81.89910134659573,-0.04391124920948265,-0.14041526315311398,0.14712118791491435,False,197.3657261407639
2020-06-21 12:00:00,-150991.90842,891560.90235,1.1641532182693481e-10,9.612224431719463,81.89686854316429,-0.06603001808051231,-0.13104710805882247,0.14674231774881258,False,206.74192418675324
2020-06-21 12:30:00,-150896.25791,891803.32351,0.0,9.603686127250565,81.89486610791754,-0.07900093416789267,-0.11776735872724425,0.141810783726031,False,213.85457798406713
2020-06-21 13:00:00,-150782.22147,892026.37077,1.1641532182693481e-10,9.594208417012103,81.89306249298,-0.0868223642449384,-0.10813813939054784,0.13867941492496394,False,218.7604176368454
2020-06-21 13:30:00,-150652.95304,892239.26984,2.9103830456733704e-11,9.583890891323582,81.89137125283494,-0.09160549922080057,-0.09873237739239588,0.13468351730277384,False,222.85565870042169
2020-06-21 14:00:00,-150516.22162,892431.752,5.820766091346741e-11,9.573326745160973,81.88987162625486,-0.09240712926878984,-0.08922080224819438,0.1284501035169308,False,226.00504566496315
2020-06-21 14:30:00,-150378.33805,892611.31716,2.9103830456733704e-11,9.56283041155086,81.88848778901044,-0.09436746562415438,-0.07911739060044715,0.12314536151942419,False,230.02363580110006
2020-06-21 15:00:00,-150228.53684,892769.05456,2.346425826049686e-10,9.551823115395408,81.88731466997483,-0.09449562038839301,-0.06822642424777337,0.11655156471804415,False,234.17048197929694
2020-06-21 15:30:00,-150083.62744,892909.9771,2.346425826049686e-10,9.541300632851751,81.8862828354177,-0.09575437589603668,-0.056740885161289216,0.1113033177947814,False,239.35041645987798
2020-06-21 16:00:00,-149922.44878,893027.63556,2.346425826049686e-10,9.530009347163832,81.88548087533842,-0.0989786880796243,-0.04380909317429012,0.10824055311535134,False,246.1252737663443
2020-06-21 16:30:00,-149758.33335,893124.50761,2.9103830456733704e-11,9.518754524879053,81.88486699643654,-0.10034893390108034,-0.03236102616170407,0.10543787056519059,False,252.12626699705888
2020-06-21 17:00:00,-149585.43217,893202.27232,0.0,9.507152874582264,81.88443500835365,-0.09530059150543771,-0.019993878071026962,0.09737534545050609,False,258.15130359830573
2020-06-21 17:30:00,-149431.85211,893252.16408,2.9103830456733704e-11,9.497048937715991,81.8842208660062,-0.09012100846010326,-0.00604373401219991,0.09032343486978463,False,266.16335040477514
2020-06-21 18:00:00,-149269.03313,893277.2624,0.0,9.486627566807785,81.88423967628337,-0.08663376217811912,0.000874331732914126,0.08663817406382757,False,270.5782251194571
2020-06-21 18:30:00,-149123.71705,893300.46304,0.0,9.477318106503928,81.88424915020589,-0.0685814102409864,0.004877509913862777,0.06875463572445356,False,274.06802631420146
2020-06-21 19:00:00,-149022.61871,893300.59574,0.0,9.471008024196502,81.88439736776729,-0.0488035542794102,0.011281196111221022,0.050090441163990224,False,283.01561212743695
2020-06-21 19:30:00,-148943.73643,893289.31431,2.3283064365386963e-10,9.466202865718987,81.88461376145358,-0.03571281565887537,0.012685677438532536,0.03789896587453683,False,289.5557297125523
2020-06-21 20:00:00,-148888.29239,893276.69391,1.1999816708318134e-10,9.46287410272572,81.88480736375355,-0.02014204116049542,0.011559810625995306,0.023223501971493567,False,299.8521414936164
2020-06-21 20:30:00,-148865.36988,893260.18676,2.399963341663627e-10,9.461615245746138,81.88498736803548,-0.004336755543404441,0.013267590032135764,0.013958380776582843,False,341.8990687648039
2020-06-21 21:00:00,-148865.0408,893232.14682,1.1999816708318134e-10,9.461886351728916,81.88523615311796,0.009082691678083642,0.017866419020650507,0.02004256013438882,False,26.947265571627725
2020-06-21 21:30:00,-148887.04921,893191.36748,0.0,9.463684147241244,81.8855647783878,0.02300260993879284,0.023206858189919424,0.03267534745099555,False,44.74675132550027
2020-06-21 22:00:00,-148932.98654,893136.12345,0.0,9.467126157190371,81.88598615105207,0.039702493316160936,0.028407134743786797,0.04881857515199991,False,54.41627901669119
2020-06-21 22:30:00,-149011.21068,893066.98544,2.3283064365386963e-10,9.472728499054748,81.88648282718201,0.059356920028539414,0.03384426687479698,0.06832772757502553,False,60.308975577231365
2020-06-21 23:00:00,-149123.70556,892980.77762,2.9103830456733704e-11,9.480648669409907,81.88707990424722,0.07682185777130492,0.04253562863361594,0.08781160250611243,False,61.027062894978314
2020-06-21 23:30:00,-149258.76949,892870.39549,2.346425826049686e-10,9.490231130743206,81.88785747334735,0.09435194303021727,0.054361958439961514,0.10889220210375704,False,60.051109242952464
2020-06-22 00:00:00,-149426.45637,892731.74891,3.4924596548080444e-10,9.502147415145677,81.88883673111118,0.11180608373657806,0.06128326902467776,0.12749995852101967,False,61.271924717634136
2020-06-22 00:30:00,-149619.32791,892586.3559,1.1641532182693481e-10,9.515709613849673,81.88983799461143,0.12202708834170443,0.06731812998760063,0.13936405890394277,False,61.115995667109644
2020-06-22 01:00:00,-149819.64525,892420.11444,1.1641532182693481e-10,9.529958629550677,81.89101231573716,0.1268885632305481,0.07747595032211532,0.14867155194262177,False,58.592486706919544
2020-06-22 01:30:00,-150023.64471,892235.6626,1.1641532182693481e-10,9.544632926508237,81.89234186930943,0.1306896064285228,0.08345061088713045,0.15506056134903368,False,57.440118977034274
2020-06-22 02:00:00,-150233.80005,892045.83759,1.1999816708318134e-10,9.559753029598681,81.893709277728,0.1389765968218405,0.08477220382730519,0.1627907276410993,False,58.617866665844986
2020-06-22 02:30:00,-150466.32945,891851.63023,2.9103830456733704e-11,9.57632201709108,81.8950815000657,0.1480804853427558,0.08242015135178762,0.16947245052868531,False,60.90011505067332
2020-06-22 03:00:00,-150710.09965,891664.57429,3.4924596548080444e-10,9.593523337356931,81.89637292234423,0.14879122452528803,0.07980864387777065,0.16884385725676695,False,61.791778970015514
2020-06-22 03:30:00,-150946.60426,891479.06748,1.1641532182693481e-10,9.610259792772027,81.89766078908538,0.14578170435829943,0.0788943814724003,0.16576075758008357,False,61.57856179861744
2020-06-22 04:00:00,-151180.13286,891296.92515,0.0,9.626779940043722,81.89892265128344,0.13943890391526775,0.07565277028352585,0.1586396847471124,False,61.51789426867401
2020-06-22 04:30:00,-151395.97045,891126.60683,0.0,9.642074127880326,81.9001057924588,0.12950801039879928,0.06602998241773998,0.14536947181421053,False,62.985125680397516
2020-06-22 05:00:00,-151599.96107,890984.48529,1.1641532182693481e-10,9.656332509692472,81.90105665229736,0.12084784886891756,0.055800965545616574,0.13310879134027107,False,65.21507501111705
2020-06-22 05:30:00,-151791.1629,890855.59472,2.3283064365386963e-10,9.669654008518787,81.90190920401001,0.1120518217763147,0.04839710766598446,0.12205691620643168,False,66.63965424240547
2020-06-22 06:00:00,-151968.35167,890744.97531,1.1641532182693481e-10,9.681907575836643,81.90262078638058,0.1073098056446976,0.0415739398227921,0.11508165301164174,False,68.82264750239676
2020-06-22 06:30:00,-152146.80519,890643.09051,2.3283064365386963e-10,9.694149080495846,81.90325279253582,0.10687792925929228,0.028046452321017226,0.11049658479133813,False,75.29621200471871
2020-06-22 07:00:00,-152330.61635,890580.66049,1.1641532182693481e-10,9.70630554453829,81.90352719495343,0.11088176068052084,0.005327990522994087,0.11100969477764279,False,87.24899076750302
2020-06-22 07:30:00,-152537.03148,890556.88438,1.1641532182693481e-10,9.719461881296677,81.90342495138064,0.10841501048783887,-0.020370241836680656,0.11031210836333002,False,100.64131448639125
2020-06-22 08:00:00,-152727.68854,890587.04968,1.1641532182693481e-10,9.731054843148762,81.90286891677925,0.09725594986997821,-0.035437580885018374,0.10351107150490683,False,110.02044678341053
2020-06-22 08:30:00,-152903.67859,890623.44533,0.0,9.741662822943015,81.90227970552924,0.08517596766764625,-0.04326484180261616,0.09553424519158207,False,116.92813675804382
2020-06-22 09:00:00,-153056.25501,890688.673,1.3015628661377063e-10,9.750496702939664,81.90147072423038,0.0676605809791274,-0.051803173604165885,0.08521457043191855,False,127.43886054977321
2020-06-22 09:30:00,-153175.32192,890765.9909,4.665698955615924e-10,9.75710542805814,81.90060556981729,0.046408882363932806,-0.07122655127576141,0.08501179899818627,False,146.9130548541802
2020-06-22 10:00:00,-153264.36549,890913.06557,2.9103830456733704e-11,9.761087646934213,81.89916885279972,0.02122740872552814,-0.0945278003582516,0.09688192773562104,False,167.3434722671317
2020-06-22 10:30:00,-153308.32885,891088.40851,1.1641532182693481e-10,9.761949398385745,81.89755062839966,-0.00571365455691032,-0.09670789294537166,0.09687653176249224,False,183.38119433762796
2020-06-22 11:00:00,-153303.12448,891259.66065,0.0,9.759784801571396,81.89604342827938,-0.030520860363692025,-0.09532118391183067,0.10008821618798605,False,197.75452998849516
2020-06-22 11:30:00,-153258.21506,891445.2241,0.0,9.754988691983952,81.89446999868096,-0.051375638124099204,-0.0904751688762975,0.10404428084163467,False,209.5897478997482
2020-06-22 12:00:00,-153176.03323,891611.99936,2.3283064365386963e-10,9.748069477083968,81.89311940203123,-0.07525938488954315,-0.08932639182071218,0.11680402086255331,False,220.114850471065
2020-06-22 12:30:00,-153045.64097,891808.02964,3.5045652704989467e-10,9.737830408435126,81.89158305613505,-0.08530995042894443,-0.08251282428684936,0.1186851035892097,False,225.9548685235916
2020-06-22 13:00:00,-152923.58477,891956.71131,3.5406337878074377e-10,9.728621911199907,81.8904527550626,-0.0866217787997651,-0.06530519142195716,0.10848087660548242,False,232.9869241997779
2020-06-22 13:30:00,-152778.01445,892092.44242,2.346425826049686e-10,9.718087195879853,81.88947247112844,-0.09479914919625287,-0.05607894462571714,0.11014411794856618,False,239.39333567389687
2020-06-22 14:00:00,-152621.28324,892213.30625,3.5045652704989467e-10,9.707017357279893,81.88864036354431,-0.09808601064732062,-0.04141880789979297,0.10647245245858783,False,247.10711112304742
2020-06-22 14:30:00,-152455.10141,892298.95318,2.3283064365386963e-10,9.695735572902565,81.88813387836046,-0.09998193075833081,-0.020109944755772657,0.10198429465483343,False,258.6275080938423
2020-06-22 15:00:00,-152278.68221,892345.28676,2.346425826049686e-10,9.684235054734813,81.88799043723479,-0.0995581460907313,-0.0011924633666448858,0.09956528723357447,False,269.3137693514548
2020-06-22 15:30:00,-152102.52163,892363.47583,1.1641532182693481e-10,9.673050386762226,81.88809534878084,-0.08941187738441873,0.020109559376987704,0.09164539375082047,False,282.6754350160372
2020-06-22 16:00:00,-151949.21166,892328.00619,1.1999816708318134e-10,9.663861360902052,81.88864039524287,-0.07974576884537271,0.03759901324984102,0.08816503528100773,False,295.2432211246514
2020-06-22 16:30:00,-151796.78876,892278.23239,1.3015628661377063e-10,9.654878322938037,81.88931049098936,-0.0719899159017741,0.043590564251021764,0.08415869107386928,False,301.1952955599971
2020-06-22 17:00:00,-151667.40025,892216.76802,0.0,9.647455487187974,81.89004920085203,-0.06755270939980493,0.046348871361906324,0.08192427249464614,False,304.45457054433336
2020-06-22 17:30:00,-151529.07569,892154.49124,1.1999816708318134e-10,9.639482118068091,81.89080839757573,-0.0603791183939296,0.057085885027686877,0.08309293716930731,False,313.39408373841445
2020-06-22 18:00:00,-151418.69229,892050.55778,2.346425826049686e-10,9.633692991891273,81.89189415610326,-0.04445186525934558,0.07159026556042941,0.08426822917356114,False,328.16300537741324
2020-06-22 18:30:00,-151328.17581,891927.18101,0.0,9.62934878000333,81.89312208894725,-0.034967722544929226,0.08091209560381275,0.0881448174028382,False,336.6274821290427
2020-06-22 19:00:00,-151245.85803,891784.43534,2.3283064365386963e-10,9.625720418199288,81.89450909964208,-0.018104016885822725,0.09179391796087313,0.09356216544100324,False,348.84305253856814
2020-06-22 19:30:00,-151208.66259,891612.27331,1.1999816708318134e-10,9.625220897161594,81.89608871995603,0.0035083612647831552,0.09758064744376223,0.09764369592712092,False,2.0590942168784636
2020-06-22 20:00:00,-151199.57362,891435.9785,2.9103830456733704e-11,9.626520963110904,81.89766272651073,0.017951848935186098,0.09835160060385707,0.09997652835307076,False,10.344169101110651
2020-06-22 20:30:00,-151213.17053,891252.38604,5.820766091346741e-11,9.62931649351212,81.89926725345988,0.03434061293386803,0.1013248489525658,0.10698599306420453,False,18.722342213306263
2020-06-22 21:00:00,-151260.44184,891055.66908,1.1999816708318134e-10,9.634357006901334,81.90093733216962,0.0542677421566925,0.10485630819382438,0.11806707079801523,False,27.363548524398425
2020-06-22 21:30:00,-151342.60347,890847.53131,1.1641532182693481e-10,9.641701928546572,81.9026559719292,0.0740604503016956,0.10760244650694913,0.13062632503890925,False,34.538800563414895
2020-06-22 22:00:00,-151458.41434,890629.11728,0.0,9.651263088800901,81.90441478555505,0.09249864723215176,0.11287822116764144,0.14593660457112545,False,39.33308358775071
2020-06-22 22:30:00,-151602.75866,890391.09426,1.1641532182693481e-10,9.662821525378824,81.9063039178093,0.10998749446345929,0.12011260086555063,0.16286278219727354,False,42.48043619436936
2020-06-22 23:00:00,-151776.17262,890136.38569,2.346425826049686e-10,9.676381551393655,81.90829651728338,0.12479141911450352,0.12450089543333569,0.17627640581857248,False,45.06677210757152
2020-06-22 23:30:00,-151970.28087,889873.75654,1.1641532182693481e-10,9.691327534756798,81.91032747833327,0.13852515673987661,0.12976213533938008,0.189808932396879,False,46.87077703584407
2020-06-23 00:00:00,-152189.1073,889591.95897,2.9103830456733704e-11,9.708032933566242,81.9124900843759,0.15557264711203495,0.13830986779707663,0.2081645216156936,False,48.36171465092474
2020-06-23 00:30:00,-152438.35994,889288.52943,1.1641532182693481e-10,9.726883666666852,81.91479725812772,0.17392371539823284,0.14531972563026038,0.22664351178707862,False,50.11998995869709
2020-06-23 01:00:00,-152717.84435,888970.54357,0.0,9.747794307235178,81.91718639354632,0.19196429970402845,0.14915969191746886,0.2431026656657065,False,52.152154683827234
2020-06-23 01:30:00,-153028.53807,888642.30068,1.1641532182693481e-10,9.77078216794053,81.91961764750772,0.20760915636928218,0.14981608990085452,0.2560203558343476,False,54.184817690020964
2020-06-23 02:00:00,-153362.86665,888312.19118,2.9103830456733704e-11,9.795284341501784,81.92202801233749,0.22004221534973323,0.14880685540072144,0.2656351948636882,False,55.930885560219906
2020-06-23 02:30:00,-153718.0034,887979.63801,0.0,9.821131171118695,81.92442664773114,0.2315471897147028,0.14763874174313626,0.27461117808325475,False,57.477667341416804
2020-06-23 03:00:00,-154093.5612,887646.29636,0.0,9.848281483426877,81.92679925269164,0.23985793548934647,0.14184033879728186,0.27865841262617425,False,59.40199081312767
2020-06-23 03:30:00,-154481.43046,887328.84638,0.0,9.876045920698376,81.92901053437592,0.24044793046058618,0.13102193460423936,0.2738283305471084,False,61.41369235418057
2020-06-23 04:00:00,-154865.44527,887033.13968,0.0,9.903345978231616,81.93103358217678,0.2360626487165852,0.11929907810290864,0.26449545205030234,False,63.18931642415703
2020-06-23 04:30:00,-155244.72874,886759.61058,3.4924596548080444e-10,9.930119666399008,81.93286600910444,0.23442566788979352,0.11237751925383369,0.2599694224312189,False,64.38816221392489
2020-06-23 05:00:00,-155626.96959,886489.10783,1.1641532182693481e-10,9.957057609100248,81.93466531938755,0.2315907168410347,0.10013411965630734,0.25231151786291484,False,66.61753383864607
2020-06-23 05:30:00,-156003.56632,886260.39779,1.1999816708318134e-10,9.98319229042509,81.93610213140165,0.2185886976129459,0.08019384785447134,0.23283485984239988,False,69.85337871768115
2020-06-23 06:00:00,-156351.92543,886068.36149,1.1641532182693481e-10,10.007159581148459,81.93725710342949,0.20421753689196076,0.05878739654625918,0.21251061236302174,False,73.94066053478099
2020-06-23 06:30:00,-156690.7884,885924.22928,0.0,10.030006812134268,81.93800204575366,0.1926290362928148,0.03480162971459772,0.19574753907492817,False,79.75903680562192
2020-06-23 07:00:00,-157012.97124,885824.21391,2.9103830456733704e-11,10.05132178551667,81.93838188074332,0.1761956995165049,0.01665108733031425,0.17698074256085672,False,84.60138913035536
2020-06-23 07:30:00,-157304.89547,885754.50008,1.1641532182693481e-10,10.070403785769749,81.93854027442515,0.15520852302617283,-0.0026342690131971602,0.15523087641703215,False,90.9723564362082
2020-06-23 08:00:00,-157564.77185,885735.84906,2.3283064365386963e-10,10.086907338953944,81.93829686122508,0.13497697224802413,-0.026611444422862313,0.13757525944556662,False,101.15313434849242
2020-06-23 08:30:00,-157800.08065,885763.71613,1.1641532182693481e-10,10.101349954915971,81.93768034352883,0.11320925445956292,-0.04530266058063877,0.12193714098245305,False,111.80968068408697
2020-06-23 09:00:00,-157994.61197,885824.92985,3.4924596548080444e-10,10.112861244419467,81.93683289579253,0.09250884475438732,-0.05950214042407932,0.10999268645159181,False,122.74932181439118
2020-06-23 09:30:00,-158165.55068,885916.11956,0.0,10.122555944342595,81.93575744219017,0.07604137005837967,-0.07157205771680095,0.10442628695004208,False,133.26577748628432
2020-06-23 10:00:00,-158309.38449,886030.466,2.3283064365386963e-10,10.130290214920317,81.93451992033297,0.053390505925118265,-0.0828256715086505,0.0985425693992143,False,147.1936449822669
2020-06-23 10:30:00,-158407.20478,886175.83703,1.1641532182693481e-10,10.13479168508511,81.9330807844446,0.03361577450992626,-0.09514825032716091,0.10091189145101921,False,160.541740252806
2020-06-23 11:00:00,-158488.78677,886346.36032,1.1641532182693481e-10,10.137992632919776,81.93144499019118,0.024124603428485835,-0.10144289469435941,0.10427203543881074,False,166.62271888775905
2020-06-23 11:30:00,-158556.9787,886520.04251,2.3283064365386963e-10,10.140318327231894,81.92980241814114,0.025572301407322848,-0.10036531549143998,0.10357190329893165,False,165.70562684668914
2020-06-23 12:00:00,-158643.02198,886685.82346,1.1641532182693481e-10,10.143849321784716,81.92820143032725,0.023739760977877843,-0.09726226224321124,0.10011755044922928,False,166.28344378396417
2020-06-23 12:30:00,-158702.77337,886849.66166,2.3283064365386963e-10,10.145754788699557,81.92665915729832,0.01071740865163535,-0.08443203649594792,0.08510952728725046,False,172.76582932639508
2020-06-23 13:00:00,-158734.54393,886978.22934,0.0,10.146303297108785,81.92547280080852,-0.0004949698487924578,-0.0670592577612508,0.06706108444277567,False,180.42289714008677
2020-06-23 13:30:00,-158743.54727,887087.61346,0.0,10.145641645339273,81.92449196673215,-0.0075142334564209465,-0.05544679511892804,0.05595364861559949,False,187.71779129673848
2020-06-23 14:00:00,-158743.0769,887179.48166,2.3283064365386963e-10,10.144583440952747,81.92368089463287,-0.015242547075154865,-0.04442281753628785,0.04696511427858593,False,198.9383389215446
2020-06-23 14:30:00,-158717.69949,887254.70041,4.665698955615924e-10,10.142153313171402,81.92305632283066,-0.029975395880066504,-0.03055814373190451,0.04280565974852441,False,224.4484386466637
2020-06-23 15:00:00,-158656.22336,887306.77419,1.1999816708318134e-10,10.137723803955202,81.92269331205851,-0.04793766601556242,-0.01654806640893697,0.05071349253299556,False,250.95534295298603
2020-06-23 15:30:00,-158558.30397,887343.71924,1.1641532182693481e-10,10.131183564346175,81.92252150046534,-0.06411753508144627,-0.006075820014630726,0.06440476607962085,False,264.5867782604535
2020-06-23 16:00:00,-158432.84683,887368.90846,1.1641532182693481e-10,10.123051834782768,81.92249692731912,-0.07575009327440176,0.007209028057569691,0.07609235649272135,False,275.43638431161787
2020-06-23 16:30:00,-158285.2874,887366.10133,2.9103830456733704e-11,10.11384959524466,81.92275445612243,-0.08495231015143581,0.02485421800877447,0.0885134292234429,False,286.3077189768462
2020-06-23 17:00:00,-158116.05859,887334.52854,1.3015628661377063e-10,10.103611453135622,81.92330013118298,-0.09100039777399577,0.042146686057921504,0.1002866668141406,False,294.8511366033048
2020-06-23 17:30:00,-157936.1489,887274.19696,1.1641532182693481e-10,10.093023820335715,81.92411652642221,-0.08445101110508675,0.06529720994694338,0.1067506388904848,False,307.71106313719577
2020-06-23 18:00:00,-157775.54459,887156.37559,2.9103830456733704e-11,10.084282600201094,81.92541042224413,-0.0745165533396289,0.08850650545371283,0.11569839337365864,False,319.9048655925714
2020-06-23 18:30:00,-157616.24369,887007.46723,2.9103830456733704e-11,10.075966082011353,81.92697684816542,-0.06551482479666175,0.10374280248468096,0.1226978456840739,False,327.7270977518232
2020-06-23 19:00:00,-157477.98818,886829.92515,0.0,10.069282882758086,81.92876316148687,-0.05217994978092597,0.11955538132377637,0.13044629685281808,False,336.42113571137537
2020-06-23 19:30:00,-157356.03873,886616.54038,2.3283064365386963e-10,10.064016781134548,81.93084059656832,-0.037069717688729784,0.1351029081662622,0.14009625178606172,False,344.6567081097718
2020-06-23 20:00:00,-157261.59813,886374.35875,1.1999816708318134e-10,10.060792022732047,81.93312936119804,-0.022253019551942355,0.14527979537451266,0.146974201216538,False,351.2914888059342
2020-06-23 20:30:00,-157185.79403,886115.57023,0.0,10.058918349708202,81.93553566722561,-0.010470992390158872,0.15215183158701354,0.1525117095075578,False,356.06314813752317
2020-06-23 21:00:00,-157128.81214,885841.61569,0.0,10.058392506663646,81.93804650571218,0.004660270929697775,0.15589917608335846,0.15596881492339484,False,1.712224349118003
2020-06-23 21:30:00,-157104.29212,885560.02913,3.4924596548080444e-10,10.059987460337744,81.94057390087661,0.02006659964512128,0.16049245613295957,0.1617420690386627,False,7.126788863909155
2020-06-23 22:00:00,-157099.01637,885260.10709,2.3283064365386963e-10,10.062995054553252,81.94323316755182,0.03530353605247116,0.16281503026737756,0.16659854062618676,False,12.234179720761176
2020-06-23 22:30:00,-157127.01398,884960.70495,1.1999816708318134e-10,10.068087261274554,81.94583560014502,0.053889295565623815,0.16028243523976562,0.16909912839204352,False,18.583396382712976
2020-06-23 23:00:00,-157189.15723,884658.06096,1.3015628661377063e-10,10.075362720070752,81.94841299912592,0.07303530375251976,0.1587111866338309,0.1747094627000539,False,24.710819549514213
2020-06-23 23:30:00,-157285.93065,884352.15856,1.1999816708318134e-10,10.08485407107063,81.95096463230699,0.09148318249701567,0.15730867220367406,0.18197579792451865,False,30.18023018137933
2020-06-24 00:00:00,-157414.24347,884042.83006,1.1999816708318134e-10,10.096371043293846,81.95349669095656,0.10988949891456479,0.15534876619033022,0.19028647121787726,False,35.27455134815335
2020-06-24 00:30:00,-157577.36672,883732.21268,3.5406337878074377e-10,10.11009705561758,81.95598496131213,0.12723822739976237,0.15679363270107544,0.20192525787388113,False,39.05937255575736
2020-06-24 01:00:00,-157766.10357,883406.73019,2.346425826049686e-10,10.125608279837179,81.9585637094967,0.14547702047197145,0.16031528282588767,0.2164822241962299,False,42.221959230011635
2020-06-24 01:30:00,-157991.46272,883071.99369,0.0,10.143535961279792,81.96116574486989,0.16453397980914727,0.15849850858141992,0.22845832822283219,False,46.07037778243722
2020-06-24 02:00:00,-158248.67756,882740.73746,0.0,10.163439282038093,81.96368577954227,0.17963167810013422,0.152320801386977,0.23551892983843387,False,49.70332855635661
2020-06-24 02:30:00,-158531.22853,882418.13341,0.0,10.18485096241462,81.96608817845937,0.19213905451976593,0.14161463794702694,0.23868833644025655,False,53.60820954167332
2020-06-24 03:00:00,-158839.33123,882116.64857,2.9103830456733704e-11,10.207643746504777,81.96826221946414,0.19839615705967878,0.12884942591049667,0.2365654448424649,False,56.998079444885775
2020-06-24 03:30:00,-159151.94684,881835.0451,0.0,10.230507038181841,81.97025215398835,0.20012684139713852,0.11733591927595205,0.23198808288342782,False,59.61657330739757
2020-06-24 04:00:00,-159473.30986,881572.99567,2.346425826049686e-10,10.253709540722879,81.97205409705701,0.20480474130312046,0.11408782173129789,0.23443765296477123,False,60.87972049226977
2020-06-24 04:30:00,-159804.35821,881299.64419,1.1641532182693481e-10,10.277661052452547,81.97393903532088,0.20183898155383023,0.10505625892617457,0.2275429454284418,False,62.50323063753234
2020-06-24 05:00:00,-160120.79297,881071.21894,1.1641532182693481e-10,10.300189823663493,81.97544922997547,0.1919251862118554,0.08562043564002572,0.2101574079152176,False,65.95769991678054
2020-06-24 05:30:00,-160429.0403,880872.83579,1.1641532182693481e-10,10.321867122775057,81.97670603241538,0.18190031192793296,0.061975638308284,0.19216842410551882,False,71.1854018852082
2020-06-24 06:00:00,-160725.05987,880734.3844,1.1641532182693481e-10,10.342092706160486,81.97745213735023,0.1673826698886157,0.03892646487866547,0.17184943365339111,False,76.90802166550208
2020-06-24 06:30:00,-160996.6703,880626.7995,2.3283064365386963e-10,10.360429956700017,81.97796408614118,0.15018448651552332,0.024880262862224497,0.1522314273401678,False,80.59354560440448
2020-06-24 07:00:00,-161240.80092,880549.04285,1.1641532182693481e-10,10.376695561844146,81.97825626621632,0.1305179180673854,0.013823468962039346,0.13124791514835274,False,83.9542040505932
2020-06-24 07:30:00,-161449.88655,880493.21736,1.1999816708318134e-10,10.39050285802441,81.97841090160678,0.10769867413688401,-0.0024963082108689465,0.10772760076009481,False,91.32780018297808
2020-06-24 08:00:00,-161623.77896,880487.95538,3.4924596548080444e-10,10.40151079263423,81.97817567950655,0.08032216788903086,-0.024124280198936802,0.08386674877155115,False,106.71732420922774
2020-06-24 08:30:00,-161749.97438,880526.4312,4.665698955615924e-10,10.409009882543407,81.97763137073349,0.05394712985589735,-0.048592031383816583,0.0726049470332075,False,132.01044903636404
2020-06-24 09:00:00,-161846.39804,880624.91926,1.3015628661377063e-10,10.41393990802464,81.97660539748519,0.04178483746806613,-0.06447606483314093,0.0768318656457078,False,147.05404179423965
2020-06-24 09:30:00,-161939.87845,880727.53088,2.9103830456733704e-11,10.418635750743507,81.9755477359918,0.02797152942126785,-0.07520538653831817,0.08023874763817479,False,159.59806117466786
2020-06-24 10:00:00,-161994.39557,880872.98485,1.1641532182693481e-10,10.420383103125594,81.97417504773775,0.0027159330650021324,-0.0910906412094164,0.09113112096510281,False,178.29219102107328
2020-06-24 10:30:00,-162008.80627,881048.28034,1.1641532182693481e-10,10.419261741010583,81.97260400719222,-0.01223347220481087,-0.10178129519651907,0.10251385220577186,False,186.85371477694503
2020-06-24 11:00:00,-162017.34692,881241.32035,1.1999816708318134e-10,10.417566457589412,81.97088582684525,-0.022550091437351302,-0.106130566416045,0.10849978687363143,False,191.9955284515516
2020-06-24 11:30:00,-161998.05028,881438.73145,1.1641532182693481e-10,10.414071014838894,81.96917421972698,-0.03594074300887154,-0.10716732385872024,0.11303350083523724,False,198.53992581247246
2020-06-24 12:00:00,-161959.82952,881644.15546,4.656612873077393e-10,10.409294832652979,81.96742252942188,-0.04278485008875999,-0.10517106201746108,0.11354072257563941,False,202.13708168375894
2020-06-24 12:30:00,-161914.96756,881838.9452,2.3283064365386963e-10,10.404226033464456,81.96577544038752,-0.04972429849920726,-0.1052334792317714,0.1163898234918411,False,205.29139293209943
2020-06-24 13:00:00,-161852.18071,882049.09441,0.0,10.397855748612633,81.96402171429993,-0.056559536036819166,-0.10532737631953609,0.11955265500630849,False,208.2352643352241
2020-06-24 13:30:00,-161783.13197,882248.64576,1.1641532182693481e-10,10.391216910480406,81.9623716010721,-0.06528849788919036,-0.09963876863698248,0.1191237682921462,False,213.23489957621712
2020-06-24 14:00:00,-161685.69501,882444.30452,2.399963341663627e-10,10.382842278963253,81.96080168088558,-0.08022759319169079,-0.08984306478405737,0.12045016811579701,False,221.76405061197326
2020-06-24 14:30:00,-161557.33286,882618.83705,3.4924596548080444e-10,10.372771405872498,81.95946812369941,-0.08788615405737446,-0.07976066501655754,0.11868335923321374,False,227.774834573291
2020-06-24 15:00:00,-161426.17533,882783.71684,1.1641532182693481e-10,10.362639162973778,81.95822406870609,-0.09202672357178149,-0.063971647207984,0.11207715868034776,False,235.19521102911511
2020-06-24 15:30:00,-161272.86591,882904.9714,1.1641532182693481e-10,10.351619398597501,81.95740073929579,-0.09964666061172653,-0.04444021187618038,0.1091072380856028,False,245.96418307693773
2020-06-24 16:00:00,-161102.0336,883005.55693,1.1999816708318134e-10,10.339738333743517,81.95678787647944,-0.10322386768756026,-0.03451325528620996,0.10884085469542237,False,251.51246424178186
2020-06-24 16:30:00,-160929.59512,883093.89896,0.0,10.327898323823495,81.95628538002502,-0.09798536839533997,-0.022823501577694923,0.10060837263288544,False,256.8880234624303
2020-06-24 17:00:00,-160769.73211,883149.63128,0.0,10.31722221195214,81.95605032424926,-0.09646741196675537,-0.0033326668067401206,0.0965249617436259,False,268.0213853817181
2020-06-24 17:30:00,-160590.07631,883167.90019,4.665698955615924e-10,10.305731588149403,81.95617765645461,-0.10125577701742054,0.012739277259949907,0.10205401297600926,False,277.1708677721101
2020-06-24 18:00:00,-160402.88744,883169.72276,2.346425826049686e-10,10.293955099030677,81.95646200984305,-0.10757595467258073,0.03469550909161597,0.11303258103238885,False,287.87560344599717
2020-06-24 18:30:00,-160186.71635,883114.21197,4.656612873077393e-10,10.281010637293768,81.95729887143897,-0.10619002502580717,0.04608518835104376,0.11575908603791209,False,293.46026120382635
2020-06-24 19:00:00,-159997.13083,883074.70842,2.9103830456733704e-11,10.26955143352365,81.95795138311557,-0.0807431943489217,0.04664360435158808,0.09324746248866629,False,300.01410105527793
2020-06-24 19:30:00,-159870.76137,883000.80647,0.0,10.262453295811511,81.95880634493209,-0.06851929440703532,0.0630584298268318,0.09311959663928668,False,312.6234196720726
2020-06-24 20:00:00,-159713.96401,882895.27578,2.399963341663627e-10,10.253801194256464,81.95998920141997,-0.0598481321913212,0.08475035599439844,0.10375173139744283,False,324.7714205716726
2020-06-24 20:30:00,-159604.4384,882738.93058,1.3015628661377063e-10,10.24869497530582,81.96154526513271,-0.037608184745765556,0.1084127008349017,0.11475055233936579,False,340.8684252707126
2020-06-24 21:00:00,-159511.29464,882535.30581,1.3015628661377063e-10,10.245153834443704,81.96349276600684,-0.021046538534414034,0.12366108617601064,0.12543931209358294,False,350.34107817867664
2020-06-24 21:30:00,-159450.69908,882314.32477,2.9103830456733704e-11,10.243854965695938,81.96554160016872,-0.0031663908984926013,0.12659127845200147,0.12663087226831468,False,358.56717605873655
2020-06-24 22:00:00,-159419.03147,882088.8688,2.9103830456733704e-11,10.244425879952706,81.96758377822775,0.017587266656954936,0.12749770541772362,0.12870499926283932,False,7.8539202249255595
2020-06-24 22:30:00,-159431.37321,881851.38999,0.0,10.24790270598912,81.96966188339937,0.04301361459756653,0.1317422241436491,0.13858637978915342,False,18.081773322532854
2020-06-24 23:00:00,-159487.03365,881594.61395,2.3283064365386963e-10,10.254327096284305,81.97184120277585,0.06677875766917284,0.13976182371088075,0.15489599685863226,False,25.538657329462808
2020-06-24 23:30:00,-159578.36847,881313.48787,1.1641532182693481e-10,10.263278090103647,81.97417845571509,0.08934493513277858,0.13985799479671374,0.16596016432396665,False,32.57150166592555
2020-06-25 00:00:00,-159713.82157,881041.87385,0.0,10.274903581348395,81.97636085672004,0.11512859828871878,0.13767774316753972,0.17947076393561212,False,39.90297250859351
2020-06-25 00:30:00,-159897.77689,880751.86817,0.0,10.289800182975142,81.97862760601105,0.14235087576016248,0.14323725963276,0.20194227981477259,False,44.82217086229906
2020-06-25 01:00:00,-160125.93292,880442.97327,2.9103830456733704e-11,10.307705870980374,81.98098964939986,0.16493736312946614,0.14491104772733263,0.21955305852921897,False,48.69803285975422
2020-06-25 01:30:00,-160388.62193,880132.36103,2.399963341663627e-10,10.327817627959341,81.98331050066425,0.18334289664029957,0.13760947144659452,0.2292400147885763,False,53.10964763851149
2020-06-25 02:00:00,-160686.45935,879837.2746,1.1999816708318134e-10,10.349977383312185,81.98543657389261,0.19904729187832973,0.13183290684508103,0.23874618265287678,False,56.48271387197326
2020-06-25 02:30:00,-161008.26612,879536.74563,1.1999816708318134e-10,10.373722481034928,81.98757075859113,0.21081212890739878,0.12687289408670172,0.24604569687032762,False,58.95924299079161
2020-06-25 03:00:00,-161350.73306,879251.34013,1.3015628661377063e-10,10.398607714757812,81.98953655845483,0.22110006700580476,0.1092123672137261,0.24660206970420404,False,63.71293320383984
2020-06-25 03:30:00,-161720.18907,879006.37146,0.0,10.424737762319307,81.99110000757541,0.22357046542626463,0.09088327164951204,0.24133694718512452,False,67.87784499441238
2020-06-25 04:00:00,-162083.10022,878783.92769,1.1999816708318134e-10,10.45020333771987,81.99247359735776,0.21597436988687924,0.07844823328579575,0.2297804468480666,False,70.03749203849424
2020-06-25 04:30:00,-162433.57578,878587.61719,1.1641532182693481e-10,10.474588770031305,81.993635215571,0.20995230886486263,0.06382001673077858,0.21943784207197156,False,73.09209846122894
2020-06-25 05:00:00,-162784.56434,878420.59515,1.1641532182693481e-10,10.49867133675285,81.99453602879693,0.20084929861974488,0.04971471964020118,0.2069105944724611,False,76.09743472835544
2020-06-25 05:30:00,-163111.91749,878279.89009,2.9103830456733704e-11,10.520960573155355,81.99524190158081,0.18801946271394848,0.037660585556630204,0.19175410833593665,False,78.67345671499663
2020-06-25 06:00:00,-163425.29907,878163.70312,2.399963341663627e-10,10.542084907032928,81.99575313215959,0.17808307115625394,0.0307427448010807,0.1807171729259502,False,80.20548072361919
2020-06-25 06:30:00,-163721.94666,878053.79029,2.9103830456733704e-11,10.562082897600487,81.9962354420164,0.16546056760572414,0.018485688544828585,0.16649000004019707,False,83.62520083613344
2020-06-25 07:00:00,-163998.66641,877989.09757,0.0,10.580293977372767,81.9963505997208,0.14546697016949217,-0.0003898304264131347,0.1454674925131154,False,90.15354402903108
2020-06-25 07:30:00,-164236.9821,877959.01502,2.9103830456733704e-11,10.595675739298919,81.99622296031161,0.11709448918662832,-0.013802984837770661,0.11790522375327203,False,96.72294599381246
2020-06-25 08:00:00,-164422.15598,877960.42944,3.4924596548080444e-10,10.60733449103204,81.99590466493818,0.0889672944826504,-0.030382545399244842,0.09401211917885804,False,108.85515965877516
2020-06-25 08:30:00,-164571.92515,878007.56647,0.0,10.616219945437525,81.99524118628658,0.06270151359848006,-0.0492125796293756,0.07970795318735775,False,128.12732895346232
2020-06-25 09:00:00,-164676.65683,878092.97692,0.0,10.62181252167121,81.99431436674583,0.03900658131117188,-0.06630904550568861,0.07693115689667318,False,149.53364596291567
2020-06-25 09:30:00,-164753.94354,878216.30508,1.1641532182693481e-10,10.625225753953693,81.99309836219612,0.023058989771203485,-0.07999078953842678,0.08324808358304324,False,163.91928581149995
2020-06-25 10:00:00,-164811.34239,878360.7002,1.1641532182693481e-10,10.627135671168253,81.99172938624501,0.01256921804613528,-0.0856291093464897,0.08654669034552612,False,171.6493735557499
2020-06-25 10:30:00,-164855.26584,878510.93784,2.3283064365386963e-10,10.628126901625137,81.99033116429129,-0.005654423696521435,-0.0883636227129119,0.08854435231165014,False,183.66138786579393
2020-06-25 11:00:00,-164850.00575,878677.10638,2.3283064365386963e-10,10.625831438707982,81.98887380830217,-0.01636905520781861,-0.09977299002979995,0.10110685193340346,False,189.31711348775372
2020-06-25 11:30:00,-164863.57905,878874.82756,2.346425826049686e-10,10.624350152544059,81.98710688507391,-0.025073753002428367,-0.11747090554077387,0.12011705431867784,False,192.04877642745225
2020-06-25 12:00:00,-164839.25646,879109.39415,1.1999816708318134e-10,10.620048472653872,81.98507757180141,-0.0540691768206564,-0.12739605224676437,0.13839519503987024,False,202.9972412722932
2020-06-25 12:30:00,-164756.78674,879361.47041,2.3283064365386963e-10,10.611882279605146,81.98298986103192,-0.07323947441345595,-0.12939622480665616,0.14868558641164237,False,209.51026724307982
2020-06-25 13:00:00,-164665.88807,879615.80836,5.820766091346741e-11,10.603163236451406,81.98089595143884,-0.07732234699073731,-0.1189306354931086,0.14185641121553388,False,213.02977150457906
2020-06-25 13:30:00,-164561.9613,879833.53,2.9103830456733704e-11,10.594059941730077,81.97914644809897,-0.07954983315934483,-0.11871633278854661,0.14290466621646944,False,213.8253795064944
2020-06-25 14:00:00,-164462.96353,880088.55293,5.820766091346741e-11,10.58483218177463,81.97705946427526,-0.07586127684498414,-0.12214856517629291,0.1437887523389031,False,211.8426566376078
2020-06-25 14:30:00,-164374.28317,880315.94847,2.3283064365386963e-10,10.576582516395622,81.97519906255985,-0.05496073027512539,-0.12667809781328332,0.1380870100261674,False,203.45415816257758
2020-06-25 15:00:00,-164352.1726,880573.16302,1.1641532182693481e-10,10.572172562059219,81.9729657331486,-0.07435241246236085,-0.12157013606249273,0.14250466385780514,False,211.44999611625977
2020-06-25 15:30:00,-164191.4561,880795.28185,0.0,10.559463365567606,81.97127016462862,-0.1215788614525773,-0.12874033320940514,0.17707482301833213,False,223.3612514679734
2020-06-25 16:00:00,-164006.83349,881108.9877,0.0,10.544185359401522,81.96880519878424,-0.12758501016697327,-0.14376527340828327,0.19221443405078897,False,221.58756801595146
2020-06-25 16:30:00,-163834.61519,881388.14757,2.346425826049686e-10,10.530099594413931,81.96662420070297,-0.11535438910795678,-0.11526213651445191,0.16307052216861895,False,225.02291979709935
2020-06-25 17:00:00,-163674.38314,881592.83584,2.3283064365386963e-10,10.517643020361046,81.96508036491338,-0.0996132103180315,-0.08719033761009286,0.13238182141980956,False,228.8047010612115
2020-06-25 17:30:00,-163539.32876,881762.21873,2.3283064365386963e-10,10.507184099169509,81.96380655343211,-0.10612125503948074,-0.0750809607190822,0.12999565928774268,False,234.72053108225336
2020-06-25 18:00:00,-163348.04262,881928.26279,1.1999816708318134e-10,10.493235370523504,81.96265388992776,-0.12726478823806717,-0.06824191342363803,0.14440666561138854,False,241.79890458502936
2020-06-25 18:30:00,-163133.57893,882087.21973,4.665698955615924e-10,10.477917270082417,81.96160114761173,-0.13566122772736955,-0.04885395343162907,0.14418972735391727,False,250.19517475842713
2020-06-25 19:00:00,-162899.78979,882190.01951,2.9103830456733704e-11,10.462040735842303,81.96107506681008,-0.14286384539168037,-0.025334502501649,0.14509278182288743,False,259.94409608507493
2020-06-25 19:30:00,-162644.3805,882270.29818,0.0,10.445069170941359,81.96078237395072,-0.16230438266007227,-0.008328764217328047,0.1625179403759936,False,267.0624032588868
2020-06-25 20:00:00,-162330.61208,882325.43481,0.0,10.424723911279155,81.96080575349899,-0.15646385962441928,0.01664845410810111,0.15734710163444235,False,276.0736740024647
2020-06-25 20:30:00,-162079.56348,882313.27311,2.9103830456733704e-11,10.409094799321476,81.9613206065347,-0.13728167020836354,0.04293240249482415,0.14383827084324768,False,287.3661457038852
2020-06-25 21:00:00,-161816.60688,882262.71398,2.9103830456733704e-11,10.393158012743957,81.96219317830379,-0.11805618115266986,0.07085752314577506,0.13768823658797455,False,300.97225414557136
2020-06-25 21:30:00,-161615.51609,882139.04236,0.0,10.381946956533985,81.9636106488922,-0.07767549972955429,0.0840846673539058,0.11447145732562759,False,317.26895336740813
2020-06-25 22:00:00,-161487.00293,882015.3572,1.1999816708318134e-10,10.375293906501064,81.96491061951585,-0.045961444088896866,0.08487123768541274,0.09651725922854738,False,331.56253976815333
2020-06-25 22:30:00,-161397.73472,881868.3004,1.1641532182693481e-10,10.371374701648712,81.96635344245718,-0.020696205506793713,0.07032694445266914,0.07330901744279655,False,343.60160438887453
2020-06-25 23:00:00,-161368.13503,881779.72993,2.399963341663627e-10,10.370532868487103,81.96718337047005,-0.01342481202519994,0.037949556407490474,0.04025412288744166,False,340.51855681977173
2020-06-25 23:30:00,-161325.60177,881742.61369,2.9103830456733704e-11,10.368285662214006,81.96757983986274,-0.004173725573532313,0.049029878711534434,0.04920720467198818,False,355.1343602553185
2020-06-26 00:00:00,-161321.58807,881608.80871,2.3283064365386963e-10,10.369572758144345,81.9687678552523,0.03124226745851469,0.09094493617087508,0.09616163835477175,False,18.95910785615945
2020-06-26 00:30:00,-161377.30568,881400.31468,1.1641532182693481e-10,10.375476940187959,81.97051883127341,0.0688451398874273,0.08852671600433347,0.11214558721871916,False,37.87136515868349
2020-06-26 01:00:00,-161507.98142,881250.68767,2.399963341663627e-10,10.385420507527671,81.97162865808605,0.07363130075136122,0.05936277643731321,0.09458069399557098,False,51.12366369802339
2020-06-26 01:30:00,-161599.51124,881142.3254,2.346425826049686e-10,10.39242801444399,81.97243729291024,0.07320325697778396,0.06212602535679516,0.09601229014448427,False,49.67945161923484
2020-06-26 02:00:00,-161726.84529,880983.16468,1.1999816708318134e-10,10.402276161487608,81.97363629727622,0.09640671796459382,0.08269592071943167,0.12701523755966945,False,49.37761067700666
2020-06-26 02:30:00,-161887.11804,880786.84779,2.9103830456733704e-11,10.414629556232754,81.97510966836705,0.12004351451196642,0.08779136615332973,0.14872044024764283,False,53.82089324881224
2020-06-26 03:00:00,-162094.75006,880594.20148,2.399963341663627e-10,10.429925437636204,81.9764733058721,0.1450440188152266,0.07754678228376967,0.16447270544573098,False,61.8691199854934
2020-06-26 03:30:00,-162350.11026,880417.76423,4.656612873077393e-10,10.448042374546272,81.9776155901293,0.16612013040074822,0.06244311263136405,0.17746841983703696,False,69.39919593860049
2020-06-26 04:00:00,-162642.10179,880264.68395,1.1999816708318134e-10,10.46819850206283,81.97849114895854,0.18154041841880997,0.04038658423377402,0.18597849258919247,False,77.45787876880587
2020-06-26 04:30:00,-162966.36191,880156.04992,3.5045652704989467e-10,10.489872113315236,81.97892066208863,0.19304746841333345,0.018891717722588748,0.1939696421074879,False,84.41080420414505
2020-06-26 05:00:00,-163313.07565,880071.28282,2.346425826049686e-10,10.512682480766847,81.97910159946906,0.1998915854519205,-0.003039742657178081,0.19991469673314244,False,90.87122727686506
2020-06-26 05:30:00,-163675.88924,880035.51424,2.3283064365386963e-10,10.535933567211197,81.97882240369438,0.200516134514557,-0.01168947979403476,0.20085657604000687,False,93.33639320409907
2020-06-26 06:00:00,-164030.45832,879980.66216,1.1999816708318134e-10,10.55888809742531,81.9787238543043,0.1927664050196492,-0.025279691664778538,0.19441694811632476,False,97.47122362827588
2020-06-26 06:30:00,-164374.7742,879997.81489,2.3283064365386963e-10,10.580350699304677,81.9780055358438,0.1695968205291913,-0.06331789393824595,0.18103103940039036,False,110.4727976984658
2020-06-26 07:00:00,-164672.4804,880092.62574,2.346425826049686e-10,10.59796346172045,81.97667783029888,0.15002191168371415,-0.08345284828431884,0.17167105717622194,False,119.08592137625021
2020-06-26 07:30:00,-164960.89441,880193.791,2.399963341663627e-10,10.614911164322015,81.97530866422083,0.14042894386946075,-0.0882227719689497,0.1658419300725165,False,122.13859156572147
2020-06-26 08:00:00,-165227.878,880311.66788,3.5045652704989467e-10,10.630308517377976,81.9738268423086,0.12546801268012564,-0.09549990410617645,0.15767832409747723,False,127.27655559191999
2020-06-26 08:30:00,-165468.24856,880448.36745,2.9103830456733704e-11,10.643805038058703,81.9722225077928,0.1080646422529588,-0.09860855262756682,0.14629290330212052,False,132.38032581079779
2020-06-26 09:00:00,-165675.78497,880588.69542,0.0,10.655189953601877,81.97064021910013,0.08787678188650684,-0.09622658455003201,0.1303145593128149,False,137.5968065722293
2020-06-26 09:30:00,-165843.20186,880730.31646,1.1641532182693481e-10,10.664034515086067,81.96911285696817,0.07567015742097885,-0.10285541859627881,0.12769185509942071,False,143.6582900161324
2020-06-26 10:00:00,-166012.01288,880902.17,2.9103830456733704e-11,10.672605407903891,81.96731628623562,0.05196533084350972,-0.11647500726165234,0.12754145571647435,False,155.955957909573
2020-06-26 10:30:00,-166104.69579,881107.72731,4.665698955615924e-10,10.675992890100925,81.96534885093389,0.021431823412155847,-0.1351490138351463,0.13683778350800044,False,170.9891141187938
2020-06-26 11:00:00,-166177.96519,881365.99149,2.3283064365386963e-10,10.677536060543181,81.9629487280108,0.002706188203071124,-0.15908611700904024,0.1591091326090507,False,179.02544475737255
2020-06-26 11:30:00,-166220.38187,881668.71609,2.3283064365386963e-10,10.676616022950094,81.9602077073902,-0.005726645780332565,-0.18031966647219957,0.18041057781776182,False,181.81900508570118
2020-06-26 12:00:00,-166277.97145,882007.72393,1.1641532182693481e-10,10.676219353874528,81.95712137365201,-0.004709380619503132,-0.18930922609317663,0.1893677938558107,False,181.42503352359427
2020-06-26 12:30:00,-166329.97787,882341.57299,0.0,10.675533865517977,81.95408982627863,-0.04956114163056896,-0.18716712911505004,0.19361777031278696,False,194.8313149934424
2020-06-26 13:00:00,-166227.45918,882702.91522,1.1641532182693481e-10,10.664837731032138,81.95107256662787,-0.10620425329841163,-0.1911066815288305,0.21863464305465186,False,209.06236421702556
2020-06-26 13:30:00,-166081.56758,883088.42952,2.346425826049686e-10,10.651146721677655,81.94791374243276,-0.12169239793765568,-0.20269428713543733,0.23641914844859724,False,210.97951401022
2020-06-26 14:00:00,-165931.78397,883501.01458,5.820766091346741e-11,10.6369041340446,81.94452206296738,-0.12340190351150765,-0.21453425125646608,0.24749338324980724,False,209.90787460865747
2020-06-26 14:30:00,-165787.51322,883929.48278,2.9103830456733704e-11,10.622832179153498,81.94098061532335,-0.1223042087094409,-0.2253096465259981,0.2563644988794523,False,208.49431431691866
2020-06-26 15:00:00,-165648.55796,884379.39374,2.399963341663627e-10,10.608853882154342,81.93724068598823,-0.12736908582212267,-0.23342936169689674,0.26591756415359985,False,208.61877860963926
2020-06-26 15:30:00,-165491.53255,884839.881,0.0,10.593634212978385,81.93343676553411,-0.13498180451983188,-0.2341690795612447,0.2702873385380652,False,209.96038752811808
2020-06-26 16:00:00,-165325.88636,885297.36924,0.0,10.577924765398157,81.92967293757874,-0.13815093384370034,-0.23260971317269039,0.27054197305440014,False,210.7068093233239
2020-06-26 16:30:00,-165156.36376,885754.34403,0.0,10.5619936001326,81.92591940287107,-0.14046532103600676,-0.22746159708554112,0.2673373983610477,False,211.69674976061884
2020-06-26 17:00:00,-164978.87556,886195.04704,2.346425826049686e-10,10.545768758002554,81.9223219279374,-0.14581847412405424,-0.21397526114099907,0.25893713479573804,False,214.2733939862888
2020-06-26 17:30:00,-164781.26712,886607.71985,2.346425826049686e-10,10.528626961413304,81.91900419600084,-0.15464950529777954,-0.19690105158430196,0.2503727093831352,False,218.14670645701
2020-06-26 18:00:00,-164561.03547,886993.68752,1.1641532182693481e-10,10.510395907571194,81.91595849482768,-0.1605068977830506,-0.18086969748396076,0.24181875796529545,False,221.58640419265794
2020-06-26 18:30:00,-164331.91248,887353.32927,1.1999816708318134e-10,10.491927861769632,81.91315888395613,-0.16272854691663033,-0.17300872149437127,0.23751336319187366,False,223.24616837015105
2020-06-26 19:00:00,-164098.42305,887712.7821,2.9103830456733704e-11,10.473202245764641,81.9103672198581,-0.16433679168484872,-0.16371944245625034,0.23197119851277836,False,225.1078213423473
2020-06-26 19:30:00,-163857.29301,888040.44077,2.9103830456733704e-11,10.454378837688608,81.90786781609582,-0.16160318483187816,-0.1461915677657692,0.2179164147869996,False,227.86646789685244
2020-06-26 20:00:00,-163621.80577,888335.8991,2.346425826049686e-10,10.436288999138498,81.90564264561644,-0.1567914862614531,-0.12911886800265404,0.2031138898213567,False,230.52830934732998
2020-06-26 20:30:00,-163386.38127,888599.82454,1.1641532182693481e-10,10.418574606207258,81.90369497302983,-0.16114874983970956,-0.11117048981702228,0.19577486401746763,False,235.3996594424378
2020-06-26 21:00:00,-163123.60888,888834.42504,1.1641532182693481e-10,10.399498942503783,81.90204977457921,-0.17003067708287076,-0.09126812137799864,0.1929774627492251,False,241.774233504498
2020-06-26 21:30:00,-162843.63543,889033.48484,2.3283064365386963e-10,10.37976439912656,81.90074533402165,-0.17417924487980305,-0.06778425286576382,0.18690402425701863,False,248.73581484501793
2020-06-26 22:00:00,-162550.7912,889187.4308,1.1641532182693481e-10,10.359747925006706,81.89985910422206,-0.15653626102090593,-0.04032846815649407,0.1616477230221773,False,255.55303909563918
2020-06-26 22:30:00,-162315.39943,889277.6392,0.0,10.344043255084786,81.89944218522298,-0.13500684481522496,-0.010196553970775322,0.13539135075713357,False,265.68086744766583
2020-06-26 23:00:00,-162079.25693,889310.81164,2.346425826049686e-10,10.328941537364006,81.89952959392399,-0.11481665349942452,0.015283252818954103,0.11582936474631544,False,277.58207441322054
2020-06-26 23:30:00,-161898.89283,889297.62262,1.1641532182693481e-10,10.317844092888246,81.89993624058465,-0.08641683127827247,0.016937022215917096,0.08806095303663186,False,281.088963460783
2020-06-27 00:00:00,-161762.26621,889306.54514,1.1641532182693481e-10,10.309222434953089,81.9000770265984,-0.05870803115541448,0.013664155803126285,0.060277210253604364,False,283.1021932210116
2020-06-27 00:30:00,-161682.15264,889287.04891,5.820766091346741e-11,10.304447211908727,81.90037790368241,-0.02788737791579796,0.008447175573896711,0.029138644824266844,False,286.85172773072725
2020-06-27 01:00:00,-161658.05123,889294.58422,2.9103830456733704e-11,10.302858633503899,81.90035004822651,-0.011821878132424558,0.0027971424473787654,0.012148284177151357,False,283.3117908094199
2020-06-27 01:30:00,-161638.47911,889284.75325,1.1641532182693481e-10,10.301749411215177,81.90046830356412,0.0006269443837199266,0.004120816985380578,0.0041682360642457655,False,8.650687360613802
2020-06-27 02:00:00,-161657.61888,889279.5848,2.3283064365386963e-10,10.303001724170628,81.90048322471743,0.011734657429405907,-0.004823248148219545,0.012687234043904705,False,112.34393191656261
2020-06-27 02:30:00,-161683.14827,889294.28133,1.1641532182693481e-10,10.304427297970845,81.90031242485033,0.018060811436702386,-0.012014558012304145,0.02169199193211959,False,123.63296422280877
2020-06-27 03:00:00,-161729.32604,889310.50913,1.1641532182693481e-10,10.307123180440213,81.90009493072145,0.03614416307008126,-0.025404160044995794,0.04417886227177412,False,125.10171550189972
2020-06-27 03:30:00,-161827.53104,889360.979,0.0,10.312674876974809,81.8994913816831,0.05118519975021684,-0.04857875722753772,0.0705678420191637,False,133.5034255208924
2020-06-27 04:00:00,-161941.92364,889449.58009,1.1641532182693481e-10,10.318802204974501,81.89852494889965,0.055491663488941835,-0.0665869440637062,0.08667840467217368,False,140.19313733507022
2020-06-27 04:30:00,-162067.00862,889561.03114,2.9103830456733704e-11,10.325335126605944,81.89733941001384,0.057780610037161964,-0.07828065763018988,0.09729573605909761,False,143.56818034801165
2020-06-27 05:00:00,-162197.07621,889689.54361,0.0,10.331982832365886,81.89599506083458,0.058230213455762195,-0.06894013756834574,0.090241344887175,False,139.8139275446091
2020-06-27 05:30:00,-162317.75051,889767.59413,1.3015628661377063e-10,10.338616642435982,81.89511139085646,0.047819092338855035,-0.05843271638422978,0.07550528416045979,False,140.70442281005194
2020-06-27 06:00:00,-162404.18191,889865.59136,0.0,10.342888409123082,81.89410665249841,0.04342334485211377,-0.0755091843600432,0.08710467152147804,False,150.09792546600988
2020-06-27 06:30:00,-162520.33897,890006.94395,0.0,10.348517861653795,81.89267105144975,0.04789423074834471,-0.09291661572271939,0.10453398880909115,False,152.73098207121325
2020-06-27 07:00:00,-162633.88442,890163.67738,1.1999816708318134e-10,10.353807620667672,81.89110375445004,0.03965670773145262,-0.10658441872328295,0.11372287712979286,False,159.59134999089258
2020-06-27 07:30:00,-162729.74006,890358.74144,1.1641532182693481e-10,10.35755746466927,81.88922644272442,0.02861953160028183,-0.12235148015910803,0.12565413756078284,False,166.83451531027288
2020-06-27 08:00:00,-162814.42733,890578.44142,2.346425826049686e-10,10.360329878696875,81.8871495671513,0.019311219280208968,-0.13925218532353764,0.14058482957797824,False,172.10469010153184
2020-06-27 08:30:00,-162888.28126,890839.37368,1.1641532182693481e-10,10.361957393792382,81.88472604478869,0.008101289528482363,-0.15761538393634777,0.15782344612074156,False,177.0576375517304
2020-06-27 09:00:00,-162945.17509,891131.35716,1.1999816708318134e-10,10.362175471767825,81.88205568940808,-0.00284996834428038,-0.16479276225227305,0.16481740445201043,False,180.99078915182093
2020-06-27 09:30:00,-162984.89717,891424.79735,2.9103830456733704e-11,10.361308842224542,81.8794001923506,-0.012559254545370824,-0.1634514261263389,0.1639332290216643,False,184.39385034104197
2020-06-27 10:00:00,-163006.53021,891718.31877,2.3283064365386963e-10,10.359317162637677,81.87677317444455,-0.028258763886571364,-0.15132224044971276,0.1539382284915533,False,190.57789409945502
2020-06-27 10:30:00,-162982.78305,891978.97094,1.1999816708318134e-10,10.354879403428678,81.87450965136405,-0.045502417291580735,-0.14104021579952822,0.14819855752386604,False,197.88074733071306
2020-06-27 11:00:00,-162936.65375,892247.23779,1.1999816708318134e-10,10.34896680435831,81.87221492705136,-0.06242194212260037,-0.141684879943191,0.1548260445237613,False,203.77679414055737
2020-06-27 11:30:00,-162853.34953,892521.10789,1.1641532182693481e-10,10.340684454662556,81.86993053952304,-0.0726167517820841,-0.13962998743731572,0.1573840081810276,False,207.47738968880793
2020-06-27 12:00:00,-162769.70878,892788.66648,1.1999816708318134e-10,10.332457318206698,81.8677022626557,-0.06114099651836874,-0.1517749709492322,0.16362720819564042,False,201.9415371952112
2020-06-27 12:30:00,-162734.81154,893098.1157,2.9103830456733704e-11,10.326787467533102,81.86502539937463,-0.060861420198056154,-0.1720966285389162,0.18254139810735007,False,199.47597727144006
2020-06-27 13:00:00,-162665.21832,893437.45504,5.820766091346741e-11,10.318629831809288,81.86214025468618,-0.07346488093476726,-0.17963576649481144,0.19407755494888623,False,202.2428817238061
2020-06-27 13:30:00,-162590.4516,893781.71853,2.9103830456733704e-11,10.310101359518208,81.8592197592418,-0.08233570293213907,-0.18542869217195487,0.20288658865960327,False,203.94260543201761
2020-06-27 14:00:00,-162493.06976,894147.26976,0.0,10.299936174140047,81.85614735119594,-0.09171653326269642,-0.1939672564472683,0.21455819501339876,False,205.30691233781153
2020-06-27 14:30:00,-162390.44647,894527.78447,1.1641532182693481e-10,10.289285183054325,81.85295091066001,-0.08464861923676534,-0.1984476108805054,0.21574717380042632,False,203.1008647574355
2020-06-27 15:00:00,-162320.84223,894904.62355,3.4924596548080444e-10,10.280730552810105,81.84973375095096,-0.09487686643952402,-0.20156662741411543,0.22277954365803904,False,205.2062392253979
2020-06-27 15:30:00,-162183.8793,895302.73234,1.1641532182693481e-10,10.267770151841725,81.84643632441852,-0.11101833295771592,-0.19716819412327896,0.22627498099998877,False,209.38229999476448
2020-06-27 16:00:00,-162054.09863,895674.3018,2.346425826049686e-10,10.25556250135056,81.84336144643096,-0.10935445481432068,-0.18589851201901714,0.2156771975861657,False,210.46609192820517
2020-06-27 16:30:00,-161915.64278,896031.36462,1.1999816708318134e-10,10.242989179432886,81.84042820015442,-0.12495243044695206,-0.176412096822256,0.21618126139845104,False,215.3098859099405
2020-06-27 17:00:00,-161724.37159,896379.25364,2.3283064365386963e-10,10.227257917020268,81.83765980538699,-0.14385232112730573,-0.16471998627678236,0.21869193897520972,False,221.13117760859973
2020-06-27 17:30:00,-161511.29017,896706.88372,2.399963341663627e-10,10.210413368151347,81.83510449713414,-0.1536999779618146,-0.15269292514656033,0.21665366974799982,False,225.18831920615088
2020-06-27 18:00:00,-161277.25521,897018.32637,1.1641532182693481e-10,10.192462972142637,81.83272479891988,-0.15924422413555642,-0.1369760564409937,0.21005038195314385,False,229.29908696610664
2020-06-27 18:30:00,-161034.31703,897293.66042,2.9103830456733704e-11,10.174373136115621,81.83067748676648,-0.17155347242806282,-0.12224221598290211,0.21065078511730403,False,234.5278313859106
2020-06-27 19:00:00,-160747.11083,897560.57242,3.4924596548080444e-10,10.153647660441568,81.82877385261747,-0.17317251675410325,-0.10459625899891163,0.2023094114358439,False,238.86800953819557
2020-06-27 19:30:00,-160487.04046,897774.21163,2.3283064365386963e-10,10.135198824745665,81.8272970853375,-0.162104511742848,-0.08132687600269117,0.18136133404820404,False,243.3573499475068
2020-06-27 20:00:00,-160224.16151,897951.47326,1.3015628661377063e-10,10.11698434814297,81.82614540592527,-0.16022981537305026,-0.06392443248832394,0.17251065707206628,False,248.25024120539203
2020-06-27 20:30:00,-159959.60607,898102.08602,2.9103830456733704e-11,10.098964817593675,81.82523107622897,-0.15470555932372573,-0.05088277942612064,0.16285842725445332,False,251.79392414925488
2020-06-27 21:00:00,-159707.9706,898229.47201,0.0,10.08200352065211,81.82450093534514,-0.14548538133548125,-0.04549722538009501,0.15243357143233757,False,252.63412046983842
2020-06-27 21:30:00,-159472.61896,898355.03272,2.9103830456733704e-11,10.066072115871297,81.82376066047631,-0.14682760763610964,-0.045251078547186574,0.15364246312080201,False,252.87112610177942
2020-06-27 22:00:00,-159216.00066,898482.25536,2.9103830456733704e-11,10.048810510911085,81.82303837692984,-0.14441048095341125,-0.0381751902631977,0.1493711222453219,False,255.1924733735062
2020-06-27 22:30:00,-158984.69631,898581.06709,0.0,10.033427776852339,81.82252692406152,-0.13331824185786034,-0.03460121619572474,0.1377352452144847,False,255.45055441811613
2020-06-27 23:00:00,-158765.09709,898688.53212,1.1999816708318134e-10,10.018676131623815,81.82192009720448,-0.12400621906545306,-0.04044170681598646,0.1304341750351469,False,251.9374832580896
2020-06-27 23:30:00,-158570.40957,898802.10088,4.665698955615924e-10,10.005400220966662,81.82121990836181,-0.1014084725282828,-0.043895133566672226,0.11050095497938234,False,246.59439962252796
2020-06-28 00:00:00,-158433.03379,898907.57901,1.1641532182693481e-10,9.995757693590384,81.82050151917896,-0.07328907388520599,-0.046348683138166355,0.08671498589974705,False,237.69036377421605
2020-06-28 00:30:00,-158339.53579,899012.21959,1.1641532182693481e-10,9.988838275118617,81.8197219837399,-0.05227389923423584,-0.05256284886436606,0.07413105706712424,False,224.84208254570174
2020-06-28 01:00:00,-158280.52285,899126.57895,2.3283064365386963e-10,9.983945927807358,81.81880272653322,-0.04471574901834543,-0.0580805957649338,0.07329975316930683,False,217.59236331420453
2020-06-28 01:30:00,-158217.24729,899246.05224,1.1641532182693481e-10,9.978735629551235,81.8178448234398,-0.04760376382034604,-0.06789672537813594,0.08292215413830792,False,215.03507214210816
2020-06-28 02:00:00,-158154.09699,899397.00555,0.0,9.973192212042687,81.81660830831414,-0.037924172546520266,-0.07034159567689974,0.07991359675118297,False,208.33101186381958
2020-06-28 02:30:00,-158126.63954,899519.10016,0.0,9.970169195933106,81.81557141722348,-0.010020871027015772,-0.05518401978627091,0.05608648585810688,False,190.29219536792795
2020-06-28 03:00:00,-158152.96217,899598.91371,2.3283064365386963e-10,9.970928620271184,81.81482477594453,0.0014098680173508862,-0.05315633447444593,0.053175028186034076,False,178.48069747817863
2020-06-28 03:30:00,-158164.77258,899706.69375,1.1641532182693481e-10,9.970487696684582,81.81385340810289,-0.00781682971827029,-0.057622438322399716,0.05815022119530753,False,187.7253580611415
2020-06-28 04:00:00,-158161.16307,899808.09381,0.0,9.96916370795655,81.81296241915831,-0.007314782154292078,-0.05783421066007705,0.058294956562630014,False,187.20840765897935
2020-06-28 04:30:00,-158174.88071,899916.31202,1.1641532182693481e-10,9.968836127429146,81.81198420961763,0.0018161614662440383,-0.06601644897234892,0.06604142622165438,False,178.42414809364863
2020-06-28 05:00:00,-158208.74432,900041.03302,5.820766091346741e-11,9.969573552424011,81.8108287668201,0.006036547924431998,-0.08074075546817688,0.08096610095846224,False,175.72426055720177
2020-06-28 05:30:00,-158246.60586,900198.82734,1.1999816708318134e-10,9.970198642542258,81.80937466625372,-0.003930652952575275,-0.10702405482681436,0.10709621069023197,False,182.1033462838987
2020-06-28 06:00:00,-158261.51462,900422.95093,5.820766091346741e-11,9.968686993732032,81.80736974021367,-0.010577225007739235,-0.12272747944627684,0.12318243340712444,False,184.9258447822317
2020-06-28 06:30:00,-158285.58598,900640.56759,0.0,9.967812080616467,81.80540810366492,-0.013976712275724883,-0.12417276321784224,0.12495688700985118,False,186.42210222843175
2020-06-28 07:00:00,-158289.33519,900871.93462,0.0,9.965534723382955,81.80335645298675,-0.014486153701064302,-0.11592868576539943,0.11683025649352817,False,187.12261627062685
2020-06-28 07:30:00,-158306.44632,901060.63888,0.0,9.964544990717995,81.8016612723814,-0.013493228985666562,-0.10099069978363177,0.10188811840075994,False,187.6101405988636
2020-06-28 08:00:00,-158304.40342,901238.42221,2.9103830456733704e-11,9.962492725104736,81.80009240687703,-0.02290584324753992,-0.09405032433526996,0.09679948947412037,False,193.68783488016732
2020-06-28 08:30:00,-158283.80441,901408.3807,2.9103830456733704e-11,9.959381786206107,81.79862153471569,-0.028956247371512055,-0.09699368105314897,0.10122370486244903,False,196.62233510621076
2020-06-28 09:00:00,-158262.122,901600.36631,2.9103830456733704e-11,9.955966793912701,81.79695754009254,-0.04158707529635783,-0.10482413519879644,0.11277226676750135,False,201.6398053896558
2020-06-28 09:30:00,-158201.58893,901805.94894,0.0,9.950011480535869,81.79523355437564,-0.05061701612235649,-0.11287777450638385,0.12370721199123734,False,204.15257225131114
2020-06-28 10:00:00,-158152.85605,902032.1,2.346425826049686e-10,9.944563621884056,81.79330929609249,-0.04899085578541393,-0.1314849584058346,0.14031535282203184,False,200.43522534742252
2020-06-28 10:30:00,-158109.61629,902302.64067,1.1999816708318134e-10,9.938977517905132,81.79098390437083,-0.05151733166784385,-0.1549472397112445,0.1632871169330529,False,198.39109203534582
2020-06-28 11:00:00,-158066.45463,902613.54919,5.820766091346741e-11,9.93296397611623,81.78830132337696,-0.05888012515367051,-0.17263066748135056,0.1823957688466718,False,198.83326148805799
2020-06-28 11:30:00,-158008.02625,902951.35906,0.0,9.925724539858935,81.78540437107785,-0.07825141458084278,-0.19374754427729285,0.2089530923374538,False,201.99296410340077
2020-06-28 12:00:00,-157909.1936,903349.15822,2.3283064365386963e-10,9.915357938244451,81.7820392201475,-0.08969355799642031,-0.19957090837245495,0.218800095554513,False,204.20067726123045
2020-06-28 12:30:00,-157813.66556,903714.68353,0.0,9.905549846747753,81.77895412337507,-0.07918905883365254,-0.19933393846900144,0.21448758953497363,False,201.66635688347964
2020-06-28 13:00:00,-157751.80795,904105.10372,0.0,9.897552766801592,81.77559664315102,-0.0770434298863239,-0.20484149405181454,0.2188509259154013,False,200.61190372251315
2020-06-28 13:30:00,-157667.19174,904488.81146,0.0,9.888234999388533,81.77233345481307,-0.09603997758952945,-0.20436515413626352,0.22580698288701362,False,205.17085041442755
2020-06-28 14:00:00,-157537.54211,904889.26245,2.3283064365386963e-10,9.875977896858704,81.76899130432176,-0.11481819085402828,-0.20995402106987043,0.2392987837712504,False,208.673059432238
2020-06-28 14:30:00,-157389.60924,905304.34086,2.9103830456733704e-11,9.8624513078297,81.76554750198628,-0.12186665049337803,-0.21210367540468927,0.24462103266614862,False,209.88002581542776
2020-06-28 15:00:00,-157236.09314,905716.69691,0.0,9.84862216937761,81.76213588763724,-0.1231893517445985,-0.2142064528975084,0.24710325948110617,False,209.90305093921967
2020-06-28 15:30:00,-157084.56383,906139.97545,0.0,9.834810188257297,81.75862411605692,-0.12563177863034986,-0.21316752647653237,0.2474343107694411,False,210.51326987294
2020-06-28 16:00:00,-156921.54393,906550.07464,0.0,9.820444848728446,81.75524604486112,-0.13065345788978389,-0.2051912817047809,0.24325663022044905,False,212.48653048938297
2020-06-28 16:30:00,-156747.09496,906948.06397,2.3283064365386963e-10,9.805518566710662,81.75199205850888,-0.13305032116097898,-0.19585311943220104,0.23677168824072622,False,214.18972838239353
2020-06-28 17:00:00,-156569.63671,907326.41844,1.1641532182693481e-10,9.790627273403215,81.74891581641087,-0.1347043266058172,-0.18887033096413017,0.2319854683484005,False,215.49686909397923
2020-06-28 17:30:00,-156384.8436,907700.5569,2.9103830456733704e-11,9.77534194653445,81.74588749362673,-0.13425721084908196,-0.17999527098125717,0.22455132206377912,False,216.71899933937362
2020-06-28 18:00:00,-156203.34618,908047.05508,1.1641532182693481e-10,9.760561160981418,81.74309812820607,-0.13449292222806908,-0.16412937597044933,0.21219518888489095,False,219.33230015448953
2020-06-28 18:30:00,-156007.84775,908364.95244,1.3015628661377063e-10,9.74523349357762,81.74058256423058,-0.1366204452308008,-0.1436834985554282,0.19826773265508932,False,223.5565756781855
2020-06-28 19:00:00,-155806.16508,908640.10313,2.399963341663627e-10,9.729985315274032,81.73845405640257,-0.1376210861519876,-0.11764043833118526,0.18104926424707227,False,229.47571279011282
2020-06-28 19:30:00,-155591.11326,908866.09721,5.820766091346741e-11,9.714441588213829,81.73678022481387,-0.14102533183368987,-0.091888613794842,0.1683201163377092,False,236.9127304132615
2020-06-28 20:00:00,-155361.57199,909051.82551,2.9103830456733704e-11,9.698438269503502,81.73548404704788,-0.13824367795795625,-0.060747686081046456,0.15100197303195903,False,246.2781274186603
2020-06-28 20:30:00,-155137.39014,909165.50331,1.1641532182693481e-10,9.683520954506962,81.73481680050908,-0.11994917250281381,-0.03837556600151982,0.12593842959973253,False,252.25886813849093
2020-06-28 21:00:00,-154959.14553,909260.6433,1.1641532182693481e-10,9.671612438684743,81.73424378569364,-0.1012340478117989,-0.016372468223609736,0.10254945222718012,False,260.81316478381706
2020-06-28 21:30:00,-154788.02958,909284.83317,1.1999816708318134e-10,9.660881641026783,81.73428764818587,-0.08065485347206547,0.0033111053200143552,0.08072278988637954,False,272.3508305310106
2020-06-28 22:00:00,-154670.90546,909297.6191,4.665698955615924e-10,9.653575927565669,81.73435088417222,-0.06852452340539425,-0.00204434865554092,0.06855501199301066,False,268.29115459707646
2020-06-28 22:30:00,-154546.06863,909333.45593,2.3283064365386963e-10,9.645557848545755,81.73422155758738,-0.056269796259499294,-0.007357156869117004,0.05674872446392391,False,262.55095337553087
2020-06-28 23:00:00,-154475.63568,909357.6718,0.0,9.640992580150135,81.73411314313208,-0.039295042450087296,-0.011857000935064015,0.0410449611076472,False,253.2091831813615
2020-06-28 23:30:00,-154413.75309,909399.22952,0.0,9.636770725836788,81.73383832287594,-0.03970076498324117,-0.016372436640621248,0.04294423618840723,False,247.58894502913455
2020-06-29 00:00:00,-154344.59651,909439.70633,0.0,9.632114946467834,81.73358395309717,-0.03385449201879187,-0.020156852140671706,0.03940082890081558,False,239.23057181158467
2020-06-29 00:30:00,-154305.7367,909491.16369,1.1641532182693481e-10,9.629200625480763,81.73318683539446,-0.018096015662976646,-0.02837620744205456,0.03365523631872474,False,212.52638714552342
2020-06-29 01:00:00,-154297.45618,909551.31841,3.5045652704989467e-10,9.628068678346164,81.7326667941513,-0.022234724223637946,-0.0297329061375407,0.03712719580960886,False,216.7897047794134
2020-06-29 01:30:00,-154244.72156,909610.0821,0.0,9.624229472191603,81.73222579925259,-0.03938087137575742,-0.02905272252785878,0.04893785565995616,False,233.58243432297868
2020-06-29 02:00:00,-154175.16633,909678.13826,1.1999816708318134e-10,9.619264382808154,81.73172774686999,-0.030473707658200025,-0.03696508477378762,0.047906829896902425,False,219.50188563632196
2020-06-29 02:30:00,-154158.79543,909759.61716,1.1641532182693481e-10,9.617416725472893,81.7310310494337,-0.013922490978682433,-0.044269347258723876,0.046407013066615016,False,197.45810407529916
2020-06-29 03:00:00,-154152.37544,909843.64165,1.1641532182693481e-10,9.616152134157362,81.73029688532414,-0.008091067304801754,-0.033586310679052635,0.03454715089787691,False,193.54468271262454
2020-06-29 03:30:00,-154150.2746,909883.69467,2.346425826049686e-10,9.615608136016013,81.7299454815491,-0.004672733971965612,-0.028988669893430907,0.0293628579154528,False,189.15684148426845
2020-06-29 04:00:00,-154153.22182,909949.34455,5.820766091346741e-11,9.615107749847855,81.72935991939072,0.0021510446036046432,-0.03983185971295883,0.039889898985576905,False,176.9088518915296
2020-06-29 04:30:00,-154181.86061,910023.78153,2.9103830456733704e-11,9.616088760723532,81.72865804278491,0.009670436314014952,-0.03782165459793285,0.03903837720793161,False,165.65759352627708
2020-06-29 05:00:00,-154210.29082,910077.77392,1.3015628661377063e-10,9.617268849460558,81.72813745399249,0.007183434796390737,-0.03190730493506449,0.03270592979404787,False,167.31228236122956
2020-06-29 05:30:00,-154226.54777,910132.71308,5.820766091346741e-11,9.61769401840188,81.72762674160109,0.0031180024289385365,-0.028856294158732143,0.02902425971014843,False,173.8329591056583
2020-06-29 06:00:00,-154238.71387,910178.32109,5.820766091346741e-11,9.617965567466507,81.7272047653882,-0.003528164732149616,-0.022080398736464356,0.022360499876756805,False,189.07838741956766
2020-06-29 06:30:00,-154227.30584,910213.20731,0.0,9.616905754844186,81.72691306080029,-0.008782330781869742,-0.014020171856325333,0.016543716415699156,False,212.0633081719661
2020-06-29 07:00:00,-154215.97373,910233.36623,2.3283064365386963e-10,9.616003338729694,81.7267516077074,-0.01008319177212802,-0.008902206980637904,0.013450652231012012,False,228.55949175293728
2020-06-29 07:30:00,-154196.8698,910250.86858,1.1999816708318134e-10,9.614652945356482,81.7266253235729,-0.017150761607661373,-0.00989530741872864,0.019800649803326593,False,240.01676338769832
2020-06-29 08:00:00,-154161.04807,910278.80128,2.9103830456733704e-11,9.612171567472782,81.72643176738336,-0.02916905386866949,-0.006070361474252933,0.029794009331096022,False,258.24399483188404
2020-06-29 08:30:00,-154096.98449,910289.94922,2.9103830456733704e-11,9.60813611558232,81.7264291053357,-0.03298031057110808,-0.0005914692353152576,0.03298561385245192,False,268.97256703113595
2020-06-29 09:00:00,-154044.33984,910300.71763,2.9103830456733704e-11,9.604803314167377,81.72641265652504,-0.026644914863235225,-0.010967024220676535,0.028813661834726233,False,247.62797609838043
2020-06-29 09:30:00,-154008.99493,910344.88173,1.1999816708318134e-10,9.60218338423273,81.7260746358656,-0.035843927126750164,-0.017274778794317998,0.03978950985197474,False,244.2685199152435
2020-06-29 10:00:00,-153927.48312,910383.55992,3.5045652704989467e-10,9.596795662724888,81.72585427519006,-0.05123437039371351,-0.010911094192571148,0.052383324504267456,False,257.9776475000415
2020-06-29 10:30:00,-153833.68092,910414.36124,2.3283064365386963e-10,9.590737662762816,81.72572195902887,-0.054348730957832624,-0.01051602028665644,0.055356763266978,False,259.0490762333583
2020-06-29 11:00:00,-153740.86981,910453.48648,4.665698955615924e-10,9.584654494120793,81.72551437713818,-0.06091972358763348,-0.019010928569705952,0.06381714602735011,False,252.6686715511479
2020-06-29 11:30:00,-153628.82682,910518.36152,2.346425826049686e-10,9.577129070721986,81.7251074649633,-0.061158526214488265,-0.032629942124991915,0.06931867318268989,False,241.9187164562709
2020-06-29 12:00:00,-153543.31146,910605.948,1.1999816708318134e-10,9.570993119688774,81.72445973915758,-0.05455273956119238,-0.04352552891018826,0.06978877460267459,False,231.41498241639837
2020-06-29 12:30:00,-153461.22373,910705.52598,2.346425826049686e-10,9.564944201770189,81.72370063765473,-0.06738387098372588,-0.05208358989955933,0.08516622808118775,False,232.29818166409913
2020-06-29 13:00:00,-153335.2581,910831.151,0.0,9.555944031985295,81.72277624055108,-0.08441619834221277,-0.07768192040671204,0.11471955064689955,False,227.37895389499283
2020-06-29 13:30:00,-153207.96798,911031.75072,1.1641532182693481e-10,9.546093641282964,81.72118978524942,-0.09167001130589678,-0.10025956658280186,0.135850549002183,False,222.43751279149328
2020-06-29 14:00:00,-153069.67363,911241.81693,2.9103830456733704e-11,9.535476850520515,81.71953563187185,-0.09435194343276279,-0.10782531929501482,0.1432780119579106,False,221.18736642854546
2020-06-29 14:30:00,-152937.29785,911470.82724,1.1641532182693481e-10,9.525031813010068,81.71770465669864,-0.09921654186753665,-0.11754369418451945,0.1538195118400019,False,220.1671166899332
2020-06-29 15:00:00,-152787.4418,911718.24586,1.1641532182693481e-10,9.513334275226065,81.71573634140167,-0.10337378459531692,-0.12118945617017156,0.15928911961706899,False,220.46395360055865
2020-06-29 15:30:00,-152642.37773,911962.61633,2.3283064365386963e-10,9.50196632491415,81.71378756726264,-0.10343934230116317,-0.11555570343088385,0.15508970994590063,False,221.83321922127965
2020-06-29 16:00:00,-152488.84324,912190.01214,2.9103830456733704e-11,9.490259532577904,81.71200132246616,-0.09187002381917937,-0.10040361674988761,0.13609183492405008,False,222.4587353858074
2020-06-29 16:30:00,-152375.76851,912373.65346,0.0,9.481475975681432,81.7105423782592,-0.09058551241637333,-0.1064337341356188,0.13976363912616369,False,220.40103166414517
2020-06-29 17:00:00,-152230.30808,912621.65851,2.9103830456733704e-11,9.470061366555298,81.70856107946547,-0.1102819992117239,-0.12215109612907371,0.16456916368405375,False,222.07675455827132
2020-06-29 17:30:00,-152056.516,912872.72624,2.9103830456733704e-11,9.45689084014898,81.70659412300594,-0.12152887728430829,-0.11867015059886704,0.16985839001103906,False,225.68187303855998
2020-06-29 18:00:00,-151868.94338,913114.94932,1.1641532182693481e-10,9.442974956631108,81.70472536028026,-0.1374086438323357,-0.11745608555579277,0.18076799338912683,False,229.47637633188674
2020-06-29 18:30:00,-151637.92192,913370.99704,3.4924596548080444e-10,9.426272758711743,81.70279755768888,-0.15541445001894488,-0.11588787286702247,0.19386503127777913,False,233.28921545815857
2020-06-29 19:00:00,-151385.33381,913618.145,2.3283064365386963e-10,9.408351965526297,81.70097953310808,-0.13934023175368904,-0.08625352573756086,0.16387608393945666,False,238.24192097230497
2020-06-29 19:30:00,-151193.80421,913759.33332,1.1641532182693481e-10,9.39523511474313,81.70000982312587,-0.10461097757492382,-0.050782402732648044,0.11628546365080235,False,244.10618688257136
2020-06-29 20:00:00,-151043.6298,913859.98688,2.3283064365386963e-10,9.385053968250265,81.69933820780686,-0.09228518982246448,-0.03061153783595578,0.09722974086795898,False,251.64901496403758
2020-06-29 20:30:00,-150883.99488,913922.23552,3.4924596548080444e-10,9.374684061714184,81.6990203777277,-0.08349365373948169,-0.0036391699123697763,0.08357292487653858,False,267.5042751261231
2020-06-29 21:00:00,-150749.20111,913921.87394,2.3283064365386963e-10,9.366461210094851,81.69922063139623,-0.06599689637799196,0.019201009217784205,0.0687333186053812,False,286.2217241596867
2020-06-29 21:30:00,-150638.32392,913892.70068,2.346425826049686e-10,9.359987550158001,81.69964103438951,-0.06038357758197853,0.03948870998407121,0.07214939125041116,False,303.1832573506887
2020-06-29 22:00:00,-150511.59408,913816.96146,3.4924596548080444e-10,9.35301374777882,81.70049699517277,-0.0433717086432408,0.05168589686161151,0.06747249102429309,False,319.99863937393684
2020-06-29 22:30:00,-150454.02212,913734.48018,5.820766091346741e-11,9.350328383245188,81.7013117015354,-0.013535333172649792,0.040960571219345356,0.04313900368239509,False,341.71397256739164
2020-06-29 23:00:00,-150439.5567,913679.37936,1.1999816708318134e-10,9.349999145050239,81.70182094945541,-0.008066834311779994,0.03644670263070162,0.037328754981441635,False,347.519788068646
2020-06-29 23:30:00,-150404.05062,913609.73332,2.346425826049686e-10,9.34853137719854,81.70248974442333,0.0003545162659099651,0.04269636292714199,0.04269783471077918,False,0.475727149459658
2020-06-30 00:00:00,-150415.84791,913527.5066,0.0,9.350078371253357,81.7032009981753,0.010187617092750238,0.040286602363054445,0.04155475751327832,False,14.191364433179047
2020-06-30 00:30:00,-150416.676,913460.66991,0.0,9.350800990927826,81.70379190600333,0.00746028275352547,0.03446748729904163,0.035265613555872606,False,12.212939378712235
2020-06-30 01:00:00,-150422.18721,913400.70876,0.0,9.351740570290389,81.7043150687624,0.03286720420536974,0.020971309397425496,0.038987804889734703,False,57.45960558470961
2020-06-30 01:30:00,-150521.15753,913366.94988,0.0,9.3581245020436,81.70446969788104,0.06362914074680232,0.0068588439767852845,0.06399774443583355,False,83.84761076409279
2020-06-30 02:00:00,-150644.18854,913339.09847,1.1641532182693481e-10,9.365918586623433,81.70453673747991,0.06324220663315565,0.005136461097570563,0.06345045257866655,False,85.35669301404766
2020-06-30 02:30:00,-150742.78516,913311.654,1.1641532182693481e-10,9.372216482065285,81.70463574710273,0.04075111729978418,-0.022439024497265918,0.0465205694458878,False,118.83875494769177
2020-06-30 03:00:00,-150802.08915,913394.91025,0.0,9.374998726474459,81.70381149553441,0.020358865444754237,-0.037479492578227316,0.042652031207423224,False,151.48918466585417
2020-06-30 03:30:00,-150837.077,913432.83909,1.1641532182693481e-10,9.376752752082925,81.7034243270244,0.028655108008866146,-0.02878381265696993,0.040615552268451635,False,135.12838369372224
2020-06-30 04:00:00,-150920.75181,913480.34027,0.0,9.381382736027827,81.70288111084484,0.03393255049979242,-0.04584311520435221,0.05703515753515959,False,143.4915777111238
2020-06-30 04:30:00,-150984.50198,913575.75471,1.1641532182693481e-10,9.384312250977777,81.70194258385645,0.027193187629716786,-0.05564964229988427,0.06193829301466138,False,153.95756107287326
2020-06-30 05:00:00,-151050.00353,913662.03539,2.3283064365386963e-10,9.387440184376583,81.70108237854025,0.02174279227680538,-0.05261757055260366,0.056932923224181385,False,157.5484586336559
2020-06-30 05:30:00,-151092.62455,913749.87394,2.346425826049686e-10,9.389155234034824,81.70024186458461,0.011320648188082955,-0.052204353806714614,0.053417708971604014,False,167.76470395096055
2020-06-30 06:00:00,-151120.87156,913840.80467,2.9103830456733704e-11,9.389961500326772,81.69939500869276,0.005318473143372832,-0.05076508893069722,0.05104292713705177,False,174.019148470228
2020-06-30 06:30:00,-151141.33144,913927.05568,0.0,9.390339638051653,81.69860101213176,0.001157041012827426,-0.04783344053275557,0.047847432293760844,False,178.6143450904197
2020-06-30 07:00:00,-151153.07724,914010.0179,1.1641532182693481e-10,9.3902191814065,81.69784891303469,0.00031997638435024827,-0.03884800202631184,0.038849319766539936,False,179.52808688121013
2020-06-30 07:30:00,-151165.28596,914064.84652,1.1641532182693481e-10,9.390410857084216,81.69734534745663,-0.0022432878886112385,-0.029682257534294015,0.029766907009014958,False,184.32201112925748
2020-06-30 08:00:00,-151162.54436,914116.75976,0.0,9.389719801575003,81.69688950723331,-0.006774612520387813,-0.03587019323620251,0.03650433039522714,False,190.69517137496103
2020-06-30 08:30:00,-151162.29199,914196.228,0.0,9.38890272049694,81.69618593184386,0.004539982735235139,-0.030533237362357524,0.030868916843036436,False,171.54266224534973
2020-06-30 09:00:00,-151196.60108,914222.54064,0.0,9.390730278120843,81.69590259213815,0.0033178071507008913,-0.017057800563168236,0.017377468294952073,False,168.99318186471453
2020-06-30 09:30:00,-151184.09576,914254.86425,1.1641532182693481e-10,9.389641342183188,81.69563458299241,-0.0067894398806943295,-0.015852043399704287,0.01724481875345957,False,203.1854803102766
2020-06-30 10:00:00,-151181.79698,914282.83104,1.1641532182693481e-10,9.389219014722906,81.69539021488534,0.0025230496484575566,-0.004160711027036088,0.004865932159317626,False,148.76743296106537
2020-06-30 10:30:00,-151195.50066,914268.16034,0.0,9.390202924208898,81.69550009717734,0.0022327127299863556,-0.005354649089632489,0.005801488861296312,False,157.36546736510587
2020-06-30 11:00:00,-151192.87218,914300.53805,1.1641532182693481e-10,9.389715982975913,81.6952171398365,0.014076340745608332,-0.027157270863955033,0.030588571878476026,False,152.60108326958812
2020-06-30 11:30:00,-151261.44696,914356.34905,1.1641532182693481e-10,9.393335701450045,81.69462228816582,0.018032690227342472,-0.049461159903615964,0.0526458379726865,False,159.9690121869122
2020-06-30 12:00:00,-151285.98081,914465.61535,3.4924596548080444e-10,9.39372954747309,81.69361844388719,-0.012742020210194072,-0.07898419597595042,0.08000538914975876,False,189.1642091467079
2020-06-30 12:30:00,-151262.60073,914644.36614,2.3283064365386963e-10,9.390500829646461,81.69206930018645,-0.02626121539839741,-0.08572247133372152,0.0896548577923234,False,197.03252876059804
2020-06-30 13:00:00,-151243.05941,914785.50619,2.3283064365386963e-10,9.387886430154946,81.69084767275285,-0.03472715104377659,-0.08988723203831256,0.09636228257532466,False,201.12360612091868
2020-06-30 13:30:00,-151192.0412,914984.01874,2.3283064365386963e-10,9.382776113645175,81.68916388081986,-0.04632250696652961,-0.10343077076954167,0.1133300445320907,False,204.12569956611554
2020-06-30 14:00:00,-151139.23356,915180.06231,2.3283064365386963e-10,9.37758365855933,81.6875045101894,-0.04313928037939126,-0.09596951405455341,0.10521950931038813,False,204.20440587850987
2020-06-30 14:30:00,-151095.10941,915350.19666,1.1641532182693481e-10,9.373182974179919,81.6860618935887,-0.04884350350155539,-0.09960707454977655,0.11093807792940708,False,206.12156729883202
2020-06-30 15:00:00,-151024.14536,915562.49761,0.0,9.366724841843462,81.68428490529548,-0.0639617089960075,-0.11390476794960483,0.13063459105207653,False,209.31580980880508
2020-06-30 15:30:00,-150934.6554,915792.26232,0.0,9.358965723405694,81.68238014828368,-0.08080711725603654,-0.11887930438247411,0.1437431014333967,False,214.20554688889916
2020-06-30 16:00:00,-150806.70749,916032.07329,1.1641532182693481e-10,9.348767437929189,81.68044233197949,-0.0900700709776113,-0.10325215792014324,0.13701688144560195,False,221.09920361955267
2020-06-30 16:30:00,-150675.09152,916211.70574,2.3283064365386963e-10,9.338953118686328,81.67904275041556,-0.08064785879654332,-0.10472006963297187,0.13217552766076504,False,217.60087530232443
2020-06-30 17:00:00,-150581.39968,916451.18233,2.9103830456733704e-11,9.330852284758613,81.67705751165512,-0.08435786690121144,-0.13006716706191998,0.1550281189192332,False,212.96629541570977
2020-06-30 17:30:00,-150451.33991,916722.99059,2.9103830456733704e-11,9.320218890582233,81.67483853321954,-0.09814044933692959,-0.12604516866053644,0.1597464626798275,False,217.90480075671806
2020-06-30 18:00:00,-150306.24597,916956.17322,2.9103830456733704e-11,9.309061618354722,81.67298333776307,-0.09759562119794346,-0.1070574963932598,0.14486618933003417,False,222.3528879438716
2020-06-30 18:30:00,-150166.96622,917160.15523,0.0,9.298553899995106,81.67137812591741,-0.09781953994955553,-0.07960689820280628,0.12611867679854025,False,230.86082566931162
2020-06-30 19:00:00,-150005.02902,917295.89234,2.346425826049686e-10,9.287350836300531,81.67041017805619,-0.09238038801572673,-0.05187829003281308,0.10595042740199258,False,240.68262916658256
2020-06-30 19:30:00,-149868.89709,917398.14091,1.1641532182693481e-10,9.278052873087745,81.66970130786541,-0.0920473692707499,-0.0492750449145171,0.10440664845206683,False,241.83884646553838
2020-06-30 20:00:00,-149706.5935,917524.38728,4.656612873077393e-10,9.26692634413158,81.66881740685203,-0.0968864413265471,-0.04880462426764472,0.10848444064854844,False,243.26422532747696
2020-06-30 20:30:00,-149552.95119,917627.7118,5.820766091346741e-11,9.256556184849364,81.66812380951536,-0.07210973618244346,-0.016200901302251505,0.07390726118120526,False,257.33760911281
2020-06-30 21:00:00,-149459.76052,917623.70833,1.1999816708318134e-10,9.250927578326325,81.66829383906592,-0.030636465801789428,0.023666164700357324,0.03871279360171069,False,307.6854945908003
2020-06-30 21:30:00,-149430.39805,917561.35198,1.3015628661377063e-10,9.249759273963285,81.66888881316967,-0.01406492367964653,0.04377608102852056,0.04598007555811408,False,342.1881809866716
2020-06-30 22:00:00,-149384.45379,917476.30241,2.3283064365386963e-10,9.247806832809884,81.66970881652541,-0.03060461407238451,0.048266241951922396,0.057151312449331464,False,327.62207107136913
2020-06-30 22:30:00,-149293.72964,917407.55784,1.1641532182693481e-10,9.242968009881745,81.67044890422804,-0.02251503990743074,0.04902740431035571,0.05395010097714632,False,335.3338146460547
2020-06-30 23:00:00,-149276.10258,917315.11443,2.3283064365386963e-10,9.2428108164175,81.6712935644759,0.019881041173144674,0.06539577458288902,0.06835102875176281,False,16.909853834203545
2020-06-30 23:30:00,-149326.55851,917163.69392,1.1641532182693481e-10,9.247381072697006,81.6725626711228,0.05148153266988998,0.07340415822353155,0.08965778633529943,False,35.04365172554725
2020-07-01 00:00:00,-149416.56235,917024.51117,2.9103830456733704e-11,9.254238457258015,81.67366617878835,0.055224226108381756,0.06567483788665479,0.08580733931726389,False,40.0595875154458
2020-07-01 00:30:00,-149484.75661,916898.37046,0.0,9.259640647245229,81.6746855043126,0.05520507693560586,0.05856875960842019,0.08048540315818188,False,43.306564105406494
2020-07-01 01:00:00,-149578.78374,916784.43242,2.346425826049686e-10,9.266495583275477,81.67555927534087,0.05850732086938716,0.043990873091243186,0.07320043381458399,False,53.060983097855456
2020-07-01 01:30:00,-149667.13296,916708.15353,1.1999816708318134e-10,9.272631951760841,81.6761074332687,0.05512922803553357,0.014684946450785715,0.05705155068932224,False,75.08428442371883
2020-07-01 02:00:00,-149766.13718,916700.27824,2.9103830456733704e-11,9.27873744062906,81.67603393725018,0.05866587576121949,-0.003610701883701984,0.058776884460847445,False,93.52193416014097
2020-07-01 02:30:00,-149877.66258,916686.92906,0.0,9.285659537778637,81.675990711082,0.0640192104268772,-0.0064961440012409055,0.06434795405112458,False,95.79407345514295
2020-07-01 03:00:00,-149997.35981,916686.17014,2.9103830456733704e-11,9.292953606983701,81.67582395573122,0.062700440755936,-0.017161629616140303,0.0650066673662804,False,105.30742179469485
2020-07-01 03:30:00,-150110.39839,916711.45,1.1999816708318134e-10,9.299582523689812,81.67543600757023,0.05111179111429269,-0.02740494037545565,0.05799522349205466,False,118.19916279193944
2020-07-01 04:00:00,-150194.88666,916753.79708,2.3283064365386963e-10,9.304302899113772,81.67493817328504,0.041577781012174714,-0.040332037823200814,0.057925686434158526,False,134.12867192642614
2020-07-01 04:30:00,-150281.58403,916830.53513,3.5045652704989467e-10,9.308814077250863,81.67413235692439,0.03597495788160275,-0.05473425597185054,0.0654983692268376,False,146.68444737945782
2020-07-01 05:00:00,-150354.56384,916927.29656,1.1641532182693481e-10,9.312289848705724,81.67316900668182,0.024234604711073214,-0.05847901105678851,0.06330174404929113,False,157.49012820140524
2020-07-01 05:30:00,-150401.74493,917024.16755,1.1999816708318134e-10,9.314194047698397,81.67224214759857,0.008656633268880786,-0.0552880848018555,0.05596167993019025,False,171.1012641501302
2020-07-01 06:00:00,-150417.53066,917118.66567,2.3283064365386963e-10,9.314211509818199,81.67138193057703,-0.011278825931927644,-0.05506490212670653,0.05620814318785573,False,191.57566064911288
2020-07-01 06:30:00,-150393.76033,917226.35927,0.0,9.311691104496234,81.67046227163522,-0.019684113903819148,-0.054183662687082704,0.05764836200939351,False,199.9653258768866
2020-07-01 07:00:00,-150379.16354,917322.62245,1.1999816708318134e-10,9.30984320515796,81.66963054978754,-0.023617130885444836,-0.05051619936497245,0.05576428309896825,False,205.05684060233054
2020-07-01 07:30:00,-150339.2784,917419.57638,2.9103830456733704e-11,9.306450759527312,81.6688294196809,-0.024922157462744666,-0.042865883867510876,0.049584250849849174,False,210.17365185059901
2020-07-01 08:00:00,-150315.5801,917489.41746,2.9103830456733704e-11,9.30431349667192,81.6682449984133,-0.02164269261916151,-0.03406764853148532,0.04036100618508317,False,212.42721458545918
2020-07-01 08:30:00,-150282.21855,917553.2033,0.0,9.301649200382617,81.6677282424081,-0.03478117698389479,-0.033121402101224294,0.04802871588472877,False,226.400229033161
2020-07-01 09:00:00,-150211.28682,917627.325,0.0,9.296597710470332,81.66717438619305,-0.030941433519468473,-0.019153028382545508,0.03638970739731608,False,238.2421161934999
2020-07-01 09:30:00,-150183.43114,917639.24294,5.820766091346741e-11,9.29478519811265,81.66710918390991,-0.00021227695198904585,-0.0013607582613004343,0.0013772162321302856,False,188.86662109547063
2020-07-01 10:00:00,-150211.32387,917632.28284,2.9103830456733704e-11,9.296550612163601,81.6671304023663,-0.003208037349499343,-0.0011856463298330166,0.003420125853712005,False,249.71638322610775
2020-07-01 10:30:00,-150172.72342,917645.32087,1.1641532182693481e-10,9.294073582015253,81.66707085620362,-0.01984936823954967,-0.004568645411000313,0.020368356350002753,False,257.03821430395294
2020-07-01 11:00:00,-150143.46045,917660.0546,0.0,9.292147520570161,81.66698273227058,-0.011815577703484736,-0.01147830049250092,0.016472985724003786,False,225.82954028830105
2020-07-01 11:30:00,-150137.41769,917692.96876,1.1999816708318134e-10,9.291452617522527,81.66669984500868,-0.0021164311634553415,-0.021490050017695658,0.021594016083922557,False,185.62459330122738
2020-07-01 12:00:00,-150148.43222,917737.63391,2.9103830456733704e-11,9.291678028560058,81.66628810571149,-6.853959355271506e-05,-0.03350884435945544,0.03350891445544145,False,180.11719365554512
2020-07-01 12:30:00,-150156.65146,917812.05765,2.346425826049686e-10,9.291437445584657,81.66561673168582,-0.0069029716980779955,-0.030097994814693253,0.030879448021779273,False,192.9173821987875
2020-07-01 13:00:00,-150141.40181,917848.57739,0.0,9.29014706793052,81.66531523971135,-0.02274721964267933,-0.02984499319371802,0.0375254529646928,False,217.3138795462795
2020-07-01 13:30:00,-150093.18038,917931.3102,2.3283064365386963e-10,9.286392846670134,81.66465202930412,-0.03227758544620079,-0.049238232888583484,0.05887483418428605,False,213.24640714454296
2020-07-01 14:00:00,-150055.32937,918042.26292,1.1641532182693481e-10,9.282989233287498,81.66372370351434,-0.03075009569806013,-0.049256363576364426,0.05806683854151917,False,211.9759873185762
2020-07-01 14:30:00,-150012.53391,918124.16799,2.9103830456733704e-11,9.279574320758357,81.66305990304934,-0.04326097580583199,-0.047070907802974474,0.06393107530042728,False,222.58486469876058
2020-07-01 15:00:00,-149928.95298,918234.61388,0.0,9.27339782050248,81.66220218377461,-0.06346145222653556,-0.05555101213282726,0.08434020908014384,False,228.80270375929788
2020-07-01 15:30:00,-149819.28501,918358.3535,5.820766091346741e-11,9.265505414480213,81.66126428052763,-0.07449366132552976,-0.06450585579455514,0.09854091033408749,False,229.10992261935863
2020-07-01 16:00:00,-149701.66459,918506.98425,2.9103830456733704e-11,9.256885015855048,81.66011712516863,-0.08141244549107246,-0.07388338457592515,0.10993971437670239,False,227.7756437473655
2020-07-01 16:30:00,-149572.80292,918668.0158,1.1999816708318134e-10,9.247461310481011,81.65887610413203,-0.09288682729723761,-0.0751449677264287,0.11947689676231492,False,231.0273184854597
2020-07-01 17:00:00,-149415.0905,918827.72679,0.0,9.236300748737468,81.65768814117193,-0.11706029980226056,-0.07250004317538748,0.13769302832833685,False,238.22843981524832
2020-07-01 17:30:00,-149198.74185,918993.27224,1.1641532182693481e-10,9.221523967712594,81.65653253715669,-0.12084552954343718,-0.05511636103418979,0.13282114012567767,False,245.48277542555505
2020-07-01 18:00:00,-149017.46607,919093.29801,0.0,9.2095267886641,81.65590668687256,-0.10517533065790832,-0.036028854423669245,0.11117521544877842,False,251.09059454261276
2020-07-01 18:30:00,-148845.74984,919181.90234,2.3283064365386963e-10,9.198224393007848,81.65536798146017,-0.10417397582024064,-0.03224354892592846,0.10904982203348534,False,252.80184873011072
2020-07-01 19:00:00,-148665.81708,919267.83036,2.346425826049686e-10,9.186450680920368,81.65486445038361,-0.09737064673074024,-0.019124606583695417,0.0992310103835678,False,258.88796255126704
2020-07-01 19:30:00,-148510.70297,919305.82989,1.1999816708318134e-10,9.176656067395315,81.65474986247666,-0.08629269745124897,-0.003770741301557426,0.08637504340592866,False,267.49793185096274
2020-07-01 20:00:00,-148361.3042,919330.77403,2.3283064365386963e-10,9.167336849107711,81.65474257855128,-0.07750785239764639,-0.003992511559832039,0.07761061352579769,False,267.05123994609187
2020-07-01 20:30:00,-148237.52855,919364.47369,5.820766091346741e-11,9.159488313091106,81.65462084283419,-0.06907852213075791,8.10163652752837e-05,0.06907856963936827,False,270.0671973506421
2020-07-01 21:00:00,-148115.74603,919370.07219,2.346425826049686e-10,9.152036068964044,81.65474520500244,-0.0590463542356714,0.02073112211122983,0.06257995983152365,False,289.34612859735125
2020-07-01 21:30:00,-148015.79712,919324.60151,5.820766091346741e-11,9.146409383264793,81.65529097475172,-0.052152844940900916,0.041746386463313065,0.06680329346801656,False,308.6759559011183
2020-07-01 22:00:00,-147906.49367,919251.54041,1.1641532182693481e-10,9.140483340525062,81.65609458764952,-0.046669666131265324,0.06412308689364239,0.07930843592943557,False,323.95235620592695
2020-07-01 22:30:00,-147813.24901,919123.37916,1.1641532182693481e-10,9.136070357755862,81.657363672485,-0.0369645529354907,0.06625064975888412,0.0758651881115115,False,330.84066550017883
2020-07-01 23:00:00,-147737.24011,919037.19289,0.0,9.132293461892008,81.65823604098013,-0.021602205485039695,0.052173037134285664,0.05646840785459981,False,337.50803748695625
2020-07-01 23:30:00,-147706.65658,918950.27988,2.3283064365386963e-10,9.131283801022342,81.65905009843654,-0.007123503176669081,0.04410290756509341,0.044674497794638814,False,350.82482557233226
2020-07-02 00:00:00,-147686.72406,918884.5042,2.3283064365386963e-10,9.130714861217331,81.65966159633476,-0.009223268131031408,0.03964681067556763,0.040705506651572375,False,346.9038848545345
2020-07-02 00:30:00,-147651.22433,918814.62891,2.3283064365386963e-10,9.129239583219315,81.66033161383909,-0.011125765275161802,0.03417786221248128,0.035943134509574315,False,341.96861072495153
2020-07-02 01:00:00,-147627.65684,918769.3773,2.9103830456733704e-11,9.128248941087364,81.66076634048096,-0.007083525545918354,0.01935286087547093,0.02060848267643718,False,339.89638610520643
2020-07-02 01:30:00,-147614.99375,918749.88649,1.1999816708318134e-10,9.127669501222936,81.66095716355765,-0.008493774710483754,0.012699156157686327,0.015277852465243796,False,326.2235891579529
2020-07-02 02:00:00,-147590.21414,918729.08991,1.1641532182693481e-10,9.12636616370035,81.661176817662,-0.020874980421620365,0.00391761937026048,0.021239410282144693,False,280.62909573801664
2020-07-02 02:30:00,-147538.55817,918747.88131,2.3283064365386963e-10,9.123042238163992,81.6610837821286,-0.03931553315045412,-0.016350369146892852,0.04257987456703134,False,247.4187680533334
2020-07-02 03:00:00,-147459.8014,918809.6479,1.1641532182693481e-10,9.117651472990177,81.66064829646909,-0.05272561391983755,-0.03866702271891892,0.0653844707034412,False,233.74505105564802
2020-07-02 03:30:00,-147373.20238,918915.40186,0.0,9.111355680299688,81.65983392159055,-0.0574728687733322,-0.06036378181113452,0.08334816614406652,False,223.59463167014889
2020-07-02 04:00:00,-147289.92147,919056.97936,1.1641532182693481e-10,9.104913834494326,81.65869713438384,-0.06758852701834882,-0.07648737268113032,0.10207118674813274,False,221.46561697769243
2020-07-02 04:30:00,-147176.5223,919225.79042,1.1641532182693481e-10,9.096378337780171,81.65736155163674,-0.07942465370192128,-0.09260871474751867,0.12200266252364085,False,220.6176095203257
2020-07-02 05:00:00,-147060.29634,919431.38203,0.0,9.08731632707872,81.65570369347894,-0.09013958207642314,-0.10963337699226577,0.14193174982237236,False,219.42673678502695
2020-07-02 05:30:00,-146918.42828,919666.76862,2.3283064365386963e-10,9.076410937891351,81.6538177766499,-0.10404624750460731,-0.12327518001501707,0.1613145735125158,False,220.16490745820283
2020-07-02 06:00:00,-146760.42851,919928.70434,1.1641532182693481e-10,9.064273391790747,81.65171897400484,-0.11682302048855132,-0.1344242760815463,0.17809408781909708,False,220.99266252337077
2020-07-02 06:30:00,-146579.35635,920210.9093,1.1999816708318134e-10,9.050544828257085,81.64947265708686,-0.12508925043650762,-0.14581581497862564,0.19211864165834638,False,220.6249040548711
2020-07-02 07:00:00,-146398.28931,920517.9439,2.9103830456733704e-11,9.036584213305556,81.64700567651558,-0.1279094841969763,-0.1579843896080515,0.20327297780906625,False,218.99479709622983
2020-07-02 07:30:00,-146213.92729,920844.91841,1.1641532182693481e-10,9.02223969103041,81.64436601343932,-0.1351976695268368,-0.16622869346792515,0.214267095881615,False,219.122261400969
2020-07-02 08:00:00,-146011.44296,921185.28829,2.346425826049686e-10,9.006675830834526,81.64163250471574,-0.1421147418769036,-0.1694738884581797,0.22117413666130692,False,219.9819939218232
2020-07-02 08:30:00,-145804.13417,921527.59466,1.1999816708318134e-10,8.990810909884912,81.63888796921486,-0.14489836028851727,-0.16821977957772055,0.22202123559578224,False,220.74040577745868
2020-07-02 09:00:00,-145590.85737,921864.95777,2.3283064365386963e-10,8.974641827489423,81.63619498746934,-0.14915425554140593,-0.16212873996662386,0.22030143047487494,False,222.61325491609682
2020-07-02 09:30:00,-145364.80247,922187.8762,2.3283064365386963e-10,8.957846523672867,81.63364731412074,-0.14770510819024935,-0.15478230552600614,0.2139494358240731,False,223.65971424122543
2020-07-02 10:00:00,-145152.36741,922498.17359,1.1641532182693481e-10,8.942007261235547,81.63119185489879,-0.141758573767809,-0.15052384201247243,0.20676779306961496,False,223.2822695549566
2020-07-02 10:30:00,-144944.90193,922802.49916,1.1999816708318134e-10,8.92653523560635,81.62878179838269,-0.13722240683200354,-0.1471781203167633,0.2012247202426768,False,222.99512490143272
2020-07-02 11:00:00,-144746.56439,923098.2505,1.1999816708318134e-10,8.911706509281492,81.62643448857129,-0.12726014782590958,-0.1426379033046369,0.1911562624760573,False,221.7390319266883
2020-07-02 11:30:00,-144571.8428,923380.76776,2.3283064365386963e-10,8.898441864899022,81.6241712140457,-0.12752809622992936,-0.13928984890106896,0.1888519984932983,False,222.47594640826298
2020-07-02 12:00:00,-144370.55399,923664.674,1.1641532182693481e-10,8.883562544425489,81.62193200569388,-0.1365783497838294,-0.13707703094080534,0.19350389670810392,False,224.8955902350083
2020-07-02 12:30:00,-144162.26505,923944.25438,0.0,8.86830824800432,81.6197402954192,-0.13569431475347687,-0.13595650078021806,0.19208622324575256,False,224.94470052267087
2020-07-02 13:00:00,-143963.34883,924223.57524,1.3015628661377063e-10,8.853631644437923,81.61753733712396,-0.13092487478759204,-0.13888857944529195,0.19087000900738132,False,223.3093718007916
2020-07-02 13:30:00,-143773.50674,924510.83836,0.0,8.839437087860505,81.61525083839469,-0.1279184806482293,-0.14357164794859442,0.19229133050147257,False,221.70017984735847
2020-07-02 14:00:00,-143587.7353,924805.05857,1.1641532182693481e-10,8.825431170164341,81.61289648494096,-0.12829737425264412,-0.1505150390334923,0.19777510767378373,False,220.44391096835415
2020-07-02 14:30:00,-143400.23824,925117.13939,1.1641532182693481e-10,8.811161286260452,81.61038552124599,-0.13254487306696797,-0.1575143814492996,0.20586141877412123,False,220.07987031914138
2020-07-02 15:00:00,-143203.065,925438.50913,1.1641532182693481e-10,8.796227947903565,81.60780489434036,-0.14123014372115159,-0.16251784954652848,0.21530909157935066,False,220.991069345018
2020-07-02 15:30:00,-142987.25811,925773.07167,0.0,8.780054228764117,81.60513216224831,-0.14988690110863276,-0.16878650692552682,0.22573207136796042,False,221.60592729082208
2020-07-02 16:00:00,-142762.54529,926121.3845,1.1999816708318134e-10,8.763224499239826,81.60234891561348,-0.16002243552827733,-0.173063626697707,0.235707867408292,False,222.75786547228032
2020-07-02 16:30:00,-142512.82171,926476.59449,2.9103830456733704e-11,8.744830821819484,81.5995378739727,-0.1700682067123291,-0.17470404092803415,0.24381283159614822,False,224.22964295633307
2020-07-02 17:00:00,-142253.03653,926836.0901,1.1999816708318134e-10,8.725802020401892,81.59670163067216,-0.17676497472783545,-0.17110867771529525,0.2460163325472703,False,225.93152611288716
2020-07-02 17:30:00,-141977.28271,927181.99472,0.0,8.705947527405224,81.59400678678189,-0.18140469321263444,-0.16296109702538125,0.24385237719424788,False,228.06572712697155
2020-07-02 18:00:00,-141696.3029,927514.83959,1.3015628661377063e-10,8.685910711823027,81.5914339339926,-0.18604134538182007,-0.14903318792582407,0.23837422951068274,False,231.3026327696895
2020-07-02 18:30:00,-141396.23914,927813.50484,1.1999816708318134e-10,8.665048779046495,81.58918926496563,-0.1947168734968585,-0.13081552208630143,0.23457911595686268,False,236.1058359495718
2020-07-02 19:00:00,-141074.27333,928086.00841,0.0,8.64311635759427,81.58720527367238,-0.2003856259307535,-0.11079223265561709,0.22897449180307458,False,241.0620087418178
2020-07-02 19:30:00,-140742.98251,928316.23711,0.0,8.621018357423258,81.5856079005692,-0.20146137425069083,-0.08269549664573606,0.2177733465795616,False,247.68292024307024
2020-07-02 20:00:00,-140401.83199,928489.06378,0.0,8.59885757112206,81.58453213823846,-0.1930839022339093,-0.05012920377812867,0.19948516329116558,False,255.44596788368904
2020-07-02 20:30:00,-140082.67621,928598.60232,1.1641532182693481e-10,8.578605201940725,81.58398757684843,-0.18708381174222138,-0.018049667538670065,0.18795250228250607,False,264.4892141699055
2020-07-02 21:00:00,-139745.55794,928653.77925,2.346425826049686e-10,8.557765320600389,81.58394865109116,-0.18927337513138603,0.006361299855358146,0.18938024360919004,False,271.92493261758125
2020-07-02 21:30:00,-139405.47059,928677.35097,1.1641532182693481e-10,8.537032742375708,81.58419321184212,-0.17173879157225397,0.03354181824049614,0.17498361666617984,False,281.05116314394445
2020-07-02 22:00:00,-139116.22328,928626.1464,3.5045652704989467e-10,8.520042647217476,81.58503307265968,-0.1482158372306812,0.07281601259724212,0.16513662857329234,False,296.1641302946963
2020-07-02 22:30:00,-138838.94498,928497.15855,2.346425826049686e-10,8.504473515415688,81.58654704953659,-0.12993680466125823,0.10281479316131292,0.16569385896399882,False,308.3534296026984
2020-07-02 23:00:00,-138598.8565,928329.26031,1.1641532182693481e-10,8.49149470711403,81.58835665366679,-0.1060009381313385,0.11615703590900195,0.15725347651447655,False,317.6174917777178
2020-07-02 23:30:00,-138399.77744,928139.92578,3.5045652704989467e-10,8.48117983437253,81.59030189843743,-0.08612437921357761,0.12333608415653617,0.15043004470514623,False,325.0737803896552
2020-07-03 00:00:00,-138226.71471,927935.83319,1.1999816708318134e-10,8.4725644898876,81.59234352116185,-0.07229186714561704,0.12017738371023114,0.14024520530426582,False,328.9712811589458
2020-07-03 00:30:00,-138078.6238,927750.35304,1.1641532182693481e-10,8.465286413846695,81.5941866421361,-0.0641720418225489,0.1029854687636974,0.1213427283694967,False,328.07224657824054
2020-07-03 01:00:00,-137943.63443,927603.13311,1.1999816708318134e-10,8.458453078649569,81.595672515422,-0.06141949320653699,0.07918558636957852,0.10021332862669428,False,322.201420208248
2020-07-03 01:30:00,-137817.98739,927500.90926,2.9103830456733704e-11,8.451777887858697,81.59674630170795,-0.06230503752335774,0.05928508554292705,0.0860037154349694,False,313.57722871152976
2020-07-03 02:00:00,-137690.40344,927424.99129,2.9103830456733704e-11,8.444747827570406,81.59758888511845,-0.0663664429928684,0.04172271354857876,0.0783918974217515,False,302.1564186012082
2020-07-03 02:30:00,-137559.6006,927387.42261,0.0,8.437177878637408,81.59809496740607,-0.06997030570796649,0.022599347200036733,0.07352941027054477,False,287.89966946784193
2020-07-03 03:00:00,-137429.2993,927381.47314,1.1641532182693481e-10,8.42935406064646,81.59831939782738,-0.07120844141139913,0.0009741686166217789,0.07121510466701761,False,270.783787251267
2020-07-03 03:30:00,-137305.50538,927421.53185,1.1641532182693481e-10,8.421511436352974,81.59812645675909,-0.0748695001552618,-0.029231728676524932,0.0803737271433689,False,248.6725495438581
2020-07-03 04:00:00,-137178.08735,927525.04656,1.1999816708318134e-10,8.412882715617533,81.5973744735163,-0.08810742731614654,-0.0635938874510569,0.10866048623767399,False,234.1791269502041
2020-07-03 04:30:00,-137025.22662,927694.4125,1.1999816708318134e-10,8.40212966793275,81.59607074770804,-0.10943375418424468,-0.09450158148323758,0.14459009460433547,False,229.1877316108202
2020-07-03 05:00:00,-136838.06505,927919.16637,2.9103830456733704e-11,8.388813327678198,81.59431965210916,-0.13533533506303572,-0.11726252798761995,0.17907024707268235,False,229.0924101102003
2020-07-03 05:30:00,-136604.81882,928183.1196,1.1641532182693481e-10,8.372369398112642,81.59228013914431,-0.16264512911709383,-0.13357993690820974,0.21046861421579566,False,230.60384504653908
2020-07-03 06:00:00,-136328.80281,928480.18471,0.0,8.353056071927238,81.59000156803425,-0.18763054977625457,-0.1461626036781405,0.23784181701986873,False,232.081712285741
2020-07-03 06:30:00,-136012.95467,928801.85021,1.1641532182693481e-10,8.331130003854915,81.58755530810463,-0.20962852949150076,-0.1549755647664128,0.2606943537007229,False,233.5249792883416
2020-07-03 07:00:00,-135662.9419,929141.55517,2.3283064365386963e-10,8.306994804820013,81.58499185800783,-0.23256435927906546,-0.15317384057853667,0.27847514546986274,False,236.62990491547137
2020-07-03 07:30:00,-135264.17543,929468.45129,1.1641532182693481e-10,8.28004384022345,81.58260377627082,-0.260651146273134,-0.14495286172574307,0.29824545625370574,False,240.92076514394554
2020-07-03 08:00:00,-134809.52865,929793.0783,1.1641532182693481e-10,8.249755469007946,81.58030600078474,-0.28841530922012754,-0.13478396043355342,0.3183553149904922,False,244.95209510336798
2020-07-03 08:30:00,-134306.24836,930097.63577,1.1999816708318134e-10,8.216723835255074,81.57824664488501,-0.30909665030495254,-0.11742858965864947,0.3306511952178029,False,249.19776671587522
2020-07-03 09:00:00,-133768.62106,930370.5131,5.820766091346741e-11,8.18191085288642,81.57650994637788,-0.3207822345701612,-0.09344560822870884,0.3341157340100272,False,253.75887156967602
2020-07-03 09:30:00,-133211.06279,930594.96508,2.399963341663627e-10,8.146327980792744,81.57522592653322,-0.3250407900215101,-0.0709145165830494,0.3326866150599014,False,257.69256872302935
2020-07-03 10:00:00,-132646.45704,930789.0411,1.1641532182693481e-10,8.110591935237982,81.57421760366918,-0.3207027622324,-0.046785472727116875,0.324097426959535,False,261.70000010414844
2020-07-03 10:30:00,-132091.84342,930924.59409,2.399963341663627e-10,8.075968224350417,81.57371367466726,-0.3128591349014001,-0.01735277404579179,0.3133400023270836,False,266.8253347011622
2020-07-03 11:00:00,-131540.11013,931009.1199,4.656612873077393e-10,8.04195741867225,81.57365672465355,-0.3016532288513904,0.013810309991150724,0.3019691956781701,False,272.62128914800064
2020-07-03 11:30:00,-131009.61583,931027.28861,1.1999816708318134e-10,8.009792111091205,81.57416025370216,-0.28623556080974044,0.04718918401135509,0.2900993198194786,False,279.3616520014866
2020-07-03 12:00:00,-130496.04326,930984.48119,2.332849477807962e-10,7.979160107627323,81.57518225102172,-0.26533977500836275,0.08326534187131389,0.278097668739663,False,287.4221954808469
2020-07-03 12:30:00,-130022.03062,930863.03273,0.0,7.951571996252489,81.57685205313416,-0.2430185082890472,0.11581922905683185,0.26920640629515596,False,295.4818171619843
2020-07-03 13:00:00,-129571.90906,930692.56638,1.4551915228366852e-11,7.925827846442776,81.57892625692672,-0.24171715644440914,0.11188576993498214,0.266356169880697,False,294.8384223448669
2020-07-03 13:30:00,-129104.62039,930584.0819,2.3283064365386963e-10,7.898514486126251,81.58046867175408,-0.2427591626479517,0.09165386751450258,0.2594849561726087,False,290.6840591857823
2020-07-03 14:00:00,-128660.92516,930485.8376,1.4551915228366852e-11,7.872531147877983,81.58188907051814,-0.21770499927146772,0.08521926408111821,0.23379005470361036,False,291.37754914101447
2020-07-03 14:30:00,-128286.2481,930387.53229,2.9103830456733704e-11,7.850710637251309,81.58322364776186,-0.1836248558405994,0.07459772217910922,0.19819916204866375,False,292.1094816862799
2020-07-03 15:00:00,-127969.38934,930310.09718,2.346425826049686e-10,7.832204576510786,81.58430061811853,-0.16920647674877953,0.04524225173530731,0.1751504870556065,False,284.969512334452
2020-07-03 15:30:00,-127660.59226,930309.18899,1.173212913024843e-10,7.813546302622805,81.58468609815672,-0.16880889307649002,0.023683086441036807,0.17046211005699613,False,277.98620130357153
2020-07-03 16:00:00,-127355.72853,930308.24797,2.3283064365386963e-10,7.795124387061704,81.5850661857366,-0.176717448990003,0.02624309660312176,0.1786554138470343,False,278.44687087896534
2020-07-03 16:30:00,-127017.47438,930301.87313,1.243316182127096e-10,7.7747268615453295,81.58553430818125,-0.19337015605787464,0.02801493740085164,0.19538898119244194,False,278.24349915534367
2020-07-03 17:00:00,-126652.35174,930302.49308,0.0,7.752644812263742,81.585971676894,-0.20247142613258298,0.033632625903579745,0.2052457841840659,False,279.43131357368145
2020-07-03 17:30:00,-126278.90666,930280.22816,1.1999816708318134e-10,7.730245043896799,81.58662146448455,-0.20552858867371682,0.036838848846476854,0.20880397876128567,False,280.1617641578471
2020-07-03 18:00:00,-125901.33421,930270.60224,1.173212913024843e-10,7.707488728728149,81.58716247141052,-0.20353500831638477,0.03648212198536061,0.20677873400063543,False,280.1619282270017
2020-07-03 18:30:00,-125535.18614,930248.34912,2.3283064365386963e-10,7.685523627547242,81.58780079338221,-0.19928264767536405,0.04045279964284551,0.20334700062564848,False,281.47467731675727
2020-07-03 19:00:00,-125170.88527,930222.22476,1.1641532182693481e-10,7.663698468595471,81.5884701142283,-0.19566973543253222,0.04441297451478837,0.20064684814242262,False,282.7882772409789
2020-07-03 19:30:00,-124815.74475,930183.82959,1.4551915228366852e-11,7.6425237284102865,81.5892364760082,-0.19276681559584477,0.05086758978777996,0.1993653853751455,False,284.78232840034184
2020-07-03 20:00:00,-124458.73517,930133.01931,2.9103830456733704e-11,7.621332562885315,81.59011440422584,-0.19053463131085774,0.06540214962294637,0.20144698286166202,False,288.94508938462343
2020-07-03 20:30:00,-124104.65302,930041.4328,1.1641532182693481e-10,7.600643496147226,81.59135062093424,-0.19191598223255696,0.08548185151350969,0.21009257762820854,False,294.00880733385384
2020-07-03 21:00:00,-123733.20452,929919.37169,1.173212913024843e-10,7.579142487191059,81.5928775502644,-0.1908176318900353,0.10371025367029962,0.21718007587363744,False,298.5242819783327
2020-07-03 21:30:00,-123374.46683,929761.94246,2.346425826049686e-10,7.558687594301743,81.59470309446745,-0.18233532997542812,0.12075815390823015,0.21869774642774,False,303.515954982784
2020-07-03 22:00:00,-123025.31607,929574.76474,0.0,7.539043034176583,81.59678107489957,-0.17162846769976156,0.14203404967556343,0.22277792124043289,False,309.6100338156774
2020-07-03 22:30:00,-122694.85892,929336.10456,1.243316182127096e-10,7.520933326093814,81.59929438384349,-0.15158964885201273,0.16173577140955853,0.22167065974666447,False,316.85470727029303
2020-07-03 23:00:00,-122408.07851,929068.95377,1.4551915228366852e-11,7.505687865460999,81.60200925693255,-0.12717222624532273,0.1679008757897659,0.21062639725153623,False,322.8588222735905
2020-07-03 23:30:00,-122162.0064,928796.6429,1.1641532182693481e-10,7.492942237855997,81.60472180831961,-0.10606461951969313,0.16995751953049412,0.2003378695075286,False,328.03313691309575
2020-07-04 00:00:00,-121949.71903,928512.12383,1.173212913024843e-10,7.482335040084316,81.60750312548357,-0.08428640382760272,0.17017295668285384,0.18990269365223383,False,333.65085644040863
2020-07-04 00:30:00,-121781.38301,928228.74965,1.173212913024843e-10,7.474378758773864,81.61022262946237,-0.05932655174634155,0.165441570647828,0.17575708532099524,False,340.2724104685958
2020-07-04 01:00:00,-121660.48218,927949.37734,1.173212913024843e-10,7.4692648796619965,81.61285098138072,-0.040235153367190815,0.15583132005547873,0.16094181519019354,False,345.52259827579115
2020-07-04 01:30:00,-121564.83964,927691.3463,1.4551915228366852e-11,7.4655116908069905,81.61525979819906,-0.031581644884161236,0.14328965871757357,0.14672875174616587,False,347.5704926679393
2020-07-04 02:00:00,-121480.72888,927452.67942,2.332849477807962e-10,7.462302701803499,81.61748273013067,-0.02498384642608504,0.11061629916486655,0.11340263763763812,False,347.27270090359633
2020-07-04 02:30:00,-121423.94136,927308.18142,1.243316182127096e-10,7.460002840029403,81.61883539902097,-0.01599568101706019,0.07073482157874936,0.07252087144386121,False,347.25768652348614
2020-07-04 03:00:00,-121390.5702,927207.66587,2.3283064365386963e-10,7.458775069191654,81.61976918605286,-0.012213863419970012,0.050302995317708904,0.05176456121300677,False,346.3523540560791
2020-07-04 03:30:00,-121356.8356,927134.33079,2.3283064365386963e-10,7.457308773941709,81.62046140437924,-0.017459277337728892,0.03531645689007611,0.03939642740686442,False,333.6937454565952
2020-07-04 04:00:00,-121311.74735,927089.75957,2.3283064365386963e-10,7.454923652199831,81.62091075867242,-0.02568113700959573,0.01912516965888959,0.03202019538645788,False,306.6756681308762
2020-07-04 04:30:00,-121256.23188,927078.05746,1.1999816708318134e-10,7.451643430016771,81.62107960402385,-0.0370661908098851,0.001063103074524968,0.03708143321531512,False,271.6428617062188
2020-07-04 05:00:00,-121178.93965,927103.27025,0.0,7.4467466186006375,81.62094510574033,-0.053650420578399124,-0.02042963180186836,0.05740851403580329,False,249.15358483667083
2020-07-04 05:30:00,-121074.25136,927176.01586,0.0,7.439808148331935,81.6204192012676,-0.07752868426363509,-0.040001111896866524,0.08723981795393693,False,242.70841912167293
2020-07-04 06:00:00,-120920.83233,927282.20151,2.9103830456733704e-11,7.42964484307033,81.6196520301715,-0.10350050162266453,-0.0548947823660704,0.11715712085554772,False,242.05933472805762
2020-07-04 06:30:00,-120730.33191,927420.15857,0.0,7.416979359692883,81.61864469582343,-0.12337118312575839,-0.06454166954049476,0.13923388931191946,False,242.38367197513017
2020-07-04 07:00:00,-120510.40612,927569.94075,0.0,7.402436148298641,81.61756570274274,-0.14208732911243138,-0.06734583748215624,0.15723953358006817,False,244.64021926840778
2020-07-04 07:30:00,-120254.31672,927726.48534,2.9103830456733704e-11,7.385646893314336,81.61646769944728,-0.16431808687400107,-0.05740786529056164,0.17405773947501166,False,250.7421000137688
2020-07-04 08:00:00,-119950.33545,927850.93587,2.332849477807962e-10,7.36620537208287,81.61570991014415,-0.1846205649925103,-0.04299183354199788,0.1895601507950882,False,256.89137957815166
2020-07-04 08:30:00,-119615.01118,927965.19178,1.173212913024843e-10,7.344943601839701,81.6150779224272,-0.20312292779182578,-0.03418129355377564,0.20597884508786976,False,260.44782634185765
2020-07-04 09:00:00,-119240.82452,928066.46278,2.399963341663627e-10,7.321426128127009,81.61460489299334,-0.213273473981269,-0.020683115265613006,0.21427404406770703,False,264.4608165682937
2020-07-04 09:30:00,-118862.97528,928136.88694,2.332849477807962e-10,7.29792878913763,81.61440935530126,-0.21462039233335986,0.0022495424062135214,0.21463218129246756,False,270.60052339212507
2020-07-04 10:00:00,-118473.42146,928156.57669,0.0,7.274114971694074,81.61467758884349,-0.21045201138360345,0.023290445561421173,0.2117368507129873,False,276.3151500360667
2020-07-04 10:30:00,-118100.82938,928149.64424,4.656612873077393e-10,7.251535773580917,81.61516227717527,-0.1938776190837353,0.03650491801851195,0.19728441454183918,False,280.6632901187095
2020-07-04 11:00:00,-117764.45634,928114.31044,2.346425826049686e-10,7.231373359527043,81.61585771846055,-0.17070673510940254,0.05081389636404615,0.17810907185039102,False,286.5765731458438
2020-07-04 11:30:00,-117468.14668,928045.52591,1.173212913024843e-10,7.213899243146491,81.61680493153803,-0.14250497890492397,0.06635841819578397,0.15719767389544725,False,294.9693633140645
2020-07-04 12:00:00,-117225.50094,927941.73279,5.820766091346741e-11,7.19995129497606,81.61800284985978,-0.11075690636418645,0.07637012088352912,0.13453433640201307,False,304.58739706730415
2020-07-04 12:30:00,-117038.1079,927822.73451,1.173212913024843e-10,7.189474500801583,81.6192736490297,-0.08252144026794882,0.07307039501529716,0.11022282309752462,False,311.52397900508714
2020-07-04 13:00:00,-116897.83807,927717.92707,1.4551915228366852e-11,7.181750724626597,81.62036485984115,-0.06182683032923205,0.06761123593193019,0.09161788129400711,False,317.55876557159047
2020-07-04 13:30:00,-116786.84827,927609.06955,1.4551915228366852e-11,7.175836268422311,81.62145916144982,-0.0533326129309646,0.06104958091001119,0.08106428887822366,False,318.8596975492384
2020-07-04 14:00:00,-116679.8909,927523.85332,2.9103830456733704e-11,7.169984634958939,81.62233823988718,-0.050669530693732846,0.05017174734081664,0.07130642027162686,False,314.71717282707993
2020-07-04 14:30:00,-116583.32077,927452.63092,2.9103830456733704e-11,7.164656520750845,81.62308092969457,-0.04831444898396281,0.04402849667893891,0.06536661610050867,False,312.34261377381455
2020-07-04 15:00:00,-116487.54834,927388.28136,1.173212913024843e-10,7.1593234745030925,81.62376142425482,-0.05053932074000885,0.039325640849275714,0.06403693441341263,False,307.88718797016236
2020-07-04 15:30:00,-116385.15374,927334.83756,2.3283064365386963e-10,7.1535034934162125,81.62435209071101,-0.0568488211159277,0.03211149403709091,0.06529116717876066,False,299.4602673773024
2020-07-04 16:00:00,-116270.08999,927299.0652,3.4924596548080444e-10,7.146777207807919,81.62479938610528,-0.06487909131076028,0.02242807820336504,0.06864630493483409,False,289.06977570663
2020-07-04 16:30:00,-116143.35852,927283.78194,1.1641532182693481e-10,7.139184269667418,81.62507704294288,-0.06978089692033569,0.01566883500290189,0.07151843094863504,False,282.65547661261974
2020-07-04 17:00:00,-116013.81599,927274.31527,1.1641532182693481e-10,7.1313755379862,81.62530586318377,-0.07320405496716921,0.014003237929262204,0.07453136478114337,False,280.8293123589947
2020-07-04 17:30:00,-115875.60425,927266.47673,2.3283064365386963e-10,7.123026567988209,81.62552967407335,-0.08563115710020915,0.0038432988577807425,0.08571736120781435,False,272.56982540030253
2020-07-04 18:00:00,-115706.20736,927298.81201,0.0,7.112474764113328,81.62543004120717,-0.08226113291081436,0.0029835761216411997,0.08231522164365647,False,272.0771829144511
2020-07-04 18:30:00,-115580.41306,927292.48584,1.4551915228366852e-11,7.104869214502035,81.62562618388152,-0.07525997949214183,0.010249501252374853,0.07595470221836198,False,277.7552826601377
2020-07-04 19:00:00,-115432.78805,927295.70806,3.4924596548080444e-10,7.095862684476502,81.6257613174652,-0.10251523284449642,-0.0019979336001947814,0.1025346999987424,False,268.88349594640783
2020-07-04 19:30:00,-115215.07336,927345.21259,1.4551915228366852e-11,7.08224116332395,81.62556146900206,-0.11167030605482056,0.001593634698752627,0.11168167676897747,False,270.8176062887784
2020-07-04 20:00:00,-115033.13488,927339.58051,0.0,7.071213266885488,81.6258129119808,-0.0974203112949223,0.026245533841473045,0.10089373171522338,False,285.07780390562937
2020-07-04 20:30:00,-114855.39655,927294.62112,1.4551915228366852e-11,7.060736714162412,81.62640984743894,-0.09087655471289845,0.04646922414429473,0.10206829570958423,False,297.0826805594471
2020-07-04 21:00:00,-114687.89687,927213.77439,2.346425826049686e-10,7.051151950225815,81.62731501013168,-0.06904948465996721,0.07075640390832008,0.09886505968159015,False,315.69950136479264
2020-07-04 21:30:00,-114577.42978,927072.33886,2.3283064365386963e-10,7.045492475882994,81.62869705854344,-0.04592372854825969,0.09754206982755731,0.10781207831230372,False,334.788500382245
2020-07-04 22:00:00,-114480.74849,926885.55284,0.0,7.041011494708205,81.63046797875064,-0.04085787907976264,0.10552355424216747,0.1131573540818102,False,338.83399386389954
2020-07-04 22:30:00,-114384.88447,926713.34896,3.4924596548080444e-10,7.0364687793398355,81.63210800141665,-0.03046703243534759,0.10353086314624617,0.10792071019606606,False,343.601913784791
2020-07-04 23:00:00,-114326.23574,926529.08493,2.3283064365386963e-10,7.034281760192646,81.6338145268139,-0.007106616098344683,0.10451811757686777,0.10475944298334736,False,356.11021167053246
2020-07-04 23:30:00,-114313.41458,926343.04894,1.173212913024843e-10,7.034899174188805,81.63548644297174,0.01781561868078147,0.10169705979290107,0.10324576620617383,False,9.936431136482952
2020-07-05 00:00:00,-114345.05029,926157.87667,0.0,7.038219339768098,81.63710175774098,0.028462328870676554,0.08384863985628031,0.08854771917158988,False,18.749724870577552
2020-07-05 00:30:00,-114378.12013,926030.91332,0.0,7.041190007768383,81.63819675735637,0.020725995153619232,0.06149076372505405,0.06488975958191147,False,18.626835210202273
2020-07-05 01:00:00,-114391.96539,925929.03306,2.3283064365386963e-10,7.042800830006682,81.63908938272506,0.03875141380758009,0.049780934571892345,0.06308576320325637,False,37.89857640605686
2020-07-05 01:30:00,-114494.59939,925835.94931,0.0,7.049757765858866,81.63980580841564,0.0574935736221839,0.050370164823309214,0.07643732407781435,False,48.77837315347341
2020-07-05 02:00:00,-114575.12232,925723.66882,0.0,7.055512883317979,81.64071755687587,0.04897079486323928,0.0463816968170332,0.06744924424457735,False,46.55536522584373
2020-07-05 02:30:00,-114649.04969,925648.58513,1.173212913024843e-10,7.060586280867298,81.64130504941272,0.04200484042199633,0.020015564573365254,0.04652987689719296,False,64.52191342162223
2020-07-05 03:00:00,-114716.33598,925633.57174,1.1999816708318134e-10,7.064801631037794,81.64136454545196,0.03724327968208518,-0.021308752187945403,0.0429083302085421,False,119.7760429656833
2020-07-05 03:30:00,-114791.54244,925708.22399,1.1999816708318134e-10,7.068822038368117,81.64061627232081,0.020231260667755886,-0.05973425640819315,0.0630673076708246,False,161.28938938171495
2020-07-05 04:00:00,-114815.07847,925838.01765,2.346425826049686e-10,7.069275558612627,81.63943372888201,-0.011427181871952869,-0.06813997601647563,0.06909151045577569,False,189.5200062653035
2020-07-05 04:30:00,-114780.9067,925956.72593,2.9103830456733704e-11,7.06629598921576,81.63841371836345,-0.04966865726770027,-0.07081902441010951,0.08650034527778465,False,215.04375558370685
2020-07-05 05:00:00,-114668.99262,926113.02612,2.346425826049686e-10,7.058296325944947,81.63714451669392,-0.08108258635851456,-0.10004250080785626,0.12877456184540445,False,219.02412362060895
2020-07-05 05:30:00,-114535.47679,926350.01766,1.173212913024843e-10,7.048375166051779,81.6351799146313,-0.1092242506986972,-0.13120606437941415,0.17071897454772514,False,219.7761437581386
2020-07-05 06:00:00,-114336.71662,926630.04783,3.49548998913504e-10,7.034161342868717,81.63290329276981,-0.14209599468131334,-0.15023245615201447,0.20678748169543237,False,223.40568178079457
2020-07-05 06:30:00,-114094.01293,926949.42823,2.332849477807962e-10,7.016984559080577,81.63032368934313,-0.17222316054366937,-0.14869234090418781,0.2275307215986837,False,229.19365291432578
2020-07-05 07:00:00,-113786.75031,927237.07273,1.1641532182693481e-10,6.996125536985482,81.62809678242577,-0.1986270873826332,-0.1414381330314587,0.2438390151668367,False,234.54613892872337
2020-07-05 07:30:00,-113446.29838,927541.90997,1.1641532182693481e-10,6.9731296394155375,81.6257517153399,-0.21570684808132393,-0.14366232810862362,0.2591684950505543,False,236.33609643270302
2020-07-05 08:00:00,-113078.73778,927844.70711,1.1641532182693481e-10,6.948512233891319,81.62345292717006,-0.22317389363532117,-0.13652046204791937,0.26161885130496054,False,238.54494195585045
2020-07-05 08:30:00,-112708.2305,928126.97025,2.3283064365386963e-10,6.9238807502938675,81.62133880549713,-0.2217623077683369,-0.12710682761112904,0.2556064685646744,False,240.18009013265836
2020-07-05 09:00:00,-112341.37775,928395.1955,1.1641532182693481e-10,6.8995872739028545,81.61934432108265,-0.21579952505907984,-0.11268291624057572,0.2434478889376637,False,242.42802108103484
2020-07-05 09:30:00,-111985.70983,928623.0172,1.1641532182693481e-10,6.8762818244989115,81.617696475177,-0.21000117795282297,-0.10055474341103575,0.23283417095442083,False,244.41352895721298
2020-07-05 10:00:00,-111634.15187,928845.10199,1.1641532182693481e-10,6.853277359719296,81.616093978487,-0.20745322804604915,-0.10765697048014847,0.23372390789067693,False,242.57313629530046
2020-07-05 10:30:00,-111290.46141,929096.93049,1.1641532182693481e-10,6.830543390662994,81.61421655192413,-0.2077096438466623,-0.12194572541998672,0.240861072187089,False,239.58292929322656
2020-07-05 11:00:00,-110943.91679,929369.92358,1.4551915228366852e-11,6.80749251592204,81.61215214146343,-0.21195277790415074,-0.13106681952079913,0.2492037143394616,False,238.26828776969117
2020-07-05 11:30:00,-110588.73982,929655.88943,0.0,6.7838345786419065,81.60997985763557,-0.2107021476885277,-0.1317877473448212,0.2485224444406995,False,237.97528062313086
2020-07-05 12:00:00,-110246.74178,929930.63807,4.3655745685100555e-11,6.761070398639089,81.60789222691724,-0.20278265030469675,-0.12660617795053378,0.23906051024759223,False,238.02164337778066
2020-07-05 12:30:00,-109917.45793,930194.44647,1.173212913024843e-10,6.739168398881969,81.60588742483371,-0.1959715216189409,-0.12325757910696704,0.23151083796002567,False,237.8318894985877
2020-07-05 13:00:00,-109598.19007,930454.08938,2.9103830456733704e-11,6.717914967014559,81.60390801687261,-0.1946464670832203,-0.12259638804406991,0.23003721766147178,False,237.7955811614407
2020-07-05 13:30:00,-109273.17109,930714.7352,1.4551915228366852e-11,6.696315156150044,81.60192452716181,-0.20125807458279438,-0.11179306818440135,0.23022272407139968,False,240.94908847351292
2020-07-05 14:00:00,-108925.53265,930938.284,1.4551915228366852e-11,6.673615772858718,81.60029428421154,-0.20942433391372828,-0.09180441038999783,0.22866263665554087,False,246.32901111043688
2020-07-05 14:30:00,-108562.75994,931130.6082,1.4551915228366852e-11,6.650227445763619,81.59895693888674,-0.21384589770987167,-0.07637856091496442,0.2270765345313818,False,250.3449816613858
2020-07-05 15:00:00,-108192.7101,931300.55095,3.519638739074529e-10,6.626562652501442,81.59782535313701,-0.21640009951031636,-0.06613704711492802,0.2262810466414654,False,253.00559416071053
2020-07-05 15:30:00,-107816.39948,931457.0104,1.173212913024843e-10,6.602618939385316,81.59681905963089,-0.22168348846661706,-0.05886325341351692,0.2293653235804241,False,255.1294901899267
2020-07-05 16:00:00,-107424.30836,931602.81623,1.1641532182693481e-10,6.577797725543442,81.59592255811235,-0.22749388844791385,-0.05680763570467871,0.23447937383809977,False,255.9793635398257
2020-07-05 16:30:00,-107026.23941,931753.9874,1.173212913024843e-10,6.552581591206493,81.59498274022665,-0.2337882374223566,-0.05694097489910356,0.24062255625670784,False,256.3116720678994
2020-07-05 17:00:00,-106611.56081,931902.50814,1.4551915228366852e-11,6.5263814840927035,81.59408188784556,-0.24295721171112195,-0.0487072299759696,0.247791446531907,False,258.66381435024334
2020-07-05 17:30:00,-106177.19143,932027.60998,1.3015628661377063e-10,6.499153951242622,81.5934082176666,-0.25052722924904575,-0.03736919298635054,0.25329893244870777,False,261.5161861968777
2020-07-05 18:00:00,-105730.68596,932138.25721,1.173212913024843e-10,6.471293795083077,81.59287389031986,-0.2536731778077006,-0.02767470435077162,0.2551783109904913,False,263.77388818189274
2020-07-05 18:30:00,-105281.01536,932229.52934,1.1641532182693481e-10,6.443377889243804,81.5925136332356,-0.25413943873857947,-0.015290936048604653,0.2545990319062559,False,266.55680680838094
2020-07-05 19:00:00,-104827.74068,932295.62832,1.1641532182693481e-10,6.415417429649074,81.5923796099216,-0.25388297162414486,0.002211552037352838,0.25389260375820377,False,270.4990858278768
2020-07-05 19:30:00,-104371.8705,932323.74224,2.332849477807962e-10,6.387558423764203,81.59258512859171,-0.24980464365866548,0.021685496466345044,0.2507441340299404,False,274.96139838364866
2020-07-05 20:00:00,-103925.34142,932318.09475,1.1999816708318134e-10,6.3604934916846725,81.59308064623079,-0.23840126055467661,0.037753702942994044,0.2413721258139942,False,278.99874631455793
2020-07-05 20:30:00,-103503.85187,932283.74501,2.3283064365386963e-10,6.335138917171667,81.59380562587539,-0.22422327635333783,0.05237037234788696,0.2302579717588115,False,283.14652812157624
2020-07-05 21:00:00,-103102.26334,932219.78269,1.1999816708318134e-10,6.3111871718188315,81.59477359778845,-0.2090525040474079,0.0767310508664966,0.2226894780082085,False,290.15525796228303
2020-07-05 21:30:00,-102725.4582,932091.91822,1.4551915228366852e-11,6.289162670168733,81.59628605493751,-0.19124691367615176,0.10338291320752627,0.2174014920232342,False,298.39445758257045
2020-07-05 22:00:00,-102377.14721,931925.2655,2.346425826049686e-10,6.269119997867576,81.59811553279545,-0.17095758958325882,0.11894916077248877,0.20826761698496804,False,304.82948961059066
2020-07-05 22:30:00,-102066.93059,931733.46798,4.658886054991198e-10,6.251550722542754,81.60013117281332,-0.1502248409211774,0.13398861182258587,0.20129692230120325,False,311.7304242620214
2020-07-05 23:00:00,-101787.02787,931504.66568,1.1999816708318134e-10,6.236061309692229,81.60244675934575,-0.1268429768954433,0.1492113099891381,0.19583961758636229,False,319.63248450179424
2020-07-05 23:30:00,-101554.64877,931249.08772,1.1999816708318134e-10,6.223630401452179,81.60495448183862,-0.09925584451253969,0.15563561831375788,0.1845918967826139,False,327.47250754338614
2020-07-06 00:00:00,-101371.07227,930986.41655,1.173212913024843e-10,6.214207320107755,81.60747769803226,-0.07392396884811014,0.14866205169931812,0.1660275844120702,False,333.56059317002314
2020-07-06 00:30:00,-101232.15481,930745.85606,2.3283064365386963e-10,6.207349369898099,81.60975996426252,-0.05273710834563033,0.13478523350302538,0.14473514351091038,False,338.631198683355
2020-07-06 01:00:00,-101129.86571,930524.56282,3.49548998913504e-10,6.202589331846383,81.6118345897941,-0.03356907270915354,0.12567633981879392,0.1300823778718755,False,345.04501300203475
2020-07-06 01:30:00,-101063.13059,930309.12676,2.346425826049686e-10,6.199952389400815,81.61382239880014,-0.011770187808181187,0.12697130017979097,0.1275156789982567,False,354.70384031486606
2020-07-06 02:00:00,-101038.3751,930074.71586,1.1641532182693481e-10,6.199995586364365,81.61593886601642,-0.0032929697181389283,0.11849885533287315,0.11854460074067388,False,358.4082148098961
2020-07-06 02:30:00,-101005.27319,929886.30635,1.1999816708318134e-10,6.199226203562206,81.61765279402897,-0.002273828610854088,0.0804543964856048,0.08048652191773749,False,358.3811187780547
2020-07-06 03:00:00,-100998.96059,929787.65765,3.49548998913504e-10,6.19949434668647,81.61853949836562,0.000875358114197978,0.05311430308406976,0.053121515828659434,False,0.9441860760538248
2020-07-06 03:30:00,-100987.75701,929695.87277,2.9103830456733704e-11,6.199419222297123,81.61936967503259,-0.005331127235033028,0.04374008291192084,0.04406376936597481,False,353.0509524332472
2020-07-06 04:00:00,-100962.87631,929633.18673,2.332849477807962e-10,6.198318416301593,81.61995336222809,-0.013588660539208333,0.025569630083278234,0.028956133682615934,False,332.01214746011067
2020-07-06 04:30:00,-100929.18508,929609.64203,2.3283064365386963e-10,6.196421849609096,81.62019619080922,-0.03046764589652388,-0.010606731440443693,0.03226112518691289,False,250.80540970191223
2020-07-06 05:00:00,-100857.95509,929682.98682,0.0,6.191598042868996,81.61961048255051,-0.05669624350650201,-0.03764314360537309,0.06805490642300019,False,236.4180573129274
2020-07-06 05:30:00,-100740.88501,929766.38047,0.0,6.18391651197774,81.61897935897508,-0.0741227559686343,-0.046274924443220025,0.08738164329315072,False,238.0234180016397
2020-07-06 06:00:00,-100610.61095,929877.35149,1.1641532182693481e-10,6.1752502152737,81.61811465929084,-0.08372657892718038,-0.06740411718593248,0.10748699936487335,False,231.16418231415497
2020-07-06 06:30:00,-100467.32064,930040.05055,2.3688801733223527e-10,6.165452740491071,81.61680054261004,-0.10153589703929562,-0.09015496438004916,0.13578459408173807,False,228.39773548696232
2020-07-06 07:00:00,-100282.05346,930239.28989,1.1999816708318134e-10,6.152862642644373,81.61520038237425,-0.12866457337530496,-0.10747224606896097,0.16764503009918466,False,230.12832618466467
2020-07-06 07:30:00,-100048.26491,930474.36752,1.1641532182693481e-10,6.137089013743116,81.61332645710634,-0.15511294989416968,-0.12153492221096007,0.19705523221090912,False,231.92040207855376
2020-07-06 08:00:00,-99773.62197,930734.0061,2.3283064365386963e-10,6.11867570905373,81.61127172510722,-0.17793587714417972,-0.13012085262597747,0.2204373213935879,False,233.82276203219647
2020-07-06 08:30:00,-99461.27455,931008.41113,3.4924596548080444e-10,6.097881180251214,81.60912025497933,-0.19551754098518762,-0.1343348190251521,0.23721920756004325,False,235.50809424299212
2020-07-06 09:00:00,-99125.11346,931289.64463,1.1641532182693481e-10,6.075604395638103,81.60692934025957,-0.20711448811663835,-0.13622047452408512,0.24789600413759,False,236.6668341373424
2020-07-06 09:30:00,-98771.75403,931574.96645,1.4551915228366852e-11,6.052266841249343,81.6047169303971,-0.21673058910811294,-0.13732108781668334,0.2565720745020918,False,237.64154234188325
2020-07-06 10:00:00,-98401.35498,931863.50914,1.4551915228366852e-11,6.027884750849636,81.60249043017589,-0.2253491938356009,-0.13574634658907325,0.2630766614024057,False,238.93598799531733
2020-07-06 10:30:00,-98016.30066,932146.14341,1.4551915228366852e-11,6.002662385265525,81.60032892693773,-0.2332812002714479,-0.13302522476849502,0.2685439048364271,False,240.30667603423618
2020-07-06 11:00:00,-97616.22717,932427.59731,1.4551915228366852e-11,5.976547598746309,81.59819037413354,-0.24034050864060497,-0.12478105650462323,0.2708022750200498,False,242.56236210930413
2020-07-06 11:30:00,-97202.55023,932683.00207,2.332849477807962e-10,5.949784386744124,81.59629537004537,-0.24458815361763525,-0.11357224443059533,0.2696702052416745,False,245.09263756017586
2020-07-06 12:00:00,-96782.83418,932925.52652,0.0,5.922747475103534,81.59451915906348,-0.24625932654162747,-0.10197608521382685,0.26653851103409726,False,247.5055345096293
2020-07-06 12:30:00,-96358.63058,933139.63543,2.3283064365386963e-10,5.895627607597137,81.59299900732503,-0.24574041498132104,-0.08519297402494536,0.2600888201718922,False,250.8796568448483
2020-07-06 13:00:00,-95934.35063,933321.46887,0.0,5.868714419467221,81.59176532434337,-0.23740320205013965,-0.0674165893713548,0.2467899448237819,False,254.1467756969595
2020-07-06 13:30:00,-95533.27435,933468.4507,1.4551915228366852e-11,5.843435186729132,81.59081988460422,-0.2228579821163828,-0.04812330582863032,0.2279945893148824,False,257.8148102317395
2020-07-06 14:00:00,-95153.86878,933575.49396,1.173212913024843e-10,5.819725138442346,81.590209842657,-0.2108158728196226,-0.03870113121013166,0.2143387734163913,False,259.5975868539466
2020-07-06 14:30:00,-94792.37617,933684.01199,1.1641532182693481e-10,5.7970974558271156,81.58956893867422,-0.2018970734422504,-0.03817800382464834,0.20547503069857495,False,259.2920114059291
2020-07-06 15:00:00,-94444.63878,933785.64594,2.3283064365386963e-10,5.775350957315389,81.58897579208204,-0.19480444779993736,-0.033494111995079845,0.1976629161501405,False,260.24411906978435
2020-07-06 15:30:00,-94106.77351,933874.54896,2.3283064365386963e-10,5.754285025773786,81.58848628130289,-0.18866757539824458,-0.029354622958940157,0.19093754972690374,False,261.1563075074462
2020-07-06 16:00:00,-93779.4534,933958.88868,2.3283064365386963e-10,5.7338898294667615,81.58802694135393,-0.19096373904945382,-0.03209156732150537,0.19364146850532457,False,260.460545730044
2020-07-06 16:30:00,-93434.28607,934058.18447,2.3283064365386963e-10,5.712322066756863,81.58744885976563,-0.19814231404383148,-0.040090130801712365,0.20215735258046574,False,258.5617616486713
2020-07-06 17:00:00,-93084.0484,934173.49511,1.1999816708318134e-10,5.690352424695365,81.58673100680319,-0.20229045838836585,-0.0451051216594291,0.20725805546440668,False,257.430257637349
2020-07-06 17:30:00,-92725.72919,934291.96991,1.4551915228366852e-11,5.667876686506216,81.5859908087217,-0.20815431975772541,-0.04815811822095005,0.21365258057038392,False,256.9733717752332
2020-07-06 18:00:00,-92355.47864,934420.02449,0.0,5.644622880013845,81.58517425006467,-0.21727938080047027,-0.05040593807267757,0.22304951897285585,False,256.93916914348813
2020-07-06 18:30:00,-91965.16443,934549.48757,1.1641532182693481e-10,5.620146891309966,81.5843613611002,-0.22679622199702365,-0.050223236427208794,0.23229055036601584,False,257.5135516428274
2020-07-06 19:00:00,-91560.64359,934679.9179,2.3283064365386963e-10,5.594807285707327,81.58355072700735,-0.23383596841797893,-0.04680400992932225,0.23847405618104067,False,258.6813938274022
2020-07-06 19:30:00,-91143.7921,934799.24962,2.9103830456733704e-11,5.5687896122684855,81.58284837437523,-0.23770965701242922,-0.03934850508807036,0.24094436264339664,False,260.60095564437165
2020-07-06 20:00:00,-90722.67391,934903.94706,1.4551915228366852e-11,5.542603453386873,81.58227877267153,-0.23706891729107302,-0.032562468487117906,0.2392947678064361,False,262.1791088461104
2020-07-06 20:30:00,-90305.65643,934998.35747,0.0,5.516730120182051,81.58179581090894,-0.23669334210490678,-0.025823746001168834,0.23809788754695685,False,263.77353601243743
2020-07-06 21:00:00,-89883.46201,935078.39939,1.173212913024843e-10,5.490629306081095,81.58144400257112,-0.23725458412035894,-0.018068634561357214,0.23794161729515992,False,265.6449230420037
2020-07-06 21:30:00,-89461.68263,935144.8305,1.1641532182693481e-10,5.464634926689993,81.5812117476501,-0.2321766695311357,-0.0072860186116789245,0.23229096396928556,False,268.2025706478593
2020-07-06 22:00:00,-89053.92262,935184.10763,1.1641532182693481e-10,5.439650158469415,81.58120854740193,-0.2217300178183943,0.008086924652197028,0.22187744173772098,False,272.0887625945734
2020-07-06 22:30:00,-88664.28948,935191.5185,0.0,5.415949495520298,81.58147323862542,-0.20381400320229545,0.031609304652088874,0.20625056616148688,False,278.8157111539406
2020-07-06 23:00:00,-88312.72733,935140.07561,2.9103830456733704e-11,5.394896702437248,81.58223047332665,-0.1818825727462232,0.0586805797731796,0.19111431320364697,False,287.8812023153057
2020-07-06 23:30:00,-87992.551,935042.7661,1.4551915228366852e-11,5.3760085158081985,81.58337020388649,-0.16223622122333448,0.08471554763578786,0.183022718502535,False,297.57239609183796
2020-07-07 00:00:00,-87702.67237,934891.16166,0.0,5.359265169094207,81.5849690057317,-0.14069619778009182,0.09494109211850475,0.16973282252537109,False,304.0112804618739
2020-07-07 00:30:00,-87456.33566,934749.78019,0.0,5.345103148765151,81.58643927899851,-0.12035019105954034,0.09342396709971085,0.15235552538951688,False,307.8210352207359
2020-07-07 01:00:00,-87239.96537,934596.65797,1.1999816708318134e-10,5.33282401023932,81.58798899789716,-0.10047779861396999,0.09279338117314025,0.13677134057927928,False,312.7231323302443
2020-07-07 01:30:00,-87065.13373,934450.78857,1.1999816708318134e-10,5.3230243266548465,81.58943889077918,-0.07999871355302454,0.09054651125534355,0.12082410715851755,False,318.5390934796802
2020-07-07 02:00:00,-86922.97175,934298.8138,1.1641532182693481e-10,5.315242069838075,81.5909159518796,-0.06407987693835608,0.08524029238778531,0.10664022728215648,False,323.0657757592527
2020-07-07 02:30:00,-86807.01152,934166.61286,0.0,5.308938673981826,81.5921943002683,-0.0448400231812527,0.07178630827723168,0.08463983539072498,False,328.00978265999805
2020-07-07 03:00:00,-86738.32859,934056.4276,0.0,5.305384341595815,81.59323646886929,-0.024545799724953667,0.0614141709046224,0.06613770990924697,False,338.21457183055225
2020-07-07 03:30:00,-86698.5822,933954.63958,2.332849477807962e-10,5.303541754849294,81.59417951493919,-0.007588424930280984,0.04424315042810374,0.04488920307519756,False,350.26753417937243
2020-07-07 04:00:00,-86696.40505,933900.35921,3.49548998913504e-10,5.303715821425811,81.59466662487677,0.005735877822729456,0.015418179630287758,0.016450548851302805,False,20.406229314863253
2020-07-07 04:30:00,-86714.0123,933897.46306,1.4551915228366852e-11,5.3048031704087615,81.59467790311434,0.0025839533342972864,-0.015333861543094665,0.015550052239675066,False,170.43478680324063
2020-07-07 05:00:00,-86710.77108,933954.46465,1.4551915228366852e-11,5.304284110452109,81.59417096195722,-0.014220926239659894,-0.04374492648902878,0.045998405805466554,False,198.00869289958268
2020-07-07 05:30:00,-86677.5946,934059.00318,1.4551915228366852e-11,5.301676163004356,81.59326384805968,-0.03221873750294614,-0.0674726097933036,0.07477031575834864,False,205.52486697202033
2020-07-07 06:00:00,-86617.72384,934207.04412,1.173212913024843e-10,5.297200198435466,81.59198990397323,-0.04837514067819463,-0.09300287039436445,0.10483171341357572,False,207.4810496915684
2020-07-07 06:30:00,-86535.09819,934408.46152,1.173212913024843e-10,5.2910415569253235,81.59025751986485,-0.06831413219413163,-0.12165720704207103,0.13952525464128215,False,209.3155033225019
2020-07-07 07:00:00,-86413.22783,934665.82244,1.1641532182693481e-10,5.282185582104804,81.58805729444941,-0.09688044979255703,-0.14719677995530348,0.1762178015446175,False,213.35169826707502
2020-07-07 07:30:00,-86236.59356,934968.22768,0.0,5.2697539473356345,81.58549929324697,-0.12773309754025775,-0.1673127610520548,0.21049775347516417,False,217.35952818643833
2020-07-07 08:00:00,-86010.65286,935307.83644,2.9103830456733704e-11,5.254126799917271,81.58264879274574,-0.15582459201619558,-0.18208516276961104,0.23965873649389363,False,220.55620490833465
2020-07-07 08:30:00,-85738.00896,935672.34981,0.0,5.235535518169515,81.57961324687224,-0.1801257312588933,-0.19228037046332108,0.2634710988458944,False,223.1306364214559
2020-07-07 09:00:00,-85428.06983,936056.32932,2.332849477807962e-10,5.214585752156114,81.57643318291002,-0.20199492732292199,-0.20005335048101783,0.28429437859879236,False,225.27669138262462
2020-07-07 09:30:00,-85079.29226,936455.65192,1.1999816708318134e-10,5.191210326304793,81.5731463417097,-0.22405261093244444,-0.20574209454814485,0.3041864262828029,False,227.4394932467883
2020-07-07 10:00:00,-84691.80464,936866.94289,1.1999816708318134e-10,5.165439250847615,81.56978235948006,-0.2500249370258044,-0.20674201796001412,0.32442985547716824,False,230.41314471340397
2020-07-07 10:30:00,-84249.86597,937277.93736,1.173212913024843e-10,5.136388421344977,81.56646310009023,-0.27874529889981403,-0.1985410539805301,0.3422243296062488,False,234.53898680571365
2020-07-07 11:00:00,-83756.34027,937668.65924,0.0,5.104343018416516,81.56336419825178,-0.3043141084025246,-0.18248146745890317,0.35483314746339334,False,239.05105851259725
2020-07-07 11:30:00,-83217.12692,938029.73461,1.1641532182693481e-10,5.069711744277522,81.56056407275518,-0.321099211427024,-0.16466415724887004,0.36085868184309666,False,242.85061570355182
2020-07-07 12:00:00,-82657.28891,938361.28049,2.3283064365386963e-10,5.034011416397023,81.55804123909337,-0.3291999062966495,-0.1452627401823165,0.3598247378808161,False,246.1900519895969
2020-07-07 12:30:00,-82082.46549,938654.65415,3.4924596548080444e-10,4.9976268579197125,81.55586830054577,-0.33280164767086706,-0.1270215429197957,0.3562182042767739,False,249.10947378472017
2020-07-07 13:00:00,-81503.59323,938921.19025,1.1641532182693481e-10,4.961156875933245,81.5539351741048,-0.3327950442039115,-0.11205191868260495,0.351152636224102,False,251.39164736576888
2020-07-07 13:30:00,-80923.77685,939160.13864,0.0,4.924790343878477,81.55224615161559,-0.32762108478466617,-0.09641192311225528,0.34151256801717395,False,253.60196446268753
2020-07-07 14:00:00,-80358.30789,939368.24405,1.1641532182693481e-10,4.889466814581683,81.55081868230923,-0.31411021455916877,-0.07773280861281896,0.32358556275774136,False,256.10027683911164
2020-07-07 14:30:00,-79820.94672,939535.34047,1.1641532182693481e-10,4.8560678925512475,81.54973354805416,-0.2964643007037802,-0.061502126123643516,0.30277647383756545,False,258.28011313061774
2020-07-07 15:00:00,-79313.61019,939679.20463,1.1641532182693481e-10,4.824613983458322,81.54883073886238,-0.28476285682498775,-0.05113728988763025,0.28931800331845925,False,259.8194196335684
2020-07-07 15:30:00,-78814.91613,939805.00331,1.1641532182693481e-10,4.793781711985889,81.54808054258251,-0.27852822753543455,-0.04813671387195532,0.28265724253310986,False,260.1946997047518
2020-07-07 16:00:00,-78328.89806,939935.68608,1.1641532182693481e-10,4.763697639981515,81.54727473744056,-0.2766084313227586,-0.04921753918465985,0.280953003974385,False,259.91082707819487
2020-07-07 16:30:00,-77837.27999,940064.27126,1.173212913024843e-10,4.733290825612117,81.54648951774523,-0.27440880883966773,-0.04499692415153764,0.2780735829810242,False,260.68764556645215
2020-07-07 17:00:00,-77357.76231,940178.63934,0.0,4.703692910166311,81.54582023470272,-0.2713346914726773,-0.04416935993775615,0.274906251572939,False,260.75417603012113
2020-07-07 17:30:00,-76876.80411,940302.84611,1.173212913024843e-10,4.673963796602933,81.54506169333033,-0.2720435286594099,-0.052177209055364895,0.2770020625018349,False,259.14267708427394
2020-07-07 18:00:00,-76396.96853,940445.65612,1.1999816708318134e-10,4.644216493400741,81.5441335570543,-0.2727539128238275,-0.06295171074760263,0.27992430199387464,False,257.00368793679104
2020-07-07 18:30:00,-75916.46345,940608.23194,1.173212913024843e-10,4.614338648095822,81.54302671003764,-0.27624668053898427,-0.0743040457324316,0.2860652368272225,False,254.94506172338288
2020-07-07 19:00:00,-75427.22334,940792.28862,3.4924596548080444e-10,4.583835806125369,81.54173155832916,-0.282138797481811,-0.08348010206695082,0.29422989053729887,False,253.51740479309152
2020-07-07 19:30:00,-74928.03007,940988.97145,1.1641532182693481e-10,4.552679236664315,81.54032808073096,-0.28848998671620785,-0.08240376262730076,0.30002808623636273,False,254.05863417351313
2020-07-07 20:00:00,-74415.48336,941170.44285,2.3283064365386963e-10,4.5207978993185485,81.53906771342348,-0.29753148431288173,-0.07253757264224013,0.3062461160606855,False,256.2986885458327
2020-07-07 20:30:00,-73880.83212,941333.72045,0.0,4.487675267963761,81.53798312325213,-0.3047589194085018,-0.058714446971212406,0.31036331168837117,False,259.0950820427883
2020-07-07 21:00:00,-73338.25358,941467.01155,1.1641532182693481e-10,4.454222901722015,81.53716967746514,-0.30381096186676176,-0.046527285412400615,0.30735303616241366,False,261.2930574814701
2020-07-07 21:30:00,-72803.42436,941585.65385,1.4551915228366852e-11,4.421314214961182,81.53647912440626,-0.3005195405180105,-0.039747967899243286,0.3031367598713086,False,262.46555351214505
2020-07-07 22:00:00,-72270.63373,941693.07972,0.0,4.38858627247396,81.53588479558158,-0.30173152750427856,-0.028389264942577815,0.3030641269666291,False,264.62498791584454
2020-07-07 22:30:00,-71728.19617,941770.67458,1.1641532182693481e-10,4.3554168523151455,81.53556137198473,-0.30610933000660745,-0.005583314750790828,0.3061602445137195,False,268.9550632030441
2020-07-07 23:00:00,-71173.34899,941796.8105,1.1641532182693481e-10,4.321734569833721,81.53570426435094,-0.30397287462217476,0.02103004500727559,0.30469947702461914,False,273.95764223244976
2020-07-07 23:30:00,-70631.3002,941777.64502,1.1999816708318134e-10,4.289030931463396,81.53624127576369,-0.28413647757065813,0.038486619001445274,0.28673115932598525,False,277.71383383389355
2020-07-08 00:00:00,-70142.96032,941735.1465,1.4551915228366852e-11,4.25967790226798,81.53694865577167,-0.2611067617964528,0.05354892536638292,0.26654123220193154,False,281.5897672610055
2020-07-08 00:30:00,-69679.5936,941655.22056,2.346425826049686e-10,4.2319987531017915,81.5379724267728,-0.2411584342691521,0.07142858052927417,0.2515142789894362,False,286.49873268654767
2020-07-08 01:00:00,-69258.18119,941542.77151,1.1641532182693481e-10,4.206996949014438,81.53925784343497,-0.21307777495288419,0.08500507707785847,0.22940793645356872,False,291.7489943254445
2020-07-08 01:30:00,-68892.13099,941406.29982,1.173212913024843e-10,4.185445418636564,81.54072051206374,-0.18310751248628165,0.08794250460576952,0.2031311035889127,False,295.65394864662653
2020-07-08 02:00:00,-68577.64567,941275.1335,2.332849477807962e-10,4.1669852789898165,81.54210083372924,-0.15763119687514002,0.0802441782685646,0.1768805313602555,False,296.9789516125604
2020-07-08 02:30:00,-68305.16782,941159.41896,1.1641532182693481e-10,4.1509951889657986,81.54331459384976,-0.1408445657871516,0.07408149220069447,0.15913911900740443,False,297.74349408942817
2020-07-08 03:00:00,-68052.63068,941045.84194,0.0,4.136198938825446,81.54449563606903,-0.12927974275611867,0.0653040531890219,0.14483739589623537,False,296.80005510095543
2020-07-08 03:30:00,-67824.01613,940958.50539,2.9103830456733704e-11,4.122733167487339,81.54542565660063,-0.11836129176366428,0.04854877395363554,0.12793114882765833,False,292.30218390582536
2020-07-08 04:00:00,-67615.06746,940902.15235,1.1999816708318134e-10,4.110320980513119,81.54606505449647,-0.11350431316406301,0.023032562638501668,0.11581764998713362,False,281.4708403358968
2020-07-08 04:30:00,-67410.50834,940905.08982,1.173212913024843e-10,4.097915506622005,81.54617020506966,-0.11431277801877182,0.0014680598760650303,0.11432220439690932,False,270.7357796093921
2020-07-08 05:00:00,-67204.2159,940926.28897,1.1641532182693481e-10,4.085325690174222,81.54611250489509,-0.11954327943587857,-0.01098852094047013,0.12004725424075179,False,264.74808147551937
2020-07-08 05:30:00,-66984.06428,940975.20738,3.49548998913504e-10,4.071776847958931,81.54581495897665,-0.12602386211705954,-0.02451990202089494,0.12838706873363034,False,258.98977326409624
2020-07-08 06:00:00,-66757.94298,941046.55228,2.332849477807962e-10,4.057770923166747,81.54531986076174,-0.13200219154482937,-0.042689265526887225,0.1387333844604928,False,252.0788882420001
2020-07-08 06:30:00,-66520.92248,941162.13028,2.346425826049686e-10,4.042916996761875,81.54443495792864,-0.14278898824184194,-0.06534241358871515,0.15702969839086994,False,245.41044675388324
2020-07-08 07:00:00,-66261.76657,941317.44133,1.173212913024843e-10,4.026556023862097,81.54320754562207,-0.15408303102428833,-0.08484341898920142,0.17589765829995857,False,241.161306588203
2020-07-08 07:30:00,-65989.04016,941505.76296,2.346425826049686e-10,4.009237845406488,81.54169227139843,-0.16407068489379356,-0.10384954106330205,0.19417496445365184,False,237.66798531524753
2020-07-08 08:00:00,-65698.69673,941731.68174,1.173212913024843e-10,3.99070036191285,81.53985044952431,-0.17695325426077038,-0.12563874236136008,0.21701969444182034,False,234.6248322881927
2020-07-08 08:30:00,-65385.0306,942001.29971,1.166424738903981e-10,3.970575492823351,81.53763078958431,-0.19091066917992827,-0.14875455567987217,0.24202231600049653,False,232.07484572713238
2020-07-08 09:00:00,-65050.14935,942313.50278,0.0,3.9489993663900216,81.53504171869699,-0.2094172467952942,-0.16951336893542587,0.2694259926272129,False,231.0114651882849
2020-07-08 09:30:00,-64674.94533,942662.01905,2.9103830456733704e-11,3.92484623059987,81.53215092364465,-0.23566665407358162,-0.18037038009615028,0.29676968487072075,False,232.5709176543592
2020-07-08 10:00:00,-64248.18468,943019.38448,7.275957614183426e-12,3.8975550786538076,81.52921081970172,-0.26509457755184346,-0.1816431868954636,0.32135553891745927,False,235.5810016503302
2020-07-08 10:30:00,-63767.26048,943379.29125,2.3283064365386963e-10,3.8669978116677046,81.5262788319217,-0.28345166994619697,-0.17960499482281111,0.3355634118323835,False,237.64020826009644
2020-07-08 11:00:00,-63273.6875,943733.30855,2.329443027495599e-10,3.835721027621328,81.52340478996695,-0.28599435844164434,-0.17421631101095347,0.3348792261140022,False,238.65190034382937
2020-07-08 11:30:00,-62781.94282,944073.93979,3.499274216711943e-10,3.804629669222776,81.52064705991125,-0.2888249942435013,-0.16463140908400214,0.33245056498183695,False,240.31668578186495
2020-07-08 12:00:00,-62275.5356,944393.66888,2.3283064365386963e-10,3.7727560606780894,81.51808277456001,-0.28769247752054594,-0.15148172358470446,0.32513639322921484,False,242.23138091119398
2020-07-08 12:30:00,-61784.37707,944686.2402,2.329443027495599e-10,3.74192983220487,81.51575026740952,-0.2924281802073814,-0.13387374867033588,0.32161533104385587,False,245.40167250654625
2020-07-08 13:00:00,-61256.49147,944943.29155,0.0,3.709042045677805,81.51375492468922,-0.30232173620887315,-0.11076055809508341,0.32197256624420945,False,249.87885784676928
2020-07-08 13:30:00,-60724.09275,945154.54869,0.0,3.6760748660753935,81.51216974618904,-0.3014705655439749,-0.08523722773216758,0.31328882342156644,False,254.21237871101917
2020-07-08 14:00:00,-60193.10458,945319.09849,0.0,3.643384651164068,81.51099951374555,-0.2928565339485119,-0.06307062096437413,0.2995711146041415,False,257.8462120980064
2020-07-08 14:30:00,-59686.36848,945448.13975,7.275957614183426e-12,3.612302575670268,81.51013101508012,-0.2737051821090176,-0.051315819884255875,0.27847412821252154,False,259.38113375746593
2020-07-08 15:00:00,-59221.36289,945565.54949,3.4924596548080444e-10,3.5837895472596744,81.50934084076681,-0.25507193319428095,-0.050108183783392934,0.25994715075479863,False,258.88592816781306
2020-07-08 15:30:00,-58781.18103,945685.57512,1.173212913024843e-10,3.5567702099043794,81.50851128918043,-0.23829314581439542,-0.04951800287792101,0.24338376271053605,False,258.2608424252602
2020-07-08 16:00:00,-58376.21905,945796.69012,1.1641532182693481e-10,3.5319148237504265,81.50774023061916,-0.2196461774026515,-0.04674456473479896,0.22456512992858635,False,257.98569278335503
2020-07-08 16:30:00,-58002.3235,945902.24823,7.275957614183426e-12,3.508959227717834,81.50700030668975,-0.19430388209145713,-0.04937024357855762,0.2004779777103136,False,255.7435336765054
2020-07-08 17:00:00,-57688.91453,946016.90205,1.166424738903981e-10,3.489624021006267,81.50614444829907,-0.17892993598353094,-0.059228720894863814,0.18847801826715008,False,251.6846160124105
2020-07-08 17:30:00,-57372.34852,946154.28412,3.49548998913504e-10,3.4700190673963727,81.50508561833969,-0.18345685709344364,-0.06835983761591685,0.19577917614873835,False,249.56356082597486
2020-07-08 18:00:00,-57044.57593,946302.52051,7.275957614183426e-12,3.4497034439192893,81.50393455548645,-0.187464040154899,-0.07324198312256641,0.2012638925463877,False,248.65947014846085
2020-07-08 18:30:00,-56714.56654,946458.08601,0.0,3.4292318984899834,81.50271792794065,-0.1887206504550712,-0.0796617164440365,0.20484499743707493,False,247.11468844241534
2020-07-08 19:00:00,-56383.55215,946629.42761,0.0,3.40864891670951,81.50135933542042,-0.1955320226422949,-0.08682960987323082,0.21394427552361478,False,246.05550108994123
2020-07-08 19:30:00,-56030.48206,946811.97233,7.275957614183426e-12,3.3867024801337413,81.49991092039228,-0.1953404110182086,-0.09781464058267135,0.2184618504203419,False,243.401067160562
2020-07-08 20:00:00,-55702.35694,947022.48817,1.4551915228366852e-11,3.366168351186677,81.49819736549169,-0.19911150935350957,-0.108509244832615,0.22675901166475637,False,241.41106420548576
2020-07-08 20:30:00,-55337.85413,947244.02002,1.173212913024843e-10,3.3434107824407446,81.49640301995208,-0.21722477284870523,-0.10053772639318762,0.23936256258546998,False,245.1639749839587
2020-07-08 21:00:00,-54942.78705,947429.41504,1.173212913024843e-10,3.318946998501634,81.49494717680508,-0.23180685306036558,-0.08166596800465373,0.24577173852151318,False,250.59254819436146
2020-07-08 21:30:00,-54521.76989,947585.83734,1.166424738903981e-10,3.293028192481126,81.49376290541845,-0.2400793631306174,-0.06789199326812535,0.24949433530868398,False,254.20963848583372
2020-07-08 22:00:00,-54093.96804,947723.06942,2.332849477807962e-10,3.266773760475676,81.49275240467348,-0.2385851506278777,-0.059344710889263144,0.2458549751594572,False,256.03193969544293
2020-07-08 22:30:00,-53676.43339,947848.07599,7.275957614183426e-12,3.2411859166348727,81.49184450809915,-0.225350388190128,-0.06161486035125808,0.23362189211104858,False,254.70804999027163
2020-07-08 23:00:00,-53296.54551,947990.39617,1.166424738903981e-10,3.217813099006323,81.49076071452495,-0.2107158312127226,-0.04265497953242515,0.21498978767043847,False,258.5563155874638
2020-07-08 23:30:00,-52927.6719,948043.97219,0.0,3.1954082199178657,81.49046565244409,-0.19486653032013232,-0.017276134957283334,0.1956308500162214,False,264.93361740005844
2020-07-09 00:00:00,-52599.58349,948091.5973,0.0,3.175481974581265,81.49020236261529,-0.1752500228161088,-0.008260248424761077,0.17544458441652003,False,267.3014134305756
2020-07-09 00:30:00,-52299.38778,948108.61166,2.3283064365386963e-10,3.1573391284938688,81.49019871031794,-0.15672087447918145,0.005346458517444598,0.1568120439130812,False,271.95386068891867
2020-07-09 01:00:00,-52035.18466,948103.45405,3.4924596548080444e-10,3.141438141157846,81.49037529750663,-0.13000787541610861,0.01993996349570529,0.13152813316709272,False,278.71979184774807
2020-07-09 01:30:00,-51828.12891,948062.58407,1.1641532182693481e-10,3.1290973970270892,81.490843442999,-0.09421504425366654,0.03017665758297058,0.09892979948731424,False,287.7600301148352
2020-07-09 02:00:00,-51690.58619,948013.49418,3.49548998913504e-10,3.120971042252327,81.49135093447784,-0.05444607108220858,0.040934393814050195,0.06811753998209756,False,306.937080820386
2020-07-09 02:30:00,-51624.39065,947926.11022,3.4932174848386213e-10,3.1172689483848894,81.49216680212042,-0.021555549492904145,0.053780644209618325,0.05793961861751071,False,338.1588417362805
2020-07-09 03:00:00,-51602.57255,947824.39021,1.1641532182693481e-10,3.1162878320912295,81.4930895236234,-0.0003087050619397626,0.046034627653310844,0.04603566271918151,False,359.6157841837868
2020-07-09 03:30:00,-51614.27172,947760.69104,1.1641532182693481e-10,3.1172020344248628,81.49365496786353,0.010362899330472217,0.0252915989549102,0.0273323006757484,False,22.28071888523391
2020-07-09 04:00:00,-51634.87263,947731.4465,2.329443027495599e-10,3.1185397916851563,81.49390712585932,0.01338409061612125,0.01393089870170854,0.019318483901637044,False,43.85317138271097
2020-07-09 04:30:00,-51659.65477,947707.99284,1.4551915228366852e-11,3.120110638711344,81.49410531210206,0.014733273900159332,0.008739683788210533,0.017130424178490915,False,59.323853215235204
2020-07-09 05:00:00,-51686.12129,947697.14336,7.275957614183426e-12,3.1217416552584334,81.49418965393366,0.015532799446243166,0.0011312033729976145,0.01557393590934203,False,85.83468784715626
2020-07-09 05:30:00,-51715.2681,947700.88138,1.4551915228366852e-11,3.123486285701596,81.49414188008707,0.01518551862988004,-0.008522073951734902,0.01741337763035283,False,119.30102820392989
2020-07-09 06:00:00,-51742.37961,947724.7985,1.4551915228366852e-11,3.1250418049214645,81.49391416110733,0.012560812942655368,-0.01933219542625945,0.023054452970727054,False,146.98678882098818
2020-07-09 06:30:00,-51764.21382,947767.90867,2.1827872842550278e-11,3.12621596885393,81.49351692820761,0.0096015541737247,-0.03136215544055967,0.03279900358896283,False,162.977980508264
2020-07-09 07:00:00,-51783.05105,947835.64918,1.4551915228366852e-11,3.127128291203827,81.49290031492907,0.008229545947306616,-0.04611011995654432,0.04683875093238224,False,169.8806317257422
2020-07-09 07:30:00,-51802.85144,947932.04176,2.1827872842550278e-11,3.128004164442671,81.49202632212184,0.009512901716741873,-0.06306446712075767,0.06377791398515253,False,171.4219420689392
2020-07-09 08:00:00,-51829.6349,948060.47429,2.332849477807962e-10,3.1291950894747855,81.49086162187074,0.012327855381144275,-0.08268569490866402,0.08359964210944372,False,171.52006686400972
2020-07-09 08:30:00,-51863.41456,948226.84382,2.332849477807962e-10,3.1306821752260783,81.48935332898168,0.011255732286173863,-0.1034739486548929,0.10408433868519043,False,173.7918654639106
2020-07-09 09:00:00,-51890.43894,948430.21159,2.332849477807962e-10,3.1316399161893615,81.48751660311534,0.007108416757084325,-0.12256736698384643,0.12277332380507293,False,176.68079218490595
2020-07-09 09:30:00,-51913.07182,948666.02941,2.329443027495599e-10,3.1322258668288336,81.48539106797116,0.0011835697598101286,-0.1369216324370739,0.13692674781287076,False,179.50473959571258
2020-07-09 10:00:00,-51921.62667,948922.16028,2.3283064365386963e-10,3.131897105412135,81.4830903018039,-0.011814459933587236,-0.14502337330155463,0.14550381530147039,False,184.6573673638415
2020-07-09 10:30:00,-51899.1272,949189.6575,4.656612873077393e-10,3.1296621598757164,81.4807028454738,-0.02846588950174154,-0.15135916290173068,0.15401267174956093,False,190.65111799440473
2020-07-09 11:00:00,-51849.05115,949471.8354,1.1641532182693481e-10,3.125721048497108,81.47819724464276,-0.04314437393447778,-0.1518959460524223,0.15790445031524106,False,195.85661462800982
2020-07-09 11:30:00,-51773.85531,949744.13852,1.1999816708318134e-10,3.1203037190280596,81.4757924229938,-0.054915852695048215,-0.1447007277975934,0.15477096466190762,False,200.78242053139883
2020-07-09 12:00:00,-51680.00238,950002.7469,1.166424738903981e-10,3.1138123438241636,81.47351941850087,-0.062410933789963326,-0.13675471315138554,0.1503229065234335,False,204.5305977584697
2020-07-09 12:30:00,-51576.25009,950247.93311,3.49548998913504e-10,3.1067730921448655,81.47137147138079,-0.0625809840010488,-0.12934261185039747,0.14368678018113604,False,205.81950208714596
2020-07-09 13:00:00,-51480.27782,950479.90604,2.332849477807962e-10,3.1002480008633286,81.46933809420908,-0.05821432104698243,-0.12054591920538203,0.13386644767092176,False,205.77693601174167
2020-07-09 13:30:00,-51390.45546,950692.59757,3.4924596548080444e-10,3.0941581960633235,81.46747451544067,-0.05280289892299075,-0.11448480611754801,0.12607504497894947,False,204.7601859130323
2020-07-09 14:00:00,-51312.71087,950901.71102,2.329443027495599e-10,3.0888082663445653,81.46563707849471,-0.04346620368651109,-0.11023792377403528,0.11849772445463788,False,201.51904346628692
2020-07-09 14:30:00,-51255.58858,951097.30919,3.4924596548080444e-10,3.0847430948838217,81.4639107917695,-0.03956533578027183,-0.10166252371189509,0.10909025860670278,False,201.2651464688303
2020-07-09 15:00:00,-51190.17677,951274.83066,1.4551915228366852e-11,3.0802401519695684,81.46235055329058,-0.03965859889816587,-0.09605550360617061,0.10392047074374067,False,202.43434500547693
2020-07-09 15:30:00,-51131.60525,951450.28113,1.4551915228366852e-11,3.0761562655397046,81.46080553489514,-0.03485427872582956,-0.09254356931073565,0.09888949876639455,False,200.63765931318005
2020-07-09 16:00:00,-51082.76045,951614.24088,2.3283064365386963e-10,3.072694831985018,81.45935882774019,-0.03946600551665392,-0.08382126907041167,0.09264756197555826,False,205.21270798885567
2020-07-09 16:30:00,-51005.90693,951759.21965,1.166424738903981e-10,3.067614371522748,81.45809575545617,-0.05586251408569669,-0.07311896953640118,0.09201632564952714,False,217.37964019898703
2020-07-09 17:00:00,-50896.03007,951887.854,1.173212913024843e-10,3.0606058336971844,81.45699501615125,-0.06478238791439343,-0.06173071598202768,0.08948429515588037,False,226.38178589708048
2020-07-09 17:30:00,-50784.88838,951993.5852,1.1641532182693481e-10,3.0535965150883717,81.4561001308032,-0.07309179338216147,-0.049118028939847354,0.08806242687296476,False,236.09871359731815
2020-07-09 18:00:00,-50642.6927,952078.44482,1.166424738903981e-10,3.0447917802439566,81.4554070952171,-0.09224998218212443,-0.036926367179877156,0.0993660696903394,False,248.18447045217013
2020-07-09 18:30:00,-50460.31832,952143.97249,1.166424738903981e-10,3.0336389990293733,81.45490631630634,-0.10388259303572933,-0.029710072565912064,0.10804758927296212,False,254.03964846349882
2020-07-09 19:00:00,-50274.89981,952205.04292,1.1641532182693481e-10,3.022318983480631,81.45444662447399,-0.10677923922424074,-0.0281920627631962,0.11043821047151943,False,255.21014678995053
2020-07-09 19:30:00,-50081.79887,952265.5905,1.166424738903981e-10,3.0105408737613857,81.4539949105085,-0.11075184920550589,-0.023853958732186823,0.11329158596134131,False,257.8451995587023
2020-07-09 20:00:00,-49881.2535,952311.7386,2.9103830456733704e-11,2.998362599251262,81.45367546183233,-0.11217834163376762,-0.02317125308309135,0.11454644167822478,False,258.3292729906455
2020-07-09 20:30:00,-49682.87299,952370.01675,1.4551915228366852e-11,2.986277155776982,81.45324583356485,-0.1117216148527824,-0.024602106245366025,0.11439835163594678,False,257.5811594127228
2020-07-09 21:00:00,-49484.21594,952421.13912,2.332849477807962e-10,2.97419863979397,81.45288012538047,-0.1122603574734975,-0.021999269635083522,0.11439561060003374,False,258.9124527327318
2020-07-09 21:30:00,-49283.38933,952470.07661,1.4551915228366852e-11,2.9619977773310016,81.45253463730437,-0.1105252429098803,-0.020296276416094997,0.1123733427314796,False,259.5944342260719
2020-07-09 22:00:00,-49090.63225,952514.66855,2.329443027495599e-10,2.950295447173791,81.45222400274825,-0.10375667810287172,-0.017385919114978284,0.10520322444875682,False,260.4876423654613
2020-07-09 22:30:00,-48913.58182,952551.8081,1.1641532182693481e-10,2.939559184129315,81.45197261334168,-0.09695878711097586,-0.012380539342648825,0.09774601860150833,False,262.72335428048206
2020-07-09 23:00:00,-48744.32556,952577.08008,2.3283064365386963e-10,2.9293275575421074,81.45182377823588,-0.09036713378642404,-0.007497128252845471,0.09067759260596343,False,265.2574313248756
2020-07-09 23:30:00,-48590.06451,952595.38778,7.275957614183426e-12,2.9200171684760043,81.45173026949124,-0.07790391049290912,-0.002573424340949173,0.07794640327125932,False,268.1080184981679
2020-07-10 00:00:00,-48464.70756,952600.61923,2.332849477807962e-10,2.9124808697147713,81.45174062350098,-0.06332259489244627,-0.00039480497422162255,0.06332382564943886,False,269.6427757629306
2020-07-10 00:30:00,-48362.46984,952608.39007,2.329443027495599e-10,2.906323783201247,81.4517175308644,-0.04852819128799594,0.01213066929586092,0.05002138030132583,False,284.03471161349717
2020-07-10 01:00:00,-48288.01655,952565.86291,1.166424738903981e-10,2.9019865265281695,81.45213280894673,-0.03135789300332462,0.02860366899507738,0.04244393164620717,False,312.37007235393344
2020-07-10 01:30:00,-48244.51291,952511.26418,1.166424738903981e-10,2.899542442872844,81.45264224746286,-0.01499958667838861,0.03510199249191328,0.038172470150945555,False,336.86228395781177
2020-07-10 02:00:00,-48227.69489,952442.38903,1.173212913024843e-10,2.8987426351516152,81.4532675932398,-0.0004031510178206781,0.045331643861759974,0.04533343651161481,False,359.4904609471323
2020-07-10 02:30:00,-48234.81054,952348.35247,1.173212913024843e-10,2.899455374882724,81.45410772847836,0.01497964953075651,0.05381686644478581,0.05586273367818842,False,15.554271894141607
2020-07-10 03:00:00,-48271.75252,952246.16853,2.3283064365386963e-10,2.9019830517498653,81.45500737565499,0.025349233551900347,0.0569321771340013,0.06232059398694857,False,24.00117179010647
2020-07-10 03:30:00,-48315.57435,952139.03934,1.1641532182693481e-10,2.90493925725167,81.45594822601993,0.03390157988165273,0.0511333935484972,0.06135096620475978,False,33.544487095196416
2020-07-10 04:00:00,-48384.31237,952056.1397,0.0,2.9093178571939067,81.45666039893221,0.04124881199091627,0.03921577967978744,0.056915216476401,False,46.44733715883166
2020-07-10 04:30:00,-48456.7132,951990.50754,0.0,2.913864304772259,81.45721598846835,0.04302172263819147,0.02923335110337897,0.052014011914972534,False,55.80380954272346
2020-07-10 05:00:00,-48533.64049,951943.16253,1.166424738903981e-10,2.918627109170822,81.45760544923701,0.04382980559152017,0.01863733233845446,0.047627744171695276,False,66.96380742452237
2020-07-10 05:30:00,-48610.87954,951915.46602,7.275957614183426e-12,2.923348825926214,81.45781849468037,0.04142353817426968,0.006676616108923544,0.041958154362902025,False,80.84385394984622
2020-07-10 06:00:00,-48681.34534,951911.55264,1.166424738903981e-10,2.9275911284318537,81.45782129574735,0.04009482207997913,-0.006006406409255774,0.040542220900911814,False,98.51984069286459
2020-07-10 06:30:00,-48756.13689,951929.68879,0.0,2.9320253239452834,81.45762431806818,0.035398009632812207,-0.018703358532624233,0.04003541814899094,False,117.8507711696052
2020-07-10 07:00:00,-48812.05547,951972.27825,1.4551915228366852e-11,2.9352511022010135,81.45721666762466,0.026815742120818963,-0.029838794783889757,0.040117797791570646,False,138.05437235790038
2020-07-10 07:30:00,-48858.04759,952032.02413,1.1641532182693481e-10,2.9378278814144254,81.45665969733093,0.019678850112492006,-0.04232165820937767,0.0466731174804224,False,155.06237486652685
2020-07-10 08:00:00,-48890.61492,952120.80507,2.3283064365386963e-10,2.9395090760727745,81.45584850157277,0.009457559518876916,-0.058545539503191184,0.059304516082443665,False,170.82360291420179
2020-07-10 08:30:00,-48902.85832,952240.76476,1.1641532182693481e-10,2.9398741581927297,81.45476704445228,-0.0033801310280608112,-0.07722515049841133,0.07729908896791177,False,182.50622636673728
2020-07-10 09:00:00,-48892.72106,952399.07382,2.3283064365386963e-10,2.93877809698226,81.45335196858564,-0.018442654778908232,-0.09875330441606633,0.1004606721477925,False,190.57840363289142
2020-07-10 09:30:00,-48854.77877,952599.21304,1.166424738903981e-10,2.9358856320906224,81.45157453899465,-0.030539180478026864,-0.1087711287870644,0.1129769888157834,False,195.68290971623264
2020-07-10 10:00:00,-48802.98023,952795.76694,7.275957614183426e-12,2.9321743288078213,81.44983560535833,-0.04374910824791186,-0.11590943789131468,0.12389100962042421,False,200.67862083954145
2020-07-10 10:30:00,-48718.83331,953023.99727,1.1641532182693481e-10,2.9264276540541654,81.44782738523945,-0.060342509734214234,-0.12814934623281413,0.14164559089827475,False,205.21464187064885
2020-07-10 11:00:00,-48609.58343,953267.59349,1.173212913024843e-10,2.9191317860855603,81.44569275205176,-0.07538979813795162,-0.13564287364960248,0.1551857301274931,False,209.06514048993148
2020-07-10 11:30:00,-48472.65031,953525.49958,7.275957614183426e-12,2.9101367771817936,81.4434422639502,-0.09046166329319723,-0.14293507775897407,0.1691559900793813,False,212.32916231395205
2020-07-10 12:00:00,-48310.46576,953798.02992,1.166424738903981e-10,2.899589083350355,81.44107187634597,-0.1030958738161961,-0.14661513461026243,0.17923380511139744,False,215.11386974077277
2020-07-10 12:30:00,-48128.68024,954071.41298,0.0,2.887870514061296,81.43870241640467,-0.11318052102630892,-0.14534985433380335,0.18421837719034603,False,217.90705504475693
2020-07-10 13:00:00,-47929.89593,954341.15282,0.0,2.8751513906508763,81.43637292742592,-0.12131564050077617,-0.14625592122042666,0.19002178591453459,False,219.67486035529205
2020-07-10 13:30:00,-47718.9039,954619.17812,2.329443027495599e-10,2.861683494379123,81.43397417421791,-0.1297372583533382,-0.14460568508213512,0.19427444598586416,False,221.89780435538682
2020-07-10 14:00:00,-47489.41423,954884.4018,1.1641532182693481e-10,2.8471540746754487,81.43169801385825,-0.13446741573460996,-0.1353709658757261,0.19080561914281097,False,224.80814658066714
2020-07-10 14:30:00,-47259.62557,955129.95727,2.3283064365386963e-10,2.8326727010215107,81.42959783834065,-0.1358200048589753,-0.12474525731729459,0.18441380898145918,False,227.43376499212988
2020-07-10 15:00:00,-47023.25303,955357.09968,1.1641532182693481e-10,2.8178587368903543,81.42766517043981,-0.13730875690829325,-0.11731406746005052,0.18059979276766086,False,229.49003428146574
2020-07-10 15:30:00,-46786.67397,955576.07815,4.656612873077393e-10,2.803062994931217,81.42580524250566,-0.1360214179677956,-0.11202227625793224,0.17621241875639254,False,230.52637605644355
2020-07-10 16:00:00,-46553.88349,955783.84412,2.3283064365386963e-10,2.788532891028884,81.42404365543669,-0.1359520406659737,-0.10589409920209669,0.1723267756533095,False,232.08469850076108
2020-07-10 16:30:00,-46316.3724,955980.65608,0.0,2.773758217530048,81.42238181915663,-0.13877628121017951,-0.1005656901140336,0.17138352970644133,False,234.07064010356137
2020-07-10 17:00:00,-46072.39398,956169.63298,2.3283064365386963e-10,2.758625191312898,81.42079248389363,-0.14776129481448608,-0.09169379739761442,0.17389983532611014,False,238.17818285701063
2020-07-10 17:30:00,-45800.93528,956335.97272,2.3283064365386963e-10,2.7419199797516898,81.41941740962424,-0.16558192536905927,-0.07881661637762753,0.18338329538467463,False,244.5456590269848
2020-07-10 18:00:00,-45490.55483,956481.56351,1.1641532182693481e-10,2.7229528916727563,81.41824433463168,-0.17687421154066324,-0.06970542597244302,0.1901140003212047,False,248.49079676243096
2020-07-10 18:30:00,-45176.82834,956616.87862,2.329443027495599e-10,2.7038200198824365,81.41716390928286,-0.17491590303491228,-0.06166485534851915,0.18546732197255836,False,250.58040651026002
2020-07-10 19:00:00,-44872.03071,956733.01459,4.658886054991198e-10,2.6852792451382697,81.41625081223232,-0.1755052923767395,-0.05449945402616056,0.18377240854218135,False,252.7489244550344
2020-07-10 19:30:00,-44554.8949,956842.46182,2.3283064365386963e-10,2.66602381126959,81.41540197000147,-0.18352213628369424,-0.05645559340352438,0.1920093969905507,False,252.90090917351444
2020-07-10 20:00:00,-44221.51965,956966.76567,2.3283064365386963e-10,2.645760927826161,81.41442561523836,-0.19106878271884642,-0.06216030406191468,0.20092581499332393,False,251.97876670510283
2020-07-10 20:30:00,-43878.11025,957097.75199,4.656612873077393e-10,2.6248849149837152,81.41339236399341,-0.19287896137319738,-0.058842919240428726,0.20165510875040826,False,253.03426215719688
2020-07-10 21:00:00,-43537.58529,957210.17762,2.3283064365386963e-10,2.6042366393190197,81.41252330076279,-0.19567070795707245,-0.05017957987336311,0.20200251530287727,False,255.61651634836574
2020-07-10 21:30:00,-43182.63122,957310.21829,7.275957614183426e-12,2.5827640765002333,81.4117700668287,-0.20274540729999993,-0.04499691101640797,0.2076786512433606,False,257.48671139946845
2020-07-10 22:00:00,-42815.74288,957404.8923,2.3283064365386963e-10,2.56059683426281,81.41106855864197,-0.20713049329886643,-0.04209861450512688,0.21136540539426746,False,258.5113054943515
2020-07-10 22:30:00,-42444.47684,957494.9355,1.1641532182693481e-10,2.538184025061412,81.4104090482594,-0.2037160023107401,-0.0414395190615371,0.2078880548216298,False,258.50188243915886
2020-07-10 23:00:00,-42089.69133,957586.40597,0.0,2.5167550965792116,81.40972891818505,-0.19423073293247436,-0.03871038266773186,0.19805067872079715,False,258.7285811180037
2020-07-10 23:30:00,-41752.04006,957664.86275,2.3283064365386963e-10,2.4963865974718096,81.4091576389987,-0.18555949561385268,-0.03589095861342004,0.18899864370586802,False,259.05301575618483
2020-07-11 00:00:00,-41427.93892,957744.58708,1.1641532182693481e-10,2.476826636243265,81.40856864174641,-0.18035446897215857,-0.03834547522282027,0.18438576395235406,False,257.9969758923879
2020-07-11 00:30:00,-41109.33614,957830.83617,1.1641532182693481e-10,2.457580932856101,81.40791798362582,-0.1792762632649691,-0.03710397878491804,0.18307562320506288,False,258.30684954375874
2020-07-11 01:00:00,-40788.86561,957905.71289,1.1641532182693481e-10,2.4382555390529483,81.40736910222508,-0.1693186994897208,-0.04106577750342952,0.1742274951861834,False,256.3669902730749
2020-07-11 01:30:00,-40506.63006,958004.47094,1.1641532182693481e-10,2.421155041801078,81.40659047265954,-0.15129843437069684,-0.04718795951723378,0.1584863393684899,False,252.67799757702474
2020-07-11 02:00:00,-40251.85384,958098.44742,2.3283064365386963e-10,2.405708841627493,81.40584363062787,-0.1369414749176951,-0.048261858527966245,0.14519701973941182,False,250.58617171594727
2020-07-11 02:30:00,-40021.36813,958198.75383,1.1641532182693481e-10,2.3916994799335436,81.40503026695086,-0.1268877702265918,-0.045313545155694225,0.13473612584475442,False,250.3475838516857
2020-07-11 03:00:00,-39802.2633,958280.49659,1.1641532182693481e-10,2.3784180658399334,81.40437871099125,-0.11824548513809324,-0.04148144329730472,0.1253104340969679,False,250.66872955744358
2020-07-11 03:30:00,-39602.24832,958365.62396,0.0,2.3662696583089793,81.40368924671112,-0.1130496819034837,-0.040790756304637146,0.12018367767040225,False,250.15946605784018
2020-07-11 04:00:00,-39401.6944,958444.02122,1.166424738903981e-10,2.3541075443141097,81.40305998121613,-0.10522287316728388,-0.04076965866816567,0.11284510669717605,False,248.82064114950163
2020-07-11 04:30:00,-39229.79433,958527.83031,1.1641532182693481e-10,2.3436439149022634,81.40237124922353,-0.09532750282782687,-0.04477885203133631,0.1053208354725391,False,244.83882064538759
2020-07-11 05:00:00,-39065.39454,958619.12383,2.3283064365386963e-10,2.3336113042333233,81.4016123304284,-0.09400851471253277,-0.05216841723456069,0.10751346239060344,False,240.9726648151272
2020-07-11 05:30:00,-38899.29143,958729.26106,1.1641532182693481e-10,2.3234332146389898,81.40068468363346,-0.09686510813935517,-0.0636363830810879,0.11589839699707646,False,236.6967358287963
2020-07-11 06:00:00,-38726.25428,958862.16351,1.1641532182693481e-10,2.3127887938555736,81.39955500473523,-0.10447839767275198,-0.06979413834448683,0.12564615922309394,False,236.2561025816345
2020-07-11 06:30:00,-38533.61509,958995.49363,1.166424738903981e-10,2.300976890895708,81.39842825936176,-0.1159430789916783,-0.07596404795141748,0.13861217171387155,False,236.76782526717108
2020-07-11 07:00:00,-38320.17526,959152.17151,1.166424738903981e-10,2.2878718495883303,81.39709910207955,-0.12875043051328816,-0.0843498867899164,0.15392068333667427,False,236.76948568230497
2020-07-11 07:30:00,-38082.60519,959317.41428,1.4551915228366852e-11,2.273311638240101,81.39570123585172,-0.14269387791304974,-0.09128045895106038,0.1693920452092735,False,237.39318478858627
2020-07-11 08:00:00,-37819.91634,959500.89907,2.332849477807962e-10,2.257215631177252,81.39414800619559,-0.15646647765338273,-0.09800305466469379,0.18462490989264552,False,237.93895587585354
2020-07-11 08:30:00,-37533.65862,959692.13665,1.4551915228366852e-11,2.239702372272481,81.39253279896116,-0.16959094413566106,-0.10221653041053513,0.1980134021272115,False,238.92162174062196
2020-07-11 09:00:00,-37224.23606,959892.45702,1.166424738903981e-10,2.220794040327931,81.390843342395,-0.1843559161553486,-0.10698144122109998,0.21314814704149224,False,239.87347558952052
2020-07-11 09:30:00,-36885.39989,960102.69853,1.1641532182693481e-10,2.20011766559793,81.38907405915724,-0.19983947135254035,-0.10552891849208697,0.22599151963861902,False,242.16287956373722
2020-07-11 10:00:00,-36519.92876,960299.69959,2.3283064365386963e-10,2.1778929279141592,81.38743156240325,-0.21656716332455472,-0.09506839683917943,0.23651498114922037,False,246.29954335869238
2020-07-11 10:30:00,-36119.3274,960474.32568,4.658886054991198e-10,2.1536341389855695,81.38600042164845,-0.23182709741893426,-0.07777287341690627,0.24452489226500063,False,251.4545340132307
2020-07-11 11:00:00,-35696.46221,960610.84689,1.166424738903981e-10,2.1281416894695986,81.38491712155793,-0.23931255625078285,-0.056673930615956825,0.2459317669410489,False,256.6766836429105
2020-07-11 11:30:00,-35265.97283,960710.20345,1.166424738903981e-10,2.1022828225870223,81.38416815414953,-0.24351236728697062,-0.03749322962925486,0.24638184853949066,False,261.24699101095734
2020-07-11 12:00:00,-34825.35911,960777.89008,1.4551915228366852e-11,2.07589386182978,81.38370494517136,-0.24730802220379397,-0.02396327462037256,0.24846628821005806,False,264.4655189474751
2020-07-11 12:30:00,-34379.37314,960828.66451,1.166424738903981e-10,2.0492238357390677,81.38339341189571,-0.2515137827395207,-0.016145773286715116,0.25203148395184444,False,266.32697239946344
2020-07-11 13:00:00,-33922.56698,960868.35483,2.3283064365386963e-10,2.0219346562813425,81.38318291501439,-0.25905849735399455,-0.013319400113745532,0.259400677467696,False,267.056749595254
2020-07-11 13:30:00,-33449.03497,960909.48895,1.1641532182693481e-10,1.993647720722593,81.38296272814978,-0.2702089414614645,-0.011457846648405405,0.27045175964586277,False,267.57190414846593
2020-07-11 14:00:00,-32951.83858,960943.41889,1.1641532182693481e-10,1.963967638765139,81.38281238120749,-0.2767515051737377,-0.0038653198438395753,0.27677849684074907,False,269.1998160423301
2020-07-11 14:30:00,-32453.79169,960957.5403,4.657181272575765e-10,1.934277788025167,81.38283776313213,-0.2747677665259416,0.009071383794778332,0.2749174703899454,False,271.8909179096984
2020-07-11 15:00:00,-31962.13597,960944.16787,1.1647215137477994e-10,1.9050228723091749,81.38310568914497,-0.27472451883479776,0.02055785104822766,0.27549262510770095,False,274.2795120593389
2020-07-11 15:30:00,-31462.8698,960916.45034,7.275957614183426e-12,1.8753408351073588,81.38350235705539,-0.27329163178091903,0.034125109601845685,0.2754139413806342,False,277.11751382865214
2020-07-11 16:00:00,-30974.79277,960853.57979,7.275957614183426e-12,1.8463900723847044,81.38420899616827,-0.2634824336067511,0.04660637929547107,0.267572695562102,False,280.0310660539892
2020-07-11 16:30:00,-30509.41955,960779.31635,3.637978807091713e-12,1.8188086859269037,81.38500922310747,-0.25590235520641724,0.049176126470569445,0.26058454830407884,False,280.8777831834416
2020-07-11 17:00:00,-30048.38956,960705.87431,3.637978807091713e-12,1.7914794352557901,81.38579885659951,-0.2429375995320132,0.04641503115558471,0.24733182646709806,False,280.81643053388984
2020-07-11 17:30:00,-29630.04795,960639.64499,1.4551915228366852e-11,1.766675615041415,81.3865099726257,-0.23310987521424023,0.04428662967637305,0.23727941227694166,False,280.7569596823305
2020-07-11 18:00:00,-29204.67772,960572.39014,2.329443027495599e-10,1.7414507178387766,81.38723059432198,-0.225797264036433,0.037615534697434366,0.2289090057138699,False,279.4580404176602
2020-07-11 18:30:00,-28813.43803,960528.99422,1.1641532182693481e-10,1.7182130748417366,81.38772619082005,-0.2159977070020864,0.019121007186305456,0.21684239056507817,False,275.0588713813494
2020-07-11 19:00:00,-28425.37163,960526.90076,0.0,1.6950890478420482,81.3878487737443,-0.22749696351434515,0.007211017490579032,0.22761121936648185,False,271.81550810988847
2020-07-11 19:30:00,-27994.03945,960527.27208,2.3283064365386963e-10,1.6693814548439936,81.38795915350131,-0.24201681217971724,0.001375578795304237,0.2420207214158627,False,270.32565510610925
2020-07-11 20:00:00,-27554.33663,960547.33241,2.3285906362878826e-10,1.6431406458852627,81.38789320909417,-0.2444841573029247,-0.010692785973511015,0.24471787602052397,False,267.49570145675125
2020-07-11 20:30:00,-27115.36218,960590.98775,2.329443027495599e-10,1.616903958657927,81.38761346147169,-0.25237333783780214,-0.015013397363085587,0.25281950825000693,False,266.5955527252437
2020-07-11 21:00:00,-26647.67942,960626.9951,2.3285906362878826e-10,1.5889706706778166,81.38740771276815,-0.26790406851529724,-0.017838148056720966,0.26849728015967417,False,266.190635668746
2020-07-11 21:30:00,-26153.05909,960681.92396,2.329443027495599e-10,1.5594026047588923,81.38703663948534,-0.28488063031692434,-0.02843148451373897,0.28629586591745104,False,264.300673606813
2020-07-11 22:00:00,-25625.27435,960757.21974,1.1641532182693481e-10,1.5278282867739936,81.38648837555354,-0.305146078261659,-0.03761974970622327,0.3074562971325021,False,262.9717886536275
2020-07-11 22:30:00,-25058.53467,960846.59633,3.637978807091713e-12,1.4939147504569554,81.38582020954851,-0.3185174317424641,-0.04479412030279744,0.32165177993836247,False,261.9948113774576
2020-07-11 23:00:00,-24483.20549,960948.31815,2.3285906362878826e-10,1.459475917737981,81.3850401551153,-0.33426524124838464,-0.0405233948846064,0.3367126327297723,False,263.08769244068475
2020-07-11 23:30:00,-23859.28584,961023.08256,2.3283064365386963e-10,1.4221881232640643,81.38450983764278,-0.352095659113826,-0.028358959497849036,0.3532358755146484,False,265.3951471055369
2020-07-12 00:00:00,-23218.58544,961081.83854,1.1641532182693481e-10,1.3839281683925855,81.38412322566836,-0.3531416710833996,-0.013356513415452602,0.3533941656368893,False,267.8339932221043
2020-07-12 00:30:00,-22589.50796,961101.85635,2.3285906362878826e-10,1.3464183900233309,81.38407810200222,-0.3400572760588138,0.008331207183642296,0.3401593156355961,False,271.4034328154871
2020-07-12 01:00:00,-21994.01251,961080.61998,3.637978807091713e-12,1.3109661647913295,81.38439276744714,-0.31869553450654153,0.03185527672975143,0.3202836280079568,False,275.7080518390246
2020-07-12 01:30:00,-21439.88064,961013.45617,1.1641532182693481e-10,1.2780371849951266,81.38510819612385,-0.2908298237803108,0.05383127713589098,0.2957698307775283,False,280.4865059631709
2020-07-12 02:00:00,-20942.96323,960910.22771,4.656754979456206e-10,1.2485593603107406,81.38613339152839,-0.25735123561656315,0.07242100454506456,0.2673470784816772,False,285.7170901696354
2020-07-12 02:30:00,-20507.95523,960772.98988,0.0,1.2228079765128599,81.38744980333469,-0.2192873654342391,0.0886132585628543,0.23651481609450345,False,292.00346168269766
2020-07-12 03:00:00,-20146.90074,960608.13948,1.1647215137477994e-10,1.2014921880998084,81.3889984877623,-0.17708523075063878,0.09798345538014604,0.20238561331833854,False,298.9562996794619
2020-07-12 03:30:00,-19863.19214,960433.69453,1.1641532182693481e-10,1.1847927291018256,81.39061778611737,-0.1353978477663055,0.09770043106116966,0.1669669171102048,False,305.81347730125333
2020-07-12 04:00:00,-19652.30013,960266.57179,0.0,1.1724209982870133,81.39215725167351,-0.09304524122455732,0.08982385064708907,0.12932803663400533,False,313.9907917519591
2020-07-12 04:30:00,-19521.68295,960117.2501,0.0,1.1648118435021793,81.39352186130826,-0.061491334829714084,0.07680837025494049,0.09839059914626008,False,321.3198935271705
2020-07-12 05:00:00,-19425.35606,959994.61887,1.1641532182693481e-10,1.159213842112508,81.39464045185224,-0.040093546541460474,0.058754473815372917,0.07113072941839975,False,325.69070942178723
2020-07-12 05:30:00,-19373.0966,959908.69732,2.3283064365386963e-10,1.156199545210849,81.3954213834918,-0.022674194642341865,0.038828616961166615,0.044964214635594385,False,329.716961686783
2020-07-12 06:00:00,-19340.92502,959856.51139,2.3283064365386963e-10,1.1543427828526438,81.39589576183981,-0.017042586288227204,0.019748484694520972,0.026085482459049878,False,319.20639882472847
2020-07-12 06:30:00,-19310.32349,959838.85321,1.1641532182693481e-10,1.1525380528825633,81.3960598385074,-0.019309470726570546,0.0005679905483047774,0.019317822677601335,False,271.6848768398603
2020-07-12 07:00:00,-19271.38386,959855.86526,2.3283064365386963e-10,1.150194182850479,81.39591412163966,-0.02531911826677513,-0.019829523161863025,0.03216003324988655,False,231.93252824423664
2020-07-12 07:30:00,-19220.62599,959912.05477,4.656612873077393e-10,1.147098425703408,81.39541875845286,-0.034754399741127304,-0.0395083198358066,0.05261915656502353,False,221.3372145639567
2020-07-12 08:00:00,-19149.14044,960000.57144,2.3285906362878826e-10,1.142727912241299,81.39463683223462,-0.0492915692346279,-0.0545583990682287,0.07352739425887615,False,222.09668861263324
2020-07-12 08:30:00,-19047.12865,960111.96483,4.656612873077393e-10,1.1365101042277914,81.39365489618262,-0.06720072764759145,-0.06560562994683201,0.09391504925775435,False,225.68812949574004
2020-07-12 09:00:00,-18911.94994,960241.50367,2.3285906362878826e-10,1.1282941205527963,81.39251580672689,-0.08648007478476755,-0.0726190497430469,0.1129262136103133,False,229.97914747031362
2020-07-12 09:30:00,-18741.00858,960379.47314,2.3285906362878826e-10,1.1179377079931179,81.3913071151705,-0.10514097570494935,-0.07548352526093041,0.1294310138954581,False,234.32442008692868
2020-07-12 10:00:00,-18538.81626,960520.57749,3.637978807091713e-12,1.1057171355804742,81.39007541385979,-0.12090098781777264,-0.07369633263078415,0.14159166041310622,False,238.63521133552277
2020-07-12 10:30:00,-18310.96575,960653.12952,1.1647215137477994e-10,1.091980022512959,81.38892450274076,-0.1319802653235563,-0.06715595268947322,0.14808346435881045,False,243.03149283936978
2020-07-12 11:00:00,-18068.38096,960771.34978,0.0,1.0773842840422816,81.38790426622285,-0.13878442640522587,-0.058500573764450295,0.1506102059735576,False,247.14354696320413
2020-07-12 11:30:00,-17815.39005,960873.08868,2.3283064365386963e-10,1.062189930750972,81.38703318599812,-0.14224460238017253,-0.047538002068058145,0.14997796020387824,False,251.5204242872644
2020-07-12 12:00:00,-17559.56086,960951.94995,0.0,1.0468543929211849,81.38636738060653,-0.1415972356960069,-0.03518184905675609,0.14590250052621753,False,256.04660313361967
2020-07-12 12:30:00,-17308.03907,961009.03535,2.3283064365386963e-10,1.0318013163596562,81.38589578506841,-0.13423703102026227,-0.026091871004649485,0.13674928237346667,False,259.00047897685056
2020-07-12 13:00:00,-17078.07735,961054.56757,0.0,1.0180470604257303,81.3855238918813,-0.12175503690694943,-0.018965725294276158,0.12322332469200206,False,261.1462154522519
2020-07-12 13:30:00,-16871.00322,961085.08893,1.166424738903981e-10,1.005673713292035,81.38528267937578,-0.1070772709298578,-0.012978171934094949,0.10786090532040374,False,263.08924285179745
2020-07-12 14:00:00,-16693.47858,961108.04748,1.1647215137477994e-10,0.9950699144856335,81.3851043669626,-0.0908746647847221,-0.009313288381814019,0.09135065429551363,False,264.1484725359103
2020-07-12 14:30:00,-16544.48602,961124.2931,3.4924596548080444e-10,0.98617381684178,81.384981628758,-0.07697090878934244,-0.007810475569153166,0.07736617043949902,False,264.20585321432094
2020-07-12 15:00:00,-16416.90829,961140.93015,2.3283064365386963e-10,0.978553788941035,81.38485188550477,-0.06554014610340438,-0.008644819880122568,0.0661078184635929,False,262.485997094747
2020-07-12 15:30:00,-16309.1074,961159.43941,1.1647215137477994e-10,0.9721106797595842,81.3847021673483,-0.053756086367706415,-0.009577445636479671,0.054602603294092444,False,259.8979046995114
2020-07-12 16:00:00,-16223.99919,961178.68723,1.1641532182693481e-10,0.9670193762362452,81.3845422714288,-0.04009401545271114,-0.010795153754865758,0.041521866765758884,False,254.93069753789334
2020-07-12 16:30:00,-16165.44538,961200.73241,3.4924596548080444e-10,0.9635078847642238,81.38435318263545,-0.027984486714908035,-0.015066501784430001,0.031782557680543846,False,241.70252667029635
2020-07-12 17:00:00,-16124.18135,961234.61304,2.328377489728103e-10,0.9610150218796052,81.38405518600227,-0.0237457456036592,-0.02154687058943558,0.03206443616331939,False,227.77942473057954
2020-07-12 17:30:00,-16081.27371,961279.72399,1.1642953181439413e-10,0.9584131973229365,81.38365658077846,-0.02950421786481752,-0.029585536813134396,0.04178280579779137,False,224.92114995878714
2020-07-12 18:00:00,-16019.76255,961342.8827,0.0,0.9546852157385435,81.38309868856318,-0.039743930116650346,-0.03914411569774745,0.055783884544515404,False,225.43563219370753
2020-07-12 18:30:00,-15940.56336,961423.00716,1.8189894035458565e-12,0.9498871138962005,81.38239105534763,-0.051967929549345225,-0.04963631322515065,0.07186396379431748,False,226.31459403908636
2020-07-12 19:00:00,-15835.66603,961524.65034,3.4924596548080444e-10,0.943537754489231,81.38149394305256,-0.06583556334023112,-0.06082519629356028,0.08963272786474662,False,227.2652895101743
2020-07-12 19:30:00,-15707.19328,961645.85101,0.0,0.9357663865796727,81.38042457267014,-0.08110378464517937,-0.06643586012047441,0.10484058085359349,False,230.67750916035573
2020-07-12 20:00:00,-15547.63733,961768.5559,2.328377489728103e-10,0.9261442460252048,81.37934605222273,-0.09516973734316048,-0.0670836039495667,0.1164366300818968,False,234.82061182201718
2020-07-12 20:30:00,-15368.5305,961892.85825,1.166424738903981e-10,0.9153587228984875,81.37825574994504,-0.10658650598427037,-0.06966211709688877,0.12733221829668856,False,236.83243264162232
2020-07-12 21:00:00,-15167.98123,962025.43744,3.637978807091713e-12,0.9032914016768107,81.37709385788268,-0.11722177269395587,-0.06994081067140283,0.13650150545282083,False,239.17742646254496
2020-07-12 21:30:00,-14950.55392,962151.26658,1.1642953181439413e-10,0.8902287387828864,81.37599454938372,-0.12554063663119802,-0.06645550251327306,0.14204501138744063,False,242.10529121389152
2020-07-12 22:00:00,-14719.80651,962271.67017,0.0,0.8763814220661573,81.37494533983073,-0.12716512637065017,-0.06714100884764362,0.14380154531138664,False,242.16671340970706
2020-07-12 22:30:00,-14496.50997,962399.94797,1.1641532182693481e-10,0.8629738933002541,81.37382391093476,-0.12262310530861516,-0.06318139997139857,0.13794315951823624,False,242.7402697071807
2020-07-12 23:00:00,-14281.83911,962505.74606,3.637978807091713e-12,0.8501030370493128,81.37290271603912,-0.11962102544435968,-0.05396099516978226,0.13122872676389652,False,245.71988398702868
2020-07-12 23:30:00,-14068.80382,962600.57532,1.8189894035458565e-12,0.837341794542119,81.37207936496475,-0.11369261812621873,-0.0486682046376079,0.12367136111097944,False,246.82576836808482
2020-07-13 00:00:00,-13875.14982,962686.91424,1.1647215137477994e-10,0.8257435221691027,81.37132931774843,-0.10024933371826981,-0.042442389404399365,0.10886360883836113,False,247.0537412333485
2020-07-13 00:30:00,-13710.14566,962758.55311,1.165431493401509e-10,0.8158643586796058,81.37070725694703,-0.0843881473011161,-0.033202368352575215,0.09068493077206906,False,248.5229301403669
2020-07-13 01:00:00,-13573.08526,962810.75643,1.1647215137477994e-10,0.8076654563352523,81.37025592927607,-0.07159249110700673,-0.026977824152424324,0.07650678256799176,False,249.35234801147453
2020-07-13 01:30:00,-13453.8073,962859.29662,1.1641532182693481e-10,0.8005284043467179,81.36983508834449,-0.06129327496192073,-0.022834000733750633,0.06540838742138919,False,249.5677859460774
2020-07-13 02:00:00,-13353.59949,962896.03368,0.0,0.7945362958631339,81.36951772817473,-0.04850064916281292,-0.015882207361475286,0.05103486533623034,False,251.86825126799064
2020-07-13 02:30:00,-13280.0146,962918.88825,1.8189894035458565e-12,0.7901398156106711,81.36932163993289,-0.03298796404860462,-0.008254071845274448,0.03400493308475968,False,255.95218207574192
2020-07-13 03:00:00,-13235.26388,962927.38318,1.1647215137477994e-10,0.7874706083384833,81.36925089086057,-0.014327368729791434,-0.004069917546792599,0.014894217789366976,False,254.14195722698335
2020-07-13 03:30:00,-13228.64231,962934.24744,2.328377489728103e-10,0.7870710783451508,81.36919006903256,0.005512198954467196,-0.0006652174699968088,0.005552193404053771,False,96.88123267267423
2020-07-13 04:00:00,-13255.13882,962929.50515,2.3283064365386963e-10,0.7886512388842216,81.36922938135955,0.02404330768567379,2.9428779412417545e-05,0.02404332569593978,False,89.92987054707436
2020-07-13 04:30:00,-13315.18856,962932.95014,2.328377489728103e-10,0.7922207764440837,81.36919100696774,0.04022622618924849,-0.004247674080095345,0.040449870315234566,False,96.02778998863857
2020-07-13 05:00:00,-13400.15082,962942.79305,2.328377489728103e-10,0.7972670218134741,81.36909203766278,0.05117603546827723,-0.008894571519551505,0.05194323833538669,False,99.85971192900854
2020-07-13 05:30:00,-13499.85,962962.40398,2.328377489728103e-10,0.8031816815098778,81.36890343367371,0.058747669792216343,-0.015672211275567963,0.060802194962692985,False,104.93703139866363
2020-07-13 06:00:00,-13612.41253,962996.24284,1.165431493401509e-10,0.8098493138898207,81.368585343823,0.061981812328827476,-0.02519139643823798,0.06690554172917561,False,112.11840196617834
2020-07-13 06:30:00,-13724.24404,963049.93015,1.1642953181439413e-10,0.8164561471057242,81.36808899866993,0.058065186206230614,-0.03664670716146839,0.06866255890179634,False,122.25727109527338
2020-07-13 07:00:00,-13823.30587,963125.17898,1.1647215137477994e-10,0.8222842940986886,81.36740057070334,0.05010663830957764,-0.046754110100052725,0.0685319050802959,False,133.017679292666
2020-07-13 07:30:00,-13907.02486,963215.63891,4.656612873077393e-10,0.8271859768792678,81.36657745344473,0.03777544153689833,-0.05552090505920963,0.06715321944554403,False,145.7693219704779
2020-07-13 08:00:00,-13962.16881,963323.07015,1.1641532182693481e-10,0.8303728634662665,81.36560559950557,0.02353678847787205,-0.06347461104264934,0.0676979073448191,False,159.6549000274835
2020-07-13 08:30:00,-13995.06,963442.89555,1.1642953181439413e-10,0.8322252243230644,81.36452532833172,0.00969072454953148,-0.06746277828372212,0.06815523894796012,False,171.82563636719385
2020-07-13 09:00:00,-14000.57926,963565.40382,1.165431493401509e-10,0.8324475480441564,81.36342453094736,-0.004580517740719409,-0.06744058957539871,0.06759596337837358,False,183.885521980367
2020-07-13 09:30:00,-13982.09918,963685.89562,1.1642953181439413e-10,0.831244981478598,81.36234496916241,-0.016285252362896928,-0.06658969472150685,0.0685521472138307,False,193.742577882259
2020-07-13 10:00:00,-13945.43629,963805.95202,4.656648400078656e-10,0.828962395141215,81.36127167646083,-0.025318933263697323,-0.06470810944728952,0.06948516251584909,False,201.36936962433924
2020-07-13 10:30:00,-13894.33078,963920.13913,1.1641532182693481e-10,0.8258271113987113,81.36025294376883,-0.03258244191620993,-0.06025767924223056,0.06850257972429022,False,208.4009095902842
2020-07-13 11:00:00,-13831.27824,964024.54772,1.1647215137477994e-10,0.8219909963912763,81.35932353215622,-0.03745318898701773,-0.055750221439413,0.06716270211836962,False,213.89334048058484
2020-07-13 11:30:00,-13762.39242,964122.75356,1.1642953181439413e-10,0.8178143789499686,81.3584505277357,-0.039429552675524185,-0.05084381517130638,0.0643411467520272,False,217.79370036310058
2020-07-13 12:00:00,-13691.95882,964209.59282,3.4924596548080444e-10,0.8135562394119946,81.35767974261833,-0.03908161415567314,-0.045509027271163974,0.059987033000311475,False,220.65486939727552
2020-07-13 12:30:00,-13624.03901,964288.56722,1.1641532182693481e-10,0.8094547914243466,81.35697921454992,-0.0369166193274697,-0.0409023762434501,0.055098467900024775,False,222.06796947670145
2020-07-13 13:00:00,-13561.15246,964358.70418,4.656648400078656e-10,0.8056603699641712,81.35635736409142,-0.034276795864077295,-0.03625435547551674,0.04989265502709549,False,223.39395586082222
2020-07-13 13:30:00,-13502.48992,964420.80507,0.0,0.8021240712882683,81.35580710620924,-0.030804367043672103,-0.033093724443350236,0.04521176424885086,False,222.94806964279528
2020-07-13 14:00:00,-13451.93544,964479.38237,0.0,0.7990727121367485,81.35528744089208,-0.026311575265039282,-0.030661510113215242,0.04040330673782318,False,220.63389804162944
2020-07-13 14:30:00,-13409.31684,964532.49676,0.0,0.7964975482015674,81.35481581599615,-0.020082222413555735,-0.028502531587972883,0.034866745818772825,False,215.16763610565317
2020-07-13 15:00:00,-13381.0728,964582.98656,2.328377489728103e-10,0.7947785026541382,81.35436595195456,-0.013357020971600677,-0.027821106164054418,0.030861366745939284,False,205.6458429134424
2020-07-13 15:30:00,-13362.62546,964633.3101,1.1647215137477994e-10,0.7936415497952845,81.35391635475686,-0.008111436994761733,-0.028213967271236397,0.02935682815466255,False,196.03979588242058
2020-07-13 16:00:00,-13353.2813,964684.95157,1.1642953181439413e-10,0.7930441963575252,81.35345378816102,-0.004714181245080978,-0.028461100468930578,0.028848877702850655,False,189.40485267583495
2020-07-13 16:30:00,-13347.07416,964735.99514,1.1647215137477994e-10,0.7926336700854746,81.35299619979808,-0.0029864251437758645,-0.029529129196236768,0.02967976088561731,False,185.77496630679718
2020-07-13 17:00:00,-13344.00178,964791.39499,2.328377489728103e-10,0.792405737999059,81.35249910311887,-0.0037118785078840205,-0.03334512162514304,0.033551083115942376,False,186.35184351406315
2020-07-13 17:30:00,-13335.37282,964856.2109,2.3283064365386963e-10,0.7918402004102872,81.35191814172278,-0.007013829433336146,-0.03651016539955665,0.03717776191250512,False,190.8743941506002
2020-07-13 18:00:00,-13320.57083,964923.16798,2.3283064365386963e-10,0.7909065070644302,81.3513187173989,-0.012211491789758083,-0.04075666074855172,0.042546749900595995,False,196.67924308433498
2020-07-13 18:30:00,-13293.44094,965003.52772,1.1647215137477994e-10,0.789230159159903,81.35060046304872,-0.021172875853380915,-0.0463093449514173,0.050919997071210046,False,204.57012838637576
2020-07-13 19:00:00,-13246.65206,965090.91571,1.1642953181439413e-10,0.7863814543654336,81.34982151345595,-0.03452004277807336,-0.05116249238080887,0.06171899205282229,False,214.00808560071317
2020-07-13 19:30:00,-13171.70834,965189.40092,3.637978807091713e-12,0.7818532322548924,81.34894634489669,-0.04822115931501314,-0.05409481844747858,0.07246743812602698,False,221.71442405477578
2020-07-13 20:00:00,-13075.72939,965288.00773,3.637978807091713e-12,0.7760774856378885,81.34807259049848,-0.06041345839953443,-0.05212392475470746,0.07979153769433625,False,229.21281404226616
2020-07-13 20:30:00,-12956.78145,965379.97565,1.1642953181439413e-10,0.7689452248867973,81.34726113451393,-0.07024524723894848,-0.04926802995690143,0.08580054507691158,False,234.9552662489534
2020-07-13 21:00:00,-12825.24955,965468.75041,1.1641532182693481e-10,0.7610701547143528,81.34647971978976,-0.07715599599051717,-0.044919685417973525,0.08927948171522057,False,239.79233277319983
2020-07-13 21:30:00,-12681.19234,965545.3617,1.8189894035458565e-12,0.7524628634875374,81.34580884561292,-0.08232918039729968,-0.039958104308057615,0.09151362764520225,False,244.11058697749544
2020-07-13 22:00:00,-12530.77917,965616.47948,1.1642953181439413e-10,0.7434840620577259,81.34518784762585,-0.08552325793378565,-0.036851871314315346,0.09312512049375125,False,246.68884675540275
2020-07-13 22:30:00,-12375.056,965682.01233,3.637978807091713e-12,0.7341957932752243,81.34461739999678,-0.08847613487293236,-0.03374633433172087,0.09469340802232012,False,249.12228024239917
2020-07-13 23:00:00,-12213.84794,965742.03768,2.328377489728103e-10,0.7245875232479368,81.34409680449991,-0.09032214373209975,-0.029108796411647105,0.09489684756037371,False,252.13703570384658
2020-07-13 23:30:00,-12051.24749,965790.90762,2.328377489728103e-10,0.7149060733374498,81.34367629648123,-0.08421182405870298,-0.028167680947537924,0.08879780155643627,False,251.50563018744418
2020-07-14 00:00:00,-11911.9742,965847.21604,2.328377489728103e-10,0.7066037302797912,81.34318616201354,-0.07415415344603207,-0.027860372826951165,0.07921514279072145,False,249.4083554336638
2020-07-14 00:30:00,-11785.54973,965894.48949,1.1641532182693481e-10,0.6990709210902074,81.34277557248951,-0.06702769235144836,-0.025207663475998798,0.07161101758723731,False,249.3898067569858
2020-07-14 01:00:00,-11671.79966,965940.90092,2.3285906362878826e-10,0.6922911275899696,81.34237119935267,-0.05553025798333733,-0.022629815003971744,0.05996430670665662,False,247.82801168531662
2020-07-14 01:30:00,-11586.63972,965978.36627,1.8189894035458565e-12,0.68721385810801,81.34204396525642,-0.03888074510434863,-0.018787035125991138,0.04318176731786871,False,244.21033491467037
2020-07-14 02:00:00,-11532.65023,966010.20817,1.1642953181439413e-10,0.683989454167922,81.34176382473383,-0.02413266807853925,-0.016102144935886655,0.029011458772789205,False,236.28742073925454
2020-07-14 02:30:00,-11500.4603,966037.36697,1.1642953181439413e-10,0.6820613096875207,81.34152338297655,-0.006660604874647563,-0.015769029900688673,0.01711800108964222,False,202.8984763900125
2020-07-14 03:00:00,-11509.34952,966067.25809,0.0,0.682567337514744,81.34125400789341,0.014572057943916287,-0.01910494641078833,0.02402798056599738,False,142.66587778405926
2020-07-14 03:30:00,-11553.73532,966105.51496,0.0,0.6851722769162669,81.34090570078602,0.03130222154241894,-0.026163992635266038,0.040796857527374976,False,129.89059730016044
2020-07-14 04:00:00,-11623.15581,966160.09418,1.8189894035458565e-12,0.6892497961288562,81.34040809819734,0.04315925707753513,-0.036972801872050896,0.05683053360434597,False,130.58533680444083
2020-07-14 04:30:00,-11710.69854,966236.73837,2.3283064365386963e-10,0.6943854690724977,81.33971033584189,0.051668700193497556,-0.04775734489777669,0.0703592109916728,False,132.74718333627692
2020-07-14 05:00:00,-11811.23305,966329.75377,2.328377489728103e-10,0.700278662110253,81.33886406384238,0.05626992417979961,-0.05769721331016961,0.08059325524483801,False,135.71751708524386
2020-07-14 05:30:00,-11915.79374,966441.95702,1.1641532182693481e-10,0.7063953438846015,81.33784494599122,0.05707513717267405,-0.06673414848947827,0.0878124015039749,False,139.46090845777314
2020-07-14 06:00:00,-12019.64979,966567.44528,2.3283064365386963e-10,0.7124590344366387,81.33670650720711,0.05639560870026767,-0.07649287515577932,0.09503486007919067,False,143.59990424087852
2020-07-14 06:30:00,-12122.22636,966714.78559,0.0,0.7184290736927932,81.33537188207332,0.052881306773060514,-0.08554990349572462,0.10057444304670214,False,148.27837802522174
2020-07-14 07:00:00,-12213.86917,966873.01371,1.1641532182693481e-10,0.7237413028094051,81.33394062934389,0.0462533865998274,-0.09188927270230554,0.10287377804723499,False,153.2811437096343
2020-07-14 07:30:00,-12292.90373,967043.45731,0.0,0.7282956750112132,81.3324010450416,0.03803817109667503,-0.0967154649415212,0.1039268185755464,False,158.53029657641537
2020-07-14 08:00:00,-12355.22112,967219.42067,1.1642953181439413e-10,0.7318541274374808,81.33081375544566,0.028998355831918413,-0.0980152254893654,0.10221491607728152,False,163.51885227136142
2020-07-14 08:30:00,-12401.79628,967394.94992,2.328377489728103e-10,0.7344793999880641,81.32923214231512,0.02075161132289754,-0.09851505368409351,0.10067693467163388,False,168.10488193312204
2020-07-14 09:00:00,-12434.467,967573.08809,1.1647215137477994e-10,0.7362785008697514,81.32762868645149,0.013273171721497033,-0.09836729214716335,0.09925875906897956,False,172.31522060810084
2020-07-14 09:30:00,-12454.12627,967748.42891,0.0,0.7373088528479741,81.32605184503099,0.008041695132757053,-0.0976367988570521,0.09796740964045472,False,175.2915546367159
2020-07-14 10:00:00,-12467.93775,967924.17893,1.8189894035458565e-12,0.7379924194419119,81.32447200097076,0.0047431850513261695,-0.09776603833870293,0.09788103011756596,False,177.22243463690427
2020-07-14 10:30:00,-12475.73355,968100.13752,0.0,0.7383196072594369,81.3228909772454,0.0006630228042559647,-0.09767843382934772,0.097680684040363,False,179.61109301715027
2020-07-14 11:00:00,-12474.85561,968275.76134,1.8189894035458565e-12,0.7381337655032812,81.32131396157898,-0.0016363145257269527,-0.09922031487044812,0.09923380678084447,False,180.94482080760616
2020-07-14 11:30:00,-12474.44485,968457.3769,1.166424738903981e-10,0.7379710607079822,81.31968308356134,-0.000735574622796715,-0.1021650891550285,0.10216773713888658,False,180.41251462247033
2020-07-14 12:00:00,-12476.94483,968643.55926,2.328377489728103e-10,0.7379770820592731,81.3180108565357,0.001320480529631332,-0.10299297552360802,0.10300144016486204,False,179.26544683507655
2020-07-14 12:30:00,-12483.97368,968828.05963,2.3283064365386963e-10,0.7382521717689994,81.3163532080289,0.0053963298604760655,-0.10358909496811128,0.10372955688845606,False,177.01795159289156
2020-07-14 13:00:00,-12501.17493,969016.19874,1.1647215137477994e-10,0.7391257552168878,81.31466170297116,0.010501443679193888,-0.10516314473290916,0.10568617378570426,False,174.29742877521403
2020-07-14 13:30:00,-12526.65944,969206.12777,0.0,0.7404872257873699,81.31295315902663,0.01557452623273944,-0.1077771072038982,0.10889660556975526,False,171.7772903832065
2020-07-14 14:00:00,-12562.25286,969403.43932,1.8189894035458565e-12,0.7424398915291001,81.31117713602777,0.018947329271511174,-0.11186480450721387,0.11345807936837393,False,170.38664877381166
2020-07-14 14:30:00,-12600.08232,969607.92341,1.8189894035458565e-12,0.7445183640030912,81.30933642921319,0.022981316116037244,-0.1163288081060847,0.11857711619788833,False,168.82484104077542
2020-07-14 15:00:00,-12650.42026,969821.11265,1.8189894035458565e-12,0.7473281165779125,81.30741607034595,0.029156495713458543,-0.1202888415580836,0.12377199459358594,False,166.37500062890797
2020-07-14 15:30:00,-12710.6849,970039.55737,1.1641532182693481e-10,0.7507187908927251,81.30544732518214,0.03442706283169516,-0.12158196827477936,0.12636216864547292,False,164.19003781353774
2020-07-14 16:00:00,-12780.08179,970257.14632,4.656612873077393e-10,0.7546477838435105,81.30348515188146,0.03789819678942436,-0.12218793046331257,0.12793030786642093,False,162.76803451213078
2020-07-14 16:30:00,-12852.90006,970477.59884,3.4926491277312713e-10,0.7587747283877999,81.30149681263474,0.03850940775671475,-0.12476318503049544,0.13057115617442683,False,162.84663406274132
2020-07-14 17:00:00,-12924.65144,970704.41851,2.3285906362878826e-10,0.762831825076521,81.29945137475865,0.03592956945466197,-0.12926036130627583,0.13416100389541794,False,164.46604889378136
2020-07-14 17:30:00,-12988.43033,970941.17284,2.3283064365386963e-10,0.7664087958658197,81.29731763310501,0.029946782108603978,-0.13350132410145032,0.13681890693723833,False,167.35680165834594
2020-07-14 18:00:00,-13038.87876,971183.53824,3.492507024002521e-10,0.7691932689167561,81.2951350737338,0.020987493465768323,-0.13659698746320637,0.13819989821269416,False,171.26507665084745
2020-07-14 18:30:00,-13070.58001,971431.86339,1.1642953181439413e-10,0.7708660910982535,81.29290123739294,0.009740257187486308,-0.13935313297589344,0.13969312180732243,False,176.00174428550747
2020-07-14 19:00:00,-13080.68987,971684.69236,1.8189894035458565e-12,0.7712615626632795,81.29062955710005,-0.0009916802482036057,-0.1408074833050565,0.1408109753691751,False,180.40351657533995
2020-07-14 19:30:00,-13073.83358,971938.77246,1.165431493401509e-10,0.7706558620301857,81.28834868801746,-0.011474031988366544,-0.13240173886034085,0.13289798291664157,False,184.95292014478792
2020-07-14 20:00:00,-13045.79802,972161.85108,1.1647215137477994e-10,0.7688270250452864,81.28634876971905,-0.022601420806541584,-0.11985104263277337,0.12196350537204656,False,190.67938043897215
2020-07-14 20:30:00,-12998.26524,972371.28914,2.3283064365386963e-10,0.765861139808938,81.28447367786968,-0.0309583152760073,-0.11003416747690449,0.11430632220950919,False,195.71404486388883
2020-07-14 21:00:00,-12939.65278,972559.42838,1.1641532182693481e-10,0.7622606185415355,81.28279115406106,-0.03571066189865081,-0.09848291403971582,0.10475750918666311,False,199.93103398791078
2020-07-14 21:30:00,-12874.43486,972727.50654,3.492885954431824e-10,0.7582881205904535,81.281289533741,-0.03787828812487259,-0.08733649722028484,0.09519678806545778,False,203.4466257137604
2020-07-14 22:00:00,-12807.46388,972875.61688,1.1647215137477994e-10,0.7542292426929971,81.27996739461832,-0.03312369997638883,-0.07777430395607206,0.08453414609480188,False,203.0689203750853
2020-07-14 22:30:00,-12758.88546,973009.03945,1.8189894035458565e-12,0.7512657782431758,81.27877494730154,-0.02574853048529844,-0.06950991022854243,0.07412566655438836,False,200.3261226442753
2020-07-14 23:00:00,-12718.05815,973127.04643,1.1642953181439413e-10,0.7487712671333165,81.27772000358432,-0.01837747774256837,-0.06283300298247856,0.06546539507231859,False,196.30321046254488
2020-07-14 23:30:00,-12695.68819,973236.08352,7.275957614183426e-12,0.7473706610381512,81.27674343471874,-0.0075324975504940115,-0.060221118695680725,0.060690375318558254,False,187.12956694215484
2020-07-15 00:00:00,-12693.77129,973344.17772,0.0,0.7471748527346739,81.27577293398372,0.00393940741891876,-0.060000131059279496,0.06012931612735129,False,176.2435428172646
2020-07-15 00:30:00,-12712.68556,973451.88069,2.328377489728103e-10,0.7482052678140582,81.27480350482175,0.01666910945935942,-0.0602868600354404,0.06254889849630356,False,164.54406134629596
2020-07-15 01:00:00,-12756.60904,973560.4083,2.3283064365386963e-10,0.7507064046562695,81.27382372662426,0.02907257558363123,-0.061535310701157364,0.06805739573443817,False,154.7114416164614
2020-07-15 01:30:00,-12820.24028,973672.01753,2.328377489728103e-10,0.7543641009177614,81.27281392845073,0.03945444975024943,-0.06522289238250922,0.07622781182636254,False,148.82953464217837
2020-07-15 02:00:00,-12901.7241,973793.32035,1.1641532182693481e-10,0.7590636287976588,81.2717149192411,0.048513249171591735,-0.07223875681911628,0.08701708643683931,False,146.11594781051053
2020-07-15 02:30:00,-12998.31786,973929.74054,1.1641532182693481e-10,0.7646388738430704,81.27047828086792,0.0544284358268665,-0.08150158394304154,0.09800491218191042,False,146.26418499186644
2020-07-15 03:00:00,-13101.56454,974084.08506,0.0,0.7705896266825674,81.26907978823063,0.05806669437133423,-0.09201184488435687,0.1088022085908043,False,147.74485882043206
2020-07-15 03:30:00,-13211.79391,974258.14186,0.0,0.7769333416133403,81.26750332635112,0.06353491841544788,-0.10363876863228685,0.12156348227027022,False,148.48995353187843
2020-07-15 04:00:00,-13335.32831,974454.04889,3.637978807091713e-12,0.7840393705108997,81.26572889829355,0.06044381722165164,-0.1148478136382978,0.1297824153644153,False,152.2423971952108
2020-07-15 04:30:00,-13435.02881,974668.57775,2.3283064365386963e-10,0.7897265987270398,81.26379005575599,0.054228959085114055,-0.12575636346552557,0.13695051279761003,False,156.6732130157236
2020-07-15 05:00:00,-13536.77385,974904.03804,1.8189894035458565e-12,0.7955143687511925,81.26166289767738,0.05185694154715063,-0.1345072105856765,0.14415731714402885,False,158.9167127295662
2020-07-15 05:30:00,-13628.41875,975150.16512,1.8189894035458565e-12,0.8006972371601553,81.25944112354648,0.04374816233015902,-0.13893003745801955,0.14565526772263562,False,162.52112531368743
2020-07-15 06:00:00,-13701.2411,975401.93647,2.3283064365386963e-10,0.8047673830508619,81.25717096263817,0.03725339252631568,-0.14315000849442086,0.14791801846520428,False,165.41289141115072
2020-07-15 06:30:00,-13769.75588,975663.57066,0.0,0.8085743335020336,81.2548127279007,0.030200918452013583,-0.14472013110143403,0.14783778888146776,False,168.2124023534966
2020-07-15 07:00:00,-13817.30573,975921.34278,3.637978807091713e-12,0.811151858162198,81.25249180097359,0.019867834891228477,-0.1416716733013384,0.14305800879107144,False,172.01698295388206
2020-07-15 07:30:00,-13848.49314,976172.52502,1.8189894035458565e-12,0.8127733220444164,81.25023211794566,0.011325430365058432,-0.13697893145772733,0.1374463278383768,False,175.27353028153044
2020-07-15 08:00:00,-13865.06819,976413.83897,1.8189894035458565e-12,0.8135449026126091,81.24806290981627,0.004959559860395755,-0.1291471789093534,0.1292423732924051,False,177.80078600614604
2020-07-15 08:30:00,-13872.94709,976637.15449,1.1642953181439413e-10,0.8138210378231765,81.24605643977705,-0.0017841417705415112,-0.11813782052792982,0.11815129199863515,False,180.86522692302674
2020-07-15 09:00:00,-13864.68657,976839.18345,1.1641532182693481e-10,0.8131683297098175,81.24424318744542,-0.011814136202130456,-0.10865670743536289,0.10929709001110932,False,186.20533682600183
2020-07-15 09:30:00,-13835.97188,977028.88284,1.8189894035458565e-12,0.8113268930324814,81.2425432597788,-0.01793887519412517,-0.10363487261029934,0.10517599566528178,False,189.8204119458037
2020-07-15 10:00:00,-13805.39593,977213.14603,2.3289458372046167e-10,0.8093815648760487,81.24089237669874,-0.022204882893402424,-0.0993734398981291,0.1018240510954892,False,192.59576467251748
2020-07-15 10:30:00,-13761.09574,977387.72072,1.1642953181439413e-10,0.8066405973653653,81.23933022503346,-0.028061364701037463,-0.09400104631131773,0.09810013708709651,False,196.62151293432555
2020-07-15 11:00:00,-13709.1491,977552.93844,3.637978807091713e-12,0.8034602177013529,81.23785304499897,-0.031570234678472954,-0.08910499017465619,0.0945324229652421,False,199.50942854725258
2020-07-15 11:30:00,-13651.9522,977710.06085,1.8189894035458565e-12,0.7999799174912702,81.23644919484394,-0.03380510830324724,-0.08582323411396035,0.09224105843480941,False,201.49909688667157
2020-07-15 12:00:00,-13591.77627,977863.5711,1.1642953181439413e-10,0.7963291556083981,81.23507812186912,-0.03461355910325727,-0.08443824200478839,0.09125741168066238,False,202.2900738755191
2020-07-15 12:30:00,-13531.58014,978015.74099,3.492507024002521e-10,0.7926794363702035,81.23371905155935,-0.03363330956408716,-0.08471474306406447,0.09114706360955452,False,201.6539870557727
2020-07-15 13:00:00,-13474.92707,978170.19006,1.165431493401509e-10,0.7892365014238433,81.23233903770299,-0.03153748692494047,-0.08476796171035442,0.0904445709485589,False,200.4074603189692
2020-07-15 13:30:00,-13422.2594,978322.44057,1.1647215137477994e-10,0.786029775900309,81.23097824412096,-0.027821698014531184,-0.08520115732843767,0.0896285896938971,False,198.08399955749547
2020-07-15 14:00:00,-13378.98614,978478.25937,0.0,0.783371185339469,81.22958422315754,-0.02176557134185483,-0.08806785565207381,0.09071762394921883,False,193.88220845149618
2020-07-15 14:30:00,-13348.24529,978640.5265,1.1647215137477994e-10,0.7814418843319327,81.22813073757133,-0.014993008522716098,-0.09256870236260803,0.09377502312268096,False,189.2000906458391
2020-07-15 15:00:00,-13329.56126,978812.21183,2.328377489728103e-10,0.7802113492481063,81.22659118537136,-0.008388847550560774,-0.09826767283579292,0.09862508954515065,False,184.87935700393103
2020-07-15 15:30:00,-13322.86538,978994.66855,1.1641532182693481e-10,0.7796741534698912,81.22495342907084,-0.00305321057908279,-0.10471645714449893,0.10476095881451211,False,181.6700959675012
2020-07-15 16:00:00,-13323.70045,979189.30574,1.1641532182693481e-10,0.779568047604735,81.22320536162712,0.0011835975662563719,-0.11280484484883314,0.11281105408854296,False,179.39884978498316
2020-07-15 16:30:00,-13332.65114,979400.67043,1.8189894035458565e-12,0.7799233556880234,81.221306076221,0.004289084754904936,-0.12075207205809975,0.12082822168003331,False,177.96572282814947
2020-07-15 17:00:00,-13345.05688,979623.76275,1.1641532182693481e-10,0.7804712102609812,81.21930104333379,0.004847255058499238,-0.1280506339580729,0.1281423456109124,False,177.8321488394953
2020-07-15 17:30:00,-13356.37885,979861.37225,1.1642953181439413e-10,0.7809438855414241,81.21716576532509,0.0013149717533679094,-0.13547030051893344,0.13547668239738636,False,179.44386359790985
2020-07-15 18:00:00,-13356.43741,980111.34601,1.1642953181439413e-10,0.7807481560514558,81.21492082288384,-0.005769697350391548,-0.14265083866524955,0.14276747241376156,False,182.31613933643843
2020-07-15 18:30:00,-13342.60751,980375.15062,2.3289458372046167e-10,0.7797299871568728,81.21255336428361,-0.013776473296038686,-0.14783031269767344,0.1484708475383918,False,185.32408125909262
2020-07-15 19:00:00,-13314.08896,980644.16077,2.328377489728103e-10,0.777850181785493,81.21014094129573,-0.02228770824131159,-0.1491229308001504,0.1507792771871396,False,188.5004272774571
2020-07-15 19:30:00,-13269.66713,980913.03295,1.1642953181439413e-10,0.7750427639816675,81.20773167694635,-0.030259441537754225,-0.14609186849003192,0.14919272046948384,False,191.70198183396622
2020-07-15 20:00:00,-13212.27901,981171.51689,1.1647215137477994e-10,0.771488023571863,81.20541725048759,-0.037609943605102586,-0.13804188315163507,0.14307365013177187,False,195.24049806901007
2020-07-15 20:30:00,-13140.97485,981411.76173,1.8189894035458565e-12,0.7671371334565379,81.20326826216746,-0.045927315294907484,-0.1259631791951625,0.1340747582625099,False,200.03231332967223
2020-07-15 21:00:00,-13053.02682,981627.15735,1.1647215137477994e-10,0.7618363710678201,81.20134437491198,-0.05397069766893247,-0.11306681121010308,0.125287429553377,False,205.51675628203435
2020-07-15 21:30:00,-12952.10959,981821.34964,1.1647215137477994e-10,0.7557975507154095,81.19961237059017,-0.059698825788497896,-0.09978618015248218,0.11628083053517053,False,210.89071065467346
2020-07-15 22:00:00,-12842.86827,981989.19125,1.1642953181439413e-10,0.7492956190454185,81.19811789612135,-0.0629198289528979,-0.08738305615992993,0.1076787043909398,False,215.7556268367958
2020-07-15 22:30:00,-12729.73142,982138.8639,0.0,0.7425824117460197,81.19678693341343,-0.06141973938670205,-0.07766848656238003,0.09901907993523776,False,218.3367205343267
2020-07-15 23:00:00,-12625.39952,982271.63995,1.8189894035458565e-12,0.7363973934402702,81.19560657916227,-0.05572062645378534,-0.06935164225336803,0.08896312997889307,False,218.78016117404218
2020-07-15 23:30:00,-12532.36249,982391.08727,1.1642953181439413e-10,0.7308825771790308,81.19454453201799,-0.04870440592066214,-0.0638532791708273,0.08030791005219994,False,217.33475707456526
2020-07-16 00:00:00,-12453.01016,982503.72963,0.0,0.7261720219672605,81.1935419604002,-0.03709862153402353,-0.0563796632537922,0.06749054858523318,False,213.3454859617981
2020-07-16 00:30:00,-12401.39053,982595.7304,1.1647215137477994e-10,0.7230945455721481,81.19272156970673,-0.024217793718119968,-0.05287056962546994,0.058153234347670425,False,204.6105322989069
2020-07-16 01:00:00,-12368.23507,982695.14879,2.3285906362878826e-10,0.7210885852199066,81.19183245013986,-0.013049970160896249,-0.05524686589282154,0.05676722568683175,False,193.29033915041896
2020-07-16 01:30:00,-12356.91738,982795.19461,2.3285906362878826e-10,0.7203554848063627,81.19093522050986,-0.00389550811553568,-0.059657009085729726,0.059784059050327486,False,183.73601960858713
2020-07-16 02:00:00,-12356.91243,982910.07336,0.0,0.7202710127977467,81.18990349791788,0.002772190838165628,-0.0688866944490963,0.06894245219142096,False,177.6955030830331
2020-07-16 02:30:00,-12370.01393,983043.04166,1.165431493401509e-10,0.7209370861912723,81.18870783215465,0.00807654199006243,-0.07900590978782764,0.07941765743157878,False,174.16309707864332
2020-07-16 03:00:00,-12389.56438,983194.10628,1.1647215137477994e-10,0.7219654529256578,81.18734891160753,0.011286133949521488,-0.08830853083376372,0.08902681302587631,False,172.71688452708128
2020-07-16 03:30:00,-12414.64657,983360.41518,1.1647215137477994e-10,0.7233045535050784,81.18585245095295,0.016197349867685007,-0.09991552381440473,0.1012198895565643,False,170.79186082267893
2020-07-16 04:00:00,-12452.41089,983553.03741,2.3285906362878826e-10,0.7253624808497037,81.1841182223712,0.016156820011205227,-0.11120850945705807,0.1123760446382371,False,171.73367501181235
2020-07-16 04:30:00,-12477.87475,983759.99739,3.637978807091713e-12,0.7266927164135595,81.18225661457136,0.012965257410266497,-0.11899274026567132,0.11969699301005012,False,173.78167452525815
2020-07-16 05:00:00,-12504.51506,983980.78485,1.1642953181439413e-10,0.7280806540352156,81.18027068028299,0.011616786811867634,-0.12668204328994312,0.12721355992168212,False,174.7606105098116
2020-07-16 05:30:00,-12525.48693,984215.48451,1.8189894035458565e-12,0.7291277250351118,81.17816044000135,0.008919086610463645,-0.13544693778428601,0.13574027796164703,False,176.2325518853375
2020-07-16 06:00:00,-12542.82616,984467.94575,0.0,0.7299497396693461,81.17589109163073,0.005946048882716814,-0.14489528168463703,0.14501723398198563,False,177.65007904340882
2020-07-16 06:30:00,-12553.53628,984736.79249,2.3283064365386963e-10,0.7303735297317172,81.17347533765162,-0.0017109799595407525,-0.15601282673683958,0.1560222085436592,False,180.62833295594407
2020-07-16 07:00:00,-12543.82648,985029.62481,1.1641532182693481e-10,0.7295917318205098,81.17084649982424,-0.007171092015594508,-0.16264244002573072,0.16280045410937752,False,182.52460161767993
2020-07-16 07:30:00,-12535.17803,985322.58653,2.3283064365386963e-10,0.7288720093583605,81.16821637190928,-0.008659787610444543,-0.17059282377117965,0.17081248035106442,False,182.90600589150824
2020-07-16 08:00:00,-12520.46609,985644.10586,2.3289458372046167e-10,0.7277792040753569,81.16533045010937,-0.010771231159454376,-0.18382549592450728,0.18414079497108032,False,183.35340448425467
2020-07-16 08:30:00,-12504.81042,985984.79746,2.3285906362878826e-10,0.7266181506925603,81.1622724375874,-0.02110104361854669,-0.18507345266471187,0.186272480315878,False,186.50445805490665
2020-07-16 09:00:00,-12452.9577,986311.28005,2.328377489728103e-10,0.7233659631401526,81.1593461386341,-0.03704383137270448,-0.16969016160747752,0.17368648879271295,False,192.31463047205085
2020-07-16 09:30:00,-12379.17554,986597.31697,4.656754979456206e-10,0.7188721090854674,81.15678552882561,-0.044140475731855686,-0.15753457220549338,0.16360172076662993,False,195.65263207389546
2020-07-16 10:00:00,-12301.17984,986880.35356,2.328377489728103e-10,0.7141384333556464,81.1542522781671,-0.05205011952806862,-0.1404684326852567,0.14980185420727848,False,200.33202248859016
2020-07-16 10:30:00,-12198.11241,987105.29951,1.8189894035458565e-12,0.7079941594067936,81.15224347420296,-0.0532285020469553,-0.1133128765071494,0.1251921779205363,False,205.16169927922016
2020-07-16 11:00:00,-12114.61241,987290.61656,0.0,0.7030162305812062,81.15058832861104,-0.05243475714601875,-0.09909184241811958,0.11210975421781731,False,207.88569456015762
2020-07-16 11:30:00,-12013.73845,987464.31937,1.1642953181439413e-10,0.6970404265629997,81.14903932474733,-0.047965973464181785,-0.08754660007332578,0.09982555682171493,False,208.71792768859703
2020-07-16 12:00:00,-11945.78181,987607.86168,1.1641532182693481e-10,0.692997221846896,81.14775753245709,-0.04344096748203238,-0.08140223371838677,0.09226831151656488,False,208.0869753339648
2020-07-16 12:30:00,-11860.90676,987759.23745,3.492507024002521e-10,0.6879684976350698,81.14640716587172,-0.04441460715675048,-0.0788050017619575,0.09045930373151563,False,209.4056675512693
2020-07-16 13:00:00,-11789.30712,987893.45907,1.1647215137477994e-10,0.6837229984754427,81.14520937484718,-0.034076923574759846,-0.08766518184884554,0.09405541360767694,False,201.24193726194602
2020-07-16 13:30:00,-11742.00454,988076.27353,2.328377489728103e-10,0.6808539522060859,81.14357251380979,-0.012538275336240228,-0.10053890502779576,0.10131771697287452,False,187.10869405057343
2020-07-16 14:00:00,-11748.4734,988255.90994,1.1642953181439413e-10,0.6811051941967315,81.14195844371338,-0.0017503394862368842,-0.10229792400268616,0.1023128972494496,False,180.9802474616215
2020-07-16 14:30:00,-11740.08151,988444.59494,1.1642953181439413e-10,0.6804888174733185,81.14026468901886,-0.003990900713631324,-0.11016392730085002,0.11023619263587178,False,182.07474279898827
2020-07-16 15:00:00,-11738.81727,988652.64274,3.637978807091713e-12,0.6802723751275858,81.13839626644506,0.0019846606874845056,-0.12227980141844458,0.12229590636230915,False,179.07014325868874
2020-07-16 15:30:00,-11752.45224,988884.68637,1.8189894035458565e-12,0.6809026589233631,81.1363107356003,0.022531888292398314,-0.1349800189607563,0.13684769456833112,False,170.5231330516886
2020-07-16 16:00:00,-11825.70097,989137.57255,1.8189894035458565e-12,0.6849709224723466,81.13403161980528,0.027945380119104305,-0.14003218849901997,0.14279341051262237,False,168.7140910879769
2020-07-16 16:30:00,-11859.07498,989387.56354,1.8189894035458565e-12,0.6867302893960793,81.13178275823991,0.011719719671714215,-0.14358280673525198,0.14406031451845538,False,175.33366716907523
2020-07-16 17:00:00,-11874.08417,989653.92785,1.1641532182693481e-10,0.6874143029379726,81.12938880924716,0.009404415716268152,-0.15778338947560347,0.15806340825559334,False,176.58901606165358
2020-07-16 17:30:00,-11899.74318,989955.13668,2.328377489728103e-10,0.6886900230159884,81.12668075114,0.007859976891791428,-0.16434652102924782,0.16453436787235817,False,177.2618792598709
2020-07-16 18:00:00,-11909.48942,990245.19248,2.3283064365386963e-10,0.6890521539534261,81.12407457386506,0.0027873607822350393,-0.16602253753157845,0.1660459344535563,False,179.03814862524473
2020-07-16 18:30:00,-11916.96463,990552.65392,0.0,0.6892706173440829,81.12131230817421,0.012097194733808794,-0.1873244616154539,0.18771466655524643,False,176.30503636585536
2020-07-16 19:00:00,-11961.14865,990918.98785,1.1641532182693481e-10,0.6915702115462308,81.11801729951301,0.025826236118727832,-0.20649955631431513,0.2081082920742691,False,172.87121591425785
2020-07-16 19:30:00,-12018.90504,991294.87598,1.1642953181439413e-10,0.6946457701973492,81.11463498018604,0.05003570222891954,-0.2065794262622565,0.21255265430566653,False,166.3845734923189
2020-07-16 20:00:00,-12150.28006,991660.43533,1.8189894035458565e-12,0.7019791343853262,81.11133731828038,0.028154051340952183,-0.19403936317404294,0.1960712244769668,False,171.7443078727443
2020-07-16 20:30:00,-12128.81023,991992.12351,1.1641532182693481e-10,0.7005045648692495,81.10836060806209,-0.01631732281112779,-0.1877804280069593,0.18848804780727973,False,184.9662853869027
2020-07-16 21:00:00,-12099.80685,992337.11252,3.4924596548080444e-10,0.6985867025532976,81.10526524836767,-0.015515973034796297,-0.20128243522439085,0.20187957833589215,False,184.40796114670002
2020-07-16 21:30:00,-12081.79165,992717.36745,4.656754979456206e-10,0.6972795263085313,81.1018519267312,-0.011978381194483571,-0.18496134767969866,0.18534881103349632,False,183.70538833315572
2020-07-16 22:00:00,-12064.79108,993003.44884,3.4924596548080444e-10,0.6960978829304213,81.09928431229795,-0.006092788166203306,-0.16165725139156814,0.16177202785127867,False,182.15843019913547
2020-07-16 22:30:00,-12066.92948,993299.55708,1.1642953181439413e-10,0.6960137221890285,81.09662454506964,-0.0026868793512095633,-0.1637575604693305,0.1637796016954321,False,180.94000566398904
2020-07-16 23:00:00,-12062.28027,993593.05006,1.8189894035458565e-12,0.6955400917655727,81.09398900230927,-0.0056352659144679506,-0.14437821959076486,0.1444881535425167,False,182.23519269521717
2020-07-16 23:30:00,-12052.95349,993819.52664,0.0,0.6948439748820416,81.09195588270632,0.005399518368164704,-0.12665986620943362,0.12677490487789675,False,177.55895518352344
2020-07-17 00:00:00,-12087.24673,994048.75632,1.1641532182693481e-10,0.6966600880306613,81.08989327596865,0.07390085429864464,-0.15318874072702432,0.1700827050337599,False,154.2465479388374
2020-07-17 00:30:00,-12325.68218,994367.7306,1.1641532182693481e-10,0.7101732898463182,81.08700205932765,0.11801776898782634,-0.18216409451753768,0.21705287634182216,False,147.0622041922104
2020-07-17 01:00:00,-12520.20629,994699.23069,0.0,0.7211396941202904,81.08400281032013,0.09066292041248682,-0.19605332795737726,0.21600155680199123,False,155.1822860214104
2020-07-17 01:30:00,-12660.92589,995069.3588,1.8189894035458565e-12,0.7289727789126627,81.08066244529252,0.07316621330811594,-0.21632383073107164,0.22836220026969012,False,161.31315739809645
2020-07-17 02:00:00,-12793.49129,995474.58233,2.328377489728103e-10,0.7363047908505408,81.07700763066163,0.06954387756151945,-0.1929709055056769,0.20511977300585257,False,160.1815828170922
2020-07-17 02:30:00,-12920.19042,995760.77945,1.8189894035458565e-12,0.7433822038601394,81.07442240229251,0.08138869991477346,-0.16159244338809076,0.18093158440126025,False,153.26713557189078
2020-07-17 03:00:00,-13094.01341,996052.46476,0.0,0.7531616247490377,81.07178218535135,0.10788648175628143,-0.1900100898731417,0.21850246497316186,False,150.41237407393254
2020-07-17 03:30:00,-13317.5397,996439.65136,0.0,0.7657196189847654,81.06827798476293,0.08462104851150556,-0.1986711669770881,0.215942016382233,False,156.92913669397262
2020-07-17 04:00:00,-13408.18008,996763.54596,2.328377489728103e-10,0.7706800683275964,81.06535794857676,0.05513370856387751,-0.15239984285420696,0.16206615291908905,False,160.1113902777961
2020-07-17 04:30:00,-13523.38257,996985.57149,2.328377489728103e-10,0.7771278271748363,81.06334980662312,0.035346986431901935,-0.1540588465397355,0.158061815904319,False,167.0778100684347
2020-07-17 05:00:00,-13542.93974,997316.38091,1.1641532182693481e-10,0.7779934374588141,81.06037619125746,0.02103025293929244,-0.22112353900909806,0.222121343059596,False,174.5671485939551
2020-07-17 05:30:00,-13609.8933,997780.51486,2.3283064365386963e-10,0.7814755634862348,81.05619928559966,0.036972554509974984,-0.25760722881002734,0.2602469099185903,False,171.83251504591055
2020-07-17 06:00:00,-13688.67708,998241.86532,1.1642953181439413e-10,0.785635522135168,81.05204587818969,0.026953377392484268,-0.255254630759758,0.2566737444250231,False,173.97224214773138
2020-07-17 06:30:00,-13719.51606,998698.01469,3.492507024002521e-10,0.7870456465941938,81.0479450518805,-0.009760523199244956,-0.23184636579669146,0.23205172946189448,False,182.41067721420484
2020-07-17 07:00:00,-13665.00731,999076.91615,0.0,0.7836217759890541,81.04454855030902,-0.028144311682854514,-0.22422879014857075,0.22598816918501163,False,187.15412701129407
2020-07-17 07:30:00,-13629.24589,999506.54852,2.3285906362878826e-10,0.7812353745705155,81.04069405705592,-0.017559442228355863,-0.2404127329591142,0.24105313974358708,False,184.17739355365387
2020-07-17 08:00:00,-13613.59984,999943.18344,1.8189894035458565e-12,0.7799979455564807,81.03677418338276,-0.026819554651691172,-0.22150091338741779,0.22311867502110935,False,186.9038237441718
2020-07-17 08:30:00,-13543.55958,1000305.19227,1.8189894035458565e-12,0.775704652589632,81.03353120554588,-0.05418027232305156,-0.19141401180700873,0.19893422487107065,False,195.80431401350467
2020-07-17 09:00:00,-13427.89777,1000634.85134,0.0,0.7688276015540274,81.03058424074796,-0.08793949088958648,-0.19365813086075512,0.21268950539789458,False,204.4226354454393
2020-07-17 09:30:00,-13236.36065,1001006.54673,1.165431493401509e-10,0.7575808643284335,81.0272686089455,-0.09515788935050092,-0.2066659671154164,0.22752108884539154,False,204.72337393229176
2020-07-17 10:00:00,-13095.19637,1001383.31319,1.165431493401509e-10,0.7492203121927379,81.02390116898994,-0.0900485750561205,-0.18237382613066785,0.20339360444020071,False,206.2782351708205
2020-07-17 10:30:00,-12920.79848,1001667.27528,1.1647215137477994e-10,0.7390339915038244,81.02137095807126,-0.09424484274889133,-0.15284540725218235,0.17956561169346633,False,211.65808269451583
2020-07-17 11:00:00,-12763.04032,1001937.88701,1.1647215137477994e-10,0.7298144966563437,81.01895846961753,-0.07206165089714427,-0.15015820886777168,0.16655440318526327,False,205.63657426962703
2020-07-17 11:30:00,-12668.28299,1002211.10532,2.3285906362878826e-10,0.7241992142555409,81.01651519618363,-0.08643537737632707,-0.13113004817417293,0.15705465289620996,False,213.39118030354055
2020-07-17 12:00:00,-12457.86444,1002413.85042,3.637978807091713e-12,0.7120275811189997,81.01471780296696,-0.11291156321272673,-0.14280685242123342,0.1820516910264816,False,218.33198653046637
2020-07-17 12:30:00,-12268.22148,1002730.2216,0.0,0.7009684434901764,81.01189710930198,-0.10053443046756207,-0.15228593490622783,0.18247788271377147,False,213.43154956539593
2020-07-17 13:00:00,-12102.67456,1002966.4665,1.1647215137477994e-10,0.6913476595922752,81.00979317750696,-0.08983372482444707,-0.12249587246384075,0.15190568418104708,False,216.2548774623976
2020-07-17 13:30:00,-11950.16454,1003175.0768,1.1641532182693481e-10,0.6824946355887376,81.0079358152401,-0.07900058139913439,-0.1221069670747743,0.14543453258975764,False,212.90199848466875
2020-07-17 14:00:00,-11823.52876,1003409.40805,2.3283064365386963e-10,0.6751052367573523,81.00584446704588,-0.05628572015064936,-0.14118533148081724,0.15199138172352228,False,201.73546411042938
2020-07-17 14:30:00,-11753.53869,1003685.69619,0.0,0.6709245566679816,81.00337015216944,-0.05494024492568515,-0.15445815709144445,0.1639382591239141,False,199.5803009789912
2020-07-17 15:00:00,-11632.26854,1003967.73527,0.0,0.6638162255949214,81.00084947654543,-0.036947825299723035,-0.14745739787035783,0.15201587410884387,False,194.06676666351132
2020-07-17 15:30:00,-11626.68558,1004218.04821,1.1642953181439413e-10,0.663332282809685,80.99860166186033,-0.0045301812922120014,-0.14700341375410655,0.1470732001348354,False,181.765116485516
2020-07-17 16:00:00,-11622.08771,1004497.1009,2.3289458372046167e-10,0.6628857992951644,80.99609558954855,-0.005749730286118502,-0.16741468976530274,0.1675133957257618,False,181.9670068670165
2020-07-17 16:30:00,-11612.96066,1004820.94023,2.3283064365386963e-10,0.6621518168842155,80.99318769157013,-0.028369886417932616,-0.16739972563805938,0.16978668557653145,False,189.6187468187918
2020-07-17 17:00:00,-11526.92732,1005100.87995,1.1642953181439413e-10,0.6570637303225023,80.99068205872098,-0.063879876893493,-0.13840632520389415,0.15243670663056824,False,204.77515233985042
2020-07-17 17:30:00,-11388.72214,1005321.80743,1.8189894035458565e-12,0.6490437155306003,80.98871174462032,-0.06529600682800576,-0.13113599301926715,0.14649306185902544,False,206.46990240282605
2020-07-17 18:00:00,-11297.22447,1005575.60199,1.1642953181439413e-10,0.6436672196937938,80.98644131962112,-0.05992211878911226,-0.1455907738594455,0.15743993697016231,False,202.37104140478354
2020-07-17 18:30:00,-11178.9041,1005848.32451,1.8189894035458565e-12,0.6367537126671129,80.98400347206139,-0.05680710730089818,-0.15135970381045905,0.16166882005348357,False,200.57171402673106
2020-07-17 19:00:00,-11098.78705,1006122.73599,0.0,0.632018182655033,80.98154653849164,-0.05017533637618536,-0.16014053550068705,0.16781702980004787,False,197.39685105213846
2020-07-17 19:30:00,-11004.64307,1006426.78783,1.1641532182693481e-10,0.6264682975281071,80.97882467156495,-0.0504665066493006,-0.15896124873955733,0.16677993552649947,False,197.6134351267554
2020-07-17 20:00:00,-10923.37542,1006696.94871,2.3283064365386963e-10,0.6216754203271396,80.97640588798328,-0.057031137668586,-0.14696730920619883,0.15764498291757864,False,201.2089034082337
2020-07-17 20:30:00,-10805.08364,1006958.06665,1.1642953181439413e-10,0.6147842210075576,80.97407184059696,-0.06666430377732697,-0.12986798113587184,0.1459788406667997,False,207.172501230916
2020-07-17 21:00:00,-10688.41419,1007167.02159,0.0,0.6080203394683572,80.97220606414528,-0.0681151706834588,-0.11991251903254332,0.1379082618916169,False,209.5983306920789
2020-07-17 21:30:00,-10564.46377,1007392.32957,1.1642953181439413e-10,0.6008354253755581,80.97019395165479,-0.07200061393915225,-0.10179485014449573,0.12468472209358766,False,215.27218827357032
2020-07-17 22:00:00,-10433.06908,1007536.18099,2.328377489728103e-10,0.5932784079068746,80.96891408369378,-0.06709555580317089,-0.0687228781400458,0.09604502896239869,False,224.3135376565375
2020-07-17 22:30:00,-10325.49444,1007642.21973,4.656648400078656e-10,0.5870998012246172,80.96797152642526,-0.05277821326876392,-0.054778715046853756,0.07606738734850521,False,223.9344517729274
2020-07-17 23:00:00,-10245.09816,1007735.32089,2.3285906362878826e-10,0.5824750317167506,80.96714259891267,-0.046075357821444195,-0.05195612751483853,0.06944334226340405,False,221.5670215546701
2020-07-17 23:30:00,-10161.53318,1007830.93836,2.3283064365386963e-10,0.5776695422826229,80.96629129567103,-0.0552091468846714,-0.050375679835642555,0.07473793560593164,False,227.6210589264511
2020-07-18 00:00:00,-10048.18374,1007918.66796,0.0,0.5711764914879179,80.96551345392024,-0.06272004180395621,-0.048592738301906,0.07934140066552604,False,232.23304544370063
2020-07-18 00:30:00,-9937.49612,1008008.11439,1.1641532182693481e-10,0.5648348792682302,80.96471983792817,-0.061314945068177376,-0.04760641634755673,0.07762662794538047,False,232.17336499777616
2020-07-18 01:00:00,-9829.15017,1008092.21874,2.3283064365386963e-10,0.5586304161135652,80.9639738920665,-0.06482522872965811,-0.06429632116401279,0.0913034895011049,False,225.23469360305077
2020-07-18 01:30:00,-9706.39314,1008241.84546,2.328377489728103e-10,0.5515722083838092,80.96264051447649,-0.0737129570656415,-0.08909712036865766,0.11563691840129682,False,219.60206498359136
2020-07-18 02:00:00,-9566.88355,1008415.50809,1.1641532182693481e-10,0.5435513456520851,80.96109251747113,-0.07882297980334495,-0.09417734380294894,0.12281056237497397,False,219.92809527751675
2020-07-18 02:30:00,-9425.85951,1008583.56059,2.3283064365386963e-10,0.5354501768106382,80.959594863122,-0.07915733174996845,-0.09760117667420483,0.1256657187062721,False,219.0430360022164
2020-07-18 03:00:00,-9285.21318,1008769.52006,2.328377489728103e-10,0.5273637763802912,80.95793613937238,-0.07225913931110507,-0.10282075525110912,0.12567215652001112,False,215.09832228887353
2020-07-18 03:30:00,-9169.14457,1008956.09392,2.328377489728103e-10,0.5206756042120242,80.95626971045729,-0.0828610338369456,-0.13644518883167706,0.1596347095209543,False,211.2696566045558
2020-07-18 04:00:00,-8991.38952,1009263.41322,1.1647215137477994e-10,0.510426748934217,80.95352346724803,-0.09659246443796382,-0.1797318177048721,0.20404320738926027,False,208.25471836560513
2020-07-18 04:30:00,-8827.18961,1009606.20057,2.328377489728103e-10,0.5009357336925441,80.950457257809,-0.08732297969345611,-0.1770434494841111,0.19740741067086803,False,206.25385580092424
2020-07-18 05:00:00,-8682.61113,1009903.49371,1.1642953181439413e-10,0.49258638999123516,80.94779795158577,-0.08005682697628479,-0.1771022040366519,0.19435608099606938,False,204.3247496238841
2020-07-18 05:30:00,-8544.47695,1010246.22268,0.0,0.48458562213001494,80.94472980869404,-0.07119605341610855,-0.17125782239189236,0.18546730103293768,False,202.57384745400861
2020-07-18 06:00:00,-8431.5288,1010522.16753,0.0,0.4780496860715382,80.94225951981689,-0.05663866776165343,-0.1506847333397459,0.16097772376165995,False,200.6000000292456
2020-07-18 06:30:00,-8345.11087,1010790.37006,1.1641532182693481e-10,0.47302465811164146,80.93985669340007,-0.07352654153437421,-0.16141586240695402,0.17737314606948476,False,204.48974004126745
2020-07-18 07:00:00,-8171.63966,1011105.43009,0.0,0.4630479244655801,80.9370392229393,-0.08924347694934927,-0.17192521574174213,0.1937077127681126,False,207.4330641699849
2020-07-18 07:30:00,-8028.84681,1011411.87706,1.1641887448640516e-10,0.4548190351812288,80.93429665977143,-0.07767587259786939,-0.1721115449499927,0.18882776567261977,False,204.290190988615
2020-07-18 08:00:00,-7896.93373,1011727.23186,1.1644729186023084e-10,0.44720728205977905,80.9314731212098,-0.07551443770084029,-0.17175976297246648,0.1876268810102432,False,203.73276354956909
2020-07-18 08:30:00,-7761.82932,1012032.31522,1.1644729186023084e-10,0.4394240531547635,80.92874190619479,-0.07604557248168001,-0.15102377918319929,0.16908906225076234,False,206.72679807738416
2020-07-18 09:00:00,-7627.34742,1012273.00106,3.492471497166896e-10,0.4317081908412035,80.9265889701015,-0.08575134572988706,-0.13754741123438147,0.16208819707729083,False,211.9407002060048
2020-07-18 09:30:00,-7456.86418,1012529.79783,3.492471497166896e-10,0.4219521468568533,80.92429352552655,-0.0892908311600395,-0.13308662278674777,0.16026509817808982,False,213.85855567988563
2020-07-18 10:00:00,-7309.43751,1012754.46717,3.492507024002521e-10,0.41351844093570683,80.92228492888817,-0.08522888177179412,-0.11725096520350903,0.14495430703923545,False,216.01313301260478
2020-07-18 10:30:00,-7153.0946,1012954.10472,2.328377489728103e-10,0.4045941636204275,80.92050156490443,-0.10903817310821352,-0.12089152241054785,0.16280074749679968,False,222.04889702403844
2020-07-18 11:00:00,-6919.98308,1013192.43768,1.1641532182693481e-10,0.39131723177210104,80.91837510279754,-0.12330910082451599,-0.12600968880996694,0.17630534881317514,False,224.37940400369857
2020-07-18 11:30:00,-6712.29039,1013410.76082,3.4924596548080444e-10,0.3794910230533212,80.91642639347938,-0.1178771399500982,-0.1196549143902881,0.16796523051084772,False,224.571185999299
2020-07-18 12:00:00,-6498.48773,1013625.99658,1.1641532182693481e-10,0.36732564102123966,80.91450538061514,-0.12266803942734249,-0.11809726076104261,0.17027745269474096,False,226.08759389920814
2020-07-18 12:30:00,-6273.42016,1013838.73335,2.328324200039328e-10,0.3545296693202257,80.91260703068804,-0.13331786061200684,-0.1202822173287846,0.17955908154056552,False,227.94254868134223
2020-07-18 13:00:00,-6021.23198,1014061.97401,2.328324200039328e-10,0.34020319707611724,80.91061531346386,-0.13943603711979144,-0.12215519748680108,0.18537610612134248,False,228.7794945607635
2020-07-18 13:30:00,-5774.0704,1014281.46482,3.492471497166896e-10,0.32616813209387363,80.90865645341135,-0.1396605233432093,-0.12319615393947331,0.18623199007146307,False,228.5841132735594
2020-07-18 14:00:00,-5520.98698,1014508.33513,2.328377489728103e-10,0.311802396323735,80.90663104039831,-0.1412985113012949,-0.12695499023406684,0.18995483368762733,False,228.06069202148103
2020-07-18 14:30:00,-5267.89047,1014741.2642,1.1641532182693481e-10,0.29744053002916954,80.90455062361362,-0.14217455271000623,-0.1369334948059424,0.1973939853137866,False,226.0757669411393
2020-07-18 15:00:00,-5011.72459,1015003.94612,0.0,0.28290366221220753,80.90220248303338,-0.14341438077595722,-0.1497976893333037,0.207381369324605,False,223.7528518990877
2020-07-18 15:30:00,-4754.26769,1015283.07854,0.0,0.26829707700786215,80.8997060227103,-0.14679027119504964,-0.16089432149100957,0.2177943213345301,False,222.37543809079114
2020-07-18 16:00:00,-4485.99769,1015585.63385,2.3283064365386963e-10,0.25308261001820825,80.89699897438922,-0.14920296061411475,-0.17252972326330127,0.22809653409319572,False,220.85310867514147
2020-07-18 16:30:00,-4219.88577,1015906.55205,0.0,0.23799458089420902,80.89412623279466,-0.14534733029975866,-0.18098554594551647,0.23212413546734814,False,218.7675315809512
2020-07-18 17:00:00,-3965.4582,1016239.34966,1.1642331515829228e-10,0.2235721984415377,80.89114572366096,-0.14007828942296247,-0.1886739923473362,0.23498894134819603,False,216.5915079140596
2020-07-18 17:30:00,-3718.25815,1016587.74099,1.1641887448640516e-10,0.2095633662872206,80.88802430432122,-0.1380169382886373,-0.19582215146924087,0.23957251566198454,False,215.17647175801392
2020-07-18 18:00:00,-3471.17898,1016946.12199,3.492462615401522e-10,0.19556899702312663,80.88481258459353,-0.13957172923927294,-0.19805830130876528,0.24229601383463695,False,215.17236163497722
2020-07-18 18:30:00,-3218.23658,1017302.46177,1.164162100019664e-10,0.18125460748244374,80.88161881694353,-0.14057913452718973,-0.20148246883919108,0.24567799721169437,False,214.90440257876537
2020-07-18 19:00:00,-2967.39122,1017673.05624,1.164162100019664e-10,0.16706594537709404,80.8782963565882,-0.13925554437371043,-0.20477457825356382,0.24763831395352248,False,214.2173917543038
2020-07-18 19:30:00,-2719.06828,1018041.10889,2.3283108774265596e-10,0.1530299364551761,80.87499610224478,-0.13717254714443192,-0.2024533960906751,0.24454792020939203,False,214.11965173175
2020-07-18 20:00:00,-2475.51843,1018403.2048,0.0,0.13927340185185497,80.87174870110846,-0.13379138014869676,-0.20071263429372654,0.24121711167995585,False,213.68669928737734
2020-07-18 20:30:00,-2239.17713,1018764.84302,1.1641532182693481e-10,0.12593209651498838,80.86850473468574,-0.13014276363565214,-0.1984163487354959,0.2372892462212545,False,213.26116772027498
2020-07-18 21:00:00,-2008.57559,1019118.53169,1.1641554387132798e-10,0.11292381754565159,80.86533158034801,-0.1283719254978439,-0.19262637536265861,0.23148276769854778,False,213.68066442358702
2020-07-18 21:30:00,-1778.40582,1019459.20745,4.547473508864641e-13,0.09995009475869782,80.86227484608828,-0.12481244959078053,-0.18534971869279865,0.22345618315981036,False,213.95588843537217
2020-07-18 22:00:00,-1560.41546,1019786.57349,1.164162100019664e-10,0.08767045251781165,80.85933704158168,-0.11932436340242944,-0.18015181988550502,0.2160855893146382,False,213.5186780533101
2020-07-18 22:30:00,-1349.83098,1020108.41054,1.1641554387132798e-10,0.07581505286347688,80.85644839409007,-0.11528004017526843,-0.17762858109829419,0.21175788175603943,False,212.9833646212468
2020-07-18 23:00:00,-1146.25383,1020426.58497,3.4924603949566493e-10,0.06436080758131545,80.85359218235985,-0.11226969875926937,-0.17318904028679843,0.20639507972565474,False,212.9533017788032
2020-07-18 23:30:00,-946.36068,1020732.3447,1.1641532182693481e-10,0.053121131711346144,80.85084710058376,-0.10721851679755445,-0.16566342033978215,0.1973326612168974,False,212.91122478356485
2020-07-19 00:00:00,-760.82027,1021023.33089,3.4924598398452104e-10,0.04269420791081235,80.84823429010551,-0.10079816514921912,-0.15842122267163236,0.1877699493801502,False,212.46724321541447
2020-07-19 00:30:00,-583.91236,1021302.93134,1.1641532182693481e-10,0.03275787150076948,80.84572341604495,-0.09919620008736721,-0.1497795691036077,0.1796491175392615,False,213.5157619259981
2020-07-19 01:00:00,-404.02229,1021562.74142,2.3283065059276343e-10,0.02266015576006549,80.84339006856709,-0.10058615383516847,-0.14211855208481586,0.1741127714730792,False,215.2894210651775
2020-07-19 01:30:00,-222.00458,1021814.7013,2.328306453885931e-10,0.0124483678403188,80.84112696248638,-0.09591174885191645,-0.12682632306023855,0.15900937012897415,False,217.09820496181044
2020-07-19 02:00:00,-58.8392,1022019.39119,1.1641532269429655e-10,0.003298604561958492,80.83928822742664,-0.09458987794691376,-0.1196099156272188,0.15249189134626942,False,218.33764191379507
2020-07-19 02:30:00,118.49419,1022245.3166,2.328306440875505e-10,-0.0066414752340784936,80.8372584612968,-0.10275172931383902,-0.12345416969209701,0.16062020387033982,False,219.77083818580226
2020-07-19 03:00:00,311.11854,1022463.78332,2.3283065059276343e-10,-0.01743414193332644,80.83529538420215,-0.10014886231365992,-0.11768310683954443,0.15452866484289587,False,220.39793534171446
2020-07-19 03:30:00,479.15899,1022668.86606,2.3283065059276343e-10,-0.026845234801743275,80.8334523269851,-0.09080270882156824,-0.10860273697022259,0.14156159933667695,False,219.89898340456378
2020-07-19 04:00:00,638.19144,1022854.59997,2.3283064365386963e-10,-0.03574865018891484,80.83178290148291,-0.08103146966013998,-0.10475507292972168,0.13243762448712787,False,217.72312206266778
2020-07-19 04:30:00,771.10752,1023045.80224,1.164153773380728e-10,-0.04318594336956231,80.83006430372855,-0.0804984544340634,-0.11322709570207726,0.1389257944638084,False,215.41080663500344
2020-07-19 05:00:00,928.29303,1023261.99897,1.1641554387132798e-10,-0.05197814267803559,80.82812080123854,-0.09195155908975573,-0.1259578332186308,0.15595020028255577,False,216.1301387700522
2020-07-19 05:30:00,1102.54436,1023498.94995,4.547473508864641e-13,-0.061720741503402704,80.82599045730296,-0.09884524225983805,-0.1357015355686537,0.16788474818486834,False,216.06966200184235
2020-07-19 06:00:00,1284.66195,1023750.14089,0.0,-0.07189807967902112,80.8237318223182,-0.10084963160307013,-0.14518511626486225,0.17677490257193335,False,214.7849219249802
2020-07-19 06:30:00,1466.25862,1024021.16037,1.1641532182693481e-10,-0.08203968476267672,80.82129475792611,-0.10058736775462702,-0.15414994637489704,0.1840652724421101,False,213.12562847203236
2020-07-19 07:00:00,1647.5707,1024304.56163,1.1641532182693481e-10,-0.09215888485329196,80.8187461653497,-0.10120762165578988,-0.16095355927796007,0.19012898496932368,False,212.16168744519086
2020-07-19 07:30:00,1831.53759,1024600.00639,1.1641532182693481e-10,-0.10241973599299058,80.81608903761966,-0.10329380705536283,-0.16665614909931145,0.19607111620175588,False,211.79071567138743
2020-07-19 08:00:00,2020.50028,1024903.85809,0.0,-0.11295302253276991,80.81335599168207,-0.10541378285412822,-0.16987203458698094,0.19992141893838625,False,211.82159486194917
2020-07-19 08:30:00,2212.23206,1025210.7964,1.1641532182693481e-10,-0.12363444089618489,80.81059484472514,-0.10721317129286156,-0.16913134949988565,0.20025003740904754,False,212.37080578628598
2020-07-19 09:00:00,2407.78064,1025511.89668,0.0,-0.13452346639464402,80.80788574169836,-0.10894619793244717,-0.1653833923665678,0.19804277445695936,False,213.37486714471953
2020-07-19 09:30:00,2605.83517,1025805.25412,4.547473508864641e-13,-0.14554715487761014,80.80524580675363,-0.10957241349446736,-0.159278963459554,0.19332848212240344,False,214.52516055150085
2020-07-19 10:00:00,2803.69666,1026084.29706,4.547473508864641e-13,-0.15655593436934115,80.80273413512067,-0.11069021953222931,-0.15225219755038438,0.18823670300718293,False,216.01785878523896
2020-07-19 10:30:00,3005.81613,1026352.27116,0.0,-0.16779822163258667,80.80032145178177,-0.11312030434072741,-0.1460392940429752,0.18472595556312427,False,217.76093827890588
2020-07-19 11:00:00,3212.46771,1026608.84363,2.3283064365386963e-10,-0.1792895531549476,80.79801071703673,-0.11588299006787028,-0.14041078486931982,0.18205509027403913,False,219.53333535795693
2020-07-19 11:30:00,3424.57459,1026856.44208,2.3283064365386963e-10,-0.19108118248192085,80.79578006906571,-0.12112245792047675,-0.13456783214731005,0.18105013466309344,False,221.98989618127166
2020-07-19 12:00:00,3650.12175,1027091.83094,9.094947017729282e-13,-0.20361927165638877,80.7936582927069,-0.12643449287945105,-0.131430583072463,0.18237236401508744,False,223.8900432885046
2020-07-19 12:30:00,3881.41738,1027327.97162,0.0,-0.21647203462599196,80.791529121703,-0.1268054795822183,-0.12864731824292341,0.18063710068303354,False,224.58689920764164
2020-07-19 13:00:00,4108.36799,1027553.23326,0.0,-0.22907902443254569,80.7894973795771,-0.12298843769779894,-0.12255065017839047,0.17362263005291564,False,225.10215624250668
2020-07-19 13:30:00,4325.93614,1027767.38021,1.1642953181439413e-10,-0.24116003713818374,80.78756540034382,-0.12000012489111103,-0.11871166831413192,0.1687971864925678,False,225.30925328849824
2020-07-19 14:00:00,4542.16339,1027978.77318,2.328324200039328e-10,-0.2531619380424578,80.7856578037254,-0.11894082545633534,-0.11928509552012112,0.16845134007623344,False,224.91719957318168
2020-07-19 14:30:00,4756.01635,1028194.91042,1.8189894035458565e-12,-0.26502535456231335,80.78370727400329,-0.11570683253753633,-0.12094295418498413,0.16737762473777862,False,223.7324783489227
2020-07-19 15:00:00,4960.71747,1028412.23641,1.1641532182693481e-10,-0.2763735785176223,80.78174606240519,-0.10237270471503593,-0.12237955196939532,0.15955226545211404,False,219.91309041210567
2020-07-19 15:30:00,5126.67892,1028633.69398,2.328324200039328e-10,-0.2855580510845176,80.7797491073946,-0.08763872793733678,-0.12887633393019057,0.155851391016444,False,214.21655968575823
2020-07-19 16:00:00,5278.52528,1028874.61303,3.4924596548080444e-10,-0.29394696237835466,80.77757771531704,-0.0721719902851279,-0.1347497887229255,0.15286039952384547,False,208.17350309559606
2020-07-19 16:30:00,5388.98338,1029117.45388,1.1642953181439413e-10,-0.3000271545243857,80.77539081015597,-0.05753700410408017,-0.1458235326601722,0.156764184426052,False,201.53250517683858
2020-07-19 17:00:00,5488.4046,1029398.48591,9.094947017729282e-13,-0.30547882525003833,80.77286120391007,-0.05396603209151554,-0.16846486615747946,0.17689755156349665,False,197.76233996370982
2020-07-19 17:30:00,5586.4918,1029722.88297,1.1642953181439413e-10,-0.3108401953795855,80.76994196723993,-0.05293642392080752,-0.18880546976841778,0.19608613003472827,False,195.6621938168376
2020-07-19 18:00:00,5682.6604,1030077.14172,9.094947017729282e-13,-0.31608230212624194,80.76675444963787,-0.05046468363867731,-0.20597213296065717,0.21206415032040288,False,193.7666972190583
2020-07-19 18:30:00,5772.25249,1030463.36914,3.492507024002521e-10,-0.3209451754985563,80.76327995893804,-0.046677565505051595,-0.221853468152649,0.2267107329899421,False,191.8816276955523
2020-07-19 19:00:00,5855.17078,1030874.8604,1.1641532182693481e-10,-0.3254254997029318,80.75957875233826,-0.04245656583995414,-0.23489184941554173,0.23869801194139822,False,190.24555940349757
2020-07-19 19:30:00,5929.89649,1031308.09805,1.1641532182693481e-10,-0.3294401530292123,80.75568252313896,-0.03743842074069933,-0.2429619540162663,0.2458295068679916,False,188.75990527282556
2020-07-19 20:00:00,5994.97599,1031748.73403,0.0,-0.33291337868235843,80.7517202708847,-0.032706466672902015,-0.24753200507538223,0.2496834125424929,False,187.52690539018744
2020-07-19 20:30:00,6052.81552,1032198.51409,0.0,-0.3359787906327699,80.74767619942936,-0.029679210877398686,-0.24910495492784662,0.2508667656902955,False,186.7943855763196
2020-07-19 21:00:00,6107.07793,1032644.86992,2.328324200039328e-10,-0.33884418679818823,80.74366304415118,-0.027258652395802014,-0.24555832721575313,0.24706664322695213,False,186.33428988515277
2020-07-19 21:30:00,6156.17291,1033081.92827,9.094947017729282e-13,-0.3414235996755527,80.7397336637446,-0.026492694386094008,-0.2380597475595117,0.23952934322110395,False,186.3500843590947
2020-07-19 22:00:00,6207.55683,1033501.30147,1.1644729186023084e-10,-0.3441336068099472,80.73596302258659,-0.02676293263902356,-0.2259441753213521,0.2275236799216442,False,186.75517091119013
2020-07-19 22:30:00,6257.40319,1033894.73395,9.094947017729282e-13,-0.34676491162193807,80.73242550000417,-0.026739930209982537,-0.21102658508063618,0.21271399455237947,False,187.2216652683029
2020-07-19 23:00:00,6308.41661,1034260.40066,3.637978807091713e-12,-0.3494682429245193,80.72913734877883,-0.027612786498708904,-0.1943571904126388,0.19630889802379825,False,188.08603258279243
2020-07-19 23:30:00,6361.07499,1034593.80051,4.656648400078656e-10,-0.35227173937756867,80.72613898329676,-0.027566651696850505,-0.17329057067868522,0.17546949071539436,False,189.03874023519177
2020-07-20 00:00:00,6411.49025,1034883.62477,1.1641887448640516e-10,-0.35496419409649277,80.72353222444882,-0.02690432341779466,-0.14995548188633698,0.1523498906016438,False,190.17152673031262
2020-07-20 00:30:00,6461.27314,1035133.02984,1.1641887448640516e-10,-0.3576341036911066,80.7212886276232,-0.02508509858165545,-0.12763770003867048,0.13007937823503382,False,191.11883537288065
2020-07-20 01:00:00,6504.66295,1035342.54786,1.8189894035458565e-12,-0.3599628273366522,80.71940373940353,-0.01984514206994155,-0.10627361321548785,0.10811064022403752,False,190.57737911938648
2020-07-20 01:30:00,6535.11783,1035515.15846,9.094947017729282e-13,-0.3615878495671397,80.71785116821543,-0.01485860425707629,-0.08767650536947812,0.08892664231979373,False,189.61857141302517
2020-07-20 02:00:00,6560.14479,1035657.83942,0.0,-0.36292254862011575,80.71656780487382,-0.011264123024358166,-0.07469345263278228,0.0755380191275464,False,188.57585111756487
2020-07-20 02:30:00,6577.37109,1035783.79264,1.1641887448640516e-10,-0.3638312754780556,80.71543517398553,-0.006454170997805841,-0.0678359656221273,0.06814231104941595,False,185.4349773691381
2020-07-20 03:00:00,6584.93007,1035901.89643,1.1641532182693481e-10,-0.36420786661611226,80.71437361700164,-0.0019125427991913786,-0.06487390401511717,0.06490208965912711,False,181.68864356657235
2020-07-20 03:30:00,6585.74066,1036017.29021,9.094947017729282e-13,-0.36421212843592904,80.71333679299487,0.001334944378223497,-0.07029692614365901,0.07030960035258343,False,178.9120792237905
2020-07-20 04:00:00,6581.73304,1036154.9908,4.656621754853119e-10,-0.36394212894888994,80.71209982315098,0.0037939549061751583,-0.08211447701071989,0.08220207678990923,False,177.35463065705943
2020-07-20 04:30:00,6573.96041,1036312.98312,3.492471497166896e-10,-0.3634569285544452,80.71068075117034,0.004756791852396893,-0.09682982361916005,0.09694659256954148,False,177.18758992842174
2020-07-20 05:00:00,6566.82019,1036503.67978,1.1641887448640516e-10,-0.36299538055875,80.70896780141685,0.0032524240206127874,-0.1144184685614228,0.11446468542721444,False,178.37176633561705
2020-07-20 05:30:00,6564.86152,1036724.95552,2.328377489728103e-10,-0.36280966211409876,80.70697980901046,-0.0005812729128104356,-0.13270394956809647,0.13270522261452658,False,180.25096669513562
2020-07-20 06:00:00,6571.93783,1036981.39117,1.1641887448640516e-10,-0.3631109130222505,80.70467539612885,-0.006534477198558288,-0.15114301651083295,0.15128420549499674,False,182.47556893672242
2020-07-20 06:30:00,6591.83346,1037268.91037,2.3283064365386963e-10,-0.36410919915393375,80.70209096900663,-0.013765314991727333,-0.16837225983421425,0.1689340160491712,False,184.67383568297578
2020-07-20 07:00:00,6625.3439,1037587.20415,2.328324200039328e-10,-0.365847885131186,80.69922925045141,-0.021278537171243048,-0.18358657983401228,0.18481560659018528,False,186.61134688109576
2020-07-20 07:30:00,6672.65469,1037929.31946,1.1641887448640516e-10,-0.3683388433747292,80.69615268879447,-0.031003086238540374,-0.1966143635029491,0.1990437120131761,False,188.96088738324443
2020-07-20 08:00:00,6741.503,1038294.28372,2.3283064365386963e-10,-0.3720084447956648,80.69286955389926,-0.04108462254644355,-0.2039126353970025,0.20801035811789423,False,191.39152781404744
2020-07-20 08:30:00,6825.32243,1038662.42917,1.1641532182693481e-10,-0.37650013068495075,80.68955690703649,-0.050589246142444304,-0.20867684721839444,0.21472144371317448,False,193.62723332181167
2020-07-20 09:00:00,6928.55682,1039044.30741,2.328377489728103e-10,-0.3820541408855514,80.68611964558121,-0.059205123993339374,-0.21075125161528377,0.21890942593793292,False,195.69133704631471
2020-07-20 09:30:00,7043.51522,1039419.69559,1.1641887448640516e-10,-0.3882527142582694,80.68273988660968,-0.06528907232576656,-0.2056875948892895,0.21580094915569684,False,197.61040740987954
2020-07-20 10:00:00,7168.60972,1039783.17306,0.0,-0.39500983009063645,80.67946639873078,-0.07002857755485675,-0.19874134517573916,0.2107181149228013,False,199.4104387601534
2020-07-20 10:30:00,7300.54467,1040133.40939,2.7284841053187847e-12,-0.40214411462505834,80.67631131207831,-0.07227184953830326,-0.19172168375200654,0.2048912498287605,False,200.6545523603529
2020-07-20 11:00:00,7433.62625,1040471.52801,1.1641532182693481e-10,-0.40934148855705554,80.67326487609616,-0.07287085233309552,-0.1837303582167071,0.19765375192540952,False,201.6341910254963
2020-07-20 11:30:00,7567.59849,1040792.9476,2.328377489728103e-10,-0.41658988449729334,80.67036826710957,-0.0723389087282163,-0.17038479330852413,0.18510509314110646,False,203.00423253138223
2020-07-20 12:00:00,7698.49924,1041083.00359,1.1641887448640516e-10,-0.42367752994924657,80.6677535065079,-0.06996052028608872,-0.1559226609781491,0.17089865594909473,False,204.16516887126133
2020-07-20 12:30:00,7823.60017,1041352.39147,9.094947017729282e-13,-0.4304506720741265,80.66532469129045,-0.06677090526308506,-0.1428580592950113,0.15769203814774177,False,205.05107346814907
2020-07-20 13:00:00,7942.73142,1041595.47222,1.1641532182693481e-10,-0.43690298174103753,80.66313251861516,-0.06265584174635488,-0.13030042308379583,0.1445820001271267,False,205.680889935346
2020-07-20 13:30:00,8052.73154,1041819.73938,1.1641532182693481e-10,-0.44285813097689697,80.66110989765393,-0.05649752352698863,-0.12134203064413997,0.1338501347236006,False,204.96694845864403
2020-07-20 14:00:00,8149.49281,1042030.71842,1.1641532182693481e-10,-0.44808854037369034,80.65920749694496,-0.047990716575403644,-0.11452901297177841,0.12417730746682547,False,202.7349862769836
2020-07-20 14:30:00,8228.71728,1042230.68009,1.1641532182693481e-10,-0.45235760551130755,80.65740525170716,-0.03894933603759239,-0.11381714301818799,0.12029710230338864,False,198.8914465999983
2020-07-20 15:00:00,8292.94098,1042439.34034,1.1641532182693481e-10,-0.45579677997321527,80.6555258685363,-0.03136978483071295,-0.12014377545213238,0.12417161583960175,False,194.63334439269383
2020-07-20 15:30:00,8345.08564,1042662.28562,1.8189894035458565e-12,-0.45856456523605943,80.65351896715774,-0.01786254386364149,-0.12944751209504954,0.1306741323326025,False,187.85666414839397
2020-07-20 16:00:00,8360.97374,1042904.8218,1.1647215137477994e-10,-0.4593307415101613,80.65133863364366,-0.0016997494565452913,-0.14204563549271712,0.14205580491745096,False,180.68558123440505
2020-07-20 16:30:00,8355.30402,1043173.58442,1.1642953181439413e-10,-0.45890101837757813,80.64892420281578,0.008084292396435011,-0.15876400706830404,0.15896970064743643,False,177.08500604074692
2020-07-20 17:00:00,8336.44891,1043476.58699,0.0,-0.45773252894462546,80.64620306644811,0.015472130956770256,-0.17744874136593836,0.17812198811123553,False,175.01686238135187
2020-07-20 17:30:00,8304.70953,1043812.82448,0.0,-0.45584299739535183,80.64318422396295,0.023937428378450025,-0.19681204389604082,0.19826240465582606,False,173.0654134379368
2020-07-20 18:00:00,8255.91382,1044185.77352,1.8189894035458565e-12,-0.4530028787536058,80.6398367201828,0.031496929271430746,-0.21572192355289743,0.21800918525349255,False,171.6931073364052
2020-07-20 18:30:00,8197.46416,1044590.29562,0.0,-0.4496216936231256,80.63620617771741,0.03462545304735253,-0.23123183959741206,0.2338099348666299,False,171.48361079622873
2020-07-20 19:00:00,8137.79839,1045019.16069,2.328377489728103e-10,-0.4461660563981835,80.63235695194304,0.03607687075351528,-0.24486064933851467,0.24750409733546816,False,171.61855082458874
2020-07-20 19:30:00,8074.45558,1045472.77858,1.1641887448640516e-10,-0.4425012663513172,80.6282855268817,0.038753489752752036,-0.2566668547670787,0.2595760145006493,False,171.41390720854508
2020-07-20 20:00:00,8005.42607,1045944.21127,1.1642953181439413e-10,-0.4385206838958172,80.62405437175408,0.04066834230260476,-0.2643235787897677,0.26743385793476554,False,171.25316514368023
2020-07-20 20:30:00,7935.33669,1046425.43612,3.492566234592155e-10,-0.43448158912127605,80.61973524453668,0.0407330867845346,-0.2661031722236304,0.2692026794563448,False,171.29714307688624
2020-07-20 21:00:00,7866.05553,1046903.26712,1.8189894035458565e-12,-0.43049182908069117,80.6154464964225,0.03953428308821131,-0.26118277860954,0.2641579137211278,False,171.39268653752413
2020-07-20 21:30:00,7800.08185,1047366.73692,2.7284841053187847e-12,-0.42669247750239664,80.61128650743122,0.03797876976468628,-0.25105752942289195,0.25391390279534776,False,171.3977938016526
2020-07-20 22:00:00,7736.06651,1047808.06736,1.1642953181439413e-10,-0.42301249758396436,80.60732526408464,0.033974015057471565,-0.2358948136275181,0.238328757802089,False,171.80450838180047
2020-07-20 22:30:00,7684.04844,1048216.83808,0.0,-0.42000437621044984,80.60365574217542,0.026400168604033755,-0.21118933665539685,0.2128330444721119,False,172.87458255483585
2020-07-20 23:00:00,7646.60162,1048569.02523,1.1642953181439413e-10,-0.4178172574965554,80.6004936572967,0.019291348502365593,-0.18008144464834705,0.18111179650612327,False,173.8854690380674
2020-07-20 23:30:00,7619.32893,1048865.62048,0.0,-0.41620938183421163,80.59783040511364,0.015365484160804282,-0.14712542280485005,0.14792561691269643,False,174.03775828590614
2020-07-21 00:00:00,7595.13481,1049099.0646,1.8189894035458565e-12,-0.41479549600834553,80.595734381643,0.01271884238373929,-0.11411735430383078,0.11482395004914457,False,173.6403991244814
2020-07-21 00:30:00,7576.51644,1049276.76367,2.328377489728103e-10,-0.41370864789723766,80.59413888291097,0.014534512497568548,-0.08415108033567503,0.08539705132616236,False,170.20059701211284
2020-07-21 01:00:00,7544.99934,1049402.3784,2.328324200039328e-10,-0.4119384316182712,80.59301221558977,0.02018754020877879,-0.05660770565342748,0.060099659891102095,False,160.3726589982731
2020-07-21 01:30:00,7505.30833,1049481.06865,4.656648400078656e-10,-0.4097407503723529,80.59230770311291,0.0274697683861597,-0.0382134252357505,0.047062235852512915,False,144.28948376330874
2020-07-21 02:00:00,7447.09449,1049540.65041,4.656621754853119e-10,-0.40653968298458143,80.5917760580057,0.04424515219931481,-0.02578425938339846,0.05120997485930747,False,120.2318775207363
2020-07-21 02:30:00,7346.68841,1049575.01982,4.65669280844908e-10,-0.4010455250124924,80.59147359012967,0.04978319110667315,-0.018028953267332906,0.052947231019942996,False,109.90782434280862
2020-07-21 03:00:00,7268.33369,1049606.8075,2.328324200039328e-10,-0.39675637118810764,80.59119286360385,0.04539353321074996,-0.015412393541321779,0.04793865592638197,False,108.7538087922544
2020-07-21 03:30:00,7183.65982,1049631.63471,1.8189894035458565e-12,-0.3921251507261878,80.59097501634471,0.04638776497669593,-0.02304645625625389,0.051797334733599966,False,116.4191914328706
2020-07-21 04:00:00,7101.90946,1049690.91569,9.094947017729282e-13,-0.3876409940149967,80.59044734462965,0.0452675930602548,-0.03479039117251907,0.05709226129175233,False,127.54406493336086
2020-07-21 04:30:00,7021.54757,1049757.97979,2.328377489728103e-10,-0.3832302775762944,80.58984959601915,0.045624977661199245,-0.047008626868240026,0.06550915650977616,False,135.85575170359175
2020-07-21 05:00:00,6938.79513,1049861.24156,2.328377489728103e-10,-0.37867660168077855,80.5889266775635,0.04468331074585277,-0.06774389062016178,0.08115314519824161,False,146.59148577828904
2020-07-21 05:30:00,6862.30298,1050002.91561,4.656612873077393e-10,-0.3744517227801295,80.58765817574037,0.04073556051344559,-0.08760349058852472,0.09661137331411,False,155.06160601373
2020-07-21 06:00:00,6794.21132,1050177.56579,1.8189894035458565e-12,-0.37067465103755504,80.58609282400796,0.03364963163441994,-0.10632706946426781,0.11152463140486674,False,162.4388341236492
2020-07-21 06:30:00,6743.6432,1050386.46875,9.094947017729282e-13,-0.36784269108964185,80.58421863846009,0.02455321723340715,-0.1273412226795024,0.12968672819537663,False,169.08648057909068
2020-07-21 07:00:00,6708.76468,1050636.55222,0.0,-0.36585313634380595,80.58197349621946,0.016659249062231648,-0.1489182116035999,0.14984713653097284,False,173.61694884706418
2020-07-21 07:30:00,6687.09432,1050922.94633,2.3283064365386963e-10,-0.3645720290303118,80.57940131051903,0.007526774055039809,-0.16965290310749007,0.1698197864221806,False,177.45969703269395
2020-07-21 08:00:00,6685.55501,1051247.46272,2.328324200039328e-10,-0.364375596874392,80.57648541306558,-0.0025610979641426,-0.18600153752308535,0.1860191688609904,False,180.78886891853261
2020-07-21 08:30:00,6700.57245,1051592.47969,4.656612873077393e-10,-0.3650742408021258,80.57338435076444,-0.011698507043784591,-0.19713762178243652,0.1974844221428325,False,183.3960537400174
2020-07-21 09:00:00,6732.19075,1051956.87541,0.0,-0.36666983226399935,80.5701081947549,-0.02148091444243474,-0.2048850637342517,0.20600805573246786,False,185.98523686961914
2020-07-21 09:30:00,6782.62238,1052329.55593,9.094947017729282e-13,-0.3692856985772589,80.56675649021048,-0.032457838871776015,-0.205613915418892,0.20816001901929546,False,188.9705831082493
2020-07-21 10:00:00,6853.80735,1052696.31702,9.094947017729282e-13,-0.3730313100254354,80.56345673532086,-0.043013566628710684,-0.19894681802584957,0.20354361526889767,False,192.19992902702887
2020-07-21 10:30:00,6942.13087,1053044.74114,9.094947017729282e-13,-0.37771333175024135,80.56032068890417,-0.05009704176038976,-0.18883322430358515,0.19536555529066615,False,194.85816975195826
2020-07-21 11:00:00,7038.63422,1053374.91294,4.656621754853119e-10,-0.3828437790620063,80.55734809180369,-0.0524266993740701,-0.1778630548818392,0.18542876017263143,False,196.42334466122898
2020-07-21 11:30:00,7135.1412,1053683.77274,0.0,-0.387979049364651,80.55456691656518,-0.051662963769540576,-0.1640276665160922,0.17197132670351536,False,197.48259972603245
2020-07-21 12:00:00,7228.61517,1053964.1396,9.094947017729282e-13,-0.39295705759469424,80.55204187770981,-0.04802201362486636,-0.1490997524069567,0.15664242707645537,False,197.85269945270397
2020-07-21 12:30:00,7311.69766,1054219.33356,9.094947017729282e-13,-0.3973771743332353,80.54974360907835,-0.04205530143332355,-0.1386659561336993,0.14490305645196283,False,196.8717623824358
2020-07-21 13:00:00,7383.47279,1054462.27501,0.0,-0.4011854433998093,80.54755609067627,-0.03135222164302036,-0.12886128835540755,0.13262048649650088,False,193.6744907750209
2020-07-21 13:30:00,7427.8111,1054682.43253,1.8189894035458565e-12,-0.40351026801609313,80.54557499848303,-0.01556777024504147,-0.11625830003533305,0.11729598372283648,False,187.62692099738672
2020-07-21 14:00:00,7442.46288,1054880.39982,0.0,-0.404230315767666,80.54379517106165,0.0006388143818066972,-0.10458737379873614,0.10458932470348474,False,179.6500446326586
2020-07-21 14:30:00,7428.16777,1055058.95393,0.0,-0.4033856393810565,80.54219161833056,0.018780860741724505,-0.09750948447787205,0.09930166309453443,False,169.09802054520173
2020-07-21 15:00:00,7377.32486,1055231.90127,2.328377489728103e-10,-0.40055905408955333,80.54064074484303,0.035511600068748726,-0.09726990370454719,0.10354954324445202,False,159.94371535092034
2020-07-21 15:30:00,7302.77719,1055410.01077,2.328377489728103e-10,-0.3964446328837274,80.53904493618168,0.04457223902422873,-0.1045490980631159,0.11365385342100813,False,156.91007647577453
2020-07-21 16:00:00,7219.47287,1055609.37927,2.7284841053187847e-12,-0.3918484287675798,80.53725858411293,0.055572866883029357,-0.12100029234591486,0.13315184670666705,False,155.33168504471968
2020-07-21 16:30:00,7105.69862,1055846.96986,2.328324200039328e-10,-0.3855865545115699,80.53513055492273,0.07177303449746096,-0.1418414340055508,0.15896654013258496,False,153.1601815702353
2020-07-21 17:00:00,6964.53218,1056121.73571,2.328377489728103e-10,-0.37782814478326493,80.53266998086725,0.07955623829060762,-0.16500202564049574,0.18317986656949709,False,154.25881543229758
2020-07-21 17:30:00,6823.21945,1056442.85286,2.3284663031658457e-10,-0.37004958695135975,80.52979272556907,0.08133166524369942,-0.1893156203172224,0.2060467031219085,False,156.75121208863186
2020-07-21 18:00:00,6676.14602,1056805.14875,2.3283064365386963e-10,-0.3619493171870238,80.52654558418712,0.08325354404568379,-0.2113170151124824,0.22712558964637986,False,158.49681775325803
2020-07-21 18:30:00,6528.3184,1057205.47227,2.328377489728103e-10,-0.35380098500963386,80.52295656941031,0.08216879707101052,-0.23283532838354537,0.2469088928239935,False,160.56179839562992
2020-07-21 19:00:00,6385.51988,1057645.16655,1.8189894035458565e-12,-0.34591837167679096,80.51901329170502,0.07728603451418442,-0.25251688604939293,0.2640793609334319,False,162.98259731274447
2020-07-21 19:30:00,6255.58209,1058116.19627,1.8189894035458565e-12,-0.3387286554382639,80.51478755617474,0.06804837430631244,-0.26544861614235377,0.2740320219566003,False,165.62171902440372
2020-07-21 20:00:00,6146.19951,1058602.21313,0.0,-0.33265312576769324,80.51042590996727,0.05744450843341306,-0.27068270570286995,0.2767110382976851,False,168.01840575127216
2020-07-21 20:30:00,6054.44291,1059091.83824,0.0,-0.3275355684660632,80.50603081352361,0.04842856745289674,-0.26922711617919315,0.27354810588213646,False,169.8026874154529
2020-07-21 21:00:00,5977.40009,1059572.41155,2.328324200039328e-10,-0.3232211039628864,80.50171622248287,0.040192708175319274,-0.25940586583360187,0.26250115622478126,False,171.19254577015334
2020-07-21 21:30:00,5915.0196,1060026.50075,4.656621754853119e-10,-0.3197110082848948,80.4976388211801,0.03561905970583662,-0.24229019335655033,0.24489437562157793,False,171.6368570653358
2020-07-21 22:00:00,5854.04058,1060445.35818,1.8189894035458565e-12,-0.3162901404129066,80.49387790378158,0.034476884965113655,-0.22212126527318285,0.22478103141381248,False,171.1771540042426
2020-07-21 22:30:00,5795.31892,1060826.81028,0.0,-0.31300492089475057,80.4904529659249,0.03574180388286083,-0.19893767434789633,0.20212292007526148,False,169.814712091763
2020-07-21 23:00:00,5729.28443,1061162.22604,1.8189894035458565e-12,-0.3093406642730096,80.48744203986868,0.040530350852974496,-0.17400005759972023,0.17865813551297116,False,166.88773412152239
2020-07-21 23:30:00,5652.79371,1061453.98912,1.8189894035458565e-12,-0.3051268953068517,80.48482384649446,0.043506768337824686,-0.15008373815747397,0.15626249502206968,False,163.83400922609098
2020-07-22 00:00:00,5575.53963,1061703.35393,9.094947017729282e-13,-0.30088626121338236,80.48258663838487,0.05020500394111974,-0.12370869653718276,0.1335079923437418,False,157.91108923866153
2020-07-22 00:30:00,5474.39692,1061900.28342,9.094947017729282e-13,-0.2953733652114212,80.48082168680696,0.05242964820572743,-0.09677985548224859,0.11006910755584993,False,151.5537637414729
2020-07-22 01:00:00,5388.59152,1062052.72981,0.0,-0.29070204676983724,80.4794556887592,0.04786070696892017,-0.06991177242494317,0.08472486763142147,False,145.60495643171737
2020-07-22 01:30:00,5303.37755,1062152.83675,2.3283064365386963e-10,-0.2860780625598776,80.47855994262693,0.04856976786373822,-0.04431578879871052,0.0657488516035781,False,132.3777962793069
2020-07-22 02:00:00,5214.5391,1062213.13769,2.3283064365386963e-10,-0.28126999364720257,80.4780220066543,0.05206190378414743,-0.02587531692805771,0.05813754253283548,False,116.42786241405946
2020-07-22 02:30:00,5116.41424,1062246.90684,0.0,-0.2759684903363128,80.47772283121967,0.057727635197163014,-0.013621816089555731,0.05931301492113188,False,103.27704452360842
2020-07-22 03:00:00,5006.95822,1062263.17663,0.0,-0.2700606177760478,80.47758131108202,0.06230755547760758,-0.006266848454434039,0.06262191995735988,False,95.74345237255835
2020-07-22 03:30:00,4892.21587,1062270.5245,0.0,-0.26387001581277014,80.47752008449665,0.06655758547016338,-0.0024661167829323058,0.06660325754499673,False,92.12197413643298
2020-07-22 04:00:00,4767.39434,1062273.15804,2.328324200039328e-10,-0.2571370075821742,80.47750151838572,0.06957396638444098,-0.009107672083967636,0.07016756009191433,False,97.4579716493825
2020-07-22 04:30:00,4641.89926,1062304.43585,2.3283064365386963e-10,-0.2503609462841587,80.47722543702763,0.07017474522621296,-0.024775355887516712,0.07441984363674119,False,109.44569677851189
2020-07-22 05:00:00,4515.1574,1062363.45236,2.3283064365386963e-10,-0.2435116763809827,80.4766999974641,0.06955246008964637,-0.04189050344936035,0.08119334322321457,False,121.05998529540113
2020-07-22 05:30:00,4392.1536,1062456.30447,2.3283064365386963e-10,-0.23685720500944563,80.47587022041171,0.06752333968461424,-0.06277901658466349,0.09219873277600542,False,132.91477550888015
2020-07-22 06:00:00,4273.00974,1062590.45978,2.328324200039328e-10,-0.230403070149934,80.47466900482522,0.06347701835959123,-0.0885212901123334,0.10892819039613104,False,144.35637620396437
2020-07-22 06:30:00,4164.91967,1062775.89747,0.0,-0.22453566933203833,80.47300643005661,0.055933488436534604,-0.1177145824660328,0.1303275797896684,False,154.5847123314528
2020-07-22 07:00:00,4073.31144,1063015.01813,4.547473508864641e-13,-0.21954761496574537,80.47086076461264,0.045686422930917084,-0.14830966835394802,0.15518700643894345,False,162.87868182549857
2020-07-22 07:30:00,4002.49562,1063310.43858,4.547473508864641e-13,-0.21567080987925868,80.4682083824504,0.03065758432021041,-0.17689306434771654,0.17953006347315817,False,170.16765617070297
2020-07-22 08:00:00,3965.34199,1063652.24409,0.0,-0.21360017719243954,80.46513798668114,0.011140817427992793,-0.20057978845821675,0.20088894780675925,False,176.82088299300887
2020-07-22 08:30:00,3965.08091,1064032.67032,4.547473508864641e-13,-0.21350975052158916,80.46171927356524,-0.007366680087967261,-0.21846783502020667,0.2185920010291655,False,181.93126743747854
2020-07-22 09:00:00,3994.79264,1064438.62401,4.547473508864641e-13,-0.2150276009889531,80.4580701392516,-0.024896604096219188,-0.23107987644823227,0.23241718997280336,False,186.14934115275315
2020-07-22 09:30:00,4057.83007,1064864.21565,9.094947017729282e-13,-0.21833338769148433,80.45424337243826,-0.04085032422943627,-0.2360773849465846,0.23958564371194688,False,189.81712727424633
2020-07-22 10:00:00,4145.09131,1065287.93603,0.0,-0.22293976224677775,80.45043253405535,-0.05125909376352227,-0.23323481591749484,0.2388011181915304,False,192.39510094312504
2020-07-22 10:30:00,4245.62849,1065703.13661,2.328324200039328e-10,-0.22825803789391053,80.44669771246332,-0.05693546099533333,-0.22417747595012688,0.23129459017045953,False,194.2503925650417
2020-07-22 11:00:00,4353.27246,1066094.15198,2.3283064365386963e-10,-0.23395940431459591,80.44317988180688,-0.06397501567449317,-0.2048490430029212,0.21460646087609828,False,197.34375246370013
2020-07-22 11:30:00,4478.94792,1066439.64658,4.656612873077393e-10,-0.2406355619151371,80.44007034923399,-0.07542697818311406,-0.18276114817983363,0.19771410248600646,False,202.42632867433997
2020-07-22 12:00:00,4627.57045,1066750.94589,4.656612873077393e-10,-0.24854779277510086,80.43726709019113,-0.07768459181901465,-0.17040322404469355,0.1872756112549441,False,204.50761933051785
2020-07-22 12:30:00,4761.27095,1067051.87924,2.328324200039328e-10,-0.2556566605433039,80.43455739766836,-0.07127496162050048,-0.15265033715608486,0.16847031070153043,False,205.02864701997248
2020-07-22 13:00:00,4886.60983,1067299.33672,2.328377489728103e-10,-0.2623258100179582,80.43232847022863,-0.0629966747964041,-0.12901961999284597,0.14357800450801048,False,206.02496398443495
2020-07-22 13:30:00,4990.18315,1067515.30667,2.3283064365386963e-10,-0.26783161716626214,80.4303832960363,-0.0540300718339584,-0.11234034517461462,0.12465793924309139,False,205.68522076250977
2020-07-22 14:00:00,5083.00646,1067702.84831,2.328324200039328e-10,-0.27276560860036,80.4286939692082,-0.03625055689095968,-0.10021668649672538,0.1065715117997659,False,199.8861601597884
2020-07-22 14:30:00,5122.40122,1067875.46138,2.328324200039328e-10,-0.2748351568096327,80.4271410438362,-0.012549618498265669,-0.09469257301155631,0.09552055437444307,False,187.5494219991573
2020-07-22 15:00:00,5129.81975,1068043.52094,2.3283064365386963e-10,-0.2751898733483242,80.42563040995557,0.007546845631068829,-0.0951117193564001,0.09541065998047492,False,175.46324728164808
2020-07-22 15:30:00,5096.87743,1068217.99011,1.8189894035458565e-12,-0.2733780483420972,80.42406390956974,0.026857507720470235,-0.09861084591345877,0.10220286029619242,False,164.76454642018518
2020-07-22 16:00:00,5034.82764,1068398.97727,4.656621754853119e-10,-0.2700042260139296,80.42244005800171,0.049441978476743496,-0.10562316351514843,0.116622304498936,False,154.91580585606096
2020-07-22 16:30:00,4920.68016,1068599.06805,4.656621754853119e-10,-0.26383348182904787,80.4206466575499,0.07057665311152793,-0.12466589519890944,0.14325728389918055,False,150.48465467103932
2020-07-22 17:00:00,4782.82098,1068848.93969,2.3283064365386963e-10,-0.25638199855534466,80.41840672622857,0.08453417599862596,-0.1513341393085414,0.17334372971649042,False,150.8125844085272
2020-07-22 17:30:00,4618.798,1069145.22725,2.3283064365386963e-10,-0.2475210839225524,80.4157505133681,0.09576443744253368,-0.1811341808381825,0.20489123687118577,False,152.13488933887305
2020-07-22 18:00:00,4440.88925,1069502.506,1.8189894035458565e-12,-0.23790757624249464,80.41254646254946,0.09810395431085836,-0.21440613144717902,0.23578459460611922,False,155.41299969321778
2020-07-22 18:30:00,4268.83178,1069918.54914,2.328324200039328e-10,-0.22860127698191315,80.40881381194147,0.09328765155882199,-0.2452568081567689,0.2623994814793016,False,159.17482565706348
2020-07-22 19:00:00,4108.5791,1070386.76341,4.656621754853119e-10,-0.219923390483072,80.40461162994133,0.08383047140011096,-0.2733615629435484,0.2859267249315887,False,162.9510471739075
2020-07-22 19:30:00,3970.82166,1070903.8019,2.328324200039328e-10,-0.21244698101241283,80.39996968246872,0.06989996766079032,-0.2974747301350119,0.30557686520395766,False,166.77665238334777
2020-07-22 20:00:00,3860.91176,1071458.59813,0.0,-0.20645967268813506,80.39498732515989,0.05523247645668518,-0.3181718857599409,0.3229302948680646,False,170.15198158158796
2020-07-22 20:30:00,3776.11343,1072049.92974,1.3642420526593924e-12,-0.20181379779670436,80.38967570430863,0.0395207392098406,-0.33554692452139934,0.33786628624866066,False,173.28264654653395
2020-07-22 21:00:00,3722.89282,1072667.0607,2.328324200039328e-10,-0.198854982608182,80.38413115502902,0.01994556380365829,-0.3457850359518598,0.34635980800848526,False,176.69872438088828
2020-07-22 21:30:00,3708.63021,1073294.99758,4.656632857048955e-10,-0.19797726963908371,80.37848823765144,-0.002157025467458202,-0.3462180839930031,0.34622480333253625,False,180.35696245305462
2020-07-22 22:00:00,3734.96476,1073913.41153,2.3283108774265596e-10,-0.19926825781529836,80.37292961529722,-0.025371873838327095,-0.3359459054188594,0.33690263185342617,False,184.3189894540144
2020-07-22 22:30:00,3804.17457,1074504.07786,0.0,-0.20284914800075707,80.36761898165997,-0.04692182296343496,-0.32007770475085856,0.3234986778161384,False,188.3398773928236
2020-07-22 23:00:00,3907.96177,1075065.08601,4.547473508864641e-13,-0.2082745803958437,80.36257370962656,-0.06678479554476628,-0.3042487191545259,0.3114923627043299,False,192.3804858800146
2020-07-22 23:30:00,4048.57972,1075598.49205,0.0,-0.21566173363977525,80.35777515922955,-0.08841923918914922,-0.28602811661864863,0.29938277397872987,False,197.17783237046274
2020-07-23 00:00:00,4230.14457,1076093.58182,0.0,-0.22522965126785782,80.35331935149912,-0.10863324892709182,-0.2500116955515175,0.2725931596445519,False,203.48555683852322
2020-07-23 00:30:00,4443.19445,1076496.98987,0.0,-0.23648449211295244,80.34968607084296,-0.12386483244384329,-0.20780269848868949,0.2419182883031429,False,210.7978766513499
2020-07-23 01:00:00,4679.14185,1076839.82469,4.656612873077393e-10,-0.24896311066786428,80.34659590847048,-0.1366913556018616,-0.17178647748740794,0.21953387106277314,False,218.50944079709342
2020-07-23 01:30:00,4937.9659,1077113.27712,2.3283064365386963e-10,-0.26266747369712795,80.34412790491201,-0.1436132150325825,-0.12582408264192887,0.19093573605974792,False,228.77737267175274
2020-07-23 02:00:00,5198.22057,1077290.41646,0.0,-0.2764656434224714,80.34252488293,-0.12157856116006253,-0.06535659267572934,0.13803199172631056,False,241.7390029787872
2020-07-23 02:30:00,5376.77892,1077346.4462,2.3283064365386963e-10,-0.28594718335150854,80.34201344659758,-0.0980530802798605,-0.02226625293897566,0.100549453366546,False,257.20603472103414
2020-07-23 03:00:00,5551.60731,1077368.8123,9.094947017729282e-13,-0.2952385937514761,80.3418044651306,-0.08860222016248166,-0.009656016606081053,0.08912683139446721,False,263.7803571758027
2020-07-23 03:30:00,5695.9218,1077379.5638,9.094947017729282e-13,-0.3029101813476321,80.34170106730001,-0.05560960125987081,-0.004184102831119028,0.0557667864304839,False,265.69713552004384
2020-07-23 04:00:00,5751.87871,1077382.81648,2.328324200039328e-10,-0.30588500049710243,80.34166916247588,-0.03004820158428545,0.002113723649844684,0.03012245418483971,False,274.02381069710736
2020-07-23 04:30:00,5804.05316,1077371.377,2.328324200039328e-10,-0.30866286240020924,80.34176945837504,-0.015575027514805809,0.00012454668611052206,0.015575525479545759,False,270.45815953529814
2020-07-23 05:00:00,5807.94558,1077382.06606,0.0,-0.30886679517060367,80.3416732034959,0.014755218165748882,-0.013665137913395816,0.020111003388965296,False,132.80346183260872
2020-07-23 05:30:00,5751.20034,1077420.85713,9.094947017729282e-13,-0.3058381270090768,80.34132731011124,0.03257069215304255,-0.033820860243300895,0.04695423915819698,False,136.07876512021141
2020-07-23 06:00:00,5691.34267,1077504.44531,0.0,-0.30263158883245195,80.3405789293912,0.03359706067663999,-0.06108349043357942,0.06971337955987371,False,151.18838462049717
2020-07-23 06:30:00,5631.4141,1077641.39347,0.0,-0.29940695078618623,80.33935095501354,0.03447185717684286,-0.0951239455228916,0.10117743794474489,False,160.08004833846104
2020-07-23 07:00:00,5569.03517,1077847.53533,2.328324200039328e-10,-0.29603386507590773,80.33750119169838,0.031006827611666107,-0.13879846778646907,0.14221968224690656,False,167.40719718424702
2020-07-23 07:30:00,5522.3727,1078141.63802,4.656612873077393e-10,-0.29347339011971246,80.33486012934475,0.016742354617910633,-0.18470322598136169,0.18546047591353215,False,174.82060003911323
2020-07-23 08:00:00,5512.1693,1078512.76694,4.656612873077393e-10,-0.2928303648004382,80.33152510443786,-0.007466556497293514,-0.22566492425184442,0.22578841312945613,False,181.89504934085733
2020-07-23 08:30:00,5553.40396,1078953.88376,2.3283064365386963e-10,-0.2949002769126967,80.32755868714845,-0.038627386161027726,-0.2589998941657987,0.26186450721609467,False,188.48260016529548
2020-07-23 09:00:00,5656.02507,1079444.43848,2.3283064365386963e-10,-0.3002131356429568,80.32314504669338,-0.07459515074317247,-0.2825151275918563,0.2921972515829666,False,194.79079288531767
2020-07-23 09:30:00,5827.27186,1079969.51718,9.094947017729282e-13,-0.30915209937013266,80.31841771397079,-0.10454852026085165,-0.2996527268004376,0.3173675310545668,False,199.23382577620043
2020-07-23 10:00:00,6038.21487,1080521.14179,2.3283064365386963e-10,-0.32017941456316695,80.31344955761377,-0.13693142824150353,-0.30786469279264106,0.33694344497046574,False,203.97844375167963
2020-07-23 10:30:00,6326.41073,1081075.05807,2.328324200039328e-10,-0.3352889273945545,80.30845638734687,-0.17107972772124463,-0.3070924375850482,0.351530992174377,False,209.12197039158102
2020-07-23 11:00:00,6660.56077,1081623.05155,4.656754979456206e-10,-0.35281903169176465,80.30351321928343,-0.19573827661409995,-0.2995698386561574,0.3578485170632038,False,213.16051291939576
2020-07-23 11:30:00,7037.69607,1082149.14989,2.328377489728103e-10,-0.37261462308280685,80.29876340261545,-0.2138934194682013,-0.27958186274532437,0.35201763147312,False,217.41770725386104
2020-07-23 12:00:00,7437.10634,1082624.51732,2.328324200039328e-10,-0.3935880775130847,80.29446698461483,-0.2235328372425824,-0.24620149621050502,0.3325388790232056,False,222.2371369597541
2020-07-23 12:30:00,7848.48378,1083029.92647,0.0,-0.41520286149184427,80.29079722842225,-0.22445052026350878,-0.21070065348852846,0.30785191476918367,False,226.80982460645265
2020-07-23 13:00:00,8250.6037,1083377.16435,2.3283064365386963e-10,-0.4363352369859891,80.28764953194312,-0.2208263625732223,-0.1775488157706303,0.28335113267617873,False,231.20002177361445
2020-07-23 13:30:00,8648.30322,1083663.02961,2.3283064365386963e-10,-0.45724615638275706,80.28505241378586,-0.20532957059295348,-0.14872174100749658,0.2535318299704941,False,234.0839052201808
2020-07-23 14:00:00,8994.03929,1083906.64659,4.656612873077393e-10,-0.4754179402821291,80.28283759043309,-0.17683647526859003,-0.11656184339566979,0.21179660601911282,False,236.60910792501798
2020-07-23 14:30:00,9288.37444,1084077.35551,2.3283064365386963e-10,-0.49089820864688954,80.28128102019869,-0.1431806178626181,-0.09572417040954045,0.1722318383229878,False,236.23508002652522
2020-07-23 15:00:00,9512.42308,1084246.82474,0.0,-0.5026601877464669,80.27974044138881,-0.10090381969161423,-0.08836455655663819,0.1341263422442031,False,228.79037685963394
2020-07-23 15:30:00,9654.405,1084392.26886,2.3283064365386963e-10,-0.5100940513670614,80.27842197225837,-0.058033507995311776,-0.09813501083271575,0.11401038725212345,False,210.59853982298384
2020-07-23 16:00:00,9724.48063,1084598.23682,0.0,-0.513698759372173,80.27656519050211,-0.016592913736110118,-0.10934651607272156,0.11059830633195042,False,188.62858642306202
2020-07-23 16:30:00,9717.66638,1084785.36494,0.0,-0.5132502662751167,80.2748839073796,0.02420966479915101,-0.11829330333401476,0.12074524207338556,False,168.4336827452076
2020-07-23 17:00:00,9641.14406,1085024.85634,4.656612873077393e-10,-0.5090964724672828,80.27273758735332,0.0635572158737088,-0.15552463986539547,0.16801021782879214,False,157.77196621958336
2020-07-23 17:30:00,9493.84421,1085347.26455,0.0,-0.5011698553601435,80.26985157041246,0.08925981466488782,-0.2040644051861708,0.22273211707788307,False,156.37494983953485
2020-07-23 18:00:00,9326.24681,1085762.2708,1.8189894035458565e-12,-0.4921348384730516,80.26613468637727,0.11554427975752245,-0.2478433073609604,0.2734534431823891,False,155.00511815930417
2020-07-23 18:30:00,9085.5638,1086243.04033,1.8189894035458565e-12,-0.4792226986572293,80.26183200212701,0.12988055001086707,-0.2744124244878204,0.30359699600689244,False,154.67161011416152
2020-07-23 19:00:00,8866.95577,1086754.03169,0.0,-0.46747272592491534,80.25725556329436,0.14100697866807177,-0.29427996255733346,0.3263183482365704,False,154.39815606211778
2020-07-23 19:30:00,8586.59912,1087306.55457,1.8189894035458565e-12,-0.45246270333171745,80.25230981711849,0.15275952425699593,-0.3232548721181454,0.35753207492383426,False,154.70613631669323
2020-07-23 20:00:00,8326.22837,1087922.05571,3.637978807091713e-12,-0.4384950450952287,80.24679596570166,0.13488481280885858,-0.35649699663829293,0.3811614111352353,False,159.27527662260957
2020-07-23 20:30:00,8110.84993,1088593.62241,2.328324200039328e-10,-0.4268892087533022,80.24077458967064,0.10106623961305675,-0.3987259425353199,0.41133534013041356,False,165.77662992931698
2020-07-23 21:00:00,7973.09463,1089360.14006,2.3283064365386963e-10,-0.4193438866148294,80.23389428100022,0.0772285622167812,-0.43218130248988784,0.4390272531904223,False,169.8684768788945
2020-07-23 21:30:00,7844.22163,1090151.46824,2.328324200039328e-10,-0.4122665974353692,80.22679019158193,0.06340936004838374,-0.44571266349748495,0.45020053903096097,False,171.9031430946153
2020-07-23 22:00:00,7756.37225,1090966.30662,4.656612873077393e-10,-0.40734521678710117,80.21947198475263,0.04298454329310764,-0.45666238875267784,0.45868094386339936,False,174.6227282448391
2020-07-23 22:30:00,7701.16902,1091796.51144,2.328324200039328e-10,-0.4041386465639198,80.21201348060475,0.02235427170647961,-0.47694961401875396,0.47747319063604554,False,177.3165534480272
2020-07-23 23:00:00,7688.00985,1092683.85015,4.656621754853119e-10,-0.4031204897549357,80.20403871542992,0.000931314200276544,-0.48589337387769527,0.4858942664041112,False,179.8901810343566
2020-07-23 23:30:00,7710.12337,1093545.70788,9.094947017729282e-13,-0.4039613576776874,80.19629069659887,-0.02008958392990291,-0.47835820105814675,0.47877986580688936,False,182.40483463229447
2020-07-24 00:00:00,7772.47197,1094405.38697,1.8189894035458565e-12,-0.4069080420670978,80.18855964781042,-0.043212942445970244,-0.4540120040624449,0.45606387516184205,False,185.4370433137488
2020-07-24 00:30:00,7877.29357,1095179.00507,1.8189894035458565e-12,-0.41210422262111723,80.18159933776701,-0.06085427215231064,-0.4031065276702523,0.4076740304330843,False,188.58473376288856
2020-07-24 01:00:00,8001.97934,1095854.95723,2.3283064365386963e-10,-0.41836877452097565,80.17551547068034,-0.05836305453293488,-0.3675810435337806,0.37218553128755216,False,189.02188540369906
2020-07-24 01:30:00,8097.05744,1096500.72738,2.328324200039328e-10,-0.42309026688907464,80.16970471518478,-0.04906077516774536,-0.34098600981994065,0.34449734186635567,False,188.18747934379405
2020-07-24 02:00:00,8187.65785,1097081.1692,4.656621754853119e-10,-0.42759783201912366,80.16448137057608,-0.042287979426979296,-0.2959934929943157,0.2989990319365477,False,188.13070838929457
2020-07-24 02:30:00,8257.24224,1097565.13815,2.3283064365386963e-10,-0.431041574531472,80.16012651630012,-0.029100308330983635,-0.25531122219462127,0.2569642934795992,False,186.50249650007555
2020-07-24 03:00:00,8299.33056,1097999.47547,2.3283064365386963e-10,-0.43306719995446424,80.15621959942864,-0.009456049160411623,-0.229032700795787,0.22922782313571058,False,182.36422210848656
2020-07-24 03:30:00,8297.51506,1098389.37502,2.3283064365386963e-10,-0.4328187809187121,80.15271507982933,0.020507355833446123,-0.2042598645724087,0.20528673585601753,False,174.266809276177
2020-07-24 04:00:00,8231.06094,1098735.34769,4.656612873077393e-10,-0.4292173103822979,80.14960976163306,0.04858012737725651,-0.19327127532936916,0.1992832522903801,False,165.89059211493645
2020-07-24 04:30:00,8127.8437,1099086.44221,2.3284663031658457e-10,-0.4236997508166686,80.14646080735751,0.08206085083769497,-0.18955118810076188,0.20655177595609492,False,156.59115926582024
2020-07-24 05:00:00,7940.69611,1099419.8979,2.328377489728103e-10,-0.4138186540719689,80.1434757809252,0.12496648958270595,-0.19391538423769247,0.23069416932960501,False,147.20071976503567
2020-07-24 05:30:00,7683.01802,1099787.76861,2.328324200039328e-10,-0.4002566296445583,80.140185555933,0.15909370243953516,-0.22613067226789982,0.27648849360552363,False,144.87178744126356
2020-07-24 06:00:00,7373.65964,1100237.94945,2.328324200039328e-10,-0.38398353017533693,80.13615802667496,0.16666168719493443,-0.2881923202479683,0.33291279853524663,False,149.95919491833627
2020-07-24 06:30:00,7090.00241,1100829.25858,0.0,-0.369014172591906,80.13085962530187,0.15427617924775355,-0.34880991245558307,0.3814046335724784,False,156.1405293407857
2020-07-24 07:00:00,6826.36431,1101497.21609,1.8189894035458565e-12,-0.3550774813512801,80.12487042988597,0.15725790912794776,-0.392550802275042,0.4228784486706233,False,158.16870209037575
2020-07-24 07:30:00,6532.64263,1102245.92276,1.8189894035458565e-12,-0.33956893079803047,80.11815637727331,0.16138720709409077,-0.4446916413919438,0.47307133345563446,False,160.05318516181308
2020-07-24 08:00:00,6254.86834,1103101.52118,9.094947017729282e-13,-0.32487827244955175,80.11047990022958,0.13820902404610963,-0.4967104085526109,0.5155802210056935,False,164.45084313931284
2020-07-24 08:30:00,6045.23729,1104036.87269,9.094947017729282e-13,-0.31372423324162513,80.1020824819202,0.09591084129507961,-0.5612737518839173,0.5694094432232215,False,170.30291980580756
2020-07-24 09:00:00,5920.65819,1105123.96697,2.328377489728103e-10,-0.3069569485989634,80.09231652402288,0.05300523319964083,-0.6243522739630673,0.6265982099794104,False,175.1474328738705
2020-07-24 09:30:00,5866.46281,1106285.53091,2.328324200039328e-10,-0.30382789951264266,80.08187758929584,0.0036295605780172846,-0.6576310744253879,0.6576410903828012,False,179.68377955483646
2020-07-24 10:00:00,5920.14612,1107491.47484,9.094947017729282e-13,-0.3062742817259062,80.07103445331826,-0.06003891548680513,-0.6849228467484687,0.6875492545053468,False,185.00962415593438
2020-07-24 10:30:00,6095.78026,1108750.06256,2.328324200039328e-10,-0.31500242892676833,80.05971200027285,-0.131513261575652,-0.6985793776114257,0.7108508175378522,False,190.66161304741263
2020-07-24 11:00:00,6407.41305,1110003.71967,2.3284663031658457e-10,-0.3307319078081607,80.04842655283606,-0.18784891806881965,-0.6846269982682276,0.7099305196830108,False,195.34329510421617
2020-07-24 11:30:00,6786.25191,1111210.77512,9.094947017729282e-13,-0.3499054977336375,80.03755550632596,-0.22587287372232584,-0.6602983330020707,0.6978627684931296,False,198.8846377309393
2020-07-24 12:00:00,7235.05694,1112375.78351,9.094947017729282e-13,-0.3726549858046164,80.0270571610873,-0.25975923427231773,-0.6405251219800353,0.6911926588710848,False,202.07457436616858
2020-07-24 12:30:00,7736.36291,1113510.53467,9.094947017729282e-13,-0.3980688082733636,80.01682588549782,-0.2732691332744079,-0.6044109535373495,0.6633163799850522,False,204.32890178982385
2020-07-24 13:00:00,8233.91912,1114544.77564,4.656612873077393e-10,-0.4232761592685416,80.00749636117244,-0.2835144337196742,-0.5639586147272359,0.6312129222793608,False,206.68968508573317
2020-07-24 13:30:00,8771.98549,1115533.19022,2.3283064365386963e-10,-0.450535575297027,79.99857393812962,-0.2909697447827063,-0.5255151890377318,0.6006909407409738,False,208.97263016750367
2020-07-24 14:00:00,9296.25394,1116428.33515,2.328377489728103e-10,-0.4770783664558454,79.99048868617011,-0.28107200498836127,-0.4802992687958449,0.5564969538047811,False,210.33624837331695
2020-07-24 14:30:00,9798.20678,1117253.78241,3.637978807091713e-12,-0.5024655205922954,79.9830295557936,-0.26926680296347827,-0.4422113434434801,0.5177407492638184,False,211.33764303909877
2020-07-24 15:00:00,10279.53796,1118011.7339,3.637978807091713e-12,-0.5267901279048075,79.97617688791345,-0.2630474404466644,-0.40670829770405964,0.4843610175756049,False,212.89364779721166
2020-07-24 15:30:00,10758.59907,1118709.16386,0.0,-0.5509951447858787,79.96986664358433,-0.26437250688719166,-0.38395178646988076,0.4661671339028859,False,214.54960822081893
2020-07-24 16:00:00,11244.5272,1119384.74397,2.3283064365386963e-10,-0.5755324838920387,79.96375037913394,-0.24298504088782946,-0.3579653460007949,0.4326441020431562,False,214.16845958578543
2020-07-24 16:30:00,11646.24553,1119988.98747,3.637978807091713e-12,-0.5957707389511238,79.95828144175925,-0.19789287283721094,-0.3373558280111668,0.3911144893926387,False,210.39587889466176
2020-07-24 17:00:00,11969.53117,1120591.75163,1.8189894035458565e-12,-0.6119780354936133,79.95283207972301,-0.16256875657876488,-0.3428060565870516,0.379400307127354,False,205.37168946142862
2020-07-24 17:30:00,12244.6409,1121216.76795,3.637978807091713e-12,-0.6256937788580512,79.94718658391255,-0.1489524213366935,-0.36414162233057407,0.3934284495757854,False,202.24705492775138
2020-07-24 18:00:00,12520.04331,1121896.72758,2.328377489728103e-10,-0.6393778022248603,79.9410465233733,-0.13954620716628124,-0.399773478676048,0.4234288348556854,False,199.24221483748357
2020-07-24 18:30:00,12763.03585,1122650.25695,2.3283064365386963e-10,-0.6513485221822943,79.93424779092095,-0.1304688335813655,-0.4320894810886336,0.4513573265202712,False,196.80161964711743
2020-07-24 19:00:00,13007.38383,1123446.80982,2.328377489728103e-10,-0.6633468451237676,79.92706166171283,-0.1393430957720394,-0.4566989978944007,0.4774834793132487,False,196.96743334686118
2020-07-24 19:30:00,13283.67185,1124288.45556,2.3283064365386963e-10,-0.6769285200611205,79.91946627645824,-0.16827218212335457,-0.49792157292895783,0.5255867388591562,False,198.67263946115926
2020-07-24 20:00:00,13634.29885,1125232.04548,4.656612873077393e-10,-0.6942119683079061,79.91094572463376,-0.2046616004364893,-0.5418783326333788,0.5792395860701821,False,200.69100991474616
2020-07-24 20:30:00,14044.03494,1126230.14753,2.3283064365386963e-10,-0.7144385423561209,79.90192751657992,-0.2356939745324243,-0.56424603434426,0.611494265634695,False,202.67102061335015
2020-07-24 21:00:00,14508.05926,1127252.59338,2.3283064365386963e-10,-0.737372153052612,79.89268286002016,-0.2662523058338288,-0.5696605221027369,0.6288111010503817,False,205.050807058864
2020-07-24 21:30:00,15028.85577,1128268.42033,3.637978807091713e-12,-0.7631509211057762,79.88348922997108,-0.32276724004279456,-0.5764595481711781,0.6606695860432518,False,209.24503489321145
2020-07-24 22:00:00,15697.55878,1129312.18738,2.3285906362878826e-10,-0.7963661049874976,79.87402390074502,-0.3896442003884631,-0.5910699986650091,0.7079451576345577,False,213.3936045365171
2020-07-24 22:30:00,16461.01391,1130376.57073,2.3283064365386963e-10,-0.8343060067897746,79.86435738023745,-0.4279329990514544,-0.584735765767102,0.7245982110414095,False,216.19815675472384
2020-07-24 23:00:00,17268.6056,1131394.58109,2.3285906362878826e-10,-0.8744441715763825,79.85509717856608,-0.44893673887664004,-0.5482616372668723,0.7086148590113983,False,219.31187499480632
2020-07-24 23:30:00,18107.11989,1132325.41781,4.656754979456206e-10,-0.916143994104792,79.84661116850266,-0.4662377242989732,-0.49233274750701667,0.6780627919501948,False,223.44063053868192
2020-07-25 00:00:00,18975.1858,1133139.9155,2.329443027495599e-10,-0.9593664832975769,79.83916114688512,-0.45922505850933837,-0.4209525032458799,0.6229676270496548,False,227.48981057984068
2020-07-25 00:30:00,19785.47167,1133812.95416,2.3283064365386963e-10,-0.9997318961451676,79.83298606095538,-0.42981540006130137,-0.34526113110093515,0.5513134560111459,False,231.2258630752
2020-07-25 01:00:00,20543.97218,1134355.66888,4.656754979456206e-10,-1.0375530925592351,79.8279859138252,-0.4144602874365297,-0.29446099401463005,0.5084138145822307,False,234.6074040968654
2020-07-25 01:30:00,21296.47934,1134845.82217,2.3283064365386963e-10,-1.0750845228956427,79.82345482826105,-0.42148123653929237,-0.2501929615342679,0.49014584641306363,False,239.30646127872035
2020-07-25 02:00:00,22077.93696,1135227.73579,2.3285906362878826e-10,-1.114149278396013,79.81988732622668,-0.4241776408700475,-0.19952961659779597,0.46876298799472477,False,244.80809887007706
2020-07-25 02:30:00,22837.19715,1135534.3007,4.656612873077393e-10,-1.1521436579521667,79.8169964347525,-0.41820034864413014,-0.1636654652731016,0.4490856445369111,False,248.62678164228245
2020-07-25 03:00:00,23595.001,1135786.54031,0.0,-1.1900999883449879,79.8145896730209,-0.41158952925957265,-0.1386436913433485,0.4343132668310125,False,251.38393195517682
2020-07-25 03:30:00,24328.96633,1136002.53544,7.275957614183426e-12,-1.2268758131304924,79.81250883022639,-0.3973905906031674,-0.1119165735824047,0.4128493683443878,False,254.27125968788152
2020-07-25 04:00:00,25033.9058,1136158.71635,3.637978807091713e-12,-1.2622401041450242,79.81096721076077,-0.368516650883804,-0.057453177625955934,0.37296834932462447,False,261.13870017438524
2020-07-25 04:30:00,25659.86053,1136180.09241,2.3285906362878826e-10,-1.2937665761831305,79.81064952952491,-0.3296151546686891,-0.0032456404812171522,0.32963113379867076,False,269.43584058889485
2020-07-25 05:00:00,26220.48167,1136143.60562,7.275957614183426e-12,-1.3220655324249724,79.81086245317051,-0.3035940969507703,0.033763797938696126,0.3054658242006768,False,276.3459932706753
2020-07-25 05:30:00,26749.7039,1136033.35843,4.656612873077393e-10,-1.3488705815309157,79.81174255730406,-0.2771523716828411,0.0683117632685404,0.2854469024709864,False,283.8461224613718
2020-07-25 06:00:00,27212.1647,1135874.26436,1.4551915228366852e-11,-1.372373735539208,79.81307389222287,-0.24951901796892204,0.06129374729310688,0.25693708137481147,False,283.8012989597853
2020-07-25 06:30:00,27642.42992,1135791.25057,2.3285906362878826e-10,-1.3941663809375275,79.81372669124661,-0.22948402187057035,0.0070386083967603225,0.2295919386695782,False,271.7567940536636
2020-07-25 07:00:00,28037.44611,1135828.8325,1.0913936421275139e-11,-1.414034512358236,79.81330184915052,-0.24132777066493896,-0.08070037506104194,0.2544634422252089,False,251.5099861409278
2020-07-25 07:30:00,28518.11454,1136060.24452,2.3283064365386963e-10,-1.4379734961163664,79.81111422779492,-0.269685408818408,-0.14946467375854156,0.308334085743531,False,241.00396388793288
2020-07-25 08:00:00,29021.51063,1136342.37221,1.0913936421275139e-11,-1.4629822202977825,79.80846374761981,-0.27335319603224373,-0.18375252871456743,0.3293735896972315,False,236.09035458674154
2020-07-25 08:30:00,29518.75431,1136696.41358,3.637978807091713e-12,-1.4875739704490176,79.80516636312298,-0.2812399548823606,-0.21702255233916284,0.35523893430483783,False,232.34394882411834
2020-07-25 09:00:00,30053.91542,1137097.10638,2.3283064365386963e-10,-1.5139970913414194,79.80143876697869,-0.2931366329910679,-0.23398548001616556,0.37507104721603807,False,231.40267657934746
2020-07-25 09:30:00,30595.93359,1137510.58521,0.0,-1.5407287836418904,79.79759240411262,-0.3142535160427002,-0.27682372743901174,0.4187918915385396,False,228.62339986814354
2020-07-25 10:00:00,31211.61427,1138062.89328,0.0,-1.5709550252990878,79.79247784813369,-0.34822712220853164,-0.31909088464760715,0.4723146422744357,False,227.50004320485732
2020-07-25 10:30:00,31880.57229,1138624.51283,0.0,-1.6038168110667124,79.78726333550283,-0.37089259320797435,-0.3407638005094931,0.5036678304539705,False,227.42423511810225
2020-07-25 11:00:00,32580.63909,1139251.79213,2.3283064365386963e-10,-1.6381141258383385,79.7814472962008,-0.37713519991587474,-0.3594329024484041,0.5209826968125436,False,226.3767521481777
2020-07-25 11:30:00,33274.69401,1139879.13083,0.0,-1.67207050484862,79.7756286041028,-0.3987414901331323,-0.3779199427017423,0.5493798859125433,False,226.5356770065466
2020-07-25 12:00:00,34055.1956,1140569.83907,7.275957614183426e-12,-1.7102323611218546,79.76921356993223,-0.42265019350730054,-0.3811565117748611,0.5691339671291272,False,227.95506921830122
2020-07-25 12:30:00,34836.50881,1141205.27303,7.275957614183426e-12,-1.7484718492758107,79.76329051332065,-0.42054026293674407,-0.3576313885441588,0.5520455803852875,False,229.6218485702948
2020-07-25 13:00:00,35607.71885,1141810.51936,7.275957614183426e-12,-1.7862079454869302,79.7576370003919,-0.40658115565272,-0.3215913911964747,0.5183910290732135,False,231.6572429679797
2020-07-25 13:30:00,36335.57635,1142316.81597,2.3283064365386963e-10,-1.821888137139944,79.75288069829847,-0.38426429324053246,-0.2786591581756052,0.4746682773208916,False,234.05128719389984
2020-07-25 14:00:00,37022.26447,1142769.20489,2.3283064365386963e-10,-1.8555608967816024,79.74861686438392,-0.37070486345683706,-0.24394588609695006,0.4437698628052364,False,236.65270148000235
2020-07-25 14:30:00,37697.85034,1143151.34835,2.3283064365386963e-10,-1.8887658816291086,79.74498405367702,-0.35280688474460115,-0.20080101079139562,0.4059479570807525,False,240.35351254858372
2020-07-25 15:00:00,38315.50488,1143449.83413,7.275957614183426e-12,-1.9191883628641688,79.74211705747057,-0.3237677352637707,-0.17615355333660382,0.36858597470731685,False,241.45054499039304
2020-07-25 15:30:00,38883.99808,1143746.11081,1.4551915228366852e-11,-1.9471377634946279,79.73928203748416,-0.284560152424821,-0.1744267570555078,0.33376514785839834,False,238.49296386778283
2020-07-25 16:00:00,39360.66559,1144042.60085,1.4551915228366852e-11,-1.9704780421149577,79.73647107010108,-0.2484722717467658,-0.18200261037658666,0.3079990584577983,False,233.77772315731934
2020-07-25 16:30:00,39800.4984,1144370.17578,1.4551915228366852e-11,-1.991909465735105,79.73339056151488,-0.2066834240419289,-0.18766064723755704,0.27916761326363526,False,227.7617521431549
2020-07-25 17:00:00,40127.75832,1144691.90863,0.0,-2.0077106068352593,79.73039661769994,-0.16151345744149417,-0.19613105316619675,0.254074766458196,False,219.47137476216028
2020-07-25 17:30:00,40406.32642,1145055.44367,7.275957614183426e-12,-2.0209953668209204,79.72704168170313,-0.13679517332325206,-0.22125554777351594,0.2601286928908404,False,211.72716572922144
2020-07-25 18:00:00,40648.00446,1145470.5661,1.4551915228366852e-11,-2.032337041669826,79.72323436795396,-0.11171927782243501,-0.2499347295073538,0.27376735753387493,False,204.0843478663048
2020-07-25 18:30:00,40840.17168,1145940.37966,7.275957614183426e-12,-2.0411005429175786,79.71895103038244,-0.09040460316803006,-0.27090312528490923,0.28558973294413126,False,198.45465939570866
2020-07-25 19:00:00,41007.98947,1146433.607,0.0,-2.0485995717393664,79.71446486085577,-0.08114025248680921,-0.2905792164818948,0.30169524627487093,False,195.6016604234735
2020-07-25 19:30:00,41169.4845,1146975.35432,7.275957614183426e-12,-2.0556897379146406,79.70954451920795,-0.07673213247711824,-0.31835700342826295,0.32747366579056253,False,193.55127310128762
2020-07-25 20:00:00,41325.15843,1147569.04582,7.275957614183426e-12,-2.062389597611905,79.70415909365083,-0.07262783792205446,-0.347230662604946,0.35474488846818086,False,191.81384526275565
2020-07-25 20:30:00,41475.76109,1148215.16562,7.275957614183426e-12,-2.068735352738612,79.69830400837665,-0.07765906064978448,-0.3714795108471012,0.3795101535930343,False,191.80782471885078
2020-07-25 21:00:00,41652.82417,1148895.40832,7.275957614183426e-12,-2.076330200843087,79.69213350777513,-0.09249012394585993,-0.38813698838158933,0.3990046926759766,False,193.40319190045284
2020-07-25 21:30:00,41859.13207,1149599.47779,7.275957614183426e-12,-2.0853284610414735,79.6857391109428,-0.1130333193296575,-0.4064861080298306,0.4219093354026662,False,195.539879553445
2020-07-25 22:00:00,42112.72274,1150342.98227,2.3283064365386963e-10,-2.09659576286756,79.67897450023584,-0.13655794597848794,-0.41699621208484466,0.43878686569104636,False,198.1325897917946
2020-07-25 22:30:00,42405.33148,1151081.67404,4.656612873077393e-10,-2.109796670360501,79.672239788448,-0.16287188497714855,-0.415624272306629,0.4463975656815619,False,201.3988663712222
2020-07-25 23:00:00,42753.74777,1151816.62955,7.275957614183426e-12,-2.125759569360171,79.66551946121507,-0.192150996506648,-0.40779668816022135,0.45079945023584783,False,205.2294911981317
2020-07-25 23:30:00,43151.05406,1152523.07298,1.4551915228366852e-11,-2.144181801485823,79.65903806923941,-0.21445842568585075,-0.39234047637162295,0.4471280194163251,False,208.66159201233495
2020-07-26 00:00:00,43578.10246,1153199.18062,0.0,-2.1641134623483507,79.65281807725619,-0.22908958103088897,-0.3759718868749773,0.4402691175374886,False,211.35505292639593
2020-07-26 00:30:00,44026.29905,1153844.4633,1.4551915228366852e-11,-2.1851281493837718,79.64686654468267,-0.23923761403243812,-0.3556855662628181,0.42865704008640215,False,213.92516532489324
2020-07-26 01:00:00,44487.55385,1154445.87924,2.3283064365386963e-10,-2.20684962847511,79.6413032524643,-0.24371535803769545,-0.32986407203594675,0.41013105437601083,False,216.45831261730171
2020-07-26 01:30:00,44948.7514,1154997.30788,2.332849477807962e-10,-2.2286413705043,79.63618764382962,-0.24062128394728402,-0.29837228888501,0.3833074810943811,False,218.88431844884207
2020-07-26 02:00:00,45394.90569,1155485.52138,1.4551915228366852e-11,-2.2497898773117537,79.6316438617337,-0.23156556134688397,-0.26426468704005207,0.3513665237587015,False,221.22690854336898
2020-07-26 02:30:00,45819.09129,1155915.20209,0.0,-2.2699475583846227,79.62763243239877,-0.2195987708914219,-0.23322170861602814,0.320337299649608,False,223.2767972845551
2020-07-26 03:00:00,46218.09547,1156293.14862,0.0,-2.288946270423446,79.62409361337856,-0.2031166414089472,-0.201760536177614,0.28629300371460203,False,225.19190712659255
2020-07-26 03:30:00,46578.737,1156611.75628,4.657181272575765e-10,-2.3061530274855278,79.62110071956405,-0.17546832629503084,-0.16828762258629681,0.2431251888400856,False,226.19667511796231
2020-07-26 04:00:00,46873.6481,1156873.07491,4.656612873077393e-10,-2.320214769339374,79.61864559516887,-0.13708881433408635,-0.13763544568682182,0.19425977176177184,False,224.88599613253467
2020-07-26 04:30:00,47091.91161,1157086.85786,2.332849477807962e-10,-2.330576578589455,79.61664501845135,-0.09541849849776313,-0.11827249523148681,0.15196405161698504,False,218.8954887590138
2020-07-26 05:00:00,47234.18495,1157284.535,7.275957614183426e-12,-2.3372110334835026,79.61481670527961,-0.052335835798291624,-0.1114971756092192,0.12316923267414963,False,205.1449653714581
2020-07-26 05:30:00,47296.53285,1157480.23033,0.0,-2.3398974297630946,79.6130354269413,-0.011178365132234774,-0.11547610741874455,0.11601589215109709,False,185.52914165216174
2020-07-26 06:00:00,47291.3661,1157698.25938,2.329443027495599e-10,-2.339201964888617,79.61107824465415,0.0252501331352042,-0.13152589663688807,0.13392770702689905,False,169.1326674378089
2020-07-26 06:30:00,47225.03395,1157957.03914,4.657181272575765e-10,-2.3354031205911867,79.6087773235364,0.05349100578064487,-0.15435110179553088,0.16335712511218883,False,160.8860319829693
2020-07-26 07:00:00,47121.60128,1158261.30879,2.3283064365386963e-10,-2.329682263534575,79.6060811704438,0.074049364055266,-0.1843856723620438,0.19869923122496547,False,158.11958459956065
2020-07-26 07:30:00,46985.65919,1158631.11515,7.275957614183426e-12,-2.322228065710681,79.6028078725876,0.08956400380007633,-0.2225911398943576,0.2399344209074004,False,158.08162354509335
2020-07-26 08:00:00,46831.90502,1159075.0435,2.329443027495599e-10,-2.3137516218345775,79.59887482220711,0.09728311928537317,-0.2670927977659014,0.28425792498417496,False,159.9868757830655
2020-07-26 08:30:00,46674.54416,1159606.00423,7.275957614183426e-12,-2.3049308174673473,79.59416078313151,0.09619642554106225,-0.3137467059730995,0.32816268495343537,False,162.95417911530188
2020-07-26 09:00:00,46531.30358,1160217.54552,0.0,-2.2966548679559793,79.58871730455222,0.0858716265281176,-0.3568165921438497,0.3670041098839833,False,166.46849431245278
2020-07-26 09:30:00,46417.13057,1160901.90036,7.275957614183426e-12,-2.289676492012931,79.58260884336377,0.06890413482778741,-0.39409593157319905,0.4000742219625172,False,170.08259292013008
2020-07-26 10:00:00,46340.12811,1161645.06839,7.275957614183426e-12,-2.284421272702907,79.57595837852368,0.04499875467439693,-0.42656976636028865,0.4289366544082212,False,173.9781516377035
2020-07-26 10:30:00,46316.47502,1162442.78825,2.332849477807962e-10,-2.281691269437616,79.56879848833562,0.01865908743224,-0.4547424916434319,0.4551251424057791,False,177.65034585968033
2020-07-26 11:00:00,46338.18462,1163283.51775,7.275957614183426e-12,-2.281111564593342,79.561235808287,-0.006564664283339305,-0.4746821663023444,0.4747275574712716,False,180.79232717741212
2020-07-26 11:30:00,46408.10563,1164149.34926,7.275957614183426e-12,-2.2828526279242807,79.5534302437794,-0.03258348513893898,-0.4826624469356304,0.48376101660395254,False,183.86205290445412
2020-07-26 12:00:00,46524.60486,1165015.05114,4.656612873077393e-10,-2.286878439750341,79.5456090751863,-0.05705203862388389,-0.4795070134713442,0.4828891291790995,False,186.78518905682114
2020-07-26 12:30:00,46682.21089,1165866.00411,0.0,-2.292944138806884,79.53790555567959,-0.07643513129465994,-0.46752492354982367,0.4737318687150996,False,189.28507920213133
2020-07-26 13:00:00,46866.88932,1166685.7842,7.275957614183426e-12,-2.3003896810246895,79.53047222620448,-0.08979043502515455,-0.4464265293330658,0.4553668502585286,False,191.37225529105763
2020-07-26 13:30:00,47069.70411,1167458.86984,7.275957614183426e-12,-2.308805535541636,79.52345171219731,-0.10241651853271647,-0.4224486617947136,0.4346861110278387,False,193.62759970987327
2020-07-26 14:00:00,47296.55606,1168190.51162,7.275957614183426e-12,-2.3184692827902773,79.51679461233797,-0.10045746713870239,-0.387128016988836,0.3999497521459814,False,194.54706656622955
2020-07-26 14:30:00,47487.43394,1168836.75984,0.0,-2.326530180720213,79.51091768312378,-0.08861732239931919,-0.34708345140030467,0.3582177439284276,False,194.32276197308977
2020-07-26 15:00:00,47666.03824,1169426.03155,0.0,-2.334095353199571,79.50555701796637,-0.07620848568478882,-0.3099915261633385,0.31922167780939387,False,193.81172443199188
2020-07-26 15:30:00,47807.00627,1169940.63015,7.275957614183426e-12,-2.3399620219454804,79.5008810016104,-0.04711255137495136,-0.2737072380658427,0.277732325570304,False,189.76647820083218
2020-07-26 16:00:00,47875.73239,1170403.63123,0.0,-2.342396179553828,79.49669509976488,-0.011999333513805669,-0.24534335674306476,0.2456366151507757,False,182.800009670677
2020-07-26 16:30:00,47886.26664,1170821.36269,0.0,-2.342076025759462,79.49293737047229,0.022440100406342284,-0.22219492685950437,0.2233251970296841,False,174.23308915127632
2020-07-26 17:00:00,47827.70394,1171206.16607,7.275957614183426e-12,-2.338447255389023,79.48950090626144,0.057874189457685174,-0.21007944712223656,0.21790547470994992,False,164.59780242724173
2020-07-26 17:30:00,47708.95125,1171585.51993,1.4551915228366852e-11,-2.331893017284342,79.48613540112753,0.09299408858177756,-0.20250091891990707,0.2228329479106765,False,155.33408864813418
2020-07-26 18:00:00,47522.86412,1171948.18716,0.0,-2.322089509110165,79.48294425699721,0.12994868192640355,-0.2006831698501589,0.239082401266838,False,147.07566983153367
2020-07-26 18:30:00,47270.79204,1172326.34057,7.275957614183426e-12,-2.3090417406500774,79.47963755426089,0.16041536907810414,-0.21077080698543868,0.26487246688502264,False,142.72563157640923
2020-07-26 19:00:00,46976.40833,1172729.61296,0.0,-2.293889126799905,79.47611979601726,0.17550478768289604,-0.22582038839438465,0.28600136068594,False,142.14609438020398
2020-07-26 19:30:00,46672.01974,1173163.93115,7.275957614183426e-12,-2.2781985173872012,79.47232586208621,0.20364368143544911,-0.2579134689436854,0.32861848160313206,False,141.70603452601512
2020-07-26 20:00:00,46280.77943,1173686.51014,7.275957614183426e-12,-2.2581159756718026,79.46776873118499,0.2286612413151532,-0.2896038910894055,0.36899373573803523,False,141.7065961422801
2020-07-26 20:30:00,45890.55733,1174238.12999,7.275957614183426e-12,-2.2380450672754417,79.46294893203593,0.2235269280868563,-0.3168337204671477,0.3877472037358894,False,144.7969421938638
2020-07-26 21:00:00,45521.2383,1174857.66597,0.0,-2.218882248220432,79.45751015306497,0.2099758337878645,-0.3525284064431736,0.41032441814285475,False,149.2207825716544
2020-07-26 21:30:00,45184.34709,1175535.54747,0.0,-2.201208266943556,79.4515345871621,0.19531201441379595,-0.374127889297558,0.42204082803044146,False,152.43336430155
2020-07-26 22:00:00,44870.36528,1176230.53871,0.0,-2.1846368344757474,79.44539635536755,0.17712369938373038,-0.3844905981398711,0.4233270897796808,False,155.2658428847899
2020-07-26 22:30:00,44599.92946,1176943.01453,0.0,-2.1701692932173704,79.43908523417204,0.15386172288862404,-0.3949346306171373,0.423847604960734,False,158.71471747475118
2020-07-26 23:00:00,44370.69909,1177672.25856,2.329443027495599e-10,-2.1576901929470456,79.43260874515694,0.12931699882129355,-0.4046952357023767,0.4248542338077245,False,162.2791516917684
2020-07-26 23:30:00,44189.57058,1178416.412,2.329443027495599e-10,-2.1475346970176816,79.42598150744494,0.1028747024358413,-0.40433771694210885,0.4172195989442728,False,165.7252424492492
2020-07-27 00:00:00,44055.15624,1179140.72999,2.329443027495599e-10,-2.1396945395432203,79.41951650341473,0.07692321102154721,-0.39062157982193974,0.39812359766340594,False,168.85956749786175
2020-07-27 00:30:00,43965.34344,1179832.00844,4.657181272575765e-10,-2.134086541852164,79.41333329995507,0.0560088657420029,-0.36964890042173604,0.3738680283531934,False,171.38413111085384
2020-07-27 01:00:00,43903.21842,1180478.05147,2.332849477807962e-10,-2.12990856000282,79.40754729771595,0.03985111262821248,-0.3415089076412195,0.34382618454097624,False,173.34418347885668
2020-07-27 01:30:00,43867.67083,1181065.92302,2.329443027495599e-10,-2.127127276654196,79.40227520485496,0.024639325535846544,-0.3009873915765917,0.30199421559185863,False,175.32010797268651
2020-07-27 02:00:00,43854.7961,1181564.15176,2.3283064365386963e-10,-2.1256077014316705,79.3978012449554,0.018101319600542808,-0.2541897140351801,0.2548334132184546,False,175.92673764361712
2020-07-27 02:30:00,43836.49166,1181982.79332,4.658886054991198e-10,-2.1239694560255535,79.39404443302271,0.03142585691721209,-0.21348743130211761,0.21578801590208263,False,171.62606325845104
2020-07-27 03:00:00,43770.22474,1182336.37141,0.0,-2.1201279839460536,79.39088838837883,0.04778669398172486,-0.17825293865273634,0.18454722501310933,False,164.99281378071674
2020-07-27 03:30:00,43688.31726,1182630.42891,0.0,-2.115638486688146,79.38827248286503,0.05916482042417364,-0.1461178527032208,0.15764169135867848,False,157.95640158208022
2020-07-27 04:00:00,43576.79553,1182869.90008,0.0,-2.109816023675852,79.38615696791963,0.08045778009758445,-0.1192492703714572,0.14385354657552296,False,145.99236195808322
2020-07-27 04:30:00,43414.67015,1183070.09863,7.275957614183426e-12,-2.101618232509852,79.3844110467831,0.10832276529984002,-0.08935936549832438,0.14042406376567854,False,129.52045460032366
2020-07-27 05:00:00,43198.89301,1183205.67807,2.332849477807962e-10,-2.0909427765821764,79.38326336371088,0.1304684854101796,-0.05729863164959591,0.14249617143678747,False,113.70992993373352
2020-07-27 05:30:00,42952.82243,1183293.37322,0.0,-2.078888834856168,79.38255561802632,0.14587720286632627,-0.03631940622521662,0.15033049452674468,False,103.98081960174176
2020-07-27 06:00:00,42678.82374,1183355.39224,2.3283064365386963e-10,-2.065530835063443,79.3820872561659,0.165822760586926,-0.03566581133909006,0.16961496993822373,False,102.13847656094254
2020-07-27 06:30:00,42360.87611,1183443.20272,7.275957614183426e-12,-2.050004285538536,79.38140062587875,0.19205498704553967,-0.0473468013988816,0.1978050496113978,False,103.84882524291959
2020-07-27 07:00:00,41993.96552,1183550.46411,7.275957614183426e-12,-2.032079014160265,79.38055399375831,0.21350887691360826,-0.06456502042637957,0.2230575763868359,False,106.82530087411783
2020-07-27 07:30:00,41600.96941,1183702.74557,0.0,-2.0128189706094397,79.37930986983669,0.23271109132640844,-0.08982809401481431,0.24944646419755548,False,111.10693387438977
2020-07-27 08:00:00,41168.08064,1183903.07044,0.0,-1.991554294472867,79.37764514134184,0.25513290641605724,-0.11090739534244606,0.27819642391294364,False,113.49479663130882
2020-07-27 08:30:00,40696.92113,1184133.69015,7.275957614183426e-12,-1.9683963060011131,79.3757184395456,0.27203083368455894,-0.1385897065655194,0.30529965810828047,False,116.99716966530849
2020-07-27 09:00:00,40206.48463,1184435.33659,7.275957614183426e-12,-1.9441987029127017,79.37315737801366,0.27235935763558117,-0.17179892710767206,0.32201629003361554,False,122.24292301500333
2020-07-27 09:30:00,39737.97439,1184785.07464,2.3283064365386963e-10,-1.9209940067486733,79.37015547035183,0.2606849926263563,-0.20302158329165954,0.33041553937860685,False,127.91147377182688
2020-07-27 10:00:00,39293.04611,1185197.26222,0.0,-1.8988412194141586,79.36658336699467,0.24694599413853108,-0.235907596010256,0.3415182540895956,False,133.69040326847892
2020-07-27 10:30:00,38877.59742,1185663.33281,2.3283064365386963e-10,-1.8780410788151114,79.36251656312075,0.220548694499148,-0.2641563187403684,0.3441224889130927,False,140.14090872010445
2020-07-27 11:00:00,38530.66237,1186173.73442,0.0,-1.8604933608627587,79.3580298067982,0.1794022863778779,-0.2860951604965652,0.33769160667266446,False,147.90932370880677
2020-07-27 11:30:00,38265.5278,1186713.70057,4.656612873077393e-10,-1.846859826550703,79.35325255156287,0.13586400966289727,-0.3008882864515633,0.3301405610424715,False,155.69877588962356
2020-07-27 12:00:00,38076.71553,1187272.13272,0.0,-1.8368894015021053,79.3482866725983,0.09414685225048698,-0.3067925090210739,0.3209131866722225,False,162.94007601057626
2020-07-27 12:30:00,37962.17574,1187828.45017,0.0,-1.8305104297237451,79.34331814113864,0.049700266600726455,-0.29864938030773847,0.3027566165393904,False,170.55160915167806
2020-07-27 13:00:00,37932.229,1188352.43711,0.0,-1.8282614458836983,79.3386158731629,0.006849245938774099,-0.26940473612339755,0.26949178840114457,False,178.54364710706147
2020-07-27 13:30:00,37968.4731,1188798.60017,0.0,-1.8293208098322187,79.33459425509515,-0.013974322126744636,-0.23285040442813112,0.2332693561555959,False,183.43443893123265
2020-07-27 14:00:00,38009.27011,1189188.66542,2.3283064365386963e-10,-1.830684801658752,79.33107565849028,-0.026291895670138867,-0.1966743944685115,0.19842399355290966,False,187.61429047959234
2020-07-27 14:30:00,38085.6943,1189503.24289,0.0,-1.833878410169679,79.32822546838311,-0.04045065429249076,-0.15751846517958185,0.1626294017243553,False,194.40231582214
2020-07-27 15:00:00,38172.965,1189750.78128,2.3283064365386963e-10,-1.8376955683682337,79.32597482512526,-0.04819659710161257,-0.11309215333150376,0.1229339136175674,False,203.08229716171286
2020-07-27 15:30:00,38272.16885,1189904.60114,0.0,-1.8422300685999347,79.3245632561947,-0.05303203009617491,-0.058824526005293844,0.07920051184095399,False,222.03558392086052
2020-07-27 16:00:00,38370.58944,1189956.30268,2.329443027495599e-10,-1.8468840728465405,79.32406993802564,-0.033442736993212464,-0.001992351226184941,0.03350203159519825,False,266.5906333209089
2020-07-27 16:30:00,38392.73132,1189907.88975,0.0,-1.8480242189443568,79.32449877205826,0.010992323870206731,0.04483398844801448,0.04616186417622464,False,13.775941019211473
2020-07-27 17:00:00,38325.83267,1189796.26042,7.275957614183426e-12,-1.8449792609407014,79.3255217620127,0.058885381635262614,0.07655986908465608,0.09658623983047586,False,37.56538280728148
2020-07-27 17:30:00,38171.98029,1189639.24212,7.275957614183426e-12,-1.8378203732259482,79.32697790212472,0.09959176194960383,0.09472235860429426,0.1374439677388101,False,46.43549980147486
2020-07-27 18:00:00,37956.55069,1189466.93359,0.0,-1.8277199457292341,79.32858902069863,0.14010378471478974,0.09462461955323297,0.16906474829781112,False,55.96532298208865
2020-07-27 18:30:00,37656.99851,1189314.85345,0.0,-1.8135370083606914,79.33004191304738,0.18891483390487432,0.07961660201884618,0.20500638474528934,False,67.14740997267131
2020-07-27 19:00:00,37267.72731,1189201.98024,0.0,-1.7949725237495793,79.33116696062086,0.23905125604105654,0.056879614931769226,0.2457250365949573,False,76.61597450830595
2020-07-27 19:30:00,36790.42235,1189137.14345,2.332849477807962e-10,-1.7720947899856903,79.33188351638985,0.2701238690460343,0.027365095117234742,0.27150645122938494,False,84.21534451297697
2020-07-27 20:00:00,36292.70001,1189133.58489,7.275957614183426e-12,-1.7481410613480612,79.33205302366194,0.2788579109317616,-0.0054042107764602325,0.2789102722800698,False,91.11024181619729
2020-07-27 20:30:00,35787.5946,1189187.21426,0.0,-1.723748313105564,79.331708480957,0.2882879484595204,-0.03819994427445787,0.2908078007371377,False,97.54807560466242
2020-07-27 21:00:00,35259.46971,1189302.26115,7.275957614183426e-12,-1.6981614227078559,79.33081592348087,0.29239380424250283,-0.07331521568359681,0.30144528128689524,False,104.07621383282088
2020-07-27 21:30:00,34743.26069,1189482.22657,1.4551915228366852e-11,-1.6730610545965516,79.32933440231979,0.2819928234690349,-0.10809021421117045,0.3019990842639345,False,110.97224719573802
2020-07-27 22:00:00,34256.08931,1189720.85934,7.275957614183426e-12,-1.649283685517814,79.32731580950839,0.26173612588848383,-0.1423427691708983,0.2979383552521425,False,118.53914920704091
2020-07-27 22:30:00,33816.14958,1190021.56758,0.0,-1.6277027608261063,79.32472515761494,0.23894916111418382,-0.17812016589407975,0.2980327080964549,False,126.70199614121071
2020-07-27 23:00:00,33414.43361,1190386.26762,0.0,-1.6078843250942454,79.32154794860637,0.22364080672554237,-0.21309687366030242,0.3089101616921112,False,133.61700613588903
2020-07-27 23:30:00,33032.88525,1190811.00492,4.656612873077393e-10,-1.588967236764831,79.31782458160426,0.20094126996548992,-0.23973783454649591,0.31281244107034323,False,140.03124151179816
2020-07-28 00:00:00,32715.25502,1191269.05091,3.637978807091713e-12,-1.5730913351625648,79.31378475991373,0.15996232591795687,-0.25072564425827104,0.2974076233081589,False,147.46222758250627
2020-07-28 00:30:00,32482.01658,1191729.08579,3.637978807091713e-12,-1.5612791707402143,79.30970556109406,0.12488809206694432,-0.24795649007763282,0.2776318722908823,False,153.26700373472232
2020-07-28 01:00:00,32290.14584,1192173.61265,4.656612873077393e-10,-1.5514828089614758,79.30575527172138,0.0926467016493426,-0.24622540446566107,0.26307862157685996,False,159.3802951949565
2020-07-28 01:30:00,32172.61047,1192624.20262,2.3285906362878826e-10,-1.5452544373471,79.30173212442392,0.05778812367161818,-0.24423268543964735,0.2509762376691227,False,166.688011045527
2020-07-28 02:00:00,32105.89422,1193058.14061,2.3285906362878826e-10,-1.5414909935499606,79.29784628495375,0.02784674690964182,-0.23112127625229648,0.23279279552842694,False,173.12980976024699
2020-07-28 02:30:00,32094.78095,1193458.63487,0.0,-1.540440815776262,79.2942476825442,-0.012334865829899934,-0.20813522082481,0.2085004054260664,False,183.39159366279648
2020-07-28 03:00:00,32170.42641,1193805.96288,0.0,-1.5436207691572223,79.29110614979457,-0.04036241279407314,-0.16679185788425263,0.17160608445809805,False,193.60363969348396
2020-07-28 03:30:00,32256.20785,1194054.95344,0.0,-1.5474122017006011,79.28884637871616,-0.05608435168009397,-0.1163507578173416,0.12916250751687247,False,205.73537995985575
2020-07-28 04:00:00,32383.56748,1194219.22062,3.637978807091713e-12,-1.5533053935466408,79.28733826905916,-0.06227745295582839,-0.058578447983355375,0.0854980450934645,False,226.75308966972466
2020-07-28 04:30:00,32486.04068,1194259.68101,3.637978807091713e-12,-1.5581654234892282,79.2869494181724,-0.04732776696934395,-0.0029691317261543635,0.047420810510911564,False,266.4102244435139
2020-07-28 05:00:00,32554.17509,1194225.27261,2.3283064365386963e-10,-1.5614767828294034,79.28724213866349,-0.023997103062878646,0.03379233006644043,0.041446140070333135,False,324.620120853144
2020-07-28 05:30:00,32569.0832,1194135.71972,2.3283064365386963e-10,-1.562308600058887,79.28804375134335,0.009065345073468564,0.06968811897368177,0.07027527593251474,False,7.411673885813002
2020-07-28 06:00:00,32514.71205,1193975.37841,4.656754979456206e-10,-1.559911107919003,79.28949887887077,0.053750173168148035,0.09250435562247632,0.10698662030709946,False,30.158969075167192
2020-07-28 06:30:00,32366.58886,1193808.09497,1.0913936421275139e-11,-1.5530257860653693,79.29103929924102,0.10357250782349278,0.0908808873107019,0.1377918722393595,False,48.73429502946948
2020-07-28 07:00:00,32133.12096,1193658.43271,2.3285906362878826e-10,-1.5420220917504137,79.29244179710311,0.1509598301941874,0.0759834074795974,0.16900398972943934,False,63.282275173460846
2020-07-28 07:30:00,31815.96928,1193549.27821,2.3283064365386963e-10,-1.5269492466422738,79.29349972949719,0.19663180091245397,0.04946645114625697,0.2027584644819544,False,75.87918274304286
2020-07-28 08:00:00,31420.75254,1193499.27955,1.0913936421275139e-11,-1.5080534997017487,79.29404347700577,0.2320534197535671,0.025956986047985357,0.2335006525558773,False,83.61755108448381
2020-07-28 08:30:00,30978.40708,1193477.85083,3.637978807091713e-12,-1.4868592072974414,79.29434015397891,0.2583566596343453,-0.008837845755364894,0.2585077776296345,False,91.95920587257376
2020-07-28 09:00:00,30491.80728,1193555.2186,0.0,-1.4634194685272743,79.29375711364364,0.2841826501776296,-0.077987425477521,0.294689357111167,False,105.3457307927996
2020-07-28 09:30:00,29962.85334,1193784.64156,0.0,-1.4377674333165937,79.29181447710219,0.2984200460154127,-0.14827684644710953,0.33322747044044965,False,116.4215382225708
2020-07-28 10:00:00,29431.22691,1194115.80291,0.0,-1.4118762627872514,79.28895537540346,0.28548010637704097,-0.20076519144186813,0.3490065231936741,False,125.11697895491398
2020-07-28 10:30:00,28953.24521,1194532.49943,7.275957614183426e-12,-1.3884712289446208,79.28531318915628,0.2556802087317932,-0.24536858690124055,0.35437002211677693,False,133.82101498622745
2020-07-28 11:00:00,28532.45233,1195021.17388,4.657181272575765e-10,-1.3677402479376073,79.28100963908652,0.23226935429342685,-0.2893992457273171,0.3710808218857794,False,141.24977077749867
2020-07-28 11:30:00,28142.1817,1195593.99867,3.637978807091713e-12,-1.348392974901301,79.27594144125241,0.20873216893120178,-0.3414515565283744,0.40019780584402687,False,148.56220927920378
2020-07-28 12:00:00,27810.1504,1196267.74168,0.0,-1.3317397393803914,79.26995225905885,0.17485778385484035,-0.3786341970319358,0.41706006730043677,False,155.21194442219286
2020-07-28 12:30:00,27544.54333,1196971.34362,0.0,-1.3182501020585249,79.26367987782473,0.13985600599811004,-0.3982729031479371,0.4221149224981622,False,160.65095827424705
2020-07-28 13:00:00,27339.78731,1197712.72764,0.0,-1.307644482720282,79.25705460010704,0.09442854420606192,-0.4049718657969496,0.41583525830301926,False,166.8746848214323
2020-07-28 13:30:00,27237.9594,1198436.6204,0.0,-1.3019891548600602,79.2505652221736,0.0490976590293522,-0.3926405113263044,0.3956983083824649,False,172.87245561179373
2020-07-28 14:00:00,27195.19911,1199129.8847,2.3283064365386963e-10,-1.2991945994923597,79.24433912382958,0.026845493083050856,-0.36770669054338123,0.3686853546986075,False,175.8243639027466
2020-07-28 14:30:00,27171.35409,1199762.21542,2.3283064365386963e-10,-1.2973719405508133,79.23865712185558,0.013375381973178557,-0.3463834851609652,0.34664162997999104,False,177.7886579055736
2020-07-28 15:00:00,27175.29356,1200377.6358,7.275957614183426e-12,-1.2968949597734465,79.23312151051074,0.013082095215242026,-0.33760979671710295,0.3378631617305803,False,177.78094700030795
2020-07-28 15:30:00,27151.77884,1200978.36527,7.275957614183426e-12,-1.2951252172561654,79.22772358058681,0.00867140227945174,-0.325842864385836,0.32595822660067714,False,178.4755918593076
2020-07-28 16:00:00,27170.59773,1201551.07602,4.657181272575765e-10,-1.2954050327428632,79.22256900261517,-0.010404339094036142,-0.30460734848600235,0.30478498490518946,False,181.95626617926882
2020-07-28 16:30:00,27214.01559,1202073.8247,2.329443027495599e-10,-1.2969103039591134,79.2178587379713,-0.026299749978984845,-0.2732660361041136,0.27452869310331085,False,185.49734573548346
2020-07-28 17:00:00,27287.51838,1202532.43883,7.275957614183426e-12,-1.2999161769024454,79.2137191177038,-0.03829161401417422,-0.24808057678597276,0.251018366424195,False,188.77444595051827
2020-07-28 17:30:00,27372.09045,1202963.55769,2.329443027495599e-10,-1.3034764649279107,79.20982447271493,-0.033501326739298794,-0.23769339845054938,0.24004268487138883,False,188.02261988223682
2020-07-28 18:00:00,27427.55732,1203385.17012,2.332849477807962e-10,-1.3056594721056904,79.20602124019999,-0.010624020094317274,-0.20870044941263075,0.20897068547525632,False,182.91416012652184
2020-07-28 18:30:00,27427.44667,1203713.81275,4.656754979456206e-10,-1.305297855107519,79.20306552904852,0.02166159819111328,-0.1645621313514754,0.16598168546901035,False,172.50116957496914
2020-07-28 19:00:00,27363.09108,1203979.21647,2.3283064365386963e-10,-1.3019492036959197,79.2006917149995,0.05372717320173788,-0.14581956937803772,0.15540256096295807,False,159.7736965457848
2020-07-28 19:30:00,27246.00636,1204243.02239,0.0,-1.296096267957563,79.19834296930685,0.0991739788055914,-0.15157672874468092,0.18113802132371457,False,146.80398421301476
2020-07-28 20:00:00,27018.49887,1204532.82874,3.637978807091713e-12,-1.2849682214629101,79.19578258289506,0.1285101394036548,-0.1585600749697572,0.2040983912331545,False,140.97584421732722
2020-07-28 20:30:00,26796.28678,1204824.06976,4.656754979456206e-10,-1.2740956150659501,79.19320781945407,0.11740324577494511,-0.17187586603266825,0.20814618767340393,False,145.66418957322884
2020-07-28 21:00:00,26609.70986,1205160.82668,2.330862986803018e-10,-1.264873822156927,79.19021621686012,0.11416026271954184,-0.2017609748164104,0.23181901678478192,False,150.49797889555703
2020-07-28 21:30:00,26401.4435,1205559.30436,2.329443027495599e-10,-1.2545625265668792,79.18667347804427,0.13331301474892351,-0.23669377554532792,0.27165475015789575,False,150.6104873216218
2020-07-28 22:00:00,26148.5543,1206023.22777,2.3285906362878826e-10,-1.2420715195252312,79.18255045742139,0.1404570077073876,-0.2697777022033786,0.3041515734304986,False,152.49672078102247
2020-07-28 22:30:00,25916.96933,1206541.23653,3.637978807091713e-12,-1.230546120203844,79.17793633549161,0.1258195328755443,-0.30742634895145077,0.33217693309837054,False,157.7423223317707
2020-07-28 23:00:00,25719.47605,1207139.43469,0.0,-1.2205669566924002,79.172593978129,0.09898492652439168,-0.3423176580854022,0.3563416825409477,False,163.87219135185637
2020-07-28 23:30:00,25586.95497,1207780.89111,4.656612873077393e-10,-1.2136350880080577,79.16684981991573,0.08499477325597704,-0.3537612124394667,0.3638284031071192,False,166.4901659977125
2020-07-29 00:00:00,25440.53753,1208419.17015,0.0,-1.2060551273888738,79.16113668423651,0.09235787000733087,-0.35596735920884814,0.3677536362490685,False,165.45498253875274
2020-07-29 00:30:00,25281.51304,1209069.08795,3.637978807091713e-12,-1.1978744282917808,79.1553210158469,0.09936247675256622,-0.3601563394364425,0.3736114166117816,False,164.57650760707077
2020-07-29 01:00:00,25110.01586,1209722.92756,0.0,-1.1891081286344674,79.14947214978976,0.07900201556851046,-0.3698293572569807,0.37817333585671875,False,167.9418540059878
2020-07-29 01:30:00,25024.79643,1210406.08904,3.637978807091713e-12,-1.184404963109246,79.14334324105384,0.04101671882595724,-0.3963984308805234,0.3985148519538371,False,174.0924309882014
2020-07-29 02:00:00,24991.88444,1211152.7092,3.637978807091713e-12,-1.1821187415500451,79.13663373315939,0.013311421789895393,-0.41496945049795547,0.4151828980059796,False,178.16269162581438
2020-07-29 02:30:00,25007.70506,1211900.64975,7.275957614183426e-12,-1.182137031250965,79.12990325464587,-0.014990756002875541,-0.4139248681748921,0.4141962327920663,False,182.07412478808146
2020-07-29 03:00:00,25076.58212,1212641.4082,7.275957614183426e-12,-1.1846680786311108,79.12322747895539,-0.03272583420276818,-0.3981086062343793,0.39945142706234904,False,184.6993350892875
2020-07-29 03:30:00,25155.12394,1213331.09862,4.656754979456206e-10,-1.1877021769204656,79.11700919045002,-0.06663811941659223,-0.3549579909903506,0.36115898760419324,False,190.63267457141092
2020-07-29 04:00:00,25342.91484,1213914.00988,2.330862986803018e-10,-1.1959917643280793,79.11173083372591,-0.10014805333883696,-0.3241092993207877,0.339229230010874,False,197.1708714325666
2020-07-29 04:30:00,25539.93226,1214490.11269,2.3283064365386963e-10,-1.2047151790774104,79.10651171994247,-0.10234503857064296,-0.3323976116210942,0.34779689350457715,False,197.11356975484603
2020-07-29 05:00:00,25736.43435,1215102.63039,2.3285906362878826e-10,-1.213369623553027,79.10096487807253,-0.09804262921430809,-0.34893655082746816,0.362448718643927,False,195.69406310736537
2020-07-29 05:30:00,25919.40691,1215738.52856,2.3285906362878826e-10,-1.221354462988038,79.09521004890492,-0.08881671981431363,-0.35144404384999733,0.36249320776562577,False,194.182792978271
2020-07-29 06:00:00,26083.06966,1216360.72623,2.329443027495599e-10,-1.2284355926661064,79.08958193899095,-0.081549201907834,-0.3361083526349387,0.34585993847622337,False,193.638005405843
2020-07-29 06:30:00,26238.85706,1216941.94665,3.637978807091713e-12,-1.2351804207397512,79.08432375051302,-0.10532426527612906,-0.31987368363843516,0.33676753753943994,False,198.22507569154652
2020-07-29 07:00:00,26486.97196,1217503.83047,1.0913936421275139e-11,-1.246281380736619,79.07922128232022,-0.14127287951828146,-0.26915881521243973,0.30398107555232967,False,207.69354868339627
2020-07-29 07:30:00,26768.39425,1217899.6275,3.637978807091713e-12,-1.2591096024276272,79.0756057454661,-0.13729839366063676,-0.20521987957120372,0.24691303706570567,False,213.7837365544584
2020-07-29 08:00:00,26997.36092,1218231.58255,0.0,-1.2695301213819727,79.07257436947467,-0.11525587206183066,-0.1747600241484696,0.2093441713664528,False,213.40522507415557
2020-07-29 08:30:00,27197.15247,1218519.4163,2.3283064365386963e-10,-1.2786200548312976,79.06994535163426,-0.09352757652342168,-0.16558071788239057,0.1901693500667032,False,209.45975162141826
2020-07-29 09:00:00,27347.27769,1218820.01151,3.637978807091713e-12,-1.285358553887122,79.06721129619484,-0.08329019725465032,-0.1891732769011274,0.20669732860448192,False,203.76318417708703
2020-07-29 09:30:00,27512.19836,1219193.54266,2.329443027495599e-10,-1.2927113793634617,79.06381802555839,-0.11823125419661644,-0.20321155764842325,0.23510331054837016,False,210.19142815601998
2020-07-29 10:00:00,27789.30602,1219541.78459,4.656754979456206e-10,-1.3053545853514927,79.06062909107037,-0.16058851433373356,-0.17913442559257123,0.24057808164563993,False,221.87525153899668
2020-07-29 10:30:00,28104.85793,1219825.08925,2.3283064365386963e-10,-1.3198653725600686,79.05801575569342,-0.1819785237751742,-0.17230392323060484,0.2506089086127024,False,226.5642210366387
2020-07-29 11:00:00,28458.54272,1220146.82407,3.637978807091713e-12,-1.336116914686743,79.05504804168221,-0.1889889827193622,-0.18951023985148607,0.2676396207549756,False,224.9210941184295
2020-07-29 11:30:00,28800.94136,1220491.2763,0.0,-1.3518049794316886,79.05187749375618,-0.15373459984449203,-0.17772520866952438,0.23499058914342097,False,220.86022852124097
2020-07-29 12:00:00,29026.92719,1220773.4003,0.0,-1.3620931620062835,79.04929169056399,-0.1188058152086204,-0.14850332042689252,0.1901790154175722,False,218.66055139208999
2020-07-29 12:30:00,29241.22958,1221015.57041,2.3285906362878826e-10,-1.371873464711524,79.04706742123976,-0.10195323698590429,-0.12994426887060284,0.165166508542802,False,218.1174479258642
2020-07-29 13:00:00,29405.05342,1221232.27832,2.3285906362878826e-10,-1.3793117088949165,79.04508279588197,-0.07044007300937637,-0.13981820695096261,0.15655968472294673,False,206.73885445245753
2020-07-29 13:30:00,29506.8565,1221512.66603,0.0,-1.3837675810417187,79.04253868675946,-0.056185000319857514,-0.1288657842861501,0.14058145190823346,False,203.55702175193812
2020-07-29 14:00:00,29618.46354,1221691.17534,2.3283064365386963e-10,-1.3887966349674505,79.04090874151994,-0.08300781206085547,-0.10775598067404692,0.1360207639816652,False,217.6081883910569
2020-07-29 14:30:00,29814.99878,1221893.231,0.0,-1.39777735332365,79.03904830188506,-0.11336137746512039,-0.11542338986052611,0.16178183095664514,False,224.48361331024063
2020-07-29 15:00:00,30036.57911,1222096.62093,2.3283064365386963e-10,-1.407926983352962,79.03717005317388,-0.14800354986379247,-0.09099519098203493,0.17373881418422632,False,238.41606664756895
2020-07-29 15:30:00,30355.69957,1222207.62332,2.330862986803018e-10,-1.4227500631984324,79.03610069939077,-0.18772506300321062,-0.06116181503724717,0.19743724800100368,False,251.95411746135096
2020-07-29 16:00:00,30717.64793,1222299.95581,2.3285906362878826e-10,-1.439598518053225,79.03518886309189,-0.200234077571656,-0.0858848431903212,0.21787586399323358,False,246.78443201948588
2020-07-29 16:30:00,31084.08242,1222498.60137,2.329443027495599e-10,-1.4565276944357377,79.03331880883705,-0.21622696990486578,-0.11931522546193361,0.2469619920985247,False,241.10984569937054
2020-07-29 17:00:00,31506.73163,1222709.56567,7.275957614183426e-12,-1.4760687363822065,79.03132397273849,-0.2242831958563331,-0.09395487690030677,0.24316757768436578,False,247.27061499446134
2020-07-29 17:30:00,31899.9468,1222815.92804,1.0913936421275139e-11,-1.4943523606153264,79.03027559900195,-0.1789403811771312,-0.03815283175749816,0.18296256061537008,False,257.9638919991376
2020-07-29 18:00:00,32154.27979,1222830.06982,2.329443027495599e-10,-1.5062437057825764,79.03008848765937,-0.12950522361525907,0.0036376809844831486,0.12955630307547034,False,271.6089619599136
2020-07-29 18:30:00,32365.66028,1222790.58194,2.3285906362878826e-10,-1.5161900017768923,79.03039349836878,-0.07367480747626211,0.022202942001012173,0.07694769580802661,False,286.77092108115573
2020-07-29 19:00:00,32417.30132,1222743.1494,2.3285906362878826e-10,-1.5186669094426908,79.0308078188688,-0.013011759492377659,0.008073626121346772,0.015313044237994384,False,301.8190590229327
2020-07-29 19:30:00,32411.71586,1222760.28565,3.637978807091713e-12,-1.5183840979861511,79.03065502138288,0.013517042361391125,-0.020032621767653386,0.02416643062360477,False,145.99043098096945
2020-07-29 20:00:00,32370.568,1222816.53093,3.637978807091713e-12,-1.51638763528755,79.03015893554559,0.03256451171438441,-0.03719989382506373,0.04943965537695721,False,138.80133721828787
2020-07-29 20:30:00,32298.06857,1222897.26067,2.3283064365386963e-10,-1.5128931718558747,79.02945006513256,0.04374145446031332,-0.0449990121235788,0.06275528607537101,False,135.811894806088
2020-07-29 21:00:00,32217.43067,1222982.62839,7.275957614183426e-12,-1.5090124205164717,79.02870136609899,0.04637730225525813,-0.06215363258522262,0.07754952100441638,False,143.27072940625214
2020-07-29 21:30:00,32137.06054,1223125.33286,0.0,-1.5050742077643866,79.02743684196525,0.04842732275943578,-0.12033037179081238,0.12970969109886007,False,158.077530783949
2020-07-29 22:00:00,32054.53038,1223420.24736,2.330862986803018e-10,-1.5008491332259362,79.0248037272016,0.054018424860661204,-0.18307277048347775,0.19087595321811238,False,163.5604981123946
2020-07-29 22:30:00,31959.92292,1223789.26215,2.3285906362878826e-10,-1.4959704459474568,79.02150688850043,0.03748175437415113,-0.2061504352430964,0.2095301502454534,False,169.69519198828664
2020-07-29 23:00:00,31939.01688,1224165.65866,3.637978807091713e-12,-1.4945328669759155,79.0181262891848,0.005577196885650683,-0.23074622532630099,0.23081361664216732,False,178.61541554044555
2020-07-29 23:30:00,31961.51744,1224620.18964,3.637978807091713e-12,-1.4950304144041384,79.0140327032155,-0.01791123915759077,-0.25338899206603094,0.254021246726331,False,184.04332590880927
2020-07-30 00:00:00,32027.27492,1225075.8662,3.637978807091713e-12,-1.497547904838295,79.00991863235835,-0.03705079339934275,-0.27308495973135993,0.27558693097278625,False,187.7264250333253
2020-07-30 00:30:00,32120.54739,1225599.47386,2.3285906362878826e-10,-1.5012658328783666,79.00518702699011,-0.06204199096826267,-0.29111822870060994,0.29765589482670524,False,192.03067163584717
2020-07-30 01:00:00,32278.00668,1226117.6805,4.656754979456206e-10,-1.507984539577006,79.00048875167201,-0.11281204869082709,-0.2869442884668453,0.30832382816377596,False,201.46225390852283
2020-07-30 01:30:00,32553.71479,1226621.42789,7.275957614183426e-12,-1.5202349318611654,78.99589218439101,-0.1533634902268775,-0.2890672620010897,0.32723117531093543,False,207.94800890165723
2020-07-30 02:00:00,32857.52914,1227143.30892,1.4551915228366852e-11,-1.533763844201144,78.99112522264905,-0.18483564645745795,-0.2923927931374183,0.34591583034034085,False,212.29896335853613
2020-07-30 02:30:00,33247.05902,1227655.85448,0.0,-1.5512903386294503,78.98642074120131,-0.22328700001650412,-0.2630983624902109,0.34507656066647113,False,220.32068690539603
2020-07-30 03:00:00,33686.70891,1228068.35466,2.3283064365386963e-10,-1.5712662578788874,78.98260271029632,-0.2302926481686139,-0.2006419411494525,0.30543721506838906,False,228.93606613054743
2020-07-30 03:30:00,34095.60683,1228355.16095,2.329443027495599e-10,-1.5899578231297506,78.97992155160343,-0.21072379642712225,-0.14658379260140902,0.2566930591856199,False,235.17673382159774
2020-07-30 04:00:00,34459.66435,1228574.80454,4.657181272575765e-10,-1.6066386876248695,78.97785461717628,-0.2013128333076826,-0.12006426495240663,0.23439770598904866,False,239.1878786104375
2020-07-30 04:30:00,34832.16679,1228766.9029,0.0,-1.623743146202483,78.9760323399984,-0.2120144701287514,-0.10263399310282796,0.23555014770576257,False,244.16886019176897
2020-07-30 05:00:00,35233.07957,1228922.51114,0.0,-1.6422141447098957,78.97452995329613,-0.22538430122390532,-0.08120302597955507,0.23956630536539228,False,250.18656945527235
2020-07-30 05:30:00,35651.59467,1229035.861,0.0,-1.6615570964063502,78.97340190368921,-0.22485870976472425,-0.055024327022536894,0.23149323083265216,False,256.2495790871015
2020-07-30 06:00:00,36047.97423,1229097.04376,7.275957614183426e-12,-1.6799364174893259,78.9727476293359,-0.2158201337552609,-0.03484914263958563,0.2186156281624278,False,260.82744727944
2020-07-30 06:30:00,36431.89113,1229138.48668,0.0,-1.697760390262297,78.97227307975764,-0.19422173259279257,-0.012099135438517946,0.19459822838275231,False,266.43533849257517
2020-07-30 07:00:00,36748.156,1229119.86626,2.329443027495599e-10,-1.7125158202917599,78.97235587404795,-0.1595231763802602,0.013639551827347024,0.16010521907951186,False,274.8870182980546
2020-07-30 07:30:00,37004.45066,1229072.244,2.329443027495599e-10,-1.7245191019859625,78.97271502589699,-0.12101836687615772,0.023433487881404102,0.12326627063256283,False,280.9588899264372
2020-07-30 08:00:00,37181.08605,1229022.43298,0.0,-1.7328160216859727,78.97311507482026,-0.06499415301731239,0.02986275958624604,0.07152638909202495,False,294.6772862003079
2020-07-30 08:30:00,37235.07177,1228957.712,0.0,-1.7354218089533506,78.97368246549826,-0.02175175991483358,0.03147763116075954,0.03826199580373952,False,325.3546438985983
2020-07-30 09:00:00,37255.92468,1228906.79404,1.4551915228366852e-11,-1.7364650104080324,78.97413472910179,-0.004963626073641357,0.022440820594508134,0.022983211541336705,False,347.5277071139805
2020-07-30 09:30:00,37250.48458,1228876.42067,7.275957614183426e-12,-1.7362544940519864,78.9744093851856,0.0017024855464334596,0.0015828125980886845,0.0023245973321164865,False,47.08618037106925
2020-07-30 10:00:00,37249.6259,1228901.28423,0.0,-1.73617938905845,78.974186000676,-0.00036051206462662025,-0.02672984628057819,0.026732277327831257,False,180.77271553360208
2020-07-30 10:30:00,37254.69727,1228972.56462,7.275957614183426e-12,-1.7363149669926643,78.97354353421964,-0.00713881306677067,-0.05726502785437353,0.05770828421608524,False,187.10598709191686
2020-07-30 11:00:00,37281.56025,1229106.56498,0.0,-1.737376874259166,78.97233103075821,-0.023412432914121865,-0.0832495704385256,0.08647908991864618,False,195.7076755436206
2020-07-30 11:30:00,37348.02963,1229269.56993,0.0,-1.7402418938822268,78.9708468425108,-0.027756122276296962,-0.09833419856898055,0.10217640105239784,False,195.76241852209156
2020-07-30 12:00:00,37392.18667,1229457.37036,0.0,-1.742032162918787,78.96914572310807,-0.021518794919429436,-0.12107752229849714,0.12297489557111864,False,190.077800731906
2020-07-30 12:30:00,37438.712,1229702.89258,4.656612873077393e-10,-1.7438503219058228,78.96692480063238,-0.03261155248685111,-0.1535567386282868,0.15698148086242095,False,191.99002521803305
2020-07-30 13:00:00,37526.3564,1230006.34592,2.3283064365386963e-10,-1.74749920120469,78.96417156122422,-0.04596002086565224,-0.18366872408209606,0.18933178212840104,False,194.04882062647962
2020-07-30 13:30:00,37624.25457,1230358.74691,7.275957614183426e-12,-1.7515536986553495,78.96097522176656,-0.07393640121808752,-0.2038699619404161,0.21686298164202372,False,199.93391154378986
2020-07-30 14:00:00,37814.83616,1230731.79918,1.4551915228366852e-11,-1.7598871628441741,78.95756750179162,-0.12888071942950283,-0.20160415901620624,0.239279077174119,False,212.58980893542235
2020-07-30 14:30:00,38110.29558,1231069.93054,7.275957614183426e-12,-1.7731421338466957,78.95444444988782,-0.18930668046649132,-0.19980974459186157,0.2752470768293593,False,223.45384279790014
2020-07-30 15:00:00,38518.2711,1231429.68258,2.329443027495599e-10,-1.7915883222877025,78.95109473810808,-0.22272594106485794,-0.19723995456088972,0.2975070494936354,False,228.47278398743404
2020-07-30 15:30:00,38933.91646,1231754.57936,2.329443027495599e-10,-1.8104309605332742,78.94805516486468,-0.24650504685329686,-0.15091465685205244,0.28903282127972735,False,238.5243103478725
2020-07-30 16:00:00,39422.41039,1231944.66819,0.0,-1.8328479157197817,78.94620584827102,-0.28813396592118146,-0.07302607579610007,0.2972439907948457,False,255.77814145601246
2020-07-30 16:30:00,39979.07639,1231984.16253,2.3283064365386963e-10,-1.8586511592734973,78.9456893213472,-0.30291431875127395,-0.0032651779642411255,0.30293191626450744,False,269.38242050671903
2020-07-30 17:00:00,40512.70946,1231921.04776,0.0,-1.8835387535026957,78.9461001561764,-0.27597220430696745,0.0372588287960865,0.2784759915563686,False,277.6889740744426
2020-07-30 17:30:00,40967.63089,1231817.44883,7.275957614183426e-12,-1.9048337837747111,78.94689654484547,-0.2582384009638188,0.06332274598995864,0.2658887772961824,False,283.77767345546886
2020-07-30 18:00:00,41434.27665,1231662.31047,0.0,-1.9267571972978048,78.94815135301123,-0.2519428343641988,0.10454712909793525,0.27277333812175714,False,292.53667543602626
2020-07-30 18:30:00,41861.45803,1231410.79707,2.3283064365386963e-10,-1.9470038644899401,78.950283302764,-0.22523964076144734,0.15789019147385738,0.275067643197082,False,305.0299786644311
2020-07-30 19:00:00,42225.35963,1231066.6848,4.657181272575765e-10,-1.9644645006091521,78.95326612290324,-0.1747028171682004,0.192639093109122,0.2600594057526292,False,317.7953722651947
2020-07-30 19:30:00,42466.24557,1230696.14441,7.275957614183426e-12,-1.9762568263266642,78.95652379314362,-0.11435157377612351,0.21089703127401177,0.23990381452838075,False,331.5327782290792
2020-07-30 20:00:00,42610.59815,1230293.71064,0.0,-1.9836173445615553,78.96009789045289,-0.06652570957400546,0.21211144554788922,0.22229920235291015,False,342.58671593077366
2020-07-30 20:30:00,42679.16352,1229924.71105,7.275957614183426e-12,-1.987402257644761,78.963394802863,-0.02547269531505763,0.20519104315397144,0.20676610553286706,False,352.9234282953406
2020-07-30 21:00:00,42676.62718,1229552.28703,2.329443027495599e-10,-1.9878856985066884,78.96674466262066,0.011661202157999227,0.2101759711158252,0.21049922201815835,False,3.175688145970412
2020-07-30 21:30:00,42610.96221,1229169.98913,2.3283064365386963e-10,-1.9854462896360532,78.970202997363,0.05323520318510914,0.20571621466875914,0.21249270066475895,False,14.508711869348474
2020-07-30 22:00:00,42459.43769,1228818.79298,7.275957614183426e-12,-1.9789566404358017,78.97340832163604,0.0785950539932407,0.18787195524552303,0.203649340976042,False,22.701690389673445
2020-07-30 22:30:00,42304.83313,1228503.82416,0.0,-1.9722616310591858,78.97628867010813,0.08658505669542288,0.1716021770668294,0.19220894676633826,False,26.774073859135797
2020-07-30 23:00:00,42126.65525,1228212.11868,2.329443027495599e-10,-1.964427537321487,78.97896693439775,0.09835142672283033,0.1345988598495513,0.16670289802884478,False,36.155610638915164
2020-07-30 23:30:00,41934.36598,1228031.69004,2.3283064365386963e-10,-1.955754868964927,78.9806486447699,0.10060927891291992,0.09014012238131695,0.13508319164979968,False,48.14148967357329
2020-07-31 00:00:00,41753.59823,1227900.16411,2.3283064365386963e-10,-1.947539068553925,78.98188680906748,0.09708590080157802,0.056185271461800065,0.11217155104432679,False,59.94129931454813
2020-07-31 00:30:00,41578.1847,1227841.41777,2.329443027495599e-10,-1.9394561256202747,78.98246862655579,0.08987494121167615,0.009861244875081441,0.09041431970815554,False,83.73844824127946
2020-07-31 01:00:00,41429.03233,1227875.634,0.0,-1.9324502378344495,78.98220626609016,0.07586029850801362,-0.021408773439087713,0.07882334977588254,False,105.75976396395203
2020-07-31 01:30:00,41307.84189,1227927.65469,2.329443027495599e-10,-1.9267200307089827,78.98177517181968,0.050053019724537164,-0.0293072506360701,0.058001894136229186,False,120.35000246806868
2020-07-31 02:00:00,41252.49058,1227987.1387,0.0,-1.9240470879423166,78.98125697609082,0.00844303420656729,-0.05329663997875546,0.05396125146471623,False,170.99824264291067
2020-07-31 02:30:00,41283.906,1228120.43492,7.275957614183426e-12,-1.9253023926595059,78.98004877188764,-0.029433190412797443,-0.07689060996123563,0.08233151643257192,False,200.9464981659981
2020-07-31 03:00:00,41367.68998,1228260.22876,2.329443027495599e-10,-1.9289873588169701,78.97876627778786,-0.05545561772064046,-0.07484517032183653,0.09315108725765113,False,216.53614603850616
2020-07-31 03:30:00,41492.50275,1228383.00479,2.329443027495599e-10,-1.9346097623055885,78.97762431771281,-0.07784135956753924,-0.06136666131471758,0.09912186630727948,False,231.7493275111049
2020-07-31 04:00:00,41655.21716,1228471.5626,2.3283064365386963e-10,-1.942050707269558,78.97677841493737,-0.10268964907985481,-0.03593417993377678,0.10879535521177718,False,250.71353132774624
2020-07-31 04:30:00,41866.35709,1228499.76547,4.656612873077393e-10,-1.9518421087196405,78.97646024887462,-0.12866667473628327,-0.002032849830090915,0.1286827325872598,False,269.0948392350286
2020-07-31 05:00:00,42118.3977,1228463.10026,0.0,-1.9636418270191258,78.97671249263402,-0.14363247150395644,0.03449419808516358,0.14771640589952548,False,283.504183668987
2020-07-31 05:30:00,42378.87531,1228357.94148,1.4551915228366852e-11,-1.9759452163434674,78.97757758434979,-0.13207384485019386,0.08397082941662758,0.15650751000009375,False,302.4476689844629
2020-07-31 06:00:00,42583.15772,1228144.591,0.0,-1.9858070579877343,78.97943261262994,-0.10892352872570907,0.12256402661560836,0.16397035015603256,False,318.37227752712647
2020-07-31 06:30:00,42755.47503,1227903.38809,1.4551915228366852e-11,-1.9942277087934552,78.98154778403593,-0.07783859135232511,0.1426891836676357,0.16253937811942845,False,331.38702517371917
2020-07-31 07:00:00,42845.33144,1227621.46977,2.329443027495599e-10,-1.9988740089523234,78.98405474596977,-0.04437438952972399,0.1557914303301378,0.16198782735269293,False,344.1013493941736
2020-07-31 07:30:00,42895.56329,1227337.30823,1.4551915228366852e-11,-2.0016785419617817,78.98659426044068,-0.02205003333815013,0.16737244931882753,0.16881866236052523,False,352.4949417783674
2020-07-31 08:00:00,42903.61711,1227016.52397,7.275957614183426e-12,-2.0025770391872473,78.9894763345136,0.022695801817768594,0.1831559813843519,0.1845568013837921,False,7.063807420399542
2020-07-31 08:30:00,42790.86728,1226681.20453,1.4551915228366852e-11,-1.9978641103370343,78.99252705077784,0.07797754111182943,0.18846132955300132,0.2039562934913557,False,22.47775822744393
2020-07-31 09:00:00,42599.41594,1226348.2621,4.657181272575765e-10,-1.9894721714274977,78.99558091529786,0.12295396473917532,0.17572111810160712,0.21446582196695427,False,34.98089805754762
2020-07-31 09:30:00,42326.5387,1226064.35625,2.329443027495599e-10,-1.977195805855976,78.99821888057464,0.149439688648697,0.1370621791026409,0.20277638295369585,False,47.47376516575713
2020-07-31 10:00:00,42044.72938,1225873.69336,2.329443027495599e-10,-1.9643472493661667,79.00002060444814,0.16927914104961958,0.08654522620859108,0.19011970906245676,False,62.921271093342625
2020-07-31 10:30:00,41706.81228,1225773.86547,0.0,-1.94873041244471,79.0010221134518,0.18730263588179946,0.03555650339894566,0.19064769167820836,False,79.25118490661168
2020-07-31 11:00:00,41366.47708,1225768.69333,2.3283064365386963e-10,-1.9328486773215576,79.00117233253755,0.19839686450105654,-0.006609351769703093,0.19850692525618915,False,91.9080340079226
2020-07-31 11:30:00,40993.79245,1225821.73523,4.656612873077393e-10,-1.9153651976607877,79.00080793433236,0.2112681333114393,-0.0375737268169587,0.21458333835555715,False,100.08452751457378
2020-07-31 12:00:00,40610.85774,1225929.3037,4.656612873077393e-10,-1.8973199936335698,78.99995521516261,0.22296310284936083,-0.06991992997082654,0.23366930016444168,False,107.41112082008698
2020-07-31 12:30:00,40199.89911,1226099.88403,2.3283064365386963e-10,-1.8778729152382654,78.9985430058291,0.2277701900148833,-0.10032434711702544,0.24888598611386992,False,113.77171710046986
2020-07-31 13:00:00,39803.1606,1226317.14723,7.275957614183426e-12,-1.859023809352865,78.99670555236966,0.20872729319009542,-0.12375580169426491,0.24265733324063024,False,120.66398394068676
2020-07-31 13:30:00,39463.32922,1226569.54673,2.329443027495599e-10,-1.8427838144353494,78.99453446148608,0.1853813885198674,-0.14759977899474008,0.23696403518013054,False,128.5266364938302
2020-07-31 14:00:00,39153.21972,1226869.69241,4.657181272575765e-10,-1.8278657939475844,78.99192455958591,0.16237021165085236,-0.17112332546731507,0.23589675315810354,False,136.50348150026838
2020-07-31 14:30:00,38898.74376,1227203.922,4.656612873077393e-10,-1.815499323566965,78.9889915274456,0.12967035406828864,-0.18379229323717344,0.22493111785072,False,144.79601328319717
2020-07-31 15:00:00,38707.60267,1227545.80171,7.275957614183426e-12,-1.8060814160372023,78.98597122636345,0.10210935591986729,-0.187155268208136,0.2131980651517022,False,151.38372132893494
2020-07-31 15:30:00,38552.56745,1227888.93165,0.0,-1.7983499424559084,78.98292918418844,0.0866480265788242,-0.17348589514059268,0.19392069596290476,False,153.46003334000176
2020-07-31 16:00:00,38415.423,1228179.83239,0.0,-1.7915326275807317,78.98035162516756,0.07516047395898322,-0.15551458245475328,0.17272487429960762,False,154.20543920284456
2020-07-31 16:30:00,38299.6247,1228456.96957,7.275957614183426e-12,-1.7857331013008586,78.97789170351015,0.05801002750302857,-0.14627656277661746,0.15735944874281887,False,158.3678255244822
2020-07-31 17:00:00,38223.09803,1228712.68,7.275957614183426e-12,-1.781796670272097,78.97561338530964,0.045605383832875886,-0.1362478707999946,0.1436778804551207,False,161.49338805269247
2020-07-31 17:30:00,38150.77568,1228952.32961,2.329443027495599e-10,-1.7780809035981622,78.97347828161722,0.036903888320451154,-0.12131328549958142,0.12680224844958896,False,163.08007179539277
2020-07-31 18:00:00,38103.85896,1229153.31979,2.329443027495599e-10,-1.7756054650656845,78.97168373650796,0.03366281584805392,-0.1139295549028067,0.11879868960208122,False,163.5391475549995
2020-07-31 18:30:00,38042.3562,1229366.03405,7.275957614183426e-12,-1.7724347845765294,78.969787785284,0.03712127731660912,-0.11562171702117308,0.12143463540745211,False,162.20035708391651
2020-07-31 19:00:00,37983.1605,1229573.49219,2.3283064365386963e-10,-1.7693801507456035,78.96793842805027,0.037706692441546064,-0.0885035575210943,0.09620121802124439,False,156.92370673241442
2020-07-31 19:30:00,37916.51451,1229688.68626,2.329443027495599e-10,-1.7661121747490756,78.9669209023092,0.03815735048250984,-0.05722034613418992,0.06877609619309312,False,146.3026868111611
2020-07-31 20:00:00,37852.20792,1229783.62116,0.0,-1.7629827116443033,78.9660848983325,0.044466016758813315,-0.04885437297757718,0.06606039967656334,False,137.69232911545646
2020-07-31 20:30:00,37761.92344,1229869.40354,2.3283064365386963e-10,-1.7586577212706695,78.96533835267806,0.0660540544972457,-0.04001332026135625,0.07722825851890594,False,121.20606858839858
2020-07-31 21:00:00,37618.9461,1229934.89907,7.275957614183426e-12,-1.751909864621052,78.96478870496668,0.08762845877374802,-0.04246643199116749,0.09737630426917479,False,115.85571837259101
2020-07-31 21:30:00,37451.28224,1230031.8555,7.275957614183426e-12,-1.7439692186925868,78.96396271057526,0.10452617970111143,-0.05122784329714965,0.11640452814124698,False,116.10928076853497
2020-07-31 22:00:00,37248.43867,1230130.68576,2.329443027495599e-10,-1.734390052219669,78.96312923508181,0.1291331517511949,-0.040381622501531364,0.1352998385699455,False,107.36514511506073
2020-07-31 22:30:00,36991.01578,1230191.23287,0.0,-1.7223262556486916,78.96265453882008,0.15684059840529357,-0.02478515422303767,0.15878689233683724,False,98.98005766795222
2020-07-31 23:00:00,36686.74937,1230236.84226,7.275957614183426e-12,-1.708104546882464,78.96232627399277,0.17911347459778656,-0.026671397141642295,0.1810883767887358,False,98.46955556163903
2020-07-31 23:30:00,36349.35583,1230306.42745,0.0,-1.692309296708086,78.96179049226814,0.1871128386482962,-0.04901708539080647,0.1934267020016444,False,104.679643164565
2020-08-01 00:00:00,36018.64823,1230433.11979,0.0,-1.6767488773534782,78.96073847439091,0.18928950772947714,-0.0838001356101169,0.2070096144258565,False,113.8793949331644
2020-08-01 00:30:00,35677.03274,1230627.91818,2.3283064365386963e-10,-1.6605921069449028,78.95907591715525,0.20378553406707486,-0.1185680384268536,0.23576879274279444,False,120.19202405684689
2020-08-01 01:00:00,35297.69784,1230881.04508,4.657181272575765e-10,-1.642607962158963,78.95689758133304,0.2311902072889042,-0.16577005684996673,0.2844795663915559,False,125.64161629204614
2020-08-01 01:30:00,34862.19647,1231248.30259,2.3283064365386963e-10,-1.62186878140199,78.95370591710493,0.22100895344360816,-0.20820027636418864,0.30363187016577076,False,133.29065792652278
2020-08-01 02:00:00,34523.59817,1231652.78472,2.3283064365386963e-10,-1.6055975237860816,78.95015357300421,0.16503132591402284,-0.23690216153125254,0.2887178080256223,False,145.13807098852044
2020-08-01 02:30:00,34292.21315,1232117.46215,0.0,-1.5942408558093284,78.94603208567686,0.12346337643696872,-0.2672184412673396,0.2943618532938045,False,155.2015686566353
2020-08-01 03:00:00,34106.06564,1232626.76436,0.0,-1.5849365028007902,78.94149750552752,0.09288934403955533,-0.2635745688601619,0.27946374288254117,False,160.58644674406565
2020-08-01 03:30:00,33984.18404,1233075.21674,0.0,-1.5787013696912207,78.93749403339373,0.05129097839326275,-0.2502286669763208,0.25543130239123907,False,168.4161698766622
2020-08-01 04:00:00,33946.30593,1233532.33268,0.0,-1.5763585885997642,78.9333917192406,0.002903532479771178,-0.2782022254587971,0.2782173767957143,False,179.40203887094606
2020-08-01 04:30:00,34001.28649,1234076.65327,2.3283064365386963e-10,-1.5782143538747375,78.92848198931159,-0.02968194027144997,-0.32412245342748847,0.3254786972969696,False,185.23234245849181
2020-08-01 05:00:00,34085.25699,1234695.78793,0.0,-1.581317034793431,78.92289208080246,-0.05387806399292128,-0.32432099770210693,0.32876580620574786,False,189.43216409356137
2020-08-01 05:30:00,34227.39315,1235238.41173,0.0,-1.5872105975589128,78.91797584006956,-0.08695329560712056,-0.2632729967421324,0.27726079136892423,False,198.2772560364489
2020-08-01 06:00:00,34424.42092,1235634.53656,4.656612873077393e-10,-1.5958310610156907,78.91436346997384,-0.09918745592226376,-0.21117040188174582,0.2333047150042816,False,205.15960379403387
2020-08-01 06:30:00,34605.50061,1235988.38618,7.275957614183426e-12,-1.603762062218639,78.91113511711109,-0.07616347674941279,-0.19794253785820784,0.21208989481893376,False,201.0455118480541
2020-08-01 07:00:00,34718.44557,1236339.17677,7.275957614183426e-12,-1.6085373667216625,78.90795128471353,-0.0534152810081424,-0.17860375874338286,0.1864202104988709,False,196.65042139231437
2020-08-01 07:30:00,34815.76849,1236625.70851,0.0,-1.6126704956791924,78.90534932864585,-0.059444836307942985,-0.13976147566565286,0.15187810455730283,False,203.04153552122222
2020-08-01 08:00:00,34946.52197,1236836.09622,2.3283064365386963e-10,-1.6184485950816503,78.90342372874032,-0.05369186689510988,-0.11881719012432575,0.1303853566920855,False,204.31756138510394
2020-08-01 08:30:00,35021.06303,1237047.82055,2.3283064365386963e-10,-1.6216214654942518,78.90150031533737,-0.019103397249478998,-0.13664974262544183,0.1379785923470409,False,187.9582738399124
2020-08-01 09:00:00,35029.18797,1237325.8921,0.0,-1.6216331567879316,78.89899700297738,0.010163335918499317,-0.16747038658347668,0.16777849617698742,False,176.52712960384258
2020-08-01 09:30:00,35001.55099,1237651.50789,2.3283064365386963e-10,-1.619928344580298,78.89607512655925,0.027534124370624274,-0.18410904291967597,0.1861565676780062,False,171.49426398569676
2020-08-01 10:00:00,34948.84143,1237991.2219,2.3283064365386963e-10,-1.6170465421931512,78.89303278748622,0.030875644770504765,-0.18878266852673314,0.1912908815810853,False,170.71143994949824
2020-08-01 10:30:00,34909.62109,1238333.99146,0.0,-1.6147859616930889,78.88995950693169,0.03555889441545664,-0.18541528348160494,0.18879423275252216,False,169.14364657413444
2020-08-01 11:00:00,34839.68999,1238662.05917,2.3283064365386963e-10,-1.6111263178571806,78.88702621857232,0.051378702602805734,-0.19000902289740595,0.19683292372866512,False,164.86899209104786
2020-08-01 11:30:00,34743.96297,1239022.95391,2.3283064365386963e-10,-1.6062340972234712,78.88380410158223,0.058996178875615465,-0.19520027157206676,0.20392080605895083,False,163.1833926451784
2020-08-01 12:00:00,34647.08475,1239370.4573,0.0,-1.6013088176403911,78.88070264136243,0.0442102496273262,-0.19753890581186928,0.20242570360866,False,167.3847872851718
2020-08-01 12:30:00,34604.74066,1239738.26381,2.329443027495599e-10,-1.5988785370663194,78.8774047761895,0.029711390941973597,-0.20374435225627036,0.205899314782818,False,171.7032204567558
2020-08-01 13:00:00,34560.63099,1240106.63583,2.329443027495599e-10,-1.596367454171823,78.87410223668216,0.029854234911566573,-0.23082880415796028,0.2327513956373817,False,172.63056159672067
2020-08-01 13:30:00,34520.45689,1240571.91906,2.3283064365386963e-10,-1.593915035063847,78.86992693220259,0.008746042181989669,-0.255928849995012,0.2560782488100434,False,178.04275146055494
2020-08-01 14:00:00,34554.78504,1241028.49899,2.3283064365386963e-10,-1.5949125637685693,78.86581124075475,-0.03157761109606479,-0.25671515815047885,0.25864999119806614,False,187.01252213667755
2020-08-01 14:30:00,34659.81469,1241492.57157,2.332849477807962e-10,-1.5991601204806722,78.86161039374464,-0.050420022947649974,-0.2661635629002815,0.2708970670380424,False,190.7265800922355
2020-08-01 15:00:00,34762.96659,1241981.24917,7.275957614183426e-12,-1.603286179087231,78.85718861001578,-0.06543217516487697,-0.270552070606323,0.2783519219552399,False,193.59574671193502
2020-08-01 15:30:00,34922.52947,1242459.58711,2.329443027495599e-10,-1.6100216761525505,78.85284550856605,-0.11409704333361957,-0.27170109704494205,0.29468563153452,False,202.7792834629027
2020-08-01 16:00:00,35201.03563,1242947.44636,2.329443027495599e-10,-1.6222180801631763,78.84838633700068,-0.17517961703259569,-0.28035241501427016,0.3305833855898092,False,211.99940989305873
2020-08-01 16:30:00,35581.49499,1243450.59816,4.657181272575765e-10,-1.6390786492012523,78.84376287286624,-0.1899712606229376,-0.28084635542054276,0.3390630549258794,False,214.07537032093364
2020-08-01 17:00:00,35913.57174,1243938.51778,4.657181272575765e-10,-1.65371891746356,78.83928801225338,-0.1595607031716893,-0.2445721034023429,0.2920190606095606,False,213.12073544284164
2020-08-01 17:30:00,36181.08331,1244314.11397,2.3283064365386963e-10,-1.6655275479772018,78.83583968675782,-0.14377426621640152,-0.22143835334968862,0.26401890833856245,False,212.9946342048243
2020-08-01 18:00:00,36454.11029,1244720.31547,4.657181272575765e-10,-1.6775413541509667,78.83211411877495,-0.1429870977176894,-0.1999564546485344,0.24582085727077643,False,215.5682249103432
2020-08-01 18:30:00,36716.68925,1245018.57957,0.0,-1.6892131652412294,78.82936174088243,-0.146077586008759,-0.17264867340790355,0.22615531292378546,False,220.23447205736122
2020-08-01 19:00:00,36998.08272,1245326.07869,2.329443027495599e-10,-1.7017315066490746,78.82652079336273,-0.16074983518578445,-0.17698580413253562,0.2390909541925355,False,222.24773825499938
2020-08-01 19:30:00,37314.05449,1245638.26214,4.656612873077393e-10,-1.71582614012387,78.82362785406255,-0.16655786021857646,-0.1750198255167851,0.24160600183877212,False,223.5808916332083
2020-08-01 20:00:00,37616.28798,1245937.91388,0.0,-1.7292996980955664,78.82085068462729,-0.170705714992385,-0.16469856644821737,0.2372046772750471,False,226.0260675930344
2020-08-01 20:30:00,37946.2078,1246212.36171,0.0,-1.7440735369810283,78.81829201897696,-0.17415956234717903,-0.13944537802965126,0.22310662610239365,False,231.3165832359034
2020-08-01 21:00:00,38258.25049,1246420.60264,0.0,-1.7581129984723531,78.81633307118129,-0.16371048924244913,-0.09835288032134182,0.1909827566967925,False,239.0036787453667
2020-08-01 21:30:00,38546.15102,1246548.18388,1.4551915228366852e-11,-1.7711535560383056,78.81510569481583,-0.17054928346123027,-0.05605094804869037,0.17952372229400787,False,251.80691366371556
2020-08-01 22:00:00,38878.17121,1246603.31312,0.0,-1.7863207286881242,78.81451706563017,-0.15313876483805386,-0.03485308197435283,0.15705482679381655,False,257.17836759275264
2020-08-01 22:30:00,39101.09386,1246656.40882,0.0,-1.7964801127471675,78.81397676270771,-0.12458071607486175,-0.029099575190977115,0.12793412404054147,False,256.8525701692505
2020-08-01 23:00:00,39329.72546,1246693.96021,0.0,-1.806923141580901,78.81357430490203,-0.11482124668521419,-0.019849445777081545,0.1165243287386978,False,260.1920669252801
2020-08-01 23:30:00,39516.49799,1246714.79753,7.275957614183426e-12,-1.8154679678978547,78.81333375355406,-0.10360075522865923,-0.015169750548724195,0.10470548130665883,False,261.66965839010464
2020-08-02 00:00:00,39704.23108,1246736.72822,0.0,-1.8240549286017556,78.8130828427855,-0.11089295382588535,-9.21928890131379e-05,0.11089299214900247,False,269.9523661148671
2020-08-02 00:30:00,39915.5209,1246702.4221,7.275957614183426e-12,-1.8338056254838078,78.81333073025654,-0.11163808479845154,0.03536930286536072,0.1171070004852309,False,287.5793013206178
2020-08-02 01:00:00,40101.84775,1246596.60304,0.0,-1.8425162829277553,78.81422874966734,-0.09009539867181489,0.04822956339026256,0.10219232675034177,False,298.1608829658548
2020-08-02 01:30:00,40234.11413,1246518.45701,0.0,-1.84870498415461,78.81489330711034,-0.07418677027856131,0.031157242667444334,0.08046397116102362,False,292.78161735653805
2020-08-02 02:00:00,40365.16259,1246475.87949,7.275957614183426e-12,-1.8547856007867305,78.81523816510942,-0.08184179988411364,0.008020592187613492,0.08223387445153797,False,275.5971802544873
2020-08-02 02:30:00,40527.65569,1246480.06186,0.0,-1.8622406934956628,78.8151531214483,-0.08478192411021372,-0.011929681150630585,0.08561712415274032,False,261.99048449224165
2020-08-02 03:00:00,40671.61194,1246508.88524,0.0,-1.8688075994119417,78.81485169604026,-0.08544834249956973,-0.025426029352154017,0.08915100787170256,False,253.42908752111188
2020-08-02 03:30:00,40838.09112,1246561.51526,2.3283064365386963e-10,-1.87637247597982,78.81432936049089,-0.11038176312143717,-0.04224040968302472,0.11818792594840996,False,249.05936994625225
2020-08-02 04:00:00,41073.7523,1246647.85794,0.0,-1.8870618924939648,78.81348311900929,-0.13598986017073664,-0.060337801957140516,0.14877463632714957,False,246.07345522452454
2020-08-02 04:30:00,41334.54193,1246762.49247,0.0,-1.8988601913982035,78.81237452836393,-0.14549889478814215,-0.06834167703477749,0.16074984667021208,False,244.84028286138386
2020-08-02 05:00:00,41605.41297,1246876.39674,2.329443027495599e-10,-1.911120018360792,78.81126900357965,-0.15145702741765205,-0.07946376694614604,0.1710371930647332,False,242.31570491975862
2020-08-02 05:30:00,41889.02412,1247030.21944,4.658886054991198e-10,-1.9239006027815058,78.80980007914404,-0.15191115225710383,-0.09306034429821611,0.17814944810743452,False,238.50848159030696
2020-08-02 06:00:00,42163.23207,1247192.86522,4.656612873077393e-10,-1.9362326650366237,78.8082540972023,-0.15863811775894812,-0.09437698960377063,0.18458891779511608,False,239.25073962389274
2020-08-02 06:30:00,42471.27472,1247350.48684,2.3283064365386963e-10,-1.9501215387082822,78.80674242341122,-0.18040255118186546,-0.09559538595875507,0.20416551689628915,False,242.0808651860435
2020-08-02 07:00:00,42824.01613,1247514.70888,2.3283064365386963e-10,-1.9660467985462082,78.80515692984336,-0.20056044471078174,-0.07849219827995144,0.21537297224444332,False,248.62639885205286
2020-08-02 07:30:00,43202.56156,1247608.12197,2.3283064365386963e-10,-1.9832635790147184,78.80419938643284,-0.2114333089995671,-0.05136961400673043,0.2175841938140427,False,256.34407293840206
2020-08-02 08:00:00,43591.12009,1247673.18682,2.332849477807962e-10,-2.0009821011448374,78.80349264266857,-0.20742395801672864,-0.0493711251018275,0.21321868199842597,False,256.61156236784245
2020-08-02 08:30:00,43955.03842,1247759.67648,0.0,-2.0175337106246327,78.80259994275836,-0.20045912139080388,-0.03835155912243151,0.20409483441746978,False,259.16913251698537
2020-08-02 09:00:00,44317.18622,1247785.76082,2.332849477807962e-10,-2.034099879423446,78.80225013799712,-0.20017219188278476,-0.004760443101607632,0.20022878969239674,False,268.63766343994394
2020-08-02 09:30:00,44675.81252,1247751.22539,2.329443027495599e-10,-2.0506030607283328,78.80244571867489,-0.178383762131887,0.018285349486623463,0.179318489281428,False,275.8527012512287
2020-08-02 10:00:00,44956.60108,1247696.99709,4.657181272575765e-10,-2.063569650712801,78.80284272053227,-0.14599411138065335,0.03498004083994082,0.15012622627306177,False,283.47400618011625
2020-08-02 10:30:00,45196.51602,1247606.45371,7.275957614183426e-12,-2.0747229062502726,78.80357906762539,-0.1250725678945871,0.049763687901548365,0.1346089591123444,False,291.69654669313604
2020-08-02 11:00:00,45400.08145,1247501.66452,7.275957614183426e-12,-2.0842341564334923,78.80445500842649,-0.10691235796694475,0.06219930457435661,0.12368914978924268,False,300.1899216563333
2020-08-02 11:30:00,45573.00229,1247368.68659,0.0,-2.0923884332846736,78.8055942222997,-0.07632889578211312,0.0706197060396474,0.10398674536902719,False,312.7750857432452
2020-08-02 12:00:00,45665.40005,1247237.57046,7.275957614183426e-12,-2.0968471112840437,78.80674300122301,-0.043669536752808776,0.058492801156915485,0.07299613844161464,False,323.2557291486011
2020-08-02 12:30:00,45722.40272,1247152.50138,0.0,-2.099605275700059,78.80748927137577,-0.030819903813930825,0.0519379225491495,0.06039382642142655,False,329.31515478756944
2020-08-02 13:00:00,45769.42699,1247046.65455,7.275957614183426e-12,-2.101940961433548,78.80842566883952,-0.02540864222203069,0.0651223598503302,0.06990365406788876,False,338.6858762086964
2020-08-02 13:30:00,45805.21358,1246914.86369,7.275957614183426e-12,-2.103805104425324,78.80959908092987,-0.025429855308151582,0.085855268700472,0.08954219510724412,False,343.5010024342047
2020-08-02 14:00:00,45849.56645,1246734.4232,0.0,-2.106144875992076,78.81120716417557,-0.04193763596060065,0.08580707382797104,0.09550716846856437,False,333.95323565364095
2020-08-02 14:30:00,45944.73453,1246600.61842,2.3283064365386963e-10,-2.110738894473386,78.81237898856034,-0.057655300705729814,0.05647192660313345,0.08070447443443157,False,314.40592693333735
2020-08-02 15:00:00,46049.497,1246523.61759,1.4551915228366852e-11,-2.115677964136503,78.81303670567799,-0.09246994061706432,0.05233184032673993,0.10625117142745677,False,299.5069767674446
2020-08-02 15:30:00,46270.4444,1246400.0628,7.275957614183426e-12,-2.126030321373572,78.81407426415768,-0.13358340756151682,0.06776732287959482,0.14978964191830343,False,296.8988375431629
2020-08-02 16:00:00,46521.01579,1246261.98286,4.656612873077393e-10,-2.1377695113127664,78.8152321385673,-0.15583895358578256,0.07922969081861092,0.17482312021561786,False,296.94912459954185
2020-08-02 16:30:00,46820.43451,1246094.10699,0.0,-2.1518053246542346,78.81664099631301,-0.16017240732684895,0.08986359315485198,0.1836591011727401,False,299.29429500845583
2020-08-02 17:00:00,47085.08298,1245917.05152,7.275957614183426e-12,-2.1642639124646554,78.81814355020109,-0.1367354374743109,0.1056884613726751,0.17281964798197752,False,307.7019164167745
2020-08-02 17:30:00,47297.96235,1245695.31043,1.4551915228366852e-11,-2.1744261561606164,78.8200651034474,-0.11772384773547873,0.11538092958321287,0.16483829420717902,False,314.424143926371
2020-08-02 18:00:00,47492.82374,1245485.89931,7.275957614183426e-12,-2.1837426027838673,78.82188160055986,-0.10316669498847007,0.14662944515248838,0.1792862547452275,False,324.8702469607586
2020-08-02 18:30:00,47648.97878,1245153.67585,7.275957614183426e-12,-2.191499695459542,78.8248155257636,-0.08143190498514694,0.18543895697727847,0.20253089125940996,False,336.2922562527594
2020-08-02 19:00:00,47760.23621,1244807.59722,0.0,-2.197221804117345,78.82788932845563,-0.0674994253312485,0.18579025450201261,0.19767192792091498,False,340.0334193392746
2020-08-02 19:30:00,47866.15497,1244476.0063,2.3283064365386963e-10,-2.2026760011885216,78.83083457663678,-0.05113286013658108,0.1953391807582459,0.20192068969040747,False,345.3311284518133
2020-08-02 20:00:00,47917.15056,1244097.82081,2.3283064365386963e-10,-2.2056899988407728,78.83421774718167,-0.02559158866366363,0.21287661193664972,0.21440937787316375,False,353.14491688414273
2020-08-02 20:30:00,47928.72166,1243706.67249,4.657181272575765e-10,-2.2069152810868937,78.8377311108887,-0.002363604963249245,0.2241493994350698,0.22416186092983073,False,359.3958512933026
2020-08-02 21:00:00,47894.57933,1243291.15383,2.329443027495599e-10,-2.20608104094383,78.84147944830487,0.016095674431492867,0.228171124597543,0.22873813157301104,False,4.035081395767122
2020-08-02 21:30:00,47839.2007,1242888.09575,2.3283064365386963e-10,-2.204246633863084,78.84512307236956,0.02355578569801271,0.21308756705300327,0.21438560183095054,False,6.308155010833502
2020-08-02 22:00:00,47780.33656,1242527.8678,1.4551915228366852e-11,-2.202174701967411,78.84838273471658,0.03399075855721526,0.2135061502835124,0.21619493027400224,False,9.045730506435802
2020-08-02 22:30:00,47687.38947,1242124.7433,7.275957614183426e-12,-2.198607631270263,78.85203988342357,0.05902274904894854,0.22549183344907206,0.233088506489529,False,14.668157032158945
2020-08-02 23:00:00,47536.8687,1241724.84634,0.0,-2.1923798500692246,78.85568778527414,0.07565256424346664,0.21976427162625,0.23242126744346792,False,18.995724522348382
2020-08-02 23:30:00,47384.97417,1241344.58973,2.329443027495599e-10,-2.186050133758986,78.85915940125858,0.07902973703721942,0.22721156926081829,0.2405634979420936,False,19.178923890823853
2020-08-03 00:00:00,47221.36795,1240918.33236,4.657181272575765e-10,-2.179257237941372,78.86304853337761,0.1039209480014026,0.2351736644748545,0.25711129087623064,False,23.840167670972903
2020-08-03 00:30:00,46978.93553,1240512.80299,2.329443027495599e-10,-2.1687878105289213,78.86677796702932,0.12329492904348643,0.2333120092286815,0.2638865915088577,False,27.854442327176912
2020-08-03 01:00:00,46746.03856,1240095.80804,7.275957614183426e-12,-2.1587712656725144,78.87060688614267,0.11868039035131525,0.2371907144060341,0.2652253194066988,False,26.58148130366925
2020-08-03 01:30:00,46519.82451,1239675.61639,2.329443027495599e-10,-2.149061825113282,78.87446194146769,0.09499436518918751,0.2446952308087076,0.2624874956987921,False,21.21696035996729
2020-08-03 02:00:00,46371.26604,1239228.34883,0.0,-2.1429777731376896,78.8785340331012,0.08027308178493854,0.23348429867335432,0.24689812754705037,False,18.97322875131954
2020-08-03 02:30:00,46199.61283,1238846.4668,0.0,-2.1357099689196732,78.88202575381274,0.08457251014580644,0.2035455209506209,0.22041617130197635,False,22.562727669152935
2020-08-03 03:00:00,46039.70892,1238507.44017,7.275957614183426e-12,-2.128906828113053,78.88512798025917,0.08043928197013472,0.19628334746290457,0.21212644949443285,False,22.28440976901095
2020-08-03 03:30:00,45883.98185,1238151.09181,7.275957614183426e-12,-2.1223225820057228,78.88838441426033,0.05321740021294645,0.20470768179061594,0.211512001242277,False,14.572486647395124
2020-08-03 04:00:00,45820.96628,1237778.09292,2.1827872842550278e-11,-2.1200486052239915,78.89175958961368,0.055945583276347355,0.2193224599129884,0.2263454212269714,False,14.310054298009902
2020-08-03 04:30:00,45653.50708,1237369.52202,0.0,-2.113004456606426,78.89548930914248,0.08013025186658343,0.210220289159881,0.22497428128269703,False,20.865484754957492
2020-08-03 05:00:00,45504.79016,1237032.45046,7.275957614183426e-12,-2.106700893732915,78.89856969101264,0.0864120754512009,0.17729293195186765,0.19723039954295488,False,25.984473565409985
2020-08-03 05:30:00,45319.17126,1236743.13447,0.0,-2.098605512848033,78.9012326517272,0.08907214461381686,0.17334928799124993,0.1948943883060208,False,27.195479596131236
2020-08-03 06:00:00,45161.49291,1236420.55395,0.0,-2.0918554946805283,78.90418534181593,0.09729640009341228,0.20153614318998733,0.22379322260299223,False,25.770039960313284
2020-08-03 06:30:00,44942.65459,1236030.87318,7.275957614183426e-12,-2.0823836883105615,78.90776128294618,0.14556215456890256,0.2135500404963266,0.2584414065871098,False,34.27952337915855
2020-08-03 07:00:00,44609.88047,1235671.32266,7.275957614183426e-12,-2.0675791958323426,78.91110299542981,0.18842010742729576,0.21063066395291336,0.2826082332136819,False,41.81429133068758
2020-08-03 07:30:00,44237.42675,1235297.56876,7.275957614183426e-12,-2.0509513247353905,78.91458446488443,0.22356676241642387,0.20021606871840206,0.30011426395693624,False,48.15384337217722
2020-08-03 08:00:00,43779.76036,1234979.81034,2.3283064365386963e-10,-2.030272488251155,78.91758862396043,0.24195048440814093,0.14568923006454257,0.28242766978844913,False,58.94596944909193
2020-08-03 08:30:00,43348.37072,1234804.27492,2.329443027495599e-10,-2.0105689667678472,78.91930403937502,0.23324226119933714,0.08177231877518275,0.24716121161551607,False,70.67986266765593
2020-08-03 09:00:00,42930.27715,1234715.07015,2.3283064365386963e-10,-1.9913365254343698,78.92023761129066,0.2224429782007739,0.0578730725022001,0.22984814785347932,False,75.41664065747688
2020-08-03 09:30:00,42540.82002,1234623.884,2.3283064365386963e-10,-1.9734313883742078,78.92117887769359,0.22692457236644809,0.042577836721907875,0.23088445968408697,False,79.37315447925732
2020-08-03 10:00:00,42108.55484,1234590.01265,0.0,-1.953448150205767,78.92161675426216,0.2661265978521041,0.02267359135261901,0.26709072958296604,False,85.13024469840371
2020-08-03 10:30:00,41580.53865,1234574.96423,2.3283064365386963e-10,-1.9289951916288295,78.9219130345847,0.27503608072497265,0.026426731370662482,0.27630276479161553,False,84.51160672436038
2020-08-03 11:00:00,41115.78367,1234528.25905,0.0,-1.907522508173207,78.92247305877184,0.2560269778735758,0.011760760953728617,0.25629695452206847,False,87.36993102345218
2020-08-03 11:30:00,40657.94298,1234563.32893,0.0,-1.8862433688327578,78.92229402899758,0.28004810917520206,-0.013497407129041579,0.28037318604284006,False,92.75933478353232
2020-08-03 12:00:00,40109.75613,1234610.00762,2.3283064365386963e-10,-1.8607590404844,78.92203548824915,0.31237035194066015,-0.028471582535745554,0.31366521608814335,False,95.20794117289682
2020-08-03 12:30:00,39537.33086,1234702.28692,0.0,-1.8340845481067738,78.92137160959359,0.30065878219274456,-0.048830332637556956,0.3045982677152296,False,99.22492531052853
2020-08-03 13:00:00,39033.56521,1234820.34844,2.3283064365386963e-10,-1.8105581730754625,78.92045393513482,0.2635491764849264,-0.06726677262222419,0.27199813809085693,False,104.31815245467226
2020-08-03 13:30:00,38596.67854,1234974.30296,4.656612873077393e-10,-1.7900835630564838,78.91919278026056,0.2423691195561136,-0.10045211842979555,0.2623612361067072,False,112.51201328551241
2020-08-03 14:00:00,38172.75863,1235209.05544,0.0,-1.7700988148572672,78.91719989329708,0.2110259731930242,-0.11242643478610538,0.23910596939595083,False,118.04695610179834
2020-08-03 14:30:00,37849.84947,1235402.31127,2.3283064365386963e-10,-1.7548602989479412,78.9155510837018,0.1782428333397676,-0.0957823881839614,0.20234814929524617,False,118.25225959518224
2020-08-03 15:00:00,37541.9448,1235573.3605,4.656612873077393e-10,-1.740352692151965,78.91409711842142,0.16581344178509572,-0.07716038348554449,0.18288745789762517,False,114.95465768096892
2020-08-03 15:30:00,37261.63259,1235698.08936,2.3283064365386963e-10,-1.7271917549793652,78.91305158047578,0.1712870103834062,-0.055455265485259746,0.18004034657855375,False,107.93969202576761
2020-08-03 16:00:00,36931.60896,1235791.49446,7.275957614183426e-12,-1.7117739695434027,78.91230056582144,0.19736265563162303,-0.04992696035740646,0.2035797612939377,False,104.19632505874256
2020-08-03 16:30:00,36556.81314,1235898.97018,1.4551915228366852e-11,-1.6942651609430803,78.91143410551584,0.21236762539952975,-0.06366533561079836,0.22170539749016166,False,106.68811712796219
2020-08-03 17:00:00,36174.19617,1236043.19352,2.329443027495599e-10,-1.6763470264095253,78.9102381334793,0.22336121331795356,-0.0901870977397629,0.24088159791397495,False,111.98749759863409
2020-08-03 17:30:00,35762.55478,1236247.02761,4.658886054991198e-10,-1.6570087654883436,78.90851244494007,0.2182864047263191,-0.099280304205821,0.23980311359851594,False,114.45683394105242
2020-08-03 18:00:00,35399.02864,1236423.17643,2.329443027495599e-10,-1.639940987329836,78.90702212836699,0.19411177836487525,-0.10334488761477817,0.21990804509177372,False,118.03078586198734
2020-08-03 18:30:00,35074.68586,1236638.91547,0.0,-1.6246398332712801,78.905164720684,0.1839054868139983,-0.10413704297484044,0.21134273538458204,False,119.52084081214332
2020-08-03 19:00:00,34747.86382,1236816.68948,2.3283064365386963e-10,-1.6092783977859149,78.90364863781893,0.19215732868622007,-0.08690683032394414,0.21089626863645272,False,114.3357717986288
2020-08-03 19:30:00,34391.97866,1236971.08389,0.0,-1.5926061108995062,78.90234932541925,0.22087554060919354,-0.08523576110026268,0.23675121839125676,False,111.10157668483998
2020-08-03 20:00:00,33961.54717,1237145.51906,4.656612873077393e-10,-1.5724623495076109,78.90088722705853,0.25834141087263995,-0.11017100099256281,0.2808521568928561,False,113.09606896101081
2020-08-03 20:30:00,33473.18342,1237393.07125,0.0,-1.5495516893749333,78.89878015203168,0.26406770758986414,-0.13192024829733412,0.29518588398261236,False,116.54532824871023
2020-08-03 21:00:00,33024.09341,1237645.9651,2.3283064365386963e-10,-1.5284599659081928,78.8966138211661,0.2474889635643965,-0.1464046397353793,0.28755017931176013,False,120.60687309287187
2020-08-03 21:30:00,32596.5986,1237943.70545,2.3285906362878826e-10,-1.508320663310868,78.89403744663274,0.24762568745276892,-0.16558356141688016,0.2978865503811042,False,123.77004937686058
2020-08-03 22:00:00,32148.64045,1238265.3243,3.637978807091713e-12,-1.487215767160236,78.89124966903287,0.23835959473397958,-0.18262633115904284,0.3002793253528444,False,127.45861031266895
2020-08-03 22:30:00,31755.85663,1238623.20967,3.637978807091713e-12,-1.4686290796176895,78.88812141532291,0.2279560102261511,-0.18907259723583647,0.29616277555379905,False,129.67318813215303
2020-08-03 23:00:00,31345.71347,1238966.79478,0.0,-1.44926728483983,78.88512457436825,0.2214443365712486,-0.19065187230358638,0.2922083684844488,False,130.7267122143457
2020-08-03 23:30:00,30976.27097,1239329.49946,0.0,-1.4317743143670472,78.88194530885592,0.18865538882117075,-0.21380844897952678,0.28514015603961856,False,138.57620253491677
2020-08-04 00:00:00,30685.99854,1239753.23475,2.3283064365386963e-10,-1.4178783663114742,78.87819835734999,0.17125892965063755,-0.2221302720033869,0.2804843644936036,False,142.368344598254
2020-08-04 00:30:00,30379.7147,1240144.17914,2.329443027495599e-10,-1.4032895580067593,78.87474925591395,0.1633100308339433,-0.21844597473452126,0.2727431209924434,False,143.21824036691328
2020-08-04 01:00:00,30117.51749,1240553.80222,0.0,-1.3907238335784968,78.87112176208662,0.1489943939648531,-0.21125062670000072,0.25850755639651407,False,144.80480497665485
2020-08-04 01:30:00,29861.95052,1240917.47549,0.0,-1.3785232383186088,78.86790565937653,0.11154091576081092,-0.2129354412445712,0.24038069395602582,False,152.35332709130768
2020-08-04 02:00:00,29734.52807,1241329.80815,1.4551915228366852e-11,-1.3721874886514522,78.86422373132287,0.07873729132675523,-0.21441563183887405,0.22841546406129754,False,159.8358533363733
2020-08-04 02:30:00,29597.06208,1241695.93826,2.329443027495599e-10,-1.365443538873581,78.86095946200902,0.07181703603827047,-0.19786233407033352,0.2104927312499947,False,160.05089158839257
2020-08-04 03:00:00,29493.03382,1242048.07113,3.637978807091713e-12,-1.3602604503215845,78.85781381371177,0.04490275023412592,-0.20046789182747388,0.20543522734024966,False,167.37472309004835
2020-08-04 03:30:00,29452.58965,1242421.25667,2.3283064365386963e-10,-1.3579879394173038,78.8544651203054,0.013498466255151362,-0.19914457772003566,0.19960153162371472,False,176.12229488229997
2020-08-04 04:00:00,29461.44339,1242765.9419,4.657181272575765e-10,-1.358019396597099,78.85136229558013,0.007887078507133388,-0.19448129569109915,0.19464115798326526,False,177.67767478701967
2020-08-04 04:30:00,29440.79707,1243121.8656,0.0,-1.3566796616772425,78.84816464398735,0.0051418753662686514,-0.20585906641904372,0.2059232723836781,False,178.56918367307588
2020-08-04 05:00:00,29460.48417,1243507.26506,3.637978807091713e-12,-1.357165937172755,78.8446932072289,-0.007424920749216514,-0.21816223809980909,0.2182885511905055,False,181.9492488033634
2020-08-04 05:30:00,29486.12095,1243906.39625,2.3285906362878826e-10,-1.3579108246937557,78.84109695200382,-0.009947077000138024,-0.22783704667313118,0.22805408169463057,False,182.4998736756611
2020-08-04 06:00:00,29515.72084,1244326.39948,2.329443027495599e-10,-1.3588148339142214,78.83731206085514,-0.015074072220364226,-0.23691100313561644,0.23739008205910545,False,183.64068364046142
2020-08-04 06:30:00,29560.59717,1244757.74917,7.275957614183426e-12,-1.360408615922202,78.83342181137148,-0.02101976091670471,-0.23035016604125508,0.23130721853031133,False,185.21387690267477
2020-08-04 07:00:00,29611.05844,1245153.6298,0.0,-1.3622969204877773,78.8298494457139,-0.0016867954347183963,-0.2226727740501014,0.22267916288239928,False,180.4340198802414
2020-08-04 07:30:00,29585.72594,1245559.00021,2.329443027495599e-10,-1.3606890857383587,78.82620789776185,0.022213405478477742,-0.23046190342058082,0.23152996417567293,False,174.49447042176854
2020-08-04 08:00:00,29550.81413,1245984.95765,3.637978807091713e-12,-1.3586195973682962,78.82238315819956,0.02612968233959504,-0.2592156330758072,0.26052927806689913,False,174.24386432207586
2020-08-04 08:30:00,29513.81129,1246494.14449,2.3283064365386963e-10,-1.3563649142945549,78.81781004414913,0.038426768904814744,-0.28521079866841065,0.28778779724918274,False,172.32668299837343
2020-08-04 09:00:00,29436.82075,1247014.70337,4.656612873077393e-10,-1.3522634598051917,78.81314308001868,0.07379551685886948,-0.29744264088887584,0.3064602795264281,False,166.06626100887274
2020-08-04 09:30:00,29273.49135,1247570.90925,3.637978807091713e-12,-1.3441639083271473,78.80817358162531,0.10069302823846234,-0.32679054924508066,0.341951968866584,False,162.8745159405205
2020-08-04 10:00:00,29102.02259,1248199.329,3.637978807091713e-12,-1.3356208364350963,78.8025558410338,0.09668440838568015,-0.3563446160250452,0.36922805986940627,False,164.81980888903513
2020-08-04 10:30:00,28955.42361,1248861.51431,0.0,-1.328190808857687,78.79662884713922,0.08044373217688473,-0.36709783961605547,0.3758084856643361,False,167.63990055233222
2020-08-04 11:00:00,28843.13552,1249527.2388,0.0,-1.3223373256405297,78.79066266816618,0.05168855369945074,-0.3769408983434158,0.3804683264445049,False,172.19193226902576
2020-08-04 11:30:00,28800.70969,1250222.43432,2.329443027495599e-10,-1.3196590129136825,78.78441672155277,0.017802370967664204,-0.36253943220022566,0.36297625860671984,False,177.18876904370183
2020-08-04 12:00:00,28809.12187,1250833.51057,2.3285906362878826e-10,-1.3193996655444604,78.77891702643629,0.016028592636548628,-0.3226674742347504,0.32306534124065633,False,177.15615455845926
2020-08-04 12:30:00,28769.76893,1251385.05791,2.3283064365386963e-10,-1.3170174899692888,78.77396278676649,0.012259224479381197,-0.328377509789246,0.32860626518711145,False,177.8619858103799
2020-08-04 13:00:00,28792.17138,1252016.37168,2.3283064365386963e-10,-1.3173782913700374,78.7682780594797,0.0022449185170644315,-0.36292295121126844,0.36292989429784506,False,179.64559222420513
2020-08-04 13:30:00,28791.72705,1252691.421,7.275957614183426e-12,-1.3166483215145854,78.762204525177,0.0061328580603689665,-0.39038759960080455,0.3904357691990665,False,179.0999765843506
2020-08-04 14:00:00,28802.39185,1253421.90329,2.3283064365386963e-10,-1.3163685080290417,78.75562990649505,-0.02952769210550696,-0.4060096502931103,0.4070819582494554,False,184.1596026427116
2020-08-04 14:30:00,28931.57674,1254150.22798,0.0,-1.3215029990129425,78.74905011088036,-0.08900772299393664,-0.4022711795771602,0.41200057848377497,False,192.47642334146587
2020-08-04 15:00:00,29156.13304,1254862.30448,1.0913936421275139e-11,-1.3310009030819674,78.74259647210522,-0.13703404623229182,-0.39567714589025077,0.4187346816382047,False,199.10239844644687
2020-08-04 15:30:00,29457.85341,1255562.82235,7.275957614183426e-12,-1.3440196346141486,78.73623021520108,-0.17929734888238946,-0.37542161466762286,0.41603957513185974,False,205.52864207109516
2020-08-04 16:00:00,29833.12633,1256198.31069,7.275957614183426e-12,-1.3604468103124092,78.73043274074462,-0.1947674873790298,-0.37121124403868955,0.4192042006477178,False,207.6851428493772
2020-08-04 16:30:00,30190.54665,1256882.15909,4.656754979456206e-10,-1.3759908421050175,78.72420304974548,-0.20701160745681343,-0.37467283132741563,0.4280578654303129,False,208.92122068509207
2020-08-04 17:00:00,30610.54284,1257528.84825,3.637978807091713e-12,-1.3944082780579217,78.71829313727135,-0.23958807493822265,-0.3412637612021031,0.4169693038610989,False,215.07120720156888
2020-08-04 17:30:00,31082.70458,1258089.3558,1.0913936421275139e-11,-1.4152775057457907,78.71314584679912,-0.251564176763497,-0.29763512611946386,0.38970656054375724,False,220.2048280648697
2020-08-04 18:00:00,31542.36197,1258577.63989,1.0913936421275139e-11,-1.4356412553855669,78.70864966907459,-0.23583809817484097,-0.27367919005060554,0.3612753902737929,False,220.7525255646814
2020-08-04 18:30:00,31956.1396,1259053.0203,1.0913936421275139e-11,-1.453917257421632,78.70427862516216,-0.21277507255399397,-0.26296829993325377,0.3382684707006302,False,218.9772988957065
2020-08-04 19:00:00,32332.12581,1259504.58558,2.3285906362878826e-10,-1.4704889666333198,78.70012941548542,-0.1880423830963704,-0.2671809769455912,0.3267194703138499,False,215.13794196438585
2020-08-04 19:30:00,32657.55233,1259997.18306,0.0,-1.4847025950214536,78.69562186506374,-0.17643807947942178,-0.2838762031949868,0.33423957669729687,False,211.86226434535354
2020-08-04 20:00:00,32993.56854,1260509.73935,7.275957614183426e-12,-1.4993622279101821,78.69093153075173,-0.18542685565892109,-0.29010240556459643,0.3443000501218667,False,212.58578809266623
2020-08-04 20:30:00,33352.18722,1261023.7275,7.275957614183426e-12,-1.5150342759689075,78.68622217416109,-0.1945405295783635,-0.2727962758781463,0.3350579439165946,False,215.4939910318369
2020-08-04 21:00:00,33719.63473,1261472.94601,7.275957614183426e-12,-1.531172599216003,78.68209256860965,-0.1845116428878647,-0.24641761771758508,0.3078411744435575,False,216.82499471701493
2020-08-04 21:30:00,34039.89609,1261892.76508,0.0,-1.5451943113118112,78.67823801738098,-0.1643499070336562,-0.2585892692785425,0.3063972945833269,False,212.43855095746798
2020-08-04 22:00:00,34336.18197,1262387.57449,7.275957614183426e-12,-1.558026568865243,78.67371394479935,-0.14853413547458544,-0.28070341553739214,0.3175795914342424,False,207.88554284283384
2020-08-04 22:30:00,34601.897,1262888.38502,0.0,-1.569455231259873,78.66914283012838,-0.15445841550689574,-0.29461231435533725,0.33264668627645894,False,207.66698214884593
2020-08-04 23:00:00,34921.07228,1263432.55143,7.275957614183426e-12,-1.5832430234329298,78.66416788233664,-0.1766484199413737,-0.3157303230843836,0.3617876465314331,False,209.22664042046137
2020-08-04 23:30:00,35268.99279,1264007.00985,4.657181272575765e-10,-1.5982824785110197,78.65891250037956,-0.20492349222771902,-0.3220014945220886,0.38167866084084745,False,212.47289571824655
2020-08-05 00:00:00,35690.84202,1264570.72945,2.3283064365386963e-10,-1.6166686802692043,78.65373417362542,-0.24445787963115465,-0.31837834957841055,0.4014030747192063,False,217.51784467425176
2020-08-05 00:30:00,36181.02689,1265127.88736,2.329443027495599e-10,-1.6381389361733358,78.64859611951805,-0.2677025461148417,-0.29217008765701186,0.3962676031646732,False,222.4976533381714
2020-08-05 01:00:00,36684.2455,1265594.56175,2.329443027495599e-10,-1.6602979818633132,78.64426711767432,-0.2941426547724796,-0.2649578575545724,0.3958820122669268,False,227.98810210181455
2020-08-05 01:30:00,37267.13232,1266050.65465,2.329443027495599e-10,-1.6860565606379763,78.64001051927251,-0.3237820378291569,-0.274390928091619,0.4244115802376057,False,229.7202017528084
2020-08-05 02:00:00,37878.42043,1266547.64553,2.3283064365386963e-10,-1.713024327047017,78.6353760134454,-0.35331348263308365,-0.26825282794695077,0.44361018553664283,False,232.79245921862338
2020-08-05 02:30:00,38567.36084,1266977.9109,2.329443027495599e-10,-1.7435701374467931,78.63131802500325,-0.3979293733974682,-0.244653746364153,0.467122298571281,False,238.41609233149313
2020-08-05 03:00:00,39337.10103,1267384.40411,4.657181272575765e-10,-1.7777767525128776,78.6274481086864,-0.43135418873848796,-0.21489053823646082,0.4819173991108797,False,243.51859091663195
2020-08-05 03:30:00,40143.48811,1267702.96951,2.329443027495599e-10,-1.8137404140832525,78.62435470882619,-0.4437973349662048,-0.15724505100110328,0.47083126551605026,False,250.48988570037525
2020-08-05 04:00:00,40951.88776,1267899.63569,4.656612873077393e-10,-1.8499531391250232,78.62235284922396,-0.4558948596307279,-0.1072992584389882,0.46835163488481374,False,256.75592192163776
2020-08-05 04:30:00,41796.32406,1268036.06333,2.329443027495599e-10,-1.8878692299996294,78.62087765240935,-0.45468974951295005,-0.08585784041281952,0.4627249043141102,False,259.3068961943158
2020-08-05 05:00:00,42598.06485,1268154.63137,2.329443027495599e-10,-1.9238757845481478,78.61957102365574,-0.4261381703163593,-0.08870749571629151,0.43527320156061794,False,258.24089781804435
2020-08-05 05:30:00,43340.27773,1268303.72811,4.656612873077393e-10,-1.9571409087959897,78.61800356961383,-0.40770833099530346,-0.10750753256088019,0.42164434387325134,False,255.22806962920524
2020-08-05 06:00:00,44078.17635,1268491.30625,2.329443027495599e-10,-1.9901419273139238,78.61608745304298,-0.39932857458420074,-0.137296529949507,0.42227200666824394,False,251.02608502877428
2020-08-05 06:30:00,44794.15817,1268747.77376,2.329443027495599e-10,-2.022033593019102,78.61355482285978,-0.4059374966382873,-0.15399609673360617,0.43416592333593584,False,249.22530160534004
2020-08-05 07:00:00,45558.20224,1268993.78411,7.275957614183426e-12,-2.0560952732675877,78.61109719921161,-0.4218072038838594,-0.17035535059231888,0.45490907083037113,False,248.0076866148951
2020-08-05 07:30:00,46333.68965,1269306.17733,0.0,-2.090548940860339,78.60803466054769,-0.44550138029273356,-0.19721482465761941,0.48720136176684314,False,246.12195657687076
2020-08-05 08:00:00,47186.83878,1269644.77995,2.329443027495599e-10,-2.128440162161226,78.60470629121752,-0.4705795480291697,-0.18113006672052578,0.5042352745430646,False,248.9478604794454
2020-08-05 08:30:00,48050.82489,1269894.87776,4.657181272575765e-10,-2.166948403154349,78.60216529236722,-0.4799705357803407,-0.12329153158512467,0.4955527388461021,False,255.59372380059455
2020-08-05 09:00:00,48930.27964,1270022.97803,7.275957614183426e-12,-2.206347983447607,78.60071105825538,-0.48215457270874296,-0.1024664837797952,0.49292231870969844,False,258.00211867183384
2020-08-05 09:30:00,49799.49587,1270196.65958,2.332849477807962e-10,-2.2451958951586883,78.59884505904141,-0.4785814595431489,-0.1026021909243314,0.4894562523872012,False,257.8996318977656
2020-08-05 10:00:00,50666.32064,1270324.56624,2.332849477807962e-10,-2.2840056444174204,78.59738635290795,-0.4566844811602593,-0.07506619411728968,0.4628127578534,False,260.6656401190155
2020-08-05 10:30:00,51453.02366,1270401.16253,0.0,-2.3192915888938246,78.59641307392148,-0.43761392447705416,-0.05402076207746663,0.4409355844470246,False,262.9627876612809
2020-08-05 11:00:00,52248.31028,1270455.12763,0.0,-2.354999869650214,78.59563581349343,-0.43861649697353056,-0.06524177865340858,0.44344212824132023,False,261.53960089340137
2020-08-05 11:30:00,53040.36047,1270570.95119,0.0,-2.3904413378288414,78.594299012083,-0.4264627298418146,-0.08435460667052944,0.4347253841342512,False,258.8112852203356
2020-08-05 12:00:00,53794.90616,1270694.5056,0.0,-2.424171718731855,78.5929025899697,-0.4183723184575167,-0.10133007539058529,0.4304685598625984,False,256.3851019506219
2020-08-05 12:30:00,54560.58244,1270871.70755,1.4551915228366852e-11,-2.4582911185352887,78.59101545750423,-0.4243586192121118,-0.10037697700097459,0.4360685441664697,False,256.69196349247335
2020-08-05 13:00:00,55336.69064,1270990.00427,7.275957614183426e-12,-2.4929840057547077,78.58964989264089,-0.4249091205384564,-0.08604897888795894,0.43353452859538755,False,258.55177137080926
2020-08-05 13:30:00,56102.28188,1271114.65443,7.275957614183426e-12,-2.5271828567315087,78.5882271703153,-0.42447366196345737,-0.09070910395653489,0.4340576358518128,False,257.9374508566585
2020-08-05 14:00:00,56877.70842,1271248.86015,2.329443027495599e-10,-2.5617963685435634,78.5867104848077,-0.43140538474025036,-0.08278821042881561,0.4392772402127036,False,259.13680630227316
2020-08-05 14:30:00,57667.11048,1271342.97721,4.657181272575765e-10,-2.5971110051014494,78.5855443938444,-0.4450300933723599,-0.06095211834520481,0.44918475568275823,False,262.20119063061384
2020-08-05 15:00:00,58488.114,1271395.46667,2.346425826049686e-10,-2.633925630272265,78.58473518538763,-0.4610757485142619,-0.026675388320011442,0.46184675186690477,False,266.68886222046297
2020-08-05 15:30:00,59329.64265,1271362.62856,7.275957614183426e-12,-2.671837011865045,78.58467985308398,-0.4545827224996697,-0.00273521167307636,0.454590951271699,False,269.6552570390839
2020-08-05 16:00:00,60123.29179,1271329.01664,2.329443027495599e-10,-2.7075966607232846,78.58464682928431,-0.441931494524553,0.009962204521441587,0.4420437663530977,False,271.2913667062571
2020-08-05 16:30:00,60917.12575,1271251.64979,2.329443027495599e-10,-2.7434586790270683,78.58500265880922,-0.44455227739550396,0.030050512132166904,0.4455667858098656,False,273.86715420530516
2020-08-05 17:00:00,61716.66769,1271144.35766,0.0,-2.779644916835697,78.5856205548384,-0.45444782752802004,0.03883489973543335,0.4561041299773531,False,274.8843520907195
2020-08-05 17:30:00,62544.43318,1271032.67035,7.275957614183426e-12,-2.8171139586618126,78.5862609117687,-0.4835438827536746,0.0473621433210624,0.4858578590168777,False,275.59416125709345
2020-08-05 18:00:00,63446.94203,1270888.50504,2.1827872842550278e-11,-2.858021308990645,78.58715482083146,-0.48456525636300946,0.06107532203228359,0.4883991017963651,False,277.1837631651889
2020-08-05 18:30:00,64275.73526,1270726.09306,2.332849477807962e-10,-2.895661307452202,78.58824045968993,-0.4245549986829622,0.04019279122550304,0.42645328861809345,False,275.40809609636744
2020-08-05 19:00:00,64966.07899,1270666.78518,7.275957614183426e-12,-2.9268442972993314,78.58845801267051,-0.3571673995867926,0.015603141615320133,0.35750805495241544,False,272.5014211797778
2020-08-05 19:30:00,65556.99247,1270604.34084,2.3283064365386963e-10,-2.9535640325772414,78.58874651798712,-0.32254978981470683,0.01416264221479649,0.3228605695095267,False,272.51415059013414
2020-08-05 20:00:00,66123.08864,1270556.03579,0.0,-2.979135888631083,78.5889170465363,-0.34721593061315087,0.017433799280802353,0.34765333283160066,False,272.8744215954612
2020-08-05 20:30:00,66802.01864,1270476.69978,0.0,-3.0098563139858916,78.58931094071117,-0.39601782126720286,0.04295772062647752,0.39834090992847415,False,276.19090809875956
2020-08-05 21:00:00,67538.66591,1270326.74292,1.4551915228366852e-11,-3.0433434617300557,78.59030874636649,-0.37785214676154016,0.07924890830436396,0.3860733534961173,False,281.84524909584195
2020-08-05 21:30:00,68145.22116,1270119.58757,2.332849477807962e-10,-3.0711230860736976,78.59187954394521,-0.2956944599877952,0.08448718719627266,0.3075277198364593,False,285.94594331920973
2020-08-05 22:00:00,68585.34192,1269965.9947,4.658886054991198e-10,-3.091292913751051,78.59304711508746,-0.20535800191933132,0.0646651186648066,0.21529859851897226,False,287.47867764513194
2020-08-05 22:30:00,68870.88029,1269847.26421,4.658886054991198e-10,-3.1044273108109626,78.59397536580019,-0.20276796670682518,0.06830681436774041,0.21396417740240797,False,288.6172211315526
2020-08-05 23:00:00,69300.91817,1269680.91909,4.658886054991198e-10,-3.124181894332311,78.59526015202266,-0.22397672468457652,0.07793179770753489,0.23714750324293682,False,289.18513503755787
2020-08-05 23:30:00,69660.70783,1269523.18228,0.0,-3.1407587383905553,78.59650086935807,-0.17881295431860464,0.07332244976037419,0.1932621387416842,False,292.29613590533324
2020-08-06 00:00:00,69929.21571,1269382.08553,0.0,-3.1531901902319786,78.59763629984997,-0.1631166518785543,0.06200605038594785,0.17450441944126852,False,290.81345816730186
2020-08-06 00:30:00,70234.76026,1269267.99796,0.0,-3.167223647596141,78.59851003544907,-0.17845119872157955,0.04615695677707687,0.18432388609208958,False,284.5019076218065
2020-08-06 01:00:00,70561.47807,1269180.68014,0.0,-3.1821451850038724,78.59913192080529,-0.18913936303711654,0.04329743182005639,0.19403186916663612,False,282.8938791009109
2020-08-06 01:30:00,70905.95965,1269074.57044,2.9103830456733704e-11,-3.1979150840049417,78.59991299497679,-0.22345329450431495,0.0737937257169807,0.23532294571508552,False,288.27540747193234
2020-08-06 02:00:00,71349.83752,1268870.56104,4.656612873077393e-10,-3.2184086742901297,78.60152282308513,-0.24906369453584093,0.11313048053562616,0.2735529739594588,False,294.4286454099563
2020-08-06 02:30:00,71778.30971,1268617.60424,2.3283064365386963e-10,-3.2383391718190335,78.60357889282666,-0.24302186629163802,0.13596143165168065,0.2784692772868228,False,299.2253426508893
2020-08-06 03:00:00,72195.66976,1268332.45992,4.665698955615924e-10,-3.2578589844097943,78.6059285110167,-0.20667019121584618,0.1473283408437946,0.25380742296666525,False,305.4838135527124
2020-08-06 03:30:00,72490.97852,1268045.79733,1.4551915228366852e-11,-3.2718939244857523,78.60835319339274,-0.1767933020035814,0.16417263781465843,0.24126443301977304,False,312.8801964001176
2020-08-06 04:00:00,72797.35605,1267706.07656,4.656612873077393e-10,-3.2865706702509323,78.61124826296957,-0.15224445160268613,0.18425450981162703,0.23901484771813988,False,320.4340106474381
2020-08-06 04:30:00,73000.12917,1267352.15062,2.3283064365386963e-10,-3.2966234269474866,78.61432388592854,-0.1158886713838402,0.19823692402661672,0.22962591796799922,False,329.6895803797255
2020-08-06 05:00:00,73172.82614,1266969.61346,2.3283064365386963e-10,-3.3054005027132587,78.61767185871969,-0.12294931697038573,0.19493670257871532,0.23047093646650307,False,327.7597940057284
2020-08-06 05:30:00,73401.5475,1266626.02547,1.4551915228366852e-11,-3.316606825084597,78.6206403990674,-0.13856839493607537,0.18258644254207884,0.2292138937222873,False,322.8044317268021
2020-08-06 06:00:00,73632.80916,1266284.54326,2.346425826049686e-10,-3.3279280070234756,78.62358824487026,-0.12845480605883614,0.1956228810786757,0.23402766674291933,False,326.70929181840995
2020-08-06 06:30:00,73822.32324,1265896.12592,0.0,-3.3374954330481317,78.62697925723621,-0.10198179941292959,0.22125317275259887,0.24362523240541067,False,335.2536970865044
2020-08-06 07:00:00,73952.95017,1265468.00918,0.0,-3.3445161948843816,78.63075759191676,-0.07989565662823789,0.2291987451030377,0.2427249074670017,False,340.7821196341045
2020-08-06 07:30:00,74061.32075,1265055.63587,0.0,-3.350495422861812,78.63440599049045,-0.08130966835582304,0.21769301398927854,0.23238225084517566,False,339.5190331400449
2020-08-06 08:00:00,74199.36249,1264668.54652,2.3283064365386963e-10,-3.357751167569414,78.63781142922225,-0.08761052235993151,0.19918822929538024,0.2176041229343071,False,336.25828961537326
2020-08-06 08:30:00,74334.17775,1264321.31632,0.0,-3.364759693356145,78.64086023590995,-0.09057205116736901,0.1781854535120907,0.1998833467199655,False,333.05567086047853
2020-08-06 09:00:00,74487.21052,1264009.0475,0.0,-3.3725018413069257,78.64358508622273,-0.09810479944909459,0.16534679655047155,0.19226053886445366,False,329.31817907152686
2020-08-06 09:30:00,74651.72654,1263706.32226,2.3283064365386963e-10,-3.380741057744265,78.64621787753454,-0.10228882246917768,0.1713393045147248,0.19954989469734266,False,329.1629815188275
2020-08-06 10:00:00,74818.43496,1263371.58405,4.656612873077393e-10,-3.389168838002075,78.64913689398132,-0.10798898968515194,0.19151964287676326,0.21986676761362275,False,330.5833773646929
2020-08-06 10:30:00,74999.04707,1262995.07481,2.3283064365386963e-10,-3.398341569158807,78.6524235432294,-0.12049544862371692,0.2193816370061247,0.25029473784823736,False,331.22219156299127
2020-08-06 11:00:00,75204.63998,1262557.48534,0.0,-3.408813697704291,78.65624531013782,-0.137944994673877,0.26913628771222226,0.30242877329892415,False,332.86272805940644
2020-08-06 11:30:00,75437.16024,1261998.37052,2.3283064365386963e-10,-3.420839515343367,78.66114407277033,-0.13109755773261034,0.33509123024409654,0.35982315410484245,False,338.63309931869776
2020-08-06 12:00:00,75603.76931,1261325.14529,4.656612873077393e-10,-3.4302022237304706,78.66710303027499,-0.11413258958098003,0.3987581140902979,0.4147701550947361,False,344.027813599635
2020-08-06 12:30:00,75761.41005,1260540.82932,2.332849477807962e-10,-3.4394709751522443,78.67406455910728,-0.09974802727817778,0.46065195190741737,0.47132779436608835,False,347.78199327509276
2020-08-06 13:00:00,75862.72444,1259648.24195,1.4551915228366852e-11,-3.446494036192441,78.68202895205057,-0.06230102666555089,0.480542845130431,0.4845645921129928,False,352.61296768110225
2020-08-06 13:30:00,75881.28948,1258800.52079,1.4551915228366852e-11,-3.449651378666773,78.68963487644129,-0.006824768370213688,0.4462382958259479,0.4462904817772313,False,359.12378667737255
2020-08-06 14:00:00,75790.58626,1258043.21653,2.3283064365386963e-10,-3.447606954160897,78.69648759681867,0.02914286735410229,0.43682340088342475,0.43779446122236404,False,3.8168572225506523
2020-08-06 14:30:00,75681.99764,1257237.11167,1.4551915228366852e-11,-3.444881334174038,78.70378835387275,0.075472377624041,0.4753354627963155,0.4812898107959624,False,9.021944829504491
2020-08-06 15:00:00,75416.55308,1256351.42693,2.9103830456733704e-11,-3.4352420477637433,78.7118886516812,0.061420976413635156,0.43799529713665164,0.4422809250436063,False,7.982649626315322
2020-08-06 15:30:00,75366.79801,1255676.41115,2.9103830456733704e-11,-3.4348221698542645,78.71797978036683,-0.004190903352326442,0.3679739665999545,0.3679978311977028,False,359.34747912944897
2020-08-06 16:00:00,75352.24603,1255028.19643,1.4551915228366852e-11,-3.4359300300822744,78.7238111129431,-0.06819893919743614,0.33875275229401647,0.34554959484049014,False,348.6171636885989
2020-08-06 16:30:00,75538.78476,1254444.37902,0.0,-3.4460145812143628,78.72895523725963,-0.07719788708120609,0.35371370489818343,0.3620399132728349,False,347.6882751664137
2020-08-06 17:00:00,75553.11618,1253740.42473,0.0,-3.4485973688741813,78.73527157871588,-0.03457893340718102,0.39385690912995125,0.39537193565676476,False,354.9825435921666
2020-08-06 17:30:00,75577.75341,1253021.5736,0.0,-3.4516935119564236,78.74171610291735,-0.10712069755097507,0.40423262643154795,0.4181851983458464,False,345.157898554462
2020-08-06 18:00:00,75850.43566,1252264.60931,2.332849477807962e-10,-3.4662057181007198,78.74836819569909,-0.20528163272506741,0.4265607900777194,0.4733863711240509,False,334.3008956019049
2020-08-06 18:30:00,76222.57214,1251444.08333,4.658886054991198e-10,-3.4854479656716397,78.75553612727063,-0.20491436313550745,0.4530685010572217,0.4972534191631751,False,335.6636549189602
2020-08-06 19:00:00,76487.60331,1250591.73171,2.346425826049686e-10,-3.499914931099599,78.76304750793312,-0.18323499238680893,0.4463488385272797,0.4824959565526384,False,337.6808838742571
2020-08-06 19:30:00,76782.89398,1249799.95503,1.4551915228366852e-11,-3.5156132754812415,78.76999729302533,-0.149184546424526,0.434495348310896,0.4593933353845029,False,341.05002401753165
2020-08-06 20:00:00,76927.74044,1248997.55898,1.4551915228366852e-11,-3.5244856852849415,78.77712488931802,-0.11300962453247401,0.4411295980724263,0.45537511738402126,False,345.63085769196744
2020-08-06 20:30:00,77091.33261,1248189.88192,1.4551915228366852e-11,-3.5342414612401574,78.78428920607834,-0.10971539194419488,0.44689524647618534,0.460166088007883,False,346.2063612921659
2020-08-06 21:00:00,77222.78871,1247367.44758,2.3283064365386963e-10,-3.5425810071941455,78.79160357628972,-0.10507355951551398,0.44397868317043254,0.4562428344851145,False,346.6851576385084
2020-08-06 21:30:00,77370.11372,1246571.23971,4.656612873077393e-10,-3.5515834700131172,78.79867324317672,-0.07640625736220222,0.43007162187841835,0.4368060394605738,False,349.92597805325624
2020-08-06 22:00:00,77401.41282,1245805.12394,0.0,-3.555195886201198,78.80553709616106,-0.02748674880779979,0.4171764771019591,0.41808101416737936,False,356.23036827701253
2020-08-06 22:30:00,77375.74668,1245066.1586,1.4551915228366852e-11,-3.556123965680364,78.8121888066742,-0.028143367409436286,0.42218410799624706,0.42312110580037166,False,356.18622778899726
2020-08-06 23:00:00,77408.2625,1244281.90336,1.4551915228366852e-11,-3.5598510833574313,78.81921476448152,-0.013755892696781024,0.4274650263494433,0.42768630248795153,False,358.15684873813103
2020-08-06 23:30:00,77329.62187,1243527.17896,2.332849477807962e-10,-3.558396663712096,78.82603751974136,0.05334941851989865,0.40170297695974466,0.40523011012847066,False,7.565074652115072
2020-08-07 00:00:00,77126.81958,1242850.48093,1.4551915228366852e-11,-3.551015844481644,78.83222866919189,0.045609804463604194,0.331071468527719,0.33419840145684215,False,7.843934077923336
2020-08-07 00:30:00,77091.92146,1242347.77979,0.0,-3.5508457532779816,78.83676329776348,0.010940027407117518,0.2652980352780803,0.2655235050274797,False,2.361353581242554
2020-08-07 01:00:00,77028.35933,1241899.68075,0.0,-3.549202451263289,78.84082345464697,0.010517638083350992,0.2526021715134548,0.25282103900618164,False,2.384256588981657
2020-08-07 01:30:00,76997.83557,1241442.5001,1.4551915228366852e-11,-3.5491028079696836,78.84494675526173,-0.042610655007837644,0.25783277182392533,0.26133007126353697,False,350.6158514416785
2020-08-07 02:00:00,77124.00439,1240963.76699,1.4551915228366852e-11,-3.5562713492155615,78.84917624186903,-0.0874281521106969,0.26158449600329464,0.27580814043604446,False,341.5190690533876
2020-08-07 02:30:00,77253.55806,1240483.08627,1.4551915228366852e-11,-3.563606628633062,78.85342113607327,-0.11093229669575591,0.26316392644506303,0.2855892621093758,False,337.14296821222297
2020-08-07 03:00:00,77463.70194,1239993.3861,2.3283064365386963e-10,-3.574682717085997,78.85770164399524,-0.175628236205531,0.2711778051189833,0.3230830842706177,False,327.070898256048
2020-08-07 03:30:00,77823.72147,1239469.32436,0.0,-3.5927674443748923,78.86220589186851,-0.23886983382773158,0.2858347294489622,0.37250542287602945,False,320.1147612641229
2020-08-07 04:00:00,78257.46115,1238912.51623,1.4551915228366852e-11,-3.614357728688009,78.8669613001354,-0.2699168532187266,0.30481977973836777,0.40714887421095325,False,318.4752220625834
2020-08-07 04:30:00,78724.3117,1238312.89922,1.4551915228366852e-11,-3.6376176086870182,78.87208065300578,-0.259828485070691,0.3159141070194141,0.40903858579357044,False,320.5638789782637
2020-08-07 05:00:00,79118.80289,1237718.1707,0.0,-3.6575484268864673,78.8771957967314,-0.2314284639053699,0.30304976266170947,0.38131128039295864,False,322.6322981692544
2020-08-07 05:30:00,79486.16045,1237170.99364,1.4551915228366852e-11,-3.6761051179303044,78.88189820146546,-0.22014200778368753,0.26944439378768636,0.3479407779129186,False,320.7504202767266
2020-08-07 06:00:00,79847.49085,1236699.35396,1.4551915228366852e-11,-3.6941743356819394,78.8859245851928,-0.21706188927036502,0.21227510959403578,0.30360597149394164,False,314.3612222790367
2020-08-07 06:30:00,80216.72216,1236358.04337,1.4551915228366852e-11,-3.7122309877427178,78.88877491490511,-0.23298975674470623,0.15753155246599249,0.2812479631398299,False,304.0638371013446
2020-08-07 07:00:00,80647.77614,1236079.12428,0.0,-3.732962635276643,78.89102767390284,-0.25580833216932775,0.1004124036296421,0.2748100318582553,False,291.4314887491271
2020-08-07 07:30:00,81112.14332,1235937.36853,0.0,-3.754824987736942,78.89202770654632,-0.28539358760818767,0.018607950114553556,0.2859995728236985,False,273.7304623847242
2020-08-07 08:00:00,81668.60072,1235944.99684,0.0,-3.7804866750923307,78.89163017393031,-0.31843503091518,-0.042735375609498055,0.32128987105484125,False,262.35632673399266
2020-08-07 08:30:00,82266.1587,1236015.29652,0.0,-3.807850934322913,78.89064313612995,-0.3323307153729342,-0.1072694559003514,0.349214032578079,False,252.1109977760502
2020-08-07 09:00:00,82887.99591,1236250.86132,2.3283064365386963e-10,-3.835819391508315,78.8881551068353,-0.3260085717182107,-0.18639191437905805,0.3755310034865801,False,240.24169921075335
2020-08-07 09:30:00,83482.04951,1236606.29106,1.4551915228366852e-11,-3.8621205207012785,78.88460508288323,-0.32730164045353616,-0.2468731211831098,0.40996670816819536,False,232.9739217721465
2020-08-07 10:00:00,84123.46787,1237058.22199,0.0,-3.890286168979128,78.88015740005015,-0.35256503594521804,-0.30323955963712657,0.46503369243525927,False,229.30132755568826
2020-08-07 10:30:00,84822.42415,1237609.32542,2.346425826049686e-10,-3.9207676525256163,78.87478126853546,-0.3578258919740647,-0.3735369949214843,0.5172709691660726,False,223.76936405322468
2020-08-07 11:00:00,85500.57489,1238311.7266,1.4551915228366852e-11,-3.949780459563235,78.86805658569463,-0.34579399610193823,-0.43324649962921846,0.554324830023983,False,218.59498032988833
2020-08-07 11:30:00,86171.76028,1239079.55982,0.0,-3.9782283835484047,78.8607459528388,-0.3694388665235309,-0.47062821904971663,0.5983109531540429,False,218.131590871366
2020-08-07 12:00:00,86944.89368,1239909.63528,0.0,-4.011126593882869,78.85280963612891,-0.4099501145071135,-0.500599636221472,0.6470387099466813,False,219.3146682732335
2020-08-07 12:30:00,87770.027,1240774.07017,2.3283064365386963e-10,-4.046255802684552,78.8445281380353,-0.4166528997929409,-0.5231648867160773,0.6688057547588182,False,218.5341097672363
2020-08-07 13:00:00,88574.001,1241682.49514,1.4551915228366852e-11,-4.0802175283751865,78.83586105831448,-0.40407402347287713,-0.5343932357537988,0.6699641384917363,False,217.09424264388537
2020-08-07 13:30:00,89357.89186,1242589.50577,1.4551915228366852e-11,-4.113210130432379,78.8272156395864,-0.4051278609900062,-0.5385224049686039,0.6738953660647229,False,216.9539711010645
2020-08-07 14:00:00,90167.76125,1243511.5707,0.0,-4.14729257958813,78.81841441240539,-0.3968147229972792,-0.5503910059021148,0.6785220584220893,False,215.7904260909441
2020-08-07 14:30:00,90925.98097,1244462.4124,2.9103830456733704e-11,-4.178859896412149,78.8093847483899,-0.3762085893308102,-0.549751651720386,0.6661529713628626,False,214.38479704773056
2020-08-07 15:00:00,91662.72942,1245386.72321,2.332849477807962e-10,-4.209483356018578,78.80060390877398,-0.3706302166502162,-0.5275714348108027,0.6447467536347239,False,215.0888616956148
2020-08-07 15:30:00,92396.06203,1246258.60633,1.4551915228366852e-11,-4.240080527215208,78.79229259510025,-0.33382788324632,-0.5033152428274437,0.6039596752227481,False,213.55464723563122
2020-08-07 16:00:00,92995.18745,1247104.84418,2.9103830456733704e-11,-4.26458825439691,78.78429804904566,-0.2639974550958801,-0.4919062026698869,0.5582708737899632,False,208.22167728517317
2020-08-07 16:30:00,93475.50708,1247953.8923,4.656612873077393e-10,-4.283627447152965,78.7763560805663,-0.17811531992121463,-0.4990051949363974,0.5298407796349283,False,199.6435566528358
2020-08-07 17:00:00,93768.79267,1248848.34984,2.332849477807962e-10,-4.29395122976771,78.76813144946112,-0.07135497607376257,-0.5364229620946445,0.541147971328434,False,187.57700288554247
2020-08-07 17:30:00,93876.25377,1249860.36105,1.4551915228366852e-11,-4.2953860088991025,78.75897680353626,0.008491959247921316,-0.566387360754965,0.5664510180014184,False,179.14101725268006
2020-08-07 18:00:00,93891.02496,1250883.90687,1.4551915228366852e-11,-4.292557206257187,78.74978102460486,0.05279777359336976,-0.610827051201316,0.6131046333014551,False,175.05983007259783
2020-08-07 18:30:00,93851.30664,1252067.39674,2.3283064365386963e-10,-4.286707514428125,78.73918635876637,0.07519938380568479,-0.6829214787154976,0.6870492656394566,False,173.7162340262728
2020-08-07 19:00:00,93804.83224,1253355.78194,0.0,-4.280204714188446,78.72765458568962,0.089264834728714,-0.725830332717807,0.7312987642628607,False,172.98879607336295
2020-08-07 19:30:00,93725.86786,1254697.08221,2.332849477807962e-10,-4.272060168969377,78.71566941342624,0.09173961659205224,-0.7365864840602777,0.7422774452674272,False,172.90054230511316
2020-08-07 20:00:00,93673.0197,1256024.72778,2.3283064365386963e-10,-4.265163779542882,78.70378895523474,0.0974747421229559,-0.7383013829553877,0.7447081693024287,False,172.4789835223727
2020-08-07 20:30:00,93573.60395,1257373.70423,2.332849477807962e-10,-4.256099565794123,78.69174786018692,0.11929593893472923,-0.7442183174786421,0.7537190624609806,False,170.89313361346865
2020-08-07 21:00:00,93443.57352,1258728.39793,4.656612873077393e-10,-4.245649445126375,78.67967543304488,0.13295094248055522,-0.7444522593801651,0.7562308639580247,False,169.8743558281659
2020-08-07 21:30:00,93294.70389,1260081.81167,4.656612873077393e-10,-4.2343738529862485,78.66762650282861,0.14334885836707373,-0.7406717967353877,0.7544160693373193,False,169.04645730664743
2020-08-07 22:00:00,93125.80531,1261425.6418,2.332849477807962e-10,-4.222249286278271,78.65567629568663,0.15219016990561512,-0.7355001021764531,0.7510807201076812,False,168.30930598056932
2020-08-07 22:30:00,92943.25181,1262762.76407,1.4551915228366852e-11,-4.209556201173969,78.64379468121864,0.16854118747243624,-0.7153441528910041,0.7349308735860586,False,166.74241156370135
2020-08-07 23:00:00,92709.72811,1264038.47147,4.658886054991198e-10,-4.194794752148632,78.63249724434225,0.17208462905916516,-0.6925903160065446,0.7136486988599334,False,166.04654820316927
2020-08-07 23:30:00,92507.78745,1265294.72518,2.9103830456733704e-11,-4.181549111609722,78.62135284196634,0.16509455649213517,-0.6801252846390765,0.699876142891526,False,166.35584384359356
2020-08-08 00:00:00,92295.50361,1266523.74228,1.4551915228366852e-11,-4.167953185395314,78.61045898868106,0.1854798696766287,-0.643214073223259,0.6694229799220484,False,163.9143358992668
2020-08-08 00:30:00,92010.12239,1267652.7025,1.4551915228366852e-11,-4.151423361153103,78.6005102840419,0.20937027778959416,-0.5817536788037119,0.6182825050277132,False,160.20644637833442
2020-08-08 01:00:00,91695.36108,1268667.1252,2.346425826049686e-10,-4.133974304615092,78.59160788837414,0.2150882443126026,-0.5204328384484763,0.5631281312250487,False,157.54531730113683
2020-08-08 01:30:00,91372.88203,1269577.20581,1.4551915228366852e-11,-4.116543020441902,78.58364612725053,0.24294625232065184,-0.4446846549489433,0.5067221367413413,False,151.35072915490406
2020-08-08 02:00:00,90937.92974,1270326.64389,2.9103830456733704e-11,-4.094605541521103,78.57719786850164,0.267855580693288,-0.37953480706809295,0.46453555502754906,False,144.7875804900317
2020-08-08 02:30:00,90508.62371,1271008.89659,1.4551915228366852e-11,-4.07316053226789,78.57134751164995,0.2648442064757812,-0.38423967821297483,0.4666718161802753,False,145.42273793116885
2020-08-08 03:00:00,90085.15226,1271774.13581,2.3283064365386963e-10,-4.051735432441617,78.56474668142533,0.2795032356554786,-0.39593614228892016,0.4846519240780067,False,144.78058163335015
2020-08-08 03:30:00,89605.63959,1272501.80031,0.0,-4.027942724938036,78.55851704192897,0.3240807307682927,-0.391192575964658,0.5079960152847416,False,140.36019014224854
2020-08-08 04:00:00,89020.26616,1273260.90229,4.656612873077393e-10,-3.99933682547727,78.55206959438871,0.3733658395552474,-0.4006940793428071,0.5476840287676595,False,137.021991695317
2020-08-08 04:30:00,88365.40265,1274034.53165,2.3283064365386963e-10,-3.967607759699389,78.54553209019555,0.3904805699771128,-0.4282045073846353,0.5795120151249403,False,137.63824840826555
2020-08-08 05:00:00,87724.56791,1274896.00992,4.658886054991198e-10,-3.9362719161206576,78.53819344103684,0.3691656420478731,-0.4588253944967536,0.5889006825464884,False,141.18024380204355
2020-08-08 05:30:00,87152.93036,1275773.63802,4.658886054991198e-10,-3.908020023532765,78.53066383062307,0.32583544244187257,-0.45850936788036634,0.5624940675112441,False,144.60084729260393
2020-08-08 06:00:00,86666.7867,1276622.75177,1.4551915228366852e-11,-3.883710912488035,78.52333536140937,0.2916776959102615,-0.4480584659955822,0.5346328340476605,False,146.93662395098534
2020-08-08 06:30:00,86214.55385,1277454.06526,1.4551915228366852e-11,-3.8610003934033164,78.51614409048764,0.2599777089563452,-0.4592099040048722,0.5276951251341575,False,150.48400610568467
2020-08-08 07:00:00,85844.30835,1278335.17659,1.4551915228366852e-11,-3.8418273676535857,78.50845426833789,0.2033357694208034,-0.4595065314734125,0.5024855098335437,False,156.13017936978815
2020-08-08 07:30:00,85595.02682,1279153.61771,0.0,-3.8282607182104225,78.50125334605995,0.18012416068625559,-0.4478105954246335,0.4826790265150256,False,158.0883853800401
2020-08-08 08:00:00,85304.94304,1279986.99179,0.0,-3.8128482742918313,78.49394203061578,0.18479077417548273,-0.45127817342986604,0.4876470240189829,False,157.7317308169413
2020-08-08 08:30:00,85039.28468,1280818.86056,0.0,-3.798547630781088,78.48662878647879,0.1649379263289255,-0.4465854269597095,0.47607043923611986,False,159.7292394021615
2020-08-08 09:00:00,84818.97933,1281630.5043,2.9103830456733704e-11,-3.7863433097385326,78.47946948983122,0.15448928266752618,-0.4674057157005443,0.4922753716454489,False,161.7099871224887
2020-08-08 09:30:00,84595.45352,1282534.575,0.0,-3.7737396444025357,78.47148129070104,0.13110321642401912,-0.485511217600222,0.5029007812405677,False,164.88875435678176
2020-08-08 10:00:00,84463.06797,1283405.61846,0.0,-3.7653011789391657,78.46373529958352,0.10127217421540229,-0.48083509384851275,0.4913842088901747,False,168.1063519935642
2020-08-08 10:30:00,84345.33518,1284285.78664,0.0,-3.7574982769274867,78.45589838999055,0.0972691343503089,-0.5118601900142332,0.5210202861872707,False,169.24033694093998
2020-08-08 11:00:00,84234.41059,1285267.30187,0.0,-3.749713295780167,78.44714678877043,0.051974353337445614,-0.5214820365809706,0.5240656904258114,False,174.30831948357206
2020-08-08 11:30:00,84281.40229,1286171.33956,1.4551915228366852e-11,-3.749169588468026,78.43899802918702,-0.005397974788118161,-0.5225653653089914,0.5225932444572288,False,180.59183059958798
2020-08-08 12:00:00,84376.81318,1287143.24042,1.4551915228366852e-11,-3.7505756760541025,78.43021106805452,-0.052469106096117976,-0.505303122406072,0.5080199332780668,False,185.92817058165667
2020-08-08 12:30:00,84588.87902,1287974.17898,2.346425826049686e-10,-3.757556260504502,78.42262155452653,-0.09212320149530252,-0.46840441970291724,0.47737761222220165,False,191.1266066771397
2020-08-08 13:00:00,84818.25209,1288804.1372,0.0,-3.76529668970114,78.41503038941778,-0.09482729001453793,-0.48346716324291317,0.49267911754574184,False,191.09712462535435
2020-08-08 13:30:00,85043.817,1289688.48566,4.665698955615924e-10,-3.772699908704248,78.40695261464182,-0.09248427422336755,-0.4852229254504113,0.49395812409684936,False,190.79123251819857
2020-08-08 14:00:00,85265.41089,1290525.24713,2.9103830456733704e-11,-3.780056303274577,78.39930442385804,-0.08660495904940002,-0.47086433107751247,0.47876261050025776,False,190.4217975984256
2020-08-08 14:30:00,85466.66948,1291359.35505,4.656612873077393e-10,-3.7865124871671054,78.39169191437342,-0.08423618176798589,-0.45301524063005055,0.4607803626045187,False,190.53359415371767
2020-08-08 15:00:00,85675.69921,1292132.51556,0.0,-3.7934817043620948,78.38462207539405,-0.10710115463336986,-0.42732858260406614,0.4405455422929634,False,194.07018521234306
2020-08-08 15:30:00,85953.16887,1292868.85828,2.3283064365386963e-10,-3.803570085213408,78.37784189919478,-0.14449381720177937,-0.3688761567728416,0.39616673540952835,False,201.3909555544135
2020-08-08 16:00:00,86282.82244,1293423.03814,2.332849477807962e-10,-3.816483662237008,78.37266643972309,-0.14591495853796888,-0.3432079094102548,0.37293812383141367,False,203.03278750145085
2020-08-08 16:30:00,86559.5371,1294066.70269,4.658886054991198e-10,-3.826788312743013,78.3667183437221,-0.12888272857808974,-0.3891953881950607,0.4099802530830449,False,198.32237862278004
2020-08-08 17:00:00,86839.27598,1294790.05153,4.658886054991198e-10,-3.836980258040725,78.36005221548132,-0.14241727808865381,-0.37711029875606106,0.4031065101509359,False,200.6892529485373
2020-08-08 17:30:00,87161.93761,1295386.94774,2.332849477807962e-10,-3.849424949856602,78.35449564752876,-0.21537623883490414,-0.3464486402890026,0.4079382117585559,False,211.86791883046658
2020-08-08 18:00:00,87696.61248,1295982.39971,2.332849477807962e-10,-3.8711926549867846,78.3488227572029,-0.22589287920483164,-0.34734164855004074,0.4143353879321783,False,213.0378743548565
2020-08-08 18:30:00,88057.71761,1296579.62155,2.332849477807962e-10,-3.885299199116437,78.34323824276743,-0.17356531626445865,-0.33182827376291274,0.3744795351931212,False,207.61216066937175
2020-08-08 19:00:00,88400.95559,1297131.89759,0.0,-3.8987414176153234,78.33806765287143,-0.1565027274834848,-0.3055729054986514,0.3433189541587497,False,207.11978474023704
2020-08-08 19:30:00,88694.62053,1297638.83008,0.0,-3.910129386471476,78.33333413031052,-0.13549989929946465,-0.29287066146860297,0.3226971444856959,False,204.8281506569348
2020-08-08 20:00:00,88959.51657,1298150.51386,1.4551915228366852e-11,-3.9202300233049714,78.32857515764977,-0.11798937272164509,-0.2784756627845893,0.3024403855945227,False,202.96223989683872
2020-08-08 20:30:00,89186.92773,1298609.95687,0.0,-3.928833973877244,78.32430816839981,-0.10936104392795626,-0.31196109056432575,0.33057459060716665,False,199.3186194275803
2020-08-08 21:00:00,89429.24021,1299243.95924,0.0,-3.9375583528725393,78.31846375377923,-0.12764547189291672,-0.3745128228250047,0.39566806916292696,False,198.82068669199748
2020-08-08 21:30:00,89737.9498,1299923.46531,0.0,-3.949049003017292,78.31216915638362,-0.166426809633543,-0.3962128726237098,0.4297470458275794,False,202.78454497106304
2020-08-08 22:00:00,90125.18711,1300625.6768,0.0,-3.963901232362662,78.30562125289751,-0.22065450543123682,-0.4010105519683655,0.4577093767414831,False,208.82161977347317
2020-08-08 22:30:00,90630.2015,1301308.73761,0.0,-3.983955914381326,78.29917090309824,-0.2873060027714982,-0.38784977963799294,0.48267192874019077,False,216.52979680474618
2020-08-08 23:00:00,91253.99746,1301946.7017,0.0,-4.009328607815495,78.29304939422711,-0.3315615012621395,-0.36753744994867776,0.49499172339947317,False,222.05413179496904
2020-08-08 23:30:00,91913.41385,1302545.17761,1.4551915228366852e-11,-4.0363558824602315,78.28725763703545,-0.3450438702374664,-0.34817524234096187,0.4901849362920459,False,224.74118834567437
2020-08-09 00:00:00,92581.30263,1303109.58874,1.4551915228366852e-11,-4.0638330481757015,78.28176376962911,-0.35959375026334756,-0.3335745433993939,0.4904891856428365,False,227.14968164332598
2020-08-09 00:30:00,93289.79943,1303651.2856,2.346425826049686e-10,-4.093131238031988,78.27644507289719,-0.3741169222363528,-0.29353252348463577,0.4755258287904659,False,231.88223261003603
2020-08-09 01:00:00,94000.11449,1304067.4773,0.0,-4.122877800480781,78.27224920792672,-0.3618265686542447,-0.27202680503577004,0.45267764296690605,False,233.0635890154493
2020-08-09 01:30:00,94659.41143,1304534.39823,2.3283064365386963e-10,-4.150213242984911,78.26762784592898,-0.3633946650583239,-0.2834586076134951,0.460873588767064,False,232.04471348974073
2020-08-09 02:00:00,95378.75642,1304990.57442,2.346425826049686e-10,-4.180183926084886,78.26306087406812,-0.3888418905777421,-0.26878255421897196,0.47269660176538963,False,235.3462722096915
2020-08-09 02:30:00,96126.05111,1305397.40308,2.9103830456733704e-11,-4.211510094667667,78.25891530822011,-0.40134139142876807,-0.1992130457364914,0.44806333265018355,False,243.60166666653274
2020-08-09 03:00:00,96872.35172,1305599.69871,1.4551915228366852e-11,-4.243433082106404,78.25660344055579,-0.4027448879719598,-0.12139678143197477,0.4206431068371252,False,253.2259579244505
2020-08-09 03:30:00,97604.29567,1305725.95064,1.4551915228366852e-11,-4.274965132488629,78.25498034134931,-0.392885319838556,-0.09238655006290228,0.40360147320986034,False,256.76736432045027
2020-08-09 04:00:00,98307.59614,1305825.93228,2.346425826049686e-10,-4.305325097091698,78.25360890514817,-0.397359740357701,-0.07453619163511957,0.4042900037356932,False,259.37599319244293
2020-08-09 04:30:00,99050.89804,1305886.13447,4.665698955615924e-10,-4.337554587960883,78.25256407321628,-0.39541506420664274,-0.023683759730162138,0.39612370981361295,False,266.57231008653616
2020-08-09 05:00:00,99733.46169,1305803.28744,1.4551915228366852e-11,-4.3676056121623805,78.25284144971191,-0.3561881334814345,0.009969094265445969,0.35632761508682087,False,271.6031919596812
2020-08-09 05:30:00,100326.71843,1305752.69775,2.332849477807962e-10,-4.393654104376163,78.25288762063266,-0.3249911362209268,0.0077695761430084664,0.32508399673870597,False,271.3695116279482
2020-08-09 06:00:00,100897.84875,1305685.76955,0.0,-4.418792700175386,78.25309338094948,-0.32779419258164827,-0.004136886760557824,0.327820296080527,False,269.276943965942
2020-08-09 06:30:00,101504.41727,1305676.62738,4.3655745685100555e-11,-4.445282041199531,78.25275339989801,-0.3352245463589364,0.03023693330209893,0.3365854551478276,False,275.15407705291545
2020-08-09 07:00:00,102092.58994,1305483.70795,2.9103830456733704e-11,-4.471594342577411,78.25407351481978,-0.3710197838194573,0.06798446898192555,0.3771969883339357,False,280.3835052915583
2020-08-09 07:30:00,102816.94142,1305328.49287,2.9103830456733704e-11,-4.503723734499908,78.25495647594676,-0.3994475953119454,0.05996288765306666,0.40392317251698995,False,278.5371831368934
2020-08-09 08:00:00,103509.21037,1305155.58986,1.4551915228366852e-11,-4.534519540602853,78.25601733384445,-0.4084069072268566,0.03202366981604367,0.4096604902832261,False,274.4834564540582
2020-08-09 08:30:00,104273.48977,1305097.32981,4.3655745685100555e-11,-4.5680628774562,78.2559941900599,-0.4257690095683463,0.03829555545913839,0.4274877765231826,False,275.1396068099681
2020-08-09 09:00:00,105026.12991,1304896.08906,1.4551915228366852e-11,-4.601600344266735,78.25725866478861,-0.40935508842731383,0.07877829345089973,0.4168664149825097,False,280.89310716223974
2020-08-09 09:30:00,105719.66543,1304696.41366,1.4551915228366852e-11,-4.632560818300754,78.2585480437054,-0.3947737271640595,0.048694393773613835,0.3977655586447663,False,277.0317787537384
2020-08-09 10:00:00,106428.51436,1304606.57935,1.4551915228366852e-11,-4.66380523453041,78.25883703398802,-0.42037558394729146,-0.006960739802113276,0.420433209294436,False,269.0513612479262
2020-08-09 10:30:00,107230.04424,1304598.34036,0.0,-4.698801938789038,78.25832196919903,-0.4230613310943645,-0.009484552418306216,0.4231676341615827,False,268.7157091208112
2020-08-09 11:00:00,107949.21346,1304515.84667,0.0,-4.730471049663691,78.25852999604807,-0.41139361770639854,0.002847955199985666,0.4114034753601135,False,270.3966352407655
2020-08-09 11:30:00,108705.17091,1304465.98535,2.9103830456733704e-11,-4.763627389115599,78.25841411093992,-0.4214272074614966,0.034544919839493704,0.4228406823799152,False,274.68613024861145
2020-08-09 12:00:00,109450.78323,1304265.92346,2.332849477807962e-10,-4.79688161144089,78.25964973708082,-0.4448839826402578,0.08071107444995518,0.4521460334324779,False,280.28278855659096
2020-08-09 12:30:00,110276.8459,1304042.5131,4.665698955615924e-10,-4.833738540147777,78.26102985671596,-0.4660384483497062,0.08546592621051242,0.47381036278581173,False,280.39189610124697
2020-08-09 13:00:00,111096.62831,1303817.96643,2.9103830456733704e-11,-4.870334318480594,78.26242009275086,-0.48963340462184773,0.08824820853859042,0.4975224791221524,False,280.21691674424585
2020-08-09 13:30:00,112006.18929,1303576.31323,4.656612873077393e-10,-4.910919918046952,78.26388980731373,-0.5041399638743335,0.09482272010629655,0.5129799717567649,False,280.65220221317975
2020-08-09 14:00:00,112875.64677,1303322.48964,1.4551915228366852e-11,-4.949811759349785,78.26549394121446,-0.4866620713554276,0.10927985816593139,0.4987805720922993,False,282.65582807751593
2020-08-09 14:30:00,113717.69459,1303033.20634,1.4551915228366852e-11,-4.987653130839574,78.26743217017574,-0.4868355431390644,0.13394350623510626,0.5049254488793982,False,285.3832242799506
2020-08-09 15:00:00,114579.69571,1302689.74527,5.820766091346741e-11,-5.0265857431495276,78.26983545299716,-0.5010438287187424,0.16022035935592135,0.526037528936175,False,287.7328802012969
2020-08-09 15:30:00,115463.97793,1302300.5897,1.4551915228366852e-11,-5.066683676827816,78.2726253965764,-0.4877651917874288,0.18698818118287172,0.5223786578924388,False,290.9746736923322
2020-08-09 16:00:00,116269.33919,1301864.1408,0.0,-5.103539285168901,78.27589692886265,-0.46097537126516874,0.2060147531131488,0.5049162023676125,False,294.08037118881055
2020-08-09 16:30:00,117050.93589,1301414.25362,0.0,-5.139430314147835,78.27930325737474,-0.4421829491897077,0.21808972092768059,0.4930404516146938,False,296.2530456627968
2020-08-09 17:00:00,117784.46687,1300939.57599,1.4551915228366852e-11,-5.1733405182674765,78.28296628426875,-0.4056943911960359,0.23877282127654434,0.4707445158770124,False,300.47908461927125
2020-08-09 17:30:00,118427.97847,1300426.48092,1.4551915228366852e-11,-5.203491291625486,78.28704318528037,-0.34046387078376517,0.2741289123382418,0.437106746560622,False,308.83973149043555
2020-08-09 18:00:00,118915.58374,1299845.61889,2.346425826049686e-10,-5.22711924513442,78.29185239182227,-0.24950776685078677,0.3038631464039495,0.3931754537879681,False,320.60993595420643
2020-08-09 18:30:00,119222.81178,1299255.29062,4.658886054991198e-10,-5.2429166581008415,78.29689296427597,-0.16120111287594305,0.29856751429236533,0.3393057019608782,False,331.63471950492266
2020-08-09 19:00:00,119395.26225,1298722.24359,0.0,-5.252600893025793,78.30153020326097,-0.08524834527131818,0.28656864336223964,0.29897971123467953,False,343.43332850921206
2020-08-09 19:30:00,119433.97309,1298199.88045,2.332849477807962e-10,-5.2563967393447975,78.3061816734287,-0.01895124965149392,0.26489160075342855,0.26556865404837793,False,355.9078366381423
2020-08-09 20:00:00,119375.83699,1297766.3938,2.332849477807962e-10,-5.255597532414827,78.31011614022025,0.01900410565157373,0.22447438257763058,0.22527739448338938,False,4.839148000831813
2020-08-09 20:30:00,119291.82414,1297401.43669,2.332849477807962e-10,-5.253388595885002,78.31345750979705,0.037987787542684434,0.18597711719915386,0.18981717552449234,False,11.544461424894052
2020-08-09 21:00:00,119178.35402,1297112.20993,4.656612873077393e-10,-5.249583245131847,78.31614414352032,0.06236143601929013,0.13647420453917697,0.15004718326909414,False,24.55787390192495
2020-08-09 21:30:00,119023.31278,1296932.73089,1.4551915228366852e-11,-5.24351354257566,78.31788095646199,0.07551394728753949,0.07802689487972203,0.10858431083502111,False,44.06234435565585
2020-08-09 22:00:00,118881.97058,1296857.33267,0.0,-5.237624229224306,78.31867319927947,0.0695032120932676,0.017469575735711184,0.07166507215978707,False,75.89102424982082
2020-08-09 22:30:00,118768.40488,1296892.94395,0.0,-5.232505728213731,78.31844720498567,0.04173682378447634,-0.030111812531210397,0.05146536421255745,False,125.80926953314338
2020-08-09 23:00:00,118742.23019,1296978.98613,2.9103830456733704e-11,-5.231013839731005,78.31769724170557,0.0007208705287993873,-0.06403102050930234,0.0640350782132886,False,179.35498304271647
2020-08-09 23:30:00,118786.83668,1297122.73219,0.0,-5.2323913110587,78.31637179588462,-0.05408595509328801,-0.0926884211028543,0.10731464925578993,False,210.26460432773553
2020-08-10 00:00:00,118966.55826,1297293.51737,2.332849477807962e-10,-5.239577724311546,78.31469287974276,-0.1063222284368447,-0.10836147906399063,0.1518111537559486,False,224.4557717409117
2020-08-10 00:30:00,119203.6216,1297476.24967,2.346425826049686e-10,-5.249225031622442,78.3128594387864,-0.12939974251015426,-0.13015058138932456,0.18353056202625606,False,224.83425264811734
2020-08-10 01:00:00,119473.30973,1297717.47572,2.9103830456733704e-11,-5.260061933151121,78.31047430220816,-0.17590854176648738,-0.1421032558604904,0.22613524801004384,False,231.0678678017281
2020-08-10 01:30:00,119881.12465,1297927.61104,2.9103830456733704e-11,-5.277065934929137,78.30825317023209,-0.24409521392192562,-0.11071516840328485,0.26803044971450235,False,245.60220591520022
2020-08-10 02:00:00,120384.98574,1298033.54126,2.9103830456733704e-11,-5.29868948228044,78.30688539017352,-0.2961069521209646,-0.06798602418211219,0.30381149843028976,False,257.0690285004846
2020-08-10 02:30:00,120965.15662,1298072.87348,2.3283064365386963e-10,-5.323918646845483,78.30604924478494,-0.34175813606382055,-0.03603191366143851,0.34365232774989646,False,263.9814810260539
2020-08-10 03:00:00,121622.04321,1298048.53892,2.332849477807962e-10,-5.352761831770848,78.30571714140471,-0.36010760682463205,0.017557190713811538,0.36053535671099574,False,272.7912683985361
2020-08-10 03:30:00,122249.99442,1297889.00651,2.346425826049686e-10,-5.380894546673835,78.30661839689772,-0.34375170811889366,0.09154112544795315,0.35573166078230223,False,284.91180878127466
2020-08-10 04:00:00,122823.19222,1297604.3943,1.4551915228366852e-11,-5.407153713034391,78.30868443585926,-0.3249227150079337,0.15649890698635857,0.360647582296141,False,295.7177745674662
2020-08-10 04:30:00,123361.42089,1297217.8915,4.658886054991198e-10,-5.432315660866783,78.31169106974143,-0.2948294265062919,0.22357040032672953,0.3700109655622156,False,307.1731960227435
2020-08-10 05:00:00,123803.61586,1296702.67447,1.4551915228366852e-11,-5.4538239973526315,78.31593126712507,-0.25323438604749315,0.2779282021441752,0.37599433482958794,False,317.6617715036383
2020-08-10 05:30:00,124173.8428,1296135.23348,1.4551915228366852e-11,-5.4724147579836275,78.32069965603355,-0.22216949516278262,0.31177549278351746,0.38283579049155114,False,324.5265374487547
2020-08-10 06:00:00,124492.74211,1295509.1232,1.4551915228366852e-11,-5.489018536254902,78.3260368014812,-0.1893496719013968,0.3370227274389098,0.3865716195733053,False,330.6713912154223
2020-08-10 06:30:00,124736.31947,1294862.31105,2.332849477807962e-10,-5.502422702279321,78.33162350722107,-0.1464104889424932,0.35185839619619846,0.3811041356980279,False,337.407498526352
2020-08-10 07:00:00,124895.93098,1294197.72935,2.332849477807962e-10,-5.512231975507474,78.3374414269136,-0.08715132628512426,0.34423144256468985,0.3550924382797014,False,345.7925885513551
2020-08-10 07:30:00,124929.57482,1293598.67065,2.332849477807962e-10,-5.516245307184231,78.34278086217633,-0.019007940935657663,0.3105421031203696,0.31112328686396284,False,356.4973581763388
2020-08-10 08:00:00,124856.57625,1293078.37713,2.346425826049686e-10,-5.5152465284209615,78.34750667773334,0.03475252151442119,0.2548640755903769,0.257222539405371,False,7.76479730554513
2020-08-10 08:30:00,124716.86239,1292697.43176,2.3283064365386963e-10,-5.510726475030736,78.35104139199198,0.06448290385570091,0.17439719562981543,0.18593662020486357,False,20.291740832869095
2020-08-10 09:00:00,124565.21886,1292475.74165,2.346425826049686e-10,-5.505005419820275,78.35315913760566,0.06977271052560745,0.10052302654048668,0.12236465992658829,False,34.76439094793892
2020-08-10 09:30:00,124432.12272,1292361.31448,2.332849477807962e-10,-5.499643393298539,78.35429949792042,0.06459101371840348,0.04269465641526333,0.0774263052172088,False,56.53529873364613
2020-08-10 10:00:00,124319.03097,1292345.03375,1.4551915228366852e-11,-5.494744372237,78.35454294097954,0.05912634889823706,-0.01012173760898285,0.059986454356472485,False,99.71420304176269
2020-08-10 10:30:00,124223.73506,1292417.9671,0.0,-5.490250213128242,78.35397144477962,0.05508956274550251,-0.04981687145594171,0.07427368716543213,False,132.12268405475737
2020-08-10 11:00:00,124138.77702,1292542.52653,0.0,-5.48599278936812,78.35292830839393,0.03988397687708976,-0.07674066834577603,0.08648619421438673,False,152.5380118023126
2020-08-10 11:30:00,124107.22214,1292706.69491,2.3283064365386963e-10,-5.483914531015253,78.35148419180285,0.004618339196377489,-0.10543040138854774,0.10553150521945136,False,177.4917833374364
2020-08-10 12:00:00,124158.49923,1292921.92769,2.3283064365386963e-10,-5.485258774512129,78.34951115405921,-0.03555232532998005,-0.12509594560690995,0.13004984984095797,False,195.86517416877425
2020-08-10 12:30:00,124277.67279,1293142.74374,2.3283064365386963e-10,-5.489559819225114,78.34742960636024,-0.08210268119595057,-0.13205059344591413,0.15549343873289959,False,211.8713531531349
2020-08-10 13:00:00,124498.19043,1293366.85407,1.4551915228366852e-11,-5.4982937555344105,78.34523107577742,-0.12815132680346922,-0.13638351617835293,0.187144933264731,False,223.21755980465684
2020-08-10 13:30:00,124783.9388,1293587.26116,2.3283064365386963e-10,-5.509902665011016,78.343009080535,-0.1586061232000146,-0.13390670111816486,0.2075738589535969,False,229.8265357642575
2020-08-10 14:00:00,125112.82105,1293791.86644,1.4551915228366852e-11,-5.523466685620496,78.34089083520625,-0.18740424511085652,-0.1227309138170755,0.224016133999193,False,236.77923783924055
2020-08-10 14:30:00,125497.98934,1293962.10308,2.3283064365386963e-10,-5.5396410428818585,78.33903100849099,-0.2154885886661755,-0.09134540142221731,0.23404981137853156,False,247.0279597952202
2020-08-10 15:00:00,125916.70161,1294044.28664,4.658886054991198e-10,-5.5576572224434475,78.3379300465915,-0.23749303429591256,-0.04839755530521467,0.24237422449303642,False,258.4816878906481
2020-08-10 15:30:00,126365.81907,1294052.71318,2.9103830456733704e-11,-5.577319319143542,78.33746224031601,-0.24985955388082834,-0.006280313711481182,0.24993847043990883,False,268.56015224149564
2020-08-10 16:00:00,126814.13511,1293979.36784,2.9103830456733704e-11,-5.5972961439887,78.33772646725066,-0.24924239661065684,0.04647997926900101,0.25353926863716936,False,280.5634672599265
2020-08-10 16:30:00,127242.49302,1293798.66675,2.3283064365386963e-10,-5.61686161628192,78.33896877466252,-0.24579310652253342,0.09595817906956597,0.26386023448853435,False,291.3257848741125
2020-08-10 17:00:00,127660.93065,1293548.97113,2.3283064365386963e-10,-5.636294771642674,78.34083666203578,-0.24543739348534455,0.13673451799029018,0.28095523225403163,False,299.1224193979564
2020-08-10 17:30:00,128073.45095,1293222.0235,2.3283064365386963e-10,-5.655810171053311,78.34340058449551,-0.231636730692627,0.17306891915929218,0.28915121612217753,False,306.7654908919128
2020-08-10 18:00:00,128429.36058,1292846.77412,2.332849477807962e-10,-5.6730604547891845,78.34644627703479,-0.1975181505710963,0.20024378014858707,0.2812667617995805,False,315.39260827899557
2020-08-10 18:30:00,128709.7735,1292434.38649,2.332849477807962e-10,-5.687168152163435,78.34989099264976,-0.15610287963406985,0.21526809249986825,0.2659106253585605,False,324.0520419672448
2020-08-10 19:00:00,128911.76817,1292019.93401,2.332849477807962e-10,-5.697849985546694,78.35342360160247,-0.11386211248935511,0.2176093271354663,0.24559804542562824,False,332.37959331076104
2020-08-10 19:30:00,129039.87469,1291614.16721,2.3283064365386963e-10,-5.705254886464469,78.3569441308908,-0.07146154853477779,0.2092151666139776,0.221083103968401,False,341.1413908363233
2020-08-10 20:00:00,129092.88154,1291244.91566,0.0,-5.709204405189851,78.36020461513047,-0.03151429680720974,0.18784284844439045,0.19046807242935795,False,350.4762100618681
2020-08-10 20:30:00,129085.49188,1290930.00124,2.9103830456733704e-11,-5.7102631958112795,78.36303237633533,0.002526263985517717,0.1679438157258406,0.1679628150820283,False,0.8617962382592168
2020-08-10 21:00:00,129023.67586,1290644.22297,2.9103830456733704e-11,-5.70880217821477,78.36564786533874,0.034220709863998,0.1457853836272329,0.14974790503688323,False,13.210078828029737
2020-08-10 21:30:00,128910.70238,1290420.03133,4.3655745685100555e-11,-5.704820932414237,78.36775741253226,0.06104424070074617,0.09765882386887786,0.11516790005111296,False,32.008537071178466
2020-08-10 22:00:00,128770.05756,1290316.2373,1.4551915228366852e-11,-5.699093202641131,78.36881305681194,0.07416205698369094,0.03504990795901235,0.08202747554318283,False,64.70400102391903
2020-08-10 22:30:00,128632.50849,1290320.98787,4.3655745685100555e-11,-5.693024756794362,78.36889340729591,0.07764084611769918,-0.01208664036961341,0.07857600054276505,False,98.84842555335882
2020-08-10 23:00:00,128496.24546,1290387.2613,1.4551915228366852e-11,-5.686743405036742,78.36842131237123,0.06867379928563011,-0.04036706734873584,0.07965921688455382,False,120.44738940707083
2020-08-10 23:30:00,128400.89936,1290490.09159,2.332849477807962e-10,-5.682101544494769,78.36758510276997,0.04995806672356562,-0.06335188031300786,0.08068004195555371,False,141.7413716542685
2020-08-11 00:00:00,128339.86074,1290632.01413,0.0,-5.678797629636604,78.36636803284456,0.027742899732476248,-0.0985959259467369,0.10242472894209023,False,164.2844717470049
2020-08-11 00:30:00,128336.63746,1290853.17767,1.4551915228366852e-11,-5.677689363589153,78.36438952214311,-0.0024234663910114827,-0.12642796548903704,0.1264511907695831,False,181.09815413284514
2020-08-11 01:00:00,128393.57052,1291084.05883,0.0,-5.679182515721827,78.36227036092673,-0.043322010394175554,-0.13630031396571407,0.14301948179092694,False,197.63245983886435
2020-08-11 01:30:00,128540.38811,1291326.01689,4.665698955615924e-10,-5.68457576653429,78.35997182142663,-0.08959850417743621,-0.14415345453101075,0.16972952130981292,False,211.86299607693002
2020-08-11 02:00:00,128765.94211,1291568.50956,0.0,-5.693423057812231,78.35759808088274,-0.14023578583146934,-0.1377853847616955,0.19659829063778303,False,225.50497594784156
2020-08-11 02:30:00,129091.95516,1291769.51356,2.9103830456733704e-11,-5.706860476527498,78.3555058344489,-0.18699354784366173,-0.1162273902172031,0.22017128144211226,False,238.13663957884287
2020-08-11 03:00:00,129477.38948,1291917.91439,1.4551915228366852e-11,-5.723133556571418,78.3538308414789,-0.2228215898106824,-0.09355669747042686,0.24166571235351733,False,247.2237957196001
2020-08-11 03:30:00,129923.70105,1292024.64646,2.9103830456733704e-11,-5.742258470019085,78.35247334853275,-0.25163698707386367,-0.055276015323216215,0.2576365873349984,False,257.61085238869714
2020-08-11 04:00:00,130398.64694,1292025.27161,2.9103830456733704e-11,-5.763105915623156,78.35203914244047,-0.264395403625606,0.0004680071152838791,0.264395817835697,False,270.10141932921
2020-08-11 04:30:00,130870.5444,1291927.39218,4.3655745685100555e-11,-5.784256002349113,78.35248849470177,-0.26267091947579463,0.0466365226895787,0.2667788919439373,False,280.067798790888
2020-08-11 05:00:00,131322.527,1291762.93309,4.656612873077393e-10,-5.804830607907365,78.35355074326407,-0.24767951234733052,0.08071670938804144,0.2605001497332487,False,288.05036175001794
2020-08-11 05:30:00,131728.22912,1291548.12081,2.346425826049686e-10,-5.823602547494767,78.35510476533234,-0.2226794914268379,0.11223683041136079,0.24936571938200275,False,296.7494104869895
2020-08-11 06:00:00,132079.03822,1291279.62589,0.0,-5.840210237230509,78.3571886307301,-0.18968650417009436,0.14012514246467137,0.23583050145181744,False,306.4540094598035
2020-08-11 06:30:00,132356.22602,1290976.8034,0.0,-5.853745067819519,78.35964657137686,-0.15776419068593842,0.14772853506035122,0.2161325055003679,False,313.1184690951462
2020-08-11 07:00:00,132589.78739,1290692.65133,0.0,-5.865284900784249,78.36197678675634,-0.11930334986729782,0.1477968337130801,0.18993997300508053,False,321.08912151621604
2020-08-11 07:30:00,132729.09765,1290403.6305,2.3283064365386963e-10,-5.872710314406399,78.36443697951523,-0.07191061733422642,0.14504081267072247,0.16188877115344705,False,333.62798171064503
2020-08-11 08:00:00,132793.88151,1290146.75671,2.3283064365386963e-10,-5.876718344182163,78.36667778933872,-0.04633008703208151,0.13345689653503096,0.14127002582700338,False,340.8553541310154
2020-08-11 08:30:00,132845.81746,1289908.63347,0.0,-5.880078332853132,78.36876246412193,-0.0369081990679571,0.12088864754411861,0.12639731114025363,False,343.0221815821718
2020-08-11 09:00:00,132881.46723,1289700.23534,2.3283064365386963e-10,-5.882588947663412,78.37059591671219,-0.02681405155386276,0.10153405393370624,0.10501503449004802,False,345.2065423383242
2020-08-11 09:30:00,132904.37721,1289535.14227,5.820766091346741e-11,-5.884344009395528,78.37205328159057,-0.015478165789939883,0.07301177301529993,0.07463439297708895,False,348.03076152239043
2020-08-11 10:00:00,132909.94823,1289433.06531,2.9103830456733704e-11,-5.885051514974334,78.37296229666276,-0.010298383127475112,0.03544991924946472,0.03691549091958325,False,343.80114836879926
2020-08-11 10:30:00,132928.17076,1289404.39384,0.0,-5.885982677067962,78.37320224286553,-0.01704984355115903,-0.0095378343529328,0.01953631104540937,False,240.77696206412014
2020-08-11 11:00:00,132974.52522,1289460.92608,0.0,-5.88776448012748,78.37265316331931,-0.03038582918274335,-0.05044217159103818,0.058887276129420324,False,211.0643138081309
2020-08-11 11:30:00,133055.6104,1289573.80658,5.820766091346741e-11,-5.890817415435441,78.37156735802871,-0.048941965537883346,-0.07894987884947914,0.09288917784682343,False,211.79526448415209
2020-08-11 12:00:00,133178.95622,1289725.56172,0.0,-5.895550999931687,78.370094304492,-0.0752770714295869,-0.10939864972686081,0.13279571546204158,False,214.53181073500812
2020-08-11 12:30:00,133365.62739,1289937.72306,4.656612873077393e-10,-5.902792053818635,78.36802159204564,-0.10921860026484917,-0.1271262545775664,0.16760008128498366,False,220.66702530756854
2020-08-11 13:00:00,133617.12408,1290140.35392,2.346425826049686e-10,-5.912922282252489,78.36597392741047,-0.1529918922129347,-0.13151950984200367,0.20175207694587713,False,229.31599222217366
2020-08-11 13:30:00,133962.24331,1290351.93556,4.656612873077393e-10,-5.927121007779461,78.36375872960168,-0.1939765955931885,-0.1279928647724767,0.23239856512162227,False,236.58170917879923
2020-08-11 14:00:00,134359.28777,1290526.55452,4.656612873077393e-10,-5.9437639231886985,78.361825401242,-0.22144985777032947,-0.10582545804498672,0.24543648277493382,False,244.45800801607754
2020-08-11 14:30:00,134794.62744,1290648.30521,2.346425826049686e-10,-5.96232542677715,78.36032868169428,-0.23947514811960405,-0.08335996758988311,0.2535689862019657,False,250.80727703003765
2020-08-11 15:00:00,135247.90695,1290735.47571,2.346425826049686e-10,-5.981828948370504,78.35912353861737,-0.256270652360511,-0.05965112487582854,0.263121462370962,False,256.89680257814393
2020-08-11 15:30:00,135734.5575,1290765.73569,2.9103830456733704e-11,-6.003056224295571,78.35839518853221,-0.27105388368092975,-0.022918466476968716,0.27202107264726927,False,265.16695557940216
2020-08-11 16:00:00,136226.97864,1290715.47974,2.346425826049686e-10,-6.024907225795078,78.35838067394499,-0.2700683805519513,0.017376525734112358,0.2706268165214635,False,273.6814051565203
2020-08-11 16:30:00,136694.86746,1290601.47801,2.9103830456733704e-11,-6.045977601226538,78.35895844365821,-0.2659180566860465,0.054194504728230744,0.2713843348729283,False,281.51921236983935
2020-08-11 17:00:00,137158.4096,1290420.63515,0.0,-6.067171134087823,78.36013717713823,-0.2542741017203319,0.08973868189274863,0.269644858718889,False,289.43900917948486
2020-08-11 17:30:00,137570.98131,1290183.47713,0.0,-6.086394605034748,78.36186712631039,-0.22298415681015737,0.10615686425516188,0.24696399336102767,False,295.4578848433382
2020-08-11 18:00:00,137916.10748,1289955.51145,0.0,-6.102618741490039,78.36357803592104,-0.19225112459533106,0.10423492983899144,0.21869022727755572,False,298.46571316630764
2020-08-11 18:30:00,138219.27107,1289736.78062,0.0,-6.116961161350195,78.36524560053626,-0.1715101920475027,0.10931705912477949,0.2033862468109921,False,302.51259621419194
2020-08-11 19:00:00,138488.09361,1289498.41761,2.9103830456733704e-11,-6.129891853553986,78.36712118774723,-0.15293700386236958,0.12080668430332714,0.19489479757746792,False,308.3056100986584
2020-08-11 19:30:00,138720.25603,1289245.57142,0.0,-6.141284606719978,78.36916113452288,-0.1247903170147746,0.13221204467755168,0.1818038722867774,False,316.65413080781786
2020-08-11 20:00:00,138883.84178,1288977.12527,2.346425826049686e-10,-6.149741961059753,78.37140640964485,-0.08384778103915962,0.13315137365570068,0.15735227577506108,False,327.8006513589523
2020-08-11 20:30:00,138969.02006,1288736.64837,2.9103830456733704e-11,-6.1546241290735635,78.37347677361304,-0.0496402105887534,0.11063600964482145,0.12126201852775176,False,335.8351603317402
2020-08-11 21:00:00,139018.81509,1288561.97201,2.399963341663627e-10,-6.157640705275182,78.37499224071821,-0.03505765855766868,0.07716544149089467,0.08475579498789902,False,335.5668409384941
2020-08-11 21:30:00,139064.70192,1288446.91794,2.3283064365386963e-10,-6.160203383665617,78.37597777044245,-0.028172852365169983,0.04758160055171956,0.05529663933235964,False,329.3704149882107
2020-08-11 22:00:00,139101.27039,1288380.78384,2.3283064365386963e-10,-6.162124671532316,78.37653440119716,-0.026660556364039766,0.02444257156138364,0.03616938719654373,False,312.51480061477963
2020-08-11 22:30:00,139150.67999,1288349.13061,4.665698955615924e-10,-6.164446930015914,78.37676996903592,-0.03989568475109867,0.0006493612987328755,0.039900969059101045,False,270.93249124550255
2020-08-11 23:00:00,139243.81336,1288363.03691,2.399963341663627e-10,-6.168474920384226,78.37655542822077,-0.053908363924428174,-0.019545435025997294,0.057342268278854046,False,250.07098771192778
2020-08-11 23:30:00,139351.18721,1288398.2335,2.9103830456733704e-11,-6.173027511772069,78.3761364792429,-0.06774895672553019,-0.02809194107375229,0.07334219993079655,False,247.47877753589873
2020-08-12 00:00:00,139497.17017,1288437.35502,2.346425826049686e-10,-6.179258132191373,78.37564491547315,-0.09061236864000227,-0.03320034876627218,0.09650318393065473,False,249.87717876785854
2020-08-12 00:30:00,139688.36169,1288481.94786,2.346425826049686e-10,-6.187449138348568,78.3750603806142,-0.11821064906526153,-0.04455668006057525,0.1263291545544847,False,249.34726392681648
2020-08-12 01:00:00,139937.53806,1288550.9573,0.0,-6.198071106745473,78.37420071758902,-0.1445694000435983,-0.04850582449345349,0.15248975847169433,False,251.4524029880388
2020-08-12 01:30:00,140224.6224,1288599.35727,0.0,-6.210455838880165,78.37348819610352,-0.1638480273952715,-0.03721108684816492,0.16802035908110455,False,257.20474576440876
2020-08-12 02:00:00,140538.42114,1288620.32029,2.346425826049686e-10,-6.224144353597804,78.37299461539727,-0.18076876494963595,-0.017593213554481436,0.18162287175515732,False,264.44122886917745
2020-08-12 02:30:00,140878.42065,1288591.7644,2.346425826049686e-10,-6.239220761869243,78.37291791447795,-0.19648315212757625,0.00860221936648137,0.19667136865344012,False,272.50686287094504
2020-08-12 03:00:00,141238.20518,1288512.66219,2.9103830456733704e-11,-6.255409701717135,78.37327335866581,-0.20188861094807403,0.032441295428198666,0.20447848023594675,False,279.1287687337092
2020-08-12 03:30:00,141588.16695,1288396.47854,5.820766091346741e-11,-6.271347080191122,78.37396937794054,-0.19381855198523038,0.04729410338611961,0.1995052964428474,False,283.7128999676888
2020-08-12 04:00:00,141913.17785,1288267.20237,2.9103830456733704e-11,-6.286253359005831,78.37480625514388,-0.1877228925891567,0.0632931382972483,0.1981057943563354,False,288.6321821340963
2020-08-12 04:30:00,142234.95673,1288095.99573,0.0,-6.301223210833312,78.37602075423547,-0.18136396400728091,0.08901436092676503,0.20203079936394522,False,296.14204046571126
2020-08-12 05:00:00,142526.97229,1287877.02613,0.0,-6.315120428751142,78.37769133112752,-0.16026251480054104,0.11524702814499939,0.19739795122150564,False,305.7204429804701
2020-08-12 05:30:00,142762.76444,1287620.16199,0.0,-6.3267349735407405,78.3797560928291,-0.14243536985122537,0.12898207934749917,0.19215673648732676,False,312.1623547672822
2020-08-12 06:00:00,142985.4478,1287359.01263,0.0,-6.337798242037675,78.38187174327982,-0.13371756382034436,0.13095625415658504,0.1871628365268382,False,314.40226180633863
2020-08-12 06:30:00,143189.16308,1287098.46087,0.0,-6.348028552599138,78.38400048998724,-0.12871800866733765,0.13108992962137223,0.18371961082971283,False,315.523068253385
2020-08-12 07:00:00,143393.81203,1286838.74714,5.820766091346741e-11,-6.358299553752104,78.38612043133325,-0.12613120037833958,0.13117145432081082,0.18197535585215213,False,316.12221286522
2020-08-12 07:30:00,143588.14631,1286578.86182,2.9103830456733704e-11,-6.368121437164683,78.38825182913108,-0.12121673592348603,0.12984310703621324,0.1776308799526751,False,316.9678985053157
2020-08-12 08:00:00,143775.65368,1286325.79458,0.0,-6.377613052718036,78.39032870501848,-0.1152780424105524,0.12503116309638312,0.1700641608547888,False,317.3241145866763
2020-08-12 08:30:00,143950.58024,1286085.43663,2.9103830456733704e-11,-6.386491909097642,78.3923041466516,-0.10668465865309523,0.1159365613901598,0.15755285671450625,False,317.37978262491384
2020-08-12 09:00:00,144110.90883,1285868.29179,2.9103830456733704e-11,-6.394616893259233,78.3940862595937,-0.09675459963161095,0.1107994587082629,0.14709851324849407,False,318.8712143561369
2020-08-12 09:30:00,144252.30444,1285650.24629,2.346425826049686e-10,-6.401915543732946,78.39589519985441,-0.08597679075047854,0.10863776334622181,0.13854303364883153,False,321.6416277240635
2020-08-12 10:00:00,144374.88715,1285445.12289,2.346425826049686e-10,-6.408324473717256,78.39760724499095,-0.07799201280422892,0.10134702035410453,0.12788265166124094,False,322.4197718924205
2020-08-12 10:30:00,144490.59931,1285256.33889,2.9103830456733704e-11,-6.414351956677859,78.39917987280704,-0.07457876997211124,0.09324234490113194,0.11939902768957009,False,321.34585215639953
2020-08-12 11:00:00,144604.1894,1285081.55736,0.0,-6.420218264366183,78.40062923522153,-0.07757568678329571,0.08581799266705935,0.11568368530308606,False,317.8878068228528
2020-08-12 11:30:00,144733.57425,1284918.10352,5.820766091346741e-11,-6.426725335937625,78.40196121826992,-0.08484954785349615,0.08094066638300289,0.11726396396791004,False,313.6493718799257
2020-08-12 12:00:00,144875.11262,1284757.81138,2.399963341663627e-10,-6.433753397922923,78.40325250475553,-0.08961046545913463,0.08055788530816851,0.1204973377512001,False,311.9548615871428
2020-08-12 12:30:00,145021.64353,1284593.77311,2.346425826049686e-10,-6.441021520459503,78.40457208500585,-0.08863435676720142,0.07871357185177533,0.11854060735967292,False,311.607340012764
2020-08-12 13:00:00,145160.39377,1284440.43625,0.0,-6.447895319734295,78.40580361037534,-0.08675057918424502,0.074113008816537,0.11409820798172973,False,310.50802439241386
2020-08-12 13:30:00,145302.00781,1284293.58259,4.656612873077393e-10,-6.454864411947633,78.40697407194737,-0.08973260991429045,0.07430979288228275,0.1165070238236218,False,309.62899594786217
2020-08-12 14:00:00,145451.30915,1284138.30083,2.9103830456733704e-11,-6.4622156061238885,78.4082119648545,-0.0925726646230225,0.07828357578252781,0.12123537632516912,False,310.2193511714572
2020-08-12 14:30:00,145601.43359,1283976.04441,5.820766091346741e-11,-6.469639473349869,78.40951122066693,-0.09090047047054758,0.0832789176704691,0.12328127862790711,False,312.4945116505801
2020-08-12 15:00:00,145742.68593,1283803.53345,2.9103830456733704e-11,-6.476725374732806,78.41091101851529,-0.08963271482979626,0.08816867128195802,0.12572882789315085,False,314.528228533964
2020-08-12 15:30:00,145886.24855,1283624.26504,0.0,-6.483948630611316,78.41236873385623,-0.09102349938775631,0.09430632541567029,0.13106853342507183,False,316.014798389374
2020-08-12 16:00:00,146029.9362,1283429.19856,0.0,-6.49125842723184,78.41396744786883,-0.09097815623836263,0.09933647861146745,0.13470249030904533,False,317.51472541090504
2020-08-12 16:30:00,146171.24167,1283231.9195,0.0,-6.498476342100342,78.41558818839329,-0.08851666656434333,0.10053964560088714,0.13395305370619634,False,318.6388076027015
2020-08-12 17:00:00,146305.58525,1283033.51645,2.9103830456733704e-11,-6.50539501703687,78.41722589661879,-0.08853368748390786,0.09974485167518785,0.13336884664419757,False,318.4076895489225
2020-08-12 17:30:00,146447.22799,1282839.04,2.346425826049686e-10,-6.512617689958077,78.41882085819273,-0.09331122063912944,0.10303233659893986,0.13900592175228196,False,317.8344422532641
2020-08-12 18:00:00,146597.26783,1282626.89283,2.346425826049686e-10,-6.520301662747951,78.42056510210261,-0.10175936473865356,0.11509308368360878,0.1536274266653468,False,318.51854556141427
2020-08-12 18:30:00,146764.14221,1282385.78583,0.0,-6.528876517827364,78.42255092559108,-0.10984381298030425,0.12994697837670446,0.17015252110764553,False,319.7922578824184
2020-08-12 19:00:00,146936.94927,1282117.15477,2.346425826049686e-10,-6.537855118072359,78.424776579832,-0.11226473577495136,0.14790374082468216,0.18568491443451834,False,322.800077142247
2020-08-12 19:30:00,147105.04203,1281810.77827,2.3283064365386963e-10,-6.546820284069125,78.42734437193832,-0.11128901827291678,0.1640670395588674,0.1982504452901949,False,325.8503943552339
2020-08-12 20:00:00,147267.63514,1281484.68593,2.3283064365386963e-10,-6.555646711608993,78.43009385752417,-0.10544638141130327,0.17719623834042564,0.2061975902738317,False,329.24386335795464
2020-08-12 20:30:00,147409.33833,1281133.70378,0.0,-6.563681695659748,78.43308715981117,-0.09812328481515689,0.18925141532690257,0.21317663386532815,False,332.59411355841576
2020-08-12 21:00:00,147540.68535,1280767.4681,0.0,-6.571341185831651,78.43622731199586,-0.091498597943522,0.19915730833675324,0.21917031480009078,False,335.3245885515251
2020-08-12 21:30:00,147654.51939,1280383.7518,2.3283064365386963e-10,-6.5783204546914575,78.43954164188133,-0.0808054280756474,0.2132899223649628,0.22808355527950822,False,339.2506800280647
2020-08-12 22:00:00,147741.70451,1279971.3539,0.0,-6.584272771605511,78.44313979986737,-0.06939167400170387,0.22125679701291628,0.2318831055622069,False,342.58726850734104
2020-08-12 22:30:00,147811.34868,1279563.83665,0.0,-6.589428769284094,78.44671229500706,-0.05778588793984865,0.22300767512565076,0.23037281091731407,False,345.4729881046353
2020-08-12 23:00:00,147856.23188,1279149.95763,2.346425826049686e-10,-6.593525984127756,78.450367173328,-0.048166252522365144,0.23271291182505938,0.23764529705455167,False,348.3062031621518
2020-08-12 23:30:00,147887.40383,1278711.7009,2.346425826049686e-10,-6.597144197454942,78.45425416359271,-0.04057107168742546,0.2470648240579461,0.25037379883815736,False,350.67455874603434
2020-08-13 00:00:00,147899.13573,1278249.63364,2.9103830456733704e-11,-6.600026848666895,78.45837413727206,-0.03036783475926915,0.2581368239460414,0.2599169584019401,False,353.29042664079896
2020-08-13 00:30:00,147889.19284,1277776.00156,2.3283064365386963e-10,-6.602011730908803,78.46261991934546,-0.013904225400978569,0.26524845673250436,0.2656126338918698,False,356.999322984579
2020-08-13 01:00:00,147839.07286,1277295.31641,2.9103830456733704e-11,-6.602255816364809,78.46697033270819,0.015270956010778974,0.26412890089917257,0.2645699876926483,False,3.3089463439208657
2020-08-13 01:30:00,147725.25519,1276837.76429,4.692851652099372e-10,-6.5995609737854775,78.47117977821355,0.052427920318540544,0.25702363511504633,0.26231628968990794,False,11.529081450469903
2020-08-13 02:00:00,147545.24042,1276397.85445,2.346425826049686e-10,-6.593841493036909,78.47529985895349,0.09039646736528531,0.24500752383190916,0.26115169546906375,False,20.251733094384917
2020-08-13 02:30:00,147300.69707,1275998.94065,2.3283064365386963e-10,-6.58504874523939,78.47911982474933,0.12245437718745475,0.22449890082857332,0.2557241305892055,False,28.61054449686361
2020-08-13 03:00:00,147014.63073,1275645.54443,0.0,-6.574177030490427,78.4825752490831,0.14612674240784668,0.20697681710687646,0.25336224593735857,False,35.222296669561956
2020-08-13 03:30:00,146692.79193,1275318.95153,5.820766091346741e-11,-6.561575932274766,78.48582734491855,0.16432903626020146,0.18757940541515095,0.24937936060169086,False,41.21999764446139
2020-08-13 04:00:00,146349.75575,1275042.28287,2.3283064365386963e-10,-6.547773397528088,78.48865414607921,0.17246941926556725,0.16026593156939722,0.23543761255077478,False,47.10045334372501
2020-08-13 04:30:00,146010.16063,1274816.55868,2.346425826049686e-10,-6.533857907602992,78.49102112090421,0.17506812781564962,0.13420132858859748,0.22058750184863454,False,52.52744206702255
2020-08-13 05:00:00,145668.62914,1274634.0119,2.3283064365386963e-10,-6.5196318380714695,78.49300321962882,0.1745902733132106,0.10839478738308427,0.20550229552831184,False,58.16582326742906
2020-08-13 05:30:00,145341.39317,1274500.22602,2.346425826049686e-10,-6.505788542331685,78.49453390456752,0.1690365964358359,0.07551833553741255,0.1851388396230053,False,65.92694706067238
2020-08-13 06:00:00,145033.21269,1274432.84543,0.0,-6.492451939268483,78.49545057355647,0.15918470208631297,0.04598621548472527,0.1656939992664665,False,73.88673997401526
2020-08-13 06:30:00,144753.28428,1274400.53514,2.9103830456733704e-11,-6.480190445480898,78.49602423102712,0.14263557043863603,0.025251573177357125,0.14485353948829321,False,79.9606283895622
2020-08-13 07:00:00,144512.74576,1274400.47267,2.3283064365386963e-10,-6.469513907640475,78.49626896629165,0.12023538784326569,0.005203527795052277,0.12034793388893057,False,87.52190882011831
2020-08-13 07:30:00,144321.08258,1274430.69261,2.3283064365386963e-10,-6.460854264459074,78.49619293051268,0.0965531916010052,-0.013382694219973335,0.09747622947634837,False,97.89116882026383
2020-08-13 08:00:00,144172.783,1274487.4569,0.0,-6.453986313280352,78.49583532176061,0.0672390875144062,-0.030635265083381165,0.0738892032471525,False,114.49481200803132
2020-08-13 08:30:00,144092.95277,1274567.48951,0.0,-6.450041167828955,78.49520018762077,0.028114916844855974,-0.04335390937442098,0.051672139565133876,False,147.03667808166426
2020-08-13 09:00:00,144089.74283,1274653.91308,2.3283064365386963e-10,-6.449465063351919,78.49443037563061,-0.013005236391036302,-0.045431634611911145,0.04725642387122557,False,195.9742718768781
2020-08-13 09:30:00,144157.84681,1274724.7493,2.3283064365386963e-10,-6.452132158898413,78.49372786886768,-0.050155630454308035,-0.034443827069398254,0.060843771163987884,False,235.52109565241233
2020-08-13 10:00:00,144283.09346,1274756.83535,2.3283064365386963e-10,-6.457529373092886,78.49331411226036,-0.08067586924094314,-0.01784260367571938,0.08262538583093304,False,257.52897975386946
2020-08-13 10:30:00,144453.6614,1274755.91109,2.346425826049686e-10,-6.465103358382006,78.49314959187144,-0.1070872972719529,0.0021604827278281537,0.10710908888898671,False,271.1557836863201
2020-08-13 11:00:00,144665.28034,1274705.69892,4.665698955615924e-10,-6.474746990581101,78.49338406460265,-0.1256478507386436,0.02584719912316682,0.12827883729498446,False,281.6242387780999
2020-08-13 11:30:00,144892.61573,1274612.4473,2.9103830456733704e-11,-6.485305572258414,78.49398719245185,-0.13765397749541688,0.057383177190647686,0.14913566489878272,False,292.6295653045929
2020-08-13 12:00:00,145134.33072,1274444.46935,0.0,-6.496881076642676,78.49524364679019,-0.14435547194383672,0.09092433826886237,0.17060403737824711,False,302.20535577187064
2020-08-13 12:30:00,145371.92122,1274228.42047,2.3283064365386963e-10,-6.508519453055332,78.49693377988243,-0.14226685373937,0.11884675799071906,0.18537639967861022,False,309.8746773013755
2020-08-13 13:00:00,145594.69351,1273961.3246,0.0,-6.519762398264708,78.49909512983803,-0.12996116206087666,0.1547306959666558,0.20206803784502664,False,319.97248125174974
2020-08-13 13:30:00,145773.5071,1273621.86881,2.346425826049686e-10,-6.529425433962099,78.50194818513101,-0.10529475797256589,0.19106014347907996,0.2181535341972434,False,331.14049274269394
2020-08-13 14:00:00,145893.08189,1273234.86519,2.346425826049686e-10,-6.536704135025788,78.5052868577958,-0.07198730446596421,0.21789272713131977,0.22947638776353266,False,341.7175005067519
2020-08-13 14:30:00,145941.67925,1272813.05232,0.0,-6.541010890390201,78.5090094400109,-0.038896810001718934,0.23747045528684438,0.24063494958640355,False,350.6977603302414
2020-08-13 15:00:00,145934.81424,1272369.58516,2.3283064365386963e-10,-6.542965781507164,78.51298250185013,-0.0019879380627039443,0.24264411191437513,0.24265225518106553,False,359.53059684113555
2020-08-13 15:30:00,145849.25327,1271944.40754,4.656612873077393e-10,-6.541329831802414,78.51687269266563,0.041967044193916475,0.23262155877715276,0.23637686520953458,False,10.22667574706179
2020-08-13 16:00:00,145689.31563,1271554.81049,2.346425826049686e-10,-6.536203431915941,78.52052088784843,0.08175683554901042,0.21560721491430412,0.23058762170179659,False,20.766397407589636
2020-08-13 16:30:00,145468.48771,1271206.76994,5.820766091346741e-11,-6.528153168765982,78.5238596549895,0.11413242611764704,0.18615543719320798,0.21835763666081057,False,31.51257965490879
2020-08-13 17:00:00,145204.91159,1270935.70931,0.0,-6.517804401002573,78.52655340268608,0.14191490448161762,0.1507394034662256,0.20703190061287705,False,43.27286535126211
2020-08-13 17:30:00,144899.29754,1270725.60805,2.9103830456733704e-11,-6.505270179093855,78.52874444474641,0.15809852341693276,0.11354417628379147,0.19464691899585554,False,54.31461447706636
2020-08-13 18:00:00,144593.11125,1270594.06425,2.346425826049686e-10,-6.492307710606998,78.53023290118233,0.16113913414762884,0.07699816701144667,0.17859042045129453,False,64.45982436198165
2020-08-13 18:30:00,144291.57461,1270515.78418,4.656612873077393e-10,-6.479279579851685,78.53123964402197,0.15757736964679833,0.04460508445461153,0.16376886451339506,False,74.1948886752408
2020-08-13 19:00:00,144011.3358,1270498.52552,2.3283064365386963e-10,-6.4668895180361705,78.53167840047243,0.1411819085119319,0.009987557905992341,0.1415347399192052,False,85.95349589529127
2020-08-13 19:30:00,143782.50411,1270537.302,2.346425826049686e-10,-6.456505185520586,78.53156338042717,0.11613159349211112,-0.014519988589493094,0.11703579399335895,False,97.12673571059838
2020-08-13 20:00:00,143601.79162,1270597.47789,5.820766091346741e-11,-6.448155917917356,78.53120793327052,0.08615564658844209,-0.03408684381252761,0.09265370127616157,False,111.58586182980093
2020-08-13 20:30:00,143488.08703,1270694.07063,2.399963341663627e-10,-6.442607530117307,78.53045883163993,0.04698932091346322,-0.056554015350078465,0.07352790580538346,False,140.27765327193976
2020-08-13 21:00:00,143456.54327,1270818.76786,4.665698955615924e-10,-6.440576398701251,78.5293752913947,-0.0027440429621492885,-0.0662358026768996,0.06629261895589358,False,182.37231556533186
2020-08-13 21:30:00,143524.65069,1270929.9065,0.0,-6.4430496814170235,78.52831238983565,-0.051114471885087186,-0.055421407345311445,0.07539377711871391,False,222.68495907442554
2020-08-13 22:00:00,143661.78205,1270996.37573,2.9103830456733704e-11,-6.448819456258958,78.52757925532804,-0.08862342743370438,-0.042130692373618384,0.09812801399181342,False,244.57405220764923
2020-08-13 22:30:00,143858.71127,1271044.78364,5.820766091346741e-11,-6.457340911632843,78.5269470308135,-0.11844379040529542,-0.02955879176207292,0.12207642547194417,False,255.98750465615558
2020-08-13 23:00:00,144097.44199,1271054.15815,2.9103830456733704e-11,-6.467918710720659,78.52662130176509,-0.14125906460868037,-0.006497232096854516,0.1414084062530928,False,267.3665279706663
2020-08-13 23:30:00,144366.64195,1271010.74019,2.9103830456733704e-11,-6.480118742037058,78.5267364161083,-0.1612177192403421,0.015763827379189018,0.16198657737818475,False,275.5846138887415
2020-08-14 00:00:00,144667.71306,1270932.26973,0.0,-6.4939149781300864,78.52713207301734,-0.17772429445972873,0.03853071040069591,0.18185307389535835,False,282.23244503142837
2020-08-14 00:30:00,144986.65648,1270800.55887,2.9103830456733704e-11,-6.508777909043011,78.52798499164349,-0.18674134216873012,0.06629286750582153,0.1981592116383267,False,289.54477814015127
2020-08-14 01:00:00,145308.59602,1270618.94833,5.820766091346741e-11,-6.52403038815714,78.52928034246834,-0.18068633764088318,0.09439059330041291,0.20385567618704953,False,297.58257925101736
2020-08-14 01:30:00,145594.30629,1270389.04678,2.9103830456733704e-11,-6.537919935463563,78.53104388384533,-0.15915654808638702,0.11929802066595911,0.19890405861517765,False,306.8539069131418
2020-08-14 02:00:00,145828.93334,1270127.03037,2.3283064365386963e-10,-6.549703573505225,78.53314640393059,-0.1380150026487137,0.137975568255782,0.1951548062222153,False,314.99181340050905
2020-08-14 02:30:00,146031.25997,1269838.90294,2.3283064365386963e-10,-6.560186876686639,78.535515156347,-0.11783430136573118,0.15381146794822828,0.19375987781462606,False,322.54443041275977
2020-08-14 03:00:00,146187.09839,1269528.47072,2.399963341663627e-10,-6.568718309620045,78.53813085608796,-0.09401485917722346,0.16438096865137947,0.18936709482082403,False,330.23334692063827
2020-08-14 03:30:00,146299.79607,1269212.2989,4.692851652099372e-10,-6.575361156781958,78.5408420942316,-0.06997244125921558,0.1674085328489583,0.18144354330318596,False,337.3163326696818
2020-08-14 04:00:00,146368.3304,1268900.91916,4.665698955615924e-10,-6.580014544502822,78.54355587992859,-0.04326541296516911,0.16428528575695406,0.1698868772898327,False,345.245855738814
2020-08-14 04:30:00,146386.75356,1268606.9196,2.3283064365386963e-10,-6.5823472224945485,78.54616588281952,-0.011722093136911093,0.15733016697754793,0.1577662476852813,False,355.7389747711526
2020-08-14 05:00:00,146345.32602,1268333.42674,0.0,-6.5819072697633825,78.54865425212076,0.021675040255249342,0.14380898660232028,0.14543325616121305,False,8.571164891601313
2020-08-14 05:30:00,146249.89573,1268101.56357,2.3283064365386963e-10,-6.578845032890381,78.5508260586012,0.04854615971878802,0.11362885131816787,0.12356474203966267,False,23.133842643367984
2020-08-14 06:00:00,146124.84406,1267947.07953,2.3283064365386963e-10,-6.574062873839312,78.55233641320525,0.05652282630589443,0.07181088556958237,0.09138727033834616,False,38.206519186743094
2020-08-14 06:30:00,146018.15431,1267868.04038,2.346425826049686e-10,-6.56971089327173,78.55315312034351,0.06270157858423821,0.02894680055912333,0.06906088052989957,False,65.21912662973381
2020-08-14 07:00:00,145888.67793,1267869.38107,2.3283064365386963e-10,-6.56392941605486,78.55327441752868,0.061452840604411224,-0.019424891519145046,0.06444981015396187,False,107.54144754811449
2020-08-14 07:30:00,145806.36804,1267962.80081,2.9103830456733704e-11,-6.559779233116303,78.55252367933267,0.03753391405993166,-0.06262495966154602,0.07301150784135746,False,149.06387463280834
2020-08-14 08:00:00,145780.1958,1268108.79127,0.0,-6.557863532857737,78.55124505978716,0.010167537140363597,-0.10576976892388444,0.10625734247435602,False,174.50908865585404
2020-08-14 08:30:00,145813.49097,1268345.26092,4.656612873077393e-10,-6.558135984459512,78.549096178407,-0.02235253199636316,-0.15595323351657994,0.15754696674619081,False,188.15656327319863
2020-08-14 09:00:00,145924.2602,1268657.35869,2.346425826049686e-10,-6.561474037118117,78.54619131008717,-0.060097166454695976,-0.189127482839698,0.19844614932309393,False,197.6281798223837
2020-08-14 09:30:00,146106.22483,1268996.938,2.399963341663627e-10,-6.567841945819851,78.54296735549379,-0.09534683118838348,-0.20967209256196795,0.23033324687717263,False,204.4533152078065
2020-08-14 10:00:00,146351.59204,1269367.9638,4.665698955615924e-10,-6.576869136481021,78.53939668772742,-0.12572913758796095,-0.22216963019510286,0.25527859412735954,False,209.50617463681414
2020-08-14 10:30:00,146647.47824,1269739.64329,2.9103830456733704e-11,-6.58813698675188,78.5357677115842,-0.15143395040688457,-0.21811499207537435,0.2655303958191517,False,214.77166466822683
2020-08-14 11:00:00,146983.24306,1270085.44538,5.820766091346741e-11,-6.60130623015025,78.5323284120329,-0.17996688331712002,-0.19936946933814234,0.2685819509852633,False,222.07194330658473
2020-08-14 11:30:00,147373.57377,1270378.13469,0.0,-6.6171700236168665,78.52930682378386,-0.2240573761218522,-0.17673980582893337,0.28537460776855783,False,231.73309563396808
2020-08-14 12:00:00,147857.79592,1270624.5209,0.0,-6.637442333313486,78.52660070032485,-0.27366896532539065,-0.14547087866460368,0.3099297970859235,False,242.00677254367494
2020-08-14 12:30:00,148412.71061,1270784.44319,2.3283064365386963e-10,-6.661298478273071,78.52459240397363,-0.3157351778305726,-0.10205455650574359,0.3318189792993874,False,252.0876973963234
2020-08-14 13:00:00,149029.38725,1270857.58625,4.656612873077393e-10,-6.688345397738884,78.52329321989522,-0.3643327120177967,-0.0607981292870525,0.3693707318820049,False,260.5260476556865
2020-08-14 13:30:00,149740.874,1270849.06678,0.0,-6.720029773397088,78.52262169015245,-0.4147668973521514,-0.004621773769693645,0.4147926469115723,False,269.3615759281777
2020-08-14 14:00:00,150514.23676,1270699.38374,2.3283064365386963e-10,-6.755204974992631,78.52314303627718,-0.4478074964120017,0.0657344673470109,0.4526064228887833,False,278.3509099528021
2020-08-14 14:30:00,151313.9535,1270424.43724,2.9103830456733704e-11,-6.792218559500383,78.52475166127117,-0.4651855937572918,0.12426141284845335,0.4814961426246506,False,284.95578332930245
2020-08-14 15:00:00,152124.24474,1270057.12077,4.692851652099372e-10,-6.83020476045406,78.52716974229924,-0.4769886195698061,0.17369630167406772,0.5076303265313824,False,290.0091894537312
2020-08-14 15:30:00,152944.55966,1269599.3511,5.820766091346741e-11,-6.869137445087181,78.53038034923136,-0.48090239997471723,0.2189912667516083,0.5284167798385258,False,294.48336650894726
2020-08-14 16:00:00,153748.77581,1269067.35027,2.346425826049686e-10,-6.907775691817673,78.5342664089624,-0.4678857936425352,0.2566750730616907,0.5336658214873136,False,298.74850682138333
2020-08-14 16:30:00,154505.58702,1268479.44426,2.3283064365386963e-10,-6.944633267970281,78.5386983620064,-0.44379719931383577,0.28358643318103216,0.5266661363740264,False,302.57857987104575
2020-08-14 17:00:00,155211.28582,1267860.75455,4.656612873077393e-10,-6.979411380440965,78.54345649523353,-0.4190210968290187,0.30108429929285685,0.5159752269910489,False,305.69883639944663
2020-08-14 17:30:00,155871.17697,1267220.27369,0.0,-7.012297432976206,78.54845539897889,-0.38824844326086466,0.31112327573581894,0.49752843777926026,False,308.7069760772912
2020-08-14 18:00:00,156461.78782,1266578.45487,2.9103830456733704e-11,-7.042132579624135,78.55353891480672,-0.34715710906659064,0.3151942921538842,0.46889817677387147,False,312.2372445377258
2020-08-14 18:30:00,156972.40144,1265940.91387,2.9103830456733704e-11,-7.06840470184676,78.55866970732095,-0.29966630255475857,0.30908498823907044,0.4305036850499499,False,315.88641764014983
2020-08-14 19:00:00,157395.46439,1265341.45478,2.9103830456733704e-11,-7.090585026865931,78.56355519903687,-0.2549746758777057,0.2871295606692027,0.3839993098288465,False,318.3945189936253
2020-08-14 19:30:00,157755.69618,1264801.84748,4.656612873077393e-10,-7.1096484552455115,78.56797435908278,-0.2142149555837583,0.25689680080045585,0.3344906776836398,False,320.17675783281345
2020-08-14 20:00:00,158046.24405,1264328.29011,2.3283064365386963e-10,-7.1252487201145795,78.57188010930419,-0.17113030665285137,0.22204092883043847,0.2803350779531216,False,322.3780143535798
2020-08-14 20:30:00,158267.85756,1263932.25675,2.3283064365386963e-10,-7.137349517580202,78.57516970361893,-0.12562216911095883,0.1839399784812169,0.22274390015399495,False,325.6688008299421
2020-08-14 21:00:00,158412.70428,1263615.04731,2.346425826049686e-10,-7.145588961197285,78.57784075231729,-0.08897711567412267,0.1346295854347154,0.16137550120142008,False,326.53915886862666
2020-08-14 21:30:00,158525.3992,1263411.50988,2.346425826049686e-10,-7.151759785024783,78.57953236650482,-0.0743003700565389,0.0797159366441805,0.10897327904398225,False,317.013821337757
2020-08-14 22:00:00,158642.3765,1263297.0018,0.0,-7.157624424157685,78.58042391329423,-0.07725440347188572,0.025176144839047204,0.08125319147426513,False,288.0500749324234
2020-08-14 22:30:00,158790.05477,1263286.92898,0.0,-7.164274699807947,78.58034816894133,-0.09047419830194836,-0.03701538711402873,0.09775336025723964,False,247.74923220268028
2020-08-14 23:00:00,158982.1596,1263388.59639,0.0,-7.1722806424630585,78.57922441452003,-0.11722720266231253,-0.09825139429173675,0.1529560509568066,False,230.0326862463026
2020-08-14 23:30:00,159252.93172,1263585.17603,5.820766091346741e-11,-7.1832626361770755,78.57716428247497,-0.15773886350992414,-0.15089795124283795,0.21829278675826275,False,226.26974882441434
2020-08-15 00:00:00,159613.49019,1263856.55819,2.9103830456733704e-11,-7.197825862745137,78.57433447218975,-0.20316534426048882,-0.19747807504338385,0.28332622051501566,False,225.81327839798055
2020-08-15 00:30:00,160067.63844,1264198.85406,0.0,-7.21615636138106,78.57076485770676,-0.25340553723626835,-0.23989866188292003,0.34894947238134255,False,226.5683905578038
2020-08-15 01:00:00,160627.0082,1264598.7611,2.9103830456733704e-11,-7.238841041125671,78.56656030155987,-0.30785646195341293,-0.2634501151257167,0.40519324318925476,False,229.4445329059909
2020-08-15 01:30:00,161286.59458,1265000.06502,2.9103830456733704e-11,-7.265967724227428,78.5622274011597,-0.3543214045827371,-0.2643442980570015,0.44206511472941684,False,233.2749285724529
2020-08-15 02:00:00,162012.68121,1265381.43204,2.3283064365386963e-10,-7.296150150267873,78.5579939153364,-0.3991370648717961,-0.25318826126311494,0.47266763396271566,False,237.61144476826672
2020-08-15 02:30:00,162827.60927,1265721.67997,2.346425826049686e-10,-7.3305019168725165,78.55402232963544,-0.44171500210039283,-0.23025351312536446,0.4981253089204788,False,242.4682455491816
2020-08-15 03:00:00,163695.62133,1266000.67521,5.820766091346741e-11,-7.367545290637293,78.5505321544733,-0.47404769104784933,-0.1967148026912253,0.513242561549259,False,247.46309546216855
2020-08-15 03:30:00,164610.90322,1266205.16629,2.9103830456733704e-11,-7.407100426172477,78.54764737805891,-0.4881228704639772,-0.16814550749954443,0.5162720681600661,False,250.99251566994977
2020-08-15 04:00:00,165516.23725,1266374.4067,2.3283064365386963e-10,-7.446398128844882,78.54508335793476,-0.4939715229836169,-0.14655768619747744,0.5152543264275539,False,253.47476788938482
2020-08-15 04:30:00,166442.58072,1266497.85952,2.3283064365386963e-10,-7.486880170179696,78.54289793237874,-0.5006221765147221,-0.11829179048970492,0.5144079230684514,False,256.7054497883863
2020-08-15 05:00:00,167358.60045,1266561.79631,2.346425826049686e-10,-7.527237458507878,78.54125005918765,-0.48678210837759134,-0.08117087394292345,0.4935033250274926,False,260.5330371328475
2020-08-15 05:30:00,168218.17467,1266557.99451,2.9103830456733704e-11,-7.565474033163012,78.54026782956932,-0.459805471763189,-0.03971699961681653,0.46151761821400816,False,265.0631685841971
2020-08-15 06:00:00,169018.31563,1266485.59765,0.0,-7.601469377498679,78.53996329436394,-0.4247962467519265,-0.02191829239201723,0.4253613320412489,False,267.046318121623
2020-08-15 06:30:00,169744.44,1266433.91281,5.820766091346741e-11,-7.634049844605088,78.5395579622556,-0.37349391886619443,-0.03344590960626882,0.3749884482212994,False,264.8828840564031
2020-08-15 07:00:00,170366.97172,1266426.31469,2.3283064365386963e-10,-7.661760899665101,78.5388799702095,-0.31130525289117583,-0.04280718490812207,0.3142346504722181,False,262.17043349352684
2020-08-15 07:30:00,170875.67989,1266437.22595,4.692851652099372e-10,-7.684300203332948,78.53817121963215,-0.24570325925723788,-0.04619267158914654,0.2500077089174896,False,259.35256894295316
2020-08-15 08:00:00,171265.79614,1266472.84013,5.820766091346741e-11,-7.701419476567054,78.53738343875585,-0.18405537609730677,-0.057798793008322906,0.19291729301319777,False,252.56617988448704
2020-08-15 08:30:00,171560.18689,1266554.62931,0.0,-7.714006080832797,78.53629844092221,-0.12715810870212568,-0.08178021844169366,0.15118594093722054,False,237.25338669141607
2020-08-15 09:00:00,171758.94074,1266703.139,0.0,-7.721940521584164,78.53473345185662,-0.06585641732855207,-0.11151504045340233,0.12950935082331458,False,210.5644358556156
2020-08-15 09:30:00,171849.06173,1266920.58717,2.3283064365386963e-10,-7.724633227436124,78.53268479806825,-0.01209919841118309,-0.15672149051882,0.15718783729231015,False,184.41458700006928
2020-08-15 10:00:00,171877.93762,1267256.36195,0.0,-7.72389316667524,78.52965475835653,0.018073731335072188,-0.21285021489406786,0.21361618324654907,False,175.14649116153186
2020-08-15 10:30:00,171887.57163,1267688.6406,0.0,-7.721718684777039,78.52578716283803,0.04631873422924608,-0.2670547283059469,0.27104179207488033,False,170.1603441127288
2020-08-15 11:00:00,171841.87724,1268231.44584,2.399963341663627e-10,-7.716426482905494,78.52100050519603,0.07509419043801246,-0.3301360246434995,0.3385689474906903,False,167.18529210570227
2020-08-15 11:30:00,171779.25939,1268902.66672,2.9103830456733704e-11,-7.709617276550671,78.51508864761087,0.08450110630718569,-0.38934553725782395,0.39840981959500177,False,167.75479180895002
2020-08-15 12:00:00,171728.45712,1269661.22962,2.399963341663627e-10,-7.702815144781995,78.50838319324109,0.07113975632369912,-0.43295418151250514,0.4387598297690418,False,170.6689695480514
2020-08-15 12:30:00,171734.37864,1270481.56436,2.346425826049686e-10,-7.698163439843047,78.50105808892314,0.01558289062875002,-0.48283624805567377,0.483087641030929,False,178.15149737778114
2020-08-15 13:00:00,171905.70528,1271391.28911,2.9103830456733704e-11,-7.7003035414968455,78.49273599844784,-0.06911929911841357,-0.5454512086838896,0.5498131487745058,False,187.22199958060213
2020-08-15 13:30:00,172244.07314,1272394.14069,2.346425826049686e-10,-7.709270204767462,78.48338143435232,-0.14770449014835002,-0.6056131085218687,0.6233649441727572,False,193.7064230736048
2020-08-15 14:00:00,172725.10256,1273480.45996,2.9103830456733704e-11,-7.724025293789556,78.47310938617545,-0.21891271996695988,-0.6489723330340114,0.6848998963402902,False,198.640388425653
2020-08-15 14:30:00,173339.01135,1274603.32359,2.3283064365386963e-10,-7.744399803073714,78.46234935315984,-0.28496071848948507,-0.6608666385986389,0.7196855737714266,False,203.3253416932866
2020-08-15 15:00:00,174062.20048,1275699.64145,0.0,-7.7697145666785765,78.45169157339959,-0.3405128643366555,-0.655187740459005,0.738390131317131,False,207.4617119483858
2020-08-15 15:30:00,174872.47749,1276774.62104,2.9103830456733704e-11,-7.798947662694122,78.44111538717125,-0.3889683534062892,-0.6444665244048888,0.7527506101160709,False,211.1131191267779
2020-08-15 16:00:00,175764.36307,1277808.24583,2.9103830456733704e-11,-7.831969044262427,78.43080481635157,-0.4358355047158307,-0.6244357978698933,0.7614936984849666,False,214.9137647785349
2020-08-15 16:30:00,176733.17656,1278787.81466,0.0,-7.868642288687644,78.42087756866684,-0.47214509239190494,-0.587784938619959,0.7539311124620268,False,218.77357713745448
2020-08-15 17:00:00,177737.77079,1279671.65214,5.820766091346741e-11,-7.907408554045498,78.4117548107588,-0.48594368763935325,-0.5368397955320838,0.7241120311274097,False,222.1511774196312
2020-08-15 17:30:00,178731.81606,1280461.39276,2.9103830456733704e-11,-7.9462275066116055,78.40347878280193,-0.4786272870616103,-0.4859321382454277,0.6820660693068747,False,224.56609294307248
2020-08-15 18:00:00,179686.12199,1281166.00907,2.9103830456733704e-11,-7.9837720644456365,78.39600597824248,-0.45734704437152307,-0.44721083877145223,0.6396591696442987,False,225.6420125295439
2020-08-15 18:30:00,180585.91855,1281827.0675,2.9103830456733704e-11,-8.01914842583953,78.38898490545442,-0.4248667122736195,-0.42213307716614484,0.5989224140370378,False,225.18491764994718
2020-08-15 19:00:00,181412.68712,1282457.45372,0.0,-8.051473674250168,78.38232486831396,-0.383552078362095,-0.4026793377887235,0.5561140583530033,False,223.60639616852606
2020-08-15 19:30:00,182156.13637,1283069.02663,2.9103830456733704e-11,-8.080231867826232,78.37593423483206,-0.3396734821482693,-0.392443906582483,0.5190282210905793,False,220.87729677466422
2020-08-15 20:00:00,182821.95411,1283684.34604,5.820766091346741e-11,-8.105539135404964,78.36960579949441,-0.30149090827876623,-0.39296538608045706,0.4952964389455249,False,217.49614198345617
2020-08-15 20:30:00,183430.12576,1284316.53599,2.399963341663627e-10,-8.128193322555886,78.3631980813919,-0.2603668606258893,-0.3886235877680289,0.4677811401519691,False,213.82097168163017
2020-08-15 21:00:00,183947.66736,1284936.81019,0.0,-8.146937204928815,78.35701035429949,-0.22306659515659644,-0.3726478712068058,0.4343099605002412,False,210.90469154824643
2020-08-15 21:30:00,184415.17267,1285530.7289,2.9103830456733704e-11,-8.163641273938703,78.3511201970836,-0.1973654977926746,-0.35621717052367863,0.407239256819435,False,208.98906008107295
2020-08-15 22:00:00,184833.08243,1286105.30322,0.0,-8.178285145176813,78.34546493167936,-0.1694717307850631,-0.34266441300076667,0.38228205224996487,False,206.31564391536472
2020-08-15 22:30:00,185194.54947,1286664.98663,2.346425826049686e-10,-8.190546003675113,78.34001397871738,-0.135669620251532,-0.3460362589228539,0.3716817702666076,False,201.40853876181717
2020-08-15 23:00:00,185493.98492,1287268.74527,2.9103830456733704e-11,-8.199813592918137,78.33424936532754,-0.1005747391308863,-0.36555039940599315,0.3791337134272379,False,195.38330076503797
2020-08-15 23:30:00,185740.60978,1287915.87403,5.820766091346741e-11,-8.20649787794028,78.32816581569362,-0.07543412899560613,-0.3811543194199807,0.38854719536992466,False,191.1947261519977
2020-08-16 00:00:00,185958.6301,1288588.08681,2.9103830456733704e-11,-8.2117716049156,78.32189533250774,-0.05439905471639271,-0.3976846305948917,0.401387995043988,False,187.78911557378154
2020-08-16 00:30:00,186138.92638,1289304.88792,2.346425826049686e-10,-8.21511720742723,78.31527591941395,-0.031833509658989734,-0.42614026175866815,0.4273276202504996,False,184.27217161697774
2020-08-16 01:00:00,186291.26314,1290090.07434,2.3283064365386963e-10,-8.216812963598263,78.30808301574467,-0.019505975455500674,-0.4587418580355067,0.4591563735725985,False,182.43478381670502
2020-08-16 01:30:00,186444.45417,1290929.36915,2.346425826049686e-10,-8.218204015487133,78.30040678326786,-0.027370125713979745,-0.4993686967309314,0.5001182050839061,False,183.13721144175128
2020-08-16 02:00:00,186645.757,1291855.25598,0.0,-8.221140037386963,78.29189691125252,-0.055803049151432485,-0.5601991446822124,0.5629716351622696,False,185.6886314583063
2020-08-16 02:30:00,186931.65935,1292896.63513,0.0,-8.227019578848424,78.28224878854797,-0.10972748548559444,-0.602229695162104,0.6121443676176659,False,190.32613528935883
2020-08-16 03:00:00,187346.94603,1293944.44591,2.346425826049686e-10,-8.238460694844447,78.27237626482724,-0.16245590348922445,-0.580012414286564,0.6023340612193776,False,195.64704881295506
2020-08-16 03:30:00,187809.66802,1294879.32792,4.665698955615924e-10,-8.25264790119969,78.26344816320211,-0.1825464254839696,-0.5301876346457681,0.5607335600695298,False,198.99885828890626
2020-08-16 04:00:00,188271.27618,1295739.0279,4.665698955615924e-10,-8.267238417445883,78.25519061255706,-0.18903421799961456,-0.49567638759967425,0.5304988376976789,False,200.87516019205174
2020-08-16 04:30:00,188739.70389,1296547.36669,2.346425826049686e-10,-8.282427140689366,78.24738102565382,-0.2060607066242951,-0.4669077834805219,0.5103566332371882,False,203.813336752466
2020-08-16 05:00:00,189247.49115,1297295.50353,0.0,-8.299677583095328,78.2400557926916,-0.23705554221192662,-0.4338221486864006,0.4943652362214358,False,208.65373015917277
2020-08-16 05:30:00,189809.60685,1297969.58067,2.9103830456733704e-11,-8.319722538916606,78.23331850194603,-0.26022961722798177,-0.3924445609659815,0.47088447321440097,False,213.54832039970316
2020-08-16 06:00:00,190378.88636,1298557.87987,2.9103830456733704e-11,-8.340597217199809,78.2273345667937,-0.2664607956585512,-0.34555837377563403,0.436362172179772,False,217.6358928216926
2020-08-16 06:30:00,190939.17263,1299061.28574,4.656612873077393e-10,-8.36160119287564,78.2221170870634,-0.2522209491485984,-0.2975522860167018,0.3900676481114333,False,220.2863619351401
2020-08-16 07:00:00,191433.00199,1299485.64069,2.346425826049686e-10,-8.38022142251254,78.21768941854599,-0.22177292299766194,-0.24752672038000031,0.3323442592809537,False,221.85892510199403
2020-08-16 07:30:00,191858.9003,1299826.50995,4.665698955615924e-10,-8.396428959629539,78.21409349166599,-0.19117968146804812,-0.20562407785005676,0.28076846688670465,False,222.91524734782922
2020-08-16 08:00:00,192221.96366,1300117.45424,2.3283064365386963e-10,-8.410235209318639,78.21102408009016,-0.15772420453583083,-0.18427439571833423,0.24255716360028998,False,220.56089151840357
2020-08-16 08:30:00,192517.6283,1300399.71652,4.665698955615924e-10,-8.421183848667157,78.20812019901425,-0.12539815262337375,-0.17790888314155803,0.21766089998442872,False,215.177896518489
2020-08-16 09:00:00,192762.32611,1300684.90895,4.665698955615924e-10,-8.429911544813256,78.20525706596426,-0.09157308571727975,-0.17516714355702323,0.19765919712907631,False,207.5994646740932
2020-08-16 09:30:00,192936.17558,1300975.17674,4.665698955615924e-10,-8.43554953850665,78.20244204661313,-0.04971375619140403,-0.18943511023379872,0.19584973460270463,False,194.70463662831645
2020-08-16 10:00:00,193039.40174,1301333.24324,5.820766091346741e-11,-8.437708940236979,78.19911635243801,-0.019463587208639062,-0.2177493319458647,0.2186174805222553,False,185.107825354868
2020-08-16 10:30:00,193120.51056,1301740.30791,2.9103830456733704e-11,-8.438601501759447,78.195383429805,0.0030226500838386808,-0.250023417265789,0.2500416877138534,False,179.30735825435937
2020-08-16 11:00:00,193160.72492,1302225.17981,2.346425826049686e-10,-8.437235962139539,78.19101149053486,0.028956353191889043,-0.29328496839792517,0.29471094835167794,False,174.3613975631377
2020-08-16 11:30:00,193172.31291,1302800.00192,2.346425826049686e-10,-8.434065494641596,78.1858761301305,0.04955480106255943,-0.33894269843907965,0.34254610074195085,False,171.68205698861607
2020-08-16 12:00:00,193163.2242,1303458.34324,2.9103830456733704e-11,-8.429475977407069,78.18002406528457,0.058607525043751114,-0.3871217888703051,0.3915330399977746,False,171.39119421187547
2020-08-16 12:30:00,193167.90127,1304209.51396,2.9103830456733704e-11,-8.424891703749896,78.17332684520778,0.046688395153077086,-0.42731681344561506,0.4298598205174385,False,173.76462864113023
2020-08-16 13:00:00,193222.34632,1305004.7088,0.0,-8.422170797230779,78.166171719387,0.02405111129771638,-0.4574804849460295,0.45811226796617166,False,176.99056083954872
2020-08-16 13:30:00,193323.46993,1305851.36437,2.346425826049686e-10,-8.421130292372794,78.158496563609,-0.013738661739018387,-0.4912494401369746,0.49144151560615035,False,181.6019605125905
2020-08-16 14:00:00,193530.26499,1306746.89634,2.3283064365386963e-10,-8.424314598846738,78.15024659114653,-0.07044002363493068,-0.5160477836762922,0.5208330941548385,False,187.77278193542975
2020-08-16 14:30:00,193846.48677,1307651.94071,2.346425826049686e-10,-8.432125643208982,78.14176732565716,-0.12169342165336741,-0.5193429609318082,0.5334101610797473,False,193.18772588858815
2020-08-16 15:00:00,194237.78451,1308532.07932,2.9103830456733704e-11,-8.443300347844803,78.13341037041572,-0.1631328472878894,-0.5097712611400942,0.5352373908357075,False,197.74528781008354
2020-08-16 15:30:00,194696.85999,1309380.99654,5.820766091346741e-11,-8.457559741225495,78.12524123991939,-0.20537459257139776,-0.49410742846855304,0.5350895944995323,False,202.57009859533406
2020-08-16 16:00:00,195230.71092,1310182.78089,5.820766091346741e-11,-8.475298958961016,78.11739189329106,-0.25761534135417935,-0.4745689484055958,0.5399827320311488,False,208.4949110582131
2020-08-16 16:30:00,195865.94363,1310934.10238,0.0,-8.497671299328625,78.10985591905315,-0.31244260182119366,-0.43891641523562663,0.538765254072764,False,215.44515830085618
2020-08-16 17:00:00,196576.64616,1311579.32362,0.0,-8.523918977203952,78.10316228019526,-0.34720996377964847,-0.3795693164625781,0.5144196972781403,False,222.4506281704577
2020-08-16 17:30:00,197304.63084,1312100.18691,0.0,-8.551673606625416,78.09755039985474,-0.3544677680288536,-0.3145441498380294,0.4739044426555694,False,228.415104001542
2020-08-16 18:00:00,198006.92609,1312509.3378,2.3283064365386963e-10,-8.57902504900778,78.09296496334886,-0.34060082011983633,-0.2554576024446542,0.42575521759935736,False,233.12935009854593
2020-08-16 18:30:00,198654.26122,1312826.63354,2.3283064365386963e-10,-8.60460373449041,78.08926873071765,-0.31051177928169027,-0.19987067645811568,0.3692774734268337,False,237.23136713846972
2020-08-16 19:00:00,199219.83946,1313053.52766,2.9103830456733704e-11,-8.62726463428748,78.08648546376246,-0.26024573116417654,-0.14376861764634452,0.29731676039052635,False,241.08224226622093
2020-08-16 19:30:00,199658.18318,1313197.80619,2.486632364254192e-10,-8.645025104425567,78.08460813730642,-0.20560906531935208,-0.10198120440421357,0.2295109012514037,False,243.61878800230562
2020-08-16 20:00:00,200006.80695,1313305.22879,0.0,-8.659193955975107,78.08317945256518,-0.1651389068813256,-0.08120571593440606,0.18402507129839288,False,243.81472226968143
2020-08-16 20:30:00,200289.92061,1313397.30847,5.820766091346741e-11,-8.67066635365718,78.08197557840958,-0.11344191973069061,-0.07019702300178891,0.13340423977707055,False,238.25108359902848
2020-08-16 21:00:00,200448.62756,1313493.48305,5.820766091346741e-11,-8.67680663561295,78.08090383728292,-0.05677967036377911,-0.06570368399620807,0.0868383846999297,False,220.83285057516773
2020-08-16 21:30:00,200527.67156,1313600.29767,0.0,-8.67948103007627,78.07984551930396,-0.016560151186773946,-0.07155743520721987,0.0734486564939365,False,193.0302632486147
2020-08-16 22:00:00,200546.43599,1313739.14316,2.9103830456733704e-11,-8.679377420599018,78.07858395413021,0.02596925650029624,-0.0898135547342624,0.09349265691583766,False,163.8729705062981
2020-08-16 22:30:00,200484.04479,1313934.0318,0.0,-8.675450926338478,78.07693372672891,0.07571312819656531,-0.10839641649948938,0.1322205010247666,False,145.06632911715008
2020-08-16 23:00:00,200335.84807,1314166.01882,2.9103830456733704e-11,-8.667628440613491,78.07506964252673,0.11728699273033974,-0.12489738957202463,0.1713347500819167,False,136.79986906725912
2020-08-16 23:30:00,200134.39423,1314442.15877,2.9103830456733704e-11,-8.657253075992433,78.07288444217578,0.15022907675056457,-0.1571234364508335,0.2173857166040265,False,136.28501138814545
2020-08-17 00:00:00,199886.32795,1314806.62521,2.3283064365386963e-10,-8.64432404451084,78.06997554688962,0.17160463698536915,-0.212549430764861,0.2731765215997648,False,141.08386214491156
2020-08-17 00:30:00,199638.64163,1315291.49657,4.665698955615924e-10,-8.630639231002343,78.06599347074014,0.16201272674321943,-0.2811356140853105,0.3244770517831696,False,150.04602880022742
2020-08-17 01:00:00,199461.56472,1315894.77705,2.9103830456733704e-11,-8.619205161567455,78.06086108872479,0.1262498138895237,-0.3498961474856622,0.3719762486133324,False,160.1595008968864
2020-08-17 01:30:00,199378.05141,1316605.01108,5.820766091346741e-11,-8.611072552632713,78.05464971868423,0.07830572155366758,-0.4102701719211445,0.4176761903631161,False,169.19427314194724
2020-08-17 02:00:00,199403.98368,1317397.30841,0.0,-8.607073901949358,78.04755986371656,0.02205635148419579,-0.44770345435653874,0.4482464341002299,False,177.1795729428859
2020-08-17 02:30:00,199540.7505,1318210.47527,2.9103830456733704e-11,-8.60765536084328,78.04013471365947,-0.03081414032264529,-0.4647192922687367,0.4657397683799175,False,183.79355792677143
2020-08-17 03:00:00,199764.05717,1319034.85122,0.0,-8.611838882163648,78.0324930173652,-0.08064176071384493,-0.47460343085450946,0.4814057645582364,False,189.64325543541827
2020-08-17 03:30:00,200083.62874,1319856.31329,8.731149137020111e-11,-8.620120905994119,78.02474723319953,-0.13839651691175586,-0.4737256543230091,0.49352770080013647,False,196.28545209941987
2020-08-17 04:00:00,200512.26813,1320646.3233,2.346425826049686e-10,-8.633219967360722,78.01713378495455,-0.1980663582582913,-0.4605124258158697,0.5013002858611979,False,203.27253634075743
2020-08-17 04:30:00,201037.4453,1321388.34057,8.731149137020111e-11,-8.650702997303885,78.00981622926516,-0.2593905972519963,-0.4397350859918607,0.5105393498987286,False,210.53547203758012
2020-08-17 05:00:00,201673.55741,1322070.90631,2.346425826049686e-10,-8.673247073734377,78.00287619645107,-0.31796554925357834,-0.3947711979707573,0.5068987958748734,False,218.84945001057224
2020-08-17 05:30:00,202383.34355,1322620.64861,2.3283064365386963e-10,-8.699743658081186,77.99701640495147,-0.35912375576507344,-0.34239394912259186,0.4961889643579108,False,226.36613181740344
2020-08-17 06:00:00,203137.96957,1323093.79156,5.820766091346741e-11,-8.728608956166244,77.99177462119265,-0.3879669713383088,-0.2956828397626978,0.48779781936736183,False,232.6877404973194
2020-08-17 06:30:00,203925.38481,1323460.82606,2.399963341663627e-10,-8.75952700752672,77.98742929652018,-0.4015718339517178,-0.23704820790672915,0.46631726399001994,False,239.44660899319007
2020-08-17 07:00:00,204696.72462,1323717.05547,0.0,-8.79046755143363,77.9840888052454,-0.39362485678549664,-0.17260555429840502,0.4298060088622103,False,246.32242029986742
2020-08-17 07:30:00,205420.74955,1323858.3517,2.9103830456733704e-11,-8.820145150942,77.98183302951679,-0.37422013388524045,-0.10905809698013547,0.3897876051415898,False,253.75241669615775
2020-08-17 08:00:00,206088.18597,1323898.45238,2.399963341663627e-10,-8.848086312528858,77.98055297915616,-0.34908705532026907,-0.05406049269687795,0.3532482258452345,False,261.19696073697327
2020-08-17 08:30:00,206692.44277,1323857.35187,2.9103830456733704e-11,-8.873888007460016,77.98008042559113,-0.32024239079085837,-0.0034854654728859527,0.320261357845444,False,269.37642678766156
2020-08-17 09:00:00,207229.19461,1323733.0076,2.3283064365386963e-10,-8.897386446182816,77.98044017779401,-0.28286736696431647,0.03719814461908637,0.2853027326480203,False,277.491627430044
2020-08-17 09:30:00,207677.79999,1323567.55076,8.731149137020111e-11,-8.917434886872927,77.98128678562189,-0.2105191884291455,0.05500134249961404,0.21758556104122792,False,284.64209697432693
2020-08-17 10:00:00,207947.2102,1323419.91805,2.346425826049686e-10,-8.929796766222605,77.98222395548356,-0.13400840733124708,0.05285081219795604,0.1440536760566736,False,291.5234978192889
2020-08-17 10:30:00,208124.84945,1323304.70913,2.486632364254192e-10,-8.938067507043792,77.98300053208008,-0.07802055316501243,0.04225764311317894,0.08872944898766887,False,298.440947120773
2020-08-17 11:00:00,208201.03794,1323225.99936,0.0,-8.94180988391549,77.98359418151513,-0.021592470594163297,0.022827618735332254,0.03142188669519224,False,316.59276008093855
2020-08-17 11:30:00,208188.86438,1323211.44633,2.9103830456733704e-11,-8.941392251607585,77.98374070054875,0.024330905466164898,-0.0047380523338134035,0.024787942648017553,False,101.01952087310923
2020-08-17 12:00:00,208117.16217,1323256.46286,2.399963341663627e-10,-8.938063312446754,77.98344053896608,0.07248974755559773,-0.0484702303498543,0.08720164408336704,False,123.768645545862
2020-08-17 12:30:00,207958.18057,1323424.36524,5.820766091346741e-11,-8.930230744877608,77.98216905051149,0.10207666146917294,-0.1278796869762222,0.16362413989943145,False,141.40228548549908
2020-08-17 13:00:00,207825.6042,1323768.29311,2.3283064365386963e-10,-8.922347865723065,77.97929426839409,0.08551656987213202,-0.20644300934637302,0.22345424549710818,False,157.49879764713245
2020-08-17 13:30:00,207769.31253,1324206.31472,2.3283064365386963e-10,-8.917066892742522,77.97547555290566,0.05406902443515785,-0.25517551710285724,0.26084095524299916,False,168.03657012132754
2020-08-17 14:00:00,207775.70051,1324705.99357,0.0,-8.914027054322526,77.97102064411415,0.009203665068366715,-0.29551718130301025,0.29566046725250045,False,178.21614173605303
2020-08-17 14:30:00,207901.42731,1325262.46127,2.9103830456733704e-11,-8.915649324560823,77.9658938500123,-0.06123228003848385,-0.3567874678610002,0.3620037145408532,False,189.73829784323266
2020-08-17 15:00:00,208192.53532,1325940.74611,2.9103830456733704e-11,-8.923438677643242,77.95945215973336,-0.13740337201612846,-0.4138457777227133,0.4360596454389239,False,198.36698617134113
2020-08-17 15:30:00,208621.189,1326657.54599,0.0,-8.93676169838777,77.95247513384757,-0.21305123260302714,-0.42246247790197383,0.4731441354901748,False,206.7621776241494
2020-08-17 16:00:00,209186.46648,1327324.00172,2.399963341663627e-10,-8.956158043727564,77.94575381562635,-0.2823325868407732,-0.42223733722467904,0.5079331240811039,False,213.76900380028894
2020-08-17 16:30:00,209861.83417,1328000.83616,4.656612873077393e-10,-8.98009795775906,77.93878399764834,-0.34188124266706404,-0.42847214301870906,0.5481524983347436,False,218.586637751853
2020-08-17 17:00:00,210642.92381,1328655.48146,5.820766091346741e-11,-9.008605568769541,77.93186034634287,-0.42846408097550953,-0.4023267154546574,0.5877484620607023,False,226.80197824115209
2020-08-17 17:30:00,211612.06904,1329189.82198,5.820766091346741e-11,-9.045791132962218,77.92573758688685,-0.5063409051369486,-0.32417599137741326,0.6012247380143577,False,237.3713004880376
2020-08-17 18:00:00,212626.566,1329521.40884,2.9103830456733704e-11,-9.08620690535665,77.92134848573053,-0.5311506396928684,-0.23340983228052414,0.5801733808538321,False,246.27730247799562
2020-08-17 18:30:00,213632.91409,1329717.58728,2.399963341663627e-10,-9.12716486458893,77.91816916266232,-0.5404805513458636,-0.17160394972364124,0.5670689040530107,False,252.38522431759876
2020-08-17 19:00:00,214645.65571,1329822.71749,2.346425826049686e-10,-9.16898685762339,77.91578405544558,-0.5453608943361898,-0.10579029564893447,0.5555268595888571,False,259.0219822000763
2020-08-17 19:30:00,215631.81403,1329780.72062,0.0,-9.210677965879997,77.91473890059017,-0.5355023830650754,-0.03780551546068206,0.5368352254347908,False,265.9617200905859
2020-08-17 20:00:00,216570.39284,1329648.48756,5.820766091346741e-11,-9.250981671008054,77.91455840887163,-0.5101486091406804,0.0020647596654928407,0.5101527875456988,False,270.2318958955334
2020-08-17 20:30:00,217443.26739,1329478.14376,2.9103830456733704e-11,-9.28878803068851,77.91480621165722,-0.4738851866713717,0.021887689468550894,0.4743903889170105,False,272.6444835810114
2020-08-17 21:00:00,218241.29099,1329295.36059,2.9103830456733704e-11,-9.323540116053895,77.91526853440772,-0.4366731437317135,0.05462633784753895,0.4400766651882047,False,277.13046748930253
2020-08-17 21:30:00,218962.66318,1329029.40457,8.731149137020111e-11,-9.355652971203426,77.91657781443688,-0.38057511714375225,0.09188763981150955,0.3915108659272568,False,283.57394542516613
2020-08-17 22:00:00,219539.36224,1328746.24343,2.346425826049686e-10,-9.381819687995725,77.91824865788618,-0.314008975570528,0.10125300300607129,0.3299300037229108,False,287.8720501108039
2020-08-17 22:30:00,220018.55479,1328485.49442,2.9103830456733704e-11,-9.403744721205145,77.919861344154,-0.2597821651046269,0.08384036726374178,0.2729761537009538,False,287.88662072340367
2020-08-17 23:00:00,220412.69475,1328295.66887,2.3283064365386963e-10,-9.421610956151813,77.9209674963639,-0.2133526742885134,0.05017576485431739,0.21917338115012105,False,283.2341927140976
2020-08-17 23:30:00,220746.6943,1328181.5668,2.9103830456733704e-11,-9.436427350218526,77.9214884853941,-0.18983595275551574,0.007420729747635343,0.1899809363820008,False,272.23856505891774
2020-08-18 00:00:00,221082.47642,1328157.2686,2.9103830456733704e-11,-9.45069232076119,77.9212081442204,-0.18119406731173482,-0.03583667980875048,0.1847039730181362,False,258.81238837168405
2020-08-18 00:30:00,221411.32309,1328201.72117,2.9103830456733704e-11,-9.46418447591935,77.92032651528311,-0.16929009615727889,-0.07492709538021398,0.18513024139523077,False,246.1260171586593
2020-08-18 01:00:00,221727.97859,1328323.12306,5.820766091346741e-11,-9.47662399295953,77.91877867010346,-0.1757073606276234,-0.12086343621143564,0.21326285844366213,False,235.47716955313487
2020-08-18 01:30:00,222106.87564,1328526.74581,4.656612873077393e-10,-9.491095091295405,77.91640738926972,-0.19831785183316666,-0.1657348828896557,0.2584531326220863,False,230.11438449131012
2020-08-18 02:00:00,222530.53331,1328793.87595,4.656612873077393e-10,-9.506991896414863,77.91340458579069,-0.22109053428757003,-0.17776318377193556,0.28369133553264914,False,231.19971190887762
2020-08-18 02:30:00,222997.5687,1329026.44242,4.656612873077393e-10,-9.52494282166477,77.9106432203388,-0.2607147599265613,-0.16080643931436947,0.30631829355840057,False,238.33410051846266
2020-08-18 03:00:00,223551.96209,1329209.48595,4.656612873077393e-10,-9.546896620087463,77.90819006484702,-0.29189101229019165,-0.1389928788060253,0.32329457684065666,False,244.53710957733193
2020-08-18 03:30:00,224116.81235,1329345.60517,2.346425826049686e-10,-9.569611310728975,77.90613623609596,-0.30117736930628125,-0.11840043209847857,0.32361469389284314,False,248.53895674922427
2020-08-18 04:00:00,224691.97359,1329449.54601,5.820766091346741e-11,-9.592978211665745,77.90435080127793,-0.31237177775349034,-0.1053236359699617,0.32965011122523374,False,251.36723225954097
2020-08-18 04:30:00,225288.8128,1329532.06622,2.486632364254192e-10,-9.617398411105933,77.90272095200335,-0.33541595707451344,-0.1000509024832833,0.3500200670646346,False,253.39073477768326
2020-08-18 05:00:00,225942.67523,1329602.93265,2.3283064365386963e-10,-9.644283293037047,77.90110634281244,-0.361004777936188,-0.10723950172432384,0.37659628307092685,False,253.45550569186128
2020-08-18 05:30:00,226634.73961,1329694.94629,2.399963341663627e-10,-9.672609757483416,77.89924347844544,-0.3745262311121065,-0.1081683481991503,0.38983366881680653,False,253.89055213404438
2020-08-18 06:00:00,227337.22946,1329760.26494,2.9103830456733704e-11,-9.70155502519078,77.89759882661907,-0.36915360690424076,-0.0905260351302653,0.3800912371086931,False,256.2214883416426
2020-08-18 06:30:00,227999.60545,1329792.22936,2.9103830456733704e-11,-9.72905285745604,77.89630824141987,-0.3653757083756686,-0.08174052889808056,0.37440742825905515,False,257.38963815840026
2020-08-18 07:00:00,228683.39224,1329828.01834,0.0,-9.757413316043554,77.89494822319624,-0.362288013732308,-0.07366205026161846,0.3697008284313767,False,258.50702830543526
2020-08-18 07:30:00,229329.91788,1329832.53846,2.9103830456733704e-11,-9.784434045356724,77.89391981410914,-0.354517311021313,-0.049923566453828894,0.3580152040085061,False,261.984245895042
2020-08-18 08:00:00,229971.63294,1329788.23863,5.820766091346741e-11,-9.811602147933476,77.89332938594805,-0.36288880679788815,-0.03983471964529932,0.365068611343696,False,263.7356575233432
2020-08-18 08:30:00,230641.64692,1329751.22361,2.346425826049686e-10,-9.839898484222761,77.89262801579724,-0.3674042303995207,-0.037694697711918315,0.36933285631129137,False,264.1421017309448
2020-08-18 09:00:00,231298.02146,1329695.90723,4.656612873077393e-10,-9.867754246624761,77.8921071410638,-0.3589289175623647,-0.03363606001424309,0.36050152897841165,False,264.64631530791974
2020-08-18 09:30:00,231935.42668,1329649.08126,2.346425826049686e-10,-9.894752410261638,77.89153741717318,-0.34561942833244896,-0.02809069275884398,0.34675910407734156,False,265.3534205597724
2020-08-18 10:00:00,232541.12103,1329581.7224,2.346425826049686e-10,-9.92057226176557,77.89119638473946,-0.32550341066735095,-0.015588998493353184,0.3258764907600791,False,267.25808747731656
2020-08-18 10:30:00,233099.38605,1329502.47942,2.346425826049686e-10,-9.944494765191688,77.89103210135835,-0.3025620232802104,-0.010306662392954163,0.3027375186875537,False,268.0489950708587
2020-08-18 11:00:00,233620.38693,1329430.16652,4.656612873077393e-10,-9.966807803670354,77.89086231748927,-0.29026603973149295,-0.008967871017653582,0.29040453944798095,False,268.2303897144829
2020-08-18 11:30:00,234134.16118,1329353.41771,2.3283064365386963e-10,-9.988850777153344,77.890741330261,-0.28018054034593104,-0.007104597526094866,0.2802706022659988,False,268.5474500090003
2020-08-18 12:00:00,234618.1837,1329280.39844,2.3283064365386963e-10,-10.009622152023308,77.89063204372849,-0.2669074725865163,-0.011102893171072978,0.2671383034296846,False,267.6179671589804
2020-08-18 12:30:00,235087.34972,1329225.76802,2.9103830456733704e-11,-10.029636246172208,77.89038136357506,-0.26690642884967003,-0.023534274183401625,0.2679419784629193,False,264.96101949994966
2020-08-18 13:00:00,235579.11796,1329196.4855,2.9103830456733704e-11,-10.050406383737599,77.88986886090537,-0.2653416300460206,-0.037374914812325646,0.267960939117454,False,261.9823025930091
2020-08-18 13:30:00,236051.40208,1329191.55153,2.346425826049686e-10,-10.070179860469151,77.88916951353217,-0.2595206123598642,-0.044846902598194724,0.2633670307997773,False,260.19573195479296
2020-08-18 14:00:00,236527.22906,1329192.08525,5.820766091346741e-11,-10.090058437985086,77.88841463954189,-0.26843044307703096,-0.05589520812025843,0.2741882146652882,False,258.23739836610036
2020-08-18 14:30:00,237038.05912,1329220.3616,2.9103830456733704e-11,-10.111190194554688,77.88735694877997,-0.2810439738569065,-0.07352987353601823,0.2905036274188403,False,255.33827539485085
2020-08-18 15:00:00,237569.74545,1329275.05832,5.820766091346741e-11,-10.132992202945092,77.88603028888116,-0.28845143781254373,-0.0899855794247034,0.3021616065626528,False,252.67411809981704
2020-08-18 15:30:00,238117.28033,1329356.56288,5.820766091346741e-11,-10.155250777166833,77.88443901361224,-0.3007003999090958,-0.11865834725919595,0.3232654232666619,False,248.46548318704086
2020-08-18 16:00:00,238710.62461,1329504.6703,2.399963341663627e-10,-10.178916868605684,77.88218251301247,-0.33307561439707106,-0.14272405048658143,0.3623665540489114,False,246.80469998568003
2020-08-18 16:30:00,239388.28121,1329650.37938,2.399963341663627e-10,-10.206111259565263,77.87981065300872,-0.37034860757698285,-0.14066673818359898,0.3961631259537203,False,249.2020956992213
2020-08-18 17:00:00,240112.51204,1329766.81857,2.3283064365386963e-10,-10.235458930469775,77.87762096030642,-0.40287778820641873,-0.12899042244426065,0.4230236888313051,False,252.2463590050151
2020-08-18 17:30:00,240898.07484,1329849.63492,4.665698955615924e-10,-10.267608562007299,77.87562761912639,-0.43440999147238046,-0.12259541768728158,0.4513775328136666,False,254.24033282883764
2020-08-18 18:00:00,241730.01174,1329922.33981,2.486632364254192e-10,-10.301758298175475,77.87364535955943,-0.46244349070748386,-0.11341037620220248,0.4761469264082756,False,256.22064186580644
2020-08-18 18:30:00,242609.04736,1329953.61108,2.486632364254192e-10,-10.33817569766999,77.87194980048017,-0.48286548418722514,-0.08951113156406178,0.4910919654130397,False,259.4980149576238
2020-08-18 19:00:00,243497.93559,1329927.39434,5.820766091346741e-11,-10.375432361529956,77.87074269145019,-0.49332415175552186,-0.06752507429102406,0.49792404477320984,False,262.20592009997654
2020-08-18 19:30:00,244399.75501,1329872.87952,8.731149137020111e-11,-10.41343726957205,77.86976007562,-0.5010758860097989,-0.04469486991429853,0.5030652790018021,False,264.9028316974734
2020-08-18 20:00:00,245301.1803,1329759.59594,4.692851652099372e-10,-10.451871328431613,77.86929331887718,-0.4962452503679199,-0.014014619452467625,0.496443106580318,False,268.3823217050817
2020-08-18 20:30:00,246165.74853,1329598.41001,2.346425826049686e-10,-10.48913635656924,77.86930579026611,-0.48232640556524625,0.0174570670240633,0.48264221810216007,False,272.07282836757463
2020-08-18 21:00:00,246997.09861,1329381.69518,2.3283064365386963e-10,-10.525447402387437,77.86985952619014,-0.45675812136460847,0.04050464528304665,0.45855055089055535,False,275.06765025714947
2020-08-18 21:30:00,247755.77341,1329154.67356,4.665698955615924e-10,-10.558814209789078,77.87061960697363,-0.43231439247199815,0.04447541793193806,0.4345961306070884,False,275.87378166222766
2020-08-18 22:00:00,248497.73797,1328939.10517,2.9103830456733704e-11,-10.591399846825851,77.87130181645789,-0.410636769723372,0.037733317619277895,0.4123667783750322,False,275.2501520748351
2020-08-18 22:30:00,249183.91214,1328749.43216,2.399963341663627e-10,-10.621462853311352,77.87184346937197,-0.3679514056076034,0.03411929126990394,0.3695299215562546,False,275.29775696491515
2020-08-18 23:00:00,249777.02753,1328574.22595,2.9103830456733704e-11,-10.647539020888624,77.87240860895038,-0.30925384435829456,0.04485324056951133,0.31248960533107456,False,278.25246182854335
2020-08-18 23:30:00,250248.22276,1328385.03717,0.0,-10.668649036709732,77.87329834723158,-0.25726243552087463,0.054139708587918424,0.26289744916243846,False,281.8842212459631
2020-08-19 00:00:00,250651.08101,1328211.23586,0.0,-10.68679465585917,77.87416439637468,-0.21262383989566877,0.07685519302188024,0.22608763342210794,False,289.8729391259417
2020-08-19 00:30:00,250949.08502,1327971.21293,5.820766091346741e-11,-10.701096410923292,77.87579073494814,-0.17386660200843232,0.11105646596413846,0.20630834672015197,False,302.5682123484498
2020-08-19 01:00:00,251191.87792,1327702.16129,2.399963341663627e-10,-10.713330609600664,77.87776568208821,-0.13571553997345326,0.10404955421517874,0.17101174673882322,False,307.47643842348293
2020-08-19 01:30:00,251359.51254,1327512.33966,2.9103830456733704e-11,-10.72181194745834,77.87916484757885,-0.08558501744518435,0.07374691221854858,0.11297522858070622,False,310.75082341497705
2020-08-19 02:00:00,251445.21335,1327383.98704,5.820766091346741e-11,-10.726395791658192,77.88015713115529,-0.07265114353159663,0.04852310538017255,0.08736521282629595,False,303.73863785262296
2020-08-19 02:30:00,251583.97483,1327292.03029,2.346425826049686e-10,-10.732904030470097,77.88073824121575,-0.09513540399032945,0.005086117855010442,0.09527126370127695,False,273.0602269376268
2020-08-19 03:00:00,251778.29944,1327302.21559,4.692851652099372e-10,-10.740920871818453,77.88032201536222,-0.10831612997768139,-0.052875228690840645,0.12053287444697679,False,243.9803799407013
2020-08-19 03:30:00,252002.55653,1327406.37404,4.665698955615924e-10,-10.749440982659612,77.87902366844787,-0.12282689583793203,-0.10192891745820085,0.1596118747317471,False,230.3121347625851
2020-08-19 04:00:00,252281.15742,1327580.24827,0.0,-10.759671167849818,77.87701675630491,-0.14259862146431063,-0.1362393918957144,0.19721951918518565,False,226.30647131122655
2020-08-19 04:30:00,252598.45047,1327792.37481,2.3283064365386963e-10,-10.771206272606337,77.87460583883579,-0.16710556711541258,-0.16499693479622043,0.23483666462695274,False,225.36378560309214
2020-08-19 05:00:00,252983.1476,1328051.34404,5.820766091346741e-11,-10.785171594547606,77.87166634253428,-0.2183211260164351,-0.18119117898990678,0.2837152752476267,False,230.30971303834602
2020-08-19 05:30:00,253492.58397,1328286.06718,2.399963341663627e-10,-10.804514315263324,77.86873006678698,-0.27760410205740904,-0.16796587122849682,0.3244635131669636,False,238.82373664785024
2020-08-19 06:00:00,254078.15793,1328457.96025,5.820766091346741e-11,-10.827515467973646,77.86621945398858,-0.31873823405785123,-0.18688729192104214,0.36948737695880546,False,239.61542378595854
2020-08-19 06:30:00,254746.00003,1328731.33039,4.692851652099372e-10,-10.853119864587358,77.862669649311,-0.3549013907132205,-0.22320465574929577,0.419255668391424,False,237.83338308682497
2020-08-19 07:00:00,255484.24932,1329006.55399,0.0,-10.881621764190303,77.85898129681632,-0.3965410450003243,-0.224668236333377,0.455763773008671,False,240.46541286232258
2020-08-19 07:30:00,256300.56621,1329256.10004,2.9103830456733704e-11,-10.913556524840272,77.8553839120942,-0.4407532120038687,-0.19872766630722832,0.4834832771127088,False,245.73024624057481
2020-08-19 08:00:00,257177.71233,1329408.6259,2.9103830456733704e-11,-10.948779052259477,77.85253669238314,-0.4605501533554053,-0.15205253316358763,0.4850014604072355,False,251.72914690533358
2020-08-19 08:30:00,258032.33352,1329478.62272,2.6031257322754127e-10,-10.983714883635857,77.85045328782995,-0.4610600999297795,-0.10362842707856489,0.47256244735064984,False,257.33263943978375
2020-08-19 09:00:00,258878.2027,1329458.60947,2.9103830456733704e-11,-11.019003114442137,77.8491762435673,-0.463225528730531,-0.055565085534580866,0.4665462133574179,False,263.1599064331058
2020-08-19 09:30:00,259707.43454,1329356.2309,2.3283064365386963e-10,-11.054261271449201,77.84865145688516,-0.4479934841965411,-0.004894770781475641,0.44802022349840387,False,269.37401199260864
2020-08-19 10:00:00,260464.43451,1329166.67227,0.0,-11.087227221996127,77.84901780908048,-0.40453954661812463,0.05316394621718282,0.4080179529817056,False,277.48681618426804
2020-08-19 10:30:00,261099.79014,1328888.35358,2.3283064365386963e-10,-11.115869642816,77.85037592384637,-0.33742494727576666,0.10661102172947293,0.353866507313501,False,287.5341799534053
2020-08-19 11:00:00,261582.38096,1328555.88062,0.0,-11.13861915078056,77.8524754925376,-0.27501997380194204,0.1351914331850037,0.3064518063197478,False,296.1773242911895
2020-08-19 11:30:00,261977.1915,1328219.56694,2.9103830456733704e-11,-11.157763191434332,77.85476010618845,-0.22383081288653164,0.1330455019244027,0.26038690132140246,False,300.7273380476035
2020-08-19 12:00:00,262280.25604,1327930.04061,5.820766091346741e-11,-11.17272065954764,77.85679006355224,-0.17578134015277408,0.1262011491512092,0.2163927207486218,False,305.6762278410724
2020-08-19 12:30:00,262509.9778,1327651.23495,2.399963341663627e-10,-11.184549003897034,77.85885261485602,-0.13422409848332995,0.1207161369050452,0.18052283601511546,False,311.9670297615496
2020-08-19 13:00:00,262669.99046,1327409.98872,4.656612873077393e-10,-11.193177063755906,77.86070466675324,-0.09886736362052179,0.1118202978806705,0.14925995647659274,False,318.5180776148751
2020-08-19 13:30:00,262780.98744,1327187.24833,2.3283064365386963e-10,-11.199619294871475,77.86247868386425,-0.07070093540589381,0.09587199854332454,0.1191220482192931,False,323.5930306676363
2020-08-19 14:00:00,262852.63116,1327021.98668,0.0,-11.203955336504828,77.86381355469848,-0.05044899437606581,0.06466963531444225,0.08201989249724286,False,322.0420903192065
2020-08-19 14:30:00,262913.90693,1326923.58617,5.820766091346741e-11,-11.207311091223339,77.86457574050164,-0.04440021976710945,0.015305234784231266,0.04696413234765505,False,289.0196249882579
2020-08-19 15:00:00,262998.71486,1326936.87197,2.3283064365386963e-10,-11.210725267964486,77.86430985663686,-0.05202543106765629,-0.04229464288135089,0.06704835787874645,False,230.89023691833467
2020-08-19 15:30:00,263127.22695,1327036.52872,0.0,-11.215243502829164,77.86320423611272,-0.056010620798871265,-0.08708284185520662,0.10354038336733101,False,212.7486292527241
2020-08-19 16:00:00,263257.47644,1327205.16577,1.1641532182693481e-10,-11.219264737913882,77.86148602691307,-0.06612480154763409,-0.11367255949898324,0.13150642631736245,False,210.18711886036743
2020-08-19 16:30:00,263440.34685,1327391.61377,2.3283064365386963e-10,-11.225323349925358,77.85951812924647,-0.09592937678586994,-0.12897752775870672,0.16074093441707177,False,216.64069556338603
2020-08-19 17:00:00,263686.60348,1327593.37435,2.399963341663627e-10,-11.233885554864845,77.85730358659195,-0.13297581964360491,-0.1350480724882952,0.18952717613232245,False,224.55702092302172
2020-08-19 17:30:00,264004.60126,1327775.2116,0.0,-11.245587096951798,77.85513877926638,-0.1646257184701709,-0.130720095848645,0.21021267954264536,False,231.54887184038216
2020-08-19 18:00:00,264359.64978,1327939.35545,0.0,-11.2589683201525,77.85306461155818,-0.20232820891016545,-0.13822371933114005,0.24503571312469807,False,235.66044533216828
2020-08-19 18:30:00,264816.1193,1328121.02843,2.3283064365386963e-10,-11.276408136863141,77.85065631771803,-0.24361646333806147,-0.15838436160451022,0.2905763018730421,False,236.9705675613747
2020-08-19 19:00:00,265331.23348,1328327.03749,2.3283064365386963e-10,-11.296072003797887,77.84792846039196,-0.27044541887409146,-0.16779159939542043,0.3182683544081253,False,238.1834246197676
2020-08-19 19:30:00,265889.18286,1328522.66819,4.656612873077393e-10,-11.317589430800297,77.84521511145564,-0.2830212611220005,-0.16313231996952915,0.3266698456633676,False,240.04102407622787
2020-08-19 20:00:00,266445.54874,1328702.94229,2.3283064365386963e-10,-11.339159303016853,77.84263846654943,-0.2857497179973572,-0.15848893922376112,0.3267593077355903,False,240.98538717077236
2020-08-19 20:30:00,267009.9836,1328879.83233,2.3283064365386963e-10,-11.361082647129455,77.84007565333738,-0.3110839833141246,-0.15469020526459948,0.3474223715873612,False,243.56059257327792
2020-08-19 21:00:00,267653.20836,1329028.30379,2.3283064365386963e-10,-11.386498191076935,77.83762190103415,-0.3601481246001266,-0.14575181184555833,0.3885231811735966,False,247.96683905641143
2020-08-19 21:30:00,268384.58901,1329138.24163,4.656612873077393e-10,-11.41587703334245,77.83534883188088,-0.3828182059842838,-0.12583968041601057,0.4029707235026252,False,251.80331483764118
2020-08-19 22:00:00,269093.75552,1329199.58927,2.3283064365386963e-10,-11.44473243730437,77.83354123899517,-0.3664677027178346,-0.09365778771280246,0.3782464254088114,False,255.66384099813058
2020-08-19 22:30:00,269744.5426,1329206.92989,2.3283064365386963e-10,-11.471616213042028,77.83231190406131,-0.33811227382527664,-0.06397658747144264,0.34411177465438464,False,259.28533903818146
2020-08-19 23:00:00,270332.4498,1329183.22348,0.0,-11.49615318922695,77.83146682971473,-0.29891547260507234,-0.06800189770818245,0.30655296092947437,False,257.1836024498137
2020-08-19 23:30:00,270847.84029,1329232.35725,2.3283064365386963e-10,-11.51707117510001,77.8301070407246,-0.24574697687204625,-0.07011378502215027,0.25555335938289353,False,254.07608346913392
2020-08-20 00:00:00,271249.72201,1329253.91397,4.656612873077393e-10,-11.53352047402989,77.82919348466766,-0.23462723279561412,-0.05472112055756087,0.240923928667126,False,256.87182172900003
2020-08-20 00:30:00,271714.83053,1329256.49358,2.399963341663627e-10,-11.552743796645313,77.82833235339346,-0.25260344949820834,-0.05488199343314705,0.25849668450792535,False,257.7421138552792
2020-08-20 01:00:00,272180.2396,1329265.36648,2.3283064365386963e-10,-11.57192353300869,77.82741376618424,-0.24046722773587814,-0.06218280884424458,0.24837711112487507,False,255.50139464892666
2020-08-20 01:30:00,272607.82187,1329302.1475,0.0,-11.58929901365648,77.82631600065481,-0.20702317466263898,-0.07497348319320495,0.2201808757124908,False,250.09213584544605
2020-08-20 02:00:00,272964.55124,1329380.04473,0.0,-11.603391969308074,77.8249827019304,-0.17046692714352074,-0.09315440779128965,0.19425940631202468,False,241.3448883809822
2020-08-20 02:30:00,273276.41333,1329507.21654,0.0,-11.615207799718053,77.82329527474654,-0.15140399232326784,-0.11289056650990545,0.1888582772831298,False,233.2908763002534
2020-08-20 03:00:00,273580.26885,1329668.38821,5.820766091346741e-11,-11.626400165527315,77.8213218774604,-0.12791516993500957,-0.13789369220157796,0.18808764193451386,False,222.85011356784028
2020-08-20 03:30:00,273827.50235,1329900.64545,5.820766091346741e-11,-11.634643636867962,77.81882371163731,-0.11275594850898758,-0.17367842579485077,0.20707027674376383,False,212.99254166595603
2020-08-20 04:00:00,274103.94273,1330198.92175,2.399963341663627e-10,-11.643528462593709,77.8156897315723,-0.1357096553776378,-0.22093862655874177,0.2592893890393133,False,211.55996915992392
2020-08-20 04:30:00,274466.52877,1330581.05623,4.656612873077393e-10,-11.65525258375457,77.81165887770796,-0.17517714855304964,-0.2655199904276149,0.31810045377499535,False,213.41488271061067
2020-08-20 05:00:00,274914.68489,1331007.68149,4.799926683327254e-10,-11.67012254848697,77.80707910717726,-0.21929320662706497,-0.28406528201574394,0.35886291939884896,False,217.6674845283232
2020-08-20 05:30:00,275446.5202,1331422.86335,5.820766091346741e-11,-11.68853231447781,77.80244674964591,-0.26940451288669076,-0.2898914579209877,0.39574720332463614,False,222.902200300406
2020-08-20 06:00:00,276075.85575,1331833.16537,0.0,-11.710991601760956,77.79767790955307,-0.30323260672938124,-0.2653960542358125,0.4029703207282565,False,228.80684956059412
2020-08-20 06:30:00,276709.36163,1332136.82564,1.1641532182693481e-10,-11.73451861125023,77.79384009368654,-0.3159745423516836,-0.2305780070398001,0.3911599784548542,False,233.8804237304649
2020-08-20 07:00:00,277358.41022,1332414.55462,5.820766091346741e-11,-11.758893952215585,77.79020035683126,-0.32913515361824525,-0.22212349029390646,0.39707530052579837,False,235.98576144997097
2020-08-20 07:30:00,278032.34452,1332678.2163,5.820766091346741e-11,-11.784401010821675,77.7866366583614,-0.3471170269071813,-0.21436816745982135,0.4079754178733847,False,238.30187330043103
2020-08-20 08:00:00,278739.30241,1332914.8048,0.0,-11.811486440993983,77.78324834762554,-0.37050305157749003,-0.20052779005407775,0.4212883879389563,False,241.57636793606417
2020-08-20 08:30:00,279485.68126,1333111.81028,4.656612873077393e-10,-11.840521448646474,77.780133414462,-0.3826388575566514,-0.19176375068052137,0.4280021394658215,False,243.3817478628077
2020-08-20 09:00:00,280229.1442,1333307.81856,2.399963341663627e-10,-11.86943033293625,77.77702951587116,-0.37866729768280444,-0.18327809384365829,0.420689650475695,False,244.1726351764232
2020-08-20 09:30:00,280955.44599,1333477.11784,1.1641532182693481e-10,-11.897850094080471,77.7741897911665,-0.37868303963376293,-0.1749498023367601,0.4171429944802352,False,245.2032826131373
2020-08-20 10:00:00,281692.96412,1333643.04762,1.1641532182693481e-10,-11.926747267642718,77.77135585702827,-0.37153370480512415,-0.1578413203084563,0.40367211472052145,False,246.98241156797414
2020-08-20 10:30:00,282381.52444,1333756.66658,0.0,-11.954073616421846,77.76907116212685,-0.3569920809569781,-0.13527524882916253,0.3817626734134512,False,249.2467652394592
2020-08-20 11:00:00,283051.13455,1333853.28315,1.1641532182693481e-10,-11.980759175433636,77.76696893441655,-0.3502649621497928,-0.11865762008028097,0.3698177585148016,False,251.2854024767147
2020-08-20 11:30:00,283703.68419,1333912.77634,2.6031257322754127e-10,-12.007058983422965,77.76522311626938,-0.332276241080449,-0.1006627167215141,0.3471894049712757,False,253.14587390349172
2020-08-20 12:00:00,284296.54656,1333958.89368,2.3283064365386963e-10,-12.031016194936615,77.7637046420546,-0.3051072833156218,-0.07229352107869044,0.3135551108213581,False,256.6699086449222
2020-08-20 12:30:00,284832.19246,1333938.36755,2.3283064365386963e-10,-12.053201731994355,77.7628787724556,-0.2810798571041773,-0.04518864509462697,0.284689128199854,False,260.8668237039142
2020-08-20 13:00:00,285320.09673,1333906.6842,5.820766091346741e-11,-12.073521390274076,77.76223930995239,-0.24684605625139366,-0.04604572062497199,0.25110393042471313,False,259.4337012949462
2020-08-20 13:30:00,285735.85385,1333914.59035,5.820766091346741e-11,-12.090527608071149,77.76138572695969,-0.2135745902870548,-0.07229441129626897,0.22547857441663371,False,251.2991814441692
2020-08-20 14:00:00,286126.42335,1334000.12614,5.820766091346741e-11,-12.105813440430815,77.7598948813173,-0.19199900763176014,-0.09869590152238394,0.21588075391034003,False,242.79485050937896
2020-08-20 14:30:00,286486.19325,1334117.03813,4.656612873077393e-10,-12.119554499619214,77.7581850647567,-0.177699477150597,-0.11014980408692158,0.20906956622134834,False,238.20664730912117
2020-08-20 15:00:00,286835.13752,1334253.51696,0.0,-12.132674732900504,77.75632270589553,-0.1679734040164655,-0.11432999060128496,0.20319057854085817,False,235.75909704416355
2020-08-20 15:30:00,287163.89652,1334392.33827,2.3283064365386963e-10,-12.144941957848957,77.7544773267363,-0.16106760603607392,-0.12395642473749519,0.20324361969787447,False,232.41838860079503
2020-08-20 16:00:00,287495.88621,1334567.78189,4.692851652099372e-10,-12.157014362943432,77.75230273796986,-0.1553216153944903,-0.1473262588279049,0.2140790292134678,False,226.51328887276472
2020-08-20 16:30:00,287822.20709,1334793.06486,2.399963341663627e-10,-12.16840914197304,77.74969947209188,-0.142022262958042,-0.18192601914401418,0.23079731284681682,False,217.97771424271448
2020-08-20 17:00:00,288133.7298,1335100.23006,0.0,-12.178467606804364,77.74640279870978,-0.13758363692268363,-0.21414392335002752,0.25453266402686964,False,212.7200187851367
2020-08-20 17:30:00,288468.99248,1335442.1462,1.1641532182693481e-10,-12.18918613077117,77.74275458146941,-0.14751085123872537,-0.23491166755651965,0.27738590949678427,False,212.12642871688294
2020-08-20 18:00:00,288831.35456,1335814.72305,5.820766091346741e-11,-12.200737105079616,77.7387843559052,-0.16377306336875166,-0.25201858198434585,0.30055778471133565,False,213.01763165428608
2020-08-20 18:30:00,289236.9981,1336204.31989,5.820766091346741e-11,-12.213902578270858,77.73458127268717,-0.1886136897419768,-0.2683619589726943,0.32801412314372186,False,215.10082116460626
2020-08-20 19:00:00,289699.38484,1336615.30543,2.399963341663627e-10,-12.22919254997812,77.7300809379218,-0.21447222269500432,-0.269916644723925,0.34475111226326316,False,218.4701928088243
2020-08-20 19:30:00,290197.40585,1336990.42173,2.3283064365386963e-10,-12.24624832531418,77.72582740308344,-0.23082299802326112,-0.2704081630928076,0.3555275391353992,False,220.4843888621079
2020-08-20 20:00:00,290717.92525,1337390.36494,1.1641532182693481e-10,-12.263991945097377,77.72131114992294,-0.24852674820816534,-0.2855960134089351,0.3785903161070043,False,221.02991603013123
2020-08-20 20:30:00,291290.07942,1337805.05625,5.820766091346741e-11,-12.283702627746516,77.71656491462213,-0.27201607404826783,-0.28915461659547875,0.3969926155977099,False,223.25069085455814
2020-08-20 21:00:00,291896.2302,1338199.15051,0.0,-12.304971228144582,77.71193322500052,-0.2856382665858552,-0.2898881927152569,0.4069697576158332,False,224.5769118854037
2020-08-20 21:30:00,292517.16063,1338605.53343,5.820766091346741e-11,-12.326717943413602,77.70716323444204,-0.28982204428671127,-0.2806696640566224,0.4034504649596846,False,225.9191155105557
2020-08-20 22:00:00,293131.24462,1338963.52483,5.820766091346741e-11,-12.348600880448227,77.7028305058887,-0.29928447833590416,-0.2720552495760552,0.40445674403412285,False,227.7285697660832
2020-08-20 22:30:00,293779.11138,1339331.85653,2.399963341663627e-10,-12.37175476895681,77.6983397610078,-0.320466081232065,-0.26803233522249026,0.41777965716997023,False,230.09146728494778
2020-08-20 23:00:00,294464.86886,1339658.85406,2.399963341663627e-10,-12.396808306363791,77.69413740230883,-0.3262171042435615,-0.23125118857970112,0.3998683674918274,False,234.66765349798396
2020-08-20 23:30:00,295104.83414,1339892.83302,2.399963341663627e-10,-12.420812849618871,77.69083979771834,-0.3160689417257199,-0.18147394986291934,0.3644617543754981,False,240.13730751171227
2020-08-21 00:00:00,295716.60451,1340052.12926,2.3283064365386963e-10,-12.444327009811248,77.68825176738275,-0.3123710443010208,-0.14895236288052668,0.3460671549358627,False,244.50612417533614
2020-08-21 00:30:00,296318.50224,1340174.13611,5.820766091346741e-11,-12.467764976853887,77.68600887292996,-0.30426137026956634,-0.12493282459250937,0.32891213431397887,False,247.67644629239447
2020-08-21 01:00:00,296883.21313,1340254.80757,1.1641532182693481e-10,-12.490052224181461,77.6841999450929,-0.26116379662552675,-0.09344492091122601,0.27737786846099455,False,250.3126905435112
2020-08-21 01:30:00,297309.19461,1340299.24148,2.399963341663627e-10,-12.507008366232435,77.68297858124639,-0.2024664525042152,-0.08607413289032881,0.22000322893644902,False,246.96830245540875
2020-08-21 02:00:00,297661.90018,1340399.47578,0.0,-12.520471276425509,77.68140851051545,-0.19427167140818463,-0.11074287380889684,0.22361902068290818,False,240.31507433421817
2020-08-21 02:30:00,298078.36843,1340536.81774,2.3283064365386963e-10,-12.536191682553204,77.67938673736442,-0.19500981673529016,-0.11670739790016857,0.22726514327489758,False,239.10077223095678
2020-08-21 03:00:00,298438.39382,1340657.22457,0.0,-12.54976218774922,77.67762345581652,-0.18319692339867105,-0.11192289402819597,0.2146808024728465,False,238.57744425637523
2020-08-21 03:30:00,298809.67013,1340786.81038,0.0,-12.563703583936347,77.67575671353009,-0.18260445462964006,-0.12491115776445558,0.22124010528076726,False,235.62579634559881
2020-08-21 04:00:00,299177.84549,1340953.14134,0.0,-12.577180870531024,77.67357221763349,-0.1696121262611394,-0.16892427839074292,0.23938188152961348,False,225.116415029952
2020-08-21 04:30:00,299538.04398,1341247.38317,5.820766091346741e-11,-12.589166374668924,77.67027802454581,-0.17652412075306734,-0.21446093834301083,0.2777665553708873,False,219.45800673585626
2020-08-21 05:00:00,299966.33101,1341568.12897,5.820766091346741e-11,-12.603674006846846,77.66661640922071,-0.20135134631140125,-0.23639733393732,0.3105254645823537,False,220.4226852034495
2020-08-21 05:30:00,300431.14138,1341919.73637,0.0,-12.619377168984329,77.6626107751527,-0.24092961512572134,-0.26959740796794024,0.3615658194957873,False,221.78602639700023
2020-08-21 06:00:00,301024.76446,1342325.74192,0.0,-12.639809651083624,77.65787207504071,-0.30571929930724884,-0.2991278627599515,0.4277169253703337,False,225.62436689716634
2020-08-21 06:30:00,301740.69796,1342729.66654,2.3283064365386963e-10,-12.665213824633916,77.65290851008697,-0.3402076730109592,-0.2885005167287192,0.4460648035075954,False,229.70162339351154
2020-08-21 07:00:00,302447.42882,1343070.54168,2.3283064365386963e-10,-12.690800477747182,77.64851486351752,-0.33970659909490974,-0.2520822383449056,0.4230201276034127,False,233.42241586594315
2020-08-21 07:30:00,303133.13241,1343346.32433,0.0,-12.716111757569083,77.64473249265941,-0.3068957593309355,-0.24608812109826644,0.3933756098704984,False,231.27519075649693
2020-08-21 08:00:00,303720.16373,1343691.53515,0.0,-12.736767885188963,77.64053360262685,-0.27590999177612074,-0.25678816837520657,0.37691708236612526,False,227.05581631397516
2020-08-21 08:30:00,304305.77983,1344029.02463,2.3283064365386963e-10,-12.75742354168534,77.63640374679987,-0.30043599034827406,-0.2563747948329185,0.3949554654922112,False,229.52446503393637
2020-08-21 09:00:00,304978.84253,1344352.86392,2.3283064365386963e-10,-12.781735513502216,77.63221791768768,-0.3167153215329997,-0.26698517343052014,0.4142338442540352,False,229.86972916683652
2020-08-21 09:30:00,305630.34317,1344714.10432,2.3283064365386963e-10,-12.804813073974705,77.62774430366964,-0.32626731238730844,-0.2804346760686122,0.4302254835247965,False,229.32014111620134
2020-08-21 10:00:00,306347.94463,1345077.00289,5.820766091346741e-11,-12.830535576406245,77.62312184970149,-0.3316389207221987,-0.2722560736220709,0.4290777824146705,False,230.61601502937216
2020-08-21 10:30:00,307012.08683,1345404.62645,2.399963341663627e-10,-12.854400892103309,77.61891388594358,-0.30323176274654523,-0.24699416330006502,0.39109540861876185,False,230.83583320688945
2020-08-21 11:00:00,307610.0405,1345701.03721,2.3283064365386963e-10,-12.875860665169938,77.61511079674193,-0.2736041097491839,-0.21039610321878718,0.3451459533607399,False,232.44043385162007
2020-08-21 11:30:00,308141.07896,1345923.51586,2.399963341663627e-10,-12.895285407592986,77.61208981768156,-0.23622769855304898,-0.18287754602520312,0.298743572991739,False,232.25447063662395
2020-08-21 12:00:00,308585.93821,1346153.00418,2.3283064365386963e-10,-12.91115088502957,77.60917935674185,-0.20085342275028145,-0.17824283659813828,0.26853790464113986,False,228.41327098986446
2020-08-21 12:30:00,308989.24594,1346387.40394,5.820766091346741e-11,-12.925283617150514,77.60630854882459,-0.1757099891942173,-0.17327020234563512,0.24677229042890794,False,225.40055915867458
2020-08-21 13:00:00,309341.99247,1346619.48185,2.399963341663627e-10,-12.937387967815088,77.6035593631547,-0.13688136841579235,-0.17777230934538454,0.2243646651979116,False,217.5956014583714
2020-08-21 13:30:00,309612.7927,1346900.81352,4.656612873077393e-10,-12.945718479415717,77.60054255549481,-0.09533333138507935,-0.1936362591298105,0.21583198308583573,False,206.2125001438454
2020-08-21 14:00:00,309832.63695,1347221.9679,2.3283064365386963e-10,-12.951616739841127,77.59727871433776,-0.06452600988803846,-0.20295118473466298,0.21296194340133762,False,197.6374676189272
2020-08-21 14:30:00,310002.93019,1347560.78692,5.820766091346741e-11,-12.955346879075165,77.59395972386142,-0.03098633667407958,-0.2196263045758502,0.22180141280461566,False,188.03066413416445
2020-08-21 15:00:00,310118.6064,1347967.48779,2.6031257322754127e-10,-12.956239663094987,77.59015497247515,0.0037284106479002835,-0.2313462476816489,0.2313762895422481,False,179.07669259941713
2020-08-21 15:30:00,310176.57947,1348375.43983,5.820766091346741e-11,-12.954791587814745,77.58645578136044,0.018952640871461396,-0.23123945676132018,0.23201484641995015,False,175.31444792328864
2020-08-21 16:00:00,310238.73667,1348794.05723,4.656612873077393e-10,-12.953414207889066,77.58265446751305,0.03086986475212745,-0.23740621003554616,0.23940479759866237,False,172.59141293512323
2020-08-21 16:30:00,310259.856,1349233.26439,4.656612873077393e-10,-12.9501915221896,77.5787552045558,0.04623058773468734,-0.2560775278789019,0.2602171545591574,False,169.76641770825034
2020-08-21 17:00:00,310283.13639,1349729.78621,0.0,-12.946526728508353,77.57434823912754,0.04375344561108188,-0.27629018375438597,0.27973314004935895,False,171.00133933767745
2020-08-21 17:30:00,310329.1894,1350237.9141,1.1641532182693481e-10,-12.943674866868099,77.56979332828259,0.04340832178038606,-0.2813785474175624,0.28470716419965086,False,171.23010555259702
2020-08-21 18:00:00,310357.73379,1350752.01373,5.820766091346741e-11,-12.940064368137,77.56522125279673,0.04086002186267203,-0.2844719616600016,0.28739143751564256,False,171.82624721926567
2020-08-21 18:30:00,310415.15706,1351268.94548,5.820766091346741e-11,-12.937593442742202,77.560565980932,0.025278295449400454,-0.2906433039739021,0.2917405051851615,False,175.02928791139317
2020-08-21 19:00:00,310503.30134,1351792.14275,5.820766091346741e-11,-12.93630328088763,77.55579367697459,0.016734999501092765,-0.2807053825075004,0.2812037908296822,False,176.58819772916848
2020-08-21 19:30:00,310582.66725,1352267.32404,2.399963341663627e-10,-12.93510464566521,77.55146071107204,0.018769234633531903,-0.23962018241542438,0.24035414701962152,False,175.52121766286433
2020-08-21 20:00:00,310630.54471,1352648.01063,4.656612873077393e-10,-12.933513032613238,77.54802105685917,0.0350737105589538,-0.2170170647763316,0.21983305387613522,False,170.81939486508406
2020-08-21 20:30:00,310634.4673,1353057.02596,0.0,-12.929892558597755,77.54442122706594,0.04034145853690478,-0.2224136113053694,0.2260425795525718,False,169.71943859870544
2020-08-21 21:00:00,310668.15889,1353460.89413,5.820766091346741e-11,-12.927518812380093,77.54080653131287,0.045312810338889044,-0.21612264754563296,0.22082175971344403,False,168.15874378401935
2020-08-21 21:30:00,310649.5379,1353851.84143,1.1641532182693481e-10,-12.92316250094789,77.53741069976653,0.07218036263933361,-0.21089915219003422,0.22290907820279757,False,161.10645793775166
2020-08-21 22:00:00,310584.69025,1354259.01404,5.820766091346741e-11,-12.916800955014802,77.53396540135515,0.09507146774067123,-0.21381533238094952,0.23399910328790025,False,156.02801701618796
2020-08-21 22:30:00,310488.00468,1354678.60581,0.0,-12.909049154259286,77.53047495455945,0.09946763957260643,-0.20622368281694103,0.22895855231182835,False,154.250643913859
2020-08-21 23:00:00,310401.51333,1355062.653,1.1641532182693481e-10,-12.902038313755643,77.5272759483114,0.09552626966191952,-0.18681049136168743,0.20981760621624881,False,152.91689224266094
2020-08-21 23:30:00,310302.95532,1355410.93112,2.399963341663627e-10,-12.894875298606582,77.52441518093676,0.08511560891485632,-0.15983185332073574,0.18108254531259482,False,151.96326133723664
2020-08-22 00:00:00,310231.23136,1355691.91762,2.6031257322754127e-10,-12.889411554914988,77.52209133965748,0.08797026051137075,-0.149777550368938,0.17370112644700436,False,149.572604224139
2020-08-22 00:30:00,310114.52142,1356007.18848,0.0,-12.881828640499302,77.5195566080754,0.11825995628234354,-0.16593229892263345,0.2037619814529982,False,144.5225263423476
2020-08-22 01:00:00,309949.38564,1356369.15356,0.0,-12.871876279742203,77.51670869429894,0.15976170791365196,-0.19406565252424807,0.25136682518810877,False,140.5375807749034
2020-08-22 01:30:00,309709.46857,1356816.39391,0.0,-12.858145507884897,77.51326125283177,0.166615490796927,-0.1844838247419827,0.2485860079830147,False,137.91341386088925
2020-08-22 02:00:00,309512.40762,1357150.12312,2.3283064365386963e-10,-12.847180793783508,77.5107244432219,0.1699239911835778,-0.14980651666232914,0.22653069375750678,False,131.39969013337986
2020-08-22 02:30:00,309232.97069,1357478.21499,6.984919309616089e-10,-12.832966737007636,77.5084015809809,0.19596327191932236,-0.13802200689332822,0.23969079733729498,False,125.15802834772722
2020-08-22 03:00:00,308934.92283,1357791.28228,4.656612873077393e-10,-12.818148420203405,77.50624715645078,0.21245817773442494,-0.12921450990832345,0.2486661755387747,False,121.30746424878072
2020-08-22 03:30:00,308590.38385,1358101.48221,4.656612873077393e-10,-12.801496266429142,77.50420991168207,0.22633551153346115,-0.13367767989600626,0.26286400644343194,False,120.566835810383
2020-08-22 04:00:00,308246.99838,1358441.10023,2.3283064365386963e-10,-12.784628022622138,77.50191079391601,0.2303676559927106,-0.1441845269325835,0.271769083477773,False,122.04198685891254
2020-08-22 04:30:00,307896.48236,1358791.19667,2.3283064365386963e-10,-12.767384738922347,77.49953269797848,0.2377901840763448,-0.15231320208864096,0.28238888642005217,False,122.64102938381819
2020-08-22 05:00:00,307533.2959,1359165.05072,2.3283064365386963e-10,-12.749424296575816,77.49696985862717,0.24292822029423694,-0.16200663004572613,0.29199361019395287,False,123.69896284106568
2020-08-22 05:30:00,307172.21329,1359553.0414,0.0,-12.731427475461823,77.49427734967665,0.22767685401374632,-0.167732826127697,0.28279153243048316,False,126.37961079309247
2020-08-22 06:00:00,306866.88559,1359934.67538,5.820766091346741e-11,-12.715731099612288,77.49152889371499,0.20264764069759666,-0.18308637577975778,0.2731056339156498,False,132.09691499693827
2020-08-22 06:30:00,306605.65374,1360356.56722,4.692851652099372e-10,-12.701445406904199,77.48833824310567,0.2058367109183363,-0.21387256870863797,0.296833669262282,False,136.0968651652684
2020-08-22 07:00:00,306313.29435,1360848.70234,2.3283064365386963e-10,-12.685285929942111,77.48459089231869,0.1930996736006319,-0.2442228401593867,0.31133949251610843,False,141.6676354704236
2020-08-22 07:30:00,306120.53207,1361366.96284,0.0,-12.672890860669447,77.48041598282005,0.15241526684435056,-0.25496809175189483,0.29705073872797766,False,149.12978900650268
2020-08-22 08:00:00,305979.33632,1361864.6016,0.0,-12.662754798944828,77.47631991980369,0.13481404716144318,-0.24788268891196447,0.2821713216722663,False,151.4598979834405
2020-08-22 08:30:00,305842.62598,1362344.02573,2.3283064365386963e-10,-12.652968647988203,77.47237474036513,0.10543690944949882,-0.240197767386157,0.2623202419401831,False,156.30050774130018
2020-08-22 09:00:00,305798.39264,1362791.45743,0.0,-12.647177575859002,77.46852804838775,0.07640132099018163,-0.2188904375617991,0.2318408624575069,False,160.75901577553344
2020-08-22 09:30:00,305746.78594,1363173.13193,0.0,-12.641685175971437,77.46527393736874,0.07302258201869569,-0.186596691890029,0.20037620344985968,False,158.62765085027218
2020-08-22 10:00:00,305688.89839,1363504.45328,4.799926683327254e-10,-12.636395977547448,77.46247483201128,0.06300961186910957,-0.17854664759025124,0.1893386293222099,False,160.56192044358846
2020-08-22 10:30:00,305666.05965,1363849.95378,5.820766091346741e-11,-12.63238402335661,77.45948186535985,0.05996313910016859,-0.18865914495790384,0.1979592155647055,False,162.36774001034985
2020-08-22 11:00:00,305626.78811,1364214.39473,0.0,-12.627547091851847,77.45635465271035,0.07495291406709664,-0.18270292796954635,0.1974798704065678,False,157.69436757450092
2020-08-22 11:30:00,305546.54395,1364550.76328,4.656612873077393e-10,-12.621325683482832,77.45355487459068,0.08434564153885622,-0.16835859135973247,0.18830507834690655,False,153.38967807885655
2020-08-22 12:00:00,305462.916,1364872.18802,5.820766091346741e-11,-12.615105467557402,77.45089301143238,0.11055179919193357,-0.15451346911829963,0.18998976931283784,False,144.41691447868578
2020-08-22 12:30:00,305279.65014,1365180.50395,4.692851652099372e-10,-12.605022551962813,77.44854224207957,0.1476499368425889,-0.1468196617611966,0.20822227769691856,False,134.83845146608627
2020-08-22 13:00:00,305059.53259,1365503.99676,2.399963341663627e-10,-12.593335113902494,77.44613001203196,0.15913687292821035,-0.13336508175670467,0.20763137854703437,False,129.96478045643534
2020-08-22 13:30:00,304825.21916,1365773.97536,5.820766091346741e-11,-12.581562155225672,77.4442157723068,0.1537261511925111,-0.12355456330043361,0.19722438914298515,False,128.7899395233352
2020-08-22 14:00:00,304616.29727,1366058.662,5.820766091346741e-11,-12.570676274684821,77.44212183615124,0.14677801098954624,-0.1341467744805004,0.19884451617675955,False,132.42554070239964
2020-08-22 14:30:00,304414.59134,1366360.33026,2.6031257322754127e-10,-12.559931142641098,77.43986393399729,0.1649451269643498,-0.16010204334829659,0.22986856939039166,False,134.14637706443636
2020-08-22 15:00:00,304162.0423,1366750.36505,2.399963341663627e-10,-12.546373385037,77.43692783443157,0.20066418213128343,-0.16803169454367176,0.26172650679981707,False,129.94205236975586
2020-08-22 15:30:00,303840.85594,1367107.72413,2.399963341663627e-10,-12.530370850527314,77.43441266539259,0.2070605568413534,-0.1503265111298612,0.2558752316030757,False,125.97974873173212
2020-08-22 16:00:00,303551.79115,1367440.37403,0.0,-12.515876394449148,77.43205115500736,0.17664875634121752,-0.14643763306924806,0.22945318366896233,False,129.6579268671711
2020-08-22 16:30:00,303334.27706,1367760.18548,4.692851652099372e-10,-12.50435781605139,77.42966219412502,0.1657187182451264,-0.1531314529122182,0.2256367333742768,False,132.73930533101185
2020-08-22 17:00:00,303088.71339,1368107.74025,2.399963341663627e-10,-12.49147846893343,77.42708330248549,0.17688718053161073,-0.18109761469935648,0.2531509839724492,False,135.67385259953585
2020-08-22 17:30:00,302853.57072,1368534.43897,0.0,-12.478321255579084,77.42378711460086,0.18308515388402175,-0.21838907482366202,0.28498063368424,False,140.02541826393212
2020-08-22 18:00:00,302615.0509,1369017.78244,2.399963341663627e-10,-12.464536511757824,77.4199983926649,0.18215939920924995,-0.22666514987550979,0.29079053782467235,False,141.2129079972886
2020-08-22 18:30:00,302389.37403,1369472.73948,4.656612873077393e-10,-12.451522406793607,77.41643376230813,0.1492006239563258,-0.2396042248557114,0.28226053701795306,False,148.08963783042185
2020-08-22 19:00:00,302276.54528,1369975.87964,4.656612873077393e-10,-12.442592350214294,77.41222537601341,0.11065439594712143,-0.2521406292295903,0.27535303203472455,False,156.30525907791844
2020-08-22 19:30:00,302195.95021,1370444.95615,0.0,-12.435252822990044,77.40825388771238,0.08323331846948268,-0.2454303044639688,0.259159834180991,False,161.2665477817377
2020-08-22 20:00:00,302174.19501,1370903.22398,2.399963341663627e-10,-12.430358088619444,77.40426317114547,0.05211859954764048,-0.257037989475703,0.26226871039550054,False,168.5377567595184
2020-08-22 20:30:00,302211.90285,1371388.98873,2.6031257322754127e-10,-12.427594336133836,77.39991504359647,0.011129188110975394,-0.25753417587918115,0.25777453437796854,False,177.52553612466284
2020-08-22 21:00:00,302334.59085,1371817.24559,5.820766091346741e-11,-12.42872210937116,77.39590817581013,-0.04164176987236316,-0.22535845103388116,0.22917344621594593,False,190.46903840147058
2020-08-22 21:30:00,302532.9099,1372149.00172,5.820766091346741e-11,-12.433707864142272,77.39260381679964,-0.062363469892369884,-0.19642210442672423,0.20608455906360254,False,197.61449801835658
2020-08-22 22:00:00,302706.0835,1372459.44133,4.692851652099372e-10,-12.437877155476471,77.38953575159181,-0.04355371109170165,-0.17719243496437292,0.1824666675271485,False,193.80947600063922
2020-08-22 22:30:00,302823.41328,1372738.15291,2.3283064365386963e-10,-12.440100398446383,77.38685524427038,-0.026201584647438228,-0.1659876647583263,0.16804293466242307,False,188.97027112819865
2020-08-22 23:00:00,302926.91933,1373022.64783,4.692851652099372e-10,-12.441721842068596,77.3841506560962,-0.030390057298543313,-0.15993737192976967,0.16279901265797106,False,190.75864360607773
2020-08-22 23:30:00,303054.29679,1373276.83501,2.3283064365386963e-10,-12.444558374177753,77.3816664081969,-0.022038047061111444,-0.1306190564163046,0.1324651403855125,False,189.5767515715661
2020-08-23 00:00:00,303105.7241,1373464.7317,2.3283064365386963e-10,-12.444954665190505,77.37991300586297,-0.012162031504010129,-0.11424937847978293,0.11489488889120013,False,186.07634526329696
2020-08-23 00:30:00,303185.68666,1373669.03334,2.3283064365386963e-10,-12.44634177452832,77.37795981115974,-0.02496365338127928,-0.12675249574142744,0.12918738006021036,False,191.14169437785438
2020-08-23 01:00:00,303291.82726,1373890.94757,2.399963341663627e-10,-12.448614842087276,77.37580075886022,-0.024731577960488773,-0.12052911740707906,0.12304031490265775,False,191.59566803657253
2020-08-23 01:30:00,303366.16137,1374073.54449,0.0,-12.449967678986225,77.37404947485872,0.01779726410193544,-0.09553527403159173,0.09717886186720529,False,169.44733395176627
2020-08-23 02:00:00,303303.40993,1374240.59968,2.399963341663627e-10,-12.446006691894022,77.37270126239038,0.06008968478863527,-0.08937069582005654,0.10769350718292452,False,146.08451372346462
2020-08-23 02:30:00,303224.26225,1374434.33988,2.3283064365386963e-10,-12.44116072227969,77.37114998373941,0.07163347972207054,-0.0973110585497632,0.12083375990660777,False,143.64214260353594
2020-08-23 03:00:00,303127.05683,1374638.25018,0.0,-12.435509038000014,77.3695441539356,0.09885987567321414,-0.11309769117022474,0.1502143893445594,False,138.84295352921225
2020-08-23 03:30:00,302964.39264,1374908.57814,5.820766091346741e-11,-12.426675514281442,77.36748062515423,0.12125071764810486,-0.13072715871551072,0.17830122421343825,False,137.1537776216311
2020-08-23 04:00:00,302802.05279,1375191.77341,0.0,-12.417745165918959,77.36530291348629,0.13660236301656234,-0.1272032273371451,0.18665708298024508,False,132.95947044586154
2020-08-23 04:30:00,302582.60131,1375461.5456,2.399963341663627e-10,-12.406666040245659,77.36335362470409,0.1552678601027539,-0.11534562603958745,0.19342368476314556,False,126.60797534106189
2020-08-23 05:00:00,302345.35662,1375717.41348,4.656612873077393e-10,-12.39500482166565,77.36156066483403,0.15962921640281807,-0.12885017401483012,0.20514349629717663,False,128.9099190031879
2020-08-23 05:30:00,302120.89877,1376037.94608,2.3283064365386963e-10,-12.383290850906846,77.35917325416116,0.1608382402580496,-0.1602285101694006,0.22702888582823946,False,134.8911911037883
2020-08-23 06:00:00,301903.50978,1376404.98688,2.3283064365386963e-10,-12.37145687577306,77.35636225142402,0.1561247974498618,-0.19627321668928277,0.2507949919123556,False,141.4996367991492
2020-08-23 06:30:00,301723.28542,1376848.54053,2.399963341663627e-10,-12.360438110252474,77.35280543839387,0.13051824318866384,-0.23285860287436488,0.2669422048640049,False,150.72918309073236
2020-08-23 07:00:00,301623.98076,1377324.4264,2.399963341663627e-10,-12.352356707620439,77.3488075119343,0.09621923052390288,-0.25480126514414747,0.27236340620881894,False,159.31222906433948
2020-08-23 07:30:00,301581.1433,1377818.69107,2.399963341663627e-10,-12.34636159430983,77.34453870734549,0.06143653656080368,-0.26939994044071863,0.2763164416643529,False,167.15341818864266
2020-08-23 08:00:00,301615.29631,1378319.12768,0.0,-12.343371165054267,77.34006709744278,0.025776785602113952,-0.27468433033743667,0.27589114521655705,False,174.63897893690182
2020-08-23 08:30:00,301701.88124,1378804.53321,4.692851652099372e-10,-12.342592500271039,77.33562676844564,0.014231206337107387,-0.2730625426933615,0.2734331352560863,False,177.01661383034462
2020-08-23 09:00:00,301775.37626,1379290.38337,5.820766091346741e-11,-12.341291608018228,77.33120771705323,0.0059436903555493345,-0.26420170282709143,0.2642685513483914,False,178.7112462381673
2020-08-23 09:30:00,301884.26684,1379738.25386,0.0,-12.341723602987535,77.32705484017386,-0.021983797762773677,-0.24436158060452867,0.2453484653296574,False,185.1407306932441
2020-08-23 10:00:00,302040.71803,1380132.83943,0.0,-12.34450145624401,77.32327944312064,-0.03831868304112727,-0.22619145465497567,0.2294142446077407,False,189.61508583981157
2020-08-23 10:30:00,302193.11097,1380504.22495,0.0,-12.347318069845008,77.31971607670003,-0.04217108849269244,-0.21387943836584178,0.21799728177283864,False,191.1540610101589
2020-08-23 11:00:00,302353.66972,1380852.53167,0.0,-12.350656509773243,77.3163401102617,-0.040127820544667805,-0.20692420029300898,0.21077918931565887,False,190.97487236306034
2020-08-23 11:30:00,302493.5634,1381201.01293,2.3283064365386963e-10,-12.35317366487017,77.31300239816125,-0.03450506599244634,-0.20394244691038077,0.20684081132826895,False,189.60294512391044
2020-08-23 12:00:00,302632.08303,1381543.15116,0.0,-12.355690111694008,77.30972314283551,-0.007108824708607346,-0.19779860234356555,0.19792630567412126,False,182.05830787915636
2020-08-23 12:30:00,302670.93218,1381891.11873,0.0,-12.354211443071806,77.30658475573635,0.03294047582156132,-0.18403574460878178,0.1869605044950928,False,169.85211353321012
2020-08-23 13:00:00,302657.99449,1382215.71002,0.0,-12.350887556851479,77.30375199719091,0.05932447340225491,-0.1733755975930683,0.1832443477578733,False,161.11043088787795
2020-08-23 13:30:00,302595.81184,1382546.5073,2.3283064365386963e-10,-12.345563909094722,77.30095944985688,0.08442634085651729,-0.1834608143838213,0.20195464204814847,False,155.28871206789017
2020-08-23 14:00:00,302502.29884,1382925.87989,5.820766091346741e-11,-12.338583655847643,77.29779944588465,0.10232903297538201,-0.20289667050984003,0.22724059913152714,False,153.23633501304067
2020-08-23 14:30:00,302392.02022,1383338.78327,5.820766091346741e-11,-12.330654362304859,77.29437627956537,0.11076669109080611,-0.22275060911924008,0.24877116737716723,False,153.5603234018845
2020-08-23 15:00:00,302283.98626,1383794.43982,1.1641532182693481e-10,-12.322448941847385,77.29057209134635,0.10788642161175865,-0.23992291262694243,0.2630636500385137,False,155.78792349484524
2020-08-23 15:30:00,302196.90661,1384265.49513,5.820766091346741e-11,-12.314943467118677,77.28659175390759,0.08811185746494163,-0.25287612064049797,0.26778728837663274,False,160.78967978872504
2020-08-23 16:00:00,302168.24746,1384751.50123,4.656612873077393e-10,-12.309621212100659,77.2823672840685,0.07521805851314861,-0.261459961113816,0.2720644548487097,False,163.95027690007396
2020-08-23 16:30:00,302133.01753,1385242.84118,0.0,-12.303997106259382,77.27810833637174,0.0713850987396528,-0.27084495821209026,0.2800943121717735,False,165.2346548489934
2020-08-23 17:00:00,302124.9439,1385758.91048,1.1641532182693481e-10,-12.299235821936245,77.27357934155727,0.07529446445800747,-0.2818413472421938,0.2917255583477612,False,165.0426274259002
2020-08-23 17:30:00,302084.31227,1386291.92319,2.3283064365386963e-10,-12.293047591609085,77.26896350955352,0.06506101081776205,-0.28270482628011245,0.2900947326834762,False,167.03974780340332
2020-08-23 18:00:00,302112.78291,1386803.18071,2.3283064365386963e-10,-12.289776356595677,77.2644065382309,0.04627501686016711,-0.2858934595916974,0.2896143080421239,False,170.80578440440684
2020-08-23 18:30:00,302140.6148,1387333.01338,0.0,-12.286322757516485,77.25968714384251,0.029546870944060985,-0.2961341767631137,0.2976045500824073,False,174.30215506979312
2020-08-23 19:00:00,302235.70983,1387867.48157,0.0,-12.285483071629526,77.2547978693801,0.0069651631532256855,-0.2969234592793252,0.29700514165271974,False,178.65621504530873
2020-08-23 19:30:00,302343.5632,1388382.79439,0.0,-12.285311044055016,77.25005279665018,-0.0019277704103656534,-0.2825874262369535,0.282594001645436,False,180.390857429474
2020-08-23 20:00:00,302458.955,1388860.02327,2.399963341663627e-10,-12.285762692200842,77.2456286404662,0.0018373151959121467,-0.2852025274658835,0.2852084455272269,False,179.63089755532638
2020-08-23 20:30:00,302555.57556,1389387.41728,2.3283064365386963e-10,-12.285044853143484,77.2407986676616,0.0014792154386759418,-0.30028197826359154,0.30028562161417266,False,179.7177582331782
2020-08-23 21:00:00,302683.76514,1389917.41745,4.692851652099372e-10,-12.285547657073614,77.23588517326965,-0.009212220231610224,-0.303812675257022,0.30395230982577576,False,181.73679279083535
2020-08-23 21:30:00,302820.70731,1390449.03904,2.399963341663627e-10,-12.286380517567883,77.23094058532976,-0.00748905381313153,-0.3127539684153885,0.31284362017882,False,181.37171462466893
2020-08-23 22:00:00,302949.70069,1391011.80684,2.399963341663627e-10,-12.286633386797172,77.22573691288669,0.006733731459294581,-0.32172945165216504,0.3217999117460549,False,178.80098614015782
2020-08-23 22:30:00,303043.49445,1391585.89482,5.820766091346741e-11,-12.285405486964624,77.22050102788563,0.022891899012499668,-0.3322120702685423,0.33299984785658593,False,176.0581229159078
2020-08-23 23:00:00,303123.65598,1392197.918,1.1641532182693481e-10,-12.283318387844766,77.21495714916696,0.02166700145355923,-0.35347580612991514,0.3541392444663284,False,176.49233017274685
2020-08-23 23:30:00,303238.0008,1392845.87123,2.3283064365386963e-10,-12.282268425707688,77.20903123394974,0.0008455697720596567,-0.35696908489422935,0.3569700863636377,False,179.86428099614022
2020-08-24 00:00:00,303394.05596,1393454.24045,0.0,-12.283195142268386,77.20337392892273,-0.009791508814475797,-0.34538546139408755,0.34552422576032304,False,181.62387237185658
2020-08-24 00:30:00,303536.96633,1394053.29618,1.1641532182693481e-10,-12.283684822222504,77.19782382139626,-0.0024573290197780623,-0.34354231754630626,0.3435511059667813,False,180.40982485527206
2020-08-24 01:00:00,303665.82155,1394660.79674,5.820766091346741e-11,-12.28355067569372,77.1922262576021,-0.01425119032338315,-0.3411800703109529,0.3414775787705835,False,182.39187086863546
2020-08-24 01:30:00,303848.40575,1395242.51079,1.1641532182693481e-10,-12.285743273534914,77.18675272888072,-0.013792363601047283,-0.34080428998378,0.3410832645631443,False,182.31749788217024
2020-08-24 02:00:00,303975.40467,1395849.02908,2.6031257322754127e-10,-12.285543984340768,77.18116731237767,-0.0016655322754169227,-0.35417840974395637,0.35418232582459325,False,180.2694327603985
2020-08-24 02:30:00,304125.57278,1396487.07786,2.399963341663627e-10,-12.285983465176445,77.17525972042637,-0.004576824888187642,-0.35057135773227033,0.350601232439797,False,180.74797283617886
2020-08-24 03:00:00,304260.05869,1397078.67584,2.6031257322754127e-10,-12.286204618855386,77.169791286082,-0.007681769141396233,-0.3322533365836094,0.33234212680321307,False,181.32445487869558
2020-08-24 03:30:00,304407.12059,1397649.91041,1.1641532182693481e-10,-12.28709135513455,77.16447804751236,-0.014041630650820716,-0.3190863995623343,0.31939520625236023,False,182.51971708791848
2020-08-24 04:00:00,304553.90813,1398190.31645,5.820766091346741e-11,-12.288229331359645,77.15943682518895,-0.008086831730802796,-0.3036773562882617,0.30378501208859887,False,181.52540793762557
2020-08-24 04:30:00,304668.23977,1398711.90603,2.6031257322754127e-10,-12.288257448379742,77.15462356595745,0.004000661748502464,-0.2906600414793477,0.290687572846178,False,179.21142734765868
2020-08-24 05:00:00,304762.5361,1399215.78456,5.820766091346741e-11,-12.28765310648289,77.15000471062075,0.005305806589078622,-0.2680111128214556,0.268063627109975,False,178.8658656127377
2020-08-24 05:30:00,304854.91353,1399658.70801,4.656612873077393e-10,-12.287493047448415,77.14592638480464,0.012398008031479169,-0.25567635101075764,0.25597677056585577,False,177.22384355950004
2020-08-24 06:00:00,304914.81,1400124.63278,2.399963341663627e-10,-12.285868372338882,77.14170775802967,0.020864795540175028,-0.2670777336700274,0.26789149952033076,False,175.53298004855594
2020-08-24 06:30:00,304986.11322,1400614.15143,5.820766091346741e-11,-12.28448960854755,77.13725941364827,0.040778216228925676,-0.284765463566265,0.28767035328466295,False,171.8506862567495
2020-08-24 07:00:00,304989.48786,1401157.55004,2.3283064365386963e-10,-12.280001762492773,77.13246671866841,0.07399133631470833,-0.3007937105206758,0.3097605109410049,False,166.18036392284813
2020-08-24 07:30:00,304956.15119,1401728.88668,2.3283064365386963e-10,-12.273847241201533,77.12749818939608,0.086655260715001,-0.31542932582947164,0.32711587213527227,False,164.6385774936757
2020-08-24 08:00:00,304926.05872,1402333.45772,2.3283064365386963e-10,-12.267542081025471,77.12223052420711,0.0724182149771364,-0.32946953841265497,0.33733451439531453,False,167.6033776266937
2020-08-24 08:30:00,304953.41529,1402943.28785,0.0,-12.263437849135611,77.11680635727785,0.04203341023840142,-0.3403023672705807,0.34288847858484683,False,172.95861439164685
2020-08-24 09:00:00,305038.40858,1403562.7328,4.692851652099372e-10,-12.261502343518364,77.11118706426538,0.022592384222398156,-0.3512526944830493,0.35197850958042143,False,176.31983565691212
2020-08-24 09:30:00,305142.48682,1404196.22509,2.3283064365386963e-10,-12.260193198575285,77.10540744792092,0.006253890669787945,-0.342060633362206,0.34211779849148916,False,178.952578610709
2020-08-24 10:00:00,305277.90159,1404770.84743,2.3283064365386963e-10,-12.26060389712549,77.10008639180171,0.003913335694353509,-0.32444109126464765,0.3244646912951425,False,179.30894466653774
2020-08-24 10:30:00,305376.75233,1405340.56505,2.3283064365386963e-10,-12.259632261803436,77.09487850515863,0.0093396592797029,-0.3138306886385132,0.3139696328736019,False,178.29537014218397
2020-08-24 11:00:00,305484.94749,1405882.01304,0.0,-12.25926410714611,77.08990173104492,0.0026849175054714514,-0.2992318408929531,0.29924388613002073,False,179.4859159614341
2020-08-24 11:30:00,305596.04238,1406395.28764,0.0,-12.259247190078854,77.08516756417652,-0.012961133656656222,-0.2982130942950596,0.2984946240633151,False,182.4886606158015
2020-08-24 12:00:00,305758.49987,1406921.19188,2.3283064365386963e-10,-12.261120946673325,77.0802237930541,-0.027313532303657823,-0.2905153830789513,0.29179653331116323,False,185.37101819758675
2020-08-24 12:30:00,305914.23374,1407396.40515,0.0,-12.263160220427633,77.07573939995585,-0.02852643489504309,-0.26914530662876457,0.27065282848718364,False,186.05013330061627
2020-08-24 13:00:00,306064.6531,1407846.19376,2.399963341663627e-10,-12.26520635507196,77.07148911533352,-0.018713752834480013,-0.26416604739812954,0.2648280671362098,False,184.0521135468394
2020-08-24 13:30:00,306182.09266,1408311.38439,5.820766091346741e-11,-12.265839866321071,77.06716628340693,0.002023928857375297,-0.2582101782173216,0.2582181101763405,False,179.55090768467198
2020-08-24 14:00:00,306255.01557,1408756.07879,5.820766091346741e-11,-12.264917191065464,77.06310924236989,0.03225753873961103,-0.24476242052781777,0.24687890008701396,False,172.49218717832974
2020-08-24 14:30:00,306255.79944,1409197.08684,0.0,-12.261225453050304,77.05922278058368,0.05010022493486277,-0.23212569406871847,0.2374707779610117,False,167.82054671852427
2020-08-24 15:00:00,306256.23567,1409610.97272,5.820766091346741e-11,-12.257751143423514,77.05557584712442,0.049492095160106324,-0.21258576962275783,0.21827087971013742,False,166.89441701674673
2020-08-24 15:30:00,306244.17239,1409982.77598,0.0,-12.254148428178095,77.05232350214212,0.07285345783167457,-0.19407089917901182,0.20729481475951528,False,159.4240607281996
2020-08-24 16:00:00,306148.22738,1410349.37653,5.820766091346741e-11,-12.247337013374645,77.04927736495694,0.11362617978353041,-0.18252046462273355,0.2149991365989587,False,148.09610940595473
2020-08-24 16:30:00,305983.81434,1410711.66889,5.820766091346741e-11,-12.23790920016437,77.04639984269636,0.13859611171895636,-0.18547459053506804,0.23153769869670163,False,143.23103171566999
2020-08-24 17:00:00,305802.15464,1411107.67426,5.820766091346741e-11,-12.227533334615618,77.04325785847415,0.17091058951573826,-0.19724453537205874,0.26099010774885034,False,139.0913692134979
2020-08-24 17:30:00,305532.88536,1411535.953,2.399963341663627e-10,-12.213494567613928,77.03999818843431,0.20130956278921255,-0.21376956287496635,0.2936374739064108,False,136.71940975910655
2020-08-24 18:00:00,305256.6498,1412013.14326,0.0,-12.198782849301402,77.03632000596104,0.21374248477266172,-0.23058671619308033,0.31441387291514306,False,137.1710061884832
2020-08-24 18:30:00,304956.19287,1412509.9143,2.3283064365386963e-10,-12.182976850182436,77.03251448512353,0.21973765975729173,-0.24770279363989203,0.33112129664613577,False,138.42370160129883
2020-08-24 19:00:00,304671.59558,1413051.73027,0.0,-12.167418280216868,77.02828085206902,0.21421513644839274,-0.26490425435753,0.340679304713865,False,141.03922330071168
2020-08-24 19:30:00,304403.34304,1413604.68625,5.820766091346741e-11,-12.152410022995584,77.02391704002044,0.21728522925128066,-0.26692900865549707,0.3441859475815188,False,140.85376307519647
2020-08-24 20:00:00,304109.18879,1414155.8098,2.6031257322754127e-10,-12.1364240311636,77.0196175603946,0.20582128767816715,-0.278698571676938,0.34646110361231636,False,143.55381396341824
2020-08-24 20:30:00,303889.88398,1414741.35561,5.820766091346741e-11,-12.123060063861516,77.01487193393986,0.18476964048868164,-0.29466418339957207,0.34780281917323974,False,147.9101668098292
2020-08-24 21:00:00,303681.63113,1415332.63782,1.1641532182693481e-10,-12.110085901294712,77.01005410580402,0.18968868396975325,-0.29964918950533614,0.3546426843985109,False,147.6647225262048
2020-08-24 21:30:00,303448.51028,1415939.34853,1.1641532182693481e-10,-12.09603129471861,77.0051465597551,0.1764432777255941,-0.31519482189924874,0.3612201627908529,False,150.7602831459169
2020-08-24 22:00:00,303298.31572,1416575.25207,5.820766091346741e-11,-12.084952695395254,76.99982433893274,0.14809470034892663,-0.327277068886596,0.3592246095278553,False,155.6529827037516
2020-08-24 22:30:00,303173.85419,1417203.05439,2.6031257322754127e-10,-12.074944946836391,76.99452449149368,0.11924617284665667,-0.2994677909547539,0.3223361716560754,False,158.28786692096082
2020-08-24 23:00:00,303104.05298,1417719.2861,2.399963341663627e-10,-12.067979471255802,76.99010485649278,0.0864476051440103,-0.271438386106498,0.28487187626586624,False,162.3343808261099
2020-08-24 23:30:00,303073.82119,1418223.70278,5.820766091346741e-11,-12.062645026453781,76.98571462837106,0.06137517244874917,-0.25302619326773407,0.2603635271551574,False,166.36541519947838
2020-08-25 00:00:00,303078.34065,1418656.24206,0.0,-12.05924943514733,76.98189254370492,0.04555026344854302,-0.20200233458066408,0.20707430955159606,False,167.29269285748876
2020-08-25 00:30:00,303065.38958,1418969.12261,0.0,-12.056168071326942,76.97915831713128,0.0453274541240807,-0.16836406131773035,0.17435892647286835,False,164.9319343744191
2020-08-25 01:00:00,303045.35962,1419283.06713,2.3283064365386963e-10,-12.05280591326171,76.97642799062996,0.04592239796794219,-0.1694198241746914,0.1755333115351881,False,164.8340030954223
2020-08-25 01:30:00,303031.07083,1419600.10994,0.0,-12.049641247043395,76.9736594873668,0.04559897953921634,-0.1803425405452568,0.18601800683088576,False,165.8103610649041
2020-08-25 02:00:00,303020.35345,1419952.26491,0.0,-12.046326570137673,76.97057462121931,0.0546618184026858,-0.1723859305152618,0.18084474952483656,False,162.40671024527205
2020-08-25 02:30:00,302968.14015,1420248.10241,2.3283064365386963e-10,-12.04187589724259,76.96806433368077,0.07264482594720537,-0.11868582554945101,0.1391531383880884,False,148.530171598172
2020-08-25 03:00:00,302853.7264,1420424.69229,2.399963341663627e-10,-12.036008154656436,76.9667223929616,0.09432008651074414,-0.062492155156694075,0.11314392681678757,False,123.52662534447427
2020-08-25 03:30:00,302682.96485,1420538.93417,0.0,-12.02848023764159,76.96603597097919,0.12243284667139397,-0.026359591291245387,0.12523829285447227,False,102.1502187311142
2020-08-25 04:00:00,302442.4212,1420609.35641,0.0,-12.018620737778058,76.96586675373773,0.16026060182906204,0.008991825161072598,0.16051265812496054,False,86.78864283732474
2020-08-25 04:30:00,302111.93267,1420627.40875,5.820766091346741e-11,-12.005720738543513,76.96632768241456,0.21987541989406142,0.04748323303520598,0.22494412126807292,False,77.81382105440031
2020-08-25 05:00:00,301632.62638,1420606.80588,4.799926683327254e-10,-11.987393648018184,76.96740758772746,0.264611813515312,0.04559228967320879,0.26851083540428683,False,80.22399324545097
2020-08-25 05:30:00,301146.01355,1420664.70787,0.0,-11.968139204816845,76.96780740953615,0.27031658924271457,0.018201701826169293,0.27092869978867734,False,86.14781748467635
2020-08-25 06:00:00,300667.05173,1420744.50187,2.3283064365386963e-10,-11.949000085536092,76.96799837185768,0.2934597534407483,0.0034758052926298147,0.29348033684037006,False,89.32140724738815
2020-08-25 06:30:00,300109.85873,1420871.19556,2.3283064365386963e-10,-11.926458046980517,76.96791994138783,0.3167339524579745,-0.014940073719593674,0.31708611203015075,False,92.7005919648962
2020-08-25 07:00:00,299562.538,1421032.76305,5.820766091346741e-11,-11.90401359249575,76.96751346847003,0.30231396334710914,-0.0088262499839653,0.30244277991616314,False,91.67231197369495
2020-08-25 07:30:00,299051.48772,1421126.77959,0.0,-11.88351957209779,76.96763363353068,0.29684739574698216,0.015968761788116508,0.29727660135774403,False,86.92076929776056
2020-08-25 08:00:00,298504.95243,1421196.56701,2.3283064365386963e-10,-11.861851560414642,76.96803167016725,0.2940522753900147,-0.006579316559964993,0.2941258711307818,False,91.28175911233336
2020-08-25 08:30:00,298020.37318,1421367.55494,2.3283064365386963e-10,-11.841755332226004,76.96742021855815,0.26326195120691454,-0.029009208912923197,0.2648554117910855,False,96.28813484692347
2020-08-25 09:00:00,297598.80984,1421493.26337,6.984919309616089e-10,-11.824460283417451,76.96709032276192,0.23516609522620532,-0.007432717724364275,0.23528352606315375,False,91.8103019244902
2020-08-25 09:30:00,297197.22309,1421567.22463,0.0,-11.808355274909603,76.96717905291715,0.21587035766881119,0.003046507525415458,0.21589185377906892,False,89.19145713952196
2020-08-25 10:00:00,296835.87823,1421641.55966,0.0,-11.793801142078452,76.9671892985865,0.19164019990786585,0.006062600235432508,0.19173607209479768,False,88.18803363276305
2020-08-25 10:30:00,296517.42171,1421686.86974,0.0,-11.781137161865372,76.96737593030338,0.17662665835370472,0.022097995279189236,0.1780036455709697,False,82.86870340745719
2020-08-25 11:00:00,296197.17419,1421693.5078,2.399963341663627e-10,-11.768714835116853,76.96790654863975,0.16613380982389878,0.052024118591071616,0.1740889188942859,False,72.61226757203713
2020-08-25 11:30:00,295893.71302,1421625.50555,5.820766091346741e-11,-11.757540018111579,76.96906454244132,0.16863353738486328,0.06483581966290074,0.1806680753268055,False,68.96936586828866
2020-08-25 12:00:00,295555.26894,1421588.70128,2.399963341663627e-10,-11.744761075989054,76.97001085479909,0.1835875128602692,0.044964807386237746,0.1890137793429383,False,76.23786046672859
2020-08-25 12:30:00,295213.68516,1421601.55194,0.0,-11.731460549897452,76.9705239413324,0.17058122010959767,0.025526640964291303,0.17248061355699906,False,81.48912315578093
2020-08-25 13:00:00,294935.3194,1421623.58526,0.0,-11.72052814680253,76.97083948868843,0.14905494813370104,0.00013855044028347752,0.14905501252680103,False,89.94674210221785
2020-08-25 13:30:00,294688.17404,1421710.06703,0.0,-11.710285434469894,76.9705284673882,0.1590083364472226,-0.03132219557371692,0.16206397192242114,False,101.14371254733447
2020-08-25 14:00:00,294397.68982,1421850.18038,0.0,-11.697939446511409,76.96982276778198,0.16954834658282125,-0.04787145260500002,0.1761769502616084,False,105.76686276266588
2020-08-25 14:30:00,294125.41913,1422002.57944,2.399963341663627e-10,-11.686200365064751,76.96897472926071,0.1833302476373991,-0.061304704398109346,0.19330868185399652,False,108.48967362447183
2020-08-25 15:00:00,293796.08391,1422199.98433,5.820766091346741e-11,-11.671898670230258,76.96783286141414,0.19462879848775963,-0.05894864884652073,0.20336005606219565,False,106.85037033350375
2020-08-25 15:30:00,293482.17628,1422352.15559,5.820766091346741e-11,-11.65855614171206,76.96706147791176,0.18949894310551,-0.048298049624888456,0.19555702757935728,False,104.29868683663386
2020-08-25 16:00:00,293163.09801,1422508.12766,5.820766091346741e-11,-11.644985142999296,76.96626523122855,0.18127028330382153,-0.020281354815930894,0.18240134035203084,False,96.3839657343259
2020-08-25 16:30:00,292857.77255,1422555.38553,0.0,-11.632811861696824,76.96640327410752,0.16894771808656237,0.021552108022645018,0.1703168365337858,False,82.730229367721
2020-08-25 17:00:00,292551.73426,1422554.77286,2.3283064365386963e-10,-11.620991189617103,76.96696476882033,0.14578889435761655,0.03494631562936202,0.14991880033565927,False,76.52025369419857
2020-08-25 17:30:00,292318.34885,1422537.87973,0.0,-11.612106481250667,76.96753765387251,0.12380720626261721,0.05745057119696031,0.1364873344065714,False,65.10716623368995
2020-08-25 18:00:00,292073.52054,1422441.89776,0.0,-11.603406375822455,76.9688294564211,0.12271484988666097,0.09316558574983982,0.1540738808196136,False,52.794092157715
2020-08-25 18:30:00,291818.1435,1422298.19463,0.0,-11.59467526808476,76.97056153734088,0.12947041484544217,0.12210049344228839,0.17796381322926635,False,46.67803446025806
2020-08-25 19:00:00,291528.59203,1422104.98439,0.0,-11.585012946604891,76.97279244246187,0.1422508440658366,0.12741217703717833,0.19096901710695435,False,48.1496214642649
2020-08-25 19:30:00,291224.35946,1421951.69658,2.3283064365386963e-10,-11.574463373169042,76.97469691522866,0.14070575508169522,0.1139077685648252,0.1810333926449145,False,51.00824099738685
2020-08-25 20:00:00,290950.07536,1421804.88824,0.0,-11.565017808789774,76.97648957988446,0.1361394519593379,0.12655332191022794,0.18587547892689518,False,47.089898322778936
2020-08-25 20:30:00,290652.87058,1421603.60968,0.0,-11.555113792387296,76.97880441717115,0.13453094238803742,0.15711657571830343,0.20684340169620788,False,40.57176473559275
2020-08-25 21:00:00,290362.28023,1421347.74491,4.656612873077393e-10,-11.54589370561228,76.98158909936339,0.1342428100298211,0.18992899314897055,0.23258150073315018,False,35.25287051222301
2020-08-25 21:30:00,290042.52232,1421030.42974,2.6031257322754127e-10,-11.53602620830405,76.98496885156928,0.1470591668289507,0.22325233482051765,0.2673350024804789,False,33.373407072598184
2020-08-25 22:00:00,289682.83296,1420666.14625,2.399963341663627e-10,-11.52497832421372,76.98883504744855,0.16011714513775016,0.23939463790592388,0.2880057166536313,False,33.77626120423196
2020-08-25 22:30:00,289305.53502,1420301.15158,5.820766091346741e-11,-11.513247474532331,76.99273871075395,0.17083511419203645,0.23388683098728244,0.2896337099687807,False,36.14505884610827
2020-08-25 23:00:00,288912.14426,1419963.84764,2.399963341663627e-10,-11.50066776686737,76.99642610218449,0.1746288398395134,0.22461083627965572,0.28450880386719274,False,37.86409825650719
2020-08-25 23:30:00,288528.27532,1419634.1299,5.820766091346741e-11,-11.488390251272515,77.00002872793652,0.17536528328748532,0.22896800083559382,0.28840826615953374,False,37.44829737432724
2020-08-26 00:00:00,288129.3053,1419281.81593,4.656612873077393e-10,-11.475698330591367,77.00385747068569,0.19047155501994684,0.2418121248467711,0.30781896789286234,False,38.22694045475458
2020-08-26 00:30:00,287683.09271,1418917.42984,5.820766091346741e-11,-11.461261591765835,77.00787685997963,0.21922889588839264,0.24596760425873726,0.3294865264881502,False,41.71035499952757
2020-08-26 01:00:00,287179.86869,1418570.81277,5.820766091346741e-11,-11.44446435525528,77.01184038680921,0.24706903295029717,0.21505170815463812,0.32755204811330774,False,48.96331649049739
2020-08-26 01:30:00,286657.71618,1418335.11907,5.820766091346741e-11,-11.42605206943076,77.01485638489348,0.27334909003063596,0.15701367044135883,0.3152348612162753,False,60.12663261431112
2020-08-26 02:00:00,286103.3372,1418211.71075,5.820766091346741e-11,-11.405500729865821,77.01693618182803,0.28972414521938794,0.10019379447235233,0.3065597442161527,False,70.92334539455635
2020-08-26 02:30:00,285563.97787,1418187.80053,2.399963341663627e-10,-11.384748104824823,77.01810820300727,0.29749028884433415,0.05542333757602693,0.30260901887543207,False,79.4466120755493
2020-08-26 03:00:00,285014.05941,1418227.51725,2.3283064365386963e-10,-11.363085162446515,77.01873489185958,0.29132042978966527,0.0215970745015237,0.2921198836776772,False,85.76012673116685
2020-08-26 03:30:00,284520.46301,1418318.20651,0.0,-11.34321034825845,77.01880929182295,0.2998763235966595,-0.025597862966620706,0.30096687532402355,False,94.87902048305654
2020-08-26 04:00:00,283973.71705,1418530.20242,4.656612873077393e-10,-11.320327971894361,77.01790384790047,0.3315422707601051,-0.09339365996537223,0.34444542822121244,False,105.73224031142126
2020-08-26 04:30:00,283416.12873,1418882.16979,2.3283064365386963e-10,-11.295941926022124,77.01577801998737,0.29247565169385614,-0.12241277169125907,0.3170597633047785,False,112.71126242580794
2020-08-26 05:00:00,283027.52127,1419168.59265,4.656612873077393e-10,-11.278632496635518,77.01393147018659,0.23687476469972388,-0.15674128085451813,0.28403782014982526,False,123.49281645167088
2020-08-26 05:30:00,282690.20805,1419602.3221,2.399963341663627e-10,-11.262180591385906,77.01069095123083,0.195792212545694,-0.19259459597582335,0.27464025359118216,False,134.52829037812813
2020-08-26 06:00:00,282471.65068,1419986.23884,4.692851652099372e-10,-11.250730717418074,77.007680965651,0.1338923361205841,-0.18669097778447474,0.22974045977570148,False,144.35240226849197
2020-08-26 06:30:00,282348.58475,1420355.53596,4.656612873077393e-10,-11.243104512422036,77.00463189974668,0.13281857565475771,-0.20682598827618237,0.24580025114994924,False,147.29241839459428
2020-08-26 07:00:00,282147.85125,1420809.74849,2.3283064365386963e-10,-11.231814279070683,77.0009681103925,0.15634568555727912,-0.20558739552607,0.25828308227905356,False,142.74763431195657
2020-08-26 07:30:00,281940.67915,1421191.10557,2.6031257322754127e-10,-11.220841244250984,76.99795937428796,0.10604529037094185,-0.1690269638692369,0.1995387634639187,False,147.89638155350104
2020-08-26 08:00:00,281891.79397,1421480.90151,0.0,-11.216715838786442,76.99548236305893,0.046343879265935174,-0.13094624619153783,0.13890527181165738,False,160.51034985485387
2020-08-26 08:30:00,281868.72629,1421685.96087,0.0,-11.214244495417399,76.99370938302476,0.03007034711356784,-0.08698059316579769,0.09203178452580646,False,160.92905209902978
2020-08-26 09:00:00,281846.50461,1421809.1059,2.3283064365386963e-10,-11.21243620169208,76.99265930688767,0.012847578965906431,-0.04371474400409633,0.04556357238659933,False,163.62216009269548
2020-08-26 09:30:00,281853.95857,1421849.3236,2.3283064365386963e-10,-11.21241610053601,76.99229057227868,0.015613528240053368,-0.0038456917264485507,0.016080161969265695,False,103.83682210914594
2020-08-26 10:00:00,281794.06078,1421833.61575,5.820766091346741e-11,-11.210214369461218,76.99253448040166,0.015275118439460465,0.02832444825540623,0.03218079570664358,False,28.337583025974084
2020-08-26 10:30:00,281780.19381,1421759.99173,0.0,-11.210242467342619,76.99320988792991,-0.00030986760737173984,0.04565748447454004,0.04565853596510693,False,359.61115173701387
2020-08-26 11:00:00,281763.20049,1421672.16799,5.820766091346741e-11,-11.210258465971124,76.99401635131505,0.011565240761316719,0.05209607805836021,0.05336437147507672,False,12.516581081991376
2020-08-26 11:30:00,281702.89253,1421584.11839,5.820766091346741e-11,-11.208596413482297,76.9949007245607,0.05358673643073956,0.031457859934597106,0.06213803402878369,False,59.58512120137834
2020-08-26 12:00:00,281551.95447,1421598.57837,2.3283064365386963e-10,-11.20263164995369,76.99503728893416,0.11359482201251048,-0.025599765053496457,0.11644368406593872,False,102.70003182216209
2020-08-26 12:30:00,281319.64767,1421753.97045,0.0,-11.192429395420785,76.99406971681731,0.11870772161945842,-0.05589274844451261,0.13120793611959758,False,115.21309217369424
2020-08-26 13:00:00,281171.79105,1421878.91557,4.656612873077393e-10,-11.185737029325304,76.99322333934795,0.10756423688757805,-0.07417714141008626,0.13066106292610258,False,124.59045094207761
2020-08-26 13:30:00,280991.57515,1422091.05442,4.656612873077393e-10,-11.177122607484504,76.9916621450409,0.12410244211815746,-0.14010659543915807,0.18716643455823626,False,138.4663893348732
2020-08-26 14:00:00,280831.26737,1422460.33533,4.656612873077393e-10,-11.168079253435176,76.98867597763271,0.133047578701279,-0.18147608221483325,0.2250227246620171,False,143.7533244508137
2020-08-26 14:30:00,280648.21298,1422824.76755,2.3283064365386963e-10,-11.158195425444765,76.98577205068672,0.13766160067803648,-0.19073956185499785,0.23522818019505173,False,144.18105643001303
2020-08-26 15:00:00,280477.93571,1423229.92178,0.0,-11.148500143644577,76.98248524215124,0.10331427742222549,-0.20971536233667745,0.2337827476938375,False,153.773276277327
2020-08-26 15:30:00,280429.27657,1423637.40986,0.0,-11.143503830108541,76.97896553346469,0.057058518636911144,-0.24181909396280957,0.24845955154518182,False,166.723584837325
2020-08-26 16:00:00,280444.64615,1424123.75647,2.3283064365386963e-10,-11.140388726351697,76.9746366067371,0.03443750779545057,-0.2903902590689349,0.29242510922505416,False,173.23685534690952
2020-08-26 16:30:00,280509.62414,1424687.06959,2.3283064365386963e-10,-11.138609678053639,76.96954037415905,-0.0006465001537393281,-0.31978448074495125,0.3197851342507448,False,180.11583326280373
2020-08-26 17:00:00,280669.32685,1425252.84504,4.656612873077393e-10,-11.140479115885983,76.96425733439304,-0.041710489941763886,-0.32404514872089685,0.3267185690785422,False,187.33467595178877
2020-08-26 17:30:00,280882.35,1425802.63713,2.3283064365386963e-10,-11.144531471788873,76.9590227294649,-0.07787484920081919,-0.32767125849297657,0.3367980786471642,False,193.36897838106188
2020-08-26 18:00:00,281172.39138,1426356.03,0.0,-11.151531230316067,76.95362189579178,-0.10519984301614865,-0.32257874023351196,0.3392993525211357,False,198.0622577381655
2020-08-26 18:30:00,281478.51627,1426868.74851,2.3283064365386963e-10,-11.159456967084042,76.9485525604138,-0.1380391777307861,-0.27874909060199743,0.3110560562021452,False,206.3450470353538
2020-08-26 19:00:00,281854.15336,1427244.37491,0.0,-11.171108085023985,76.94457416955422,-0.17807503001939964,-0.23168740987005537,0.2922152840094185,False,217.5458932831431
2020-08-26 19:30:00,282269.03336,1427562.81924,0.0,-11.184704556409281,76.94103236514862,-0.1967385655308243,-0.19077456933771447,0.27404561567942826,False,225.88173742789596
2020-08-26 20:00:00,282682.17827,1427780.73645,2.3283064365386963e-10,-11.19899520763489,76.93838195832632,-0.2085793272087642,-0.13620805440778055,0.24911437097127423,False,236.85435532336103
2020-08-26 20:30:00,283100.85518,1427897.99643,2.3283064365386963e-10,-11.214264096970918,76.93661124540625,-0.20494152467086132,-0.09896660242082445,0.22758606488346073,False,244.22402622349685
2020-08-26 21:00:00,283475.16975,1427986.72945,0.0,-11.228035022058652,76.9351697650322,-0.17976253592421418,-0.08033700005005792,0.19689744259118097,False,245.9198339999284
2020-08-26 21:30:00,283791.9279,1428055.66567,5.820766091346741e-11,-11.23973329336668,76.93400375041381,-0.14327391450057358,-0.049787537925005926,0.1516779928300463,False,250.83771322685962
2020-08-26 22:00:00,284015.99872,1428061.99267,0.0,-11.248332985404216,76.93355387149826,-0.10030210231792416,-0.023093806049405287,0.10292636011849869,False,257.0340404390158
2020-08-26 22:30:00,284162.29631,1428066.77199,4.656612873077393e-10,-11.253942494325601,76.93325424889274,-0.06634483170864842,-0.017608759679105628,0.06864186122101715,False,255.13568180802935
2020-08-26 23:00:00,284262.61899,1428077.55354,0.0,-11.257731387036378,76.93298235448567,-0.0544540940566946,-0.008503390362559267,0.05511402731785628,False,261.12453997857847
2020-08-26 23:30:00,284360.53533,1428058.52476,0.0,-11.261656332162318,76.93297824075704,-0.038702036739119205,0.008417166669303602,0.039606771422257686,False,282.2699763672698
2020-08-27 00:00:00,284393.34602,1428020.62597,5.820766091346741e-11,-11.263213803303962,76.93325558779604,0.0032249428969191906,0.02899755887405692,0.029176337627310027,False,6.346031251765567
2020-08-27 00:30:00,284328.75981,1427958.41168,5.820766091346741e-11,-11.261199354695961,76.93391945012623,0.0553028596044541,0.04121202667002956,0.06896982980029158,False,53.30629728886396
2020-08-27 01:00:00,284169.1161,1427913.99785,0.0,-11.255379053720622,76.9345932014803,0.08855045702971119,0.02568580964133799,0.09220056538385098,False,73.82415427232593
2020-08-27 01:30:00,283998.061,1427929.94179,1.1641532182693481e-10,-11.248654310025492,76.93475314539823,0.11116889255230147,-0.012040250091323472,0.11181900685289047,False,96.18137817538366
2020-08-27 02:00:00,283785.05131,1428034.57758,5.820766091346741e-11,-11.239629625918043,76.93420232291936,0.12790403088180205,-0.04457530147988646,0.1354488782450255,False,109.2137441948239
2020-08-27 02:30:00,283577.71561,1428177.08361,5.820766091346741e-11,-11.230534467977645,76.93330630342955,0.11802017525643917,-0.07389945742147826,0.13924759091183406,False,122.05313262466632
2020-08-27 03:00:00,283420.12715,1428378.26836,5.820766091346741e-11,-11.22291117433414,76.93180371721242,0.1127140609975052,-0.11115082407763216,0.15830023764886159,False,134.59991303641402
2020-08-27 03:30:00,283257.58284,1428648.54856,5.820766091346741e-11,-11.21456971957143,76.92969850163573,0.13060005534615704,-0.1536731093856857,0.2016725043348354,False,139.64024472121918
2020-08-27 04:00:00,283066.53726,1429012.3667,2.399963341663627e-10,-11.204416383450187,76.92681565381166,0.1465548468823561,-0.1791554168603759,0.2314627108955693,False,140.7157386588279
2020-08-27 04:30:00,282865.36336,1429383.73269,2.399963341663627e-10,-11.193819199549353,76.92388335393231,0.13708556972549402,-0.1989905077227585,0.24163955717291924,False,145.4368466086218
2020-08-27 05:00:00,282721.4847,1429810.90845,2.3283064365386963e-10,-11.185010809726405,76.92035675294616,0.09418671276156038,-0.22883838084654756,0.2474634142844114,False,157.62861188830743
2020-08-27 05:30:00,282692.53392,1430257.67565,0.0,-11.180488863961713,76.91645564794295,0.046014586008008916,-0.2473767847532797,0.2516199828319661,False,169.46283148176593
2020-08-27 06:00:00,282731.65522,1430716.68329,5.820766091346741e-11,-11.17850003558383,76.9123271980837,0.02017278241347556,-0.26557324440958374,0.2663382985913478,False,175.65618890709317
2020-08-27 06:30:00,282806.63816,1431209.67982,4.656612873077393e-10,-11.177635423766576,76.90783538971692,-0.008316802167066137,-0.28520961680232637,0.2853308513196846,False,181.67028963690882
2020-08-27 07:00:00,282960.06562,1431718.15729,0.0,-11.179674875783594,76.90306950349112,-0.05022230052209989,-0.2813100736329871,0.2857580042573239,False,190.12237389003838
2020-08-27 07:30:00,283180.35944,1432168.12407,2.399963341663627e-10,-11.184732612684751,76.89870419158358,-0.0792408308768271,-0.2527530787253818,0.2648834235719724,False,197.40677373684446
2020-08-27 08:00:00,283416.41264,1432555.45224,7.081267575614875e-10,-11.190870487523458,76.89486522873825,-0.09512670104628308,-0.22818384277399648,0.2472184365193196,False,202.6305830145932
2020-08-27 08:30:00,283675.73184,1432907.50349,2.3283064365386963e-10,-11.19816870258412,76.89129738434335,-0.11204837902031439,-0.2128749607491233,0.2405630648188138,False,207.76042188104736
2020-08-27 09:00:00,283960.93455,1433228.87537,0.0,-11.206692413794453,76.88795530855957,-0.12845047883781358,-0.206441550965608,0.2431411924762016,False,211.89038328867252
2020-08-27 09:30:00,284273.77442,1433546.65111,5.820766091346741e-11,-11.216302030944403,76.8845962657274,-0.1558477358179758,-0.185349344506897,0.24216295395606235,False,220.0582107054454
2020-08-27 10:00:00,284641.06081,1433774.25616,2.3283064365386963e-10,-11.228688100070496,76.88193873897295,-0.16897551660390678,-0.14456513293553233,0.22237761324428615,False,229.45172394863707
2020-08-27 10:30:00,284971.7837,1433938.66949,2.3283064365386963e-10,-11.240146488419544,76.87990370653053,-0.151759839282843,-0.10761333735246557,0.1860421436000185,False,234.65943712091251
2020-08-27 11:00:00,285252.43108,1434047.74063,2.399963341663627e-10,-11.250099928513192,76.87844565255116,-0.1228664225904626,-0.062312523997823735,0.13776432211264822,False,243.10785181425936
2020-08-27 11:30:00,285449.36767,1434072.39122,5.820766091346741e-11,-11.257480065280067,76.87788111588586,-0.0950984045649555,-0.009310026104575727,0.09555303834451224,False,264.40862557753303
2020-08-27 12:00:00,285594.74133,1434013.77803,0.0,-11.26351534210188,76.87814348279586,-0.06848882875994543,0.025469101918666567,0.07307116269399681,False,290.3987762071631
2020-08-27 12:30:00,285673.26972,1433934.30998,0.0,-11.267141612434205,76.87870789660677,0.0018941304576314284,0.036313824473134665,0.036363189877349336,False,2.985844155909092
2020-08-27 13:00:00,285562.51141,1433886.90013,4.692851652099372e-10,-11.263247794708406,76.87932223482744,0.07393180135631816,0.03200277712994387,0.08056108859628788,False,66.59371448596221
2020-08-27 13:30:00,285389.73885,1433873.30343,2.399963341663627e-10,-11.256711315197812,76.87974665907622,0.08396332257498094,0.010363470631266365,0.08460047908466846,False,82.96365334538496
2020-08-27 14:00:00,285258.77554,1433909.31364,4.692851652099372e-10,-11.25140214806053,76.87965866466268,0.06719227868876265,-0.03415631043008977,0.07537543271905646,False,116.94590795937154
2020-08-27 14:30:00,285176.48748,1434041.0995,2.6031257322754127e-10,-11.247231901582452,76.87863795869194,0.04501965418957376,-0.07150079212084609,0.08449338753569567,False,147.8039005712199
2020-08-27 15:00:00,285150.02201,1434193.38375,5.820766091346741e-11,-11.245051015568393,76.87733775536411,0.042057623262186636,-0.076426240594951,0.08723424743723854,False,151.17585983020683
2020-08-27 15:30:00,285081.6395,1434340.47727,5.820766091346741e-11,-11.241299443253586,76.87615712099516,0.08942301164910028,-0.07699566315899457,0.11800342011013273,False,130.72935246643993
2020-08-27 16:00:00,284888.31,1434528.00641,2.3283064365386963e-10,-11.232438832208045,76.87483831978496,0.14319816110337602,-0.08896799383448861,0.1685853412083092,False,121.85238873126724
2020-08-27 16:30:00,284638.38894,1434755.0437,4.656612873077393e-10,-11.22110443700557,76.87326908411947,0.15932573169681655,-0.12896757004694448,0.20498127452169748,False,128.98873390653102
2020-08-27 17:00:00,284416.04955,1435095.02896,2.3283064365386963e-10,-11.209972399720566,76.87065198127732,0.15214404235465587,-0.14742677524122236,0.21185481746243395,False,134.09785217929198
2020-08-27 17:30:00,284204.29798,1435382.13362,2.399963341663627e-10,-11.199653613027074,76.86848356742652,0.14927576189735434,-0.13504244725417358,0.20129509594233008,False,132.13409624104094
2020-08-27 18:00:00,283983.31543,1435676.30058,4.692851652099372e-10,-11.188930041362335,76.86626840285055,0.09588187491020447,-0.1337135487913158,0.16453767673898792,False,144.35685612879405
2020-08-27 18:30:00,283959.0912,1435921.33223,5.820766091346741e-11,-11.186138667968708,76.86414334839478,0.044492502133010696,-0.15677375068194938,0.1629650013007148,False,164.15602023721908
2020-08-27 19:00:00,283935.67448,1436261.03704,2.6031257322754127e-10,-11.182660608033254,76.86117939533216,0.040597810470068864,-0.21345152128452774,0.2172780112060188,False,169.23114669912428
2020-08-27 19:30:00,283964.74044,1436703.51267,2.399963341663627e-10,-11.180418909429578,76.857214536036,0.007720830471376082,-0.2539345740665895,0.25405192211346866,False,178.2584696841095
2020-08-27 20:00:00,284085.66266,1437163.24144,5.820766091346741e-11,-11.181572133356662,76.85293642790027,-0.03036742964247851,-0.2684959372099553,0.27020778871332174,False,186.45284587694147
2020-08-27 20:30:00,284259.42709,1437630.55017,0.0,-11.184693901015239,76.84849882789219,-0.04575791838632532,-0.2645526081126401,0.26848066886509675,False,189.8129852610566
2020-08-27 21:00:00,284431.99963,1438065.58934,0.0,-11.188012589380643,76.84434869997136,-0.054101744372751275,-0.2703718750629097,0.27573166225373574,False,191.31550925988847
2020-08-27 21:30:00,284639.34804,1438547.60104,2.3283064365386963e-10,-11.192305897105316,76.83972214339957,-0.07379376389940576,-0.269551617045245,0.27947020206481343,False,195.3104383934139
2020-08-27 22:00:00,284880.95913,1438965.95479,2.3283064365386963e-10,-11.198391808964251,76.83559858045734,-0.08656509126588385,-0.24623913855340124,0.2610119314923974,False,199.36906706851718
2020-08-27 22:30:00,285117.20579,1439356.66275,2.3283064365386963e-10,-11.204478210764481,76.83172878530576,-0.09006318096157681,-0.22308327855227642,0.24057748384782457,False,201.9849150459932
2020-08-27 23:00:00,285355.05794,1439690.74652,0.0,-11.211052284490542,76.82835686066363,-0.101136259251113,-0.19262353717143568,0.21756003770854565,False,207.70154858701056
2020-08-27 23:30:00,285609.17063,1439966.08716,0.0,-11.218691537192687,76.82547580563423,-0.10829772391927493,-0.16078622256853167,0.19385718035180668,False,213.96227736713348
2020-08-28 00:00:00,285850.09395,1440182.66522,4.656612873077393e-10,-11.226269056209148,76.82313740076874,-0.10174835848550508,-0.13764826143158734,0.17117176265270354,False,216.4714791212324
2020-08-28 00:30:00,286064.92858,1440380.82773,2.3283064365386963e-10,-11.232985494512983,76.82100746380394,-0.08625372764688727,-0.12207679662850753,0.1494739101250161,False,215.2432315145281
2020-08-28 01:00:00,286240.26852,1440553.23499,4.656612873077393e-10,-11.238384440254247,76.81917454149041,-0.06954528560567894,-0.10214502008259356,0.1235724559829127,False,214.2489333653651
2020-08-28 01:30:00,286382.15675,1440692.70504,5.820766091346741e-11,-11.24275261254929,76.81769161710385,-0.06190881073301312,-0.06229720468135913,0.08782734515791306,False,224.82083587962956
2020-08-28 02:00:00,286502.58839,1440729.74871,5.820766091346741e-11,-11.247078181936747,76.81715222620558,-0.050571754323731496,-0.06138929510087286,0.07953708498783388,False,219.48128150814276
2020-08-28 02:30:00,286603.82287,1440873.95351,0.0,-11.249853638839971,76.81569879301577,-0.008845561986970289,-0.10748311290853471,0.10784648129343004,False,184.70468146442602
2020-08-28 03:00:00,286609.30768,1441103.0408,5.820766091346741e-11,-11.248320656635881,76.81366306804841,0.02190986809830271,-0.14201764097830358,0.14369778240852346,False,171.2297982870765
2020-08-28 03:30:00,286626.19033,1441390.78174,5.820766091346741e-11,-11.246777986347324,76.81108853730379,0.015796214350503712,-0.17602393006463474,0.17673127720696888,False,174.87206889683137
2020-08-28 04:00:00,286677.12444,1441735.64874,5.820766091346741e-11,-11.246103468169148,76.80794886914025,-0.011377256757256052,-0.21603935924830653,0.21633873142768353,False,183.0145764693225
2020-08-28 04:30:00,286818.04,1442145.60186,5.820766091346741e-11,-11.24837361886512,76.80407529366886,-0.05448635778069852,-0.256161041056958,0.26189166107303,False,192.00805644308235
2020-08-28 05:00:00,287049.3901,1442601.85249,0.0,-11.25374561906376,76.79963309224088,-0.07931276189697146,-0.2961551053240309,0.306591520771879,False,194.9924619222019
2020-08-28 05:30:00,287306.14154,1443135.53905,0.0,-11.259495358436274,76.79446118571907,-0.0933214409302624,-0.3191121730506666,0.3324777741841085,False,196.3010769695016
2020-08-28 06:00:00,287603.18833,1443662.94861,1.1641532182693481e-10,-11.266826539795781,76.78927364012311,-0.09562151092040908,-0.34274843432011226,0.3558369887737786,False,195.58827996815322
2020-08-28 06:30:00,287884.82106,1444278.39719,5.820766091346741e-11,-11.272894233690623,76.78333443307172,-0.10638503339923072,-0.40617593282207415,0.41987696261552326,False,194.67713533179239
2020-08-28 07:00:00,288264.6262,1445022.10449,5.820766091346741e-11,-11.28172470478314,76.77608760706535,-0.14071362332267606,-0.42975089970269054,0.4522014590687075,False,198.130033621299
2020-08-28 07:30:00,288684.26672,1445696.50412,1.1641532182693481e-10,-11.292591144743279,76.76938297665784,-0.15345272095955262,-0.43541973922671184,0.4616688064816033,False,199.4137223675657
2020-08-28 08:00:00,289113.30993,1446451.09208,2.3283064365386963e-10,-11.303194265942276,76.76195209768753,-0.18400065368879714,-0.4450644217771888,0.4816000208573169,False,202.46141307133524
2020-08-28 08:30:00,289647.8597,1447137.82732,0.0,-11.318318762826905,76.75493400572836,-0.24061977095798498,-0.40183411231543553,0.4683679408287967,False,210.91333256951225
2020-08-28 09:00:00,290246.60438,1447699.55506,2.3283064365386963e-10,-11.336823109683529,76.74890648069409,-0.26767842394534996,-0.35936714477661535,0.4481032061821956,False,216.68097375502532
2020-08-28 09:30:00,290847.01501,1448216.87735,2.3283064365386963e-10,-11.355713195685155,76.74326718256292,-0.24943141922499293,-0.3422823237332844,0.4235247596503079,False,216.08194850515542
2020-08-28 10:00:00,291369.60174,1448730.84255,2.399963341663627e-10,-11.37165479813565,76.7377944812686,-0.20682060509266867,-0.32838810187027245,0.3880895620096707,False,212.20294589031755
2020-08-28 10:30:00,291810.04933,1449229.06111,2.399963341663627e-10,-11.384582977552748,76.732606164836,-0.1797754951426243,-0.3109889234568603,0.359212108880857,False,210.03121239529457
2020-08-28 11:00:00,292225.05355,1449700.62308,2.3283064365386963e-10,-11.3967388681135,76.72769813736959,-0.1567993536700149,-0.3076165333507756,0.34527375935927024,False,207.00900463468415
2020-08-28 11:30:00,292582.22468,1450203.10334,0.0,-11.406453424844091,76.72261932007514,-0.12913775065276395,-0.2844270615385532,0.3123704723227075,False,204.41936216040452
2020-08-28 12:00:00,292883.26905,1450612.3952,0.0,-11.414744683830536,76.71846405045801,-0.08939408933891083,-0.25753199345478206,0.27260599931316093,False,199.14282789958767
2020-08-28 12:30:00,293081.16291,1451048.18942,2.3283064365386963e-10,-11.418914353663059,76.71425841171849,-0.02917107289684194,-0.2761772176308692,0.27771353411794925,False,186.02948011280353
2020-08-28 13:00:00,293183.04638,1451566.16197,4.656612873077393e-10,-11.418810589327297,76.70949769498706,0.047954985122657806,-0.36009573126707844,0.3632748494939972,False,172.4143896143397
2020-08-28 13:30:00,293168.59134,1452353.05322,2.3283064365386963e-10,-11.412238295435259,76.70256735682618,0.053811652862209805,-0.39910811639783905,0.4027194837084419,False,172.32113170899157
2020-08-28 14:00:00,293277.44729,1453012.87546,2.3283064365386963e-10,-11.411316303492665,76.6965401507126,0.06601695477140916,-0.4272202082709438,0.4322908103029243,False,171.21574739380492
2020-08-28 14:30:00,293239.92168,1453907.66457,2.3283064365386963e-10,-11.403056437270877,76.68869677653784,0.1250319374362342,-0.5001041647969069,0.515497003896502,False,165.96312075194493
2020-08-28 15:00:00,293192.16878,1454866.70425,0.0,-11.393929139499834,76.6803032446472,0.13209048443239535,-0.5202689344819477,0.5367752418513414,False,165.75424092579516
2020-08-28 15:30:00,293143.77891,1455837.66225,0.0,-11.384698421827254,76.6718050565266,0.09509874263620577,-0.5216200869727665,0.5302181494295191,False,169.66764628001596
2020-08-28 16:00:00,293227.22524,1456775.16764,0.0,-11.380717197459282,76.66336764532264,0.06896601561303384,-0.5753043041643413,0.5794232940601838,False,173.16414834903821
2020-08-28 16:30:00,293309.06691,1457917.02711,2.399963341663627e-10,-11.3751272893633,76.65312609553668,0.05888240429311073,-0.6577408916815874,0.6603712729407807,False,174.88439319473127
2020-08-28 17:00:00,293486.43112,1459138.3311,5.820766091346741e-11,-11.372548075508051,76.6420119925669,0.04954428012895529,-0.6807174719726196,0.6825180674108858,False,175.83721336624097
2020-08-28 17:30:00,293617.43412,1460354.66496,2.6031257322754127e-10,-11.368262558572223,76.63102410081589,0.06427394891726916,-0.7140033684639043,0.7168904732853002,False,174.8561492276006
2020-08-28 18:00:00,293766.24961,1461703.92259,5.820766091346741e-11,-11.36364862674217,76.61882897039054,0.06464782301170487,-0.8327560411126543,0.83526161472306,False,175.56096493251982
2020-08-28 18:30:00,293979.96096,1463339.67306,0.0,-11.359319368663625,76.60398491748731,-0.023834734477529013,-0.795988510192083,0.7963452787110791,False,181.71512747273403
2020-08-28 19:00:00,294414.77796,1464496.44829,2.3283064365386963e-10,-11.366931442721159,76.59298319469714,-0.12405572347441549,-0.6598243478862219,0.6713851298548685,False,190.64806124668985
2020-08-28 19:30:00,294885.9664,1465580.42689,2.3283064365386963e-10,-11.37644794441195,76.58256009770115,-0.14483632511180994,-0.647686474185004,0.6636831547614387,False,192.6051599907359
2020-08-28 20:00:00,295385.87659,1466679.45716,2.399963341663627e-10,-11.386914231425012,76.57195227307459,-0.11679570273098916,-0.6927869701427936,0.7025631802023626,False,189.5694084582325
2020-08-28 20:30:00,295790.56019,1467942.3544,2.399963341663627e-10,-11.39255332241537,76.56006464920691,-0.11893164281406077,-0.6706706070741298,0.6811342003273901,False,190.05586081508443
2020-08-28 21:00:00,296282.5136,1468961.72658,4.656612873077393e-10,-11.403293490097901,76.55017439011188,-0.18585906708678956,-0.5912464849904979,0.6197709244809657,False,197.45060532748653
2020-08-28 21:30:00,296867.2759,1469896.53623,2.6031257322754127e-10,-11.418133262283524,76.54086552048088,-0.2194232267852787,-0.5591753096525715,0.600685924071734,False,201.4252941541643
2020-08-28 22:00:00,297455.31838,1470778.53767,4.692851652099372e-10,-11.433475072236428,76.53201667011184,-0.2163539271311602,-0.5151263316315492,0.5587165285950042,False,202.78248778381453
2020-08-28 22:30:00,297998.30232,1471559.7941,0.0,-11.447874682243473,76.524138100054,-0.20379312034711378,-0.48192247425336077,0.5232407735367097,False,202.92230237228685
2020-08-28 23:00:00,298518.71882,1472333.33028,0.0,-11.461472527661673,76.51636730862381,-0.1519926001364718,-0.577117461739012,0.5967967117371923,False,194.75466554238653
2020-08-28 23:30:00,298947.40652,1473487.25789,5.820766091346741e-11,-11.468745199385104,76.50539751390163,-0.08702789021028745,-0.7177927994046984,0.7230493458621531,False,186.9130130280709
2020-08-29 00:00:00,299339.5598,1474803.49479,5.820766091346741e-11,-11.473413440282794,76.49305807359767,-0.021657082483631268,-0.6967120241375262,0.6970485447940564,False,181.78044866147025
2020-08-29 00:30:00,299522.72084,1475929.79246,2.399963341663627e-10,-11.471719141348279,76.4827725544479,0.061256862030265584,-0.5950301116037772,0.5981749216249361,False,174.12224891775008
2020-08-29 01:00:00,299549.47209,1476946.66916,4.799926683327254e-10,-11.465026832104629,76.47373477265475,0.16127878851932406,-0.4935107933422805,0.5191952915537543,False,161.902664586277
2020-08-29 01:30:00,299306.84451,1477786.38709,2.399963341663627e-10,-11.449648441290494,76.46674556232873,0.13213213937065538,-0.3624220143804733,0.38575720182812695,False,159.96911105286097
2020-08-29 02:00:00,299342.25807,1478319.8487,1.1641532182693481e-10,-11.4469443050054,76.46196562507994,0.02805276205624089,-0.2881855194146737,0.28954766629915935,False,174.44018973187934
2020-08-29 02:30:00,299413.7597,1478823.26109,5.820766091346741e-11,-11.445811624404664,76.45738671578358,0.027262826609949303,-0.30183463879480943,0.30306337768057234,False,174.83883736358928
2020-08-29 03:00:00,299461.69074,1479404.32013,0.0,-11.443217950012318,76.45216344326228,0.03456386337992579,-0.33493321175082347,0.3367119198743462,False,174.10814435962982
2020-08-29 03:30:00,299531.02195,1480029.73881,5.820766091346741e-11,-11.441088267583197,76.4465096015667,0.05367826344378261,-0.3563533381704092,0.3603734973489784,False,171.43381610918254
2020-08-29 04:00:00,299526.7597,1480700.03191,0.0,-11.435887089538616,76.4405905767432,0.07920090072967063,-0.3920658392243888,0.3999855059412971,False,168.57942019195673
2020-08-29 04:30:00,299531.40665,1481469.68658,0.0,-11.430274986315009,76.433776895786,0.07306599153650348,-0.4461320092549242,0.4520756671189549,False,170.69886517444922
2020-08-29 05:00:00,299587.22348,1482326.38075,2.3283064365386963e-10,-11.425915536226768,76.42610194774339,0.05865625071778895,-0.4988638499947542,0.5023004047179902,False,173.2939711686571
2020-08-29 05:30:00,299680.20005,1483271.83595,2.3283064365386963e-10,-11.42227458484028,76.4175755860714,0.021955945749760772,-0.5442293024984076,0.5446720088747629,False,177.68975834222374
2020-08-29 06:00:00,299897.74947,1484262.45556,2.399963341663627e-10,-11.422920091667194,76.40842717803605,-0.017801642545668822,-0.588171694737002,0.5884410259041435,False,181.73358855447867
2020-08-29 06:30:00,300162.37007,1485334.62011,5.820766091346741e-11,-11.424698575705438,76.39847348041891,-0.04622342495696129,-0.6244211027669972,0.6261296340179922,False,184.23365797092333
2020-08-29 07:00:00,300506.12359,1486432.8697,2.6031257322754127e-10,-11.429209728276952,76.38814754600787,-0.07517882589492583,-0.6165011661607713,0.6210680669141915,False,186.95256890103872
2020-08-29 07:30:00,300867.43767,1487456.38417,0.0,-11.434923250910959,76.37845085712297,-0.08387351933791137,-0.6055061011244713,0.6112874984367712,False,187.88631578835327
2020-08-29 08:00:00,301234.23499,1488509.56134,0.0,-11.440609468693909,76.36848182044774,-0.08603462344928367,-0.5925742319334256,0.5987872550276512,False,188.2609325647369
2020-08-29 08:30:00,301594.14633,1489485.83064,0.0,-11.44660838306781,76.35920492158482,-0.09576988694127271,-0.5569232073849256,0.5650976288825296,False,189.75729239101838
2020-08-29 09:00:00,301970.03559,1490406.18554,0.0,-11.45360750993491,76.35039356661225,-0.09765733995147374,-0.5235595068071877,0.5325894415162427,False,190.5657222354668
2020-08-29 09:30:00,302312.98749,1491263.29822,0.0,-11.459855291386402,76.34220016334629,-0.08088949787851636,-0.49660936696629554,0.5031540263435277,False,189.2512955073816
2020-08-29 10:00:00,302610.63359,1492100.48165,4.692851652099372e-10,-11.464573733644595,76.33426398889353,-0.0775088844306378,-0.49409984520040456,0.5001422639537132,False,188.91526946555206
2020-08-29 10:30:00,302940.00196,1492951.10652,2.399963341663627e-10,-11.470355485596558,76.3261518878363,-0.11871629956124528,-0.4697195593825823,0.48448944699351565,False,194.18383234652856
2020-08-29 11:00:00,303365.74842,1493672.71023,1.1641532182693481e-10,-11.480645956081636,76.3190073215551,-0.12597356220303663,-0.43687508279362336,0.4546748028427104,False,196.0849929434153
2020-08-29 11:30:00,303697.46842,1494402.12502,5.820766091346741e-11,-11.487405298021477,76.31196216734585,-0.0764127505852742,-0.40632452956149673,0.4134471329872526,False,190.65056084091736
2020-08-29 12:00:00,303926.63794,1495051.39305,0.0,-11.490983415212703,76.30580973703746,-0.033748791851650556,-0.3708402927039059,0.3723728019662078,False,185.19995117934428
2020-08-29 12:30:00,304082.48413,1495686.18732,5.820766091346741e-11,-11.491969300635363,76.29991699916867,0.027727742604156155,-0.34847925002956237,0.3495806279116287,False,175.45068283777476
2020-08-29 13:00:00,304078.759,1496300.6556,1.1641532182693481e-10,-11.487238523811778,76.2944907299394,0.09654328582234284,-0.3675791183925384,0.38004606867537827,False,165.28385577001006
2020-08-29 13:30:00,304005.4219,1497052.18117,2.3283064365386963e-10,-11.478929470030932,76.28797747210743,0.22380255131635207,-0.4424358084381646,0.49581955040522624,False,153.1678039731101
2020-08-29 14:00:00,303606.15829,1498021.90411,0.0,-11.457028201637044,76.2801188915132,0.36257353353576394,-0.5633310451040988,0.6699264389458637,False,147.23368409535556
2020-08-29 14:30:00,303128.9919,1499299.03164,0.0,-11.43000894045499,76.26967893549751,0.4340685841384842,-0.628800230025923,0.7640715051725474,False,145.38220093672567
2020-08-29 15:00:00,302523.09785,1500550.36141,2.3283064365386963e-10,-11.398498266046852,76.25969356382963,0.49859114415366634,-0.5267622860459843,0.7253079587519039,False,136.57378084325615
2020-08-29 15:30:00,301744.24394,1501512.70765,2.3283064365386963e-10,-11.362820285750765,76.25256781108826,0.5186735980594341,-0.42106850110403565,0.6680725888299255,False,129.07030952956774
2020-08-29 16:00:00,300991.12585,1502404.37914,2.399963341663627e-10,-11.328641755341792,76.24601631480525,0.5072318151837028,-0.44360461722168104,0.6738465483735507,False,131.17164124048458
2020-08-29 16:30:00,300267.49101,1503437.26922,0.0,-11.294542490361081,76.23815819538018,0.4836163552956119,-0.4784662352605862,0.6803048709173337,False,134.6932931472117
2020-08-29 17:00:00,299621.17685,1504434.48221,5.820766091346741e-11,-11.263574580508475,76.23047458041076,0.4248762521897407,-0.4408383331521954,0.6122566991476747,False,136.05630223826137
2020-08-29 17:30:00,299077.37782,1505292.47641,1.1641532182693481e-10,-11.23740737533595,76.2238387712409,0.3718021603938555,-0.4297595957422285,0.5682694401479478,False,139.1356108602206
2020-08-29 18:00:00,298609.84785,1506212.79278,1.1641532182693481e-10,-11.213604661625363,76.21651458568667,0.33023606959632656,-0.4314566624102716,0.5433329671579307,False,142.56962872130902
2020-08-29 18:30:00,298213.27941,1507047.25981,1.1641532182693481e-10,-11.19304467003447,76.20982359783343,0.28439536645351327,-0.42382187091618906,0.5103975927912737,False,146.13737350659983
2020-08-29 19:00:00,297901.67202,1507908.26938,5.820766091346741e-11,-11.175419826749563,76.2027472422153,0.1989159348616351,-0.43246316740455376,0.4760167437217491,False,155.2994420872771
2020-08-29 19:30:00,297812.50232,1508713.39584,5.820766091346741e-11,-11.166346721500862,76.19577568433131,0.1416037213268294,-0.3918476283526896,0.4166487462350438,False,160.1314390785887
2020-08-29 20:00:00,297674.73325,1509390.93767,2.3283064365386963e-10,-11.156426425071192,76.19001809949835,0.17045655226195114,-0.3386828970756418,0.3791589916915872,False,153.2842318949787
2020-08-29 20:30:00,297446.36722,1510028.34628,2.3283064365386963e-10,-11.143494056179122,76.1847734014838,0.18597415354199134,-0.355600428359504,0.4012954652561164,False,152.39104902628065
2020-08-29 21:00:00,297265.26178,1510776.35683,0.0,-11.131502491954514,76.17846636524378,0.13892207889088748,-0.38379362648377724,0.40816282502566925,False,160.10122415208434
2020-08-29 21:30:00,297222.4014,1511480.56356,2.399963341663627e-10,-11.124881484486473,76.17230588401584,0.13359904246256604,-0.3508228044712302,0.375400245450071,False,159.15235099999956
2020-08-29 22:00:00,297037.02902,1512108.38621,5.820766091346741e-11,-11.113614745937536,76.16706945910406,0.16375217056053928,-0.2969052697554504,0.33906859567327186,False,151.12194539111664
2020-08-29 22:30:00,296849.97675,1512643.00876,2.399963341663627e-10,-11.102962283563985,76.1626606739252,0.19524119473129742,-0.2781470320133082,0.3398306865748246,False,144.9336318381081
2020-08-29 23:00:00,296540.1452,1513226.3266,0.0,-11.087491636651732,76.15803328139977,0.21693607254456926,-0.2558657733575167,0.33545275903903776,False,139.70701908706025
2020-08-29 23:30:00,296260.72183,1513697.11914,6.984919309616089e-10,-11.07394254686349,76.15434867375069,0.2013004666342557,-0.22347324901964113,0.30076929845741174,False,137.98807304627456
2020-08-30 00:00:00,295983.48259,1514155.04425,0.0,-11.060571909866892,76.15077345078981,0.23849551078432032,-0.21253828081459264,0.31945677246835213,False,131.7062311863092
2020-08-30 00:30:00,295564.87538,1514612.76088,2.3283064365386963e-10,-11.042058125755133,76.1474436952267,0.309833147269989,-0.19169403238601138,0.36433937640561975,False,121.74511408600824
2020-08-30 01:00:00,295020.90704,1515045.99876,2.399963341663627e-10,-11.019159324383077,76.14454556891886,0.38615948865695265,-0.16422990252919567,0.4196315187930338,False,113.03958103730889
2020-08-30 01:30:00,294313.33703,1515458.8023,5.820766091346741e-11,-10.990454266820032,76.14210776265851,0.44937391140199323,-0.17144058811290164,0.4809665139084259,False,110.88234719128758
2020-08-30 02:00:00,293550.49583,1515960.28097,2.6031257322754127e-10,-10.959120125933998,76.1389756658828,0.4653677606486775,-0.22641351901531437,0.5175231726638556,False,115.94412653931164
2020-08-30 02:30:00,292823.52119,1516577.51969,2.6031257322754127e-10,-10.928292371546643,76.13475233485065,0.46812830502074526,-0.28286479773141393,0.5469521037140543,False,121.1423150144991
2020-08-30 03:00:00,292088.84793,1517279.61982,1.1641532182693481e-10,-10.896608069936129,76.1297860827025,0.5198393471954604,-0.339204776044792,0.6207196041564983,False,123.12519040133424
2020-08-30 03:30:00,291216.68194,1518130.40818,2.399963341663627e-10,-10.858902669195748,76.1237315878671,0.5593585232493112,-0.44694973523708575,0.7159930330388358,False,128.6262473512192
2020-08-30 04:00:00,290414.33899,1519239.18923,4.692851652099372e-10,-10.821976208710863,76.11526588793845,0.5361784389268202,-0.5443474317760696,0.7640690052941583,False,135.43315936134877
2020-08-30 04:30:00,289688.70856,1520417.62572,0.0,-10.787401624356185,76.10604725675718,0.49374951731433836,-0.591297148441594,0.7703381748318737,False,140.13718237005463
2020-08-30 05:00:00,289066.66507,1521662.92806,0.0,-10.756175760818508,76.09605616939743,0.4410102147833873,-0.648237991268625,0.7840296568799368,False,145.77170529123953
2020-08-30 05:30:00,288564.49631,1523006.58135,0.0,-10.728671479038308,76.08498738452634,0.39443450492041054,-0.7378938450610382,0.836699411527684,False,151.8736696991046
2020-08-30 06:00:00,288166.0364,1524537.24922,4.656612873077393e-10,-10.703691513785083,76.07208300791528,0.32179527751980996,-0.8000626451836775,0.8623528493907553,False,158.0893871525805
2020-08-30 06:30:00,287961.13367,1526051.85459,2.399963341663627e-10,-10.685884795096541,76.05899443282219,0.26559497045972363,-0.7722715451338944,0.8166664115518614,False,161.02119080674083
2020-08-30 07:00:00,287741.98857,1527446.50652,2.399963341663627e-10,-10.668413928889093,76.04699198659324,0.2493689610191731,-0.7198763739441782,0.7618443886272316,False,160.8936455000819
2020-08-30 07:30:00,287558.68397,1528764.80636,2.399963341663627e-10,-10.65279006405982,76.03560550322116,0.22636662669860974,-0.6692285308805015,0.7064762389687158,False,161.31188656325764
2020-08-30 08:00:00,287386.47496,1529964.85092,5.820766091346741e-11,-10.63839629585837,76.0252482937219,0.1982579728394135,-0.6153607242016624,0.6465098952718266,False,162.14200859432907
2020-08-30 08:30:00,287266.18925,1531073.78956,5.820766091346741e-11,-10.626518527882434,76.01561183925821,0.15776900594725113,-0.585662608806613,0.6065408070292976,False,164.92324672048994
2020-08-30 09:00:00,287217.04662,1532141.81466,2.399963341663627e-10,-10.617504198377917,76.00621932734134,0.07175211317223376,-0.550982734487548,0.5556350775896504,False,172.58037140360477
2020-08-30 09:30:00,287377.77419,1533070.96106,0.0,-10.617018547051758,75.99770953466113,0.07248507363932767,-0.4421892343186708,0.4480908444142004,False,170.69068629075264
2020-08-30 10:00:00,287253.86104,1533754.52156,4.656612873077393e-10,-10.607922245489235,75.99185145381702,0.22124239488506112,-0.3062105503425666,0.3777738720922542,False,144.1512405929759
2020-08-30 10:30:00,286797.84342,1534301.1001,4.692851652099372e-10,-10.587775635991738,75.98775931746881,0.38795118742731927,-0.25221606846822325,0.4627300174181857,False,123.02882966358789
2020-08-30 11:00:00,286047.84822,1534903.65872,2.6031257322754127e-10,-10.55665892864372,75.98365508715958,0.5218896991538098,-0.2130314977404564,0.5636943117616109,False,112.20491779356661
2020-08-30 11:30:00,285091.3452,1535399.24416,4.799926683327254e-10,-10.518828141284517,75.98083634500277,0.6044701655967462,-0.18395923655087026,0.6318426875488367,False,106.92665038150972
2020-08-30 12:00:00,284029.22497,1535952.04726,2.399963341663627e-10,-10.476821176622648,75.9776770046837,0.6600055626563425,-0.2491740378602359,0.705475048375837,False,110.68318857177485
2020-08-30 12:30:00,282918.05015,1536713.36607,4.656612873077393e-10,-10.431679245793937,75.97273933778283,0.6930086916182241,-0.376858631442162,0.7888494626675372,False,118.53737982982551
2020-08-30 13:00:00,281821.27595,1537738.03577,4.656612873077393e-10,-10.385347985091537,75.96543141613436,0.6736818618706238,-0.5281128464173427,0.8560084284424413,False,128.09361567899072
2020-08-30 13:30:00,280875.25285,1539020.62088,4.656612873077393e-10,-10.342800878507417,75.95557982110404,0.650466644943126,-0.5565118965792498,0.8560445941759112,False,130.54890456157364
2020-08-30 14:00:00,279877.33793,1540129.34357,4.656612873077393e-10,-10.29958225786339,75.94734810567941,0.6101601389421065,-0.5487281748371865,0.8206083140049221,False,131.96562566980424
2020-08-30 14:30:00,279067.26679,1541356.94803,2.3283064365386963e-10,-10.262400828012677,75.93775040160166,0.5757111069243991,-0.6089349431328508,0.8380006226753802,False,136.60646021270907
2020-08-30 15:00:00,278228.48306,1542655.67953,5.820766091346741e-11,-10.223775534604492,75.92756082653725,0.5558769288586102,-0.6478419881175337,0.8536383318510006,False,139.3689545600708
2020-08-30 15:30:00,277511.83914,1544007.33972,5.820766091346741e-11,-10.189254658386096,75.91669949035084,0.5039064131151987,-0.6975965504948469,0.8605594810592321,False,144.15766839396156
2020-08-30 16:00:00,276887.28771,1545448.3282,2.3283064365386963e-10,-10.157520044182275,75.90489260859279,0.4060091333671857,-0.7606957463884259,0.8622652926744863,False,151.90964626203993
2020-08-30 16:30:00,276556.06395,1546960.68907,2.399963341663627e-10,-10.135908806464277,75.89198127218043,0.31752645641453703,-0.8090153274214094,0.86909657146139,False,158.57073277021016
2020-08-30 17:00:00,276274.57732,1548516.49506,5.820766091346741e-11,-10.115842501597164,75.878602798801,0.2921529699230379,-0.8444648930913228,0.8935738992935004,False,160.91631188278325
2020-08-30 17:30:00,276054.61839,1550138.23206,2.3283064365386963e-10,-10.097597690383537,75.86453906654017,0.18263679114909775,-0.9189685654578603,0.9369415252730113,False,168.7594416703306
2020-08-30 18:00:00,276207.29595,1551888.81345,2.3283064365386963e-10,-10.091905148430847,75.84873945961819,0.06629791991401977,-0.959067485595276,0.9613562586840378,False,176.04557793088662
2020-08-30 18:30:00,276424.63708,1553579.27755,2.399963341663627e-10,-10.088919135104424,75.83337148747339,0.06046266437244083,-0.9124854539648238,0.9144864337322917,False,176.20903681597213
2020-08-30 19:00:00,276568.44115,1555161.09605,2.399963341663627e-10,-10.084003509490215,75.81908509176834,0.06548885886077076,-0.8330750308417407,0.8356451385886555,False,175.5051653255598
2020-08-30 19:30:00,276717.63193,1556573.29797,4.692851652099372e-10,-10.080365705110223,75.80629744436315,0.02077207586370375,-0.8021978222724344,0.8024667128263475,False,178.5167170057157
2020-08-30 20:00:00,277000.2854,1558017.51674,4.656612873077393e-10,-10.081289329528534,75.79301410856607,0.017430931753459528,-0.7900354953298816,0.790227765434071,False,178.73606082529284
2020-08-30 20:30:00,277153.70039,1559384.49787,2.3283064365386963e-10,-10.078097294025198,75.780621304807,0.01634664373216392,-0.7544513127513043,0.7546283827643064,False,178.75877056959382
2020-08-30 21:00:00,277417.62365,1560701.93142,2.3283064365386963e-10,-10.079156803929626,75.76849412846397,0.02715481599013446,-0.6936176688517776,0.6941490146754026,False,177.7580412531118
2020-08-30 21:30:00,277494.45228,1561860.09306,2.3283064365386963e-10,-10.07456809539189,75.75807808024562,0.08071036860457408,-0.6161865525717977,0.6214499426105075,False,172.53767205653014
2020-08-30 22:00:00,277519.58807,1562936.82642,4.656612873077393e-10,-10.06866288101577,75.7484672407531,0.10998396959432663,-0.564612004445162,0.5752244684740988,False,168.97707021654674
2020-08-30 22:30:00,277459.96436,1563930.61394,0.0,-10.060277924757456,75.73972717816683,0.10156067125238553,-0.5319390023489725,0.541547479142185,False,169.19086701684904
2020-08-30 23:00:00,277494.10793,1564886.23083,4.656612873077393e-10,-10.055471878729566,75.73117826132265,0.06765059908894933,-0.5312103453749024,0.535500732576919,False,172.74234653925078
2020-08-30 23:30:00,277554.06376,1565856.11863,0.0,-10.05149754431191,75.7224616172619,0.12313409698940733,-0.5340041353057897,0.5480168084694856,False,167.0153287858205
2020-08-31 00:00:00,277393.15433,1566856.50669,5.820766091346741e-11,-10.039505610566694,75.7138214241498,0.20660347895682174,-0.5157863395124853,0.5556262642683035,False,158.17092598379406
2020-08-31 00:30:00,277145.37609,1567814.17702,4.656612873077393e-10,-10.024717368102934,75.70569685661499,0.24791601555954637,-0.4966839874655107,0.5551192071758648,False,153.4742738248459
2020-08-31 01:00:00,276825.53605,1568772.63,5.820766091346741e-11,-10.00738854824762,75.69767737361572,0.2731087143897603,-0.529268777149942,0.5955785492623309,False,152.705750837844
2020-08-31 01:30:00,276508.24921,1569861.40937,1.1641532182693481e-10,-9.98935677540787,75.68849364124033,0.24173599681726204,-0.5957140877768716,0.6428931221696695,False,157.91308054211265
2020-08-31 02:00:00,276340.48792,1571035.64706,0.0,-9.976106119553144,75.67831461859289,0.21360086652820753,-0.5895360931776182,0.6270391816631004,False,160.08352246305003
2020-08-31 02:30:00,276118.57982,1572084.86308,0.0,-9.96173625974184,75.66933109474063,0.27587379793749955,-0.5059310121464192,0.5762573569508337,False,151.39727153656935
2020-08-31 03:00:00,275677.39186,1573001.34382,4.656612873077393e-10,-9.940457968219004,75.66186895527706,0.3526603148888059,-0.46057218316446524,0.5800827816806438,False,142.55870415592017
2020-08-31 03:30:00,275154.28402,1573937.19194,2.399963341663627e-10,-9.916188404938334,75.65435990040226,0.36552052724067197,-0.4415363117395662,0.573201160517735,False,140.38075124586152
2020-08-31 04:00:00,274654.90518,1574793.73134,1.1641532182693481e-10,-9.89327027705023,75.64751683968909,0.3665348450647149,-0.42489464781568226,0.5611445931210842,False,139.21734276919045
2020-08-31 04:30:00,274117.18989,1575670.77861,0.0,-9.868894869937174,75.64054831663903,0.39010934688740473,-0.4319446350052721,0.5820321900365608,False,137.913335839152
2020-08-31 05:00:00,273537.81123,1576566.42696,2.3283064365386963e-10,-9.842959221650382,75.63347595533695,0.38703371217330473,-0.5256238360806755,0.6527445989166156,False,143.6345908132397
2020-08-31 05:30:00,273067.8544,1577773.35647,2.399963341663627e-10,-9.819007874205699,75.6234625324128,0.3531220757185543,-0.6560720204815392,0.7450675784239371,False,151.70922943614607
2020-08-31 06:00:00,272687.97664,1579110.48085,0.0,-9.797471517978725,75.61214959625221,0.3005807976634539,-0.728631348903579,0.7881956981163036,False,157.58248391756467
2020-08-31 06:30:00,272447.90323,1580542.30797,0.0,-9.780316196664158,75.59977734181564,0.24745226398446765,-0.793623205908654,0.8313064512607661,False,162.6824853625294
2020-08-31 07:00:00,272295.42422,1582077.32685,2.3283064365386963e-10,-9.765646647639086,75.58635114298637,0.23737294379931478,-0.8071412885282986,0.8413221583288264,False,163.61186781505404
2020-08-31 07:30:00,272098.60549,1583550.85859,2.399963341663627e-10,-9.749817320522986,75.57353880589332,0.20561808921430014,-0.8340261742027734,0.8589985202941008,False,166.15066631098665
2020-08-31 08:00:00,272074.35194,1585161.80928,5.820766091346741e-11,-9.739247215428692,75.55923857455907,0.1367058821511789,-0.8491683766054803,0.860101988162752,False,170.85453876821873
2020-08-31 08:30:00,272130.69418,1586647.05947,2.3283064365386963e-10,-9.732281189402787,75.54593339279943,0.11391188248929633,-0.6910116173635297,0.7003377558747039,False,170.63909330077485
2020-08-31 09:00:00,272090.69361,1587682.97224,2.3283064365386963e-10,-9.724650173054968,75.53677419304702,0.10500733057802426,-0.5437643045419791,0.5538105798638598,False,169.07004794417924
2020-08-31 09:30:00,272088.75645,1588640.33643,2.399963341663627e-10,-9.718833723604023,75.52825577598126,0.10819819707718446,-0.4556496407166769,0.46831981053121163,False,166.64199467331105
2020-08-31 10:00:00,271983.68151,1589365.52395,2.399963341663627e-10,-9.710803696460054,75.5219609081503,0.16009063387701372,-0.3435273740558475,0.3789987701574376,False,155.01353841231708
2020-08-31 10:30:00,271729.28838,1589956.52714,2.399963341663627e-10,-9.69835585192795,75.51708737555039,0.18708450879046434,-0.2767589466013119,0.33406006638512953,False,145.94195160074366
2020-08-31 11:00:00,271487.64601,1590461.07614,2.3283064365386963e-10,-9.68687920317491,75.51296336975307,0.1851061508599694,-0.26876892766473715,0.3263449456698333,False,145.44409388057795
2020-08-31 11:30:00,271235.21404,1591022.42761,2.3283064365386963e-10,-9.674692568415793,75.50834945886328,0.20645500371642478,-0.25229414979489917,0.32600001009245383,False,140.70616990830126
2020-08-31 12:00:00,270907.61501,1591481.32174,2.399963341663627e-10,-9.66049407316444,75.50476094207139,0.23506060364169487,-0.19990159819045655,0.3085678796367125,False,130.3786965228141
2020-08-31 12:30:00,270521.75927,1591873.87197,2.6031257322754127e-10,-9.64465909051272,75.5018503396213,0.24565880938800866,-0.18965229682972035,0.31034858517918573,False,127.6686806980889
2020-08-31 13:00:00,270150.12898,1592302.58506,1.1641532182693481e-10,-9.629113395286451,75.49859514240475,0.241629295872483,-0.23639457706723802,0.33803418864166723,False,134.37259345539525
2020-08-31 13:30:00,269806.49916,1592858.40473,2.3283064365386963e-10,-9.613800912183923,75.49416485541416,0.21602655166743653,-0.29126327460493784,0.36263172249393055,False,143.4361059363431
2020-08-31 14:00:00,269558.4695,1593466.28689,2.3283064365386963e-10,-9.601531820733827,75.48912592796758,0.20058375508213078,-0.316496702554555,0.37470522485115504,False,147.63500818844835
2020-08-31 14:30:00,269284.55751,1594102.27483,0.0,-9.588200809024688,75.48387495831524,0.18372012552759043,-0.336434406083601,0.3833290937571774,False,151.36192555408581
2020-08-31 15:00:00,269108.05481,1594770.69652,4.656612873077393e-10,-9.578091052187176,75.47818798101287,0.14052926153020032,-0.37001411359230063,0.3958016139478456,False,159.20350692204835
2020-08-31 15:30:00,269007.34683,1595499.93495,2.3283064365386963e-10,-9.57027783633832,75.47184511224513,0.12297198004635793,-0.3835258154356355,0.4027581892179115,False,162.22230676427694
2020-08-31 16:00:00,268901.06718,1596205.77548,4.799926683327254e-10,-9.562414507373934,75.46571865960104,0.11049979727999318,-0.3678361247809558,0.38407501857422394,False,163.2794713103849
2020-08-31 16:30:00,268835.05519,1596871.82857,5.820766091346741e-11,-9.556196427247155,75.4598858654431,0.08434809099800866,-0.34465176713262796,0.3548231123287371,False,166.24806445856723
2020-08-31 17:00:00,268807.61014,1597479.71525,2.3283064365386963e-10,-9.551669800964964,75.45451310761275,0.0357794221541751,-0.2995813394034166,0.3017103676846915,False,173.18934401902015
2020-08-31 17:30:00,268886.99683,1597956.74322,4.692851652099372e-10,-9.551639022084101,75.4501456247079,0.011960305443109318,-0.24582644927656983,0.24611723237152336,False,177.21455899439127
2020-08-31 18:00:00,268911.99961,1598359.56631,2.3283064365386963e-10,-9.550147723950898,75.44652050559387,0.030367159453050435,-0.1919294727698643,0.19431697530315017,False,171.0091686083893
2020-08-31 18:30:00,268893.82558,1598656.251,4.692851652099372e-10,-9.547774572999234,75.4439053554527,0.005565228373719887,-0.16050119432932627,0.16059764988315306,False,178.0141181990777
2020-08-31 19:00:00,268988.08268,1598932.68983,4.799926683327254e-10,-9.549438903518675,75.44130206804941,-0.024172240121759978,-0.14631540940451632,0.14829867235317803,False,189.38089640196353
2020-08-31 19:30:00,269067.02446,1599161.2509,4.692851652099372e-10,-9.550849707724854,75.43914812814096,-0.02678623641531568,-0.13336789129456084,0.1360312349780556,False,191.35646214799885
2020-08-31 20:00:00,269162.8401,1599390.15909,5.820766091346741e-11,-9.552845895593506,75.43696579148984,-0.03206162875942696,-0.12751583806015251,0.13148474054007314,False,194.11346677088892
2020-08-31 20:30:00,269257.02959,1599594.78706,4.692851652099372e-10,-9.554927205426512,75.43500211640689,-0.044482160130514016,-0.10927536177174435,0.11798206329871629,False,202.14951131004244
2020-08-31 21:00:00,269386.05452,1599751.51142,4.656612873077393e-10,-9.558502105025728,75.43341281890041,-0.06350219301115978,-0.0930099661296241,0.11262052351441283,False,214.32315559838446
2020-08-31 21:30:00,269538.06465,1599887.01288,2.3283064365386963e-10,-9.5630011681774,75.43197798913944,-0.04559414560757474,-0.0634795387364247,0.07815675243940201,False,215.68777769242155
2020-08-31 22:00:00,269585.87803,1599949.59332,0.0,-9.564299010837338,75.43134889437134,-0.028124311512592745,-0.0468914313939542,0.054678910342391335,False,210.95427942893417
2020-08-31 22:30:00,269665.95318,1600036.65283,4.692851652099372e-10,-9.56657645959968,75.43045335693606,-0.023706297310198243,-0.05793449167049532,0.0625970754690521,False,202.25395706510355
2020-08-31 23:00:00,269704.69587,1600141.07362,5.820766091346741e-11,-9.567312639760098,75.42946522531254,-0.005853148163252579,-0.05563613823721183,0.0559431785061515,False,186.0056575324129
2020-08-31 23:30:00,269720.02089,1600230.65491,2.399963341663627e-10,-9.56732050955728,75.42864440541436,0.021602006017802898,-0.02587298820945332,0.03370546221133457,False,140.1406488141372
2020-09-01 00:00:00,269643.49123,1600245.84626,1.1641532182693481e-10,-9.564566940626914,75.42862397384896,0.0372900992042927,-0.01378342822143008,0.03975593530784185,False,110.28567451153344
2020-09-01 00:30:00,269595.88753,1600301.89138,5.820766091346741e-11,-9.56258084599522,75.42819625870699,0.05625476032878765,-0.018321903491021814,0.05916325047851629,False,108.04017917282874
2020-09-01 01:00:00,269454.74552,1600344.53171,2.3283064365386963e-10,-9.557416950126008,75.42802820409977,0.06359718661250637,0.004288879983353061,0.06374163973838111,False,86.1419172509573
2020-09-01 01:30:00,269367.55196,1600324.67962,2.3283064365386963e-10,-9.554497602550956,75.42833574801732,0.05325634125134164,0.011277812845165568,0.054437367185141625,False,78.0434163708403
2020-09-01 02:00:00,269258.9432,1600336.31802,2.3283064365386963e-10,-9.550648039373215,75.42839487730465,0.06664326035485323,-0.017418819060388148,0.06888206884366418,False,104.64793393424247
2020-09-01 02:30:00,269141.36605,1600426.32487,2.399963341663627e-10,-9.54602732822414,75.42776937714198,0.06522570718475063,-0.04070698178476412,0.07688596259250415,False,121.96804535498495
2020-09-01 03:00:00,269051.6852,1600519.77518,7.081267575614875e-10,-9.54235805740553,75.42707134570522,0.042893034038442475,-0.04693906223168032,0.06358528078268226,False,137.5788530279945
2020-09-01 03:30:00,269017.10077,1600618.56576,2.3283064365386963e-10,-9.540575958997566,75.4262432193403,0.03705878238177017,-0.06241682669481989,0.07258934912416959,False,149.30109763088916
2020-09-01 04:00:00,268957.3621,1600763.48025,4.656612873077393e-10,-9.537648645212085,75.42504190519307,0.017278449421171817,-0.09191396582882955,0.09352391100025297,False,169.35350085136804
2020-09-01 04:30:00,269010.58526,1600955.18879,0.0,-9.538380007967085,75.42325473046252,-0.021552509335241582,-0.10354188843018004,0.10576120894890303,False,191.7583619726683
2020-09-01 05:00:00,269095.64633,1601118.22056,0.0,-9.540386923362622,75.4216753126354,-0.0640998020550398,-0.09839560414865142,0.11743287248157304,False,213.08222646319282
2020-09-01 05:30:00,269296.86302,1601266.26701,2.3283064365386963e-10,-9.546523021435089,75.42005539151968,-0.09287417668168486,-0.06544532675860623,0.11361647542870514,False,234.82892709610095
2020-09-01 06:00:00,269464.43749,1601295.11001,4.656612873077393e-10,-9.552185179513794,75.41954741369298,-0.10920127297383496,-0.025533968767842054,0.11214678586630626,False,256.83927410396586
2020-09-01 06:30:00,269699.791,1601291.67739,4.656612873077393e-10,-9.560394356548217,75.41922509155569,-0.1598164746045761,-0.017703245426954728,0.16079400005498373,False,263.6789822120835
2020-09-01 07:00:00,270042.37097,1601262.40007,0.0,-9.572485433124164,75.41897162742727,-0.20224291158490476,-0.011691206407624003,0.202580550876942,False,266.6915423116111
2020-09-01 07:30:00,270424.72687,1601212.10438,4.692851652099372e-10,-9.586083396748469,75.41884487252652,-0.2193062680690342,-0.017946000423827588,0.22003931045515276,False,265.32186578118717
2020-09-01 08:00:00,270831.60805,1601194.62828,2.6031257322754127e-10,-9.600341206750011,75.41838808268685,-0.2537967932105265,-0.012530485597628618,0.2541059332507982,False,267.1734810839499
2020-09-01 08:30:00,271333.1226,1601104.20566,1.1641532182693481e-10,-9.61831995515905,75.41843718315701,-0.2937028560177961,0.009725470585738832,0.2938638331117396,False,271.8965593135176
2020-09-01 09:00:00,271868.22519,1600983.44578,2.3283064365386963e-10,-9.637646354738628,75.41870418841077,-0.2855073822794922,0.021546698671932714,0.28631927207183794,False,274.3158223302456
2020-09-01 09:30:00,272333.4565,1600855.65713,2.3283064365386963e-10,-9.65458466742456,75.41913795481307,-0.2589313924866031,0.014165545016580607,0.2593185852974446,False,273.1313996838305
2020-09-01 10:00:00,272778.62342,1600776.84256,2.399963341663627e-10,-9.670535790971648,75.41916484519336,-0.2470251482005408,0.02540736599980524,0.24832832720120193,False,275.872413694173
2020-09-01 10:30:00,273194.74543,1600616.10514,0.0,-9.685963092848583,75.41996409627698,-0.2513181940261663,0.045353477119368296,0.25537770563498846,False,280.2296321469785
2020-09-01 11:00:00,273643.00126,1600463.67602,2.399963341663627e-10,-9.702460374605389,75.42063940845497,-0.24199540045069076,0.038002635669137745,0.24496116867187626,False,278.92476434325533
2020-09-01 11:30:00,274030.41093,1600334.43051,2.6031257322754127e-10,-9.716704693984717,75.42119988157188,-0.23451316587792734,0.003566562865217761,0.23454028511272815,False,270.8713082100652
2020-09-01 12:00:00,274472.97031,1600308.53125,4.799926683327254e-10,-9.732251810333402,75.42075528618501,-0.2275872167389317,-0.026611778911903434,0.22913779260486364,False,263.3306887167633
2020-09-01 12:30:00,274854.12857,1600290.35389,5.820766091346741e-11,-9.745616487435752,75.42033475828728,-0.21363553443348862,-0.0720641252214712,0.22546259050365358,False,251.35957909029025
2020-09-01 13:00:00,275274.87446,1600434.03159,0.0,-9.759388953087077,75.41841214124061,-0.26963457807909363,-0.13797525944337197,0.30288608075373263,False,242.90062730921724
2020-09-01 13:30:00,275894.96356,1600615.33487,5.820766091346741e-11,-9.779862463727738,75.41584805772406,-0.3642406524151674,-0.1653770639021674,0.4000260318238406,False,245.58041142730926
2020-09-01 14:00:00,276668.21433,1600798.00125,2.399963341663627e-10,-9.805643681592613,75.41303443504003,-0.420087052546996,-0.14540937352543773,0.4445413564863036,False,250.90716271005735
2020-09-01 14:30:00,277474.33477,1600873.60436,2.399963341663627e-10,-9.833201791155558,75.41111991550129,-0.442467482801854,-0.14312585516322074,0.4650403033643559,False,252.07505646304193
2020-09-01 15:00:00,278325.69156,1601033.65146,0.0,-9.861814203982146,75.40838060438803,-0.47259803232738823,-0.18240918100326967,0.5065787297883743,False,248.8948529987991
2020-09-01 15:30:00,279263.01802,1601229.17921,2.399963341663627e-10,-9.893186521864672,75.40518854213933,-0.5168536130307803,-0.21220753763045824,0.5587214836840927,False,247.67813788119946
2020-09-01 16:00:00,280289.95117,1601466.55266,2.399963341663627e-10,-9.927401631878835,75.40148026880533,-0.5281779825006544,-0.22389620268680527,0.573673679696073,False,247.0277690951632
2020-09-01 16:30:00,281274.94757,1601695.32812,2.399963341663627e-10,-9.960196582749832,75.39790875019979,-0.5373906995953751,-0.22939287272163952,0.5843028787085454,False,246.8840970826733
2020-09-01 17:00:00,282338.23573,1601945.30319,2.399963341663627e-10,-9.995561872344645,75.3940211132407,-0.5983832476763895,-0.25227525743512913,0.6493884173695308,False,247.13996551034487
2020-09-01 17:30:00,283554.06582,1602215.82875,2.3283064365386963e-10,-10.036071764572723,75.38970504760846,-0.6799678474917586,-0.2860075142364119,0.7376696901881402,False,247.18744448808548
2020-09-01 18:00:00,284928.09423,1602532.58687,2.3283064365386963e-10,-10.081755977570632,75.38472041795869,-0.7543129774181836,-0.31892355893678237,0.8189629444281276,False,247.08135651085158
2020-09-01 18:30:00,286428.64497,1602870.8636,2.3283064365386963e-10,-10.131658787147511,75.37933410253498,-0.7669075874276179,-0.3775481715118838,0.8548039947648912,False,243.78900282457573
2020-09-01 19:00:00,287885.00207,1603384.89945,4.656612873077393e-10,-10.178902389228712,75.37244464265116,-0.743491183915241,-0.4650172562059635,0.8769379619613975,False,237.97604137366295
2020-09-01 19:30:00,289358.9302,1604045.56787,0.0,-10.22579450023167,75.36421355468508,-0.7543537026637773,-0.5508133992384064,0.9340475948810739,False,233.86385760446967
2020-09-01 20:00:00,290909.56396,1604854.2229,2.3283064365386963e-10,-10.274358494931054,75.35453371390761,-0.840415852951123,-0.5580444398484059,1.0088173287257138,False,236.41544617626772
2020-09-01 20:30:00,292694.23518,1605482.68075,2.6031257322754127e-10,-10.332076152548648,75.34606548778227,-0.9492652136773555,-0.5349630127845992,1.0896283177971702,False,240.59635555487978
2020-09-01 21:00:00,294616.91558,1606135.94857,2.399963341663627e-10,-10.39433350053791,75.33713694636069,-1.0170172878067298,-0.5842221186688494,1.1728766549129008,False,240.12493306443093
2020-09-01 21:30:00,296674.87682,1606890.79366,4.656612873077393e-10,-10.460533713567475,75.32706681846916,-1.062224991540448,-0.5939392330056741,1.2169986627587037,False,240.78842093171872
2020-09-01 22:00:00,298765.57561,1607544.3133,4.692851652099372e-10,-10.528420115133809,75.31782271563654,-1.0920140387991282,-0.5431679293371949,1.219641775438526,False,243.554241783725
2020-09-01 22:30:00,300897.24019,1608094.94702,0.0,-10.598294313758997,75.3094032635775,-1.1537281617058506,-0.48255636797560264,1.2505795933833905,False,247.30247581892723
2020-09-01 23:00:00,303167.65304,1608487.97504,4.656612873077393e-10,-10.673882999587706,75.30212873712742,-1.2038997043948698,-0.4414641607021,1.2822890093214028,False,249.86225893993245
2020-09-01 23:30:00,305450.65136,1608853.97433,4.692851652099372e-10,-10.750006202407006,75.29504710289535,-1.081540017378583,-0.39748019033818416,1.152267031075065,False,249.82095559178518
2020-09-02 00:00:00,307259.76962,1609167.5515,5.820766091346741e-11,-10.810122284262826,75.28920788686258,-0.9241707287831128,-0.40515088987077186,1.0090781830475715,False,246.32764379226498
2020-09-02 00:30:00,308992.18207,1609662.63669,4.799926683327254e-10,-10.866361056985692,75.28187279829025,-0.9268196311447701,-0.43809770452302377,1.025145954185876,False,244.70040060008026
2020-09-02 01:00:00,310833.81738,1610087.42138,2.399963341663627e-10,-10.926756659322248,75.27495994646772,-0.905163880262794,-0.4429068708729987,1.0077143178495127,False,243.92697659539735
2020-09-02 01:30:00,312493.93193,1610610.51553,2.399963341663627e-10,-10.980218520025602,75.26747121005218,-0.8009306748439396,-0.48109314434749706,0.9343128809152372,False,239.00812426038465
2020-09-02 02:00:00,313994.26417,1611238.45819,4.692851652099372e-10,-11.027452074193514,75.25931603045512,-0.7331330087328072,-0.4937819852643234,0.8839143948738445,False,236.0388247221771
2020-09-02 02:30:00,315424.49917,1611850.46876,4.692851652099372e-10,-11.072340634836744,75.2514135711793,-0.653207177466264,-0.5207180256955212,0.8353603288268391,False,231.43915235559012
2020-09-02 03:00:00,316662.04784,1612626.53839,4.692851652099372e-10,-11.109486828985599,75.24238318484313,-0.5312614895828841,-0.5731583544645877,0.7815044910980223,False,222.82749014997634
2020-09-02 03:30:00,317698.7803,1613506.65591,2.3283064365386963e-10,-11.139022354797511,75.23277482794921,-0.46485153505787175,-0.5858445721345562,0.7478641670418372,False,218.4310319971392
2020-09-02 04:00:00,318711.43353,1614372.55008,4.692851652099372e-10,-11.167793081720173,75.22333060845831,-0.47382032411735353,-0.5868075600985309,0.7542206654126263,False,218.9192918758037
2020-09-02 04:30:00,319781.39018,1615248.78584,2.3283064365386963e-10,-11.198413397603762,75.21369036013667,-0.4802904424604027,-0.6377699554529425,0.7983917742545057,False,216.98259450352708
2020-09-02 05:00:00,320853.45325,1616289.01476,2.3283064365386963e-10,-11.227955503104154,75.20258887204344,-0.48915705823722233,-0.6762249704473241,0.8345986090809029,False,215.88063750092513
2020-09-02 05:30:00,321982.66232,1617293.71901,2.399963341663627e-10,-11.259641870656734,75.19169724978171,-0.48925334550846666,-0.6644051531895766,0.8251078982024664,False,216.36711422129162
2020-09-02 06:00:00,323047.88755,1618290.93023,5.820766091346741e-11,-11.289154343423494,75.1809804885698,-0.45808480812992025,-0.693275949714864,0.8309471907964262,False,213.45489060422636
2020-09-02 06:30:00,324088.43811,1619418.39344,4.692851652099372e-10,-11.316898154645598,75.16914950672748,-0.47320609191690377,-0.7217535952382448,0.8630482360022533,False,213.25020539569135
2020-09-02 07:00:00,325228.18806,1620504.42858,4.799926683327254e-10,-11.348252105226454,75.15750550827937,-0.5294874532026603,-0.6991658650897602,0.877034702851462,False,217.13712310257287
2020-09-02 07:30:00,326452.60059,1621511.10376,0.0,-11.382974627038273,75.14640883445328,-0.5350080244757387,-0.6948035305485936,0.8769182016107449,False,217.59675290657233
2020-09-02 08:00:00,327610.00195,1622576.38782,4.656612873077393e-10,-11.41497045561564,75.13490731974956,-0.4959706189717024,-0.7415994536586789,0.8921640009269735,False,213.77401337222787
2020-09-02 08:30:00,328731.1579,1623774.67929,1.1641532182693481e-10,-11.444775623538408,75.1222881450872,-0.4539884993950223,-0.8045632756835427,0.9238114646190403,False,209.43460271980703
2020-09-02 09:00:00,329786.58252,1625090.92933,4.656612873077393e-10,-11.471493966947271,75.10873837979278,-0.4529443896173851,-0.8326979113354154,0.9479158357302767,False,208.54389305067468
2020-09-02 09:30:00,330925.37065,1626388.21449,4.656612873077393e-10,-11.501114601999284,75.09520288847166,-0.4331873554270279,-0.8497577826424683,0.9538026913692929,False,207.01146149536132
2020-09-02 10:00:00,331924.69439,1627777.69365,0.0,-11.525333293367126,75.0810987907668,-0.4202628642213704,-0.8416762803287151,0.9407655584211891,False,206.5337138138774
2020-09-02 10:30:00,333013.21512,1629054.8644,5.820766091346741e-11,-11.553292704504905,75.06782460670017,-0.5114025563982375,-0.797168311790919,0.9471060616500331,False,212.68114356490668
2020-09-02 11:00:00,334303.20455,1630220.62992,2.3283064365386963e-10,-11.58876803530004,75.05516718005076,-0.5281740751842348,-0.7814323086158983,0.9431883728320097,False,214.05496087617942
2020-09-02 11:30:00,335441.00394,1631428.70375,4.656612873077393e-10,-11.618762406582904,75.04240636624401,-0.46012713739749056,-0.7940163849702323,0.9177031122159308,False,210.09200246897944
2020-09-02 12:00:00,336501.41024,1632686.90882,0.0,-11.645752793299888,75.02933875665725,-0.38001359150454567,-0.841166521740814,0.9230229937686942,False,204.3120132408085
2020-09-02 12:30:00,337392.16332,1634118.41136,7.009130540997893e-10,-11.66578737350337,75.01504408322229,-0.34498300429322093,-0.9069981749775301,0.9703911390072288,False,200.82465698445594
2020-09-02 13:00:00,338377.92564,1635633.53233,2.3283064365386963e-10,-11.688394604458104,74.99983346172677,-0.37837556290730584,-0.9419167895805138,1.0150740392203332,False,201.88572565019888
2020-09-02 13:30:00,339413.02853,1637163.04069,4.656612873077393e-10,-11.71251185979636,74.98440239701311,-0.3832221203306935,-0.982110648986369,1.054229823313294,False,201.3158581246097
2020-09-02 14:00:00,340446.53039,1638815.45394,2.3283064365386963e-10,-11.735670453879514,74.9678838670743,-0.3679970815917344,-1.041962167053524,1.1050371078072037,False,199.4520494074895
2020-09-02 14:30:00,341473.07982,1640566.23559,2.3283064365386963e-10,-11.757860363232542,74.95050504084803,-0.3623031538723718,-1.055371439546727,1.1158281456912613,False,198.94706153438
2020-09-02 15:00:00,342497.66846,1642269.28827,5.820766091346741e-11,-11.780266632008034,74.93354944002738,-0.399290766034872,-1.0563268317331507,1.1292738778879599,False,200.70655529141482
2020-09-02 15:30:00,343656.62144,1643995.44964,2.399963341663627e-10,-11.806948408046308,74.91613832689663,-0.4682520096661369,-1.0581936970039219,1.1571662996022671,False,203.86944887041506
2020-09-02 16:00:00,344927.18986,1645653.26587,2.399963341663627e-10,-11.837769199218021,74.89912119640776,-0.5115665226636307,-1.0218754461590944,1.1427728271940172,False,206.59324928601552
2020-09-02 16:30:00,346213.75741,1647218.16666,2.3283064365386963e-10,-11.869704473412765,74.88289136736711,-0.5663722834307527,-0.9933460114520429,1.143465723975252,False,209.69032542484717
2020-09-02 17:00:00,347658.07847,1648733.46506,2.9103830456733704e-10,-11.907168392110608,74.86680104959332,-0.5724671918755595,-0.9892207862219596,1.1429245161722101,False,210.0581887889382
2020-09-02 17:30:00,348965.06492,1650277.52113,4.692851652099372e-10,-11.939787096265434,74.85070646562629,-0.47376431976877087,-0.9925443666332144,1.099816780387213,False,205.51621945769642
2020-09-02 18:00:00,350065.95961,1651876.47077,4.799926683327254e-10,-11.9651096764941,74.83450755546986,-0.43202731754473844,-1.0003500909565475,1.089654948863022,False,203.3583627763616
2020-09-02 18:30:00,351233.17181,1653478.10233,2.399963341663627e-10,-11.992558482489844,74.81815709462832,-0.4313525732532788,-1.0361054262722593,1.1223098933908786,False,202.60299334786475
2020-09-02 19:00:00,352359.96936,1655202.3796,4.692851652099372e-10,-12.017745531786483,74.80079461749844,-0.4146399164426679,-1.0825300348288174,1.1592228157753206,False,200.95826669116465
2020-09-02 19:30:00,353504.59509,1656978.99541,2.399963341663627e-10,-12.04309580543798,74.78293252339378,-0.42401278664474534,-1.1075829006224411,1.1859707943239846,False,200.94820184228053
2020-09-02 20:00:00,354684.75904,1658783.43242,4.692851652099372e-10,-12.069364385623418,74.7647539539755,-0.4565482335927167,-1.1122457617336532,1.2023006795685947,False,202.3168869451132
2020-09-02 20:30:00,355949.07481,1660550.90636,6.984919309616089e-10,-12.098608113625243,74.74673904039501,-0.4740086263360712,-1.1078451966408869,1.2049917665948155,False,203.1644063458524
2020-09-02 21:00:00,357189.20238,1662325.4305,6.984919309616089e-10,-12.12693645922793,74.72870335594196,-0.4844694988841864,-1.113019326901849,1.2138874401715094,False,203.52228863330996
2020-09-02 21:30:00,358496.00095,1664101.96559,0.0,-12.157377859589982,74.71051883034623,-0.45712375516418047,-1.1096037879363179,1.2000761199765733,False,202.39020407620222
2020-09-02 22:00:00,359639.18851,1665883.84808,4.656612873077393e-10,-12.182332952537466,74.69259448001054,-0.4620982661422989,-1.1351728646759796,1.2256232048506541,False,202.14991311494794
2020-09-02 22:30:00,360984.4661,1667745.51252,2.399963341663627e-10,-12.213295873802824,74.67357549808843,-0.507700670733917,-1.1680388977467586,1.2736070185552262,False,203.4926937452257
2020-09-02 23:00:00,362315.10559,1669606.95937,4.692851652099372e-10,-12.243704333937114,74.65458155187719,-0.4433975461205971,-1.1576577789282907,1.239666453937893,False,200.9574707307986
2020-09-02 23:30:00,363428.20742,1671479.77354,4.692851652099372e-10,-12.266837088402003,74.63590035580522,-0.39269441935018934,-1.1847109896278607,1.248098167586912,False,198.33873466080453
2020-09-03 00:00:00,364602.68284,1673474.1829,2.3283064365386963e-10,-12.291054240678571,74.61602397574524,-0.37004498580742284,-1.2690061331972737,1.3218584862282017,False,196.25680079606784
2020-09-03 00:30:00,365702.35045,1675659.89426,0.0,-12.311404641758536,74.5945987982867,-0.32506049069352094,-1.2713398830091749,1.3122383246726546,False,194.34231054429375
2020-09-03 01:00:00,366721.88186,1677696.23444,0.0,-12.330151274016753,74.57464515870451,-0.3368513400782641,-1.2091690349764161,1.2552125638545528,False,195.56681886903417
2020-09-03 01:30:00,367816.60424,1679653.53547,2.399963341663627e-10,-12.351860593162783,74.55524203555096,-0.3228894696687827,-1.1780556982985164,1.2215043339737248,False,195.32759396202607
2020-09-03 02:00:00,368764.58926,1681590.41092,2.399963341663627e-10,-12.368891253743035,74.53630084806608,-0.2916082542071626,-1.1449469047104404,1.1814985351356841,False,194.28895451659884
2020-09-03 02:30:00,369724.93911,1683454.80167,4.692851652099372e-10,-12.386798822874434,74.51797399154299,-0.30502441354010856,-1.11747445566007,1.1583561852505717,False,195.26746165062553
2020-09-03 03:00:00,370700.07074,1685284.12146,2.3283064365386963e-10,-12.405393826814928,74.49992618571427,-0.361808546136865,-1.097257006571162,1.155369361947589,False,198.2494088395454
2020-09-03 03:30:00,371845.63355,1687032.88477,9.313225746154785e-10,-12.430040885375378,74.48225603753502,-0.359778548001799,-1.0911905559066286,1.148972337744517,False,198.24800455172112
2020-09-03 04:00:00,372810.46665,1688841.53769,4.692851652099372e-10,-12.44835794035321,74.46440615729641,-0.34267443084163884,-1.0744433514188765,1.127765171017827,False,197.68914963605903
2020-09-03 04:30:00,373884.04332,1690544.02662,2.3283064365386963e-10,-12.470905350653332,74.44727933017087,-0.3575028928797218,-1.0280083638324082,1.0883976821579302,False,199.17576457489056
2020-09-03 05:00:00,374866.28248,1692177.12768,0.0,-12.490951776839445,74.43094097795067,-0.31783002241053354,-0.9769504698592335,1.0273500589884916,False,198.0211936676011
2020-09-03 05:30:00,375761.82923,1693730.32981,0.0,-12.508733007245597,74.41547555807907,-0.32560746585084455,-0.9364357108376327,0.9914293027492133,False,199.17304187819224
2020-09-03 06:00:00,376740.80123,1695214.39273,2.3283064365386963e-10,-12.529660952772929,74.40045502742994,-0.350234372596254,-0.9144722347291737,0.9792464367249241,False,200.95637577934355
2020-09-03 06:30:00,377706.84913,1696670.4909,0.0,-12.550333373229543,74.38570436636036,-0.3291696610853482,-0.8984582235371965,0.9568593654349933,False,200.12140422660246
2020-09-03 07:00:00,378600.33357,1698114.05724,9.313225746154785e-10,-12.568724462699487,74.37120481443796,-0.29911766312177573,-0.8788919545161387,0.9283977833367713,False,198.795234868666
2020-09-03 07:30:00,379446.38939,1699524.35049,2.3283064365386963e-10,-12.585797236411318,74.35709052464226,-0.3107382584079232,-0.8796386392780807,0.9329107143501905,False,199.45610979579948
2020-09-03 08:00:00,380382.13877,1700960.90612,5.820766091346741e-11,-12.605528471444924,74.34256578031905,-0.35202577957132974,-0.8733025972401438,0.9415835469193284,False,201.95422270520544
2020-09-03 08:30:00,381369.24926,1702315.88792,2.399963341663627e-10,-12.627455056419494,74.32865727655158,-0.4165305328843111,-0.8293941498801356,0.9281122457333925,False,206.66628795202206
2020-09-03 09:00:00,382498.11116,1703546.69528,2.399963341663627e-10,-12.654774195983412,74.3155612045934,-0.4908434868790067,-0.8061924546963681,0.9438610081049525,False,211.33479310171742
2020-09-03 09:30:00,383729.18358,1704760.56211,4.799926683327254e-10,-12.685439606446671,74.30240782763785,-0.4844709706516465,-0.7873260407795147,0.9244427596631901,False,211.60553009738857
2020-09-03 10:00:00,384822.05757,1705928.88266,5.820766091346741e-11,-12.711965732248247,74.28992664344337,-0.47694369231302036,-0.77712764762966,0.9118128461189753,False,211.53853603786513
2020-09-03 10:30:00,386019.71967,1707111.82198,2.399963341663627e-10,-12.741690458000114,74.27710389476401,-0.5211205918736659,-0.7810925269456899,0.9389740182375459,False,213.70998210650396
2020-09-03 11:00:00,387272.08174,1708257.79944,4.799926683327254e-10,-12.77337932299853,74.26449334147165,-0.5265640237390252,-0.7500054329570218,0.916393922154268,False,215.0719361484365
2020-09-03 11:30:00,388465.39935,1709325.90677,7.009130540997893e-10,-12.803699955631915,74.25268291934754,-0.4768777476600201,-0.7187311225592579,0.8625467017782775,False,213.56425440519246
2020-09-03 12:00:00,389519.55909,1710400.44142,4.656612873077393e-10,-12.829497160410066,74.24109074069463,-0.4380308138051992,-0.7088907150067723,0.8333048899806468,False,211.71234249683147
2020-09-03 12:30:00,390569.61729,1711464.04907,2.399963341663627e-10,-12.855205528604078,74.22959978959318,-0.43231031633991057,-0.705953269201559,0.8278056703781886,False,211.48238981896955
2020-09-03 13:00:00,391602.30581,1712531.91147,2.399963341663627e-10,-12.880293519360078,74.21810298127453,-0.4502755886393306,-0.7179954036195362,0.8475054603619238,False,212.09300855479057
2020-09-03 13:30:00,392726.00847,1713622.4508,2.3283064365386963e-10,-12.908071443233847,74.2062191281314,-0.49088238536743456,-0.7415944351779122,0.8893412295350246,False,213.50170497996328
2020-09-03 14:00:00,393921.21173,1714739.42136,4.656612873077393e-10,-12.937884544378843,74.19395354314692,-0.4564047112065235,-0.757099788333071,0.8840279124018037,False,211.08295812281574
2020-09-03 14:30:00,394937.59171,1715910.9457,5.820766091346741e-11,-12.96158283794894,74.18156546394077,-0.4213039893644859,-0.7700375953961411,0.8777556321539053,False,208.68400955701213
2020-09-03 15:00:00,396021.04528,1717100.73354,5.820766091346741e-11,-12.98723593557287,74.16887713304118,-0.37724494846181966,-0.785538243382778,0.8714264644574787,False,205.6520659714866
2020-09-03 15:30:00,396896.4677,1718361.33803,2.3283064365386963e-10,-13.00574523709992,74.15598485567453,-0.340851167008574,-0.7888919260437065,0.8593776754303405,False,203.3673958143096
2020-09-03 16:00:00,397855.77315,1719591.74183,7.19989002499088e-10,-13.027098536866871,74.14318584208635,-0.28870978514560874,-0.8097583218867255,0.8596870825501738,False,199.6230935787538
2020-09-03 16:30:00,398566.17851,1720967.15993,4.692851652099372e-10,-13.039491251778358,74.12961458584053,-0.22125462712956268,-0.8735497339586767,0.9011341452444894,False,194.21310216910427
2020-09-03 17:00:00,399341.28464,1722475.71992,2.399963341663627e-10,-13.05293102359805,74.11473679271504,-0.2613247177054238,-0.9033761579003137,0.9404143186630837,False,196.13386853057978
2020-09-03 17:30:00,400217.14235,1723922.81069,4.692851652099372e-10,-13.069973077541539,74.10019343275248,-0.25274517465238,-0.9136790861445742,0.9479924028008063,False,195.4626989347018
2020-09-03 18:00:00,400971.42899,1725473.99385,4.692851652099372e-10,-13.08239189517512,74.0849801098908,-0.2109133732283143,-0.9030550920110787,0.9273580485517361,False,193.14608703688833
2020-09-03 18:30:00,401692.5935,1726917.56486,2.399963341663627e-10,-13.094532513397256,74.07078188622044,-0.20433288633048138,-0.8642563890743494,0.88808278583248,False,193.3019672827346
2020-09-03 19:00:00,402392.7963,1728337.75899,1.1641532182693481e-10,-13.106163648218892,74.05683167071346,-0.19567288412196382,-0.825825559840262,0.8486905990206852,False,193.32995884947468
2020-09-03 19:30:00,403052.80628,1729653.36359,2.399963341663627e-10,-13.117277536153068,74.04388464253869,-0.20081958041034928,-0.7934486849380186,0.8184676655226276,False,194.2031351630983
2020-09-03 20:00:00,403745.13242,1730955.57346,2.399963341663627e-10,-13.12948609749362,74.03098839955878,-0.1424547963248599,-0.7612182863959513,0.7744331143097808,False,190.5997575591009
2020-09-03 20:30:00,404174.7231,1732205.62126,2.3283064365386963e-10,-13.133815631273942,74.01909111563182,-0.11251643771553016,-0.7111281121228402,0.7199744027447,False,188.99094597899546
2020-09-03 21:00:00,404721.3088,1733356.62864,2.6031257322754127e-10,-13.142530783862384,74.00782554535118,-0.12050025565854686,-0.7073128113952907,0.7175038151659441,False,189.66828372121182
2020-09-03 21:30:00,405176.13061,1734586.61747,1.1641532182693481e-10,-13.14778151732063,73.99605243201104,-0.0390076512138641,-0.7079444879006013,0.7090183317813913,False,183.1538010989799
2020-09-03 22:00:00,405437.7687,1735806.47922,2.6031257322754127e-10,-13.147052053848158,73.98476589134472,0.07121237898317491,-0.6624266564819342,0.6662434075758482,False,173.8641372546275
2020-09-03 22:30:00,405468.89624,1736967.15873,0.0,-13.139545470053417,73.97447490253737,0.12974284338603123,-0.631871183336356,0.6450537944549889,False,168.39666608862677
2020-09-04 04:00:00,407627.0477,1751741.49072,2.3283064365386963e-10,-13.09950459250189,73.83983781536425,0.011056903474153473,-0.7013989643297945,0.7014861098249524,False,179.09686003791631
2020-09-04 04:30:00,407893.80393,1752975.66626,2.3283064365386963e-10,-13.098871010253944,73.82841209953511,-0.014726066649449171,-0.7339789244333175,0.7341266365902096,False,181.1493903361079
2020-09-04 05:00:00,408277.51765,1754303.04808,5.820766091346741e-11,-13.10119003518169,73.81592472601243,-0.04047025442697391,-0.7665604009574946,0.7676279631497923,False,183.02210238945207
2020-09-04 07:00:00,409544.48895,1759418.0624,1.1641532182693481e-10,-13.103555047178908,73.76823732273274,-0.12351924396669023,-0.7495006961261811,0.7596106220450928,False,189.35834310190626
2020-09-04 07:30:00,410066.89151,1760681.62975,5.820766091346741e-11,-13.110601628419143,73.75602673748905,-0.13453072980391706,-0.7338331542524401,0.7460627423626381,False,190.38845379932292
2020-09-04 08:00:00,410615.41891,1761881.14373,5.820766091346741e-11,-13.11890390807224,73.74432665839602,-0.12238855861563763,-0.7145611136277351,0.7249665815669867,False,189.71919442657025
2020-09-04 09:00:00,411586.34449,1764289.54808,5.820766091346741e-11,-13.131520930362983,73.7211016745566,-0.12529688219953872,-0.692680308139935,0.7039213862170692,False,190.25319406429685
2020-09-04 09:30:00,412124.11703,1765370.09272,5.820766091346741e-11,-13.140314382430269,73.710470962559,-0.15446907667543333,-0.6525040489700159,0.6705387606777298,False,193.31859821518208
2020-09-04 19:30:00,422221.31142,1787570.44058,2.399963341663627e-10,-13.289604602143019,73.49392206343096,0.07022414044411925,-0.5984533853088709,0.6025594446100428,False,173.30736379296218
2020-09-04 20:00:00,422345.91605,1788647.86623,2.399963341663627e-10,-13.285663886785883,73.48416874763122,0.050396328983898786,-0.6129976137607973,0.615065739942882,False,175.30011594323332
2020-09-04 20:30:00,422551.87468,1789759.86332,0.0,-13.283947241531981,73.47394133495348,0.030590876670344783,-0.6275379305384632,0.6282831017940538,False,177.20918581744542
2020-09-05 17:00:00,426122.98241,1823079.97299,0.0,-13.156006362209332,73.17278806214426,0.027461800931504438,-0.12532445418625338,0.12829797086269096,False,167.64037473535728
2020-09-05 17:30:00,426126.1922,1823310.88703,5.820766091346741e-11,-13.154493792706361,73.17074469342955,0.027458492441817226,-0.1253251791153979,0.12829797086269096,False,167.64188730486023
2020-09-05 20:30:00,425866.03838,1824396.95795,2.3112574214302124,-13.139187145055852,73.16170070731,-0.005049685155128717,-0.05291009034826782,0.053150512517075414,False,185.45173831223963
2020-09-05 21:00:00,425896.53915,1824487.63666,2.3283064365386963e-10,-13.139465114484084,73.16083801764466,-0.006315762681115669,-0.03167455903706522,0.03229808892855277,False,191.27662220617879
2020-09-05 21:30:00,425914.10105,1824502.83249,5.820766091346741e-11,-13.139882481099544,73.16066781101034,-0.031116297008954213,0.007732315399107016,0.03206263621383495,False,283.9551804196202
2020-09-05 22:00:00,425999.29693,1824435.06402,2.399963341663627e-10,-13.142890869504592,73.1610901428202,-0.07506940989830904,0.04864312588299212,0.08945149522589858,False,302.94224209865865
2020-09-05 22:30:00,426137.45424,1824270.85469,5.820766091346741e-11,-13.148147563588461,73.16225399732382,-0.054956430789878476,0.10265462146444676,0.11643960062269003,False,331.8375089492364
2020-09-05 23:00:00,426107.89072,1824030.19193,2.3283064365386963e-10,-13.148941476443333,73.16443773578692,0.015767010673655685,0.13088711881402568,0.13183336640251603,False,6.8689042212204185
2020-09-05 23:30:00,425974.99254,1823824.92704,0.0,-13.146410932677101,73.16652214557801,0.05489509394944132,0.1446431724057382,0.15470978851809636,False,20.782795964248066
2020-09-06 00:00:00,425797.01605,1823568.07065,5.820766091346741e-11,-13.14289560939333,73.16915444580484,0.06458571580774346,0.1267127775054575,0.14222321424277465,False,27.008015656743623
2020-09-06 00:30:00,425644.85107,1823433.57775,2.399963341663627e-10,-13.139297189208238,73.17065415996062,0.0653380646811665,0.09197885920690231,0.11282363775948485,False,35.38844739029497
2020-09-06 18:30:00,438445.2389,1807557.96522,5.647889084067472,-13.634460325854539,73.28369747050188,-0.6503940839239266,0.27543865638229825,0.7063136115302674,False,292.95241577731474
2020-09-06 19:00:00,439466.08614,1806800.17989,2.399963341663627e-10,-13.670533202204053,73.28818433564109,-0.5930467708095807,0.3008296234696929,0.6649834093604053,False,296.8969129886041
2020-09-06 19:30:00,440263.77393,1806001.0836,0.0,-13.700244536957028,73.29350676262806,-0.4330471694881718,0.3714170324290771,0.5705089508326223,False,310.61911801309907
2020-09-06 20:00:00,440664.01817,1805131.89165,5.820766091346741e-11,-13.718582671239734,73.30029528535835,-0.26776377171573484,0.4094206817236246,0.48920622652054796,False,326.81505454871467
2020-09-06 20:30:00,440850.68062,1804340.61284,5.820766091346741e-11,-13.729964972183886,73.3068557884421,-0.17510572126322405,0.3750206798525199,0.41388709080636976,False,334.97105484358343
2020-09-06 21:00:00,440955.95065,1803670.77696,5.820766091346741e-11,-13.73802632065359,73.3125222854702,-0.1300790558403652,0.3399460657159236,0.3639833627572226,False,339.06084242549866
2020-09-06 21:30:00,441014.93545,1803040.6084,0.0,-13.744414373088995,73.31793905262762,-0.10351771423400474,0.32904311575006445,0.34494244328980944,False,342.536305746544
2020-09-06 22:00:00,441036.50339,1802431.59957,5.820766091346741e-11,-13.749529030081792,73.32324997719371,-0.09205435235134096,0.32579492469674837,0.3385503459531311,False,344.22219874841875
2020-09-07 00:00:00,441160.76571,1800500.08578,0.999077966269679,-13.767448792652234,73.33997242358589,-0.12937352807875893,0.18495812105288212,0.2257144574699592,False,325.0281840498027
2020-09-07 00:30:00,441307.71759,1800121.30685,2.399963341663627e-10,-13.774647677524799,73.34298724916337,-0.14806440035420415,0.17210548121335098,0.2270316350554018,False,319.2941964466248
2020-09-07 01:00:00,441530.94317,1799771.40846,4.233619333016338,-13.783926781319654,73.3455832265216,-0.19348655880955784,0.13308492962320514,0.234837490475388,False,304.521173155138
2020-09-07 01:30:00,441870.0571,1799490.0377,2.3283064365386963e-10,-13.796183650620325,73.34732583457395,-0.2440805695821442,0.11137816170397749,0.26829166843586716,False,294.52802961293355
2020-09-07 02:00:00,442288.66639,1799172.47461,2.399963341663627e-10,-13.811097540137412,73.34921411010419,-0.33033096778590654,0.1031720593742235,0.34606794436048527,False,287.34511702689963
2020-09-07 03:00:00,443469.27285,1798523.18781,5.820766091346741e-11,-13.851353001602323,73.35236755383288,-0.38087294128313987,0.09927303060798248,0.39359793191499814,False,284.6088832535804
2020-09-07 03:30:00,444157.23301,1798159.60418,2.399963341663627e-10,-13.874707997845357,73.35407146770423,-0.44684065848458565,0.11707456038690588,0.4619231827530692,False,284.6817764006387
2020-09-07 04:00:00,444929.89549,1797728.26899,2.399963341663627e-10,-13.901114988703796,73.35618390790229,-0.49158823373790644,0.13992903668341689,0.5111155709393949,False,285.8888356280339
2020-09-07 04:30:00,445754.09574,1797245.44418,2.3283064365386963e-10,-13.929459916533798,73.35863300348578,-0.5068005281185054,0.15686846370161692,0.5305228460729109,False,287.1987097548597
2020-09-07 05:00:00,446564.77957,1796740.94724,2.399963341663627e-10,-13.957568949564115,73.36129797186862,-0.5016170890667901,0.17098552457452132,0.5299582565239118,False,288.82263257624027
2020-09-07 05:30:00,447358.12753,1796212.50053,1.196643246147197,-13.985345388779795,73.36420728719997,-0.47586396875943826,0.1765200108456706,0.5075488459177494,False,290.35215264508406
2020-09-07 06:00:00,448073.53222,1795710.29841,5.820766091346741e-11,-14.010593583197572,73.36705295631823,-0.42587936421706235,0.16877926782639757,0.4581044358156163,False,291.61880375032774
2020-09-07 06:30:00,448698.58102,1795251.78943,2.399963341663627e-10,-14.032808101649612,73.36970992364404,-0.4075093760114113,0.20836365966071457,0.45768909338590963,False,297.081119226375
2020-09-07 07:00:00,449314.90078,1794626.8521,6.5012371144066226,-14.056019166658114,73.37384554346072,-0.4362887396300995,0.2577342823377701,0.5067295379393096,False,300.5721498930311
2020-09-07 07:30:00,449996.84779,1793970.2649,0.0,-14.08145214712847,73.37811180426586,-0.44613558415031374,0.27846553340690383,0.5259087494430313,False,301.97127359414975
2020-09-07 08:00:00,450628.82384,1793263.73686,2.399963341663627e-10,-14.105773502443409,73.38292362560406,-0.443036632712759,0.3266960540161751,0.5504650485137087,False,306.4051337560662
2020-09-07 09:00:00,451887.16079,1791676.24224,2.3283064365386963e-10,-14.155612014266989,73.39408218754484,-0.4465493284765618,0.3618859465110126,0.5747762530281151,False,309.0214921704038
2020-09-07 09:30:00,452489.06135,1790779.17659,4.656612873077393e-10,-14.18052125978662,73.40062420685234,-0.4356854912667766,0.38337647788153323,0.580344183302652,False,311.3457942915013
2020-09-07 10:00:00,453069.72789,1789953.90229,4.044453966221343,-14.204264538181503,73.40657998076078,-0.41324032084474877,0.3176416455427261,0.5212137543800641,False,307.548070496899
2020-09-07 10:30:00,453650.65031,1789305.5845,2.399963341663627e-10,-14.22668245675273,73.41097905096917,-0.363511763350984,0.21583861769143908,0.42276129314483485,False,300.70013137546334
2020-09-07 11:00:00,454147.27621,1788879.10325,1.1641532182693481e-10,-14.244880694069892,73.41361642281555,-0.36985448501663004,0.09677923322156767,0.38230689252205646,False,284.6637194474421
2020-09-07 11:30:00,454855.4565,1788640.25978,0.0,-14.268014749260937,73.41413337463007,-0.4140001515892327,0.031632923711158056,0.4152068970747278,False,274.3693660842388
2020-09-07 22:30:00,478686.81393,1802080.04411,7.787821761879213,-14.87595826585899,73.24203397061,-0.0928335668608109,-0.802141603094497,0.8074956486267343,False,186.60159413693862
2020-09-07 23:00:00,479218.99072,1803432.60736,0.0,-14.881089059456013,73.22895647420988,-0.11944975255833834,-0.8423503283886293,0.8507774792051561,False,188.07103361253087
2020-09-07 23:30:00,479881.18852,1804900.36441,5.820766091346741e-11,-14.889159038541909,73.2145676827772,-0.15689230890674363,-0.8551000344188304,0.8693740653235372,False,190.39689402754283
2020-09-08 00:30:00,481224.24026,1807677.41958,0.0,-14.907058483365088,73.18713177351472,-0.1740991673854093,-0.8569833335992038,0.8744889674267463,False,191.48355981019324
2020-09-08 01:00:00,481980.17012,1809130.47444,4.799926683327254e-10,-14.917974158073738,73.17265120599352,-0.23635656240521083,-0.8994165192443965,0.9299540309508391,False,194.72378161835252
2020-09-08 01:30:00,482879.99686,1810587.13881,5.820766091346741e-11,-14.93309407549508,73.15780229816822,-0.2625036178001471,-0.9211534443283402,0.9578266113217623,False,195.90610718717775
2020-09-08 02:00:00,483747.80999,1812091.11046,0.0,-14.946869901222176,73.14261267254729,-0.25990175031540474,-0.948364801581749,0.9833334717664202,False,195.32576845343675
2020-09-08 02:30:00,484664.5651,1813644.41206,0.0,-14.961675545617405,73.12687557376395,-0.3023362369635823,-0.9468868672301982,0.9939828668112537,False,197.70802239754818
2020-09-08 03:00:00,485679.37982,1815103.34271,2.399963341663627e-10,-14.98008606859064,73.11173325851428,-0.3187491499611137,-0.909562580111339,0.9637972337269538,False,199.31261647716474
2020-09-08 03:30:00,486619.44947,1816510.94957,2.399963341663627e-10,-14.99666883133668,73.0972131999973,-0.32658263028798373,-0.874007203456506,0.9330299063265228,False,200.48876801415318
2020-09-08 04:30:00,488604.12856,1819205.89452,0.0,-15.033769347531473,73.06897458490542,-0.33156742972894027,-0.8520232623722372,0.914265060078578,False,201.26365010973205
2020-09-08 05:00:00,489542.05787,1820489.97438,5.820766091346741e-11,-15.051177004504966,73.05553479999973,-0.3854883411460288,-0.80227277145276,0.890080255355667,False,205.66406851817158
2020-09-08 05:30:00,490694.28657,1821634.6199,2.399963341663627e-10,-15.075942763301738,73.04280810910487,-0.4491214228656177,-0.7772729313687806,0.897698870621688,False,210.0200472234605
2020-09-08 06:00:00,491831.05135,1822771.31099,4.799926683327254e-10,-15.100281458051825,73.03018407901949,-0.42817822811816686,-0.7566281570435315,0.8693806778767883,False,209.50565648279144
2020-09-08 06:30:00,492892.09538,1823862.87021,7.009130540997893e-10,-15.1227245572596,73.01813046674026,-0.3585172348995915,-0.7217451832873707,0.8058850521746691,False,206.4152719051538
2020-09-08 07:00:00,493754.87602,1824942.89565,2.3283064365386963e-10,-15.139427462717144,73.00664412338786,-0.2220289752941349,-0.692001640540745,0.7267483308417337,False,197.78885702947736
2020-09-08 07:30:00,494314.28367,1826058.86081,6.984919309616089e-10,-15.146954824470958,72.99556025972197,-0.17053012546799928,-0.6908333994959146,0.7115696097720964,False,193.86608873661027
2020-09-08 08:00:00,494997.29889,1827183.08296,4.656612873077393e-10,-15.158018187912793,72.98411090680298,-0.13106025786303876,-0.725194626491515,0.7369423569610409,False,190.24416303811995
2020-09-08 08:30:00,495452.33659,1828455.35923,2.3283064365386963e-10,-15.161240145538713,72.97190635428257,-0.08498799993763706,-0.7539273803855648,0.758702481232558,False,186.43163210727118
2020-09-08 09:00:00,496002.4522,1829722.73344,2.399963341663627e-10,-15.167269772370773,72.95951903239838,-0.1426604441662579,-0.7953783232959801,0.8080709619203246,False,190.16854813947072
2020-09-08 10:00:00,497319.61402,1832399.23211,0.0,-15.184500763580193,72.93298881528328,-0.16095725407510175,-0.8240925861695376,0.8396641163102027,False,191.05156892462986
2020-09-08 10:30:00,498006.88272,1833789.80893,3.2927225399135965e-10,-15.193517618158115,72.91919704480328,-0.18547570264070698,-0.8722109503160851,0.8917136188941786,False,192.00512487098183
2020-09-08 11:00:00,498786.90798,1835254.44377,2.3283064365386963e-10,-15.204631624999337,72.90453656885553,-0.20227213932088492,-0.8895700270523528,0.91227674056471,False,192.81021483825714
2020-09-08 11:30:00,499549.47081,1836689.1825,4.692851652099372e-10,-15.215455705301931,72.89017808464224,-0.1674587949169796,-0.8608142682077926,0.8769513397818403,False,191.008558875213
2020-09-08 12:00:00,500181.94006,1838086.52626,2.399963341663627e-10,-15.222781618351176,72.87645524844345,-0.1477121669230702,-0.8685336382490059,0.8810048609554683,False,189.65198506433865
2020-09-08 12:30:00,500883.56828,1839566.56699,5.820766091346741e-11,-15.23144841975866,72.86184414032991,-0.14187869812009346,-0.8729903588833265,0.8844443067166479,False,189.23102217709874
2020-09-08 13:00:00,501500.42508,1840984.70674,5.820766091346741e-11,-15.238133169937077,72.84797549523917,-0.06582283569793693,-0.8497736060164786,0.8523190876553023,False,184.4292444829456
2020-09-08 13:30:00,501916.24915,1842455.91537,0.0,-15.238568968572643,72.83412127363789,-0.015035875330957044,-0.8683055133226376,0.8684356867456895,False,180.99205417014787
2020-09-08 14:00:00,502374.25857,1843986.47203,2.3283064365386963e-10,-15.239756622443224,72.8196473557102,-0.025102462807878367,-0.8903758362570852,0.8907296242011515,False,181.61491836181455
2020-09-08 14:30:00,502845.99514,1845524.79576,2.6031257322754127e-10,-15.241277852388048,72.80507251410359,-0.0437299374477457,-0.8979380134103636,0.8990022154347197,False,182.7881243579784
2020-09-08 15:00:00,503375.94303,1847063.9653,2.3283064365386963e-10,-15.244470754788356,72.7903512532692,-0.03714646162690771,-0.8911602521078217,0.8919341088602204,False,182.38689292621643
2020-09-08 16:00:00,504304.85573,1850114.98752,5.820766091346741e-11,-15.247279252153431,72.76145874855692,-0.01968399857495637,-0.886605302577355,0.8868237831487055,False,181.27184530877128
2020-09-08 16:30:00,504737.58202,1851655.15344,1.1641532182693481e-10,-15.247651023735301,72.74695952260545,0.04138189175983861,-0.9032452074047163,0.9041926595948521,False,177.37684638736198
2020-09-08 17:00:00,505016.29056,1853291.38401,8.82930167061221,-15.242836248772083,72.73198701331519,0.08341503020998911,-0.9540302630021599,0.9576699901265069,False,175.00308746037427
2020-09-08 17:30:00,505350.82095,1855047.78756,2.9103830456733704e-10,-15.238693530476487,72.7158301369585,0.06125071474879251,-0.9730386524548211,0.9749645476776744,False,176.39810488376747
2020-09-08 18:00:00,505724.25644,1856729.11413,5.820766091346741e-11,-15.236263511578507,72.70023671838621,5.2480655053643854e-05,-0.964304825644463,0.9643048270725483,False,179.99688177435422
2020-09-08 18:30:00,506262.94783,1858397.31269,2.399963341663627e-10,-15.23868353073359,72.6843640789008,0.03129415320733936,-0.9761938439784071,0.9766953184316505,False,178.16387997228037
2020-09-08 20:00:00,507354.26157,1863569.80186,4.656612873077393e-10,-15.229588164899718,72.6365256131266,0.05881339699056118,-0.9668835722286326,0.9686706653508048,False,176.5191128846826
2020-09-08 21:00:00,508038.11044,1866932.7066,2.399963341663627e-10,-15.222967891316427,72.60548244744857,0.07116031630619787,-0.9495978684218981,0.9522604172852144,False,175.71441808112957
2020-09-08 21:30:00,508329.92393,1868618.60054,4.692851652099372e-10,-15.21820141072895,72.59004065840605,0.09525991161674449,-0.9765935593816333,0.9812285314782269,False,174.42881973734285
2020-09-08 22:30:00,508926.04426,1872156.41185,2.3283064365386963e-10,-15.207763346595735,72.55767352780377,0.08960453033447555,-0.9964148328338411,1.0004356505781637,False,174.8613882382234
2020-09-08 23:00:00,509274.45308,1873937.74308,5.820766091346741e-11,-15.203896115116748,72.54126076288179,0.03170684666712198,-0.969248144932646,0.9697666165531519,False,178.12636124431384
2020-09-09 00:00:00,510133.44599,1877252.05941,2.399963341663627e-10,-15.202710092225653,72.5102212147939,-0.007456582482771035,-0.9191431440971587,0.9191733894990284,False,180.4648039170907
2020-09-09 03:00:00,512848.92149,1886682.05296,0.0,-15.207034721931409,72.42125341598926,-0.013595524706022766,-0.9085264547493483,0.9086281732763143,False,180.85733117007612
2020-09-15 20:00:00,635454.97161,2108797.1151,0.0,-16.76940738172391,70.17483336643963,0.3222118808239359,-0.26605093241968425,0.4178559498026583,False,129.5465490171248
2020-09-15 20:30:00,635037.82481,2109422.97786,4.656612873077393e-10,-16.75432276409683,70.17047510154482,0.3347809983466259,-0.2508400502012171,0.418328874976271,False,126.84297626066785
2020-09-15 21:00:00,634561.23515,2110009.23011,0.0,-16.738061129676883,70.16661635632171,0.283869490874152,-0.2828003641877674,0.4006968103615053,False,134.89190112432254
2020-09-15 21:30:00,634352.39649,2110692.23703,0.0,-16.72774835649904,70.16121167231691,0.18499225578158268,-0.3177457688653437,0.3676744597208065,False,149.7919456933297
2020-09-15 22:00:00,634252.68273,2111296.39235,4.799926683327254e-10,-16.72074696510978,70.1562078102239,0.12896942214507054,-0.2837804900433141,0.3117121723283467,False,155.5596779971438
2020-09-15 22:30:00,634201.66212,2111804.23109,4.656612873077393e-10,-16.71568066096862,70.15191558384109,0.07891518459137091,-0.17070563021669155,0.18806386826492744,False,155.189460179879
2020-09-15 23:00:00,634157.34852,2111966.67655,0.0,-16.71336390612132,70.15061582112565,0.07512636104567494,-0.05084221519775611,0.09071328993140998,False,124.08841254159
2020-09-15 23:30:00,633995.26952,2112057.30944,0.0,-16.708653352437487,70.15025001412627,0.08580998312308231,0.016265160962991618,0.08733789936067674,False,79.26699793272508
2020-09-16 00:00:00,633844.64055,2111999.40913,0.0,-16.70533723844541,70.15114867893412,0.061657331932411914,0.12704434044118665,0.14121576051970883,False,25.88828953951196
2020-09-16 00:30:00,633651.20315,2111683.05653,0.0,-16.702885584208012,70.15441181186621,0.05241854744827023,0.19922258931901818,0.20600326262358257,False,14.741290085369428
2020-09-17 15:30:00,607821.85002,2078805.67541,0.0,-16.29838842890298,70.50791710883898,0.27775891166966954,-0.046362664536479276,0.281601686207383,False,99.47627307681205
2020-09-17 16:00:00,607365.39619,2079026.08483,2.3283064365386963e-10,-16.285162712188797,70.50715763618605,0.2940297173321252,0.006094813836754739,0.2940928789177224,False,88.81251082093416
2020-09-17 16:30:00,606799.65977,2079081.43898,1.1641532182693481e-10,-16.27038627087019,70.50811652027312,0.32823490183066356,0.014584254529827145,0.3285587485670959,False,87.45588608451521
2020-09-17 17:30:00,605641.84985,2079447.07751,1.1641532182693481e-10,-16.23827403086609,70.50787142195955,0.3363414781688909,0.003921523375776476,0.33636433860090054,False,89.33199865979265
2020-09-17 18:00:00,605049.94946,2079568.98843,1.1641532182693481e-10,-16.22233825280132,70.50831143553762,0.3559775924668023,-0.02684720519444428,0.3569885415040843,False,94.31298220157709
2020-09-17 18:30:00,604438.35507,2079897.89158,2.3283064365386963e-10,-16.20437327827815,70.50699224825523,0.36816930972320855,-0.10912838382899062,0.38400214163359997,False,106.51025270018926
2020-09-17 19:00:00,603886.82915,2080316.11775,0.0,-16.187277936765827,70.50473869985649,0.3795611794826533,-0.12010482973084699,0.39811036044662124,False,107.55897298033642
2020-09-17 19:30:00,603246.64297,2080694.05536,1.1641532182693481e-10,-16.16823115475451,70.5030598347755,0.4078956725710797,-0.09202169282877566,0.41814694983138045,False,102.71315760771586
2020-09-17 20:00:00,602568.73075,2081043.18863,2.6031257322754127e-10,-16.148441163524563,70.5017258374892,0.43580558098563477,-0.11703717639140174,0.4512473878881724,False,105.03230764294307
2020-09-17 20:30:00,601856.8291,2081535.11844,2.3283064365386963e-10,-16.12674153181966,70.49922780533497,0.44135426911833797,-0.2604485811004804,0.5124715155657296,False,120.54537732268636
2020-09-17 21:00:00,601302.813,2082385.23888,4.799926683327254e-10,-16.106430654203503,70.49319888773589,0.4164779710345807,-0.3834065816759659,0.5660870138322642,False,132.63244279429273
2020-09-17 21:30:00,600799.27589,2083277.14933,0.0,-16.08710792504978,70.48667504392435,0.3759221478842593,-0.39711201155078063,0.546823016146744,False,136.5701580561509
2020-09-17 22:00:00,600398.62806,2084133.86386,1.1641532182693481e-10,-16.070667170484942,70.48019746644458,0.34463019324816657,-0.4144008684574712,0.5389787100401786,False,140.25191013832182
2020-09-17 22:30:00,600020.06739,2085054.13803,4.799926683327254e-10,-16.05433356043814,70.47310712542054,0.34224224971412354,-0.40531147943147766,0.5304782303245984,False,139.82248065047122
2020-09-17 23:00:00,599618.12517,2085876.80733,2.3283064365386963e-10,-16.038130331368716,70.46692701114067,0.29833906027822743,-0.3728225430038836,0.4774964329286434,False,141.33259977896734
2020-09-17 23:30:00,599358.65803,2086640.78686,2.3283064365386963e-10,-16.025978789908102,70.46090060729266,0.244817828749662,-0.35301235942425974,0.42959689847574734,False,145.25828003114827
2020-09-18 00:00:00,599121.87908,2087341.578,2.6031257322754127e-10,-16.014869954483913,70.45536873165831,0.19567718182866128,-0.3423820361371289,0.3943539249935433,False,150.2512959319041
2020-09-18 00:30:00,599021.61061,2088019.87122,0.0,-16.007392035304807,70.44969041083252,0.1165451145843732,-0.36062105399207417,0.3789858946132945,False,162.09026217058965
2020-09-18 01:00:00,599076.58801,2088705.17527,2.6031257322754127e-10,-16.00380242248162,70.44356116200133,0.040732058436012054,-0.3535357252796879,0.35587442958643384,False,173.42773568246378
2020-09-18 01:30:00,599231.55103,2089283.70075,4.656612873077393e-10,-16.003524501254006,70.43811463898565,0.005848551394811163,-0.32815703669235313,0.3282091502138905,False,178.97895885035285
2020-09-18 02:00:00,599382.04748,2089846.56121,2.3283064365386963e-10,-16.003247398428197,70.43281622617862,-0.021956496969809378,-0.32263980919351776,0.32338604520853215,False,183.8931276544845
2020-09-18 02:30:00,599627.74816,2090378.39963,2.6031257322754127e-10,-16.005606890245144,70.42755024732466,-0.04385939228492304,-0.30933410307569204,0.31242796548523893,False,188.06997554770658
2020-09-18 03:00:00,599840.87577,2090873.45857,0.0,-16.007407573866132,70.42268745107353,-0.04914389451652994,-0.29384927491209306,0.2979303924318811,False,189.49438375115074
2020-09-18 03:30:00,600089.52285,2091346.45251,4.656612873077393e-10,-16.01026671558547,70.41792840493882,-0.07068916137803412,-0.2744551008126591,0.2834123495869872,False,194.44328803742127
2020-09-18 04:00:00,600357.99648,2091752.98489,2.3283064365386963e-10,-16.014108929363097,70.41370058227274,-0.07939531879370491,-0.24264379994865307,0.2553030166290167,False,198.11857997191748
2020-09-18 04:30:00,600605.23515,2092107.22109,4.656612873077393e-10,-16.01779208860022,70.40998314495772,-0.06618737651259779,-0.2275816883493402,0.23701095688080875,False,196.21596781083198
2020-09-18 05:00:00,600813.09288,2092474.72225,2.6031257322754127e-10,-16.020381323961097,70.40624849356587,-0.03982814087964747,-0.2137948938325423,0.21747307289592677,False,190.55274240340935
2020-09-18 05:30:00,600955.4587,2092807.42154,4.656612873077393e-10,-16.021565950207226,70.40298245739558,-0.03078363529235985,-0.14980038876056384,0.15293066623352258,False,191.61248957375642
2020-09-18 06:00:00,601068.45065,2092962.47029,2.3283064365386963e-10,-16.023297530314903,70.40134326088817,-0.009186539765852583,-0.11672749744381059,0.11708843312797554,False,184.49994462341476
2020-09-18 06:30:00,601103.23769,2093202.18615,1.1641532182693481e-10,-16.022436363448634,70.39916019443693,-0.009497124549517295,-0.15856127475397536,0.15884543816652308,False,183.4276707728863
2020-09-18 07:00:00,601258.86649,2093501.67979,4.799926683327254e-10,-16.024196663364496,70.39615110746048,-0.02842833632979832,-0.19502567262992715,0.19708674052618466,False,188.2934318339506
2020-09-18 07:30:00,601395.41112,2093848.74809,2.6031257322754127e-10,-16.0251285786495,70.39277398621681,-0.041015770000125386,-0.1963902884417962,0.2006276122146578,False,191.79656189007665
2020-09-18 08:00:00,601595.96047,2094140.44915,5.206251464550825e-10,-16.02807981694754,70.38972015224999,-0.04171098442619874,-0.16224286118451803,0.1675188115619896,False,194.4179215810148
2020-09-18 08:30:00,601701.00127,2094368.65706,0.0,-16.02907758491801,70.38746123410208,-0.021079469508054983,-0.13796665501003333,0.13956769658269272,False,188.68685395549227
2020-09-18 13:30:00,605867.3976,2097411.37951,1.1641532182693481e-10,-16.1121211238634,70.35037380584292,-0.2643586198946358,-0.17377996835272697,0.31636206680522133,False,236.68050145992333
2020-09-18 14:00:00,606411.36082,2097579.84101,4.799926683327254e-10,-16.124607597591353,70.34752786064162,-0.2803307392257483,-0.16181072998067209,0.3236789083207809,False,240.00587100418346
2020-09-18 14:30:00,606998.66797,2097690.70207,1.1641532182693481e-10,-16.13860295692492,70.34507469587086,-0.33823346837283275,-0.14775986498046373,0.3691000634334285,False,246.40152260646704
2020-09-18 15:00:00,607728.87446,2097752.35638,4.656612873077393e-10,-16.156554845780505,70.34268860722307,-0.38011713797191465,-0.1457825699803046,0.40711373876353274,False,249.0171762567364
2020-09-18 21:00:00,604434.77773,2094658.70685,2.3283064365386963e-10,-16.09602582671425,70.37804555376367,0.5131238224549167,0.2642959475567006,0.5771900943932069,False,62.74825148823783
2020-09-18 21:30:00,603415.46641,2094457.69624,0.0,-16.07174681175501,70.38237113679823,0.5102843403031548,0.2581160637530515,0.5718513883221717,False,63.168440093589595
2020-09-18 22:00:00,602412.30728,2094274.36995,5.221980026009495,-16.047736802618697,70.3864979230707,0.515522082512487,0.24001590728253075,0.5686568853945829,False,65.0343337905154
2020-09-18 22:30:00,601393.04897,2094140.3457,0.0,-16.02295200416097,70.39023058943995,0.5237042521978178,0.2278642764466295,0.5711289453797815,False,66.48609086749968
2020-09-19 12:30:00,592513.38232,2081696.14865,2.6031257322754127e-10,-15.887948432402776,70.52125213084587,0.5483943336243582,0.045286053771227505,0.5502610033588373,False,85.27926247090551
2020-09-19 13:00:00,591541.66592,2081887.97585,2.3283064365386963e-10,-15.861816509638633,70.52199139088289,0.54060100933963,0.0325523124964712,0.5415801919825859,False,86.55409299157799
2020-09-19 13:30:00,590609.29175,2082115.34442,2.6031257322754127e-10,-15.836427877478576,70.52231797147878,0.5327959280992581,0.0198326040164091,0.5331649211840755,False,87.86822673992299
2020-09-19 15:30:00,587157.25069,2083235.42785,1.1641532182693481e-10,-15.740422696670558,70.52105775677606,0.3317040579621894,-0.11695379806321177,0.35171831477759874,False,109.42187404193618
2020-09-19 16:00:00,586639.68197,2083600.02259,2.3283064365386963e-10,-15.72461872194279,70.51914253550086,0.23456762729040265,-0.13949123989818507,0.2729098345259516,False,120.73884354811781
2020-09-19 16:30:00,586480.50492,2083947.65891,2.3283064365386963e-10,-15.71807018389722,70.5164915701638,0.09658644091543907,-0.18706010953346433,0.21052416760881226,False,152.69092627786551
2020-09-19 17:00:00,586487.4042,2084342.45386,0.0,-15.715415863761761,70.51301845132194,0.028214693994920582,-0.18577650425973616,0.18790683460745852,False,171.3642317300072
2020-09-19 17:30:00,586563.87849,2084618.966,1.1641532182693481e-10,-15.715381989293437,70.51040939809745,-0.05991358525762068,-0.14125778628565253,0.15343858668778615,False,202.9839178158401
2020-09-19 18:00:00,586832.76979,2084773.55138,4.799926683327254e-10,-15.721121882096226,70.5083936506605,-0.15444907143473746,-0.1397219345596613,0.20827082048176337,False,227.86601630015159
2020-09-19 18:30:00,587235.38588,2084952.49307,2.3283064365386963e-10,-15.730090771017942,70.50583481766567,-0.20106698647857582,-0.1750328016066513,0.2665790964982985,False,228.95978227359765
2020-09-19 19:00:00,587700.33152,2085183.83355,0.0,-15.740268059098756,70.50266305626357,-0.25879990220363797,-0.18346103423720733,0.31723073694709714,False,234.66749886937183
2020-09-19 19:30:00,588311.29629,2085335.4432,0.0,-15.754730642047443,70.49982801172477,-0.29672927846316216,-0.16711603332293104,0.3405525411604791,False,240.6120664827333
2020-09-19 20:00:00,588891.7779,2085472.80572,4.799926683327254e-10,-15.768515797005318,70.49719173208352,-0.2453842217648898,-0.16475886787569044,0.2955653918083777,False,236.12131689349656
2020-09-19 20:30:00,589322.62001,2085666.19339,0.0,-15.77808766869552,70.49443407491003,-0.18262311821431126,-0.14435778713565472,0.2327882600412257,False,231.67474702450303
2020-09-19 21:00:00,589665.75955,2085794.14612,2.3283064365386963e-10,-15.785896626565243,70.4924655090953,-0.13674619920720163,-0.106883887813296,0.17356177134294556,False,231.98802127839494
2020-09-19 21:30:00,589901.01714,2085902.54009,2.3283064365386963e-10,-15.791100901592863,70.49093475575137,-0.04441386490374161,-0.06465106905019427,0.07843693087456187,False,214.48821056765655
2020-09-19 22:00:00,589882.95203,2085974.59531,0.0,-15.790123183795949,70.49034888153413,0.05768151472707649,-0.07832884101904725,0.09727571370386917,False,143.63199481430513
2020-09-19 23:00:00,589716.38847,2086394.31304,0.0,-15.782869440691812,70.48708780183506,0.11211306543063825,-0.13075765915077867,0.17224083391241982,False,139.38984738816862
2020-09-19 23:30:00,589492.41743,2086818.73373,2.6031257322754127e-10,-15.774124622035284,70.4839271659888,0.2125544872203478,-0.2356457777979424,0.31734577771179223,False,137.94927262581814
2020-09-20 00:00:00,589210.62237,2087418.70592,0.0,-15.762652622596928,70.47937238232512,0.23868634366673905,-0.2974122616076046,0.38134659301945634,False,141.2514333018015
2020-09-20 00:30:00,588956.31378,2088082.57857,2.3283064365386963e-10,-15.75142645095225,70.47418957335148,0.26354870949944853,-0.3262277388459161,0.4193834282268959,False,141.06639046101668
2020-09-20 01:00:00,588616.28817,2088806.58327,2.3283064365386963e-10,-15.737597290402736,70.46869103945164,0.2968822653130516,-0.36854898941988606,0.4732519805133714,False,141.1470424450385
2020-09-20 01:30:00,588287.46614,2089649.50576,0.0,-15.723209907494875,70.46212260854247,0.3292208282912264,-0.4569425558639485,0.5631898908363314,False,144.22776868707
2020-09-20 02:00:00,587921.21812,2090711.20066,4.799926683327254e-10,-15.706318963328881,70.45372956388718,0.366445202132165,-0.5202192249217849,0.636325489151508,False,144.8389290749521
2020-09-20 02:30:00,587524.49637,2091809.48548,2.6031257322754127e-10,-15.688407786717404,70.44508924411873,0.3813828659340367,-0.5635257952544168,0.68045147684841,False,145.9106526114715
2020-09-20 03:00:00,587147.95813,2093035.57868,2.3283064365386963e-10,-15.670114582553536,70.43527802984157,0.35683178049809405,-0.6593065091294595,0.7496759250195474,False,151.57673324289976
2020-09-20 03:30:00,586928.72596,2094441.73907,2.6031257322754127e-10,-15.654549853914956,70.42350153182521,0.3146124685409168,-0.7390000545057974,0.8031824736141725,False,156.93922326299378
2020-09-20 04:00:00,586775.23959,2095902.91262,4.799926683327254e-10,-15.64027991699183,70.41108027725662,0.22914414075576897,-0.8063308650082496,0.8382580158326264,False,164.13584243511264
2020-09-20 04:30:00,586916.93451,2097459.44489,0.0,-15.632830304891574,70.39709887543437,0.1281375257927298,-0.8204882030299131,0.8304336920113119,False,171.1236869572973
2020-09-20 05:00:00,587126.96254,2098871.71165,4.656612873077393e-10,-15.628142759969803,70.38421314725572,0.05796687993796412,-0.7481424120891516,0.7503847199512502,False,175.56951301241912
2020-09-20 05:30:00,587441.52785,2100109.40389,9.313225746154785e-10,-15.627341685065769,70.37260019464333,-0.0044291516567359634,-0.6669870640823161,0.6670017698908647,False,180.38046909805632
2020-09-20 06:00:00,587789.13937,2101179.80911,4.656612873077393e-10,-15.62856059630566,70.36237151170964,-0.04085731693417416,-0.6196319058921793,0.6209774707238855,False,183.77251064669264
2020-09-20 06:30:00,588184.11976,2102217.98208,9.313225746154785e-10,-15.631203494291473,70.35230891431772,-0.08101840592186124,-0.6071750813913267,0.6125565782527225,False,187.60036651668986
2020-09-20 07:00:00,588658.9782,2103206.21077,9.385703304198744e-10,-15.63621479862149,70.34248779712328,-0.12365456771160191,-0.5887496860238017,0.6015950838471573,False,191.8613760922467
2020-09-20 07:30:00,589184.06749,2104139.06101,4.799926683327254e-10,-15.64288100815129,70.3330282822161,-0.1371929498484554,-0.4900588905948496,0.5089004045382314,False,195.6396943585185
2020-09-20 08:00:00,589610.28264,2104771.90415,4.799926683327254e-10,-15.649166526599812,70.32643898418678,-0.11939336435812545,-0.35934012820283284,0.37865565252559014,False,198.37944161314476
2020-09-20 08:30:00,589946.90126,2105268.79141,4.799926683327254e-10,-15.65414846569937,70.32126023820834,-0.06549959256861745,-0.26853967889186986,0.27641229308046966,False,193.70738589899213
2020-09-20 09:00:00,590098.19111,2105639.16305,5.987535072545833,-15.655346929946774,70.31764453240002,-0.011123978348865173,-0.22365339255567968,0.2239298615548426,False,182.84740692707658
2020-09-20 09:30:00,590202.73236,2106033.26786,1.1641532182693481e-10,-15.655197972375623,70.31393566749907,0.04705693555119593,-0.2600888591406475,0.264311501513939,False,169.74462272155574
2020-09-20 10:00:00,590187.73422,2106586.46185,0.0,-15.650910155056447,70.30912659389743,0.12428456410262734,-0.28246680912304617,0.30860030967310365,False,156.2506468825846
2020-09-20 11:00:00,589967.97351,2107683.09092,4.799926683327254e-10,-15.637625939563325,70.30005890641829,0.15968944348171332,-0.28519837715701785,0.32686210042232783,False,150.75448450794153
2020-09-20 11:30:00,589772.45915,2108301.96964,4.799926683327254e-10,-15.628332483176345,70.29511628489588,0.17305188458772033,-0.3112715292642991,0.3561417129316602,False,150.92806178342067
2020-09-20 12:00:00,589669.89805,2108930.07027,1.1641532182693481e-10,-15.621320954062972,70.2898646038766,0.1833579582603141,-0.3397155293202121,0.3860398706334658,False,151.64250190306666
2020-09-20 12:30:00,589466.07334,2109657.51928,4.799926683327254e-10,-15.61106267264108,70.28399003549603,0.209814252785412,-0.37153358486724986,0.4266839876960591,False,150.54550271950785
2020-09-20 13:00:00,589302.36505,2110421.51489,4.799926683327254e-10,-15.601563778053285,70.27769637741918,0.21371667443594436,-0.4236333484717398,0.47448923156309664,False,153.2297400892245
2020-09-20 13:30:00,589135.20529,2111333.32987,4.656612873077393e-10,-15.590945442263246,70.27011519917083,0.17892094028981165,-0.4767547951897282,0.5092227779769773,False,159.42942755291125
2020-09-20 14:00:00,589143.24034,2112247.7977,4.656612873077393e-10,-15.584725884806272,70.26208182767995,0.13140399710448417,-0.5237807701864033,0.540012319926219,False,165.9165304119038
2020-09-20 14:30:00,589186.13705,2113276.70693,0.0,-15.578585680460007,70.25295998936225,0.12113443701667116,-0.6199207531828096,0.6316449097856229,False,168.94354279742095
2020-09-20 15:00:00,589322.52568,2114514.64056,0.0,-15.573337132341646,70.24177748775661,0.07949364394229802,-0.7388033329687651,0.7430676982839322,False,173.8587248539077
2020-09-20 15:30:00,589624.51789,2115915.58569,0.0,-15.571114496136584,70.22876146904323,0.010549661834292456,-0.811881381093004,0.8119499198413049,False,179.25553523444307
2020-09-20 16:00:00,590070.51305,2117340.33678,0.0,-15.572344186243821,70.2151847909121,-0.05329441745958946,-0.8463828210366934,0.8480590632016076,False,183.6030021469836
2020-09-20 16:30:00,590627.31122,2118799.21043,0.0,-15.576113864744496,70.20103803346176,-0.13276147894865722,-0.8806210302995896,0.8905722931343336,False,188.57328716649744
2020-09-20 17:00:00,591382.16797,2120265.80832,1.1641532182693481e-10,-15.58479013952631,70.18633906363101,-0.20925850764497522,-0.8850059908530322,0.909408998673072,False,193.3031856354503
2020-09-20 17:30:00,592208.91454,2121665.70156,0.0,-15.595721174136944,70.17204804985923,-0.2755826248266827,-0.8561337817110579,0.8993947049506359,False,197.84295232640753
2020-09-20 18:00:00,593166.35016,2122967.69254,4.656612873077393e-10,-15.610593013574887,70.15829400871884,-0.3355757404165076,-0.8166137042126831,0.8828754269227606,False,202.33951152144908
2020-09-20 18:30:00,594163.52131,2124171.97985,9.385703304198744e-10,-15.62712209579593,70.14529712469148,-0.3398818963275587,-0.7580031231031166,0.8307156180578862,False,204.15104222471348
2020-09-20 19:00:00,595079.77124,2125266.03236,2.3283064365386963e-10,-15.642378508393634,70.13346282066713,-0.32635152243728305,-0.6855785091691733,0.7592912540203256,False,205.45554871499513
2020-09-20 19:30:00,595960.34818,2126231.87159,4.799926683327254e-10,-15.657623541880854,70.12283792636056,-0.2791355297538485,-0.6429325701403484,0.7009129287709249,False,203.4685517396907
2020-09-20 20:00:00,596672.04144,2127223.4926,5.206251464550825e-10,-15.668454906088567,70.11240064795012,-0.20177683579840908,-0.6274491663826267,0.6590950977355782,False,197.82689573809967
2020-09-20 20:30:00,597269.79188,2128210.57406,0.0,-15.676463261102803,70.10228245218127,-0.1641038727602337,-0.6037490318039405,0.6256540373553922,False,195.20608818255448
2020-09-20 21:00:00,597828.12979,2129156.51114,1.1641532182693481e-10,-15.683768652812542,70.09262114915404,-0.1363688415578729,-0.5916659013773998,0.6071778979842458,False,192.97903689324653
2020-09-20 21:30:00,598318.23895,2130128.55663,4.799926683327254e-10,-15.68918319755432,70.08289853584324,-0.055980123612269644,-0.5624799062641734,0.5652587188098901,False,185.683576336211
2020-09-20 22:00:00,598569.72815,2131051.49864,0.0,-15.688990064310731,70.07419315403234,0.004143405372895426,-0.5314239977485389,0.5314401501496883,False,179.5532854531454
2020-09-21 03:00:00,601553.23963,2144237.04244,9.768320848560915,-15.671155266121952,69.95130968271185,0.1848212233734733,-1.075376354937954,1.0911430654909133,False,170.24804535275615
2020-09-21 03:30:00,601755.78477,2146190.62822,9.313225746154785e-10,-15.662603702896458,69.93368950710637,0.1205035409008901,-1.0834875203434173,1.0901680192106076,False,173.65374693132287
2020-09-21 04:00:00,602188.576,2148109.88004,0.0,-15.659998887807296,69.91580366071996,0.056296737844170885,-1.0915736731409333,1.0930244309192199,False,177.0476475822574
2020-09-21 14:30:00,612358.06712,2174900.01461,0.0,-15.724930684460398,69.65592416459911,-0.09392462937362864,-0.8145363538431788,0.8199337215501712,False,186.57775635412838
2020-09-21 15:00:00,612918.16318,2176265.48751,1.1641532182693481e-10,-15.729215061614992,69.64257146788569,-0.0975163512427159,-0.8223290063725314,0.8280908364915818,False,186.76286946188026
2020-09-21 15:30:00,613498.51453,2177654.37442,0.0,-15.733826842438457,69.62896307987292,-0.12120401780650203,-0.8205281548511094,0.8294316529020369,False,188.40266252725132
2020-09-21 16:00:00,614139.15476,2178990.39128,0.0,-15.740264107251932,69.6156687693789,-0.1457711547726294,-0.8244057038051427,0.8371941196820475,False,190.02737619217112
2020-09-21 16:30:00,614808.7243,2180368.58453,5.206251464550825e-10,-15.747107800281983,69.60193267271838,-0.16524155241081886,-0.8478823040447229,0.8638339957163791,False,191.0279920499014
2020-09-21 17:00:00,615540.08836,2181766.76588,0.0,-15.75530838571641,69.58786793023427,-0.21790509680030445,-0.8357858680354247,0.8637248684733341,False,194.61278640768575
2020-09-21 17:30:00,616380.69684,2183051.36852,0.0,-15.766932711095253,69.57452768276782,-0.2606928365476884,-0.7851505942713062,0.8272981389510464,False,198.36766760257308
2020-09-21 18:00:00,617211.31351,2184231.94708,4.656612873077393e-10,-15.77901334565248,69.56212283679537,-0.2849238053797295,-0.765776884328035,0.817065365465468,False,200.4088029849728
2020-09-21 18:30:00,618117.42043,2185425.35944,1.1641532182693481e-10,-15.792823947851987,69.54941719376245,-0.3013052937648433,-0.7617299813460551,0.8191565445824015,False,201.58146941100003
2020-09-21 19:00:00,619001.39146,2186575.45023,4.656612873077393e-10,-15.806378114847195,69.5371446912992,-0.31953490887920255,-0.7544220674929165,0.81930166233978,False,202.95505081551255
2020-09-21 19:30:00,619964.03174,2187725.24949,2.3283064365386963e-10,-15.82182540354094,69.52467796348688,-0.34874767124445993,-0.7027003246135243,0.7844824309125006,False,206.3950412472069
2020-09-21 20:00:00,620899.03806,2188667.02518,0.0,-15.838014325272697,69.51410117774292,-0.34623359479612215,-0.625786391556419,0.7151827109366173,False,208.95477292358555
2020-09-21 20:30:00,621777.99368,2189552.37966,1.1641532182693481e-10,-15.853217466747523,69.50415644812614,-0.33331540093501016,-0.5792530023917559,0.6683062152040262,False,209.91710520189758
2020-09-21 21:00:00,622622.98597,2190345.22953,9.385703304198744e-10,-15.868220448101443,69.49510525271506,-0.308682615032153,-0.5243984929308947,0.6085053296490359,False,210.48282457898912
2020-09-21 21:30:00,623363.0871,2191064.42836,4.799926683327254e-10,-15.881179850286165,69.48695931261972,-0.2364559366584199,-0.45081645104839146,0.5090647134862889,False,207.6772801852486
2020-09-21 22:00:00,623885.84296,2191673.28669,1.1641532182693481e-10,-15.889632950724636,69.48032112180974,-0.15759845165744873,-0.40684452037747815,0.43630234439664134,False,201.17476172386222
2020-09-21 22:30:00,624309.76023,2192317.77275,0.0,-15.895446009035712,69.47361687885063,-0.10131808164864309,-0.4057216654934193,0.4181810893855856,False,194.0213118178499
2020-09-21 23:00:00,624636.67396,2192978.13852,2.3283064365386963e-10,-15.89880180467407,69.46701531526656,-0.06707389324953122,-0.40150225142582163,0.4070662907385641,False,189.4840991121523
2020-09-21 23:30:00,624937.94326,2193641.74273,4.799926683327254e-10,-15.90151365432771,69.46044924345793,-0.05155343305901361,-0.3912969906750403,0.3946784658066776,False,187.50549907957156
2020-09-22 00:00:00,625201.11815,2194282.0542,9.313225746154785e-10,-15.903464070736641,69.45418222994864,-0.0445544255233722,-0.39063833505995665,0.39317096237150156,False,186.50677753278302
2020-09-22 00:30:00,625477.55007,2194950.26305,9.385703304198744e-10,-15.905541447879736,69.44763760429234,-0.06006158193386467,-0.39621155706698286,0.4007380585592556,False,188.61982230445506
2020-09-22 01:00:00,625799.95934,2195594.55124,4.799926683327254e-10,-15.908891731349053,69.44118764716993,-0.08005247817503457,-0.4056232314240858,0.41344722170173287,False,191.1642359339486
2020-09-22 01:30:00,626154.96615,2196275.58255,4.799926683327254e-10,-15.91277368096686,69.43433420499255,-0.052435811324645754,-0.4172472265744569,0.42052914571210165,False,187.1628584452631
2020-09-22 02:00:00,626393.32814,2196987.32602,5.206251464550825e-10,-15.913628568799176,69.42750291438338,-0.04771963528413323,-0.3952671728165619,0.3981372897607664,False,186.8838633648898
2020-09-22 02:30:00,626710.33217,2197596.90801,4.799926683327254e-10,-15.917081418681564,69.42137014504532,-0.051389635193845276,-0.4328481390150688,0.43588806596896507,False,186.77071353352983
2020-09-22 03:00:00,626998.58237,2198435.09902,0.0,-15.918267588435,69.41330615815535,-0.05578046464794016,-0.4822321176413634,0.48544750027290684,False,186.59815984010356
2020-09-22 03:30:00,627379.57684,2199211.29823,0.0,-15.922113278275035,69.4055534036718,-0.09585745140392934,-0.5117745797698958,0.5206744390579493,False,190.6088090733283
2020-09-22 04:00:00,627835.85325,2200112.1374,9.313225746154785e-10,-15.926912526879676,69.3965202278121,-0.14772912717069478,-0.5617332404497509,0.5808339938750081,False,194.73446111595092
2020-09-22 04:30:00,628445.91095,2201009.97066,9.313225746154785e-10,-15.935429752153187,69.38712845895303,-0.21702071500531123,-0.5938602282399483,0.6322720628231332,False,200.0743622339718
2020-09-22 05:00:00,629174.07264,2201953.37656,9.385703304198744e-10,-15.94646729265935,69.37704120505978,-0.23153471231246417,-0.6511711675462931,0.6911094070038535,False,199.57368715926975
2020-09-22 05:30:00,629891.40875,2203034.97673,1.1641532182693481e-10,-15.956283859350059,69.36576947488979,-0.20152196269187111,-0.7025729900662367,0.7309034873482245,False,196.00470203937522
2020-09-22 06:00:00,630566.9043,2204185.75421,9.313225746154785e-10,-15.964608957170503,69.35399576593848,-0.20081013730777889,-0.7407070804529855,0.7674449102565959,False,195.16862233261423
2020-09-22 06:30:00,631319.85975,2205399.84477,1.1641532182693481e-10,-15.974349504266863,69.34147251609009,-0.2588072149300147,-0.7328756504997955,0.7772309139472833,False,199.4501298704932
2020-09-22 07:00:00,632188.72544,2206465.81458,1.1641532182693481e-10,-15.987878149612355,69.32995501892086,-0.34212826183589984,-0.6890640645806931,0.7693250500557743,False,206.40492906490104
2020-09-22 07:30:00,633187.13077,2207445.28309,1.1641532182693481e-10,-16.005093562387493,69.31886838120357,-0.3692092356752905,-0.677359988649916,0.7714479982032143,False,208.59351706966999
2020-09-22 08:00:00,634138.70593,2208443.30971,1.1641532182693481e-10,-16.021040602610547,69.30773488504329,-0.35508462679464436,-0.7028978149531969,0.7874963050401383,False,206.80164896682567
2020-09-22 08:30:00,635114.16142,2209524.63454,0.0,-16.03696917642829,69.29580991343454,-0.391676618254269,-0.6956897057590645,0.7983700520349158,False,209.37971832747837
2020-09-22 09:00:00,636185.75059,2210460.79428,9.313225746154785e-10,-16.056180757665505,69.28491207843766,-0.4489012088877843,-0.6457207598685103,0.7864271072808213,False,214.8067955570457
2020-09-22 09:30:00,637310.10133,2211311.58388,9.313225746154785e-10,-16.077223150507464,69.27462609254545,-0.46253442405969225,-0.5921636082134389,0.751395922488664,False,217.99312045867038
2020-09-22 10:00:00,638376.11245,2212048.0803,5.024035831327959,-16.097638679540815,69.26548524447144,-0.4252653387482104,-0.5449683949000134,0.6912605585309544,False,217.96664786218955
2020-09-22 10:30:00,639325.0108,2212772.04999,1.1641532182693481e-10,-16.115324182199423,69.25674753487831,-0.3919956051164178,-0.5114835279792883,0.6444190824492443,False,217.4661765101376
2020-09-22 11:00:00,640242.94798,2213425.36076,4.799926683327254e-10,-16.132743616263813,69.24870468239732,-0.37092693313708913,-0.4604397341305393,0.5912626645516258,False,218.85466835266374
2020-09-22 11:30:00,641068.345,2213993.31663,4.799926683327254e-10,-16.148530314785248,69.24164154079288,-0.3177322670466113,-0.39750983264759654,0.5088888489386453,False,218.63557813565765
2020-09-22 12:00:00,641739.66436,2214481.79985,4.656612873077393e-10,-16.161178632256142,69.23566325636104,-0.2369749472430951,-0.32699491731586317,0.40383511681288425,False,215.93104240594425
2020-09-22 12:30:00,642215.39925,2214886.52414,4.799926683327254e-10,-16.16973242169394,69.23091348898448,-0.15134703752613393,-0.30527263909293145,0.34073055329204066,False,206.3711389015478
2020-09-22 13:00:00,642569.00848,2215385.57497,4.656612873077393e-10,-16.17471618612228,69.22564766810403,-0.09530786950438372,-0.313100162206632,0.32728474080421766,False,196.93027911478393
2020-09-22 13:30:00,642858.91632,2215873.48923,0.0,-16.178255273565927,69.2206408849621,-0.07727788334587478,-0.3036562123818848,0.3133352303404948,False,194.2781850657977
2020-09-22 14:00:00,643140.77614,2216357.93352,1.1641532182693481e-10,-16.181624791140557,69.21568479182896,-0.027356049243236383,-0.3149837914635775,0.3161694835289593,False,184.9636303232353
2020-09-22 14:30:00,643269.50695,2216935.06243,4.656612873077393e-10,-16.180701327687622,69.21030629160803,0.055419328021474826,-0.3797574549741644,0.3837799193897543,False,171.69723646290697
2020-09-22 15:00:00,643330.14362,2217726.50205,0.0,-16.17667391835403,69.20322476113093,0.07085944875928726,-0.454080363947187,0.45957593322636014,False,171.13050163213995
2020-09-22 15:30:00,643479.93748,2218576.09902,0.0,-16.17437131446777,69.1954076144221,0.06109338118795049,-0.4850267691531478,0.4888592517485142,False,172.8209010154452
2020-09-22 16:00:00,643605.30816,2219464.75086,1.1641532182693481e-10,-16.171219141621012,69.18731045219702,0.09897720065350774,-0.5379199625284836,0.5469500638411608,False,169.57419893849465
2020-09-22 16:30:00,643677.05313,2220535.22793,0.0,-16.165538230765556,69.17775749784336,0.11879098983723665,-0.6137127231394616,0.6251036760488325,False,169.04522805907857
2020-09-22 17:00:00,643809.68641,2221705.82409,4.656612873077393e-10,-16.160620866969662,69.1671732238222,0.07372759072078759,-0.6677356415864735,0.6717936027370247,False,173.69924640613385
2020-09-22 17:30:00,644091.18738,2222917.96311,0.0,-16.158962205003014,69.15584730901585,0.058804641721329765,-0.7353092745747962,0.7376569088429167,False,175.42763500759764
2020-09-22 18:00:00,644343.05335,2224307.27455,0.0,-16.155381228424325,69.14304517003578,0.03514320806966825,-0.8057677785987511,0.8065337922873375,False,177.5026524268875
2020-09-22 18:30:00,644776.7857,2225739.37994,0.0,-16.155829530082624,69.12940677446109,-0.021149196526406677,-0.8350541157616513,0.8353218929036793,False,181.45080502689268
2020-09-22 19:00:00,645252.65954,2227173.56496,2.3283064365386963e-10,-16.157263131044047,69.11564295586871,-0.058184076516697214,-0.8302289307230136,0.8322652607009255,False,184.0088463766088
2020-09-22 19:30:00,645809.6892,2228551.8619,4.799926683327254e-10,-16.161003827645196,69.10216222875401,-0.09597487011519495,-0.7992598899964419,0.8050015822659934,False,186.84727376940998
2020-09-22 20:00:00,646385.38596,2229841.02965,0.0,-16.16579460642244,69.08941408922104,-0.11094154806649872,-0.7471254717428033,0.7553174813376806,False,188.44620062361685
2020-09-22 20:30:00,646942.13375,2231023.96781,9.385703304198744e-10,-16.17086044240142,69.07764371207523,-0.16358114440381388,-0.689592790204049,0.7087291493270662,False,193.34471212210576
2020-09-22 21:00:00,647642.37122,2232061.33532,4.656612873077393e-10,-16.180317778548304,69.06678297104843,-0.2045504665581651,-0.6398314589177773,0.6717329746186459,False,197.72878155271323
2020-09-22 21:30:00,648291.21331,2233030.92142,1.1641532182693481e-10,-16.18901490094415,69.0566455035176,-0.24494309215427523,-0.5645202762214534,0.6153700193048438,False,203.45582923847297
2020-09-22 22:00:00,649055.81258,2233767.17227,0.0,-16.202044985759898,69.04825569904429,-0.29161326598072745,-0.47222650982658904,0.5550100661059654,False,211.69650683291542
2020-09-22 22:30:00,649773.67407,2234370.49557,4.656612873077393e-10,-16.21487370512619,69.04114730635436,-0.2436825443913947,-0.4070487943733094,0.4744153280005071,False,210.90713661681002
2020-09-22 23:00:00,650307.36559,2234929.29146,2.3283064365386963e-10,-16.22364729226326,69.03489669567628,-0.16326792873415658,-0.3429731294961865,0.3798512657732623,False,205.45618048140295
2020-09-22 23:30:00,650682.99348,2235391.81703,0.0,-16.229343135371053,69.02989100061993,-0.11520511002745344,-0.2494382437832232,0.27475744728413887,False,204.7902435070328
2020-09-23 00:00:00,650956.54632,2235675.57306,4.656612873077393e-10,-16.23385459512176,69.02671005274118,-0.08973843431117794,-0.2094376846709673,0.22785330884794525,False,203.1938354371195
2020-09-23 00:30:00,651203.95136,2236025.41698,0.0,-16.237292428967045,69.02301713183857,-0.07031472969501497,-0.26735472777814673,0.27644658015141005,False,194.73518918261416
2020-09-23 01:00:00,651468.7064,2236528.87863,9.313225746154785e-10,-16.240082065848753,69.01793522735505,-0.03972835490246339,-0.3210638758390177,0.3235125261130212,False,187.05390767539552
2020-09-23 01:30:00,651664.50928,2237095.12937,4.799926683327254e-10,-16.240810674903734,69.01247944761528,0.01735292548858179,-0.3418845050394803,0.3423246102883967,False,177.0943494467761
2020-09-23 02:00:00,651752.94839,2237728.01951,1.1641532182693481e-10,-16.238546739179643,69.00671404090816,0.0818312247086446,-0.4036233127546899,0.41183507370838013,False,168.53910854726973
2020-09-23 03:00:00,651849.73695,2239311.31161,1.1641532182693481e-10,-16.229952829523643,68.99260758770232,0.10228820588309141,-0.45420279806956,0.4655781984124678,False,167.30850159600544
2020-09-23 03:30:00,651908.11607,2240237.34886,0.0,-16.22497341854624,68.98435210422629,0.11639629583845068,-0.5717054942823343,0.5834340321557531,False,168.49215716923817
2020-09-23 04:00:00,652022.46338,2241404.55987,1.1641532182693481e-10,-16.21966342762952,68.97384238199638,0.12031887104744816,-0.6645904190041687,0.6753940003896014,False,169.73820053087456
2020-09-23 04:30:00,652160.49013,2242655.63395,5.206251464550825e-10,-16.2143420046214,68.9625377597386,0.07246800682513654,-0.7075615877295314,0.7112629699650779,False,174.15219319427632
2020-09-23 05:00:00,652483.22003,2243923.31009,0.0,-16.213261187690083,68.95061719900836,0.000530031137145559,-0.7255437453428755,0.7255439389445505,False,179.95814374810396
2020-09-23 05:30:00,652887.95133,2245164.24427,1.1641532182693481e-10,-16.214294039777585,68.93872175571984,-0.0277263058311627,-0.7109210045788246,0.711461469642881,False,182.23343463878393
2020-09-23 06:00:00,653293.70392,2246352.95518,0.0,-16.215706922163996,68.92728070970162,-0.05972188660524927,-0.6873965475507651,0.6899860269051842,False,184.96546157963917
2020-09-23 06:30:00,653785.44737,2247480.3848,1.1641532182693481e-10,-16.219558416562226,68.9161569828048,-0.08157407331738145,-0.6808860814090567,0.6857551934139253,False,186.83180191846895
2020-09-23 07:00:00,654260.34583,2248624.55713,0.0,-16.22289574128733,68.90492926440591,-0.06348482379355,-0.6858706268052658,0.688802467741185,False,185.288282547643
2020-09-23 07:30:00,654694.70649,2249787.35355,0.0,-16.225150523044167,68.89364147798167,-0.0743058633832028,-0.6800549389163697,0.6841023909311168,False,186.23565797545018
2020-09-23 08:00:00,655201.25,2250900.50277,4.656612873077393e-10,-16.229435888123216,68.88260417892181,-0.13218438018549153,-0.6628660367407004,0.6759172235039925,False,191.27761264393695
2020-09-23 08:30:00,655818.54583,2251945.58055,1.1641532182693481e-10,-16.236779278153012,68.87188018453463,-0.13579206576866845,-0.590648511698451,0.6060570513551654,False,192.9475044591021
2020-09-23 09:30:00,656797.08856,2253757.75975,1.1641532182693481e-10,-16.24734298793726,68.8535177135785,-0.12177674643855382,-0.5546066119030314,0.5678186946021763,False,192.38409132176628
2020-09-23 10:00:00,657287.79758,2254636.86467,5.206251464550825e-10,-16.252835974313918,68.84456857418797,-0.08996175451437047,-0.5493223934962084,0.5566401074946963,False,189.30068695364565
2020-09-23 11:00:00,658093.677,2256469.59164,1.1641532182693481e-10,-16.25919173586747,68.82646516686752,-0.0760303479421196,-0.5350728732228609,0.540447586234935,False,188.08721625240383
2020-09-23 11:30:00,658490.92208,2257295.74583,0.0,-16.26284793663762,68.81821750001055,-0.12296654729583076,-0.5200455237070046,0.5343857394069854,False,193.30344275252867
2020-09-23 12:00:00,659042.93247,2258142.8749,4.799926683327254e-10,-16.269976918608986,68.80939057677399,-0.15642558133537862,-0.5440541956515487,0.5660953367606597,False,196.0409160341838
2020-09-23 12:30:00,659580.2293,2259018.13438,0.0,-16.276564210315534,68.80035451826186,-0.10801071707143928,-0.5461636228131541,0.5567414282112261,False,191.18661443015594
2020-09-23 13:00:00,659967.25826,2259921.27773,1.1641532182693481e-10,-16.279445387244515,68.79145814821155,-0.012976978083211715,-0.5463721693143482,0.546526256790503,False,181.36058597398136
2020-09-23 13:30:00,660176.45056,2260893.11569,1.1641532182693481e-10,-16.277703068678512,68.78241486089759,0.06269450372309279,-0.5706391123490006,0.5740728153636437,False,173.73022129370946
2020-09-23 14:00:00,660326.41186,2261956.49297,1.1641532182693481e-10,-16.27395590529145,68.77272134761822,0.11863923776631717,-0.6064449826147524,0.6179407622712554,False,168.93098413087898
2020-09-23 14:30:00,660378.26161,2263108.52953,2.3283064365386963e-10,-16.267319449217336,68.7625019868098,0.17327682153078144,-0.6368735929252796,0.6600248709293953,False,164.77971921596054
2020-09-23 15:00:00,660369.83075,2264332.18577,0.0,-16.25879641272682,68.75180897294747,0.161696597536407,-0.6672147468283203,0.6865284466357022,False,166.37725779153902
2020-09-23 15:30:00,660491.92995,2265577.41666,4.799926683327254e-10,-16.253177790051996,68.74059315105411,0.1292950610316294,-0.6734898291811852,0.6857884242371511,False,169.1327042553528
2020-09-23 16:00:00,660601.56332,2266790.12448,4.799926683327254e-10,-16.247495413106268,68.72969352965968,0.1240052378972423,-0.7288540484323931,0.7393277506912891,False,170.34431078955504
2020-09-23 16:30:00,660797.46625,2268221.40137,1.1641532182693481e-10,-16.242344920867588,68.71665921987994,0.08988475983694441,-0.817891411567922,0.8228156726554942,False,173.7284669120607
2020-09-23 17:00:00,661114.44677,2269707.52105,1.1641532182693481e-10,-16.239646436322722,68.70283526978994,0.06351962433548447,-0.8448808800553486,0.8472652737831413,False,175.70049146902892
2020-09-23 17:30:00,661428.51165,2271205.56409,4.656612873077393e-10,-16.236802857094993,68.68891394309686,0.05573130409765009,-0.8950930499625989,0.8968263746945516,False,176.43718408298378
2020-09-23 18:00:00,661822.80669,2272857.42937,0.0,-16.234786556134083,68.67344031994601,-0.007230993676829445,-0.9348040443218631,0.9348320108715075,False,180.44319144623853
2020-09-23 18:30:00,662394.35435,2274429.38682,1.1641532182693481e-10,-16.23742960358551,68.65821406873961,-0.09632116999178841,-0.9341419363041309,0.9390947369411767,False,185.88707282491953
2020-09-23 19:00:00,663096.06293,2275989.23853,0.0,-16.243171106908928,68.64276127789984,-0.19482295901989216,-0.9396807445805888,0.9596644658925307,False,191.71312107097015
2020-09-23 19:30:00,664013.95353,2277481.02356,9.313225746154785e-10,-16.254377058079104,68.6273520684684,-0.30421047581670274,-0.9345732675188345,0.9828383417212903,False,198.03045006277614
2020-09-23 20:00:00,665089.16685,2278912.68232,9.385703304198744e-10,-16.26961850193959,68.61206614142037,-0.3744249838057725,-0.9320342391278033,1.0044311282534488,False,201.8867483487686
2020-09-23 20:30:00,666247.92398,2280324.3465,0.0,-16.286907724922163,68.59673962375442,-0.403263140706015,-0.9063211134520145,0.9919874602740594,False,203.986438471474
2020-09-23 21:00:00,667397.68605,2281637.36324,0.0,-16.304631907274974,68.58229761950086,-0.41681077124030735,-0.8376633379022957,0.9356340559682271,False,206.4543617328711
2020-09-23 21:30:00,668534.70494,2282797.39331,2.3283064365386963e-10,-16.323073566762442,68.56922546690018,-0.409077181731043,-0.8001473992461412,0.8986545504994544,False,207.0784929112454
2020-09-23 22:00:00,669620.58586,2283987.88515,9.599853366654507e-10,-16.34010540887459,68.55601532730145,-0.3957711652035901,-0.7876249606665187,0.8814691678507777,False,206.6789253811316
2020-09-23 22:30:00,670699.65357,2285117.47101,9.313225746154785e-10,-16.35737192574203,68.54335371815765,-0.38285017155965495,-0.7445472155445567,0.8372125238184208,False,207.21247063003858
2020-09-23 23:00:00,671697.92598,2286171.60756,0.0,-16.373265824650257,68.53155822188458,-0.36565025324855743,-0.6921994731686798,0.7828411194844915,False,207.84498748135053
2020-09-23 23:30:00,672665.06737,2287137.26254,4.656612873077393e-10,-16.389024718837067,68.52061554517176,-0.3372591400050009,-0.6590442815042659,0.740326341892808,False,207.10062988473607
2020-09-24 00:00:00,673532.16217,2288105.1883,4.799926683327254e-10,-16.402446917139812,68.50990894968696,-0.29832222961083993,-0.6409723516119601,0.7069948431289643,False,204.95827496686167
2020-09-24 00:30:00,674346.91686,2289047.58472,4.799926683327254e-10,-16.414823676276008,68.49955939875281,-0.2967490016364811,-0.6222355215867313,0.6893743644033768,False,205.49684048246095
2020-09-24 01:00:00,675189.9301,2289952.04433,2.3283064365386963e-10,-16.428096642513925,68.48946777364964,-0.26600527578078276,-0.6013247503347601,0.6575334684321185,False,203.86294149002111
2020-09-24 01:30:00,675877.6638,2290853.152,4.799926683327254e-10,-16.437807475949704,68.47980516068263,-0.21253201368163446,-0.6140738907454277,0.6498127423610575,False,199.09082357741912
2020-09-24 02:00:00,676549.33506,2291855.84676,9.385703304198744e-10,-16.44645068808324,68.46929412948138,-0.20961651984385427,-0.628535700892317,0.6625678928892081,False,198.44353157039808
2020-09-24 02:30:00,677242.02949,2292809.65326,0.0,-16.455900654952202,68.4591559364635,-0.20061733239948032,-0.5916601742549632,0.6247472095643941,False,198.73052682145175
2020-09-24 03:00:00,677845.3478,2293693.9862,1.1641532182693481e-10,-16.463760308520015,68.4498561680761,-0.17873561226442752,-0.5747742799902004,0.6019234935021169,False,197.2739496587381
2020-09-24 03:30:00,678445.52178,2294611.64339,4.656612873077393e-10,-16.471314815664698,68.44027232701892,-0.13294578215569597,-0.5907101080946725,0.6054857659748984,False,192.6837077276927
2020-09-24 04:00:00,678907.26529,2295597.57121,9.313225746154785e-10,-16.475222056297223,68.4304487962382,-0.08489310855428903,-0.6014077077537071,0.6073697974262292,False,188.0346356768049
2020-09-24 04:30:00,679352.60383,2296601.14613,4.799926683327254e-10,-16.47862968657717,68.42051302007673,-0.026870626714522117,-0.5888761845557186,0.5894889238288806,False,182.61261424169624
2020-09-24 05:00:00,679601.3676,2297603.01021,1.1641532182693481e-10,-16.47753828258244,68.41110090483603,0.06737938189353398,-0.5800621189819611,0.5839623643542429,False,173.37427843568992
2020-09-24 05:30:00,679712.30256,2298672.40973,4.799926683327254e-10,-16.472830805539935,68.40145428350024,0.14767548215627171,-0.6159575909496126,0.6334128210563293,False,166.5178421192852
2020-09-24 06:00:00,679720.33786,2299880.19071,1.1641532182693481e-10,-16.464832747484564,68.39086234694363,0.20608555844230778,-0.6404884006595767,0.6728273543621278,False,162.1637385022923
2020-09-24 06:30:00,679654.33096,2301093.89437,1.1641532182693481e-10,-16.45510669934874,68.38040938041613,0.24768833386447386,-0.6625542117151262,0.7073383873324077,False,159.50231677650265
2020-09-24 07:00:00,679540.82112,2302420.27326,4.656612873077393e-10,-16.443541223598213,68.36909196360405,0.23206440692718622,-0.7085165077900819,0.7455531709901849,False,161.86453443681899
2020-09-24 07:30:00,679575.08515,2303776.71565,5.206251464550825e-10,-16.435165876175425,68.35712864155091,0.17638948959354322,-0.7500507530358179,0.7705124166219959,False,166.76621472164084
2020-09-24 08:00:00,679695.72804,2305189.78915,9.313225746154785e-10,-16.428393115800056,68.34444580254846,0.13907113511319413,-0.7919047904773281,0.8040236176895634,False,170.03951380833115
2020-09-24 08:30:00,679901.13924,2306652.77759,4.656612873077393e-10,-16.423229265106322,68.3311065749752,0.09064310686240015,-0.8476370492869278,0.8524697884063213,False,173.8962014304372
2020-09-24 09:00:00,680245.47654,2308209.03906,4.656612873077393e-10,-16.420616952085037,68.31659168852892,0.040794915962812955,-0.8897717338318755,0.8907064406944607,False,177.3748988884828
2020-09-24 09:30:00,680665.76336,2309766.82145,0.0,-16.419731332612816,68.30186709333663,-0.14239812671809698,-0.9778757335595263,0.9881893425742887,False,188.28516815043326
2020-09-24 11:00:00,683219.13816,2314672.78711,2.8056562030859884,-16.444954905073594,68.25231634894911,-0.22834877940213444,-1.007564104536651,1.0331159614511762,False,192.76948918762338
2020-09-24 11:30:00,684296.31248,2316259.08047,4.799926683327254e-10,-16.458809914698055,68.23564216688494,-0.31585985037868064,-0.9660023594421575,1.0163306565921633,False,198.10651655584581
2020-09-24 12:00:00,685294.93643,2317685.72728,0.0,-16.47193143028912,68.2205672765065,-0.31683516792947897,-0.8792116624542423,0.9345574733703934,False,199.8172757420815
2020-09-24 12:30:00,686287.57491,2318970.92629,2.9696843040148955,-16.48584998683756,68.2067446714973,-0.35452473393585215,-0.8021064008789802,0.8769620660572031,False,203.845052478713
2020-09-24 13:00:00,687338.19114,2320092.4179,0.0,-16.502168320244316,68.19420320552847,-0.3766302587311915,-0.7108491880362722,0.8044606391388902,False,207.91604997021904
2020-09-24 13:30:00,688314.49856,2321039.43643,0.0,-16.517956108180943,68.18337984736272,-0.3332377962142651,-0.6038578059608912,0.6897040514928424,False,208.89202748731864
2020-09-24 14:00:00,689106.40899,2321835.50992,4.799926683327254e-10,-16.53056274095746,68.1743549393391,-0.2753049404158401,-0.5543220682817864,0.618923069211002,False,206.411366213449
2020-09-24 14:30:00,689832.42245,2322670.52177,1.1641532182693481e-10,-16.541403134500992,68.16515930832865,-0.2141391605143473,-0.53489049441468,0.5761626689407864,False,201.8183026583526
2020-09-24 15:00:00,690393.64128,2323461.94128,1.1641532182693481e-10,-16.54879406041385,68.15677291657573,-0.18189645459115633,-0.48096778743381063,0.5142142867927805,False,200.7160382668154
2020-09-24 15:30:00,690953.30681,2324143.76782,7.218196795827704,-16.556882156014833,68.14934927842447,-0.15003788664908374,-0.40769466503274066,0.4344264118654411,False,200.20438874190478
2020-09-24 16:00:00,691329.6286,2324714.86613,0.0,-16.56155907774494,68.1433714724443,-0.08564207235775549,-0.33521357501995047,0.345980787668025,False,194.3316458044657
2020-09-24 16:30:00,691592.81152,2325212.58997,0.0,-16.56416634102795,68.13833018644347,-0.018593071125143912,-0.31661810594872347,0.3171635655437455,False,183.36077578052556
2020-09-24 17:00:00,691718.7375,2325788.30733,1.1641532182693481e-10,-16.563140826115937,68.13296351278301,0.05626381460150838,-0.29103511108237384,0.2964237721847602,False,169.05837889752058
2020-09-24 17:30:00,691697.34361,2326274.5834,4.799926683327254e-10,-16.55938403993168,68.12876305644512,0.10230546735446715,-0.24954342271290836,0.2697004421017682,False,157.70781281549546
2020-09-24 18:00:00,691621.7527,2326754.3729,4.799926683327254e-10,-16.554446070151904,68.12476026315746,0.12139665021541159,-0.2813305658275362,0.3064050161997428,False,156.65937113786737
2020-09-24 18:30:00,691567.0013,2327369.91347,0.0,-16.549068789607475,68.11951481179426,0.15995860104185228,-0.3793094129720476,0.4116580921304303,False,157.13435707547353
2020-09-24 19:00:00,691458.70374,2328227.34525,4.799926683327254e-10,-16.540858271750736,68.11229090130138,0.21763848374317787,-0.46515652169659055,0.5135534045091126,False,154.9259402571863
2020-09-24 19:30:00,691292.67289,2329198.23968,4.656612873077393e-10,-16.53058650770514,68.1042231713141,0.25735071416641214,-0.5244949490395833,0.5842296993905713,False,153.86448219705807
2020-09-24 20:00:00,691107.77274,2330301.08846,4.799926683327254e-10,-16.51901129328121,68.09504835159899,0.2818119033421092,-0.5949158440807463,0.6582877869166411,False,154.65306409973306
2020-09-24 20:30:00,690928.98018,2331540.00193,4.799926683327254e-10,-16.50667269858661,68.08466528535078,0.23172011006304047,-0.6339188867139617,0.6749424896539676,False,159.92082752142596
2020-09-24 21:00:00,690956.36872,2332726.15973,0.0,-16.499354200206536,68.07420826815077,0.17549996613836222,-0.616869383337422,0.6413486370248693,False,164.11889349103961
2020-09-24 21:30:00,690953.8933,2333848.72261,1.1641532182693481e-10,-16.49179349126225,68.06438499641702,0.15501941961098595,-0.5962511575959983,0.6160734237013434,False,165.42631317757633
2020-09-24 22:00:00,691030.60291,2334942.78136,4.799926683327254e-10,-16.486216381394144,68.05460556772653,0.1259188082981709,-0.6033510079606117,0.6163505375111776,False,168.21162776823638
2020-09-24 22:30:00,691135.62033,2336060.13021,4.799926683327254e-10,-16.481127197380232,68.04454844814478,0.11608408558444791,-0.5891446909473464,0.6004722989426089,False,168.85332471681556
2020-09-24 23:00:00,691231.57467,2337095.11926,4.656612873077393e-10,-16.476387431930196,68.03523574382076,0.06034841314429325,-0.5332918305223043,0.5366955444857583,False,173.5437557095226
2020-09-24 23:30:00,691471.79558,2337962.7631,4.656612873077393e-10,-16.476017895880318,68.02701472192382,-0.023145018332820455,-0.4699182865090197,0.4704879253171113,False,182.81972660217542
2020-09-25 00:00:00,691791.26685,2338693.72986,2.3283064365386963e-10,-16.478344644470816,68.01978531516859,-0.04698873879083336,-0.40069544433490617,0.40344117375882826,False,186.68841183767722
2020-09-25 00:30:00,692043.17753,2339298.03619,4.656612873077393e-10,-16.47999224113435,68.01384012392116,-0.02468890469044481,-0.3312884272585174,0.3322071101741139,False,184.26202626980648
2020-09-25 01:00:00,692214.82386,2339812.15971,0.0,-16.48043247084389,68.00889265396926,-0.049630738356925344,-0.2666798241424297,0.27125880408659697,False,190.5424828730267
2020-09-25 01:30:00,692486.8616,2340167.95492,4.656612873077393e-10,-16.484187118042936,68.00507164177463,-0.10154550366427526,-0.13053750921198246,0.1653829816689122,False,217.87944929804553
2020-09-25 02:00:00,692698.7067,2340159.05052,1.1641532182693481e-10,-16.489015461876527,68.00460052710325,-0.08367739098646745,0.022817986093438554,0.08673272883786431,False,285.2531299068729
2020-09-25 02:30:00,692752.39625,2340003.68743,1.1641532182693481e-10,-16.49125946120359,68.00582196487281,-0.022743921916197677,0.12635165043697413,0.1283823412789991,False,349.795751830023
2020-09-25 03:00:00,692648.09423,2339699.65371,0.0,-16.490937638008436,68.00875500818637,0.030443462893762027,0.22892082465590743,0.23093624313672503,False,7.575138078195664
2020-09-25 03:30:00,692413.37176,2339244.58318,1.1641532182693481e-10,-16.488685585516613,68.01334886495303,0.0836190143674301,0.3207929966087043,0.3315121207994855,False,14.609817224691028
2020-09-25 04:00:00,692031.66752,2338677.7311,9.313225746154785e-10,-16.483866855583827,68.01930253552631,0.12507394416264161,0.3780225900834331,0.39817655646934674,False,18.307503815603468
2020-09-25 04:30:00,691595.4679,2338067.39547,5.206251464550825e-10,-16.478107413373042,68.02577798910912,0.18301144580628387,0.42313181410778533,0.46101379741418996,False,23.389273644809066
2020-09-25 05:00:00,690967.81088,2337403.89984,0.0,-16.468383091048224,68.0332144806353,0.2837783362556331,0.45882389124994155,0.5394900437540561,False,31.736408017742406
2020-09-25 05:30:00,690147.52289,2336773.00107,9.313225746154785e-10,-16.454090977890374,68.0408630973157,0.37183836346308957,0.45325090599603646,0.5862594582001527,False,39.3647979596156
2020-09-25 06:00:00,689221.83817,2336218.17927,0.0,-16.43690472297465,68.04811622175522,0.4060343173747001,0.4411546654562455,0.5995675989742529,False,42.62615396855796
2020-09-25 16:30:00,671680.23632,2333703.70766,1.1641532182693481e-10,-16.056732431908966,68.11498004137138,0.37320162493636705,0.24289076928511677,0.44528123546704795,False,56.94271896742384
2020-09-25 17:00:00,670913.75435,2333469.36258,4.656612873077393e-10,-16.040880243319595,68.11897154002621,0.3489985859430568,0.2705579448340125,0.4415898713773424,False,52.21569685959025
2020-09-25 17:30:00,670203.6183,2333114.79328,9.385703304198744e-10,-16.027083964232897,68.12387442229426,0.3729849746811572,0.37711306485974644,0.5304074424683489,False,44.684681542443684
2020-09-25 18:00:00,669248.37518,2332535.245,4.656612873077393e-10,-16.009184262903023,68.13136798263798,0.43463258632603585,0.48677073775541274,0.6525727823250123,False,41.76133817634337
2020-09-25 18:30:00,668216.33316,2331861.9047,1.1641532182693481e-10,-15.990138963286972,68.13987575693118,0.4488813193476659,0.49433973962118466,0.6677321446718301,False,42.24077212133807
2020-09-25 19:00:00,667204.68967,2331269.63222,4.799926683327254e-10,-15.971015355147292,68.14761804013877,0.43334646483946204,0.44385758415887455,0.6203214598933455,False,44.313484753506316
2020-09-25 19:30:00,666276.84178,2330754.94286,2.3283064365386963e-10,-15.953278709894574,68.15446633172174,0.4217297466817752,0.4081580455033498,0.5868977503325336,False,45.93691206892362
2020-09-25 20:00:00,665341.07429,2330274.14422,2.3283064365386963e-10,-15.935131049025461,68.16103471099402,0.4063665621821583,0.3857751680691462,0.5603180018155082,False,46.4890445763765
2020-09-25 20:30:00,664488.84667,2329821.16202,0.0,-15.918692115832897,68.16714734694303,0.3861729805718053,0.36598654094518435,0.5320486059343948,False,46.53733375781428
2020-09-25 21:00:00,663642.79522,2329388.4188,0.0,-15.90225342622624,68.17306491953045,0.37292683788365444,0.35767922735483204,0.5167289967623755,False,46.195578534505046
2020-09-25 21:30:00,662844.87723,2328950.64536,1.1641532182693481e-10,-15.88693394821672,68.17890448178879,0.31670662948911493,0.3409978315673591,0.4653843683408334,False,42.88483866458495
2020-09-25 22:00:00,662210.15961,2328519.81887,4.656612873077393e-10,-15.875276720504514,68.18427383108039,0.25584795934276133,0.29920901522202714,0.3936803437942902,False,40.533125164008595
2020-09-25 22:30:00,661664.30524,2328166.52472,0.0,-15.86513562107735,68.18873948450955,0.26910639996485797,0.2603187798825488,0.37441170075410973,False,45.95093193664451
2020-09-25 23:00:00,661022.08787,2327883.20929,4.799926683327254e-10,-15.85234299445017,68.19283013705564,0.28446325396549793,0.23878399471031247,0.37139889470278975,False,49.989247800386806
2020-09-25 23:30:00,660444.37026,2327619.32826,0.0,-15.840889425597565,68.1965882117681,0.24071048085693192,0.20783392741435683,0.31801961728618494,False,49.192060580973305
2020-09-26 00:00:00,659984.20463,2327399.96285,4.799926683327254e-10,-15.831822903054341,68.19966157449427,0.2543610276210005,0.1811771778824906,0.31228945252421675,False,54.5383541483788
2020-09-26 01:00:00,658856.01405,2327052.8083,2.3283064365386963e-10,-15.808353187213719,68.20551920017809,0.26976989998474565,0.17496239101353145,0.32153948001287735,False,57.03410777166505
2020-09-26 01:30:00,658325.16216,2326887.75041,0.0,-15.797316612417287,68.20828912976532,0.2588152469602417,0.16852240966902088,0.3088448390693039,False,56.930635650387046
2020-09-28 14:30:00,655069.28368,2297936.06619,9.958759223276259,-15.911184003808296,68.47062371329602,0.3922286111068798,0.304494981705979,0.4965485648503643,False,52.17708927776903
2020-09-28 15:00:00,654240.06356,2297602.52468,4.799926683327254e-10,-15.89425114858159,68.47562448951611,0.3045342411597327,0.2700601886597393,0.4070302317244608,False,48.43347007007662
2020-09-28 15:30:00,653748.62027,2297301.2606,1.1641532182693481e-10,-15.884892201997928,68.47949652774268,0.13707485264334246,0.22736397151048615,0.26548802377549013,False,31.085241705783176
2020-09-28 16:00:00,653541.40709,2296950.33578,4.799926683327254e-10,-15.88241501525815,68.48309417828725,0.06438376502047544,0.21742982330725572,0.2267619837222197,False,16.49469856745054
2020-09-28 17:00:00,653092.90551,2296267.10663,0.0,-15.87654932561796,68.4902109180687,0.04942175175901267,0.20804551603017604,0.2138350913372071,False,13.363070861996903
2020-09-28 17:30:00,652977.37403,2295942.75416,4.799926683327254e-10,-15.876011826698992,68.49334627540104,0.012442166157180433,0.19088040934005224,0.19128548865114883,False,3.729437384972755
2020-09-28 21:30:00,652026.37939,2294078.26808,3.874284175481316,-15.866289853864979,68.51208481839177,0.20838411615444605,0.20834183249550467,0.2946697457036514,False,45.00581359332011
2020-09-28 22:00:00,651563.05141,2293820.08748,0.0,-15.85727723954984,68.51550658896976,0.22113771479351965,0.21034953845691334,0.3052029115738192,False,46.43222822513326
2020-09-28 22:30:00,651053.66399,2293567.35378,4.656612873077393e-10,-15.847161234389198,68.51899476032837,0.2784959829803804,0.23376065553211803,0.36359875771379346,False,49.990973207686636
2020-09-28 23:00:00,650368.76988,2293284.31122,5.206251464550825e-10,-15.83318240039468,68.52318529913724,0.3549357511778529,0.2682340361166296,0.44489199317992234,False,52.92072471358773
2020-09-28 23:30:00,649560.91019,2292986.97076,5.206251464550825e-10,-15.816447586975647,68.52780588296712,0.41735459839348826,0.3347991004474455,0.5350470058421115,False,51.263644403360274
2020-09-29 00:00:00,648594.67144,2292534.17617,1.1641532182693481e-10,-15.797058674225436,68.53418292298835,0.4184306775562928,0.4172307716509761,0.5909024866529902,False,45.08226955665464
2020-09-29 01:00:00,646773.37369,2291434.1303,4.799926683327254e-10,-15.762092438963125,68.54836139421695,0.41021043810700897,0.4241174946173927,0.5900408907630711,False,44.04504952017709
2020-09-29 01:30:00,645840.70132,2290931.78682,4.656612873077393e-10,-15.74377052148032,68.55508326118462,0.4229884187253425,0.4092029688815333,0.5885289050821776,False,45.94903152295757
2020-09-29 05:00:00,640210.55923,2288772.19529,2.723521562964204,-15.627257452105836,68.58794217764502,0.46106472489757466,0.20950313668962278,0.5064308885007578,False,65.56343394566017
2020-09-29 05:30:00,639309.73702,2288632.59078,4.656612873077393e-10,-15.607246616684055,68.59138150719662,0.5038374902499424,0.1970454079760297,0.5409982526642769,False,68.64006801238833
2020-09-29 06:00:00,638272.77395,2288576.97883,4.799926683327254e-10,-15.583522845250759,68.59441374382635,0.5809242209281142,0.21082816983034602,0.6179979511737476,False,70.05322683774745
2020-09-29 06:30:00,637091.39239,2288463.32967,7.220477837768108,-15.556812284476408,68.5983057725583,0.6102084728502287,0.21660304224943988,0.647511589278463,False,70.45688594384347
2020-09-29 07:00:00,635947.37172,2288414.92953,1.1641532182693481e-10,-15.530539058983075,68.60152822248786,0.601924387176666,0.20194738741055596,0.6348981927521562,False,71.45324692676104
2020-09-29 07:30:00,634808.92522,2288343.06294,4.799926683327254e-10,-15.50453896164812,68.6049388089443,0.6003945911064298,0.2272977741917005,0.6419797062075703,False,69.26430397430323
2020-09-29 08:00:00,633645.8707,2288204.21456,1.1641532182693481e-10,-15.47838976515461,68.6089937749615,0.5992450284899987,0.24122488549408677,0.6459752700774347,False,68.07284823620773
2020-09-29 08:30:00,632498.12847,2288081.874,1.1641532182693481e-10,-15.452480842131127,68.61286181230214,0.6125429225244835,0.22678355023062485,0.6531765539194144,False,69.68378920591431
2020-09-29 09:00:00,631302.90223,2288004.8453,1.1641532182693481e-10,-15.425166753435112,68.61644211863126,0.645258329130026,0.20794948528863666,0.6779390088669348,False,72.13725838491797
2020-09-29 09:30:00,630059.75639,2287978.07398,4.799926683327254e-10,-15.396406046198596,68.61969149699082,0.6696606777714842,0.2193062385217015,0.7046564053550504,False,71.86696841965778
2020-09-29 10:00:00,628769.0322,2287883.72763,1.457164758094642,-15.366961321400169,68.62364489616544,0.6822946317520484,0.2588229964068949,0.7297364647506022,False,69.22616076673296
2020-09-29 10:30:00,627444.39376,2287730.53266,4.656612873077393e-10,-15.337091851260128,68.62819215532475,0.7028350717595105,0.2733718870816456,0.7541281898601698,False,68.74615671791099
2020-09-29 11:00:00,626068.63354,2287603.87061,0.0,-15.305849441839667,68.63262313606708,0.720557337732108,0.22577796579383297,0.7551016930172944,False,72.60224575964878
2020-09-29 11:30:00,624727.83929,2287631.30546,5.206251464550825e-10,-15.274428369026294,68.63560743002236,0.7382771129118569,0.15635968704141445,0.7546531966281967,False,78.04203040505183
2020-09-29 12:00:00,623356.43194,2287761.03688,0.0,-15.241635056427768,68.63775819658046,0.7380341541812553,0.13902327297925626,0.7510139034451397,False,79.33221446460396
2020-09-29 12:30:00,622032.79934,2287846.90526,1.1641532182693481e-10,-15.210227413056375,68.64017366911499,0.7230822400025685,0.14964928219574533,0.7384056022734617,False,78.30713096212173
2020-09-29 13:00:00,620703.17925,2287924.12362,2.3283064365386963e-10,-15.178727839522269,68.6426730936947,0.6875207009063651,0.14153108867334738,0.7019371504884483,False,78.36774838291649
2020-09-29 13:30:00,619510.66488,2288003.21923,0.0,-15.150408043399466,68.64482256805915,0.6350307930012764,0.11993642446629604,0.6462575755637914,False,79.30469465696291
2020-09-29 14:00:00,618383.68156,2288104.84333,1.1641532182693481e-10,-15.123469809866958,68.64661237404304,0.5799920304120817,0.10353570252430828,0.5891607565331649,False,79.87861234734044
2020-09-29 14:30:00,617397.76384,2288188.15149,1.1641532182693481e-10,-15.099935047571684,68.6482235083494,0.5261930478316243,0.0509551970906993,0.5286544766639985,False,84.46886872457355
2020-09-29 15:00:00,616507.00464,2288421.20853,4.799926683327254e-10,-15.077676440698827,68.64828606138522,0.4976333001362668,-0.010048761765377098,0.4977347476493168,False,91.15682250568506
2020-09-29 15:30:00,615677.36763,2288689.09631,1.1641532182693481e-10,-15.056625891121136,68.64789365477806,0.44775568426095297,-0.02233764656233274,0.44831252853554954,False,92.8560054681792
2020-09-29 16:00:00,614971.31194,2288917.59766,0.0,-15.038708352306491,68.6475528404231,0.3694502661323864,-0.048917724521029174,0.3726747146206815,False,97.54247742212527
2020-09-29 16:30:00,614438.59282,2289204.2713,0.0,-15.024473847543153,68.64628746457008,0.2885860786475866,-0.0632861654257241,0.2954438415731206,False,102.3690131587814
2020-09-29 17:00:00,614026.97779,2289406.95781,1.1641532182693481e-10,-15.01359426916698,68.64547464016798,0.19519876665241656,-0.03394474870270397,0.19812825257169733,False,99.8649912809131
2020-09-29 17:30:00,613791.52086,2289504.3382,4.656612873077393e-10,-15.007487357933615,68.64517289864771,0.12185940138193166,-0.047196291943781374,0.13067977532275363,False,111.17144530507858
2020-09-29 18:00:00,613647.24344,2289684.66698,4.799926683327254e-10,-15.00299040565064,68.64392464586615,0.07689662261634805,-0.052040828084286186,0.09285116239175081,False,124.08870779945721
2020-09-29 18:30:00,613572.62785,2289756.96123,5.206251464550825e-10,-15.00079609279014,68.6434637903939,0.03789985014345783,-0.0257879249645409,0.04584120106272688,False,124.23226677977118
2020-09-29 19:00:00,613539.48264,2289809.65481,9.313225746154785e-10,-14.999692646280149,68.64307771255342,0.04189646315095901,-0.025453419512944928,0.04902234377772682,False,121.27999738032582
2020-09-29 19:30:00,613450.6554,2289884.50756,4.799926683327254e-10,-14.997150706446549,68.64262781335023,0.014187264859822399,-0.015771710505576964,0.02121380061362127,False,138.02739156720963
2020-09-29 20:00:00,613504.84068,2289877.71554,1.1641532182693481e-10,-14.998458178250745,68.64255974197778,-0.08500034832019214,-0.007584314901021764,0.08533803985956,False,264.9011797151728
2020-09-29 20:30:00,613753.29801,2289831.68994,0.0,-15.0045463795279,68.64237860704257,-0.15898248658678646,-0.03883975532239206,0.16365805093187752,False,256.27142783491047
2020-09-29 21:00:00,614093.86357,2289864.59586,1.1641532182693481e-10,-15.012290487722112,68.64128406041188,-0.19071457631374275,-0.0951703756366381,0.21314185421298465,False,243.4798892633389
2020-09-29 21:30:00,614505.18381,2289984.76971,1.1641532182693481e-10,-15.021138677305434,68.63925287946633,-0.21689162333637615,-0.13451714776437565,0.25521919856498126,False,238.19262685397428
2020-09-29 22:00:00,614973.50208,2290129.9438,4.656612873077393e-10,-15.031158658968671,68.63686604627213,-0.25128010601771367,-0.17799731103185737,0.3079362505695703,False,234.68768790946
2020-09-29 22:30:00,615545.02627,2290369.03032,0.0,-15.04299554383072,68.63340676170957,-0.3067530238342685,-0.22709306887934405,0.3816656646392308,False,233.4869946340752
2020-09-29 23:00:00,616252.15587,2290632.84595,1.1641532182693481e-10,-15.05783651959167,68.62940729532728,-0.3508427300278889,-0.23752301856373043,0.4236836149310572,False,235.90172085748702
2020-09-29 23:30:00,616986.83802,2290866.62457,1.1641532182693481e-10,-15.073503146119327,68.62560558778473,-0.37191076170221515,-0.2638672458465642,0.45600826538624606,False,234.64465165245872
2020-09-30 00:00:00,617792.00264,2291201.89795,4.656612873077393e-10,-15.090169432702973,68.62074079298584,-0.4110736731598701,-0.323548086588877,0.5231299351981983,False,231.79440507929232
2020-09-30 00:30:00,618718.90921,2291605.96676,0.0,-15.109232516230836,68.61497867583178,-0.44014270454614635,-0.3825838236678101,0.5831774879892727,False,229.00195693482883
2020-09-30 01:00:00,619680.74834,2292118.5678,0.0,-15.128415690225344,68.60817504599206,-0.4415137020880243,-0.41436663218822234,0.6055031420252766,False,226.816715697114
2020-09-30 14:00:00,652975.14094,2285661.75919,0.0,-15.943748659511154,68.58356903818986,-0.6289442681024623,0.27740025578572747,0.6874022070730709,False,293.80021211494784
2020-09-30 14:30:00,653926.53076,2284870.66626,1.1641532182693481e-10,-15.971041592771215,68.58812232911362,-0.6676343426665944,0.19903777073521406,0.69667183787426,False,286.6005776265562
2020-09-30 15:00:00,655088.6963,2284311.55879,4.656612873077393e-10,-16.00168949781203,68.59010598972475,-0.6529930346015775,0.11969511223005061,0.6638725955557598,False,280.38713645201165
2020-09-30 15:30:00,656067.43653,2283808.43177,4.799926683327254e-10,-16.02771936456702,68.59205467586682,-0.5570854429131016,0.07743635105359495,0.5624416228998189,False,277.9135571008478
2020-09-30 16:00:00,656939.27697,2283489.89883,2.3283064365386963e-10,-16.05004580326961,68.59265003453898,-0.48827304850727316,-0.026082283427230055,0.48896917633667286,False,266.9423137210547
2020-09-30 16:30:00,657782.66226,2283412.68162,0.0,-16.07010331567478,68.59119830217766,-0.4482277377102185,-0.1300930933446849,0.4667250987345863,False,253.815219481059
2020-09-30 17:00:00,658619.48396,2283493.26176,1.1641532182693481e-10,-16.08895175039729,68.5883771809005,-0.41303165980033707,-0.21718739732188563,0.46665353052653097,False,242.26293814187594
2020-09-30 17:30:00,659428.01813,2283751.86471,1.1641532182693481e-10,-16.105949690124287,68.58406479572906,-0.4067331515089735,-0.24915886429825526,0.47698217597182596,False,238.50896500809964
2020-09-30 18:00:00,660275.08537,2283948.82673,5.206251464550825e-10,-16.12424549582454,68.58019312255156,-0.41000260432330227,-0.24567915058826775,0.4779752928611092,False,239.06938396055136
2020-09-30 18:30:00,661091.59294,2284191.59802,2.3283064365386963e-10,-16.141520595896022,68.57599524305692,-0.40059133385722173,-0.2703018369604111,0.48325614308116227,False,235.99021298723991
2020-09-30 19:00:00,661930.8911,2284482.62484,1.1641532182693481e-10,-16.15899282536493,68.57131459382188,-0.42403046816000534,-0.3236589852197428,0.5334388218357068,False,232.64580233120628
2020-09-30 19:30:00,662882.06681,2284885.90468,9.385703304198744e-10,-16.178292033381855,68.56536381652649,-0.46592114356158654,-0.38723306915987665,0.6058316283165763,False,230.26959272562385
2020-09-30 20:00:00,663930.20163,2285354.11301,0.0,-16.19938628469392,68.55859480699404,-0.5230618156436797,-0.43048979073151294,0.6774327441957058,False,230.5449720035176
2020-09-30 20:30:00,665122.68131,2285848.81,5.206251464550825e-10,-16.22362501092764,68.5512227659492,-0.5953604139077425,-0.4025726305655989,0.7186923857457408,False,235.9341081080279
2020-09-30 21:00:00,666393.05482,2286146.85326,4.799926683327254e-10,-16.250970501366634,68.54537056272973,-0.6286638352890022,-0.35834266103649537,0.7236212272446092,False,240.3165657527499
2020-09-30 21:30:00,667656.45543,2286453.95746,1.1641532182693481e-10,-16.2780791620163,68.53945182277263,-0.6556281878080168,-0.3670699323633684,0.7513911470690029,False,240.75661942445984
2020-09-30 22:00:00,669029.10179,2286753.7514,4.656612873077393e-10,-16.30774383187709,68.5333122912633,-0.7059664349595507,-0.36623435505876023,0.795308877175908,False,242.58106057684898
2020-09-30 22:30:00,670465.89843,2287005.71838,4.656612873077393e-10,-16.33919513713422,68.52742099160554,-0.7331305925642123,-0.3458553507598138,0.8106148218499011,False,244.7443413129874
2020-09-30 23:00:00,671912.04962,2287206.05773,4.656612873077393e-10,-16.371194854787085,68.52195102130987,-0.7376853880950545,-0.33462745718242287,0.8100341146577256,False,245.60009505929713
2020-09-30 23:30:00,673353.43801,2287413.01119,9.385703304198744e-10,-16.403023805895018,68.51642859173575,-0.76434521253427,-0.34631431565269866,0.8391407564586858,False,245.6253728196053
2020-10-01 00:00:00,674903.76509,2287625.004,4.799926683327254e-10,-16.437312382599305,68.51057402130887,-0.8157115679342749,-0.3453719776255439,0.8858144077575011,False,247.05221864063734
2020-10-01 00:30:00,676521.80495,2287774.58745,5.206251464550825e-10,-16.473566955608746,68.50508251568638,-0.8688738902689803,-0.30080435182334087,0.9194700078126595,False,250.90413414366665
2020-10-01 01:00:00,678210.39092,2287776.44658,4.799926683327254e-10,-16.51243530819944,68.50069172927911,-0.8797103755675246,-0.24841306027718,0.9141112587630836,False,254.23135477661472
2020-10-01 01:30:00,679812.3282,2287731.86884,4.656612873077393e-10,-16.5496115478307,68.49692232620878,-0.8610154622555527,-0.2306971596919393,0.8913858904722866,False,255.00069773926995
2020-10-01 02:00:00,681418.20549,2287689.62834,2.3283064365386963e-10,-16.586849527262554,68.49311302766435,-0.8172661855108903,-0.2667384183151117,0.8596937837304445,False,251.92441121402086
2020-10-01 02:30:00,682906.18114,2287812.27576,5.206251464550825e-10,-16.620231331463472,68.48816047580381,-0.7448424676519417,-0.329295063290758,0.8143866037242374,False,246.14976493856747
2020-10-01 03:00:00,684326.68639,2288058.6024,4.799926683327254e-10,-16.651196797844612,68.48229561825268,-0.7266538951861005,-0.36333728905412693,0.8124283777702097,False,243.43429649729123
2020-10-01 03:30:00,685787.24451,2288315.85352,6.860046651863534,-16.682990593725336,68.47622391366956,-0.7103427505094542,-0.34997207311381595,0.7918757952866843,False,243.7714279352836
2020-10-01 04:00:00,687137.96769,2288531.34899,4.656612873077393e-10,-16.712532236289427,68.47079864731224,-0.6782816433629092,-0.3328907716415239,0.7555675043086342,False,243.85886677780647
2020-10-01 04:30:00,688470.54113,2288761.44667,4.656612873077393e-10,-16.74154168695517,68.46528763717419,-0.6721526070878813,-0.32010138546398625,0.7444823867567313,False,244.53465965710419
2020-10-01 05:00:00,689787.09771,2288937.84904,4.799926683327254e-10,-16.770540251235143,68.46028233850818,-0.7005979119887548,-0.310435835369386,0.766294879380315,False,246.10180639740383
2020-10-01 05:30:00,691207.88422,2289103.74251,4.656612873077393e-10,-16.801989175014448,68.4550882797827,-0.6920080060028979,-0.31846798058216796,0.7617722330383215,False,245.28770975585041
2020-10-01 06:00:00,692503.38328,2289315.26258,0.0,-16.83023388265797,68.44982013032642,-0.6057784572708096,-0.32608043754207994,0.687965108883464,False,241.70716093725648
2020-10-01 06:30:00,693635.16039,2289595.92788,4.799926683327254e-10,-16.854232153567622,68.44437597512072,-0.5366637689757187,-0.3437077189971409,0.6372934936349508,False,237.3623629798654
2020-10-01 07:00:00,694711.13908,2289939.3039,9.313225746154785e-10,-16.876504078186976,68.43852811581016,-0.5088699426906645,-0.3571807288771937,0.6217127082947908,False,234.93461243840045
2020-10-01 07:30:00,695761.49089,2290294.57266,4.656612873077393e-10,-16.898094392650123,68.43264102966371,-0.5231741625081904,-0.3575982691895947,0.6337094968860261,False,235.64674188265036
2020-10-01 08:00:00,696887.44141,2290623.6175,4.656612873077393e-10,-16.921586488918305,68.42677894491275,-0.5170115152279131,-0.3445336899207981,0.6212924998490673,False,236.32072509300448
2020-10-01 08:30:00,697903.15923,2290939.4551,1.1641532182693481e-10,-16.94263533548351,68.42132162837635,-0.4767746064941065,-0.3072041224954167,0.5671758089656056,False,237.20476740677952
2020-10-01 09:00:00,698851.61859,2291181.37161,1.1641532182693481e-10,-16.962650781536183,68.41668570315696,-0.4486785665326299,-0.2606837449943372,0.5189108506960017,False,239.84326922907388
2020-10-01 09:30:00,699721.92566,2291365.84466,0.0,-16.981271486728094,68.41275680920023,-0.42310042562831324,-0.23959019261893072,0.4862277558573103,False,240.47830956845982
2020-10-01 10:00:00,700560.27888,2291561.43728,1.1641532182693481e-10,-16.999077115796464,68.40881379088314,-0.41809111518971565,-0.23197480295749345,0.47813438467417085,False,240.97661605781983
2020-10-01 10:30:00,701405.44329,2291724.43392,1.1641532182693481e-10,-17.017260078844593,68.40513491349563,-0.41622133733511707,-0.2250572152452593,0.4731711654221803,False,241.59923546453976
2020-10-01 11:00:00,702230.18554,2291897.64924,4.799926683327254e-10,-17.034898645815126,68.40141924171212,-0.44248619067362255,-0.1924485705226069,0.48252510943270943,False,246.49454455538014
2020-10-01 11:30:00,703131.46824,2291920.19119,0.0,-17.05533608415039,68.39881131783923,-0.45567329655744543,-0.1640565408556678,0.48430641312402317,False,250.19954813180232
2020-10-01 12:00:00,703971.68791,2291981.1508,4.799926683327254e-10,-17.074104203491125,68.39602905870089,-0.42491930252889537,-0.15516553219915175,0.45236352200889157,False,249.93959076939177
2020-10-01 12:30:00,704757.76543,2292005.03203,4.656612873077393e-10,-17.091891416216725,68.39371314549304,-0.41870080468566145,-0.1236550159817988,0.43657866052050615,False,253.54653492116748
2020-10-01 13:00:00,705543.27352,2291963.63846,1.1641532182693481e-10,-17.110120684162524,68.39196604203558,-0.4256622016025259,-0.09420594233239699,0.43596223396510425,False,257.52066996032164
2020-10-01 13:30:00,706322.10617,2291878.32201,0.0,-17.128503679501044,68.39061776854119,-0.41025526748566593,-0.07697044693910299,0.41741326548366975,False,259.37392499056244
2020-10-01 14:00:00,707036.29457,2291793.46609,1.1641532182693481e-10,-17.145405494889346,68.3894371642942,-0.38175574889488517,-0.06903232195739034,0.3879470495945592,False,259.75005275538996
2020-10-01 14:30:00,707708.61368,2291710.64768,1.1641532182693481e-10,-17.161335477012734,68.38834964450386,-0.36105311684726166,-0.06128554226120515,0.36621751852604256,False,260.3663742091485
2020-10-01 15:00:00,708343.31531,2291620.75044,0.0,-17.176455317984534,68.38742355388516,-0.35073893081039526,-0.06030832939038213,0.3558860662907134,False,260.24359634960456
2020-10-01 15:30:00,708979.07487,2291545.19144,0.0,-17.19149679242366,68.3863680631627,-0.3554136170983246,-0.06671851564386419,0.3616216248354556,False,259.3681259652025
2020-10-01 16:00:00,709636.6307,2291472.03229,0.0,-17.207017159214377,68.38523128824352,-0.3317523956310578,-0.04937802720595936,0.33540697902354144,False,261.53424590802274
2020-10-01 16:30:00,710172.51492,2291361.68974,0.0,-17.220023128527753,68.3847458518177,-0.27655999418418425,-0.03168249655256847,0.2783688397988531,False,263.46473017868703
2020-10-01 17:00:00,710621.3838,2291286.23265,0.0,-17.23079673218861,68.38419044837752,-0.2513121027173865,-0.039090829890029155,0.2543341619871885,False,261.1586671173933
2020-10-01 17:30:00,711078.3202,2291228.10225,0.0,-17.24163115224456,68.38346140767507,-0.2649620482366874,-0.046742266721087306,0.26905338969060755,False,259.99532145379885
2020-10-01 18:00:00,711582.25987,2291164.21612,4.799926683327254e-10,-17.25357764378688,68.38265451266227,-0.2678841400688381,-0.053674653366274,0.2732084934887833,False,258.6699505268715
2020-10-01 18:30:00,712056.61913,2291126.59885,5.206251464550825e-10,-17.264662487098548,68.38169783653514,-0.22973498888441443,-0.03918417909291393,0.23305270864958333,False,260.3206327504934
2020-10-01 19:00:00,712413.908,2291053.4678,4.799926683327254e-10,-17.273328634225933,68.38136716017195,-0.19017702669748554,-0.05283099773219967,0.19737886362241477,False,254.4747574007523
2020-10-01 19:30:00,712766.85235,2291104.92301,1.1641532182693481e-10,-17.281011661957596,68.3799619681805,-0.17121248850064788,-0.06961590047825039,0.1848244838163552,False,247.8730817944773
2020-10-01 20:00:00,713076.89778,2291109.67559,0.0,-17.28804705319458,68.37907974886254,-0.13950199474382713,-0.003355716858569391,0.1395423497478155,False,268.6220172577846
2020-10-01 20:30:00,713249.96128,2290967.21406,0.0,-17.29300386718875,68.37985178893352,-0.08743873880798944,0.056521838596307036,0.1041165274230695,False,302.87929183115546
2020-10-01 21:00:00,713316.96259,2290821.82399,4.656612873077393e-10,-17.295563601792733,68.38093700735985,-0.043200778534842985,0.05843122079005123,0.07266715096267547,False,323.5228493324297
2020-10-01 21:30:00,713335.91397,2290720.13592,9.385703304198744e-10,-17.29671768639033,68.38177174059467,-0.002156729249330601,0.06219433452524641,0.06223171802299191,False,358.0139350617095
2020-10-01 22:00:00,713257.80583,2290605.74115,4.799926683327254e-10,-17.295748921964456,68.38298058720208,0.046066367784765,0.07198594028644291,0.08546394467729979,False,32.61662640907451
2020-10-01 22:30:00,713100.52765,2290522.00911,0.0,-17.29275696006015,68.384137020319,0.11126645763724351,0.06859903409109618,0.1307136261962458,False,58.34495032474723
2020-10-01 23:00:00,712801.94365,2290489.01537,1.1641532182693481e-10,-17.286181952476213,68.38523448809295,0.17727919574846263,0.05743088624690342,0.18634972481956202,False,72.04989080157458
2020-10-01 23:30:00,712429.71368,2290514.23556,5.206251464550825e-10,-17.277513575799027,68.38602396477381,0.20025407188182948,0.0177348494840018,0.20103785263346086,False,84.93898986102874
2020-10-02 00:00:00,712094.5964,2290642.16254,1.1641532182693481e-10,-17.26896282245929,68.3858172219951,0.20732250034416266,-0.04545269989482602,0.21224647718321368,False,102.36569674159756
2020-10-02 00:30:00,711765.57206,2290892.0521,1.1641532182693481e-10,-17.259686882511076,68.3845304478119,0.18035452627911708,-0.0664728625817895,0.19221445473528312,False,110.23225987816778
2020-10-02 01:00:00,711545.55887,2291063.33126,4.799926683327254e-10,-17.253455196900397,68.38363322799393,0.15063918470289547,-0.02136845191692855,0.1521472139254582,False,98.07364919087769
2020-10-02 01:30:00,711270.48974,2291126.36304,9.313225746154785e-10,-17.24673476206788,68.3838283058887,0.15002315682471407,-0.004916899658406894,0.15010370910108647,False,91.877155503062
2020-10-02 02:00:00,711035.00743,2291240.36399,9.313225746154785e-10,-17.240556402716244,68.3834716925128,0.15001652195172294,-0.03284633715194109,0.15357030547208908,False,102.35010274031544
2020-10-02 02:30:00,710789.74226,2291399.36196,4.799926683327254e-10,-17.23383670907164,68.38274902175203,0.13236584554179032,-0.027583765931449428,0.13520939763549752,False,101.77142025593605
2020-10-02 03:00:00,710609.30459,2291476.38599,4.799926683327254e-10,-17.229175997636613,68.38256542628281,0.12648166873715008,0.012299835930998568,0.12707831636618283,False,84.44567955209163
2020-10-02 03:30:00,710341.72484,2291491.93688,5.352837139389965,-17.222962267178303,68.38315311214663,0.1252520192218218,0.02566616721724798,0.12785468493085167,False,78.41948186207435
2020-10-02 04:00:00,710151.25784,2291521.64047,4.799926683327254e-10,-17.21840730501772,68.38340882203171,0.08633941046905393,0.01318352178963117,0.08734013422775042,False,81.3183284233263
2020-10-02 04:30:00,710030.7839,2291538.61115,1.1641532182693481e-10,-17.215538997745767,68.38358633635357,0.06341940927174276,0.019183668407867283,0.06625733624256122,False,73.17001580797188
2020-10-02 05:00:00,709912.73683,2291523.24555,4.656612873077393e-10,-17.212954549643435,68.38403916128507,0.09567821356342636,0.03672646790505644,0.10248489642610643,False,69.00049960356995
2020-10-02 05:30:00,709662.64368,2291514.24613,1.1641532182693481e-10,-17.20731238810447,68.38479300422317,0.11708719705376991,0.025032504861738282,0.11973319511965466,False,77.93219845793482
2020-10-02 06:00:00,709483.43031,2291561.85856,0.0,-17.202887157623596,68.38486171535683,0.11331841661076074,0.003515269883422604,0.11337292739240368,False,88.22318767821747
2020-10-02 06:30:00,709269.2047,2291622.80994,0.0,-17.197568840771844,68.3849084791814,0.10330196394299,0.005045384602947078,0.1034251016933049,False,87.20383137699338
2020-10-02 07:00:00,709122.79965,2291654.46217,4.799926683327254e-10,-17.194004833591173,68.38502754744802,0.08953290183404783,0.0079365224151523,0.08988397464994224,False,84.934333950427
2020-10-02 07:30:00,708952.84493,2291690.79528,1.1641532182693481e-10,-17.189870394553502,68.38516924098495,0.10415390109335303,0.004590046169724811,0.10425499334230552,False,87.4766166889707
2020-10-02 08:00:00,708759.71103,2291749.48973,2.3283064365386963e-10,-17.185049182710845,68.38517834561327,0.13853056484859647,0.005468680559687307,0.13863846459166768,False,87.73934579612882
2020-10-02 08:30:00,708470.58279,2291819.33521,0.0,-17.17795878250812,68.38534883943983,0.17326817135114161,0.00045513465321975893,0.17326876911584826,False,89.84949783587075
2020-10-02 09:00:00,708163.2866,2291932.14755,4.656612873077393e-10,-17.17015070338474,68.38519326466418,0.1931403639993659,-0.00994822023350625,0.19339639937605327,False,92.94856937940585
2020-10-02 09:30:00,707816.83819,2292058.81399,4.656612873077393e-10,-17.161351598893585,68.38502190828179,0.20462753827761046,-0.010893248209884493,0.2049172815506713,False,93.04723679767602
2020-10-02 10:00:00,707470.99641,2292186.97857,0.0,-17.152555924132148,68.38483533697487,0.2202951743239644,-0.02020345742453806,0.22121967254819583,False,95.23998641272823
2020-10-02 10:30:00,707080.49872,2292362.1991,0.0,-17.14240994821168,68.38435798195843,0.2400543418083756,-0.031742345202499786,0.24214389007366485,False,97.53251280568344
2020-10-02 11:00:00,706678.87412,2292550.89416,0.0,-17.131915660518835,68.3837923288776,0.23702756359694288,-0.05335549141514728,0.2429585857072243,False,102.6859718853878
2020-10-02 11:30:00,706321.64262,2292797.11476,9.313225746154785e-10,-17.122030674100895,68.3826048758719,0.20644080975559148,-0.0917704304623817,0.22591949858255958,False,113.96688288825999
2020-10-02 12:00:00,706065.88989,2293085.42555,0.0,-17.114167041714136,68.38077706174604,0.14757390914142848,-0.14197168042049468,0.20477796927575403,False,133.89155964461457
2020-10-02 12:30:00,705964.30508,2293441.92073,4.799926683327254e-10,-17.109344041492403,68.37794009163807,0.0627168866918654,-0.19250152034784804,0.20246047321033614,False,161.95441972163485
2020-10-02 13:00:00,706053.98059,2293814.18595,2.3283064365386963e-10,-17.108775574514095,68.37445188323991,0.020999460289083692,-0.200703451196013,0.2017990402713134,False,174.02691616370907
2020-10-02 13:30:00,706104.61183,2294154.71957,2.3283064365386963e-10,-17.107539370613363,68.37134529684165,0.02962098255833682,-0.20060817702209988,0.2027832421474996,False,171.6006305129435
2020-10-02 14:00:00,706164.50686,2294535.79018,1.1641532182693481e-10,-17.106230253668937,68.36786018133766,0.004263562739570015,-0.2340578319276828,0.23409666092006026,False,178.95642399657743
2020-10-02 14:30:00,706337.79038,2294964.56642,0.0,-17.10717266857012,68.36365443966484,-0.08002791250816998,-0.23274138083075455,0.2461158611943197,False,198.97548522970902
2020-10-02 15:00:00,706686.3282,2295251.84101,0.0,-17.113103949904648,68.36021241658234,-0.17454320799535106,-0.2046907948531706,0.26900493109779816,False,220.45477323701746
2020-10-02 15:30:00,707155.16148,2295483.92894,2.3283064365386963e-10,-17.122163257262887,68.35692830211545,-0.24071624637458194,-0.18782345885384913,0.30532271937163796,False,232.03618279836314
2020-10-02 16:00:00,707713.56883,2295642.90792,1.1641532182693481e-10,-17.133775107265905,68.35404047202829,-0.27841567010874185,-0.15002211902456652,0.3162624251451964,False,241.6823378471237
2020-10-02 16:30:00,708272.08495,2295704.75934,4.656612873077393e-10,-17.14606923290495,68.35199858557019,-0.2763600025074,-0.1315493926318987,0.30607204002932314,False,244.54520843372705
2020-10-02 17:00:00,708803.86284,2295802.13413,9.313225746154785e-10,-17.157501938967545,68.34971786405978,-0.308171333433861,-0.12055628923094863,0.3309129638190986,False,248.63461695693042
2020-10-02 17:30:00,709460.16038,2295792.17045,0.0,-17.172524555381646,68.34803680919069,-0.3111264018912825,-0.10657003874964399,0.32887202847447583,False,251.09214402355414
2020-10-02 18:00:00,709987.25916,2295837.98691,0.0,-17.18420903935672,68.34621627570488,-0.26869080678576324,-0.08467657652693286,0.2817177173404361,False,252.5080126696032
2020-10-02 18:30:00,710474.32953,2295797.61836,0.0,-17.195587382613734,68.34525435812424,-0.22318360522235925,-0.02441658757870315,0.22451523642959823,False,263.7565937935406
2020-10-02 19:00:00,710780.79253,2295684.42684,1.1641532182693481e-10,-17.203365122474658,68.34541417521089,-0.1343112469796121,0.011165721319851649,0.13477456880959016,False,274.75225275557034
2020-10-02 19:30:00,710924.32908,2295616.21209,2.3283064365386963e-10,-17.207115186282,68.34562141994897,-0.06921203444467439,-0.007077999215039746,0.0695730104628145,False,264.1609208481739
2020-10-02 20:00:00,711026.34161,2295635.058,0.0,-17.209305511772595,68.34518162236033,-0.06483581131953146,-0.03743168760386541,0.07486530348789923,False,240.00085201979726
2020-10-02 20:30:00,711187.15713,2295675.87616,0.0,-17.212679854496606,68.34439138805892,-0.06826123504392116,-0.053343322863827924,0.08663201662131638,False,231.9938496762713
2020-10-02 21:00:00,711317.90323,2295745.77385,0.0,-17.215164057337166,68.34342876940941,-0.01516078836915254,-0.08070742343199937,0.08211904590901109,False,190.63895716516504
2020-10-02 21:30:00,711325.2813,2295937.25321,1.1641532182693481e-10,-17.213981174942454,68.34173933889703,0.02467651641403496,-0.1228609049057688,0.1253145339399884,False,168.64329009248388
2020-10-02 22:00:00,711363.9416,2296194.5509,4.656612873077393e-10,-17.2130464557354,68.33939152068817,0.03520349970171642,-0.1829682749556306,0.18632411553926126,False,169.10925093497303
2020-10-02 22:30:00,711399.14689,2296603.94054,5.206251464550825e-10,-17.210960764906126,68.3357268996914,0.060494331767266554,-0.24264800920166713,0.2500752297719637,False,166.0010252336533
2020-10-02 23:00:00,711414.38411,2297093.40746,4.799926683327254e-10,-17.207856829614936,68.33141792249054,0.06281959514574388,-0.31258091389708126,0.31883087878530475,False,168.6366013741723
2020-10-02 23:30:00,711516.02444,2297745.76548,0.0,-17.20557245943514,68.32545520205245,0.02008341075706596,-0.3687903348400361,0.36933677647786844,False,176.88289231826883
2020-10-03 00:00:00,711738.03802,2298383.0265,0.0,-17.20613387599982,68.31929901679783,-0.02909759320968959,-0.4121123565122399,0.41313831136880547,False,184.0387217787826
2020-10-03 00:30:00,712054.95332,2299131.98724,4.799926683327254e-10,-17.208066419949994,68.3119124896035,-0.08179702392933072,-0.4442970745129369,0.4517639245717277,False,190.43159142043294
2020-10-03 01:00:00,712492.517,2299823.78193,9.313225746154785e-10,-17.21314272535237,68.30469842353331,-0.12972312429723998,-0.4325471507285692,0.4515806977505136,False,196.6942590702923
2020-10-03 01:30:00,712961.84856,2300481.21319,5.206251464550825e-10,-17.219179566350412,68.29769787783444,-0.19043811934815463,-0.40577349208247127,0.4482396726949382,False,205.14166268589534
2020-10-03 02:00:00,713579.79905,2301016.14322,4.799926683327254e-10,-17.229451360528024,68.29136330328213,-0.2967062609105636,-0.34160900184635257,0.4524724471235666,False,220.9761163441738
2020-10-03 02:30:00,714346.32286,2301339.43738,0.0,-17.244582623974853,68.28647108599526,-0.40039540227264153,-0.23185443957589394,0.462680191181903,False,239.92642574077504
2020-10-03 03:00:00,715203.86836,2301385.98701,4.656612873077393e-10,-17.26372587357043,68.28374329260673,-0.49515951421041476,-0.14631895522615396,0.5163256541869358,False,253.53766244979732
2020-10-03 03:30:00,716204.9134,2301313.43983,4.799926683327254e-10,-17.286962796943538,68.28166192047519,-0.5326323952037793,-0.08868561069503329,0.5399651895862047,False,260.54672674305436
2020-10-03 04:00:00,717129.60255,2301121.04058,4.799926683327254e-10,-17.309310161589746,68.28082888066682,-0.533467208556281,-0.044514129042604905,0.5353211842335892,False,265.2301156220293
2020-10-03 04:30:00,718086.1009,2300895.03231,1.1641532182693481e-10,-17.332615626910506,68.28019886607022,-0.5562273477759658,-0.03655255971086645,0.5574270822585692,False,266.2402056351921
2020-10-03 05:00:00,719080.29675,2300650.09736,1.1641532182693481e-10,-17.356909236301785,68.27962746190019,-0.5842025828333534,-0.03183386173118885,0.585069271575496,False,266.88097260309917
2020-10-03 05:30:00,720127.65251,2300377.00387,4.799926683327254e-10,-17.382607418094132,68.27915244356686,-0.598987447889596,-0.008918139385881013,0.5990538339242956,False,269.147003833712
2020-10-03 06:00:00,721147.76462,2300036.52305,4.799926683327254e-10,-17.40816578994295,68.27933440032102,-0.5652712598433114,0.019182720372604017,0.5655966530715488,False,271.9436107544823
2020-10-03 06:30:00,722048.76195,2299702.29134,4.656612873077393e-10,-17.430978741011874,68.27978330927887,-0.5099405951206784,0.009811818675065836,0.5100349814843527,False,271.102297883275
2020-10-03 07:00:00,722888.66761,2299452.90055,4.656612873077393e-10,-17.45180243999471,68.27965714668474,-0.4662680147943802,-0.053991604418934,0.4693835904332649,False,263.39483997526116
2020-10-03 07:30:00,723708.3539,2299384.30685,4.799926683327254e-10,-17.470877236472017,68.2780091620922,-0.4384077669456239,-0.05918744215497547,0.4423850397867191,False,262.311245006167
2020-10-03 08:00:00,724458.09908,2299182.31695,1.1641532182693481e-10,-17.489316538486353,68.2777120887035,-0.40221322258148495,0.026898910462444553,0.4031116815517131,False,273.8260862794275
2020-10-03 08:30:00,725060.28436,2298856.79246,1.1641532182693481e-10,-17.505293765067588,68.27889345306404,-0.3765328089446171,0.09550128011837773,0.3884552106948398,False,284.2320056865401
2020-10-03 09:00:00,725647.42768,2298446.70262,0.0,-17.52153692935217,68.2808506135299,-0.3685850386776631,0.13433057708461407,0.3923004393024559,False,290.02423628929637
2020-10-03 09:30:00,726180.03547,2297996.15507,0.0,-17.536836550033865,68.2833081777294,-0.33143061922710526,0.2067865750577234,0.39064938626006557,False,301.9609117036386
2020-10-03 10:00:00,726560.81304,2297377.35087,0.0,-17.549903910548455,68.28764659794614,-0.2857476466577139,0.26495634509851584,0.3896839519128104,False,312.8378796236506
2020-10-03 10:30:00,726873.22792,2296776.52125,0.0,-17.561297309564498,68.29201570771207,-0.2646786274088177,0.2710719487549175,0.3788598384743418,False,315.6837005124072
2020-10-03 11:00:00,727174.80657,2296159.47458,0.0,-17.572565960782484,68.29655490941015,-0.24913224648822951,0.26181359351031797,0.3614045295607928,False,316.4217524997305
2020-10-03 11:30:00,727443.68942,2295607.19615,9.313225746154785e-10,-17.58263214267149,68.30061977100597,-0.21316391133690915,0.2446908640024826,0.32451883153791106,False,318.9390536340879
2020-10-03 12:00:00,727640.24673,2295087.92659,0.0,-17.590823982994948,68.30459623587097,-0.1906148926295531,0.23654316513589838,0.3037872714000456,False,321.13689773881975
2020-10-03 12:30:00,727840.46034,2294588.07469,4.656612873077393e-10,-17.598962002152845,68.30839317533975,-0.1722654678551253,0.27380198919925686,0.323485580366135,False,327.8235078555209
2020-10-03 13:00:00,727933.35164,2293960.86769,1.1641532182693481e-10,-17.60558463879972,68.31359405647785,-0.1249638195291468,0.3149032710514284,0.3387920103990095,False,338.35521839974143
2020-10-03 13:30:00,727926.37124,2293371.45295,2.3283064365386963e-10,-17.609671399314948,68.31874160904478,-0.1364345842730969,0.290040407498696,0.3205274306011615,False,334.8077752009455
2020-10-03 14:00:00,728085.61384,2292817.0589,4.656612873077393e-10,-17.617281047978985,68.32312513690093,-0.18845389514133537,0.25054454193707926,0.31350827435396705,False,323.05034890003907
2020-10-03 14:30:00,728300.00137,2292306.462,0.0,-17.6258298050765,68.32697480932735,-0.20636112450005512,0.19493942097535127,0.2838772473361197,False,313.3697037227714
2020-10-03 15:00:00,728581.13863,2291923.27284,0.0,-17.634977545521494,68.32953104910712,-0.22510791225887597,0.12473968029095144,0.25735881566528584,False,298.99227500531106
2020-10-03 15:30:00,728936.26201,2291632.99386,2.3283064365386963e-10,-17.645136303297363,68.33107382265105,-0.228384561113335,0.051756032296531855,0.2341755636995677,False,282.76858558934066
2020-10-03 16:00:00,729308.16309,2291496.49604,0.0,-17.654566154222664,68.33123185099163,-0.2448486936473726,-0.04224286763324863,0.24846597885164295,False,260.21132653924934
2020-10-03 16:30:00,729822.32349,2291510.58024,9.385703304198744e-10,-17.66613700621703,68.32968553011987,-0.3371559574858154,-0.09598607171232626,0.3505530853250914,False,254.10869724191696
2020-10-03 17:00:00,730569.54877,2291457.40997,4.656612873077393e-10,-17.68348278577603,68.32807709172575,-0.42186592441110143,-0.10682554575401425,0.4351810604850309,False,255.79016483134612
2020-10-03 17:30:00,731386.09701,2291415.65766,2.3283064365386963e-10,-17.702316460085825,68.3261749420463,-0.4933813570571601,-0.14566964235297408,0.5144363985905432,False,253.5508930056554
2020-10-03 18:00:00,732421.07682,2291416.90572,4.656612873077393e-10,-17.72579074590232,68.32328954684802,-0.544854629263335,-0.1545431078614047,0.56634807249354,False,254.1644897359793
2020-10-03 18:30:00,733423.84058,2291348.4048,4.656612873077393e-10,-17.749034535139838,68.32109647778992,-0.5248457716369345,-0.11346746889354349,0.5369710890748928,False,257.8008555649485
2020-10-03 19:00:00,734345.11109,2291229.95127,0.0,-17.770788750364627,68.31956105834428,-0.4911503368275319,-0.08518438891261058,0.49848273137613597,False,260.16058501818486
2020-10-03 19:30:00,735201.21196,2291100.78208,4.656612873077393e-10,-17.791140295988313,68.31829737881424,-0.4366801768985484,-0.06999732625963603,0.44225468067579055,False,260.8932847598295
2020-10-03 20:00:00,735918.97427,2290989.55419,0.0,-17.8082227462307,68.31726123731936,-0.3817133513647326,-0.04539430695434468,0.3844030771390379,False,263.21809400677535
2020-10-03 20:30:00,736559.51637,2290836.10693,0.0,-17.823860931401374,68.31680580100873,-0.34300146797239495,-0.026131500054713125,0.34399543939757016,False,265.64334803718566
2020-10-03 21:00:00,737123.30647,2290701.14849,4.656612873077393e-10,-17.837624011318276,68.31640269410684,-0.3337419451246306,-0.007634064255337941,0.3338292450829115,False,268.6896360907797
2020-10-03 21:30:00,737711.64929,2290494.23327,1.1641532182693481e-10,-17.852468252990427,68.3165548285106,-0.28110363113406134,0.012095261315797357,0.28136372684312355,False,272.4637896771161
2020-10-03 22:00:00,738073.20325,2290349.46455,0.0,-17.861719208548728,68.31680061699669,-0.16817865168262475,-0.004071029526612514,0.16822791731217554,False,268.6133360862851
2020-10-03 22:30:00,738292.40501,2290322.48058,9.313225746154785e-10,-17.86688389321891,68.3164212442247,-0.11422461986828632,-0.037344407113470965,0.12017432557210866,False,251.89544712423972
2020-10-03 23:00:00,738505.8271,2290351.25913,9.313225746154785e-10,-17.871509984917324,68.31557342949668,-0.09479822886203544,-0.057561512102133366,0.11090550874894761,False,238.7338639872855
2020-10-03 23:30:00,738680.80402,2290414.97178,4.656612873077393e-10,-17.875009307078017,68.31452969646303,-0.09414358371572928,-0.0816160223064418,0.1245961052840984,False,229.0769581944921
2020-10-04 00:00:00,738918.56878,2290526.86608,1.1641532182693481e-10,-17.87957871726039,68.31289134027612,-0.13177757980354168,-0.08908575974659014,0.1590647765173232,False,235.94007840464002
2020-10-04 00:30:00,739230.75484,2290574.54268,4.799926683327254e-10,-17.886302871811555,68.31160207856111,-0.17948736949983213,-0.09300319775033292,0.20215170195117527,False,242.60861030429774
2020-10-04 01:00:00,739636.32364,2290647.04256,5.206251464550825e-10,-17.894959961848944,68.30983496011498,-0.21967748441383025,-0.09254518155095759,0.23837535062730023,False,247.15540284682012
2020-10-04 01:30:00,740085.70599,2290648.58402,9.385703304198744e-10,-17.905127186877433,68.30856074713449,-0.2659829382446236,-0.03140222277509512,0.2678302130687648,False,263.26676865864715
2020-10-04 02:00:00,740582.24133,2290460.22794,1.1641532182693481e-10,-17.91775150111811,68.3088028258221,-0.32882330254126113,0.02043303930734372,0.3294575441380531,False,273.55578062676113
2020-10-04 02:30:00,741189.42579,2290214.4061,1.1641532182693481e-10,-17.93330296402178,68.30923194673251,-0.4173208943776271,0.04256820372523916,0.41948632975644873,False,275.824227600079
2020-10-04 03:00:00,741964.41973,2289851.83804,2.3283064365386963e-10,-17.95351142039627,68.3102011538992,-0.510950106611402,0.08207707001584993,0.5175003931095993,False,279.1258136205496
2020-10-04 03:30:00,742848.19964,2289366.3238,0.0,-17.97708807568742,68.31192868228305,-0.5555252073803848,0.1123948610967603,0.5667811401555097,False,281.4377881202947
2020-10-04 04:00:00,743741.79481,2288849.73057,4.656612873077393e-10,-18.001119322728872,68.31389460873922,-0.5646079334997615,0.13137365157061812,0.5796905682326298,False,283.0985819678158
2020-10-04 04:30:00,744635.13709,2288288.38692,0.0,-18.02547884293974,68.31624582288205,-0.5821056360056712,0.1467593644688807,0.6003209829157038,False,284.1504056648696
2020-10-04 05:00:00,745571.03441,2287698.87187,1.1641532182693481e-10,-18.051014897992655,68.31871719140314,-0.5976665962753441,0.177299622490326,0.6234103916671323,False,286.5231507004431
2020-10-04 05:30:00,746483.05788,2287014.82112,1.1641532182693481e-10,-18.07671478038362,68.32207215242909,-0.6016632451342565,0.22657476700380233,0.6429111801705674,False,290.6354055990521
2020-10-04 06:00:00,747377.01901,2286251.37802,4.799926683327254e-10,-18.10260117064065,68.3261627355193,-0.5761045366161303,0.28078745330281674,0.6408884700491715,False,295.9841300543769
2020-10-04 06:30:00,748140.28958,2285409.59591,4.656612873077393e-10,-18.126118687653847,68.33129955755264,-0.5307786674729618,0.32350183684083245,0.6215942666110793,False,301.3616966987381
2020-10-04 07:00:00,748830.6763,2284550.09676,5.820766091346741e-10,-18.148128183766513,68.33679353353678,-0.4720251848663719,0.3512884928661305,0.5883972980633834,False,306.65719712577703
2020-10-04 07:30:00,749361.14508,2283678.58137,4.656612873077393e-10,-18.1666158972179,68.34284358210522,-0.38455007503990835,0.3541865304285713,0.5228067124188713,False,312.6463542393491
2020-10-04 08:00:00,749748.50706,2282906.95867,4.656612873077393e-10,-18.18112853534839,68.34843263530648,-0.3202593218751659,0.3192637800365157,0.4522116700076921,False,314.91080807020467
2020-10-04 08:30:00,750097.89591,2282226.87254,0.0,-18.194106479474307,68.35333471272018,-0.28026585172174523,0.29756406382221623,0.40877049761413464,False,316.71472366126227
2020-10-04 09:00:00,750372.54243,2281574.25117,2.3283064365386963e-10,-18.20519177774921,68.35821063407636,-0.20630358531972692,0.28430870403373937,0.3512728405458046,False,324.034147991761
2020-10-04 09:30:00,750483.64596,2281022.56149,0.0,-18.211822569162415,68.36267717826316,-0.1262540563915674,0.23245862476463658,0.26453184871162716,False,331.4925153872897
2020-10-04 10:00:00,750542.74746,2280637.27014,0.0,-18.216035853748107,68.36584910820625,-0.08155212100658427,0.1387886562388085,0.1609752761800604,False,329.56153367984865
2020-10-04 10:30:00,750606.33274,2280456.18622,4.656612873077393e-10,-18.218828215147614,68.36723766118097,-0.08680881209298626,0.060016803800242526,0.1055357124171349,False,304.65872756724957
2020-10-04 11:00:00,750772.04209,2280334.33502,0.0,-18.223493950705688,68.36782114418646,-0.1476556989022888,0.03406279388894915,0.1515337564565876,False,282.9903437623934
2020-10-04 11:30:00,751072.88409,2280173.47865,0.0,-18.23151441409404,68.3683567811501,-0.21123261904182927,0.013722081631462789,0.2116778563562356,False,273.7168227100865
2020-10-04 12:00:00,751478.85065,2280049.50691,2.3283064365386963e-10,-18.24164262121211,68.36827190724671,-0.24467267294394524,-0.006309499616232228,0.2447540125737309,False,268.52281175188864
2020-10-04 12:30:00,751916.54996,2279919.33191,1.1641532182693481e-10,-18.252536354455756,68.36814940511917,-0.26426763754329774,-0.039368411145466346,0.26718393673429225,False,261.5268613170786
2020-10-04 13:00:00,752426.73604,2279886.12966,2.3283064365386963e-10,-18.264347460164988,68.36697823917176,-0.32008899734054874,-0.07594011052760519,0.3289739603759281,False,256.65351159701163
2020-10-04 13:30:00,753096.49634,2279817.80432,1.1641532182693481e-10,-18.280036049848118,68.36565374543991,-0.37737651738931066,-0.09159031863947972,0.3883321031608977,False,256.35793452911605
2020-10-04 14:00:00,753820.15389,2279773.08846,1.1641532182693481e-10,-18.296766954440763,68.36396856722604,-0.4326164667431899,-0.05984375570911396,0.43673594126741344,False,262.1242660572833
2020-10-04 14:30:00,754642.81169,2279533.41554,0.0,-18.317199627392373,68.36368688206817,-0.45523158536461966,0.008376836538467575,0.4553086510313385,False,271.0541957841357
2020-10-04 15:00:00,755366.47228,2279229.41137,0.0,-18.335872423388256,68.36424405145303,-0.42779766793706103,0.06675526182977853,0.43297472174983864,False,278.86913747946517
2020-10-04 15:30:00,756029.09069,2278820.81167,2.3283064365386963e-10,-18.353949574317028,68.36588046382029,-0.4381845397203301,0.1142461241635717,0.4528331566220784,False,284.6131748282279
2020-10-04 16:00:00,756734.18173,2278342.32579,1.1641532182693481e-10,-18.373517109508448,68.36799786440203,-0.46733736532741565,0.14399356042333705,0.48901774862939235,False,287.124839963789
2020-10-04 16:30:00,757462.34098,2277798.54618,1.1641532182693481e-10,-18.39410266420069,68.37061177725387,-0.47011646072843355,0.17368808125958674,0.5011756540570038,False,290.2771318902321
2020-10-04 17:00:00,758142.8257,2277214.94983,4.799926683327254e-10,-18.41391356781125,68.37370511725452,-0.4512643823728628,0.17636555874423826,0.48450423435665524,False,291.34681796593827
2020-10-04 17:30:00,758803.1577,2276682.97577,4.656612873077393e-10,-18.432883879700764,68.37640698508373,-0.4105140818622487,0.20314088440017963,0.45802623322479263,False,296.32828138196896
2020-10-04 18:00:00,759313.62018,2276053.87569,9.313225746154785e-10,-18.44919813012342,68.38038028248931,-0.35559892972698853,0.2833160460027876,0.4546631508552605,False,308.54535517884364
2020-10-04 18:30:00,759694.74647,2275310.33515,4.656612873077393e-10,-18.463453889691177,68.38571639558873,-0.2846217323391471,0.3271512720364622,0.4336328923349939,False,318.9767184480045
2020-10-04 19:00:00,759912.52468,2274612.25188,4.799926683327254e-10,-18.47367100015247,68.39113006062871,-0.18858062741639506,0.3176396271125837,0.36940165910426337,False,329.3026648788362
2020-10-04 19:30:00,759976.31272,2274010.63874,4.656612873077393e-10,-18.4796722655183,68.39615344436756,-0.06926677730474806,0.3011110490692943,0.30897532314053255,False,347.04520491771586
2020-10-04 20:00:00,759805.43366,2273505.10797,1.1641532182693481e-10,-18.479628507798225,68.40102382406451,0.0324593543690018,0.22537736625791674,0.2277028039076541,False,8.1955120102524
2020-10-04 20:30:00,759608.31019,2273278.15559,5.206251464550825e-10,-18.47687891579028,68.40355862153676,0.09146024991634177,0.13870456965350952,0.16614431966674326,False,33.40041384732558
2020-10-04 21:00:00,759334.89874,2273135.86024,4.799926683327254e-10,-18.471757530326116,68.40558113649749,0.15348748830487696,0.10017946731367298,0.18328757387611144,False,56.8679908257908
2020-10-04 21:30:00,758969.95681,2273111.15996,0.0,-18.46366897923561,68.40685004664658,0.2131386766386077,0.041157312175059635,0.217076069212459,False,79.0706418982823
2020-10-04 22:00:00,758560.17173,2273238.327,0.0,-18.453413060284646,68.4069332904475,0.25193720759255295,-0.023188940245769354,0.25300214133333926,False,95.25883177885055
2020-10-04 22:30:00,758136.04252,2273477.43532,0.0,-18.44198507761516,68.40608805418597,0.22657066974587303,-0.07469221568912796,0.23856486638573726,False,108.24553252834016
2020-10-04 23:00:00,757871.46813,2273751.43748,0.0,-18.43391289636043,68.40447937911951,0.16719135796060852,-0.11802844321089348,0.20465498670567359,False,125.22011211107241
2020-10-04 23:30:00,757699.39579,2274070.85921,4.656612873077393e-10,-18.427596495985654,68.40221011887267,0.1302806891823306,-0.16802280678649628,0.21261402017325973,False,142.21089353268218
2020-10-05 00:00:00,757617.71357,2274473.56061,9.313225746154785e-10,-18.42270205472846,68.3989587414313,0.09345198779563517,-0.2507731839831747,0.2676199989313481,False,159.5618178924508
2020-10-05 00:30:00,757665.51236,2275033.69519,4.799926683327254e-10,-18.419555950467362,68.3939705094568,0.0005356704178718502,-0.2741600645654109,0.2741605878774461,False,179.88805220356596
2020-10-05 01:00:00,757927.74168,2275410.58162,4.656612873077393e-10,-18.422654690324823,68.38995060481349,-0.11636121917656306,-0.23990309849661426,0.2666335125158358,False,205.87497383425801
2020-10-05 01:30:00,758335.87924,2275720.70254,1.1641532182693481e-10,-18.42956280810055,68.38608777114749,-0.1293023132628106,-0.19972157207869667,0.23792392601144602,False,212.9195387353069
2020-10-05 02:00:00,758596.65942,2275945.54524,0.0,-18.433773918848157,68.38338831792038,-0.08722883816703648,-0.1690442269943612,0.19022308190146683,False,207.29427394273557
2020-10-05 02:30:00,758826.22191,2276198.73951,0.0,-18.43706266212096,68.38053336032362,-0.09505133171695154,-0.18709521727095893,0.20985560747054935,False,206.93226404110135
2020-10-05 03:00:00,759134.29693,2276476.29586,1.1641532182693481e-10,-18.44194487438163,68.37724069053874,-0.11560083014832206,-0.20140038686952072,0.23221900818445898,False,209.85518370595503
2020-10-05 03:30:00,759450.37492,2276754.89567,5.206251464550825e-10,-18.446998970773183,68.37391569416853,-0.1456227775384104,-0.17980225408331926,0.23137597954723793,False,219.0041920420524
2020-10-05 04:00:00,759836.4213,2276924.43975,4.799926683327254e-10,-18.454459707279913,68.3713325750094,-0.18191792794321326,-0.13064412554613508,0.22396879257357807,False,234.3160311879209
2020-10-05 04:30:00,760220.48117,2276993.71808,2.3283064365386963e-10,-18.46263155107137,68.36962288034469,-0.17768549944818918,-0.08202753663780452,0.1957055274666988,False,245.21985018314115
2020-10-05 05:00:00,760536.68278,2277001.96606,4.799926683327254e-10,-18.469727477069142,68.36863731519773,-0.1903774084810257,-0.02035767408604553,0.1914627706739484,False,263.89637027768345
2020-10-05 05:30:00,760893.7556,2276846.10668,1.1641532182693481e-10,-18.478989259361988,68.36895383546214,-0.2006037571139603,0.022575031893298153,0.20187000627438492,False,276.42079185612
2020-10-05 06:00:00,761195.86188,2276695.98837,1.1641532182693481e-10,-18.486963651796664,68.36937917576093,-0.1335699922537114,0.04943461798697964,0.14242445115279587,False,290.3096504703059
2020-10-05 06:30:00,761293.363,2276524.85296,1.1641532182693481e-10,-18.49046603845823,68.37057836249045,-0.031242940670078184,0.06956287452880638,0.0762569003725203,False,335.81360690789745
2020-10-05 07:00:00,761223.1082,2276422.81896,4.656612873077393e-10,-18.4896480554673,68.37166495483389,0.04054078411278247,0.008524158627202311,0.04142724292999648,False,78.12588170847636
2020-10-05 07:30:00,761145.21795,2276542.03462,2.3283064365386963e-10,-18.486982425584927,68.37085843304058,0.09237186868679836,-0.09774052195969456,0.13448335122848723,False,136.61756656437245
2020-10-05 08:00:00,761019.30276,2276861.97149,4.656612873077393e-10,-18.48171112670561,68.36845326405009,0.09866197285090023,-0.12589600272934823,0.15994995589264732,False,141.91496906800705
2020-10-05 08:30:00,760952.02685,2277084.4788,4.799926683327254e-10,-18.478505120127604,68.36672170918459,0.06816929656612829,-0.13219277550100275,0.14873460555290843,False,152.7207040897227
2020-10-05 09:00:00,760937.38002,2277391.11189,5.206251464550825e-10,-18.47585458521363,68.36410956922273,0.0885112496299009,-0.16704039440764473,0.189041621541152,False,152.08180893670595
2020-10-05 09:30:00,760840.37931,2277755.80801,1.1641532182693481e-10,-18.47090212561896,68.36123286896715,0.12039771793420882,-0.22303798758114193,0.25345917696546505,False,151.63946601367007
2020-10-05 10:00:00,760780.66545,2278290.00626,4.656612873077393e-10,-18.46551393424877,68.35678070069,0.11918135876086905,-0.30432077081992936,0.32682614312279695,False,158.61316348471485
2020-10-05 10:30:00,760780.41567,2278930.85312,0.0,-18.46066771550683,68.35123307013436,0.08727243740782975,-0.3519272877285263,0.36258694706106076,False,166.0725062071292
2020-10-05 11:00:00,760883.83255,2279591.23591,1.1641532182693481e-10,-18.458020924724014,68.34521650553725,0.06839661130453828,-0.395791168167029,0.40165749742406837,False,170.19555728830505
2020-10-05 11:30:00,760997.97569,2280360.35939,0.0,-18.454797644016963,68.33822730573534,0.06397852916821622,-0.4638881919636685,0.4682793043023038,False,172.14741987911424
2020-10-05 12:00:00,761194.00288,2281248.26172,1.1641532182693481e-10,-18.45253132404354,68.32997289766706,0.028630074018388157,-0.5482216103781823,0.5489686832816112,False,177.01052723532734
2020-10-05 12:30:00,761524.88751,2282265.1101,2.3283064365386963e-10,-18.452341308904522,68.32021218402295,-0.04348745794482442,-0.5893499833236551,0.5909522500524855,False,184.22014154314172
2020-10-05 13:00:00,762014.04756,2283211.28924,1.1641532182693481e-10,-18.45625773642655,68.31060587640883,-0.13407257932569003,-0.6078488849954793,0.6224594151567561,False,192.43850733205664
2020-10-05 13:30:00,762675.48274,2284188.01332,1.1641532182693481e-10,-18.46382855814566,68.30023681012959,-0.2102885361016928,-0.6027990229745948,0.6384261355199354,False,199.23150341041293
2020-10-05 14:00:00,763419.39284,2285029.89976,1.1641532182693481e-10,-18.474268623740972,68.2907960811495,-0.26656136757886983,-0.555656386117311,0.6162864448602351,False,205.62812379181622
2020-10-05 14:30:00,764219.52311,2285781.20626,4.656612873077393e-10,-18.486649998101495,68.28197596102183,-0.31791092866377835,-0.5164871429814004,0.6064868732536225,False,211.61335044795112
2020-10-05 15:00:00,765094.38499,2286430.41056,4.799926683327254e-10,-18.501475450687167,68.27382212008206,-0.363172927463492,-0.5197048807425511,0.6340250297188842,False,214.94608376567052
2020-10-05 15:30:00,766053.07504,2287140.56214,2.3283064365386963e-10,-18.517718345629252,68.26489605590697,-0.4027884783240866,-0.5374879075565004,0.6716634641247791,False,216.847551171766
2020-10-05 16:00:00,767083.88659,2287804.6564,4.799926683327254e-10,-18.535919396164434,68.25615744097855,-0.41724801564329855,-0.4970181093702459,0.6489398335749194,False,220.01354754033565
2020-10-05 16:30:00,768046.05196,2288359.49441,0.0,-18.55338648455778,68.24856148179701,-0.4001519166966467,-0.41909963409592155,0.579453242061286,False,223.6750946889652
2020-10-05 17:00:00,768929.63391,2288776.63632,0.0,-18.570114479984387,68.24238349540477,-0.336500147769028,-0.355672886034873,0.48962797235141037,False,223.41335025646316
2020-10-05 17:30:00,769602.1501,2289187.4626,0.0,-18.582134694757826,68.23687233688696,-0.27103651496215886,-0.36267810809374584,0.4527650632870113,False,216.77148844017927
2020-10-05 18:00:00,770270.5589,2289703.28132,9.313225746154785e-10,-18.59326256381854,68.23046359607426,-0.23545006954312958,-0.3915169755016818,0.45686133274096313,False,211.02181552546367
2020-10-05 18:30:00,770854.93324,2290253.09627,0.0,-18.602238451998556,68.22400454176369,-0.2037843139560636,-0.41741200817130014,0.4645006255971471,False,206.0220483498294
2020-10-05 19:00:00,771445.20541,2290893.43507,5.206251464550825e-10,-18.610656800328584,68.21674443074204,-0.2072230566245416,-0.4532690043918516,0.4983915985840836,False,204.5686736530037
2020-10-05 19:30:00,772082.68242,2291561.46189,4.799926683327254e-10,-18.61992009585332,68.20910658268936,-0.20984209472689638,-0.47074680046730055,0.5153991219138545,False,204.02560406528602
2020-10-05 20:00:00,772702.1908,2292258.21842,4.656612873077393e-10,-18.628556305290402,68.20127189450729,-0.16781507135158485,-0.45267702133985477,0.48278192159800354,False,200.3406000136603
2020-10-05 20:30:00,773175.72338,2292912.74177,2.3283064365386963e-10,-18.634230764787624,68.19422787479661,-0.08370641080760886,-0.4390562854352613,0.4469644113243266,False,190.79394900682382
2020-10-05 21:00:00,773492.7796,2293659.6754,2.3283064365386963e-10,-18.63569290774855,68.18684064167924,-0.029894600123968995,-0.4932431943313491,0.49414829340064004,False,183.46835346639688
2020-10-05 21:30:00,773845.11786,2294560.92765,4.799926683327254e-10,-18.636778236800176,68.17801522118073,-0.0007630990971401186,-0.5562733830499057,0.5562739064615733,False,180.07859863786825
2020-10-05 22:00:00,774135.34376,2295556.37312,9.313225746154785e-10,-18.635758777337163,68.16855593693425,0.012291078801098587,-0.584920578579422,0.5850497020457156,False,178.79620696855596
2020-10-05 22:30:00,774476.07246,2296570.37682,4.656612873077393e-10,-18.63573131571214,68.15878856388741,-0.039373250819641686,-0.6266495181682705,0.6278852375240495,False,183.59524649153343
2020-10-05 23:00:00,774990.5415,2297648.73675,0.0,-18.63910798298479,68.14795720751061,-0.07013559674915265,-0.6705775235658684,0.6742352831490596,False,185.97084786224707
2020-10-05 23:30:00,775486.87224,2298777.14185,4.799926683327254e-10,-18.641697643916707,68.13674550727633,-0.05959693782086345,-0.691024251427853,0.6935894398410694,False,184.92924007001454
2020-10-06 00:00:00,775989.02108,2299937.32975,4.656612873077393e-10,-18.644174972633902,68.12524155868755,-0.07848126391850474,-0.7218657679076252,0.7261194775401025,False,186.20482801942245
2020-10-06 00:30:00,776585.36172,2301149.16089,4.656612873077393e-10,-18.648365676528442,68.11301547971117,-0.10938291411005391,-0.7517274025677885,0.7596438044705698,False,188.27893410627996
2020-10-06 01:00:00,777227.46417,2302375.55443,5.206251464550825e-10,-18.65346425880389,68.10052935983416,-0.1922793847865867,-0.7647147987641206,0.7885176505714744,False,194.11383422014853
2020-10-06 01:30:00,778121.72696,2303536.12393,1.1641532182693481e-10,-18.66468316927958,68.0878754602761,-0.34656287513113526,-0.7034361676043659,0.7841736212810759,False,206.22814874299291
2020-10-06 02:00:00,779219.9071,2304375.46481,2.3283064365386963e-10,-18.68286219616687,68.0774030146377,-0.45836131400761426,-0.5945021227846385,0.7506849326942883,False,217.6322339595397
2020-10-06 02:30:00,780370.44948,2305034.97956,1.1641532182693481e-10,-18.70354932261493,68.06833032834173,-0.45605480025886547,-0.5375078884078403,0.7049118462189502,False,220.31332550605973
2020-10-06 03:00:00,781395.51053,2305681.82729,1.1641532182693481e-10,-18.72151835741079,68.05973200061837,-0.41331042526799466,-0.5381579939158045,0.678556949747546,False,217.52460320539367
2020-10-06 03:30:00,782401.47575,2306392.2668,1.1641532182693481e-10,-18.73856745469964,68.05063740348864,-0.35465526002595127,-0.5484975854068217,0.653169162362392,False,212.88646723525835
2020-10-06 04:00:00,783238.93237,2307141.59444,4.656612873077393e-10,-18.75155635909648,68.04169915835946,-0.26325030210878775,-0.5311320254203407,0.592791658162867,False,206.36485733715188
2020-10-06 04:30:00,783913.53983,2307898.1989,4.799926683327254e-10,-18.760855190654457,68.03317508506886,-0.22042613423948917,-0.5389706897850453,0.5823032587090105,False,202.24338872609172
2020-10-06 05:00:00,784614.34067,2308723.58402,1.1641532182693481e-10,-18.770209608350942,68.02397854606805,-0.1916529593288467,-0.5978913581324105,0.6278574145050155,False,197.77315564166935
2020-10-06 05:30:00,785259.38466,2309714.12776,0.0,-18.777067758668124,68.01351704501164,-0.18035542848109837,-0.6489723175622537,0.6735674795777504,False,195.5311054749961
2020-10-06 06:00:00,785981.08856,2310726.54768,9.313225746154785e-10,-18.78545783791619,68.00264040049943,-0.2020041978445514,-0.6786907446682822,0.7081149785488287,False,196.57500854043235
2020-10-06 06:30:00,786734.66218,2311793.08131,4.656612873077393e-10,-18.794138579622278,67.9912013824998,-0.20585076175377834,-0.6940030090518587,0.7238886051649419,False,196.52107518779542
2020-10-06 07:00:00,787487.54963,2312853.00147,9.599853366654507e-10,-18.80284517671994,67.9798208177507,-0.20146263597784447,-0.7017765666474061,0.7301215947981285,False,196.01745879908879
2020-10-06 07:30:00,788235.51202,2313950.88916,9.385703304198744e-10,-18.81114667424126,67.96812573610939,-0.22277189106810602,-0.6915433727952873,0.7265394358926031,False,197.85568415573107
2020-10-06 08:00:00,789049.449,2314950.98387,1.1641532182693481e-10,-18.821641471158006,67.95708102941752,-0.26321640294088133,-0.6482995634301618,0.6996965047224938,False,202.0976668778959
2020-10-06 08:30:00,789885.38503,2315854.25818,2.3283064365386963e-10,-18.833345281115914,67.9468075330844,-0.2954274058930124,-0.5656033598119693,0.6381101102343253,False,207.5790817104728
2020-10-06 09:00:00,790713.35755,2316534.81455,1.1641532182693481e-10,-18.846545850973794,67.93848177170695,-0.31870545113698384,-0.42703943523052834,0.5328563069218915,False,216.73449030530332
2020-10-06 09:30:00,791467.82719,2316938.54843,5.206251464550825e-10,-18.86020290876038,67.93276465029331,-0.34911362442283894,-0.2647879152152479,0.43817001586334997,False,232.82122153843645
2020-10-06 10:00:00,792210.83209,2317030.59555,1.1641532182693481e-10,-18.875958310854585,67.92977413854418,-0.40395153699634784,-0.09359534157996385,0.4146527851192874,False,256.95479171285854
2020-10-06 10:30:00,792952.85422,2316786.89962,1.1641532182693481e-10,-18.894231289066884,67.92968650444097,-0.419841058914792,0.08374857351653295,0.42811252996933874,False,281.28110835453685
2020-10-06 11:00:00,793543.19038,2316255.91202,4.799926683327254e-10,-18.911325194866546,67.93252832705514,-0.4083171057066191,0.24263180752201552,0.47496637021375604,False,300.7197961021052
2020-10-06 11:30:00,794060.35334,2315484.15956,9.385703304198744e-10,-18.928631401138272,67.93766531625667,-0.40833665768176,0.36528358974127856,0.5478785695215552,False,311.8146939873187
2020-10-06 12:00:00,794507.12923,2314535.14559,0.0,-18.945734336921976,67.94454042928105,-0.4008131344835174,0.45893339103450337,0.6093201343964686,False,318.8674032687703
2020-10-06 12:30:00,794888.70123,2313453.02385,0.0,-18.96241656182898,67.95275686326083,-0.3658993071332485,0.567008311112449,0.6748190333942745,False,327.1652159207266
2020-10-06 13:00:00,795089.58949,2312176.65576,2.3283064365386963e-10,-18.976587581902994,67.96318581742393,-0.3070009672104947,0.6199730525680257,0.6918209159737043,False,333.6561058203629
2020-10-06 13:30:00,795208.06444,2310983.02935,2.3283064365386963e-10,-18.988313695942015,67.97314352288694,-0.2259646029129057,0.6200095093070122,0.6599028666407725,False,339.9755563940415
2020-10-06 14:00:00,795132.54812,2309801.39388,0.0,-18.995656601221487,67.98357335737256,-0.16138500391326518,0.6054745049974751,0.6266135138105643,False,345.0751970495572
2020-10-06 14:30:00,795047.9245,2308732.91205,9.313225746154785e-10,-19.0019397702707,67.99305253310615,-0.1445755339279119,0.5323655447093235,0.551647675789716,False,344.8065132449149
2020-10-06 15:00:00,795000.64034,2307819.84782,4.799926683327254e-10,-19.007868751862063,68.00107810094718,-0.12323704102972446,0.4183502163577487,0.43612414724288906,False,343.5861522829364
2020-10-06 15:30:00,794976.86615,2307164.47395,4.799926683327254e-10,-19.012352703101993,68.00680818114408,-0.1634788210469628,0.3023297440055301,0.34369841291654846,False,331.5985719737301
2020-10-06 16:00:00,795202.49313,2306599.10948,1.1641532182693481e-10,-19.021687384792887,68.01101853964472,-0.24379696261856892,0.23249372243449445,0.3368831992745967,False,313.6405226101249
2020-10-06 16:30:00,795533.81762,2306087.14428,1.1641532182693481e-10,-19.0329634715341,68.01445242477034,-0.26709931071229315,0.20280883618425566,0.3353706394683267,False,307.20944742573073
2020-10-06 17:00:00,795873.38509,2305595.33655,0.0,-19.044271562807502,68.01768683430332,-0.25696958692373806,0.18878960816703305,0.31886499455979556,False,306.30386373120473
2020-10-06 17:30:00,796186.50845,2305142.84497,1.1641532182693481e-10,-19.0546941425334,68.02065980279751,-0.2731074964074719,0.17478052620751733,0.3242467223201091,False,302.61801200044283
2020-10-06 18:00:00,796597.28214,2304679.62109,1.1641532182693481e-10,-19.067370475154632,68.02343332712618,-0.3141885136440766,0.15763304547616885,0.35151472107433285,False,296.6436005434557
2020-10-06 18:30:00,797070.14673,2304237.00024,1.1641532182693481e-10,-19.08127062807082,68.02584253865544,-0.3110153354982581,0.1515961148107019,0.34599410535555886,False,295.9856817960615
2020-10-06 19:00:00,797477.00954,2303797.83529,0.0,-19.09368140073092,68.02841779264857,-0.28901030782277914,0.13855852346828462,0.32050806924869885,False,295.6141846849172
2020-10-06 19:30:00,797890.17638,2303425.29041,2.3283064365386963e-10,-19.105722524174862,68.03039822044764,-0.2977115206459223,0.09515587311887515,0.31254885972328056,False,287.72514940003
2020-10-06 20:00:00,798377.60988,2303123.34302,2.3283064365386963e-10,-19.11887169133012,68.03154630738845,-0.34350107933130847,0.05935693209746784,0.34859179119680556,False,279.80388605409587
2020-10-06 20:30:00,798988.58249,2302818.3683,0.0,-19.13478905931054,68.03234952644843,-0.39004648429034483,0.042153593442504356,0.3923177097039772,False,276.1682012622059
2020-10-06 21:00:00,799654.45372,2302519.70017,1.1641532182693481e-10,-19.151878009094986,68.03293212950915,-0.4183806967422209,0.029794688110694578,0.41944025897154863,False,274.073402018156
2020-10-06 21:30:00,800376.20041,2302222.90965,1.1641532182693481e-10,-19.170194002831742,68.03332898720635,-0.4616461415298321,0.0003789006884145907,0.4616462970230709,False,270.0470260735939
2020-10-06 22:00:00,801223.77366,2301972.67624,9.313225746154785e-10,-19.190944381455317,68.03294426478892,-0.4841485318619432,-0.03890233681949644,0.4857089588571458,False,265.4060354459722
2020-10-06 22:30:00,802068.31369,2301782.2424,0.0,-19.211164175793275,68.0320500056201,-0.47343629512732854,-0.027895542355615033,0.47425740566406005,False,266.62794956129767
2020-10-06 23:00:00,802866.27636,2301506.68353,0.0,-19.231007677268956,68.03202714852915,-0.4687656246487477,0.033515234948948674,0.46996221318954345,False,274.0895052554821
2020-10-06 23:30:00,803621.96034,2301112.47694,0.0,-19.250832425700608,68.03315194311085,-0.4484594616157032,0.032308153135138046,0.4496217359866512,False,274.12061378140027
2020-10-07 00:00:00,804352.10928,2300864.58516,4.656612873077393e-10,-19.268957450440325,68.03308961508638,-0.45153659586336553,0.015973910593969326,0.4518190602703038,False,272.02609521021986
2020-10-07 00:30:00,805137.45243,2300521.76201,4.799926683327254e-10,-19.289044127121894,68.03367688846845,-0.41471548916276485,0.046163897362208536,0.417276937262509,False,276.35170952928047
2020-10-07 01:00:00,805706.37735,2300214.54382,4.799926683327254e-10,-19.30405362211491,68.03460802140599,-0.36922289559911997,0.059423545915920487,0.3739742029122064,False,279.14290587918185
2020-10-07 01:30:00,806321.20436,2299880.45533,4.656612873077393e-10,-19.320291730075283,68.03563051569684,-0.3796880590174336,0.03611675663381528,0.38140194319139537,False,275.43375031424785
2020-10-07 02:00:00,806953.26005,2299639.61636,4.799926683327254e-10,-19.336187626142447,68.03579552249134,-0.3861562306394482,-0.014908969156314067,0.3864439310210094,False,267.7889857026139
2020-10-07 02:30:00,807650.72198,2299470.8028,5.820766091346741e-10,-19.3529734216418,68.03514023312407,-0.39786673479008583,-0.03420660294926185,0.39933448428335483,False,265.08607750379235
2020-10-07 03:00:00,808345.45522,2299281.14979,5.206251464550825e-10,-19.369860194131615,68.03467085015534,-0.39035259237657044,-0.00917182918776531,0.3904603293879655,False,268.654010659137
2020-10-07 03:30:00,808987.40032,2299035.87391,9.313225746154785e-10,-19.386009692657673,68.03483875984402,-0.3519670194746386,-0.006978867601039204,0.3520362018185821,False,268.86407746459383
2020-10-07 04:00:00,809549.03712,2298884.26597,1.1641532182693481e-10,-19.399647250798967,68.03444164904943,-0.3016796184708255,-0.04769775120887736,0.3054270251157988,False,261.0154908129668
2020-10-07 04:30:00,810068.82135,2298837.10065,1.1641532182693481e-10,-19.41154038907084,68.03327067837404,-0.27723221941525594,-0.08113257310822235,0.28886017015343196,False,253.68777791429238
2020-10-07 05:00:00,810587.41269,2298828.04195,2.3283064365386963e-10,-19.42310796538039,68.0317741497503,-0.2566196173766712,-0.09229323442048064,0.2727116960131027,False,250.2188805584555
2020-10-07 05:30:00,811050.56429,2298843.23513,4.799926683327254e-10,-19.43325552430648,68.03023630339528,-0.23187903436700363,-0.12750700175724378,0.2646241146911895,False,241.19422750233733
2020-10-07 06:00:00,811527.34204,2298983.18307,5.206251464550825e-10,-19.442727701114176,68.02758191725421,-0.22643422698948573,-0.21594180255982712,0.3128950642709362,False,226.35870594911228
2020-10-07 06:30:00,812078.00822,2299304.95584,0.0,-19.45241189432389,68.02313634335388,-0.2712730619178911,-0.3052159706959995,0.4083452741127405,False,221.6303907923724
2020-10-07 07:00:00,812814.09923,2299694.0152,4.656612873077393e-10,-19.465672430496316,68.01754637384465,-0.348894029553643,-0.3545025121983443,0.4973922747823045,False,224.5431658298593
2020-10-07 07:30:00,813687.52086,2300089.66029,1.1641532182693481e-10,-19.48191522857448,68.01148016499157,-0.4121844646331859,-0.29968383450132347,0.5096140044645189,False,233.98050855655546
2020-10-07 08:00:00,814572.8178,2300216.22624,4.799926683327254e-10,-19.500520823664253,68.00769254348563,-0.43257411576497046,-0.22814265028946418,0.4890495215322747,False,242.19251838210496
2020-10-07 08:30:00,815429.62758,2300344.02233,9.599853366654507e-10,-19.518480110297464,68.00397888896819,-0.39206491283139455,-0.2180713159365139,0.4486312457996789,False,240.91665114818244
2020-10-07 09:00:00,816165.43772,2300484.59338,4.799926683327254e-10,-19.53365648341903,68.00052259980416,-0.3695604293872422,-0.20000139779500348,0.42020884104078304,False,241.5783124337158
2020-10-07 09:30:00,816924.21453,2300577.74854,3.4924596548080444e-10,-19.54970844893404,67.99740264342537,-0.30057321496226724,-0.278872848427935,0.4100174668755751,False,227.144735662716
2020-10-07 10:00:00,817521.06571,2301068.57487,4.799926683327254e-10,-19.5590513833782,67.99135361126018,-0.24661909062242063,-0.4570770480805916,0.5193653855827294,False,208.34938810234286
2020-10-07 10:30:00,818311.6828,2301831.05115,5.206251464550825e-10,-19.570537355131183,67.98237325963129,-0.31303546938040394,-0.5389913915332694,0.6233000282666284,False,210.14716684237698
2020-10-07 11:00:00,819232.85037,2302519.36472,4.799926683327254e-10,-19.585480450913284,67.9736303898282,-0.3368124083253294,-0.5113830244268248,0.6123358523505177,False,213.37011527217962
2020-10-07 11:30:00,820071.17348,2303159.06165,4.656612873077393e-10,-19.598965034513096,67.96555803663358,-0.33807452712057134,-0.48240889669569537,0.5890778636979631,False,215.02296043107995
2020-10-07 12:00:00,820961.94581,2303747.17331,0.0,-19.614002989548165,67.95776736756682,-0.3480684210397853,-0.49972710581230906,0.6089981986908303,False,214.8578669646493
2020-10-07 12:30:00,821855.40979,2304433.06719,0.0,-19.628320581211128,67.94912551872831,-0.33555904849945595,-0.5391246106846854,0.6350237955193284,False,211.89873865819197
2020-10-07 13:00:00,822751.727,2305169.44999,4.799926683327254e-10,-19.642292710823952,67.94003902535128,-0.328217084564034,-0.5448202880236617,0.6360468542818996,False,211.06609790804023
2020-10-07 13:30:00,823627.53723,2305883.10337,4.656612873077393e-10,-19.655980497273447,67.9312095902934,-0.31072956400735086,-0.5469255855782237,0.6290313649638476,False,209.6025809804533
2020-10-07 14:00:00,824467.46355,2306647.37652,4.656612873077393e-10,-19.668468592617128,67.92205364716986,-0.30205890303221217,-0.5501667196984937,0.627632854752541,False,208.7681763886025
2020-10-07 14:30:00,825318.12987,2307382.14927,3.4924596548080444e-10,-19.681415206363262,67.91311718857776,-0.3595745100235251,-0.5455618024358411,0.6533999606180749,False,213.3884905635299
2020-10-07 15:00:00,826347.7716,2308060.69672,1.1641532182693481e-10,-19.69873255983245,67.90411197054924,-0.4291024176646724,-0.5722196495580755,0.7152371719828561,False,216.86590384384752
2020-10-07 15:30:00,827466.86583,2308800.8832,1.1641532182693481e-10,-19.717517417655603,67.89429879585362,-0.46496095575622215,-0.5907840609957262,0.7518074867307066,False,218.203578014564
2020-10-07 16:00:00,828641.04235,2309498.08642,0.0,-19.737835449079267,67.88468270784558,-0.4897514345425129,-0.5618245285468706,0.7453209164603948,False,221.07918366955033
2020-10-07 16:30:00,829809.44005,2310109.19065,0.0,-19.758688490930467,67.8758217365882,-0.4878042435389728,-0.5362862678642876,0.7249523716179125,False,222.28955312244986
2020-10-07 17:00:00,830946.41498,2310721.38607,1.1641532182693481e-10,-19.77882651474614,67.86704541609517,-0.4738762886461516,-0.515312304000352,0.7000753585116405,False,222.6013455093845
2020-10-07 17:30:00,832042.50928,2311277.5952,9.313225746154785e-10,-19.798493953127977,67.85887393698907,-0.4692119762341273,-0.4878203910120471,0.6768519871646103,False,223.88608856375097
2020-10-07 18:00:00,833130.56343,2311801.59085,4.656612873077393e-10,-19.818225357425106,67.85100146819427,-0.47486082273466523,-0.466014364055417,0.665328631936292,False,225.53870036905434
2020-10-07 18:30:00,834219.54602,2312276.30086,0.0,-19.838353129899822,67.84354690361701,-0.4880865246726379,-0.4416830893812821,0.6582646937307265,False,227.85717746458346
2020-10-07 19:00:00,835323.01169,2312700.97921,0.0,-19.859180962435033,67.83647443548959,-0.4384277819947413,-0.44769359690092103,0.6266166904343617,False,224.40090290962192
2020-10-07 19:30:00,836251.53165,2313255.97359,1.1641532182693481e-10,-19.875131275682026,67.82882269402886,-0.3663310301959275,-0.4605121470964531,0.5884469910771868,False,218.50176239803045
2020-10-07 20:00:00,837126.87004,2313811.72331,4.799926683327254e-10,-19.88990027139642,67.82132792718954,-0.3289323325203852,-0.46990330652675055,0.5735900948081953,False,214.99202166759477
2020-10-07 20:30:00,837940.5742,2314443.84892,0.0,-19.902705193408632,67.81336714285337,-0.2664394427290232,-0.49742953213187574,0.564292580208786,False,208.17495063795138
2020-10-07 21:00:00,838638.37499,2315168.98351,2.3283064365386963e-10,-19.912228255310186,67.80496682970231,-0.19863437312838234,-0.5325912769044847,0.5684268487878233,False,200.45342132827005
2020-10-07 21:30:00,839265.91119,2316003.00753,0.0,-19.919344750541935,67.79584912466521,-0.17859910258495068,-0.5584656016504821,0.5863288050837897,False,197.73444411887482
2020-10-07 22:00:00,839927.82888,2316840.12578,5.206251464550825e-10,-19.92718245903,67.78659727374854,-0.1470366435623971,-0.5659004476501374,0.5846905944178692,False,194.56497186028616
2020-10-07 22:30:00,840457.89428,2317737.86256,4.799926683327254e-10,-19.93165279369297,67.77723487905332,-0.1103302006532342,-0.5890554973485773,0.5992988671212075,False,190.60859485909776
2020-10-07 23:00:00,841024.13623,2318698.3003,5.206251464550825e-10,-19.936412786559153,67.76722088598648,-0.1133429435880792,-0.637319254945726,0.6473194385971935,False,190.0842356961382
2020-10-07 23:30:00,841623.7965,2319755.5848,2.3283064365386963e-10,-19.94113104431281,67.75627052376686,-0.1490848424738912,-0.6954036219815235,0.7112049547918564,False,192.10025392583395
2020-10-08 00:00:00,842382.47655,2320868.60936,9.599853366654507e-10,-19.948872312909533,67.7443452772716,-0.21081141434847653,-0.7424387799918021,0.7717880502154206,False,195.85160425192157
2020-10-08 00:30:00,843249.08328,2322009.06099,4.656612873077393e-10,-19.958741129910102,67.73184715557204,-0.25889589112287853,-0.7671946069294804,0.8097003441656607,False,198.64737391924976
2020-10-08 01:00:00,844201.27956,2323146.48588,4.799926683327254e-10,-19.970487673486318,67.71910695877342,-0.3099103434445427,-0.7600495022951782,0.8208042805158015,False,202.1831889246282
2020-10-08 01:30:00,845232.17692,2324199.66513,1.1641532182693481e-10,-19.98460147786407,67.70684324650041,-0.36119683343199693,-0.7276633431165933,0.8123774328456685,False,206.3988384314494
2020-10-08 02:00:00,846318.57971,2325163.9308,2.3283064365386963e-10,-20.00061184379696,67.69516794765742,-0.3946846418994959,-0.7075089679260526,0.8101511625907362,False,209.15501023445498
2020-10-08 02:30:00,847438.50972,2326107.10466,4.656612873077393e-10,-20.01750183835426,67.68356686314281,-0.4456995524220865,-0.6882001316160868,0.8199192107675289,False,212.92833414993873
2020-10-08 03:00:00,848674.23912,2326942.54141,5.206251464550825e-10,-20.037744917187098,67.67252600051103,-0.5053990770746879,-0.6633156540712107,0.8339159933973352,False,217.30480748883346
2020-10-08 03:30:00,849966.01102,2327727.08214,4.799926683327254e-10,-20.05958903706802,67.66174335160112,-0.5629849444523394,-0.6549185096339605,0.8636378303091937,False,220.68320890411613
2020-10-08 04:00:00,851386.72215,2328462.05282,0.0,-20.08460436933401,67.65097804331607,-0.6146352187483781,-0.6163858639294026,0.870464235553571,False,224.9185192568261
2020-10-08 04:30:00,852806.15387,2329051.274,1.1641532182693481e-10,-20.110725781444994,67.64146309234309,-0.6325936296909369,-0.5456228594822411,0.835391528036484,False,229.2216664961069
2020-10-08 05:00:00,854200.58596,2329523.50577,4.799926683327254e-10,-20.13721329864952,67.63302580839174,-0.6371241496394181,-0.4950961842733277,0.8068750917804816,False,232.14994922932755
2020-10-08 05:30:00,855573.19968,2329935.03413,5.206251464550825e-10,-20.163691345318707,67.62517310078125,-0.637717868218711,-0.47937314553961313,0.7977986538657235,False,233.06777957481702
2020-10-08 06:00:00,856950.53505,2330352.11647,9.599853366654507e-10,-20.190209088968107,67.61725289953465,-0.6563804484598551,-0.46026983257609905,0.8016755028688296,False,234.9609333471656
2020-10-08 06:30:00,858362.85307,2330674.63779,0.0,-20.218219433892767,67.61002826643595,-0.6603459411579752,-0.42647806408272015,0.7860917892635418,False,237.14399372264023
2020-10-08 07:00:00,859711.90387,2330971.26794,0.0,-20.245049676488463,67.60322025128552,-0.6202966633008268,-0.3973775332768631,0.7366660399769651,False,237.35536095552155
2020-10-08 07:30:00,860952.98983,2331244.09683,0.0,-20.26971897404662,67.59695314272865,-0.572164242422347,-0.3950940975212135,0.695320980700885,False,235.37392519396928
2020-10-08 08:00:00,862136.89165,2331591.93039,0.0,-20.29253886431377,67.59022001911173,-0.5365979674682185,-0.40485350003482645,0.6721932275629326,False,232.96610434622303
2020-10-08 08:30:00,863270.31775,2331941.15215,5.206251464550825e-10,-20.31424341996402,67.58363148788138,-0.500841591492477,-0.4011929597579139,0.6417149606546759,False,231.30395909901392
2020-10-08 09:00:00,864329.19176,2332320.4381,0.0,-20.334084444645793,67.57701874857902,-0.4363576597980163,-0.4151129101472326,0.6022679930357463,False,226.42927076824748
2020-10-08 09:30:00,865262.60793,2332796.55751,0.0,-20.350429683600687,67.56997216923678,-0.34706738311484103,-0.45222972662394234,0.5700592022453014,False,217.50472923323963
2020-10-08 10:00:00,866066.81247,2333412.34148,0.0,-20.362857350196403,67.56213781285506,-0.291168621482277,-0.4846117974398102,0.5653563127389073,False,210.99865151888184
2020-10-08 10:30:00,866852.36966,2334067.39716,0.0,-20.37455955498302,67.55402509711797,-0.2650058247333558,-0.5147284578878077,0.5789416831617558,False,207.24148755731534
2020-10-08 11:00:00,867606.2873,2334817.2847,0.0,-20.384811315709666,67.54519947914547,-0.22816729405408148,-0.5634352708644221,0.6078812536425403,False,202.04585159197035
2020-10-08 11:30:00,868328.8591,2335682.62259,4.656612873077393e-10,-20.3934544839375,67.53548363078292,-0.20993937870137486,-0.6030671107140684,0.6385643920189519,False,199.1940000247368
2020-10-08 12:00:00,869071.22997,2336588.88586,0.0,-20.402188883467666,67.52535334516283,-0.21290488335815966,-0.6090808867366835,0.6452193549062956,False,199.2671289176289
2020-10-08 12:30:00,869811.62515,2337470.57022,0.0,-20.411069904816642,67.51543922274271,-0.19228571042428222,-0.6346905462488288,0.6631786214369456,False,196.8546980401397
2020-10-08 13:00:00,870516.85783,2338488.89753,1.1641532182693481e-10,-20.4180918527771,67.50446584451882,-0.16468621840015057,-0.6697564101826518,0.6897066039351041,False,193.81438153182881
2020-10-08 13:30:00,871208.41026,2339523.37346,0.0,-20.424683475621237,67.49339719592957,-0.1809153593063697,-0.6650724565941788,0.6892399725445186,False,195.21758215933295
2020-10-08 14:00:00,871962.74642,2340505.34905,4.656612873077393e-10,-20.43303876992227,67.48257741365745,-0.21556335274820224,-0.6585595499207113,0.692941729036299,False,198.1245928120919
2020-10-08 14:30:00,872763.29213,2341474.09711,4.656612873077393e-10,-20.44248489049811,67.47172269474476,-0.23603766622507052,-0.6327975567626346,0.6753862063454787,False,200.4558474401612
2020-10-08 15:00:00,873554.62342,2342343.17021,5.206251464550825e-10,-20.45252239861393,67.46175041254129,-0.2280865451780431,-0.6016446789229204,0.6434281558709717,False,200.7619716982777
2020-10-08 15:30:00,874289.48261,2343216.56086,4.799926683327254e-10,-20.461304482061067,67.45192075429861,-0.20993483354444212,-0.6110190569732599,0.6460781085285466,False,198.96177237533865
2020-10-08 16:00:00,875031.65495,2344139.86194,4.656612873077393e-10,-20.469836217184824,67.44163948525663,-0.21628978884015185,-0.6367817485436219,0.6725119092140971,False,198.760609796759
2020-10-08 16:30:00,875820.6494,2345091.92132,5.206251464550825e-10,-20.479133949091416,67.43096141638831,-0.23578809952591,-0.6671820371152732,0.7076212959820573,False,199.46386372141495
2020-10-08 17:00:00,876667.17341,2346092.93975,0.0,-20.489263820150207,67.41967908971411,-0.2788332601049316,-0.6497103564534396,0.7070159363293023,False,203.22733965193402
2020-10-08 17:30:00,877579.65612,2346931.54912,0.0,-20.50209701380164,67.40957552750407,-0.29113000812537376,-0.6186269297674907,0.6837075104638182,False,205.20199206756405
2020-10-08 18:00:00,878428.86428,2347811.85642,0.0,-20.513230373568,67.39931628291595,-0.2644773913455,-0.6208083496574257,0.6747972269780732,False,203.07502276155435
2020-10-08 18:30:00,879254.56749,2348691.10154,4.656612873077393e-10,-20.523859363937756,67.38914042562479,-0.2536490124930126,-0.6117641942682954,0.6622637321546584,False,202.519821413477
2020-10-08 19:00:00,880056.17913,2349554.27282,4.799926683327254e-10,-20.534092473469677,67.37917849757598,-0.22526634328965225,-0.6092476001245308,0.6495595151151214,False,200.2916289311943
2020-10-08 19:30:00,880783.33006,2350460.58345,4.799926683327254e-10,-20.542379560340773,67.36908519782972,-0.20615018150586925,-0.6280927996702742,0.6610585922083957,False,198.1706697117312
2020-10-08 20:00:00,881544.5614,2351411.2107,0.0,-20.551032512882713,67.35850237444005,-0.21876128508305528,-0.6629377071980201,0.6980994939664099,False,198.26225408677283
2020-10-08 20:30:00,882358.5387,2352418.8178,1.1641532182693481e-10,-20.56034740554527,67.3472615644693,-0.20373465479660774,-0.6592425752717884,0.6900062192589806,False,197.17342586663602
2020-10-08 21:00:00,883064.76652,2353375.73192,1.1641532182693481e-10,-20.567759681104143,67.3368001086647,-0.1310651972550339,-0.6388885485405046,0.6521937314845134,False,191.59313376400542
2020-10-08 21:30:00,883608.3212,2354406.44605,1.1641532182693481e-10,-20.571104391512115,67.3262289691286,-0.030150456246897328,-0.6457606128565837,0.6464640895895197,False,182.67318913575696
2020-10-08 22:00:00,883983.22937,2355514.09929,4.799926683327254e-10,-20.570234618286246,67.31554074146146,0.04928532060131152,-0.6716833304860641,0.6734890788124372,False,175.80339547145059
2020-10-08 22:30:00,884291.80464,2356732.67581,4.799926683327254e-10,-20.567064967331852,67.30411566242692,0.09007172257024479,-0.707931279324071,0.7136382917502304,False,172.74908497494943
2020-10-08 23:00:00,884574.95436,2358014.12435,9.385703304198744e-10,-20.56285446827503,67.29223358591979,0.1569418061084573,-0.7433813083872808,0.7597673987242215,False,168.078837034797
2020-10-08 23:30:00,884702.77589,2359436.78699,1.1641532182693481e-10,-20.554213866170315,67.2796406658777,0.23860400613127514,-0.7743126805070859,0.810241938519577,False,162.87334844873402
2020-10-09 00:00:00,884749.34408,2360925.77758,0.0,-20.543324671421566,67.26673966927986,0.29652563945786514,-0.7880263270944793,0.841969682975528,False,159.3792332407
2020-10-09 00:30:00,884698.67901,2362467.87508,4.656612873077393e-10,-20.529956511787606,67.25369455400921,0.33899434460290806,-0.7883633091225982,0.8581572541460502,False,156.73241039842213
2020-10-09 01:00:00,884601.78813,2364011.61786,0.0,-20.515607625192732,67.24078194809469,0.32845802861016626,-0.7978376948214437,0.8628033749565841,False,157.62375647729306
2020-10-09 01:30:00,884597.82881,2365572.32957,9.385703304198744e-10,-20.503114708307894,67.22742449811646,0.3130317506942754,-0.843736259954995,0.8999331938013876,False,159.64481203433922
2020-10-09 02:00:00,884610.15256,2367251.36656,2.3283064365386963e-10,-20.490042957600703,67.21299965829878,0.29301009044432896,-0.880513106185367,0.9279861223458018,False,161.59400286937688
2020-10-09 02:30:00,884719.31666,2368910.8699,2.3283064365386963e-10,-20.479197902221692,67.19843071127688,0.2480951235285258,-0.876304444464759,0.9107473138622613,False,164.19237513477094
2020-10-09 03:00:00,884877.18229,2370519.16481,2.3283064365386963e-10,-20.469805158546137,67.18414359220439,0.2767393398051107,-0.859665534762946,0.9031110086002886,False,162.15584758893914
2020-10-09 03:30:00,884868.25492,2372158.65629,0.0,-20.456640775596117,67.17012138786615,0.28724065071534255,-0.8657199961664803,0.9121284466487514,False,161.64446833531332
2020-10-09 04:00:00,884997.57138,2373800.61956,4.656612873077393e-10,-20.44640241685283,67.15563466148251,0.20139136549341075,-0.9110432989052865,0.9330371774884041,False,167.5348964635756
2020-10-09 04:30:00,885334.64246,2375485.05362,5.206251464550825e-10,-20.44024162653249,67.14011906620817,0.12478999925483913,-0.936694467982729,0.9449704070834549,False,172.41152272890685
2020-10-09 05:00:00,885754.25255,2377117.2915,4.799926683327254e-10,-20.43624758634965,67.12478656649354,0.08276649974772296,-0.9190898023359111,0.9228089500207256,False,174.85424137366647
2020-10-09 05:30:00,886210.72641,2378689.56708,4.799926683327254e-10,-20.433511027314466,67.10984982715661,0.05728396411266376,-0.8961862155278074,0.8980151365353006,False,176.3426458894948
2020-10-09 06:00:00,886687.36231,2380212.55471,2.3283064365386963e-10,-20.431592282983146,67.09527078205453,-0.008971197905817407,-0.8789249682110533,0.878970751582023,False,180.58479841447132
2020-10-09 06:30:00,887345.55326,2381643.36616,3.4924596548080444e-10,-20.434236707533124,67.08090171216236,-0.12375002902672305,-0.8993206127662245,0.9077949296125928,False,187.83491933363723
2020-10-09 07:00:00,888235.16261,2383090.84271,4.656612873077393e-10,-20.441632157220354,67.06564992607429,-0.19490208732528885,-0.9233721790558126,0.9437176509412305,False,191.91883528874735
2020-10-09 07:30:00,889163.98277,2384513.12731,1.1641532182693481e-10,-20.450043233025646,67.05048793699139,-0.2239607621656901,-0.8954834273378285,0.923064998592483,False,194.04165738158974
2020-10-09 08:00:00,890116.95308,2385829.71466,2.3283064365386963e-10,-20.45978371691263,67.0361538849936,-0.24162557814420318,-0.8364308335126772,0.8706316438449917,False,196.11278624653556
2020-10-09 08:30:00,891031.50999,2387030.27154,2.3283064365386963e-10,-20.469615416900826,67.02293634212255,-0.2584458700423284,-0.7358076895654233,0.779876415700297,False,199.35336893448934
2020-10-09 09:00:00,891914.96147,2387985.99188,5.206251464550825e-10,-20.480706398825927,67.01191609258969,-0.2766148991925562,-0.6694598074065886,0.7243564289686223,False,202.44998314993916
2020-10-09 09:30:00,892807.63726,2388939.56023,2.3283064365386963e-10,-20.49199795097041,67.00088363606184,-0.28166217241417435,-0.6547433262862978,0.7127569029378232,False,203.27675433351556
2020-10-09 10:00:00,893689.93855,2389838.94269,1.1641532182693481e-10,-20.503486816427156,66.99034772062083,-0.2615544185055202,-0.6291671522004713,0.6813677562431405,False,202.5734040252281
2020-10-09 10:30:00,894482.93333,2390731.26859,1.1641532182693481e-10,-20.513143366685725,66.98015752229922,-0.18587120991429812,-0.6206941921170452,0.6479269918770452,False,196.6706962973941
2020-10-09 11:00:00,895099.66437,2391697.27602,4.799926683327254e-10,-20.51850822141022,66.96990041352329,-0.12219307748296096,-0.6215748187707572,0.6334717069567168,False,191.12174027197693
2020-10-09 11:30:00,895679.24637,2392672.79039,9.385703304198744e-10,-20.523013376793266,66.95968060798393,-0.11597544137891647,-0.6157689948459915,0.6265953702483582,False,190.66627768521528
2020-10-09 12:00:00,896267.83969,2393626.97662,0.0,-20.52787142678601,66.9496143298113,-0.09442924648709189,-0.5627483900839321,0.5706160119854484,False,189.52549738218812
2020-10-09 12:30:00,896708.01182,2394450.83757,5.206251464550825e-10,-20.530634971674324,66.94114098901255,-0.042474999032467375,-0.505217457654808,0.506999807753411,False,184.8057099122018
2020-10-09 13:00:00,897048.89955,2395276.61234,2.3283064365386963e-10,-20.53129871615322,66.9329697398601,0.008444497589092576,-0.5003676433906938,0.5004388954626616,False,179.0331346338412
2020-10-09 13:30:00,897311.30101,2396148.40428,0.0,-20.52995468856176,66.92465588408848,0.0353390555798114,-0.4826147495382014,0.48390685603852923,False,175.81203945266049
2020-10-09 14:00:00,897539.06448,2396948.29643,0.0,-20.52844988014512,66.91706928567578,0.05787761649217342,-0.4548126338977224,0.4584804798939632,False,172.74775099953615
2020-10-09 14:30:00,897690.33771,2397754.82252,9.385703304198744e-10,-20.52529092500611,66.90967116102449,0.09877823680379769,-0.4748847609062939,0.4850491482387069,False,168.24976124586146
2020-10-09 15:00:00,897805.45342,2398674.03419,4.799926683327254e-10,-20.520492689059342,66.90142299151708,0.08611524556029583,-0.5041700280690986,0.5114716538783999,False,170.3070796342147
2020-10-09 15:30:00,898036.23289,2399563.33978,9.385703304198744e-10,-20.51835472797279,66.89305985418402,0.04993848237742732,-0.4791611323513392,0.4817564143614263,False,174.0500774180146
2020-10-09 16:00:00,898241.69837,2400352.59516,1.1641532182693481e-10,-20.51647217283179,66.88563537828092,0.03962742256479476,-0.41923464311263703,0.4211033348299547,False,174.600259942982
2020-10-09 16:30:00,898431.57784,2401026.85387,9.599853366654507e-10,-20.5151652507224,66.87924653419132,0.021714991463562733,-0.36936891369050007,0.37000666920362757,False,176.6354858042106
2020-10-09 17:00:00,898634.49248,2401625.38766,9.946529457016767e-10,-20.514724766593826,66.8734649252614,0.0010413900450395308,-0.3445407801053839,0.3445423539259759,False,179.82682145002354
2020-10-09 17:30:00,898862.74376,2402189.85439,4.656612873077393e-10,-20.515081289388757,66.86789401662998,0.014688398112086234,-0.3254707624987749,0.3258020354151169,False,177.4160119257922
2020-10-09 18:00:00,898995.5928,2402741.30488,5.206251464550825e-10,-20.513543951495233,66.862740638861,0.014753220256746483,-0.29764284221222975,0.29800825328859326,False,177.16235067306388
2020-10-09 18:30:00,899188.48944,2403212.03507,2.3283064365386963e-10,-20.513894692700053,66.8580865817663,-0.017207691544055284,-0.26898334140083946,0.26953319387310337,False,183.6603991921313
2020-10-09 19:00:00,899392.95199,2403626.53118,0.0,-20.514927096198562,66.85387745451804,-0.025667410719364833,-0.23365705096179976,0.23506261599242373,False,186.26885123446505
2020-10-09 19:30:00,899569.81961,2403967.47187,1.1641532182693481e-10,-20.51595765941317,66.85038736572608,-0.018164493216319487,-0.18304870417042668,0.18394775593161797,False,185.6670856432885
2020-10-09 20:00:00,899685.14657,2404220.79287,1.1641532182693481e-10,-20.51638689817394,66.84784579451224,-0.010088630382997649,-0.1477431173156116,0.1480871674965097,False,183.90637499224692
2020-10-09 20:30:00,899790.24414,2404452.88237,1.1641532182693481e-10,-20.51676830085268,66.84551903489513,-0.017476206765097084,-0.12888668602910391,0.1300661202560499,False,187.7218458570901
2020-10-09 21:00:00,899906.69087,2404633.30345,4.799926683327254e-10,-20.51779094616587,66.84359878651843,-0.012701336668898437,-0.12115490952632511,0.12181886576187093,False,185.98477095191805
2020-10-09 21:30:00,899985.94081,2404845.34522,4.799926683327254e-10,-20.5177887668325,66.84152679040307,-0.0008391430248422815,-0.10924896913368878,0.10925219182144506,False,180.44008111579876
2020-10-09 22:00:00,900047.36978,2405000.59154,1.1641532182693481e-10,-20.517858349406144,66.83999884618268,-0.01599053541683826,-0.07692319955688277,0.07856765144119537,False,191.7432079036198
2020-10-09 22:30:00,900136.91643,2405084.52472,9.313225746154785e-10,-20.51907314784696,66.83899202672482,-0.021124052156883344,-0.04784104773876009,0.052297145507848225,False,203.82369299737604
2020-10-09 23:00:00,900178.96077,2405135.23663,4.656612873077393e-10,-20.519555091735892,66.83842239850559,0.00921108879402777,-0.010493523129071463,0.013962742725976932,False,138.7237268179539
2020-10-09 23:30:00,900119.10217,2405131.52802,2.3283064365386963e-10,-20.518333323272742,66.83864624071165,0.04833588300825391,0.02301712048988415,0.053536393433191345,False,64.53662272001435
2020-10-10 00:00:00,899986.94713,2405118.62318,0.0,-20.51567272041745,66.83918083633175,0.06698172659565219,0.03742242834244533,0.07672672181697948,False,60.80807866949317
2020-10-10 00:30:00,899846.04685,2405089.86052,0.0,-20.512953230055214,66.83987937856118,0.05325395117420738,0.04183951634716772,0.06772391338242185,False,51.844685222816736
2020-10-10 01:00:00,899754.60801,2405044.73176,0.0,-20.51139519166739,66.84055954280636,0.02842418208293657,0.044199510284439775,0.05255026961365878,False,32.7445913634013
2020-10-10 01:30:00,899694.45305,2404976.68473,1.1641532182693481e-10,-20.510670044263804,66.84133583812303,0.022378770841443064,0.06377685967496492,0.06758917971372333,False,19.335548714509173
2020-10-10 02:00:00,899598.7051,2404857.91791,1.1641532182693481e-10,-20.509597493836537,66.84266109789627,0.03904543751610497,0.10023453891676588,0.1075709485998925,False,21.282940854396884
2020-10-10 02:30:00,899436.37234,2404687.9615,0.0,-20.507533278427676,66.84463871890668,0.046826588291480134,0.1148971339819329,0.1240728849035196,False,22.17346416799461
2020-10-10 03:00:00,899295.90557,2404529.55876,1.1641532182693481e-10,-20.50583548143933,66.84644713987174,0.03179783165061517,0.09979896199140302,0.10474223079657206,False,17.672860029871856
2020-10-10 03:30:00,899203.29803,2404391.55016,1.1641532182693481e-10,-20.50497851571726,66.84792724479676,0.03181334159534829,0.09001490362659101,0.09547131285557345,False,19.464582063283615
2020-10-10 04:00:00,899075.12148,2404266.15446,9.385703304198744e-10,-20.503279181373255,66.84941324233304,0.032463446730709396,0.0731756761101604,0.08005345056783442,False,23.92385136743451
2020-10-10 04:30:00,899001.56288,2404185.74005,1.1641532182693481e-10,-20.502369938974166,66.85033848196457,-0.0037492142198477987,0.0532410279331946,0.05337287384664158,False,355.9719011846226
2020-10-10 05:00:00,899020.63284,2404081.9001,1.1641532182693481e-10,-20.503580545438723,66.85116759443335,-0.061103436076351464,0.05210513230660612,0.08030301808167423,False,310.45543949483124
2020-10-10 05:30:00,899141.89772,2403932.99579,0.0,-20.507280459967063,66.85205536054066,-0.09796969562750638,0.06210954989143995,0.11599852347794566,False,302.373346947639
2020-10-10 06:00:00,899272.64189,2403748.91848,9.385703304198744e-10,-20.511453997108898,66.85321415625133,-0.09501901997335155,0.06584593331778583,0.11560407039194805,False,304.72104370988006
2020-10-10 06:30:00,899379.22037,2403591.11964,2.3283064365386963e-10,-20.514917032845283,66.85422506894662,-0.08105826581826062,0.06639436876606084,0.10477907549366654,False,309.3207121388382
2020-10-10 07:00:00,899462.1806,2403422.79206,4.799926683327254e-10,-20.51796889243693,66.85540192143223,-0.08653288442667521,0.07007963665428821,0.11135122613064206,False,309.00267460040897
2020-10-10 07:30:00,899582.54998,2403245.64989,9.385703304198744e-10,-20.521872319250967,66.85653423159168,-0.10953120746430806,0.08270492653421936,0.13724864400648887,False,307.05575802790025
2020-10-10 08:00:00,899727.09286,2403005.71715,4.656612873077393e-10,-20.526773247734305,66.85812708070881,-0.1185683942402293,0.12685948815418827,0.17364271895892747,False,316.93484169343617
2020-10-10 08:30:00,899822.15753,2402668.28045,4.656612873077393e-10,-20.531403771188707,66.86071434327012,-0.15718523189789801,0.15063878184468063,0.21771366452853907,False,313.7816823578793
2020-10-10 09:00:00,900066.82018,2402299.40313,2.3283064365386963e-10,-20.539410478707374,66.86309055489852,-0.2056312717125623,0.14670307409514477,0.2525985191070826,False,305.5051176231091
2020-10-10 09:30:00,900330.07616,2401913.9963,1.1641532182693481e-10,-20.547937284216662,66.86554823237468,-0.2215831643773311,0.1235546410503924,0.25370228233219083,False,299.1440116277042
2020-10-10 10:00:00,900657.64941,2401602.91964,2.3283064365386963e-10,-20.55722810504408,66.86716166123128,-0.22673908017751554,0.08832767754263826,0.24333595932336452,False,291.28372325651094
2020-10-10 10:30:00,900982.70269,2401329.64095,4.656612873077393e-10,-20.566170869239656,66.86845866274896,-0.20571397246672965,0.08382479544333277,0.22213697305752364,False,292.1700241948928
2020-10-10 11:00:00,901245.01283,2401060.22887,5.820766091346741e-10,-20.573771947828366,66.86992376962955,-0.18467901457668648,0.05949768835073247,0.19402657896302986,False,287.85728504570216
2020-10-10 11:30:00,901529.87393,2400895.47525,6.585445079827193e-10,-20.58102367075063,66.87041912820666,-0.1823861638937474,0.01208708052846521,0.18278624208506092,False,273.7915567744943
2020-10-10 12:00:00,901844.40045,2400788.68038,1.1641532182693481e-10,-20.588440790167674,66.8703220293469,-0.1646844454130364,0.000667961323246806,0.16468580003548794,False,270.2323908292383
2020-10-10 12:30:00,902084.0264,2400684.74189,2.3283064365386963e-10,-20.594268981516095,66.87044121271056,-0.1140262938569173,0.02522500479019408,0.11678311760442675,False,282.47412703594705
2020-10-10 13:00:00,902196.72009,2400559.28292,1.1641532182693481e-10,-20.597611822165025,66.8711532718582,-0.04649042081514036,0.005979544792811431,0.046873384596144485,False,277.3290799097415
2020-10-10 13:30:00,902233.11991,2400605.71199,4.799926683327254e-10,-20.598008138186298,66.87063827749068,-0.013437180771263789,-0.05914003791955448,0.06064735700923795,False,192.80082343485287
2020-10-10 14:00:00,902316.9031,2400741.55811,1.1641532182693481e-10,-20.59869253000128,66.86920461118287,-0.024897613417564243,-0.09967523850580612,0.10273774537666189,False,194.02477550379206
2020-10-10 14:30:00,902443.26494,2400910.06777,4.799926683327254e-10,-20.60001044750957,66.86735397431863,-0.03846985255000522,-0.13633309943068275,0.14165678083168334,False,195.75776305136128
2020-10-10 15:00:00,902619.22302,2401152.24822,4.799926683327254e-10,-20.60178609852812,66.86471241363644,-0.08565853430906621,-0.1923656957219757,0.2105752725050527,False,204.00293521768998
2020-10-10 15:30:00,902975.59127,2401449.79019,0.0,-20.60689754615285,66.8610153850687,-0.1625895117414563,-0.2557307543820555,0.30304053864976604,False,212.44754624028292
2020-10-10 16:00:00,903491.11466,2401807.96768,4.656612873077393e-10,-20.614856876645607,66.85628581637346,-0.21637459202833734,-0.2773570229016401,0.3517739078275851,False,217.95886896923668
2020-10-10 16:30:00,904056.21343,2402110.08514,0.0,-20.624289566809733,66.85187616134469,-0.2430315700835906,-0.24809133176622788,0.34729476378839313,False,224.4097348493934
2020-10-10 17:00:00,904624.54965,2402335.67789,0.0,-20.634388238474568,66.84811089886519,-0.2469402077898455,-0.20213903509182193,0.31912326103113337,False,230.69710776822728
2020-10-10 17:30:00,905144.61234,2402477.82112,9.313225746154785e-10,-20.644132131298175,66.84521544564167,-0.24907366334877093,-0.1514577296377727,0.2915083766223632,False,238.69688152744058
2020-10-10 18:00:00,905655.87236,2402529.78384,4.656612873077393e-10,-20.654399631987616,66.84312010660408,-0.2626565096529756,-0.09169628801157167,0.278202536469718,False,250.7553413982289
2020-10-10 18:30:00,906145.83833,2402453.18136,0.0,-20.665233121547,66.84219386439968,-0.29193091035887037,-0.06029668716287232,0.29809284947106013,False,258.3299821677172
2020-10-10 19:00:00,906715.80857,2402361.99717,4.799926683327254e-10,-20.67785082498432,66.84113307909736,-0.3057772398958991,-0.0449670571479297,0.30906594226297307,False,261.63414762602383
2020-10-10 19:30:00,907232.88611,2402215.92814,9.946529457016767e-10,-20.68979600461358,66.84071218110483,-0.2679891305302167,-0.01302389989601467,0.2683054156196683,False,267.2176936787551
2020-10-10 20:00:00,907634.91431,2402065.00142,1.1641532182693481e-10,-20.69937772772627,66.84070410073188,-0.23217819917516935,0.003972349202183645,0.23221217825602666,False,270.9801809178882
2020-10-10 20:30:00,908009.71757,2401907.11035,1.1641532182693481e-10,-20.708446171998798,66.84084311132924,-0.22990709348158975,-0.024544796709741565,0.23121357805863174,False,263.9062052946006
2020-10-10 21:00:00,908440.35163,2401854.98076,4.799926683327254e-10,-20.717845084303157,66.83989528353615,-0.26866158555800945,-0.0981758303814102,0.2860376570062464,False,249.926400750689
2020-10-10 21:30:00,909039.38804,2401895.53203,1.1641532182693481e-10,-20.730025323864286,66.83760781899691,-0.3181068388229112,-0.13778592820157037,0.34666543369115116,False,246.58046213661814
2020-10-10 22:00:00,909686.9725,2401913.54122,4.799926683327254e-10,-20.74339409791118,66.83535485651439,-0.3486278402929335,-0.09662627179637003,0.36177065584231827,False,254.50866630357282
2020-10-10 22:30:00,910336.29456,2401776.31603,1.1641532182693481e-10,-20.75802378056051,66.83442365638199,-0.3603740317197758,-0.0049446828844847,0.36040795305707957,False,269.2138954023151
2020-10-10 23:00:00,910906.41154,2401470.37841,0.0,-20.77233507198463,66.83519195171336,-0.3616117307097333,0.02239154446534214,0.36230432656874534,False,273.5433171334871
2020-10-10 23:30:00,911524.88715,2401239.25495,2.3283064365386963e-10,-20.78706356344752,66.83516146259342,-0.37920149077310933,-0.006898506884501485,0.37926423506809076,False,268.95777906029195
2020-10-11 00:00:00,912191.48891,2401009.11907,4.799926683327254e-10,-20.802787785836472,66.83496452260587,-0.4061196377311439,-0.060765399058614916,0.4106404678957351,False,261.4902834048365
2020-10-11 00:30:00,912969.29725,2400924.50559,2.3283064365386963e-10,-20.819676687816038,66.83315897342175,-0.4429543508864731,-0.1299789679824831,0.4616309013563196,False,253.64638666624342
2020-10-11 01:00:00,913848.3141,2400879.71148,0.0,-20.83835676121863,66.83068119141635,-0.49412798959576343,-0.1560591298878311,0.5181861848055174,False,252.47245866681902
2020-10-11 01:30:00,914831.65392,2400816.77006,0.0,-20.859351033698033,66.82801611874504,-0.514787535122806,-0.13798227371288108,0.5329590173519824,False,254.9952887552979
2020-10-11 02:00:00,915756.95865,2400683.99931,2.3283064365386963e-10,-20.87968639212886,66.82613442024831,-0.509352553124787,-0.06684881113750143,0.5137205338754101,False,262.52308011631055
2020-10-11 02:30:00,916630.67902,2400388.09003,1.1641532182693481e-10,-20.90024164842557,66.82581324099385,-0.5074019978531106,-0.02509701515868301,0.508022290451121,False,267.16835539619285
2020-10-11 03:00:00,917495.64925,2400116.76219,4.656612873077393e-10,-20.92041836652376,66.82530746040962,-0.4717361926362361,-0.016873435927446362,0.47203786742477527,False,267.95147225163885
2020-10-11 03:30:00,918238.66609,2399838.43421,0.0,-20.938110255020668,66.82525755216626,-0.43517982869497257,0.03856940661007721,0.4368856628790182,False,275.06481458817245
2020-10-11 04:00:00,918909.22689,2399427.22498,4.799926683327254e-10,-20.955352978328506,66.82657848315812,-0.41549163565946784,0.049604522714941424,0.41844223971386674,False,276.8081774680152
2020-10-11 04:30:00,919571.63877,2399136.72139,4.656612873077393e-10,-20.971464531556542,66.82689229043892,-0.4194100353488151,0.00026939948518509005,0.4194101218704396,False,270.0368027707502
2020-10-11 05:00:00,920318.73989,2398885.93027,4.656612873077393e-10,-20.989022577939576,66.82658718613186,-0.45693910805672056,-0.024834824634517944,0.4576135017526238,False,266.8890121394585
2020-10-11 05:30:00,921139.49758,2398630.98048,0.0,-21.0081467248757,66.82607371067792,-0.47843706519422025,-0.00750158530123507,0.47849587159524193,False,269.10171265537144
2020-10-11 06:00:00,921936.3078,2398293.66883,1.1641532182693481e-10,-21.027430581972432,66.82633996682453,-0.4709402967116323,0.038547042334607595,0.47251522466433427,False,274.6792987587045
2020-10-11 06:30:00,922672.19233,2397893.12259,1.1641532182693481e-10,-21.04595327737451,66.82734404148093,-0.47223368385023157,0.0544550799418696,0.4753630274792476,False,276.57794282863665
2020-10-11 07:00:00,923452.5433,2397500.19469,0.0,-21.065341871296862,66.82813428735625,-0.45569607365439857,0.029681941115460686,0.4566617229114092,False,273.72671849889775
2020-10-11 07:30:00,924164.65789,2397203.75764,9.313225746154785e-10,-21.08253776419604,66.82832242573065,-0.42120690442342945,0.03788971420841375,0.42290765750546927,False,275.1402133123486
2020-10-11 08:00:00,924818.32305,2396827.47397,9.313225746154785e-10,-21.09915883378357,66.82938291907475,-0.4103849068499258,0.09593641904866335,0.42144936619966933,False,283.15784522659555
2020-10-11 08:30:00,925418.67011,2396349.70673,5.206251464550825e-10,-21.115487472003476,66.83148380140904,-0.3897450816479011,0.10472074882115669,0.4035686607039661,False,285.0396141059465
2020-10-11 09:00:00,925991.3851,2395970.33317,2.3283064365386963e-10,-21.130452897459318,66.832833870337,-0.40802835075031163,0.064918502631849,0.4131604373605739,False,279.0401540688987
2020-10-11 09:30:00,926704.55672,2395602.18571,2.3283064365386963e-10,-21.148251813376824,66.83362268255311,-0.46645974377307486,0.03993030573866177,0.4681656991677473,False,274.89275687868644
2020-10-11 10:00:00,927505.68026,2395230.41994,9.599853366654507e-10,-21.167910631503137,66.83414941369759,-0.4862426036334807,0.06958665133908318,0.49119667306777776,False,278.1443542852037
2020-10-11 10:30:00,928246.45853,2394736.47671,0.0,-21.187300208692594,66.83591575032837,-0.4858620299630469,0.13205896085479824,0.5034893060451848,False,285.20583881987477
2020-10-11 11:00:00,928964.72856,2394154.98642,0.0,-21.206931082286758,66.83850099438186,-0.4955620306810366,0.1592543120040286,0.5205224895665788,False,287.81538006378514
2020-10-11 11:30:00,929702.27823,2393556.63822,1.1641532182693481e-10,-21.227103470874987,66.84116340808093,-0.5012798894652136,0.19020387890377902,0.5361520709018107,False,290.7785726346508
2020-10-11 12:00:00,930398.9797,2392863.32359,4.799926683327254e-10,-21.247198830551337,66.84476855084681,-0.47739610481326483,0.2516660737737073,0.5396692075517657,False,297.7965872754618
2020-10-11 12:30:00,930975.75481,2392089.40791,9.946529457016767e-10,-21.265458321195673,66.84945643224857,-0.42085169590371146,0.2878058774655625,0.5098513244552302,False,304.3668703305377
2020-10-11 13:00:00,931435.10204,2391348.27197,1.1641532182693481e-10,-21.281016588151882,66.85425243391279,-0.3748086716014307,0.27951690412079033,0.4675588091319639,False,306.7140627731773
2020-10-11 13:30:00,931867.84371,2390662.04003,7.454217687985916e-10,-21.29558239381077,66.85866688327303,-0.34877363826058466,0.2714931569655128,0.4419859556870849,False,307.89798358271025
2020-10-11 14:00:00,932249.99223,2389981.62991,5.206251464550825e-10,-21.309053715719603,66.86319841789097,-0.29426474011264714,0.2820645697428949,0.4076176624949024,False,313.78730115942295
2020-10-11 14:30:00,932485.76627,2389331.06156,9.313225746154785e-10,-21.319241822642297,66.867961288495,-0.2519426193933586,0.2603599994864886,0.3623015495404223,False,315.9413127011619
2020-10-11 15:00:00,932754.15218,2388778.72359,4.656612873077393e-10,-21.329314504555796,66.87177731187724,-0.2652094055024119,0.20645092414344962,0.3360922683529437,False,307.898794018641
2020-10-11 15:30:00,933104.79347,2388291.47454,4.799926683327254e-10,-21.340573218162536,66.87476372436359,-0.2628792509553603,0.18448209512990588,0.3211528358996242,False,305.0602196195009
2020-10-11 16:00:00,933393.94261,2387815.73267,9.385703304198744e-10,-21.350461244595557,66.87785603210988,-0.22338598929284528,0.2021160126268807,0.3012510294962203,False,312.1382829470207
2020-10-11 16:30:00,933588.88731,2387321.00999,4.656612873077393e-10,-21.358545414462117,66.88142344615339,-0.17801596415199863,0.19514310538534746,0.2641410893299308,False,317.627899949638
2020-10-11 17:00:00,933734.92754,2386928.06429,4.799926683327254e-10,-21.36478502997605,66.88428594256713,-0.12756899149057943,0.18427323196512524,0.22412155543096782,False,325.30585212042644
2020-10-11 17:30:00,933774.90246,2386535.90791,1.1641532182693481e-10,-21.368811437808848,66.88749515002893,-0.09526197677705528,0.18714854613048146,0.2099986250865114,False,333.0230873955201
2020-10-11 18:00:00,933808.80611,2386175.68774,9.599853366654507e-10,-21.37245228369059,66.89045228031995,-0.09428647868919202,0.16444412107270429,0.1895568754199691,False,330.17155635594276
2020-10-11 18:30:00,933875.24988,2385860.92151,9.313225746154785e-10,-21.37640118075422,66.8929133550932,-0.07756420771396003,0.14220332265088192,0.16198145354096918,False,331.3899257002404
2020-10-11 19:00:00,933882.23208,2385597.19574,4.799926683327254e-10,-21.37869643564798,66.89513770292265,-0.05005170221561829,0.09730443179297775,0.1094226911624604,False,332.7795006396265
2020-10-11 19:30:00,933915.34407,2385469.04557,9.313225746154785e-10,-21.380430857364278,66.89611938738216,-0.048611763894764154,0.05172627084774949,0.07098387623097964,False,316.77789834353393
2020-10-11 20:00:00,933977.30468,2385359.99774,9.385703304198744e-10,-21.382610481799055,66.89684198916959,-0.04666822318675333,0.0349463136259223,0.05830238323988089,False,306.8267722804934
2020-10-11 20:30:00,934025.91686,2385290.64469,4.656612873077393e-10,-21.384188499259928,66.8972708153805,-0.033429683361661536,0.04129994734827868,0.05313406986700286,False,321.01202935713945
2020-10-11 21:00:00,934035.15483,2385177.67272,3.4924596548080444e-10,-21.385302272225395,66.89820275252853,-0.007404789557906508,0.06848535856802586,0.06888450657867816,False,353.82902523849674
2020-10-11 21:30:00,933960.83824,2385051.35209,5.206251464550825e-10,-21.3847846868459,66.89952728431936,0.04141591864541194,0.08661423290448952,0.0960067896498812,False,25.555507516802948
2020-10-11 22:00:00,933782.62689,2384941.69413,9.599853366654507e-10,-21.38196696594482,66.90105649666384,0.08193929848737277,0.1076551900478529,0.13529112528485412,False,37.275751490882726
2020-10-11 22:30:00,933544.86257,2384798.01428,1.1641532182693481e-10,-21.378185685869585,66.9030742806912,0.11322671690220171,0.13817393321943633,0.17864021171556135,False,39.3329264198
2020-10-11 23:00:00,933221.73396,2384627.07872,3.4924596548080444e-10,-21.372847384255614,66.90560897777259,0.15972478052741768,0.12014244316675733,0.19986548517592842,False,53.050096206349906
2020-10-11 23:30:00,932851.77451,2384604.79976,1.1641532182693481e-10,-21.36532011010069,66.90703260043207,0.2717213123596439,0.07128240704942276,0.2809157402944996,False,75.3004625921385
2020-10-12 00:00:00,932217.27351,2384744.4676,4.656612873077393e-10,-21.35095902358017,66.90795702934342,0.3908868960286695,0.02589566934325148,0.3917437315103624,False,86.20977917083962
2020-10-12 00:30:00,931507.21933,2385030.30394,5.206251464550825e-10,-21.33383196511113,66.9078854890891,0.4613746718136756,-0.014845781512890094,0.4616134584475471,False,91.84298639317893
2020-10-12 01:00:00,930689.58189,2385398.50555,2.3283064365386963e-10,-21.313792378566287,66.90746751070341,0.488914073720619,-0.029314506908772964,0.4897921107953816,False,93.43125555503991
2020-10-12 01:30:00,929905.87063,2385768.36799,2.3283064365386963e-10,-21.29444732106814,66.90691974466733,0.4778992427641113,-0.039814857861120906,0.47955490732658784,False,94.76244163744298
2020-10-12 02:00:00,929138.65814,2386156.84876,2.3283064365386963e-10,-21.27529601752809,66.90615573264556,0.4657178724190407,-0.0599759145120034,0.4695638902344057,False,97.33825509002651
2020-10-12 02:30:00,928421.89329,2386577.91407,5.206251464550825e-10,-21.256933590111423,66.90494378353783,0.42792507598814095,-0.0627298410996501,0.43249844349297206,False,98.33963123634703
2020-10-12 03:00:00,927784.8133,2386925.83231,9.313225746154785e-10,-21.240827630447555,66.90408920486868,0.4033130691292839,-0.04151043541684532,0.4054436434067978,False,95.87639644653603
2020-10-12 03:30:00,927122.74119,2387243.21668,5.206251464550825e-10,-21.224448941256387,66.90357607535137,0.4296038499078816,-0.03230057881557638,0.43081642871122605,False,94.29980147973845
2020-10-12 04:00:00,926385.24118,2387594.12125,1.1641532182693481e-10,-21.206226474948252,66.90302474342823,0.46150940316765815,-0.05931765490294166,0.46530582781150776,False,97.32405340677013
2020-10-12 04:30:00,925651.0564,2388043.28366,4.799926683327254e-10,-21.18727955312391,66.90162158814468,0.4527311836188056,-0.08862997042950796,0.46132504406244856,False,101.07655658117108
2020-10-12 05:00:00,924980.8957,2388480.67147,4.656612873077393e-10,-21.169765563298135,66.90010475441755,0.4652371261721524,-0.06969818167126379,0.4704289745511045,False,98.52024005484958
2020-10-12 05:30:00,924179.8441,2388882.10825,4.799926683327254e-10,-21.149813425486673,66.89932484523587,0.503379528344105,-0.0644412892474932,0.5074875656760595,False,97.29517167428008
2020-10-12 06:00:00,923374.49987,2389350.87712,1.1641532182693481e-10,-21.129230152518964,66.89798144466168,0.49973026387768965,-0.07634012422376954,0.5055275968745583,False,98.68550813209004
2020-10-12 06:30:00,922600.83102,2389786.95704,1.1641532182693481e-10,-21.109573474267293,66.89680971120916,0.4882687468399415,-0.04364354697035738,0.490215389734758,False,95.10776754094121
2020-10-12 07:00:00,921791.27626,2390130.515,2.3283064365386963e-10,-21.089914519319926,66.89654346725996,0.4785145436287664,-0.023008580383490657,0.47906738903364116,False,92.75285255982516
2020-10-12 07:30:00,921023.37253,2390484.1061,4.656612873077393e-10,-21.071044608244513,66.8960517268555,0.4371774398068034,-0.04635890056446465,0.439628549502392,False,96.05310277327993
2020-10-12 08:00:00,920382.67357,2390852.08269,1.1641532182693481e-10,-21.05471492581797,66.89501633911952,0.3854495076870928,-0.08627724039664612,0.3949874494040069,False,102.61685565959692
2020-10-12 08:30:00,919839.98003,2391272.48272,4.656612873077393e-10,-21.04001141484609,66.89320921156578,0.35999728984920554,-0.10868127876239522,0.37604477001043685,False,106.79878772842306
2020-10-12 09:00:00,919313.55451,2391682.53663,9.946529457016767e-10,-21.025732729375164,66.89143550116405,0.35166266740613444,-0.10528748516388206,0.3670859384113374,False,106.6676525990735
2020-10-12 09:30:00,918794.27742,2392080.50072,5.820766091346741e-10,-21.0117023389293,66.88974016345318,0.28881886539458296,-0.08686176764572988,0.30159791724472335,False,106.7385677170754
2020-10-12 10:00:00,918455.06446,2392347.25712,2.3283064365386963e-10,-21.002483799707562,66.8885739207817,0.22054860137505508,-0.06278056631633747,0.22931001957065242,False,105.88934128852264
2020-10-12 10:30:00,918134.05417,2392576.06307,3.4924596548080444e-10,-20.993950108890655,66.88767166541498,0.21085981714204144,-0.04708327519339586,0.21605253363039323,False,102.58719471613284
2020-10-12 11:00:00,917807.08577,2392777.46583,0.0,-20.985512114425806,66.88702258861933,0.1946719619878068,-0.05160929116313293,0.20139685131238555,False,104.84806289410949
2020-10-12 11:30:00,917546.25828,2393000.51867,1.1641532182693481e-10,-20.978281963375373,66.88597126504133,0.1722432135276876,-0.08018144627993626,0.18999154963810072,False,114.96258770000748
2020-10-12 12:00:00,917331.45307,2393268.98177,1.1641532182693481e-10,-20.971649810451897,66.88438072429504,0.1770456155411732,-0.09628253110983964,0.2015328156387196,False,118.53862772132857
2020-10-12 12:30:00,917075.17091,2393552.2915,2.3283064365386963e-10,-20.9640340581931,66.88279879931342,0.14854631619346825,-0.07937979595568231,0.1684255326861566,False,118.11904040452362
2020-10-12 13:00:00,916934.32745,2393727.16256,5.206251464550825e-10,-20.95969584208331,66.88176537074666,0.08846648821709882,-0.06839256436999033,0.11182067071239268,False,127.707253757192
2020-10-12 13:30:00,916865.83782,2393896.13698,2.3283064365386963e-10,-20.956915353204984,66.88054535886266,0.044131009464215935,-0.056507650040041324,0.07169839962913048,False,142.01108635397173
2020-10-12 14:00:00,916858.72431,2393973.95625,5.206251464550825e-10,-20.956144800537512,66.879903511582,0.0166129855285398,-0.016700857115932905,0.023556525987044004,False,135.15112815037378
2020-10-12 14:30:00,916831.49024,2393973.67327,2.3283064365386963e-10,-20.955578634086972,66.87999507853503,0.03109703229510317,0.014243652587849317,0.03420390411350781,False,65.39037470943418
2020-10-12 15:00:00,916735.84058,2393966.10868,4.799926683327254e-10,-20.95364266649197,66.88037281762354,0.07576494957992308,0.0278538094119568,0.0807227494799694,False,69.81483084451861
2020-10-12 15:30:00,916540.91448,2393977.57082,0.0,-20.949482331252387,66.8809127928654,0.13166761720772766,0.023345546610507355,0.13372126221249958,False,79.94556972309414
2020-10-12 16:00:00,916263.12119,2394057.09775,1.1641532182693481e-10,-20.943048148173403,66.88114194989743,0.16252807663875626,-0.005657506677257312,0.16262651406734585,False,91.99362739541499
2020-10-12 16:30:00,916001.7474,2394205.73073,1.1641532182693481e-10,-20.936404665532084,66.88072637247781,0.15292281079359873,-0.037070268319059824,0.15735180600889806,False,103.62631250455763
2020-10-12 17:00:00,915796.6328,2394378.45873,4.656612873077393e-10,-20.930743485818056,66.8799205548498,0.1664791161106656,-0.08332222930478575,0.1861662966202738,False,116.58780849513357
2020-10-12 17:30:00,915549.12776,2394699.9996,4.656612873077393e-10,-20.923010040530105,66.87798086055776,0.2331607636848365,-0.1257946817530054,0.26493063937460326,False,118.347708439965
2020-10-12 18:00:00,915174.3243,2395101.21164,4.656612873077393e-10,-20.911985094047687,66.87577547009435,0.3227383279652194,-0.13782802807154382,0.35093673740415915,False,113.12529928303178
2020-10-12 18:30:00,914640.9051,2395578.20291,4.799926683327254e-10,-20.897047241738516,66.87343912274262,0.4301768924829169,-0.15849606572719574,0.458446465443086,False,110.22601364697482
2020-10-12 19:00:00,913931.07457,2396186.64901,1.1641532182693481e-10,-20.877383137008405,66.8705524822527,0.4846185804965611,-0.18577370168950985,0.519005815768884,False,110.97382800543778
2020-10-12 19:30:00,913249.1558,2396824.81058,1.1641532182693481e-10,-20.85807016908203,66.86731794490717,0.4818704967381328,-0.21543715271140093,0.5278374204194416,False,114.0887103688421
2020-10-12 20:00:00,912586.17238,2397529.05508,4.799926683327254e-10,-20.838632724811884,66.86345378438753,0.44222883261332246,-0.23153176380412754,0.49917261347633274,False,117.63459663995951
2020-10-12 20:30:00,912057.78467,2398170.14354,9.385703304198744e-10,-20.822512351066457,66.85968931569981,0.3674590974820503,-0.23426419143388044,0.43578194055111175,False,122.5185102695346
2020-10-12 21:00:00,911649.50992,2398787.56368,5.206251464550825e-10,-20.809091758928968,66.85573492661497,0.3377169378472967,-0.2413165842289019,0.41507399814112617,False,125.5478095795483
2020-10-12 21:30:00,911229.9343,2399414.12739,4.799926683327254e-10,-20.79536737762533,66.85173770367541,0.35657189282157364,-0.23665162811145218,0.42795736684646624,False,123.5716565836085
2020-10-12 22:00:00,910751.94336,2400039.74816,2.3283064365386963e-10,-20.780436140728323,66.84793687666492,0.354471413009869,-0.22801685224405427,0.4214755835733548,False,122.75150664445698
2020-10-12 22:30:00,910328.08262,2400634.33211,4.656612873077393e-10,-20.76688481672703,66.84422438787425,0.3151559228202916,-0.24282647227761617,0.39785418349880586,False,127.61411849583777
2020-10-12 23:00:00,910001.04699,2401259.40651,0.0,-20.755116917470904,66.83993552340121,0.2619390159146377,-0.26304396081057907,0.37121984507464884,False,135.12059169240894
2020-10-12 23:30:00,909781.87614,2401854.00443,0.0,-20.745844385913173,66.83555679578309,0.2137219699698385,-0.27274970019235706,0.3465104318816523,False,141.91836168172682
2020-10-13 00:00:00,909629.34643,2402450.17901,0.0,-20.73795291397974,66.83094792984397,0.17197774919185646,-0.2554410205839665,0.3079390543826416,False,146.0492674280785
2020-10-13 00:30:00,909528.49007,2402933.23862,0.0,-20.732035122886877,66.8271395065415,0.12548262260228132,-0.20444893931013622,0.23988592572342865,False,148.46005382245812
2020-10-13 01:00:00,909467.4088,2403298.44945,0.0,-20.727878680982496,66.82421086784069,0.07819965734647966,-0.16141164889918516,0.17935692573597667,False,154.15104409468086
2020-10-13 01:30:00,909470.85578,2403576.34617,0.0,-20.72575770458169,66.82182058610829,0.03203178562356623,-0.12348046252397654,0.12756747201136062,False,165.45757460565278
2020-10-13 02:00:00,909516.87392,2403755.02063,2.3283064365386963e-10,-20.725307555207372,66.82014183796974,-0.006784391877231032,-0.06641830553385496,0.06676390703915062,False,185.8323300402452
2020-10-13 02:30:00,909578.31578,2403791.33571,2.3283064365386963e-10,-20.7263021424307,66.81963189824036,-0.024743156626416612,-0.018187096375365922,0.030708211839933507,False,233.68279620989088
2020-10-13 03:00:00,909623.35584,2403784.73269,1.1641532182693481e-10,-20.72729332904496,66.81954251687243,-0.007544796838038147,-0.008231260328941158,0.011165912677881328,False,222.50846073760576
2020-10-13 03:30:00,909614.20661,2403809.43737,0.0,-20.72690765272116,66.81936065554127,0.0301053643979984,-0.004567121877277092,0.030449820488439215,False,98.62625817063059
2020-10-13 04:00:00,909527.80999,2403838.46716,4.656612873077393e-10,-20.724877252482358,66.81939200172246,0.06903292451439985,-0.009680130600311553,0.0697083179789178,False,97.98224458790395
2020-10-13 04:30:00,909394.10181,2403929.97679,4.656612873077393e-10,-20.721367543540886,66.81904163551523,0.07776372913622706,-0.01909524278276523,0.08007387755132904,False,103.79627467706297
2020-10-13 05:00:00,909290.29275,2404001.81594,4.656612873077393e-10,-20.718636479906042,66.81876277085533,0.05813528545342043,-0.017983780243829375,0.06085332995497473,False,107.18911979811196
2020-10-13 05:30:00,909221.25381,2404064.57287,1.1641532182693481e-10,-20.716702076061537,66.81844902636229,0.023078240421442416,-0.03034290955311444,0.03812213715281952,False,142.7440710635937
2020-10-13 06:00:00,909251.22449,2404133.37735,4.799926683327254e-10,-20.71678440623005,66.81776288842136,-0.005333795379993906,-0.003807281745926888,0.006553225728487645,False,234.4806216152853
2020-10-13 06:30:00,909244.06246,2404070.60028,9.313225746154785e-10,-20.717130115153314,66.81832356388982,-0.007306918142691011,0.0551334681186395,0.05561555861027582,False,352.4505037084863
2020-10-13 07:00:00,909205.61511,2403938.42547,0.0,-20.717370793178194,66.81957971115135,0.03511701843464861,0.08474628317178791,0.09173405853428873,False,22.50805468835449
2020-10-13 07:30:00,909017.88903,2403829.96412,9.313225746154785e-10,-20.71431160094556,66.8211161835718,0.08295644407498598,0.1300223306785797,0.15423222130494071,False,32.53856365595658
2020-10-13 08:00:00,908760.71348,2403606.23644,5.206251464550825e-10,-20.710712503129198,66.82386432111038,0.08557105145476002,0.17973832359988795,0.1990685053381655,False,25.458504778039867
2020-10-13 08:30:00,908500.90857,2403333.66423,5.206251464550825e-10,-20.707442860394185,66.82703907774774,0.07379303740139362,0.17980755510640417,0.19436092519399586,False,22.313251144912215
2020-10-13 09:00:00,908283.33489,2403094.68113,3.4924596548080444e-10,-20.7047885265056,66.82978947040286,0.048728452639570916,0.1766623421747778,0.1832595024530111,False,15.420357018922743
2020-10-13 09:30:00,908111.96167,2402800.77631,6.585445079827193e-10,-20.703530627173425,66.83286055561005,0.018605460218723044,0.20748493124422535,0.20831744968526136,False,5.124086785984048
2020-10-13 10:00:00,907956.61104,2402419.65094,4.799926683327254e-10,-20.7032946362073,66.83662657155195,-0.00502582878932914,0.27110509999791405,0.2711516811673839,False,358.9379550679361
2020-10-13 10:30:00,907783.84998,2401881.42663,9.599853366654507e-10,-20.703934443875227,66.84179400737892,-0.014421969229486103,0.3083851146055709,0.3087221600513111,False,357.3224506803102
2020-10-13 11:00:00,907612.6829,2401362.80521,9.599853366654507e-10,-20.70445312878988,66.8467883906138,-0.036682340891335166,0.30564582824231556,0.30783918927777726,False,353.15633189394725
2020-10-13 11:30:00,907518.36055,2400805.4762,4.656612873077393e-10,-20.70688219311058,66.85186544286202,-0.04669481343536587,0.323812336990997,0.32716178748340186,False,351.79432437593556
2020-10-13 12:00:00,907357.73991,2400212.94629,4.656612873077393e-10,-20.708205541556847,66.85745836477155,-0.05408767859197412,0.33513769445737923,0.33947422762512675,False,350.8321190614728
2020-10-13 12:30:00,907273.86877,2399608.07492,4.799926683327254e-10,-20.71123036432171,66.86290844702658,-0.09787691882776467,0.31200527642977854,0.3269972228616619,False,342.5832144497663
2020-10-13 13:00:00,907290.09006,2399037.70172,0.0,-20.716075401471404,66.86773901171468,-0.11659424789880195,0.27904933253392383,0.3024280883626977,False,337.3235278946707
2020-10-13 13:30:00,907311.11319,2398519.97103,0.0,-20.720606627113007,66.87210315796469,-0.11859233114663943,0.2561159536897812,0.282240186262021,False,335.1539024976033
2020-10-13 14:00:00,907363.18697,2398024.2698,0.0,-20.72561430328405,66.87617796716343,-0.11710863124123795,0.2464423018338979,0.2728520471691321,False,334.5830753323292
2020-10-13 14:30:00,907391.45024,2397540.99445,4.656612873077393e-10,-20.730027688783988,66.88022333942622,-0.08866861071962433,0.2263737084967345,0.24311967922303782,False,338.61015382856567
2020-10-13 15:00:00,907373.26591,2397149.09699,1.1641532182693481e-10,-20.732748391980778,66.88363686738478,-0.07316454421573128,0.22785019601710277,0.23930892661020367,False,342.1977547267954
2020-10-13 15:30:00,907347.40575,2396680.60893,1.1641532182693481e-10,-20.735915667833318,66.88773077795288,-0.06289145257665808,0.2460426524840476,0.2539533847945088,False,345.6615292724635
2020-10-13 16:00:00,907271.39794,2396240.55783,4.656612873077393e-10,-20.737810155091964,66.89174370499826,-0.03343041114143436,0.252307431670834,0.2545125389159008,False,352.4523464336531
2020-10-13 16:30:00,907138.33363,2395788.53606,4.799926683327254e-10,-20.73860668888399,66.89604395351817,0.00802928831474052,0.26927723504926354,0.2693969168097838,False,1.7079351784159371
2020-10-13 17:00:00,906901.09664,2395344.20687,1.1641532182693481e-10,-20.73716323900198,66.90061592258147,0.029067460518759622,0.2610621570510486,0.26267540255066907,False,6.353319273468514
2020-10-13 17:30:00,906707.69588,2394946.65129,2.3283064365386963e-10,-20.736265955548443,66.90464543971223,0.02442571090926457,0.2634842526205527,0.264613995722891,False,5.296338206388214
2020-10-13 18:00:00,906483.01258,2394488.2441,2.3283064365386963e-10,-20.735195791418786,66.90929712981826,0.07166731744424869,0.313600925733759,0.3216857861496608,False,12.872762708912376
2020-10-13 18:30:00,906066.6964,2393982.16019,0.0,-20.730491377162913,66.91497770822991,0.11682737561546556,0.3594597491574467,0.3779681824671643,False,18.004587925461976
2020-10-13 19:00:00,905631.60399,2393426.84487,0.0,-20.725781583613127,66.92114028107646,0.09171644011595811,0.34544443419096393,0.3574125942115909,False,14.869137924911854
2020-10-13 19:30:00,905317.78008,2392935.88895,1.1641532182693481e-10,-20.723099437989347,66.92635903099165,0.05405741366157521,0.3197241201247905,0.3242618031180209,False,9.596537612019745
2020-10-13 20:00:00,905042.30206,2392419.16847,1.1641532182693481e-10,-20.721423663406696,66.93167405009183,0.044836455841142556,0.3481939603572697,0.35106885621153383,False,7.337520901752782
2020-10-13 20:30:00,904723.29173,2391820.58851,1.1641532182693481e-10,-20.71948374848197,66.93783063480332,0.025701457190469096,0.3772720267675418,0.37814646247585376,False,3.8972231736722165
2020-10-13 21:00:00,904475.24677,2391181.56586,9.385703304198744e-10,-20.71935105725674,66.94410354008971,0.02583003620312546,0.36118181081213796,0.36210425464469453,False,4.0905623869247165
2020-10-13 21:30:00,904176.29961,2390637.32682,1.1641532182693481e-10,-20.717399303972943,66.94972986150678,0.052142523180162076,0.33182758855910705,0.33589937667781666,False,8.930284739071226
2020-10-13 22:00:00,903877.07878,2390130.63722,4.799926683327254e-10,-20.715143056607655,66.95503557172431,0.028909386324632316,0.33401209990571556,0.335260846955162,False,4.94673154848806
2020-10-13 22:30:00,903653.62331,2389549.43374,4.799926683327254e-10,-20.715066248922234,66.96073376568812,-0.031335480134859164,0.3612708352564603,0.3626272586585055,False,355.0427535374478
2020-10-13 23:00:00,903522.55316,2388874.24058,9.385703304198744e-10,-20.71767376482271,66.96693733056858,-0.057810235010339134,0.38538261350575254,0.3896944727148114,False,351.46882101789924
2020-10-13 23:30:00,903357.47895,2388178.14704,1.1641532182693481e-10,-20.719734912977305,66.97342975399799,-0.05356123955083468,0.41420512836150686,0.41765379771192584,False,352.63191742237643
2020-10-14 00:00:00,903175.34207,2387411.32633,1.1641532182693481e-10,-20.722000720272895,66.98058265720972,-0.02333997141706909,0.5079428385114887,0.508478791554631,False,357.3691097394384
2020-10-14 00:30:00,902789.04836,2386438.1173,9.313225746154785e-10,-20.721620111964405,66.99016288556479,0.03857250954429722,0.49871713574051657,0.5002065772995891,False,4.422649157076421
2020-10-14 01:00:00,902410.20792,2385781.21973,0.0,-20.71888183923079,66.99701160461827,0.06078953129355125,0.41695142830780607,0.4213595384974798,False,8.295007517468548
2020-10-14 01:30:00,902053.3218,2385111.58993,0.0,-20.716704554454576,67.00389808963277,0.05758277040493648,0.36664492670084814,0.37113916220600857,False,8.925578589518636
2020-10-14 02:00:00,901749.39455,2384619.97405,1.1641532182693481e-10,-20.71422415042578,67.00908946123876,0.10537085674498664,0.32119517455557556,0.33803750917458725,False,18.162524627371624
2020-10-14 02:30:00,901289.51595,2384164.20854,1.1641532182693481e-10,-20.708178530556577,67.0144785334158,0.18169014169226,0.31231255504560385,0.36131764367003566,False,30.189021322631504
2020-10-14 03:00:00,900739.99731,2383799.57725,9.385703304198744e-10,-20.69952043241373,67.01937717393629,0.1699265557977611,0.3027339567190271,0.34716405763852826,False,29.30578329978431
2020-10-14 03:30:00,900332.04644,2383360.94725,2.3283064365386963e-10,-20.69442502499453,67.02445093005454,0.11982718658004844,0.3032897834872334,0.3261031238909291,False,21.558550045910067
2020-10-14 04:00:00,899950.61289,2382930.62344,0.0,-20.689819392527273,67.02936762950753,0.10617043783384432,0.2447827720689186,0.2668159803527037,False,23.447983172009458
2020-10-14 04:30:00,899663.14112,2382671.60117,0.0,-20.685828113767148,67.03251408948653,0.08842572458079906,0.18285574223468726,0.20311408428722447,False,25.80756951298838
2020-10-14 05:00:00,899420.26939,2382427.23009,0.0,-20.682658139703715,67.03539087110681,0.0667327848889491,0.15637295244498578,0.17001695455276375,False,23.11056052725661
2020-10-14 05:30:00,899239.55954,2382229.78972,4.656612873077393e-10,-20.68042308170352,67.03766496541247,0.05935163406101187,0.1377000678134344,0.14994640756462524,False,23.317061523212033
2020-10-14 06:00:00,899045.30494,2382038.90892,4.656612873077393e-10,-20.677850290170127,67.03992662440592,0.04424842220169554,0.14020285923592873,0.14701960619342289,False,17.515844815288744
2020-10-14 06:30:00,898912.29994,2381813.82277,4.656612873077393e-10,-20.67683850876224,67.04228316450794,0.010458503274746074,0.14480236191372173,0.14517955884538403,False,4.131074663825757
2020-10-14 07:00:00,898826.01429,2381564.49256,0.0,-20.677003043709693,67.04469629026649,0.021142416050605184,0.13734602881015504,0.1389637844417632,False,8.751157462126343
2020-10-14 07:30:00,898666.50152,2381378.10172,4.656612873077393e-10,-20.6751251492432,67.04680719019713,0.044844601178459044,0.15579524872047013,0.16212093565831712,False,16.058103707840132
2020-10-14 08:00:00,898476.94779,2381096.7503,2.3283064365386963e-10,-20.673368893834358,67.04982800197335,0.0672771061220517,0.193537105214418,0.20489709637506948,False,19.168404512606116
2020-10-14 08:30:00,898193.92464,2380811.73749,3.4924596548080444e-10,-20.6696721719752,67.05318200162094,0.08635635670607399,0.18348539623283372,0.20279129905956686,False,25.203753678623684
2020-10-14 09:00:00,897952.91633,2380588.45698,4.799926683327254e-10,-20.666369029406702,67.05587173834722,0.05571122195389477,0.16155510885858543,0.17089117428909403,False,19.02641863964419
2020-10-14 09:30:00,897801.00901,2380338.34709,9.385703304198744e-10,-20.66515596300274,67.05850338156507,0.003802332179644638,0.20148934699561388,0.20152522095937087,False,1.0811079287853431
2020-10-14 10:00:00,897684.12426,2379914.59667,4.656612873077393e-10,-20.666061036138185,67.06250840989173,-0.009816698002043073,0.22883906290199957,0.22904952361777273,False,357.54364170572626
2020-10-14 10:30:00,897543.33177,2379555.06439,2.3283064365386963e-10,-20.66595184758829,67.0660408563362,-0.012871798997348957,0.21944292748291955,0.2198201119818249,False,356.6430648213192
2020-10-14 11:00:00,897448.67704,2379159.08146,0.0,-20.667105195901115,67.06973633566231,-0.06792789441549904,0.23537578139053575,0.24498154482517343,False,343.90220974237866
2020-10-14 11:30:00,897473.07246,2378675.93389,1.1641532182693481e-10,-20.671462553028352,67.07379345894833,-0.09047936880414754,0.20185882281866913,0.22120917822037992,False,335.85660150625154
2020-10-14 12:00:00,897496.90389,2378364.19006,1.1641532182693481e-10,-20.674445492316206,67.07638503566027,-0.07056240073600069,0.16276841635458336,0.17740521345272509,False,336.5625888074018
2020-10-14 12:30:00,897503.85847,2378038.01756,2.3283064365386963e-10,-20.67718801633829,67.07915456489705,-0.08602181140156054,0.17986976933424803,0.19938125778809113,False,334.4407764976868
2020-10-14 13:00:00,897557.98958,2377649.02159,0.0,-20.681426425508374,67.08230933452819,-0.11162591668004862,0.1910594751861751,0.22127825996486372,False,329.7045217696648
2020-10-14 13:30:00,897636.89937,2377252.60401,6.585445079827193e-10,-20.686247783401896,67.08544740002571,-0.11629607490654131,0.16614576870999045,0.2028033370013953,False,325.00935997302514
2020-10-14 14:00:00,897738.37582,2376941.56477,5.206251464550825e-10,-20.69086623946116,67.08778159334982,-0.09846626078039437,0.12495546377827403,0.15908951077967456,False,321.7615066756499
2020-10-14 14:30:00,897809.57425,2376706.53245,4.799926683327254e-10,-20.694241097747287,67.08956300560739,-0.0510801287027915,0.12100193611815271,0.13134172258895974,False,337.1132974203466
2020-10-14 15:00:00,897756.46457,2376469.0807,9.313225746154785e-10,-20.69501307140181,67.09176697025306,0.004958397625490149,0.12968162370416841,0.12977638164767116,False,2.1896466751987873
2020-10-14 15:30:00,897627.89273,2376276.1106,5.206251464550825e-10,-20.693838326882698,67.0938342015045,0.05947515492190635,0.10220104358984639,0.1182469761297871,False,30.196954281579565
2020-10-14 16:00:00,897426.15321,2376200.55579,5.206251464550825e-10,-20.69018350392639,67.0951330139847,0.09821875073465428,0.04900479790664817,0.10976517304567773,False,63.48377370513646
2020-10-14 16:30:00,897234.77921,2376235.99905,4.799926683327254e-10,-20.685862523638136,67.09544819751592,0.11898404393074932,-0.024205990184041355,0.12142130237690746,False,101.49926609814077
2020-10-14 17:00:00,897056.20761,2376433.38889,1.1641532182693481e-10,-20.680521472484614,67.09433573430682,0.12478261477459034,-0.04908881391778976,0.13409106085731146,False,111.47441107997798
2020-10-14 17:30:00,896876.91728,2376559.97588,1.1641532182693481e-10,-20.675729626330824,67.09383143525045,0.15875080406643735,-0.028151851952264988,0.16122761723750254,False,100.05592640425272
2020-10-14 18:00:00,896557.29645,2376729.99361,0.0,-20.6676307249204,67.09340837680283,0.17375641596933283,-0.07346276231730986,0.18864800433028012,False,112.91823569653172
2020-10-14 18:30:00,896384.99289,2377028.19781,1.1641532182693481e-10,-20.66162098396055,67.0914119715866,0.08453599800772629,-0.09287692819100307,0.1255884499042768,False,137.69173428595445
2020-10-14 19:00:00,896390.51839,2377150.22705,4.656612873077393e-10,-20.660766519112695,67.09034950522214,0.049103318869210835,-0.0756342401175001,0.09017579609919203,False,147.00753001755868
2020-10-14 19:30:00,896315.66073,2377345.3406,4.799926683327254e-10,-20.65763447542249,67.08892084013269,0.04543443459974892,-0.04280418741849529,0.062421841593760526,False,133.2926132787146
2020-10-14 20:00:00,896291.83288,2377352.1172,2.3283064365386963e-10,-20.657077764874604,67.08893973309713,0.011590128581097838,-0.018084846658610137,0.021480054915940582,False,147.34519950933566
2020-10-14 20:30:00,896299.5863,2377420.97963,1.1641532182693481e-10,-20.65669354917143,67.08832519407159,0.01877803559052185,-0.04749578055865449,0.0510731220067343,False,158.42803140524245
2020-10-14 21:00:00,896288.89587,2377535.95698,1.1641532182693481e-10,-20.655553359308165,67.08737539577317,0.021248862657448818,-0.026114591006695408,0.03366728423383893,False,140.86551637021824
2020-10-14 21:30:00,896261.17054,2377535.9327,4.799926683327254e-10,-20.654968541668907,67.08746508015025,0.024312208582738706,-0.022411971444399558,0.033066296287839296,False,132.67110730974161
2020-10-14 22:00:00,896235.45794,2377642.32705,9.599853366654507e-10,-20.6535797657867,67.08663722209026,0.017768347676017753,-0.06978921981487261,0.07201561901077054,False,165.7159597579846
2020-10-14 22:30:00,896289.93258,2377793.58855,9.313225746154785e-10,-20.653526127020807,67.08516648325899,-0.05209235401102501,-0.09663710187062817,0.10978316266333431,False,208.3269443392319
2020-10-14 23:00:00,896533.6454,2377901.71595,9.313225746154785e-10,-20.65780784370624,67.0834542739805,-0.10203940854477192,-0.06306745860173829,0.11995643055146667,False,238.2810482983042
2020-10-14 23:30:00,896713.75338,2377876.44044,4.799926683327254e-10,-20.66180842643886,67.08308926960984,-0.09663271830244065,-0.036671237898723424,0.10335696365288416,False,249.21870166413834
2020-10-15 00:00:00,896905.72966,2377902.49193,4.799926683327254e-10,-20.665650856021752,67.08224645290746,-0.1374905962514387,-0.008742300127896792,0.13776825421374242,False,266.3617621689567
2020-10-15 00:30:00,897187.97832,2377731.20719,9.313225746154785e-10,-20.672967609529884,67.08280119082121,-0.18377508459046096,0.015554566284077032,0.1844321724876569,False,274.8379352130196
2020-10-15 01:00:00,897504.95201,2377616.53755,5.206251464550825e-10,-20.680566386368984,67.0827587526972,-0.17200338659045666,-0.02109745913698577,0.17329243428558233,False,263.00718721846073
2020-10-15 01:30:00,897794.11349,2377583.58461,1.1641532182693481e-10,-20.6869277130671,67.08210637314703,-0.17938138341417742,-0.03489741540719615,0.1827443851878534,False,258.9910110937841
2020-10-15 02:00:00,898153.46903,2377505.94149,0.0,-20.695125067787718,67.0816092547718,-0.2031452874634774,-0.07421888099059815,0.21627863998581884,False,249.93028602643955
2020-10-15 02:30:00,898572.67021,2377575.08595,0.0,-20.703414209542828,67.07966184193498,-0.20302224321323534,-0.1189672110501053,0.2353109188804769,False,239.6305005447085
2020-10-15 03:00:00,898988.56181,2377648.17781,0.0,-20.711600717566316,67.077690862922,-0.24483013455665595,-0.0859157724054894,0.2594673673799118,False,250.66301152504352
2020-10-15 03:30:00,899506.48392,2377552.67805,4.656612873077393e-10,-20.723281229162836,67.07683179892045,-0.2446722685450155,-0.03738298574792147,0.2475116292588966,False,261.3130732755677
2020-10-15 04:00:00,899860.01455,2377462.36681,4.656612873077393e-10,-20.73145423217396,67.07645982809406,-0.1826512508459383,-0.03546326037663422,0.18606214626335696,False,259.01225636357225
2020-10-15 04:30:00,900166.6452,2377439.3162,1.1641532182693481e-10,-20.738101595532278,67.07566382559153,-0.14555366298382752,-0.005967725358186467,0.14567595049959475,False,267.65217811448497
2020-10-15 05:00:00,900357.66492,2377296.91433,5.206251464550825e-10,-20.74326452485484,67.07626333126746,-0.08953221702294842,0.058252350650527994,0.10681457878658888,False,303.0492374634401
2020-10-15 05:30:00,900393.79287,2377129.04347,4.799926683327254e-10,-20.74536623331575,67.0775825606936,0.00016986093564681087,0.06862162891865282,0.06862183914896736,False,0.1418254709590201
2020-10-15 06:00:00,900269.58845,2377066.11005,4.799926683327254e-10,-20.743250536722226,67.07852351676019,0.05540849939856249,0.035424003791152806,0.06576444214160193,False,57.40822770679188
2020-10-15 06:30:00,900162.08515,2377080.43238,9.385703304198744e-10,-20.740870008542167,67.07874931265692,0.09931793623346657,0.005171773191359766,0.09945249969517006,False,87.01913481696033
2020-10-15 07:00:00,899928.6222,2377175.31985,1.1641532182693481e-10,-20.735191046198725,67.07869376453364,0.13501377900731254,-0.013182478925765954,0.13565580810442174,False,95.57657083586184
2020-10-15 07:30:00,899724.32065,2377296.9009,1.1641532182693481e-10,-20.729913906542986,67.07831513881646,0.14800988443964444,-0.02528235672962483,0.15015366613453335,False,99.6934418201414
2020-10-15 08:00:00,899462.49922,2377449.04805,4.799926683327254e-10,-20.723180497667535,67.07786098078928,0.19343539938187582,-0.03616803866106783,0.19678765396897818,False,100.5907240048196
2020-10-15 08:30:00,899119.08097,2377665.0936,4.656612873077393e-10,-20.714217616261163,67.07712375147388,0.2307841089192289,-0.019242265806674347,0.23158490823673553,False,94.76617051440599
2020-10-15 09:00:00,898709.88594,2377807.71,0.0,-20.70445363520207,67.07722714668435,0.24951163947276836,-0.016913600113567878,0.2500842420089487,False,93.87796602400823
2020-10-15 09:30:00,898300.37777,2378039.62137,9.385703304198744e-10,-20.69397172277066,67.07656661735743,0.2468337507846186,-0.0273074909811937,0.24833968589432334,False,96.31302347378784
2020-10-15 10:00:00,897913.35529,2378213.68514,6.585445079827193e-10,-20.684425062898956,67.07632778709072,0.23200857263801883,-0.04220132433594083,0.2358154565613504,False,100.30913680993126
2020-10-15 10:30:00,897572.64877,2378476.77378,4.799926683327254e-10,-20.675146836539444,67.07517664922041,0.2502244307078263,-0.06628403643815196,0.2588548612825149,False,104.83678445570854
2020-10-15 11:00:00,897154.81206,2378754.98713,0.0,-20.664122809974,67.07414445998843,0.25921005631111266,-0.07065764058041371,0.26866774176517944,False,105.24770961089115
2020-10-15 11:30:00,896789.2905,2379044.07718,1.1641532182693481e-10,-20.654116494402803,67.072849464429,0.22613873508640314,-0.11035034962673929,0.251626562924549,False,116.01128047980171
2020-10-15 12:00:00,896533.16161,2379413.86886,4.656612873077393e-10,-20.645776868441324,67.07050993178619,0.1630291623336211,-0.1377168500352524,0.2134114302347332,False,130.1890346426594
2020-10-15 12:30:00,896414.88466,2379714.95436,4.656612873077393e-10,-20.640891188436136,67.06831359763066,0.12274176420922794,-0.1444869074350934,0.18958377330708173,False,139.65206770328462
2020-10-15 13:00:00,896303.0146,2380056.39572,4.799926683327254e-10,-20.635821091533696,67.06575088675605,0.09566024449317281,-0.17912669842068496,0.2030695852745768,False,151.8961434595313
2020-10-15 13:30:00,896319.86779,2380439.80375,0.0,-20.633132642003215,67.06241364530327,0.02715118888100994,-0.21028595746769058,0.2120315329514826,False,172.64292607815793
2020-10-15 14:00:00,896478.30426,2380799.30962,4.799926683327254e-10,-20.63361889234181,67.05882453965317,-0.036285303675351384,-0.17220339642915394,0.17598475219333298,False,191.89883920096963
2020-10-15 14:30:00,896660.57397,2380973.93735,6.585445079827193e-10,-20.636074483973083,67.05674158224645,-0.09360219782179648,-0.09809463395773364,0.13558734693315772,False,223.65751289598307
2020-10-15 15:00:00,896918.10928,2381011.03411,4.799926683327254e-10,-20.64120737976266,67.05559340803653,-0.0973816013891175,-0.08309052066643403,0.12801254201728857,False,229.52764401264045
2020-10-15 15:30:00,897094.08938,2381130.27878,1.1641532182693481e-10,-20.643969084097765,67.05400478782539,-0.04883807899647332,-0.12555849045967687,0.1347222791025246,False,201.2543808811688
2020-10-15 16:00:00,897241.99781,2381372.03469,4.799926683327254e-10,-20.645166374334146,67.05145773183774,-0.0337062261196111,-0.11736970241565575,0.1221137040809341,False,196.02300472733384
2020-10-15 16:30:00,897356.61513,2381482.89273,9.313225746154785e-10,-20.646701140424742,67.05013880146807,0.0038416789144066037,-0.09053184010955968,0.09061331342857007,False,177.5701365136497
2020-10-15 17:00:00,897343.975,2381681.89315,5.206251464550825e-10,-20.64485522868567,67.04847573230182,0.05402662333130842,-0.09973147718765472,0.11342505706683499,False,151.5546699748307
2020-10-15 17:30:00,897301.19501,2381887.44454,4.799926683327254e-10,-20.64232269131418,67.04685376229016,0.09310555472402166,-0.09954796048999162,0.13630275403741748,False,136.91527863167494
2020-10-15 18:00:00,897156.65195,2382135.42007,4.799926683327254e-10,-20.637310356799752,67.04519667189788,0.13488887189462695,-0.08320204724454472,0.15848529403919007,False,121.66708274069651
2020-10-15 18:30:00,896952.32467,2382338.90155,5.206251464550825e-10,-20.631392315196834,67.04411314146562,0.21694299849379026,-0.10388689518815034,0.24053430438777423,False,115.58823357692711
2020-10-15 19:00:00,896557.52303,2382760.61447,6.585445079827193e-10,-20.619732777501703,67.04177437857679,0.2883454305353706,-0.15741649901447663,0.3285164249662457,False,118.63146249988114
2020-10-15 19:30:00,896180.35108,2383234.8588,2.3283064365386963e-10,-20.608030843472097,67.03892796916654,0.2953012486266,-0.16514667397866645,0.3383433926747277,False,119.21602166010774
2020-10-15 20:00:00,895771.72281,2383691.27565,5.206251464550825e-10,-20.595810340350507,67.03633451476485,0.2983415813551884,-0.1867900300056538,0.3519917818288199,False,122.050456962221
2020-10-15 20:30:00,895411.51553,2384242.13868,4.656612873077393e-10,-20.583865332835362,67.03277521807982,0.32170388406956285,-0.23955878969556632,0.40110073889965264,False,126.67344085332695
2020-10-15 21:00:00,894990.73074,2384905.80418,9.313225746154785e-10,-20.569756772935595,67.02844331024751,0.37236001713125655,-0.28689942416550823,0.47006729512325135,False,127.61386831915331
2020-10-15 21:30:00,894519.36766,2385680.1081,4.656612873077393e-10,-20.553714900658555,67.02332454053735,0.35880556258149054,-0.299213233405036,0.4671937400951735,False,129.8252237790815
2020-10-15 22:00:00,894159.43366,2386367.90002,5.820766091346741e-10,-20.540708492752085,67.01858745085458,0.2868975213074355,-0.2924268864101173,0.40966287557925735,False,135.5468432883007
2020-10-15 22:30:00,893921.57745,2387028.30751,9.313225746154785e-10,-20.530493095632597,67.01369205102644,0.21633062594582725,-0.26897295684561173,0.34517443595432257,False,141.1908389905593
2020-10-15 23:00:00,893769.69713,2387547.82786,4.656612873077393e-10,-20.523201596637918,67.00972742656147,0.13885238925161364,-0.23886907997895498,0.27629408855578874,False,149.83095876619507
2020-10-15 23:30:00,893754.91488,2388008.90404,4.799926683327254e-10,-20.519258158755086,67.00582356104242,0.07621055795136958,-0.22554406116226033,0.2380717804966067,False,161.33006693083144
2020-10-16 00:00:00,893797.35544,2388404.43987,4.656612873077393e-10,-20.51703621194456,67.00229772931958,0.028515773052901643,-0.19693337655594584,0.19898719585573982,False,171.76088753544963
2020-10-16 00:30:00,893907.25034,2388708.8732,9.313225746154785e-10,-20.516951396048903,66.99933627701773,-0.013712023297318132,-0.1496555467801983,0.1502824083683327,False,185.23504553553926
2020-10-16 01:00:00,894032.41455,2388891.72444,9.385703304198744e-10,-20.518145027655674,66.99736780459612,-0.05660722337069156,-0.11012694795618891,0.12382375541019788,False,207.2039755496158
2020-10-16 01:30:00,894237.06818,2389008.75166,9.599853366654507e-10,-20.52152884411024,66.99570844805284,-0.09292860037658211,-0.08310997879780646,0.1246715418358269,False,228.1923871767021
2020-10-16 02:00:00,894450.61351,2389054.6564,5.820766091346741e-10,-20.525659288042693,66.99462997428131,-0.0854454090068649,-0.08248224413152541,0.11876126690686231,False,226.01090690381722
2020-10-16 02:30:00,894629.25728,2389178.9828,4.656612873077393e-10,-20.528437640193747,66.99299134122357,-0.08355148682165413,-0.08889645868244889,0.12199766930720188,False,223.22470300748608
2020-10-16 03:00:00,894844.52314,2389248.88429,9.599853366654507e-10,-20.53241445387179,66.99170150103059,-0.11573378683759127,-0.08863560806118462,0.14577578822337045,False,232.553024989072
2020-10-16 03:30:00,895131.34741,2389331.66883,2.3283064365386963e-10,-20.537794117166776,66.99007143399741,-0.1493147290467683,-0.10650429242729496,0.1834067954459392,False,234.50022094358872
2020-10-16 04:00:00,895482.40288,2389419.35012,4.799926683327254e-10,-20.544484971640998,66.988192938105,-0.1469236895611965,-0.09526853651989331,0.17510758008983246,False,237.0397417482507
2020-10-16 04:30:00,895746.99191,2389467.20474,4.799926683327254e-10,-20.549670807738003,66.98693311502515,-0.11774389441105408,-0.05991418190334625,0.1321110663957744,False,243.0306545780405
2020-10-16 05:00:00,895955.02051,2389472.52702,0.0,-20.554002317523263,66.98621923999315,-0.07237456867603365,-0.04019101369098748,0.08278523885664071,False,240.95572940529135
2020-10-16 05:30:00,896041.75268,2389511.20585,1.1641532182693481e-10,-20.555520733159216,66.98560917598971,-0.004539737620335068,-0.03422618245252339,0.034525943621209046,False,187.55557044378406
2020-10-16 06:00:00,896013.5854,2389582.15823,2.3283064365386963e-10,-20.554369307330987,66.9850917418029,0.047244519861662906,-0.03344921728145643,0.05788691383811322,False,125.29857229968275
2020-10-16 06:30:00,895924.77781,2389683.67172,4.799926683327254e-10,-20.551702317203443,66.98450724778182,0.08475025575696052,-0.07122173990926826,0.11070294524796383,False,130.04275268133983
2020-10-16 07:00:00,895817.91163,2389929.34466,5.206251464550825e-10,-20.547519933632216,66.98274546318184,0.11433077200565656,-0.11586566961279425,0.16277708322190385,False,135.3820295874089
2020-10-16 07:30:00,895685.77309,2390218.7136,1.1641532182693481e-10,-20.54246278668273,66.98069027284211,0.14261385948858618,-0.12874173946389747,0.19212794798888647,False,132.07349830030626
2020-10-16 08:00:00,895499.78064,2390543.50024,5.206251464550825e-10,-20.535995745608336,66.97850426872665,0.17409663021472205,-0.13015835997225067,0.21737257260930518,False,126.78257506154148
2020-10-16 08:30:00,895263.22621,2390877.3675,0.0,-20.528395772131184,66.9764023948172,0.20793832847683513,-0.09312465016132002,0.22783886612562051,False,114.12509972391786
2020-10-16 09:00:00,894916.30067,2391119.96519,2.3283064365386963e-10,-20.519195434854336,66.97543634814605,0.24263049616357504,-0.0364062722313469,0.24534664115566274,False,98.53346717420777
2020-10-16 09:30:00,894491.11409,2391306.28444,4.656612873077393e-10,-20.508793406729925,66.97520296885281,0.24320668420924266,-0.016251351875093092,0.24374904652495027,False,93.8228871852736
2020-10-16 10:00:00,894116.74721,2391481.50978,2.3283064365386963e-10,-20.499547007657974,66.97490105540922,0.19658388788386866,-0.018251815910650053,0.19742936397500171,False,95.30441543791858
2020-10-16 10:30:00,893851.23778,2391615.66733,4.799926683327254e-10,-20.49291174723507,66.97460184065001,0.14458989573042955,-0.005649412898342095,0.1447002205023629,False,92.23752115602417
2020-10-16 11:00:00,893636.28478,2391682.79149,5.206251464550825e-10,-20.487865915056247,66.974715010917,0.11009751406735087,0.015290635084214948,0.11115424474615959,False,82.09318770224615
2020-10-16 11:30:00,893460.69069,2391702.82936,0.0,-20.484017216938387,66.97510560316967,0.08727349357844194,0.015366012405378417,0.08861589597035394,False,80.01442803836858
2020-10-16 12:00:00,893322.60795,2391740.91925,9.313225746154785e-10,-20.48081524824564,66.97522123484218,0.07576818398539359,-0.010036296209136462,0.07643000030120359,False,97.54550510037558
2020-10-16 12:30:00,893217.80879,2391832.11511,4.799926683327254e-10,-20.4778960423729,66.97477498024033,0.06344619070198522,-0.08130998243558724,0.10313453523562406,False,142.03507883057108
2020-10-16 13:00:00,893211.04079,2392095.04468,4.656612873077393e-10,-20.475689738226155,66.97254262029601,0.06377802688921325,-0.22820675137727667,0.2369513833849707,False,164.38566357922116
2020-10-16 13:30:00,893290.09827,2392682.07149,9.313225746154785e-10,-20.47274451675409,66.9672570186196,0.050390861733906736,-0.2949172859388276,0.29919131754081685,False,170.30382684663476
2020-10-16 14:00:00,893412.43445,2393153.13766,4.799926683327254e-10,-20.47161963841886,66.96282695295127,0.012678823402478806,-0.24951085476218596,0.24983278249066493,False,177.091033255318
2020-10-16 14:30:00,893561.49028,2393539.54637,4.656612873077393e-10,-20.471720519127366,66.95903711838464,0.019392575406034493,-0.26035692314998937,0.261078148095562,False,175.74021414877825
2020-10-16 15:00:00,893674.84098,2394055.64513,1.1641532182693481e-10,-20.47005437102199,66.95424964941132,0.023591249352973687,-0.3232891610543971,0.3241487755665446,False,175.82637591897947
2020-10-16 15:30:00,893888.94047,2394659.59773,4.799926683327254e-10,-20.469816030346852,66.94838647380729,-0.054524133211094644,-0.35865066379308935,0.3627715255386575,False,188.64424416463135
2020-10-16 16:00:00,894310.26405,2395196.61609,9.385703304198744e-10,-20.474453035411404,66.94243382485855,-0.18337407416817408,-0.4096304066346976,0.448801872897989,False,204.11602814573396
2020-10-16 16:30:00,895023.20871,2395810.19723,4.656612873077393e-10,-20.4846078089911,66.93489073437954,-0.2921904949947281,-0.4413466999631932,0.529303499831302,False,213.50627229993793
2020-10-16 17:00:00,895851.66165,2396316.8819,9.313225746154785e-10,-20.498017439853022,66.92789301641638,-0.3700935948793363,-0.3754390233922711,0.5271847202418263,False,224.58919940204876
2020-10-16 17:30:00,896744.47747,2396609.65041,4.799926683327254e-10,-20.51444714617819,66.92252110891764,-0.37539351767916906,-0.29034026199661095,0.47457113360570224,False,232.28059104020926
2020-10-16 18:00:00,897483.66902,2396822.22745,9.385703304198744e-10,-20.52827819868315,66.91832757489142,-0.330898641298347,-0.265474891963452,0.4242296890554675,False,231.26046400137523
2020-10-16 18:30:00,898195.20657,2397086.94175,4.799926683327254e-10,-20.541115205554213,66.91377462794567,-0.32440505504174755,-0.29496334551039316,0.43845411952828406,False,227.72150930579284
2020-10-16 19:00:00,898949.86321,2397406.80517,4.799926683327254e-10,-20.554417421044707,66.90860931597419,-0.3344651162972387,-0.30402873324879387,0.4519960007130502,False,227.7291683393528
2020-10-16 19:30:00,899706.90529,2397689.02145,1.1641532182693481e-10,-20.568059644889853,66.90375761069468,-0.3264520937350116,-0.28430299463604125,0.4328962488437543,False,228.94780596933668
2020-10-16 20:00:00,900409.74904,2397952.1734,0.0,-20.58071117063847,66.89924225151064,-0.30734342608092424,-0.26952075922717467,0.4087804070764072,False,228.75128473947413
2020-10-16 20:30:00,901083.80385,2398208.42955,5.206251464550825e-10,-20.59280935868991,66.89487746613328,-0.27955694142363086,-0.29967190834952795,0.4098235427009816,False,223.01108016487507
2020-10-16 21:00:00,901731.29513,2398608.08276,5.206251464550825e-10,-20.603218745979195,66.8893686766467,-0.28526402962718617,-0.3165334978271338,0.4261091665827201,False,222.02557966677304
2020-10-16 21:30:00,902446.06109,2398913.68818,0.0,-20.615771034963643,66.88444792482804,-0.3237337939519848,-0.28056029579210484,0.42838959945533167,False,229.08652564131614
2020-10-16 22:00:00,903177.73129,2399143.06983,0.0,-20.629271850676634,66.88012440598564,-0.35145616211687347,-0.2448693400856144,0.42834848850426255,False,235.13399426731164
2020-10-16 22:30:00,903940.75588,2399292.92392,0.0,-20.644049911029885,66.87637952800087,-0.3818228920657493,-0.18811375272248065,0.42564716006193143,False,243.77178636674014
2020-10-16 23:00:00,904702.78914,2399292.1775,2.3283064365386963e-10,-20.659989744299736,66.873926026088,-0.4018162091820923,-0.14120731948740814,0.4259058264901831,False,250.63736936777033
2020-10-16 23:30:00,905473.62381,2399258.20897,4.799926683327254e-10,-20.676372303530705,66.87172674113788,-0.4309744115506849,-0.1463934105326771,0.45515928427183383,False,251.23840049609032
2020-10-17 00:00:00,906340.44764,2399237.42806,1.1641532182693481e-10,-20.69465374594993,66.86910215159041,-0.4682532182151048,-0.18025305141175924,0.5017491792838856,False,248.9458986494634
2020-10-17 00:30:00,907279.88531,2399269.54078,9.599853366654507e-10,-20.71403035281317,66.86578725345595,-0.4838723413198284,-0.22485480712556588,0.5335654851860341,False,245.07577205701773
2020-10-17 01:00:00,908256.09987,2399378.44756,4.799926683327254e-10,-20.733562473283605,66.8616931137172,-0.5132810299675541,-0.23940396659944038,0.566367084979432,False,244.99476553746663
2020-10-17 01:30:00,909313.14286,2399421.41126,4.656612873077393e-10,-20.75529727435295,66.85789846037679,-0.5628011805739039,-0.220179986091268,0.6043379808770345,False,248.6334887074044
2020-10-17 02:00:00,910431.59281,2399401.65594,4.656612873077393e-10,-20.77880358518115,66.8544377453067,-0.5874215973825614,-0.19348693789156246,0.6184669176327326,False,251.7689737089758
2020-10-17 02:30:00,911537.42289,2399322.43873,0.0,-20.80251102758982,66.85152285798603,-0.5938210657563353,-0.17025218859169816,0.6177453082430113,False,254.00207396535646
2020-10-17 03:00:00,912647.66155,2399215.38886,0.0,-20.826525430608076,66.84882769728948,-0.6070861281635878,-0.15220409117203149,0.6258751092495692,False,255.92534019090766
2020-10-17 03:30:00,913774.94685,2399057.53644,0.0,-20.85129342837265,66.846507410215,-0.6067975632829854,-0.11181828119540232,0.6170142711604512,False,259.55889156582555
2020-10-17 04:00:00,914832.34972,2398814.0221,4.799926683327254e-10,-20.87528057364788,66.84514326623969,-0.5962711272761179,-0.07008079262219122,0.6003753615178482,False,263.29667945704
2020-10-17 04:30:00,915870.51804,2398528.36649,4.656612873077393e-10,-20.89919940478348,66.84419815549985,-0.5736498068978126,-0.03941948366523482,0.5750026057735143,False,266.0689866035527
2020-10-17 05:00:00,916812.24528,2398209.90919,1.1641532182693481e-10,-20.9213674549065,66.84384462225565,-0.528913643424957,-0.01997852335300368,0.5292908308259544,False,267.83680919566825
2020-10-17 05:30:00,917674.75578,2397915.62314,0.0,-20.941691045213762,66.84354011209025,-0.4904108680810878,0.0055163053506131765,0.4904418917229311,False,270.64445489853915
2020-10-17 06:00:00,918454.00721,2397560.34882,2.3283064365386963e-10,-20.960765958182417,66.84402656930524,-0.43504051798310095,0.05095793776717564,0.4380147985039868,False,276.68082752397174
2020-10-17 06:30:00,919071.63809,2397184.05902,5.206251464550825e-10,-20.97664177001559,66.84521965524873,-0.36727668791742807,0.07602230446574598,0.375062069881611,False,281.69445903383007
2020-10-17 07:00:00,919590.60258,2396831.47686,4.656612873077393e-10,-20.990273709923827,66.84653185459008,-0.3168335725977461,0.07159299012527345,0.3248215955876837,False,282.7329458171064
2020-10-17 07:30:00,920044.22707,2396534.85319,9.313225746154785e-10,-21.002098045600825,66.8475789106482,-0.2771879663452626,0.06647262456310474,0.28504697595822676,False,283.4854743948167
2020-10-17 08:00:00,920436.42147,2396250.43172,5.206251464550825e-10,-21.012545802897623,66.84872232654878,-0.22325325777028487,0.06820245247029527,0.23343862497026527,False,286.98757915859005
2020-10-17 08:30:00,920706.45367,2396017.46274,4.799926683327254e-10,-21.020037208422444,66.84982645818535,-0.16783468478724542,0.06256409424813864,0.17911657462871491,False,290.44405354741843
2020-10-17 09:00:00,920919.63054,2395823.46404,1.1641532182693481e-10,-21.02603253745069,66.85078396125346,-0.12435865081640632,0.06664252567626433,0.14108968871391142,False,298.1864008502847
2020-10-17 09:30:00,921038.2575,2395632.89562,4.656612873077393e-10,-21.03003078175513,66.85202247641698,-0.12057480656025846,0.06847546677153107,0.1386620839545649,False,299.59261444200814
2020-10-17 10:00:00,921236.32506,2395437.60299,9.313225746154785e-10,-21.03572261683061,66.8530402425744,-0.14270632883484435,0.06607549727717271,0.15726114469233773,False,294.84495223619365
2020-10-17 10:30:00,921432.37876,2395226.46842,4.656612873077393e-10,-21.041499969609106,66.85419972638888,-0.15514085963965948,0.08679161043677272,0.17776802291734314,False,299.22428449239237
2020-10-17 11:00:00,921645.408,2394945.4585,4.656612873077393e-10,-21.04819193025816,66.85590006439324,-0.15848778463559043,0.11905159913541814,0.19822124289641005,False,306.91285289155246
2020-10-17 11:30:00,921810.93864,2394621.56153,1.1641532182693481e-10,-21.05423909563094,66.85812260171751,-0.15023564693619962,0.14507273520313813,0.20884647018721253,False,313.99839308206185
2020-10-17 12:00:00,921962.52632,2394263.76185,4.799926683327254e-10,-21.0602688997861,66.86068030897711,-0.14947088502848277,0.1631639802789212,0.22127817319306056,False,317.50789513454833
2020-10-17 12:30:00,922102.01207,2393880.04276,1.1641532182693481e-10,-21.066255874918113,66.863498940119,-0.12702836418155555,0.16983341269994642,0.2120839300276007,False,323.20503188083325
2020-10-17 13:00:00,922169.49865,2393528.84826,2.3283064365386963e-10,-21.070482357095973,66.86627644249049,-0.11229868100358656,0.19402644296950847,0.22418129789646865,False,329.9385874170865
2020-10-17 13:30:00,922228.13674,2393082.90627,0.0,-21.075286523459198,66.86989211998403,-0.08363549812612414,0.23814776488224002,0.252406922379739,False,340.6491527838265
2020-10-17 14:00:00,922142.15456,2392620.59486,2.3283064365386963e-10,-21.077208481228677,66.87412346147937,-0.031003015023649882,0.26751751220274944,0.26930801376064706,False,353.38939427390994
2020-10-17 14:30:00,921985.93827,2392144.13723,0.0,-21.07778020483687,66.87870674341521,-0.017954900008334926,0.283463705590417,0.2840317778371989,False,356.37566477174227
2020-10-17 15:00:00,921835.47103,2391645.15603,1.1641532182693481e-10,-21.07865314031381,66.88346341276177,-0.029436689320249093,0.28637720310845927,0.2878861252967232,False,354.1311831038384
2020-10-17 15:30:00,921714.03632,2391144.0504,0.0,-21.080149188282185,66.88814260540316,-0.025340648881885128,0.27216847228908764,0.27334561601373975,False,354.6807267841965
2020-10-17 16:00:00,921568.18185,2390698.10824,4.656612873077393e-10,-21.08069258895079,66.8924310447757,0.14342233952510877,0.22572195832406602,0.26743292606653163,False,32.431625116933674
2020-10-17 16:30:00,920939.99317,2390571.54608,4.799926683327254e-10,-21.0686014096472,66.8955792968505,0.4279649050890348,0.15363017347813185,0.45470450865456286,False,70.25295632340931
2020-10-17 17:00:00,919931.68104,2390735.8617,4.799926683327254e-10,-21.04623492294708,66.89749164291601,0.5972135416191914,0.08198445016735975,0.602814618570736,False,82.18339153760195
2020-10-17 17:30:00,918827.45435,2391068.19017,4.799926683327254e-10,-21.020513978300233,66.8982799641363,0.6925570766740443,0.05662468856157454,0.6948680880613193,False,85.32579313871355
2020-10-17 18:00:00,917531.27222,2391439.89679,4.799926683327254e-10,-20.990466959283005,66.89935646000161,0.7071293140662179,0.09723535685954207,0.7137832874446994,False,82.17051982059775
2020-10-17 18:30:00,916325.32773,2391653.26151,5.206251464550825e-10,-20.96356943846339,66.90148432036169,0.6955042444153083,0.08348581772289995,0.7004969919711078,False,83.15517128222893
2020-10-17 19:00:00,915085.66055,2392055.04245,4.799926683327254e-10,-20.934456205515314,66.90210670774744,0.7369565679446893,-0.016012714657141935,0.7371305108781664,False,91.2447363486209
2020-10-17 19:30:00,913868.00892,2392655.03388,1.1641532182693481e-10,-20.904219334443862,66.90095649581072,0.7657847200733455,-0.08745420173314722,0.7707622687305044,False,96.5150711436338
2020-10-17 20:00:00,912622.63005,2393332.80845,9.599853366654507e-10,-20.872785972525755,66.89922500271074,0.7644783725321449,-0.09934716613839847,0.7709066360391039,False,97.4043309010492
2020-10-17 20:30:00,911423.92663,2393969.77774,9.385703304198744e-10,-20.842657674322805,66.89768348320746,0.7277952473936091,-0.0965477418558495,0.7341712256593746,False,97.55661284468493
2020-10-17 21:00:00,910297.68843,2394589.86144,4.656612873077393e-10,-20.814182506879224,66.89604427467206,0.6694398328379847,-0.10651357857195329,0.6778604813752994,False,99.04046671802331
2020-10-17 21:30:00,909307.47827,2395184.56141,4.799926683327254e-10,-20.788756894848344,66.89417462851443,0.6170147422464074,-0.09468966352668601,0.6242381953454927,False,98.72478175664475
2020-10-17 22:00:00,908342.0366,2395696.92612,4.656612873077393e-10,-20.764505991890744,66.89292461077815,0.6032013671079932,-0.06374677935048034,0.6065604183908729,False,96.03266959503412
2020-10-17 22:30:00,907358.36372,2396169.00942,0.0,-20.740195405186398,66.89207425874277,0.6040110556562411,-0.05692123575593738,0.6066872196073936,False,95.38358206849756
2020-10-17 23:00:00,906381.07685,2396658.59969,0.0,-20.715881673535538,66.89104913801613,0.565726870212575,-0.08177657733781596,0.5716067706750887,False,98.22520866510132
2020-10-17 23:30:00,905557.56017,2397164.79208,4.656612873077393e-10,-20.69465532305611,66.88938033480152,0.4072852617496562,-0.18235880271581878,0.44624658807259565,False,114.12007700611053
2020-10-18 00:00:00,905241.45128,2397790.87896,4.656612873077393e-10,-20.683098518604982,66.88504176723688,0.0849801400345401,-0.3566694597528922,0.36665341634943216,False,166.5985575295931
2020-10-18 00:30:00,905724.86021,2398474.09906,2.3283064365386963e-10,-20.68781261920289,66.87762880135652,-0.1903792381626787,-0.40744645476082686,0.44972977199710545,False,205.04431925746286
2020-10-18 01:00:00,906400.81122,2398920.98229,9.385703304198744e-10,-20.6984138922295,66.87161632561694,-0.29591112731855906,-0.30363741901177776,0.4239800437462527,False,224.2616788001175
2020-10-18 01:30:00,907107.73368,2399120.11656,5.206251464550825e-10,-20.711613959967966,66.86762379793647,-0.0327410820682839,-0.1932134764484743,0.19596792068169536,False,189.6177201156775
2020-10-18 02:00:00,906757.05945,2399529.91217,4.656612873077393e-10,-20.701050204371313,66.86525015949107,0.2695906202724476,-0.1269077264785155,0.297967571354382,False,115.20835316716557
2020-10-18 02:30:00,906361.36611,2399890.56112,1.1641532182693481e-10,-20.689935781151515,66.86344211849809,0.23078921667473648,-0.08092518217290019,0.2445660394311842,False,109.32298384672748
2020-10-18 03:00:00,906082.73264,2400095.99871,2.3283064365386963e-10,-20.68249313034605,66.8625838928592,0.14322264836002335,-0.027591099674373863,0.14585607901112704,False,100.90415237844746
2020-10-18 03:30:00,905914.07561,2400165.59238,5.206251464550825e-10,-20.678420194269805,66.86253312022045,0.07368772063158605,-0.024959514332477124,0.07780011264510998,False,108.71227514069221
2020-10-18 04:00:00,905866.27624,2400273.73914,5.206251464550825e-10,-20.67656858786849,66.8617615133154,0.028733420831095,-0.10143327866692134,0.10542447293573785,False,164.1839476634272
2020-10-18 04:30:00,905946.23314,2400543.75567,5.206251464550825e-10,-20.67611005281662,66.8591908536904,-0.02129307029354656,-0.25582810299230896,0.2567127054182737,False,184.7578725140155
2020-10-18 05:00:00,906263.17847,2401108.33541,5.206251464550825e-10,-20.678279744988167,66.85333177786396,-0.09435601445025314,-0.3611443472893986,0.3732670586082063,False,194.6423281174428
2020-10-18 05:30:00,906723.13032,2401640.17051,2.3283064365386963e-10,-20.68369258427296,66.84729070254942,-0.1538828129060365,-0.361554982847924,0.3929401045070824,False,203.05527621655483
2020-10-18 06:00:00,907241.18528,2402130.3685,4.799926683327254e-10,-20.690643764015757,66.84141798202633,-0.20030643287186178,-0.370356957323815,0.42105456046456,False,208.40660420579806
2020-10-18 06:30:00,907868.80263,2402632.67932,9.313225746154785e-10,-20.69978230451591,66.83508666722929,-0.2385376692480672,-0.3845727451223121,0.45254438007913783,False,211.80994953018399
2020-10-18 07:00:00,908533.85306,2403121.91858,4.656612873077393e-10,-20.70979989051534,66.82874542911469,-0.24447625521039618,-0.3698699506957109,0.4433648833515645,False,213.46386454962925
2020-10-18 07:30:00,909162.92332,2403566.93314,1.1641532182693481e-10,-20.719410602644775,66.82289854953915,-0.2140220496180268,-0.3353381316615276,0.39781540979321695,False,212.54714247415814
2020-10-18 08:00:00,909681.60458,2403978.46891,1.1641532182693481e-10,-20.726979278337996,66.8176951967526,-0.16832029632388595,-0.31093947746737505,0.3535747174251081,False,208.42793132608023
2020-10-18 08:30:00,910125.82402,2404399.40998,1.1641532182693481e-10,-20.732918396231536,66.81265216950717,-0.10508155784203924,-0.3295988026196066,0.34594436617292706,False,197.6831430085305
2020-10-18 09:00:00,910455.45542,2404954.26363,2.3283064365386963e-10,-20.735410728615257,66.80683384237881,-0.0030864416042680476,-0.3966785171071732,0.3966905242832534,False,180.44579300753315
2020-10-18 09:30:00,910641.81815,2405731.01779,1.1641532182693481e-10,-20.733167270555192,66.799580044813,0.08088316641841865,-0.4720584954599678,0.4789376887923919,False,170.27727314074525
2020-10-18 10:00:00,910784.75205,2406646.70137,4.799926683327254e-10,-20.728925801941376,66.79127738739348,0.09106080805409258,-0.4913956200140822,0.4997616693309808,False,169.5015766870738
2020-10-18 10:30:00,910961.36137,2407501.55559,4.656612873077393e-10,-20.72586753409742,66.78338618856326,0.02096434583209425,-0.4808696323146386,0.4813264038867838,False,177.5036718644776
2020-10-18 11:00:00,911326.80679,2408292.51,1.1641532182693481e-10,-20.727244412458173,66.77543016248987,-0.08522463374643666,-0.4834001220631471,0.4908552904959666,False,189.99863777713188
2020-10-18 11:30:00,911864.21734,2409020.57483,9.385703304198744e-10,-20.73269301175484,66.76745520120956,-0.16430932305626939,-0.4875037939671913,0.5144487367810472,False,198.62598474580878
2020-10-18 12:00:00,912501.30507,2409724.47195,1.1641532182693481e-10,-20.740401035748686,66.75936368034317,-0.2020395724315428,-0.5239819937441499,0.5615844714701564,False,201.08588868902945
2020-10-18 12:30:00,913212.44016,2410527.08825,2.3283064365386963e-10,-20.74886557005173,66.75018630679926,-0.22577993725315734,-0.5768918174873008,0.6195004028649544,False,201.3740381754275
2020-10-18 13:00:00,913997.15285,2411378.62972,0.0,-20.758466913610334,66.74035068192467,-0.2539867130861358,-0.5577479434144504,0.6128556263977252,False,204.48352418903798
2020-10-18 13:30:00,914779.091,2412080.56104,2.3283064365386963e-10,-20.76918087803766,66.73180392236543,-0.2762685440930608,-0.5246049360238774,0.5929035734045764,False,207.77228139142375
2020-10-18 14:00:00,915596.7866,2412791.80377,4.799926683327254e-10,-20.780555987023327,66.72306034730934,-0.2995961274550809,-0.5474521936619565,0.6240687012912677,False,208.68991803844767
2020-10-18 14:30:00,916486.7029,2413540.52193,5.206251464550825e-10,-20.79312586937444,66.71376021224862,-0.37837078048730993,-0.5107726897540759,0.6356517821301138,False,216.53035032277728
2020-10-18 15:00:00,917522.96116,2414027.27165,1.1641532182693481e-10,-20.810785331536543,66.70622485084098,-0.5138205997441243,-0.4948840504989861,0.7133875749967157,False,226.07549510791128
2020-10-18 15:30:00,918848.74278,2414548.68588,2.3283064365386963e-10,-20.8341615631875,66.69744782612933,-0.5276700304084989,-0.5852026263278811,0.7879706687766721,False,222.04059313544747
2020-10-18 16:00:00,920047.65322,2415320.62588,0.0,-20.852914928025754,66.68693674598138,-0.46053794659301345,-0.6529853049928629,0.7990525694775854,False,215.1945792556095
2020-10-18 16:30:00,921234.87592,2416155.27679,2.3283064365386963e-10,-20.87091460475868,66.67592453121692,-0.5046722896040421,-0.6869440560595494,0.852400290972341,False,216.3033431829917
2020-10-18 17:00:00,922626.30329,2416984.09265,0.0,-20.89316884979544,66.66429291774719,-0.6202685184372094,-0.6944098395860689,0.9310950865933301,False,221.77222195932043
2020-10-18 17:30:00,924212.54044,2417694.44256,0.0,-20.920365624466864,66.65303385756165,-0.7408664316551097,-0.6703359793724437,0.9991163069405826,False,227.86120367679584
2020-10-18 18:00:00,925979.2844,2418285.86931,2.3283064365386963e-10,-20.952207245445052,66.64219520144258,-0.8201309375221525,-0.6012547179710501,1.0169178878176015,False,233.75409684832357
2020-10-18 18:30:00,927743.7992,2418660.06804,9.385703304198744e-10,-20.98569428801606,66.63321352628537,-0.8295685515025678,-0.5215162437748364,0.9798791630415881,False,237.8440833733207
2020-10-18 19:00:00,929440.02309,2418969.24509,5.206251464550825e-10,-21.018262170790507,66.62500368472219,-0.7502104383094991,-0.5248042523257976,0.9155518581750409,False,235.02556752640754
2020-10-18 19:30:00,930942.49003,2419454.99271,4.799926683327254e-10,-21.04540920162264,66.61591426977208,-0.6391036793185243,-0.5521367431509531,0.8445759267560358,False,229.17549138333533
2020-10-18 20:00:00,932301.12149,2419998.12509,2.3283064365386963e-10,-21.069114335033493,66.6068025582994,-0.5739669839249721,-0.5358444719644432,0.7852180568293002,False,226.96736168871138
2020-10-18 20:30:00,933564.11306,2420512.25623,5.820766091346741e-10,-21.09106107832282,66.59824959151375,-0.5685533144203828,-0.5062703670692796,0.7612900602995326,False,228.31641725625093
2020-10-18 21:00:00,934866.65348,2420962.06302,4.799926683327254e-10,-21.11431809745442,66.59011205456903,-0.5781034179718352,-0.47540274605961963,0.7484726667232048,False,230.56786545026605
2020-10-18 21:30:00,936122.07832,2421359.10486,4.799926683327254e-10,-21.13700923426649,66.58257676963107,-0.5379800815440667,-0.43264663330897596,0.6903663356883447,False,231.1935616119392
2020-10-18 22:00:00,937234.72381,2421716.4187,1.1641532182693481e-10,-21.157064464532887,66.57584891049264,-0.49019375151784217,-0.39014968085064405,0.6265035414863953,False,231.48339780525708
2020-10-18 22:30:00,938274.75989,2422032.04522,1.1641532182693481e-10,-21.17594703732962,66.56971425810508,-0.47928714728903343,-0.36121713546629214,0.6001616353207969,False,232.9963125223058
2020-10-18 23:00:00,939313.38951,2422305.70895,0.0,-21.19512552879265,66.56393991327506,-0.48689741110171875,-0.369413345954583,0.6111753505393657,False,232.81208974814967
2020-10-18 23:30:00,940389.83428,2422638.2448,2.3283064365386963e-10,-21.21460225668642,66.5575348913597,-0.476901882512336,-0.4004826623166523,0.6227533768355203,False,229.9778365279746
2020-10-19 00:00:00,941435.59863,2423028.4804,1.1641532182693481e-10,-21.232977573792514,66.55073624286622,-0.4511908490544899,-0.40502589034659714,0.6063160513474513,False,228.0862496623664
2020-10-19 00:30:00,942431.92211,2423409.10246,0.0,-21.25040382811491,66.5441812361983,-0.4654428847298354,-0.4063719341718114,0.6178796224412728,False,228.87622573235694
2020-10-19 01:00:00,943527.49584,2423784.63714,1.1641532182693481e-10,-21.269898595862625,66.53733763094712,-0.490888591439042,-0.41024174585713874,0.6397420568079919,False,230.11407311799096
2020-10-19 01:30:00,944614.49485,2424144.29912,1.1641532182693481e-10,-21.289333129261543,66.53065514600426,-0.4899093771223397,-0.39575175186876455,0.6297861914170515,False,231.0685131047201
2020-10-19 02:00:00,945688.09364,2424471.7691,0.0,-21.308739463060746,66.52428911926985,-0.5144756172075973,-0.367047095811059,0.6319879201729024,False,234.49444935494648
2020-10-19 02:30:00,946820.16581,2424702.28906,1.1641532182693481e-10,-21.33011051734111,66.51855262822897,-0.5752053912170305,-0.36591455697578923,0.6817292021704258,False,237.5376877124153
2020-10-19 03:00:00,948096.14082,2424945.61481,2.3283064365386963e-10,-21.35431800079699,66.5122236159683,-0.6188424857906326,-0.382927803355596,0.7277360268684457,False,238.25157643963854
2020-10-19 03:30:00,949397.02387,2425174.95699,0.0,-21.379135041066057,66.5059263728177,-0.6809657310672921,-0.37085869390308873,0.7754034419136379,False,241.4269801388401
2020-10-19 04:00:00,950865.6191,2425295.18098,4.799926683327254e-10,-21.408249122298805,66.4999944319105,-0.752932007630261,-0.33327591971856313,0.8233950733265226,False,246.1240234925216
2020-10-19 04:30:00,952358.49721,2425302.58648,0.0,-21.438752456410757,66.49493682695798,-0.7828990876190314,-0.32544350069862293,0.8478469517204661,False,247.4278213495643
2020-10-19 05:00:00,953917.27093,2425355.55669,4.656612873077393e-10,-21.470224383791283,66.4892631093226,-0.8195487422206724,-0.3220244994336231,0.8805452396731026,False,248.54869519378823
2020-10-19 05:30:00,955528.4599,2425301.53973,4.656612873077393e-10,-21.503615158578544,66.48431790411759,-0.9262779807384469,-0.2586262517470024,0.961706002733475,False,254.39972498829928
2020-10-19 06:00:00,957361.05219,2424999.47361,4.656612873077393e-10,-21.543519215036316,66.48073332644267,-0.9930505596225542,-0.1556901908074286,1.005181003342344,False,261.0897157308567
2020-10-19 06:30:00,959059.50418,2424510.10699,9.313225746154785e-10,-21.582184288636675,66.4791844341598,-0.943633752021685,-0.07607066440131999,0.9466949899186016,False,265.39108998564694
2020-10-19 07:00:00,960620.70074,2424004.56139,9.313225746154785e-10,-21.618171450251836,66.47822564175358,-0.8836544093427752,-0.0674927361772154,0.8862281786242278,False,265.63227967893795
2020-10-19 07:30:00,962106.41284,2423563.9904,4.799926683327254e-10,-21.652087315225295,66.47695939808739,-0.8086679042545581,-0.07358059507757786,0.8120085488117903,False,264.80098022782647
2020-10-19 08:00:00,963424.23123,2423176.61516,2.3283064365386963e-10,-21.6821398091834,66.47580022685969,-0.7511242540925227,-0.08553356086785377,0.7559785943535593,False,263.5034818561117
2020-10-19 08:30:00,964732.90635,2422851.09563,9.313225746154785e-10,-21.711499994579164,66.47413907780816,-0.7084265305786286,-0.10798114643874954,0.71660873369915,False,261.3334587746199
2020-10-19 09:00:00,965937.44664,2422594.31611,2.3283064365386963e-10,-21.73817174420887,66.47224008513605,-0.5732083602327334,-0.129827377124033,0.5877269536881943,False,257.23825081581435
2020-10-19 09:30:00,966822.81019,2422520.9689,1.1641532182693481e-10,-21.756833770523457,66.46985931079323,-0.398975080130998,-0.21641227259688361,0.4538891784302465,False,241.52368712053035
2020-10-19 10:00:00,967560.22361,2422785.50793,9.313225746154785e-10,-21.76972176581814,66.46510445671721,-0.24870740355522566,-0.30896967906724104,0.3966328720190698,False,218.83258095322222
2020-10-19 10:30:00,968066.82569,2423221.86974,4.799926683327254e-10,-21.77649852342395,66.45967125780807,-0.09132927312768792,-0.3587263288119427,0.37016971123111336,False,194.2836632285099
2020-10-19 11:00:00,968344.64428,2423862.78978,5.206251464550825e-10,-21.77694237696233,66.45327524442106,0.05534980789065051,-0.45736144367557413,0.46069848208403863,False,173.0996306157661
2020-10-19 11:30:00,968492.6288,2424824.79275,0.0,-21.772126395997102,66.44458899119036,0.125475451772553,-0.5236190724403604,0.5384431465074374,False,166.5242497768972
2020-10-19 12:00:00,968624.34235,2425780.89964,4.656612873077393e-10,-21.767030411286566,66.43600785447259,0.13045393416331272,-0.5077841352619039,0.524273742392622,False,165.59183582974856
2020-10-19 12:30:00,968734.37197,2426696.63253,0.0,-21.76182471592938,66.42784352096885,0.16547316739142837,-0.45224823489253324,0.4815701767032128,False,159.90292563358412
2020-10-19 13:00:00,968674.70719,2427513.82054,2.3283064365386963e-10,-21.753968296227434,66.42109347612912,0.24493135558451,-0.3818979073215198,0.45369304663508103,False,147.32579691868312
2020-10-19 13:30:00,968424.95694,2428300.35158,1.1641532182693481e-10,-21.742495718649117,66.41524885655984,0.37111419990518524,-0.3866845435151656,0.535957727404688,False,136.1770796299116
2020-10-19 14:00:00,967949.41292,2429301.75709,2.3283064365386963e-10,-21.7246900530232,66.40834036425682,0.4514488953886442,-0.45399887540270834,0.6402507977461261,False,135.16135961796908
2020-10-19 14:30:00,967520.14182,2430420.23055,9.385703304198744e-10,-21.706887932451668,66.400276264818,0.40776565392498576,-0.47983248578340476,0.6296920222886364,False,139.64183885018122
2020-10-19 15:00:00,967224.44448,2431449.59713,5.206251464550825e-10,-21.692536463973287,66.3925159748152,0.3238480884232817,-0.42855144852914256,0.5371535426782923,False,142.92235989562732
2020-10-19 15:30:00,967007.10667,2432284.68614,1.1641532182693481e-10,-21.68135916298168,66.38614280734312,0.1438230661879918,-0.29962710974949947,0.3323574570617516,False,154.3586750288964
2020-10-19 16:00:00,967141.81578,2432643.22742,0.0,-21.681199778835868,66.3826345318935,-0.05767482387296238,-0.18852638646588732,0.19715116967104795,False,197.0101505411531
2020-10-19 16:30:00,967450.7854,2432838.65909,0.0,-21.685902912113622,66.37992494737736,-0.13996912573840178,-0.15353755150621326,0.20776220994804523,False,222.35317626712552
2020-10-19 17:00:00,967814.28683,2432970.64588,9.599853366654507e-10,-21.692226864426136,66.37757062334333,-0.20335838400649556,-0.16238877394098922,0.260239786058533,False,231.3914125117719
2020-10-19 17:30:00,968347.11106,2433111.26324,1.1641532182693481e-10,-21.701921912518962,66.37456895352578,-0.23803072964196642,-0.1602144607482565,0.28692734565869027,False,236.05616952177337
2020-10-19 18:00:00,968823.73735,2433189.6698,0.0,-21.710975783180533,66.37228655850554,-0.21452859124356233,-0.13828174604517762,0.25523392750622015,False,237.19481030711412
2020-10-19 18:30:00,969248.78197,2433288.06948,3.4924596548080444e-10,-21.7188178353619,66.37000826929668,-0.19180549481444012,-0.1957127595831836,0.27403071379806543,False,224.42231832380963
2020-10-19 19:00:00,969725.94526,2433588.69861,1.1641532182693481e-10,-21.72608001395077,66.365831621621,-0.16689401821865707,-0.2569075924717939,0.30635783715587034,False,213.00882704503147
2020-10-19 19:30:00,970149.27861,2433924.83334,4.799926683327254e-10,-21.731958722227308,66.36153499364421,-0.08315119061155406,-0.2399220314288643,0.25392262928906506,False,199.11508287447134
2020-10-19 20:00:00,970323.819,2434280.1934,3.4924596548080444e-10,-21.732626839656536,66.35791856283626,0.03951354427860654,-0.2496931375035502,0.25280028302560154,False,171.00760288081386
2020-10-19 20:30:00,970349.97979,2434812.50811,5.206251464550825e-10,-21.728849411016338,66.35329941417163,0.14658727759286125,-0.31995448353926387,0.35193564964203844,False,155.38509711411905
2020-10-19 21:00:00,970260.02735,2435545.55477,4.799926683327254e-10,-21.721092262546918,66.34736536556446,0.21915161522785803,-0.39586072546726103,0.45247446825698945,False,151.03074094759768
2020-10-19 21:30:00,970144.46497,2436428.39957,4.799926683327254e-10,-21.711608309303468,66.34024251730267,0.2526569562615819,-0.4558763256428287,0.5212089425834646,False,151.00378981355863
2020-10-19 22:00:00,970022.10958,2437406.76209,4.799926683327254e-10,-21.70122069736823,66.33232879645227,0.35226666806903306,-0.5316354493940859,0.6377523472986281,False,146.47116913223772
2020-10-19 22:30:00,969673.87782,2438675.56297,4.656612873077393e-10,-21.6839141831325,66.32270620610659,0.4415536933639455,-0.6187065558075006,0.7601101672274362,False,144.485603636201
2020-10-19 23:00:00,969367.97375,2440063.823,2.3283064365386963e-10,-21.666517471747778,66.31192082424039,0.3562818415058997,-0.5014599845543699,0.6151413387962996,False,144.60662202032597
2020-10-19 23:30:00,969148.38908,2440826.82095,1.1641532182693481e-10,-21.655919348254095,66.3061660578386,0.23190283427040587,-0.2623309280042079,0.35013774479509663,False,138.5230365686893
2020-10-20 00:00:00,968940.56043,2441249.64243,1.1641532182693481e-10,-21.648301880074953,66.30326782343852,0.18202167450166745,-0.16645911628796484,0.24665872655100038,False,132.44296711517086
2020-10-20 00:30:00,968760.39986,2441625.54343,4.656612873077393e-10,-21.64162463374632,66.3006752724206,0.17172653974022006,-0.15510560580848995,0.23140387508502977,False,132.0887512208177
2020-10-20 01:00:00,968571.85421,2441996.65957,0.0,-21.634817307792318,66.29815146302437,0.21367103444944574,-0.2074266840035134,0.29779378804701356,False,134.15043779572466
2020-10-20 01:30:00,968320.68711,2442603.27564,0.0,-21.624849272614444,66.2938328009365,0.2781920263053588,-0.27482327486084224,0.39104812479427575,False,134.6509809905853
2020-10-20 02:00:00,968005.45916,2443285.46606,1.1641532182693481e-10,-21.61297946014741,66.2890857923978,0.3050661674340268,-0.30904636693066756,0.434252257824793,False,135.37134145118728
2020-10-20 02:30:00,967709.46019,2444042.14115,4.799926683327254e-10,-21.600906333170226,66.28363825958857,0.25470850406179046,-0.32679192150446956,0.41433003994639167,False,142.06639860010335
2020-10-20 03:00:00,967586.00315,2444716.86113,0.0,-21.592992028510242,66.27830609416652,0.1850749409136456,-0.27670179753786717,0.3328913013505703,False,146.22299381948017
2020-10-20 03:30:00,967456.53354,2445213.55546,1.1641532182693481e-10,-21.586386385937708,66.27451058449661,0.12825993284415507,-0.20416054402206993,0.24110607231792136,False,147.8616981841767
2020-10-20 04:00:00,967427.05278,2445570.16488,1.1641532182693481e-10,-21.58293092845919,66.27157137727214,0.04890572131918815,-0.1402685904291089,0.1485498133244172,False,160.77849848980128
2020-10-20 04:30:00,967478.56808,2445747.88065,1.1641532182693481e-10,-21.582550381204427,66.26988343283655,-0.11478377950173749,-0.13696652687351316,0.17870407247876668,False,219.96444024231738
2020-10-20 05:00:00,967992.67786,2445876.67386,1.1641532182693481e-10,-21.59193150700765,66.26705276300868,-0.226628113635244,-0.11980603764725728,0.25634700807032074,False,242.1370114227547
2020-10-20 05:30:00,968395.89522,2445848.6855,2.3283064365386963e-10,-21.600321898741296,66.26593129004802,-0.1705679154709266,-0.061682585145605026,0.18137848576482815,False,250.11845682921756
2020-10-20 06:00:00,968645.34663,2445857.089,0.0,-21.60530599077206,66.26501811407785,-0.11041715236942712,-0.022641465556738127,0.11271461085382961,False,258.4119111906199
2020-10-20 06:30:00,968795.48203,2445778.10375,4.799926683327254e-10,-21.608979627463786,66.26518442293495,-0.08172404853997207,0.04421877627414775,0.09291996709505898,False,298.4166778719182
2020-10-20 07:00:00,968860.25195,2445600.74177,1.1641532182693481e-10,-21.611713921019895,66.26647684826062,-0.0368233192666966,0.03282370510430469,0.04932902247755804,False,311.7132896549532
2020-10-20 07:30:00,968875.20487,2445619.42005,0.0,-21.611866872553808,66.26626725586816,0.027449038942385554,-0.06658185250405181,0.0720180034556076,False,157.59560166816016
2020-10-20 08:00:00,968856.66584,2445859.98178,9.599853366654507e-10,-21.60956179484779,66.26428039033074,0.04744781682089042,-0.14327600513054303,0.1509281582980332,False,161.67700190877633
2020-10-20 08:30:00,968906.35458,2446161.86778,0.0,-21.608146700405037,66.26154078725342,0.054166962111671095,-0.11645521971580663,0.128436279856838,False,155.05538945056855
2020-10-20 09:00:00,968829.75616,2446321.56866,0.0,-21.605315288933042,66.2604386571042,0.13901563204066517,-0.01970485363034135,0.14040522500341213,False,98.06767946546427
2020-10-20 09:30:00,968467.17914,2446412.09476,2.3283064365386963e-10,-21.597248644890172,66.26089053795499,0.182333019688638,-0.011705926154867714,0.18270839820851276,False,93.67339362185868
2020-10-20 10:00:00,968234.9517,2446602.35866,5.206251464550825e-10,-21.591021857918008,66.26005258830217,0.14882707294384967,-0.05590963350381497,0.1589823410305838,False,110.58961458433441
2020-10-20 10:30:00,968043.05978,2446796.40161,1.1641532182693481e-10,-21.585581924649368,66.25904617455551,0.1452178749528695,-0.06040694913402182,0.15728073852035265,False,112.58607047118738
2020-10-20 11:00:00,967828.83402,2446996.90009,2.3283064365386963e-10,-21.57963854754325,66.25805980509614,0.19847050857406565,-0.00012539687791572607,0.19847054818794968,False,90.03620039553624
2020-10-20 11:30:00,967378.81282,2447059.60802,4.656612873077393e-10,-21.570024236985038,66.2590418280999,0.3003386163420378,0.050781512754370615,0.30460145519001064,False,80.40314585537186
2020-10-20 12:00:00,966756.12472,2447224.38653,9.385703304198744e-10,-21.5560956250402,66.25973466168634,0.32538360489635265,0.020258973053302154,0.3260136750575352,False,86.43725985352057
2020-10-20 12:30:00,966262.56402,2447422.15613,1.1641532182693481e-10,-21.54451777802027,66.2597103702563,0.26794050676391057,-0.03734765682311905,0.2705308903528,False,97.93520931001626
2020-10-20 13:00:00,965908.30592,2447703.6634,2.3283064365386963e-10,-21.535092209102608,66.25850276764977,0.2530935586448473,-0.07862073255987226,0.26502371406303193,False,107.25683275259269
2020-10-20 13:30:00,965518.92482,2448019.88486,5.206251464550825e-10,-21.52467887522189,66.25711667913768,0.22928098485804393,-0.10106394492461121,0.2505667395749073,False,113.78723376091955
2020-10-20 14:00:00,965273.9489,2448344.96505,4.656612873077393e-10,-21.517120800680466,66.25516894757482,0.14719658301182442,-0.07281534065217864,0.16422212970440292,False,116.3207240073441
2020-10-20 14:30:00,965122.0932,2448458.1105,0.0,-21.51314176154419,66.25471471395866,0.09606378067621645,-0.01446693739712995,0.09714701351797024,False,98.5642273586223
2020-10-20 15:00:00,964971.31089,2448520.2385,2.3283064365386963e-10,-21.50959184210083,66.25469170642366,0.10258158071887254,0.06713795935505829,0.12259888371899648,False,56.79591193349569
2020-10-20 15:30:00,964689.89876,2448368.65063,2.3283064365386963e-10,-21.505101637166042,66.25692951140181,0.13281250892294585,0.14544345633078976,0.1969592889808803,False,42.400941547885225
2020-10-20 16:00:00,964334.52845,2448208.36528,5.206251464550825e-10,-21.499181648424496,66.25948969797837,0.14377613522829572,0.22137292115473348,0.26396504935647264,False,33.002708633022905
2020-10-20 16:30:00,963916.2476,2447816.84913,1.1641532182693481e-10,-21.4938306944553,66.26423237455248,0.16630227895076893,0.2745965354061827,0.3210291345677185,False,31.20010775930473
2020-10-20 17:00:00,963415.26996,2447507.92427,2.3283064365386963e-10,-21.48614243134255,66.2685481507592,0.16068494464686345,0.26648687537987165,0.3111830750312311,False,31.08892987033471
2020-10-20 17:30:00,963026.59353,2447136.04371,2.3283064365386963e-10,-21.48123043565255,66.27302346153616,0.16913225244422822,0.2502157305363396,0.3020159443219716,False,34.05655880090842
2020-10-20 18:00:00,962518.82669,2446892.68601,2.3283064365386963e-10,-21.472876419176252,66.27680211820311,0.1670121452785824,0.20656556871874415,0.26563582373364575,False,38.95619053940925
2020-10-20 18:30:00,962194.8656,2446664.11444,1.1641532182693481e-10,-21.46812976613684,66.2798377850371,0.07459432366202481,0.17782604074875566,0.1928377916565449,False,22.757035345147983
2020-10-20 19:00:00,962034.62494,2446395.20778,0.0,-21.467024547509514,66.2826682537219,0.10787359998399727,0.17139973986909132,0.20252057772162224,False,32.1850191741043
2020-10-20 20:30:00,961020.4257,2445799.88821,0.0,-21.45119576771792,66.29114488093705,0.12793132582361466,0.13987053939161023,0.18955260989152284,False,42.44731473259179
2020-10-20 21:00:00,960809.03156,2445794.75627,0.0,-21.446946711240447,66.2918969617078,0.06514437778487413,0.03334300125161942,0.07318159392527533,False,62.8951637687702
2020-10-20 21:30:00,960758.25543,2445773.91473,1.1641532182693481e-10,-21.446082389162562,66.29224482477358,0.0033510445261328257,0.0645565071172772,0.0646434227945828,False,2.971482591685003
2020-10-20 22:00:00,960712.83045,2445582.8548,4.799926683327254e-10,-21.446683724654502,66.29402647322829,0.013528311063595928,0.1174986231605174,0.11827485635100424,False,6.567881789650528
2020-10-20 22:30:00,960558.26381,2445398.01576,0.0,-21.445020203159473,66.29612070574188,0.06487770992291582,0.12242545322029473,0.13855363164145712,False,27.920746939746493
2020-10-20 23:00:00,960334.30519,2445258.02691,4.656612873077393e-10,-21.441590132142853,66.29806483506418,0.09977475720368949,0.11523580846177114,0.15242799522034395,False,40.88703540142103
2020-10-20 23:30:00,960072.28484,2445143.18074,1.1641532182693481e-10,-21.43718632815437,66.299921896227,0.13136738394236824,0.12519279274204637,0.1814679721560104,False,46.378661879950755
2020-10-21 00:00:00,959729.37985,2445011.35662,5.206251464550825e-10,-21.43127481148615,66.30219442485755,0.2013479575351222,0.13683231519377775,0.2434421542889701,False,55.80070377940507
2020-10-21 00:30:00,959217.56375,2444949.49448,0.0,-21.42137442266618,66.30443523850315,0.266884589920001,0.0934266848288988,0.2827647958549393,False,70.70668752493594
2020-10-21 01:00:00,958712.12864,2445049.15643,2.3283064365386963e-10,-21.410315363711632,66.30527611460703,0.2855539082330912,0.017065198424025915,0.2860633767269834,False,86.5799721542698
2020-10-21 01:30:00,958238.08504,2445267.56285,1.1641532182693481e-10,-21.398947964496568,66.30499812583346,0.2970645512269177,-0.03183259906533967,0.29876522883177803,False,96.11631479107643
2020-10-21 02:00:00,957758.23219,2445546.0465,0.0,-21.3869848811584,66.30422603354995,0.318675805100235,-0.06843669551764461,0.3259414825542428,False,102.12037166686383
2020-10-21 02:30:00,957259.69547,2445915.32545,4.799926683327254e-10,-21.373921159071855,66.30274056811044,0.35632304036683915,-0.12012586925189363,0.37602703833606316,False,108.63031479510494
2020-10-21 03:00:00,956721.3042,2446416.26304,0.0,-21.359003481101333,66.30026335194948,0.3635549485995285,-0.1656563803328399,0.39951750524374313,False,114.49671726892683
2020-10-21 03:30:00,956257.99192,2446947.40612,0.0,-21.3453742009091,66.29727631072038,0.3154102477287199,-0.139477712283409,0.34487339212543766,False,113.85551581353815
2020-10-21 04:00:00,955846.48336,2447297.24007,4.656612873077393e-10,-21.334238920486783,66.2956627053438,0.26563757028166557,-0.08063472197326053,0.27760633482118496,False,106.88575335533903
2020-10-21 04:30:00,955472.83575,2447565.70684,4.656612873077393e-10,-21.32451943144105,66.29461655615106,0.24099769419093764,-0.06695738769363703,0.25012632882626473,False,105.52710907352906
2020-10-21 05:00:00,955125.9473,2447837.28322,9.313225746154785e-10,-21.315319725214238,66.29345404090328,0.2573248923917339,-0.06638498138067607,0.26575000658011305,False,104.4658177528471
2020-10-21 05:30:00,954696.70678,2448125.08038,4.799926683327254e-10,-21.304319468981287,66.29242659959421,0.21847147231617545,-0.10972331912852666,0.24447697432800888,False,116.66725765510125
2020-10-21 06:00:00,954536.70962,2448491.04547,5.206251464550825e-10,-21.298170652820236,66.28983491966429,0.1483644153707932,-0.1685033038516216,0.22451138758920264,False,138.6366071817082
2020-10-21 06:30:00,954419.40769,2448884.26331,4.656612873077393e-10,-21.292674637608886,66.28686821303015,0.14767056439121345,-0.1544321153700128,0.21367235161638592,False,136.28215898209214
2020-10-21 07:00:00,954243.27014,2449202.09638,2.3283064365386963e-10,-21.28658155420279,66.2847406222308,0.109300308249286,-0.12467541394363388,0.1658026423957272,False,138.75963774232747
2020-10-21 07:30:00,954215.71198,2449445.32048,2.3283064365386963e-10,-21.284097340930213,66.28275562271264,0.03547564997009463,-0.10629275445316831,0.11205655442695982,False,161.54335300283537
2020-10-21 08:00:00,954263.16935,2449605.00888,2.3283064365386963e-10,-21.283797769037587,66.28123432223293,0.0003980631672080258,-0.055454730428727964,0.05545615909173637,False,179.58872854358083
2020-10-21 08:30:00,954286.84249,2449631.86122,0.0,-21.284066086498818,66.28092631092561,0.0019373495658765558,0.006589455942765611,0.006868351546190039,False,16.383732446947533
2020-10-21 09:00:00,954248.05969,2449585.43654,0.0,-21.283645760575084,66.28145169161213,0.043447714182581414,0.035973982261433994,0.05640772347327318,False,50.37581066861185
2020-10-21 09:30:00,954094.08991,2449567.96305,1.1641532182693481e-10,-21.280657070211,66.28211297059735,0.07564503469626087,0.0652867063741096,0.09992259656042628,False,49.20361835641688
2020-10-21 10:00:00,953909.00439,2449465.26603,9.599853366654507e-10,-21.27771032544886,66.28360533359412,0.06013489001350619,0.10217603791763182,0.11855862567304759,False,30.47859878082801
2020-10-21 10:30:00,953758.87887,2449303.76382,1.1641532182693481e-10,-21.275938459797747,66.28548350808562,0.041244244389597375,0.10565673122202915,0.11342148186209235,False,21.3237237715457
2020-10-21 11:00:00,953632.62597,2449164.7032,0.0,-21.27447376681067,66.28709066266175,0.05860377354145094,0.09002541611819459,0.10741963424137953,False,33.06288812038923
2020-10-21 11:30:00,953444.69041,2449078.30703,4.656612873077393e-10,-21.271339203281084,66.28845316174166,0.07731601292167986,0.11330823430164375,0.13717332763573814,False,34.307720906136296
2020-10-21 12:00:00,953225.26713,2448885.56005,5.206251464550825e-10,-21.268405613123747,66.29082836816934,0.0390828974849159,0.1316645668360758,0.13734275021255368,False,16.53282992997447
2020-10-21 12:30:00,953141.63996,2448687.63414,1.1641532182693481e-10,-21.268271811312434,66.29279640080719,-0.029515649333616636,0.15494042359967372,0.15772668899343367,False,349.2145646217619
2020-10-21 13:00:00,953121.95812,2448327.22113,4.799926683327254e-10,-21.270722857307984,66.29593932478642,-0.0541453830189359,0.21292564917036771,0.21970219520271023,False,345.7325195825006
2020-10-21 13:30:00,953045.20567,2447902.60715,5.206251464550825e-10,-21.272522629344444,66.29982009251368,-0.008653358599102698,0.24902406394352206,0.24917436673540885,False,358.0098248207559
2020-10-21 14:00:00,952825.7384,2447480.51421,9.599853366654507e-10,-21.2714018330939,66.30415371542587,0.0637643395440049,0.264345427325054,0.2719271886831998,False,13.561590777891979
2020-10-21 14:30:00,952486.04975,2447099.07493,9.599853366654507e-10,-21.267514400614264,66.308539749632,0.10615711684885207,0.2595168237810335,0.28038957770048595,False,22.24734862894644
2020-10-21 15:00:00,952130.72167,2446748.49979,1.1641532182693481e-10,-21.263063217801257,66.31271405828788,0.110775431445852,0.23521881739838096,0.25999824666775645,False,25.21791732368257
2020-10-21 15:30:00,951807.31783,2446454.55405,1.1641532182693481e-10,-21.258811713232728,66.3162985672817,0.10339765936918316,0.21450461365346446,0.2381245582497691,False,25.735461618655165
2020-10-21 16:00:00,951503.82831,2446163.79512,5.206251464550825e-10,-21.254938870754334,66.31978955927983,0.08665729585014796,0.22027660671862948,0.2367092528642128,False,21.4747840331749
2020-10-21 16:30:00,951229.09702,2445828.59402,1.041250292910165e-09,-21.252001773005063,66.3235644186641,0.05229490145750107,0.23177563232825393,0.23760197907343217,False,12.714586625771972
2020-10-21 17:00:00,951025.92669,2445454.38483,2.3283064365386963e-10,-21.250828856106256,66.32743465436008,-0.0029906031244846254,0.23287118900094467,0.2328903913298311,False,359.2642305001292
2020-10-21 17:30:00,950935.27486,2445043.36019,4.656612873077393e-10,-21.252237279055983,66.33124556463326,-0.06100122017768022,0.21383626613370238,0.22236703347656867,False,344.0781045673266
2020-10-21 18:00:00,950951.55996,2444657.32525,2.3283064365386963e-10,-21.255625210175307,66.33448786060747,-0.08332962681828775,0.19935140925538983,0.21606668201688345,False,337.31489194938706
2020-10-21 18:30:00,950954.67932,2444265.76221,4.656612873077393e-10,-21.258789799287406,66.33782099207947,-0.08225565562303604,0.2001963068123072,0.21643602783100355,False,337.66346539491735
2020-10-21 19:00:00,950966.21543,2443878.29339,4.799926683327254e-10,-21.262094205864923,66.34109110548515,-0.06531047297181448,0.21107130030205803,0.2209446801599977,False,342.80669075813194
2020-10-21 19:30:00,950898.24243,2443472.3661,1.1641532182693481e-10,-21.263926663537905,66.3447829194287,-0.048195433593071935,0.2067664653314476,0.2123091401821526,False,346.8791379064909
2020-10-21 20:00:00,950857.95409,2443121.68669,1.1641532182693481e-10,-21.265885601166197,66.34791097160972,-0.04759351079771403,0.1783486237177539,0.18458974470990822,False,345.0584223685636
2020-10-21 20:30:00,950825.04123,2442811.8871,0.0,-21.26767117075653,66.35066543462585,-0.07294607120752755,0.16715703252235428,0.18238037949925723,False,336.4239057597672
2020-10-21 21:00:00,950884.39984,2442465.65014,5.206251464550825e-10,-21.271625752712755,66.35342427238923,-0.13520061710608816,0.13091739196882857,0.18819822099527656,False,314.07789203922164
2020-10-21 21:30:00,951107.61978,2442196.11601,4.799926683327254e-10,-21.27831089355896,66.35498336314438,-0.1771507118386236,0.07763808329043857,0.19341676939175706,False,293.66591994268083
2020-10-21 22:00:00,951377.23756,2441973.7709,0.0,-21.285567572838712,66.35598496270161,-0.19223553451554337,0.05717913175503183,0.20055910310613168,False,286.5647461195688
2020-10-21 22:30:00,951677.73297,2441753.08848,2.3283064365386963e-10,-21.293440655171683,66.35686925099039,-0.22938639340990621,0.04090379853539797,0.23300480298961368,False,280.1106176749149
2020-10-21 23:00:00,952093.17977,2441536.6883,4.799926683327254e-10,-21.303621853726565,66.35733392595746,-0.23741052094563894,0.025099433504242444,0.2387336109933278,False,276.03498685003456
2020-10-21 23:30:00,952441.18126,2441358.39171,9.599853366654507e-10,-21.3121268793418,66.35769721033576,-0.18866784279048696,0.003888556366874754,0.1887079112645632,False,271.1807328956477
2020-10-22 00:00:00,952720.84832,2441276.79111,9.385703304198744e-10,-21.318471703409013,66.35746229797023,-0.14701031587803629,-0.046124309372227994,0.15407623077433133,False,252.58081362577417
2020-10-22 00:30:00,952994.57169,2441320.67227,1.1641532182693481e-10,-21.323697725913348,66.35617595658624,-0.14778922230695513,-0.10431189103857347,0.1808939602146457,False,234.78497214266872
2020-10-22 01:00:00,953353.02028,2441433.13634,5.206251464550825e-10,-21.33010315710441,66.35402175912411,-0.18090328753425514,-0.14885098394426188,0.2342703883589992,False,230.55174214203385
2020-10-22 01:30:00,953796.12831,2441582.9425,4.799926683327254e-10,-21.337934115077882,66.35126635436534,-0.17890312616030382,-0.13664887612518775,0.2251205097191424,False,232.62686914797942
2020-10-22 02:00:00,954131.92191,2441657.0007,9.599853366654507e-10,-21.344181289136454,66.34951475563142,-0.15626708051314359,-0.12280260675794939,0.19874576895785442,False,231.83793839619594
2020-10-22 02:30:00,954481.01126,2441789.95409,2.3283064365386963e-10,-21.35022957879491,66.34721594926948,-0.15043918226729935,-0.14675827263262795,0.2101664534300526,False,225.70959491890255
2020-10-22 03:00:00,954828.68347,2441951.90022,1.1641532182693481e-10,-21.356017152295642,66.34467419977933,-0.16826277745257287,-0.13714629270484704,0.21707479788943176,False,230.81748429447185
2020-10-22 03:30:00,955224.96056,2442029.18967,0.0,-21.36346635516497,66.34269231720327,-0.19007962856133512,-0.09413855052592551,0.21211395967530605,False,243.65269539453337
2020-10-22 04:00:00,955589.4067,2442018.23866,0.0,-21.37096923389889,66.34156917585724,-0.14181148909307872,-0.07561607948265169,0.16071182257420605,False,241.93277100551563
2020-10-22 04:30:00,955799.57632,2442096.65348,0.0,-21.374620982907516,66.34019838158622,-0.11328024931592341,-0.1359257358377881,0.1769412912469046,False,219.80776086901315
2020-10-22 05:00:00,956147.50972,2442325.28191,0.0,-21.379878552596868,66.33708578070313,-0.17083343816692148,-0.230810205185557,0.2871539907675502,False,216.506876163039
2020-10-22 05:30:00,956675.16529,2442646.19151,0.0,-21.3880548943314,66.33258520429334,-0.2596388581627395,-0.2663164354930477,0.3719365274906107,False,224.27260653525948
2020-10-22 06:00:00,957367.47413,2442877.12565,0.0,-21.400292717478408,66.32830124380482,-0.3254646164231364,-0.22450834090765137,0.39538741972977026,False,235.40174852337
2020-10-22 06:30:00,958060.96393,2442971.17556,0.0,-21.41364132697289,66.32517981793457,-0.37657152473963057,-0.21211097578252153,0.432200392517341,False,240.60879763932647
2020-10-22 07:00:00,958908.33811,2443093.06462,1.1641532182693481e-10,-21.429891677369337,66.32130451122194,-0.43959004178395,-0.23644847894218565,0.49914655966929006,False,241.72490023566235
2020-10-22 07:30:00,959845.08264,2443185.34671,1.1641532182693481e-10,-21.448188714876736,66.31738032165585,-0.4788168882939496,-0.21282299146843534,0.5239840056844047,False,246.03596367684506
2020-10-22 08:00:00,960792.86232,2443175.86697,9.946529457016767e-10,-21.467516661195578,66.31428436899554,-0.5187696675393788,-0.18677784793863741,0.5513691435322677,False,250.19909313771
2020-10-22 08:30:00,961829.17189,2443127.61758,4.799926683327254e-10,-21.488947122196475,66.31121906852611,-0.5695985210423856,-0.18419886693646043,0.5986415436255229,False,252.0796391045858
2020-10-22 09:00:00,962943.79313,2443041.7258,1.1641532182693481e-10,-21.512262939423362,66.30820815297582,-0.5945357555851813,-0.16237624397404693,0.6163106434878126,False,254.72424104552877
2020-10-22 09:30:00,964034.75973,2442886.59217,1.1641532182693481e-10,-21.535647398721252,66.30586295339408,-0.6233908807057259,-0.14100685375598498,0.6391393611359124,False,257.2545554500058
2020-10-22 10:00:00,965217.66965,2442690.10924,1.1641532182693481e-10,-21.561224147506532,66.30355651745113,-0.6716696062369888,-0.11584376708944161,0.6815862662319601,False,260.2143901556103
2020-10-22 10:30:00,966436.83032,2442385.84035,1.1641532182693481e-10,-21.588396295587927,66.30204141610199,-0.6528538338206729,-0.08950453673746964,0.6589606895945613,False,262.19356625548704
2020-10-22 11:00:00,967521.62921,2442124.97151,4.656612873077393e-10,-21.612491691244994,66.3006046833183,-0.602662997023242,-0.06358824084913126,0.6060083764729026,False,263.9768871574039
2020-10-22 11:30:00,968538.20354,2441799.54629,9.313225746154785e-10,-21.635720159260245,66.29994402919338,-0.5847302964936559,-0.08404261023805382,0.5907390963641937,False,261.8209576652904
2020-10-22 12:00:00,969589.90494,2441630.07613,4.656612873077393e-10,-21.65840400738436,66.29783251521641,-0.5576898394706664,-0.21221744649852645,0.5967027749618503,False,249.16670262422446
2020-10-22 12:30:00,970686.11079,2441768.61251,2.3283064365386963e-10,-21.679504444630908,66.29294396435114,-0.5172170190812857,-0.26815633614811196,0.582598717337852,False,242.5950670067814
2020-10-22 13:00:00,971676.79744,2441839.31115,4.656612873077393e-10,-21.699005730353857,66.28898715140473,-0.4674474142211428,-0.19288286784902506,0.5056786388327048,False,247.577483137041
2020-10-22 13:30:00,972506.40875,2441791.59982,4.656612873077393e-10,-21.716193718095006,66.28658165424268,-0.42295151451927804,-0.12961138299519884,0.44236534022918117,False,252.96257780964692
2020-10-22 14:00:00,973264.00589,2441709.41089,4.656612873077393e-10,-21.732198397453626,66.28471178428478,-0.3872121631186796,-0.11097082681358439,0.4027999300778707,False,254.00826885776925
2020-10-22 14:30:00,973949.2166,2441646.55919,4.799926683327254e-10,-21.74657898904429,66.28292120802362,-0.3852637438877777,-0.09238775891256873,0.3961863833491935,False,256.5148894742596
2020-10-22 15:00:00,974675.47595,2441504.469,4.799926683327254e-10,-21.762428594092505,66.2816639898884,-0.4712166187911243,-0.12643044986951602,0.48788293726994386,False,254.98090448326934
2020-10-22 15:30:00,975693.44477,2441440.32198,1.1641532182693481e-10,-21.78354963137118,66.27874986249051,-0.5294862759345917,-0.2160071458120975,0.5718520817877394,False,247.80669779489864
2020-10-22 16:00:00,976734.0908,2441519.1915,2.3283064365386963e-10,-21.803966850704768,66.27453851287636,-0.5272555520350629,-0.20910981983048757,0.567208369033231,False,248.36669790321002
2020-10-22 16:30:00,977735.38584,2441434.23971,5.206251464550825e-10,-21.824907901403755,66.27185168789633,-0.5333502796248012,-0.1362218372394144,0.5504715339749505,False,255.6725100562549
2020-10-22 17:00:00,978698.84628,2441260.61661,3.4924596548080444e-10,-21.845798051776622,66.27004482099454,-0.5508916296806219,-0.05638308402346631,0.5537694825612628,False,264.1561955528417
2020-10-22 17:30:00,979651.70933,2440884.67063,1.1641532182693481e-10,-21.86811237216508,66.26999148617308,-0.5748473075029223,0.020191842854085817,0.5752018232422456,False,272.0117201788403
2020-10-22 18:00:00,980592.31141,2440422.34559,3.4924596548080444e-10,-21.8908803276737,66.27071083898002,-0.5678861612964099,0.023555714701791547,0.5683744926429091,False,272.37524679814896
2020-10-22 18:30:00,981517.07295,2440043.75392,1.1641532182693481e-10,-21.912648703530756,66.27076871079724,-0.5608660469715783,-0.0072013644856271375,0.5609122768276511,False,269.26437850487116
2020-10-22 19:00:00,982475.23076,2439692.87771,4.656612873077393e-10,-21.934866508772483,66.27047320628381,-0.6169160849473251,0.03104314437709388,0.6176966348293896,False,272.88068709639606
2020-10-22 19:30:00,983535.45161,2439110.46707,5.820766091346741e-10,-21.961032103456745,66.27179206611775,-0.6745871479246739,-0.06174091841743165,0.6774066438648013,False,264.77062976110585
2020-10-22 20:00:00,984810.65031,2438990.81131,1.1641532182693481e-10,-21.987768803002766,66.2684363683197,-0.602115523615837,-0.20678559729075527,0.6366344218042784,False,251.04590042367457
2020-10-22 20:30:00,985824.1237,2438989.1742,1.1641532182693481e-10,-22.008249851621226,66.264971633878,-0.5524790614984728,-0.19410630446726457,0.5855854940383785,False,250.64174065937115
2020-10-22 21:00:00,986916.5037,2438893.34385,1.1641532182693481e-10,-22.03108729039406,66.26203270651342,-0.6246113746175563,-0.1877712182733445,0.6522249609708979,False,253.26812506602764
2020-10-22 21:30:00,988162.09809,2438772.31929,1.1641532182693481e-10,-22.057217156564217,66.25877669921017,-0.5403468194066198,-0.2006010169706035,0.5763813436020379,False,249.6328116275435
2020-10-22 22:00:00,988990.57394,2438832.14815,2.3283064365386963e-10,-22.073444745776545,66.25541662414751,-0.20918755501558112,-0.10311475449871142,0.23322110918338054,False,243.7599440841906
2020-10-22 22:30:00,988999.47502,2438833.32182,0.0,-22.07361472581936,66.2553760049715,-0.0016526311581160948,-0.0016359233251254349,0.002325389186881543,False,225.2910944865016
2020-10-22 23:00:00,988998.30052,2438835.37,0.0,-22.07357427268064,66.25536265645762,0.0014509852570960093,-0.0023260434583189343,0.002741502578203836,False,148.04409677555043
2020-10-22 23:30:00,988997.78118,2438843.04479,1.1641532182693481e-10,-22.073501003653288,66.25529927065382,-0.001079987231237129,-0.0009507774803097522,0.0014388711675127142,False,228.64060272232112
2020-10-23 00:00:00,989003.18977,2438837.08084,0.0,-22.073658917491773,66.25533129100151,-0.001247152350346462,-0.0015774076366482045,0.0020108714123809055,False,218.3311006126889
2020-10-23 00:30:00,989004.07587,2438846.61998,1.1641532182693481e-10,-22.073598750266417,66.25524723331556,-0.0026329359595309776,0.006304646218168827,0.0068323433537302415,False,337.33368943936136
2020-10-23 01:00:00,989003.44421,2438812.48572,3.4924596548080444e-10,-22.073865278357964,66.25553927592495,-0.004350019275790691,0.0006083355960896522,0.004392350156490294,False,277.9609924566664
2020-10-23 01:30:00,989017.76505,2438838.70542,0.0,-22.0739396855548,66.25526730206164,-0.0012097708901692857,-0.008495760813677096,0.008581462428392512,False,188.10426398100128
2020-10-23 02:00:00,989018.97398,2438839.1919,5.820766091346741e-10,-22.073960095748216,66.25525900765741,0.00012137711915101765,-0.00020735474450438035,0.00024026734093895739,False,149.65701204498697
2020-10-23 02:30:00,989017.64065,2438839.56139,4.656612873077393e-10,-22.07393017255483,66.25526046159254,0.00013223717487286798,-0.0005734680678565083,0.0005885170305687291,False,167.01502224125898
2020-10-23 03:00:00,989019.30866,2438841.28396,9.385703304198744e-10,-22.073949731564234,66.25524008940543,0.0002459031337775414,-1.2399622269285268e-05,0.00024621555969117057,False,92.88668463904287
2020-10-23 04:00:00,989016.43527,2438840.12246,5.206251464550825e-10,-22.073901263344055,66.25525984800487,0.00040981766725178435,-0.00012228417901653224,0.0004276727029276495,False,106.61440845196864
2020-10-23 05:30:00,989016.30425,2438843.68994,0.0,-22.07386943237143,66.25523000426637,-0.00011501861414850027,-0.0003054167548709627,0.000326356669545072,False,200.63615452032712
2020-10-23 06:00:00,989018.02909,2438841.84906,0.0,-22.073919292609965,66.25523969708948,-0.0010228519897136253,0.0009016898592142923,0.001363550803993387,False,311.3976211688207
2020-10-23 06:30:00,989018.49672,2438839.29799,2.3283064365386963e-10,-22.07394959895607,66.2552597503012,-0.000433751772600921,0.0004119381836511102,0.0005981919987631204,False,313.5224496221558
2020-10-23 07:30:00,989019.3637,2438838.90742,1.1641532182693481e-10,-22.073970285923085,66.25526008135915,0.00019038108012338077,1.6935900170422346e-06,0.00019038861288451828,False,89.49032224934325
2020-10-23 08:30:00,989017.22187,2438839.80182,0.0,-22.07391975649015,66.25525986203375,-0.00019000488176479385,0.0001541729963405527,0.0002446858555271991,False,309.0564268474786
2020-10-23 09:30:00,989020.2143,2438837.36463,0.0,-22.074000069453483,66.2552702534327,-0.0004326431507839603,-0.0003831380487647803,0.0005779055808101837,False,228.47269498763936
2020-10-23 10:00:00,989020.16441,2438840.84113,4.656612873077393e-10,-22.07397061951829,66.25524090292663,0.00038301277214338565,-0.0012284173059920376,0.001286743121716878,False,162.68285063151666
2020-10-23 10:30:00,989020.59844,2438841.98095,4.656612873077393e-10,-22.0739700505826,66.25522972892942,0.0005022432800030817,0.000862949334048109,0.0009984637526932706,False,30.199740819703834
2020-10-23 11:00:00,989017.32139,2438838.64171,0.0,-22.073931255881067,66.25526937093059,0.0016505376233262616,0.0018291959186708773,0.0024637841128836145,False,42.0608709448116
2020-10-23 11:30:00,989012.61735,2438838.11153,4.656612873077393e-10,-22.07384068862807,66.25529007261706,2.3953292522724636e-05,-0.0007846379734641288,0.0007850035093071712,False,178.25142739789715
2020-10-23 12:30:00,989018.79381,2438842.61679,0.0,-22.073928439707828,66.25523054406169,-0.00044699803693738527,-0.0007594569923580531,0.0008812389961113931,False,210.48003869038226
2020-10-23 13:30:00,989017.65475,2438841.96933,4.656612873077393e-10,-22.07391075623834,66.25523996488562,0.0005779147694104801,0.00018815099479963963,0.0006077715669121602,False,71.9663690069907
2020-10-23 14:00:00,989015.52,2438842.84803,4.799926683327254e-10,-22.07386049813898,66.25523985448056,0.0006541583090738319,0.0005987047530659249,0.0008867753236722732,False,47.534341078726584
2020-10-23 14:30:00,989014.66242,2438840.85698,4.656612873077393e-10,-22.073859486224695,66.25525971568685,-0.0004972967721245427,0.0009068780052517208,0.0010342783938451143,False,331.2613424890045
2020-10-23 15:00:00,989015.95214,2438839.14979,4.656612873077393e-10,-22.073899474093047,66.25526977165597,-0.00014809269456640437,3.0915319793863894e-05,0.00015128517171849725,False,281.79152674602426
2020-10-23 15:30:00,989015.11465,2438840.55349,4.799926683327254e-10,-22.073871093078363,66.25526073556146,0.001387157012170138,-0.0021071195748261873,0.002522728181756504,False,146.6423274865515
2020-10-23 16:00:00,989014.17511,2438848.05606,4.799926683327254e-10,-22.073790755005845,66.25520025944019,0.0012875628025185387,-0.0009448994798481609,0.0015970763906108935,False,126.27370572545033
2020-10-23 16:30:00,989012.09752,2438845.44771,2.3283064365386963e-10,-22.07377017958399,66.25522956410366,0.00026790180611581556,-0.00020043655225567838,0.0003345836056955859,False,126.80279665868301
2020-10-23 17:30:00,989013.24123,2438849.60274,9.313225746154785e-10,-22.07375925963792,66.25519034107741,-0.00025988675553709613,-0.0008111038276895178,0.0008517221054993145,False,197.76604095504035
2020-10-23 18:00:00,989015.04403,2438848.97923,4.656612873077393e-10,-22.07380073265015,66.25518942759274,0.0002449276785945018,0.0005942583101752022,0.0006427538463159738,False,22.399347118047046
2020-10-23 18:30:00,989011.62016,2438847.95158,1.1641532182693481e-10,-22.073740063288184,66.25520994517949,-0.00010684155609513903,0.0003214528380337523,0.00033874333231634915,False,341.61469661439827
2020-10-23 19:00:00,989014.96558,2438847.76228,1.1641532182693481e-10,-22.07380910642805,66.25520003206246,-0.0011439676030711868,-4.987044627836066e-07,0.0011439677117744966,False,269.97502231789167
2020-10-23 19:30:00,989015.43725,2438846.40559,2.3283064365386963e-10,-22.073829722258832,66.25520992874357,-0.0005258375988328654,6.3405633437924015e-06,0.000525875824781697,False,270.6908405082247
2020-10-23 20:00:00,989016.71126,2438847.02973,0.0,-22.0738503191674,66.2552002412326,0.00025333883918560716,-0.0006040343829023957,0.0006550100023420931,False,157.2462730683659
2020-10-23 20:30:00,989015.40927,2438848.76346,4.799926683327254e-10,-22.07380986674784,66.25519000212496,-0.0003530015738749176,-2.11502058884052e-05,0.00035363461703754467,False,266.57120347782484
2020-10-23 21:00:00,989017.91753,2438846.62272,4.799926683327254e-10,-22.07387798580996,66.25519954349308,-0.0010301521210512182,0.0006069328948539125,0.0011956508400708268,False,300.5052405256265
2020-10-23 21:30:00,989018.02487,2438845.34498,1.1641532182693481e-10,-22.073890605323232,66.25521002437519,-6.672897959388724e-06,0.000306338604627018,0.0003064112730498094,False,358.7521375646584
2020-10-23 22:00:00,989017.52535,2438845.59171,2.3283064365386963e-10,-22.073878508796046,66.25520964936011,-0.001521368410444718,0.000908396874680654,0.0017719330467680398,False,300.8410865888218
2020-10-23 22:30:00,989021.87138,2438840.25622,0.0,-22.074009843413943,66.2552399916017,7.856666471732649e-05,-0.0002692284438136714,0.0002804579750392847,False,163.73161662866647
2020-10-23 23:00:00,989017.62748,2438846.59618,4.656612873077393e-10,-22.07387235114936,66.25520076772175,0.0014525499110915063,-0.0016206645464401366,0.002176339775012155,False,138.13114116966176
2020-10-24 00:00:00,989017.89142,2438851.31402,4.656612873077393e-10,-22.073839076941884,66.25515979501436,0.00018927182128417936,-0.00043026129576483654,0.00047005170456606844,False,156.25531962639502
2020-10-24 00:30:00,989017.55347,2438849.13338,4.656612873077393e-10,-22.073850099753095,66.25517947675779,-0.0004992645503261136,0.001809227771227454,0.0018768511447083375,False,344.57291725009736
2020-10-24 01:00:00,989017.10935,2438844.60277,4.656612873077393e-10,-22.073878207011788,66.25521947999916,-0.0019141183253262365,0.0015388939258196314,0.002456021880658695,False,308.79824153777906
2020-10-24 01:30:00,989021.85725,2438841.40986,0.0,-22.074000119696986,66.25523024359293,0.00020741741391341816,-0.0005797416910796356,0.0006157291709594454,False,160.31403149633337
2020-10-24 02:00:00,989017.20171,2438846.81747,1.1641532182693481e-10,-22.07386195068263,66.25520035476644,0.0008532189087151545,-0.0004120731689199852,0.0009475161226769907,False,115.7788239319292
2020-10-24 03:00:00,989018.42382,2438845.20341,4.799926683327254e-10,-22.073899812462233,66.25520985270917,-0.00031642391121741015,4.978026863772754e-06,0.0003164630663151388,False,270.9013111598056
2020-10-24 03:30:00,989018.77505,2438846.15043,0.0,-22.07389915046545,66.25520060110343,-0.001023754978691826,-0.0015120846899075143,0.001826054316237336,False,214.09991371320172
2020-10-24 04:00:00,989023.88487,2438848.86288,2.3283064365386963e-10,-22.073980049547306,66.2551599702117,0.0003271118748169723,0.00023493090711884564,0.0004027340434653597,False,54.31418972174032
2020-10-24 04:30:00,989017.36593,2438845.80922,1.1641532182693481e-10,-22.073873512902175,66.25520835126959,0.0003861130832723172,0.0006105541404088377,0.0007223985544312988,False,32.30916966226914
2020-10-24 06:00:00,989019.65661,2438845.83385,0.0,-22.07391952617962,66.2552002536387,-6.96265257006815e-05,0.00011408356570005517,0.00013365220927461869,False,328.60379823846915
2020-10-24 07:30:00,989017.59975,2438844.38484,0.0,-22.073889883917147,66.25521964185228,-5.417594486633359e-05,0.00048703946142334174,0.0004900433348038709,False,353.6527837778566
2020-10-24 08:30:00,989018.46118,2438841.58856,0.0,-22.073930141401984,66.25524042124609,-0.00025326779693084147,-0.00019328148118481786,0.0003185942685159277,False,232.65091365444275
2020-10-24 09:00:00,989019.25938,2438844.83809,0.0,-22.07391965889801,66.25521007755447,-0.00025858112847688866,-0.0006131859808292183,0.0006654782093276021,False,202.86520044767056
2020-10-24 09:30:00,989020.15341,2438843.28439,0.0,-22.07395040781296,66.25522019272613,0.0008453350287254533,-0.0011627087214470043,0.0014375266542639097,False,143.98137214190893
2020-10-24 10:00:00,989018.01226,2438849.86067,4.799926683327254e-10,-22.07385340554224,66.2551717206862,0.00247532192459422,-0.002938662750937815,0.003842259412653737,False,139.89158073582024
2020-10-24 13:00:00,989016.76208,2438845.90919,0.0,-22.07386051222838,66.25520958181825,0.0002782048610172428,4.0531903034593075e-05,0.00028114192120213773,False,81.71084880936559
2020-10-24 13:30:00,989016.2706,2438846.02977,1.1641532182693481e-10,-22.073849610013216,66.25521025037541,-0.0007456515142923593,-0.0008855346474913536,0.001157656163406961,False,220.09856517501123
2020-10-24 14:00:00,989020.44769,2438847.85466,4.799926683327254e-10,-22.073918952913186,66.25518036871661,-0.0017695057048011768,-0.0018116032866472985,0.002532401411213318,False,224.32649280532942
2020-10-24 16:30:00,989018.40769,2438846.32794,4.656612873077393e-10,-22.073890286616997,66.2552003587807,0.000261941587180771,-0.0018204389244653924,0.0018391876665537685,False,171.81195349619372
2020-10-24 17:00:00,989019.20218,2438849.54173,2.3283064365386963e-10,-22.0738800217396,66.2551703313629,-0.00012481697305715087,-7.879875757210474e-06,0.0001250654596805153,False,266.3876287391711
2020-10-24 18:30:00,989019.26182,2438846.04279,1.1641532182693481e-10,-22.073909851780392,66.25519983887614,-8.611052328906335e-05,0.00019877347991083215,0.00021662391035381646,False,336.57728978010925
2020-10-24 20:00:00,989019.25725,2438847.20284,9.313225746154785e-10,-22.073900268550418,66.2551900035039,0.00020365452597177736,-0.00011460808129428954,0.00023368820733350628,False,119.36895330072235
2020-10-24 21:00:00,989017.95091,2438847.68746,4.656612873077393e-10,-22.07386994802341,66.25519038679926,0.00025505350308003535,-0.0003976160476404585,0.0004723884109232751,False,147.32158325699726
2020-10-24 21:30:00,989018.78781,2438849.71017,4.799926683327254e-10,-22.073870283676964,66.2551703279505,-0.00010765557478204977,-0.0009254719117521274,0.0009317123924386704,False,186.6351144411414
2020-10-24 22:00:00,989019.56212,2438850.6293,2.3283064365386963e-10,-22.073878385559986,66.25515985621482,-0.0019013670690553005,0.00028704484723269565,0.001922912238145773,False,278.5849780670568
2020-10-24 22:30:00,989024.74266,2438846.18022,4.799926683327254e-10,-22.074019303978933,66.2551797972596,-0.0008064927784926926,0.0006124306321841284,0.001012670667590562,False,307.2121362409704
2020-10-24 23:00:00,989021.42412,2438847.49506,0.0,-22.073941594594558,66.2551800598665,0.001647471022887979,5.211867332882247e-06,0.0016474792668852193,False,89.81874218046016
2020-10-24 23:30:00,989019.23945,2438848.39168,0.0,-22.07389018286435,66.25517996920745,0.0003897347249997139,0.0001498633547936082,0.00041755500353917146,False,68.96692233284097
2020-10-25 01:00:00,989018.41822,2438847.54967,1.1641532182693481e-10,-22.073880503400765,66.25518994762207,0.0002561375108091086,0.0001533458009879161,0.00029853200686712265,False,59.091656581456505
2020-10-25 01:30:00,989017.11552,2438848.06157,0.0,-22.073850033118283,66.25519008671684,1.3838777351952907e-05,-0.00029771035383682927,0.0002980318213551147,False,177.33857700224837
2020-10-25 02:00:00,989018.77482,2438848.56159,5.206251464550825e-10,-22.07387941876933,66.25518012639408,-0.0006379394280671509,-0.0003098688404687237,0.0007092146446429846,False,244.09258023264601
2020-10-25 02:30:00,989019.66298,2438848.23227,9.313225746154785e-10,-22.07390003185537,66.25517986439141,-8.447158095119333e-05,0.0002076402605167299,0.00022416495215766774,False,337.86267415642214
2020-10-25 03:30:00,989018.77616,2438847.3511,5.206251464550825e-10,-22.07388934949918,66.25519040122623,-0.0005774026217390726,-0.0007608990778432517,0.0009551760017158436,False,217.1927751036162
2020-10-25 04:30:00,989025.57437,2438851.74685,3.4924596548080444e-10,-22.073990539907506,66.25512966143827,-0.00018479463496315915,-0.00022431684863761698,0.0002906322516409334,False,219.48206430159544
2020-10-25 05:00:00,989020.15612,2438848.09861,1.1641532182693481e-10,-22.073911074560975,66.25517930118853,0.0006905260553617578,0.0012249415680638716,0.0014061678698876056,False,29.410896415344155
2020-10-25 06:00:00,989019.63304,2438847.01833,9.313225746154785e-10,-22.073909359742373,66.25519027623916,-0.0001569563375615021,1.95323549910789e-05,0.00015816701550012797,False,277.0936767961791
2020-10-25 06:30:00,989020.90192,2438847.68235,4.799926683327254e-10,-22.07392952682264,66.2551802677224,-0.0007674018956053922,-0.0009136784286987699,0.0011931948459695098,False,220.0270242378978
2020-10-25 07:00:00,989023.42929,2438849.02826,2.3283064365386963e-10,-22.073969505108924,66.25516013470825,-0.001020175008536185,-0.0012205822343053217,0.0015907790666033976,False,219.8892196509249
2020-10-25 09:00:00,989016.80059,2438839.94061,4.799926683327254e-10,-22.073910121565117,66.25526013420719,0.00016883344415890403,0.00030698625018501504,0.0003503502385745076,False,28.80950502665314
2020-10-25 10:00:00,989020.49359,2438846.64107,1.1641532182693481e-10,-22.07392980802642,66.25519051641835,0.0001584145481885069,-0.0005323326657737742,0.0005554036695301729,False,163.42775149879935
2020-10-25 13:00:00,989017.56738,2438847.90158,9.599853366654507e-10,-22.07386045842052,66.25518988926845,0.00014471487335417942,-5.733798658151319e-05,0.00015566001180501683,False,111.61413940609589
2020-10-25 15:30:00,989018.26491,2438848.76995,4.656612873077393e-10,-22.073867426563933,66.25518011299523,-0.0002248775160152177,-1.5533578365288444e-06,0.000224882880917474,False,269.6042315204352
2020-10-25 16:30:00,989020.2005,2438846.8549,4.656612873077393e-10,-22.073922145433166,66.25518970990348,0.0012343480930236022,0.0006011783770267748,0.0013729641858969046,False,64.03200981616732
2020-10-25 17:00:00,989010.86802,2438848.26645,4.799926683327254e-10,-22.073722312624007,66.25520986145503,-4.2418069800832485e-05,-0.0003006577336169435,0.0003036352506368542,False,188.03052985055848
2020-10-25 18:30:00,989021.29703,2438848.74619,5.206251464550825e-10,-22.073928794327973,66.2551698729735,-0.0011116301173390386,-0.00011676461942525728,0.0011177457197970968,False,264.0036916136209
2020-10-25 19:30:00,989020.53427,2438845.48052,4.656612873077393e-10,-22.073940123883478,66.2552002316813,6.635795531872274e-05,9.324714637381992e-06,6.700991372289782e-05,False,82.00109039074846
2020-10-25 20:00:00,989020.94604,2438848.83419,1.1641532182693481e-10,-22.073920993089096,66.25517033439503,0.0013860202799797169,-0.0009289741205218232,0.0016685458139093297,False,123.8317998061176
2020-10-25 20:30:00,989017.16714,2438850.45482,5.206251464550825e-10,-22.07383149408376,66.25516958553455,-0.0012619419503042888,0.0013484354314188928,0.0018468285244287428,False,316.89777119487974
2020-10-25 22:00:00,989025.71747,2438836.42258,4.656612873077393e-10,-22.074118804349606,66.25525930174467,-0.0005057238786315403,0.0009677820059479652,0.00109195176287911,False,332.41024521450913
2020-10-26 00:00:00,989018.48958,2438836.75993,4.656612873077393e-10,-22.073970220333432,66.25528132800785,-0.00024204792237766297,-0.006652859518358998,0.006657261221234094,False,182.08364690285453
2020-10-26 00:30:00,989023.39363,2438847.69356,1.1641532182693481e-10,-22.073979705625224,66.25517159173964,-0.00024204682099960998,-0.006652859558429838,0.006657261221234095,False,182.08363741756273
2020-10-26 05:00:00,989018.85604,2438845.00153,0.0,-22.073910184258988,66.25521007862041,0.0001907122254054259,-9.040238014758844e-06,0.00019092637015994798,False,92.71393219740236
2020-10-26 06:30:00,989019.64958,2438849.42259,0.0,-22.07389002283543,66.25516980237421,5.3009436797960845e-05,0.0002384398055305727,0.0002442612152002326,False,12.534031552768397
2020-10-26 07:30:00,989017.60747,2438843.19216,2.3283064365386963e-10,-22.073899797671384,66.25522974346988,-0.00031728606020677984,0.0007643348547617094,0.0008275736911025771,False,337.4559805889562
2020-10-26 08:30:00,989019.69847,2438843.46426,1.1641532182693481e-10,-22.073939757708914,66.25522023196778,-0.00019573695871783479,-0.00044988374236381787,0.0004906203610240625,False,203.51305936064512
2020-10-26 09:30:00,989020.13076,2438845.66427,2.3283064365386963e-10,-22.073930479650667,66.25520006086222,0.0006949040973838513,-0.00030697091744425864,0.0007596860198249241,False,113.83323991490028
2020-10-26 10:30:00,989015.8925,2438847.3927,4.656612873077393e-10,-22.07383083090951,66.25519997847891,0.0012714285854740059,-2.4983868870749777e-06,0.0012714310401659497,False,90.11258740098401
2020-10-26 15:30:00,989017.96412,2438844.23633,1.1641532182693481e-10,-22.073898450183236,66.25521964820462,-0.00017090139948572585,-8.439942586502429e-05,0.00019060574868698317,False,243.71759900249643
2020-10-26 21:00:00,989023.07797,2438847.92144,0.0,-22.07397147273307,66.25517074364058,0.001689339471234941,-0.0015626863979566524,0.002301272827682778,False,132.76969149432483
2020-10-26 22:00:00,989019.55628,2438855.42024,0.0,-22.073839070497314,66.25511919178852,0.00020769294906335575,0.0003650160768965951,0.00041996797197359556,False,29.639734075166075
2020-10-26 22:30:00,989021.2979,2438846.51631,0.0,-22.073947055812436,66.25518880604818,-0.0018053432831147298,0.0018576072820688876,0.0025903608212530607,False,315.81745667081833
2020-10-26 23:00:00,989023.06598,2438846.78061,1.1641532182693481e-10,-22.07398056463442,66.2551804728209,-0.00014987554048985982,-0.0005812491071595086,0.0006002609450987575,False,194.45881241456962
2020-10-26 23:30:00,989022.58427,2438848.25266,4.656612873077393e-10,-22.07395880238171,66.25516963110381,-0.0013933273393662814,0.0005989504895781207,0.0015166089685846483,False,293.2614484342573
2020-10-27 00:00:00,989026.90397,2438842.89742,4.656612873077393e-10,-22.074089767259466,66.25520023166057,0.00020190599400170034,-0.001166060331143742,0.0011834114780079107,False,170.17650787892632
2020-10-27 00:30:00,989023.48825,2438852.41593,9.946529457016767e-10,-22.07394297817004,66.25513116368049,0.0037457942924845147,-0.0041873124475267035,0.005618234635080813,False,138.18551821993526
2020-10-27 02:30:00,989017.9354,2438848.98114,0.0,-22.073859050797292,66.25517945431599,-0.00025155175124958704,0.00016755711003757365,0.00030224769425237587,False,303.66734560812233
2020-10-27 07:30:00,989027.7759,2438846.12075,0.0,-22.074080986439572,66.25516985656027,0.0012037448151235451,1.4015603664947545e-05,0.001203826406539959,False,89.3329162113248
2020-10-27 09:00:00,989021.72371,2438848.49343,0.0,-22.073939470616274,66.25517055003219,0.0007046645566512159,-0.0005987845310206714,0.0009247134972466337,False,130.35602258529423
2020-10-27 09:30:00,989024.69439,2438852.02265,4.656612873077393e-10,-22.073970529774943,66.25513034977503,0.0007420678363212634,-0.0009403751341345239,0.001197902361046611,False,141.7223599408315
2020-10-27 10:00:00,989020.52031,2438852.63457,9.385703304198744e-10,-22.073881310928638,66.2551395277756,0.0019036470484905278,0.0009039299049226552,0.002107358858438728,False,64.59970949993033
2020-10-27 10:30:00,989017.12068,2438851.58245,1.1641532182693481e-10,-22.07382133100742,66.25516016972327,0.001680238334685976,-0.0005714161639504218,0.0017747442896857328,False,108.7821635536124
2020-10-27 11:00:00,989015.68789,2438856.81405,1.1641532182693481e-10,-22.07374962194087,66.2551206772023,-0.0014874305397377299,-1.9205999010660983e-05,0.0014875545304097165,False,269.2602266086272
2020-10-27 12:30:00,989027.09715,2438847.68597,2.3283064365386963e-10,-22.07405448657306,66.25515890221939,0.0004836569418333167,0.001646751141986391,0.0017163080612224134,False,16.3677100305498
2020-10-27 13:00:00,989008.00505,2438847.13522,2.3283064365386963e-10,-22.073673806849772,66.25522932703906,0.0010774570493117988,0.0010359436707566734,0.0014946882558220958,False,46.12531216486849
2020-10-27 14:00:00,989019.6031,2438844.68841,1.1641532182693481e-10,-22.073927818116506,66.25521016495357,-0.0013843765385947733,0.00030502857962824573,0.001417582743617342,False,282.4258031752398
2020-10-27 15:00:00,989016.4166,2438841.35418,4.799926683327254e-10,-22.07389080924961,66.2552494525702,-0.00039429171036468565,0.0005114797478013368,0.0006458153646927489,False,322.3719344267532
2020-10-27 17:00:00,989021.47339,2438837.96904,2.3283064365386963e-10,-22.074020526755138,66.25526078482419,0.0017700126665417717,-0.0036386192692151697,0.004046293986603327,False,154.05931446611396
2020-10-27 17:30:00,989020.98224,2438845.23579,0.0,-22.073951164015735,66.25520076723147,0.0018920859143984011,-0.003031932011240308,0.0035738775620113975,False,148.03365598292208
2020-10-27 18:00:00,989019.26304,2438850.64371,1.041250292910165e-09,-22.07387223369316,66.25516076379414,0.0020141602261969766,-0.0024252453851736624,0.003152563495807817,False,140.29045337585973
2020-10-27 21:30:00,989019.94986,2438849.23257,4.656612873077393e-10,-22.07389763567748,66.25517038193668,-0.004090915666465001,-0.0018164963203007342,0.004476075275483523,False,246.05726081531458
2020-10-27 22:00:00,989028.00251,2438849.49532,0.0,-22.074057948884484,66.25514041945483,-0.0040909105839044575,-0.0018165077666482423,0.004476075275483523,False,246.0571005021075
2020-10-28 00:30:00,989020.54312,2438849.07506,0.0,-22.073910893440956,66.25516967648144,0.00015795670193907948,0.000439104501638216,0.00046665092204603776,False,19.784907478632192
2020-10-28 03:30:00,989021.83689,2438842.61368,1.1641532182693481e-10,-22.073989859743698,66.255220090911,-7.44872256602523e-05,0.0001230534425826026,0.00014384191502476328,False,328.8124660421653
2020-10-28 05:30:00,989020.95322,2438846.51859,4.799926683327254e-10,-22.073940083197822,66.25518997367233,8.382271039216015e-05,6.722869687190807e-05,0.00010745205656748899,False,51.26918768177302
2020-10-28 08:00:00,989020.16921,2438842.11472,2.3283064365386963e-10,-22.073960296349313,66.25523007111381,0.0007578445681482339,-0.0005976822515743314,0.0009651696551999269,False,128.26145742608782
2020-10-28 08:30:00,989019.30938,2438843.62433,0.0,-22.07393059813381,66.25522021257987,0.0007578442583505089,-0.0005976826443890714,0.0009651696551999271,False,128.26148712430336
2020-10-28 10:30:00,989017.0834,2438849.27501,1.1641532182693481e-10,-22.07383945727933,66.2551798928281,-8.03265995483722e-05,-0.00010524975312701566,0.00013240042722099612,False,217.35086941664713
2020-10-28 11:30:00,989020.54049,2438844.35169,1.1641532182693481e-10,-22.073949484993488,66.25520979624916,-5.292620320711955e-06,0.0004059087381860659,0.0004059432418031656,False,359.25296601210755
2020-10-28 13:30:00,989015.48892,2438845.19105,1.1641532182693481e-10,-22.073840701531047,66.25522006464894,0.0002006926405069272,1.4205968712824573e-07,0.00020069269078518386,False,89.95944336009819
2020-10-28 18:30:00,989015.8524,2438846.24897,0.0,-22.073839379368156,66.25520982909767,-0.0002204994687473349,-0.00011888604859155255,0.00025050730182485685,False,241.66791639516157
2020-10-28 21:00:00,989022.21231,2438845.92836,0.0,-22.073970314506656,66.25519064991451,0.0007621202201443993,-0.0030288178137327097,0.0031232298312384153,False,165.87626910349837
2020-10-28 21:30:00,989022.98988,2438851.49614,0.0,-22.073940448836527,66.25514069076182,0.0007621186413600527,-0.003028818210990723,0.003123229831238415,False,165.87629896916854
2020-10-29 03:00:00,989021.81112,2438844.93565,0.0,-22.073970342398237,66.25520046156709,0.0005172151693543987,-0.0018336652744049351,0.0019052138646274924,False,164.248029573267
2020-10-29 03:30:00,989022.18875,2438848.34418,4.656612873077393e-10,-22.073950073947028,66.2551702159848,-8.210868773092766e-05,-1.3124257930975726e-05,8.315096359714522e-05,False,260.91865820598474
2020-10-29 04:30:00,989022.24864,2438844.8347,9.313225746154785e-10,-22.073979995351163,66.25519981212706,-0.00024711958336028935,-6.00163453291376e-07,0.00024712031214842227,False,269.86084969545266
2020-10-29 06:00:00,989024.25183,2438847.51337,4.799926683327254e-10,-22.073998494135843,66.25517016648955,-0.0011227821067157859,-0.0004808945409585905,0.0012214332641142995,False,246.814248976012
2020-10-29 07:00:00,989033.23947,2438845.04799,5.206251464550825e-10,-22.07419999129731,66.25516015115602,-0.00020945100163898076,-0.0003145104738448066,0.0003778710894546672,False,213.66197786077691
2020-10-29 08:00:00,989026.50034,2438849.04512,9.599853366654507e-10,-22.07403132585804,66.2551494156315,0.0013646370305374941,-0.00018809158727711722,0.0013775386275232413,False,97.84778347637575
2020-10-29 08:30:00,989026.79229,2438848.75855,4.799926683327254e-10,-22.07403956057222,66.25515084377152,-0.0007310980362298604,-0.0006612717526647125,0.0009857913924616196,False,227.87093453178085
2020-10-29 09:00:00,989029.834,2438850.2621,1.1641532182693481e-10,-22.07408862580419,66.2551276007908,-0.0017907399837417415,0.00633290175325204,0.006581215260551362,False,344.21081123004967
2020-10-29 09:30:00,989024.19863,2438825.20857,9.599853366654507e-10,-22.074179911063386,66.25535976112188,-0.00028299217559381773,0.0004603976812562551,0.0005404170577928295,False,328.4222473231481
2020-10-29 10:00:00,989030.15522,2438848.3433,1.1641532182693481e-10,-22.074110805322874,66.25514278895933,0.0008878806258197666,-0.006404901519551909,0.006466149973582769,False,172.1076612912094
2020-10-29 10:30:00,989029.90175,2438847.77727,0.0,-22.07411032259559,66.25514846855201,0.00027307660871999186,0.00022840202223966562,0.0003560032555935131,False,50.09079702794486
2020-10-29 11:00:00,989028.9352,2438847.95077,0.0,-22.07408940287507,66.25515032375966,-0.0013696149364664373,-0.00037226244704858705,0.0014193041970185832,False,254.7943004561771
2020-10-29 12:00:00,989037.51099,2438846.86071,9.385703304198744e-10,-22.074271338317708,66.25513004746651,-0.00011707768422103803,-0.00041463913973939243,0.00043085125083534864,False,195.76757973697784
2020-10-29 12:30:00,989030.36253,2438849.7881,4.656612873077393e-10,-22.074103167007586,66.25512980585152,0.002186056774626107,0.0002985464801568776,0.0022063486176719127,False,82.22331112902253
2020-10-29 13:00:00,989029.81415,2438848.82224,4.656612873077393e-10,-22.07410000571007,66.25513989638266,0.00030415809826227013,0.0006013777495064592,0.000673919391574374,False,26.82886253419838
2020-10-29 13:30:00,989028.53422,2438848.19333,0.0,-22.07407932854333,66.25514964482626,-0.0011331805266846771,0.001209419194495752,0.0016573451342650738,False,316.864002917427
2020-10-29 14:00:00,989031.95835,2438843.2544,5.206251464550825e-10,-22.074188819162057,66.2551797941212,-9.646170045808068e-05,-0.00019253849255338056,0.0002153507157406092,False,206.6108494081461
2020-10-29 15:00:00,989029.40766,2438848.96107,9.313225746154785e-10,-22.074090668896847,66.25514011729615,0.00044041893306568996,-0.00044661009257283206,0.0006272395167642377,False,135.39989846973697
2020-10-29 16:00:00,989030.22821,2438847.42597,0.0,-22.074119783152536,66.25515032752757,-0.0002493229883310921,-1.7751953112503946e-05,0.0002499541644975223,False,265.927377384239
2020-10-29 16:30:00,989030.69134,2438848.54394,1.1641532182693481e-10,-22.074119980012487,66.2551392388649,-0.0001287486359039298,0.0021031849727287623,0.0021071220279706647,False,356.49695121474923
2020-10-29 17:00:00,989027.81233,2438840.23532,9.385703304198744e-10,-22.074129873887696,66.25521970992968,-0.0002504899916245961,0.00036999985536916426,0.0004468166613693951,False,325.9019902255455
2020-10-29 17:30:00,989031.02643,2438846.97069,0.0,-22.074139612224517,66.25515144486735,-0.0003914488259227815,-0.0036221788716569647,0.0036432694055744006,False,186.16801617678027
2020-10-29 18:00:00,989034.0187,2438851.78973,0.0,-22.074160553772597,66.25510021711732,0.00037065245954744325,-0.0009673781025302176,0.0010359554232801395,False,159.0355860712932
2020-10-29 18:30:00,989031.09866,2438850.69943,4.799926683327254e-10,-22.074110562309468,66.25511953182111,0.00040291836221689227,0.001495208851077473,0.0015485453545027216,False,15.081426281738572
2020-10-29 19:00:00,989030.65165,2438847.34665,5.206251464550825e-10,-22.074128975047675,66.25514954288398,-0.0010171417009350126,0.0015350426903055407,0.0018414486962284456,False,326.4709636666351
2020-10-29 19:30:00,989032.4152,2438844.20226,1.1641532182693481e-10,-22.074190281073435,66.25517017165218,0.00011061130659862035,-0.0005731680952368212,0.0005837435451847495,False,169.077203009477
2020-10-29 20:00:00,989031.05808,2438849.40845,0.0,-22.074120305913798,66.25513063451776,0.0001492805677559699,-0.0012182789984236952,0.0012273908936886351,False,173.01414473019327
2020-10-29 21:00:00,989034.14049,2438850.60168,4.799926683327254e-10,-22.07417273107478,66.25510988656934,0.0001487148741859847,-2.6966441176197082e-05,0.0001511400104335796,False,100.27775839439607
2020-10-29 21:30:00,989030.36861,2438849.84519,1.1641532182693481e-10,-22.074102822583434,66.25512930010751,-0.0070871840484137355,0.0018205492791878069,0.007317279372419872,False,284.4065959630376
2020-10-29 22:00:00,989055.32113,2438834.93987,4.656612873077393e-10,-22.07472819153592,66.25516994363143,-0.000772886428228828,5.0761103265645354e-05,0.0007745515609338483,False,273.7576361351381
2020-10-29 22:30:00,989032.87836,2438848.63018,9.385703304198744e-10,-22.074163397659813,66.25513097494101,0.0037641605583453334,-0.001063706454499961,0.003911569522627398,False,105.77965312521275
2020-10-30 00:00:00,989033.08398,2438852.22225,0.0,-22.074138157065384,66.25509976313104,8.209397089495726e-05,-0.0001722407922581136,0.000190804377766876,False,154.51644433040076
2020-10-30 00:30:00,989032.79666,2438850.00154,1.1641532182693481e-10,-22.074150529393073,66.25511961076748,0.00040615673327611774,0.0012228930639550807,0.0012885770205365967,False,18.37275948500485
2020-10-30 01:30:00,989028.56982,2438846.92692,4.799926683327254e-10,-22.07409040806022,66.25516027653178,0.0004529611131020595,-0.00029977514609858414,0.0005431748412814093,False,123.49707315030537
2020-10-30 02:30:00,989030.58553,2438853.22733,9.385703304198744e-10,-22.074079527609722,66.25509983208924,-0.00033039349557192465,-0.00042316744147566615,0.000536871069663189,False,217.98140226486566
2020-10-30 03:00:00,989031.08192,2438848.37404,0.0,-22.074129250043217,66.2551393365848,-0.0012688326076413722,0.00239499436923252,0.002710338394900069,False,332.08601864476196
2020-10-30 05:00:00,989029.40634,2438850.09181,4.656612873077393e-10,-22.074081390988823,66.25513051964265,0.002065940452214019,-0.0018362471974141307,0.002764039385049626,False,131.6313034468012
2020-10-30 05:30:00,989027.20236,2438854.55228,4.656612873077393e-10,-22.074000431855247,66.25510023144585,-0.0004032616624097038,-0.00021805492107271208,0.0004584407453242617,False,241.59866385517367
2020-10-30 06:30:00,989031.86684,2438850.36464,5.206251464550825e-10,-22.074128799493984,66.25511972941686,-0.0012097413267210353,0.0006014226266831384,0.0013509934320577641,False,296.43425753230133
2020-10-30 07:30:00,989033.6467,2438847.26613,4.656612873077393e-10,-22.074190059124657,66.25513991240757,-5.8580615948135695e-05,0.0002469586755094383,0.0002538114969307715,False,346.6556103295595
2020-10-30 09:00:00,989031.52014,2438848.1068,1.1641532182693481e-10,-22.074140277613658,66.25514009685033,0.0001423092747651095,-0.00020257853306017496,0.00024756815574904586,False,144.9123649654971
2020-10-30 12:00:00,989032.74359,2438851.17373,3.4924596548080444e-10,-22.074139868283087,66.25510983934075,-8.454182123663272e-05,0.00030350527931682095,0.00031505995320127287,False,344.43474695796857
2020-10-30 15:00:00,989030.74871,2438841.34537,0.0,-22.074180033616113,66.25520017123537,-5.1282367069560065e-06,0.00038385823685161953,0.00038389249121408535,False,359.23459024083417
2020-10-30 16:00:00,989030.73473,2438846.0236,0.0,-22.074141475906817,66.25516049206009,0.0007190196676768615,-0.0004888097253499362,0.0008694390318491714,False,124.20896399505352
2020-10-30 17:30:00,989026.40516,2438847.85409,4.656612873077393e-10,-22.074039150126982,66.25515985759006,8.217875583268503e-05,0.00014208565942315152,0.000164139216898095,False,30.04400371184937
2020-10-30 18:00:00,989029.80196,2438845.29793,4.656612873077393e-10,-22.07412859437477,66.25516986665572,-0.0022824606043773243,0.0006068067136293482,0.0023617452864862776,False,284.8880646557857
2020-10-30 20:30:00,989028.9688,2438849.12494,4.656612873077393e-10,-22.074080474149206,66.25514023704454,0.00018817050038393747,-0.00037991474673743634,0.00042396149825581073,False,153.65093995422814
2020-10-30 22:00:00,989029.34687,2438851.38599,0.0,-22.074069602708175,66.25511973431634,-0.0003796344700968165,0.0003096325715068585,0.000489892498639896,False,309.2009292619182
2020-10-30 23:30:00,989031.51161,2438844.48521,0.0,-22.07416973608078,66.25517088060806,-0.0005793700664592037,0.0001625793738392424,0.0006017488900753388,False,285.67486531224006
2020-10-31 00:00:00,989032.77265,2438848.73356,0.0,-22.074160419138547,66.25513046108304,0.0008440778408701549,-0.0008277210077001017,0.001182196882095404,False,134.43943758231205
2020-10-31 01:00:00,989028.96744,2438850.3402,4.656612873077393e-10,-22.074070503928777,66.25512992178756,0.0006450243457520532,-0.00015633541847259283,0.000663699608016959,False,103.6241322774726
2020-10-31 02:00:00,989028.89191,2438851.52197,0.0,-22.074059311335485,66.25512014634843,-8.047400129682804e-05,-0.0002018454151189431,0.00021729619529402798,False,201.73673745919814
2020-10-31 02:30:00,989029.77976,2438851.18696,1.1641532182693481e-10,-22.074079964667398,66.25511993370529,8.174785641496882e-05,0.0003969796267663212,0.0004053091858026043,False,11.635954128935055
2020-10-31 03:30:00,989027.67722,2438849.70131,3.4924596548080444e-10,-22.074049700809635,66.2551397904128,-0.00016186095489454584,0.0006071567797621837,0.0006283616187598977,False,345.0727694991891
2020-10-31 04:00:00,989029.35761,2438847.82017,5.206251464550825e-10,-22.074098993544492,66.25514997813288,-0.0012578653401334032,0.0006176390125843166,0.001401321934380195,False,296.1520340329622
2020-10-31 06:30:00,989037.41468,2438854.0038,4.656612873077393e-10,-22.074210952961263,66.25506972036209,0.0020315562660959572,0.003537969699469563,0.004079761078381735,False,29.865100942277877
2020-10-31 07:00:00,989031.63266,2438849.47652,4.656612873077393e-10,-22.074131341167643,66.2551280777544,0.001795907399518111,0.0057415555970141575,0.006015874338884457,False,17.369217468355487
2020-10-31 07:30:00,989023.65557,2438837.279,4.656612873077393e-10,-22.07407019825671,66.25525912974003,-7.5322548402895e-05,3.21320686419242e-05,8.188990251011286e-05,False,293.1027539191746
2020-10-31 08:30:00,989031.94438,2438849.16287,2.3283064365386963e-10,-22.074140196299645,66.25512966776746,0.000506969034944488,0.0024186925975338,0.0024712530189677758,False,11.8380781715382
2020-10-31 09:30:00,989013.72845,2438822.51269,0.0,-22.073990729257478,66.25541871112479,0.00010726190805657923,0.00038018501144047444,0.0003950262774094044,False,15.755394806624622
2020-10-31 11:00:00,989029.76391,2438846.3548,0.0,-22.074119179787065,66.25516102279559,-0.0010156438107210134,-0.004225252149562471,0.004345605605394739,False,193.51603222288253
2020-10-31 11:30:00,989031.93775,2438847.95641,0.0,-22.074149933352746,66.25513993580581,-0.0007847771157661133,-0.001278417659264001,0.0015000756090771648,False,211.5443484034672
2020-10-31 13:30:00,989025.17664,2438847.1672,4.656612873077393e-10,-22.074019984489293,66.2551699213452,-0.0004989701548813077,1.2597246886566246e-05,0.0004991291477076823,False,271.44621032595796
2020-10-31 14:00:00,989026.00043,2438846.80866,0.0,-22.074039537961173,66.25517012913038,-0.0004989701591803721,1.2597076601791304e-05,0.0004991291477076822,False,271.44619077248603
2020-10-31 16:00:00,989033.58223,2438852.01904,4.656612873077393e-10,-22.074149871854967,66.25509977292673,-0.0004696984027719779,-0.00010638807668221108,0.0004815963168740882,False,257.23767930723375
2020-10-31 17:00:00,989031.13313,2438845.96706,0.0,-22.074149976243724,66.25515960020013,-4.424073471030575e-05,0.0005074267175656108,0.0005093516627116454,False,355.0171844148702
2020-10-31 19:00:00,989031.96551,2438846.76098,0.0,-22.074160273990753,66.25514999174592,0.00016768483857603126,4.721455199069496e-06,0.0001677512957549553,False,88.38716485645745
2020-10-31 20:00:00,989029.43572,2438846.60039,0.0,-22.074110549203137,66.25516006746264,0.00025974386583410265,-0.0004466925255267025,0.0005167214802965598,False,149.82275016409687
2020-10-31 21:00:00,989031.4411,2438850.44423,0.0,-22.074119558998444,66.2551205196883,-0.00025241017791873986,-0.001412701068294248,0.0014350732407360535,False,190.13025787649866
2020-10-31 21:30:00,989033.56569,2438853.15756,0.0,-22.0741402232222,66.25509016162317,0.0010099095338705095,0.0003849453939271245,0.001080786853597072,False,69.13474459131817
2020-10-31 22:30:00,989025.60615,2438850.56736,2.3283064365386963e-10,-22.074000831163964,66.25513956818493,-7.943526498180961e-05,0.0005046432844151011,0.0005108569328373562,False,351.0545435018673
2020-11-01 00:30:00,989032.31252,2438847.78451,1.1641532182693481e-10,-22.074158900779704,66.25514010495351,-0.0007370224733550439,3.4884807684752196e-06,0.0007370307291615856,False,270.2711908246672
2020-11-01 03:00:00,989036.64947,2438846.02795,1.1641532182693481e-10,-22.074260770499244,66.25514008610858,0.0004773087106695156,-0.00026971468730491285,0.0005482422984675502,False,119.4696570859087
2020-11-01 05:00:00,989026.78897,2438854.7395,2.3283064365386963e-10,-22.073990559942658,66.25510006518805,0.0005423422291334964,-2.0036824836090295e-06,0.0005423459304217051,False,90.2116782011559
2020-11-01 07:30:00,989028.51974,2438849.35982,0.0,-22.074069492639712,66.25513978890432,-0.00015720039815809138,0.00023474078336028543,0.0002825158412437485,False,326.19070727325027
2020-11-01 11:30:00,989028.13355,2438848.26681,1.1641532182693481e-10,-22.074070643813336,66.2551504006453,0.0002756497650031826,-0.0004034484597486819,0.0004886240401575566,False,145.65777671705092
2020-11-01 13:30:00,989026.27709,2438859.67308,0.0,-22.07393986841074,66.25505993216191,0.00014976335983638722,-0.00018221715271614415,0.00023586469573351118,False,140.58338699156366
2020-11-01 15:00:00,989027.24767,2438851.1036,0.0,-22.074029561641307,66.2551293614795,-0.000637061054556712,0.0012146541964688884,0.0013715799664009353,False,332.3239172280901
2020-11-01 15:30:00,989027.24111,2438849.84487,4.656612873077393e-10,-22.07403972771154,66.25514007315962,-0.0003908684770484907,-0.0003033989962035361,0.0004948020990734779,False,232.1807558594385
2020-11-01 17:00:00,989030.67657,2438852.07034,1.1641532182693481e-10,-22.07409083037641,66.25510934368369,0.00011392485846497336,0.00028646157570585393,0.00030828413473960167,False,21.687558575670664
2020-11-01 17:30:00,989025.70587,2438848.24179,0.0,-22.07402186988618,66.25515897343298,0.001286118200232916,0.0015462985863486255,0.0020112531772788107,False,39.75164796535256
2020-11-01 18:00:00,989024.29395,2438848.65169,9.313225746154785e-10,-22.07399003064238,66.25516035486517,-0.00044753832885901834,-0.0008665796151951775,0.0009753208627265925,False,207.31374157947673
2020-11-01 18:30:00,989028.3713,2438850.52733,4.656612873077393e-10,-22.07405694574863,66.2551303856445,-0.003551795328886581,-0.001221732988205494,0.0037560459998208303,False,251.0180033381226
2020-11-01 19:00:00,989037.79603,2438847.92232,0.0,-22.074268403258387,66.25512005071253,0.00022083944401126687,-0.0004091663247788477,0.00046495929000745314,False,151.64292111530142
2020-11-01 20:00:00,989028.09653,2438853.02303,0.0,-22.07403098344889,66.2551101384908,0.001778691699564321,-0.0004030143401235306,0.0018237775962118344,False,102.76646970460678
2020-11-01 20:30:00,989029.713,2438853.54865,0.0,-22.074059295382433,66.25510010822903,-0.00011646057476080336,-0.00015378037767592754,0.00019290274760035841,False,217.13728497433488
2020-11-01 22:00:00,989029.28968,2438853.73397,1.1641532182693481e-10,-22.074049238676462,66.25509999230665,-0.00044296894899068374,-1.987679061938441e-06,0.0004429734084998379,False,269.74290555310483
2020-11-01 22:30:00,989032.67397,2438852.36333,3.4924596548080444e-10,-22.074128730843363,66.25509997706227,-0.0020285059603606854,-9.256114723848064e-07,0.0020285061715398906,False,269.97385581891695
2020-11-02 02:30:00,989030.32734,2438843.88958,0.0,-22.07415071657874,66.25518001701893,0.0011503755492526945,-0.0005984790426967803,0.0012967424836357036,False,117.48555522639072
2020-11-02 03:30:00,989027.29924,2438847.44252,9.385703304198744e-10,-22.07406055556817,66.25516027364004,0.0005179736747176167,-0.0006108285675963507,0.0008008796830312783,False,139.70254380191892
2020-11-02 05:00:00,989028.07326,2438850.73598,0.0,-22.07404922568433,66.25512964017162,-0.000250636248761498,-7.826434966520703e-06,0.000250758414170932,False,268.21144774289303
2020-11-02 05:30:00,989028.99272,2438846.81657,0.0,-22.074099842941493,66.2551597572553,-0.00027888909650740015,0.0009238204083225804,0.0009649991062089193,False,343.2016329571048
2020-11-02 06:00:00,989027.75383,2438847.2767,9.385703304198744e-10,-22.074071083632447,66.25516011628223,0.00012591335771898528,0.00030714699430054625,0.00033195398741381153,False,22.29092864275117
2020-11-02 07:30:00,989027.32152,2438845.10791,1.1641532182693481e-10,-22.074080105959137,66.25518002232965,6.83468948728097e-05,0.00015371212533195962,0.0001682222206274277,False,23.971949039946935
2020-11-02 08:00:00,989026.88189,2438846.43603,9.313225746154785e-10,-22.07406037020962,66.25517025796344,0.0002577602248559557,-0.0010599682465648734,0.0010908588438673472,False,166.3322596919857
2020-11-02 09:30:00,989028.46974,2438852.87771,4.656612873077393e-10,-22.074039701924214,66.2551100873022,-5.766936509700091e-05,-0.0009135834252946937,0.0009154017864543833,False,183.6119667373572
2020-11-02 10:00:00,989029.73864,2438852.37563,2.3283064365386963e-10,-22.074069409844835,66.25510998117268,-0.0007580956884409009,-6.434390869430233e-06,0.0007581229941233442,False,269.5137096888141
2020-11-02 12:30:00,989037.88628,2438846.76283,4.656612873077393e-10,-22.07427971062492,66.2551295862414,-1.7243710974016975e-05,0.0012405016329249724,0.0012406214760585432,False,359.20360585774995
2020-11-02 13:00:00,989037.0759,2438844.68194,0.0,-22.074280386364958,66.2551500478252,0.00037969842758289496,1.759467180389269e-05,0.00038010586470720183,False,87.34689495698893
2020-11-02 13:30:00,989036.59576,2438847.21783,1.1641532182693481e-10,-22.07424995168983,66.25513016667229,-0.00011473026618019798,-0.0003131158934817585,0.0003334735322760399,False,200.12357666906559
2020-11-02 14:00:00,989037.88227,2438845.57131,4.656612873077393e-10,-22.07428937836147,66.25513971837734,-0.0007638388983787664,0.0006026791875919465,0.0009729707425369872,False,308.2739159470861
2020-11-02 14:30:00,989038.32864,2438844.17382,2.3283064365386963e-10,-22.074309817722764,66.25515004858615,-0.0002735836941956197,1.2732024481270932e-05,0.0002738797951239084,False,272.66450569528274
2020-11-02 15:00:00,989038.77775,2438845.1587,1.1641532182693481e-10,-22.074310820543,66.25514013839829,0.0005036284802787884,-0.00030052220565990643,0.000586476975031942,False,120.82512251714155
2020-11-02 15:30:00,989037.05506,2438845.85776,5.820766091346741e-10,-22.074270345730813,66.25514013459036,0.0002753050006577241,0.00026920648643362723,0.0003850519130261375,False,45.64168438208338
2020-11-02 16:00:00,989037.49509,2438844.63306,0.0,-22.074289243460356,66.25514901931196,-0.0007640331938967062,0.0027267356664374097,0.0028317546002430837,False,344.34709178140906
2020-11-02 16:30:00,989035.91493,2438835.7274,9.385703304198744e-10,-22.07433022715244,66.25523008743029,-0.0001293281555514218,-0.0002422011962144755,0.0002745672800354325,False,208.10087633379368
2020-11-02 17:00:00,989038.25422,2438845.2661,1.1641532182693481e-10,-22.074299379596837,66.25514102928884,-0.0010011788986137174,-0.002444932967732746,0.0026419796372674467,False,202.26867515673607
2020-11-02 17:30:00,989042.56275,2438842.52946,4.656612873077393e-10,-22.074408694694746,66.25514943099317,-1.623445948818019e-05,0.00018830410849591186,0.00018900263212800374,False,355.07248331543144
2020-11-02 18:30:00,989037.95332,2438844.29085,1.1641532182693481e-10,-22.074301288124346,66.25515034729563,0.0014292849909348616,-0.00039030816790205507,0.0014816194016152482,False,105.27389120057688
2020-11-02 19:00:00,989036.20245,2438847.38317,0.0,-22.074240663892674,66.25513011708544,0.0006772032463116225,-0.0003250300593105089,0.000751164946113963,False,115.63911487545602
2020-11-02 19:30:00,989036.13383,2438846.29138,1.1641532182693481e-10,-22.07424821214585,66.25513962482448,-0.002637599463498193,0.0011980236456505334,0.0028969279565401263,False,294.4280164329832
2020-11-02 20:00:00,989043.38096,2438839.818,4.656612873077393e-10,-22.074447386568284,66.25516963879159,-0.00040367607505551297,0.0003107660438457209,0.0005094407792665843,False,307.5905204182516
2020-11-02 21:30:00,989037.98636,2438843.1256,0.0,-22.07431148843038,66.2551601287539,0.0012573165402602665,-0.0002938412387408553,0.0012911961725457547,False,103.15421936274657
2020-11-02 22:00:00,989035.78695,2438845.18065,4.799926683327254e-10,-22.07425030145843,66.25515025166635,0.0006629954947542486,-0.0009097711627156421,0.0011257204779932728,False,143.9173152702532
2020-11-02 22:30:00,989037.00537,2438847.05767,0.0,-22.074259525958883,66.25513011613663,-0.0006266281803081556,-0.0006093084429152607,0.0008740249738789675,False,225.8028590510708
2020-11-02 23:00:00,989038.70179,2438846.3656,1.1641532182693481e-10,-22.074299413566585,66.25513015105729,-0.001008088836293665,-0.0008781467873077444,0.0013369311432975255,False,228.94085800783105
2020-11-02 23:30:00,989041.55652,2438848.62341,5.206251464550825e-10,-22.074338535062225,66.25510114676756,-0.0010272806122942442,-0.0015260176133622613,0.0018395747369127162,False,213.94754993797252
2020-11-03 00:00:00,989044.19348,2438850.06674,1.1641532182693481e-10,-22.07437992678955,66.2550798089392,-0.0002746048524924811,0.0005527406707690016,0.0006171953289960829,False,333.5815403883399
2020-11-03 00:30:00,989041.72482,2438846.40789,1.1641532182693481e-10,-22.074360057227736,66.25511938125096,5.76440466167733e-07,0.0015326148293602283,0.001532614937764373,False,0.02154983996098281
2020-11-03 01:00:00,989042.11806,2438844.95455,4.656612873077393e-10,-22.074379881652543,66.25513036869354,-5.091092606299618e-06,-0.000591068275291596,0.0005910902006294029,False,180.49349782123215
2020-11-03 01:30:00,989042.54147,2438848.37287,4.656612873077393e-10,-22.0743604562586,66.25509988237499,0.00050311148524004,0.0002705088223119784,0.0005712234147240925,False,61.73433704434484
2020-11-03 02:00:00,989040.07365,2438844.73277,1.1641532182693481e-10,-22.074340450188394,66.25513929256564,0.00026020819127300975,-0.0005997547835041766,0.000653769151261906,False,156.54602092848108
2020-11-03 03:00:00,989042.45647,2438851.9022,0.0,-22.07432986551187,66.25507020421904,4.011661298220339e-06,-0.0010072908345349829,0.001007298822973875,False,179.77181362312785
2020-11-03 03:30:00,989042.09774,2438849.78156,2.3283064365386963e-10,-22.074339978545314,66.25508944797139,-0.00012658101674193386,0.0017929588899961788,0.0017974215796567458,False,355.9616784612727
2020-11-03 04:00:00,989040.45304,2438845.74944,0.0,-22.074339786297525,66.2551293525196,-0.00025617048126111127,0.0021440195301149615,0.002159269103419935,False,353.18651948176347
2020-11-03 04:30:00,989040.05168,2438842.2823,0.0,-22.07436005598004,66.25516017748032,0.00011487446457090918,-0.00026332314274057954,0.00028728943613232403,False,156.43081033635997
2020-11-03 05:00:00,989040.42606,2438846.78333,0.0,-22.07433078300073,66.2551206656955,0.00038657783633213905,-0.0009188588823388319,0.0009968671271519617,False,157.18277311681192
2020-11-03 05:30:00,989040.00515,2438845.87072,2.3283064365386963e-10,-22.07432975783366,66.25512986505606,-0.00024266434785315513,-1.3951491305799255e-05,0.0002430650732389433,False,266.70951842687964
2020-11-03 06:00:00,989041.25449,2438846.50157,0.0,-22.074349801856382,66.25512020544535,-0.00026132873168153097,-0.0005987290119207702,0.0006532756965614896,False,203.57994434414334
2020-11-03 06:30:00,989041.687,2438847.51459,9.385703304198744e-10,-22.07435023952106,66.25511011346028,0.0002508515770757705,-0.0003159906851694067,0.0004034558548778693,False,141.55543263021696
2020-11-03 07:00:00,989040.84513,2438847.89513,1.1641532182693481e-10,-22.074330141334052,66.25510978116061,-0.00024159531089767183,0.0006252300505391117,0.0006702842011750559,False,338.8729561669826
2020-11-03 08:00:00,989041.62716,2438843.89555,0.0,-22.074378642176036,66.25514105222119,-0.00027403593507475705,0.0003803491003536068,0.0004687868725253455,False,324.2278045569575
2020-11-03 08:30:00,989041.44458,2438845.43568,2.3283064365386963e-10,-22.074362357720393,66.25512860229298,0.0036282026697600145,0.004464125636056149,0.005752588313737339,False,39.102366555578556
2020-11-03 09:00:00,989023.4835,2438833.91139,0.0,-22.07409427935016,66.25528831991015,0.005646333434620563,0.004922977426559036,0.007491113935678984,False,48.915176608573574
2020-11-03 09:30:00,989015.94747,2438836.65098,0.0,-22.07391982413887,66.25529100755406,-0.0022427905696944957,-0.002785601843622806,0.003576267211871246,False,218.83882086004758
2020-11-03 10:30:00,989040.35974,2438843.29967,0.0,-22.07435794726842,66.2551504771363,-0.0023632818632617434,-0.0024315612741742793,0.003390809843575122,False,224.1841531503354
2020-11-03 11:30:00,989038.29519,2438846.48025,0.0,-22.074290272372746,66.25513057769855,0.0002502092712088213,-0.0012268506296930855,0.0012521050862356442,False,168.4729300014484
2020-11-03 12:00:00,989041.59738,2438849.9468,0.0,-22.07432853185003,66.25508976789766,-0.0007618577408341231,0.00026843631467149756,0.0008077656048033298,False,289.4096242768254
2020-11-03 12:30:00,989040.47366,2438844.55399,2.3283064365386963e-10,-22.07434998312408,66.25513943320401,-1.3884899362560598e-05,-0.00018994934724476893,0.0001904561496749901,False,184.1807656682994
2020-11-03 13:30:00,989042.05234,2438850.86916,0.0,-22.07433016420229,66.25508036847883,0.00015303172524743218,0.0002440611058723802,0.0002880703600370138,False,32.08862402589443
2020-11-03 15:00:00,989038.37185,2438843.03605,4.656612873077393e-10,-22.074319998379174,66.25515956166176,5.192779240251758e-05,0.0006057120051517737,0.0006079338194316724,False,4.899995845075637
2020-11-03 16:00:00,989039.57056,2438845.99299,2.3283064365386963e-10,-22.07431998959728,66.2551303233824,-7.255570597805562e-05,-0.00034368646804118323,0.0003512616101776528,False,191.92068648526475
2020-11-03 18:30:00,989040.84646,2438846.7055,9.385703304198744e-10,-22.07433990135503,66.25511987885375,-6.518047367752667e-05,-0.0001483729966750792,0.0001620587556757419,False,203.7159540711109
2020-11-03 20:00:00,989041.2433,2438847.62021,4.656612873077393e-10,-22.07434042372414,66.25511074455193,0.00015243499723749686,-1.3576487283187996e-05,0.0001530383918817309,False,95.08956840477231
2020-11-03 21:00:00,989039.62103,2438847.33431,2.3283064365386963e-10,-22.07431003356589,66.25511875915639,0.0002576504099045361,0.001803293320057324,0.0018216065798869255,False,8.131256877884027
2020-11-03 21:30:00,989036.29443,2438839.1191,0.0,-22.074310133650464,66.25519997838295,0.00025100353015747724,8.124300520119163e-05,0.00026382418017618556,False,72.0646455700292
2020-11-03 22:00:00,989038.67374,2438847.40286,4.656612873077393e-10,-22.07429036112457,66.25512143929753,7.935590336739925e-06,-0.0018193373857962657,0.0018193546924527891,False,179.7500887112136
2020-11-03 23:00:00,989039.94682,2438848.23947,9.313225746154785e-10,-22.07430920064742,66.25510995063387,-0.0006689809435452142,-0.0004311584654639829,0.0007958851205845612,False,237.19820476762067
2020-11-03 23:30:00,989042.89641,2438848.20284,4.656612873077393e-10,-22.074369008302366,66.2551001039194,-0.00010232032793144518,0.0006010663449134473,0.0006097132116787447,False,350.33907280412643
2020-11-04 00:30:00,989039.23906,2438845.02399,0.0,-22.07432122964059,66.2551396936944,0.0008469355615104394,0.0010077494830558558,0.0013163809729521115,False,40.04445663554293
2020-11-04 01:00:00,989036.61311,2438844.87864,0.0,-22.074269440220686,66.25514997120685,-0.0005934579870931464,3.2257672265323216e-05,0.0005943340305456403,False,273.11127583076177
2020-11-04 01:30:00,989041.17526,2438844.11348,0.0,-22.074367742043652,66.25514075782384,-0.0005971532737786928,-3.36053098399966e-05,0.0005980981100405289,False,266.7790285108463
2020-11-04 02:30:00,989039.66956,2438843.83496,4.656612873077393e-10,-22.074339643278922,66.25514830832057,-0.0002684354707558535,0.0031767814085960568,0.0031881025265761867,False,355.1700264856023
2020-11-04 03:00:00,989036.07169,2438827.67159,4.656612873077393e-10,-22.074399300466457,66.25529795704786,-0.001522347705474993,0.009072587263560798,0.009199422927080295,False,350.47470845656244
2020-11-04 06:00:00,989042.39593,2438844.86898,1.1641532182693481e-10,-22.074386187791642,66.25513013842084,-0.0071605361731507736,0.0005851534972563148,0.0071844055357664785,False,274.6717859513317
2020-11-04 06:30:00,989053.94426,2438839.04911,9.313225746154785e-10,-22.07466679208226,66.2551397900072,-0.004769754263061561,0.0003054807381808048,0.0047795265677045284,False,273.66452521025485
2020-11-04 07:00:00,989057.89502,2438837.39671,4.799926683327254e-10,-22.07476001820956,66.25514021624615,-0.0023789695293333947,2.5839176786451195e-05,0.00237910985130022,False,270.62229362062294
2020-11-04 09:30:00,989040.34049,2438855.25913,1.1641532182693481e-10,-22.074259710433296,66.2550489843222,-0.0012527399353431433,0.004791793865170628,0.004952842193315915,False,345.348827560724
2020-11-04 10:00:00,989039.1887,2438846.41873,1.1641532182693481e-10,-22.074308802291853,66.25512802306595,-0.00017561434311143427,0.0018508689965196297,0.0018591816586294202,False,354.57988214706455
2020-11-04 11:00:00,989037.4632,2438845.64069,3.4924596548080444e-10,-22.07428035596608,66.25514057239242,0.00032985167657009437,-0.0005579492255733962,0.000648158519849932,False,149.40902214358567
2020-11-04 11:30:00,989038.67035,2438849.88019,1.1641532182693481e-10,-22.07427002402722,66.25510041361174,0.0002636532012589783,-0.002434661561622782,0.002448895655224532,False,173.81943778028779
2020-11-04 13:30:00,989036.25368,2438843.89002,9.385703304198744e-10,-22.0742702772809,66.25515960431578,0.0002598399788895233,3.6665427597641955e-05,0.00026241411587455776,False,81.9681513369274
2020-11-04 14:00:00,989035.79545,2438844.00463,4.656612873077393e-10,-22.074260094764806,66.2551602090971,-0.0003283438391862123,-0.0015891994021875124,0.0016227644365848937,False,191.67360157667298
2020-11-04 15:00:00,989041.12183,2438851.17631,5.206251464550825e-10,-22.07430887818335,66.25508096465757,-0.00088330798028886,-0.0014004960775885326,0.0016557844821663385,False,212.24007219955462
2020-11-04 17:30:00,989052.74091,2438856.17473,1.1641532182693481e-10,-22.074502396765638,66.25499850454678,0.0050932141862069565,0.007265425529532807,0.008872837137678504,False,35.03125353306268
2020-11-04 18:00:00,989039.33038,2438847.50098,0.0,-22.07430280605796,66.25511834474021,0.0050932394953949155,0.007265407787200673,0.008872837137678502,False,35.03145312377046
2020-11-04 20:00:00,989038.67786,2438848.70733,4.799926683327254e-10,-22.074279771494123,66.2551103476168,-4.91211797677937e-06,-0.0006274568865629298,0.0006274761138069426,False,180.44853739778364
2020-11-04 20:30:00,989039.1105,2438849.75064,0.0,-22.07427996398801,66.25509999796294,-0.00012957391288997668,-2.027265745152197e-05,0.00013115021746747512,False,261.107801729464
2020-11-04 21:00:00,989039.13756,2438848.59966,4.799926683327254e-10,-22.07428992686507,66.25510967883747,-0.0001229120308724432,0.000917927038574325,0.0009261195470774919,False,352.3733603783248
2020-11-04 22:30:00,989037.44685,2438843.29345,4.656612873077393e-10,-22.07429923049386,66.25516056133795,-0.0005652480900999999,-0.0001317973143889159,0.0005804101441582739,False,256.8750052885412
2020-11-04 23:00:00,989043.26564,2438847.94958,5.206251464550825e-10,-22.074378529610048,66.2551009830358,-0.0020235745488693746,-0.003611988646526258,0.004140207233637765,False,209.25922135179377
2020-11-05 01:00:00,989060.25867,2438852.98254,4.799926683327254e-10,-22.074680184272772,66.25499972251988,0.0003716918336298766,0.0003680214187605536,0.0005230626959109879,False,45.284296049182046
2020-11-05 03:00:00,989036.314,2438845.05005,0.0,-22.074262003242037,66.25514954567109,0.0007292919666071311,0.000828768473026162,0.0011039583119120998,False,41.346830839687414
2020-11-05 06:30:00,989040.71031,2438843.20245,0.0,-22.07436581545446,66.25515009543182,-0.004971899691021646,-1.6203667484306983e-05,0.0049719260952292,False,269.81327087627994
2020-11-05 07:00:00,989049.01467,2438839.8662,0.0,-22.0745606523958,66.2551498280193,0.0005366568228029335,0.0005919590766345572,0.000799009445420376,False,42.194746716694965
2020-11-05 07:30:00,989038.11909,2438841.95367,0.0,-22.074323754649367,66.25516962362605,0.0014749153294602141,0.0003183322545424031,0.0015088772824052926,False,77.82062574864887
2020-11-05 09:00:00,989038.31236,2438841.73308,4.799926683327254e-10,-22.07432945868463,66.25517083128301,2.031147712848485e-05,-0.0007509991199621996,0.0007512737412469167,False,178.45075945978664
2020-11-05 09:30:00,989040.01564,2438847.01946,4.799926683327254e-10,-22.074320570830775,66.2551200738925,0.0005020919233023543,-0.00036593930072608305,0.0006212953172697762,False,126.08566173049786
2020-11-05 10:00:00,989037.13241,2438843.63318,4.799926683327254e-10,-22.074290107085375,66.25515875923243,-0.000249590757944104,0.0010040592847057582,0.00103461615764251,False,346.0402647892762
2020-11-05 11:00:00,989039.22703,2438841.48847,1.1641532182693481e-10,-22.074349913524994,66.25516975856465,-0.0003431332561478244,0.0008245584377449578,0.0008931052842364185,False,337.40576245337536
2020-11-05 11:30:00,989037.17617,2438838.81061,0.0,-22.074330446799614,66.25519956153697,0.0004967565447292255,0.0018068316541976505,0.0018738750468859809,False,15.372649767166706
2020-11-05 13:30:00,989036.66536,2438842.4869,9.385703304198744e-10,-22.07429006284106,66.2551701018016,0.0002494423864680391,-1.0649161186536014e-05,0.0002496695992724132,False,92.4445793598191
2020-11-05 14:00:00,989036.25648,2438842.6734,4.799926683327254e-10,-22.074280287778244,66.25516992614754,0.00038207043996836673,2.0553544497870055e-06,0.0003820759683355335,False,89.6917793498622
2020-11-05 14:30:00,989035.38795,2438842.99695,2.3283064365386963e-10,-22.07426011794947,66.25517016960497,0.0005146985004814189,1.4759731453463674e-05,0.0005149100854230761,False,88.35740997262855
2020-11-05 16:30:00,989040.86819,2438849.12827,1.1641532182693481e-10,-22.074320517404274,66.25509922998795,0.0001696214840705101,0.0007009600446167701,0.0007211909816459345,False,13.603197011414863
2020-11-05 17:30:00,989030.84531,2438836.66996,0.0,-22.07422023524858,66.25523954192478,0.000324167728960907,0.0013833958253072333,0.0014208690038061754,False,13.188032565971866
2020-11-05 18:30:00,989034.96206,2438840.77508,0.0,-22.07426970424428,66.25519050428302,-0.0005064228302080228,-0.0012083223641687626,0.001310155341440965,False,202.7391598164217
2020-11-05 19:00:00,989035.83166,2438841.68889,1.1641532182693481e-10,-22.07427977196922,66.25517974954309,-0.00038577760774539374,0.0005821502381911458,0.0006983718654583435,False,326.46847701701915
2020-11-05 19:30:00,989035.46146,2438838.31104,4.799926683327254e-10,-22.074299939727936,66.25520970895546,0.0003352434078297494,1.0607518317288885e-05,0.0003354111833826584,False,88.1876949318351
2020-11-05 20:30:00,989034.13252,2438842.31614,0.0,-22.074240359740045,66.25518027443196,0.0006727832474750389,-0.0006155828418321151,0.0009119098273629704,False,132.457872399123
2020-11-05 21:00:00,989033.34398,2438842.75684,0.0,-22.07422084522309,66.25517924758385,0.0007619977910596953,0.0011856621091435992,0.0014094095468098345,False,32.72792323871505
2020-11-05 21:30:00,989029.98632,2438839.39155,0.0,-22.074180637831834,66.25521938847793,0.0006538689861194139,0.0015464799704995287,0.0016790309556899343,False,22.91918374210593
2020-11-05 22:00:00,989029.07036,2438838.48223,0.0,-22.074169597991784,66.25523026473378,-0.0004949263618369386,-0.000579826703708647,0.0007623326767066878,False,220.4832875290238
2020-11-05 22:30:00,989032.4219,2438840.65633,1.1641532182693481e-10,-22.07421942788172,66.25520026044757,-0.00017952699009698612,-9.12935244744427e-06,0.00017975896430885723,False,267.0888879601447
2020-11-05 23:30:00,989029.98727,2438838.16359,3.4924596548080444e-10,-22.074190703771897,66.25522981298478,0.0005033386082080886,0.0006004800413233087,0.0007835343225031678,False,39.970648689441816
2020-11-06 00:00:00,989028.68452,2438838.67288,1.1641532182693481e-10,-22.074160253786243,66.25522997448518,0.0005169278704932952,0.0003030002478231406,0.0005991857587373197,False,59.623054695374606
2020-11-06 00:30:00,989027.85281,2438837.8521,4.656612873077393e-10,-22.07415018928216,66.25523980872445,0.0003817543679060289,0.0006034315694546274,0.0007140490574391976,False,32.31904271954335
2020-11-06 01:00:00,989026.59456,2438837.17624,4.799926683327254e-10,-22.074130333576367,66.25524988121033,0.0005066811679076536,0.0006106534120901702,0.0007934881193878275,False,39.6837185006172
2020-11-06 03:00:00,989025.71338,2438837.50851,4.656612873077393e-10,-22.07410983711959,66.25525009415917,-7.955969080060887e-05,-0.00019615621436827547,0.00021167665160707106,False,202.07715608011605
2020-11-06 04:00:00,989028.18696,2438838.81653,4.799926683327254e-10,-22.07414904015437,66.25523046809501,-0.000450793622716333,-0.00031334204339490245,0.0005489973829087061,False,235.19723075212954
2020-11-06 05:00:00,989029.56902,2438838.37944,0.0,-22.074180499512412,66.2552294203529,0.00015698613383471888,0.0006018582525132778,0.0006219951787069645,False,14.619058629847586
2020-11-06 05:30:00,989026.17999,2438836.12331,4.799926683327254e-10,-22.074130584289772,66.25526025032482,0.0004091205159628327,-0.0005788322018919222,0.0007088203683083221,False,144.7472037388289
2020-11-06 06:00:00,989028.98725,2438840.86399,4.656612873077393e-10,-22.07414843446959,66.25521032514742,-0.0020180762521933016,-0.0006343458294882708,0.0021154258179042168,False,252.55040100642896
2020-11-06 06:30:00,989033.77073,2438835.5093,1.1641532182693481e-10,-22.074288752123586,66.25523932369107,-0.00019491930134406265,0.0010129315639151246,0.0010315153354225994,False,349.1076672760947
2020-11-06 07:30:00,989027.90705,2438835.39955,0.0,-22.07417134955663,66.2552604488763,0.0010104465401914444,0.00021330113250728756,0.0010327146671340306,False,78.08009522895674
2020-11-06 08:00:00,989028.28142,2438836.49246,1.1641532182693481e-10,-22.074169960681374,66.25524987869298,0.000390403392574181,0.00028479491676285,0.00048324212724822405,False,53.88966644417172
2020-11-06 08:30:00,989026.21932,2438834.97762,1.1641532182693481e-10,-22.074140751441295,66.25526984402988,0.0010150529700724818,0.0003171165570312737,0.001063435678730188,False,72.6504748922215
2020-11-06 09:00:00,989024.46606,2438836.80779,0.0,-22.07409040529899,66.25526034010882,-0.00014847935734295384,-0.0006125580493070125,0.0006302963456405161,False,193.62526652399526
2020-11-06 10:00:00,989028.20543,2438837.74165,3.4924596548080444e-10,-22.07415820710307,66.25523953232089,-0.0005791091473980183,-0.0002920099590419429,0.000648565510014013,False,243.2409342887956
2020-11-06 11:00:00,989029.12013,2438837.18919,1.1641532182693481e-10,-22.074181181345274,66.25524107377281,0.0005746541915237194,-0.0014046410316093376,0.0015176441834357367,False,157.74998695391264
2020-11-06 11:30:00,989028.18028,2438845.93689,4.656612873077393e-10,-22.074090649113593,66.25517002530674,0.0010396982805066647,-0.0003547369583911132,0.0010985494181588252,False,108.83924154358397
2020-11-06 12:00:00,989026.1315,2438839.77924,1.1641532182693481e-10,-22.074099694419665,66.25522937131315,-0.00012073293999177216,0.0015234458347247678,0.0015282223837319298,False,355.46878516431593
2020-11-06 12:30:00,989026.52199,2438840.69116,0.0,-22.07410011159679,66.25522028257461,-0.00012392387136962653,4.275471496916301e-06,0.00012399760300810933,False,271.97596592126183
2020-11-06 13:00:00,989026.53914,2438839.59732,5.206251464550825e-10,-22.07410940701618,66.25522951235723,-0.0007523909388484489,0.0011932534129883788,0.0014106543986638488,False,327.7670342386481
2020-11-06 13:30:00,989027.4177,2438835.69242,2.3283064365386963e-10,-22.07415908067829,66.25525964704434,-0.0006477243057353326,0.0006291817944067405,0.000903004156498299,False,314.16804143026366
2020-11-06 14:00:00,989027.8488,2438836.62199,4.799926683327254e-10,-22.074160172739397,66.25525026857193,-2.786737302265272e-05,-0.0005685783226732858,0.0005692608360788144,False,182.8059567386597
2020-11-06 16:00:00,989028.69054,2438837.50038,9.385703304198744e-10,-22.074169968254047,66.2552399105697,3.6362437048576415e-05,-2.059536109118028e-06,3.642071549402131e-05,False,93.2417185118781
2020-11-06 17:30:00,989027.43397,2438836.81822,9.313225746154785e-10,-22.07415019799525,66.25525003077227,0.00018260242578920443,-0.00017147656111170825,0.00025049522333729104,False,133.20024503367313
2020-11-06 19:30:00,989027.37037,2438840.36726,4.799926683327254e-10,-22.07411987780391,66.25522011150487,2.8044660140428613e-07,-0.00026238325502719255,0.0002623834049038944,False,179.9387598095061
2020-11-06 21:00:00,989028.67312,2438839.88324,0.0,-22.074150121026644,66.2552197354218,-0.0001294721807170852,0.00014787019080851017,0.00019654169763534346,False,318.795259041857
2020-11-06 21:30:00,989027.83413,2438839.03031,0.0,-22.074140172688125,66.2552298677475,0.00025386355020373685,0.0006142812949819299,0.0006646715064501577,False,22.45380140098024
2020-11-07 00:00:00,989029.0692,2438839.68646,9.313225746154785e-10,-22.0741597219748,66.25522004246265,-5.035768325961767e-06,0.00019717100721692272,0.00019723530376068214,False,358.53697779951267
2020-11-07 02:00:00,989026.70934,2438836.03962,4.799926683327254e-10,-22.074141948730723,66.25525913806176,0.0002983790116946863,0.0006118103157399127,0.0006806922190429897,False,25.998425086544103
2020-11-07 03:30:00,989022.68819,2438833.95559,2.3283064365386963e-10,-22.074077872194824,66.255290683417,-0.0007356185576302334,-0.00042693275393691717,0.0008505329145389644,False,239.870300750579
2020-11-07 04:00:00,989032.77275,2438836.89778,1.1641532182693481e-10,-22.074257257620975,66.25523096961678,-0.004577577175818786,-0.0036202100289273527,0.005836106018067465,False,231.66103508739627
2020-11-07 06:00:00,989030.40681,2438839.18481,4.799926683327254e-10,-22.074190812744217,66.25521969603406,0.00024700496367714416,8.052567911745665e-05,0.0002597996094655935,False,71.94359942662157
2020-11-07 07:30:00,989029.50732,2438837.12714,3.4924596548080444e-10,-22.074189500626993,66.25524026730582,-5.838731323686793e-05,0.00015740700467426283,0.00016788699612401055,False,339.6485651891512
2020-11-07 08:00:00,989030.37047,2438837.97657,1.1641532182693481e-10,-22.07419996501585,66.25523008149707,-0.0002670319907984141,-0.0006175238123993367,0.000672786550839102,False,203.38480415784528
2020-11-07 10:00:00,989028.25976,2438835.27772,0.0,-22.07417946230758,66.25526026879996,-0.0005198774775956675,-4.2050236986851874e-05,0.0005215753197208282,False,265.3757037720543
2020-11-07 10:30:00,989029.15539,2438834.99619,2.3283064365386963e-10,-22.07419983516403,66.25525957519656,-0.00014040971972979646,4.133522161689076e-05,0.00014636765332790393,False,286.403903125448
2020-11-07 11:00:00,989028.67226,2438834.94986,1.1641532182693481e-10,-22.074190467004385,66.2552616324171,0.0006288201690018583,-0.006251966655909335,0.0062835103144298,False,174.2565301554772
2020-11-07 11:30:00,989035.51589,2438856.70419,1.1641532182693481e-10,-22.07415055134297,66.25505332776316,0.0010185734965522729,-0.012628654847408858,0.01266966515827715,False,175.38874850712529
2020-11-07 14:00:00,989029.59954,2438836.08947,1.1641532182693481e-10,-22.074199851070063,66.25524876156523,7.070013846506188e-05,0.0009713950591537036,0.0009739645119444581,False,4.162765137334759
2020-11-07 17:00:00,989026.99051,2438839.40651,9.385703304198744e-10,-22.07412007460615,66.25522957829855,4.153650523590195e-06,0.0023837249800057513,0.002383728598879514,False,0.09983802901035688
2020-11-07 17:30:00,989025.37111,2438835.43313,9.313225746154785e-10,-22.074119911833606,66.25526889689088,4.1536572955529595e-06,0.0023837249799939504,0.0023837285988795136,False,0.09983819178285103
2020-11-07 20:00:00,989029.47029,2438840.66513,4.799926683327254e-10,-22.074159806859175,66.25521035038189,-0.00014757982239995275,-0.0005993650107330645,0.0006172667333257545,False,193.83260050412588
2020-11-07 21:00:00,989029.9324,2438841.73274,4.799926683327254e-10,-22.07416039515116,66.25519969288794,-0.00020220248061567463,1.2166752749426178e-05,0.00020256819355367203,False,273.44340040056557
2020-11-07 23:00:00,989031.44462,2438839.72268,0.0,-22.074207349990953,66.25521155448827,-0.0051027088672554975,-0.007272309977333228,0.008883925381856169,False,215.0559081005731
2020-11-07 23:30:00,989044.8756,2438848.40156,0.0,-22.07440731255046,66.25509160046731,-0.0051026834868259175,-0.007272327785768626,0.00888392538185617,False,215.05570813801356
2020-11-08 02:00:00,989028.788,2438836.35373,0.0,-22.074181316047717,66.25524931223825,0.0006827194800344177,0.0006583811725100213,0.0009484575144592067,False,46.03969022623801
2020-11-08 04:30:00,989029.03382,2438842.03766,0.0,-22.07413977145876,66.25520019801776,0.00011688988887873685,-6.463325521928657e-05,0.00013356909748263212,False,118.94002115616365
2020-11-08 06:30:00,989027.42668,2438838.03567,0.0,-22.074140090143214,66.25523971734671,-5.446733656058186e-05,8.938403405226835e-05,0.00010467185053996497,False,328.64340987763796
2020-11-08 11:30:00,989029.45929,2438839.43447,3.4924596548080444e-10,-22.074169653784413,66.25522083897174,-5.942975731829635e-06,-0.0006330780947823519,0.0006331059887995071,False,180.53784426952268
2020-11-08 13:00:00,989030.77377,2438842.59044,1.1641532182693481e-10,-22.074170352458843,66.2551895118574,-3.187413850042192e-05,-0.00050317914149894,0.0005041876725434235,False,183.6245873843111
2020-11-08 15:00:00,989032.2141,2438845.15886,0.0,-22.074178397293295,66.25516274079094,-0.0028224155834296683,-0.010999200544464119,0.011355546765476615,False,194.39169624829896
2020-11-08 15:30:00,989044.36248,2438861.59692,0.0,-22.074289000284406,66.2549813132591,5.964319153774623e-05,0.002110391287328142,0.002111233927334283,False,1.6188437579044148
2020-11-08 16:30:00,989027.63288,2438834.71915,1.1641532182693481e-10,-22.074171384955132,66.25526717097851,0.00047683265708594127,0.0018143789139700426,0.0018759904654136038,False,14.724793341044801
2020-11-08 19:30:00,989028.18069,2438839.96546,1.1641532182693481e-10,-22.074139513497048,66.25522073302515,-9.009063643755606e-05,-9.63680145760456e-05,0.0001319208740383903,False,223.07178975482861
2020-11-08 22:00:00,989030.00299,2438835.81701,1.1641532182693481e-10,-22.0742102199118,66.25524968589278,-0.000152091056645787,0.0003587262616366322,0.0003896360100137377,False,337.02425746507924
2020-11-09 00:30:00,989028.29104,2438832.95288,0.0,-22.074199114518226,66.25527990350834,-0.0012944573165584014,2.0293669829204043e-05,0.0012946163823413922,False,270.8981728264454
2020-11-09 01:00:00,989030.43654,2438832.04339,0.0,-22.074249841500656,66.25528023823482,0.0004932228710966066,-0.0013988925457574467,0.001483296718512021,False,160.57832018133928
2020-11-09 02:00:00,989028.66173,2438840.9541,9.385703304198744e-10,-22.074141129818603,66.25521068095087,0.000448688826043373,-0.001064727723234736,0.0011554076281731934,False,157.1488681778509
2020-11-09 03:00:00,989030.32373,2438840.36156,1.1641532182693481e-10,-22.07417950881044,66.25520998923659,-0.0004998353324490817,-1.6600930667358497e-05,0.000500110938156232,False,268.0977460110961
2020-11-09 03:30:00,989031.19668,2438840.02283,2.3283064365386963e-10,-22.074199892045073,66.2552098594775,-9.040901816757471e-05,0.0008076801176279574,0.0008127244077653482,False,353.6130886236508
2020-11-09 04:30:00,989029.13708,2438836.13632,2.3283064365386963e-10,-22.074190137564973,66.255249956323,-0.0001514532275326445,0.0003549910551907798,0.0003859491279890632,False,336.89498707044135
2020-11-09 06:00:00,989031.25917,2438836.54985,9.313225746154785e-10,-22.074229567628358,66.25523913665256,-0.00034205480656188526,0.0026246296738708583,0.0026468249688363483,False,352.57477816695155
2020-11-09 07:30:00,989021.90784,2438808.47984,4.656612873077393e-10,-22.074270564233696,66.25550970957066,0.0005471801586384218,-0.00033461390976471147,0.0006413833445105937,False,121.44679513695064
2020-11-09 09:30:00,989026.45454,2438843.04793,1.1641532182693481e-10,-22.074079468542088,66.25520050126195,0.00025965318507366103,-0.0025324420258037764,0.0025457184429107695,False,174.14587738095105
2020-11-09 10:30:00,989029.58755,2438834.87925,2.3283064365386963e-10,-22.074209510821028,66.25525907998525,-0.00015788118236692334,0.0014617701864351924,0.001470271589093782,False,353.8355600284996
2020-11-09 12:00:00,989022.82722,2438830.32236,4.799926683327254e-10,-22.074110403054565,66.25532105786482,-0.00016023830522286266,-0.005363948889444107,0.005366341770986019,False,181.71109926600366
2020-11-09 14:30:00,989060.75339,2438905.5911,0.0,-22.074259741534643,66.25455126988955,0.00011951974164299152,-0.000147467162187167,0.00018981973702948717,False,140.97579448877184
2020-11-09 18:30:00,989021.53228,2438834.57119,4.799926683327254e-10,-22.07404951486504,66.25528943643195,0.00013949114913836165,0.003797578351029023,0.00380013935440429,False,2.103620223642281
2020-11-09 20:00:00,989029.9364,2438836.94865,0.0,-22.07419961772004,66.25524030538165,-0.0010236166924782338,-0.0008996597872961971,0.0013627834993123148,False,228.68766426585998
2020-11-09 20:30:00,989030.79639,2438837.80421,0.0,-22.07420996819741,66.2552300783988,-0.00026412518115091,-0.0006200200298358137,0.0006739339349784995,False,203.0737424304216
2020-11-09 23:30:00,989031.21527,2438838.83419,0.0,-22.07420999217452,66.25521988933147,-2.8158787361581794e-05,0.00020002771115112513,0.00020200000627235813,False,351.98687553977555
2020-11-10 01:00:00,989030.00134,2438834.62986,0.0,-22.07421989952673,66.25525977279418,-0.00015222643798247455,0.0008478875267676092,0.0008614442213335262,False,349.82177253073235
2020-11-10 02:00:00,989029.6171,2438831.2477,0.0,-22.074239819281875,66.25528981716165,-0.0002541575857704025,0.0009107333849160556,0.0009455323245692322,False,344.4072222220264
2020-11-10 10:30:00,989033.72303,2438842.50595,2.3283064365386963e-10,-22.074230545285168,66.2551800727667,0.0006167468097463942,0.0004794206981867692,0.000781166328756075,False,52.14072155489902
2020-11-10 13:00:00,989026.95766,2438840.59345,1.1641532182693481e-10,-22.07410970072163,66.25521961198243,-0.000761775135997795,0.001817022159898312,0.0019702464027085507,False,337.2544381564373
2020-11-10 13:30:00,989026.99922,2438837.04725,1.1641532182693481e-10,-22.074139553003505,66.25524958303548,-0.0007617760827036846,0.00181702176299752,0.001970246402708551,False,337.25440830415533
2020-11-10 19:00:00,989025.29502,2438837.67613,0.0,-22.074100025234806,66.25525011146716,-8.242420929957802e-05,-4.720067107886349e-05,9.49823858878882e-05,False,240.20215595267183
2020-11-11 02:00:00,989031.23465,2438837.62169,2.3283064365386963e-10,-22.07422030346593,66.25523011908184,-3.5121137000087386e-05,-6.0263588304157846e-05,6.975094507941765e-05,False,210.23329004376052
2020-11-11 05:30:00,989027.38136,2438839.2882,0.0,-22.07412892802707,66.25522923698857,-1.0673585324448304e-08,0.00036387109455259783,0.00036387109470914427,False,359.9983193185709
2020-11-11 07:00:00,989028.77342,2438831.55204,4.656612873077393e-10,-22.07422030787606,66.25529013816559,-0.00033022683361709384,0.0006230318129840655,0.0007051371509365985,False,332.07497635148184
2020-11-11 07:30:00,989027.8989,2438834.23766,1.1641532182693481e-10,-22.07418069135146,66.255270343658,0.0010109388859901947,-0.0012000602271735883,0.0015691214038598225,False,139.888985767588
2020-11-11 13:00:00,989027.7507,2438842.5693,4.799926683327254e-10,-22.07410953468782,66.25520010211056,-6.288296536940038e-05,-0.00038041538050147543,0.0003855776563232516,False,189.386161881053
2020-11-11 15:30:00,989033.69449,2438843.70994,2.3283064365386963e-10,-22.074220118833356,66.25516994682758,0.00013788995850028373,0.0001646972735905195,0.0002147995171860505,False,39.937174452577324
2020-11-11 18:30:00,989023.9951,2438840.57337,5.206251464550825e-10,-22.07405009497318,66.25522998482518,0.00020928434364213047,0.00016556761277161826,0.00026685683594880957,False,51.652012684325996
2020-11-11 21:00:00,989028.62243,2438842.22927,0.0,-22.074129903937067,66.2551999876029,-0.0003435812876725086,-4.124733151037234e-05,0.000346048325520332,False,263.1543370670168
2020-11-12 01:30:00,989032.40931,2438838.28279,4.656612873077393e-10,-22.074238593442665,66.25522045978889,-0.0013351686781378261,-0.0012505275853147324,0.0018293426799573132,False,226.87487076688512
2020-11-12 02:00:00,989035.48237,2438839.46556,9.385703304198744e-10,-22.074290915640795,66.25519983282373,0.0013222001971640877,0.0005533655449320515,0.001433327173990188,False,67.28977676290151
2020-11-12 02:30:00,989027.24965,2438838.22552,9.385703304198744e-10,-22.07413496524971,66.255238714798,0.0012855166459624816,0.0007623502181620367,0.0014945671286959088,False,59.33077818835852
2020-11-12 04:00:00,989024.84234,2438837.85734,1.1641532182693481e-10,-22.07408940975026,66.25525013155838,0.0001552861329238454,0.00027730316563682995,0.00031782200797089136,False,29.24825381936205
2020-11-12 07:00:00,989023.23018,2438835.00789,9.599853366654507e-10,-22.07408019737927,66.25527988085005,3.918044978472394e-05,0.00030059626120595653,0.00030313894486906976,False,7.426205509657962
2020-11-12 17:00:00,989030.7935,2438840.17968,0.0,-22.07419047455151,66.25520991597391,0.0006841493277249936,0.0006035413869887524,0.0009123171095813494,False,48.581975229792704
2020-11-12 18:30:00,989026.1451,2438838.54784,9.313225746154785e-10,-22.074110043689338,66.25523978147459,0.00021198003058609755,0.0006079934127563423,0.0006438878188957971,False,19.221371931252918
2020-11-12 19:30:00,989026.96914,2438835.82581,4.656612873077393e-10,-22.074148939558974,66.25526005903716,-0.000713183575262261,-0.00047727498760950077,0.0008581504680541229,False,236.2088661816527
2020-11-12 21:00:00,989033.70752,2438840.11628,4.799926683327254e-10,-22.074249783898928,66.25520041913822,0.00012212244826208628,-0.000534743690859258,0.000548511355655749,False,167.13565818452116
2020-11-12 23:30:00,989028.23332,2438843.62255,2.3283064365386963e-10,-22.074110654281338,66.25518949592968,0.0005626710694050194,0.0009698016953456126,0.0011212109795398066,False,30.12195900509863
2020-11-13 02:00:00,989017.76162,2438827.74562,0.0,-22.074029285467176,66.2553603840949,-0.0003777325113637741,0.00030876167295639147,0.0004878684462311673,False,309.26284753363905
2020-11-13 03:30:00,989031.60307,2438837.45816,0.0,-22.0742290743341,66.2552302390152,-0.0014308848031060009,-0.001222789304097525,0.0018821915423184242,False,229.48383769717537
2020-11-13 04:30:00,989033.8314,2438833.10439,0.0,-22.0743096524645,66.2552595371216,-0.0010281034060594012,0.0008881112783527164,0.0013585794994361716,False,310.82158842921103
2020-11-13 08:30:00,989030.96755,2438823.6442,0.0,-22.07432927475656,66.25534973501199,-0.0012783425763104115,4.793427548265304e-05,0.0012792409613415242,False,272.14742559374827
2020-11-13 09:00:00,989033.06747,2438822.6995,4.799926683327254e-10,-22.074379370383113,66.25535052565937,-0.0010226747397238001,-0.001769301842890736,0.002043597963036198,False,210.02835585997195
2020-11-13 09:30:00,989036.77302,2438828.16319,4.799926683327254e-10,-22.074409427736875,66.25529136717033,-0.00019687274515932222,-0.0003058991711182754,0.00036377627833245995,False,212.7648079213845
2020-11-13 11:00:00,989035.20876,2438824.20782,0.0,-22.074410230540632,66.25533034292727,0.0001214607382879489,-1.3837575857321168e-05,0.0001222464291955423,False,96.49947506712448
2020-11-13 11:30:00,989036.00005,2438828.58417,0.0,-22.074390388594377,66.2552904541878,0.0005117413822844098,-0.0012386609112825127,0.0013402089745564246,False,157.55248245459603
2020-11-13 12:00:00,989035.17734,2438829.03247,4.656612873077393e-10,-22.07437012241576,66.25528948049717,0.0002564615232504441,0.00029451699575023204,0.00039052883849170506,False,41.04891925696228
2020-11-13 12:30:00,989034.74601,2438827.9486,1.1641532182693481e-10,-22.07437028824113,66.25530017006908,0.00026066809434531116,3.1509220010068824e-06,0.0002606871376172451,False,89.3074498034511
2020-11-13 13:00:00,989034.30346,2438829.37462,0.0,-22.07434969237029,66.255289584442,-0.0006186152085347008,0.0017803185388426117,0.0018847331047066383,False,340.83896673501624
2020-11-13 13:30:00,989034.40116,2438821.17233,4.799926683327254e-10,-22.07441877283338,66.25535890133156,-0.0017628029911917853,0.004202398254255846,0.00455715102592917,False,337.2431458406696
2020-11-13 15:30:00,989036.43693,2438828.43726,1.1641532182693481e-10,-22.07440040469428,66.25529019721164,0.00016519127009609737,-0.0005943522626833204,0.0006168814860836273,False,164.46752878656196
2020-11-13 16:30:00,989035.1602,2438827.79127,1.1641532182693481e-10,-22.07437993182521,66.25530007972013,0.00017141878079300187,-0.00019793666642999995,0.00026184598970765293,False,139.10650621758202
2020-11-13 17:00:00,989035.98081,2438829.77564,0.0,-22.074380252092105,66.25528040255489,0.00025490314780611127,-0.0012120522123837743,0.0012385661792192883,False,168.12337129648847
2020-11-13 17:30:00,989035.94962,2438832.17967,0.0,-22.074359953636407,66.25526009508589,-0.0005065780402474412,0.00018960508262356034,0.0005408986949675745,False,290.5201726288208
2020-11-13 18:30:00,989038.13103,2438827.79879,4.656612873077393e-10,-22.07443980721671,66.25528978491286,-0.00037993874714447673,0.00045435550791840507,0.0005922772823243404,False,320.09713718314424
2020-11-13 19:30:00,989037.25524,2438828.12006,9.313225746154785e-10,-22.074419509472236,66.25529007275746,-0.000498538603560359,-0.00038478433085154093,0.0006297616378510055,False,232.33815878417326
2020-11-13 20:00:00,989041.40667,2438828.71259,4.656612873077393e-10,-22.07449841712626,66.25527074430066,-0.001799309584702391,-0.0021222819542906918,0.0027823723106568266,False,220.29188984614282
2020-11-13 20:30:00,989046.12921,2438832.76589,1.1641532182693481e-10,-22.074560531451063,66.25522006037906,0.0006002796186144984,-0.00034033289020494404,0.0006900449961264977,False,119.55138371696268
2020-11-13 21:00:00,989039.86452,2438830.66011,3.4924596548080444e-10,-22.07445136987583,66.25525951696099,0.0016700356393275038,0.0012139912823699727,0.002064653450411065,False,53.98564565402296
2020-11-13 21:30:00,989038.91536,2438830.97531,4.656612873077393e-10,-22.074429641572618,66.25526010902534,-0.00010024097267569144,1.8282422575664753e-05,0.00010189455126847508,False,280.33626531732284
2020-11-13 22:00:00,989040.1742,2438830.4635,4.656612873077393e-10,-22.07445922632364,66.25526012008203,-0.00017810567454938902,-0.00040939624054937883,0.0004464604272302952,False,203.51119495919247
2020-11-13 23:00:00,989040.63745,2438832.66255,4.656612873077393e-10,-22.07445058029087,66.25523985054546,0.0003343449651613564,-7.10350879230629e-06,0.0003344204173879206,False,91.21712570299292
2020-11-13 23:30:00,989038.5155,2438831.17756,2.3283064365386963e-10,-22.074419919588834,66.25525976857023,-0.00023305532035223362,0.0006182100838264303,0.0006606803236733816,False,339.34435890166185
2020-11-14 00:00:00,989040.57856,2438830.28483,4.799926683327254e-10,-22.074468846169484,66.25526024479736,-0.0001440288496138187,-1.2749786074661956e-05,0.00014459206951292192,False,264.94122384747834
2020-11-14 01:30:00,989039.51099,2438830.87291,4.799926683327254e-10,-22.07444249628694,66.25525892736594,0.0008339036607272602,0.0010533578602184345,0.0013434872895038063,False,38.36733005951902
2020-11-14 02:00:00,989032.16436,2438825.51301,1.1641532182693481e-10,-22.07433813045404,66.25532974362393,-0.0018604554169161104,0.0009642175343896156,0.002095473648595202,False,297.3963355172243
2020-11-14 02:30:00,989044.41317,2438825.13914,1.1641532182693481e-10,-22.07458831093553,66.2552907359414,-0.001619888161371727,-0.0018038474884325788,0.0024244387838996467,False,221.92442155162047
2020-11-14 03:00:00,989040.00895,2438829.33924,1.1641532182693481e-10,-22.074465090845315,66.25527023631497,0.001013511139798966,-0.00042571179176118554,0.001099288570003854,False,112.78418917666056
2020-11-14 04:00:00,989040.20533,2438829.32627,3.4924596548080444e-10,-22.074469158951846,66.25526967015999,-0.00013381463321112598,0.0004014818310023444,0.00042319501023337124,False,341.5666751568333
2020-11-14 04:30:00,989039.86382,2438827.0586,0.0,-22.074480822566457,66.2552901031611,0.000996910344156466,-0.0002828682497575916,0.0010362647736013642,False,105.84102153422293
2020-11-14 05:00:00,989037.26223,2438831.61869,0.0,-22.074391025500603,66.25526033853339,0.0012917552957349137,-0.0009156037558101022,0.0015833388714083792,False,125.32923870450884
2020-11-14 05:30:00,989036.79312,2438831.86079,4.656612873077393e-10,-22.074379580347355,66.2552598981546,-0.0005681310677694718,-8.380556495592959e-06,0.0005681928756083237,False,269.1548856920398
2020-11-14 07:00:00,989041.0756,2438830.13734,0.0,-22.07448008073561,66.25525978556102,-0.0005758951560798028,0.0003010243162500367,0.0006498237220739041,False,297.59637475379
2020-11-14 07:30:00,989039.82109,2438828.29401,0.0,-22.07446985260487,66.2552797592944,-0.00024924577665256647,0.0006232296011672923,0.00067122171668554,False,338.2022413093967
2020-11-14 08:00:00,989041.06393,2438827.72097,1.1641532182693481e-10,-22.074499615550206,66.25528034540446,-0.0005085972577541252,-0.0006025147431385569,0.0007884764969828443,False,220.1685203679888
2020-11-14 08:30:00,989042.33298,2438829.61597,1.1641532182693481e-10,-22.074509714248762,66.25525988281757,-0.0003891169677494148,0.00028360453549835087,0.00048150134698226384,False,306.08611288971906
2020-11-14 09:00:00,989041.97837,2438826.24839,1.1641532182693481e-10,-22.074530112862924,66.25528970128991,0.00023415136554603633,0.0006266916732879954,0.0006690062147361422,False,20.48724109532577
2020-11-14 09:30:00,989040.70396,2438827.84205,4.656612873077393e-10,-22.074491362459852,66.25528055687089,0.0005238775651404616,-1.4458296092472226e-05,0.0005240770416488364,False,91.5808829584438
2020-11-14 10:00:00,989040.25022,2438827.00539,0.0,-22.074489053589563,66.2552892243278,,,,False,
